# Blender 4.3.2
# www.blender.org
mtllib 剑2.mtl
o Ob4
v 0.972674 0.557925 0.155470
v 0.951700 0.557925 0.155470
v 0.951703 1.227559 0.155428
v 0.972669 1.227559 0.155428
v 0.983161 0.557925 0.173608
v 0.983152 1.227559 0.173608
v 0.972674 0.557925 0.191747
v 0.972669 1.227559 0.191788
v 0.951729 0.557925 0.191703
v 0.951756 1.227559 0.191710
v 0.941240 0.557925 0.173585
v 0.941270 1.227559 0.173567
v 0.951700 0.557925 0.155470
v 0.951703 1.227559 0.155428
v 0.972602 1.230677 0.190909
v 0.977989 1.231873 0.180052
v 0.941240 0.559048 0.173585
v 0.951700 0.559048 0.155470
v 0.951697 0.118418 0.155511
v 0.941211 0.118418 0.173604
v 0.951729 0.559048 0.191703
v 0.951703 0.118418 0.191697
v 0.972674 0.559048 0.191747
v 0.972679 0.118418 0.191706
v 0.983161 0.559048 0.173608
v 0.983170 0.118418 0.173608
v 0.972674 0.559048 0.155470
v 0.972679 0.118418 0.155511
v 0.951700 0.559048 0.155470
v 0.951697 0.118418 0.155511
v 0.977989 1.232630 0.180052
v 0.972602 1.231435 0.190909
v 0.941211 0.120334 0.173604
v 0.951697 0.120334 0.155511
v 0.951696 -0.026680 0.155522
v 0.941203 -0.026680 0.173608
v 0.951703 0.120334 0.191697
v 0.951696 -0.026680 0.191695
v 0.972679 0.120334 0.191706
v 0.972681 -0.026680 0.191695
v 0.983170 0.120334 0.173608
v 0.983173 -0.026680 0.173608
v 0.972679 0.120334 0.155511
v 0.972681 -0.026680 0.155522
v 0.951697 0.120334 0.155511
v 0.951696 -0.026680 0.155522
v 0.974495 1.239127 0.178343
v 0.979561 1.237075 0.170504
v 0.979561 1.237833 0.170504
v 0.974495 1.239884 0.178343
v 0.974952 1.469392 0.152070
v 0.949621 1.469392 0.152070
v 0.936956 1.469392 0.173479
v 0.987617 1.469392 0.173479
v 0.974952 1.469392 0.194887
v 0.949621 1.469392 0.194887
v 0.940770 -0.054344 0.173608
v 0.951544 -0.054344 0.156050
v 0.973091 -0.054344 0.156050
v 0.983865 -0.054344 0.173608
v 0.973091 -0.054344 0.191166
v 0.951544 -0.054344 0.191166
v 0.949759 -0.031615 0.152620
v 0.951696 -0.026680 0.155522
v 0.972681 -0.026680 0.155522
v 0.974876 -0.031615 0.152620
v 0.983173 -0.026680 0.173608
v 0.948422 -0.049101 0.150957
v 0.973091 -0.054344 0.156050
v 0.951544 -0.054344 0.156050
v 0.976213 -0.049101 0.150957
v 0.983865 -0.054344 0.173608
v 0.987436 -0.031615 0.173608
v 0.990109 -0.049101 0.173608
v 0.973091 -0.054344 0.191166
v 0.974876 -0.031615 0.194597
v 0.972681 -0.026680 0.191695
v 0.976213 -0.049101 0.196259
v 0.951544 -0.054344 0.191166
v 0.949759 -0.031615 0.194597
v 0.951696 -0.026680 0.191695
v 0.941203 -0.026680 0.173608
v 0.948422 -0.049101 0.196259
v 0.940770 -0.054344 0.173608
v 0.937199 -0.031615 0.173608
v 0.951696 -0.026680 0.155522
v 0.949759 -0.031615 0.152620
v 0.934526 -0.049101 0.173608
v 0.948422 -0.049101 0.150957
v 0.951544 -0.054344 0.156050
v 0.950493 1.413751 0.153047
v 0.950905 1.426989 0.153404
v 0.973953 1.426989 0.153404
v 0.974124 1.413751 0.153047
v 0.985477 1.426989 0.173479
v 0.974127 1.229042 0.153031
v 0.950485 1.229042 0.153031
v 0.951703 1.225017 0.155428
v 0.972669 1.225017 0.155428
v 0.985947 1.229042 0.173546
v 0.983152 1.225017 0.173608
v 0.985938 1.413751 0.173544
v 0.973953 1.426989 0.193554
v 0.974127 1.229042 0.194061
v 0.972669 1.225017 0.191788
v 0.974124 1.413751 0.194040
v 0.950905 1.426989 0.193554
v 0.950550 1.228973 0.193966
v 0.951756 1.225017 0.191710
v 0.950558 1.404712 0.193945
v 0.938725 1.228973 0.173495
v 0.941270 1.225017 0.173567
v 0.951703 1.225017 0.155428
v 0.950485 1.229042 0.153031
v 0.938738 1.404712 0.173493
v 0.950493 1.413751 0.153047
v 0.935112 1.414736 0.173447
v 0.939381 1.426989 0.173479
v 0.950905 1.426989 0.153404
v 0.935355 1.415014 0.184371
v 0.939706 1.415097 0.190127
v 0.950938 1.414604 0.194856
v 0.946831 1.446920 0.147357
v 0.949621 1.469392 0.152070
v 0.974952 1.469392 0.152070
v 0.977742 1.446920 0.147357
v 0.950905 1.426989 0.153404
v 0.973953 1.426989 0.153404
v 0.993197 1.446920 0.173479
v 0.987617 1.469392 0.173479
v 0.985477 1.426989 0.173479
v 0.974952 1.469392 0.194887
v 0.973953 1.426989 0.193554
v 0.977742 1.446920 0.199600
v 0.949621 1.469392 0.194887
v 0.950905 1.426989 0.193554
v 0.946831 1.446920 0.199600
v 0.931376 1.446920 0.173479
v 0.936956 1.469392 0.173479
v 0.939381 1.426989 0.173479
v 0.949621 1.469392 0.152070
v 0.950905 1.426989 0.153404
v 0.946831 1.446920 0.147357
v 0.939509 1.469392 0.173495
v 0.948988 1.469392 0.190492
v 0.953630 1.504380 0.187368
v 0.941948 1.504380 0.173620
v 0.975560 1.469392 0.190393
v 0.950713 1.530163 0.187142
v 0.936004 1.528872 0.173642
v 0.970942 1.504380 0.187304
v 0.984914 1.469392 0.173327
v 0.982522 1.504380 0.173470
v 0.973857 1.530163 0.187056
v 0.988466 1.528872 0.173448
v 0.930108 1.553637 0.185111
v 0.924985 1.544214 0.173705
v 0.912873 1.551329 0.173749
v 0.929263 1.566248 0.185739
v 0.926728 1.632649 0.173698
v 0.948655 1.555945 0.196479
v 0.952707 1.575509 0.194368
v 0.953767 1.645471 0.190756
v 0.971862 1.575509 0.194258
v 0.975924 1.555945 0.196323
v 0.994435 1.553637 0.184835
v 0.999485 1.544214 0.173385
v 1.011597 1.551329 0.173342
v 0.995284 1.566248 0.185455
v 0.997742 1.632649 0.173392
v 0.970812 1.645471 0.190683
v 0.962278 1.769053 0.187099
v 0.978118 1.829427 0.173477
v 0.962235 1.916433 0.173545
v 0.946352 1.829427 0.173613
v 0.962235 1.916433 0.173545
v 0.962192 1.769053 0.159992
v 0.946352 1.829427 0.173613
v 0.978118 1.829427 0.173477
v 0.926728 1.632649 0.173698
v 0.997742 1.632649 0.173392
v 0.953658 1.645471 0.156407
v 0.970703 1.645471 0.156334
v 0.952605 1.575509 0.151646
v 0.971760 1.575509 0.151536
v 0.995211 1.566248 0.162538
v 1.011597 1.551329 0.173342
v 0.975815 1.555945 0.150611
v 0.994362 1.553637 0.161979
v 0.999485 1.544214 0.173385
v 0.988466 1.528872 0.173448
v 0.973757 1.530163 0.159949
v 0.982522 1.504380 0.173470
v 0.970840 1.504380 0.159722
v 0.984914 1.469392 0.173327
v 0.975434 1.469392 0.156329
v 0.953527 1.504380 0.159786
v 0.948862 1.469392 0.156428
v 0.939509 1.469392 0.173495
v 0.941948 1.504380 0.173620
v 0.950613 1.530163 0.160034
v 0.936004 1.528872 0.173642
v 0.930035 1.553637 0.162256
v 0.924985 1.544214 0.173705
v 0.912873 1.551329 0.173749
v 0.948546 1.555945 0.150768
v 0.929190 1.566248 0.162822
vn 0.5031 0.0033 -0.8642
vn -0.0000 -0.0001 -1.0000
vn 0.0116 -0.0001 -0.9999
vn 1.0000 0.0034 0.0039
vn 0.5031 -0.0000 -0.8642
vn 0.0117 -0.0023 -0.9999
vn 0.8663 -0.0000 -0.4995
vn 1.0000 -0.0000 -0.0000
vn 0.4989 0.0002 0.8667
vn 1.0000 -0.0000 0.0039
vn 0.8604 -0.0000 0.5096
vn -0.5038 0.0033 0.8638
vn 0.4989 -0.0000 0.8667
vn 0.8604 -0.0023 0.5096
vn -0.0037 -0.0000 1.0000
vn -0.5014 0.0001 0.8652
vn -1.0000 -0.0000 0.0006
vn -0.5038 -0.0000 0.8638
vn -0.5014 -0.0000 0.8652
vn -1.0000 -0.0000 0.0010
vn -0.8660 -0.0000 -0.5000
vn -0.8668 -0.0000 -0.4986
vn -1.0000 -0.0000 0.0005
vn -0.8652 -0.0000 -0.5014
vn -1.0000 -0.0000 0.0001
vn -0.5004 -0.0000 0.8658
vn -0.4994 -0.0000 0.8664
vn 0.4988 -0.0000 0.8667
vn 0.4991 -0.0000 0.8666
vn 0.4997 -0.0000 -0.8662
vn 0.4993 -0.0001 -0.8665
vn -0.8650 -0.0000 -0.5018
vn -1.0000 -0.0000 -0.0000
vn -0.4993 -0.0000 0.8664
vn -0.4991 -0.0000 0.8665
vn 0.4991 -0.0000 0.8665
vn 0.4992 -0.0000 -0.8665
vn 0.4991 -0.0001 -0.8665
vn -0.0000 1.0000 -0.0000
vn -0.0000 -1.0000 -0.0000
vn -0.0000 0.2786 -0.9604
vn -0.0000 0.5069 -0.8620
vn 0.3804 0.5886 -0.7133
vn 0.4677 0.3442 -0.8141
vn 0.7609 0.6489 -0.0000
vn -0.0000 -0.2775 -0.9607
vn 0.3142 -0.7511 -0.5806
vn -0.0000 -0.6968 -0.7173
vn 0.4704 -0.3148 -0.8244
vn 0.6431 -0.7658 0.0001
vn 0.9225 0.3861 -0.0022
vn 0.9509 -0.3094 -0.0019
vn 0.3142 -0.7511 0.5806
vn 0.4656 0.3457 0.8147
vn 0.3804 0.5887 0.7133
vn 0.4949 -0.2851 0.8209
vn -0.5974 -0.6883 0.4114
vn -0.4661 0.3371 0.8180
vn -0.3962 0.5759 0.7151
vn -0.7807 0.6249 -0.0000
vn -0.0000 -0.6968 0.7173
vn -0.4822 -0.3880 0.7854
vn -0.4627 -0.2910 0.8374
vn -0.6431 -0.7658 -0.0001
vn -0.5184 -0.7334 0.4398
vn -0.9273 0.3743 0.0021
vn -0.7304 0.5358 -0.4237
vn -0.8136 0.3185 -0.4864
vn -0.9509 -0.3094 0.0019
vn -0.8180 -0.2812 -0.5018
vn -0.5981 -0.7125 -0.3669
vn -0.0000 0.0134 -0.9999
vn -0.0000 0.0269 -0.9996
vn 0.5015 0.0297 -0.8646
vn 0.5002 0.0151 -0.8658
vn 0.9994 0.0342 -0.0022
vn 0.4821 -0.2753 -0.8317
vn -0.0000 -0.2418 -0.9703
vn -0.0000 -0.5117 -0.8592
vn 0.4066 -0.5716 -0.7127
vn 0.9615 -0.2748 -0.0013
vn 0.8214 -0.5704 0.0043
vn 0.9999 0.0171 0.0005
vn 0.5022 0.0388 0.8639
vn 0.4830 -0.2676 0.8337
vn 0.4064 -0.5568 0.7245
vn 0.5030 0.0179 0.8641
vn -0.3355 0.2592 0.9057
vn -0.4825 -0.2612 0.8360
vn -0.4270 -0.5426 0.7234
vn -0.4114 -0.1326 0.9018
vn -0.9655 -0.2603 -0.0006
vn -0.8411 -0.5409 0.0065
vn -0.7557 -0.4889 -0.4358
vn -0.8446 -0.2242 -0.4861
vn -0.9687 -0.2298 -0.0942
vn -0.8488 0.0181 -0.5284
vn -0.9574 -0.0058 -0.2887
vn -0.9055 0.3933 -0.1594
vn -0.8665 0.0404 -0.4975
vn -0.9166 0.0102 0.3996
vn -0.7148 0.0326 0.6985
vn -0.1753 0.0095 0.9845
vn -0.0000 -0.0373 -0.9993
vn -0.0000 0.2053 -0.9787
vn 0.4801 0.2368 -0.8446
vn 0.4969 -0.0481 -0.8665
vn -0.0000 -0.2903 -0.9569
vn 0.4636 -0.3404 -0.8180
vn 0.9985 -0.0545 -0.0000
vn 0.9705 0.2410 -0.0000
vn 0.9325 -0.3612 -0.0000
vn 0.4802 0.2368 0.8446
vn 0.4636 -0.3404 0.8180
vn 0.4969 -0.0481 0.8665
vn -0.4801 0.2368 0.8446
vn -0.4590 -0.3461 0.8183
vn -0.4981 -0.0510 0.8656
vn -0.9982 -0.0601 -0.0000
vn -0.9705 0.2410 -0.0000
vn -0.9280 -0.3727 -0.0000
vn -0.8416 0.2090 -0.4980
vn -0.8179 -0.3196 -0.4784
vn -0.8595 -0.0511 -0.5086
vn -0.8363 0.1259 0.5337
vn -0.5172 0.1439 0.8437
vn -0.4088 0.0311 0.9121
vn -0.7430 -0.0343 0.6685
vn 0.5232 0.1432 0.8401
vn -0.3443 -0.2466 0.9059
vn -0.6282 -0.3303 0.7045
vn 0.4157 0.0308 0.9090
vn 0.8403 0.1248 0.5275
vn 0.7479 -0.0348 0.6629
vn 0.3512 -0.2458 0.9034
vn 0.6337 -0.3297 0.6998
vn -0.5284 -0.2733 0.8038
vn -0.5111 -0.5357 0.6722
vn -0.5507 -0.2397 0.7995
vn -0.5303 0.0667 0.8452
vn -0.5402 0.0723 0.8384
vn -0.2461 -0.1104 0.9629
vn -0.2027 0.1136 0.9726
vn -0.2914 0.0519 0.9552
vn 0.2117 0.1133 0.9707
vn 0.2540 -0.1098 0.9609
vn 0.5340 -0.2725 0.8003
vn 0.5165 -0.5353 0.6684
vn 0.5564 -0.2397 0.7956
vn 0.5359 0.0666 0.8417
vn 0.5465 0.0720 0.8344
vn 0.2994 0.0517 0.9527
vn 0.0040 0.0646 0.9979
vn 0.4626 0.0779 0.8831
vn 0.0043 0.0916 0.9958
vn -0.4554 0.0780 0.8869
vn -0.0043 0.0916 -0.9958
vn 0.3841 0.0614 -0.9212
vn -0.4520 0.0818 -0.8882
vn 0.4554 0.0780 -0.8869
vn -0.5520 0.0747 -0.8305
vn -0.5288 0.0524 -0.8471
vn 0.5457 0.0750 -0.8346
vn -0.3007 0.0590 -0.9519
vn -0.5524 0.0750 -0.8302
vn 0.2928 0.0591 -0.9543
vn -0.2389 0.0889 -0.9670
vn 0.2300 0.0892 -0.9691
vn 0.5392 0.0796 -0.8384
vn 0.5374 -0.2243 -0.8130
vn 0.2611 -0.1255 -0.9571
vn 0.5374 -0.2350 -0.8099
vn 0.5111 -0.5357 -0.6722
vn 0.6282 -0.3303 -0.7045
vn 0.3443 -0.2466 -0.9059
vn 0.7430 -0.0325 -0.6686
vn 0.4094 0.0343 -0.9117
vn 0.8360 0.1289 -0.5334
vn 0.5155 0.1495 -0.8438
vn -0.4159 0.0346 -0.9087
vn -0.5219 0.1502 -0.8397
vn -0.8398 0.1300 -0.5271
vn -0.7479 -0.0320 -0.6630
vn -0.3512 -0.2458 -0.9034
vn -0.6337 -0.3297 -0.6998
vn -0.5430 -0.2343 -0.8064
vn -0.5165 -0.5353 -0.6684
vn -0.5432 -0.2243 -0.8091
vn -0.2690 -0.1249 -0.9550
vn -0.5447 0.0795 -0.8348
vt 0.415700 0.011400
vt 0.446454 0.011300
vt 0.446454 0.989700
vt 0.415700 0.989700
vt 0.381500 0.011400
vt 0.381500 0.989700
vt 0.347300 0.011400
vt 0.347300 0.989700
vt 0.316000 0.011500
vt 0.316000 0.989700
vt 0.282800 0.011500
vt 0.282800 0.989700
vt 0.249300 0.011500
vt 0.249300 0.989700
vt 0.515300 0.990200
vt 0.481700 0.990200
vt 0.481700 0.012000
vt 0.515300 0.011900
vt 0.548400 0.990200
vt 0.548400 0.012000
vt 0.579800 0.990200
vt 0.579800 0.011900
vt 0.614000 0.990100
vt 0.614000 0.011800
vt 0.648200 0.990100
vt 0.648200 0.011700
vt 0.679300 0.990100
vt 0.679300 0.011700
vt 0.057500 0.667900
vt 0.023300 0.667900
vt 0.023300 0.401900
vt 0.057500 0.401900
vt 0.091400 0.667900
vt 0.091400 0.401900
vt 0.123300 0.667900
vt 0.123300 0.401800
vt 0.158300 0.667900
vt 0.158300 0.401700
vt 0.193200 0.667900
vt 0.193200 0.401700
vt 0.224900 0.667900
vt 0.224900 0.401600
vt 0.769524 0.988075
vt 0.719296 0.987588
vt 0.694306 0.940057
vt 0.794839 0.939772
vt 0.769968 0.892347
vt 0.719586 0.891809
vt 0.883300 0.934800
vt 0.907200 0.890400
vt 0.955100 0.890300
vt 0.979200 0.934500
vt 0.955300 0.978900
vt 0.907400 0.979000
vt 0.087000 0.384200
vt 0.102900 0.371800
vt 0.102900 0.317100
vt 0.087000 0.319500
vt 0.102900 0.257100
vt 0.036600 0.384200
vt 0.013000 0.308100
vt 0.013000 0.360500
vt 0.036600 0.319500
vt 0.013000 0.253400
vt 0.087000 0.258500
vt 0.036600 0.258500
vt 0.013000 0.199500
vt 0.087000 0.199800
vt 0.102900 0.199400
vt 0.036600 0.199800
vt 0.013000 0.145600
vt 0.087000 0.140100
vt 0.102900 0.144600
vt 0.102900 0.082600
vt 0.036600 0.140100
vt 0.013000 0.089400
vt 0.087000 0.078800
vt 0.102900 0.022700
vt 0.087000 0.013800
vt 0.036600 0.078800
vt 0.036600 0.013800
vt 0.013000 0.035600
vt 0.225800 0.962900
vt 0.225800 0.982200
vt 0.194044 0.982208
vt 0.194140 0.962974
vt 0.159286 0.982201
vt 0.194155 0.697551
vt 0.225800 0.697562
vt 0.225800 0.692500
vt 0.194100 0.692500
vt 0.159154 0.697538
vt 0.159100 0.692500
vt 0.159202 0.962967
vt 0.124335 0.982210
vt 0.123819 0.697501
vt 0.124100 0.692500
vt 0.124789 0.963089
vt 0.093995 0.981766
vt 0.092444 0.697426
vt 0.092200 0.692500
vt 0.092203 0.951322
vt 0.058386 0.697434
vt 0.058400 0.692500
vt 0.024100 0.692500
vt 0.024121 0.697477
vt 0.058317 0.950751
vt 0.024172 0.963643
vt 0.060556 0.965250
vt 0.060354 0.981467
vt 0.024165 0.982299
vt 0.072258 0.965685
vt 0.080210 0.965587
vt 0.094696 0.964732
vt 0.178838 0.013691
vt 0.225467 0.028994
vt 0.224903 0.086348
vt 0.179138 0.079340
vt 0.132208 0.034976
vt 0.132493 0.089730
vt 0.178898 0.140276
vt 0.225079 0.142071
vt 0.132726 0.143657
vt 0.225402 0.197997
vt 0.132662 0.196901
vt 0.178705 0.198945
vt 0.225543 0.251582
vt 0.132351 0.250377
vt 0.178752 0.252660
vt 0.178662 0.314839
vt 0.225621 0.307868
vt 0.132369 0.308073
vt 0.226083 0.369430
vt 0.132153 0.367464
vt 0.178637 0.387116
vt 0.769806 0.014327
vt 0.813152 0.014536
vt 0.816100 0.092800
vt 0.771900 0.088800
vt 0.871681 0.015557
vt 0.804700 0.150600
vt 0.756800 0.141300
vt 0.867100 0.093400
vt 0.914689 0.016471
vt 0.910900 0.090200
vt 0.876800 0.151800
vt 0.924700 0.142900
vt 0.744100 0.209000
vt 0.719400 0.181600
vt 0.694500 0.204100
vt 0.749300 0.237000
vt 0.726800 0.384000
vt 0.793700 0.213900
vt 0.802800 0.257800
vt 0.813900 0.410200
vt 0.875900 0.258700
vt 0.885800 0.215300
vt 0.936100 0.211700
vt 0.960800 0.185200
vt 0.986300 0.208200
vt 0.930300 0.239500
vt 0.950200 0.387100
vt 0.861900 0.410900
vt 0.834800 0.619800
vt 0.882000 0.776400
vt 0.831100 0.956600
vt 0.785000 0.775100
vt 0.831100 0.955300
vt 0.835500 0.618800
vt 0.882000 0.775100
vt 0.785000 0.773900
vt 0.950200 0.385900
vt 0.726800 0.382800
vt 0.862100 0.409600
vt 0.814200 0.409000
vt 0.876300 0.257300
vt 0.803300 0.256300
vt 0.749400 0.235600
vt 0.694500 0.202800
vt 0.794000 0.212500
vt 0.744200 0.207700
vt 0.719400 0.180300
vt 0.756800 0.140000
vt 0.804500 0.149200
vt 0.771900 0.087500
vt 0.815800 0.091500
vt 0.769725 0.013109
vt 0.812581 0.013190
vt 0.866900 0.092100
vt 0.870591 0.014341
vt 0.913574 0.015127
vt 0.910900 0.089000
vt 0.876700 0.150300
vt 0.924700 0.141700
vt 0.936200 0.210300
vt 0.960800 0.184000
vt 0.986300 0.206900
vt 0.886100 0.213700
vt 0.930400 0.238100
s 1
usemtl 材质.005
f 1/1/1 2/2/2 3/3/2
f 3/3/2 4/4/3 1/1/2
f 5/5/4 1/1/5 4/4/6
f 4/4/7 6/6/8 5/5/7
f 7/7/9 5/5/10 6/6/8
f 6/6/8 8/8/11 7/7/9
f 9/9/12 7/7/13 8/8/14
f 8/8/15 10/10/16 9/9/15
f 11/11/17 9/9/18 10/10/19
f 10/10/19 12/12/20 11/11/17
f 13/13/21 11/11/17 12/12/20
f 12/12/20 14/14/22 13/13/21
f 17/15/23 18/16/21 19/17/24
f 19/17/24 20/18/25 17/15/23
f 21/19/26 17/15/23 20/18/25
f 20/18/25 22/20/27 21/19/26
f 23/21/28 21/19/26 22/20/27
f 22/20/27 24/22/29 23/21/28
f 25/23/8 23/21/28 24/22/29
f 24/22/29 26/24/8 25/23/8
f 27/25/30 25/23/8 26/24/8
f 26/24/8 28/26/31 27/25/30
f 29/27/2 27/25/30 28/26/31
f 28/26/31 30/28/2 29/27/2
f 33/29/25 34/30/24 35/31/32
f 35/31/32 36/32/33 33/29/25
f 37/33/34 33/29/25 36/32/33
f 36/32/33 38/34/35 37/33/34
f 39/35/29 37/33/34 38/34/35
f 38/34/35 40/36/36 39/35/29
f 41/37/8 39/35/29 40/36/36
f 40/36/36 42/38/8 41/37/8
f 43/39/37 41/37/8 42/38/8
f 42/38/8 44/40/38 43/39/37
f 45/41/2 43/39/37 44/40/38
f 44/40/38 46/42/2 45/41/2
f 51/43/39 52/44/39 53/45/39
f 53/45/39 54/46/39 51/43/39
f 55/47/39 54/46/39 53/45/39
f 53/45/39 56/48/39 55/47/39
f 57/49/40 58/50/40 59/51/40
f 59/51/40 60/52/40 57/49/40
f 57/49/40 60/52/40 61/53/40
f 61/53/40 62/54/40 57/49/40
f 63/55/41 64/56/42 65/57/43
f 65/57/43 66/58/44 63/55/41
f 66/58/44 65/57/43 67/59/45
f 68/60/46 63/55/41 66/58/44
f 69/61/47 70/62/48 68/60/46
f 68/60/46 71/63/49 69/61/47
f 66/58/44 71/63/49 68/60/46
f 72/64/50 69/61/47 71/63/49
f 71/63/49 66/58/44 73/65/51
f 67/59/45 73/65/51 66/58/44
f 71/63/49 74/66/52 72/64/50
f 73/65/51 74/66/52 71/63/49
f 75/67/53 72/64/50 74/66/52
f 76/68/54 73/65/51 67/59/45
f 74/66/52 73/65/51 76/68/54
f 67/59/45 77/69/55 76/68/54
f 74/66/52 78/70/56 75/67/53
f 76/68/54 78/70/56 74/66/52
f 79/71/57 75/67/53 78/70/56
f 80/72/58 76/68/54 77/69/55
f 78/70/56 76/68/54 80/72/58
f 77/69/55 81/73/59 80/72/58
f 80/72/58 81/73/59 82/74/60
f 78/70/61 83/75/62 79/71/61
f 80/72/58 83/75/63 78/70/56
f 84/76/64 79/71/65 83/75/63
f 82/74/60 85/77/66 80/72/58
f 83/75/63 80/72/58 85/77/66
f 82/74/60 86/78/67 87/79/68
f 87/79/68 85/77/66 82/74/60
f 85/77/66 88/80/69 83/75/63
f 88/80/69 85/77/66 87/79/68
f 83/75/63 88/80/69 84/76/64
f 87/79/68 89/81/70 88/80/69
f 90/82/71 84/76/64 88/80/69
f 88/80/69 89/81/70 90/82/71
f 91/83/72 92/84/73 93/85/74
f 93/85/74 94/86/75 91/83/72
f 94/86/75 93/85/74 95/87/76
f 91/83/72 94/86/75 96/88/77
f 96/88/77 97/89/78 91/83/72
f 98/90/79 97/89/78 96/88/77
f 96/88/77 99/91/80 98/90/79
f 99/91/80 96/88/77 100/92/81
f 100/92/81 96/88/77 94/86/75
f 100/92/81 101/93/82 99/91/80
f 94/86/75 102/94/83 100/92/81
f 95/87/76 102/94/83 94/86/75
f 102/94/83 95/87/76 103/95/84
f 101/93/82 100/92/81 104/96/85
f 104/96/85 100/92/81 102/94/83
f 104/96/85 105/97/86 101/93/82
f 103/95/84 106/98/87 102/94/83
f 102/94/83 106/98/87 104/96/85
f 106/98/87 103/95/84 107/99/88
f 105/97/86 104/96/85 108/100/89
f 108/100/89 109/101/90 105/97/86
f 110/102/91 108/100/89 104/96/85
f 104/96/85 106/98/87 110/102/91
f 109/101/90 108/100/89 111/103/92
f 111/103/92 108/100/89 110/102/91
f 111/103/92 112/104/93 109/101/90
f 113/105/94 112/104/93 111/103/92
f 111/103/92 114/106/95 113/105/94
f 114/106/95 111/103/92 115/107/96
f 110/102/91 115/107/96 111/103/92
f 115/107/96 116/108/97 114/106/95
f 115/107/96 117/109/98 116/108/97
f 118/110/99 119/111/100 116/108/97
f 117/109/98 118/110/99 116/108/97
f 117/109/98 115/107/96 120/112/101
f 120/112/101 118/110/99 117/109/98
f 120/112/101 115/107/96 110/102/91
f 118/110/99 120/112/101 121/113/102
f 110/102/91 121/113/102 120/112/101
f 121/113/102 107/99/88 118/110/99
f 121/113/102 110/102/91 122/114/103
f 122/114/103 107/99/88 121/113/102
f 122/114/103 110/102/91 106/98/87
f 106/98/87 107/99/88 122/114/103
f 123/115/104 124/116/105 125/117/106
f 125/117/106 126/118/107 123/115/104
f 127/119/108 123/115/104 126/118/107
f 126/118/107 128/120/109 127/119/108
f 129/121/110 126/118/107 125/117/106
f 128/120/109 126/118/107 129/121/110
f 125/117/106 130/122/111 129/121/110
f 129/121/110 131/123/112 128/120/109
f 129/121/110 130/122/111 132/124/113
f 133/125/114 131/123/112 129/121/110
f 132/124/113 134/126/115 129/121/110
f 129/121/110 134/126/115 133/125/114
f 134/126/115 132/124/113 135/127/116
f 136/128/117 133/125/114 134/126/115
f 135/127/116 137/129/118 134/126/115
f 134/126/115 137/129/118 136/128/117
f 138/130/119 137/129/118 135/127/116
f 136/128/117 137/129/118 138/130/119
f 135/127/116 139/131/120 138/130/119
f 138/130/119 140/132/121 136/128/117
f 138/130/119 139/131/120 141/133/122
f 142/134/123 140/132/121 138/130/119
f 141/133/122 143/135/124 138/130/119
f 138/130/119 143/135/124 142/134/123
f 144/136/125 145/137/126 146/138/127
f 146/138/127 147/139/128 144/136/125
f 146/138/127 145/137/126 148/140/129
f 147/139/128 146/138/127 149/141/130
f 149/141/130 150/142/131 147/139/128
f 148/140/129 151/143/132 146/138/127
f 149/141/130 146/138/127 151/143/132
f 151/143/132 148/140/129 152/144/133
f 152/144/133 153/145/134 151/143/132
f 154/146/135 151/143/132 153/145/134
f 151/143/132 154/146/135 149/141/130
f 153/145/134 155/147/136 154/146/135
f 156/148/137 150/142/131 149/141/130
f 156/148/137 157/149/138 150/142/131
f 156/148/137 158/150/139 157/149/138
f 158/150/139 156/148/137 159/151/140
f 158/150/139 159/151/140 160/152/141
f 149/141/130 161/153/142 156/148/137
f 159/151/140 156/148/137 161/153/142
f 161/153/142 149/141/130 154/146/135
f 162/154/143 160/152/141 159/151/140
f 161/153/142 162/154/143 159/151/140
f 160/152/141 162/154/143 163/155/144
f 164/156/145 162/154/143 161/153/142
f 163/155/144 162/154/143 164/156/145
f 154/146/135 165/157/146 161/153/142
f 161/153/142 165/157/146 164/156/145
f 166/158/147 165/157/146 154/146/135
f 154/146/135 155/147/136 166/158/147
f 167/159/148 166/158/147 155/147/136
f 167/159/148 168/160/149 166/158/147
f 165/157/146 166/158/147 169/161/150
f 166/158/147 168/160/149 169/161/150
f 169/161/150 164/156/145 165/157/146
f 169/161/150 168/160/149 170/162/151
f 164/156/145 169/161/150 170/162/151
f 170/162/151 171/163/152 164/156/145
f 164/156/145 171/163/152 163/155/144
f 172/164/153 171/163/152 170/162/151
f 171/163/152 172/164/153 163/155/144
f 170/162/151 173/165/154 172/164/153
f 160/152/141 163/155/144 172/164/153
f 173/165/154 174/166/155 172/164/153
f 172/164/153 175/167/156 160/152/141
f 174/166/155 175/167/156 172/164/153
f 176/168/157 177/169/158 178/170/159
f 177/169/158 176/168/157 179/171/160
f 180/172/161 178/170/162 177/169/162
f 177/169/158 179/171/160 181/173/163
f 177/169/158 182/174/164 180/172/165
f 181/173/163 183/175/166 177/169/158
f 182/174/164 177/169/158 183/175/166
f 182/174/164 184/176/167 180/172/165
f 184/176/167 182/174/164 183/175/166
f 185/177/168 183/175/166 181/173/163
f 183/175/166 185/177/168 184/176/167
f 185/177/168 181/173/163 186/178/169
f 181/173/163 187/179/170 186/178/169
f 188/180/171 185/177/168 186/178/169
f 184/176/167 185/177/168 188/180/171
f 187/179/170 189/181/172 186/178/169
f 186/178/169 189/181/172 188/180/171
f 189/181/172 187/179/170 190/182/173
f 189/181/172 190/182/173 191/183/174
f 189/181/172 191/183/174 192/184/175
f 192/184/175 188/180/171 189/181/172
f 192/184/175 191/183/174 193/185/176
f 193/185/176 194/186/177 192/184/175
f 194/186/177 193/185/176 195/187/178
f 195/187/178 196/188/179 194/186/177
f 197/189/180 194/186/177 196/188/179
f 192/184/175 194/186/177 197/189/180
f 196/188/179 198/190/181 197/189/180
f 197/189/180 198/190/181 199/191/182
f 199/191/182 200/192/183 197/189/180
f 201/193/184 197/189/180 200/192/183
f 197/189/180 201/193/184 192/184/175
f 200/192/183 202/194/185 201/193/184
f 188/180/171 192/184/175 201/193/184
f 201/193/184 202/194/185 203/195/186
f 204/196/187 203/195/186 202/194/185
f 204/196/187 205/197/188 203/195/186
f 201/193/184 206/198/189 188/180/171
f 203/195/186 206/198/189 201/193/184
f 188/180/171 206/198/189 184/176/167
f 205/197/188 207/199/190 203/195/186
f 206/198/189 203/195/186 207/199/190
f 207/199/190 184/176/167 206/198/189
f 205/197/188 180/172/165 207/199/190
f 180/172/165 184/176/167 207/199/190
o Ob1
v -1.150964 1.133785 -0.285335
v -1.123330 1.133969 -0.272643
v -1.106561 0.396170 -0.272643
v -1.106561 0.396170 -0.272643
v -1.123330 1.133969 -0.272643
v -1.150964 1.133785 -0.259951
v -1.138399 0.367364 -0.287671
v -1.138399 0.367364 -0.257615
v -1.164715 1.133622 -0.285335
v -1.102865 0.338307 -0.272643
v -1.102865 0.338307 -0.272643
v -1.164715 1.133622 -0.259951
v -1.133634 0.293955 -0.287671
v -1.095675 0.294693 -0.272643
v -1.078922 0.239361 -0.272643
v -1.118383 0.239072 -0.287671
v -1.150972 0.238906 -0.287671
v -1.157199 0.293326 -0.287671
v -1.192044 0.238533 -0.302760
v -1.159410 0.367606 -0.287671
v -1.192046 1.133396 -0.292549
v -1.192045 0.367171 -0.300950
v -1.219413 1.133622 -0.285335
v -1.192044 0.292331 -0.302637
v -1.224717 0.367606 -0.287671
v -1.233164 1.133779 -0.285335
v -1.226929 0.293326 -0.287671
v -1.233156 0.238906 -0.287671
v -1.245729 0.367364 -0.287671
v -1.250493 0.293955 -0.287671
v -1.267773 0.239072 -0.287671
v -1.277567 0.396170 -0.272643
v -1.260798 1.133969 -0.272643
v -1.281263 0.338307 -0.272643
v -1.288453 0.294693 -0.272643
v -1.305206 0.239361 -0.272643
v -1.151539 0.152380 -0.272643
v -1.163409 0.152380 -0.243988
v -1.220719 0.152380 -0.243988
v -1.192064 0.152380 -0.232118
v -1.220719 0.152380 -0.243988
v -1.232589 0.152380 -0.272643
v -1.151539 0.152380 -0.272643
v -1.220719 0.152380 -0.301299
v -1.163409 0.152380 -0.301299
v -1.192064 0.152381 -0.313168
v -1.155400 0.246909 -0.335257
v -1.192064 0.246909 -0.338383
v -1.228728 0.246909 -0.335257
v -1.262094 0.246910 -0.326128
v -1.122034 0.246910 -0.326128
v -1.289046 0.246911 -0.311742
v -1.095082 0.246911 -0.311742
v -1.306820 0.246912 -0.293333
v -1.077308 0.246912 -0.293333
v -1.313125 0.246915 -0.272643
v -1.071003 0.246915 -0.272643
v -1.077308 0.246912 -0.251953
v -1.306820 0.246912 -0.251953
v -1.095082 0.246911 -0.233544
v -1.289046 0.246911 -0.233544
v -1.122034 0.246910 -0.219158
v -1.262094 0.246910 -0.219158
v -1.155400 0.246909 -0.210029
v -1.228728 0.246909 -0.210029
v -1.192064 0.246909 -0.206903
v -1.229559 0.223054 -0.208609
v -1.154569 0.223054 -0.208609
v -1.192064 0.223054 -0.205410
v -1.120452 0.223053 -0.217950
v -1.263676 0.223053 -0.217950
v -1.092904 0.223052 -0.232666
v -1.291224 0.223052 -0.232666
v -1.309381 0.223050 -0.251491
v -1.074747 0.223050 -0.251491
v -1.068310 0.223048 -0.272643
v -1.315818 0.223048 -0.272643
v -1.309381 0.223050 -0.293795
v -1.074747 0.223050 -0.293795
v -1.092904 0.223052 -0.312620
v -1.291224 0.223052 -0.312620
v -1.263676 0.223053 -0.327337
v -1.120452 0.223053 -0.327337
v -1.229559 0.223054 -0.336677
v -1.154569 0.223054 -0.336677
v -1.192064 0.223054 -0.339876
v -1.118383 0.239072 -0.257615
v -1.078922 0.239361 -0.272643
v -1.095675 0.294693 -0.272643
v -1.133634 0.293955 -0.257615
v -1.150972 0.238906 -0.257615
v -1.157199 0.293326 -0.257615
v -1.192044 0.238533 -0.242526
v -1.159410 0.367606 -0.257615
v -1.192046 1.133396 -0.252736
v -1.192045 0.367171 -0.244336
v -1.219413 1.133622 -0.259951
v -1.192044 0.292331 -0.242649
v -1.224717 0.367606 -0.257615
v -1.233164 1.133779 -0.259951
v -1.226929 0.293326 -0.257615
v -1.233156 0.238906 -0.257615
v -1.245729 0.367364 -0.257615
v -1.250493 0.293955 -0.257615
v -1.267773 0.239072 -0.257615
v -1.288453 0.294693 -0.272643
v -1.305206 0.239361 -0.272643
v -1.281263 0.338307 -0.272643
v -1.277567 0.396170 -0.272643
v -1.260798 1.133969 -0.272643
v -1.193105 0.349388 -0.244051
v -1.192221 0.349387 -0.243008
v -1.191029 0.349388 -0.244051
v -1.192416 0.344331 -0.241554
v -1.193105 0.349388 -0.244051
v -1.189274 0.344331 -0.244494
v -1.194860 0.344331 -0.244495
v -1.193864 0.241041 -0.232068
v -1.177819 0.241065 -0.246965
v -1.206315 0.241065 -0.246965
v -1.193105 0.349388 -0.301235
v -1.191029 0.349388 -0.301235
v -1.192221 0.349387 -0.302278
v -1.192416 0.344331 -0.303732
v -1.193105 0.349388 -0.301235
v -1.189274 0.344331 -0.300792
v -1.194860 0.344331 -0.300792
v -1.193864 0.241041 -0.313218
v -1.177819 0.241065 -0.298322
v -1.206315 0.241065 -0.298322
v -1.237024 -0.337347 -0.317603
v -1.255646 -0.337347 -0.272643
v -1.243467 -0.315958 -0.272643
v -1.228411 -0.315958 -0.308991
v -1.192064 -0.337347 -0.336226
v -1.238467 -0.277498 -0.272643
v -1.226230 0.160833 -0.272643
v -1.216223 0.160833 -0.296802
v -1.224876 -0.277498 -0.305455
v -1.192064 0.160833 -0.306809
v -1.192064 -0.315958 -0.324046
v -1.147104 -0.337347 -0.317603
v -1.192064 -0.277498 -0.319046
v -1.167905 0.160833 -0.296802
v -1.155716 -0.315958 -0.308991
v -1.128481 -0.337347 -0.272643
v -1.140661 -0.315958 -0.272643
v -1.159252 -0.277498 -0.305455
v -1.145661 -0.277498 -0.272643
v -1.157898 0.160833 -0.272643
v -1.147104 -0.337347 -0.227684
v -1.128481 -0.337347 -0.272643
v -1.140661 -0.315958 -0.272643
v -1.155716 -0.315958 -0.236296
v -1.192064 -0.337347 -0.209061
v -1.145661 -0.277498 -0.272643
v -1.157898 0.160833 -0.272643
v -1.167905 0.160833 -0.248484
v -1.159252 -0.277498 -0.239832
v -1.192064 0.160833 -0.238478
v -1.192064 -0.315958 -0.221240
v -1.237024 -0.337347 -0.227684
v -1.192064 -0.277498 -0.226241
v -1.216223 0.160833 -0.248484
v -1.228411 -0.315958 -0.236296
v -1.255646 -0.337347 -0.272643
v -1.243467 -0.315958 -0.272643
v -1.224876 -0.277498 -0.239832
v -1.238467 -0.277498 -0.272643
v -1.226230 0.160833 -0.272643
v -1.260798 1.133969 -0.272643
v -1.248072 1.931400 -0.272643
v -1.218011 1.931545 -0.283892
v -1.233164 1.133779 -0.285335
v -1.241344 2.064231 -0.272643
v -1.212485 1.931558 -0.283892
v -1.219413 1.133622 -0.285335
v -1.214501 2.064339 -0.281840
v -1.235953 2.221959 -0.272642
v -1.192046 1.133396 -0.292549
v -1.211226 2.223102 -0.279788
v -1.221698 2.277887 -0.272642
v -1.207975 2.064353 -0.281840
v -1.192047 1.931658 -0.289911
v -1.205611 2.223171 -0.279788
v -1.171643 1.931558 -0.283892
v -1.164715 1.133622 -0.285335
v -1.192049 2.064456 -0.287703
v -1.176153 2.064353 -0.281840
v -1.192049 2.223654 -0.283305
v -1.192043 2.255076 -0.279788
v -1.178517 2.223171 -0.279788
v -1.192075 2.263573 -0.279788
v -1.192053 2.337666 -0.272642
v -1.162430 2.277887 -0.272642
v -1.172902 2.223102 -0.279788
v -1.148175 2.221959 -0.272642
v -1.169626 2.064339 -0.281840
v -1.142784 2.064231 -0.272643
v -1.166116 1.931545 -0.283892
v -1.136056 1.931400 -0.272643
v -1.123330 1.133969 -0.272643
v -1.150964 1.133785 -0.285335
v -1.218011 1.931545 -0.261393
v -1.248072 1.931400 -0.272643
v -1.260798 1.133969 -0.272643
v -1.233164 1.133779 -0.259951
v -1.241344 2.064231 -0.272643
v -1.212485 1.931558 -0.261393
v -1.219413 1.133622 -0.259951
v -1.214501 2.064339 -0.263445
v -1.235953 2.221959 -0.272642
v -1.192046 1.133396 -0.252736
v -1.211226 2.223102 -0.265497
v -1.221698 2.277887 -0.272642
v -1.207975 2.064353 -0.263445
v -1.192047 1.931658 -0.255374
v -1.171643 1.931558 -0.261393
v -1.164715 1.133622 -0.259951
v -1.192049 2.064456 -0.257582
v -1.166116 1.931545 -0.261393
v -1.150964 1.133785 -0.259951
v -1.123330 1.133969 -0.272643
v -1.136056 1.931400 -0.272643
v -1.142784 2.064231 -0.272643
v -1.169626 2.064339 -0.263445
v -1.148175 2.221959 -0.272642
v -1.176153 2.064353 -0.263445
v -1.172902 2.223102 -0.265497
v -1.162430 2.277887 -0.272642
v -1.178517 2.223171 -0.265497
v -1.192049 2.223654 -0.261980
v -1.192043 2.255076 -0.265497
v -1.205611 2.223171 -0.265497
v -1.192075 2.263573 -0.265497
v -1.192053 2.337666 -0.272642
v -1.192064 0.223054 -0.339876
v -1.192064 0.246909 -0.338383
v -1.155400 0.246909 -0.335257
v -1.228728 0.246909 -0.335257
v -1.154569 0.223054 -0.336677
v -1.229559 0.223054 -0.336677
v -1.122034 0.246910 -0.326128
v -1.262094 0.246910 -0.326128
v -1.120452 0.223053 -0.327337
v -1.263676 0.223053 -0.327337
v -1.095082 0.246911 -0.311742
v -1.289046 0.246911 -0.311742
v -1.092904 0.223052 -0.312620
v -1.291224 0.223052 -0.312620
v -1.077308 0.246912 -0.293333
v -1.306820 0.246912 -0.293333
v -1.074747 0.223050 -0.293795
v -1.309381 0.223050 -0.293795
v -1.071003 0.246915 -0.272643
v -1.313125 0.246915 -0.272643
v -1.068310 0.223048 -0.272643
v -1.315818 0.223048 -0.272643
v -1.074747 0.223050 -0.251491
v -1.309381 0.223050 -0.251491
v -1.077308 0.246912 -0.251953
v -1.306820 0.246912 -0.251953
v -1.092904 0.223052 -0.232666
v -1.291224 0.223052 -0.232666
v -1.095082 0.246911 -0.233544
v -1.289046 0.246911 -0.233544
v -1.120452 0.223053 -0.217950
v -1.263676 0.223053 -0.217950
v -1.122034 0.246910 -0.219158
v -1.262094 0.246910 -0.219158
v -1.154569 0.223054 -0.208609
v -1.229559 0.223054 -0.208609
v -1.155400 0.246909 -0.210029
v -1.228728 0.246909 -0.210029
v -1.192064 0.223054 -0.205410
v -1.192064 0.246909 -0.206903
v -1.144021 0.187036 -0.272643
v -1.151539 0.152380 -0.272643
v -1.163409 0.152380 -0.301299
v -1.163409 0.152380 -0.243988
v -1.158092 0.187036 -0.306615
v -1.192064 0.152381 -0.313168
v -1.158092 0.187036 -0.238672
v -1.192064 0.152380 -0.232118
v -1.129057 0.221692 -0.272643
v -1.147511 0.221692 -0.228091
v -1.147511 0.221692 -0.317196
v -1.192064 0.187036 -0.224600
v -1.192064 0.221692 -0.209636
v -1.220719 0.152380 -0.243988
v -1.226035 0.187036 -0.238672
v -1.236616 0.221692 -0.228091
v -1.232589 0.152380 -0.272643
v -1.240107 0.187036 -0.272643
v -1.255071 0.221692 -0.272643
v -1.236616 0.221692 -0.317196
v -1.226035 0.187036 -0.306615
v -1.220719 0.152380 -0.301299
v -1.192064 0.221692 -0.335650
v -1.192064 0.187036 -0.320686
v -1.250998 -0.337347 -0.213710
v -1.259002 -0.350128 -0.205705
v -1.228290 -0.350128 -0.185185
v -1.269065 -0.337347 -0.240749
v -1.279523 -0.350128 -0.236417
v -1.223958 -0.337347 -0.195643
v -1.192064 -0.350128 -0.177979
v -1.237024 -0.337347 -0.227684
v -1.192064 -0.337347 -0.189299
v -1.155837 -0.350128 -0.185185
v -1.192064 -0.337347 -0.209061
v -1.255646 -0.337347 -0.272643
v -1.160169 -0.337347 -0.195643
v -1.147104 -0.337347 -0.227684
v -1.125126 -0.350128 -0.205705
v -1.133130 -0.337347 -0.213710
v -1.104605 -0.350128 -0.236417
v -1.115063 -0.337347 -0.240749
v -1.128481 -0.337347 -0.272643
v -1.097399 -0.350128 -0.272643
v -1.108719 -0.337347 -0.272643
v -1.104605 -0.350128 -0.308870
v -1.115063 -0.337347 -0.304538
v -1.147104 -0.337347 -0.317603
v -1.125126 -0.350128 -0.339581
v -1.133130 -0.337347 -0.331577
v -1.155837 -0.350128 -0.360102
v -1.160169 -0.337347 -0.349644
v -1.192064 -0.337347 -0.336226
v -1.192064 -0.350128 -0.367308
v -1.192064 -0.337347 -0.355988
v -1.228291 -0.350128 -0.360102
v -1.223959 -0.337347 -0.349644
v -1.237024 -0.337347 -0.317603
v -1.259002 -0.350128 -0.339581
v -1.250998 -0.337347 -0.331577
v -1.279523 -0.350128 -0.308870
v -1.269065 -0.337347 -0.304538
v -1.286729 -0.350128 -0.272643
v -1.275409 -0.337347 -0.272643
v -1.259002 -0.356943 -0.205705
v -1.259002 -0.350128 -0.205705
v -1.279523 -0.350128 -0.236417
v -1.279523 -0.356943 -0.236417
v -1.286729 -0.350128 -0.272643
v -1.228290 -0.356943 -0.185185
v -1.228290 -0.350128 -0.185185
v -1.286729 -0.356943 -0.272643
v -1.279523 -0.350128 -0.308870
v -1.279523 -0.356943 -0.308870
v -1.259002 -0.350128 -0.339581
v -1.261187 -0.375085 -0.244012
v -1.259002 -0.356943 -0.339581
v -1.228291 -0.350128 -0.360102
v -1.266882 -0.375085 -0.272643
v -1.261187 -0.375085 -0.301275
v -1.232333 -0.383676 -0.255963
v -1.228291 -0.356943 -0.360102
v -1.192064 -0.350128 -0.367308
v -1.244969 -0.375085 -0.325548
v -1.192064 -0.356943 -0.367308
v -1.155837 -0.350128 -0.360102
v -1.220696 -0.375085 -0.341767
v -1.155837 -0.356943 -0.360102
v -1.125126 -0.350128 -0.339581
v -1.192064 -0.375085 -0.347462
v -1.125126 -0.356943 -0.339581
v -1.104605 -0.350128 -0.308870
v -1.163432 -0.375085 -0.341767
v -1.104605 -0.356943 -0.308870
v -1.097399 -0.350128 -0.272643
v -1.139159 -0.375085 -0.325548
v -1.097399 -0.356943 -0.272643
v -1.104605 -0.350128 -0.236417
v -1.122941 -0.375085 -0.301275
v -1.104605 -0.356943 -0.236417
v -1.125126 -0.350128 -0.205705
v -1.117246 -0.375085 -0.272643
v -1.125126 -0.356943 -0.205705
v -1.155837 -0.350128 -0.185185
v -1.122941 -0.375085 -0.244012
v -1.155837 -0.356943 -0.185185
v -1.192064 -0.350128 -0.177979
v -1.139159 -0.375085 -0.219739
v -1.192064 -0.356943 -0.177979
v -1.163432 -0.375085 -0.203520
v -1.192064 -0.375085 -0.197825
v -1.220696 -0.375085 -0.203520
v -1.175384 -0.383676 -0.232374
v -1.244969 -0.375085 -0.219739
v -1.192064 -0.383676 -0.229057
v -1.208744 -0.383676 -0.232374
v -1.222884 -0.383676 -0.241823
v -1.192064 -0.383676 -0.272643
v -1.235651 -0.383676 -0.272643
v -1.232333 -0.383676 -0.289323
v -1.222885 -0.383676 -0.303464
v -1.208744 -0.383676 -0.312912
v -1.192064 -0.383676 -0.316230
v -1.175384 -0.383676 -0.312912
v -1.161243 -0.383676 -0.303464
v -1.151795 -0.383676 -0.289323
v -1.148477 -0.383676 -0.272643
v -1.151795 -0.383676 -0.255963
v -1.161243 -0.383676 -0.241823
vn 0.2128 0.0064 -0.9771
vn 0.4173 0.0095 -0.9087
vn 0.4160 0.0145 -0.9092
vn 0.4078 0.0253 0.9127
vn 0.4173 0.0095 0.9087
vn 0.2071 0.0115 -0.9783
vn 0.4197 0.0096 0.9076
vn 0.1742 0.0091 0.9847
vn 0.1294 0.0046 -0.9916
vn 0.4078 0.0252 0.9127
vn 0.3974 0.0348 0.9170
vn 0.3974 0.0348 -0.9170
vn 0.4000 0.0260 0.9161
vn -0.0000 0.0030 1.0000
vn 0.1283 0.0039 0.9917
vn 0.1794 0.0338 -0.9832
vn 0.3629 0.0845 -0.9280
vn 0.3532 0.1069 -0.9294
vn 0.2118 0.0621 -0.9753
vn -0.0000 -0.0000 -1.0000
vn 0.1799 0.0056 -0.9837
vn 0.3443 0.0394 -0.9380
vn 0.0003 0.0268 -0.9996
vn 0.1926 0.0062 -0.9813
vn -0.0000 0.0031 -1.0000
vn 0.0021 0.0080 -1.0000
vn 0.1295 0.0039 -0.9916
vn 0.0009 0.0119 -0.9999
vn -0.1300 0.0068 -0.9915
vn 0.0002 0.0122 -0.9999
vn 0.0001 0.0268 -0.9996
vn -0.2570 0.0057 -0.9664
vn -0.0000 0.0030 -1.0000
vn -0.1990 0.0095 -0.9800
vn -0.1883 0.0215 -0.9819
vn -0.2739 0.0143 -0.9617
vn -0.4107 0.0094 -0.9117
vn -0.1774 0.0360 -0.9835
vn -0.1881 0.0215 -0.9819
vn -0.2217 0.0681 -0.9727
vn -0.4108 0.0094 -0.9117
vn -0.4160 0.0146 -0.9092
vn -0.4160 0.0145 -0.9092
vn -0.4173 0.0095 -0.9087
vn -0.3974 0.0348 -0.9170
vn -0.3663 0.0902 -0.9261
vn -0.3695 0.1119 -0.9225
vn -0.0000 -1.0000 -0.0000
vn -0.0000 1.0000 -0.0000
vn -0.0000 1.0000 -0.0001
vn -0.0000 1.0000 0.0001
vn -0.0000 -1.0000 0.0001
vn -0.0000 -1.0000 -0.0001
vn 0.2118 0.0621 0.9753
vn 0.3532 0.1069 0.9294
vn 0.3629 0.0845 0.9280
vn 0.1794 0.0338 0.9832
vn 0.3974 0.0349 0.9170
vn 0.1634 0.0187 0.9864
vn 0.4001 0.0260 0.9161
vn 0.1992 0.0095 0.9799
vn 0.1740 0.0091 0.9847
vn 0.0002 0.0268 0.9996
vn 0.1926 0.0062 0.9813
vn 0.1284 0.0037 0.9917
vn 0.0021 0.0080 1.0000
vn 0.0009 0.0119 0.9999
vn -0.1300 0.0068 0.9915
vn 0.0002 0.0122 0.9999
vn -0.1932 0.0051 0.9812
vn -0.2128 0.0064 0.9771
vn -0.1990 0.0095 0.9800
vn -0.1632 0.0187 0.9864
vn -0.2071 0.0115 0.9783
vn -0.1774 0.0360 0.9835
vn -0.2217 0.0681 0.9727
vn -0.3663 0.0902 0.9261
vn -0.3695 0.1119 0.9225
vn -0.3974 0.0348 0.9170
vn -0.4160 0.0145 0.9092
vn -0.4173 0.0095 0.9087
vn 0.0002 1.0000 0.0006
vn -0.0476 0.6802 0.7315
vn 0.5804 0.4973 0.6449
vn -0.0637 0.1754 0.9824
vn -0.7482 0.2091 0.6297
vn 0.6792 0.1066 0.7262
vn -0.7624 0.1297 0.6339
vn -0.0663 0.0924 0.9935
vn 0.6792 0.0578 0.7317
vn -0.7653 0.0696 0.6398
vn 0.0002 1.0000 -0.0006
vn 0.5804 0.4973 -0.6449
vn -0.0476 0.6802 -0.7315
vn -0.0637 0.1754 -0.9824
vn -0.7482 0.2091 -0.6297
vn 0.6792 0.1066 -0.7262
vn -0.7624 0.1297 -0.6339
vn -0.0663 0.0924 -0.9935
vn 0.6792 0.0578 -0.7317
vn -0.7653 0.0696 -0.6398
vn -0.6145 0.4948 -0.6145
vn -0.8176 0.4656 -0.3387
vn -0.8783 0.3102 -0.3638
vn -0.6668 0.3330 -0.6667
vn -0.0000 0.4948 -0.8690
vn -0.9214 0.0735 -0.3816
vn -0.9236 0.0258 -0.3826
vn -0.7068 0.0279 -0.7068
vn -0.7049 0.0795 -0.7049
vn -0.0000 0.0279 -0.9996
vn -0.0000 0.3330 -0.9429
vn 0.6145 0.4948 -0.6145
vn -0.0000 0.0795 -0.9968
vn 0.7068 0.0279 -0.7068
vn 0.6667 0.3330 -0.6668
vn 0.8176 0.4656 -0.3387
vn 0.8783 0.3102 -0.3638
vn 0.7049 0.0795 -0.7049
vn 0.9214 0.0735 -0.3816
vn 0.9236 0.0258 -0.3826
vn 0.6145 0.4948 0.6145
vn 0.8176 0.4656 0.3387
vn 0.8783 0.3102 0.3638
vn 0.6668 0.3330 0.6667
vn -0.0000 0.4948 0.8690
vn 0.9214 0.0735 0.3816
vn 0.9236 0.0258 0.3826
vn 0.7068 0.0279 0.7068
vn 0.7049 0.0795 0.7049
vn -0.0000 0.0279 0.9996
vn -0.0000 0.3330 0.9429
vn -0.6145 0.4948 0.6145
vn -0.0000 0.0795 0.9968
vn -0.7068 0.0279 0.7068
vn -0.6667 0.3330 0.6668
vn -0.8176 0.4656 0.3387
vn -0.8783 0.3102 0.3638
vn -0.7049 0.0795 0.7049
vn -0.9214 0.0735 0.3816
vn -0.9236 0.0258 0.3826
vn -0.4156 0.0095 -0.9095
vn -0.3505 0.0115 -0.9365
vn -0.1779 0.0105 -0.9840
vn -0.2148 0.0058 -0.9766
vn -0.3262 0.0169 -0.9452
vn -0.1415 0.0113 -0.9899
vn -0.1286 0.0029 -0.9917
vn -0.1628 0.0160 -0.9865
vn -0.2820 0.0411 -0.9585
vn 0.0002 0.0041 -1.0000
vn -0.1506 0.0332 -0.9880
vn -0.2047 0.0897 -0.9747
vn -0.1749 0.0158 -0.9845
vn 0.0002 0.0140 -0.9999
vn -0.1135 0.0298 -0.9931
vn 0.1418 0.0113 -0.9898
vn 0.1288 0.0029 -0.9917
vn 0.0017 0.0199 -0.9998
vn 0.1738 0.0178 -0.9846
vn 0.0018 0.0675 -0.9977
vn -0.0000 0.0143 -0.9999
vn 0.1121 0.0272 -0.9933
vn -0.0001 0.0805 -0.9968
vn -0.0000 0.0960 -0.9954
vn 0.2046 0.0896 -0.9747
vn 0.1506 0.0332 -0.9880
vn 0.2820 0.0411 -0.9585
vn 0.1628 0.0160 -0.9865
vn 0.3262 0.0169 -0.9452
vn 0.1779 0.0105 -0.9840
vn 0.3505 0.0115 -0.9365
vn 0.4156 0.0095 -0.9095
vn 0.2148 0.0058 -0.9766
vn -0.1779 0.0105 0.9840
vn -0.3505 0.0115 0.9365
vn -0.4156 0.0095 0.9095
vn -0.2148 0.0058 0.9766
vn -0.3262 0.0169 0.9452
vn -0.1415 0.0113 0.9899
vn -0.1286 0.0029 0.9917
vn -0.1628 0.0160 0.9865
vn -0.2820 0.0411 0.9585
vn 0.0002 0.0041 1.0000
vn -0.1506 0.0332 0.9880
vn -0.2047 0.0897 0.9747
vn -0.1749 0.0158 0.9845
vn 0.0002 0.0140 0.9999
vn 0.1418 0.0113 0.9898
vn 0.1288 0.0029 0.9917
vn -0.1199 0.0209 0.9926
vn 0.1726 0.0101 0.9849
vn 0.2148 0.0058 0.9766
vn 0.4156 0.0095 0.9095
vn 0.3505 0.0115 0.9365
vn 0.3278 0.0120 0.9447
vn 0.3296 0.0191 0.9439
vn 0.1628 0.0160 0.9865
vn 0.3241 0.0232 0.9457
vn 0.2820 0.0411 0.9585
vn 0.1738 0.0178 0.9846
vn 0.3461 0.0156 0.9381
vn 0.1506 0.0332 0.9880
vn 0.2046 0.0896 0.9747
vn 0.1121 0.0272 0.9933
vn 0.0018 0.0675 0.9977
vn -0.0000 0.0143 0.9999
vn -0.1135 0.0298 0.9931
vn -0.0001 0.0805 0.9968
vn -0.0000 0.0960 0.9954
vn -0.0000 0.0625 -0.9980
vn 0.1734 0.0646 -0.9827
vn -0.1734 0.0646 -0.9827
vn 0.1762 0.0646 -0.9822
vn -0.1762 0.0646 -0.9822
vn 0.3660 0.0713 -0.9279
vn -0.3660 0.0713 -0.9279
vn 0.3717 0.0714 -0.9256
vn -0.3717 0.0714 -0.9256
vn 0.5964 0.0839 -0.7983
vn -0.5964 0.0839 -0.7983
vn 0.6045 0.0842 -0.7921
vn -0.6045 0.0842 -0.7921
vn 0.8546 0.1017 -0.5092
vn -0.8546 0.1017 -0.5092
vn 0.8603 0.1019 -0.4995
vn -0.8603 0.1019 -0.4995
vn 0.9937 0.1123 -0.0000
vn -0.9937 0.1123 -0.0000
vn 0.9937 0.1121 -0.0000
vn -0.9937 0.1121 -0.0000
vn 0.8603 0.1019 0.4995
vn -0.8603 0.1019 0.4995
vn 0.8546 0.1017 0.5092
vn -0.8546 0.1017 0.5092
vn 0.6045 0.0842 0.7921
vn -0.6045 0.0842 0.7921
vn 0.5964 0.0839 0.7983
vn -0.5964 0.0839 0.7983
vn 0.3717 0.0714 0.9256
vn -0.3717 0.0714 0.9256
vn 0.3660 0.0713 0.9279
vn -0.3660 0.0713 0.9279
vn 0.1762 0.0646 0.9822
vn -0.1762 0.0646 0.9822
vn 0.1734 0.0646 0.9827
vn -0.1734 0.0646 0.9827
vn -0.0000 0.0624 0.9980
vn -0.0000 0.0625 0.9980
vn 0.9498 -0.3127 -0.0000
vn 0.9773 -0.2120 -0.0000
vn 0.6910 -0.2120 -0.6910
vn 0.6910 -0.2120 0.6910
vn 0.6716 -0.3127 -0.6716
vn -0.0000 -0.2120 -0.9773
vn 0.6716 -0.3127 0.6716
vn -0.0000 -0.2120 0.9773
vn 0.9181 -0.3964 -0.0000
vn 0.6492 -0.3964 0.6492
vn 0.6492 -0.3964 -0.6492
vn -0.0000 -0.3127 0.9498
vn -0.0000 -0.3964 0.9181
vn -0.6910 -0.2120 0.6910
vn -0.6716 -0.3127 0.6716
vn -0.6492 -0.3964 0.6492
vn -0.9773 -0.2120 -0.0000
vn -0.9498 -0.3128 -0.0000
vn -0.9181 -0.3964 -0.0000
vn -0.6492 -0.3964 -0.6492
vn -0.6716 -0.3127 -0.6716
vn -0.6910 -0.2120 -0.6910
vn -0.0000 -0.3964 -0.9181
vn -0.0000 -0.3127 -0.9498
vn -0.3191 0.8924 0.3191
vn -0.5293 0.6630 0.5293
vn -0.2865 0.6630 0.6916
vn -0.4169 0.8924 0.1727
vn -0.6916 0.6630 0.2865
vn -0.1727 0.8924 0.4169
vn -0.0000 0.6630 0.7486
vn -0.0000 0.8924 0.4513
vn 0.2865 0.6630 0.6916
vn 0.1727 0.8924 0.4169
vn 0.5293 0.6630 0.5293
vn 0.3191 0.8924 0.3191
vn 0.6916 0.6630 0.2865
vn 0.4169 0.8924 0.1727
vn 0.7486 0.6630 -0.0000
vn 0.4513 0.8924 -0.0000
vn 0.6916 0.6630 -0.2865
vn 0.4169 0.8924 -0.1727
vn 0.5293 0.6630 -0.5293
vn 0.3191 0.8924 -0.3191
vn 0.2865 0.6630 -0.6916
vn 0.1727 0.8924 -0.4169
vn -0.0000 0.6630 -0.7486
vn -0.0000 0.8924 -0.4513
vn -0.2865 0.6630 -0.6916
vn -0.1727 0.8924 -0.4169
vn -0.5293 0.6630 -0.5293
vn -0.3191 0.8924 -0.3191
vn -0.6916 0.6630 -0.2865
vn -0.4169 0.8924 -0.1727
vn -0.7486 0.6630 -0.0000
vn -0.4513 0.8924 -0.0000
vn -0.6523 -0.3859 0.6523
vn -0.7071 -0.0000 0.7071
vn -0.9239 -0.0000 0.3827
vn -0.8523 -0.3859 0.3530
vn -1.0000 -0.0000 -0.0000
vn -0.3530 -0.3859 0.8523
vn -0.3827 -0.0000 0.9239
vn -0.9225 -0.3859 -0.0000
vn -0.9239 -0.0000 -0.3827
vn -0.8523 -0.3859 -0.3530
vn -0.7071 -0.0000 -0.7071
vn -0.4667 -0.8630 0.1933
vn -0.6523 -0.3859 -0.6523
vn -0.3827 -0.0000 -0.9239
vn -0.5051 -0.8630 -0.0000
vn -0.4667 -0.8630 -0.1933
vn -0.1387 -0.9887 0.0575
vn -0.3530 -0.3859 -0.8523
vn -0.3572 -0.8630 -0.3572
vn -0.0000 -0.3859 -0.9225
vn 0.3827 -0.0000 -0.9239
vn -0.1933 -0.8630 -0.4667
vn 0.3530 -0.3859 -0.8523
vn 0.7071 -0.0000 -0.7071
vn -0.0000 -0.8630 -0.5051
vn 0.6523 -0.3859 -0.6523
vn 0.9239 -0.0000 -0.3827
vn 0.1933 -0.8630 -0.4667
vn 0.8523 -0.3859 -0.3530
vn 1.0000 -0.0000 -0.0000
vn 0.3572 -0.8630 -0.3572
vn 0.9225 -0.3859 -0.0000
vn 0.9239 -0.0000 0.3827
vn 0.4667 -0.8630 -0.1933
vn 0.8523 -0.3859 0.3530
vn 0.7071 -0.0000 0.7071
vn 0.5694 -0.8219 -0.0156
vn 0.6523 -0.3859 0.6523
vn 0.3827 -0.0000 0.9239
vn 0.5005 -0.8379 0.2179
vn 0.3530 -0.3859 0.8523
vn -0.0000 -0.0000 1.0000
vn 0.3572 -0.8630 0.3572
vn -0.0000 -0.3859 0.9225
vn 0.1933 -0.8630 0.4667
vn -0.0000 -0.8630 0.5051
vn -0.1933 -0.8630 0.4667
vn 0.0575 -0.9887 0.1387
vn -0.3572 -0.8630 0.3572
vn -0.0000 -0.9887 0.1502
vn -0.0575 -0.9887 0.1387
vn -0.1062 -0.9887 0.1062
vn -0.1502 -0.9887 -0.0000
vn -0.1387 -0.9887 -0.0575
vn -0.1062 -0.9887 -0.1062
vn -0.0575 -0.9887 -0.1387
vn -0.0000 -0.9887 -0.1502
vn 0.0575 -0.9887 -0.1387
vn 0.1062 -0.9887 -0.1062
vn 0.1387 -0.9887 -0.0575
vn 0.1326 -0.9911 -0.0080
vn 0.2648 -0.9629 0.0527
vn 0.1387 -0.9887 0.0575
vn 0.1062 -0.9887 0.1062
vt 0.550293 0.276544
vt 0.605276 0.276397
vt 0.638642 0.865679
vt 0.575294 0.888686
vt 0.522932 0.276674
vt 0.645996 0.911893
vt 0.584773 0.947317
vt 0.660302 0.946728
vt 0.693636 0.990922
vt 0.615120 0.991153
vt 0.550277 0.991285
vt 0.537887 0.947820
vt 0.468555 0.991583
vt 0.533486 0.888492
vt 0.468552 0.276854
vt 0.468553 0.888840
vt 0.414099 0.276674
vt 0.468554 0.948614
vt 0.403545 0.888492
vt 0.386738 0.276549
vt 0.399144 0.947820
vt 0.386754 0.991285
vt 0.361737 0.888686
vt 0.352258 0.947317
vt 0.317876 0.991153
vt 0.298389 0.865679
vt 0.331755 0.276397
vt 0.291035 0.911893
vt 0.276730 0.946728
vt 0.243395 0.990922
vt 0.267458 0.851401
vt 0.209217 0.863463
vt 0.209217 0.921705
vt 0.185092 0.892584
vt 0.267458 0.933767
vt 0.591210 0.099499
vt 0.597463 0.136145
vt 0.591210 0.172790
vt 0.572952 0.206134
vt 0.572952 0.066156
vt 0.544186 0.233057
vt 0.544186 0.039233
vt 0.507390 0.250802
vt 0.507390 0.021488
vt 0.466045 0.257093
vt 0.466045 0.015196
vt 0.740289 0.100345
vt 0.740289 0.170566
vt 0.746280 0.135456
vt 0.722796 0.202513
vt 0.722796 0.068399
vt 0.695234 0.228308
vt 0.695235 0.042603
vt 0.659979 0.025601
vt 0.659979 0.245310
vt 0.620367 0.251338
vt 0.620367 0.019573
vt 0.090163 0.020751
vt 0.091229 0.022519
vt 0.094889 0.022222
vt 0.091028 0.026547
vt 0.088368 0.022230
vt 0.099328 0.026214
vt 0.083682 0.026144
vt 0.087703 0.104062
vt 0.129942 0.102512
vt 0.050339 0.102155
vt 0.229360 0.290323
vt 0.298502 0.290323
vt 0.296648 0.312264
vt 0.228357 0.312264
vt 0.160135 0.290323
vt 0.293315 0.351478
vt 0.255324 0.797758
vt 0.206178 0.797758
vt 0.226566 0.351478
vt 0.156987 0.797758
vt 0.159999 0.312264
vt 0.090912 0.290323
vt 0.159756 0.351478
vt 0.107796 0.797758
vt 0.091642 0.312264
vt 0.021749 0.290323
vt 0.023333 0.312264
vt 0.092947 0.351478
vt 0.026181 0.351478
vt 0.058638 0.797758
vt 0.715927 0.990342
vt 0.741247 0.353433
vt 0.801059 0.353317
vt 0.770910 0.990494
vt 0.754634 0.247341
vt 0.812056 0.353307
vt 0.798271 0.990620
vt 0.808043 0.247255
vt 0.765361 0.121363
vt 0.852724 0.990800
vt 0.814561 0.120450
vt 0.793724 0.076693
vt 0.821029 0.247243
vt 0.852721 0.353227
vt 0.825732 0.120395
vt 0.893319 0.353307
vt 0.907104 0.990620
vt 0.852717 0.247161
vt 0.884346 0.247243
vt 0.852717 0.120010
vt 0.852729 0.094912
vt 0.879643 0.120395
vt 0.852664 0.088126
vt 0.852709 0.028948
vt 0.911651 0.076693
vt 0.890814 0.120450
vt 0.940014 0.121363
vt 0.897331 0.247255
vt 0.950740 0.247341
vt 0.904315 0.353317
vt 0.964128 0.353433
vt 0.989448 0.990342
vt 0.934465 0.990489
vt 0.658250 0.416510
vt 0.700963 0.416510
vt 0.700963 0.450133
vt 0.700963 0.382887
vt 0.658250 0.450133
vt 0.658250 0.382887
vt 0.700963 0.481733
vt 0.700963 0.351287
vt 0.658250 0.481733
vt 0.658250 0.351287
vt 0.700963 0.509624
vt 0.700963 0.323397
vt 0.658250 0.509624
vt 0.658250 0.323397
vt 0.700963 0.532952
vt 0.700963 0.300069
vt 0.658250 0.532952
vt 0.658250 0.300069
vt 0.700963 0.552593
vt 0.700963 0.280427
vt 0.658250 0.552593
vt 0.658250 0.280427
vt 0.092383 0.828681
vt 0.158991 0.841416
vt 0.158991 0.868618
vt 0.092383 0.861477
vt 0.158991 0.896674
vt 0.021420 0.811152
vt 0.021420 0.852789
vt 0.092383 0.896697
vt 0.021420 0.896644
vt 0.158991 0.924760
vt 0.092383 0.931894
vt 0.021420 0.940532
vt 0.158991 0.951878
vt 0.092383 0.964642
vt 0.021420 0.982301
vt 0.222634 0.120560
vt 0.210335 0.126710
vt 0.178805 0.103116
vt 0.264179 0.134440
vt 0.257523 0.142475
vt 0.194874 0.099788
vt 0.167733 0.075285
vt 0.244104 0.109825
vt 0.185126 0.075285
vt 0.178805 0.047454
vt 0.215490 0.075285
vt 0.313184 0.124132
vt 0.194874 0.050782
vt 0.244104 0.040745
vt 0.210335 0.023860
vt 0.222633 0.030009
vt 0.257523 0.008095
vt 0.264179 0.016130
vt 0.313184 0.026438
vt 0.313184 0.002560
vt 0.313184 0.011256
vt 0.368845 0.008095
vt 0.362190 0.016130
vt 0.382264 0.040745
vt 0.416034 0.023860
vt 0.403735 0.030009
vt 0.447563 0.047454
vt 0.431494 0.050782
vt 0.410877 0.075285
vt 0.458635 0.075285
vt 0.441242 0.075285
vt 0.447563 0.103116
vt 0.431494 0.099788
vt 0.382264 0.109825
vt 0.416034 0.126710
vt 0.403735 0.120560
vt 0.368846 0.142475
vt 0.362190 0.134440
vt 0.313184 0.148010
vt 0.313184 0.139314
vt 0.264508 0.260178
vt 0.270465 0.264062
vt 0.228836 0.278457
vt 0.223247 0.274288
vt 0.164268 0.286056
vt 0.297797 0.236653
vt 0.306861 0.238905
vt 0.164268 0.280938
vt 0.102955 0.279545
vt 0.107459 0.275013
vt 0.052641 0.261347
vt 0.208261 0.261352
vt 0.060409 0.258368
vt 0.023850 0.240532
vt 0.164268 0.265727
vt 0.120276 0.261352
vt 0.189897 0.239185
vt 0.032189 0.237738
vt 0.008653 0.208248
vt 0.082981 0.248892
vt 0.018888 0.208248
vt 0.021675 0.177592
vt 0.058062 0.230245
vt 0.030739 0.179844
vt 0.058070 0.152435
vt 0.049311 0.208248
vt 0.064029 0.156319
vt 0.099701 0.138039
vt 0.058062 0.186252
vt 0.105290 0.142209
vt 0.164268 0.130441
vt 0.082981 0.167605
vt 0.164268 0.135559
vt 0.228836 0.138039
vt 0.120276 0.155145
vt 0.223247 0.142209
vt 0.270466 0.152435
vt 0.164268 0.150770
vt 0.264508 0.156319
vt 0.306861 0.177592
vt 0.208261 0.155145
vt 0.297797 0.179844
vt 0.319883 0.208248
vt 0.245555 0.167605
vt 0.309648 0.208248
vt 0.270475 0.186252
vt 0.279226 0.208248
vt 0.270475 0.230245
vt 0.226141 0.195434
vt 0.245555 0.248892
vt 0.231239 0.208248
vt 0.226141 0.221063
vt 0.211624 0.231926
vt 0.164268 0.208248
vt 0.164268 0.241734
vt 0.138640 0.239185
vt 0.116913 0.231926
vt 0.102396 0.221063
vt 0.097298 0.208248
vt 0.102396 0.195434
vt 0.116913 0.184571
vt 0.138640 0.177312
vt 0.164268 0.174763
vt 0.189897 0.177312
vt 0.211624 0.184571
s 1
usemtl 材质.005
f 208/200/191 209/201/192 210/202/193
f 211/202/194 212/201/195 213/200/195
f 210/202/193 214/203/196 208/200/191
f 213/200/197 215/203/198 211/202/197
f 216/204/199 208/200/191 214/203/196
f 211/202/200 215/203/198 217/205/201
f 210/202/193 218/205/202 214/203/196
f 215/203/203 213/200/204 219/204/205
f 220/206/206 214/203/196 218/205/202
f 218/205/202 221/207/207 220/206/206
f 221/207/207 222/208/208 223/209/209
f 223/209/209 220/206/206 221/207/207
f 220/206/206 223/209/209 224/210/210
f 224/210/210 225/211/211 220/206/206
f 214/203/196 220/206/206 225/211/211
f 225/211/212 224/210/212 226/212/213
f 225/211/211 227/213/214 214/203/196
f 214/203/196 227/213/214 216/204/215
f 228/214/216 216/204/217 227/213/214
f 227/213/214 229/215/218 228/214/216
f 229/215/218 227/213/214 225/211/211
f 230/216/219 228/214/216 229/215/218
f 225/211/211 231/217/220 229/215/218
f 226/212/221 231/217/220 225/211/211
f 229/215/218 232/218/222 230/216/219
f 233/219/223 230/216/219 232/218/222
f 229/215/218 231/217/220 234/220/224
f 234/220/224 232/218/222 229/215/218
f 234/220/224 231/217/220 226/212/221
f 226/212/221 235/221/225 234/220/224
f 236/222/226 232/218/222 234/220/224
f 232/218/223 236/222/223 233/219/227
f 237/223/228 234/220/224 235/221/210
f 234/220/224 237/223/228 236/222/226
f 235/221/229 238/224/230 237/223/228
f 233/219/231 236/222/226 239/225/232
f 239/225/233 240/226/234 233/219/231
f 236/222/226 241/227/235 239/225/232
f 241/227/235 236/222/226 237/223/228
f 237/223/228 242/228/236 241/227/235
f 242/228/236 237/223/228 238/224/230
f 238/224/230 243/229/237 242/228/236
f 244/230/238 245/231/238 246/232/238
f 245/231/238 247/233/238 246/232/238
f 248/232/238 249/234/238 250/230/238
f 250/230/238 249/234/238 251/232/238
f 251/232/238 252/231/238 250/230/238
f 252/231/238 251/232/238 253/233/238
f 254/235/239 255/236/240 256/237/239
f 254/235/239 256/237/239 257/238/240
f 257/238/240 258/239/240 254/235/239
f 258/239/240 257/238/240 259/240/240
f 259/240/240 260/241/240 258/239/240
f 260/241/240 259/240/240 261/242/240
f 261/242/240 262/243/240 260/241/240
f 262/243/240 261/242/240 263/244/239
f 263/244/239 264/245/239 262/243/240
f 265/243/241 264/245/239 263/244/239
f 263/244/239 266/242/241 265/243/241
f 267/241/241 265/243/241 266/242/241
f 266/242/241 268/240/241 267/241/241
f 269/239/241 267/241/241 268/240/241
f 268/240/241 270/238/241 269/239/241
f 271/235/239 269/239/241 270/238/241
f 270/238/241 272/237/239 271/235/239
f 271/235/239 272/237/239 273/236/241
f 274/246/238 275/247/238 276/248/238
f 277/249/242 275/247/238 274/246/238
f 274/246/238 278/250/242 277/249/242
f 279/251/242 277/249/242 278/250/242
f 278/250/242 280/252/242 279/251/242
f 279/251/242 280/252/242 281/253/242
f 281/253/242 282/254/242 279/251/242
f 283/255/238 282/254/242 281/253/242
f 281/253/242 284/256/238 283/255/238
f 283/255/238 284/256/238 285/253/243
f 285/253/243 286/254/243 283/255/238
f 287/251/243 286/254/243 285/253/243
f 285/253/243 288/252/243 287/251/243
f 287/251/243 288/252/243 289/250/243
f 289/250/243 290/249/243 287/251/243
f 290/249/243 289/250/243 291/246/238
f 291/246/238 292/247/238 290/249/243
f 291/246/238 293/248/238 292/247/238
f 294/209/244 295/208/245 296/207/246
f 296/207/246 297/206/247 294/209/244
f 297/206/247 296/207/246 217/205/248
f 298/210/249 294/209/244 297/206/247
f 217/205/248 215/203/250 297/206/247
f 297/206/247 299/211/251 298/210/249
f 299/211/251 297/206/247 215/203/252
f 300/212/253 298/210/249 299/211/251
f 215/203/252 301/213/254 299/211/251
f 219/204/255 301/213/254 215/203/252
f 301/213/254 219/204/255 302/214/256
f 302/214/256 303/215/257 301/213/254
f 299/211/251 301/213/254 303/215/257
f 303/215/257 302/214/256 304/216/258
f 303/215/257 305/217/259 299/211/251
f 299/211/251 305/217/259 300/212/253
f 304/216/258 306/218/260 303/215/257
f 306/218/260 304/216/258 307/219/261
f 308/220/262 305/217/259 303/215/257
f 300/212/253 305/217/259 308/220/262
f 303/215/257 306/218/260 308/220/262
f 308/220/262 309/221/263 300/212/253
f 308/220/262 306/218/260 310/222/264
f 307/219/261 310/222/264 306/218/260
f 309/221/263 308/220/262 311/223/265
f 310/222/264 311/223/265 308/220/262
f 311/223/265 312/224/266 309/221/263
f 313/228/267 314/229/268 312/224/266
f 312/224/266 311/223/265 313/228/267
f 315/227/269 313/228/267 311/223/265
f 311/223/265 310/222/264 315/227/269
f 310/222/264 316/225/270 315/227/269
f 316/225/270 310/222/264 307/219/261
f 307/219/261 317/226/271 316/225/270
f 318/257/272 319/258/273 320/259/274
f 320/259/274 319/258/273 321/260/275
f 321/260/275 319/258/273 322/261/276
f 321/260/275 323/262/277 320/259/274
f 322/261/276 324/263/278 321/260/275
f 323/262/277 321/260/275 325/264/279
f 325/264/279 321/260/275 324/263/278
f 325/264/279 326/265/280 323/262/277
f 324/263/278 327/266/281 325/264/279
f 328/257/282 329/259/283 330/258/284
f 331/260/285 330/258/284 329/259/283
f 332/261/286 330/258/284 331/260/285
f 329/259/283 333/262/287 331/260/285
f 331/260/285 334/263/288 332/261/286
f 335/264/289 331/260/285 333/262/287
f 334/263/288 331/260/285 335/264/289
f 333/262/287 336/265/290 335/264/289
f 335/264/289 337/266/291 334/263/288
f 338/267/292 339/268/293 340/269/294
f 340/269/294 341/270/295 338/267/292
f 342/271/296 338/267/292 341/270/295
f 341/270/295 340/269/294 343/272/297
f 343/272/297 344/273/298 345/274/299
f 345/274/299 346/275/300 343/272/297
f 343/272/297 346/275/300 341/270/295
f 346/275/300 345/274/299 347/276/301
f 348/277/302 341/270/295 346/275/300
f 341/270/295 348/277/302 342/271/296
f 349/278/303 342/271/296 348/277/302
f 347/276/301 350/279/304 346/275/300
f 346/275/300 350/279/304 348/277/302
f 350/279/304 347/276/301 351/280/305
f 348/277/302 352/281/306 349/278/303
f 352/281/306 348/277/302 350/279/304
f 353/282/307 349/278/303 352/281/306
f 352/281/306 354/283/308 353/282/307
f 350/279/304 355/284/309 352/281/306
f 354/283/308 352/281/306 355/284/309
f 351/280/305 355/284/309 350/279/304
f 355/284/309 356/285/310 354/283/308
f 355/284/309 351/280/305 357/286/311
f 357/286/311 356/285/310 355/284/309
f 358/267/312 359/268/313 360/269/314
f 360/269/314 361/270/315 358/267/312
f 362/271/316 358/267/312 361/270/315
f 361/270/315 360/269/314 363/272/317
f 363/272/317 364/273/318 365/274/319
f 365/274/319 366/275/320 363/272/317
f 363/272/317 366/275/320 361/270/315
f 366/275/320 365/274/319 367/276/321
f 368/277/322 361/270/315 366/275/320
f 361/270/315 368/277/322 362/271/316
f 369/278/323 362/271/316 368/277/322
f 367/276/321 370/279/324 366/275/320
f 366/275/320 370/279/324 368/277/322
f 370/279/324 367/276/321 371/280/325
f 368/277/322 372/281/326 369/278/323
f 372/281/326 368/277/322 370/279/324
f 373/282/327 369/278/323 372/281/326
f 372/281/326 374/283/328 373/282/327
f 370/279/324 375/284/329 372/281/326
f 374/283/328 372/281/326 375/284/329
f 371/280/325 375/284/329 370/279/324
f 375/284/329 376/285/330 374/283/328
f 375/284/329 371/280/325 377/286/331
f 377/286/331 376/285/330 375/284/329
f 378/287/332 379/288/333 380/289/334
f 380/289/334 381/290/335 378/287/332
f 380/289/334 379/288/333 382/291/336
f 381/290/335 380/289/334 383/292/337
f 383/292/337 384/293/338 381/290/335
f 382/291/336 385/294/339 380/289/334
f 383/292/337 380/289/334 385/294/339
f 385/294/339 382/291/336 386/295/340
f 387/296/341 384/293/338 383/292/337
f 386/295/340 388/297/342 385/294/339
f 388/297/342 386/295/340 389/298/343
f 385/294/339 390/299/344 383/292/337
f 390/299/344 385/294/339 388/297/342
f 391/300/345 383/292/337 390/299/344
f 383/292/337 391/300/345 387/296/341
f 388/297/342 392/301/346 390/299/344
f 387/296/341 391/300/345 393/302/347
f 393/302/347 394/303/348 387/296/341
f 390/299/344 395/304/349 391/300/345
f 395/304/349 390/299/344 392/301/346
f 391/300/345 395/304/349 396/305/350
f 396/305/350 393/302/347 391/300/345
f 392/301/346 397/306/351 395/304/349
f 396/305/350 395/304/349 397/306/351
f 397/306/351 392/301/346 398/307/352
f 398/307/352 392/301/346 388/297/342
f 397/306/351 399/308/353 396/305/350
f 399/308/353 397/306/351 398/307/352
f 388/297/342 400/309/354 398/307/352
f 389/298/343 400/309/354 388/297/342
f 389/298/343 401/310/355 400/309/354
f 400/309/354 401/310/355 402/311/356
f 398/307/352 400/309/354 403/312/357
f 403/312/357 400/309/354 402/311/356
f 403/312/357 399/308/353 398/307/352
f 402/311/356 404/313/358 403/312/357
f 399/308/353 403/312/357 405/314/359
f 405/314/359 403/312/357 404/313/358
f 405/314/359 396/305/350 399/308/353
f 404/313/358 406/315/360 405/314/359
f 396/305/350 405/314/359 407/316/361
f 407/316/361 405/314/359 406/315/360
f 407/316/361 393/302/347 396/305/350
f 406/315/360 408/317/362 407/316/361
f 394/303/348 393/302/347 407/316/361
f 407/316/361 408/317/362 409/318/363
f 407/316/361 410/319/364 394/303/348
f 409/318/363 410/319/364 407/316/361
f 411/289/365 412/288/366 413/287/367
f 413/287/367 414/290/368 411/289/365
f 415/291/369 412/288/366 411/289/365
f 416/292/370 411/289/365 414/290/368
f 414/290/368 417/293/371 416/292/370
f 411/289/365 418/294/372 415/291/369
f 418/294/372 411/289/365 416/292/370
f 419/295/373 415/291/369 418/294/372
f 416/292/370 417/293/371 420/296/374
f 418/294/372 421/297/375 419/295/373
f 422/298/376 419/295/373 421/297/375
f 416/292/370 423/299/377 418/294/372
f 421/297/375 418/294/372 423/299/377
f 420/296/374 424/300/378 416/292/370
f 423/299/377 416/292/370 424/300/378
f 425/302/379 424/300/378 420/296/374
f 420/296/374 426/303/380 425/302/379
f 424/300/378 427/304/381 423/299/377
f 428/316/382 425/302/379 426/303/380
f 426/303/380 429/319/383 428/316/382
f 428/316/382 429/319/383 430/318/384
f 430/318/384 431/317/385 428/316/382
f 428/316/382 431/317/385 432/315/386
f 432/315/387 433/314/388 428/316/389
f 433/314/388 432/315/387 434/313/390
f 435/305/391 425/302/379 428/316/382
f 428/316/382 433/314/388 435/305/391
f 424/300/378 425/302/379 435/305/391
f 435/305/391 427/304/392 424/300/378
f 434/313/390 436/312/393 433/314/388
f 436/312/393 434/313/390 437/311/394
f 438/308/395 435/305/391 433/314/388
f 433/314/388 436/312/393 438/308/395
f 435/305/391 438/308/395 439/306/396
f 439/306/396 427/304/381 435/305/391
f 440/307/397 438/308/395 436/312/393
f 438/308/395 440/307/397 439/306/396
f 427/304/381 439/306/396 441/301/398
f 439/306/396 440/307/397 441/301/398
f 441/301/398 423/299/377 427/304/381
f 423/299/377 441/301/398 421/297/375
f 421/297/375 441/301/398 440/307/397
f 440/307/397 442/309/399 421/297/375
f 436/312/393 442/309/399 440/307/397
f 421/297/375 442/309/399 422/298/376
f 437/311/394 442/309/399 436/312/393
f 422/298/376 442/309/399 443/310/400
f 442/309/399 437/311/394 443/310/400
f 444/320/401 445/321/401 446/322/402
f 447/323/403 445/321/401 444/320/401
f 446/322/402 448/324/404 444/320/401
f 444/320/401 449/325/405 447/323/403
f 448/324/404 446/322/402 450/326/406
f 451/327/407 447/323/403 449/325/405
f 450/326/406 452/328/408 448/324/404
f 449/325/405 453/329/409 451/327/407
f 452/328/408 450/326/406 454/330/410
f 455/331/411 451/327/407 453/329/409
f 454/330/410 456/332/412 452/328/408
f 453/329/409 457/333/413 455/331/411
f 456/332/412 454/330/410 458/334/414
f 459/335/415 455/331/411 457/333/413
f 458/334/414 460/336/416 456/332/412
f 457/333/413 461/337/417 459/335/415
f 460/336/416 458/334/414 462/338/418
f 463/339/419 459/335/415 461/337/417
f 462/338/418 464/340/420 460/336/416
f 461/337/417 465/341/421 463/339/419
f 466/336/422 464/340/420 462/338/418
f 463/339/419 465/341/421 467/337/423
f 462/338/418 468/334/424 466/336/422
f 467/337/423 469/335/425 463/339/419
f 470/332/426 466/336/422 468/334/424
f 469/335/425 467/337/423 471/333/427
f 468/334/424 472/330/428 470/332/426
f 471/333/427 473/331/429 469/335/425
f 474/328/430 470/332/426 472/330/428
f 473/331/429 471/333/427 475/329/431
f 472/330/428 476/326/432 474/328/430
f 475/329/431 477/327/433 473/331/429
f 478/324/434 474/328/430 476/326/432
f 477/327/433 475/329/431 479/325/435
f 476/326/432 480/322/436 478/324/434
f 479/325/435 481/323/437 477/327/433
f 482/320/438 478/324/434 480/322/436
f 481/323/437 479/325/435 482/320/438
f 480/322/436 483/321/439 482/320/438
f 482/320/438 483/321/439 481/323/437
f 484/342/440 485/343/441 486/344/442
f 487/344/443 485/343/441 484/342/440
f 486/344/442 488/345/444 484/342/440
f 488/345/444 486/344/442 489/346/445
f 484/342/440 490/345/446 487/344/443
f 491/346/447 487/344/443 490/345/446
f 490/345/446 484/342/440 492/347/448
f 492/347/448 484/342/440 488/345/444
f 492/347/448 493/348/449 490/345/446
f 488/345/444 494/348/450 492/347/448
f 495/349/451 490/345/446 493/348/449
f 490/345/446 495/349/451 491/346/447
f 493/348/449 496/350/452 495/349/451
f 497/351/453 491/346/447 495/349/451
f 498/352/454 495/349/451 496/350/452
f 495/349/451 498/352/454 497/351/453
f 496/350/452 499/353/455 498/352/454
f 500/354/456 497/351/453 498/352/454
f 501/355/457 498/352/454 499/353/455
f 498/352/454 501/355/457 500/354/456
f 499/353/455 502/356/458 501/355/457
f 501/355/457 502/356/458 503/353/459
f 500/354/456 501/355/457 504/352/460
f 503/353/459 504/352/460 501/355/457
f 504/352/460 505/351/461 500/354/456
f 504/352/460 503/353/459 506/350/462
f 505/351/461 504/352/460 507/349/463
f 506/350/462 507/349/463 504/352/460
f 507/349/463 489/346/445 505/351/461
f 507/349/463 506/350/462 494/348/450
f 489/346/445 507/349/463 488/345/444
f 494/348/450 488/345/444 507/349/463
f 508/357/464 509/358/465 510/359/466
f 509/358/465 508/357/464 511/360/467
f 511/360/467 512/361/468 509/358/465
f 510/359/466 513/362/469 508/357/464
f 513/362/469 510/359/466 514/363/470
f 513/362/469 515/364/239 508/357/464
f 515/364/239 511/360/467 508/357/464
f 514/363/470 516/365/471 513/362/469
f 516/365/471 514/363/470 517/366/472
f 513/362/469 518/367/239 515/364/239
f 518/367/239 513/362/469 516/365/471
f 511/360/467 515/364/239 519/368/239
f 520/369/473 518/367/239 516/365/471
f 517/366/472 520/369/473 516/365/471
f 520/369/473 521/370/239 518/367/239
f 520/369/473 517/366/472 522/371/474
f 522/371/474 523/372/475 520/369/473
f 521/370/239 520/369/473 523/372/475
f 523/372/475 522/371/474 524/373/476
f 525/374/477 521/370/239 523/372/475
f 524/373/476 525/374/477 523/372/475
f 525/374/477 526/375/239 521/370/239
f 525/374/477 524/373/476 527/376/478
f 527/376/478 528/377/479 525/374/477
f 526/375/239 525/374/477 528/377/479
f 528/377/479 527/376/478 529/378/480
f 530/379/481 526/375/239 528/377/479
f 529/378/480 530/379/481 528/377/479
f 530/379/481 531/380/239 526/375/239
f 530/379/481 529/378/480 532/381/482
f 532/381/482 533/382/483 530/379/481
f 531/380/239 530/379/481 533/382/483
f 533/382/483 532/381/482 534/383/484
f 535/384/485 531/380/239 533/382/483
f 534/383/484 535/384/485 533/382/483
f 535/384/485 536/385/239 531/380/239
f 535/384/485 534/383/484 537/386/486
f 537/386/486 538/387/487 535/384/485
f 536/385/239 535/384/485 538/387/487
f 538/387/487 537/386/486 539/388/488
f 540/389/489 536/385/239 538/387/487
f 539/388/488 540/389/489 538/387/487
f 540/389/489 541/390/239 536/385/239
f 540/389/489 539/388/488 542/391/490
f 542/391/490 543/392/491 540/389/489
f 541/390/239 540/389/489 543/392/491
f 543/392/491 542/391/490 544/393/492
f 545/394/493 541/390/239 543/392/491
f 544/393/492 545/394/493 543/392/491
f 545/394/493 519/368/239 541/390/239
f 545/394/493 544/393/492 546/395/494
f 519/368/239 545/394/493 547/396/495
f 546/395/494 547/396/495 545/394/493
f 511/360/467 519/368/239 547/396/495
f 547/396/495 546/395/494 512/361/468
f 512/361/468 511/360/467 547/396/495
f 548/397/496 549/398/497 550/399/498
f 550/399/498 551/400/499 548/397/496
f 551/400/499 550/399/498 552/401/500
f 549/398/497 548/397/496 553/402/501
f 553/402/501 554/403/502 549/398/497
f 552/401/500 555/404/503 551/400/499
f 555/404/503 552/401/500 556/405/504
f 556/405/504 557/406/505 555/404/503
f 557/406/505 556/405/504 558/407/506
f 559/408/507 551/400/499 555/404/503
f 558/407/506 560/409/508 557/406/505
f 560/409/508 558/407/506 561/410/509
f 562/411/510 555/404/503 557/406/505
f 555/404/503 562/411/510 559/408/507
f 557/406/505 563/412/511 562/411/510
f 563/412/511 557/406/505 560/409/508
f 564/413/512 559/408/507 562/411/510
f 561/410/509 565/414/513 560/409/508
f 565/414/513 561/410/509 566/415/210
f 567/416/514 560/409/508 565/414/513
f 560/409/508 567/416/514 563/412/511
f 566/415/210 568/417/515 565/414/513
f 568/417/515 566/415/210 569/418/516
f 565/414/513 570/419/517 567/416/514
f 570/419/517 565/414/513 568/417/515
f 569/418/516 571/420/518 568/417/515
f 571/420/518 569/418/516 572/421/519
f 568/417/515 573/422/520 570/419/517
f 573/422/520 568/417/515 571/420/518
f 572/421/519 574/423/521 571/420/518
f 574/423/521 572/421/519 575/424/522
f 571/420/518 576/425/523 573/422/520
f 576/425/523 571/420/518 574/423/521
f 575/424/522 577/426/524 574/423/521
f 577/426/524 575/424/522 578/427/525
f 574/423/521 579/428/526 576/425/523
f 579/428/526 574/423/521 577/426/524
f 578/427/525 580/429/527 577/426/524
f 580/429/527 578/427/525 581/430/528
f 577/426/524 582/431/529 579/428/526
f 582/431/529 577/426/524 580/429/527
f 581/430/528 583/432/530 580/429/527
f 583/432/530 581/430/528 584/433/531
f 580/429/527 585/434/532 582/431/529
f 585/434/532 580/429/527 583/432/530
f 584/433/531 586/435/533 583/432/530
f 586/435/533 584/433/531 587/436/534
f 583/432/530 588/437/535 585/434/532
f 588/437/535 583/432/530 586/435/533
f 587/436/534 589/438/536 586/435/533
f 589/438/536 587/436/534 590/439/537
f 586/435/533 591/440/538 588/437/535
f 591/440/538 586/435/533 589/438/536
f 590/439/537 592/441/539 589/438/536
f 592/441/539 590/439/537 554/403/502
f 554/403/502 553/402/501 592/441/539
f 593/442/540 589/438/536 592/441/539
f 589/438/536 593/442/540 591/440/538
f 594/443/541 592/441/539 553/402/501
f 592/441/539 594/443/541 593/442/540
f 553/402/501 595/444/542 594/443/541
f 595/444/542 553/402/501 548/397/496
f 596/445/543 593/442/540 594/443/541
f 548/397/496 597/446/544 595/444/542
f 597/446/544 548/397/496 551/400/499
f 551/400/499 559/408/507 597/446/544
f 598/447/545 594/443/541 595/444/542
f 594/443/541 598/447/545 596/445/543
f 599/448/546 595/444/542 597/446/544
f 595/444/542 599/448/546 598/447/545
f 600/449/547 597/446/544 559/408/507
f 597/446/544 600/449/547 599/448/546
f 559/408/507 564/413/512 600/449/547
f 598/447/545 599/448/546 601/450/238
f 599/448/546 600/449/547 601/450/238
f 600/449/547 564/413/512 601/450/238
f 596/445/543 598/447/545 601/450/238
f 562/411/510 602/451/548 564/413/512
f 564/413/512 602/451/548 601/450/238
f 602/451/548 562/411/510 563/412/511
f 563/412/511 603/452/549 602/451/548
f 602/451/548 603/452/549 601/450/238
f 603/452/549 563/412/511 567/416/514
f 567/416/514 604/453/550 603/452/549
f 603/452/549 604/453/550 601/450/238
f 604/453/550 567/416/514 570/419/517
f 570/419/517 605/454/551 604/453/550
f 604/453/550 605/454/551 601/450/238
f 605/454/551 570/419/517 573/422/520
f 573/422/520 606/455/552 605/454/551
f 605/454/551 606/455/552 601/450/238
f 606/455/552 573/422/520 576/425/523
f 576/425/523 607/456/553 606/455/552
f 606/455/552 607/456/553 601/450/238
f 607/456/553 576/425/523 579/428/526
f 579/428/526 608/457/554 607/456/553
f 607/456/553 608/457/554 601/450/238
f 608/457/554 579/428/526 582/431/529
f 582/431/529 609/458/555 608/457/554
f 608/457/554 609/458/555 601/450/238
f 609/458/555 582/431/529 585/434/532
f 585/434/532 610/459/556 609/458/555
f 609/458/555 610/459/556 601/450/238
f 610/459/557 585/434/557 588/437/557
f 588/437/535 611/460/558 610/459/556
f 610/459/556 611/460/558 601/450/238
f 611/460/558 588/437/535 591/440/538
f 611/460/558 612/461/559 601/450/238
f 591/440/538 612/461/559 611/460/558
f 612/461/559 596/445/543 601/450/238
f 612/461/559 591/440/538 593/442/540
f 593/442/540 596/445/543 612/461/559
o Ob2
v -0.737132 2.503005 -0.130323
v -0.757931 0.349905 -0.126291
v -0.722302 0.349906 -0.108814
v -0.619584 0.346350 -0.139662
v -0.671597 0.349925 -0.157272
v -0.700532 2.503024 -0.150710
v -0.722009 2.503003 -0.120737
v -0.671017 2.503026 -0.139662
v -0.730325 2.567756 -0.130936
v -0.722009 2.565681 -0.125885
v -0.722302 2.604541 -0.130900
v -0.679348 2.578183 -0.139662
v -0.707492 2.568973 -0.150699
v -0.694014 2.639513 -0.139662
v -0.722302 2.622260 -0.149060
v -0.722302 2.722271 -0.139662
v -0.750173 2.639850 -0.139662
v -0.736799 2.568973 -0.150699
v -0.764943 2.578182 -0.139662
v -0.743759 2.503024 -0.150710
v -0.773275 2.503024 -0.139662
v -0.772695 0.349924 -0.157272
v -0.824698 0.346650 -0.139662
v -0.673579 0.349925 -0.122052
v -0.619584 0.346350 -0.139662
v -0.671017 2.503026 -0.139662
v -0.700533 2.503024 -0.128614
v -0.679348 2.578183 -0.139662
v -0.707492 2.568973 -0.128624
v -0.722302 2.622260 -0.130263
v -0.694014 2.639513 -0.139662
v -0.722302 2.722271 -0.139662
v -0.757931 0.349905 -0.153033
v -0.772695 0.349924 -0.157272
v -0.743759 2.503024 -0.150710
v -0.737132 2.503005 -0.149000
v -0.736799 2.568973 -0.150699
v -0.730324 2.567756 -0.148387
v -0.722302 2.622260 -0.149060
v -0.722302 2.604541 -0.148423
v -0.686671 0.349905 -0.126291
v -0.673579 0.349925 -0.122052
v -0.700533 2.503024 -0.128614
v -0.707471 2.503005 -0.130323
v -0.707492 2.568973 -0.128624
v -0.714279 2.567756 -0.130936
v -0.722302 2.622260 -0.130263
v -0.722302 2.604541 -0.130900
v -0.767861 0.264581 -0.139662
v -0.767897 0.307640 -0.139662
v -0.766236 0.307640 -0.166979
v -0.765904 0.264581 -0.166979
v -0.744878 0.307640 -0.177126
v -0.744878 0.264581 -0.177100
v -0.722302 0.264605 -0.181499
v -0.722302 0.307640 -0.181499
v -0.698398 0.307640 -0.177113
v -0.698398 0.264581 -0.177113
v -0.676017 0.264581 -0.166654
v -0.675683 0.307640 -0.166654
v -0.674037 0.307640 -0.139662
v -0.674073 0.264581 -0.139662
v -0.676017 0.264581 -0.112671
v -0.674073 0.264581 -0.139662
v -0.675683 0.307640 -0.112671
v -0.698398 0.307640 -0.102211
v -0.698398 0.264581 -0.102211
v -0.722302 0.264605 -0.097825
v -0.722302 0.307640 -0.097825
v -0.744878 0.307640 -0.102198
v -0.744878 0.264581 -0.102224
v -0.765903 0.264581 -0.112345
v -0.766236 0.307640 -0.112345
v -0.767861 0.264581 -0.139662
v -0.767897 0.307640 -0.139662
v -0.722009 2.565681 -0.153438
v -0.722302 2.604541 -0.148423
v -0.714279 2.567756 -0.148387
v -0.722009 2.503003 -0.157664
v -0.707471 2.503005 -0.149000
v -0.722302 0.349905 -0.169588
v -0.686671 0.349905 -0.153033
v -0.743759 2.503024 -0.128614
v -0.770712 0.349924 -0.122052
v -0.757931 0.349905 -0.126291
v -0.737132 2.503005 -0.130323
v -0.736800 2.568973 -0.128624
v -0.730325 2.567756 -0.130936
v -0.722302 2.622260 -0.130263
v -0.722302 2.604541 -0.130900
v -0.714279 2.567756 -0.148387
v -0.722302 2.604541 -0.148423
v -0.722302 2.622260 -0.149060
v -0.707492 2.568973 -0.150699
v -0.707471 2.503005 -0.149000
v -0.700532 2.503024 -0.150710
v -0.671597 0.349925 -0.157272
v -0.686671 0.349905 -0.153033
v -0.750173 2.639850 -0.139662
v -0.722302 2.622260 -0.130263
v -0.722302 2.722271 -0.139662
v -0.764943 2.578182 -0.139662
v -0.736800 2.568973 -0.128624
v -0.743759 2.503024 -0.128614
v -0.773275 2.503024 -0.139662
v -0.824698 0.346650 -0.139662
v -0.770712 0.349924 -0.122052
v -0.722009 2.565681 -0.153438
v -0.730324 2.567756 -0.148387
v -0.722302 2.604541 -0.148423
v -0.722009 2.503003 -0.157664
v -0.737132 2.503005 -0.149000
v -0.757931 0.349905 -0.153033
v -0.722302 0.349905 -0.169588
v -0.722009 2.565681 -0.125885
v -0.714279 2.567756 -0.130936
v -0.722302 2.604541 -0.130900
v -0.722009 2.503003 -0.120737
v -0.707471 2.503005 -0.130323
v -0.686671 0.349905 -0.126291
v -0.722302 0.349906 -0.108814
v -0.595506 0.372815 -0.165912
v -0.601294 0.381680 -0.167034
v -0.601294 0.381680 -0.112290
v -0.595507 0.372815 -0.113412
v -0.596271 0.277989 -0.118015
v -0.596271 0.277989 -0.161309
v -0.604550 0.270936 -0.118271
v -0.604550 0.270936 -0.161053
v -0.662552 0.270936 -0.106941
v -0.662552 0.270936 -0.172383
v -0.667142 0.277989 -0.174286
v -0.667142 0.277989 -0.105039
v -0.667834 0.302079 -0.175921
v -0.667834 0.302079 -0.103403
v -0.722302 0.303180 -0.192904
v -0.722302 0.303180 -0.086420
v -0.777152 0.302079 -0.103403
v -0.777152 0.302079 -0.175921
v -0.777844 0.277989 -0.105039
v -0.777844 0.277989 -0.174286
v -0.782051 0.270932 -0.106941
v -0.782051 0.270932 -0.172383
v -0.840054 0.270932 -0.161053
v -0.840054 0.270932 -0.118271
v -0.847937 0.277989 -0.161309
v -0.847937 0.277989 -0.118015
v -0.848701 0.372815 -0.165912
v -0.848701 0.372815 -0.113412
v -0.843310 0.381680 -0.112290
v -0.843310 0.381680 -0.167034
v -0.749632 0.312594 -0.115344
v -0.759136 0.312531 -0.139662
v -0.765910 0.129153 -0.139662
v -0.753114 0.129175 -0.112498
v -0.770710 -0.085004 -0.139662
v -0.722302 0.312592 -0.104133
v -0.756509 -0.085005 -0.109516
v -0.776703 -0.340920 -0.139662
v -0.722302 0.129175 -0.101276
v -0.694971 0.312594 -0.115344
v -0.760755 -0.340927 -0.105804
v -0.790776 -0.343781 -0.139662
v -0.722302 -0.085005 -0.097058
v -0.691489 0.129175 -0.112498
v -0.685469 0.312531 -0.139662
v -0.722302 -0.341008 -0.091720
v -0.678695 0.129153 -0.139662
v -0.694971 0.312594 -0.163980
v -0.688094 -0.085005 -0.109516
v -0.691489 0.129176 -0.166827
v -0.722302 0.312592 -0.175192
v -0.673894 -0.085004 -0.139662
v -0.683848 -0.340927 -0.105804
v -0.688094 -0.085005 -0.169809
v -0.722302 0.129175 -0.178048
v -0.749633 0.312593 -0.163980
v -0.667900 -0.340921 -0.139662
v -0.722302 -0.085005 -0.182266
v -0.753114 0.129175 -0.166827
v -0.759136 0.312531 -0.139662
v -0.765910 0.129153 -0.139662
v -0.756509 -0.085005 -0.169809
v -0.770710 -0.085004 -0.139662
v -0.760755 -0.340927 -0.173520
v -0.776703 -0.340920 -0.139662
v -0.722302 -0.341008 -0.187604
v -0.683848 -0.340927 -0.173520
v -0.673956 -0.343791 -0.183515
v -0.653827 -0.343781 -0.139662
v -0.673956 -0.343791 -0.095810
v -0.653261 -0.360777 -0.139662
v -0.673548 -0.360777 -0.095453
v -0.673548 -0.360777 -0.183871
v -0.722302 -0.360777 -0.073959
v -0.722302 -0.343812 -0.204898
v -0.722302 -0.360777 -0.205365
v -0.770647 -0.343791 -0.183515
v -0.771055 -0.360777 -0.183871
v -0.790776 -0.343781 -0.139662
v -0.791342 -0.360777 -0.139662
v -0.667142 0.277989 -0.105039
v -0.662552 0.270936 -0.106941
v -0.604550 0.270936 -0.118271
v -0.603654 0.277989 -0.117088
v -0.596271 0.277989 -0.118015
v -0.595507 0.372815 -0.113412
v -0.601294 0.381680 -0.112290
v -0.634020 0.387136 -0.105096
v -0.667834 0.302079 -0.103403
v -0.676359 0.399830 -0.093011
v -0.722302 0.303180 -0.086420
v -0.722302 0.419656 -0.076834
v -0.768244 0.399830 -0.093011
v -0.777152 0.302079 -0.103403
v -0.810583 0.387137 -0.105096
v -0.840207 0.277991 -0.117100
v -0.843310 0.381680 -0.112290
v -0.777844 0.277989 -0.105039
v -0.848701 0.372815 -0.113412
v -0.782051 0.270932 -0.106941
v -0.847937 0.277989 -0.118015
v -0.840054 0.270932 -0.118271
v -0.744878 0.264581 -0.139662
v -0.767861 0.264581 -0.139662
v -0.765904 0.264581 -0.166979
v -0.744878 0.264581 -0.177100
v -0.765903 0.264581 -0.112345
v -0.767861 0.264581 -0.139662
v -0.744878 0.264581 -0.102224
v -0.722302 0.264605 -0.139662
v -0.722302 0.264605 -0.181499
v -0.722302 0.264605 -0.097825
v -0.698398 0.264581 -0.177113
v -0.698398 0.264581 -0.102211
v -0.698398 0.264581 -0.139662
v -0.676017 0.264581 -0.166654
v -0.676017 0.264581 -0.112671
v -0.674073 0.264581 -0.139662
v -0.722302 -0.343812 -0.074427
v -0.771055 -0.360777 -0.095453
v -0.770647 -0.343791 -0.095810
v -0.791342 -0.360777 -0.139662
v -0.722302 0.419656 -0.202490
v -0.676359 0.399830 -0.186313
v -0.722302 0.303180 -0.192904
v -0.768244 0.399830 -0.186313
v -0.667834 0.302079 -0.175921
v -0.777152 0.302079 -0.175921
v -0.634020 0.387136 -0.174228
v -0.810583 0.387136 -0.174228
v -0.604367 0.277989 -0.162375
v -0.601294 0.381680 -0.167034
v -0.667142 0.277989 -0.174286
v -0.595506 0.372815 -0.165912
v -0.662552 0.270936 -0.172383
v -0.596271 0.277989 -0.161309
v -0.604550 0.270936 -0.161053
v -0.840211 0.277988 -0.162380
v -0.843310 0.381680 -0.167034
v -0.777844 0.277989 -0.174286
v -0.848701 0.372815 -0.165912
v -0.782051 0.270932 -0.172383
v -0.847937 0.277989 -0.161309
v -0.840054 0.270932 -0.161053
v -0.722302 -0.360779 -0.139662
v -0.722302 -0.360777 -0.073959
v -0.771055 -0.360777 -0.095453
v -0.673548 -0.360777 -0.095453
v -0.791342 -0.360777 -0.139662
v -0.653261 -0.360777 -0.139662
v -0.771055 -0.360777 -0.183871
v -0.673548 -0.360777 -0.183871
v -0.722302 -0.360777 -0.205365
v -0.618637 0.384551 -0.124076
v -0.601294 0.381680 -0.112290
v -0.601294 0.381680 -0.167034
v -0.634020 0.387136 -0.105096
v -0.618637 0.384551 -0.155248
v -0.634020 0.387136 -0.174228
v -0.640919 0.388141 -0.117616
v -0.676359 0.399830 -0.093011
v -0.624735 0.363503 -0.148411
v -0.640919 0.388141 -0.161708
v -0.676359 0.399830 -0.186313
v -0.624735 0.363503 -0.130913
v -0.671782 0.376117 -0.161399
v -0.671782 0.376117 -0.117925
v -0.676359 0.399958 -0.106295
v -0.722302 0.419656 -0.091655
v -0.722302 0.419656 -0.076834
v -0.768244 0.399830 -0.093011
v -0.722009 0.398602 -0.100981
v -0.768244 0.399958 -0.106295
v -0.722009 0.398602 -0.178343
v -0.772822 0.376117 -0.117925
v -0.803685 0.388141 -0.117616
v -0.810583 0.387137 -0.105096
v -0.819869 0.363503 -0.130913
v -0.825967 0.384552 -0.124076
v -0.843310 0.381680 -0.112290
v -0.843310 0.381680 -0.167034
v -0.825967 0.384551 -0.155248
v -0.810583 0.387136 -0.174228
v -0.819869 0.363503 -0.148411
v -0.803685 0.388141 -0.161708
v -0.768244 0.399830 -0.186313
v -0.772822 0.376117 -0.161399
v -0.768244 0.399958 -0.173029
v -0.722302 0.419656 -0.187669
v -0.722302 0.419656 -0.202490
v -0.676359 0.399958 -0.173029
vn -0.5345 0.0336 0.8445
vn -0.4404 0.0059 0.8978
vn -0.4409 0.0059 0.8975
vn 0.3211 0.0072 -0.9470
vn -0.5337 0.0343 0.8450
vn 0.3505 0.0084 -0.9365
vn -0.5032 0.0894 0.8595
vn -0.5015 0.0859 0.8609
vn -0.4964 0.1074 0.8614
vn 0.3464 0.0616 -0.9361
vn 0.3503 0.0388 -0.9358
vn 0.3512 0.0385 -0.9355
vn 0.3363 0.0607 -0.9398
vn 0.2737 0.0919 -0.9574
vn -0.0017 0.1005 -0.9949
vn -0.0001 0.0936 -0.9956
vn -0.2759 0.0917 -0.9568
vn -0.3162 0.0875 -0.9447
vn -0.3162 0.0874 -0.9447
vn -0.3426 0.0731 -0.9366
vn -0.3542 0.0375 -0.9344
vn -0.3509 0.0236 -0.9361
vn -0.3509 0.0235 -0.9361
vn -0.3502 0.0226 -0.9364
vn -0.3214 0.0077 -0.9469
vn -0.3212 0.0077 -0.9470
vn 0.3109 0.0074 0.9504
vn 0.3105 0.0074 0.9505
vn 0.3501 0.0224 0.9364
vn 0.3509 0.0234 0.9361
vn 0.3306 0.0729 0.9410
vn 0.3425 0.0757 0.9365
vn 0.2824 0.0849 0.9555
vn 0.2698 0.0803 0.9596
vn 0.2640 0.0902 0.9603
vn 0.2759 -0.0008 -0.9612
vn 0.2760 -0.0008 -0.9612
vn 0.2498 -0.0129 -0.9682
vn 0.2525 -0.0138 -0.9675
vn 0.3260 -0.0427 -0.9444
vn 0.3289 -0.0422 -0.9434
vn 0.3257 -0.0596 -0.9436
vn 0.1582 -0.0355 -0.9868
vn -0.3079 -0.0010 0.9514
vn -0.3080 -0.0010 0.9514
vn -0.2394 -0.0123 0.9708
vn -0.2420 -0.0132 0.9702
vn -0.3127 -0.0410 0.9490
vn -0.3124 -0.0405 0.9491
vn -0.2317 -0.0461 0.9717
vn -0.1582 -0.0355 0.9868
vn -0.9977 -0.0052 -0.0676
vn -0.9982 -0.0008 -0.0607
vn -0.8284 -0.0038 -0.5601
vn -0.8259 -0.0053 -0.5639
vn -0.3130 -0.0013 -0.9497
vn -0.3151 -0.0006 -0.9490
vn -0.0053 -0.0002 -1.0000
vn -0.0049 -0.0000 -1.0000
vn 0.3026 -0.0011 -0.9531
vn 0.3045 -0.0000 -0.9525
vn 0.8235 -0.0025 -0.5672
vn 0.8261 -0.0064 -0.5635
vn 1.0000 -0.0053 -0.0000
vn 0.9974 -0.0008 -0.0718
vn 0.8236 -0.0025 0.5672
vn 0.9974 -0.0008 0.0718
vn 0.8261 -0.0064 0.5635
vn 0.3026 -0.0011 0.9531
vn 0.3045 -0.0000 0.9525
vn -0.0053 -0.0002 1.0000
vn -0.0049 -0.0000 1.0000
vn -0.3130 -0.0013 0.9497
vn -0.3151 -0.0006 0.9490
vn -0.8259 -0.0053 0.5639
vn -0.8284 -0.0038 0.5601
vn -0.9977 -0.0052 0.0676
vn -0.9982 -0.0008 0.0607
vn 0.5221 0.1130 -0.8454
vn 0.5206 0.1060 -0.8472
vn 0.5128 0.0327 -0.8579
vn 0.5354 0.0568 -0.8427
vn 0.5112 0.0324 -0.8589
vn 0.4218 0.0058 -0.9067
vn 0.4214 0.0058 -0.9069
vn 0.2499 -0.0129 0.9682
vn 0.3148 -0.0010 0.9491
vn 0.3147 -0.0010 0.9492
vn 0.2525 -0.0138 0.9675
vn 0.3260 -0.0427 0.9444
vn 0.3254 -0.0420 0.9447
vn 0.2363 -0.0468 0.9705
vn 0.1582 -0.0355 0.9868
vn -0.3123 -0.0405 -0.9491
vn -0.1582 -0.0355 -0.9868
vn -0.2317 -0.0461 -0.9717
vn -0.3127 -0.0410 -0.9490
vn -0.2420 -0.0131 -0.9702
vn -0.2392 -0.0122 -0.9709
vn -0.2707 -0.0008 -0.9627
vn -0.2724 0.0807 0.9588
vn -0.2847 0.0848 0.9548
vn -0.2667 0.0902 0.9596
vn -0.3313 0.0724 0.9407
vn -0.3428 0.0748 0.9364
vn -0.3506 0.0239 0.9362
vn -0.3505 0.0230 0.9363
vn -0.3109 0.0068 0.9504
vn -0.3105 0.0068 0.9506
vn -0.5032 0.0785 -0.8606
vn -0.5009 0.0842 -0.8614
vn -0.4964 0.1074 -0.8614
vn -0.4969 0.0330 -0.8672
vn -0.4968 0.0326 -0.8672
vn -0.4218 0.0051 -0.9067
vn -0.4214 0.0051 -0.9069
vn 0.5284 0.0873 0.8445
vn 0.5287 0.0921 0.8438
vn 0.5221 0.1130 0.8454
vn 0.5488 0.0360 0.8352
vn 0.5502 0.0354 0.8343
vn 0.4410 0.0049 0.8975
vn 0.4404 0.0049 0.8978
vn 0.9554 0.2952 -0.0000
vn 0.8374 0.5467 -0.0000
vn 0.9105 -0.4135 -0.0000
vn 0.9105 -0.4134 -0.0000
vn 0.3280 -0.9447 -0.0000
vn -0.5378 -0.8431 -0.0000
vn -0.9623 -0.2720 -0.0000
vn -0.6266 -0.7794 -0.0000
vn -0.6266 -0.7793 -0.0000
vn -0.0001 -1.0000 -0.0000
vn 0.6269 -0.7791 -0.0000
vn 0.9671 -0.2546 -0.0000
vn 0.5577 -0.8300 -0.0000
vn -0.3390 -0.9408 -0.0000
vn -0.3391 -0.9408 -0.0000
vn -0.9155 -0.4024 -0.0000
vn -0.9154 -0.4024 -0.0000
vn -0.9602 0.2793 -0.0000
vn -0.8544 0.5196 -0.0000
vn -0.9284 0.0333 0.3702
vn -0.9309 0.0344 0.3637
vn -0.9057 0.0225 0.4233
vn -0.6821 0.0210 0.7310
vn -0.9045 0.0207 0.4261
vn 0.0022 0.0190 0.9998
vn -0.3794 0.0216 0.9250
vn -0.6740 0.0214 0.7384
vn -0.6418 0.7047 0.3024
vn 0.0010 0.0192 0.9998
vn 0.0024 0.0190 0.9998
vn 0.7107 0.0209 0.7032
vn -0.4627 0.7260 0.5088
vn -0.7658 0.5379 0.3525
vn -0.0001 0.0202 0.9998
vn 0.6752 0.0250 0.7372
vn 0.9995 0.0316 0.0035
vn -0.0053 0.7332 0.6799
vn 0.9996 0.0272 0.0015
vn 0.7096 0.0298 -0.7040
vn 0.6741 0.0215 0.7383
vn 0.6749 0.0211 -0.7376
vn -0.0023 0.0190 -0.9998
vn 0.9997 0.0229 -0.0000
vn 0.4652 0.7282 0.5033
vn 0.6740 0.0214 -0.7384
vn -0.0010 0.0192 -0.9998
vn -0.7107 0.0209 -0.7032
vn 0.6731 0.7396 -0.0009
vn -0.0000 0.0202 -0.9998
vn -0.6752 0.0250 -0.7372
vn -0.9286 0.0244 -0.3703
vn -0.9043 0.0268 -0.4260
vn -0.6741 0.0215 -0.7384
vn -0.9045 0.0207 -0.4261
vn -0.4652 0.7282 -0.5033
vn -0.6416 0.7055 -0.3009
vn 0.0053 0.7332 -0.6799
vn 0.4627 0.7260 -0.5088
vn 0.5675 0.5849 -0.5795
vn 0.8184 0.5746 -0.0003
vn 0.5697 0.5829 0.5793
vn 0.9994 0.0333 -0.0000
vn 0.7018 0.0318 0.7117
vn 0.7022 0.0314 -0.7113
vn 0.0005 0.0279 0.9996
vn 0.0016 0.5854 -0.8107
vn -0.0005 0.0279 -0.9996
vn -0.5697 0.5829 -0.5793
vn -0.7018 0.0317 -0.7117
vn -0.7663 0.5377 -0.3518
vn -0.9085 0.0303 -0.4169
vn 0.1874 -0.0924 0.9779
vn 0.1899 -0.1386 0.9720
vn 0.1648 -0.1813 0.9695
vn 0.1550 -0.1177 0.9809
vn 0.1241 -0.0901 0.9882
vn 0.1181 -0.0486 0.9918
vn 0.1836 -0.0496 0.9817
vn 0.2232 -0.0650 0.9726
vn 0.2277 -0.0658 0.9715
vn 0.2820 -0.0787 0.9562
vn 0.0007 -0.0795 0.9968
vn -0.0000 -0.0820 0.9966
vn -0.2819 -0.0781 0.9563
vn -0.2290 -0.0655 0.9712
vn -0.2240 -0.0652 0.9724
vn -0.1548 -0.1088 0.9819
vn -0.1857 -0.0511 0.9813
vn -0.1890 -0.0953 0.9773
vn -0.1243 -0.0497 0.9910
vn -0.1878 -0.1506 0.9706
vn -0.1171 -0.0864 0.9894
vn -0.1638 -0.1648 0.9726
vn 0.0005 -1.0000 -0.0000
vn -0.0000 -1.0000 -0.0000
vn 0.0007 -1.0000 -0.0000
vn -0.0006 -1.0000 -0.0000
vn -0.0005 -1.0000 -0.0000
vn -0.0016 0.5854 0.8107
vn -0.7022 0.0314 0.7113
vn -0.5675 0.5849 0.5795
vn -0.9084 0.0303 0.4170
vn -0.0000 -0.0820 -0.9966
vn 0.2820 -0.0787 -0.9562
vn 0.0007 -0.0795 -0.9968
vn -0.2819 -0.0781 -0.9563
vn 0.2277 -0.0658 -0.9715
vn -0.2469 -0.0704 -0.9665
vn 0.2232 -0.0650 -0.9726
vn -0.2514 -0.0796 -0.9646
vn 0.1705 -0.0961 -0.9807
vn 0.1836 -0.0496 -0.9818
vn 0.1856 -0.0918 -0.9783
vn 0.1191 -0.0481 -0.9917
vn 0.1847 -0.1447 -0.9721
vn 0.1304 -0.0491 -0.9902
vn 0.1884 -0.1856 -0.9644
vn 0.1282 -0.1858 -0.9742
vn -0.1637 -0.1188 -0.9793
vn -0.2003 -0.0518 -0.9784
vn -0.1895 -0.0550 -0.9803
vn -0.1865 -0.0496 -0.9812
vn -0.1866 -0.0959 -0.9777
vn -0.1272 -0.0483 -0.9907
vn -0.1855 -0.1532 -0.9706
vn -0.1367 -0.0934 -0.9862
vn -0.1699 -0.1857 -0.9678
vn -0.1477 0.9555 -0.2555
vn 0.1637 0.9865 -0.0006
vn 0.1637 0.9865 0.0006
vn 0.2052 0.9782 -0.0325
vn -0.1476 0.9555 0.2555
vn 0.2052 0.9782 0.0325
vn 0.0323 0.8116 -0.5833
vn 0.3601 0.9329 0.0003
vn -0.4492 0.8048 0.3879
vn 0.0323 0.8116 0.5833
vn 0.3601 0.9329 -0.0003
vn -0.4493 0.8048 -0.3879
vn 0.1374 0.8330 0.5359
vn 0.1374 0.8330 -0.5359
vn 0.1377 0.8233 -0.5506
vn 0.0001 0.9086 -0.4178
vn -0.0000 1.0000 -0.0000
vn -0.3601 0.9329 0.0003
vn -0.0012 0.7287 -0.6848
vn -0.1377 0.8233 -0.5506
vn -0.0012 0.7287 0.6848
vn -0.1357 0.8331 -0.5363
vn -0.0323 0.8116 -0.5834
vn -0.2052 0.9782 -0.0325
vn 0.4493 0.8048 -0.3879
vn 0.1476 0.9555 -0.2555
vn -0.1637 0.9865 -0.0006
vn -0.1637 0.9865 0.0006
vn 0.1476 0.9555 0.2555
vn -0.2052 0.9782 0.0325
vn 0.4493 0.8048 0.3879
vn -0.0323 0.8116 0.5833
vn -0.3601 0.9329 -0.0003
vn -0.1357 0.8331 0.5363
vn -0.1377 0.8233 0.5506
vn 0.0001 0.9086 0.4178
vn 0.1377 0.8233 0.5506
vt 0.152500 0.906765
vt 0.121200 0.021248
vt 0.183079 0.020741
vt 1.356300 0.021395
vt 1.268600 0.021297
vt 1.220500 0.906864
vt 0.183545 0.906120
vt 1.276200 0.907158
vt 0.167700 0.930174
vt 0.183507 0.928512
vt 0.183556 0.941413
vt 1.252000 0.939695
vt 1.204300 0.931205
vt 1.227600 0.953780
vt 1.181888 0.947351
vt 1.181888 0.979495
vt 1.137200 0.953878
vt 1.159500 0.931205
vt 1.111700 0.939646
vt 1.143400 0.906864
vt 1.087800 0.907109
vt 1.104300 0.021248
vt 1.016700 0.021395
vt 0.268600 0.021297
vt 0.356300 0.021395
vt 0.276200 0.907158
vt 0.220500 0.906864
vt 0.252000 0.939695
vt 0.204300 0.931205
vt 0.180896 0.947351
vt 0.227600 0.953780
vt 0.180896 0.979495
vt 1.121200 0.021248
vt 1.152500 0.906765
vt 1.167700 0.930174
vt 1.183800 0.941413
vt 0.251700 0.021248
vt 0.211400 0.906765
vt 0.196100 0.930174
vt 1.849426 0.835901
vt 1.966781 0.835898
vt 1.963669 0.801128
vt 1.847260 0.800669
vt 1.965712 0.770645
vt 1.846959 0.770930
vt 1.847927 0.740645
vt 1.966780 0.740773
vt 1.965738 0.709200
vt 1.846947 0.709418
vt 1.847266 0.678211
vt 1.963709 0.678167
vt 1.966752 0.642948
vt 1.849388 0.643245
vt 1.847258 0.678333
vt 1.849406 0.642949
vt 1.846950 0.709537
vt 1.847976 0.740286
vt 1.966720 0.740773
vt 1.965691 0.770645
vt 1.846923 0.771058
vt 1.847261 0.800792
vt 1.963737 0.801127
vt 1.849415 0.835603
vt 1.966771 0.835900
vt 1.183505 0.928515
vt 1.196100 0.930174
vt 1.183545 0.906120
vt 1.211400 0.906765
vt 1.183079 0.020741
vt 1.251700 0.021248
vt 0.143400 0.906864
vt 0.104300 0.021248
vt 0.159500 0.931205
vt 0.137200 0.953878
vt 0.111700 0.939646
vt 0.087800 0.907109
vt 0.016700 0.021395
vt 0.442868 0.057306
vt 0.442868 0.048006
vt 0.368672 0.048006
vt 0.368672 0.057306
vt 0.368672 0.149275
vt 0.442868 0.149275
vt 0.368672 0.156133
vt 0.442868 0.157247
vt 0.368672 0.220653
vt 0.442868 0.220653
vt 0.442770 0.227117
vt 0.368674 0.227137
vt 0.442866 0.250481
vt 0.368899 0.250463
vt 0.442868 0.266531
vt 0.368672 0.266471
vt 0.368673 0.290267
vt 0.442701 0.290287
vt 0.368743 0.307123
vt 0.442867 0.307108
vt 0.368672 0.313560
vt 0.442868 0.313560
vt 0.442868 0.376845
vt 0.368672 0.376845
vt 0.442868 0.384877
vt 0.368672 0.384589
vt 0.442868 0.476847
vt 0.368672 0.476847
vt 0.368672 0.486147
vt 0.442868 0.486147
vt 0.527782 0.486975
vt 0.465990 0.486975
vt 0.465990 0.372864
vt 0.527782 0.372864
vt 0.471922 0.206354
vt 0.584472 0.486975
vt 0.527782 0.206354
vt 0.474556 0.040228
vt 0.584472 0.372864
vt 0.649091 0.486975
vt 0.527951 0.040375
vt 0.443904 0.034219
vt 0.584472 0.206354
vt 0.649091 0.372864
vt 0.719347 0.486975
vt 0.584640 0.040449
vt 0.719347 0.372864
vt 0.789659 0.486975
vt 0.649091 0.206354
vt 0.789659 0.372864
vt 0.847161 0.486975
vt 0.719347 0.206354
vt 0.649324 0.040369
vt 0.789659 0.206354
vt 0.847161 0.372864
vt 0.900700 0.486975
vt 0.719626 0.040353
vt 0.847161 0.206354
vt 0.900700 0.372864
vt 0.956797 0.486975
vt 0.956797 0.372864
vt 0.900700 0.206354
vt 0.948820 0.206354
vt 0.900886 0.040370
vt 0.945754 0.040323
vt 0.847296 0.040449
vt 0.789829 0.040375
vt 0.789659 0.034219
vt 0.719347 0.034219
vt 0.649091 0.034219
vt 0.719356 0.019159
vt 0.649099 0.019159
vt 0.789665 0.019159
vt 0.584478 0.019160
vt 0.847161 0.034219
vt 0.847167 0.019160
vt 0.900700 0.034219
vt 0.900707 0.019159
vt 0.978884 0.034219
vt 0.978905 0.019158
vt 1.923501 0.631740
vt 1.947435 0.622597
vt 1.950016 0.510327
vt 1.930779 0.510418
vt 1.931283 0.501303
vt 1.540875 0.497550
vt 1.504023 0.503372
vt 1.477581 0.565919
vt 1.825181 0.632758
vt 1.419074 0.647567
vt 1.809961 0.739367
vt 1.327065 0.739416
vt 1.419074 0.831264
vt 1.824586 0.846625
vt 1.477940 0.912960
vt 1.932948 0.967115
vt 1.504622 0.975507
vt 1.923664 0.847751
vt 1.541593 0.981329
vt 1.946598 0.855946
vt 1.932907 0.976908
vt 1.954016 0.966702
vt 1.337175 0.589403
vt 1.337022 0.570310
vt 1.385388 0.570566
vt 1.403617 0.589359
vt 1.385558 0.570899
vt 1.337175 0.570312
vt 1.403473 0.589242
vt 1.337175 0.609255
vt 1.411506 0.609199
vt 1.411461 0.609200
vt 1.403727 0.630265
vt 1.403727 0.630265
vt 1.337175 0.630265
vt 1.385106 0.648414
vt 1.337175 0.650614
vt 0.584472 0.034219
vt 0.527790 0.019159
vt 0.527782 0.034219
vt 0.443904 0.019159
vt 0.327065 0.739416
vt 0.419074 0.647567
vt 0.809961 0.739367
vt 0.419074 0.831264
vt 0.824864 0.632874
vt 0.824572 0.846631
vt 0.477581 0.565919
vt 0.477940 0.912960
vt 0.930703 0.511780
vt 0.504023 0.503372
vt 0.924153 0.631539
vt 0.540875 0.497550
vt 0.947435 0.622597
vt 0.931283 0.501303
vt 0.953059 0.511792
vt 0.932429 0.967125
vt 0.504622 0.975507
vt 0.923218 0.847615
vt 0.541593 0.981329
vt 0.946598 0.855946
vt 0.932121 0.977287
vt 0.954016 0.966702
vt 0.395573 0.532985
vt 0.395574 0.560273
vt 0.353971 0.551341
vt 0.437174 0.551341
vt 0.336670 0.532985
vt 0.454476 0.532986
vt 0.353972 0.514630
vt 0.437175 0.514629
vt 0.395572 0.505698
vt 0.354425 0.974957
vt 0.343804 0.984379
vt 0.402954 0.984379
vt 0.330405 0.967259
vt 0.392333 0.974957
vt 0.416353 0.967259
vt 0.341108 0.962407
vt 0.312872 0.943426
vt 0.379915 0.968501
vt 0.405650 0.962407
vt 0.433613 0.943563
vt 0.366843 0.968501
vt 0.396336 0.945167
vt 0.350340 0.945167
vt 0.325340 0.942921
vt 0.305814 0.916780
vt 0.293026 0.916643
vt 0.312872 0.889900
vt 0.330909 0.916952
vt 0.325340 0.890678
vt 0.415795 0.916952
vt 0.350340 0.888433
vt 0.341108 0.871193
vt 0.330324 0.866341
vt 0.366843 0.865098
vt 0.354425 0.858643
vt 0.343804 0.849181
vt 0.402954 0.849181
vt 0.392252 0.858643
vt 0.416353 0.866341
vt 0.379833 0.865098
vt 0.405650 0.871152
vt 0.433613 0.890037
vt 0.396336 0.888433
vt 0.421337 0.890638
vt 0.440944 0.916780
vt 0.454717 0.916780
vt 0.421337 0.942921
s 1
usemtl 材质.005
f 613/462/560 614/463/561 615/464/562
f 616/465/563 617/466/563 618/467/563
f 615/464/562 619/468/564 613/462/560
f 618/467/565 620/469/565 616/465/565
f 621/470/566 613/462/560 619/468/564
f 619/468/564 622/471/567 621/470/566
f 622/471/567 623/472/568 621/470/566
f 624/473/569 620/469/570 618/467/571
f 618/467/571 625/474/572 624/473/569
f 626/475/573 624/473/569 625/474/572
f 625/474/572 627/476/574 626/475/573
f 626/475/573 627/476/574 628/477/575
f 627/476/574 629/478/576 628/477/575
f 629/478/576 627/476/574 630/479/577
f 630/479/578 631/480/579 629/478/576
f 631/480/580 630/479/580 632/481/581
f 632/481/582 633/482/583 631/480/579
f 633/482/583 632/481/582 634/483/584
f 634/483/584 635/484/585 633/482/583
f 636/485/586 637/486/587 638/487/588
f 638/487/588 639/488/589 636/485/586
f 639/488/589 638/487/588 640/489/590
f 640/489/590 641/490/591 639/488/589
f 642/491/592 641/490/591 640/489/590
f 640/489/590 643/492/593 642/491/592
f 642/491/592 643/492/593 644/493/594
f 645/494/595 646/483/596 647/481/597
f 647/481/597 648/495/598 645/494/595
f 648/495/598 647/481/597 649/479/599
f 649/479/599 650/496/600 648/495/598
f 650/496/600 649/479/599 651/476/601
f 651/476/602 652/497/602 650/496/602
f 653/498/603 654/485/604 655/488/605
f 655/488/605 656/499/606 653/498/603
f 656/499/606 655/488/605 657/490/607
f 657/490/607 658/500/608 656/499/606
f 658/500/608 657/490/607 659/491/609
f 659/491/609 660/472/610 658/500/608
f 661/501/611 662/502/612 663/503/613
f 663/503/613 664/504/614 661/501/611
f 664/504/614 663/503/613 665/505/615
f 665/505/615 666/506/616 664/504/614
f 667/507/617 666/506/616 665/505/615
f 665/505/615 668/508/618 667/507/617
f 667/507/617 668/508/618 669/509/619
f 669/509/619 670/510/620 667/507/617
f 671/511/621 670/510/620 669/509/619
f 669/509/619 672/512/622 671/511/621
f 671/511/621 672/512/622 673/513/623
f 673/513/623 674/514/624 671/511/621
f 675/515/625 676/516/626 673/513/623
f 673/513/623 677/512/627 675/515/625
f 675/515/625 677/512/627 678/509/628
f 678/509/628 679/517/629 675/515/625
f 680/518/630 679/517/629 678/509/628
f 678/509/628 681/519/631 680/518/630
f 680/518/630 681/519/631 682/520/632
f 682/520/632 683/521/633 680/518/630
f 684/522/634 683/521/633 682/520/632
f 682/520/632 685/523/635 684/522/634
f 686/524/636 684/522/634 685/523/635
f 685/523/635 687/525/637 686/524/636
f 688/526/638 689/497/638 690/527/639
f 691/528/640 688/526/641 690/527/641
f 690/527/639 692/529/642 691/528/640
f 693/530/643 691/528/640 692/529/642
f 692/529/642 694/531/644 693/530/643
f 695/532/645 696/533/646 697/463/647
f 697/463/647 698/462/648 695/532/645
f 699/534/649 695/532/645 698/462/648
f 698/462/648 700/470/650 699/534/649
f 701/491/651 699/534/649 700/470/650
f 700/470/650 702/472/652 701/491/651
f 703/527/653 704/497/654 705/476/655
f 705/476/655 706/474/656 703/527/653
f 707/529/657 703/527/653 706/474/656
f 706/474/656 708/467/658 707/529/657
f 707/529/657 708/467/658 709/466/659
f 709/466/659 710/531/659 707/529/657
f 711/535/660 712/491/661 713/493/662
f 712/491/661 711/535/660 714/536/663
f 714/536/663 715/534/664 712/491/661
f 716/532/665 715/534/664 714/536/663
f 714/536/663 717/537/666 716/532/665
f 716/532/665 717/537/666 718/538/667
f 718/538/667 719/533/668 716/532/665
f 720/526/669 721/496/670 722/497/671
f 721/496/670 720/526/669 723/528/672
f 723/528/672 724/495/673 721/496/670
f 725/494/674 724/495/673 723/528/672
f 723/528/672 726/530/675 725/494/674
f 727/471/676 728/500/677 729/472/678
f 728/500/677 727/471/676 730/468/679
f 730/468/679 731/499/680 728/500/677
f 732/498/681 731/499/680 730/468/679
f 730/468/679 733/464/682 732/498/681
f 734/539/683 735/540/684 736/541/684
f 736/541/684 737/542/683 734/539/683
f 734/539/683 737/542/683 738/543/685
f 738/543/685 739/544/686 734/539/683
f 739/544/686 738/543/685 740/545/687
f 740/545/687 741/546/687 739/544/686
f 741/546/687 740/545/687 742/547/688
f 742/547/688 743/548/688 741/546/687
f 744/549/689 743/548/688 742/547/688
f 742/547/688 745/550/689 744/549/689
f 746/551/690 744/549/689 745/550/689
f 745/550/689 747/552/691 746/551/690
f 748/553/692 746/551/690 747/552/691
f 747/552/691 749/554/692 748/553/692
f 748/553/692 749/554/692 750/555/693
f 750/555/693 751/556/693 748/553/692
f 751/556/693 750/555/693 752/557/694
f 752/557/694 753/558/694 751/556/693
f 753/558/694 752/557/694 754/559/695
f 754/559/695 755/560/695 753/558/694
f 756/561/696 755/560/695 754/559/695
f 754/559/695 757/562/697 756/561/696
f 758/563/698 756/561/696 757/562/697
f 757/562/697 759/564/699 758/563/698
f 760/565/700 758/563/698 759/564/699
f 759/564/699 761/566/700 760/565/700
f 760/565/700 761/566/700 762/567/701
f 762/567/701 763/568/701 760/565/700
f 764/569/702 765/570/703 766/571/704
f 766/571/704 767/572/705 764/569/702
f 767/572/705 766/571/704 768/573/706
f 769/574/707 764/569/708 767/572/708
f 768/573/706 770/575/709 767/572/705
f 770/575/709 768/573/706 771/576/710
f 767/572/705 772/577/711 769/574/712
f 772/577/711 767/572/705 770/575/709
f 773/578/713 769/574/712 772/577/711
f 771/576/710 774/579/714 770/575/709
f 774/579/714 771/576/710 775/580/715
f 770/575/709 776/581/716 772/577/711
f 776/581/716 770/575/709 774/579/714
f 772/577/711 777/582/717 773/578/713
f 777/582/717 772/577/711 776/581/716
f 778/583/718 773/578/713 777/582/717
f 774/579/714 779/584/719 776/581/716
f 777/582/717 780/585/720 778/583/718
f 781/586/721 778/583/718 780/585/720
f 776/581/716 782/587/722 777/582/717
f 780/585/720 777/582/717 782/587/722
f 782/587/722 776/581/716 779/584/719
f 780/585/720 783/588/723 781/586/721
f 784/589/724 781/586/721 783/588/723
f 782/587/722 785/590/725 780/585/720
f 783/588/723 780/585/720 785/590/725
f 785/590/725 782/587/722 786/591/726
f 779/584/719 786/591/726 782/587/722
f 785/590/725 787/592/727 783/588/723
f 783/588/723 788/593/728 784/589/724
f 788/593/728 783/588/723 787/592/727
f 789/594/729 784/589/724 788/593/728
f 787/592/727 785/590/725 790/595/730
f 786/591/726 790/595/730 785/590/725
f 787/592/727 791/596/731 788/593/728
f 788/593/728 792/597/732 789/594/729
f 792/597/732 788/593/728 791/596/731
f 793/598/733 789/594/729 792/597/732
f 792/597/732 794/599/734 793/598/733
f 794/599/734 792/597/732 795/600/735
f 791/596/731 795/600/735 792/597/732
f 795/600/735 796/601/736 794/599/734
f 796/601/736 795/600/735 797/602/737
f 797/602/737 798/603/738 796/601/736
f 795/600/735 791/596/731 799/604/739
f 799/604/739 797/602/737 795/600/735
f 800/605/740 799/604/739 791/596/731
f 791/596/731 787/592/727 800/605/740
f 790/595/730 800/605/740 787/592/727
f 799/604/739 800/605/740 801/606/741
f 800/605/740 790/595/730 802/607/742
f 802/607/742 801/606/741 800/605/740
f 803/608/743 802/607/742 790/595/730
f 790/595/730 786/591/726 803/608/743
f 801/606/741 802/607/742 804/609/744
f 805/610/745 804/609/744 802/607/742
f 802/607/742 803/608/743 805/610/745
f 804/609/744 806/611/746 801/606/741
f 807/612/747 805/610/745 803/608/743
f 808/613/748 801/606/741 806/611/746
f 801/606/741 808/613/748 799/604/739
f 806/611/746 809/614/749 808/613/748
f 797/602/737 799/604/739 808/613/748
f 810/615/750 808/613/748 809/614/749
f 808/613/748 810/615/750 797/602/737
f 798/603/738 797/602/737 810/615/750
f 809/614/749 811/616/751 810/615/750
f 810/615/750 812/617/752 798/603/738
f 812/617/752 810/615/750 811/616/751
f 811/616/751 813/618/753 812/617/752
f 814/619/754 815/620/755 816/621/756
f 816/621/756 817/622/757 814/619/754
f 818/623/758 817/622/757 816/621/756
f 817/622/757 818/623/758 819/624/759
f 819/624/759 820/625/760 817/622/757
f 820/625/760 821/626/761 817/622/757
f 822/627/762 814/619/754 817/622/757
f 821/626/761 822/627/762 817/622/757
f 823/628/763 822/627/762 821/626/761
f 824/629/764 822/627/762 823/628/763
f 823/628/763 825/630/765 824/629/764
f 825/630/765 826/631/766 824/629/764
f 827/632/767 824/629/764 826/631/766
f 827/632/767 826/631/766 828/633/768
f 827/632/767 828/633/768 829/634/769
f 828/633/768 830/635/770 829/634/769
f 831/636/771 827/632/767 829/634/769
f 829/634/769 830/635/770 832/637/772
f 833/638/773 831/636/771 829/634/769
f 832/637/772 834/639/774 829/634/769
f 829/634/769 835/640/775 833/638/773
f 834/639/774 835/640/775 829/634/769
f 836/641/776 837/642/777 838/643/777
f 838/643/777 839/644/778 836/641/776
f 840/645/777 841/646/777 836/641/776
f 836/641/776 842/647/778 840/645/777
f 843/648/777 836/641/776 839/644/778
f 842/647/778 836/641/776 843/648/777
f 839/644/778 844/649/777 843/648/777
f 843/648/777 845/650/777 842/647/778
f 843/648/777 844/649/777 846/651/779
f 847/652/779 845/650/777 843/648/777
f 846/651/779 848/653/780 843/648/777
f 843/648/777 848/653/780 847/652/779
f 848/653/780 846/651/779 849/654/777
f 850/654/777 847/652/779 848/653/780
f 849/654/777 851/655/777 848/653/780
f 848/653/780 851/655/777 850/654/777
f 852/656/781 803/608/743 786/591/726
f 803/608/743 852/656/781 807/612/747
f 786/591/726 779/584/719 852/656/781
f 853/657/782 807/612/747 852/656/781
f 854/658/783 852/656/781 779/584/719
f 852/656/781 854/658/783 853/657/782
f 779/584/719 774/579/714 854/658/783
f 855/659/784 853/657/782 854/658/783
f 775/580/715 854/658/783 774/579/714
f 854/658/783 775/580/715 855/659/784
f 856/660/785 857/661/786 858/662/787
f 859/663/788 856/660/785 858/662/787
f 860/664/789 858/662/787 857/661/786
f 858/662/787 861/665/790 859/663/788
f 860/664/789 857/661/786 862/666/791
f 859/663/788 861/665/790 863/667/792
f 860/664/789 862/666/791 864/668/793
f 862/666/791 865/669/794 864/668/793
f 860/664/789 864/668/793 866/670/795
f 864/668/793 865/669/794 867/671/796
f 868/672/797 866/670/795 864/668/793
f 867/671/796 869/673/798 864/668/793
f 864/668/793 870/674/799 868/672/797
f 864/668/800 869/673/800 870/674/800
f 871/675/801 863/667/802 861/665/803
f 871/675/801 872/676/804 863/667/802
f 871/675/801 861/665/790 873/677/805
f 874/678/806 872/676/804 871/675/801
f 871/675/801 873/677/805 875/679/807
f 871/675/801 876/680/808 874/678/806
f 875/679/807 877/681/809 871/675/801
f 876/680/808 871/675/801 877/681/809
f 878/682/777 879/683/777 880/684/777
f 878/682/777 881/685/777 879/683/777
f 878/682/777 880/684/777 882/686/777
f 878/682/777 883/687/777 881/685/777
f 878/682/777 882/686/777 884/688/777
f 878/682/777 885/689/777 883/687/777
f 878/682/777 884/688/777 886/690/777
f 878/682/777 886/690/777 885/689/777
f 887/691/810 888/692/811 889/693/812
f 890/694/813 888/692/811 887/691/810
f 889/693/812 891/695/814 887/691/810
f 889/693/812 892/696/815 891/695/814
f 893/697/816 890/694/813 887/691/810
f 894/698/817 890/694/813 893/697/816
f 887/691/810 891/695/814 895/699/818
f 892/696/815 896/700/819 891/695/814
f 896/700/819 895/699/818 891/695/814
f 896/700/819 892/696/815 897/701/820
f 895/699/818 898/702/821 887/691/810
f 898/702/821 893/697/816 887/691/810
f 898/702/821 895/699/818 899/703/822
f 896/700/819 899/703/822 895/699/818
f 900/704/823 893/697/816 898/702/821
f 899/703/822 900/704/823 898/702/821
f 901/705/824 893/697/816 900/704/823
f 893/697/816 901/705/824 894/698/817
f 894/698/817 901/705/824 902/706/825
f 900/704/823 902/706/825 901/705/824
f 902/706/825 903/707/826 894/698/817
f 904/708/827 903/707/826 902/706/825
f 905/709/828 902/706/825 900/704/823
f 902/706/825 906/710/829 904/708/827
f 907/711/830 905/709/828 900/704/823
f 900/704/823 899/703/822 907/711/830
f 902/706/825 905/709/828 908/712/831
f 908/712/831 905/709/828 907/711/830
f 902/706/825 908/712/831 906/710/829
f 904/708/827 906/710/829 909/713/832
f 909/713/832 906/710/829 908/712/831
f 909/713/832 910/714/833 904/708/827
f 909/713/832 908/712/831 911/715/834
f 910/714/833 909/713/832 912/716/835
f 909/713/832 911/715/834 912/716/835
f 913/717/836 910/714/833 912/716/835
f 914/718/837 913/717/836 912/716/835
f 912/716/835 915/719/838 914/718/837
f 916/720/839 914/718/837 915/719/838
f 917/721/840 915/719/838 912/716/835
f 912/716/835 911/715/834 917/721/840
f 918/722/841 916/720/839 915/719/838
f 917/721/840 918/722/841 915/719/838
f 919/723/842 916/720/839 918/722/841
f 920/724/843 917/721/840 911/715/834
f 920/724/843 918/722/841 917/721/840
f 911/715/834 908/712/831 920/724/843
f 907/711/830 920/724/843 908/712/831
f 921/725/844 918/722/841 920/724/843
f 918/722/841 921/725/844 919/723/842
f 907/711/830 922/726/845 920/724/843
f 920/724/843 922/726/845 921/725/844
f 919/723/842 921/725/844 922/726/845
f 922/726/845 923/727/826 919/723/842
f 922/726/845 907/711/830 899/703/822
f 897/701/820 923/727/826 922/726/845
f 922/726/845 899/703/822 924/728/846
f 922/726/845 924/728/846 897/701/820
f 896/700/819 924/728/846 899/703/822
f 897/701/820 924/728/846 896/700/819
o Ob1.001
v 0.041100 1.201093 -0.012692
v 0.068734 1.201276 0.000000
v 0.085503 0.463477 0.000000
v 0.085503 0.463477 0.000000
v 0.068734 1.201276 0.000000
v 0.041100 1.201093 0.012692
v 0.053665 0.434671 -0.015028
v 0.053665 0.434671 0.015028
v 0.027349 1.200929 -0.012692
v 0.089199 0.405615 0.000000
v 0.089199 0.405615 0.000000
v 0.027349 1.200929 0.012692
v 0.058429 0.361263 -0.015028
v 0.096389 0.362001 0.000000
v 0.113142 0.306668 -0.000000
v 0.073681 0.306379 -0.015028
v 0.041092 0.306214 -0.015028
v 0.034865 0.360633 -0.015028
v 0.000020 0.305840 -0.030117
v 0.032654 0.434914 -0.015028
v 0.000018 1.200703 -0.019906
v 0.000019 0.434478 -0.028307
v -0.027349 1.200929 -0.012692
v 0.000019 0.359638 -0.029994
v -0.032654 0.434914 -0.015028
v -0.041100 1.201086 -0.012692
v -0.034865 0.360633 -0.015028
v -0.041092 0.306214 -0.015028
v -0.053665 0.434671 -0.015028
v -0.058429 0.361263 -0.015028
v -0.075709 0.306379 -0.015028
v -0.085503 0.463477 0.000000
v -0.068734 1.201276 0.000000
v -0.089199 0.405615 0.000000
v -0.096389 0.362001 0.000000
v -0.113142 0.306668 -0.000000
v 0.040525 0.219688 -0.000000
v 0.028655 0.219688 0.028655
v -0.028655 0.219688 0.028655
v 0.000000 0.219688 0.040525
v -0.028655 0.219688 0.028655
v -0.040525 0.219688 -0.000000
v 0.040525 0.219688 -0.000000
v -0.028655 0.219688 -0.028656
v 0.028655 0.219688 -0.028656
v 0.000000 0.219688 -0.040525
v 0.036664 0.314217 -0.062614
v 0.000000 0.314216 -0.065740
v -0.036664 0.314217 -0.062614
v -0.070030 0.314217 -0.053485
v 0.070030 0.314217 -0.053485
v -0.096982 0.314218 -0.039099
v 0.096982 0.314218 -0.039099
v -0.114756 0.314220 -0.020690
v 0.114756 0.314220 -0.020690
v -0.121061 0.314222 -0.000000
v 0.121061 0.314222 -0.000000
v 0.114756 0.314220 0.020690
v -0.114756 0.314220 0.020690
v 0.096982 0.314218 0.039099
v -0.096982 0.314218 0.039099
v 0.070030 0.314217 0.053485
v -0.070030 0.314217 0.053485
v 0.036664 0.314217 0.062614
v -0.036664 0.314217 0.062614
v 0.000000 0.314216 0.065740
v -0.037495 0.290361 0.064034
v 0.037495 0.290361 0.064034
v 0.000000 0.290361 0.067233
v 0.071612 0.290360 0.054694
v -0.071612 0.290360 0.054694
v 0.099160 0.290359 0.039977
v -0.099160 0.290359 0.039977
v -0.117317 0.290357 0.021152
v 0.117317 0.290357 0.021152
v 0.123754 0.290355 -0.000000
v -0.123754 0.290355 -0.000000
v -0.117317 0.290357 -0.021152
v 0.117317 0.290357 -0.021152
v 0.099160 0.290359 -0.039977
v -0.099160 0.290359 -0.039977
v -0.071612 0.290360 -0.054694
v 0.071612 0.290360 -0.054694
v -0.037495 0.290361 -0.064034
v 0.037495 0.290361 -0.064034
v 0.000000 0.290361 -0.067233
v 0.073681 0.306379 0.015028
v 0.113142 0.306668 -0.000000
v 0.096389 0.362001 0.000000
v 0.058429 0.361263 0.015028
v 0.041092 0.306214 0.015028
v 0.034865 0.360633 0.015028
v 0.000020 0.305840 0.030117
v 0.032654 0.434914 0.015028
v 0.000018 1.200703 0.019907
v 0.000019 0.434478 0.028307
v -0.027349 1.200929 0.012692
v 0.000019 0.359638 0.029994
v -0.032654 0.434914 0.015028
v -0.041100 1.201086 0.012692
v -0.034865 0.360633 0.015028
v -0.041092 0.306214 0.015028
v -0.053665 0.434671 0.015028
v -0.058429 0.361263 0.015028
v -0.075709 0.306379 0.015028
v -0.096389 0.362001 0.000000
v -0.113142 0.306668 -0.000000
v -0.089199 0.405615 0.000000
v -0.085503 0.463477 0.000000
v -0.068734 1.201276 0.000000
v -0.001041 0.416695 0.028592
v -0.000157 0.416695 0.029635
v 0.001034 0.416695 0.028592
v -0.000352 0.411638 0.031089
v -0.001041 0.416695 0.028592
v 0.002790 0.411638 0.028149
v -0.002796 0.411638 0.028148
v -0.001800 0.308349 0.040575
v 0.014245 0.308372 0.025678
v -0.014251 0.308372 0.025678
v -0.001041 0.416695 -0.028592
v 0.001034 0.416695 -0.028592
v -0.000157 0.416695 -0.029635
v -0.000352 0.411638 -0.031089
v -0.001041 0.416695 -0.028592
v 0.002790 0.411638 -0.028149
v -0.002796 0.411638 -0.028148
v -0.001800 0.308349 -0.040575
v 0.014245 0.308372 -0.025678
v -0.014251 0.308372 -0.025678
v -0.044960 -0.270040 -0.044960
v -0.063582 -0.270040 -0.000000
v -0.051403 -0.248651 -0.000000
v -0.036348 -0.248651 -0.036348
v -0.000000 -0.270040 -0.063583
v -0.046403 -0.210191 -0.000000
v -0.034166 0.228140 -0.000000
v -0.024159 0.228140 -0.024159
v -0.032812 -0.210191 -0.032812
v 0.000000 0.228140 -0.034166
v -0.000000 -0.248651 -0.051403
v 0.044960 -0.270040 -0.044960
v -0.000000 -0.210191 -0.046403
v 0.024159 0.228140 -0.024159
v 0.036348 -0.248651 -0.036348
v 0.063582 -0.270040 -0.000000
v 0.051403 -0.248651 -0.000000
v 0.032812 -0.210191 -0.032812
v 0.046403 -0.210191 -0.000000
v 0.034166 0.228140 -0.000000
v 0.044960 -0.270040 0.044959
v 0.063582 -0.270040 -0.000000
v 0.051403 -0.248651 -0.000000
v 0.036348 -0.248651 0.036347
v 0.000000 -0.270040 0.063582
v 0.046403 -0.210191 -0.000000
v 0.034166 0.228140 -0.000000
v 0.024159 0.228140 0.024159
v 0.032812 -0.210191 0.032811
v 0.000000 0.228140 0.034166
v -0.000000 -0.248651 0.051403
v -0.044960 -0.270040 0.044959
v -0.000000 -0.210191 0.046403
v -0.024159 0.228140 0.024159
v -0.036348 -0.248651 0.036347
v -0.063582 -0.270040 -0.000000
v -0.051403 -0.248651 -0.000000
v -0.032812 -0.210191 0.032811
v -0.046403 -0.210191 -0.000000
v -0.034166 0.228140 -0.000000
v -0.068734 1.201276 0.000000
v -0.056008 1.998708 0.000001
v -0.025947 1.998852 -0.011248
v -0.041100 1.201086 -0.012692
v -0.049280 2.131538 0.000001
v -0.020421 1.998865 -0.011248
v -0.027349 1.200929 -0.012692
v -0.022437 2.131646 -0.009197
v -0.043889 2.289266 0.000001
v 0.000018 1.200703 -0.019906
v -0.019162 2.290409 -0.007145
v -0.029634 2.345194 0.000001
v -0.015911 2.131661 -0.009197
v 0.000017 1.998965 -0.017267
v -0.013547 2.290478 -0.007145
v 0.020421 1.998865 -0.011248
v 0.027349 1.200929 -0.012692
v 0.000015 2.131763 -0.015060
v 0.015911 2.131661 -0.009197
v 0.000015 2.290961 -0.010662
v 0.000021 2.322384 -0.007145
v 0.013547 2.290478 -0.007145
v -0.000011 2.330880 -0.007145
v 0.000011 2.404973 0.000001
v 0.029634 2.345194 0.000001
v 0.019162 2.290409 -0.007145
v 0.043889 2.289266 0.000001
v 0.022437 2.131646 -0.009197
v 0.049280 2.131538 0.000001
v 0.025948 1.998852 -0.011248
v 0.056008 1.998708 0.000001
v 0.068734 1.201276 0.000000
v 0.041100 1.201093 -0.012692
v -0.025947 1.998852 0.011250
v -0.056008 1.998708 0.000001
v -0.068734 1.201276 0.000000
v -0.041100 1.201086 0.012692
v -0.049280 2.131538 0.000001
v -0.020421 1.998865 0.011250
v -0.027349 1.200929 0.012692
v -0.022437 2.131646 0.009198
v -0.043889 2.289266 0.000001
v 0.000018 1.200703 0.019907
v -0.019162 2.290409 0.007146
v -0.029634 2.345194 0.000001
v -0.015911 2.131661 0.009198
v 0.000017 1.998965 0.017269
v 0.020421 1.998865 0.011250
v 0.027349 1.200929 0.012692
v 0.000015 2.131763 0.015062
v 0.025948 1.998852 0.011250
v 0.041100 1.201093 0.012692
v 0.068734 1.201276 0.000000
v 0.056008 1.998708 0.000001
v 0.049280 2.131538 0.000001
v 0.022437 2.131646 0.009198
v 0.043889 2.289266 0.000001
v 0.015911 2.131661 0.009198
v 0.019162 2.290409 0.007146
v 0.029634 2.345194 0.000001
v 0.013547 2.290478 0.007146
v 0.000015 2.290961 0.010664
v 0.000021 2.322384 0.007147
v -0.013547 2.290478 0.007146
v -0.000011 2.330880 0.007147
v 0.000011 2.404973 0.000001
v 0.000000 0.290361 -0.067233
v 0.000000 0.314216 -0.065740
v 0.036664 0.314217 -0.062614
v -0.036664 0.314217 -0.062614
v 0.037495 0.290361 -0.064034
v -0.037495 0.290361 -0.064034
v 0.070030 0.314217 -0.053485
v -0.070030 0.314217 -0.053485
v 0.071612 0.290360 -0.054694
v -0.071612 0.290360 -0.054694
v 0.096982 0.314218 -0.039099
v -0.096982 0.314218 -0.039099
v 0.099160 0.290359 -0.039977
v -0.099160 0.290359 -0.039977
v 0.114756 0.314220 -0.020690
v -0.114756 0.314220 -0.020690
v 0.117317 0.290357 -0.021152
v -0.117317 0.290357 -0.021152
v 0.121061 0.314222 -0.000000
v -0.121061 0.314222 -0.000000
v 0.123754 0.290355 -0.000000
v -0.123754 0.290355 -0.000000
v 0.117317 0.290357 0.021152
v -0.117317 0.290357 0.021152
v 0.114756 0.314220 0.020690
v -0.114756 0.314220 0.020690
v 0.099160 0.290359 0.039977
v -0.099160 0.290359 0.039977
v 0.096982 0.314218 0.039099
v -0.096982 0.314218 0.039099
v 0.071612 0.290360 0.054694
v -0.071612 0.290360 0.054694
v 0.070030 0.314217 0.053485
v -0.070030 0.314217 0.053485
v 0.037495 0.290361 0.064034
v -0.037495 0.290361 0.064034
v 0.036664 0.314217 0.062614
v -0.036664 0.314217 0.062614
v 0.000000 0.290361 0.067233
v 0.000000 0.314216 0.065740
v 0.048043 0.254343 -0.000000
v 0.040525 0.219688 -0.000000
v 0.028655 0.219688 -0.028656
v 0.028655 0.219688 0.028655
v 0.033972 0.254343 -0.033972
v 0.000000 0.219688 -0.040525
v 0.033972 0.254343 0.033972
v 0.000000 0.219688 0.040525
v 0.063007 0.288999 -0.000000
v 0.044552 0.288999 0.044552
v 0.044552 0.288999 -0.044552
v 0.000000 0.254343 0.048043
v 0.000000 0.288999 0.063007
v -0.028655 0.219688 0.028655
v -0.033972 0.254343 0.033972
v -0.044552 0.288999 0.044552
v -0.040525 0.219688 -0.000000
v -0.048043 0.254343 -0.000000
v -0.063007 0.288999 -0.000000
v -0.044552 0.288999 -0.044552
v -0.033972 0.254343 -0.033972
v -0.028655 0.219688 -0.028656
v 0.000000 0.288999 -0.063007
v 0.000000 0.254343 -0.048043
v -0.058934 -0.270040 0.058933
v -0.066938 -0.282820 0.066938
v -0.036227 -0.282820 0.087458
v -0.077001 -0.270040 0.031894
v -0.087459 -0.282820 0.036226
v -0.031895 -0.270040 0.077000
v 0.000000 -0.282820 0.094664
v -0.044960 -0.270040 0.044959
v 0.000000 -0.270040 0.083344
v 0.036227 -0.282820 0.087458
v 0.000000 -0.270040 0.063582
v -0.063582 -0.270040 -0.000000
v 0.031895 -0.270040 0.077000
v 0.044960 -0.270040 0.044959
v 0.066938 -0.282820 0.066938
v 0.058934 -0.270040 0.058933
v 0.087459 -0.282820 0.036226
v 0.077001 -0.270040 0.031894
v 0.063582 -0.270040 -0.000000
v 0.094665 -0.282820 -0.000000
v 0.083345 -0.270040 -0.000000
v 0.087459 -0.282820 -0.036227
v 0.077001 -0.270040 -0.031895
v 0.044960 -0.270040 -0.044960
v 0.066938 -0.282820 -0.066938
v 0.058934 -0.270040 -0.058934
v 0.036227 -0.282820 -0.087459
v 0.031895 -0.270040 -0.077001
v -0.000000 -0.270040 -0.063583
v -0.000000 -0.282820 -0.094665
v -0.000000 -0.270040 -0.083345
v -0.036227 -0.282820 -0.087459
v -0.031895 -0.270040 -0.077001
v -0.044960 -0.270040 -0.044960
v -0.066938 -0.282820 -0.066938
v -0.058934 -0.270040 -0.058934
v -0.087459 -0.282820 -0.036227
v -0.077001 -0.270040 -0.031895
v -0.094665 -0.282820 -0.000000
v -0.083345 -0.270040 -0.000000
v -0.066938 -0.289636 0.066938
v -0.066938 -0.282820 0.066938
v -0.087459 -0.282820 0.036226
v -0.087459 -0.289636 0.036226
v -0.094665 -0.282820 -0.000000
v -0.036227 -0.289636 0.087458
v -0.036227 -0.282820 0.087458
v -0.094665 -0.289636 -0.000000
v -0.087459 -0.282820 -0.036227
v -0.087459 -0.289636 -0.036227
v -0.066938 -0.282820 -0.066938
v -0.069123 -0.307778 0.028631
v -0.066938 -0.289636 -0.066938
v -0.036227 -0.282820 -0.087459
v -0.074818 -0.307778 -0.000000
v -0.069123 -0.307778 -0.028632
v -0.040269 -0.316369 0.016680
v -0.036227 -0.289636 -0.087459
v -0.000000 -0.282820 -0.094665
v -0.052905 -0.307778 -0.052905
v -0.000000 -0.289636 -0.094665
v 0.036227 -0.282820 -0.087459
v -0.028632 -0.307778 -0.069123
v 0.036227 -0.289636 -0.087459
v 0.066938 -0.282820 -0.066938
v -0.000000 -0.307778 -0.074819
v 0.066938 -0.289636 -0.066938
v 0.087459 -0.282820 -0.036227
v 0.028632 -0.307778 -0.069123
v 0.087459 -0.289636 -0.036227
v 0.094665 -0.282820 -0.000000
v 0.052905 -0.307778 -0.052905
v 0.094665 -0.289636 -0.000000
v 0.087459 -0.282820 0.036226
v 0.069123 -0.307778 -0.028632
v 0.087459 -0.289636 0.036226
v 0.066938 -0.282820 0.066938
v 0.074818 -0.307778 -0.000000
v 0.066938 -0.289636 0.066938
v 0.036227 -0.282820 0.087458
v 0.069123 -0.307778 0.028631
v 0.036227 -0.289636 0.087458
v 0.000000 -0.282820 0.094664
v 0.052905 -0.307778 0.052904
v 0.000000 -0.289636 0.094664
v 0.028632 -0.307778 0.069123
v 0.000000 -0.307778 0.074818
v -0.028632 -0.307778 0.069123
v 0.016680 -0.316369 0.040269
v -0.052905 -0.307778 0.052904
v -0.000000 -0.316369 0.043586
v -0.016680 -0.316369 0.040269
v -0.030821 -0.316369 0.030820
v -0.000000 -0.316369 -0.000000
v -0.043587 -0.316369 -0.000000
v -0.040269 -0.316369 -0.016680
v -0.030821 -0.316369 -0.030821
v -0.016680 -0.316369 -0.040269
v -0.000000 -0.316369 -0.043587
v 0.016680 -0.316369 -0.040269
v 0.030821 -0.316369 -0.030821
v 0.040269 -0.316369 -0.016680
v 0.043587 -0.316369 -0.000000
v 0.040269 -0.316369 0.016680
v 0.030821 -0.316369 0.030820
vn 0.2128 0.0064 -0.9771
vn 0.4173 0.0095 -0.9087
vn 0.4160 0.0145 -0.9092
vn 0.4078 0.0253 0.9127
vn 0.4173 0.0095 0.9087
vn 0.2071 0.0115 -0.9783
vn 0.4197 0.0096 0.9076
vn 0.1742 0.0091 0.9847
vn 0.1294 0.0046 -0.9916
vn 0.3974 0.0348 0.9170
vn 0.3974 0.0348 -0.9170
vn 0.4000 0.0260 0.9162
vn -0.0000 0.0030 1.0000
vn 0.1282 0.0039 0.9917
vn 0.1794 0.0338 -0.9832
vn 0.3629 0.0845 -0.9280
vn 0.3532 0.1069 -0.9294
vn 0.2118 0.0621 -0.9753
vn -0.0000 -0.0000 -1.0000
vn 0.1799 0.0056 -0.9837
vn 0.3443 0.0394 -0.9380
vn 0.0003 0.0268 -0.9996
vn 0.1926 0.0062 -0.9813
vn -0.0000 0.0031 -1.0000
vn 0.0021 0.0080 -1.0000
vn 0.1296 0.0039 -0.9916
vn 0.0009 0.0119 -0.9999
vn -0.1300 0.0068 -0.9915
vn 0.0002 0.0122 -0.9999
vn -0.0000 0.0268 -0.9996
vn -0.2570 0.0057 -0.9664
vn -0.0000 0.0030 -1.0000
vn -0.1990 0.0095 -0.9800
vn -0.1883 0.0215 -0.9819
vn -0.2739 0.0143 -0.9617
vn -0.4107 0.0094 -0.9117
vn -0.1774 0.0360 -0.9835
vn -0.1881 0.0215 -0.9819
vn -0.2217 0.0681 -0.9727
vn -0.4108 0.0094 -0.9117
vn -0.4160 0.0146 -0.9092
vn -0.4160 0.0145 -0.9092
vn -0.4173 0.0095 -0.9087
vn -0.3974 0.0348 -0.9170
vn -0.3663 0.0902 -0.9261
vn -0.3695 0.1119 -0.9225
vn -0.0000 -1.0000 -0.0000
vn -0.0000 1.0000 -0.0000
vn -0.0000 1.0000 -0.0001
vn -0.0000 1.0000 0.0001
vn -0.0000 -1.0000 0.0001
vn -0.0000 -1.0000 -0.0001
vn 0.2118 0.0621 0.9753
vn 0.3532 0.1069 0.9294
vn 0.3629 0.0845 0.9280
vn 0.1794 0.0338 0.9832
vn 0.3973 0.0349 0.9170
vn 0.1634 0.0187 0.9864
vn 0.4001 0.0260 0.9161
vn 0.1992 0.0095 0.9799
vn 0.1739 0.0091 0.9847
vn 0.0002 0.0268 0.9996
vn 0.1926 0.0062 0.9813
vn 0.1285 0.0037 0.9917
vn 0.0021 0.0080 1.0000
vn 0.0009 0.0119 0.9999
vn -0.1300 0.0068 0.9915
vn 0.0002 0.0122 0.9999
vn -0.1932 0.0051 0.9812
vn -0.2128 0.0064 0.9771
vn -0.1990 0.0095 0.9800
vn -0.1632 0.0187 0.9864
vn -0.2071 0.0115 0.9783
vn -0.1774 0.0360 0.9835
vn -0.2217 0.0681 0.9727
vn -0.3663 0.0902 0.9261
vn -0.3695 0.1119 0.9225
vn -0.3974 0.0348 0.9170
vn -0.4160 0.0145 0.9092
vn -0.4173 0.0095 0.9087
vn 0.0002 1.0000 0.0006
vn -0.0476 0.6802 0.7315
vn 0.5804 0.4973 0.6449
vn -0.0637 0.1754 0.9824
vn -0.7482 0.2091 0.6297
vn 0.6792 0.1066 0.7262
vn -0.7624 0.1297 0.6339
vn -0.0663 0.0924 0.9935
vn 0.6792 0.0578 0.7317
vn -0.7653 0.0696 0.6398
vn 0.0002 1.0000 -0.0006
vn 0.5804 0.4973 -0.6449
vn -0.0476 0.6802 -0.7315
vn -0.0637 0.1754 -0.9824
vn -0.7482 0.2091 -0.6297
vn 0.6792 0.1066 -0.7262
vn -0.7624 0.1297 -0.6339
vn -0.0663 0.0924 -0.9935
vn 0.6792 0.0578 -0.7317
vn -0.7653 0.0696 -0.6398
vn -0.6145 0.4948 -0.6145
vn -0.8176 0.4656 -0.3387
vn -0.8783 0.3102 -0.3638
vn -0.6668 0.3330 -0.6667
vn -0.0000 0.4948 -0.8690
vn -0.9214 0.0735 -0.3816
vn -0.9236 0.0258 -0.3826
vn -0.7068 0.0279 -0.7068
vn -0.7049 0.0795 -0.7049
vn -0.0000 0.0279 -0.9996
vn -0.0000 0.3330 -0.9429
vn 0.6145 0.4948 -0.6145
vn -0.0000 0.0795 -0.9968
vn 0.7068 0.0279 -0.7068
vn 0.6667 0.3330 -0.6668
vn 0.8176 0.4656 -0.3387
vn 0.8783 0.3102 -0.3638
vn 0.7049 0.0795 -0.7049
vn 0.9214 0.0735 -0.3816
vn 0.9236 0.0258 -0.3826
vn 0.6145 0.4948 0.6145
vn 0.8176 0.4656 0.3387
vn 0.8783 0.3102 0.3638
vn 0.6668 0.3330 0.6667
vn -0.0000 0.4948 0.8690
vn 0.9214 0.0735 0.3816
vn 0.9236 0.0258 0.3826
vn 0.7068 0.0279 0.7068
vn 0.7049 0.0795 0.7049
vn -0.0000 0.0279 0.9996
vn -0.0000 0.3330 0.9429
vn -0.6145 0.4948 0.6145
vn -0.0000 0.0795 0.9968
vn -0.7068 0.0279 0.7068
vn -0.6667 0.3330 0.6668
vn -0.8176 0.4656 0.3387
vn -0.8783 0.3102 0.3638
vn -0.7049 0.0795 0.7049
vn -0.9214 0.0735 0.3816
vn -0.9236 0.0258 0.3826
vn -0.4156 0.0095 -0.9095
vn -0.3505 0.0115 -0.9365
vn -0.1779 0.0105 -0.9840
vn -0.2148 0.0058 -0.9766
vn -0.3262 0.0169 -0.9452
vn -0.1415 0.0113 -0.9899
vn -0.1286 0.0029 -0.9917
vn -0.1628 0.0160 -0.9865
vn -0.2820 0.0411 -0.9585
vn 0.0002 0.0041 -1.0000
vn -0.1506 0.0332 -0.9880
vn -0.2047 0.0897 -0.9747
vn -0.1749 0.0158 -0.9845
vn 0.0002 0.0140 -0.9999
vn -0.1135 0.0298 -0.9931
vn 0.1418 0.0113 -0.9898
vn 0.1288 0.0029 -0.9917
vn 0.0017 0.0199 -0.9998
vn 0.1738 0.0178 -0.9846
vn 0.0018 0.0675 -0.9977
vn -0.0000 0.0143 -0.9999
vn 0.1121 0.0272 -0.9933
vn -0.0001 0.0805 -0.9968
vn -0.0000 0.0960 -0.9954
vn 0.2046 0.0896 -0.9747
vn 0.1506 0.0332 -0.9880
vn 0.2820 0.0411 -0.9585
vn 0.1628 0.0160 -0.9865
vn 0.3262 0.0169 -0.9452
vn 0.1779 0.0105 -0.9840
vn 0.3505 0.0115 -0.9365
vn 0.4156 0.0095 -0.9095
vn 0.2148 0.0058 -0.9766
vn -0.1779 0.0105 0.9840
vn -0.3505 0.0115 0.9365
vn -0.4156 0.0095 0.9095
vn -0.2148 0.0058 0.9766
vn -0.3262 0.0169 0.9452
vn -0.1415 0.0113 0.9899
vn -0.1286 0.0029 0.9917
vn -0.1628 0.0160 0.9865
vn -0.2820 0.0411 0.9585
vn 0.0002 0.0041 1.0000
vn -0.1506 0.0332 0.9880
vn -0.2047 0.0897 0.9747
vn -0.1749 0.0158 0.9845
vn 0.0002 0.0140 0.9999
vn 0.1418 0.0113 0.9898
vn 0.1288 0.0029 0.9917
vn -0.1199 0.0209 0.9926
vn 0.1726 0.0101 0.9849
vn 0.2148 0.0058 0.9766
vn 0.4156 0.0095 0.9095
vn 0.3505 0.0115 0.9365
vn 0.3278 0.0120 0.9447
vn 0.3296 0.0191 0.9439
vn 0.1628 0.0160 0.9865
vn 0.3241 0.0232 0.9457
vn 0.2820 0.0411 0.9585
vn 0.1738 0.0178 0.9846
vn 0.3461 0.0156 0.9381
vn 0.1506 0.0332 0.9880
vn 0.2046 0.0896 0.9747
vn 0.1121 0.0272 0.9933
vn 0.0018 0.0675 0.9977
vn -0.0000 0.0143 0.9999
vn -0.1135 0.0298 0.9931
vn -0.0001 0.0805 0.9968
vn -0.0000 0.0960 0.9954
vn -0.0000 0.0625 -0.9980
vn 0.1734 0.0646 -0.9827
vn -0.1734 0.0646 -0.9827
vn 0.1762 0.0646 -0.9822
vn -0.1762 0.0646 -0.9822
vn 0.3660 0.0713 -0.9279
vn -0.3660 0.0713 -0.9279
vn 0.3717 0.0714 -0.9256
vn -0.3717 0.0714 -0.9256
vn 0.5964 0.0839 -0.7983
vn -0.5964 0.0839 -0.7983
vn 0.6045 0.0842 -0.7921
vn -0.6045 0.0842 -0.7921
vn 0.8546 0.1017 -0.5092
vn -0.8546 0.1017 -0.5092
vn 0.8603 0.1019 -0.4995
vn -0.8603 0.1019 -0.4995
vn 0.9937 0.1123 -0.0000
vn -0.9937 0.1123 -0.0000
vn 0.9937 0.1121 -0.0000
vn -0.9937 0.1121 -0.0000
vn 0.8603 0.1019 0.4995
vn -0.8603 0.1019 0.4995
vn 0.8546 0.1017 0.5092
vn -0.8546 0.1017 0.5092
vn 0.6045 0.0842 0.7921
vn -0.6045 0.0842 0.7921
vn 0.5964 0.0839 0.7983
vn -0.5964 0.0839 0.7983
vn 0.3717 0.0714 0.9256
vn -0.3717 0.0714 0.9256
vn 0.3660 0.0713 0.9279
vn -0.3660 0.0713 0.9279
vn 0.1762 0.0646 0.9822
vn -0.1762 0.0646 0.9822
vn 0.1734 0.0646 0.9827
vn -0.1734 0.0646 0.9827
vn -0.0000 0.0624 0.9980
vn -0.0000 0.0625 0.9980
vn 0.9498 -0.3127 -0.0000
vn 0.9773 -0.2120 -0.0000
vn 0.6910 -0.2120 -0.6910
vn 0.6910 -0.2120 0.6910
vn 0.6716 -0.3127 -0.6716
vn -0.0000 -0.2120 -0.9773
vn 0.6716 -0.3127 0.6716
vn -0.0000 -0.2120 0.9773
vn 0.9181 -0.3964 -0.0000
vn 0.6492 -0.3964 0.6492
vn 0.6492 -0.3964 -0.6492
vn -0.0000 -0.3127 0.9498
vn -0.0000 -0.3964 0.9181
vn -0.6910 -0.2120 0.6910
vn -0.6716 -0.3127 0.6716
vn -0.6492 -0.3964 0.6492
vn -0.9773 -0.2120 -0.0000
vn -0.9498 -0.3128 -0.0000
vn -0.9181 -0.3964 -0.0000
vn -0.6492 -0.3964 -0.6492
vn -0.6716 -0.3127 -0.6716
vn -0.6910 -0.2120 -0.6910
vn -0.0000 -0.3964 -0.9181
vn -0.0000 -0.3127 -0.9498
vn -0.3191 0.8924 0.3191
vn -0.5293 0.6630 0.5293
vn -0.2865 0.6630 0.6916
vn -0.4169 0.8924 0.1727
vn -0.6916 0.6630 0.2865
vn -0.1727 0.8924 0.4169
vn -0.0000 0.6630 0.7486
vn -0.0000 0.8924 0.4513
vn 0.2865 0.6630 0.6916
vn 0.1727 0.8924 0.4169
vn 0.5293 0.6630 0.5293
vn 0.3191 0.8924 0.3191
vn 0.6916 0.6630 0.2865
vn 0.4169 0.8924 0.1727
vn 0.7486 0.6630 -0.0000
vn 0.4513 0.8924 -0.0000
vn 0.6916 0.6630 -0.2865
vn 0.4169 0.8924 -0.1727
vn 0.5293 0.6630 -0.5293
vn 0.3191 0.8924 -0.3191
vn 0.2865 0.6630 -0.6916
vn 0.1727 0.8924 -0.4169
vn -0.0000 0.6630 -0.7486
vn -0.0000 0.8924 -0.4513
vn -0.2865 0.6630 -0.6916
vn -0.1727 0.8924 -0.4169
vn -0.5293 0.6630 -0.5293
vn -0.3191 0.8924 -0.3191
vn -0.6916 0.6630 -0.2865
vn -0.4169 0.8924 -0.1727
vn -0.7486 0.6630 -0.0000
vn -0.4513 0.8924 -0.0000
vn -0.6523 -0.3859 0.6523
vn -0.7071 -0.0000 0.7071
vn -0.9239 -0.0000 0.3827
vn -0.8523 -0.3859 0.3530
vn -1.0000 -0.0000 -0.0000
vn -0.3530 -0.3859 0.8523
vn -0.3827 -0.0000 0.9239
vn -0.9225 -0.3859 -0.0000
vn -0.9239 -0.0000 -0.3827
vn -0.8523 -0.3859 -0.3530
vn -0.7071 -0.0000 -0.7071
vn -0.4667 -0.8630 0.1933
vn -0.6523 -0.3859 -0.6523
vn -0.3827 -0.0000 -0.9239
vn -0.5051 -0.8630 -0.0000
vn -0.4667 -0.8630 -0.1933
vn -0.1387 -0.9887 0.0575
vn -0.3530 -0.3859 -0.8523
vn -0.3572 -0.8630 -0.3572
vn -0.0000 -0.3859 -0.9225
vn 0.3827 -0.0000 -0.9239
vn -0.1933 -0.8630 -0.4667
vn 0.3530 -0.3859 -0.8523
vn 0.7071 -0.0000 -0.7071
vn -0.0000 -0.8630 -0.5051
vn 0.6523 -0.3859 -0.6523
vn 0.9239 -0.0000 -0.3827
vn 0.1933 -0.8630 -0.4667
vn 0.8523 -0.3859 -0.3530
vn 1.0000 -0.0000 -0.0000
vn 0.3572 -0.8630 -0.3572
vn 0.9225 -0.3859 -0.0000
vn 0.9239 -0.0000 0.3827
vn 0.4667 -0.8630 -0.1933
vn 0.8523 -0.3859 0.3530
vn 0.7071 -0.0000 0.7071
vn 0.5694 -0.8219 -0.0156
vn 0.6523 -0.3859 0.6523
vn 0.3827 -0.0000 0.9239
vn 0.5005 -0.8379 0.2179
vn 0.3530 -0.3859 0.8523
vn -0.0000 -0.0000 1.0000
vn 0.3572 -0.8630 0.3572
vn -0.0000 -0.3859 0.9225
vn 0.1933 -0.8630 0.4667
vn -0.0000 -0.8630 0.5051
vn -0.1933 -0.8630 0.4667
vn 0.0575 -0.9887 0.1387
vn -0.3572 -0.8630 0.3572
vn -0.0000 -0.9887 0.1502
vn -0.0575 -0.9887 0.1387
vn -0.1062 -0.9887 0.1062
vn -0.1502 -0.9887 -0.0000
vn -0.1387 -0.9887 -0.0575
vn -0.1062 -0.9887 -0.1062
vn -0.0575 -0.9887 -0.1387
vn -0.0000 -0.9887 -0.1502
vn 0.0575 -0.9887 -0.1387
vn 0.1062 -0.9887 -0.1062
vn 0.1387 -0.9887 -0.0575
vn 0.1326 -0.9911 -0.0080
vn 0.2648 -0.9629 0.0527
vn 0.1387 -0.9887 0.0575
vn 0.1062 -0.9887 0.1062
vt 0.550293 0.276544
vt 0.605276 0.276397
vt 0.638642 0.865679
vt 0.575294 0.888686
vt 0.522932 0.276674
vt 0.645996 0.911893
vt 0.584773 0.947317
vt 0.660302 0.946728
vt 0.693636 0.990922
vt 0.615120 0.991153
vt 0.550277 0.991285
vt 0.537887 0.947820
vt 0.468555 0.991583
vt 0.533486 0.888492
vt 0.468552 0.276854
vt 0.468553 0.888840
vt 0.414099 0.276674
vt 0.468554 0.948614
vt 0.403545 0.888492
vt 0.386738 0.276549
vt 0.399144 0.947820
vt 0.386754 0.991285
vt 0.361737 0.888686
vt 0.352258 0.947317
vt 0.317876 0.991153
vt 0.298389 0.865679
vt 0.331755 0.276397
vt 0.291035 0.911893
vt 0.276730 0.946728
vt 0.243395 0.990922
vt 0.267458 0.851401
vt 0.209217 0.863463
vt 0.209217 0.921705
vt 0.185092 0.892584
vt 0.267458 0.933767
vt 0.591210 0.099499
vt 0.597463 0.136145
vt 0.591210 0.172790
vt 0.572952 0.206134
vt 0.572952 0.066156
vt 0.544186 0.233057
vt 0.544186 0.039233
vt 0.507390 0.250802
vt 0.507390 0.021488
vt 0.466045 0.257093
vt 0.466045 0.015196
vt 0.740289 0.100345
vt 0.740289 0.170566
vt 0.746280 0.135456
vt 0.722796 0.202513
vt 0.722796 0.068399
vt 0.695234 0.228308
vt 0.695235 0.042603
vt 0.659979 0.025601
vt 0.659979 0.245310
vt 0.620367 0.251338
vt 0.620367 0.019573
vt 0.090163 0.020751
vt 0.091229 0.022519
vt 0.094889 0.022222
vt 0.091028 0.026547
vt 0.088368 0.022230
vt 0.099328 0.026214
vt 0.083682 0.026144
vt 0.087703 0.104062
vt 0.129942 0.102512
vt 0.050339 0.102155
vt 0.229360 0.290323
vt 0.298502 0.290323
vt 0.296648 0.312264
vt 0.228357 0.312264
vt 0.160135 0.290323
vt 0.293315 0.351478
vt 0.255324 0.797758
vt 0.206178 0.797758
vt 0.226566 0.351478
vt 0.156987 0.797758
vt 0.159999 0.312264
vt 0.090912 0.290323
vt 0.159756 0.351478
vt 0.107796 0.797758
vt 0.091642 0.312264
vt 0.021749 0.290323
vt 0.023333 0.312264
vt 0.092947 0.351478
vt 0.026181 0.351478
vt 0.058638 0.797758
vt 0.715927 0.990342
vt 0.741247 0.353433
vt 0.801059 0.353317
vt 0.770910 0.990494
vt 0.754634 0.247341
vt 0.812056 0.353307
vt 0.798271 0.990620
vt 0.808043 0.247255
vt 0.765361 0.121363
vt 0.852724 0.990800
vt 0.814561 0.120450
vt 0.793724 0.076693
vt 0.821029 0.247243
vt 0.852721 0.353227
vt 0.825732 0.120395
vt 0.893319 0.353307
vt 0.907104 0.990620
vt 0.852717 0.247161
vt 0.884346 0.247243
vt 0.852717 0.120010
vt 0.852729 0.094912
vt 0.879643 0.120395
vt 0.852664 0.088126
vt 0.852709 0.028948
vt 0.911651 0.076693
vt 0.890814 0.120450
vt 0.940014 0.121363
vt 0.897331 0.247255
vt 0.950740 0.247341
vt 0.904315 0.353317
vt 0.964128 0.353433
vt 0.989448 0.990342
vt 0.934465 0.990489
vt 0.658250 0.416510
vt 0.700963 0.416510
vt 0.700963 0.450133
vt 0.700963 0.382887
vt 0.658250 0.450133
vt 0.658250 0.382887
vt 0.700963 0.481733
vt 0.700963 0.351287
vt 0.658250 0.481733
vt 0.658250 0.351287
vt 0.700963 0.509624
vt 0.700963 0.323397
vt 0.658250 0.509624
vt 0.658250 0.323397
vt 0.700963 0.532952
vt 0.700963 0.300069
vt 0.658250 0.532952
vt 0.658250 0.300069
vt 0.700963 0.552593
vt 0.700963 0.280427
vt 0.658250 0.552593
vt 0.658250 0.280427
vt 0.092383 0.828681
vt 0.158991 0.841416
vt 0.158991 0.868618
vt 0.092383 0.861477
vt 0.158991 0.896674
vt 0.021420 0.811152
vt 0.021420 0.852789
vt 0.092383 0.896697
vt 0.021420 0.896644
vt 0.158991 0.924760
vt 0.092383 0.931894
vt 0.021420 0.940532
vt 0.158991 0.951878
vt 0.092383 0.964642
vt 0.021420 0.982301
vt 0.222634 0.120560
vt 0.210335 0.126710
vt 0.178805 0.103116
vt 0.264179 0.134440
vt 0.257523 0.142475
vt 0.194874 0.099788
vt 0.167733 0.075285
vt 0.244104 0.109825
vt 0.185126 0.075285
vt 0.178805 0.047454
vt 0.215490 0.075285
vt 0.313184 0.124132
vt 0.194874 0.050782
vt 0.244104 0.040745
vt 0.210335 0.023860
vt 0.222633 0.030009
vt 0.257523 0.008095
vt 0.264179 0.016130
vt 0.313184 0.026438
vt 0.313184 0.002560
vt 0.313184 0.011256
vt 0.368845 0.008095
vt 0.362190 0.016130
vt 0.382264 0.040745
vt 0.416034 0.023860
vt 0.403735 0.030009
vt 0.447563 0.047454
vt 0.431494 0.050782
vt 0.410877 0.075285
vt 0.458635 0.075285
vt 0.441242 0.075285
vt 0.447563 0.103116
vt 0.431494 0.099788
vt 0.382264 0.109825
vt 0.416034 0.126710
vt 0.403735 0.120560
vt 0.368846 0.142475
vt 0.362190 0.134440
vt 0.313184 0.148010
vt 0.313184 0.139314
vt 0.264508 0.260178
vt 0.270465 0.264062
vt 0.228836 0.278457
vt 0.223247 0.274288
vt 0.164268 0.286056
vt 0.297797 0.236653
vt 0.306861 0.238905
vt 0.164268 0.280938
vt 0.102955 0.279545
vt 0.107459 0.275013
vt 0.052641 0.261347
vt 0.208261 0.261352
vt 0.060409 0.258368
vt 0.023850 0.240532
vt 0.164268 0.265727
vt 0.120276 0.261352
vt 0.189897 0.239185
vt 0.032189 0.237738
vt 0.008653 0.208248
vt 0.082981 0.248892
vt 0.018888 0.208248
vt 0.021675 0.177592
vt 0.058062 0.230245
vt 0.030739 0.179844
vt 0.058070 0.152435
vt 0.049311 0.208248
vt 0.064029 0.156319
vt 0.099701 0.138039
vt 0.058062 0.186252
vt 0.105290 0.142209
vt 0.164268 0.130441
vt 0.082981 0.167605
vt 0.164268 0.135559
vt 0.228836 0.138039
vt 0.120276 0.155145
vt 0.223247 0.142209
vt 0.270466 0.152435
vt 0.164268 0.150770
vt 0.264508 0.156319
vt 0.306861 0.177592
vt 0.208261 0.155145
vt 0.297797 0.179844
vt 0.319883 0.208248
vt 0.245555 0.167605
vt 0.309648 0.208248
vt 0.270475 0.186252
vt 0.279226 0.208248
vt 0.270475 0.230245
vt 0.226141 0.195434
vt 0.245555 0.248892
vt 0.231239 0.208248
vt 0.226141 0.221063
vt 0.211624 0.231926
vt 0.164268 0.208248
vt 0.164268 0.241734
vt 0.138640 0.239185
vt 0.116913 0.231926
vt 0.102396 0.221063
vt 0.097298 0.208248
vt 0.102396 0.195434
vt 0.116913 0.184571
vt 0.138640 0.177312
vt 0.164268 0.174763
vt 0.189897 0.177312
vt 0.211624 0.184571
s 1
usemtl 材质.009
f 925/729/847 926/730/848 927/731/849
f 928/731/850 929/730/851 930/729/851
f 927/731/849 931/732/852 925/729/847
f 930/729/853 932/732/854 928/731/853
f 933/733/855 925/729/847 931/732/852
f 928/731/850 932/732/854 934/734/856
f 927/731/849 935/734/857 931/732/852
f 932/732/858 930/729/859 936/733/860
f 937/735/861 931/732/852 935/734/857
f 935/734/857 938/736/862 937/735/861
f 938/736/862 939/737/863 940/738/864
f 940/738/864 937/735/861 938/736/862
f 937/735/861 940/738/864 941/739/865
f 941/739/865 942/740/866 937/735/861
f 931/732/852 937/735/861 942/740/866
f 942/740/867 941/739/867 943/741/868
f 942/740/866 944/742/869 931/732/852
f 931/732/852 944/742/869 933/733/870
f 945/743/871 933/733/872 944/742/869
f 944/742/869 946/744/873 945/743/871
f 946/744/873 944/742/869 942/740/866
f 947/745/874 945/743/871 946/744/873
f 942/740/866 948/746/875 946/744/873
f 943/741/876 948/746/875 942/740/866
f 946/744/873 949/747/877 947/745/874
f 950/748/878 947/745/874 949/747/877
f 946/744/873 948/746/875 951/749/879
f 951/749/879 949/747/877 946/744/873
f 951/749/879 948/746/875 943/741/876
f 943/741/876 952/750/880 951/749/879
f 953/751/881 949/747/877 951/749/879
f 949/747/878 953/751/878 950/748/882
f 954/752/883 951/749/879 952/750/865
f 951/749/879 954/752/883 953/751/881
f 952/750/884 955/753/885 954/752/883
f 950/748/886 953/751/881 956/754/887
f 956/754/888 957/755/889 950/748/886
f 953/751/881 958/756/890 956/754/887
f 958/756/890 953/751/881 954/752/883
f 954/752/883 959/757/891 958/756/890
f 959/757/891 954/752/883 955/753/885
f 955/753/885 960/758/892 959/757/891
f 961/759/893 962/760/893 963/761/893
f 962/760/893 964/762/893 963/761/893
f 965/761/893 966/763/893 967/759/893
f 967/759/893 966/763/893 968/761/893
f 968/761/893 969/760/893 967/759/893
f 969/760/893 968/761/893 970/762/893
f 971/764/894 972/765/895 973/766/894
f 971/764/894 973/766/894 974/767/895
f 974/767/895 975/768/895 971/764/894
f 975/768/895 974/767/895 976/769/895
f 976/769/895 977/770/895 975/768/895
f 977/770/895 976/769/895 978/771/895
f 978/771/895 979/772/895 977/770/895
f 979/772/895 978/771/895 980/773/894
f 980/773/894 981/774/894 979/772/895
f 982/772/896 981/774/894 980/773/894
f 980/773/894 983/771/896 982/772/896
f 984/770/896 982/772/896 983/771/896
f 983/771/896 985/769/896 984/770/896
f 986/768/896 984/770/896 985/769/896
f 985/769/896 987/767/896 986/768/896
f 988/764/894 986/768/896 987/767/896
f 987/767/896 989/766/894 988/764/894
f 988/764/894 989/766/894 990/765/896
f 991/775/893 992/776/893 993/777/893
f 994/778/897 992/776/893 991/775/893
f 991/775/893 995/779/897 994/778/897
f 996/780/897 994/778/897 995/779/897
f 995/779/897 997/781/897 996/780/897
f 996/780/897 997/781/897 998/782/897
f 998/782/897 999/783/897 996/780/897
f 1000/784/893 999/783/897 998/782/897
f 998/782/897 1001/785/893 1000/784/893
f 1000/784/893 1001/785/893 1002/782/898
f 1002/782/898 1003/783/898 1000/784/893
f 1004/780/898 1003/783/898 1002/782/898
f 1002/782/898 1005/781/898 1004/780/898
f 1004/780/898 1005/781/898 1006/779/898
f 1006/779/898 1007/778/898 1004/780/898
f 1007/778/898 1006/779/898 1008/775/893
f 1008/775/893 1009/776/893 1007/778/898
f 1008/775/893 1010/777/893 1009/776/893
f 1011/738/899 1012/737/900 1013/736/901
f 1013/736/901 1014/735/902 1011/738/899
f 1014/735/902 1013/736/901 934/734/903
f 1015/739/904 1011/738/899 1014/735/902
f 934/734/903 932/732/905 1014/735/902
f 1014/735/902 1016/740/906 1015/739/904
f 1016/740/906 1014/735/902 932/732/907
f 1017/741/908 1015/739/904 1016/740/906
f 932/732/907 1018/742/909 1016/740/906
f 936/733/910 1018/742/909 932/732/907
f 1018/742/909 936/733/910 1019/743/911
f 1019/743/911 1020/744/912 1018/742/909
f 1016/740/906 1018/742/909 1020/744/912
f 1020/744/912 1019/743/911 1021/745/913
f 1020/744/912 1022/746/914 1016/740/906
f 1016/740/906 1022/746/914 1017/741/908
f 1021/745/913 1023/747/915 1020/744/912
f 1023/747/915 1021/745/913 1024/748/916
f 1025/749/917 1022/746/914 1020/744/912
f 1017/741/908 1022/746/914 1025/749/917
f 1020/744/912 1023/747/915 1025/749/917
f 1025/749/917 1026/750/918 1017/741/908
f 1025/749/917 1023/747/915 1027/751/919
f 1024/748/916 1027/751/919 1023/747/915
f 1026/750/918 1025/749/917 1028/752/920
f 1027/751/919 1028/752/920 1025/749/917
f 1028/752/920 1029/753/921 1026/750/918
f 1030/757/922 1031/758/923 1029/753/921
f 1029/753/921 1028/752/920 1030/757/922
f 1032/756/924 1030/757/922 1028/752/920
f 1028/752/920 1027/751/919 1032/756/924
f 1027/751/919 1033/754/925 1032/756/924
f 1033/754/925 1027/751/919 1024/748/916
f 1024/748/916 1034/755/926 1033/754/925
f 1035/786/927 1036/787/928 1037/788/929
f 1037/788/929 1036/787/928 1038/789/930
f 1038/789/930 1036/787/928 1039/790/931
f 1038/789/930 1040/791/932 1037/788/929
f 1039/790/931 1041/792/933 1038/789/930
f 1040/791/932 1038/789/930 1042/793/934
f 1042/793/934 1038/789/930 1041/792/933
f 1042/793/934 1043/794/935 1040/791/932
f 1041/792/933 1044/795/936 1042/793/934
f 1045/786/937 1046/788/938 1047/787/939
f 1048/789/940 1047/787/939 1046/788/938
f 1049/790/941 1047/787/939 1048/789/940
f 1046/788/938 1050/791/942 1048/789/940
f 1048/789/940 1051/792/943 1049/790/941
f 1052/793/944 1048/789/940 1050/791/942
f 1051/792/943 1048/789/940 1052/793/944
f 1050/791/942 1053/794/945 1052/793/944
f 1052/793/944 1054/795/946 1051/792/943
f 1055/796/947 1056/797/948 1057/798/949
f 1057/798/949 1058/799/950 1055/796/947
f 1059/800/951 1055/796/947 1058/799/950
f 1058/799/950 1057/798/949 1060/801/952
f 1060/801/952 1061/802/953 1062/803/954
f 1062/803/954 1063/804/955 1060/801/952
f 1060/801/952 1063/804/955 1058/799/950
f 1063/804/955 1062/803/954 1064/805/956
f 1065/806/957 1058/799/950 1063/804/955
f 1058/799/950 1065/806/957 1059/800/951
f 1066/807/958 1059/800/951 1065/806/957
f 1064/805/956 1067/808/959 1063/804/955
f 1063/804/955 1067/808/959 1065/806/957
f 1067/808/959 1064/805/956 1068/809/960
f 1065/806/957 1069/810/961 1066/807/958
f 1069/810/961 1065/806/957 1067/808/959
f 1070/811/962 1066/807/958 1069/810/961
f 1069/810/961 1071/812/963 1070/811/962
f 1067/808/959 1072/813/964 1069/810/961
f 1071/812/963 1069/810/961 1072/813/964
f 1068/809/960 1072/813/964 1067/808/959
f 1072/813/964 1073/814/965 1071/812/963
f 1072/813/964 1068/809/960 1074/815/966
f 1074/815/966 1073/814/965 1072/813/964
f 1075/796/967 1076/797/968 1077/798/969
f 1077/798/969 1078/799/970 1075/796/967
f 1079/800/971 1075/796/967 1078/799/970
f 1078/799/970 1077/798/969 1080/801/972
f 1080/801/972 1081/802/973 1082/803/974
f 1082/803/974 1083/804/975 1080/801/972
f 1080/801/972 1083/804/975 1078/799/970
f 1083/804/975 1082/803/974 1084/805/976
f 1085/806/977 1078/799/970 1083/804/975
f 1078/799/970 1085/806/977 1079/800/971
f 1086/807/978 1079/800/971 1085/806/977
f 1084/805/976 1087/808/979 1083/804/975
f 1083/804/975 1087/808/979 1085/806/977
f 1087/808/979 1084/805/976 1088/809/980
f 1085/806/977 1089/810/981 1086/807/978
f 1089/810/981 1085/806/977 1087/808/979
f 1090/811/982 1086/807/978 1089/810/981
f 1089/810/981 1091/812/983 1090/811/982
f 1087/808/979 1092/813/984 1089/810/981
f 1091/812/983 1089/810/981 1092/813/984
f 1088/809/980 1092/813/984 1087/808/979
f 1092/813/984 1093/814/985 1091/812/983
f 1092/813/984 1088/809/980 1094/815/986
f 1094/815/986 1093/814/985 1092/813/984
f 1095/816/987 1096/817/988 1097/818/989
f 1097/818/989 1098/819/990 1095/816/987
f 1097/818/989 1096/817/988 1099/820/991
f 1098/819/990 1097/818/989 1100/821/992
f 1100/821/992 1101/822/993 1098/819/990
f 1099/820/991 1102/823/994 1097/818/989
f 1100/821/992 1097/818/989 1102/823/994
f 1102/823/994 1099/820/991 1103/824/995
f 1104/825/996 1101/822/993 1100/821/992
f 1103/824/995 1105/826/997 1102/823/994
f 1105/826/997 1103/824/995 1106/827/998
f 1102/823/994 1107/828/999 1100/821/992
f 1107/828/999 1102/823/994 1105/826/997
f 1108/829/1000 1100/821/992 1107/828/999
f 1100/821/992 1108/829/1000 1104/825/996
f 1105/826/997 1109/830/1001 1107/828/999
f 1104/825/996 1108/829/1000 1110/831/1002
f 1110/831/1002 1111/832/1003 1104/825/996
f 1107/828/999 1112/833/1004 1108/829/1000
f 1112/833/1004 1107/828/999 1109/830/1001
f 1108/829/1000 1112/833/1004 1113/834/1005
f 1113/834/1005 1110/831/1002 1108/829/1000
f 1109/830/1001 1114/835/1006 1112/833/1004
f 1113/834/1005 1112/833/1004 1114/835/1006
f 1114/835/1006 1109/830/1001 1115/836/1007
f 1115/836/1007 1109/830/1001 1105/826/997
f 1114/835/1006 1116/837/1008 1113/834/1005
f 1116/837/1008 1114/835/1006 1115/836/1007
f 1105/826/997 1117/838/1009 1115/836/1007
f 1106/827/998 1117/838/1009 1105/826/997
f 1106/827/998 1118/839/1010 1117/838/1009
f 1117/838/1009 1118/839/1010 1119/840/1011
f 1115/836/1007 1117/838/1009 1120/841/1012
f 1120/841/1012 1117/838/1009 1119/840/1011
f 1120/841/1012 1116/837/1008 1115/836/1007
f 1119/840/1011 1121/842/1013 1120/841/1012
f 1116/837/1008 1120/841/1012 1122/843/1014
f 1122/843/1014 1120/841/1012 1121/842/1013
f 1122/843/1014 1113/834/1005 1116/837/1008
f 1121/842/1013 1123/844/1015 1122/843/1014
f 1113/834/1005 1122/843/1014 1124/845/1016
f 1124/845/1016 1122/843/1014 1123/844/1015
f 1124/845/1016 1110/831/1002 1113/834/1005
f 1123/844/1015 1125/846/1017 1124/845/1016
f 1111/832/1003 1110/831/1002 1124/845/1016
f 1124/845/1016 1125/846/1017 1126/847/1018
f 1124/845/1016 1127/848/1019 1111/832/1003
f 1126/847/1018 1127/848/1019 1124/845/1016
f 1128/818/1020 1129/817/1021 1130/816/1022
f 1130/816/1022 1131/819/1023 1128/818/1020
f 1132/820/1024 1129/817/1021 1128/818/1020
f 1133/821/1025 1128/818/1020 1131/819/1023
f 1131/819/1023 1134/822/1026 1133/821/1025
f 1128/818/1020 1135/823/1027 1132/820/1024
f 1135/823/1027 1128/818/1020 1133/821/1025
f 1136/824/1028 1132/820/1024 1135/823/1027
f 1133/821/1025 1134/822/1026 1137/825/1029
f 1135/823/1027 1138/826/1030 1136/824/1028
f 1139/827/1031 1136/824/1028 1138/826/1030
f 1133/821/1025 1140/828/1032 1135/823/1027
f 1138/826/1030 1135/823/1027 1140/828/1032
f 1137/825/1029 1141/829/1033 1133/821/1025
f 1140/828/1032 1133/821/1025 1141/829/1033
f 1142/831/1034 1141/829/1033 1137/825/1029
f 1137/825/1029 1143/832/1035 1142/831/1034
f 1141/829/1033 1144/833/1036 1140/828/1032
f 1145/845/1037 1142/831/1034 1143/832/1035
f 1143/832/1035 1146/848/1038 1145/845/1037
f 1145/845/1037 1146/848/1038 1147/847/1039
f 1147/847/1039 1148/846/1040 1145/845/1037
f 1145/845/1037 1148/846/1040 1149/844/1041
f 1149/844/1042 1150/843/1043 1145/845/1044
f 1150/843/1043 1149/844/1042 1151/842/1045
f 1152/834/1046 1142/831/1034 1145/845/1037
f 1145/845/1037 1150/843/1043 1152/834/1046
f 1141/829/1033 1142/831/1034 1152/834/1046
f 1152/834/1046 1144/833/1047 1141/829/1033
f 1151/842/1045 1153/841/1048 1150/843/1043
f 1153/841/1048 1151/842/1045 1154/840/1049
f 1155/837/1050 1152/834/1046 1150/843/1043
f 1150/843/1043 1153/841/1048 1155/837/1050
f 1152/834/1046 1155/837/1050 1156/835/1051
f 1156/835/1051 1144/833/1036 1152/834/1046
f 1157/836/1052 1155/837/1050 1153/841/1048
f 1155/837/1050 1157/836/1052 1156/835/1051
f 1144/833/1036 1156/835/1051 1158/830/1053
f 1156/835/1051 1157/836/1052 1158/830/1053
f 1158/830/1053 1140/828/1032 1144/833/1036
f 1140/828/1032 1158/830/1053 1138/826/1030
f 1138/826/1030 1158/830/1053 1157/836/1052
f 1157/836/1052 1159/838/1054 1138/826/1030
f 1153/841/1048 1159/838/1054 1157/836/1052
f 1138/826/1030 1159/838/1054 1139/827/1031
f 1154/840/1049 1159/838/1054 1153/841/1048
f 1139/827/1031 1159/838/1054 1160/839/1055
f 1159/838/1054 1154/840/1049 1160/839/1055
f 1161/849/1056 1162/850/1056 1163/851/1057
f 1164/852/1058 1162/850/1056 1161/849/1056
f 1163/851/1057 1165/853/1059 1161/849/1056
f 1161/849/1056 1166/854/1060 1164/852/1058
f 1165/853/1059 1163/851/1057 1167/855/1061
f 1168/856/1062 1164/852/1058 1166/854/1060
f 1167/855/1061 1169/857/1063 1165/853/1059
f 1166/854/1060 1170/858/1064 1168/856/1062
f 1169/857/1063 1167/855/1061 1171/859/1065
f 1172/860/1066 1168/856/1062 1170/858/1064
f 1171/859/1065 1173/861/1067 1169/857/1063
f 1170/858/1064 1174/862/1068 1172/860/1066
f 1173/861/1067 1171/859/1065 1175/863/1069
f 1176/864/1070 1172/860/1066 1174/862/1068
f 1175/863/1069 1177/865/1071 1173/861/1067
f 1174/862/1068 1178/866/1072 1176/864/1070
f 1177/865/1071 1175/863/1069 1179/867/1073
f 1180/868/1074 1176/864/1070 1178/866/1072
f 1179/867/1073 1181/869/1075 1177/865/1071
f 1178/866/1072 1182/870/1076 1180/868/1074
f 1183/865/1077 1181/869/1075 1179/867/1073
f 1180/868/1074 1182/870/1076 1184/866/1078
f 1179/867/1073 1185/863/1079 1183/865/1077
f 1184/866/1078 1186/864/1080 1180/868/1074
f 1187/861/1081 1183/865/1077 1185/863/1079
f 1186/864/1080 1184/866/1078 1188/862/1082
f 1185/863/1079 1189/859/1083 1187/861/1081
f 1188/862/1082 1190/860/1084 1186/864/1080
f 1191/857/1085 1187/861/1081 1189/859/1083
f 1190/860/1084 1188/862/1082 1192/858/1086
f 1189/859/1083 1193/855/1087 1191/857/1085
f 1192/858/1086 1194/856/1088 1190/860/1084
f 1195/853/1089 1191/857/1085 1193/855/1087
f 1194/856/1088 1192/858/1086 1196/854/1090
f 1193/855/1087 1197/851/1091 1195/853/1089
f 1196/854/1090 1198/852/1092 1194/856/1088
f 1199/849/1093 1195/853/1089 1197/851/1091
f 1198/852/1092 1196/854/1090 1199/849/1093
f 1197/851/1091 1200/850/1094 1199/849/1093
f 1199/849/1093 1200/850/1094 1198/852/1092
f 1201/871/1095 1202/872/1096 1203/873/1097
f 1204/873/1098 1202/872/1096 1201/871/1095
f 1203/873/1097 1205/874/1099 1201/871/1095
f 1205/874/1099 1203/873/1097 1206/875/1100
f 1201/871/1095 1207/874/1101 1204/873/1098
f 1208/875/1102 1204/873/1098 1207/874/1101
f 1207/874/1101 1201/871/1095 1209/876/1103
f 1209/876/1103 1201/871/1095 1205/874/1099
f 1209/876/1103 1210/877/1104 1207/874/1101
f 1205/874/1099 1211/877/1105 1209/876/1103
f 1212/878/1106 1207/874/1101 1210/877/1104
f 1207/874/1101 1212/878/1106 1208/875/1102
f 1210/877/1104 1213/879/1107 1212/878/1106
f 1214/880/1108 1208/875/1102 1212/878/1106
f 1215/881/1109 1212/878/1106 1213/879/1107
f 1212/878/1106 1215/881/1109 1214/880/1108
f 1213/879/1107 1216/882/1110 1215/881/1109
f 1217/883/1111 1214/880/1108 1215/881/1109
f 1218/884/1112 1215/881/1109 1216/882/1110
f 1215/881/1109 1218/884/1112 1217/883/1111
f 1216/882/1110 1219/885/1113 1218/884/1112
f 1218/884/1112 1219/885/1113 1220/882/1114
f 1217/883/1111 1218/884/1112 1221/881/1115
f 1220/882/1114 1221/881/1115 1218/884/1112
f 1221/881/1115 1222/880/1116 1217/883/1111
f 1221/881/1115 1220/882/1114 1223/879/1117
f 1222/880/1116 1221/881/1115 1224/878/1118
f 1223/879/1117 1224/878/1118 1221/881/1115
f 1224/878/1118 1206/875/1100 1222/880/1116
f 1224/878/1118 1223/879/1117 1211/877/1105
f 1206/875/1100 1224/878/1118 1205/874/1099
f 1211/877/1105 1205/874/1099 1224/878/1118
f 1225/886/1119 1226/887/1120 1227/888/1121
f 1226/887/1120 1225/886/1119 1228/889/1122
f 1228/889/1122 1229/890/1123 1226/887/1120
f 1227/888/1121 1230/891/1124 1225/886/1119
f 1230/891/1124 1227/888/1121 1231/892/1125
f 1230/891/1124 1232/893/894 1225/886/1119
f 1232/893/894 1228/889/1122 1225/886/1119
f 1231/892/1125 1233/894/1126 1230/891/1124
f 1233/894/1126 1231/892/1125 1234/895/1127
f 1230/891/1124 1235/896/894 1232/893/894
f 1235/896/894 1230/891/1124 1233/894/1126
f 1228/889/1122 1232/893/894 1236/897/894
f 1237/898/1128 1235/896/894 1233/894/1126
f 1234/895/1127 1237/898/1128 1233/894/1126
f 1237/898/1128 1238/899/894 1235/896/894
f 1237/898/1128 1234/895/1127 1239/900/1129
f 1239/900/1129 1240/901/1130 1237/898/1128
f 1238/899/894 1237/898/1128 1240/901/1130
f 1240/901/1130 1239/900/1129 1241/902/1131
f 1242/903/1132 1238/899/894 1240/901/1130
f 1241/902/1131 1242/903/1132 1240/901/1130
f 1242/903/1132 1243/904/894 1238/899/894
f 1242/903/1132 1241/902/1131 1244/905/1133
f 1244/905/1133 1245/906/1134 1242/903/1132
f 1243/904/894 1242/903/1132 1245/906/1134
f 1245/906/1134 1244/905/1133 1246/907/1135
f 1247/908/1136 1243/904/894 1245/906/1134
f 1246/907/1135 1247/908/1136 1245/906/1134
f 1247/908/1136 1248/909/894 1243/904/894
f 1247/908/1136 1246/907/1135 1249/910/1137
f 1249/910/1137 1250/911/1138 1247/908/1136
f 1248/909/894 1247/908/1136 1250/911/1138
f 1250/911/1138 1249/910/1137 1251/912/1139
f 1252/913/1140 1248/909/894 1250/911/1138
f 1251/912/1139 1252/913/1140 1250/911/1138
f 1252/913/1140 1253/914/894 1248/909/894
f 1252/913/1140 1251/912/1139 1254/915/1141
f 1254/915/1141 1255/916/1142 1252/913/1140
f 1253/914/894 1252/913/1140 1255/916/1142
f 1255/916/1142 1254/915/1141 1256/917/1143
f 1257/918/1144 1253/914/894 1255/916/1142
f 1256/917/1143 1257/918/1144 1255/916/1142
f 1257/918/1144 1258/919/894 1253/914/894
f 1257/918/1144 1256/917/1143 1259/920/1145
f 1259/920/1145 1260/921/1146 1257/918/1144
f 1258/919/894 1257/918/1144 1260/921/1146
f 1260/921/1146 1259/920/1145 1261/922/1147
f 1262/923/1148 1258/919/894 1260/921/1146
f 1261/922/1147 1262/923/1148 1260/921/1146
f 1262/923/1148 1236/897/894 1258/919/894
f 1262/923/1148 1261/922/1147 1263/924/1149
f 1236/897/894 1262/923/1148 1264/925/1150
f 1263/924/1149 1264/925/1150 1262/923/1148
f 1228/889/1122 1236/897/894 1264/925/1150
f 1264/925/1150 1263/924/1149 1229/890/1123
f 1229/890/1123 1228/889/1122 1264/925/1150
f 1265/926/1151 1266/927/1152 1267/928/1153
f 1267/928/1153 1268/929/1154 1265/926/1151
f 1268/929/1154 1267/928/1153 1269/930/1155
f 1266/927/1152 1265/926/1151 1270/931/1156
f 1270/931/1156 1271/932/1157 1266/927/1152
f 1269/930/1155 1272/933/1158 1268/929/1154
f 1272/933/1158 1269/930/1155 1273/934/1159
f 1273/934/1159 1274/935/1160 1272/933/1158
f 1274/935/1160 1273/934/1159 1275/936/1161
f 1276/937/1162 1268/929/1154 1272/933/1158
f 1275/936/1161 1277/938/1163 1274/935/1160
f 1277/938/1163 1275/936/1161 1278/939/1164
f 1279/940/1165 1272/933/1158 1274/935/1160
f 1272/933/1158 1279/940/1165 1276/937/1162
f 1274/935/1160 1280/941/1166 1279/940/1165
f 1280/941/1166 1274/935/1160 1277/938/1163
f 1281/942/1167 1276/937/1162 1279/940/1165
f 1278/939/1164 1282/943/1168 1277/938/1163
f 1282/943/1168 1278/939/1164 1283/944/865
f 1284/945/1169 1277/938/1163 1282/943/1168
f 1277/938/1163 1284/945/1169 1280/941/1166
f 1283/944/865 1285/946/1170 1282/943/1168
f 1285/946/1170 1283/944/865 1286/947/1171
f 1282/943/1168 1287/948/1172 1284/945/1169
f 1287/948/1172 1282/943/1168 1285/946/1170
f 1286/947/1171 1288/949/1173 1285/946/1170
f 1288/949/1173 1286/947/1171 1289/950/1174
f 1285/946/1170 1290/951/1175 1287/948/1172
f 1290/951/1175 1285/946/1170 1288/949/1173
f 1289/950/1174 1291/952/1176 1288/949/1173
f 1291/952/1176 1289/950/1174 1292/953/1177
f 1288/949/1173 1293/954/1178 1290/951/1175
f 1293/954/1178 1288/949/1173 1291/952/1176
f 1292/953/1177 1294/955/1179 1291/952/1176
f 1294/955/1179 1292/953/1177 1295/956/1180
f 1291/952/1176 1296/957/1181 1293/954/1178
f 1296/957/1181 1291/952/1176 1294/955/1179
f 1295/956/1180 1297/958/1182 1294/955/1179
f 1297/958/1182 1295/956/1180 1298/959/1183
f 1294/955/1179 1299/960/1184 1296/957/1181
f 1299/960/1184 1294/955/1179 1297/958/1182
f 1298/959/1183 1300/961/1185 1297/958/1182
f 1300/961/1185 1298/959/1183 1301/962/1186
f 1297/958/1182 1302/963/1187 1299/960/1184
f 1302/963/1187 1297/958/1182 1300/961/1185
f 1301/962/1186 1303/964/1188 1300/961/1185
f 1303/964/1188 1301/962/1186 1304/965/1189
f 1300/961/1185 1305/966/1190 1302/963/1187
f 1305/966/1190 1300/961/1185 1303/964/1188
f 1304/965/1189 1306/967/1191 1303/964/1188
f 1306/967/1191 1304/965/1189 1307/968/1192
f 1303/964/1188 1308/969/1193 1305/966/1190
f 1308/969/1193 1303/964/1188 1306/967/1191
f 1307/968/1192 1309/970/1194 1306/967/1191
f 1309/970/1194 1307/968/1192 1271/932/1157
f 1271/932/1157 1270/931/1156 1309/970/1194
f 1310/971/1195 1306/967/1191 1309/970/1194
f 1306/967/1191 1310/971/1195 1308/969/1193
f 1311/972/1196 1309/970/1194 1270/931/1156
f 1309/970/1194 1311/972/1196 1310/971/1195
f 1270/931/1156 1312/973/1197 1311/972/1196
f 1312/973/1197 1270/931/1156 1265/926/1151
f 1313/974/1198 1310/971/1195 1311/972/1196
f 1265/926/1151 1314/975/1199 1312/973/1197
f 1314/975/1199 1265/926/1151 1268/929/1154
f 1268/929/1154 1276/937/1162 1314/975/1199
f 1315/976/1200 1311/972/1196 1312/973/1197
f 1311/972/1196 1315/976/1200 1313/974/1198
f 1316/977/1201 1312/973/1197 1314/975/1199
f 1312/973/1197 1316/977/1201 1315/976/1200
f 1317/978/1202 1314/975/1199 1276/937/1162
f 1314/975/1199 1317/978/1202 1316/977/1201
f 1276/937/1162 1281/942/1167 1317/978/1202
f 1315/976/1200 1316/977/1201 1318/979/893
f 1316/977/1201 1317/978/1202 1318/979/893
f 1317/978/1202 1281/942/1167 1318/979/893
f 1313/974/1198 1315/976/1200 1318/979/893
f 1279/940/1165 1319/980/1203 1281/942/1167
f 1281/942/1167 1319/980/1203 1318/979/893
f 1319/980/1203 1279/940/1165 1280/941/1166
f 1280/941/1166 1320/981/1204 1319/980/1203
f 1319/980/1203 1320/981/1204 1318/979/893
f 1320/981/1204 1280/941/1166 1284/945/1169
f 1284/945/1169 1321/982/1205 1320/981/1204
f 1320/981/1204 1321/982/1205 1318/979/893
f 1321/982/1205 1284/945/1169 1287/948/1172
f 1287/948/1172 1322/983/1206 1321/982/1205
f 1321/982/1205 1322/983/1206 1318/979/893
f 1322/983/1206 1287/948/1172 1290/951/1175
f 1290/951/1175 1323/984/1207 1322/983/1206
f 1322/983/1206 1323/984/1207 1318/979/893
f 1323/984/1207 1290/951/1175 1293/954/1178
f 1293/954/1178 1324/985/1208 1323/984/1207
f 1323/984/1207 1324/985/1208 1318/979/893
f 1324/985/1208 1293/954/1178 1296/957/1181
f 1296/957/1181 1325/986/1209 1324/985/1208
f 1324/985/1208 1325/986/1209 1318/979/893
f 1325/986/1209 1296/957/1181 1299/960/1184
f 1299/960/1184 1326/987/1210 1325/986/1209
f 1325/986/1209 1326/987/1210 1318/979/893
f 1326/987/1210 1299/960/1184 1302/963/1187
f 1302/963/1187 1327/988/1211 1326/987/1210
f 1326/987/1210 1327/988/1211 1318/979/893
f 1327/988/1212 1302/963/1212 1305/966/1212
f 1305/966/1190 1328/989/1213 1327/988/1211
f 1327/988/1211 1328/989/1213 1318/979/893
f 1328/989/1213 1305/966/1190 1308/969/1193
f 1328/989/1213 1329/990/1214 1318/979/893
f 1308/969/1193 1329/990/1214 1328/989/1213
f 1329/990/1214 1313/974/1198 1318/979/893
f 1329/990/1214 1308/969/1193 1310/971/1195
f 1310/971/1195 1313/974/1198 1329/990/1214
o Ob2.001
v -0.014831 2.474159 0.009339
v -0.035630 0.321059 0.013371
v 0.000000 0.321059 0.030848
v 0.102718 0.317503 0.000000
v 0.050705 0.321079 -0.017610
v 0.021769 2.474178 -0.011047
v 0.000293 2.474157 0.018925
v 0.051285 2.474180 0.000001
v -0.008024 2.538910 0.008726
v 0.000293 2.536835 0.013777
v -0.000000 2.575695 0.008762
v 0.042954 2.549337 0.000001
v 0.014809 2.540127 -0.011036
v 0.028288 2.610667 0.000001
v -0.000000 2.593413 -0.009398
v -0.000000 2.693425 0.000001
v -0.027872 2.611004 0.000001
v -0.014497 2.540127 -0.011036
v -0.042642 2.549336 0.000001
v -0.021457 2.474178 -0.011047
v -0.050973 2.474178 0.000001
v -0.050393 0.321078 -0.017610
v -0.102396 0.317804 0.000000
v 0.048723 0.321079 0.017610
v 0.102718 0.317503 0.000000
v 0.051285 2.474180 0.000001
v 0.021768 2.474178 0.011049
v 0.042954 2.549337 0.000001
v 0.014810 2.540127 0.011038
v -0.000000 2.593413 0.009399
v 0.028288 2.610667 0.000001
v -0.000000 2.693425 0.000001
v -0.035630 0.321059 -0.013371
v -0.050393 0.321078 -0.017610
v -0.021457 2.474178 -0.011047
v -0.014831 2.474159 -0.009337
v -0.014497 2.540127 -0.011036
v -0.008023 2.538910 -0.008725
v -0.000000 2.593413 -0.009398
v -0.000000 2.575695 -0.008761
v 0.035630 0.321059 0.013371
v 0.048723 0.321079 0.017610
v 0.021768 2.474178 0.011049
v 0.014830 2.474159 0.009339
v 0.014810 2.540127 0.011038
v 0.008022 2.538910 0.008726
v -0.000000 2.593413 0.009399
v -0.000000 2.575695 0.008762
v -0.045559 0.235734 0.000000
v -0.045595 0.278794 0.000000
v -0.043935 0.278794 -0.027317
v -0.043602 0.235734 -0.027317
v -0.022577 0.278794 -0.037464
v -0.022577 0.235734 -0.037438
v -0.000000 0.235759 -0.041837
v -0.000000 0.278794 -0.041837
v 0.023904 0.278794 -0.037451
v 0.023904 0.235734 -0.037451
v 0.046285 0.235734 -0.026991
v 0.046619 0.278794 -0.026991
v 0.048265 0.278794 0.000000
v 0.048228 0.235734 0.000000
v 0.046285 0.235734 0.026992
v 0.048228 0.235734 0.000000
v 0.046619 0.278794 0.026992
v 0.023904 0.278794 0.037451
v 0.023904 0.235734 0.037451
v -0.000000 0.235759 0.041837
v -0.000000 0.278794 0.041837
v -0.022577 0.278794 0.037464
v -0.022577 0.235734 0.037438
v -0.043602 0.235734 0.027317
v -0.043935 0.278794 0.027317
v -0.045559 0.235734 0.000000
v -0.045595 0.278794 0.000000
v 0.000293 2.536835 -0.013776
v -0.000000 2.575695 -0.008761
v 0.008022 2.538910 -0.008725
v 0.000293 2.474157 -0.018002
v 0.014830 2.474159 -0.009337
v -0.000000 0.321059 -0.029926
v 0.035630 0.321059 -0.013371
v -0.021457 2.474178 0.011049
v -0.048410 0.321078 0.017610
v -0.035630 0.321059 0.013371
v -0.014831 2.474159 0.009339
v -0.014498 2.540127 0.011038
v -0.008024 2.538910 0.008726
v -0.000000 2.593413 0.009399
v -0.000000 2.575695 0.008762
v 0.008022 2.538910 -0.008725
v -0.000000 2.575695 -0.008761
v -0.000000 2.593413 -0.009398
v 0.014809 2.540127 -0.011036
v 0.014830 2.474159 -0.009337
v 0.021769 2.474178 -0.011047
v 0.050705 0.321079 -0.017610
v 0.035630 0.321059 -0.013371
v -0.027872 2.611004 0.000001
v -0.000000 2.593413 0.009399
v -0.000000 2.693425 0.000001
v -0.042642 2.549336 0.000001
v -0.014498 2.540127 0.011038
v -0.021457 2.474178 0.011049
v -0.050973 2.474178 0.000001
v -0.102396 0.317804 0.000000
v -0.048410 0.321078 0.017610
v 0.000293 2.536835 -0.013776
v -0.008023 2.538910 -0.008725
v -0.000000 2.575695 -0.008761
v 0.000293 2.474157 -0.018002
v -0.014831 2.474159 -0.009337
v -0.035630 0.321059 -0.013371
v -0.000000 0.321059 -0.029926
v 0.000293 2.536835 0.013777
v 0.008022 2.538910 0.008726
v -0.000000 2.575695 0.008762
v 0.000293 2.474157 0.018925
v 0.014830 2.474159 0.009339
v 0.035630 0.321059 0.013371
v 0.000000 0.321059 0.030848
v 0.126795 0.343969 -0.026250
v 0.121008 0.352834 -0.027372
v 0.121008 0.352834 0.027372
v 0.126795 0.343969 0.026250
v 0.126031 0.249143 0.021647
v 0.126031 0.249143 -0.021647
v 0.117752 0.242090 0.021391
v 0.117752 0.242090 -0.021391
v 0.059749 0.242090 0.032721
v 0.059749 0.242090 -0.032721
v 0.055160 0.249143 -0.034623
v 0.055160 0.249143 0.034624
v 0.054468 0.273233 -0.036259
v 0.054468 0.273233 0.036259
v -0.000000 0.274334 -0.053242
v -0.000000 0.274334 0.053242
v -0.054850 0.273233 0.036259
v -0.054850 0.273233 -0.036259
v -0.055542 0.249143 0.034624
v -0.055542 0.249143 -0.034623
v -0.059750 0.242085 0.032721
v -0.059750 0.242085 -0.032721
v -0.117752 0.242085 -0.021391
v -0.117752 0.242085 0.021391
v -0.125635 0.249143 -0.021647
v -0.125635 0.249143 0.021647
v -0.126399 0.343969 -0.026250
v -0.126399 0.343969 0.026250
v -0.121008 0.352834 0.027372
v -0.121008 0.352834 -0.027372
v -0.027330 0.283748 0.024318
v -0.036834 0.283685 0.000000
v -0.043608 0.100307 0.000000
v -0.030813 0.100329 0.027165
v -0.048408 -0.113850 -0.000000
v -0.000000 0.283746 0.035529
v -0.034207 -0.113851 0.030146
v -0.054401 -0.369767 -0.000000
v -0.000000 0.100329 0.038386
v 0.027330 0.283748 0.024318
v -0.038453 -0.369773 0.033858
v -0.068475 -0.372627 -0.000000
v -0.000000 -0.113851 0.042604
v 0.030813 0.100329 0.027165
v 0.036833 0.283685 0.000000
v -0.000000 -0.369854 0.047942
v 0.043607 0.100307 0.000000
v 0.027330 0.283748 -0.024318
v 0.034207 -0.113851 0.030146
v 0.030813 0.100329 -0.027165
v -0.000000 0.283746 -0.035530
v 0.048408 -0.113850 -0.000000
v 0.038453 -0.369773 0.033858
v 0.034207 -0.113851 -0.030147
v -0.000000 0.100329 -0.038386
v -0.027331 0.283747 -0.024318
v 0.054401 -0.369767 -0.000000
v -0.000000 -0.113851 -0.042604
v -0.030813 0.100329 -0.027165
v -0.036834 0.283685 0.000000
v -0.043608 0.100307 0.000000
v -0.034207 -0.113851 -0.030147
v -0.048408 -0.113850 -0.000000
v -0.038453 -0.369773 -0.033858
v -0.054401 -0.369767 -0.000000
v -0.000000 -0.369854 -0.047942
v 0.038453 -0.369773 -0.033858
v 0.048346 -0.372637 -0.043853
v 0.068475 -0.372627 -0.000000
v 0.048346 -0.372637 0.043852
v 0.069041 -0.389623 -0.000000
v 0.048754 -0.389623 0.044209
v 0.048754 -0.389623 -0.044209
v -0.000000 -0.389623 0.065703
v -0.000000 -0.372658 -0.065236
v -0.000001 -0.389623 -0.065703
v -0.048346 -0.372637 -0.043853
v -0.048753 -0.389623 -0.044209
v -0.068475 -0.372627 -0.000000
v -0.069041 -0.389623 -0.000000
v 0.055160 0.249143 0.034624
v 0.059749 0.242090 0.032721
v 0.117752 0.242090 0.021391
v 0.118648 0.249143 0.022574
v 0.126031 0.249143 0.021647
v 0.126795 0.343969 0.026250
v 0.121008 0.352834 0.027372
v 0.088281 0.358290 0.034566
v 0.054468 0.273233 0.036259
v 0.045942 0.370984 0.046651
v -0.000000 0.274334 0.053242
v -0.000000 0.390810 0.062828
v -0.045942 0.370984 0.046651
v -0.054850 0.273233 0.036259
v -0.088282 0.358291 0.034566
v -0.117905 0.249144 0.022562
v -0.121008 0.352834 0.027372
v -0.055542 0.249143 0.034624
v -0.126399 0.343969 0.026250
v -0.059750 0.242085 0.032721
v -0.125635 0.249143 0.021647
v -0.117752 0.242085 0.021391
v -0.022577 0.235734 0.000000
v -0.045559 0.235734 0.000000
v -0.043602 0.235734 -0.027317
v -0.022577 0.235734 -0.037438
v -0.043602 0.235734 0.027317
v -0.045559 0.235734 0.000000
v -0.022577 0.235734 0.037438
v -0.000000 0.235759 0.000000
v -0.000000 0.235759 -0.041837
v -0.000000 0.235759 0.041837
v 0.023904 0.235734 -0.037451
v 0.023904 0.235734 0.037451
v 0.023904 0.235734 0.000000
v 0.046285 0.235734 -0.026991
v 0.046285 0.235734 0.026992
v 0.048228 0.235734 0.000000
v -0.000000 -0.372658 0.065235
v -0.048753 -0.389623 0.044209
v -0.048346 -0.372637 0.043852
v -0.069041 -0.389623 -0.000000
v -0.000000 0.390810 -0.062828
v 0.045942 0.370984 -0.046651
v -0.000000 0.274334 -0.053242
v -0.045943 0.370984 -0.046651
v 0.054468 0.273233 -0.036259
v -0.054850 0.273233 -0.036259
v 0.088281 0.358290 -0.034566
v -0.088282 0.358290 -0.034566
v 0.117934 0.249143 -0.022713
v 0.121008 0.352834 -0.027372
v 0.055160 0.249143 -0.034623
v 0.126795 0.343969 -0.026250
v 0.059749 0.242090 -0.032721
v 0.126031 0.249143 -0.021647
v 0.117752 0.242090 -0.021391
v -0.117909 0.249142 -0.022718
v -0.121008 0.352834 -0.027372
v -0.055542 0.249143 -0.034623
v -0.126399 0.343969 -0.026250
v -0.059750 0.242085 -0.032721
v -0.125635 0.249143 -0.021647
v -0.117752 0.242085 -0.021391
v -0.000000 -0.389625 -0.000000
v -0.000000 -0.389623 0.065703
v -0.048753 -0.389623 0.044209
v 0.048754 -0.389623 0.044209
v -0.069041 -0.389623 -0.000000
v 0.069041 -0.389623 -0.000000
v -0.048753 -0.389623 -0.044209
v 0.048754 -0.389623 -0.044209
v -0.000001 -0.389623 -0.065703
v 0.103665 0.355705 0.015586
v 0.121008 0.352834 0.027372
v 0.121008 0.352834 -0.027372
v 0.088281 0.358290 0.034566
v 0.103665 0.355705 -0.015586
v 0.088281 0.358290 -0.034566
v 0.081383 0.359295 0.022046
v 0.045942 0.370984 0.046651
v 0.097567 0.334657 -0.008749
v 0.081383 0.359295 -0.022046
v 0.045942 0.370984 -0.046651
v 0.097567 0.334657 0.008749
v 0.050520 0.347271 -0.021737
v 0.050520 0.347271 0.021737
v 0.045942 0.371112 0.033367
v -0.000000 0.390810 0.048007
v -0.000000 0.390810 0.062828
v -0.045942 0.370984 0.046651
v 0.000293 0.369756 0.038681
v -0.045943 0.371112 0.033367
v 0.000293 0.369756 -0.038681
v -0.050520 0.347271 0.021737
v -0.081383 0.359295 0.022046
v -0.088282 0.358291 0.034566
v -0.097567 0.334657 0.008749
v -0.103665 0.355706 0.015586
v -0.121008 0.352834 0.027372
v -0.121008 0.352834 -0.027372
v -0.103665 0.355705 -0.015586
v -0.088282 0.358290 -0.034566
v -0.097567 0.334657 -0.008749
v -0.081383 0.359295 -0.022046
v -0.045943 0.370984 -0.046651
v -0.050520 0.347271 -0.021737
v -0.045943 0.371112 -0.033367
v -0.000000 0.390810 -0.048007
v -0.000000 0.390810 -0.062828
v 0.045942 0.371112 -0.033367
vn -0.5345 0.0336 0.8445
vn -0.4404 0.0059 0.8978
vn -0.4409 0.0059 0.8975
vn 0.3211 0.0072 -0.9470
vn -0.5337 0.0343 0.8450
vn 0.3505 0.0084 -0.9365
vn -0.5032 0.0894 0.8595
vn -0.5015 0.0859 0.8609
vn -0.4964 0.1074 0.8614
vn 0.3464 0.0616 -0.9361
vn 0.3503 0.0388 -0.9358
vn 0.3512 0.0385 -0.9355
vn 0.3363 0.0607 -0.9398
vn 0.2737 0.0919 -0.9574
vn -0.0017 0.1005 -0.9949
vn -0.0001 0.0936 -0.9956
vn -0.2759 0.0917 -0.9568
vn -0.3162 0.0875 -0.9447
vn -0.3162 0.0874 -0.9447
vn -0.3426 0.0731 -0.9366
vn -0.3542 0.0375 -0.9344
vn -0.3509 0.0236 -0.9361
vn -0.3509 0.0235 -0.9361
vn -0.3502 0.0226 -0.9364
vn -0.3214 0.0077 -0.9469
vn -0.3212 0.0077 -0.9470
vn 0.3109 0.0074 0.9504
vn 0.3105 0.0074 0.9505
vn 0.3501 0.0224 0.9364
vn 0.3509 0.0234 0.9361
vn 0.3306 0.0729 0.9410
vn 0.3425 0.0757 0.9365
vn 0.2824 0.0849 0.9555
vn 0.2698 0.0803 0.9596
vn 0.2640 0.0902 0.9603
vn 0.2759 -0.0008 -0.9612
vn 0.2760 -0.0008 -0.9612
vn 0.2498 -0.0129 -0.9682
vn 0.2525 -0.0138 -0.9675
vn 0.3260 -0.0427 -0.9444
vn 0.3289 -0.0422 -0.9434
vn 0.3257 -0.0596 -0.9436
vn 0.1582 -0.0355 -0.9868
vn -0.3079 -0.0010 0.9514
vn -0.3080 -0.0010 0.9514
vn -0.2394 -0.0123 0.9708
vn -0.2420 -0.0132 0.9702
vn -0.3127 -0.0410 0.9490
vn -0.3124 -0.0405 0.9491
vn -0.2317 -0.0461 0.9717
vn -0.1582 -0.0355 0.9868
vn -0.9977 -0.0052 -0.0676
vn -0.9982 -0.0008 -0.0607
vn -0.8284 -0.0038 -0.5601
vn -0.8259 -0.0053 -0.5639
vn -0.3130 -0.0013 -0.9497
vn -0.3151 -0.0006 -0.9490
vn -0.0053 -0.0002 -1.0000
vn -0.0049 -0.0000 -1.0000
vn 0.3026 -0.0011 -0.9531
vn 0.3045 -0.0000 -0.9525
vn 0.8235 -0.0025 -0.5672
vn 0.8261 -0.0064 -0.5635
vn 1.0000 -0.0053 -0.0000
vn 0.9974 -0.0008 -0.0718
vn 0.8236 -0.0025 0.5672
vn 0.9974 -0.0008 0.0718
vn 0.8261 -0.0064 0.5635
vn 0.3026 -0.0011 0.9531
vn 0.3045 -0.0000 0.9525
vn -0.0053 -0.0002 1.0000
vn -0.0049 -0.0000 1.0000
vn -0.3130 -0.0013 0.9497
vn -0.3151 -0.0006 0.9490
vn -0.8259 -0.0053 0.5639
vn -0.8284 -0.0038 0.5601
vn -0.9977 -0.0052 0.0676
vn -0.9982 -0.0008 0.0607
vn 0.5221 0.1130 -0.8454
vn 0.5206 0.1060 -0.8472
vn 0.5128 0.0327 -0.8579
vn 0.5354 0.0568 -0.8427
vn 0.5112 0.0324 -0.8589
vn 0.4218 0.0058 -0.9067
vn 0.4214 0.0058 -0.9069
vn 0.2499 -0.0129 0.9682
vn 0.3148 -0.0010 0.9491
vn 0.3147 -0.0010 0.9492
vn 0.2525 -0.0138 0.9675
vn 0.3260 -0.0427 0.9444
vn 0.3254 -0.0420 0.9447
vn 0.2363 -0.0468 0.9705
vn 0.1582 -0.0355 0.9868
vn -0.3123 -0.0405 -0.9491
vn -0.1582 -0.0355 -0.9868
vn -0.2317 -0.0461 -0.9717
vn -0.3127 -0.0410 -0.9490
vn -0.2420 -0.0131 -0.9702
vn -0.2392 -0.0122 -0.9709
vn -0.2707 -0.0008 -0.9627
vn -0.2724 0.0807 0.9588
vn -0.2847 0.0848 0.9548
vn -0.2667 0.0902 0.9596
vn -0.3313 0.0724 0.9407
vn -0.3428 0.0748 0.9364
vn -0.3506 0.0239 0.9362
vn -0.3505 0.0230 0.9363
vn -0.3109 0.0068 0.9504
vn -0.3105 0.0068 0.9506
vn -0.5032 0.0785 -0.8606
vn -0.5009 0.0842 -0.8614
vn -0.4964 0.1074 -0.8614
vn -0.4969 0.0330 -0.8672
vn -0.4968 0.0326 -0.8672
vn -0.4218 0.0051 -0.9067
vn -0.4214 0.0051 -0.9069
vn 0.5284 0.0873 0.8445
vn 0.5287 0.0921 0.8438
vn 0.5221 0.1130 0.8454
vn 0.5488 0.0360 0.8352
vn 0.5502 0.0354 0.8343
vn 0.4410 0.0049 0.8975
vn 0.4404 0.0049 0.8978
vn 0.9554 0.2952 -0.0000
vn 0.8374 0.5467 -0.0000
vn 0.9105 -0.4135 -0.0000
vn 0.9105 -0.4134 -0.0000
vn 0.3280 -0.9447 -0.0000
vn -0.5378 -0.8431 -0.0000
vn -0.9623 -0.2720 -0.0000
vn -0.6266 -0.7794 -0.0000
vn -0.6266 -0.7793 -0.0000
vn -0.0001 -1.0000 -0.0000
vn 0.6269 -0.7791 -0.0000
vn 0.9671 -0.2546 -0.0000
vn 0.5577 -0.8300 -0.0000
vn -0.3390 -0.9408 -0.0000
vn -0.3391 -0.9408 -0.0000
vn -0.9155 -0.4024 -0.0000
vn -0.9154 -0.4024 -0.0000
vn -0.9602 0.2793 -0.0000
vn -0.8544 0.5196 -0.0000
vn -0.9284 0.0333 0.3702
vn -0.9309 0.0344 0.3637
vn -0.9057 0.0225 0.4233
vn -0.6821 0.0210 0.7310
vn -0.9045 0.0207 0.4261
vn 0.0022 0.0190 0.9998
vn -0.3794 0.0216 0.9250
vn -0.6740 0.0214 0.7384
vn -0.6418 0.7047 0.3024
vn 0.0010 0.0192 0.9998
vn 0.0024 0.0190 0.9998
vn 0.7107 0.0209 0.7032
vn -0.4627 0.7260 0.5088
vn -0.7658 0.5379 0.3525
vn -0.0001 0.0202 0.9998
vn 0.6752 0.0250 0.7372
vn 0.9995 0.0316 0.0035
vn -0.0053 0.7332 0.6799
vn 0.9996 0.0272 0.0015
vn 0.7096 0.0298 -0.7040
vn 0.6741 0.0215 0.7383
vn 0.6749 0.0211 -0.7376
vn -0.0023 0.0190 -0.9998
vn 0.9997 0.0229 -0.0000
vn 0.4652 0.7282 0.5033
vn 0.6740 0.0214 -0.7384
vn -0.0010 0.0192 -0.9998
vn -0.7107 0.0209 -0.7032
vn 0.6731 0.7396 -0.0009
vn -0.0000 0.0202 -0.9998
vn -0.6752 0.0250 -0.7372
vn -0.9286 0.0244 -0.3703
vn -0.9043 0.0268 -0.4260
vn -0.6741 0.0215 -0.7384
vn -0.9045 0.0207 -0.4261
vn -0.4652 0.7282 -0.5033
vn -0.6416 0.7055 -0.3009
vn 0.0053 0.7332 -0.6799
vn 0.4627 0.7260 -0.5088
vn 0.5675 0.5849 -0.5795
vn 0.8184 0.5746 -0.0003
vn 0.5697 0.5829 0.5793
vn 0.9994 0.0333 -0.0000
vn 0.7018 0.0318 0.7117
vn 0.7022 0.0314 -0.7113
vn 0.0005 0.0279 0.9996
vn 0.0016 0.5854 -0.8107
vn -0.0005 0.0279 -0.9996
vn -0.5697 0.5829 -0.5793
vn -0.7018 0.0317 -0.7117
vn -0.7663 0.5377 -0.3518
vn -0.9085 0.0303 -0.4169
vn 0.1874 -0.0924 0.9779
vn 0.1899 -0.1386 0.9720
vn 0.1648 -0.1813 0.9695
vn 0.1550 -0.1177 0.9809
vn 0.1241 -0.0901 0.9882
vn 0.1181 -0.0486 0.9918
vn 0.1836 -0.0496 0.9817
vn 0.2232 -0.0650 0.9726
vn 0.2277 -0.0658 0.9715
vn 0.2820 -0.0787 0.9562
vn 0.0007 -0.0795 0.9968
vn -0.0000 -0.0820 0.9966
vn -0.2819 -0.0781 0.9563
vn -0.2290 -0.0655 0.9712
vn -0.2240 -0.0652 0.9724
vn -0.1548 -0.1088 0.9819
vn -0.1857 -0.0511 0.9813
vn -0.1890 -0.0953 0.9773
vn -0.1243 -0.0497 0.9910
vn -0.1878 -0.1506 0.9706
vn -0.1171 -0.0864 0.9894
vn -0.1638 -0.1648 0.9726
vn 0.0005 -1.0000 -0.0000
vn -0.0000 -1.0000 -0.0000
vn 0.0007 -1.0000 -0.0000
vn -0.0006 -1.0000 -0.0000
vn -0.0005 -1.0000 -0.0000
vn -0.0016 0.5854 0.8107
vn -0.7022 0.0314 0.7113
vn -0.5675 0.5849 0.5795
vn -0.9084 0.0303 0.4170
vn -0.0000 -0.0820 -0.9966
vn 0.2820 -0.0787 -0.9562
vn 0.0007 -0.0795 -0.9968
vn -0.2819 -0.0781 -0.9563
vn 0.2277 -0.0658 -0.9715
vn -0.2469 -0.0704 -0.9665
vn 0.2232 -0.0650 -0.9726
vn -0.2514 -0.0796 -0.9646
vn 0.1705 -0.0961 -0.9807
vn 0.1836 -0.0496 -0.9818
vn 0.1856 -0.0918 -0.9783
vn 0.1191 -0.0481 -0.9917
vn 0.1847 -0.1447 -0.9721
vn 0.1304 -0.0491 -0.9902
vn 0.1884 -0.1856 -0.9644
vn 0.1282 -0.1858 -0.9742
vn -0.1637 -0.1188 -0.9793
vn -0.2003 -0.0518 -0.9784
vn -0.1895 -0.0550 -0.9803
vn -0.1865 -0.0496 -0.9812
vn -0.1866 -0.0959 -0.9777
vn -0.1272 -0.0483 -0.9907
vn -0.1855 -0.1532 -0.9706
vn -0.1367 -0.0934 -0.9862
vn -0.1699 -0.1857 -0.9678
vn -0.1477 0.9555 -0.2555
vn 0.1637 0.9865 -0.0006
vn 0.1637 0.9865 0.0006
vn 0.2052 0.9782 -0.0325
vn -0.1476 0.9555 0.2555
vn 0.2052 0.9782 0.0325
vn 0.0323 0.8116 -0.5833
vn 0.3601 0.9329 0.0003
vn -0.4492 0.8048 0.3879
vn 0.0323 0.8116 0.5833
vn 0.3601 0.9329 -0.0003
vn -0.4493 0.8048 -0.3879
vn 0.1374 0.8330 0.5359
vn 0.1374 0.8330 -0.5359
vn 0.1377 0.8233 -0.5506
vn 0.0001 0.9086 -0.4178
vn -0.0000 1.0000 -0.0000
vn -0.3601 0.9329 0.0003
vn -0.0012 0.7287 -0.6848
vn -0.1377 0.8233 -0.5506
vn -0.0012 0.7287 0.6848
vn -0.1357 0.8331 -0.5363
vn -0.0323 0.8116 -0.5834
vn -0.2052 0.9782 -0.0325
vn 0.4493 0.8048 -0.3879
vn 0.1476 0.9555 -0.2555
vn -0.1637 0.9865 -0.0006
vn -0.1637 0.9865 0.0006
vn 0.1476 0.9555 0.2555
vn -0.2052 0.9782 0.0325
vn 0.4493 0.8048 0.3879
vn -0.0323 0.8116 0.5833
vn -0.3601 0.9329 -0.0003
vn -0.1357 0.8331 0.5363
vn -0.1377 0.8233 0.5506
vn 0.0001 0.9086 0.4178
vn 0.1377 0.8233 0.5506
vt 0.152500 0.906765
vt 0.121200 0.021248
vt 0.183079 0.020741
vt 1.356300 0.021395
vt 1.268600 0.021297
vt 1.220500 0.906864
vt 0.183545 0.906120
vt 1.276200 0.907158
vt 0.167700 0.930174
vt 0.183507 0.928512
vt 0.183556 0.941413
vt 1.252000 0.939695
vt 1.204300 0.931205
vt 1.227600 0.953780
vt 1.181888 0.947351
vt 1.181888 0.979495
vt 1.137200 0.953878
vt 1.159500 0.931205
vt 1.111700 0.939646
vt 1.143400 0.906864
vt 1.087800 0.907109
vt 1.104300 0.021248
vt 1.016700 0.021395
vt 0.268600 0.021297
vt 0.356300 0.021395
vt 0.276200 0.907158
vt 0.220500 0.906864
vt 0.252000 0.939695
vt 0.204300 0.931205
vt 0.180896 0.947351
vt 0.227600 0.953780
vt 0.180896 0.979495
vt 1.121200 0.021248
vt 1.152500 0.906765
vt 1.167700 0.930174
vt 1.183800 0.941413
vt 0.251700 0.021248
vt 0.211400 0.906765
vt 0.196100 0.930174
vt 1.849426 0.835901
vt 1.966781 0.835898
vt 1.963669 0.801128
vt 1.847260 0.800669
vt 1.965712 0.770645
vt 1.846959 0.770930
vt 1.847927 0.740645
vt 1.966780 0.740773
vt 1.965738 0.709200
vt 1.846947 0.709418
vt 1.847266 0.678211
vt 1.963709 0.678167
vt 1.966752 0.642948
vt 1.849388 0.643245
vt 1.847258 0.678333
vt 1.849406 0.642949
vt 1.846950 0.709537
vt 1.847976 0.740286
vt 1.966720 0.740773
vt 1.965691 0.770645
vt 1.846923 0.771058
vt 1.847261 0.800792
vt 1.963737 0.801127
vt 1.849415 0.835603
vt 1.966771 0.835900
vt 1.183505 0.928515
vt 1.196100 0.930174
vt 1.183545 0.906120
vt 1.211400 0.906765
vt 1.183079 0.020741
vt 1.251700 0.021248
vt 0.143400 0.906864
vt 0.104300 0.021248
vt 0.159500 0.931205
vt 0.137200 0.953878
vt 0.111700 0.939646
vt 0.087800 0.907109
vt 0.016700 0.021395
vt 0.442868 0.057306
vt 0.442868 0.048006
vt 0.368672 0.048006
vt 0.368672 0.057306
vt 0.368672 0.149275
vt 0.442868 0.149275
vt 0.368672 0.156133
vt 0.442868 0.157247
vt 0.368672 0.220653
vt 0.442868 0.220653
vt 0.442770 0.227117
vt 0.368674 0.227137
vt 0.442866 0.250481
vt 0.368899 0.250463
vt 0.442868 0.266531
vt 0.368672 0.266471
vt 0.368673 0.290267
vt 0.442701 0.290287
vt 0.368743 0.307123
vt 0.442867 0.307108
vt 0.368672 0.313560
vt 0.442868 0.313560
vt 0.442868 0.376845
vt 0.368672 0.376845
vt 0.442868 0.384877
vt 0.368672 0.384589
vt 0.442868 0.476847
vt 0.368672 0.476847
vt 0.368672 0.486147
vt 0.442868 0.486147
vt 0.527782 0.486975
vt 0.465990 0.486975
vt 0.465990 0.372864
vt 0.527782 0.372864
vt 0.471922 0.206354
vt 0.584472 0.486975
vt 0.527782 0.206354
vt 0.474556 0.040228
vt 0.584472 0.372864
vt 0.649091 0.486975
vt 0.527951 0.040375
vt 0.443904 0.034219
vt 0.584472 0.206354
vt 0.649091 0.372864
vt 0.719347 0.486975
vt 0.584640 0.040449
vt 0.719347 0.372864
vt 0.789659 0.486975
vt 0.649091 0.206354
vt 0.789659 0.372864
vt 0.847161 0.486975
vt 0.719347 0.206354
vt 0.649324 0.040369
vt 0.789659 0.206354
vt 0.847161 0.372864
vt 0.900700 0.486975
vt 0.719626 0.040353
vt 0.847161 0.206354
vt 0.900700 0.372864
vt 0.956797 0.486975
vt 0.956797 0.372864
vt 0.900700 0.206354
vt 0.948820 0.206354
vt 0.900886 0.040370
vt 0.945754 0.040323
vt 0.847296 0.040449
vt 0.789829 0.040375
vt 0.789659 0.034219
vt 0.719347 0.034219
vt 0.649091 0.034219
vt 0.719356 0.019159
vt 0.649099 0.019159
vt 0.789665 0.019159
vt 0.584478 0.019160
vt 0.847161 0.034219
vt 0.847167 0.019160
vt 0.900700 0.034219
vt 0.900707 0.019159
vt 0.978884 0.034219
vt 0.978905 0.019158
vt 1.923501 0.631740
vt 1.947435 0.622597
vt 1.950016 0.510327
vt 1.930779 0.510418
vt 1.931283 0.501303
vt 1.540875 0.497550
vt 1.504023 0.503372
vt 1.477581 0.565919
vt 1.825181 0.632758
vt 1.419074 0.647567
vt 1.809961 0.739367
vt 1.327065 0.739416
vt 1.419074 0.831264
vt 1.824586 0.846625
vt 1.477940 0.912960
vt 1.932948 0.967115
vt 1.504622 0.975507
vt 1.923664 0.847751
vt 1.541593 0.981329
vt 1.946598 0.855946
vt 1.932907 0.976908
vt 1.954016 0.966702
vt 1.337175 0.589403
vt 1.337022 0.570310
vt 1.385388 0.570566
vt 1.403617 0.589359
vt 1.385558 0.570899
vt 1.337175 0.570312
vt 1.403473 0.589242
vt 1.337175 0.609255
vt 1.411506 0.609199
vt 1.411461 0.609200
vt 1.403727 0.630265
vt 1.403727 0.630265
vt 1.337175 0.630265
vt 1.385106 0.648414
vt 1.337175 0.650614
vt 0.584472 0.034219
vt 0.527790 0.019159
vt 0.527782 0.034219
vt 0.443904 0.019159
vt 0.327065 0.739416
vt 0.419074 0.647567
vt 0.809961 0.739367
vt 0.419074 0.831264
vt 0.824864 0.632874
vt 0.824572 0.846631
vt 0.477581 0.565919
vt 0.477940 0.912960
vt 0.930703 0.511780
vt 0.504023 0.503372
vt 0.924153 0.631539
vt 0.540875 0.497550
vt 0.947435 0.622597
vt 0.931283 0.501303
vt 0.953059 0.511792
vt 0.932429 0.967125
vt 0.504622 0.975507
vt 0.923218 0.847615
vt 0.541593 0.981329
vt 0.946598 0.855946
vt 0.932121 0.977287
vt 0.954016 0.966702
vt 0.395573 0.532985
vt 0.395574 0.560273
vt 0.353971 0.551341
vt 0.437174 0.551341
vt 0.336670 0.532985
vt 0.454476 0.532986
vt 0.353972 0.514630
vt 0.437175 0.514629
vt 0.395572 0.505698
vt 0.354425 0.974957
vt 0.343804 0.984379
vt 0.402954 0.984379
vt 0.330405 0.967259
vt 0.392333 0.974957
vt 0.416353 0.967259
vt 0.341108 0.962407
vt 0.312872 0.943426
vt 0.379915 0.968501
vt 0.405650 0.962407
vt 0.433613 0.943563
vt 0.366843 0.968501
vt 0.396336 0.945167
vt 0.350340 0.945167
vt 0.325340 0.942921
vt 0.305814 0.916780
vt 0.293026 0.916643
vt 0.312872 0.889900
vt 0.330909 0.916952
vt 0.325340 0.890678
vt 0.415795 0.916952
vt 0.350340 0.888433
vt 0.341108 0.871193
vt 0.330324 0.866341
vt 0.366843 0.865098
vt 0.354425 0.858643
vt 0.343804 0.849181
vt 0.402954 0.849181
vt 0.392252 0.858643
vt 0.416353 0.866341
vt 0.379833 0.865098
vt 0.405650 0.871152
vt 0.433613 0.890037
vt 0.396336 0.888433
vt 0.421337 0.890638
vt 0.440944 0.916780
vt 0.454717 0.916780
vt 0.421337 0.942921
s 1
usemtl 材质.009
f 1330/991/1215 1331/992/1216 1332/993/1217
f 1333/994/1218 1334/995/1218 1335/996/1218
f 1332/993/1217 1336/997/1219 1330/991/1215
f 1335/996/1220 1337/998/1220 1333/994/1220
f 1338/999/1221 1330/991/1215 1336/997/1219
f 1336/997/1219 1339/1000/1222 1338/999/1221
f 1339/1000/1222 1340/1001/1223 1338/999/1221
f 1341/1002/1224 1337/998/1225 1335/996/1226
f 1335/996/1226 1342/1003/1227 1341/1002/1224
f 1343/1004/1228 1341/1002/1224 1342/1003/1227
f 1342/1003/1227 1344/1005/1229 1343/1004/1228
f 1343/1004/1228 1344/1005/1229 1345/1006/1230
f 1344/1005/1229 1346/1007/1231 1345/1006/1230
f 1346/1007/1231 1344/1005/1229 1347/1008/1232
f 1347/1008/1233 1348/1009/1234 1346/1007/1231
f 1348/1009/1235 1347/1008/1235 1349/1010/1236
f 1349/1010/1237 1350/1011/1238 1348/1009/1234
f 1350/1011/1238 1349/1010/1237 1351/1012/1239
f 1351/1012/1239 1352/1013/1240 1350/1011/1238
f 1353/1014/1241 1354/1015/1242 1355/1016/1243
f 1355/1016/1243 1356/1017/1244 1353/1014/1241
f 1356/1017/1244 1355/1016/1243 1357/1018/1245
f 1357/1018/1245 1358/1019/1246 1356/1017/1244
f 1359/1020/1247 1358/1019/1246 1357/1018/1245
f 1357/1018/1245 1360/1021/1248 1359/1020/1247
f 1359/1020/1247 1360/1021/1248 1361/1022/1249
f 1362/1023/1250 1363/1012/1251 1364/1010/1252
f 1364/1010/1252 1365/1024/1253 1362/1023/1250
f 1365/1024/1253 1364/1010/1252 1366/1008/1254
f 1366/1008/1254 1367/1025/1255 1365/1024/1253
f 1367/1025/1255 1366/1008/1254 1368/1005/1256
f 1368/1005/1257 1369/1026/1257 1367/1025/1257
f 1370/1027/1258 1371/1014/1259 1372/1017/1260
f 1372/1017/1260 1373/1028/1261 1370/1027/1258
f 1373/1028/1261 1372/1017/1260 1374/1019/1262
f 1374/1019/1262 1375/1029/1263 1373/1028/1261
f 1375/1029/1263 1374/1019/1262 1376/1020/1264
f 1376/1020/1264 1377/1001/1265 1375/1029/1263
f 1378/1030/1266 1379/1031/1267 1380/1032/1268
f 1380/1032/1268 1381/1033/1269 1378/1030/1266
f 1381/1033/1269 1380/1032/1268 1382/1034/1270
f 1382/1034/1270 1383/1035/1271 1381/1033/1269
f 1384/1036/1272 1383/1035/1271 1382/1034/1270
f 1382/1034/1270 1385/1037/1273 1384/1036/1272
f 1384/1036/1272 1385/1037/1273 1386/1038/1274
f 1386/1038/1274 1387/1039/1275 1384/1036/1272
f 1388/1040/1276 1387/1039/1275 1386/1038/1274
f 1386/1038/1274 1389/1041/1277 1388/1040/1276
f 1388/1040/1276 1389/1041/1277 1390/1042/1278
f 1390/1042/1278 1391/1043/1279 1388/1040/1276
f 1392/1044/1280 1393/1045/1281 1390/1042/1278
f 1390/1042/1278 1394/1041/1282 1392/1044/1280
f 1392/1044/1280 1394/1041/1282 1395/1038/1283
f 1395/1038/1283 1396/1046/1284 1392/1044/1280
f 1397/1047/1285 1396/1046/1284 1395/1038/1283
f 1395/1038/1283 1398/1048/1286 1397/1047/1285
f 1397/1047/1285 1398/1048/1286 1399/1049/1287
f 1399/1049/1287 1400/1050/1288 1397/1047/1285
f 1401/1051/1289 1400/1050/1288 1399/1049/1287
f 1399/1049/1287 1402/1052/1290 1401/1051/1289
f 1403/1053/1291 1401/1051/1289 1402/1052/1290
f 1402/1052/1290 1404/1054/1292 1403/1053/1291
f 1405/1055/1293 1406/1026/1293 1407/1056/1294
f 1408/1057/1295 1405/1055/1296 1407/1056/1296
f 1407/1056/1294 1409/1058/1297 1408/1057/1295
f 1410/1059/1298 1408/1057/1295 1409/1058/1297
f 1409/1058/1297 1411/1060/1299 1410/1059/1298
f 1412/1061/1300 1413/1062/1301 1414/992/1302
f 1414/992/1302 1415/991/1303 1412/1061/1300
f 1416/1063/1304 1412/1061/1300 1415/991/1303
f 1415/991/1303 1417/999/1305 1416/1063/1304
f 1418/1020/1306 1416/1063/1304 1417/999/1305
f 1417/999/1305 1419/1001/1307 1418/1020/1306
f 1420/1056/1308 1421/1026/1309 1422/1005/1310
f 1422/1005/1310 1423/1003/1311 1420/1056/1308
f 1424/1058/1312 1420/1056/1308 1423/1003/1311
f 1423/1003/1311 1425/996/1313 1424/1058/1312
f 1424/1058/1312 1425/996/1313 1426/995/1314
f 1426/995/1314 1427/1060/1314 1424/1058/1312
f 1428/1064/1315 1429/1020/1316 1430/1022/1317
f 1429/1020/1316 1428/1064/1315 1431/1065/1318
f 1431/1065/1318 1432/1063/1319 1429/1020/1316
f 1433/1061/1320 1432/1063/1319 1431/1065/1318
f 1431/1065/1318 1434/1066/1321 1433/1061/1320
f 1433/1061/1320 1434/1066/1321 1435/1067/1322
f 1435/1067/1322 1436/1062/1323 1433/1061/1320
f 1437/1055/1324 1438/1025/1325 1439/1026/1326
f 1438/1025/1325 1437/1055/1324 1440/1057/1327
f 1440/1057/1327 1441/1024/1328 1438/1025/1325
f 1442/1023/1329 1441/1024/1328 1440/1057/1327
f 1440/1057/1327 1443/1059/1330 1442/1023/1329
f 1444/1000/1331 1445/1029/1332 1446/1001/1333
f 1445/1029/1332 1444/1000/1331 1447/997/1334
f 1447/997/1334 1448/1028/1335 1445/1029/1332
f 1449/1027/1336 1448/1028/1335 1447/997/1334
f 1447/997/1334 1450/993/1337 1449/1027/1336
f 1451/1068/1338 1452/1069/1339 1453/1070/1339
f 1453/1070/1339 1454/1071/1338 1451/1068/1338
f 1451/1068/1338 1454/1071/1338 1455/1072/1340
f 1455/1072/1340 1456/1073/1341 1451/1068/1338
f 1456/1073/1341 1455/1072/1340 1457/1074/1342
f 1457/1074/1342 1458/1075/1342 1456/1073/1341
f 1458/1075/1342 1457/1074/1342 1459/1076/1343
f 1459/1076/1343 1460/1077/1343 1458/1075/1342
f 1461/1078/1344 1460/1077/1343 1459/1076/1343
f 1459/1076/1343 1462/1079/1344 1461/1078/1344
f 1463/1080/1345 1461/1078/1344 1462/1079/1344
f 1462/1079/1344 1464/1081/1346 1463/1080/1345
f 1465/1082/1347 1463/1080/1345 1464/1081/1346
f 1464/1081/1346 1466/1083/1347 1465/1082/1347
f 1465/1082/1347 1466/1083/1347 1467/1084/1348
f 1467/1084/1348 1468/1085/1348 1465/1082/1347
f 1468/1085/1348 1467/1084/1348 1469/1086/1349
f 1469/1086/1349 1470/1087/1349 1468/1085/1348
f 1470/1087/1349 1469/1086/1349 1471/1088/1350
f 1471/1088/1350 1472/1089/1350 1470/1087/1349
f 1473/1090/1351 1472/1089/1350 1471/1088/1350
f 1471/1088/1350 1474/1091/1352 1473/1090/1351
f 1475/1092/1353 1473/1090/1351 1474/1091/1352
f 1474/1091/1352 1476/1093/1354 1475/1092/1353
f 1477/1094/1355 1475/1092/1353 1476/1093/1354
f 1476/1093/1354 1478/1095/1355 1477/1094/1355
f 1477/1094/1355 1478/1095/1355 1479/1096/1356
f 1479/1096/1356 1480/1097/1356 1477/1094/1355
f 1481/1098/1357 1482/1099/1358 1483/1100/1359
f 1483/1100/1359 1484/1101/1360 1481/1098/1357
f 1484/1101/1360 1483/1100/1359 1485/1102/1361
f 1486/1103/1362 1481/1098/1363 1484/1101/1363
f 1485/1102/1361 1487/1104/1364 1484/1101/1360
f 1487/1104/1364 1485/1102/1361 1488/1105/1365
f 1484/1101/1360 1489/1106/1366 1486/1103/1367
f 1489/1106/1366 1484/1101/1360 1487/1104/1364
f 1490/1107/1368 1486/1103/1367 1489/1106/1366
f 1488/1105/1365 1491/1108/1369 1487/1104/1364
f 1491/1108/1369 1488/1105/1365 1492/1109/1370
f 1487/1104/1364 1493/1110/1371 1489/1106/1366
f 1493/1110/1371 1487/1104/1364 1491/1108/1369
f 1489/1106/1366 1494/1111/1372 1490/1107/1368
f 1494/1111/1372 1489/1106/1366 1493/1110/1371
f 1495/1112/1373 1490/1107/1368 1494/1111/1372
f 1491/1108/1369 1496/1113/1374 1493/1110/1371
f 1494/1111/1372 1497/1114/1375 1495/1112/1373
f 1498/1115/1376 1495/1112/1373 1497/1114/1375
f 1493/1110/1371 1499/1116/1377 1494/1111/1372
f 1497/1114/1375 1494/1111/1372 1499/1116/1377
f 1499/1116/1377 1493/1110/1371 1496/1113/1374
f 1497/1114/1375 1500/1117/1378 1498/1115/1376
f 1501/1118/1379 1498/1115/1376 1500/1117/1378
f 1499/1116/1377 1502/1119/1380 1497/1114/1375
f 1500/1117/1378 1497/1114/1375 1502/1119/1380
f 1502/1119/1380 1499/1116/1377 1503/1120/1381
f 1496/1113/1374 1503/1120/1381 1499/1116/1377
f 1502/1119/1380 1504/1121/1382 1500/1117/1378
f 1500/1117/1378 1505/1122/1383 1501/1118/1379
f 1505/1122/1383 1500/1117/1378 1504/1121/1382
f 1506/1123/1384 1501/1118/1379 1505/1122/1383
f 1504/1121/1382 1502/1119/1380 1507/1124/1385
f 1503/1120/1381 1507/1124/1385 1502/1119/1380
f 1504/1121/1382 1508/1125/1386 1505/1122/1383
f 1505/1122/1383 1509/1126/1387 1506/1123/1384
f 1509/1126/1387 1505/1122/1383 1508/1125/1386
f 1510/1127/1388 1506/1123/1384 1509/1126/1387
f 1509/1126/1387 1511/1128/1389 1510/1127/1388
f 1511/1128/1389 1509/1126/1387 1512/1129/1390
f 1508/1125/1386 1512/1129/1390 1509/1126/1387
f 1512/1129/1390 1513/1130/1391 1511/1128/1389
f 1513/1130/1391 1512/1129/1390 1514/1131/1392
f 1514/1131/1392 1515/1132/1393 1513/1130/1391
f 1512/1129/1390 1508/1125/1386 1516/1133/1394
f 1516/1133/1394 1514/1131/1392 1512/1129/1390
f 1517/1134/1395 1516/1133/1394 1508/1125/1386
f 1508/1125/1386 1504/1121/1382 1517/1134/1395
f 1507/1124/1385 1517/1134/1395 1504/1121/1382
f 1516/1133/1394 1517/1134/1395 1518/1135/1396
f 1517/1134/1395 1507/1124/1385 1519/1136/1397
f 1519/1136/1397 1518/1135/1396 1517/1134/1395
f 1520/1137/1398 1519/1136/1397 1507/1124/1385
f 1507/1124/1385 1503/1120/1381 1520/1137/1398
f 1518/1135/1396 1519/1136/1397 1521/1138/1399
f 1522/1139/1400 1521/1138/1399 1519/1136/1397
f 1519/1136/1397 1520/1137/1398 1522/1139/1400
f 1521/1138/1399 1523/1140/1401 1518/1135/1396
f 1524/1141/1402 1522/1139/1400 1520/1137/1398
f 1525/1142/1403 1518/1135/1396 1523/1140/1401
f 1518/1135/1396 1525/1142/1403 1516/1133/1394
f 1523/1140/1401 1526/1143/1404 1525/1142/1403
f 1514/1131/1392 1516/1133/1394 1525/1142/1403
f 1527/1144/1405 1525/1142/1403 1526/1143/1404
f 1525/1142/1403 1527/1144/1405 1514/1131/1392
f 1515/1132/1393 1514/1131/1392 1527/1144/1405
f 1526/1143/1404 1528/1145/1406 1527/1144/1405
f 1527/1144/1405 1529/1146/1407 1515/1132/1393
f 1529/1146/1407 1527/1144/1405 1528/1145/1406
f 1528/1145/1406 1530/1147/1408 1529/1146/1407
f 1531/1148/1409 1532/1149/1410 1533/1150/1411
f 1533/1150/1411 1534/1151/1412 1531/1148/1409
f 1535/1152/1413 1534/1151/1412 1533/1150/1411
f 1534/1151/1412 1535/1152/1413 1536/1153/1414
f 1536/1153/1414 1537/1154/1415 1534/1151/1412
f 1537/1154/1415 1538/1155/1416 1534/1151/1412
f 1539/1156/1417 1531/1148/1409 1534/1151/1412
f 1538/1155/1416 1539/1156/1417 1534/1151/1412
f 1540/1157/1418 1539/1156/1417 1538/1155/1416
f 1541/1158/1419 1539/1156/1417 1540/1157/1418
f 1540/1157/1418 1542/1159/1420 1541/1158/1419
f 1542/1159/1420 1543/1160/1421 1541/1158/1419
f 1544/1161/1422 1541/1158/1419 1543/1160/1421
f 1544/1161/1422 1543/1160/1421 1545/1162/1423
f 1544/1161/1422 1545/1162/1423 1546/1163/1424
f 1545/1162/1423 1547/1164/1425 1546/1163/1424
f 1548/1165/1426 1544/1161/1422 1546/1163/1424
f 1546/1163/1424 1547/1164/1425 1549/1166/1427
f 1550/1167/1428 1548/1165/1426 1546/1163/1424
f 1549/1166/1427 1551/1168/1429 1546/1163/1424
f 1546/1163/1424 1552/1169/1430 1550/1167/1428
f 1551/1168/1429 1552/1169/1430 1546/1163/1424
f 1553/1170/1431 1554/1171/1432 1555/1172/1432
f 1555/1172/1432 1556/1173/1433 1553/1170/1431
f 1557/1174/1432 1558/1175/1432 1553/1170/1431
f 1553/1170/1431 1559/1176/1433 1557/1174/1432
f 1560/1177/1432 1553/1170/1431 1556/1173/1433
f 1559/1176/1433 1553/1170/1431 1560/1177/1432
f 1556/1173/1433 1561/1178/1432 1560/1177/1432
f 1560/1177/1432 1562/1179/1432 1559/1176/1433
f 1560/1177/1432 1561/1178/1432 1563/1180/1434
f 1564/1181/1434 1562/1179/1432 1560/1177/1432
f 1563/1180/1434 1565/1182/1435 1560/1177/1432
f 1560/1177/1432 1565/1182/1435 1564/1181/1434
f 1565/1182/1435 1563/1180/1434 1566/1183/1432
f 1567/1183/1432 1564/1181/1434 1565/1182/1435
f 1566/1183/1432 1568/1184/1432 1565/1182/1435
f 1565/1182/1435 1568/1184/1432 1567/1183/1432
f 1569/1185/1436 1520/1137/1398 1503/1120/1381
f 1520/1137/1398 1569/1185/1436 1524/1141/1402
f 1503/1120/1381 1496/1113/1374 1569/1185/1436
f 1570/1186/1437 1524/1141/1402 1569/1185/1436
f 1571/1187/1438 1569/1185/1436 1496/1113/1374
f 1569/1185/1436 1571/1187/1438 1570/1186/1437
f 1496/1113/1374 1491/1108/1369 1571/1187/1438
f 1572/1188/1439 1570/1186/1437 1571/1187/1438
f 1492/1109/1370 1571/1187/1438 1491/1108/1369
f 1571/1187/1438 1492/1109/1370 1572/1188/1439
f 1573/1189/1440 1574/1190/1441 1575/1191/1442
f 1576/1192/1443 1573/1189/1440 1575/1191/1442
f 1577/1193/1444 1575/1191/1442 1574/1190/1441
f 1575/1191/1442 1578/1194/1445 1576/1192/1443
f 1577/1193/1444 1574/1190/1441 1579/1195/1446
f 1576/1192/1443 1578/1194/1445 1580/1196/1447
f 1577/1193/1444 1579/1195/1446 1581/1197/1448
f 1579/1195/1446 1582/1198/1449 1581/1197/1448
f 1577/1193/1444 1581/1197/1448 1583/1199/1450
f 1581/1197/1448 1582/1198/1449 1584/1200/1451
f 1585/1201/1452 1583/1199/1450 1581/1197/1448
f 1584/1200/1451 1586/1202/1453 1581/1197/1448
f 1581/1197/1448 1587/1203/1454 1585/1201/1452
f 1581/1197/1455 1586/1202/1455 1587/1203/1455
f 1588/1204/1456 1580/1196/1457 1578/1194/1458
f 1588/1204/1456 1589/1205/1459 1580/1196/1457
f 1588/1204/1456 1578/1194/1445 1590/1206/1460
f 1591/1207/1461 1589/1205/1459 1588/1204/1456
f 1588/1204/1456 1590/1206/1460 1592/1208/1462
f 1588/1204/1456 1593/1209/1463 1591/1207/1461
f 1592/1208/1462 1594/1210/1464 1588/1204/1456
f 1593/1209/1463 1588/1204/1456 1594/1210/1464
f 1595/1211/1432 1596/1212/1432 1597/1213/1432
f 1595/1211/1432 1598/1214/1432 1596/1212/1432
f 1595/1211/1432 1597/1213/1432 1599/1215/1432
f 1595/1211/1432 1600/1216/1432 1598/1214/1432
f 1595/1211/1432 1599/1215/1432 1601/1217/1432
f 1595/1211/1432 1602/1218/1432 1600/1216/1432
f 1595/1211/1432 1601/1217/1432 1603/1219/1432
f 1595/1211/1432 1603/1219/1432 1602/1218/1432
f 1604/1220/1465 1605/1221/1466 1606/1222/1467
f 1607/1223/1468 1605/1221/1466 1604/1220/1465
f 1606/1222/1467 1608/1224/1469 1604/1220/1465
f 1606/1222/1467 1609/1225/1470 1608/1224/1469
f 1610/1226/1471 1607/1223/1468 1604/1220/1465
f 1611/1227/1472 1607/1223/1468 1610/1226/1471
f 1604/1220/1465 1608/1224/1469 1612/1228/1473
f 1609/1225/1470 1613/1229/1474 1608/1224/1469
f 1613/1229/1474 1612/1228/1473 1608/1224/1469
f 1613/1229/1474 1609/1225/1470 1614/1230/1475
f 1612/1228/1473 1615/1231/1476 1604/1220/1465
f 1615/1231/1476 1610/1226/1471 1604/1220/1465
f 1615/1231/1476 1612/1228/1473 1616/1232/1477
f 1613/1229/1474 1616/1232/1477 1612/1228/1473
f 1617/1233/1478 1610/1226/1471 1615/1231/1476
f 1616/1232/1477 1617/1233/1478 1615/1231/1476
f 1618/1234/1479 1610/1226/1471 1617/1233/1478
f 1610/1226/1471 1618/1234/1479 1611/1227/1472
f 1611/1227/1472 1618/1234/1479 1619/1235/1480
f 1617/1233/1478 1619/1235/1480 1618/1234/1479
f 1619/1235/1480 1620/1236/1481 1611/1227/1472
f 1621/1237/1482 1620/1236/1481 1619/1235/1480
f 1622/1238/1483 1619/1235/1480 1617/1233/1478
f 1619/1235/1480 1623/1239/1484 1621/1237/1482
f 1624/1240/1485 1622/1238/1483 1617/1233/1478
f 1617/1233/1478 1616/1232/1477 1624/1240/1485
f 1619/1235/1480 1622/1238/1483 1625/1241/1486
f 1625/1241/1486 1622/1238/1483 1624/1240/1485
f 1619/1235/1480 1625/1241/1486 1623/1239/1484
f 1621/1237/1482 1623/1239/1484 1626/1242/1487
f 1626/1242/1487 1623/1239/1484 1625/1241/1486
f 1626/1242/1487 1627/1243/1488 1621/1237/1482
f 1626/1242/1487 1625/1241/1486 1628/1244/1489
f 1627/1243/1488 1626/1242/1487 1629/1245/1490
f 1626/1242/1487 1628/1244/1489 1629/1245/1490
f 1630/1246/1491 1627/1243/1488 1629/1245/1490
f 1631/1247/1492 1630/1246/1491 1629/1245/1490
f 1629/1245/1490 1632/1248/1493 1631/1247/1492
f 1633/1249/1494 1631/1247/1492 1632/1248/1493
f 1634/1250/1495 1632/1248/1493 1629/1245/1490
f 1629/1245/1490 1628/1244/1489 1634/1250/1495
f 1635/1251/1496 1633/1249/1494 1632/1248/1493
f 1634/1250/1495 1635/1251/1496 1632/1248/1493
f 1636/1252/1497 1633/1249/1494 1635/1251/1496
f 1637/1253/1498 1634/1250/1495 1628/1244/1489
f 1637/1253/1498 1635/1251/1496 1634/1250/1495
f 1628/1244/1489 1625/1241/1486 1637/1253/1498
f 1624/1240/1485 1637/1253/1498 1625/1241/1486
f 1638/1254/1499 1635/1251/1496 1637/1253/1498
f 1635/1251/1496 1638/1254/1499 1636/1252/1497
f 1624/1240/1485 1639/1255/1500 1637/1253/1498
f 1637/1253/1498 1639/1255/1500 1638/1254/1499
f 1636/1252/1497 1638/1254/1499 1639/1255/1500
f 1639/1255/1500 1640/1256/1481 1636/1252/1497
f 1639/1255/1500 1624/1240/1485 1616/1232/1477
f 1614/1230/1475 1640/1256/1481 1639/1255/1500
f 1639/1255/1500 1616/1232/1477 1641/1257/1501
f 1639/1255/1500 1641/1257/1501 1614/1230/1475
f 1613/1229/1474 1641/1257/1501 1616/1232/1477
f 1614/1230/1475 1641/1257/1501 1613/1229/1474
o Ob4.001
v 0.972674 0.557925 0.155470
v 0.951700 0.557925 0.155470
v 0.951703 1.227559 0.155428
v 0.972669 1.227559 0.155428
v 0.983161 0.557925 0.173608
v 0.983152 1.227559 0.173608
v 0.972674 0.557925 0.191747
v 0.972669 1.227559 0.191788
v 0.951729 0.557925 0.191703
v 0.951756 1.227559 0.191710
v 0.941240 0.557925 0.173585
v 0.941270 1.227559 0.173567
v 0.951700 0.557925 0.155470
v 0.951703 1.227559 0.155428
v 0.972602 1.230677 0.190909
v 0.977989 1.231873 0.180052
v 0.941240 0.559048 0.173585
v 0.951700 0.559048 0.155470
v 0.951696 0.118418 0.155511
v 0.941211 0.118418 0.173604
v 0.951729 0.559048 0.191703
v 0.951703 0.118418 0.191697
v 0.972674 0.559048 0.191747
v 0.972679 0.118418 0.191706
v 0.983161 0.559048 0.173608
v 0.983170 0.118418 0.173609
v 0.972674 0.559048 0.155470
v 0.972679 0.118418 0.155511
v 0.951700 0.559048 0.155470
v 0.951696 0.118418 0.155511
v 0.977989 1.232630 0.180052
v 0.972602 1.231435 0.190909
v 0.941211 0.120334 0.173604
v 0.951696 0.120334 0.155511
v 0.951696 -0.026680 0.155522
v 0.941203 -0.026680 0.173609
v 0.951703 0.120334 0.191697
v 0.951696 -0.026680 0.191695
v 0.972679 0.120334 0.191706
v 0.972680 -0.026680 0.191695
v 0.983170 0.120334 0.173609
v 0.983172 -0.026680 0.173609
v 0.972679 0.120334 0.155511
v 0.972680 -0.026680 0.155522
v 0.951696 0.120334 0.155511
v 0.951696 -0.026680 0.155522
v 0.974495 1.239127 0.178343
v 0.979561 1.237075 0.170504
v 0.979561 1.237833 0.170503
v 0.974495 1.239884 0.178343
v 0.974952 1.469392 0.152070
v 0.949621 1.469392 0.152070
v 0.936956 1.469392 0.173479
v 0.987617 1.469392 0.173479
v 0.974952 1.469392 0.194887
v 0.949621 1.469392 0.194887
v 0.940770 -0.054344 0.173609
v 0.951544 -0.054344 0.156050
v 0.973091 -0.054344 0.156050
v 0.983865 -0.054344 0.173609
v 0.973091 -0.054344 0.191167
v 0.951544 -0.054344 0.191167
v 0.949759 -0.031615 0.152620
v 0.951696 -0.026680 0.155522
v 0.972680 -0.026680 0.155522
v 0.974876 -0.031615 0.152620
v 0.983172 -0.026680 0.173609
v 0.948422 -0.049101 0.150958
v 0.973091 -0.054344 0.156050
v 0.951544 -0.054344 0.156050
v 0.976213 -0.049101 0.150958
v 0.983865 -0.054344 0.173609
v 0.987436 -0.031615 0.173609
v 0.990109 -0.049101 0.173609
v 0.973091 -0.054344 0.191167
v 0.974876 -0.031615 0.194597
v 0.972680 -0.026680 0.191695
v 0.976213 -0.049101 0.196260
v 0.951544 -0.054344 0.191167
v 0.949759 -0.031615 0.194597
v 0.951696 -0.026680 0.191695
v 0.941203 -0.026680 0.173609
v 0.948422 -0.049101 0.196260
v 0.940770 -0.054344 0.173609
v 0.937199 -0.031615 0.173609
v 0.951696 -0.026680 0.155522
v 0.949759 -0.031615 0.152620
v 0.934526 -0.049101 0.173609
v 0.948422 -0.049101 0.150958
v 0.951544 -0.054344 0.156050
v 0.950492 1.413751 0.153047
v 0.950905 1.426989 0.153404
v 0.973953 1.426989 0.153404
v 0.974123 1.413751 0.153047
v 0.985477 1.426989 0.173479
v 0.974127 1.229042 0.153031
v 0.950484 1.229042 0.153031
v 0.951703 1.225017 0.155428
v 0.972669 1.225017 0.155428
v 0.985947 1.229042 0.173546
v 0.983152 1.225017 0.173608
v 0.985938 1.413751 0.173544
v 0.973953 1.426989 0.193554
v 0.974127 1.229042 0.194061
v 0.972669 1.225017 0.191788
v 0.974123 1.413751 0.194040
v 0.950905 1.426989 0.193554
v 0.950550 1.228973 0.193966
v 0.951756 1.225017 0.191710
v 0.950557 1.404712 0.193945
v 0.938725 1.228973 0.173495
v 0.941270 1.225017 0.173567
v 0.951703 1.225017 0.155428
v 0.950484 1.229042 0.153031
v 0.938738 1.404712 0.173493
v 0.950492 1.413751 0.153047
v 0.935112 1.414736 0.173447
v 0.939381 1.426989 0.173479
v 0.950905 1.426989 0.153404
v 0.935355 1.415014 0.184371
v 0.939706 1.415097 0.190127
v 0.950938 1.414604 0.194856
v 0.946831 1.446920 0.147357
v 0.949621 1.469392 0.152070
v 0.974952 1.469392 0.152070
v 0.977742 1.446920 0.147357
v 0.950905 1.426989 0.153404
v 0.973953 1.426989 0.153404
v 0.993197 1.446920 0.173479
v 0.987617 1.469392 0.173479
v 0.985477 1.426989 0.173479
v 0.974952 1.469392 0.194887
v 0.973953 1.426989 0.193554
v 0.977742 1.446920 0.199600
v 0.949621 1.469392 0.194887
v 0.950905 1.426989 0.193554
v 0.946831 1.446920 0.199600
v 0.931376 1.446920 0.173479
v 0.936956 1.469392 0.173479
v 0.939381 1.426989 0.173479
v 0.949621 1.469392 0.152070
v 0.950905 1.426989 0.153404
v 0.946831 1.446920 0.147357
v 0.939509 1.469392 0.173495
v 0.948988 1.469392 0.190492
v 0.953630 1.504380 0.187368
v 0.941948 1.504380 0.173620
v 0.975560 1.469392 0.190393
v 0.950713 1.530163 0.187142
v 0.936004 1.528872 0.173642
v 0.970942 1.504380 0.187304
v 0.984913 1.469392 0.173326
v 0.982522 1.504380 0.173470
v 0.973857 1.530163 0.187056
v 0.988466 1.528872 0.173448
v 0.930108 1.553637 0.185111
v 0.924985 1.544214 0.173705
v 0.912873 1.551329 0.173748
v 0.929263 1.566248 0.185739
v 0.926728 1.632649 0.173698
v 0.948655 1.555945 0.196479
v 0.952707 1.575509 0.194368
v 0.953767 1.645471 0.190756
v 0.971862 1.575509 0.194258
v 0.975924 1.555945 0.196323
v 0.994435 1.553637 0.184835
v 0.999485 1.544214 0.173385
v 1.011597 1.551329 0.173342
v 0.995284 1.566248 0.185455
v 0.997742 1.632649 0.173392
v 0.970812 1.645471 0.190683
v 0.962278 1.769053 0.187099
v 0.978118 1.829427 0.173477
v 0.962235 1.916433 0.173545
v 0.946352 1.829427 0.173613
v 0.962235 1.916433 0.173545
v 0.962192 1.769053 0.159991
v 0.946352 1.829427 0.173613
v 0.978118 1.829427 0.173477
v 0.926728 1.632649 0.173698
v 0.997742 1.632649 0.173392
v 0.953658 1.645471 0.156407
v 0.970703 1.645471 0.156334
v 0.952605 1.575509 0.151646
v 0.971759 1.575509 0.151536
v 0.995211 1.566248 0.162538
v 1.011597 1.551329 0.173342
v 0.975814 1.555945 0.150611
v 0.994362 1.553637 0.161979
v 0.999485 1.544214 0.173385
v 0.988466 1.528872 0.173448
v 0.973757 1.530163 0.159949
v 0.982522 1.504380 0.173470
v 0.970840 1.504380 0.159722
v 0.984913 1.469392 0.173326
v 0.975434 1.469392 0.156329
v 0.953527 1.504380 0.159786
v 0.948862 1.469392 0.156428
v 0.939509 1.469392 0.173495
v 0.941948 1.504380 0.173620
v 0.950613 1.530163 0.160034
v 0.936004 1.528872 0.173642
v 0.930035 1.553637 0.162256
v 0.924985 1.544214 0.173705
v 0.912873 1.551329 0.173748
v 0.948546 1.555945 0.150768
v 0.929190 1.566248 0.162822
vn 0.5031 0.0033 -0.8642
vn -0.0000 -0.0001 -1.0000
vn 0.0116 -0.0001 -0.9999
vn 1.0000 0.0034 0.0039
vn 0.5031 -0.0000 -0.8642
vn 0.0117 -0.0023 -0.9999
vn 0.8663 -0.0000 -0.4995
vn 1.0000 -0.0000 -0.0000
vn 0.4989 0.0004 0.8667
vn 1.0000 -0.0000 0.0039
vn 0.8604 -0.0000 0.5096
vn -0.5038 0.0033 0.8638
vn 0.4989 -0.0000 0.8667
vn 0.8604 -0.0023 0.5096
vn -0.0037 -0.0000 1.0000
vn -0.5014 0.0001 0.8652
vn -1.0000 -0.0000 0.0006
vn -0.5038 -0.0000 0.8638
vn -0.5014 -0.0000 0.8652
vn -1.0000 -0.0000 0.0010
vn -0.8660 -0.0000 -0.5000
vn -0.8668 -0.0000 -0.4986
vn -1.0000 -0.0000 0.0005
vn -0.8652 -0.0000 -0.5014
vn -1.0000 -0.0000 0.0001
vn -0.5004 -0.0000 0.8658
vn -0.4994 -0.0000 0.8664
vn 0.4988 -0.0000 0.8667
vn 0.4991 -0.0000 0.8666
vn 0.4997 -0.0000 -0.8662
vn 0.4993 -0.0001 -0.8665
vn -0.8650 -0.0000 -0.5018
vn -1.0000 -0.0000 -0.0000
vn -0.4993 -0.0000 0.8664
vn -0.4991 -0.0000 0.8665
vn 0.4991 -0.0000 0.8665
vn 0.4992 -0.0000 -0.8665
vn 0.4991 -0.0001 -0.8665
vn -0.0000 1.0000 -0.0000
vn -0.0000 -1.0000 -0.0000
vn -0.0000 0.2786 -0.9604
vn -0.0000 0.5069 -0.8620
vn 0.3804 0.5886 -0.7133
vn 0.4677 0.3442 -0.8141
vn 0.7609 0.6489 -0.0000
vn -0.0000 -0.2775 -0.9607
vn 0.3142 -0.7511 -0.5806
vn -0.0000 -0.6968 -0.7173
vn 0.4704 -0.3148 -0.8244
vn 0.6431 -0.7658 0.0001
vn 0.9225 0.3861 -0.0022
vn 0.9509 -0.3094 -0.0019
vn 0.3142 -0.7511 0.5806
vn 0.4656 0.3457 0.8147
vn 0.3804 0.5887 0.7133
vn 0.4949 -0.2851 0.8209
vn -0.5975 -0.6883 0.4114
vn -0.4661 0.3371 0.8180
vn -0.3962 0.5759 0.7151
vn -0.7807 0.6249 -0.0000
vn -0.0000 -0.6968 0.7173
vn -0.4822 -0.3880 0.7854
vn -0.4628 -0.2909 0.8374
vn -0.6431 -0.7658 -0.0001
vn -0.5184 -0.7333 0.4398
vn -0.9273 0.3743 0.0021
vn -0.7304 0.5358 -0.4237
vn -0.8136 0.3185 -0.4864
vn -0.9509 -0.3094 0.0019
vn -0.8180 -0.2812 -0.5018
vn -0.5981 -0.7125 -0.3669
vn -0.0000 0.0134 -0.9999
vn -0.0000 0.0269 -0.9996
vn 0.5015 0.0297 -0.8646
vn 0.5002 0.0151 -0.8658
vn 0.9994 0.0342 -0.0022
vn 0.4821 -0.2753 -0.8317
vn -0.0000 -0.2418 -0.9703
vn -0.0000 -0.5117 -0.8592
vn 0.4066 -0.5716 -0.7127
vn 0.9615 -0.2748 -0.0013
vn 0.8214 -0.5704 0.0043
vn 0.9999 0.0171 0.0005
vn 0.5022 0.0388 0.8639
vn 0.4830 -0.2676 0.8337
vn 0.4064 -0.5568 0.7245
vn 0.5030 0.0179 0.8641
vn -0.3355 0.2592 0.9057
vn -0.4825 -0.2612 0.8360
vn -0.4270 -0.5426 0.7234
vn -0.4114 -0.1326 0.9018
vn -0.9655 -0.2603 -0.0006
vn -0.8411 -0.5409 0.0065
vn -0.7557 -0.4889 -0.4358
vn -0.8446 -0.2242 -0.4861
vn -0.9687 -0.2298 -0.0942
vn -0.8488 0.0181 -0.5284
vn -0.9574 -0.0058 -0.2887
vn -0.9055 0.3933 -0.1594
vn -0.8665 0.0404 -0.4975
vn -0.9166 0.0102 0.3996
vn -0.7148 0.0326 0.6985
vn -0.1753 0.0095 0.9845
vn -0.0000 -0.0373 -0.9993
vn -0.0000 0.2053 -0.9787
vn 0.4801 0.2368 -0.8446
vn 0.4969 -0.0481 -0.8665
vn -0.0000 -0.2903 -0.9569
vn 0.4636 -0.3404 -0.8180
vn 0.9985 -0.0545 -0.0000
vn 0.9705 0.2410 -0.0000
vn 0.9325 -0.3612 -0.0000
vn 0.4802 0.2368 0.8446
vn 0.4636 -0.3404 0.8180
vn 0.4969 -0.0481 0.8665
vn -0.4801 0.2368 0.8446
vn -0.4590 -0.3461 0.8183
vn -0.4981 -0.0510 0.8656
vn -0.9982 -0.0601 -0.0000
vn -0.9705 0.2410 -0.0000
vn -0.9280 -0.3727 -0.0000
vn -0.8416 0.2090 -0.4980
vn -0.8179 -0.3196 -0.4784
vn -0.8595 -0.0511 -0.5086
vn -0.8363 0.1259 0.5337
vn -0.5172 0.1439 0.8437
vn -0.4088 0.0311 0.9121
vn -0.7430 -0.0343 0.6685
vn 0.5232 0.1432 0.8401
vn -0.3443 -0.2466 0.9059
vn -0.6282 -0.3303 0.7045
vn 0.4157 0.0308 0.9090
vn 0.8403 0.1248 0.5275
vn 0.7479 -0.0348 0.6629
vn 0.3512 -0.2458 0.9034
vn 0.6337 -0.3297 0.6998
vn -0.5284 -0.2733 0.8038
vn -0.5111 -0.5357 0.6722
vn -0.5507 -0.2397 0.7995
vn -0.5303 0.0667 0.8452
vn -0.5402 0.0723 0.8384
vn -0.2461 -0.1104 0.9629
vn -0.2027 0.1136 0.9726
vn -0.2914 0.0519 0.9552
vn 0.2117 0.1133 0.9707
vn 0.2540 -0.1098 0.9609
vn 0.5340 -0.2725 0.8003
vn 0.5165 -0.5353 0.6684
vn 0.5564 -0.2397 0.7956
vn 0.5359 0.0666 0.8417
vn 0.5465 0.0720 0.8344
vn 0.2994 0.0517 0.9527
vn 0.0040 0.0646 0.9979
vn 0.4626 0.0779 0.8831
vn 0.0043 0.0916 0.9958
vn -0.4554 0.0780 0.8869
vn -0.0043 0.0916 -0.9958
vn 0.3841 0.0614 -0.9212
vn -0.4520 0.0818 -0.8882
vn 0.4554 0.0780 -0.8869
vn -0.5520 0.0747 -0.8305
vn -0.5288 0.0524 -0.8471
vn 0.5457 0.0750 -0.8346
vn -0.3007 0.0590 -0.9519
vn -0.5524 0.0750 -0.8302
vn 0.2928 0.0591 -0.9543
vn -0.2389 0.0889 -0.9670
vn 0.2300 0.0892 -0.9691
vn 0.5392 0.0796 -0.8384
vn 0.5374 -0.2243 -0.8129
vn 0.2611 -0.1255 -0.9571
vn 0.5374 -0.2350 -0.8099
vn 0.5111 -0.5357 -0.6722
vn 0.6282 -0.3303 -0.7045
vn 0.3443 -0.2466 -0.9059
vn 0.7430 -0.0325 -0.6686
vn 0.4094 0.0343 -0.9117
vn 0.8360 0.1289 -0.5334
vn 0.5155 0.1495 -0.8438
vn -0.4159 0.0346 -0.9087
vn -0.5219 0.1502 -0.8397
vn -0.8398 0.1300 -0.5271
vn -0.7479 -0.0320 -0.6630
vn -0.3512 -0.2458 -0.9034
vn -0.6337 -0.3297 -0.6998
vn -0.5430 -0.2343 -0.8064
vn -0.5165 -0.5353 -0.6684
vn -0.5432 -0.2243 -0.8091
vn -0.2690 -0.1249 -0.9550
vn -0.5447 0.0795 -0.8348
vt 0.415700 0.011400
vt 0.446454 0.011300
vt 0.446454 0.989700
vt 0.415700 0.989700
vt 0.381500 0.011400
vt 0.381500 0.989700
vt 0.347300 0.011400
vt 0.347300 0.989700
vt 0.316000 0.011500
vt 0.316000 0.989700
vt 0.282800 0.011500
vt 0.282800 0.989700
vt 0.249300 0.011500
vt 0.249300 0.989700
vt 0.515300 0.990200
vt 0.481700 0.990200
vt 0.481700 0.012000
vt 0.515300 0.011900
vt 0.548400 0.990200
vt 0.548400 0.012000
vt 0.579800 0.990200
vt 0.579800 0.011900
vt 0.614000 0.990100
vt 0.614000 0.011800
vt 0.648200 0.990100
vt 0.648200 0.011700
vt 0.679300 0.990100
vt 0.679300 0.011700
vt 0.057500 0.667900
vt 0.023300 0.667900
vt 0.023300 0.401900
vt 0.057500 0.401900
vt 0.091400 0.667900
vt 0.091400 0.401900
vt 0.123300 0.667900
vt 0.123300 0.401800
vt 0.158300 0.667900
vt 0.158300 0.401700
vt 0.193200 0.667900
vt 0.193200 0.401700
vt 0.224900 0.667900
vt 0.224900 0.401600
vt 0.769524 0.988075
vt 0.719296 0.987588
vt 0.694306 0.940057
vt 0.794839 0.939772
vt 0.769968 0.892347
vt 0.719586 0.891809
vt 0.883300 0.934800
vt 0.907200 0.890400
vt 0.955100 0.890300
vt 0.979200 0.934500
vt 0.955300 0.978900
vt 0.907400 0.979000
vt 0.087000 0.384200
vt 0.102900 0.371800
vt 0.102900 0.317100
vt 0.087000 0.319500
vt 0.102900 0.257100
vt 0.036600 0.384200
vt 0.013000 0.308100
vt 0.013000 0.360500
vt 0.036600 0.319500
vt 0.013000 0.253400
vt 0.087000 0.258500
vt 0.036600 0.258500
vt 0.013000 0.199500
vt 0.087000 0.199800
vt 0.102900 0.199400
vt 0.036600 0.199800
vt 0.013000 0.145600
vt 0.087000 0.140100
vt 0.102900 0.144600
vt 0.102900 0.082600
vt 0.036600 0.140100
vt 0.013000 0.089400
vt 0.087000 0.078800
vt 0.102900 0.022700
vt 0.087000 0.013800
vt 0.036600 0.078800
vt 0.036600 0.013800
vt 0.013000 0.035600
vt 0.225800 0.962900
vt 0.225800 0.982200
vt 0.194044 0.982208
vt 0.194140 0.962974
vt 0.159286 0.982201
vt 0.194155 0.697551
vt 0.225800 0.697562
vt 0.225800 0.692500
vt 0.194100 0.692500
vt 0.159154 0.697538
vt 0.159100 0.692500
vt 0.159202 0.962967
vt 0.124335 0.982210
vt 0.123819 0.697501
vt 0.124100 0.692500
vt 0.124789 0.963089
vt 0.093995 0.981766
vt 0.092444 0.697426
vt 0.092200 0.692500
vt 0.092203 0.951322
vt 0.058386 0.697434
vt 0.058400 0.692500
vt 0.024100 0.692500
vt 0.024121 0.697477
vt 0.058317 0.950751
vt 0.024172 0.963643
vt 0.060556 0.965250
vt 0.060354 0.981467
vt 0.024165 0.982299
vt 0.072258 0.965685
vt 0.080210 0.965587
vt 0.094696 0.964732
vt 0.178838 0.013691
vt 0.225467 0.028994
vt 0.224903 0.086348
vt 0.179138 0.079340
vt 0.132208 0.034976
vt 0.132493 0.089730
vt 0.178898 0.140276
vt 0.225079 0.142071
vt 0.132726 0.143657
vt 0.225402 0.197997
vt 0.132662 0.196901
vt 0.178705 0.198945
vt 0.225543 0.251582
vt 0.132351 0.250377
vt 0.178752 0.252660
vt 0.178662 0.314839
vt 0.225621 0.307868
vt 0.132369 0.308073
vt 0.226083 0.369430
vt 0.132153 0.367464
vt 0.178637 0.387116
vt 0.769806 0.014327
vt 0.813152 0.014536
vt 0.816100 0.092800
vt 0.771900 0.088800
vt 0.871681 0.015557
vt 0.804700 0.150600
vt 0.756800 0.141300
vt 0.867100 0.093400
vt 0.914689 0.016471
vt 0.910900 0.090200
vt 0.876800 0.151800
vt 0.924700 0.142900
vt 0.744100 0.209000
vt 0.719400 0.181600
vt 0.694500 0.204100
vt 0.749300 0.237000
vt 0.726800 0.384000
vt 0.793700 0.213900
vt 0.802800 0.257800
vt 0.813900 0.410200
vt 0.875900 0.258700
vt 0.885800 0.215300
vt 0.936100 0.211700
vt 0.960800 0.185200
vt 0.986300 0.208200
vt 0.930300 0.239500
vt 0.950200 0.387100
vt 0.861900 0.410900
vt 0.834800 0.619800
vt 0.882000 0.776400
vt 0.831100 0.956600
vt 0.785000 0.775100
vt 0.831100 0.955300
vt 0.835500 0.618800
vt 0.882000 0.775100
vt 0.785000 0.773900
vt 0.950200 0.385900
vt 0.726800 0.382800
vt 0.862100 0.409600
vt 0.814200 0.409000
vt 0.876300 0.257300
vt 0.803300 0.256300
vt 0.749400 0.235600
vt 0.694500 0.202800
vt 0.794000 0.212500
vt 0.744200 0.207700
vt 0.719400 0.180300
vt 0.756800 0.140000
vt 0.804500 0.149200
vt 0.771900 0.087500
vt 0.815800 0.091500
vt 0.769725 0.013109
vt 0.812581 0.013190
vt 0.866900 0.092100
vt 0.870591 0.014341
vt 0.913574 0.015127
vt 0.910900 0.089000
vt 0.876700 0.150300
vt 0.924700 0.141700
vt 0.936200 0.210300
vt 0.960800 0.184000
vt 0.986300 0.206900
vt 0.886100 0.213700
vt 0.930400 0.238100
s 1
usemtl 材质.009
f 1642/1258/1502 1643/1259/1503 1644/1260/1503
f 1644/1260/1503 1645/1261/1504 1642/1258/1503
f 1646/1262/1505 1642/1258/1506 1645/1261/1507
f 1645/1261/1508 1647/1263/1509 1646/1262/1508
f 1648/1264/1510 1646/1262/1511 1647/1263/1509
f 1647/1263/1509 1649/1265/1512 1648/1264/1510
f 1650/1266/1513 1648/1264/1514 1649/1265/1515
f 1649/1265/1516 1651/1267/1517 1650/1266/1516
f 1652/1268/1518 1650/1266/1519 1651/1267/1520
f 1651/1267/1520 1653/1269/1521 1652/1268/1518
f 1654/1270/1522 1652/1268/1518 1653/1269/1521
f 1653/1269/1521 1655/1271/1523 1654/1270/1522
f 1658/1272/1524 1659/1273/1522 1660/1274/1525
f 1660/1274/1525 1661/1275/1526 1658/1272/1524
f 1662/1276/1527 1658/1272/1524 1661/1275/1526
f 1661/1275/1526 1663/1277/1528 1662/1276/1527
f 1664/1278/1529 1662/1276/1527 1663/1277/1528
f 1663/1277/1528 1665/1279/1530 1664/1278/1529
f 1666/1280/1509 1664/1278/1529 1665/1279/1530
f 1665/1279/1530 1667/1281/1509 1666/1280/1509
f 1668/1282/1531 1666/1280/1509 1667/1281/1509
f 1667/1281/1509 1669/1283/1532 1668/1282/1531
f 1670/1284/1503 1668/1282/1531 1669/1283/1532
f 1669/1283/1532 1671/1285/1503 1670/1284/1503
f 1674/1286/1526 1675/1287/1525 1676/1288/1533
f 1676/1288/1533 1677/1289/1534 1674/1286/1526
f 1678/1290/1535 1674/1286/1526 1677/1289/1534
f 1677/1289/1534 1679/1291/1536 1678/1290/1535
f 1680/1292/1530 1678/1290/1535 1679/1291/1536
f 1679/1291/1536 1681/1293/1537 1680/1292/1530
f 1682/1294/1509 1680/1292/1530 1681/1293/1537
f 1681/1293/1537 1683/1295/1509 1682/1294/1509
f 1684/1296/1538 1682/1294/1509 1683/1295/1509
f 1683/1295/1509 1685/1297/1539 1684/1296/1538
f 1686/1298/1503 1684/1296/1538 1685/1297/1539
f 1685/1297/1539 1687/1299/1503 1686/1298/1503
f 1692/1300/1540 1693/1301/1540 1694/1302/1540
f 1694/1302/1540 1695/1303/1540 1692/1300/1540
f 1696/1304/1540 1695/1303/1540 1694/1302/1540
f 1694/1302/1540 1697/1305/1540 1696/1304/1540
f 1698/1306/1541 1699/1307/1541 1700/1308/1541
f 1700/1308/1541 1701/1309/1541 1698/1306/1541
f 1698/1306/1541 1701/1309/1541 1702/1310/1541
f 1702/1310/1541 1703/1311/1541 1698/1306/1541
f 1704/1312/1542 1705/1313/1543 1706/1314/1544
f 1706/1314/1544 1707/1315/1545 1704/1312/1542
f 1707/1315/1545 1706/1314/1544 1708/1316/1546
f 1709/1317/1547 1704/1312/1542 1707/1315/1545
f 1710/1318/1548 1711/1319/1549 1709/1317/1547
f 1709/1317/1547 1712/1320/1550 1710/1318/1548
f 1707/1315/1545 1712/1320/1550 1709/1317/1547
f 1713/1321/1551 1710/1318/1548 1712/1320/1550
f 1712/1320/1550 1707/1315/1545 1714/1322/1552
f 1708/1316/1546 1714/1322/1552 1707/1315/1545
f 1712/1320/1550 1715/1323/1553 1713/1321/1551
f 1714/1322/1552 1715/1323/1553 1712/1320/1550
f 1716/1324/1554 1713/1321/1551 1715/1323/1553
f 1717/1325/1555 1714/1322/1552 1708/1316/1546
f 1715/1323/1553 1714/1322/1552 1717/1325/1555
f 1708/1316/1546 1718/1326/1556 1717/1325/1555
f 1715/1323/1553 1719/1327/1557 1716/1324/1554
f 1717/1325/1555 1719/1327/1557 1715/1323/1553
f 1720/1328/1558 1716/1324/1554 1719/1327/1557
f 1721/1329/1559 1717/1325/1555 1718/1326/1556
f 1719/1327/1557 1717/1325/1555 1721/1329/1559
f 1718/1326/1556 1722/1330/1560 1721/1329/1559
f 1721/1329/1559 1722/1330/1560 1723/1331/1561
f 1719/1327/1562 1724/1332/1563 1720/1328/1562
f 1721/1329/1559 1724/1332/1564 1719/1327/1557
f 1725/1333/1565 1720/1328/1566 1724/1332/1564
f 1723/1331/1561 1726/1334/1567 1721/1329/1559
f 1724/1332/1564 1721/1329/1559 1726/1334/1567
f 1723/1331/1561 1727/1335/1568 1728/1336/1569
f 1728/1336/1569 1726/1334/1567 1723/1331/1561
f 1726/1334/1567 1729/1337/1570 1724/1332/1564
f 1729/1337/1570 1726/1334/1567 1728/1336/1569
f 1724/1332/1564 1729/1337/1570 1725/1333/1565
f 1728/1336/1569 1730/1338/1571 1729/1337/1570
f 1731/1339/1572 1725/1333/1565 1729/1337/1570
f 1729/1337/1570 1730/1338/1571 1731/1339/1572
f 1732/1340/1573 1733/1341/1574 1734/1342/1575
f 1734/1342/1575 1735/1343/1576 1732/1340/1573
f 1735/1343/1576 1734/1342/1575 1736/1344/1577
f 1732/1340/1573 1735/1343/1576 1737/1345/1578
f 1737/1345/1578 1738/1346/1579 1732/1340/1573
f 1739/1347/1580 1738/1346/1579 1737/1345/1578
f 1737/1345/1578 1740/1348/1581 1739/1347/1580
f 1740/1348/1581 1737/1345/1578 1741/1349/1582
f 1741/1349/1582 1737/1345/1578 1735/1343/1576
f 1741/1349/1582 1742/1350/1583 1740/1348/1581
f 1735/1343/1576 1743/1351/1584 1741/1349/1582
f 1736/1344/1577 1743/1351/1584 1735/1343/1576
f 1743/1351/1584 1736/1344/1577 1744/1352/1585
f 1742/1350/1583 1741/1349/1582 1745/1353/1586
f 1745/1353/1586 1741/1349/1582 1743/1351/1584
f 1745/1353/1586 1746/1354/1587 1742/1350/1583
f 1744/1352/1585 1747/1355/1588 1743/1351/1584
f 1743/1351/1584 1747/1355/1588 1745/1353/1586
f 1747/1355/1588 1744/1352/1585 1748/1356/1589
f 1746/1354/1587 1745/1353/1586 1749/1357/1590
f 1749/1357/1590 1750/1358/1591 1746/1354/1587
f 1751/1359/1592 1749/1357/1590 1745/1353/1586
f 1745/1353/1586 1747/1355/1588 1751/1359/1592
f 1750/1358/1591 1749/1357/1590 1752/1360/1593
f 1752/1360/1593 1749/1357/1590 1751/1359/1592
f 1752/1360/1593 1753/1361/1594 1750/1358/1591
f 1754/1362/1595 1753/1361/1594 1752/1360/1593
f 1752/1360/1593 1755/1363/1596 1754/1362/1595
f 1755/1363/1596 1752/1360/1593 1756/1364/1597
f 1751/1359/1592 1756/1364/1597 1752/1360/1593
f 1756/1364/1597 1757/1365/1598 1755/1363/1596
f 1756/1364/1597 1758/1366/1599 1757/1365/1598
f 1759/1367/1600 1760/1368/1601 1757/1365/1598
f 1758/1366/1599 1759/1367/1600 1757/1365/1598
f 1758/1366/1599 1756/1364/1597 1761/1369/1602
f 1761/1369/1602 1759/1367/1600 1758/1366/1599
f 1761/1369/1602 1756/1364/1597 1751/1359/1592
f 1759/1367/1600 1761/1369/1602 1762/1370/1603
f 1751/1359/1592 1762/1370/1603 1761/1369/1602
f 1762/1370/1603 1748/1356/1589 1759/1367/1600
f 1762/1370/1603 1751/1359/1592 1763/1371/1604
f 1763/1371/1604 1748/1356/1589 1762/1370/1603
f 1763/1371/1604 1751/1359/1592 1747/1355/1588
f 1747/1355/1588 1748/1356/1589 1763/1371/1604
f 1764/1372/1605 1765/1373/1606 1766/1374/1607
f 1766/1374/1607 1767/1375/1608 1764/1372/1605
f 1768/1376/1609 1764/1372/1605 1767/1375/1608
f 1767/1375/1608 1769/1377/1610 1768/1376/1609
f 1770/1378/1611 1767/1375/1608 1766/1374/1607
f 1769/1377/1610 1767/1375/1608 1770/1378/1611
f 1766/1374/1607 1771/1379/1612 1770/1378/1611
f 1770/1378/1611 1772/1380/1613 1769/1377/1610
f 1770/1378/1611 1771/1379/1612 1773/1381/1614
f 1774/1382/1615 1772/1380/1613 1770/1378/1611
f 1773/1381/1614 1775/1383/1616 1770/1378/1611
f 1770/1378/1611 1775/1383/1616 1774/1382/1615
f 1775/1383/1616 1773/1381/1614 1776/1384/1617
f 1777/1385/1618 1774/1382/1615 1775/1383/1616
f 1776/1384/1617 1778/1386/1619 1775/1383/1616
f 1775/1383/1616 1778/1386/1619 1777/1385/1618
f 1779/1387/1620 1778/1386/1619 1776/1384/1617
f 1777/1385/1618 1778/1386/1619 1779/1387/1620
f 1776/1384/1617 1780/1388/1621 1779/1387/1620
f 1779/1387/1620 1781/1389/1622 1777/1385/1618
f 1779/1387/1620 1780/1388/1621 1782/1390/1623
f 1783/1391/1624 1781/1389/1622 1779/1387/1620
f 1782/1390/1623 1784/1392/1625 1779/1387/1620
f 1779/1387/1620 1784/1392/1625 1783/1391/1624
f 1785/1393/1626 1786/1394/1627 1787/1395/1628
f 1787/1395/1628 1788/1396/1629 1785/1393/1626
f 1787/1395/1628 1786/1394/1627 1789/1397/1630
f 1788/1396/1629 1787/1395/1628 1790/1398/1631
f 1790/1398/1631 1791/1399/1632 1788/1396/1629
f 1789/1397/1630 1792/1400/1633 1787/1395/1628
f 1790/1398/1631 1787/1395/1628 1792/1400/1633
f 1792/1400/1633 1789/1397/1630 1793/1401/1634
f 1793/1401/1634 1794/1402/1635 1792/1400/1633
f 1795/1403/1636 1792/1400/1633 1794/1402/1635
f 1792/1400/1633 1795/1403/1636 1790/1398/1631
f 1794/1402/1635 1796/1404/1637 1795/1403/1636
f 1797/1405/1638 1791/1399/1632 1790/1398/1631
f 1797/1405/1638 1798/1406/1639 1791/1399/1632
f 1797/1405/1638 1799/1407/1640 1798/1406/1639
f 1799/1407/1640 1797/1405/1638 1800/1408/1641
f 1799/1407/1640 1800/1408/1641 1801/1409/1642
f 1790/1398/1631 1802/1410/1643 1797/1405/1638
f 1800/1408/1641 1797/1405/1638 1802/1410/1643
f 1802/1410/1643 1790/1398/1631 1795/1403/1636
f 1803/1411/1644 1801/1409/1642 1800/1408/1641
f 1802/1410/1643 1803/1411/1644 1800/1408/1641
f 1801/1409/1642 1803/1411/1644 1804/1412/1645
f 1805/1413/1646 1803/1411/1644 1802/1410/1643
f 1804/1412/1645 1803/1411/1644 1805/1413/1646
f 1795/1403/1636 1806/1414/1647 1802/1410/1643
f 1802/1410/1643 1806/1414/1647 1805/1413/1646
f 1807/1415/1648 1806/1414/1647 1795/1403/1636
f 1795/1403/1636 1796/1404/1637 1807/1415/1648
f 1808/1416/1649 1807/1415/1648 1796/1404/1637
f 1808/1416/1649 1809/1417/1650 1807/1415/1648
f 1806/1414/1647 1807/1415/1648 1810/1418/1651
f 1807/1415/1648 1809/1417/1650 1810/1418/1651
f 1810/1418/1651 1805/1413/1646 1806/1414/1647
f 1810/1418/1651 1809/1417/1650 1811/1419/1652
f 1805/1413/1646 1810/1418/1651 1811/1419/1652
f 1811/1419/1652 1812/1420/1653 1805/1413/1646
f 1805/1413/1646 1812/1420/1653 1804/1412/1645
f 1813/1421/1654 1812/1420/1653 1811/1419/1652
f 1812/1420/1653 1813/1421/1654 1804/1412/1645
f 1811/1419/1652 1814/1422/1655 1813/1421/1654
f 1801/1409/1642 1804/1412/1645 1813/1421/1654
f 1814/1422/1655 1815/1423/1656 1813/1421/1654
f 1813/1421/1654 1816/1424/1657 1801/1409/1642
f 1815/1423/1656 1816/1424/1657 1813/1421/1654
f 1817/1425/1658 1818/1426/1659 1819/1427/1660
f 1818/1426/1659 1817/1425/1658 1820/1428/1661
f 1821/1429/1662 1819/1427/1663 1818/1426/1663
f 1818/1426/1659 1820/1428/1661 1822/1430/1664
f 1818/1426/1659 1823/1431/1665 1821/1429/1666
f 1822/1430/1664 1824/1432/1667 1818/1426/1659
f 1823/1431/1665 1818/1426/1659 1824/1432/1667
f 1823/1431/1665 1825/1433/1668 1821/1429/1666
f 1825/1433/1668 1823/1431/1665 1824/1432/1667
f 1826/1434/1669 1824/1432/1667 1822/1430/1664
f 1824/1432/1667 1826/1434/1669 1825/1433/1668
f 1826/1434/1669 1822/1430/1664 1827/1435/1670
f 1822/1430/1664 1828/1436/1671 1827/1435/1670
f 1829/1437/1672 1826/1434/1669 1827/1435/1670
f 1825/1433/1668 1826/1434/1669 1829/1437/1672
f 1828/1436/1671 1830/1438/1673 1827/1435/1670
f 1827/1435/1670 1830/1438/1673 1829/1437/1672
f 1830/1438/1673 1828/1436/1671 1831/1439/1674
f 1830/1438/1673 1831/1439/1674 1832/1440/1675
f 1830/1438/1673 1832/1440/1675 1833/1441/1676
f 1833/1441/1676 1829/1437/1672 1830/1438/1673
f 1833/1441/1676 1832/1440/1675 1834/1442/1677
f 1834/1442/1677 1835/1443/1678 1833/1441/1676
f 1835/1443/1678 1834/1442/1677 1836/1444/1679
f 1836/1444/1679 1837/1445/1680 1835/1443/1678
f 1838/1446/1681 1835/1443/1678 1837/1445/1680
f 1833/1441/1676 1835/1443/1678 1838/1446/1681
f 1837/1445/1680 1839/1447/1682 1838/1446/1681
f 1838/1446/1681 1839/1447/1682 1840/1448/1683
f 1840/1448/1683 1841/1449/1684 1838/1446/1681
f 1842/1450/1685 1838/1446/1681 1841/1449/1684
f 1838/1446/1681 1842/1450/1685 1833/1441/1676
f 1841/1449/1684 1843/1451/1686 1842/1450/1685
f 1829/1437/1672 1833/1441/1676 1842/1450/1685
f 1842/1450/1685 1843/1451/1686 1844/1452/1687
f 1845/1453/1688 1844/1452/1687 1843/1451/1686
f 1845/1453/1688 1846/1454/1689 1844/1452/1687
f 1842/1450/1685 1847/1455/1690 1829/1437/1672
f 1844/1452/1687 1847/1455/1690 1842/1450/1685
f 1829/1437/1672 1847/1455/1690 1825/1433/1668
f 1846/1454/1689 1848/1456/1691 1844/1452/1687
f 1847/1455/1690 1844/1452/1687 1848/1456/1691
f 1848/1456/1691 1825/1433/1668 1847/1455/1690
f 1846/1454/1689 1821/1429/1666 1848/1456/1691
f 1821/1429/1666 1825/1433/1668 1848/1456/1691
