# Blender 4.3.2
# www.blender.org
mtllib 瓷器3.mtl.mtl
o bottom
v 0.054963 0.000865 -0.005413
v 0.055233 0.000865 -0.000000
v 0.054861 0.000000 0.000000
v 0.054593 -0.000000 -0.005376
v 0.054166 0.000865 -0.010774
v 0.053801 -0.000000 -0.010702
v 0.052851 0.000865 -0.016033
v 0.052495 -0.000000 -0.015925
v 0.051028 0.000865 -0.021137
v 0.050685 -0.000000 -0.020994
v 0.048708 0.000865 -0.026034
v 0.048380 -0.000000 -0.025859
v 0.045920 0.000865 -0.030683
v 0.045611 -0.000000 -0.030476
v 0.042693 0.000865 -0.035037
v 0.042405 -0.000000 -0.034802
v 0.039055 0.000865 -0.039055
v 0.038792 -0.000000 -0.038792
v 0.035037 0.000865 -0.042692
v 0.034802 -0.000000 -0.042405
v 0.030683 0.000865 -0.045920
v 0.030476 -0.000000 -0.045611
v 0.026034 0.000865 -0.048708
v 0.025859 -0.000000 -0.048380
v 0.021137 0.000865 -0.051028
v 0.020994 -0.000000 -0.050685
v 0.016033 0.000865 -0.052851
v 0.015925 -0.000000 -0.052495
v 0.010774 0.000865 -0.054166
v 0.010702 -0.000000 -0.053801
v 0.005413 0.000865 -0.054963
v 0.005376 -0.000000 -0.054593
v 0.000000 0.000865 -0.055233
v 0.000000 -0.000000 -0.054861
v -0.005413 0.000865 -0.054963
v -0.005376 -0.000000 -0.054593
v -0.010774 0.000865 -0.054166
v -0.010702 -0.000000 -0.053801
v -0.016033 0.000865 -0.052851
v -0.015925 -0.000000 -0.052495
v -0.021137 0.000865 -0.051028
v -0.020994 -0.000000 -0.050685
v -0.026034 0.000865 -0.048708
v -0.025859 -0.000000 -0.048380
v -0.030683 0.000865 -0.045920
v -0.030476 -0.000000 -0.045611
v -0.035037 0.000865 -0.042692
v -0.034802 -0.000000 -0.042405
v -0.039055 0.000865 -0.039055
v -0.038792 -0.000000 -0.038792
v -0.042693 0.000865 -0.035037
v -0.042405 -0.000000 -0.034801
v -0.045920 0.000865 -0.030683
v -0.045611 -0.000000 -0.030476
v -0.048708 0.000865 -0.026034
v -0.048380 -0.000000 -0.025859
v -0.051028 0.000865 -0.021137
v -0.050685 -0.000000 -0.020994
v -0.052851 0.000865 -0.016033
v -0.052495 -0.000000 -0.015925
v -0.054166 0.000865 -0.010774
v -0.053801 -0.000000 -0.010702
v -0.054963 0.000865 -0.005413
v -0.054593 -0.000000 -0.005376
v -0.055233 0.000865 -0.000000
v -0.054861 0.000000 0.000000
v -0.054963 0.000865 0.005413
v -0.054593 0.000000 0.005376
v -0.054166 0.000865 0.010774
v -0.053801 0.000000 0.010702
v -0.052851 0.000865 0.016033
v -0.052495 0.000000 0.015925
v -0.051028 0.000865 0.021137
v -0.050685 0.000000 0.020994
v -0.048708 0.000865 0.026034
v -0.048380 0.000000 0.025859
v -0.045920 0.000865 0.030683
v -0.045611 0.000000 0.030476
v -0.042692 0.000865 0.035037
v -0.042405 0.000000 0.034802
v -0.039055 0.000865 0.039055
v -0.038792 0.000000 0.038792
v -0.035037 0.000865 0.042693
v -0.034802 0.000000 0.042405
v -0.030683 0.000865 0.045920
v -0.030476 0.000000 0.045611
v -0.026034 0.000865 0.048708
v -0.025859 0.000000 0.048380
v -0.021137 0.000865 0.051028
v -0.020994 0.000000 0.050685
v -0.016033 0.000865 0.052851
v -0.015925 0.000000 0.052495
v -0.010774 0.000865 0.054166
v -0.010702 0.000000 0.053801
v -0.005413 0.000865 0.054963
v -0.005376 0.000000 0.054593
v 0.000000 0.000865 0.055233
v 0.000000 0.000000 0.054861
v 0.005413 0.000865 0.054963
v 0.005376 0.000000 0.054593
v 0.010774 0.000865 0.054166
v 0.010702 0.000000 0.053801
v 0.016033 0.000865 0.052851
v 0.015925 0.000000 0.052495
v 0.021137 0.000865 0.051028
v 0.020994 0.000000 0.050685
v 0.026034 0.000865 0.048708
v 0.025859 0.000000 0.048380
v 0.030683 0.000865 0.045920
v 0.030476 0.000000 0.045611
v 0.035037 0.000865 0.042692
v 0.034802 0.000000 0.042405
v 0.039055 0.000865 0.039055
v 0.038792 0.000000 0.038792
v 0.042693 0.000865 0.035037
v 0.042405 0.000000 0.034802
v 0.045920 0.000865 0.030683
v 0.045611 0.000000 0.030476
v 0.048708 0.000865 0.026034
v 0.048380 0.000000 0.025859
v 0.051028 0.000865 0.021137
v 0.050685 0.000000 0.020994
v 0.052851 0.000865 0.016033
v 0.052495 0.000000 0.015925
v 0.054166 0.000865 0.010774
v 0.053801 0.000000 0.010702
v 0.054963 0.000865 0.005413
v 0.054593 0.000000 0.005376
v 0.055518 0.001729 -0.000000
v 0.055247 0.001729 0.005441
v 0.055628 0.002594 -0.000000
v 0.055357 0.002594 0.005452
v 0.054446 0.001729 0.010830
v 0.054554 0.002594 0.010852
v 0.053124 0.001729 0.016115
v 0.053230 0.002594 0.016148
v 0.051292 0.001729 0.021246
v 0.051394 0.002594 0.021288
v 0.048959 0.001729 0.026169
v 0.049057 0.002594 0.026221
v 0.046157 0.001729 0.030841
v 0.046249 0.002594 0.030903
v 0.042913 0.001729 0.035218
v 0.042998 0.002594 0.035289
v 0.039257 0.001729 0.039257
v 0.039335 0.002594 0.039335
v 0.035218 0.001729 0.042913
v 0.035289 0.002594 0.042998
v 0.030841 0.001729 0.046157
v 0.030903 0.002594 0.046249
v 0.026169 0.001729 0.048959
v 0.026221 0.002594 0.049057
v 0.021246 0.001729 0.051292
v 0.021288 0.002594 0.051394
v 0.016115 0.001729 0.053124
v 0.016148 0.002594 0.053230
v 0.010830 0.001729 0.054446
v 0.010852 0.002594 0.054554
v 0.005441 0.001729 0.055247
v 0.005452 0.002594 0.055357
v 0.000000 0.001729 0.055518
v 0.000000 0.002594 0.055628
v -0.005441 0.001729 0.055247
v -0.005452 0.002594 0.055357
v -0.010830 0.001729 0.054446
v -0.010852 0.002594 0.054554
v -0.016115 0.001729 0.053124
v -0.016148 0.002594 0.053230
v -0.021246 0.001729 0.051292
v -0.021288 0.002594 0.051394
v -0.026169 0.001729 0.048959
v -0.026221 0.002594 0.049057
v -0.030841 0.001729 0.046157
v -0.030903 0.002594 0.046249
v -0.035218 0.001729 0.042913
v -0.035289 0.002594 0.042998
v -0.039257 0.001729 0.039257
v -0.039335 0.002594 0.039335
v -0.042913 0.001729 0.035218
v -0.042998 0.002594 0.035289
v -0.046157 0.001729 0.030841
v -0.046249 0.002594 0.030903
v -0.048959 0.001729 0.026169
v -0.049057 0.002594 0.026221
v -0.051292 0.001729 0.021246
v -0.051394 0.002594 0.021288
v -0.053124 0.001729 0.016115
v -0.053230 0.002594 0.016148
v -0.054446 0.001729 0.010830
v -0.054554 0.002594 0.010852
v -0.055247 0.001729 0.005441
v -0.055357 0.002594 0.005452
v -0.055518 0.001729 -0.000000
v -0.055628 0.002594 -0.000000
v -0.055247 0.001729 -0.005441
v -0.055357 0.002594 -0.005452
v -0.054446 0.001729 -0.010830
v -0.054554 0.002594 -0.010852
v -0.053124 0.001729 -0.016115
v -0.053230 0.002594 -0.016148
v -0.051292 0.001729 -0.021246
v -0.051394 0.002594 -0.021288
v -0.048959 0.001729 -0.026169
v -0.049057 0.002594 -0.026221
v -0.046157 0.001729 -0.030841
v -0.046249 0.002594 -0.030903
v -0.042913 0.001729 -0.035218
v -0.042998 0.002594 -0.035289
v -0.039257 0.001729 -0.039257
v -0.039335 0.002594 -0.039335
v -0.035218 0.001729 -0.042913
v -0.035289 0.002594 -0.042998
v -0.030841 0.001729 -0.046157
v -0.030903 0.002594 -0.046249
v -0.026169 0.001729 -0.048959
v -0.026221 0.002594 -0.049057
v -0.021246 0.001729 -0.051292
v -0.021288 0.002594 -0.051394
v -0.016115 0.001729 -0.053124
v -0.016148 0.002594 -0.053230
v -0.010830 0.001729 -0.054446
v -0.010852 0.002594 -0.054554
v -0.005441 0.001729 -0.055247
v -0.005452 0.002594 -0.055357
v 0.000000 0.001729 -0.055518
v 0.000000 0.002594 -0.055628
v 0.005441 0.001729 -0.055247
v 0.005452 0.002594 -0.055357
v 0.010830 0.001729 -0.054446
v 0.010852 0.002594 -0.054554
v 0.016115 0.001729 -0.053124
v 0.016148 0.002594 -0.053230
v 0.021246 0.001729 -0.051292
v 0.021288 0.002594 -0.051394
v 0.026169 0.001729 -0.048959
v 0.026221 0.002594 -0.049057
v 0.030841 0.001729 -0.046157
v 0.030903 0.002594 -0.046249
v 0.035218 0.001729 -0.042913
v 0.035289 0.002594 -0.042998
v 0.039257 0.001729 -0.039257
v 0.039335 0.002594 -0.039335
v 0.042913 0.001729 -0.035218
v 0.042998 0.002594 -0.035289
v 0.046157 0.001729 -0.030841
v 0.046249 0.002594 -0.030903
v 0.048959 0.001729 -0.026169
v 0.049057 0.002594 -0.026221
v 0.051292 0.001729 -0.021246
v 0.051394 0.002594 -0.021288
v 0.053124 0.001729 -0.016115
v 0.053230 0.002594 -0.016148
v 0.054446 0.001729 -0.010830
v 0.054554 0.002594 -0.010852
v 0.055247 0.001729 -0.005441
v 0.055357 0.002594 -0.005452
v 0.054407 0.003459 -0.010822
v 0.055208 0.003459 -0.005437
v 0.055478 0.003459 -0.000000
v 0.055208 0.003459 0.005437
v 0.054407 0.003459 0.010822
v 0.053086 0.003459 0.016104
v 0.051255 0.003459 0.021231
v 0.048925 0.003459 0.026150
v 0.046124 0.003459 0.030819
v 0.042882 0.003459 0.035193
v 0.039229 0.003459 0.039229
v 0.035193 0.003459 0.042882
v 0.030819 0.003459 0.046124
v 0.026150 0.003459 0.048925
v 0.021231 0.003459 0.051255
v 0.016104 0.003459 0.053086
v 0.010822 0.003459 0.054407
v 0.005437 0.003459 0.055208
v 0.000000 0.003459 0.055478
v -0.005437 0.003459 0.055208
v -0.010822 0.003459 0.054407
v -0.016104 0.003459 0.053086
v -0.021231 0.003459 0.051255
v -0.026150 0.003459 0.048925
v -0.030819 0.003459 0.046124
v -0.035193 0.003459 0.042882
v -0.039229 0.003459 0.039229
v -0.042882 0.003459 0.035193
v -0.046124 0.003459 0.030819
v -0.048925 0.003459 0.026150
v -0.051255 0.003459 0.021231
v -0.053086 0.003459 0.016104
v -0.054407 0.003459 0.010822
v -0.055208 0.003459 0.005437
v -0.055478 0.003459 -0.000000
v -0.055208 0.003459 -0.005437
v -0.054407 0.003459 -0.010822
v -0.053086 0.003459 -0.016104
v -0.051255 0.003459 -0.021231
v -0.048925 0.003459 -0.026150
v -0.046124 0.003459 -0.030819
v -0.042882 0.003459 -0.035193
v -0.039229 0.003459 -0.039229
v -0.035193 0.003459 -0.042882
v -0.030819 0.003459 -0.046124
v -0.026150 0.003459 -0.048925
v -0.021231 0.003459 -0.051255
v -0.016104 0.003459 -0.053086
v -0.010822 0.003459 -0.054407
v -0.005437 0.003459 -0.055208
v 0.000000 0.003459 -0.055478
v 0.005437 0.003459 -0.055208
v 0.010822 0.003459 -0.054407
v 0.016104 0.003459 -0.053086
v 0.021231 0.003459 -0.051255
v 0.026150 0.003459 -0.048925
v 0.030819 0.003459 -0.046124
v 0.035193 0.003459 -0.042882
v 0.039229 0.003459 -0.039229
v 0.042882 0.003459 -0.035193
v 0.046124 0.003459 -0.030819
v 0.048925 0.003459 -0.026150
v 0.051255 0.003459 -0.021231
v 0.053086 0.003459 -0.016104
v 0.000000 0.000000 0.000000
v 0.000000 0.000000 0.000000
v 0.000000 0.000000 0.000000
v 0.000000 0.000000 0.000000
v 0.000000 0.000000 0.000000
v 0.000000 0.000000 0.000000
v 0.000000 0.000000 0.000000
v 0.000000 0.000000 0.000000
v 0.000000 0.000000 0.000000
v 0.000000 0.000000 0.000000
v 0.000000 0.000000 0.000000
v 0.000000 0.000000 0.000000
v 0.000000 0.000000 0.000000
v 0.000000 0.000000 0.000000
v 0.000000 0.000000 0.000000
v 0.000000 0.000000 0.000000
v 0.000000 0.000000 0.000000
v 0.000000 0.000000 0.000000
v 0.000000 0.000000 0.000000
v 0.000000 0.000000 0.000000
v 0.000000 0.000000 0.000000
v 0.000000 0.000000 0.000000
v 0.000000 0.000000 0.000000
v 0.000000 0.000000 0.000000
v 0.000000 0.000000 0.000000
v 0.000000 0.000000 0.000000
v 0.000000 0.000000 0.000000
v 0.000000 0.000000 0.000000
v 0.000000 0.000000 0.000000
v 0.000000 0.000000 0.000000
v 0.000000 0.000000 0.000000
v 0.000000 0.000000 0.000000
v 0.000000 0.000000 0.000000
v 0.000000 0.000000 0.000000
v 0.000000 0.000000 0.000000
v 0.000000 0.000000 0.000000
v 0.000000 0.000000 0.000000
v 0.000000 0.000000 0.000000
v 0.000000 0.000000 0.000000
v 0.000000 0.000000 0.000000
v 0.000000 0.000000 0.000000
v 0.000000 0.000000 0.000000
v 0.000000 0.000000 0.000000
v 0.000000 0.000000 0.000000
v 0.000000 0.000000 0.000000
v 0.000000 0.000000 0.000000
v 0.000000 0.000000 0.000000
v 0.000000 0.000000 0.000000
v 0.000000 0.000000 0.000000
v 0.000000 0.000000 0.000000
v 0.000000 0.000000 0.000000
v 0.000000 0.000000 0.000000
v 0.000000 0.000000 0.000000
v 0.000000 0.000000 0.000000
v 0.000000 0.000000 0.000000
v 0.000000 0.000000 0.000000
v 0.000000 0.000000 0.000000
v 0.000000 0.000000 0.000000
v 0.000000 0.000000 0.000000
v 0.000000 0.000000 0.000000
v 0.000000 0.000000 0.000000
v 0.000000 0.000000 0.000000
v 0.000000 0.000000 0.000000
v 0.000000 0.000000 0.000000
vn 0.9412 -0.3285 -0.0784
vn 0.9442 -0.3295 -0.0000
vn 0.5627 -0.8257 0.0401
vn 0.5288 -0.8446 -0.0835
vn 0.9327 -0.3255 -0.1555
vn 0.6576 -0.7419 -0.1307
vn 0.9006 -0.3143 -0.3002
vn 0.5196 -0.8484 -0.1010
vn 0.4982 -0.8100 -0.3093
vn 0.8538 -0.2980 -0.4269
vn 0.6093 -0.7228 -0.3260
vn 0.8537 -0.2980 -0.4270
vn 0.6138 -0.6911 -0.3815
vn 0.6632 -0.3471 -0.6631
vn 0.5176 -0.7649 -0.3834
vn 0.6631 -0.3471 -0.6631
vn 0.5743 -0.5834 -0.5743
vn 0.4756 -0.6612 -0.5801
vn 0.4051 -0.4240 -0.8100
vn 0.3430 -0.7867 -0.5133
vn 0.4270 -0.2980 -0.8537
vn 0.3260 -0.7228 -0.6093
vn 0.4269 -0.2980 -0.8538
vn 0.3093 -0.8100 -0.4982
vn 0.3002 -0.3143 -0.9006
vn 0.2339 -0.8241 -0.5158
vn 0.1307 -0.7419 -0.6576
vn 0.1555 -0.3255 -0.9327
vn 0.0784 -0.3285 -0.9412
vn 0.0835 -0.8446 -0.5288
vn -0.0000 -0.8491 -0.5282
vn -0.0000 -0.3295 -0.9442
vn -0.0836 -0.8446 -0.5288
vn -0.0784 -0.3285 -0.9412
vn -0.1307 -0.7419 -0.6576
vn -0.1555 -0.3255 -0.9327
vn -0.1010 -0.8484 -0.5196
vn -0.3093 -0.8100 -0.4982
vn -0.4269 -0.2980 -0.8538
vn -0.3260 -0.7228 -0.6093
vn -0.5327 -0.2789 -0.7990
vn -0.3430 -0.7867 -0.5133
vn -0.4756 -0.6612 -0.5801
vn -0.4051 -0.4240 -0.8100
vn -0.3877 -0.8363 -0.3877
vn -0.6631 -0.3471 -0.6631
vn -0.5177 -0.7649 -0.3834
vn -0.6632 -0.3471 -0.6631
vn -0.7589 -0.4082 -0.5074
vn -0.7990 -0.2789 -0.5327
vn -0.4176 -0.8618 -0.2880
vn -0.8538 -0.2980 -0.4269
vn -0.6541 -0.6687 -0.3535
vn -0.9006 -0.3143 -0.3002
vn -0.5196 -0.8484 -0.1010
vn -0.6725 -0.7279 -0.1336
vn -0.9327 -0.3255 -0.1555
vn -0.5288 -0.8446 -0.0835
vn -0.9434 -0.3292 -0.0393
vn -0.5282 -0.8491 -0.0000
vn -0.9442 -0.3295 -0.0000
vn -0.5749 -0.8086 0.1250
vn -0.9412 -0.3285 0.0784
vn -0.6576 -0.7419 0.1307
vn -0.9412 -0.3285 0.0785
vn -0.5158 -0.8241 0.2339
vn -0.9006 -0.3143 0.3002
vn -0.4982 -0.8100 0.3093
vn -0.6093 -0.7228 0.3260
vn -0.8538 -0.2980 0.4269
vn -0.6138 -0.6912 0.3815
vn -0.7990 -0.2790 0.5327
vn -0.5177 -0.7649 0.3834
vn -0.8100 -0.4240 0.4051
vn -0.3877 -0.8363 0.3877
vn -0.6631 -0.3471 0.6631
vn -0.3834 -0.7649 0.5176
vn -0.3815 -0.6911 0.6138
vn -0.6631 -0.3471 0.6632
vn -0.2880 -0.8618 0.4176
vn -0.4269 -0.2979 0.8538
vn -0.2742 -0.6982 0.6613
vn -0.3002 -0.3143 0.9006
vn -0.2072 -0.6993 0.6842
vn -0.2009 -0.7623 0.6153
vn -0.1555 -0.3255 0.9327
vn -0.0835 -0.8446 0.5288
vn -0.0784 -0.3285 0.9412
vn -0.0000 -0.8491 0.5282
vn -0.0000 -0.4637 0.8860
vn 0.0836 -0.8446 0.5288
vn 0.0784 -0.3285 0.9412
vn 0.1307 -0.7419 0.6576
vn 0.0785 -0.3285 0.9412
vn 0.2339 -0.8241 0.5158
vn 0.3002 -0.3143 0.9006
vn 0.3093 -0.8100 0.4982
vn 0.3260 -0.7228 0.6093
vn 0.4269 -0.2980 0.8538
vn 0.3815 -0.6912 0.6138
vn 0.5327 -0.2789 0.7990
vn 0.3834 -0.7649 0.5177
vn 0.4051 -0.4240 0.8100
vn 0.5743 -0.5834 0.5743
vn 0.6631 -0.3471 0.6631
vn 0.5176 -0.7649 0.3834
vn 0.8537 -0.2980 0.4270
vn 0.7589 -0.4082 0.5074
vn 0.8538 -0.2980 0.4269
vn 0.4176 -0.8618 0.2880
vn 0.9006 -0.3143 0.3002
vn 0.4982 -0.8100 0.3093
vn 0.5158 -0.8241 0.2339
vn 0.9327 -0.3255 0.1555
vn 0.6576 -0.7419 0.1307
vn 0.9412 -0.3285 0.0784
vn 0.5288 -0.8446 0.0836
vn 0.9502 -0.3117 -0.0000
vn 0.9737 -0.2130 0.0812
vn 0.9998 0.0207 -0.0000
vn 0.9921 0.0207 0.1240
vn 0.9360 0.0292 0.3509
vn 0.9245 -0.3032 0.2311
vn 0.8941 0.0279 0.4470
vn 0.9289 -0.2032 0.3096
vn 0.9485 0.0198 0.3162
vn 0.9642 -0.2109 0.1608
vn 0.9484 0.0198 0.3163
vn 0.8778 -0.1920 0.4389
vn 0.8942 0.0186 0.4472
vn 0.8186 -0.1791 0.5457
vn 0.7070 0.0221 0.7069
vn 0.6888 -0.2260 0.6888
vn 0.7064 0.0442 0.7064
vn 0.7069 0.0221 0.7070
vn 0.5546 0.0173 0.8319
vn 0.4390 -0.1920 0.8777
vn 0.4471 0.0186 0.8943
vn 0.4389 -0.1920 0.8778
vn 0.1644 0.0205 0.9862
vn 0.3096 -0.2032 0.9289
vn 0.4470 0.0279 0.8941
vn 0.2425 0.0202 0.9699
vn 0.1607 -0.2109 0.9642
vn 0.1240 0.0207 0.9921
vn 0.0812 -0.2130 0.9737
vn -0.0000 0.0312 0.9995
vn -0.0000 -0.2137 0.9769
vn -0.1240 0.0207 0.9921
vn -0.0811 -0.2130 0.9737
vn -0.2425 0.0202 0.9699
vn -0.1607 -0.2109 0.9642
vn -0.3161 0.0198 0.9485
vn -0.3096 -0.2032 0.9289
vn -0.3162 0.0198 0.9485
vn -0.3163 0.0198 0.9484
vn -0.4389 -0.1920 0.8778
vn -0.5546 0.0174 0.8319
vn -0.5457 -0.1791 0.8186
vn -0.7069 0.0221 0.7070
vn -0.6888 -0.2260 0.6888
vn -0.8940 0.0279 0.4471
vn -0.7070 0.0221 0.7069
vn -0.8777 -0.1920 0.4390
vn -0.8319 0.0174 0.5546
vn -0.8778 -0.1920 0.4389
vn -0.7998 0.0250 0.5997
vn -0.9289 -0.2032 0.3096
vn -0.9862 0.0205 0.1644
vn -0.8941 0.0279 0.4470
vn -0.9642 -0.2109 0.1607
vn -0.9360 0.0292 0.3509
vn -0.9737 -0.2130 0.0812
vn -0.9921 0.0207 0.1240
vn -0.9502 -0.3117 -0.0000
vn -0.9998 0.0208 -0.0000
vn -0.9761 -0.2135 -0.0407
vn -0.9963 0.0208 -0.0831
vn -0.9245 -0.3033 -0.2311
vn -0.9360 0.0292 -0.3509
vn -0.9289 -0.2032 -0.3096
vn -0.8941 0.0279 -0.4470
vn -0.9485 0.0198 -0.3162
vn -0.9289 -0.2032 -0.3097
vn -0.9484 0.0198 -0.3163
vn -0.8777 -0.1920 -0.4390
vn -0.8319 0.0174 -0.5546
vn -0.8582 -0.2816 -0.4292
vn -0.7070 0.0221 -0.7069
vn -0.4292 -0.2816 -0.8582
vn -0.4471 0.0279 -0.8940
vn -0.7069 0.0221 -0.7070
vn -0.6888 -0.2260 -0.6888
vn -0.5546 0.0174 -0.8319
vn -0.5457 -0.1791 -0.8186
vn -0.5997 0.0250 -0.7998
vn -0.4389 -0.1920 -0.8778
vn -0.3162 0.0198 -0.9485
vn -0.3096 -0.2032 -0.9289
vn -0.4470 0.0279 -0.8941
vn -0.1608 -0.2109 -0.9642
vn -0.3509 0.0292 -0.9360
vn -0.0812 -0.2130 -0.9737
vn -0.1240 0.0207 -0.9921
vn -0.0000 0.0208 -0.9998
vn -0.0000 -0.3117 -0.9502
vn 0.1240 0.0207 -0.9921
vn 0.0812 -0.2130 -0.9737
vn 0.3509 0.0292 -0.9360
vn 0.2311 -0.3032 -0.9245
vn 0.4470 0.0279 -0.8941
vn 0.3096 -0.2032 -0.9289
vn 0.3162 0.0198 -0.9485
vn 0.1608 -0.2109 -0.9642
vn 0.5997 0.0250 -0.7998
vn 0.4389 -0.1920 -0.8778
vn 0.4472 0.0186 -0.8942
vn 0.5457 -0.1791 -0.8186
vn 0.7069 0.0221 -0.7070
vn 0.6888 -0.2260 -0.6888
vn 0.4471 0.0279 -0.8940
vn 0.7070 0.0221 -0.7069
vn 0.8942 0.0186 -0.4472
vn 0.8186 -0.1791 -0.5457
vn 0.8943 0.0186 -0.4471
vn 0.8778 -0.1920 -0.4389
vn 0.9485 0.0198 -0.3162
vn 0.9642 -0.2109 -0.1608
vn 0.8941 0.0279 -0.4470
vn 0.9289 -0.2032 -0.3096
vn 0.9360 0.0292 -0.3509
vn 0.9642 -0.2109 -0.1607
vn 0.9963 0.0208 -0.0830
vn 0.9737 -0.2130 -0.0812
vn 0.9849 0.1502 -0.0856
vn 0.9773 0.1427 -0.1563
vn 0.9965 0.0836 -0.0000
vn 0.9876 0.1283 0.0905
vn 0.9782 0.1460 0.1476
vn 0.9589 0.1208 0.2568
vn 0.9088 0.0968 0.4058
vn 0.9013 0.1288 0.4137
vn 0.8358 -0.0061 0.5490
vn 0.7776 0.0805 0.6236
vn 0.7107 0.1541 0.6864
vn 0.6938 0.1590 0.7024
vn 0.5057 0.1653 0.8467
vn 0.5056 0.1108 0.8556
vn 0.3076 0.1458 0.9403
vn 0.1342 0.1448 0.9803
vn 0.2179 0.1253 0.9679
vn 0.0273 0.1182 0.9926
vn 0.0287 0.1426 0.9894
vn -0.1525 0.1023 0.9830
vn -0.2391 0.0962 0.9662
vn -0.3169 0.0163 0.9483
vn -0.3044 0.1422 0.9419
vn -0.4796 0.0357 0.8767
vn -0.5491 -0.0063 0.8357
vn -0.6236 0.0804 0.7776
vn -0.6864 0.1541 0.7107
vn -0.7024 0.1590 0.6938
vn -0.7091 0.1593 0.6869
vn -0.8556 0.1108 0.5056
vn -0.9403 0.1458 0.3076
vn -0.9319 0.1388 0.3351
vn -0.9679 0.1254 0.2179
vn -0.9831 0.1357 0.1228
vn -0.9919 0.1098 -0.0632
vn -0.9881 0.1496 -0.0354
vn -0.9782 0.1460 -0.1476
vn -0.9589 0.1208 -0.2568
vn -0.9088 0.0968 -0.4058
vn -0.9013 0.1288 -0.4137
vn -0.8214 0.1219 -0.5572
vn -0.7776 0.0805 -0.6236
vn -0.7107 0.1541 -0.6864
vn -0.6938 0.1590 -0.7024
vn -0.6017 0.1095 -0.7912
vn -0.5056 0.1108 -0.8556
vn -0.4069 0.0923 -0.9088
vn -0.3351 0.1388 -0.9319
vn -0.2179 0.1254 -0.9679
vn -0.1228 0.1357 -0.9831
vn 0.0632 0.1098 -0.9919
vn 0.0619 0.1457 -0.9874
vn 0.1476 0.1460 -0.9782
vn 0.2568 0.1208 -0.9589
vn 0.5099 0.1302 -0.8503
vn 0.4137 0.1288 -0.9013
vn 0.5000 0.1101 -0.8590
vn 0.6236 0.0805 -0.7776
vn 0.6864 0.1541 -0.7107
vn 0.7024 0.1590 -0.6938
vn 0.7091 0.1593 -0.6869
vn 0.8556 0.1108 -0.5056
vn 0.9403 0.1458 -0.3076
vn 0.9319 0.1388 -0.3351
vn -0.0000 -1.0000 -0.0000
vt 0.765625 0.517082
vt 0.750000 0.517082
vt 0.750000 0.514770
vt 0.765625 0.514770
vt 0.781250 0.517082
vt 0.781250 0.514770
vt 0.796875 0.517082
vt 0.796875 0.514770
vt 0.812500 0.517082
vt 0.812500 0.514770
vt 0.828125 0.517082
vt 0.828125 0.514770
vt 0.843750 0.517082
vt 0.843750 0.514770
vt 0.859375 0.517082
vt 0.859375 0.514770
vt 0.875000 0.517082
vt 0.875000 0.514770
vt 0.890625 0.514770
vt 0.890625 0.517082
vt 0.906250 0.514770
vt 0.906250 0.517082
vt 0.921875 0.514770
vt 0.921875 0.517082
vt 0.937500 0.514770
vt 0.937500 0.517082
vt 0.953125 0.514770
vt 0.953125 0.517082
vt 0.968750 0.514770
vt 0.968750 0.517082
vt 0.984375 0.517082
vt 0.984375 0.514770
vt 1.000000 0.514770
vt 1.000000 0.517082
vt -0.000000 0.514770
vt 0.015625 0.514770
vt 0.015625 0.517082
vt -0.000000 0.517082
vt 0.031250 0.514770
vt 0.031250 0.517082
vt 0.046875 0.514770
vt 0.046875 0.517082
vt 0.062500 0.514770
vt 0.062500 0.517082
vt 0.078125 0.517082
vt 0.078125 0.514770
vt 0.093750 0.517082
vt 0.093750 0.514770
vt 0.109375 0.514770
vt 0.109375 0.517082
vt 0.125000 0.514770
vt 0.125000 0.517082
vt 0.140625 0.514770
vt 0.140625 0.517082
vt 0.156250 0.514770
vt 0.156250 0.517082
vt 0.171875 0.514770
vt 0.171875 0.517082
vt 0.187500 0.514770
vt 0.187500 0.517082
vt 0.203125 0.514770
vt 0.203125 0.517082
vt 0.218750 0.514770
vt 0.218750 0.517082
vt 0.234375 0.514770
vt 0.234375 0.517082
vt 0.250000 0.514770
vt 0.250000 0.517082
vt 0.265625 0.514770
vt 0.265625 0.517082
vt 0.281250 0.514770
vt 0.281250 0.517082
vt 0.296875 0.514770
vt 0.296875 0.517082
vt 0.312500 0.514770
vt 0.312500 0.517082
vt 0.328125 0.514770
vt 0.328125 0.517082
vt 0.343750 0.514770
vt 0.343750 0.517082
vt 0.359375 0.514770
vt 0.359375 0.517082
vt 0.375000 0.514770
vt 0.375000 0.517082
vt 0.390625 0.514770
vt 0.390625 0.517082
vt 0.406250 0.514770
vt 0.406250 0.517082
vt 0.421875 0.514770
vt 0.421875 0.517082
vt 0.437500 0.514770
vt 0.437500 0.517082
vt 0.453125 0.514770
vt 0.453125 0.517082
vt 0.468750 0.514770
vt 0.468750 0.517082
vt 0.484375 0.514770
vt 0.484375 0.517082
vt 0.500000 0.514770
vt 0.500000 0.517082
vt 0.515625 0.514770
vt 0.515625 0.517082
vt 0.531250 0.514770
vt 0.531250 0.517082
vt 0.546875 0.514770
vt 0.546875 0.517082
vt 0.562500 0.514770
vt 0.562500 0.517082
vt 0.578125 0.514770
vt 0.578125 0.517082
vt 0.593750 0.514770
vt 0.593750 0.517082
vt 0.609375 0.514770
vt 0.609375 0.517082
vt 0.625000 0.514770
vt 0.625000 0.517082
vt 0.640625 0.517082
vt 0.640625 0.514770
vt 0.656250 0.517082
vt 0.656250 0.514770
vt 0.671875 0.517082
vt 0.671875 0.514770
vt 0.687500 0.517082
vt 0.687500 0.514770
vt 0.703125 0.517082
vt 0.703125 0.514770
vt 0.718750 0.517082
vt 0.718750 0.514770
vt 0.734375 0.517082
vt 0.734375 0.514770
vt 0.750000 0.519394
vt 0.734375 0.519394
vt 0.750000 0.521706
vt 0.734375 0.521706
vt 0.718750 0.521706
vt 0.718750 0.519394
vt 0.703125 0.521706
vt 0.703125 0.519394
vt 0.687500 0.521706
vt 0.687500 0.519394
vt 0.671875 0.521706
vt 0.671875 0.519394
vt 0.656250 0.521706
vt 0.656250 0.519394
vt 0.640625 0.521706
vt 0.640625 0.519394
vt 0.625000 0.521706
vt 0.625000 0.519394
vt 0.609375 0.521706
vt 0.609375 0.519394
vt 0.593750 0.521706
vt 0.593750 0.519394
vt 0.578125 0.521706
vt 0.578125 0.519394
vt 0.562500 0.521706
vt 0.562500 0.519394
vt 0.546875 0.521706
vt 0.546875 0.519394
vt 0.531250 0.521706
vt 0.531250 0.519394
vt 0.515625 0.521706
vt 0.515625 0.519394
vt 0.500000 0.521706
vt 0.500000 0.519394
vt 0.484375 0.521706
vt 0.484375 0.519394
vt 0.468750 0.521706
vt 0.468750 0.519394
vt 0.453125 0.521706
vt 0.453125 0.519394
vt 0.437500 0.521706
vt 0.437500 0.519394
vt 0.421875 0.521706
vt 0.421875 0.519394
vt 0.406250 0.521706
vt 0.406250 0.519394
vt 0.390625 0.521706
vt 0.390625 0.519394
vt 0.375000 0.521706
vt 0.375000 0.519394
vt 0.359375 0.519394
vt 0.359375 0.521706
vt 0.343750 0.519394
vt 0.343750 0.521706
vt 0.328125 0.519394
vt 0.328125 0.521706
vt 0.312500 0.519394
vt 0.312500 0.521706
vt 0.296875 0.519394
vt 0.296875 0.521706
vt 0.281250 0.519394
vt 0.281250 0.521706
vt 0.265625 0.519394
vt 0.265625 0.521706
vt 0.250000 0.519394
vt 0.250000 0.521706
vt 0.234375 0.519394
vt 0.234375 0.521706
vt 0.218750 0.519394
vt 0.218750 0.521706
vt 0.203125 0.519394
vt 0.203125 0.521706
vt 0.187500 0.519394
vt 0.187500 0.521706
vt 0.171875 0.519394
vt 0.171875 0.521706
vt 0.156250 0.519394
vt 0.156250 0.521706
vt 0.140625 0.519394
vt 0.140625 0.521706
vt 0.125000 0.519394
vt 0.125000 0.521706
vt 0.109375 0.521706
vt 0.109375 0.519394
vt 0.093750 0.521706
vt 0.093750 0.519394
vt 0.078125 0.521706
vt 0.078125 0.519394
vt 0.062500 0.521706
vt 0.062500 0.519394
vt 0.046875 0.521706
vt 0.046875 0.519394
vt 0.031250 0.521706
vt 0.031250 0.519394
vt 0.015625 0.521706
vt 0.015625 0.519394
vt -0.000000 0.521706
vt -0.000000 0.519394
vt 1.000000 0.521706
vt 0.984375 0.521706
vt 0.984375 0.519394
vt 1.000000 0.519394
vt 0.968750 0.521706
vt 0.968750 0.519394
vt 0.953125 0.521706
vt 0.953125 0.519394
vt 0.937500 0.521706
vt 0.937500 0.519394
vt 0.921875 0.521706
vt 0.921875 0.519394
vt 0.906250 0.521706
vt 0.906250 0.519394
vt 0.890625 0.521706
vt 0.890625 0.519394
vt 0.875000 0.521706
vt 0.875000 0.519394
vt 0.859375 0.521706
vt 0.859375 0.519394
vt 0.843750 0.521706
vt 0.843750 0.519394
vt 0.828125 0.521706
vt 0.828125 0.519394
vt 0.812500 0.521706
vt 0.812500 0.519394
vt 0.796875 0.521706
vt 0.796875 0.519394
vt 0.781250 0.521706
vt 0.781250 0.519394
vt 0.765625 0.521706
vt 0.765625 0.519394
vt 0.781250 0.524018
vt 0.765625 0.524018
vt 0.750000 0.524018
vt 0.734375 0.524018
vt 0.718750 0.524018
vt 0.703125 0.524018
vt 0.687500 0.524018
vt 0.671875 0.524018
vt 0.656250 0.524018
vt 0.640625 0.524018
vt 0.625000 0.524018
vt 0.609375 0.524018
vt 0.593750 0.524018
vt 0.578125 0.524018
vt 0.562500 0.524018
vt 0.546875 0.524018
vt 0.531250 0.524018
vt 0.515625 0.524018
vt 0.500000 0.524018
vt 0.484375 0.524018
vt 0.468750 0.524018
vt 0.453125 0.524018
vt 0.437500 0.524018
vt 0.421875 0.524018
vt 0.406250 0.524018
vt 0.390625 0.524018
vt 0.375000 0.524018
vt 0.359375 0.524018
vt 0.343750 0.524018
vt 0.328125 0.524018
vt 0.312500 0.524018
vt 0.296875 0.524018
vt 0.281250 0.524018
vt 0.265625 0.524018
vt 0.250000 0.524018
vt 0.234375 0.524018
vt 0.218750 0.524018
vt 0.203125 0.524018
vt 0.187500 0.524018
vt 0.171875 0.524018
vt 0.156250 0.524018
vt 0.140625 0.524018
vt 0.125000 0.524018
vt 0.109375 0.524018
vt 0.093750 0.524018
vt 0.078125 0.524018
vt 0.062500 0.524018
vt 0.046875 0.524018
vt 0.031250 0.524018
vt 0.015625 0.524018
vt -0.000000 0.524018
vt 1.000000 0.524018
vt 0.984375 0.524018
vt 0.968750 0.524018
vt 0.953125 0.524018
vt 0.937500 0.524018
vt 0.921875 0.524018
vt 0.906250 0.524018
vt 0.890625 0.524018
vt 0.875000 0.524018
vt 0.859375 0.524018
vt 0.843750 0.524018
vt 0.828125 0.524018
vt 0.812500 0.524018
vt 0.796875 0.524018
s 1
usemtl Material.001
f 1/1/1 2/2/2 3/3/3 4/4/4
f 5/5/5 1/1/1 4/4/4 6/6/6
f 7/7/7 5/5/5 6/6/6 8/8/8
f 9/9/7 7/7/7 8/8/8 10/10/9
f 11/11/10 9/9/7 10/10/9 12/12/11
f 13/13/12 11/11/10 12/12/11 14/14/13
f 15/15/14 13/13/12 14/14/13 16/16/15
f 17/17/16 15/15/14 16/16/15 18/18/17
f 18/18/17 20/19/18 19/20/19 17/17/16
f 20/19/18 22/21/20 21/22/21 19/20/19
f 22/21/20 24/23/22 23/24/23 21/22/21
f 24/23/22 26/25/24 25/26/25 23/24/23
f 26/25/24 28/27/26 27/28/25 25/26/25
f 28/27/26 30/29/27 29/30/28 27/28/25
f 31/31/29 29/30/28 30/29/27 32/32/30
f 32/32/30 34/33/31 33/34/32 31/31/29
f 34/35/31 36/36/33 35/37/34 33/38/32
f 36/36/33 38/39/35 37/40/36 35/37/34
f 38/39/35 40/41/37 39/42/36 37/40/36
f 40/41/37 42/43/38 41/44/36 39/42/36
f 43/45/39 41/44/36 42/43/38 44/46/40
f 45/47/41 43/45/39 44/46/40 46/48/42
f 46/48/42 48/49/43 47/50/44 45/47/41
f 48/49/43 50/51/45 49/52/46 47/50/44
f 50/51/45 52/53/47 51/54/48 49/52/46
f 52/53/47 54/55/49 53/56/50 51/54/48
f 54/55/49 56/57/51 55/58/52 53/56/50
f 56/57/51 58/59/53 57/60/54 55/58/52
f 58/59/53 60/61/55 59/62/54 57/60/54
f 60/61/55 62/63/56 61/64/57 59/62/54
f 62/63/56 64/65/58 63/66/59 61/64/57
f 64/65/58 66/67/60 65/68/61 63/66/59
f 66/67/60 68/69/62 67/70/63 65/68/61
f 68/69/62 70/71/64 69/72/65 67/70/63
f 70/71/64 72/73/66 71/74/67 69/72/65
f 72/73/66 74/75/68 73/76/67 71/74/67
f 74/75/68 76/77/69 75/78/70 73/76/67
f 76/77/69 78/79/71 77/80/72 75/78/70
f 78/79/71 80/81/73 79/82/74 77/80/72
f 80/81/73 82/83/75 81/84/76 79/82/74
f 82/83/75 84/85/77 83/86/74 81/84/76
f 84/85/77 86/87/78 85/88/79 83/86/74
f 86/87/78 88/89/80 87/90/81 85/88/79
f 88/89/80 90/91/82 89/92/83 87/90/81
f 90/91/82 92/93/84 91/94/83 89/92/83
f 92/93/84 94/95/85 93/96/86 91/94/83
f 94/95/85 96/97/87 95/98/88 93/96/86
f 96/97/87 98/99/89 97/100/90 95/98/88
f 98/99/89 100/101/91 99/102/92 97/100/90
f 100/101/91 102/103/93 101/104/94 99/102/92
f 102/103/93 104/105/95 103/106/96 101/104/94
f 104/105/95 106/107/97 105/108/96 103/106/96
f 106/107/97 108/109/98 107/110/99 105/108/96
f 108/109/98 110/111/100 109/112/101 107/110/99
f 110/111/100 112/113/102 111/114/103 109/112/101
f 112/113/102 114/115/104 113/116/105 111/114/103
f 115/117/103 113/116/105 114/115/104 116/118/106
f 117/119/107 115/117/103 116/118/106 118/120/108
f 119/121/109 117/119/107 118/120/108 120/122/110
f 121/123/111 119/121/109 120/122/110 122/124/112
f 123/125/111 121/123/111 122/124/112 124/126/113
f 125/127/114 123/125/111 124/126/113 126/128/115
f 127/129/116 125/127/114 126/128/115 128/130/117
f 2/2/2 127/129/116 128/130/117 3/3/3
f 129/131/118 130/132/119 127/129/116 2/2/2
f 131/133/120 132/134/121 130/132/119 129/131/118
f 132/134/121 134/135/122 133/136/123 130/132/119
f 134/135/122 136/137/124 135/138/125 133/136/123
f 136/137/124 138/139/126 137/140/127 135/138/125
f 138/139/126 140/141/128 139/142/129 137/140/127
f 140/141/128 142/143/130 141/144/131 139/142/129
f 142/143/130 144/145/132 143/146/133 141/144/131
f 144/145/132 146/147/134 145/148/133 143/146/133
f 146/147/134 148/149/135 147/150/133 145/148/133
f 148/149/135 150/151/136 149/152/137 147/150/133
f 150/151/136 152/153/138 151/154/139 149/152/137
f 152/153/138 154/155/140 153/156/141 151/154/139
f 154/155/140 156/157/142 155/158/141 153/156/141
f 156/157/142 158/159/143 157/160/144 155/158/141
f 158/159/143 160/161/145 159/162/146 157/160/144
f 160/161/145 162/163/147 161/164/148 159/162/146
f 162/163/147 164/165/149 163/166/150 161/164/148
f 164/165/149 166/167/151 165/168/152 163/166/150
f 166/167/151 168/169/153 167/170/154 165/168/152
f 168/169/153 170/171/155 169/172/154 167/170/154
f 170/171/155 172/173/156 171/174/157 169/172/154
f 172/173/156 174/175/158 173/176/159 171/174/157
f 174/175/158 176/177/160 175/178/161 173/176/159
f 176/177/160 178/179/162 177/180/161 175/178/161
f 179/181/161 177/180/161 178/179/162 180/182/163
f 181/183/164 179/181/161 180/182/163 182/184/165
f 183/185/166 181/183/164 182/184/165 184/186/167
f 185/187/168 183/185/166 184/186/167 186/188/169
f 187/189/168 185/187/168 186/188/169 188/190/170
f 189/191/171 187/189/168 188/190/170 190/192/172
f 191/193/173 189/191/171 190/192/172 192/194/174
f 193/195/175 191/193/173 192/194/174 194/196/176
f 195/197/177 193/195/175 194/196/176 196/198/178
f 197/199/179 195/197/177 196/198/178 198/200/180
f 199/201/181 197/199/179 198/200/180 200/202/182
f 201/203/181 199/201/181 200/202/182 202/204/183
f 203/205/184 201/203/181 202/204/183 204/206/185
f 205/207/186 203/205/184 204/206/185 206/208/187
f 207/209/188 205/207/186 206/208/187 208/210/189
f 209/211/190 207/209/188 208/210/189 210/212/191
f 210/212/191 212/213/192 211/214/193 209/211/190
f 212/213/192 214/215/194 213/216/195 211/214/193
f 214/215/194 216/217/196 215/218/197 213/216/195
f 216/217/196 218/219/198 217/220/199 215/218/197
f 218/219/198 220/221/200 219/222/201 217/220/199
f 220/221/200 222/223/202 221/224/203 219/222/201
f 222/223/202 224/225/204 223/226/203 221/224/203
f 224/225/204 226/227/205 225/228/206 223/226/203
f 226/229/205 228/230/207 227/231/208 225/232/206
f 228/230/207 230/233/209 229/234/210 227/231/208
f 230/233/209 232/235/211 231/236/212 229/234/210
f 232/235/211 234/237/213 233/238/214 231/236/212
f 234/237/213 236/239/215 235/240/216 233/238/214
f 236/239/215 238/241/217 237/242/218 235/240/216
f 238/241/217 240/243/219 239/244/220 237/242/218
f 240/243/219 242/245/221 241/246/220 239/244/220
f 242/245/221 244/247/222 243/248/220 241/246/220
f 244/247/222 246/249/223 245/250/224 243/248/220
f 246/249/223 248/251/225 247/252/226 245/250/224
f 248/251/225 250/253/227 249/254/228 247/252/226
f 250/253/227 252/255/229 251/256/230 249/254/228
f 252/255/229 254/257/231 253/258/232 251/256/230
f 254/257/231 256/259/233 255/260/234 253/258/232
f 256/259/233 131/133/120 129/131/118 255/260/234
f 257/261/235 258/262/236 256/259/233 254/257/231
f 258/262/236 259/263/237 131/133/120 256/259/233
f 260/264/238 261/265/239 134/135/122 132/134/121
f 261/265/239 262/266/240 136/137/124 134/135/122
f 262/266/240 263/267/241 138/139/126 136/137/124
f 263/267/241 264/268/242 140/141/128 138/139/126
f 264/268/242 265/269/243 142/143/130 140/141/128
f 265/269/243 266/270/244 144/145/132 142/143/130
f 266/270/244 267/271/245 146/147/134 144/145/132
f 148/149/135 146/147/134 267/271/245 268/272/246
f 150/151/136 148/149/135 268/272/246 269/273/247
f 152/153/138 150/151/136 269/273/247 270/274/248
f 154/155/140 152/153/138 270/274/248 271/275/249
f 156/157/142 154/155/140 271/275/249 272/276/250
f 158/159/143 156/157/142 272/276/250 273/277/251
f 273/277/251 274/278/252 160/161/145 158/159/143
f 162/163/147 160/161/145 274/278/252 275/279/253
f 275/279/253 276/280/254 164/165/149 162/163/147
f 166/167/151 164/165/149 276/280/254 277/281/255
f 277/281/255 278/282/256 168/169/153 166/167/151
f 170/171/155 168/169/153 278/282/256 279/283/257
f 279/283/257 280/284/258 172/173/156 170/171/155
f 174/175/158 172/173/156 280/284/258 281/285/259
f 176/177/160 174/175/158 281/285/259 282/286/260
f 178/179/162 176/177/160 282/286/260 283/287/261
f 180/182/163 178/179/162 283/287/261 284/288/262
f 182/184/165 180/182/163 284/288/262 285/289/263
f 184/186/167 182/184/165 285/289/263 286/290/264
f 186/188/169 184/186/167 286/290/264 287/291/265
f 188/190/170 186/188/169 287/291/265 288/292/266
f 190/192/172 188/190/170 288/292/266 289/293/267
f 192/194/174 190/192/172 289/293/267 290/294/268
f 194/196/176 192/194/174 290/294/268 291/295/269
f 196/198/178 194/196/176 291/295/269 292/296/270
f 198/200/180 196/198/178 292/296/270 293/297/271
f 200/202/182 198/200/180 293/297/271 294/298/272
f 202/204/183 200/202/182 294/298/272 295/299/273
f 204/206/185 202/204/183 295/299/273 296/300/274
f 206/208/187 204/206/185 296/300/274 297/301/275
f 208/210/189 206/208/187 297/301/275 298/302/276
f 210/212/191 208/210/189 298/302/276 299/303/277
f 299/303/277 300/304/278 212/213/192 210/212/191
f 214/215/194 212/213/192 300/304/278 301/305/279
f 301/305/279 302/306/280 216/217/196 214/215/194
f 218/219/198 216/217/196 302/306/280 303/307/281
f 303/307/281 304/308/282 220/221/200 218/219/198
f 222/223/202 220/221/200 304/308/282 305/309/283
f 224/225/204 222/223/202 305/309/283 306/310/284
f 226/227/205 224/225/204 306/310/284 307/311/285
f 307/312/285 308/313/286 228/230/207 226/229/205
f 308/313/286 309/314/287 230/233/209 228/230/207
f 232/235/211 230/233/209 309/314/287 310/315/288
f 234/237/213 232/235/211 310/315/288 311/316/289
f 236/239/215 234/237/213 311/316/289 312/317/290
f 238/241/217 236/239/215 312/317/290 313/318/291
f 240/243/219 238/241/217 313/318/291 314/319/292
f 242/245/221 240/243/219 314/319/292 315/320/293
f 315/320/293 316/321/294 244/247/222 242/245/221
f 316/321/294 317/322/295 246/249/223 244/247/222
f 317/322/295 318/323/296 248/251/225 246/249/223
f 318/323/296 319/324/297 250/253/227 248/251/225
f 319/324/297 320/325/298 252/255/229 250/253/227
f 259/263/237 260/264/238 132/134/121 131/133/120
f 320/325/298 257/261/235 254/257/231 252/255/229
f 253/258/232 255/260/234 1/1/1 5/5/5
f 251/256/230 253/258/232 5/5/5 7/7/7
f 249/254/228 251/256/230 7/7/7 9/9/7
f 247/252/226 249/254/228 9/9/7 11/11/10
f 245/250/224 247/252/226 11/11/10 13/13/12
f 243/248/220 245/250/224 13/13/12 15/15/14
f 241/246/220 243/248/220 15/15/14 17/17/16
f 17/17/16 19/20/19 239/244/220 241/246/220
f 237/242/218 239/244/220 19/20/19 21/22/21
f 21/22/21 23/24/23 235/240/216 237/242/218
f 23/24/23 25/26/25 233/238/214 235/240/216
f 25/26/25 27/28/25 231/236/212 233/238/214
f 229/234/210 231/236/212 27/28/25 29/30/28
f 29/30/28 31/31/29 227/231/208 229/234/210
f 225/232/206 227/231/208 31/31/29 33/34/32
f 33/38/32 35/37/34 223/226/203 225/228/206
f 221/224/203 223/226/203 35/37/34 37/40/36
f 37/40/36 39/42/36 219/222/201 221/224/203
f 217/220/199 219/222/201 39/42/36 41/44/36
f 41/44/36 43/45/39 215/218/197 217/220/199
f 213/216/195 215/218/197 43/45/39 45/47/41
f 211/214/193 213/216/195 45/47/41 47/50/44
f 209/211/190 211/214/193 47/50/44 49/52/46
f 49/52/46 51/54/48 207/209/188 209/211/190
f 51/54/48 53/56/50 205/207/186 207/209/188
f 53/56/50 55/58/52 203/205/184 205/207/186
f 55/58/52 57/60/54 201/203/181 203/205/184
f 57/60/54 59/62/54 199/201/181 201/203/181
f 59/62/54 61/64/57 197/199/179 199/201/181
f 61/64/57 63/66/59 195/197/177 197/199/179
f 63/66/59 65/68/61 193/195/175 195/197/177
f 65/68/61 67/70/63 191/193/173 193/195/175
f 67/70/63 69/72/65 189/191/171 191/193/173
f 69/72/65 71/74/67 187/189/168 189/191/171
f 71/74/67 73/76/67 185/187/168 187/189/168
f 73/76/67 75/78/70 183/185/166 185/187/168
f 75/78/70 77/80/72 181/183/164 183/185/166
f 77/80/72 79/82/74 179/181/161 181/183/164
f 79/82/74 81/84/76 177/180/161 179/181/161
f 81/84/76 83/86/74 175/178/161 177/180/161
f 83/86/74 85/88/79 173/176/159 175/178/161
f 85/88/79 87/90/81 171/174/157 173/176/159
f 87/90/81 89/92/83 169/172/154 171/174/157
f 89/92/83 91/94/83 167/170/154 169/172/154
f 91/94/83 93/96/86 165/168/152 167/170/154
f 93/96/86 95/98/88 163/166/150 165/168/152
f 161/164/148 163/166/150 95/98/88 97/100/90
f 97/100/90 99/102/92 159/162/146 161/164/148
f 99/102/92 101/104/94 157/160/144 159/162/146
f 101/104/94 103/106/96 155/158/141 157/160/144
f 103/106/96 105/108/96 153/156/141 155/158/141
f 105/108/96 107/110/99 151/154/139 153/156/141
f 107/110/99 109/112/101 149/152/137 151/154/139
f 109/112/101 111/114/103 147/150/133 149/152/137
f 111/114/103 113/116/105 145/148/133 147/150/133
f 143/146/133 145/148/133 113/116/105 115/117/103
f 141/144/131 143/146/133 115/117/103 117/119/107
f 139/142/129 141/144/131 117/119/107 119/121/109
f 137/140/127 139/142/129 119/121/109 121/123/111
f 135/138/125 137/140/127 121/123/111 123/125/111
f 133/136/123 135/138/125 123/125/111 125/127/114
f 130/132/119 133/136/123 125/127/114 127/129/116
f 255/260/234 129/131/118 2/2/2 1/1/1
f 54/55/49 52/53/47 346/53/299 347/55/299
f 3/3/3 128/130/117 384/130/299 321/3/299
f 72/73/66 70/71/64 355/71/299 356/73/299
f 124/126/113 122/124/112 381/124/299 382/126/299
f 20/19/18 18/18/17 329/18/299 330/19/299
f 90/91/82 88/89/80 364/89/299 365/91/299
f 38/39/35 36/36/33 338/36/299 339/39/299
f 108/109/98 106/107/97 373/107/299 374/109/299
f 56/57/51 54/55/49 347/55/299 348/57/299
f 4/4/4 3/3/3 321/3/299 322/4/299
f 74/75/68 72/73/66 356/73/299 357/75/299
f 126/128/115 124/126/113 382/126/299 383/128/299
f 22/21/20 20/19/18 330/19/299 331/21/299
f 92/93/84 90/91/82 365/91/299 366/93/299
f 40/41/37 38/39/35 339/39/299 340/41/299
f 110/111/100 108/109/98 374/109/299 375/111/299
f 58/59/53 56/57/51 348/57/299 349/59/299
f 6/6/6 4/4/4 322/4/299 323/6/299
f 76/77/69 74/75/68 357/75/299 358/77/299
f 128/130/117 126/128/115 383/128/299 384/130/299
f 24/23/22 22/21/20 331/21/299 332/23/299
f 94/95/85 92/93/84 366/93/299 367/95/299
f 42/43/38 40/41/37 340/41/299 341/43/299
f 112/113/102 110/111/100 375/111/299 376/113/299
f 60/61/55 58/59/53 349/59/299 350/61/299
f 8/8/8 6/6/6 323/6/299 324/8/299
f 78/79/71 76/77/69 358/77/299 359/79/299
f 26/25/24 24/23/22 332/23/299 333/25/299
f 96/97/87 94/95/85 367/95/299 368/97/299
f 44/46/40 42/43/38 341/43/299 342/46/299
f 114/115/104 112/113/102 376/113/299 377/115/299
f 62/63/56 60/61/55 350/61/299 351/63/299
f 10/10/9 8/8/8 324/8/299 325/10/299
f 80/81/73 78/79/71 359/79/299 360/81/299
f 28/27/26 26/25/24 333/25/299 334/27/299
f 98/99/89 96/97/87 368/97/299 369/99/299
f 46/48/42 44/46/40 342/46/299 343/48/299
f 64/65/58 62/63/56 351/63/299 352/65/299
f 116/118/106 114/115/104 377/115/299 378/118/299
f 12/12/11 10/10/9 325/10/299 326/12/299
f 82/83/75 80/81/73 360/81/299 361/83/299
f 30/29/27 28/27/26 334/27/299 335/29/299
f 100/101/91 98/99/89 369/99/299 370/101/299
f 48/49/43 46/48/42 343/48/299 344/49/299
f 66/67/60 64/65/58 352/65/299 353/67/299
f 118/120/108 116/118/106 378/118/299 379/120/299
f 14/14/13 12/12/11 326/12/299 327/14/299
f 84/85/77 82/83/75 361/83/299 362/85/299
f 32/32/30 30/29/27 335/29/299 336/32/299
f 102/103/93 100/101/91 370/101/299 371/103/299
f 50/51/45 48/49/43 344/49/299 345/51/299
f 68/69/62 66/67/60 353/67/299 354/69/299
f 120/122/110 118/120/108 379/120/299 380/122/299
f 16/16/15 14/14/13 327/14/299 328/16/299
f 86/87/78 84/85/77 362/85/299 363/87/299
f 34/33/31 32/32/30 336/32/299 337/33/299
f 104/105/95 102/103/93 371/103/299 372/105/299
f 52/53/47 50/51/45 345/51/299 346/53/299
f 70/71/64 68/69/62 354/69/299 355/71/299
f 122/124/112 120/122/110 380/122/299 381/124/299
f 18/18/17 16/16/15 328/16/299 329/18/299
f 88/89/80 86/87/78 363/87/299 364/89/299
f 36/36/33 34/35/31 337/35/299 338/36/299
f 106/107/97 104/105/95 372/105/299 373/107/299
o TC3
v 0.054407 0.003459 -0.010822
v 0.055208 0.003459 -0.005437
v 0.055478 0.003459 -0.000000
v 0.054980 0.004323 -0.000000
v 0.054712 0.004323 -0.005388
v 0.054244 0.005242 -0.000000
v 0.053979 0.005242 -0.005316
v 0.053380 0.006269 -0.000000
v 0.053120 0.006269 -0.005231
v 0.052499 0.007458 -0.000000
v 0.052243 0.007458 -0.005145
v 0.051710 0.008863 -0.000000
v 0.051458 0.008863 -0.005068
v 0.051149 0.010524 -0.000000
v 0.050900 0.010524 -0.005013
v 0.050949 0.012479 -0.000000
v 0.050701 0.012479 -0.004993
v 0.051244 0.014769 -0.000000
v 0.050994 0.014769 -0.005022
v 0.052168 0.017432 -0.000000
v 0.051914 0.017432 -0.005113
v 0.053627 0.020376 -0.000000
v 0.053366 0.020376 -0.005256
v 0.055526 0.023506 -0.000000
v 0.055255 0.023506 -0.005442
v 0.057771 0.026730 -0.000000
v 0.057489 0.026730 -0.005662
v 0.060267 0.029954 -0.000000
v 0.059973 0.029954 -0.005906
v 0.063094 0.033379 -0.000000
v 0.062787 0.033379 -0.006183
v 0.066333 0.037208 -0.000000
v 0.066010 0.037208 -0.006501
v 0.070063 0.041640 -0.000000
v 0.069722 0.041640 -0.006866
v 0.074364 0.046879 -0.000000
v 0.074002 0.046879 -0.007288
v 0.079083 0.052894 -0.000000
v 0.078698 0.052894 -0.007750
v 0.084066 0.059657 -0.000000
v 0.083657 0.059657 -0.008239
v 0.089160 0.067137 -0.000000
v 0.088726 0.067137 -0.008738
v 0.094212 0.075307 -0.000000
v 0.093753 0.075307 -0.009233
v 0.099064 0.083959 -0.000000
v 0.098581 0.083959 -0.009708
v 0.103558 0.092890 -0.000000
v 0.103053 0.092890 -0.010149
v 0.107537 0.101894 -0.000000
v 0.107012 0.101894 -0.010539
v 0.110843 0.110766 -0.000000
v 0.110303 0.110766 -0.010863
v 0.113478 0.119042 -0.000000
v 0.112925 0.119042 -0.011121
v 0.115443 0.126258 -0.000000
v 0.114881 0.126258 -0.011314
v 0.116741 0.131951 -0.000000
v 0.116172 0.131951 -0.011441
v 0.117372 0.135656 -0.000000
v 0.116800 0.135656 -0.011503
v 0.117403 0.137850 -0.000000
v 0.116830 0.137850 -0.011506
v 0.116898 0.139011 -0.000000
v 0.116329 0.139011 -0.011456
v 0.115925 0.139617 -0.000000
v 0.115360 0.139617 -0.011361
v 0.114549 0.140144 -0.000000
v 0.113990 0.140144 -0.011226
v 0.112723 0.140697 -0.000000
v 0.112174 0.140697 -0.011047
v 0.110404 0.141379 -0.000000
v 0.109866 0.141379 -0.010820
v 0.107546 0.142296 -0.000000
v 0.107022 0.142296 -0.010540
v 0.104103 0.143550 -0.000000
v 0.103595 0.143550 -0.010202
v 0.100232 0.145071 -0.000000
v 0.099744 0.145071 -0.009823
v 0.096093 0.146788 -0.000000
v 0.095625 0.146788 -0.009417
v 0.091842 0.148632 -0.000000
v 0.091395 0.148632 -0.009001
v 0.087638 0.150530 -0.000000
v 0.087211 0.150530 -0.008589
v 0.083452 0.152441 -0.000000
v 0.083045 0.152441 -0.008179
v 0.079255 0.154326 -0.000000
v 0.078868 0.154326 -0.007767
v 0.075018 0.156142 -0.000000
v 0.074652 0.156142 -0.007352
v 0.070712 0.157847 -0.000000
v 0.070368 0.157847 -0.006930
v 0.066682 0.159418 -0.000000
v 0.066357 0.159418 -0.006535
v 0.063269 0.160829 -0.000000
v 0.062960 0.160829 -0.006201
v 0.060817 0.162055 -0.000000
v 0.060520 0.162055 -0.005960
v 0.059669 0.163070 -0.000000
v 0.059378 0.163070 -0.005848
v 0.059378 0.163070 0.005848
v 0.058517 0.163070 0.011640
v 0.060520 0.162055 0.005960
v 0.059643 0.162055 0.011864
v 0.062960 0.160829 0.006200
v 0.062047 0.160829 0.012342
v 0.066357 0.159418 0.006535
v 0.065394 0.159418 0.013008
v 0.070368 0.157847 0.006930
v 0.069347 0.157847 0.013794
v 0.074652 0.156142 0.007352
v 0.073569 0.156142 0.014634
v 0.078868 0.154326 0.007767
v 0.077724 0.154326 0.015460
v 0.083045 0.152441 0.008178
v 0.081841 0.152441 0.016279
v 0.087211 0.150530 0.008589
v 0.085946 0.150530 0.017096
v 0.091395 0.148631 0.009001
v 0.090069 0.148632 0.017916
v 0.095625 0.146788 0.009417
v 0.094238 0.146788 0.018745
v 0.099744 0.145071 0.009823
v 0.098297 0.145071 0.019552
v 0.103595 0.143550 0.010202
v 0.102093 0.143550 0.020307
v 0.107022 0.142296 0.010540
v 0.105469 0.142296 0.020979
v 0.109866 0.141379 0.010820
v 0.108273 0.141379 0.021537
v 0.112174 0.140697 0.011047
v 0.110547 0.140697 0.021989
v 0.113990 0.140144 0.011226
v 0.112337 0.140144 0.022345
v 0.115360 0.139617 0.011361
v 0.113687 0.139617 0.022614
v 0.116329 0.139011 0.011456
v 0.114641 0.139011 0.022803
v 0.116830 0.137850 0.011506
v 0.115136 0.137850 0.022902
v 0.116800 0.135656 0.011503
v 0.115106 0.135656 0.022896
v 0.116172 0.131951 0.011441
v 0.114487 0.131951 0.022773
v 0.114881 0.126258 0.011314
v 0.113214 0.126258 0.022520
v 0.112925 0.119042 0.011121
v 0.111287 0.119042 0.022136
v 0.110303 0.110766 0.010863
v 0.108703 0.110766 0.021622
v 0.107012 0.101894 0.010539
v 0.105460 0.101894 0.020977
v 0.103053 0.092890 0.010149
v 0.101558 0.092890 0.020201
v 0.098581 0.083959 0.009708
v 0.097151 0.083959 0.019324
v 0.093753 0.075307 0.009233
v 0.092393 0.075307 0.018378
v 0.088726 0.067137 0.008738
v 0.087439 0.067137 0.017393
v 0.083657 0.059657 0.008239
v 0.082443 0.059657 0.016399
v 0.078698 0.052894 0.007750
v 0.077556 0.052894 0.015427
v 0.074002 0.046879 0.007288
v 0.072928 0.046879 0.014506
v 0.069722 0.041640 0.006866
v 0.068710 0.041640 0.013667
v 0.066010 0.037208 0.006501
v 0.065052 0.037208 0.012940
v 0.062787 0.033379 0.006183
v 0.061876 0.033379 0.012308
v 0.059973 0.029954 0.005906
v 0.059103 0.029954 0.011756
v 0.057489 0.026730 0.005662
v 0.056655 0.026730 0.011269
v 0.055255 0.023506 0.005442
v 0.054454 0.023506 0.010832
v 0.053366 0.020376 0.005256
v 0.052591 0.020376 0.010461
v 0.051914 0.017432 0.005113
v 0.051161 0.017432 0.010177
v 0.050994 0.014769 0.005022
v 0.050255 0.014769 0.009996
v 0.050701 0.012479 0.004993
v 0.049965 0.012479 0.009939
v 0.050900 0.010524 0.005013
v 0.050162 0.010524 0.009978
v 0.051458 0.008863 0.005068
v 0.050712 0.008863 0.010087
v 0.052243 0.007458 0.005145
v 0.051485 0.007458 0.010241
v 0.053120 0.006269 0.005231
v 0.052349 0.006269 0.010413
v 0.053979 0.005242 0.005316
v 0.053196 0.005242 0.010581
v 0.054712 0.004323 0.005388
v 0.053918 0.004324 0.010725
v 0.055208 0.003459 0.005437
v 0.054407 0.003459 0.010822
v 0.052609 0.004324 0.015959
v 0.053086 0.003459 0.016104
v 0.050795 0.004324 0.021040
v 0.051255 0.003459 0.021231
v 0.048485 0.004324 0.025915
v 0.048925 0.003459 0.026150
v 0.045710 0.004324 0.030542
v 0.046124 0.003459 0.030819
v 0.042497 0.004324 0.034877
v 0.042882 0.003459 0.035193
v 0.038877 0.004324 0.038877
v 0.039229 0.003459 0.039229
v 0.034877 0.004324 0.042497
v 0.035193 0.003459 0.042882
v 0.030542 0.004324 0.045710
v 0.030819 0.003459 0.046124
v 0.025915 0.004324 0.048485
v 0.026150 0.003459 0.048925
v 0.021040 0.004324 0.050795
v 0.021231 0.003459 0.051255
v 0.015959 0.004324 0.052609
v 0.016104 0.003459 0.053086
v 0.010725 0.004324 0.053918
v 0.010822 0.003459 0.054407
v 0.005388 0.004324 0.054712
v 0.005437 0.003459 0.055208
v 0.000000 0.004324 0.054980
v 0.000000 0.003459 0.055478
v -0.005388 0.004324 0.054712
v -0.005437 0.003459 0.055208
v -0.010725 0.004324 0.053918
v -0.010822 0.003459 0.054407
v -0.015959 0.004324 0.052609
v -0.016104 0.003459 0.053086
v -0.021040 0.004324 0.050795
v -0.021231 0.003459 0.051255
v -0.025915 0.004324 0.048485
v -0.026150 0.003459 0.048925
v -0.030542 0.004324 0.045710
v -0.030819 0.003459 0.046124
v -0.034877 0.004324 0.042497
v -0.035193 0.003459 0.042882
v -0.038877 0.004324 0.038877
v -0.039229 0.003459 0.039229
v -0.042497 0.004324 0.034877
v -0.042882 0.003459 0.035193
v -0.045710 0.004324 0.030542
v -0.046124 0.003459 0.030819
v -0.048485 0.004324 0.025915
v -0.048925 0.003459 0.026150
v -0.050795 0.004324 0.021040
v -0.051255 0.003459 0.021231
v -0.052609 0.004324 0.015959
v -0.053086 0.003459 0.016104
v -0.053918 0.004324 0.010725
v -0.054407 0.003459 0.010822
v -0.054712 0.004323 0.005388
v -0.055208 0.003459 0.005437
v -0.054980 0.004323 -0.000000
v -0.055478 0.003459 -0.000000
v -0.054712 0.004323 -0.005388
v -0.055208 0.003459 -0.005437
v -0.053918 0.004323 -0.010725
v -0.054407 0.003459 -0.010822
v -0.052609 0.004323 -0.015959
v -0.053086 0.003459 -0.016104
v -0.050795 0.004323 -0.021040
v -0.051255 0.003459 -0.021231
v -0.048485 0.004323 -0.025915
v -0.048925 0.003459 -0.026150
v -0.045710 0.004323 -0.030542
v -0.046124 0.003459 -0.030819
v -0.042497 0.004323 -0.034877
v -0.042882 0.003459 -0.035193
v -0.038877 0.004323 -0.038877
v -0.039229 0.003459 -0.039229
v -0.034877 0.004323 -0.042497
v -0.035193 0.003459 -0.042882
v -0.030542 0.004323 -0.045710
v -0.030819 0.003459 -0.046124
v -0.025915 0.004323 -0.048485
v -0.026150 0.003459 -0.048925
v -0.021040 0.004323 -0.050795
v -0.021231 0.003459 -0.051255
v -0.015959 0.004323 -0.052609
v -0.016104 0.003459 -0.053086
v -0.010725 0.004323 -0.053918
v -0.010822 0.003459 -0.054407
v -0.005388 0.004323 -0.054712
v -0.005437 0.003459 -0.055208
v 0.000000 0.004323 -0.054980
v 0.000000 0.003459 -0.055478
v 0.005388 0.004323 -0.054712
v 0.005437 0.003459 -0.055208
v 0.010725 0.004323 -0.053918
v 0.010822 0.003459 -0.054407
v 0.015959 0.004323 -0.052609
v 0.016104 0.003459 -0.053086
v 0.021040 0.004323 -0.050795
v 0.021231 0.003459 -0.051255
v 0.025915 0.004323 -0.048485
v 0.026150 0.003459 -0.048925
v 0.030542 0.004323 -0.045710
v 0.030819 0.003459 -0.046124
v 0.034877 0.004323 -0.042497
v 0.035193 0.003459 -0.042882
v 0.038877 0.004323 -0.038877
v 0.039229 0.003459 -0.039229
v 0.042497 0.004323 -0.034877
v 0.042882 0.003459 -0.035193
v 0.045710 0.004323 -0.030542
v 0.046124 0.003459 -0.030819
v 0.048485 0.004323 -0.025915
v 0.048925 0.003459 -0.026150
v 0.050795 0.004323 -0.021040
v 0.051255 0.003459 -0.021231
v 0.052609 0.004323 -0.015959
v 0.053086 0.003459 -0.016104
v 0.053918 0.004323 -0.010725
v 0.053196 0.005242 -0.010581
v 0.051905 0.005242 -0.015746
v 0.052349 0.006269 -0.010413
v 0.051078 0.006269 -0.015495
v 0.051485 0.007458 -0.010241
v 0.050235 0.007458 -0.015239
v 0.050712 0.008863 -0.010087
v 0.049481 0.008863 -0.015010
v 0.050162 0.010524 -0.009978
v 0.048944 0.010524 -0.014847
v 0.049965 0.012479 -0.009939
v 0.048752 0.012479 -0.014789
v 0.050255 0.014769 -0.009996
v 0.049035 0.014769 -0.014875
v 0.051161 0.017432 -0.010177
v 0.049919 0.017432 -0.015143
v 0.052591 0.020376 -0.010461
v 0.051315 0.020376 -0.015567
v 0.054454 0.023506 -0.010832
v 0.053132 0.023506 -0.016118
v 0.056655 0.026730 -0.011269
v 0.055280 0.026730 -0.016769
v 0.059103 0.029954 -0.011756
v 0.057668 0.029954 -0.017494
v 0.061876 0.033379 -0.012308
v 0.060374 0.033379 -0.018315
v 0.065052 0.037208 -0.012940
v 0.063473 0.037208 -0.019255
v 0.068710 0.041640 -0.013667
v 0.067042 0.041640 -0.020338
v 0.072928 0.046879 -0.014506
v 0.071158 0.046879 -0.021586
v 0.077556 0.052894 -0.015427
v 0.075673 0.052894 -0.022956
v 0.082443 0.059657 -0.016399
v 0.080441 0.059657 -0.024402
v 0.087439 0.067137 -0.017393
v 0.085316 0.067137 -0.025881
v 0.092393 0.075307 -0.018378
v 0.090150 0.075307 -0.027348
v 0.097151 0.083959 -0.019325
v 0.094792 0.083959 -0.028756
v 0.101558 0.092890 -0.020201
v 0.099092 0.092890 -0.030060
v 0.105460 0.101894 -0.020977
v 0.102900 0.101894 -0.031215
v 0.108703 0.110766 -0.021622
v 0.106063 0.110766 -0.032175
v 0.111287 0.119042 -0.022136
v 0.108585 0.119042 -0.032940
v 0.113214 0.126258 -0.022520
v 0.110466 0.126258 -0.033511
v 0.114487 0.131951 -0.022773
v 0.111707 0.131951 -0.033887
v 0.115106 0.135656 -0.022896
v 0.112311 0.135656 -0.034070
v 0.115136 0.137850 -0.022902
v 0.112340 0.137850 -0.034079
v 0.114641 0.139011 -0.022804
v 0.111858 0.139011 -0.033933
v 0.113687 0.139617 -0.022614
v 0.110926 0.139617 -0.033650
v 0.112337 0.140144 -0.022345
v 0.109609 0.140144 -0.033251
v 0.110547 0.140697 -0.021989
v 0.107863 0.140697 -0.032721
v 0.108273 0.141379 -0.021537
v 0.105644 0.141379 -0.032048
v 0.105469 0.142296 -0.020979
v 0.102909 0.142296 -0.031218
v 0.102093 0.143550 -0.020308
v 0.099614 0.143550 -0.030219
v 0.098297 0.145071 -0.019553
v 0.095910 0.145071 -0.029095
v 0.094238 0.146788 -0.018745
v 0.091950 0.146788 -0.027894
v 0.090069 0.148631 -0.017916
v 0.087882 0.148631 -0.026660
v 0.085946 0.150530 -0.017096
v 0.083859 0.150530 -0.025439
v 0.081841 0.152441 -0.016279
v 0.079853 0.152441 -0.024224
v 0.077724 0.154326 -0.015460
v 0.075837 0.154326 -0.023006
v 0.073569 0.156142 -0.014634
v 0.071783 0.156141 -0.021776
v 0.069347 0.157847 -0.013794
v 0.067663 0.157847 -0.020526
v 0.065394 0.159418 -0.013008
v 0.063806 0.159418 -0.019356
v 0.062047 0.160829 -0.012342
v 0.060541 0.160829 -0.018366
v 0.059643 0.162055 -0.011864
v 0.058194 0.162055 -0.017654
v 0.058517 0.163070 -0.011640
v 0.057096 0.163070 -0.017321
v 0.057096 0.163070 0.017320
v 0.055127 0.163070 0.022834
v 0.058194 0.162055 0.017654
v 0.056187 0.162055 0.023273
v 0.060541 0.160829 0.018365
v 0.058453 0.160829 0.024212
v 0.063806 0.159418 0.019356
v 0.061606 0.159418 0.025518
v 0.067663 0.157847 0.020526
v 0.065330 0.157847 0.027060
v 0.071783 0.156142 0.021776
v 0.069307 0.156142 0.028708
v 0.075837 0.154326 0.023006
v 0.073222 0.154326 0.030329
v 0.079853 0.152441 0.024224
v 0.077099 0.152441 0.031936
v 0.083859 0.150530 0.025439
v 0.080967 0.150530 0.033538
v 0.087882 0.148632 0.026660
v 0.084851 0.148632 0.035146
v 0.091950 0.146788 0.027893
v 0.088778 0.146788 0.036773
v 0.095910 0.145071 0.029095
v 0.092603 0.145071 0.038357
v 0.099614 0.143550 0.030218
v 0.096178 0.143550 0.039838
v 0.102909 0.142296 0.031218
v 0.099359 0.142296 0.041156
v 0.105644 0.141379 0.032048
v 0.102000 0.141379 0.042250
v 0.107863 0.140697 0.032721
v 0.104143 0.140697 0.043137
v 0.109609 0.140144 0.033251
v 0.105829 0.140144 0.043836
v 0.110926 0.139617 0.033650
v 0.107101 0.139617 0.044362
v 0.111858 0.139011 0.033933
v 0.108000 0.139011 0.044735
v 0.112340 0.137850 0.034079
v 0.108466 0.137850 0.044928
v 0.112311 0.135656 0.034070
v 0.108438 0.135656 0.044916
v 0.111707 0.131951 0.033887
v 0.107855 0.131951 0.044675
v 0.110466 0.126258 0.033510
v 0.106656 0.126259 0.044178
v 0.108585 0.119042 0.032940
v 0.104840 0.119042 0.043426
v 0.106063 0.110766 0.032175
v 0.102405 0.110766 0.042418
v 0.102900 0.101894 0.031215
v 0.099351 0.101894 0.041152
v 0.099092 0.092890 0.030060
v 0.095675 0.092890 0.039630
v 0.094792 0.083959 0.028756
v 0.091523 0.083959 0.037910
v 0.090150 0.075307 0.027347
v 0.087041 0.075307 0.036053
v 0.085316 0.067137 0.025881
v 0.082373 0.067137 0.034120
v 0.080441 0.059657 0.024402
v 0.077667 0.059657 0.032171
v 0.075673 0.052894 0.022956
v 0.073063 0.052894 0.030264
v 0.071158 0.046879 0.021586
v 0.068704 0.046879 0.028458
v 0.067042 0.041640 0.020338
v 0.064730 0.041640 0.026812
v 0.063473 0.037208 0.019255
v 0.061284 0.037208 0.025385
v 0.060374 0.033379 0.018315
v 0.058292 0.033379 0.024145
v 0.057668 0.029954 0.017494
v 0.055679 0.029954 0.023063
v 0.055280 0.026730 0.016769
v 0.053373 0.026730 0.022108
v 0.053132 0.023506 0.016118
v 0.051299 0.023506 0.021249
v 0.051315 0.020376 0.015567
v 0.049545 0.020376 0.020522
v 0.049919 0.017432 0.015143
v 0.048197 0.017432 0.019964
v 0.049035 0.014769 0.014875
v 0.047343 0.014769 0.019610
v 0.048752 0.012479 0.014789
v 0.047071 0.012479 0.019497
v 0.048944 0.010524 0.014847
v 0.047256 0.010524 0.019574
v 0.049481 0.008863 0.015010
v 0.047774 0.008863 0.019789
v 0.050235 0.007458 0.015239
v 0.048502 0.007458 0.020090
v 0.051078 0.006269 0.015495
v 0.049316 0.006269 0.020427
v 0.051905 0.005242 0.015746
v 0.050114 0.005242 0.020758
v 0.047074 0.006269 0.025161
v 0.047836 0.005242 0.025568
v 0.044379 0.006269 0.029653
v 0.045098 0.005242 0.030133
v 0.041260 0.006269 0.033862
v 0.041928 0.005242 0.034410
v 0.037745 0.006269 0.037745
v 0.038356 0.005242 0.038356
v 0.033862 0.006269 0.041260
v 0.034410 0.005242 0.041928
v 0.029653 0.006269 0.044379
v 0.030133 0.005242 0.045098
v 0.025161 0.006269 0.047074
v 0.025568 0.005242 0.047836
v 0.020428 0.006269 0.049316
v 0.020758 0.005242 0.050114
v 0.015495 0.006269 0.051078
v 0.015746 0.005242 0.051905
v 0.010413 0.006269 0.052349
v 0.010581 0.005242 0.053196
v 0.005231 0.006269 0.053120
v 0.005316 0.005242 0.053979
v 0.000000 0.006269 0.053380
v 0.000000 0.005242 0.054244
v -0.005231 0.006269 0.053120
v -0.005316 0.005242 0.053979
v -0.010413 0.006269 0.052349
v -0.010581 0.005242 0.053196
v -0.015495 0.006269 0.051078
v -0.015746 0.005242 0.051905
v -0.020428 0.006269 0.049316
v -0.020758 0.005242 0.050114
v -0.025161 0.006269 0.047074
v -0.025568 0.005242 0.047836
v -0.029653 0.006269 0.044379
v -0.030133 0.005242 0.045098
v -0.033862 0.006269 0.041260
v -0.034410 0.005242 0.041928
v -0.037745 0.006269 0.037745
v -0.038356 0.005242 0.038356
v -0.041260 0.006269 0.033862
v -0.041928 0.005242 0.034410
v -0.044379 0.006269 0.029653
v -0.045098 0.005242 0.030133
v -0.047074 0.006269 0.025161
v -0.047836 0.005242 0.025568
v -0.049316 0.006269 0.020428
v -0.050114 0.005242 0.020758
v -0.051078 0.006269 0.015495
v -0.051905 0.005242 0.015746
v -0.052349 0.006269 0.010413
v -0.053196 0.005242 0.010581
v -0.053120 0.006269 0.005231
v -0.053979 0.005242 0.005316
v -0.053380 0.006269 -0.000000
v -0.054243 0.005242 -0.000000
v -0.053120 0.006269 -0.005231
v -0.053979 0.005242 -0.005316
v -0.052349 0.006269 -0.010413
v -0.053196 0.005242 -0.010581
v -0.051078 0.006269 -0.015495
v -0.051905 0.005242 -0.015746
v -0.049316 0.006269 -0.020428
v -0.050114 0.005242 -0.020758
v -0.047074 0.006269 -0.025161
v -0.047836 0.005242 -0.025568
v -0.044379 0.006269 -0.029653
v -0.045098 0.005242 -0.030133
v -0.041260 0.006269 -0.033862
v -0.041928 0.005242 -0.034410
v -0.037745 0.006269 -0.037745
v -0.038356 0.005242 -0.038356
v -0.033862 0.006269 -0.041260
v -0.034410 0.005242 -0.041928
v -0.029653 0.006269 -0.044379
v -0.030133 0.005242 -0.045098
v -0.025161 0.006269 -0.047074
v -0.025568 0.005242 -0.047836
v -0.020428 0.006269 -0.049316
v -0.020758 0.005242 -0.050114
v -0.015495 0.006269 -0.051078
v -0.015746 0.005242 -0.051905
v -0.010413 0.006269 -0.052349
v -0.010581 0.005242 -0.053196
v -0.005231 0.006269 -0.053120
v -0.005316 0.005242 -0.053979
v 0.000000 0.006269 -0.053380
v 0.000000 0.005242 -0.054244
v 0.005231 0.006269 -0.053120
v 0.005316 0.005242 -0.053979
v 0.010413 0.006269 -0.052349
v 0.010581 0.005242 -0.053196
v 0.015495 0.006269 -0.051078
v 0.015746 0.005242 -0.051905
v 0.020428 0.006269 -0.049316
v 0.020758 0.005242 -0.050114
v 0.025161 0.006269 -0.047074
v 0.025568 0.005242 -0.047836
v 0.029653 0.006269 -0.044379
v 0.030133 0.005242 -0.045098
v 0.033862 0.006269 -0.041260
v 0.034410 0.005242 -0.041928
v 0.037745 0.006269 -0.037745
v 0.038356 0.005242 -0.038356
v 0.041260 0.006269 -0.033862
v 0.041928 0.005242 -0.034410
v 0.044379 0.006269 -0.029653
v 0.045098 0.005242 -0.030133
v 0.047074 0.006269 -0.025161
v 0.047836 0.005242 -0.025568
v 0.049316 0.006269 -0.020428
v 0.050114 0.005242 -0.020758
v 0.048502 0.007458 -0.020090
v 0.046297 0.007458 -0.024746
v 0.047774 0.008863 -0.019789
v 0.045602 0.008863 -0.024374
v 0.047256 0.010524 -0.019574
v 0.045107 0.010524 -0.024110
v 0.047071 0.012479 -0.019497
v 0.044931 0.012479 -0.024015
v 0.047343 0.014769 -0.019610
v 0.045191 0.014769 -0.024154
v 0.048197 0.017432 -0.019964
v 0.046006 0.017432 -0.024590
v 0.049545 0.020376 -0.020522
v 0.047292 0.020376 -0.025278
v 0.051299 0.023506 -0.021249
v 0.048967 0.023506 -0.026173
v 0.053373 0.026730 -0.022108
v 0.050946 0.026730 -0.027231
v 0.055679 0.029954 -0.023063
v 0.053148 0.029954 -0.028407
v 0.058292 0.033379 -0.024145
v 0.055641 0.033379 -0.029740
v 0.061284 0.037208 -0.025385
v 0.058497 0.037208 -0.031267
v 0.064730 0.041640 -0.026812
v 0.061787 0.041640 -0.033025
v 0.068704 0.046879 -0.028458
v 0.065580 0.046879 -0.035052
v 0.073063 0.052894 -0.030264
v 0.069741 0.052894 -0.037277
v 0.077667 0.059657 -0.032171
v 0.074136 0.059657 -0.039626
v 0.082373 0.067137 -0.034120
v 0.078628 0.067137 -0.042027
v 0.087041 0.075307 -0.036053
v 0.083083 0.075307 -0.044408
v 0.091523 0.083959 -0.037910
v 0.087362 0.083959 -0.046695
v 0.095675 0.092890 -0.039630
v 0.091325 0.092890 -0.048813
v 0.099351 0.101894 -0.041153
v 0.094834 0.101894 -0.050689
v 0.102405 0.110766 -0.042418
v 0.097749 0.110766 -0.052247
v 0.104840 0.119042 -0.043426
v 0.100073 0.119042 -0.053489
v 0.106656 0.126258 -0.044178
v 0.101806 0.126258 -0.054416
v 0.107855 0.131951 -0.044675
v 0.102951 0.131951 -0.055027
v 0.108438 0.135656 -0.044916
v 0.103507 0.135656 -0.055325
v 0.108466 0.137850 -0.044928
v 0.103534 0.137850 -0.055339
v 0.108000 0.139011 -0.044735
v 0.103089 0.139011 -0.055101
v 0.107101 0.139617 -0.044363
v 0.102231 0.139617 -0.054643
v 0.105829 0.140144 -0.043836
v 0.101017 0.140144 -0.053994
v 0.104143 0.140697 -0.043137
v 0.099408 0.140697 -0.053133
v 0.102000 0.141379 -0.042250
v 0.097363 0.141379 -0.052040
v 0.099359 0.142296 -0.041156
v 0.094842 0.142296 -0.050693
v 0.096178 0.143550 -0.039838
v 0.091805 0.143550 -0.049070
v 0.092603 0.145071 -0.038357
v 0.088392 0.145071 -0.047246
v 0.088778 0.146788 -0.036773
v 0.084742 0.146788 -0.045295
v 0.084851 0.148631 -0.035147
v 0.080993 0.148631 -0.043291
v 0.080967 0.150530 -0.033538
v 0.077286 0.150530 -0.041309
v 0.077099 0.152441 -0.031936
v 0.073594 0.152441 -0.039336
v 0.073222 0.154326 -0.030329
v 0.069892 0.154326 -0.037358
v 0.069307 0.156141 -0.028708
v 0.066156 0.156141 -0.035360
v 0.065330 0.157847 -0.027060
v 0.062359 0.157847 -0.033331
v 0.061606 0.159418 -0.025518
v 0.058805 0.159418 -0.031431
v 0.058453 0.160829 -0.024212
v 0.055795 0.160829 -0.029823
v 0.056187 0.162055 -0.023274
v 0.053633 0.162055 -0.028667
v 0.055127 0.163070 -0.022834
v 0.052620 0.163070 -0.028126
v 0.052620 0.163070 0.028125
v 0.049608 0.163070 0.033147
v 0.053633 0.162055 0.028667
v 0.050563 0.162055 0.033785
v 0.055795 0.160829 0.029822
v 0.052601 0.160829 0.035147
v 0.058805 0.159418 0.031431
v 0.055438 0.159418 0.037043
v 0.062359 0.157847 0.033331
v 0.058789 0.157847 0.039282
v 0.066156 0.156142 0.035360
v 0.062369 0.156142 0.041673
v 0.069892 0.154326 0.037357
v 0.065891 0.154326 0.044027
v 0.073594 0.152441 0.039336
v 0.069381 0.152441 0.046359
v 0.077286 0.150530 0.041309
v 0.072862 0.150530 0.048684
v 0.080993 0.148631 0.043291
v 0.076357 0.148632 0.051020
v 0.084742 0.146788 0.045294
v 0.079891 0.146788 0.053381
v 0.088392 0.145071 0.047246
v 0.083332 0.145071 0.055681
v 0.091805 0.143550 0.049070
v 0.086550 0.143550 0.057831
v 0.094842 0.142296 0.050693
v 0.089413 0.142296 0.059743
v 0.097363 0.141379 0.052040
v 0.091789 0.141379 0.061331
v 0.099408 0.140697 0.053133
v 0.093717 0.140697 0.062620
v 0.101017 0.140144 0.053994
v 0.095235 0.140144 0.063634
v 0.102231 0.139617 0.054642
v 0.096379 0.139617 0.064398
v 0.103090 0.139011 0.055101
v 0.097188 0.139011 0.064939
v 0.103534 0.137850 0.055339
v 0.097607 0.137850 0.065219
v 0.103507 0.135656 0.055324
v 0.097582 0.135656 0.065202
v 0.102951 0.131951 0.055027
v 0.097057 0.131951 0.064852
v 0.101806 0.126259 0.054415
v 0.095979 0.126259 0.064131
v 0.100073 0.119042 0.053489
v 0.094344 0.119042 0.063039
v 0.097749 0.110766 0.052247
v 0.092154 0.110766 0.061575
v 0.094834 0.101894 0.050688
v 0.089405 0.101894 0.059738
v 0.091325 0.092890 0.048813
v 0.086097 0.092890 0.057528
v 0.087362 0.083959 0.046695
v 0.082361 0.083959 0.055031
v 0.083083 0.075307 0.044408
v 0.078327 0.075307 0.052336
v 0.078628 0.067137 0.042027
v 0.074127 0.067137 0.049530
v 0.074136 0.059657 0.039625
v 0.069892 0.059657 0.046700
v 0.069741 0.052894 0.037277
v 0.065749 0.052894 0.043932
v 0.065580 0.046879 0.035052
v 0.061826 0.046879 0.041311
v 0.061787 0.041640 0.033025
v 0.058250 0.041640 0.038921
v 0.058497 0.037208 0.031267
v 0.055149 0.037208 0.036849
v 0.055641 0.033379 0.029740
v 0.052456 0.033379 0.035050
v 0.053148 0.029954 0.028407
v 0.050105 0.029954 0.033479
v 0.050946 0.026730 0.027231
v 0.048030 0.026730 0.032093
v 0.048967 0.023506 0.026173
v 0.046164 0.023506 0.030846
v 0.047292 0.020376 0.025278
v 0.044585 0.020376 0.029791
v 0.046006 0.017432 0.024590
v 0.043372 0.017432 0.028980
v 0.045191 0.014769 0.024154
v 0.042604 0.014769 0.028467
v 0.044931 0.012479 0.024015
v 0.042359 0.012479 0.028303
v 0.045107 0.010524 0.024110
v 0.042525 0.010524 0.028414
v 0.045602 0.008863 0.024374
v 0.042992 0.008863 0.028726
v 0.046297 0.007458 0.024746
v 0.043647 0.007458 0.029164
v 0.039970 0.008863 0.032803
v 0.040579 0.007458 0.033303
v 0.036565 0.008863 0.036565
v 0.037122 0.007458 0.037122
v 0.032803 0.008863 0.039970
v 0.033303 0.007458 0.040579
v 0.028726 0.008863 0.042991
v 0.029164 0.007458 0.043647
v 0.024374 0.008863 0.045602
v 0.024746 0.007458 0.046297
v 0.019789 0.008863 0.047774
v 0.020090 0.007458 0.048502
v 0.015010 0.008863 0.049481
v 0.015239 0.007458 0.050235
v 0.010087 0.008863 0.050712
v 0.010241 0.007458 0.051485
v 0.005068 0.008863 0.051458
v 0.005145 0.007458 0.052243
v 0.000000 0.008863 0.051710
v 0.000000 0.007458 0.052499
v -0.005068 0.008863 0.051458
v -0.005145 0.007458 0.052243
v -0.010087 0.008863 0.050712
v -0.010241 0.007458 0.051485
v -0.015010 0.008863 0.049481
v -0.015239 0.007458 0.050235
v -0.019789 0.008863 0.047774
v -0.020090 0.007458 0.048502
v -0.024374 0.008863 0.045602
v -0.024746 0.007458 0.046297
v -0.028726 0.008863 0.042992
v -0.029164 0.007458 0.043647
v -0.032803 0.008863 0.039970
v -0.033303 0.007458 0.040579
v -0.036565 0.008863 0.036565
v -0.037122 0.007458 0.037122
v -0.039970 0.008863 0.032803
v -0.040579 0.007458 0.033303
v -0.042992 0.008863 0.028726
v -0.043647 0.007458 0.029164
v -0.045602 0.008863 0.024374
v -0.046297 0.007458 0.024746
v -0.047774 0.008863 0.019789
v -0.048502 0.007458 0.020090
v -0.049481 0.008863 0.015010
v -0.050235 0.007458 0.015239
v -0.050712 0.008863 0.010087
v -0.051485 0.007458 0.010241
v -0.051458 0.008863 0.005068
v -0.052243 0.007458 0.005145
v -0.051710 0.008863 -0.000000
v -0.052499 0.007458 -0.000000
v -0.051458 0.008863 -0.005068
v -0.052243 0.007458 -0.005145
v -0.050712 0.008863 -0.010087
v -0.051485 0.007458 -0.010241
v -0.049481 0.008863 -0.015010
v -0.050235 0.007458 -0.015239
v -0.047774 0.008863 -0.019789
v -0.048502 0.007458 -0.020090
v -0.045602 0.008863 -0.024374
v -0.046297 0.007458 -0.024746
v -0.042992 0.008863 -0.028726
v -0.043647 0.007458 -0.029164
v -0.039970 0.008863 -0.032803
v -0.040579 0.007458 -0.033303
v -0.036565 0.008863 -0.036565
v -0.037122 0.007458 -0.037122
v -0.032803 0.008863 -0.039970
v -0.033303 0.007458 -0.040579
v -0.028726 0.008863 -0.042991
v -0.029164 0.007458 -0.043647
v -0.024374 0.008863 -0.045602
v -0.024746 0.007458 -0.046297
v -0.019789 0.008863 -0.047774
v -0.020090 0.007458 -0.048502
v -0.015010 0.008863 -0.049481
v -0.015239 0.007458 -0.050235
v -0.010087 0.008863 -0.050712
v -0.010241 0.007458 -0.051485
v -0.005068 0.008863 -0.051458
v -0.005145 0.007458 -0.052243
v 0.000000 0.008863 -0.051710
v 0.000000 0.007458 -0.052499
v 0.005068 0.008863 -0.051458
v 0.005145 0.007458 -0.052243
v 0.010087 0.008863 -0.050712
v 0.010241 0.007458 -0.051485
v 0.015010 0.008863 -0.049481
v 0.015239 0.007458 -0.050235
v 0.019789 0.008863 -0.047774
v 0.020090 0.007458 -0.048502
v 0.024374 0.008863 -0.045602
v 0.024746 0.007458 -0.046297
v 0.028726 0.008863 -0.042991
v 0.029164 0.007458 -0.043647
v 0.032803 0.008863 -0.039970
v 0.033303 0.007458 -0.040579
v 0.036565 0.008863 -0.036565
v 0.037122 0.007458 -0.037122
v 0.039970 0.008863 -0.032803
v 0.040579 0.007458 -0.033303
v 0.042992 0.008863 -0.028726
v 0.043647 0.007458 -0.029164
v 0.042525 0.010524 -0.028414
v 0.039536 0.010524 -0.032447
v 0.042359 0.012479 -0.028303
v 0.039382 0.012479 -0.032320
v 0.042604 0.014769 -0.028467
v 0.039610 0.014769 -0.032507
v 0.043372 0.017432 -0.028980
v 0.040324 0.017432 -0.033094
v 0.044585 0.020376 -0.029791
v 0.041451 0.020376 -0.034019
v 0.046164 0.023506 -0.030846
v 0.042919 0.023506 -0.035224
v 0.048030 0.026730 -0.032093
v 0.044654 0.026730 -0.036648
v 0.050105 0.029954 -0.033479
v 0.046584 0.029954 -0.038231
v 0.052456 0.033379 -0.035050
v 0.048769 0.033379 -0.040025
v 0.055149 0.037208 -0.036849
v 0.051273 0.037208 -0.042079
v 0.058250 0.041640 -0.038921
v 0.054156 0.041640 -0.044445
v 0.061826 0.046879 -0.041311
v 0.057480 0.046879 -0.047174
v 0.065749 0.052894 -0.043932
v 0.061128 0.052894 -0.050167
v 0.069892 0.059657 -0.046700
v 0.064980 0.059657 -0.053329
v 0.074127 0.067137 -0.049530
v 0.068917 0.067137 -0.056560
v 0.078327 0.075307 -0.052336
v 0.072822 0.075307 -0.059765
v 0.082360 0.083959 -0.055032
v 0.076572 0.083959 -0.062842
v 0.086097 0.092890 -0.057528
v 0.080046 0.092890 -0.065693
v 0.089405 0.101894 -0.059738
v 0.083121 0.101894 -0.068217
v 0.092154 0.110766 -0.061575
v 0.085677 0.110766 -0.070315
v 0.094344 0.119042 -0.063039
v 0.087714 0.119042 -0.071986
v 0.095978 0.126258 -0.064131
v 0.089233 0.126258 -0.073233
v 0.097057 0.131951 -0.064852
v 0.090236 0.131951 -0.074056
v 0.097582 0.135656 -0.065202
v 0.090724 0.135656 -0.074457
v 0.097607 0.137850 -0.065219
v 0.090747 0.137850 -0.074476
v 0.097188 0.139011 -0.064939
v 0.090358 0.139011 -0.074156
v 0.096379 0.139617 -0.064398
v 0.089605 0.139617 -0.073539
v 0.095235 0.140144 -0.063634
v 0.088541 0.140144 -0.072665
v 0.093717 0.140697 -0.062620
v 0.087131 0.140697 -0.071508
v 0.091789 0.141379 -0.061332
v 0.085338 0.141379 -0.070036
v 0.089413 0.142296 -0.059744
v 0.083128 0.142296 -0.068223
v 0.086550 0.143550 -0.057831
v 0.080467 0.143550 -0.066039
v 0.083332 0.145071 -0.055681
v 0.077476 0.145071 -0.063584
v 0.079891 0.146788 -0.053381
v 0.074276 0.146788 -0.060958
v 0.076357 0.148631 -0.051020
v 0.070990 0.148631 -0.058262
v 0.072862 0.150530 -0.048685
v 0.067741 0.150530 -0.055595
v 0.069381 0.152441 -0.046359
v 0.064505 0.152441 -0.052939
v 0.065891 0.154326 -0.044027
v 0.061260 0.154326 -0.050276
v 0.062369 0.156142 -0.041674
v 0.057985 0.156141 -0.047588
v 0.058789 0.157847 -0.039282
v 0.054658 0.157847 -0.044857
v 0.055438 0.159418 -0.037043
v 0.051542 0.159418 -0.042300
v 0.052601 0.160829 -0.035147
v 0.048904 0.160829 -0.040135
v 0.050563 0.162055 -0.033785
v 0.047009 0.162055 -0.038580
v 0.049608 0.163070 -0.033147
v 0.046122 0.163070 -0.037852
v 0.042192 0.163070 -0.042192
v 0.037852 0.163070 -0.046122
v 0.033147 0.163070 -0.049608
v 0.028126 0.163070 -0.052620
v 0.022834 0.163070 -0.055127
v 0.017320 0.163070 -0.057096
v 0.011640 0.163070 -0.058517
v 0.005848 0.163070 -0.059378
v 0.000000 0.163070 -0.059669
v -0.005848 0.163070 -0.059378
v -0.011640 0.163070 -0.058517
v -0.017320 0.163070 -0.057096
v -0.022834 0.163070 -0.055127
v -0.028126 0.163070 -0.052620
v -0.033147 0.163070 -0.049608
v -0.037852 0.163070 -0.046122
v -0.042192 0.163070 -0.042192
v -0.046122 0.163070 -0.037852
v -0.049608 0.163070 -0.033147
v -0.052620 0.163070 -0.028126
v -0.055127 0.163070 -0.022834
v -0.057096 0.163070 -0.017321
v -0.058517 0.163070 -0.011640
v -0.059378 0.163070 -0.005848
v -0.059669 0.163070 -0.000000
v -0.059378 0.163070 0.005848
v -0.058517 0.163070 0.011640
v -0.057096 0.163070 0.017320
v -0.055127 0.163070 0.022834
v -0.052620 0.163070 0.028125
v -0.049608 0.163070 0.033147
v -0.046122 0.163070 0.037852
v -0.042192 0.163070 0.042192
v -0.037852 0.163070 0.046121
v -0.033147 0.163070 0.049608
v -0.028126 0.163070 0.052620
v -0.022834 0.163070 0.055127
v -0.017320 0.163070 0.057096
v -0.011640 0.163070 0.058517
v -0.005848 0.163070 0.059378
v 0.000000 0.163070 0.059669
v 0.005848 0.163070 0.059378
v 0.011640 0.163070 0.058517
v 0.017320 0.163070 0.057096
v 0.022834 0.163070 0.055127
v 0.028126 0.163070 0.052620
v 0.033147 0.163070 0.049608
v 0.037852 0.163070 0.046121
v 0.042192 0.163070 0.042192
v 0.046122 0.163070 0.037852
v 0.047009 0.162055 0.038580
v 0.043004 0.162055 0.043004
v 0.048904 0.160829 0.040135
v 0.044738 0.160829 0.044738
v 0.051542 0.159418 0.042300
v 0.047151 0.159418 0.047151
v 0.054658 0.157847 0.044857
v 0.050001 0.157847 0.050001
v 0.057985 0.156142 0.047588
v 0.053045 0.156142 0.053045
v 0.061260 0.154326 0.050276
v 0.056041 0.154326 0.056041
v 0.064505 0.152441 0.052939
v 0.059009 0.152442 0.059009
v 0.067741 0.150530 0.055594
v 0.061970 0.150530 0.061969
v 0.070990 0.148632 0.058261
v 0.064942 0.148632 0.064942
v 0.074276 0.146788 0.060958
v 0.067948 0.146788 0.067948
v 0.077476 0.145071 0.063584
v 0.070875 0.145071 0.070875
v 0.080467 0.143550 0.066039
v 0.073612 0.143550 0.073612
v 0.083128 0.142296 0.068223
v 0.076046 0.142296 0.076046
v 0.085338 0.141379 0.070036
v 0.078068 0.141379 0.078068
v 0.087131 0.140697 0.071507
v 0.079708 0.140697 0.079707
v 0.088541 0.140144 0.072665
v 0.080998 0.140144 0.080998
v 0.089605 0.139617 0.073538
v 0.081971 0.139617 0.081971
v 0.090358 0.139011 0.074156
v 0.082660 0.139011 0.082660
v 0.090747 0.137850 0.074476
v 0.083016 0.137850 0.083016
v 0.090724 0.135656 0.074456
v 0.082995 0.135656 0.082995
v 0.090236 0.131951 0.074056
v 0.082548 0.131951 0.082548
v 0.089233 0.126259 0.073233
v 0.081631 0.126259 0.081631
v 0.087714 0.119042 0.071986
v 0.080241 0.119042 0.080241
v 0.085677 0.110766 0.070314
v 0.078378 0.110766 0.078378
v 0.083121 0.101894 0.068217
v 0.076040 0.101894 0.076040
v 0.080046 0.092890 0.065693
v 0.073226 0.092890 0.073226
v 0.076572 0.083959 0.062842
v 0.070049 0.083959 0.070048
v 0.072822 0.075307 0.059765
v 0.066618 0.075307 0.066618
v 0.068917 0.067137 0.056560
v 0.063046 0.067137 0.063046
v 0.064980 0.059657 0.053328
v 0.059444 0.059657 0.059444
v 0.061128 0.052894 0.050167
v 0.055920 0.052894 0.055920
v 0.057480 0.046879 0.047174
v 0.052583 0.046879 0.052583
v 0.054156 0.041640 0.044445
v 0.049542 0.041640 0.049542
v 0.051273 0.037208 0.042079
v 0.046905 0.037208 0.046905
v 0.048769 0.033379 0.040025
v 0.044614 0.033379 0.044614
v 0.046584 0.029954 0.038231
v 0.042615 0.029954 0.042615
v 0.044654 0.026730 0.036648
v 0.040850 0.026730 0.040850
v 0.042919 0.023506 0.035224
v 0.039263 0.023506 0.039263
v 0.041451 0.020376 0.034019
v 0.037920 0.020376 0.037920
v 0.040324 0.017432 0.033094
v 0.036889 0.017432 0.036888
v 0.039610 0.014769 0.032507
v 0.036235 0.014769 0.036235
v 0.039382 0.012479 0.032320
v 0.036027 0.012479 0.036026
v 0.039536 0.010524 0.032447
v 0.036168 0.010524 0.036168
v 0.032320 0.012479 0.039382
v 0.032447 0.010524 0.039536
v 0.028303 0.012479 0.042359
v 0.028414 0.010524 0.042525
v 0.024015 0.012479 0.044931
v 0.024110 0.010524 0.045107
v 0.019497 0.012479 0.047071
v 0.019574 0.010524 0.047256
v 0.014789 0.012479 0.048752
v 0.014847 0.010524 0.048944
v 0.009939 0.012479 0.049965
v 0.009978 0.010524 0.050162
v 0.004993 0.012479 0.050701
v 0.005013 0.010524 0.050900
v 0.000000 0.012479 0.050949
v 0.000000 0.010524 0.051149
v -0.004993 0.012479 0.050701
v -0.005013 0.010524 0.050900
v -0.009939 0.012479 0.049965
v -0.009978 0.010524 0.050162
v -0.014789 0.012479 0.048752
v -0.014847 0.010524 0.048944
v -0.019497 0.012479 0.047071
v -0.019574 0.010524 0.047256
v -0.024015 0.012479 0.044931
v -0.024110 0.010524 0.045107
v -0.028303 0.012479 0.042359
v -0.028414 0.010524 0.042525
v -0.032320 0.012479 0.039382
v -0.032447 0.010524 0.039536
v -0.036027 0.012479 0.036027
v -0.036168 0.010524 0.036168
v -0.039382 0.012479 0.032320
v -0.039536 0.010524 0.032447
v -0.042359 0.012479 0.028303
v -0.042525 0.010524 0.028414
v -0.044931 0.012479 0.024015
v -0.045107 0.010524 0.024110
v -0.047071 0.012479 0.019497
v -0.047256 0.010524 0.019574
v -0.048752 0.012479 0.014789
v -0.048944 0.010524 0.014847
v -0.049965 0.012479 0.009939
v -0.050162 0.010524 0.009978
v -0.050701 0.012479 0.004993
v -0.050900 0.010524 0.005013
v -0.050949 0.012479 -0.000000
v -0.051149 0.010524 -0.000000
v -0.050701 0.012479 -0.004993
v -0.050900 0.010524 -0.005013
v -0.049965 0.012479 -0.009939
v -0.050162 0.010524 -0.009978
v -0.048752 0.012479 -0.014789
v -0.048944 0.010524 -0.014847
v -0.047071 0.012479 -0.019497
v -0.047256 0.010524 -0.019574
v -0.044931 0.012479 -0.024015
v -0.045107 0.010524 -0.024110
v -0.042359 0.012479 -0.028303
v -0.042525 0.010524 -0.028414
v -0.039382 0.012479 -0.032320
v -0.039536 0.010524 -0.032447
v -0.036027 0.012479 -0.036027
v -0.036168 0.010524 -0.036168
v -0.032320 0.012479 -0.039382
v -0.032447 0.010524 -0.039536
v -0.028303 0.012479 -0.042359
v -0.028414 0.010524 -0.042525
v -0.024015 0.012479 -0.044931
v -0.024110 0.010524 -0.045107
v -0.019497 0.012479 -0.047071
v -0.019574 0.010524 -0.047256
v -0.014789 0.012479 -0.048752
v -0.014847 0.010524 -0.048944
v -0.009939 0.012479 -0.049965
v -0.009978 0.010524 -0.050162
v -0.004993 0.012479 -0.050701
v -0.005013 0.010524 -0.050900
v 0.000000 0.012479 -0.050949
v 0.000000 0.010524 -0.051149
v 0.004993 0.012479 -0.050701
v 0.005013 0.010524 -0.050900
v 0.009939 0.012479 -0.049965
v 0.009978 0.010524 -0.050162
v 0.014789 0.012479 -0.048752
v 0.014847 0.010524 -0.048944
v 0.019497 0.012479 -0.047071
v 0.019574 0.010524 -0.047256
v 0.024015 0.012479 -0.044931
v 0.024110 0.010524 -0.045107
v 0.028303 0.012479 -0.042359
v 0.028414 0.010524 -0.042525
v 0.032320 0.012479 -0.039382
v 0.032447 0.010524 -0.039536
v 0.036027 0.012479 -0.036027
v 0.036168 0.010524 -0.036168
v 0.036235 0.014769 -0.036235
v 0.032507 0.014769 -0.039610
v 0.036888 0.017432 -0.036889
v 0.033094 0.017432 -0.040324
v 0.037920 0.020376 -0.037920
v 0.034019 0.020376 -0.041451
v 0.039263 0.023506 -0.039263
v 0.035224 0.023506 -0.042919
v 0.040850 0.026730 -0.040850
v 0.036648 0.026730 -0.044654
v 0.042615 0.029954 -0.042615
v 0.038231 0.029954 -0.046584
v 0.044614 0.033379 -0.044614
v 0.040025 0.033379 -0.048769
v 0.046905 0.037208 -0.046905
v 0.042079 0.037208 -0.051273
v 0.049542 0.041640 -0.049542
v 0.044445 0.041640 -0.054156
v 0.052583 0.046879 -0.052583
v 0.047174 0.046879 -0.057481
v 0.055920 0.052894 -0.055920
v 0.050167 0.052894 -0.061128
v 0.059444 0.059657 -0.059444
v 0.053328 0.059657 -0.064980
v 0.063046 0.067137 -0.063046
v 0.056560 0.067137 -0.068917
v 0.066618 0.075307 -0.066618
v 0.059765 0.075307 -0.072822
v 0.070049 0.083959 -0.070049
v 0.062842 0.083959 -0.076572
v 0.073226 0.092890 -0.073226
v 0.065693 0.092890 -0.080046
v 0.076040 0.101894 -0.076040
v 0.068217 0.101894 -0.083121
v 0.078378 0.110766 -0.078378
v 0.070315 0.110766 -0.085677
v 0.080241 0.119042 -0.080241
v 0.071986 0.119042 -0.087714
v 0.081631 0.126258 -0.081631
v 0.073233 0.126258 -0.089233
v 0.082548 0.131951 -0.082548
v 0.074056 0.131951 -0.090236
v 0.082995 0.135656 -0.082995
v 0.074456 0.135656 -0.090724
v 0.083016 0.137850 -0.083016
v 0.074476 0.137850 -0.090747
v 0.082660 0.139011 -0.082660
v 0.074156 0.139011 -0.090358
v 0.081971 0.139617 -0.081971
v 0.073539 0.139617 -0.089605
v 0.080998 0.140144 -0.080998
v 0.072665 0.140144 -0.088541
v 0.079707 0.140697 -0.079708
v 0.071508 0.140697 -0.087131
v 0.078068 0.141379 -0.078068
v 0.070036 0.141379 -0.085338
v 0.076046 0.142296 -0.076046
v 0.068223 0.142296 -0.083129
v 0.073612 0.143550 -0.073612
v 0.066039 0.143550 -0.080467
v 0.070875 0.145071 -0.070875
v 0.063584 0.145071 -0.077476
v 0.067948 0.146788 -0.067948
v 0.060958 0.146788 -0.074276
v 0.064942 0.148631 -0.064942
v 0.058261 0.148631 -0.070990
v 0.061970 0.150530 -0.061970
v 0.055594 0.150530 -0.067741
v 0.059009 0.152441 -0.059009
v 0.052939 0.152441 -0.064505
v 0.056041 0.154326 -0.056041
v 0.050276 0.154326 -0.061261
v 0.053045 0.156141 -0.053046
v 0.047588 0.156141 -0.057986
v 0.050001 0.157847 -0.050001
v 0.044857 0.157847 -0.054658
v 0.047151 0.159418 -0.047151
v 0.042300 0.159418 -0.051542
v 0.044738 0.160829 -0.044738
v 0.040135 0.160829 -0.048904
v 0.043004 0.162055 -0.043004
v 0.038580 0.162055 -0.047009
v 0.035147 0.160829 -0.052601
v 0.033785 0.162055 -0.050563
v 0.029822 0.160829 -0.055795
v 0.028667 0.162055 -0.053633
v 0.024212 0.160829 -0.058453
v 0.023274 0.162055 -0.056188
v 0.018365 0.160829 -0.060541
v 0.017654 0.162055 -0.058195
v 0.012342 0.160829 -0.062047
v 0.011864 0.162055 -0.059643
v 0.006200 0.160829 -0.062961
v 0.005960 0.162055 -0.060521
v 0.000000 0.160829 -0.063269
v 0.000000 0.162055 -0.060817
v -0.006200 0.160829 -0.062961
v -0.005960 0.162055 -0.060521
v -0.012342 0.160829 -0.062047
v -0.011864 0.162055 -0.059643
v -0.018365 0.160829 -0.060541
v -0.017654 0.162055 -0.058195
v -0.024212 0.160829 -0.058453
v -0.023274 0.162055 -0.056188
v -0.029822 0.160829 -0.055795
v -0.028667 0.162055 -0.053633
v -0.035147 0.160829 -0.052601
v -0.033785 0.162055 -0.050563
v -0.040135 0.160829 -0.048904
v -0.038580 0.162055 -0.047009
v -0.044738 0.160829 -0.044738
v -0.043004 0.162055 -0.043004
v -0.048904 0.160829 -0.040135
v -0.047009 0.162055 -0.038580
v -0.052601 0.160829 -0.035147
v -0.050563 0.162055 -0.033785
v -0.055795 0.160829 -0.029823
v -0.053633 0.162055 -0.028667
v -0.058453 0.160829 -0.024212
v -0.056187 0.162055 -0.023274
v -0.060541 0.160829 -0.018366
v -0.058194 0.162055 -0.017654
v -0.062047 0.160829 -0.012342
v -0.059643 0.162055 -0.011864
v -0.062960 0.160829 -0.006201
v -0.060520 0.162055 -0.005960
v -0.063269 0.160829 -0.000000
v -0.060817 0.162055 -0.000000
v -0.062960 0.160829 0.006200
v -0.060520 0.162055 0.005960
v -0.062047 0.160829 0.012342
v -0.059643 0.162055 0.011864
v -0.060541 0.160829 0.018365
v -0.058194 0.162055 0.017654
v -0.058453 0.160829 0.024212
v -0.056187 0.162055 0.023274
v -0.055795 0.160829 0.029822
v -0.053633 0.162055 0.028667
v -0.052601 0.160829 0.035147
v -0.050563 0.162055 0.033785
v -0.048904 0.160829 0.040135
v -0.047009 0.162055 0.038580
v -0.044738 0.160829 0.044738
v -0.043004 0.162055 0.043004
v -0.040135 0.160829 0.048904
v -0.038580 0.162055 0.047009
v -0.035147 0.160829 0.052601
v -0.033785 0.162055 0.050562
v -0.029822 0.160829 0.055795
v -0.028667 0.162055 0.053633
v -0.024212 0.160829 0.058453
v -0.023274 0.162055 0.056187
v -0.018365 0.160829 0.060541
v -0.017654 0.162055 0.058194
v -0.012342 0.160829 0.062047
v -0.011864 0.162055 0.059642
v -0.006200 0.160829 0.062960
v -0.005960 0.162055 0.060520
v 0.000000 0.160829 0.063269
v 0.000000 0.162055 0.060817
v 0.006200 0.160829 0.062960
v 0.005960 0.162055 0.060520
v 0.012342 0.160829 0.062047
v 0.011864 0.162055 0.059642
v 0.018365 0.160829 0.060541
v 0.017654 0.162055 0.058194
v 0.024212 0.160829 0.058453
v 0.023274 0.162055 0.056187
v 0.029822 0.160829 0.055795
v 0.028667 0.162055 0.053633
v 0.035147 0.160829 0.052601
v 0.033785 0.162055 0.050562
v 0.040135 0.160829 0.048904
v 0.038580 0.162055 0.047009
v 0.042300 0.159418 0.051542
v 0.037043 0.159418 0.055438
v 0.044857 0.157847 0.054658
v 0.039282 0.157847 0.058789
v 0.047588 0.156142 0.057985
v 0.041674 0.156142 0.062369
v 0.050276 0.154326 0.061260
v 0.044027 0.154326 0.065891
v 0.052939 0.152441 0.064505
v 0.046359 0.152442 0.069381
v 0.055594 0.150530 0.067741
v 0.048685 0.150530 0.072861
v 0.058261 0.148632 0.070990
v 0.051020 0.148632 0.076357
v 0.060958 0.146788 0.074276
v 0.053381 0.146788 0.079891
v 0.063584 0.145071 0.077475
v 0.055681 0.145071 0.083332
v 0.066039 0.143550 0.080467
v 0.057831 0.143550 0.086550
v 0.068223 0.142296 0.083128
v 0.059744 0.142296 0.089412
v 0.070036 0.141379 0.085338
v 0.061332 0.141379 0.091789
v 0.071508 0.140697 0.087130
v 0.062620 0.140697 0.093717
v 0.072665 0.140144 0.088541
v 0.063634 0.140144 0.095234
v 0.073539 0.139617 0.089605
v 0.064398 0.139617 0.096379
v 0.074156 0.139011 0.090357
v 0.064939 0.139011 0.097188
v 0.074476 0.137850 0.090747
v 0.065219 0.137850 0.097607
v 0.074456 0.135656 0.090724
v 0.065202 0.135656 0.097582
v 0.074056 0.131951 0.090236
v 0.064852 0.131951 0.097057
v 0.073233 0.126259 0.089233
v 0.064131 0.126259 0.095978
v 0.071986 0.119042 0.087714
v 0.063039 0.119042 0.094344
v 0.070315 0.110766 0.085677
v 0.061575 0.110766 0.092154
v 0.068217 0.101894 0.083121
v 0.059738 0.101894 0.089405
v 0.065693 0.092890 0.080046
v 0.057528 0.092890 0.086097
v 0.062842 0.083959 0.076572
v 0.055032 0.083959 0.082360
v 0.059765 0.075307 0.072822
v 0.052336 0.075307 0.078327
v 0.056560 0.067137 0.068917
v 0.049530 0.067137 0.074127
v 0.053329 0.059657 0.064980
v 0.046700 0.059657 0.069892
v 0.050167 0.052894 0.061128
v 0.043932 0.052894 0.065749
v 0.047174 0.046879 0.057480
v 0.041311 0.046879 0.061826
v 0.044445 0.041640 0.054156
v 0.038921 0.041640 0.058250
v 0.042079 0.037208 0.051273
v 0.036849 0.037208 0.055149
v 0.040025 0.033379 0.048769
v 0.035050 0.033379 0.052456
v 0.038231 0.029954 0.046584
v 0.033479 0.029954 0.050105
v 0.036648 0.026730 0.044654
v 0.032093 0.026730 0.048030
v 0.035224 0.023506 0.042919
v 0.030846 0.023506 0.046164
v 0.034019 0.020376 0.041451
v 0.029791 0.020376 0.044585
v 0.033094 0.017432 0.040324
v 0.028980 0.017432 0.043372
v 0.032507 0.014769 0.039610
v 0.028467 0.014769 0.042604
v 0.024590 0.017432 0.046006
v 0.024154 0.014769 0.045191
v 0.019964 0.017432 0.048197
v 0.019610 0.014769 0.047343
v 0.015143 0.017432 0.049919
v 0.014875 0.014769 0.049035
v 0.010177 0.017432 0.051161
v 0.009996 0.014769 0.050255
v 0.005113 0.017432 0.051914
v 0.005022 0.014769 0.050994
v 0.000000 0.017432 0.052168
v 0.000000 0.014769 0.051244
v -0.005113 0.017432 0.051914
v -0.005022 0.014769 0.050994
v -0.010177 0.017432 0.051161
v -0.009996 0.014769 0.050255
v -0.015143 0.017432 0.049919
v -0.014875 0.014769 0.049035
v -0.019964 0.017432 0.048197
v -0.019610 0.014769 0.047343
v -0.024590 0.017432 0.046006
v -0.024154 0.014769 0.045191
v -0.028980 0.017432 0.043372
v -0.028467 0.014769 0.042604
v -0.033094 0.017432 0.040324
v -0.032507 0.014769 0.039610
v -0.036888 0.017432 0.036888
v -0.036235 0.014769 0.036235
v -0.040324 0.017432 0.033094
v -0.039610 0.014769 0.032507
v -0.043372 0.017432 0.028980
v -0.042604 0.014769 0.028467
v -0.046006 0.017432 0.024590
v -0.045191 0.014769 0.024154
v -0.048197 0.017432 0.019964
v -0.047343 0.014769 0.019610
v -0.049919 0.017432 0.015143
v -0.049035 0.014769 0.014875
v -0.051161 0.017432 0.010177
v -0.050255 0.014769 0.009996
v -0.051914 0.017432 0.005113
v -0.050994 0.014769 0.005022
v -0.052168 0.017432 -0.000000
v -0.051244 0.014769 -0.000000
v -0.051914 0.017432 -0.005113
v -0.050994 0.014769 -0.005022
v -0.051161 0.017432 -0.010177
v -0.050255 0.014769 -0.009996
v -0.049919 0.017432 -0.015143
v -0.049035 0.014769 -0.014875
v -0.048197 0.017432 -0.019964
v -0.047343 0.014769 -0.019610
v -0.046006 0.017432 -0.024590
v -0.045191 0.014769 -0.024154
v -0.043372 0.017432 -0.028980
v -0.042604 0.014769 -0.028467
v -0.040324 0.017432 -0.033094
v -0.039610 0.014769 -0.032507
v -0.036889 0.017432 -0.036889
v -0.036235 0.014769 -0.036235
v -0.033094 0.017432 -0.040324
v -0.032507 0.014769 -0.039610
v -0.028980 0.017432 -0.043372
v -0.028467 0.014769 -0.042604
v -0.024590 0.017432 -0.046006
v -0.024154 0.014769 -0.045191
v -0.019964 0.017432 -0.048197
v -0.019610 0.014769 -0.047343
v -0.015143 0.017432 -0.049919
v -0.014875 0.014769 -0.049035
v -0.010177 0.017432 -0.051161
v -0.009996 0.014769 -0.050255
v -0.005113 0.017432 -0.051914
v -0.005022 0.014769 -0.050994
v 0.000000 0.017432 -0.052168
v 0.000000 0.014769 -0.051244
v 0.005113 0.017432 -0.051914
v 0.005022 0.014769 -0.050994
v 0.010177 0.017432 -0.051161
v 0.009996 0.014769 -0.050255
v 0.015143 0.017432 -0.049919
v 0.014875 0.014769 -0.049035
v 0.019964 0.017432 -0.048197
v 0.019610 0.014769 -0.047343
v 0.024590 0.017432 -0.046006
v 0.024154 0.014769 -0.045191
v 0.028980 0.017432 -0.043372
v 0.028467 0.014769 -0.042604
v 0.029791 0.020376 -0.044585
v 0.025278 0.020376 -0.047292
v 0.030846 0.023506 -0.046164
v 0.026173 0.023506 -0.048967
v 0.032093 0.026730 -0.048030
v 0.027231 0.026730 -0.050946
v 0.033479 0.029954 -0.050105
v 0.028407 0.029954 -0.053148
v 0.035050 0.033379 -0.052456
v 0.029740 0.033379 -0.055641
v 0.036849 0.037208 -0.055149
v 0.031267 0.037208 -0.058497
v 0.038921 0.041640 -0.058250
v 0.033025 0.041640 -0.061787
v 0.041311 0.046879 -0.061826
v 0.035052 0.046879 -0.065580
v 0.043932 0.052894 -0.065749
v 0.037277 0.052894 -0.069741
v 0.046700 0.059657 -0.069892
v 0.039626 0.059657 -0.074136
v 0.049530 0.067137 -0.074127
v 0.042027 0.067137 -0.078628
v 0.052336 0.075307 -0.078327
v 0.044408 0.075307 -0.083083
v 0.055032 0.083959 -0.082361
v 0.046695 0.083959 -0.087362
v 0.057528 0.092890 -0.086097
v 0.048813 0.092890 -0.091325
v 0.059738 0.101894 -0.089405
v 0.050688 0.101894 -0.094834
v 0.061575 0.110766 -0.092154
v 0.052247 0.110766 -0.097749
v 0.063039 0.119042 -0.094344
v 0.053489 0.119042 -0.100073
v 0.064131 0.126258 -0.095979
v 0.054415 0.126258 -0.101807
v 0.064852 0.131951 -0.097057
v 0.055027 0.131951 -0.102951
v 0.065202 0.135656 -0.097582
v 0.055325 0.135656 -0.103507
v 0.065219 0.137850 -0.097607
v 0.055339 0.137850 -0.103534
v 0.064939 0.139011 -0.097188
v 0.055101 0.139011 -0.103090
v 0.064398 0.139617 -0.096379
v 0.054642 0.139617 -0.102231
v 0.063634 0.140144 -0.095235
v 0.053994 0.140144 -0.101017
v 0.062620 0.140697 -0.093717
v 0.053133 0.140697 -0.099408
v 0.061331 0.141379 -0.091789
v 0.052040 0.141379 -0.097363
v 0.059744 0.142296 -0.089413
v 0.050693 0.142296 -0.094842
v 0.057831 0.143550 -0.086550
v 0.049070 0.143550 -0.091805
v 0.055681 0.145071 -0.083332
v 0.047246 0.145071 -0.088392
v 0.053381 0.146788 -0.079891
v 0.045294 0.146788 -0.084742
v 0.051020 0.148631 -0.076357
v 0.043291 0.148631 -0.080993
v 0.048685 0.150530 -0.072862
v 0.041309 0.150530 -0.077286
v 0.046359 0.152441 -0.069381
v 0.039336 0.152441 -0.073594
v 0.044027 0.154326 -0.065892
v 0.037357 0.154326 -0.069893
v 0.041674 0.156141 -0.062369
v 0.035360 0.156141 -0.066156
v 0.039282 0.157847 -0.058790
v 0.033331 0.157847 -0.062359
v 0.037043 0.159418 -0.055439
v 0.031431 0.159418 -0.058805
v 0.027060 0.157847 -0.065330
v 0.025518 0.159418 -0.061606
v 0.020526 0.157847 -0.067663
v 0.019356 0.159418 -0.063806
v 0.013794 0.157847 -0.069347
v 0.013008 0.159418 -0.065394
v 0.006930 0.157847 -0.070368
v 0.006535 0.159418 -0.066357
v 0.000000 0.157847 -0.070712
v 0.000000 0.159418 -0.066682
v -0.006930 0.157847 -0.070368
v -0.006535 0.159418 -0.066357
v -0.013794 0.157847 -0.069347
v -0.013008 0.159418 -0.065394
v -0.020526 0.157847 -0.067663
v -0.019356 0.159418 -0.063806
v -0.027060 0.157847 -0.065330
v -0.025518 0.159418 -0.061606
v -0.033331 0.157847 -0.062359
v -0.031431 0.159418 -0.058805
v -0.039282 0.157847 -0.058790
v -0.037043 0.159418 -0.055439
v -0.044857 0.157847 -0.054658
v -0.042300 0.159418 -0.051542
v -0.050001 0.157847 -0.050001
v -0.047151 0.159418 -0.047151
v -0.054658 0.157847 -0.044857
v -0.051542 0.159418 -0.042300
v -0.058789 0.157847 -0.039282
v -0.055438 0.159418 -0.037043
v -0.062359 0.157847 -0.033331
v -0.058805 0.159418 -0.031431
v -0.065330 0.157847 -0.027060
v -0.061606 0.159418 -0.025518
v -0.067663 0.157847 -0.020526
v -0.063806 0.159418 -0.019356
v -0.069347 0.157847 -0.013794
v -0.065394 0.159418 -0.013008
v -0.070368 0.157847 -0.006930
v -0.066357 0.159418 -0.006535
v -0.070712 0.157847 -0.000000
v -0.066682 0.159418 -0.000000
v -0.070368 0.157847 0.006930
v -0.066357 0.159418 0.006535
v -0.069347 0.157847 0.013794
v -0.065394 0.159418 0.013008
v -0.067663 0.157847 0.020526
v -0.063806 0.159418 0.019356
v -0.065330 0.157847 0.027060
v -0.061606 0.159418 0.025518
v -0.062359 0.157847 0.033331
v -0.058805 0.159418 0.031431
v -0.058789 0.157847 0.039282
v -0.055438 0.159418 0.037043
v -0.054658 0.157847 0.044857
v -0.051542 0.159418 0.042300
v -0.050001 0.157847 0.050001
v -0.047151 0.159418 0.047151
v -0.044857 0.157847 0.054658
v -0.042300 0.159418 0.051542
v -0.039282 0.157847 0.058789
v -0.037043 0.159418 0.055438
v -0.033331 0.157847 0.062359
v -0.031431 0.159418 0.058805
v -0.027060 0.157847 0.065329
v -0.025518 0.159418 0.061606
v -0.020526 0.157847 0.067663
v -0.019356 0.159418 0.063806
v -0.013794 0.157847 0.069347
v -0.013008 0.159418 0.065394
v -0.006930 0.157847 0.070368
v -0.006535 0.159418 0.066357
v 0.000000 0.157847 0.070712
v 0.000000 0.159418 0.066682
v 0.006930 0.157847 0.070368
v 0.006535 0.159418 0.066357
v 0.013794 0.157847 0.069347
v 0.013008 0.159418 0.065394
v 0.020526 0.157847 0.067663
v 0.019356 0.159418 0.063806
v 0.027060 0.157847 0.065329
v 0.025518 0.159418 0.061606
v 0.033331 0.157847 0.062359
v 0.031431 0.159418 0.058805
v 0.035360 0.156142 0.066156
v 0.028708 0.156142 0.069307
v 0.037357 0.154326 0.069892
v 0.030329 0.154326 0.073222
v 0.039336 0.152441 0.073594
v 0.031936 0.152442 0.077099
v 0.041309 0.150530 0.077286
v 0.033538 0.150530 0.080967
v 0.043291 0.148632 0.080993
v 0.035147 0.148632 0.084851
v 0.045295 0.146788 0.084742
v 0.036773 0.146788 0.088778
v 0.047246 0.145071 0.088392
v 0.038357 0.145071 0.092603
v 0.049070 0.143550 0.091805
v 0.039838 0.143550 0.096178
v 0.050693 0.142296 0.094842
v 0.041156 0.142296 0.099359
v 0.052040 0.141379 0.097363
v 0.042250 0.141379 0.102000
v 0.053133 0.140697 0.099408
v 0.043137 0.140697 0.104143
v 0.053994 0.140144 0.101017
v 0.043836 0.140144 0.105829
v 0.054643 0.139617 0.102231
v 0.044363 0.139617 0.107101
v 0.055101 0.139011 0.103089
v 0.044735 0.139011 0.108000
v 0.055339 0.137850 0.103534
v 0.044928 0.137850 0.108466
v 0.055325 0.135656 0.103507
v 0.044916 0.135656 0.108438
v 0.055027 0.131951 0.102951
v 0.044675 0.131951 0.107854
v 0.054415 0.126259 0.101806
v 0.044178 0.126259 0.106656
v 0.053489 0.119042 0.100073
v 0.043426 0.119042 0.104840
v 0.052247 0.110766 0.097749
v 0.042418 0.110766 0.102405
v 0.050689 0.101894 0.094834
v 0.041152 0.101894 0.099351
v 0.048813 0.092890 0.091325
v 0.039630 0.092890 0.095675
v 0.046695 0.083959 0.087361
v 0.037910 0.083959 0.091523
v 0.044408 0.075307 0.083083
v 0.036053 0.075307 0.087040
v 0.042027 0.067137 0.078628
v 0.034120 0.067137 0.082373
v 0.039626 0.059657 0.074136
v 0.032171 0.059657 0.077667
v 0.037277 0.052894 0.069741
v 0.030264 0.052894 0.073063
v 0.035052 0.046879 0.065580
v 0.028458 0.046879 0.068704
v 0.033025 0.041640 0.061787
v 0.026812 0.041640 0.064730
v 0.031267 0.037208 0.058497
v 0.025385 0.037208 0.061284
v 0.029740 0.033379 0.055641
v 0.024145 0.033379 0.058292
v 0.028407 0.029954 0.053148
v 0.023063 0.029954 0.055679
v 0.027231 0.026730 0.050946
v 0.022108 0.026730 0.053373
v 0.026173 0.023506 0.048967
v 0.021249 0.023506 0.051299
v 0.025278 0.020376 0.047292
v 0.020522 0.020376 0.049545
v 0.016118 0.023506 0.053132
v 0.015567 0.020376 0.051315
v 0.010832 0.023506 0.054454
v 0.010461 0.020376 0.052591
v 0.005442 0.023506 0.055255
v 0.005256 0.020376 0.053366
v 0.000000 0.023506 0.055526
v 0.000000 0.020376 0.053627
v -0.005442 0.023506 0.055255
v -0.005256 0.020376 0.053366
v -0.010832 0.023506 0.054454
v -0.010461 0.020376 0.052591
v -0.016118 0.023506 0.053132
v -0.015567 0.020376 0.051315
v -0.021249 0.023506 0.051299
v -0.020522 0.020376 0.049545
v -0.026173 0.023506 0.048967
v -0.025278 0.020376 0.047292
v -0.030846 0.023506 0.046164
v -0.029791 0.020376 0.044585
v -0.035224 0.023506 0.042919
v -0.034019 0.020376 0.041451
v -0.039263 0.023506 0.039263
v -0.037920 0.020376 0.037920
v -0.042919 0.023506 0.035224
v -0.041451 0.020376 0.034019
v -0.046164 0.023506 0.030846
v -0.044585 0.020376 0.029791
v -0.048967 0.023506 0.026173
v -0.047292 0.020376 0.025278
v -0.051299 0.023506 0.021249
v -0.049545 0.020376 0.020522
v -0.053132 0.023506 0.016118
v -0.051315 0.020376 0.015567
v -0.054454 0.023506 0.010832
v -0.052591 0.020376 0.010461
v -0.055255 0.023506 0.005442
v -0.053366 0.020376 0.005256
v -0.055526 0.023506 -0.000000
v -0.053627 0.020376 -0.000000
v -0.055255 0.023506 -0.005442
v -0.053366 0.020376 -0.005256
v -0.054454 0.023506 -0.010832
v -0.052591 0.020376 -0.010461
v -0.053132 0.023506 -0.016118
v -0.051315 0.020376 -0.015567
v -0.051299 0.023506 -0.021249
v -0.049545 0.020376 -0.020522
v -0.048967 0.023506 -0.026173
v -0.047292 0.020376 -0.025278
v -0.046164 0.023506 -0.030846
v -0.044585 0.020376 -0.029791
v -0.042919 0.023506 -0.035224
v -0.041451 0.020376 -0.034019
v -0.039263 0.023506 -0.039263
v -0.037920 0.020376 -0.037920
v -0.035224 0.023506 -0.042919
v -0.034019 0.020376 -0.041451
v -0.030846 0.023506 -0.046164
v -0.029791 0.020376 -0.044585
v -0.026173 0.023506 -0.048967
v -0.025278 0.020376 -0.047292
v -0.021249 0.023506 -0.051299
v -0.020522 0.020376 -0.049545
v -0.016118 0.023506 -0.053132
v -0.015567 0.020376 -0.051315
v -0.010832 0.023506 -0.054454
v -0.010461 0.020376 -0.052592
v -0.005442 0.023506 -0.055255
v -0.005256 0.020376 -0.053366
v 0.000000 0.023506 -0.055526
v 0.000000 0.020376 -0.053627
v 0.005442 0.023506 -0.055255
v 0.005256 0.020376 -0.053366
v 0.010832 0.023506 -0.054454
v 0.010461 0.020376 -0.052592
v 0.016118 0.023506 -0.053132
v 0.015567 0.020376 -0.051315
v 0.021249 0.023506 -0.051299
v 0.020522 0.020376 -0.049545
v 0.022108 0.026730 -0.053373
v 0.016769 0.026730 -0.055280
v 0.023063 0.029954 -0.055679
v 0.017494 0.029954 -0.057668
v 0.024145 0.033379 -0.058292
v 0.018315 0.033379 -0.060374
v 0.025385 0.037208 -0.061284
v 0.019255 0.037208 -0.063473
v 0.026812 0.041640 -0.064730
v 0.020338 0.041640 -0.067042
v 0.028458 0.046879 -0.068704
v 0.021586 0.046879 -0.071158
v 0.030264 0.052894 -0.073063
v 0.022956 0.052894 -0.075673
v 0.032171 0.059657 -0.077667
v 0.024402 0.059657 -0.080441
v 0.034120 0.067137 -0.082373
v 0.025881 0.067137 -0.085316
v 0.036053 0.075307 -0.087041
v 0.027348 0.075307 -0.090150
v 0.037910 0.083959 -0.091523
v 0.028756 0.083959 -0.094792
v 0.039630 0.092890 -0.095675
v 0.030060 0.092890 -0.099092
v 0.041152 0.101894 -0.099351
v 0.031215 0.101894 -0.102900
v 0.042418 0.110766 -0.102405
v 0.032175 0.110766 -0.106063
v 0.043426 0.119042 -0.104840
v 0.032940 0.119042 -0.108585
v 0.044178 0.126258 -0.106656
v 0.033510 0.126258 -0.110466
v 0.044675 0.131951 -0.107855
v 0.033887 0.131951 -0.111707
v 0.044916 0.135656 -0.108438
v 0.034070 0.135656 -0.112311
v 0.044928 0.137850 -0.108466
v 0.034079 0.137850 -0.112340
v 0.044735 0.139011 -0.108000
v 0.033933 0.139011 -0.111858
v 0.044363 0.139617 -0.107101
v 0.033650 0.139617 -0.110927
v 0.043836 0.140144 -0.105829
v 0.033251 0.140144 -0.109609
v 0.043137 0.140697 -0.104143
v 0.032721 0.140697 -0.107863
v 0.042250 0.141379 -0.102000
v 0.032048 0.141379 -0.105644
v 0.041156 0.142296 -0.099359
v 0.031218 0.142296 -0.102909
v 0.039838 0.143550 -0.096178
v 0.030219 0.143550 -0.099614
v 0.038357 0.145071 -0.092603
v 0.029095 0.145071 -0.095911
v 0.036773 0.146788 -0.088779
v 0.027894 0.146788 -0.091950
v 0.035147 0.148631 -0.084851
v 0.026660 0.148631 -0.087882
v 0.033538 0.150530 -0.080967
v 0.025439 0.150530 -0.083859
v 0.031936 0.152441 -0.077100
v 0.024224 0.152441 -0.079854
v 0.030329 0.154326 -0.073222
v 0.023006 0.154326 -0.075837
v 0.028708 0.156141 -0.069307
v 0.021776 0.156141 -0.071783
v 0.015460 0.154326 -0.077724
v 0.014634 0.156141 -0.073569
v 0.007767 0.154326 -0.078868
v 0.007352 0.156141 -0.074652
v 0.000000 0.154326 -0.079255
v 0.000000 0.156141 -0.075018
v -0.007767 0.154326 -0.078868
v -0.007352 0.156141 -0.074652
v -0.015460 0.154326 -0.077724
v -0.014634 0.156141 -0.073569
v -0.023006 0.154326 -0.075837
v -0.021776 0.156141 -0.071783
v -0.030329 0.154326 -0.073222
v -0.028708 0.156141 -0.069307
v -0.037357 0.154326 -0.069893
v -0.035360 0.156141 -0.066156
v -0.044027 0.154326 -0.065892
v -0.041674 0.156141 -0.062369
v -0.050276 0.154326 -0.061261
v -0.047588 0.156141 -0.057986
v -0.056041 0.154326 -0.056041
v -0.053045 0.156141 -0.053046
v -0.061260 0.154326 -0.050276
v -0.057985 0.156141 -0.047588
v -0.065891 0.154326 -0.044027
v -0.062369 0.156142 -0.041674
v -0.069892 0.154326 -0.037358
v -0.066156 0.156141 -0.035360
v -0.073222 0.154326 -0.030329
v -0.069307 0.156141 -0.028708
v -0.075837 0.154326 -0.023006
v -0.071783 0.156141 -0.021776
v -0.077724 0.154326 -0.015460
v -0.073569 0.156142 -0.014634
v -0.078868 0.154326 -0.007767
v -0.074652 0.156142 -0.007352
v -0.079255 0.154326 -0.000000
v -0.075018 0.156142 -0.000000
v -0.078868 0.154326 0.007767
v -0.074652 0.156142 0.007352
v -0.077724 0.154326 0.015460
v -0.073569 0.156142 0.014634
v -0.075837 0.154326 0.023006
v -0.071783 0.156142 0.021776
v -0.073222 0.154326 0.030329
v -0.069307 0.156142 0.028708
v -0.069892 0.154326 0.037357
v -0.066156 0.156142 0.035360
v -0.065891 0.154326 0.044027
v -0.062369 0.156142 0.041673
v -0.061260 0.154326 0.050276
v -0.057985 0.156142 0.047588
v -0.056041 0.154326 0.056041
v -0.053045 0.156142 0.053045
v -0.050276 0.154326 0.061260
v -0.047588 0.156142 0.057985
v -0.044027 0.154326 0.065891
v -0.041674 0.156142 0.062369
v -0.037357 0.154326 0.069892
v -0.035360 0.156142 0.066156
v -0.030329 0.154326 0.073222
v -0.028708 0.156142 0.069307
v -0.023006 0.154326 0.075837
v -0.021776 0.156142 0.071783
v -0.015460 0.154326 0.077724
v -0.014634 0.156142 0.073569
v -0.007767 0.154326 0.078868
v -0.007352 0.156142 0.074652
v 0.000000 0.154326 0.079254
v 0.000000 0.156142 0.075017
v 0.007767 0.154326 0.078868
v 0.007352 0.156142 0.074652
v 0.015460 0.154326 0.077724
v 0.014634 0.156142 0.073569
v 0.023006 0.154326 0.075837
v 0.021776 0.156142 0.071783
v 0.024224 0.152441 0.079853
v 0.016279 0.152442 0.081840
v 0.025439 0.150530 0.083859
v 0.017096 0.150530 0.085946
v 0.026660 0.148632 0.087882
v 0.017916 0.148632 0.090069
v 0.027894 0.146788 0.091950
v 0.018745 0.146788 0.094238
v 0.029095 0.145071 0.095910
v 0.019553 0.145071 0.098297
v 0.030219 0.143550 0.099614
v 0.020307 0.143550 0.102092
v 0.031218 0.142296 0.102908
v 0.020979 0.142296 0.105469
v 0.032048 0.141379 0.105644
v 0.021537 0.141379 0.108273
v 0.032721 0.140697 0.107863
v 0.021989 0.140697 0.110547
v 0.033251 0.140144 0.109609
v 0.022345 0.140144 0.112337
v 0.033650 0.139617 0.110926
v 0.022614 0.139617 0.113687
v 0.033933 0.139011 0.111858
v 0.022804 0.139011 0.114641
v 0.034079 0.137850 0.112340
v 0.022902 0.137850 0.115136
v 0.034070 0.135656 0.112311
v 0.022896 0.135656 0.115106
v 0.033887 0.131951 0.111707
v 0.022773 0.131951 0.114487
v 0.033510 0.126259 0.110465
v 0.022520 0.126259 0.113214
v 0.032940 0.119042 0.108585
v 0.022136 0.119042 0.111287
v 0.032175 0.110766 0.106063
v 0.021622 0.110766 0.108702
v 0.031215 0.101894 0.102900
v 0.020977 0.101894 0.105460
v 0.030060 0.092890 0.099092
v 0.020201 0.092890 0.101558
v 0.028756 0.083959 0.094792
v 0.019325 0.083959 0.097151
v 0.027348 0.075307 0.090150
v 0.018378 0.075307 0.092393
v 0.025881 0.067137 0.085316
v 0.017393 0.067137 0.087439
v 0.024402 0.059657 0.080441
v 0.016399 0.059657 0.082443
v 0.022956 0.052894 0.075673
v 0.015427 0.052894 0.077556
v 0.021586 0.046879 0.071158
v 0.014506 0.046879 0.072928
v 0.020338 0.041640 0.067042
v 0.013667 0.041640 0.068710
v 0.019255 0.037208 0.063473
v 0.012940 0.037208 0.065052
v 0.018315 0.033379 0.060374
v 0.012308 0.033379 0.061876
v 0.017494 0.029954 0.057668
v 0.011756 0.029954 0.059103
v 0.016769 0.026730 0.055280
v 0.011269 0.026730 0.056655
v 0.005906 0.029954 0.059973
v 0.005662 0.026730 0.057489
v 0.000000 0.029954 0.060267
v 0.000000 0.026730 0.057771
v -0.005906 0.029954 0.059973
v -0.005662 0.026730 0.057489
v -0.011756 0.029954 0.059103
v -0.011269 0.026730 0.056655
v -0.017494 0.029954 0.057668
v -0.016769 0.026730 0.055280
v -0.023063 0.029954 0.055679
v -0.022108 0.026730 0.053373
v -0.028407 0.029954 0.053148
v -0.027231 0.026730 0.050946
v -0.033479 0.029954 0.050105
v -0.032093 0.026730 0.048030
v -0.038231 0.029954 0.046584
v -0.036648 0.026730 0.044654
v -0.042615 0.029954 0.042615
v -0.040850 0.026730 0.040850
v -0.046584 0.029954 0.038231
v -0.044654 0.026730 0.036648
v -0.050105 0.029954 0.033479
v -0.048030 0.026730 0.032093
v -0.053148 0.029954 0.028407
v -0.050946 0.026730 0.027231
v -0.055679 0.029954 0.023063
v -0.053373 0.026730 0.022108
v -0.057668 0.029954 0.017494
v -0.055280 0.026730 0.016769
v -0.059103 0.029954 0.011756
v -0.056655 0.026730 0.011269
v -0.059973 0.029954 0.005906
v -0.057489 0.026730 0.005662
v -0.060267 0.029954 -0.000000
v -0.057771 0.026730 -0.000000
v -0.059973 0.029954 -0.005906
v -0.057489 0.026730 -0.005662
v -0.059103 0.029954 -0.011756
v -0.056655 0.026730 -0.011269
v -0.057668 0.029954 -0.017494
v -0.055280 0.026730 -0.016769
v -0.055679 0.029954 -0.023063
v -0.053373 0.026730 -0.022108
v -0.053148 0.029954 -0.028407
v -0.050946 0.026730 -0.027231
v -0.050105 0.029954 -0.033479
v -0.048030 0.026730 -0.032093
v -0.046584 0.029954 -0.038231
v -0.044654 0.026730 -0.036648
v -0.042615 0.029954 -0.042615
v -0.040850 0.026730 -0.040850
v -0.038231 0.029954 -0.046584
v -0.036648 0.026730 -0.044654
v -0.033479 0.029954 -0.050105
v -0.032093 0.026730 -0.048030
v -0.028407 0.029954 -0.053148
v -0.027231 0.026730 -0.050946
v -0.023063 0.029954 -0.055679
v -0.022108 0.026730 -0.053373
v -0.017494 0.029954 -0.057668
v -0.016769 0.026730 -0.055280
v -0.011756 0.029954 -0.059103
v -0.011269 0.026730 -0.056655
v -0.005906 0.029954 -0.059973
v -0.005662 0.026730 -0.057489
v 0.000000 0.029954 -0.060267
v 0.000000 0.026730 -0.057771
v 0.005906 0.029954 -0.059973
v 0.005662 0.026730 -0.057489
v 0.011756 0.029954 -0.059103
v 0.011269 0.026730 -0.056655
v 0.012308 0.033379 -0.061876
v 0.006183 0.033379 -0.062787
v 0.012940 0.037208 -0.065052
v 0.006501 0.037208 -0.066010
v 0.013667 0.041640 -0.068710
v 0.006866 0.041640 -0.069722
v 0.014506 0.046879 -0.072928
v 0.007288 0.046879 -0.074002
v 0.015427 0.052894 -0.077556
v 0.007750 0.052894 -0.078698
v 0.016399 0.059657 -0.082443
v 0.008239 0.059657 -0.083657
v 0.017393 0.067137 -0.087439
v 0.008738 0.067137 -0.088726
v 0.018378 0.075307 -0.092393
v 0.009233 0.075307 -0.093753
v 0.019324 0.083959 -0.097151
v 0.009708 0.083959 -0.098581
v 0.020201 0.092890 -0.101558
v 0.010149 0.092890 -0.103053
v 0.020977 0.101894 -0.105460
v 0.010539 0.101894 -0.107013
v 0.021622 0.110766 -0.108703
v 0.010863 0.110766 -0.110303
v 0.022136 0.119042 -0.111287
v 0.011121 0.119042 -0.112925
v 0.022520 0.126258 -0.113214
v 0.011314 0.126258 -0.114881
v 0.022773 0.131951 -0.114487
v 0.011441 0.131951 -0.116172
v 0.022896 0.135656 -0.115106
v 0.011503 0.135656 -0.116800
v 0.022902 0.137850 -0.115136
v 0.011506 0.137850 -0.116831
v 0.022804 0.139011 -0.114641
v 0.011456 0.139011 -0.116329
v 0.022614 0.139617 -0.113687
v 0.011361 0.139617 -0.115360
v 0.022345 0.140144 -0.112337
v 0.011226 0.140144 -0.113990
v 0.021989 0.140697 -0.110547
v 0.011047 0.140697 -0.112174
v 0.021537 0.141379 -0.108273
v 0.010820 0.141379 -0.109866
v 0.020979 0.142296 -0.105469
v 0.010540 0.142296 -0.107022
v 0.020307 0.143550 -0.102093
v 0.010202 0.143550 -0.103595
v 0.019553 0.145071 -0.098297
v 0.009823 0.145071 -0.099744
v 0.018745 0.146788 -0.094238
v 0.009417 0.146788 -0.095625
v 0.017916 0.148631 -0.090069
v 0.009001 0.148631 -0.091395
v 0.017096 0.150530 -0.085946
v 0.008589 0.150530 -0.087211
v 0.016279 0.152441 -0.081841
v 0.008178 0.152441 -0.083045
v 0.000000 0.150530 -0.087638
v 0.000000 0.152441 -0.083452
v -0.008589 0.150530 -0.087211
v -0.008178 0.152441 -0.083045
v -0.017096 0.150530 -0.085946
v -0.016279 0.152441 -0.081841
v -0.025439 0.150530 -0.083859
v -0.024224 0.152441 -0.079854
v -0.033538 0.150530 -0.080967
v -0.031936 0.152441 -0.077100
v -0.041309 0.150530 -0.077286
v -0.039336 0.152441 -0.073594
v -0.048685 0.150530 -0.072862
v -0.046359 0.152441 -0.069381
v -0.055594 0.150530 -0.067741
v -0.052939 0.152441 -0.064505
v -0.061970 0.150530 -0.061970
v -0.059009 0.152441 -0.059009
v -0.067741 0.150530 -0.055595
v -0.064505 0.152441 -0.052939
v -0.072862 0.150530 -0.048685
v -0.069381 0.152441 -0.046359
v -0.077286 0.150530 -0.041309
v -0.073594 0.152441 -0.039336
v -0.080967 0.150530 -0.033538
v -0.077099 0.152441 -0.031936
v -0.083859 0.150530 -0.025439
v -0.079853 0.152441 -0.024224
v -0.085946 0.150530 -0.017096
v -0.081841 0.152441 -0.016279
v -0.087211 0.150530 -0.008589
v -0.083045 0.152441 -0.008179
v -0.087638 0.150530 -0.000000
v -0.083452 0.152441 -0.000000
v -0.087211 0.150530 0.008589
v -0.083045 0.152441 0.008178
v -0.085946 0.150530 0.017096
v -0.081841 0.152441 0.016279
v -0.083859 0.150530 0.025439
v -0.079853 0.152441 0.024224
v -0.080967 0.150530 0.033538
v -0.077099 0.152441 0.031936
v -0.077286 0.150530 0.041309
v -0.073594 0.152441 0.039336
v -0.072862 0.150530 0.048684
v -0.069381 0.152441 0.046359
v -0.067741 0.150530 0.055594
v -0.064505 0.152441 0.052939
v -0.061970 0.150530 0.061970
v -0.059009 0.152442 0.059009
v -0.055594 0.150530 0.067741
v -0.052939 0.152441 0.064505
v -0.048685 0.150530 0.072862
v -0.046359 0.152442 0.069381
v -0.041309 0.150530 0.077286
v -0.039336 0.152441 0.073594
v -0.033538 0.150530 0.080967
v -0.031936 0.152442 0.077099
v -0.025439 0.150530 0.083859
v -0.024224 0.152441 0.079853
v -0.017096 0.150530 0.085946
v -0.016279 0.152442 0.081840
v -0.008589 0.150530 0.087211
v -0.008178 0.152442 0.083045
v 0.000000 0.150530 0.087638
v 0.000000 0.152442 0.083452
v 0.008589 0.150530 0.087211
v 0.008178 0.152442 0.083045
v 0.009001 0.148632 0.091395
v 0.000000 0.148632 0.091842
v 0.009417 0.146788 0.095625
v 0.000000 0.146788 0.096093
v 0.009823 0.145071 0.099744
v 0.000000 0.145071 0.100232
v 0.010202 0.143550 0.103595
v 0.000000 0.143550 0.104103
v 0.010540 0.142296 0.107022
v 0.000000 0.142296 0.107546
v 0.010820 0.141379 0.109866
v 0.000000 0.141379 0.110404
v 0.011047 0.140697 0.112174
v 0.000000 0.140697 0.112723
v 0.011226 0.140144 0.113990
v 0.000000 0.140144 0.114548
v 0.011361 0.139617 0.115360
v 0.000000 0.139617 0.115925
v 0.011456 0.139011 0.116329
v 0.000000 0.139011 0.116898
v 0.011506 0.137850 0.116830
v 0.000000 0.137850 0.117403
v 0.011503 0.135656 0.116800
v 0.000000 0.135656 0.117372
v 0.011441 0.131951 0.116172
v 0.000000 0.131951 0.116741
v 0.011314 0.126259 0.114881
v 0.000000 0.126259 0.115443
v 0.011121 0.119042 0.112925
v 0.000000 0.119042 0.113478
v 0.010863 0.110766 0.110302
v 0.000000 0.110766 0.110843
v 0.010539 0.101894 0.107012
v 0.000000 0.101894 0.107536
v 0.010149 0.092890 0.103053
v 0.000000 0.092890 0.103558
v 0.009708 0.083959 0.098581
v 0.000000 0.083959 0.099064
v 0.009233 0.075307 0.093753
v 0.000000 0.075307 0.094212
v 0.008738 0.067137 0.088726
v 0.000000 0.067137 0.089160
v 0.008239 0.059657 0.083656
v 0.000000 0.059657 0.084066
v 0.007750 0.052894 0.078698
v 0.000000 0.052894 0.079083
v 0.007288 0.046879 0.074002
v 0.000000 0.046879 0.074364
v 0.006866 0.041640 0.069722
v 0.000000 0.041640 0.070063
v 0.006501 0.037208 0.066010
v 0.000000 0.037208 0.066333
v 0.006183 0.033379 0.062787
v 0.000000 0.033379 0.063094
v -0.006501 0.037208 0.066010
v -0.006183 0.033379 0.062787
v -0.012940 0.037208 0.065052
v -0.012308 0.033379 0.061876
v -0.019255 0.037208 0.063473
v -0.018315 0.033379 0.060374
v -0.025385 0.037208 0.061284
v -0.024145 0.033379 0.058292
v -0.031267 0.037208 0.058497
v -0.029740 0.033379 0.055641
v -0.036849 0.037208 0.055149
v -0.035050 0.033379 0.052456
v -0.042079 0.037208 0.051273
v -0.040025 0.033379 0.048769
v -0.046905 0.037208 0.046905
v -0.044614 0.033379 0.044614
v -0.051273 0.037208 0.042079
v -0.048769 0.033379 0.040025
v -0.055149 0.037208 0.036849
v -0.052456 0.033379 0.035050
v -0.058497 0.037208 0.031267
v -0.055641 0.033379 0.029740
v -0.061284 0.037208 0.025385
v -0.058292 0.033379 0.024145
v -0.063473 0.037208 0.019255
v -0.060374 0.033379 0.018315
v -0.065052 0.037208 0.012940
v -0.061876 0.033379 0.012308
v -0.066010 0.037208 0.006501
v -0.062787 0.033379 0.006183
v -0.066333 0.037208 -0.000000
v -0.063094 0.033379 -0.000000
v -0.066010 0.037208 -0.006501
v -0.062787 0.033379 -0.006183
v -0.065052 0.037208 -0.012940
v -0.061876 0.033379 -0.012308
v -0.063473 0.037208 -0.019255
v -0.060374 0.033379 -0.018315
v -0.061284 0.037208 -0.025385
v -0.058292 0.033379 -0.024145
v -0.058497 0.037208 -0.031267
v -0.055641 0.033379 -0.029740
v -0.055149 0.037208 -0.036849
v -0.052456 0.033379 -0.035050
v -0.051273 0.037208 -0.042079
v -0.048769 0.033379 -0.040025
v -0.046905 0.037208 -0.046905
v -0.044614 0.033379 -0.044614
v -0.042079 0.037208 -0.051273
v -0.040025 0.033379 -0.048769
v -0.036849 0.037208 -0.055149
v -0.035050 0.033379 -0.052456
v -0.031267 0.037208 -0.058497
v -0.029740 0.033379 -0.055641
v -0.025385 0.037208 -0.061284
v -0.024145 0.033379 -0.058292
v -0.019255 0.037208 -0.063473
v -0.018315 0.033379 -0.060374
v -0.012940 0.037208 -0.065052
v -0.012308 0.033379 -0.061876
v -0.006501 0.037208 -0.066010
v -0.006183 0.033379 -0.062787
v 0.000000 0.037208 -0.066333
v 0.000000 0.033379 -0.063094
v 0.000000 0.041640 -0.070063
v -0.006866 0.041640 -0.069722
v 0.000000 0.046879 -0.074364
v -0.007288 0.046879 -0.074002
v 0.000000 0.052894 -0.079083
v -0.007750 0.052894 -0.078698
v 0.000000 0.059657 -0.084066
v -0.008239 0.059657 -0.083657
v 0.000000 0.067137 -0.089160
v -0.008738 0.067137 -0.088726
v 0.000000 0.075307 -0.094212
v -0.009233 0.075307 -0.093753
v 0.000000 0.083959 -0.099064
v -0.009708 0.083959 -0.098581
v 0.000000 0.092890 -0.103558
v -0.010149 0.092890 -0.103053
v 0.000000 0.101894 -0.107537
v -0.010539 0.101894 -0.107013
v 0.000000 0.110766 -0.110843
v -0.010863 0.110766 -0.110303
v 0.000000 0.119042 -0.113478
v -0.011121 0.119042 -0.112925
v 0.000000 0.126258 -0.115443
v -0.011314 0.126258 -0.114881
v 0.000000 0.131951 -0.116741
v -0.011441 0.131951 -0.116172
v 0.000000 0.135656 -0.117372
v -0.011503 0.135656 -0.116800
v 0.000000 0.137850 -0.117403
v -0.011506 0.137850 -0.116831
v 0.000000 0.139011 -0.116898
v -0.011456 0.139011 -0.116329
v 0.000000 0.139617 -0.115925
v -0.011361 0.139617 -0.115360
v 0.000000 0.140144 -0.114549
v -0.011226 0.140144 -0.113990
v 0.000000 0.140697 -0.112723
v -0.011047 0.140697 -0.112174
v 0.000000 0.141379 -0.110404
v -0.010820 0.141379 -0.109866
v 0.000000 0.142296 -0.107546
v -0.010540 0.142296 -0.107022
v 0.000000 0.143550 -0.104103
v -0.010202 0.143550 -0.103595
v 0.000000 0.145071 -0.100232
v -0.009823 0.145071 -0.099744
v 0.000000 0.146788 -0.096093
v -0.009417 0.146788 -0.095625
v 0.000000 0.148631 -0.091842
v -0.009001 0.148631 -0.091395
v -0.018745 0.146788 -0.094238
v -0.017916 0.148631 -0.090069
v -0.027894 0.146788 -0.091950
v -0.026660 0.148631 -0.087882
v -0.036773 0.146788 -0.088779
v -0.035147 0.148631 -0.084851
v -0.045295 0.146788 -0.084742
v -0.043291 0.148631 -0.080993
v -0.053381 0.146788 -0.079891
v -0.051020 0.148631 -0.076357
v -0.060958 0.146788 -0.074276
v -0.058261 0.148631 -0.070990
v -0.067948 0.146788 -0.067948
v -0.064942 0.148631 -0.064942
v -0.074276 0.146788 -0.060958
v -0.070990 0.148631 -0.058262
v -0.079891 0.146788 -0.053381
v -0.076357 0.148631 -0.051020
v -0.084742 0.146788 -0.045295
v -0.080993 0.148631 -0.043291
v -0.088778 0.146788 -0.036773
v -0.084851 0.148631 -0.035147
v -0.091950 0.146788 -0.027894
v -0.087882 0.148631 -0.026660
v -0.094238 0.146788 -0.018745
v -0.090069 0.148631 -0.017916
v -0.095625 0.146788 -0.009417
v -0.091395 0.148631 -0.009001
v -0.096093 0.146788 -0.000000
v -0.091842 0.148632 -0.000000
v -0.095625 0.146788 0.009417
v -0.091395 0.148631 0.009001
v -0.094238 0.146788 0.018745
v -0.090069 0.148632 0.017916
v -0.091950 0.146788 0.027893
v -0.087882 0.148631 0.026660
v -0.088778 0.146788 0.036773
v -0.084851 0.148632 0.035146
v -0.084742 0.146788 0.045294
v -0.080993 0.148632 0.043291
v -0.079891 0.146788 0.053381
v -0.076357 0.148632 0.051020
v -0.074276 0.146788 0.060958
v -0.070990 0.148632 0.058261
v -0.067948 0.146788 0.067948
v -0.064942 0.148632 0.064942
v -0.060958 0.146788 0.074276
v -0.058261 0.148632 0.070990
v -0.053381 0.146788 0.079891
v -0.051020 0.148632 0.076357
v -0.045294 0.146788 0.084742
v -0.043291 0.148632 0.080993
v -0.036773 0.146788 0.088778
v -0.035147 0.148632 0.084851
v -0.027894 0.146788 0.091950
v -0.026660 0.148632 0.087882
v -0.018745 0.146788 0.094238
v -0.017916 0.148632 0.090069
v -0.009417 0.146788 0.095625
v -0.009001 0.148632 0.091395
v -0.009823 0.145071 0.099744
v -0.019552 0.145071 0.098297
v -0.010202 0.143550 0.103595
v -0.020307 0.143550 0.102092
v -0.010540 0.142296 0.107022
v -0.020979 0.142296 0.105469
v -0.010820 0.141379 0.109866
v -0.021537 0.141379 0.108273
v -0.011047 0.140697 0.112174
v -0.021989 0.140697 0.110547
v -0.011226 0.140144 0.113990
v -0.022345 0.140144 0.112337
v -0.011361 0.139617 0.115360
v -0.022614 0.139617 0.113687
v -0.011456 0.139011 0.116329
v -0.022804 0.139011 0.114641
v -0.011506 0.137850 0.116830
v -0.022902 0.137850 0.115136
v -0.011503 0.135656 0.116800
v -0.022896 0.135656 0.115106
v -0.011441 0.131951 0.116172
v -0.022773 0.131951 0.114487
v -0.011314 0.126259 0.114881
v -0.022520 0.126259 0.113214
v -0.011121 0.119042 0.112925
v -0.022136 0.119042 0.111287
v -0.010863 0.110766 0.110303
v -0.021622 0.110766 0.108703
v -0.010539 0.101894 0.107012
v -0.020977 0.101894 0.105460
v -0.010149 0.092890 0.103053
v -0.020201 0.092890 0.101558
v -0.009708 0.083959 0.098581
v -0.019324 0.083959 0.097151
v -0.009233 0.075307 0.093753
v -0.018378 0.075307 0.092393
v -0.008738 0.067137 0.088726
v -0.017393 0.067137 0.087439
v -0.008239 0.059657 0.083657
v -0.016399 0.059657 0.082443
v -0.007750 0.052894 0.078698
v -0.015427 0.052894 0.077556
v -0.007288 0.046879 0.074002
v -0.014506 0.046879 0.072928
v -0.006866 0.041640 0.069722
v -0.013667 0.041640 0.068710
v -0.021586 0.046879 0.071158
v -0.020338 0.041640 0.067042
v -0.028458 0.046879 0.068704
v -0.026812 0.041640 0.064730
v -0.035052 0.046879 0.065580
v -0.033025 0.041640 0.061787
v -0.041311 0.046879 0.061826
v -0.038921 0.041640 0.058250
v -0.047174 0.046879 0.057480
v -0.044445 0.041640 0.054156
v -0.052583 0.046879 0.052583
v -0.049542 0.041640 0.049542
v -0.057480 0.046879 0.047174
v -0.054156 0.041640 0.044445
v -0.061826 0.046879 0.041311
v -0.058250 0.041640 0.038921
v -0.065580 0.046879 0.035052
v -0.061787 0.041640 0.033025
v -0.068704 0.046879 0.028458
v -0.064730 0.041640 0.026812
v -0.071158 0.046879 0.021586
v -0.067042 0.041640 0.020338
v -0.072928 0.046879 0.014506
v -0.068710 0.041640 0.013667
v -0.074002 0.046879 0.007288
v -0.069722 0.041640 0.006866
v -0.074364 0.046879 -0.000000
v -0.070063 0.041640 -0.000000
v -0.074002 0.046879 -0.007288
v -0.069722 0.041640 -0.006866
v -0.072928 0.046879 -0.014506
v -0.068710 0.041640 -0.013667
v -0.071158 0.046879 -0.021586
v -0.067042 0.041640 -0.020338
v -0.068704 0.046879 -0.028458
v -0.064730 0.041640 -0.026812
v -0.065580 0.046879 -0.035052
v -0.061787 0.041640 -0.033025
v -0.061826 0.046879 -0.041311
v -0.058250 0.041640 -0.038921
v -0.057480 0.046879 -0.047174
v -0.054156 0.041640 -0.044445
v -0.052583 0.046879 -0.052583
v -0.049542 0.041640 -0.049542
v -0.047174 0.046879 -0.057481
v -0.044445 0.041640 -0.054156
v -0.041311 0.046879 -0.061826
v -0.038921 0.041640 -0.058250
v -0.035052 0.046879 -0.065580
v -0.033025 0.041640 -0.061787
v -0.028458 0.046879 -0.068704
v -0.026812 0.041640 -0.064730
v -0.021586 0.046879 -0.071158
v -0.020338 0.041640 -0.067042
v -0.014506 0.046879 -0.072928
v -0.013667 0.041640 -0.068710
v -0.015427 0.052894 -0.077556
v -0.022956 0.052894 -0.075673
v -0.016399 0.059657 -0.082443
v -0.024402 0.059657 -0.080441
v -0.017393 0.067137 -0.087439
v -0.025881 0.067137 -0.085316
v -0.018378 0.075307 -0.092393
v -0.027348 0.075307 -0.090150
v -0.019325 0.083959 -0.097151
v -0.028756 0.083959 -0.094792
v -0.020201 0.092890 -0.101558
v -0.030060 0.092890 -0.099092
v -0.020977 0.101894 -0.105460
v -0.031215 0.101894 -0.102900
v -0.021622 0.110766 -0.108703
v -0.032175 0.110766 -0.106063
v -0.022136 0.119042 -0.111287
v -0.032940 0.119042 -0.108585
v -0.022520 0.126258 -0.113214
v -0.033510 0.126258 -0.110466
v -0.022773 0.131951 -0.114487
v -0.033887 0.131951 -0.111707
v -0.022896 0.135656 -0.115106
v -0.034070 0.135656 -0.112311
v -0.022902 0.137850 -0.115136
v -0.034079 0.137850 -0.112340
v -0.022804 0.139011 -0.114641
v -0.033933 0.139011 -0.111858
v -0.022614 0.139617 -0.113687
v -0.033650 0.139617 -0.110927
v -0.022345 0.140144 -0.112337
v -0.033251 0.140144 -0.109609
v -0.021989 0.140697 -0.110547
v -0.032721 0.140697 -0.107863
v -0.021537 0.141379 -0.108273
v -0.032048 0.141379 -0.105644
v -0.020979 0.142296 -0.105469
v -0.031218 0.142296 -0.102909
v -0.020307 0.143550 -0.102093
v -0.030219 0.143550 -0.099614
v -0.019553 0.145071 -0.098297
v -0.029095 0.145071 -0.095911
v -0.039838 0.143550 -0.096178
v -0.038357 0.145071 -0.092603
v -0.049070 0.143550 -0.091805
v -0.047246 0.145071 -0.088392
v -0.057831 0.143550 -0.086550
v -0.055681 0.145071 -0.083332
v -0.066039 0.143550 -0.080467
v -0.063584 0.145071 -0.077476
v -0.073612 0.143550 -0.073612
v -0.070875 0.145071 -0.070875
v -0.080467 0.143550 -0.066039
v -0.077476 0.145071 -0.063584
v -0.086550 0.143550 -0.057831
v -0.083332 0.145071 -0.055681
v -0.091805 0.143550 -0.049070
v -0.088392 0.145071 -0.047246
v -0.096178 0.143550 -0.039838
v -0.092603 0.145071 -0.038357
v -0.099614 0.143550 -0.030219
v -0.095910 0.145071 -0.029095
v -0.102093 0.143550 -0.020308
v -0.098297 0.145071 -0.019553
v -0.103595 0.143550 -0.010202
v -0.099744 0.145071 -0.009823
v -0.104103 0.143550 -0.000000
v -0.100232 0.145071 -0.000000
v -0.103595 0.143550 0.010202
v -0.099744 0.145071 0.009823
v -0.102093 0.143550 0.020307
v -0.098297 0.145071 0.019552
v -0.099614 0.143550 0.030218
v -0.095910 0.145071 0.029095
v -0.096178 0.143550 0.039838
v -0.092603 0.145071 0.038357
v -0.091805 0.143550 0.049070
v -0.088392 0.145071 0.047246
v -0.086550 0.143550 0.057831
v -0.083332 0.145071 0.055681
v -0.080467 0.143550 0.066039
v -0.077476 0.145071 0.063584
v -0.073612 0.143550 0.073612
v -0.070875 0.145071 0.070875
v -0.066039 0.143550 0.080467
v -0.063584 0.145071 0.077475
v -0.057831 0.143550 0.086550
v -0.055681 0.145071 0.083332
v -0.049070 0.143550 0.091805
v -0.047246 0.145071 0.088392
v -0.039838 0.143550 0.096178
v -0.038357 0.145071 0.092603
v -0.030219 0.143550 0.099614
v -0.029095 0.145071 0.095910
v -0.031218 0.142296 0.102908
v -0.041156 0.142296 0.099359
v -0.032048 0.141379 0.105644
v -0.042250 0.141379 0.102000
v -0.032721 0.140697 0.107863
v -0.043137 0.140697 0.104143
v -0.033251 0.140144 0.109609
v -0.043836 0.140144 0.105829
v -0.033650 0.139617 0.110926
v -0.044363 0.139617 0.107101
v -0.033933 0.139011 0.111858
v -0.044735 0.139011 0.108000
v -0.034079 0.137850 0.112340
v -0.044928 0.137850 0.108466
v -0.034070 0.135656 0.112311
v -0.044916 0.135656 0.108438
v -0.033887 0.131951 0.111707
v -0.044675 0.131951 0.107854
v -0.033510 0.126259 0.110465
v -0.044178 0.126259 0.106656
v -0.032940 0.119042 0.108585
v -0.043426 0.119042 0.104840
v -0.032175 0.110766 0.106063
v -0.042418 0.110766 0.102405
v -0.031215 0.101894 0.102900
v -0.041152 0.101894 0.099351
v -0.030060 0.092890 0.099092
v -0.039630 0.092890 0.095675
v -0.028756 0.083959 0.094792
v -0.037910 0.083959 0.091523
v -0.027347 0.075307 0.090150
v -0.036053 0.075307 0.087040
v -0.025881 0.067137 0.085316
v -0.034120 0.067137 0.082373
v -0.024402 0.059657 0.080441
v -0.032171 0.059657 0.077667
v -0.022956 0.052894 0.075673
v -0.030264 0.052894 0.073063
v -0.039626 0.059657 0.074136
v -0.037277 0.052894 0.069741
v -0.046700 0.059657 0.069892
v -0.043932 0.052894 0.065749
v -0.053328 0.059657 0.064980
v -0.050167 0.052894 0.061128
v -0.059444 0.059657 0.059444
v -0.055920 0.052894 0.055920
v -0.064980 0.059657 0.053328
v -0.061128 0.052894 0.050167
v -0.069892 0.059657 0.046700
v -0.065749 0.052894 0.043932
v -0.074136 0.059657 0.039625
v -0.069741 0.052894 0.037277
v -0.077667 0.059657 0.032171
v -0.073063 0.052894 0.030264
v -0.080441 0.059657 0.024402
v -0.075673 0.052894 0.022956
v -0.082443 0.059657 0.016399
v -0.077556 0.052894 0.015427
v -0.083657 0.059657 0.008239
v -0.078698 0.052894 0.007750
v -0.084066 0.059657 -0.000000
v -0.079083 0.052894 -0.000000
v -0.083657 0.059657 -0.008239
v -0.078698 0.052894 -0.007750
v -0.082443 0.059657 -0.016399
v -0.077556 0.052894 -0.015427
v -0.080441 0.059657 -0.024402
v -0.075673 0.052894 -0.022956
v -0.077667 0.059657 -0.032171
v -0.073063 0.052894 -0.030264
v -0.074136 0.059657 -0.039626
v -0.069741 0.052894 -0.037277
v -0.069892 0.059657 -0.046700
v -0.065749 0.052894 -0.043932
v -0.064980 0.059657 -0.053329
v -0.061128 0.052894 -0.050167
v -0.059444 0.059657 -0.059444
v -0.055920 0.052894 -0.055920
v -0.053328 0.059657 -0.064980
v -0.050167 0.052894 -0.061128
v -0.046700 0.059657 -0.069892
v -0.043932 0.052894 -0.065749
v -0.039626 0.059657 -0.074136
v -0.037277 0.052894 -0.069741
v -0.032171 0.059657 -0.077667
v -0.030264 0.052894 -0.073063
v -0.034120 0.067137 -0.082373
v -0.042027 0.067137 -0.078628
v -0.036053 0.075307 -0.087041
v -0.044408 0.075307 -0.083083
v -0.037910 0.083959 -0.091523
v -0.046695 0.083959 -0.087362
v -0.039630 0.092890 -0.095675
v -0.048813 0.092890 -0.091325
v -0.041152 0.101894 -0.099351
v -0.050688 0.101894 -0.094834
v -0.042418 0.110766 -0.102405
v -0.052247 0.110766 -0.097749
v -0.043426 0.119042 -0.104840
v -0.053489 0.119042 -0.100073
v -0.044178 0.126258 -0.106656
v -0.054415 0.126258 -0.101807
v -0.044675 0.131951 -0.107855
v -0.055027 0.131951 -0.102951
v -0.044916 0.135656 -0.108438
v -0.055325 0.135656 -0.103507
v -0.044928 0.137850 -0.108466
v -0.055339 0.137850 -0.103534
v -0.044735 0.139011 -0.108000
v -0.055101 0.139011 -0.103090
v -0.044363 0.139617 -0.107101
v -0.054642 0.139617 -0.102231
v -0.043836 0.140144 -0.105829
v -0.053994 0.140144 -0.101017
v -0.043137 0.140697 -0.104143
v -0.053133 0.140697 -0.099408
v -0.042250 0.141379 -0.102000
v -0.052040 0.141379 -0.097363
v -0.041156 0.142296 -0.099359
v -0.050693 0.142296 -0.094842
v -0.061331 0.141379 -0.091789
v -0.059744 0.142296 -0.089413
v -0.070036 0.141379 -0.085338
v -0.068223 0.142296 -0.083129
v -0.078068 0.141379 -0.078068
v -0.076046 0.142296 -0.076046
v -0.085338 0.141379 -0.070036
v -0.083128 0.142296 -0.068223
v -0.091789 0.141379 -0.061332
v -0.089413 0.142296 -0.059744
v -0.097363 0.141379 -0.052040
v -0.094842 0.142296 -0.050693
v -0.102000 0.141379 -0.042250
v -0.099359 0.142296 -0.041156
v -0.105644 0.141379 -0.032048
v -0.102909 0.142296 -0.031218
v -0.108273 0.141379 -0.021537
v -0.105469 0.142296 -0.020979
v -0.109866 0.141379 -0.010820
v -0.107022 0.142296 -0.010540
v -0.110404 0.141379 -0.000000
v -0.107546 0.142296 -0.000000
v -0.109866 0.141379 0.010820
v -0.107022 0.142296 0.010540
v -0.108273 0.141379 0.021537
v -0.105469 0.142296 0.020979
v -0.105644 0.141379 0.032048
v -0.102909 0.142296 0.031218
v -0.102000 0.141379 0.042250
v -0.099359 0.142296 0.041156
v -0.097363 0.141379 0.052040
v -0.094842 0.142296 0.050693
v -0.091789 0.141379 0.061331
v -0.089413 0.142296 0.059743
v -0.085338 0.141379 0.070036
v -0.083128 0.142296 0.068223
v -0.078068 0.141379 0.078068
v -0.076046 0.142296 0.076046
v -0.070036 0.141379 0.085338
v -0.068223 0.142296 0.083128
v -0.061331 0.141379 0.091789
v -0.059744 0.142296 0.089412
v -0.052040 0.141379 0.097363
v -0.050693 0.142296 0.094842
v -0.053133 0.140697 0.099408
v -0.062620 0.140697 0.093717
v -0.053994 0.140144 0.101017
v -0.063634 0.140144 0.095234
v -0.054642 0.139617 0.102231
v -0.064398 0.139617 0.096379
v -0.055101 0.139011 0.103089
v -0.064939 0.139011 0.097188
v -0.055339 0.137850 0.103534
v -0.065219 0.137850 0.097607
v -0.055325 0.135656 0.103507
v -0.065202 0.135656 0.097582
v -0.055027 0.131951 0.102951
v -0.064852 0.131951 0.097057
v -0.054415 0.126259 0.101806
v -0.064131 0.126259 0.095978
v -0.053489 0.119042 0.100073
v -0.063039 0.119042 0.094344
v -0.052247 0.110766 0.097749
v -0.061575 0.110766 0.092154
v -0.050688 0.101894 0.094834
v -0.059738 0.101894 0.089405
v -0.048813 0.092890 0.091325
v -0.057528 0.092890 0.086097
v -0.046695 0.083959 0.087361
v -0.055032 0.083959 0.082360
v -0.044408 0.075307 0.083083
v -0.052336 0.075307 0.078327
v -0.042027 0.067137 0.078628
v -0.049530 0.067137 0.074127
v -0.059765 0.075307 0.072822
v -0.056560 0.067137 0.068917
v -0.066618 0.075307 0.066618
v -0.063046 0.067137 0.063046
v -0.072822 0.075307 0.059765
v -0.068917 0.067137 0.056560
v -0.078327 0.075307 0.052336
v -0.074127 0.067137 0.049530
v -0.083083 0.075307 0.044408
v -0.078628 0.067137 0.042027
v -0.087041 0.075307 0.036053
v -0.082373 0.067137 0.034120
v -0.090150 0.075307 0.027347
v -0.085316 0.067137 0.025881
v -0.092393 0.075307 0.018378
v -0.087439 0.067137 0.017393
v -0.093753 0.075307 0.009233
v -0.088726 0.067137 0.008738
v -0.094212 0.075307 -0.000000
v -0.089160 0.067137 -0.000000
v -0.093753 0.075307 -0.009233
v -0.088726 0.067137 -0.008738
v -0.092393 0.075307 -0.018378
v -0.087439 0.067137 -0.017393
v -0.090150 0.075307 -0.027348
v -0.085316 0.067137 -0.025881
v -0.087041 0.075307 -0.036053
v -0.082373 0.067137 -0.034120
v -0.083083 0.075307 -0.044408
v -0.078628 0.067137 -0.042027
v -0.078327 0.075307 -0.052336
v -0.074127 0.067137 -0.049530
v -0.072822 0.075307 -0.059765
v -0.068917 0.067137 -0.056560
v -0.066618 0.075307 -0.066618
v -0.063046 0.067137 -0.063046
v -0.059765 0.075307 -0.072822
v -0.056560 0.067137 -0.068917
v -0.052336 0.075307 -0.078327
v -0.049530 0.067137 -0.074127
v -0.055032 0.083959 -0.082361
v -0.062842 0.083959 -0.076572
v -0.057528 0.092890 -0.086097
v -0.065693 0.092890 -0.080046
v -0.059738 0.101894 -0.089405
v -0.068217 0.101894 -0.083121
v -0.061575 0.110766 -0.092154
v -0.070315 0.110766 -0.085677
v -0.063039 0.119042 -0.094344
v -0.071986 0.119042 -0.087714
v -0.064131 0.126258 -0.095979
v -0.073233 0.126258 -0.089233
v -0.064852 0.131951 -0.097057
v -0.074056 0.131951 -0.090236
v -0.065202 0.135656 -0.097582
v -0.074456 0.135656 -0.090724
v -0.065219 0.137850 -0.097607
v -0.074476 0.137850 -0.090747
v -0.064939 0.139011 -0.097188
v -0.074156 0.139011 -0.090358
v -0.064398 0.139617 -0.096379
v -0.073539 0.139617 -0.089605
v -0.063634 0.140144 -0.095235
v -0.072665 0.140144 -0.088541
v -0.062620 0.140697 -0.093717
v -0.071508 0.140697 -0.087131
v -0.080998 0.140144 -0.080998
v -0.079707 0.140697 -0.079708
v -0.088541 0.140144 -0.072665
v -0.087131 0.140697 -0.071508
v -0.095235 0.140144 -0.063634
v -0.093717 0.140697 -0.062620
v -0.101017 0.140144 -0.053994
v -0.099408 0.140697 -0.053133
v -0.105829 0.140144 -0.043836
v -0.104143 0.140697 -0.043137
v -0.109609 0.140144 -0.033251
v -0.107863 0.140697 -0.032721
v -0.112337 0.140144 -0.022345
v -0.110547 0.140697 -0.021989
v -0.113990 0.140144 -0.011226
v -0.112174 0.140697 -0.011047
v -0.114549 0.140144 -0.000000
v -0.112723 0.140697 -0.000000
v -0.113990 0.140144 0.011226
v -0.112174 0.140697 0.011047
v -0.112337 0.140144 0.022345
v -0.110547 0.140697 0.021989
v -0.109609 0.140144 0.033251
v -0.107863 0.140697 0.032721
v -0.105829 0.140144 0.043836
v -0.104143 0.140697 0.043137
v -0.101017 0.140144 0.053994
v -0.099408 0.140697 0.053133
v -0.095234 0.140144 0.063634
v -0.093717 0.140697 0.062620
v -0.088541 0.140144 0.072665
v -0.087131 0.140697 0.071507
v -0.080998 0.140144 0.080998
v -0.079707 0.140697 0.079707
v -0.072665 0.140144 0.088541
v -0.071508 0.140697 0.087130
v -0.073539 0.139617 0.089605
v -0.081971 0.139617 0.081971
v -0.074156 0.139011 0.090357
v -0.082660 0.139011 0.082660
v -0.074476 0.137850 0.090747
v -0.083016 0.137850 0.083016
v -0.074456 0.135656 0.090724
v -0.082995 0.135656 0.082995
v -0.074056 0.131951 0.090236
v -0.082548 0.131951 0.082548
v -0.073233 0.126259 0.089233
v -0.081631 0.126259 0.081631
v -0.071986 0.119042 0.087714
v -0.080241 0.119042 0.080241
v -0.070315 0.110766 0.085677
v -0.078378 0.110766 0.078378
v -0.068217 0.101894 0.083121
v -0.076040 0.101894 0.076040
v -0.065693 0.092890 0.080046
v -0.073226 0.092890 0.073226
v -0.062842 0.083959 0.076572
v -0.070049 0.083959 0.070048
v -0.080046 0.092890 0.065693
v -0.076572 0.083959 0.062842
v -0.086097 0.092890 0.057528
v -0.082360 0.083959 0.055031
v -0.091325 0.092890 0.048813
v -0.087362 0.083959 0.046695
v -0.095675 0.092890 0.039630
v -0.091523 0.083959 0.037910
v -0.099092 0.092890 0.030060
v -0.094792 0.083959 0.028756
v -0.101558 0.092890 0.020201
v -0.097151 0.083959 0.019324
v -0.103053 0.092890 0.010149
v -0.098581 0.083959 0.009708
v -0.103558 0.092890 -0.000000
v -0.099064 0.083959 -0.000000
v -0.103053 0.092890 -0.010149
v -0.098581 0.083959 -0.009708
v -0.101558 0.092890 -0.020201
v -0.097151 0.083959 -0.019325
v -0.099092 0.092890 -0.030060
v -0.094792 0.083959 -0.028756
v -0.095675 0.092890 -0.039630
v -0.091523 0.083959 -0.037910
v -0.091325 0.092890 -0.048813
v -0.087362 0.083959 -0.046695
v -0.086097 0.092890 -0.057528
v -0.082360 0.083959 -0.055032
v -0.080046 0.092890 -0.065693
v -0.076572 0.083959 -0.062842
v -0.073226 0.092890 -0.073226
v -0.070049 0.083959 -0.070049
v -0.076040 0.101894 -0.076040
v -0.083121 0.101894 -0.068217
v -0.078378 0.110766 -0.078378
v -0.085677 0.110766 -0.070315
v -0.080241 0.119042 -0.080241
v -0.087714 0.119042 -0.071986
v -0.081631 0.126258 -0.081631
v -0.089233 0.126258 -0.073233
v -0.082548 0.131951 -0.082548
v -0.090236 0.131951 -0.074056
v -0.082995 0.135656 -0.082995
v -0.090724 0.135656 -0.074457
v -0.083016 0.137850 -0.083016
v -0.090747 0.137850 -0.074476
v -0.082660 0.139011 -0.082660
v -0.090358 0.139011 -0.074156
v -0.081971 0.139617 -0.081971
v -0.089605 0.139617 -0.073539
v -0.097188 0.139011 -0.064939
v -0.096379 0.139617 -0.064398
v -0.103089 0.139011 -0.055101
v -0.102231 0.139617 -0.054643
v -0.108000 0.139011 -0.044735
v -0.107101 0.139617 -0.044363
v -0.111858 0.139011 -0.033933
v -0.110926 0.139617 -0.033650
v -0.114641 0.139011 -0.022804
v -0.113687 0.139617 -0.022614
v -0.116329 0.139011 -0.011456
v -0.115360 0.139617 -0.011361
v -0.116898 0.139011 -0.000000
v -0.115925 0.139617 -0.000000
v -0.116329 0.139011 0.011456
v -0.115360 0.139617 0.011361
v -0.114641 0.139011 0.022803
v -0.113687 0.139617 0.022614
v -0.111858 0.139011 0.033933
v -0.110926 0.139617 0.033650
v -0.108000 0.139011 0.044735
v -0.107101 0.139617 0.044363
v -0.103089 0.139011 0.055101
v -0.102231 0.139617 0.054642
v -0.097188 0.139011 0.064939
v -0.096379 0.139617 0.064398
v -0.090358 0.139011 0.074156
v -0.089605 0.139617 0.073538
v -0.090747 0.137850 0.074476
v -0.097607 0.137850 0.065219
v -0.090724 0.135656 0.074456
v -0.097582 0.135656 0.065202
v -0.090236 0.131951 0.074056
v -0.097057 0.131951 0.064852
v -0.089233 0.126259 0.073233
v -0.095978 0.126259 0.064131
v -0.087714 0.119042 0.071986
v -0.094344 0.119042 0.063039
v -0.085677 0.110766 0.070314
v -0.092154 0.110766 0.061575
v -0.083121 0.101894 0.068217
v -0.089405 0.101894 0.059738
v -0.097749 0.110766 0.052247
v -0.094834 0.101894 0.050688
v -0.102405 0.110766 0.042418
v -0.099351 0.101894 0.041152
v -0.106063 0.110766 0.032175
v -0.102900 0.101894 0.031215
v -0.108703 0.110766 0.021622
v -0.105460 0.101894 0.020977
v -0.110303 0.110766 0.010863
v -0.107012 0.101894 0.010539
v -0.110843 0.110766 -0.000000
v -0.107537 0.101894 -0.000000
v -0.110303 0.110766 -0.010863
v -0.107012 0.101894 -0.010539
v -0.108703 0.110766 -0.021622
v -0.105460 0.101894 -0.020977
v -0.106063 0.110766 -0.032175
v -0.102900 0.101894 -0.031215
v -0.102405 0.110766 -0.042418
v -0.099351 0.101894 -0.041153
v -0.097749 0.110766 -0.052247
v -0.094834 0.101894 -0.050689
v -0.092154 0.110766 -0.061575
v -0.089405 0.101894 -0.059738
v -0.094344 0.119042 -0.063039
v -0.100073 0.119042 -0.053489
v -0.095978 0.126258 -0.064131
v -0.101806 0.126258 -0.054416
v -0.097057 0.131951 -0.064852
v -0.102951 0.131951 -0.055027
v -0.097582 0.135656 -0.065202
v -0.103507 0.135656 -0.055325
v -0.097607 0.137850 -0.065219
v -0.103534 0.137850 -0.055339
v -0.108438 0.135656 -0.044916
v -0.108466 0.137850 -0.044928
v -0.112311 0.135656 -0.034070
v -0.112340 0.137850 -0.034079
v -0.115106 0.135656 -0.022896
v -0.115136 0.137850 -0.022902
v -0.116800 0.135656 -0.011503
v -0.116830 0.137850 -0.011506
v -0.117372 0.135656 -0.000000
v -0.117403 0.137850 -0.000000
v -0.116800 0.135656 0.011503
v -0.116830 0.137850 0.011506
v -0.115106 0.135656 0.022896
v -0.115136 0.137850 0.022902
v -0.112311 0.135656 0.034070
v -0.112340 0.137850 0.034079
v -0.108438 0.135656 0.044916
v -0.108466 0.137850 0.044928
v -0.103507 0.135656 0.055324
v -0.103534 0.137850 0.055339
v -0.102951 0.131951 0.055027
v -0.107855 0.131951 0.044675
v -0.101806 0.126259 0.054415
v -0.106656 0.126259 0.044178
v -0.100073 0.119042 0.053489
v -0.104840 0.119042 0.043426
v -0.110466 0.126258 0.033510
v -0.108585 0.119042 0.032940
v -0.113214 0.126258 0.022520
v -0.111287 0.119042 0.022136
v -0.114881 0.126258 0.011314
v -0.112925 0.119042 0.011121
v -0.115443 0.126258 -0.000000
v -0.113478 0.119042 -0.000000
v -0.114881 0.126258 -0.011314
v -0.112925 0.119042 -0.011121
v -0.113214 0.126258 -0.022520
v -0.111287 0.119042 -0.022136
v -0.110466 0.126258 -0.033511
v -0.108585 0.119042 -0.032940
v -0.106656 0.126258 -0.044178
v -0.104840 0.119042 -0.043426
v -0.107855 0.131951 -0.044675
v -0.111707 0.131951 -0.033887
v -0.114487 0.131951 -0.022773
v -0.116172 0.131951 -0.011441
v -0.116741 0.131951 -0.000000
v -0.116172 0.131951 0.011441
v -0.114487 0.131951 0.022773
v -0.111707 0.131951 0.033887
v 0.057110 0.161260 -0.000000
v 0.056832 0.161260 -0.005597
v 0.056007 0.161260 -0.011141
v 0.054647 0.161260 -0.016578
v 0.052763 0.161260 -0.021855
v 0.050364 0.161260 -0.026919
v 0.047481 0.161260 -0.031726
v 0.044144 0.161260 -0.036229
v 0.040383 0.161260 -0.040383
v 0.036228 0.161260 -0.044144
v 0.031726 0.161260 -0.047481
v 0.026919 0.161260 -0.050364
v 0.021855 0.161260 -0.052763
v 0.016578 0.161260 -0.054647
v 0.011141 0.161260 -0.056007
v 0.005597 0.161260 -0.056832
v 0.000000 0.161260 -0.057110
v -0.005597 0.161260 -0.056832
v -0.011141 0.161260 -0.056007
v -0.016578 0.161260 -0.054647
v -0.021855 0.161260 -0.052763
v -0.026919 0.161260 -0.050364
v -0.031726 0.161260 -0.047481
v -0.036228 0.161260 -0.044144
v -0.040383 0.161260 -0.040383
v -0.044144 0.161260 -0.036229
v -0.047481 0.161260 -0.031726
v -0.050364 0.161260 -0.026919
v -0.052763 0.161260 -0.021855
v -0.054647 0.161260 -0.016578
v -0.056007 0.161260 -0.011141
v -0.056832 0.161260 -0.005597
v -0.057110 0.161260 -0.000000
v -0.056832 0.161260 0.005597
v -0.056007 0.161260 0.011140
v -0.054647 0.161260 0.016578
v -0.052763 0.161260 0.021855
v -0.050364 0.161260 0.026919
v -0.047481 0.161260 0.031725
v -0.044144 0.161260 0.036228
v -0.040383 0.161260 0.040383
v -0.036228 0.161260 0.044144
v -0.031726 0.161260 0.047481
v -0.026919 0.161260 0.050364
v -0.021855 0.161260 0.052763
v -0.016578 0.161260 0.054647
v -0.011141 0.161260 0.056007
v -0.005597 0.161260 0.056831
v 0.000000 0.161260 0.057110
v 0.005597 0.161260 0.056831
v 0.011141 0.161260 0.056007
v 0.016578 0.161260 0.054647
v 0.021855 0.161260 0.052763
v 0.026919 0.161260 0.050364
v 0.031726 0.161260 0.047481
v 0.036228 0.161260 0.044143
v 0.040383 0.161260 0.040383
v 0.044144 0.161260 0.036228
v 0.047481 0.161260 0.031725
v 0.050364 0.161260 0.026919
v 0.052763 0.161260 0.021855
v 0.054647 0.161260 0.016578
v 0.056007 0.161260 0.011140
v 0.056832 0.161260 0.005597
v 0.086122 0.150933 -0.000000
v 0.085702 0.150933 -0.008440
v 0.084459 0.150933 -0.016800
v 0.082408 0.150933 -0.024999
v 0.079566 0.150933 -0.032958
v 0.075949 0.150933 -0.040595
v 0.071601 0.150933 -0.047842
v 0.066569 0.150933 -0.054633
v 0.060897 0.150933 -0.060897
v 0.054633 0.150933 -0.066569
v 0.047842 0.150933 -0.071601
v 0.040594 0.150933 -0.075949
v 0.032957 0.150933 -0.079566
v 0.024999 0.150933 -0.082409
v 0.016800 0.150933 -0.084459
v 0.008440 0.150933 -0.085702
v 0.000000 0.150933 -0.086122
v -0.008440 0.150933 -0.085702
v -0.016800 0.150933 -0.084459
v -0.024999 0.150933 -0.082409
v -0.032957 0.150933 -0.079566
v -0.040594 0.150933 -0.075949
v -0.047842 0.150933 -0.071601
v -0.054633 0.150933 -0.066569
v -0.060897 0.150933 -0.060897
v -0.066569 0.150933 -0.054633
v -0.071601 0.150933 -0.047842
v -0.075949 0.150933 -0.040595
v -0.079566 0.150933 -0.032958
v -0.082408 0.150933 -0.024999
v -0.084459 0.150933 -0.016800
v -0.085702 0.150933 -0.008440
v -0.086122 0.150933 -0.000000
v -0.085702 0.150933 0.008440
v -0.084459 0.150933 0.016800
v -0.082408 0.150934 0.024999
v -0.079566 0.150934 0.032957
v -0.075949 0.150934 0.040594
v -0.071601 0.150934 0.047842
v -0.066569 0.150934 0.054632
v -0.060897 0.150934 0.060897
v -0.054633 0.150934 0.066569
v -0.047842 0.150934 0.071601
v -0.040594 0.150934 0.075949
v -0.032957 0.150934 0.079566
v -0.024999 0.150934 0.082408
v -0.016800 0.150934 0.084459
v -0.008440 0.150934 0.085702
v 0.000000 0.150934 0.086122
v 0.008440 0.150934 0.085702
v 0.016800 0.150934 0.084459
v 0.024999 0.150934 0.082408
v 0.032957 0.150934 0.079566
v 0.040594 0.150934 0.075948
v 0.047842 0.150934 0.071601
v 0.054633 0.150934 0.066569
v 0.060897 0.150934 0.060897
v 0.066569 0.150934 0.054632
v 0.071601 0.150934 0.047842
v 0.075949 0.150934 0.040594
v 0.079566 0.150934 0.032957
v 0.082408 0.150934 0.024999
v 0.084459 0.150933 0.016800
v 0.085702 0.150933 0.008440
v 0.059523 0.163070 -0.002924
v 0.058947 0.163070 0.008744
v 0.057806 0.163070 -0.014480
v 0.056111 0.163070 0.020077
v 0.053874 0.163070 -0.025480
v 0.051114 0.163070 0.030636
v 0.047865 0.163070 -0.035499
v 0.044157 0.163070 -0.040022
v 0.040022 0.163070 -0.044157
v 0.035499 0.163070 -0.047865
v 0.030636 0.163070 -0.051114
v 0.025480 0.163070 -0.053874
v 0.020077 0.163070 -0.056112
v 0.014480 0.163070 -0.057806
v 0.008744 0.163070 -0.058948
v 0.002924 0.163070 -0.059524
v -0.002924 0.163070 -0.059524
v -0.008744 0.163070 -0.058948
v -0.014480 0.163070 -0.057806
v -0.020077 0.163070 -0.056112
v -0.025480 0.163070 -0.053874
v -0.030636 0.163070 -0.051114
v -0.035499 0.163070 -0.047865
v -0.040022 0.163070 -0.044157
v -0.044157 0.163070 -0.040022
v -0.047865 0.163070 -0.035499
v -0.051114 0.163070 -0.030636
v -0.053874 0.163070 -0.025480
v -0.056111 0.163070 -0.020077
v -0.057806 0.163070 -0.014480
v -0.058947 0.163070 -0.008744
v -0.059523 0.163070 -0.002924
v -0.059523 0.163070 0.002924
v -0.058947 0.163070 0.008744
v -0.057806 0.163070 0.014480
v -0.056111 0.163070 0.020077
v -0.053874 0.163070 0.025480
v -0.051114 0.163070 0.030636
v -0.047865 0.163070 0.035499
v -0.044157 0.163070 0.040022
v -0.040022 0.163070 0.044157
v -0.035499 0.163070 0.047865
v -0.030636 0.163070 0.051114
v -0.025480 0.163070 0.053874
v -0.020077 0.163070 0.056111
v -0.014480 0.163070 0.057806
v -0.008744 0.163070 0.058947
v -0.002924 0.163070 0.059523
v 0.002924 0.163070 0.059523
v 0.008744 0.163070 0.058947
v 0.014480 0.163070 0.057806
v 0.020077 0.163070 0.056111
v 0.025480 0.163070 0.053873
v 0.030636 0.163070 0.051114
v 0.035499 0.163070 0.047865
v 0.040022 0.163070 0.044157
v 0.044157 0.163070 0.040022
v 0.047865 0.163070 0.035499
v 0.051114 0.163070 -0.030636
v 0.053874 0.163070 0.025480
v 0.056111 0.163070 -0.020077
v 0.057806 0.163070 0.014480
v 0.058947 0.163070 -0.008744
v 0.059523 0.163070 0.002924
v 0.056971 0.161260 -0.002799
v 0.056419 0.161260 -0.008369
v 0.055327 0.161260 -0.013859
v 0.053705 0.161260 -0.019216
v 0.051563 0.161260 -0.024387
v 0.048922 0.161260 -0.029323
v 0.045812 0.161260 -0.033977
v 0.042263 0.161260 -0.038306
v 0.038306 0.161260 -0.042263
v 0.033977 0.161260 -0.045812
v 0.029322 0.161260 -0.048922
v 0.024387 0.161260 -0.051563
v 0.019216 0.161260 -0.053705
v 0.013859 0.161260 -0.055327
v 0.008369 0.161260 -0.056420
v 0.002798 0.161260 -0.056971
v -0.002798 0.161260 -0.056971
v -0.008369 0.161260 -0.056420
v -0.013859 0.161260 -0.055327
v -0.019216 0.161260 -0.053705
v -0.024387 0.161260 -0.051563
v -0.029322 0.161260 -0.048922
v -0.033977 0.161260 -0.045812
v -0.038306 0.161260 -0.042263
v -0.042263 0.161260 -0.038306
v -0.045812 0.161260 -0.033977
v -0.048922 0.161260 -0.029323
v -0.051563 0.161260 -0.024387
v -0.053705 0.161260 -0.019216
v -0.055327 0.161260 -0.013859
v -0.056419 0.161260 -0.008369
v -0.056971 0.161260 -0.002799
v -0.056971 0.161260 0.002798
v -0.056419 0.161260 0.008369
v -0.055327 0.161260 0.013859
v -0.053705 0.161260 0.019216
v -0.051563 0.161260 0.024387
v -0.048922 0.161260 0.029322
v -0.045812 0.161260 0.033977
v -0.042263 0.161260 0.038306
v -0.038306 0.161260 0.042263
v -0.033977 0.161260 0.045812
v -0.029322 0.161260 0.048922
v -0.024387 0.161260 0.051563
v -0.019216 0.161260 0.053705
v -0.013859 0.161260 0.055327
v -0.008369 0.161260 0.056419
v -0.002798 0.161260 0.056971
v 0.002798 0.161260 0.056971
v 0.008369 0.161260 0.056419
v 0.013859 0.161260 0.055327
v 0.019216 0.161260 0.053705
v 0.024387 0.161260 0.051563
v 0.029322 0.161260 0.048922
v 0.033977 0.161260 0.045812
v 0.038306 0.161260 0.042263
v 0.042263 0.161260 0.038305
v 0.045812 0.161260 0.033977
v 0.048922 0.161260 0.029322
v 0.051563 0.161260 0.024387
v 0.053705 0.161260 0.019216
v 0.055327 0.161260 0.013859
v 0.056419 0.161260 0.008369
v 0.056971 0.161260 0.002798
v 0.058389 0.162165 -0.000000
v 0.058105 0.162165 0.005722
v 0.057262 0.162165 0.011390
v 0.055872 0.162165 0.016949
v 0.053945 0.162165 0.022345
v 0.051492 0.162165 0.027522
v 0.048544 0.162165 0.032436
v 0.045133 0.162165 0.037040
v 0.041288 0.162165 0.041287
v 0.037040 0.162165 0.045132
v 0.032436 0.162165 0.048544
v 0.027522 0.162165 0.051492
v 0.022345 0.162165 0.053945
v 0.016949 0.162165 0.055872
v 0.011390 0.162165 0.057262
v 0.005722 0.162165 0.058105
v 0.000000 0.162165 0.058389
v -0.005722 0.162165 0.058105
v -0.011390 0.162165 0.057262
v -0.016949 0.162165 0.055872
v -0.022345 0.162165 0.053945
v -0.027522 0.162165 0.051492
v -0.032436 0.162165 0.048544
v -0.037040 0.162165 0.045132
v -0.041288 0.162165 0.041287
v -0.045133 0.162165 0.037040
v -0.048544 0.162165 0.032436
v -0.051492 0.162165 0.027522
v -0.053945 0.162165 0.022345
v -0.055872 0.162165 0.016949
v -0.057262 0.162165 0.011390
v -0.058105 0.162165 0.005722
v -0.058389 0.162165 -0.000000
v -0.058105 0.162165 -0.005722
v -0.057262 0.162165 -0.011390
v -0.055872 0.162165 -0.016949
v -0.053945 0.162165 -0.022345
v -0.051492 0.162165 -0.027523
v -0.048544 0.162165 -0.032436
v -0.045133 0.162165 -0.037040
v -0.041288 0.162165 -0.041288
v -0.037040 0.162165 -0.045133
v -0.032436 0.162165 -0.048544
v -0.027522 0.162165 -0.051492
v -0.022345 0.162165 -0.053945
v -0.016949 0.162165 -0.055872
v -0.011390 0.162165 -0.057262
v -0.005722 0.162165 -0.058105
v 0.000000 0.162165 -0.058389
v 0.005722 0.162165 -0.058105
v 0.011390 0.162165 -0.057262
v 0.016949 0.162165 -0.055872
v 0.022345 0.162165 -0.053945
v 0.027522 0.162165 -0.051492
v 0.032436 0.162165 -0.048544
v 0.037040 0.162165 -0.045133
v 0.041288 0.162165 -0.041288
v 0.045133 0.162165 -0.037040
v 0.048544 0.162165 -0.032436
v 0.051492 0.162165 -0.027523
v 0.053945 0.162165 -0.022345
v 0.055872 0.162165 -0.016949
v 0.057262 0.162165 -0.011390
v 0.058105 0.162165 -0.005722
v 0.058247 0.162165 -0.002861
v 0.057683 0.162165 -0.008556
v 0.056567 0.162165 -0.014170
v 0.054908 0.162165 -0.019647
v 0.052718 0.162165 -0.024934
v 0.050018 0.162165 -0.029979
v 0.046838 0.162165 -0.034738
v 0.043210 0.162165 -0.039164
v 0.039164 0.162165 -0.043210
v 0.034738 0.162165 -0.046839
v 0.029979 0.162165 -0.050018
v 0.024934 0.162165 -0.052719
v 0.019647 0.162165 -0.054908
v 0.014170 0.162165 -0.056567
v 0.008556 0.162165 -0.057684
v 0.002861 0.162165 -0.058247
v -0.002861 0.162165 -0.058247
v -0.008556 0.162165 -0.057684
v -0.014170 0.162165 -0.056567
v -0.019647 0.162165 -0.054908
v -0.024934 0.162165 -0.052719
v -0.029979 0.162165 -0.050018
v -0.034738 0.162165 -0.046839
v -0.039164 0.162165 -0.043210
v -0.043210 0.162165 -0.039164
v -0.046838 0.162165 -0.034738
v -0.050018 0.162165 -0.029979
v -0.052718 0.162165 -0.024934
v -0.054908 0.162165 -0.019647
v -0.056567 0.162165 -0.014170
v -0.057683 0.162165 -0.008556
v -0.058247 0.162165 -0.002861
v -0.058247 0.162165 0.002861
v -0.057683 0.162165 0.008556
v -0.056567 0.162165 0.014169
v -0.054908 0.162165 0.019647
v -0.052718 0.162165 0.024933
v -0.050018 0.162165 0.029979
v -0.046838 0.162165 0.034738
v -0.043210 0.162165 0.039164
v -0.039164 0.162165 0.043210
v -0.034738 0.162165 0.046838
v -0.029979 0.162165 0.050018
v -0.024934 0.162165 0.052718
v -0.019647 0.162165 0.054908
v -0.014170 0.162165 0.056567
v -0.008556 0.162165 0.057683
v -0.002861 0.162165 0.058247
v 0.002861 0.162165 0.058247
v 0.008556 0.162165 0.057683
v 0.014170 0.162165 0.056567
v 0.019647 0.162165 0.054908
v 0.024934 0.162165 0.052718
v 0.029979 0.162165 0.050018
v 0.034738 0.162165 0.046838
v 0.039164 0.162165 0.043210
v 0.043210 0.162165 0.039164
v 0.046838 0.162165 0.034738
v 0.050018 0.162165 0.029979
v 0.052718 0.162165 0.024933
v 0.054908 0.162165 0.019647
v 0.056567 0.162165 0.014169
v 0.057683 0.162165 0.008556
v 0.058247 0.162165 0.002861
vn 0.8513 0.5241 -0.0255
vn 0.8615 0.5026 -0.0718
vn 0.8638 0.5039 -0.0000
vn 0.8191 0.5737 -0.0000
vn 0.7493 0.6556 -0.0937
vn 0.7526 0.6585 -0.0000
vn 0.8459 0.5287 -0.0705
vn 0.8479 0.5301 -0.0000
vn 0.8919 0.4460 -0.0743
vn 0.8000 0.6000 -0.0000
vn 0.9204 0.3835 -0.0767
vn 0.9231 0.3846 -0.0000
vn 0.9670 0.2417 -0.0806
vn 0.9702 0.2425 -0.0000
vn 0.9923 -0.0000 -0.1240
vn 1.0000 -0.0000 -0.0000
vn 0.9831 -0.1639 -0.0819
vn 0.9864 -0.1644 -0.0000
vn 0.8889 -0.4444 -0.1111
vn 0.9487 -0.3162 -0.0000
vn 0.7961 -0.5969 -0.0995
vn 0.8001 -0.5999 -0.0000
vn 0.8301 -0.5534 -0.0692
vn 0.7072 -0.7070 -0.0000
vn 0.7044 -0.7043 -0.0880
vn 0.8321 -0.5547 -0.0000
vn 0.8888 -0.4446 -0.1111
vn 0.7071 -0.7071 -0.0000
vn 0.8944 -0.4473 -0.0000
vn 0.8889 -0.4445 -0.1111
vn 0.8888 -0.4445 -0.1111
vn 0.7045 -0.7043 -0.0880
vn 1.0000 -0.0000 0.0001
vn 0.0001 -1.0000 -0.0000
vn 0.8931 -0.4464 -0.0558
vn 1.0000 -0.0002 0.0001
vn 0.9980 -0.0002 -0.0624
vn 1.0000 -0.0002 -0.0000
vn 0.9981 -0.0001 -0.0624
vn 1.0000 -0.0001 -0.0000
vn 1.0000 -0.0002 -0.0001
vn 0.9981 0.0001 -0.0624
vn 1.0000 0.0001 -0.0000
vn 0.4466 0.8930 -0.0558
vn 0.4473 0.8944 0.0002
vn -0.0000 0.9981 -0.0623
vn 0.4475 0.8943 -0.0000
vn 0.4471 0.8945 -0.0000
vn 0.2848 0.9582 -0.0282
vn 0.0001 1.0000 -0.0000
vn 0.4470 0.8945 -0.0000
vn 0.4472 0.8944 -0.0000
vn 0.4465 0.8930 -0.0558
vn 0.4470 0.8941 -0.0279
vn 0.2426 0.9701 -0.0001
vn 0.2425 0.9697 -0.0303
vn 0.4473 0.8944 -0.0000
vn 0.7190 0.6894 -0.0885
vn 0.4006 0.7505 0.5256
vn 0.7241 0.6897 -0.0000
vn 0.4471 0.8940 0.0280
vn 0.3324 0.7082 -0.6229
vn -0.4339 0.7928 -0.4281
vn -0.0560 0.7369 0.6737
vn 0.2422 0.9683 0.0605
vn 0.4470 0.8941 0.0279
vn 0.4465 0.8930 0.0558
vn 0.4464 0.8931 0.0558
vn 0.4470 0.8941 0.0280
vn 0.4444 0.8889 0.1111
vn 0.4472 0.8945 0.0001
vn 0.4471 0.8945 0.0001
vn 0.0001 1.0000 0.0001
vn 0.4472 0.8945 -0.0000
vn 0.0001 1.0000 0.0002
vn 0.0002 1.0000 0.0002
vn -0.0000 0.9981 0.0624
vn 0.4466 0.8930 0.0558
vn 0.4446 0.8888 0.1111
vn 0.9923 0.0002 0.1241
vn 0.9981 0.0001 0.0624
vn 1.0000 -0.0001 0.0001
vn 0.9923 -0.0001 0.1241
vn 0.9981 -0.0001 0.0624
vn 0.9923 -0.0002 0.1241
vn 0.9980 -0.0001 0.0624
vn 0.9923 -0.0001 0.1240
vn 0.9981 -0.0002 0.0624
vn 0.9701 -0.0002 0.2425
vn 0.7044 -0.7043 0.0880
vn 0.6965 -0.6962 0.1740
vn 0.9923 -0.0000 0.1240
vn 0.6965 -0.6962 0.1741
vn 0.0001 -1.0000 0.0001
vn 0.7044 -0.7043 0.0881
vn 0.9701 -0.0000 0.2425
vn 0.7045 -0.7043 0.0880
vn 0.6964 -0.6962 0.1741
vn 0.8889 -0.4445 0.1111
vn 0.8728 -0.4365 0.2182
vn 0.8930 -0.4467 0.0558
vn 0.8728 -0.4366 0.2182
vn 0.8888 -0.4446 0.1111
vn -0.0001 -0.8944 0.4473
vn 0.8301 -0.5534 0.0692
vn 0.8242 -0.5494 0.1374
vn 0.7991 -0.5992 0.0500
vn 0.8846 -0.4424 0.1474
vn 0.8889 -0.4444 0.1111
vn 0.9370 -0.3124 0.1562
vn 0.9855 -0.1643 0.0411
vn 0.9733 -0.1622 0.1622
vn 0.9702 -0.0000 0.2425
vn 0.9577 0.2394 0.1596
vn 0.9670 0.2417 0.0806
vn 0.9123 0.3802 0.1521
vn 0.9204 0.3835 0.0767
vn 0.8846 0.4424 0.1475
vn 0.8919 0.4460 0.0743
vn 0.7177 0.6728 0.1794
vn 0.8459 0.5287 0.0705
vn 0.7396 0.6471 0.1849
vn 0.7493 0.6556 0.0937
vn 0.8550 0.4987 0.1425
vn 0.8615 0.5026 0.0718
vn 0.8269 0.5214 0.2107
vn 0.8392 0.5363 0.0901
vn 0.8443 0.4925 0.2111
vn 0.7942 0.5427 0.2733
vn 0.7396 0.6471 0.1850
vn 0.7734 0.5628 0.2917
vn 0.7044 0.6163 0.3522
vn 0.7145 0.5358 0.4498
vn 0.7043 0.6163 0.3523
vn 0.6313 0.6447 0.4310
vn 0.6253 0.5762 0.5263
vn 0.6013 0.5262 0.6013
vn 0.5944 0.5144 0.6181
vn 0.4724 0.5096 0.7191
vn 0.3523 0.6163 0.7043
vn 0.5200 0.5050 0.6889
vn 0.4915 0.5735 0.6554
vn 0.3569 0.5510 0.7543
vn 0.3522 0.6163 0.7044
vn 0.3944 0.5213 0.7568
vn 0.3521 0.6163 0.7044
vn 0.3917 0.5183 0.7602
vn 0.1425 0.4987 0.8550
vn 0.1403 0.5389 0.8306
vn 0.0718 0.5026 0.8615
vn 0.1514 0.5445 0.8250
vn -0.0000 0.5039 0.8638
vn -0.0281 0.5244 0.8510
vn -0.0718 0.5026 0.8615
vn -0.0280 0.5579 0.8294
vn -0.1425 0.4987 0.8550
vn -0.1168 0.5631 0.8181
vn -0.2111 0.4926 0.8443
vn -0.1990 0.6272 0.7530
vn -0.1850 0.6471 0.7396
vn -0.3968 0.5243 0.7535
vn -0.4445 0.7777 0.4445
vn -0.3651 0.6122 0.7014
vn -0.3523 0.6163 0.7044
vn -0.4310 0.6447 0.6313
vn -0.3523 0.6163 0.7043
vn -0.5263 0.5762 0.6253
vn -0.6013 0.5262 0.6013
vn -0.6181 0.5144 0.5944
vn -0.7191 0.5096 0.4724
vn -0.7043 0.6163 0.3523
vn -0.8009 0.5043 0.3229
vn -0.6554 0.5735 0.4915
vn -0.7543 0.5510 0.3569
vn -0.7044 0.6163 0.3522
vn -0.7568 0.5213 0.3944
vn -0.8300 0.4842 0.2767
vn -0.8261 0.5275 0.1982
vn -0.8550 0.4987 0.1425
vn -0.8306 0.5389 0.1403
vn -0.8615 0.5026 0.0718
vn -0.8459 0.5301 0.0587
vn -0.8638 0.5039 -0.0000
vn -0.8318 0.5516 0.0620
vn -0.8615 0.5026 -0.0718
vn -0.8428 0.5182 -0.1451
vn -0.8550 0.4987 -0.1425
vn -0.8269 0.5214 -0.2107
vn -0.8443 0.4925 -0.2111
vn -0.7942 0.5427 -0.2733
vn -0.7396 0.6471 -0.1850
vn -0.7734 0.5628 -0.2917
vn -0.7044 0.6163 -0.3522
vn -0.7145 0.5358 -0.4498
vn -0.7043 0.6163 -0.3523
vn -0.7027 0.5417 -0.4613
vn -0.6013 0.5262 -0.6013
vn -0.6253 0.5762 -0.5263
vn -0.7043 0.6163 -0.3524
vn -0.5944 0.5144 -0.6181
vn -0.3523 0.6163 -0.7043
vn -0.4725 0.5096 -0.7191
vn -0.2408 0.8427 -0.4816
vn -0.4125 0.5519 -0.7247
vn -0.4915 0.5735 -0.6554
vn -0.3569 0.5510 -0.7543
vn -0.3522 0.6163 -0.7044
vn -0.2898 0.5664 -0.7715
vn -0.2767 0.4842 -0.8301
vn -0.1982 0.5275 -0.8261
vn -0.1425 0.4987 -0.8550
vn -0.1403 0.5389 -0.8306
vn -0.0718 0.5026 -0.8615
vn -0.0587 0.5301 -0.8459
vn -0.0000 0.5039 -0.8638
vn -0.0620 0.5516 -0.8318
vn 0.0718 0.5026 -0.8615
vn 0.1188 0.5217 -0.8448
vn 0.1425 0.4987 -0.8550
vn 0.2107 0.5214 -0.8269
vn 0.2767 0.4843 -0.8300
vn 0.2733 0.5427 -0.7942
vn 0.3522 0.6163 -0.7044
vn 0.1863 0.5314 -0.8264
vn 0.4915 0.5735 -0.6554
vn 0.4498 0.5358 -0.7145
vn 0.2408 0.8427 -0.4816
vn 0.5125 0.5513 -0.6584
vn 0.3523 0.6163 -0.7043
vn 0.5263 0.5762 -0.6253
vn 0.6013 0.5262 -0.6013
vn 0.6181 0.5144 -0.5944
vn 0.7043 0.6163 -0.3523
vn 0.7191 0.5096 -0.4725
vn 0.7396 0.6471 -0.1851
vn 0.8009 0.5043 -0.3229
vn 0.7044 0.6163 -0.3522
vn 0.7543 0.5510 -0.3569
vn 0.7568 0.5213 -0.3944
vn 0.8301 0.4842 -0.2767
vn 0.8261 0.5275 -0.1982
vn 0.8615 0.5026 -0.0719
vn 0.8123 0.5165 -0.2710
vn 0.7177 0.6728 -0.1794
vn 0.7428 0.5571 -0.3713
vn 0.8846 0.4424 -0.1475
vn 0.8823 0.3676 -0.2941
vn 0.9123 0.3802 -0.1521
vn 0.9231 0.2308 -0.3077
vn 0.9577 0.2394 -0.1596
vn 0.9701 -0.0000 -0.2425
vn 0.9702 -0.0000 -0.2425
vn 0.8729 -0.2182 -0.4364
vn 0.9733 -0.1622 -0.1622
vn 0.9231 -0.3077 -0.2308
vn 0.9370 -0.3124 -0.1562
vn 0.7429 -0.5570 -0.3713
vn 0.8919 -0.4460 -0.0744
vn 0.6964 -0.6962 -0.1741
vn 0.8242 -0.5494 -0.1374
vn 0.6667 -0.6666 -0.3333
vn 0.6963 -0.6963 -0.1741
vn 0.8728 -0.4366 -0.2182
vn 0.8728 -0.4365 -0.2182
vn -0.0001 -0.8944 -0.4472
vn 0.8888 -0.4446 -0.1112
vn -0.0002 -0.8945 -0.4472
vn 0.8944 -0.0000 -0.4473
vn 0.6964 -0.6962 -0.1740
vn -0.0000 -0.8944 -0.4473
vn 0.6668 -0.6666 -0.3333
vn 0.6965 -0.6962 -0.1741
vn 0.6965 -0.6962 -0.1740
vn 1.0000 -0.0000 -0.0001
vn 0.9701 -0.0002 -0.2425
vn 0.9923 -0.0001 -0.1241
vn 0.8945 -0.0002 -0.4471
vn 0.9701 -0.0001 -0.2426
vn 0.9702 -0.0001 -0.2425
vn 0.9701 0.0001 -0.2425
vn 0.9923 0.0001 -0.1241
vn 0.4365 0.8728 -0.2182
vn 0.4445 0.8888 -0.1111
vn 0.4472 0.8944 -0.0001
vn 0.4444 0.8889 -0.1111
vn 0.2739 0.9582 -0.0830
vn 0.0002 1.0000 -0.0000
vn 0.4472 0.8945 -0.0001
vn 0.4465 0.8931 -0.0558
vn 0.4464 0.8931 -0.0558
vn 0.4445 0.8889 -0.1111
vn 0.6874 0.6893 -0.2288
vn -0.5805 0.8027 0.1364
vn 0.7172 0.6893 -0.1024
vn 0.2409 0.9631 0.1204
vn 0.3105 0.7337 -0.6044
vn -0.3115 0.7942 -0.5218
vn -0.3038 0.7436 0.5957
vn 0.4472 0.8944 0.0001
vn 0.2408 0.9631 0.1204
vn 0.4364 0.8729 0.2182
vn 0.0002 1.0000 -0.0001
vn 0.2739 0.9582 0.0830
vn 0.2644 0.9582 0.1095
vn 0.4366 0.8728 0.2182
vn 0.8944 0.0002 0.4472
vn 0.9701 0.0001 0.2426
vn 0.8945 -0.0000 0.4471
vn 0.8944 -0.0000 0.4472
vn 0.9701 -0.0002 0.2426
vn 0.8944 -0.0002 0.4472
vn 0.8945 -0.0001 0.4472
vn 0.8944 -0.0001 0.4472
vn 0.6668 -0.6666 0.3333
vn 0.8945 -0.0000 0.4472
vn 0.6667 -0.6666 0.3333
vn -0.0002 -0.8944 0.4472
vn 0.8165 -0.4083 0.4082
vn 0.6963 -0.6963 0.1741
vn 0.6667 -0.6667 0.3333
vn 0.8728 -0.4365 0.2183
vn 0.7845 -0.5883 0.1961
vn 0.7845 -0.5883 0.1962
vn 0.7428 -0.5571 0.3713
vn 0.8571 -0.4286 0.2857
vn 0.9045 -0.3016 0.3015
vn 0.9045 -0.3016 0.3016
vn 0.9117 -0.2279 0.3419
vn 0.8729 -0.2182 0.4364
vn 0.9487 -0.0000 0.3162
vn 0.8480 0.3179 0.4240
vn 0.9231 0.2308 0.3077
vn 0.8296 0.5184 0.2075
vn 0.8994 0.3748 0.2249
vn 0.7428 0.5571 0.3714
vn 0.7428 0.5571 0.3713
vn 0.4259 0.7984 0.4257
vn 0.7177 0.6728 0.1795
vn 0.6854 0.6425 0.3427
vn 0.6853 0.6425 0.3428
vn 0.7043 0.6163 0.3522
vn 0.5894 0.5526 0.5893
vn 0.5893 0.5526 0.5893
vn 0.3427 0.6425 0.6853
vn 0.3428 0.6425 0.6853
vn 0.3427 0.6425 0.6854
vn 0.1849 0.6471 0.7396
vn 0.2408 0.8426 0.4816
vn 0.0936 0.6556 0.7493
vn 0.0937 0.6556 0.7493
vn -0.0000 0.5039 0.8637
vn -0.0000 0.6585 0.7526
vn -0.0936 0.6556 0.7493
vn -0.0937 0.6556 0.7493
vn -0.1849 0.6471 0.7396
vn -0.2408 0.8426 0.4817
vn -0.3427 0.6425 0.6854
vn -0.3522 0.6163 0.7044
vn -0.4258 0.7983 0.4259
vn -0.3428 0.6425 0.6853
vn -0.3522 0.6163 0.7043
vn -0.5893 0.5526 0.5894
vn -0.6012 0.5263 0.6013
vn -0.5893 0.5526 0.5893
vn -0.6853 0.6425 0.3427
vn -0.6853 0.6425 0.3428
vn -0.7043 0.6163 0.3522
vn -0.6854 0.6425 0.3427
vn -0.4259 0.7983 0.4258
vn -0.7396 0.6471 0.1849
vn -0.7493 0.6556 0.0937
vn -0.8637 0.5040 -0.0000
vn -0.7296 0.6839 -0.0000
vn -0.7493 0.6556 -0.0937
vn -0.7396 0.6471 -0.1849
vn -0.7177 0.6728 -0.1794
vn -0.4446 0.7777 -0.4444
vn -0.6854 0.6425 -0.3427
vn -0.7043 0.6163 -0.3522
vn -0.5893 0.5526 -0.5893
vn -0.3427 0.6425 -0.6853
vn -0.6012 0.5263 -0.6013
vn -0.3428 0.6425 -0.6853
vn -0.3427 0.6425 -0.6854
vn -0.1850 0.6471 -0.7396
vn -0.1794 0.6728 -0.7177
vn -0.0937 0.6556 -0.7493
vn -0.0909 0.6810 -0.7266
vn -0.1849 0.6471 -0.7396
vn -0.0354 0.5297 -0.8474
vn -0.0470 0.6578 -0.7517
vn -0.0000 0.5301 -0.8479
vn -0.0000 0.6585 -0.7526
vn 0.0354 0.5297 -0.8474
vn 0.0470 0.6578 -0.7518
vn 0.1794 0.6728 -0.7177
vn 0.1849 0.6471 -0.7396
vn 0.3427 0.6425 -0.6854
vn 0.1795 0.6728 -0.7177
vn 0.1850 0.6471 -0.7396
vn 0.3428 0.6425 -0.6853
vn 0.4444 0.7777 -0.4446
vn 0.5893 0.5526 -0.5894
vn 0.5893 0.5526 -0.5893
vn 0.5894 0.5526 -0.5893
vn 0.6853 0.6425 -0.3428
vn 0.6854 0.6425 -0.3427
vn 0.7396 0.6471 -0.1850
vn 0.4259 0.7983 -0.4258
vn 0.7177 0.6728 -0.1795
vn 0.7428 0.5571 -0.3714
vn 0.8381 0.3492 -0.4191
vn 0.8822 0.3676 -0.2941
vn 0.8480 0.3179 -0.4240
vn 0.8944 -0.0000 -0.4472
vn 0.9487 -0.0000 -0.3162
vn 0.8847 -0.1475 -0.4423
vn 0.8571 -0.2858 -0.4286
vn 0.9045 -0.3016 -0.3015
vn 0.6861 -0.5145 -0.5144
vn 0.8571 -0.4286 -0.2857
vn 0.6667 -0.6666 -0.3334
vn 0.4083 -0.8164 -0.4083
vn 0.6667 -0.6667 -0.3333
vn 0.8165 -0.4083 -0.4082
vn 0.8728 -0.4365 -0.2183
vn 0.8164 -0.4084 -0.4082
vn 0.7071 -0.7071 -0.0001
vn 0.6668 -0.6665 -0.3333
vn 0.7071 -0.7072 -0.0000
vn 0.8945 -0.0001 -0.4472
vn 0.8944 -0.0001 -0.4472
vn 0.8944 -0.0002 -0.4472
vn 0.7073 -0.0000 -0.7070
vn 0.8944 0.0002 -0.4472
vn -0.0002 0.9701 -0.2427
vn 0.4364 0.8729 -0.2182
vn 0.0001 1.0000 -0.0001
vn 0.0002 1.0000 0.0001
vn 0.2523 0.9582 -0.1350
vn 0.2644 0.9582 -0.1095
vn 0.4471 0.8945 -0.0002
vn 0.0001 0.9701 -0.2425
vn 0.0001 0.9923 -0.1241
vn 0.2358 0.9428 -0.2357
vn 0.2408 0.9631 -0.1204
vn 0.4365 0.8729 -0.2182
vn 0.4445 0.8888 -0.1112
vn 0.5491 0.6739 -0.4943
vn -0.5745 0.7900 0.2142
vn 0.7309 0.6749 -0.1011
vn 0.4445 0.8888 0.1112
vn 0.5513 0.7064 -0.4440
vn 0.1459 0.6725 -0.7256
vn -0.7875 0.6016 0.1338
vn 0.2358 0.9428 0.2357
vn 0.2357 0.9428 0.2357
vn 0.0001 0.9702 0.2425
vn 0.0001 0.9701 0.2426
vn 0.4363 0.8730 0.2182
vn 0.0002 0.9701 0.2425
vn 0.4363 0.8729 0.2182
vn 0.0002 0.9702 0.2425
vn -0.0000 1.0000 0.0002
vn 0.2523 0.9582 0.1350
vn 0.2379 0.9582 0.1590
vn 0.4472 0.8944 0.0002
vn 0.4083 0.8164 0.4083
vn 0.7072 -0.0000 0.7070
vn 0.8944 0.0001 0.4472
vn 0.0001 -0.0000 1.0000
vn 0.7071 -0.0000 0.7071
vn 0.7072 -0.0001 0.7070
vn 0.7071 -0.0001 0.7071
vn 0.7071 -0.0002 0.7071
vn 0.6667 -0.6666 0.3334
vn 0.5774 -0.5773 0.5774
vn 0.5775 -0.5773 0.5773
vn 0.7071 -0.7071 0.0001
vn 0.8164 -0.4084 0.4082
vn 0.8164 -0.4083 0.4083
vn 0.6667 -0.6667 0.3334
vn 0.8165 -0.4084 0.4082
vn 0.8164 -0.4084 0.4083
vn 0.5774 -0.5774 0.5772
vn 0.6667 -0.6666 0.3335
vn 0.7428 -0.5571 0.3714
vn 0.6248 -0.6246 0.4685
vn 0.6861 -0.5145 0.5144
vn 0.6248 -0.4685 0.6246
vn 0.8571 -0.2858 0.4286
vn 0.7428 -0.3714 0.5571
vn 0.8846 -0.1475 0.4423
vn 0.8846 -0.1475 0.4424
vn 0.8320 -0.0000 0.5547
vn 0.8146 0.2037 0.5431
vn 0.7156 0.4472 0.5366
vn 0.8381 0.3492 0.4191
vn 0.6860 0.5145 0.5144
vn 0.6468 0.4042 0.6467
vn 0.3716 0.5571 0.7427
vn 0.6468 0.4042 0.6468
vn 0.7235 0.5879 0.3619
vn 0.6467 0.4042 0.6468
vn 0.3904 0.4879 0.7807
vn 0.5145 0.5145 0.6860
vn 0.4191 0.3492 0.8381
vn 0.5144 0.5145 0.6860
vn 0.3903 0.4879 0.7808
vn 0.3714 0.5571 0.7428
vn 0.2249 0.3748 0.8994
vn 0.3617 0.5879 0.7236
vn 0.1521 0.3802 0.9123
vn 0.1450 0.4713 0.8700
vn 0.0385 0.3843 0.9224
vn 0.0731 0.4750 0.8769
vn -0.0000 0.3846 0.9231
vn -0.0000 0.6306 0.7761
vn -0.0767 0.3835 0.9204
vn -0.0731 0.4750 0.8769
vn -0.1521 0.3802 0.9123
vn -0.0731 0.4751 0.8769
vn -0.2249 0.3748 0.8994
vn -0.2147 0.4652 0.8588
vn -0.2075 0.5184 0.8296
vn -0.3618 0.5878 0.7236
vn -0.5366 0.4472 0.7156
vn -0.5030 0.5450 0.6708
vn -0.3714 0.5571 0.7428
vn -0.6467 0.4042 0.6468
vn -0.7427 0.5571 0.3716
vn -0.6467 0.4043 0.6467
vn -0.3716 0.5571 0.7427
vn -0.6468 0.4042 0.6467
vn -0.7427 0.5571 0.3715
vn -0.7807 0.4879 0.3905
vn -0.6860 0.5145 0.5145
vn -0.8381 0.3492 0.4191
vn -0.6708 0.5450 0.5030
vn -0.7808 0.4879 0.3903
vn -0.7236 0.5878 0.3618
vn -0.8994 0.3748 0.2249
vn -0.7236 0.5879 0.3617
vn -0.9123 0.3802 0.1521
vn -0.8700 0.4713 0.1450
vn -0.9204 0.3835 0.0767
vn -0.8769 0.4750 0.0731
vn -0.9231 0.3846 -0.0000
vn -0.7762 0.6305 -0.0000
vn -0.9204 0.3835 -0.0767
vn -0.8769 0.4750 -0.0731
vn -0.9123 0.3802 -0.1521
vn -0.8700 0.4713 -0.1450
vn -0.8994 0.3748 -0.2249
vn -0.7453 0.6054 -0.2794
vn -0.8296 0.5184 -0.2075
vn -0.7236 0.5878 -0.3618
vn -0.8381 0.3492 -0.4191
vn -0.6708 0.5450 -0.5030
vn -0.7156 0.4472 -0.5366
vn -0.7235 0.5878 -0.3620
vn -0.6468 0.4042 -0.6467
vn -0.6131 0.4982 -0.6131
vn -0.6467 0.4043 -0.6467
vn -0.3619 0.5879 -0.7235
vn -0.7807 0.4879 -0.3904
vn -0.6246 0.4686 -0.6247
vn -0.5366 0.4472 -0.7156
vn -0.6396 0.6396 -0.4265
vn -0.4191 0.3492 -0.8381
vn -0.3714 0.5571 -0.7428
vn -0.2941 0.3676 -0.8822
vn -0.4850 0.7276 -0.4851
vn -0.2941 0.3676 -0.8823
vn -0.2182 0.4366 -0.8728
vn -0.1521 0.3802 -0.9123
vn -0.1475 0.4424 -0.8846
vn -0.0767 0.3835 -0.9204
vn -0.0373 0.4470 -0.8938
vn -0.0000 0.3846 -0.9231
vn -0.0000 0.6000 -0.8000
vn 0.0767 0.3835 -0.9204
vn 0.0743 0.4460 -0.8919
vn 0.1521 0.3802 -0.9123
vn 0.1475 0.4424 -0.8846
vn 0.2941 0.3676 -0.8823
vn 0.3713 0.5571 -0.7428
vn 0.2941 0.3676 -0.8822
vn 0.3714 0.5571 -0.7428
vn 0.4191 0.3492 -0.8381
vn 0.5366 0.4472 -0.7156
vn 0.4851 0.7275 -0.4852
vn 0.6467 0.4042 -0.6468
vn 0.6246 0.4686 -0.6247
vn 0.6468 0.4042 -0.6468
vn 0.3716 0.5571 -0.7427
vn 0.6468 0.4042 -0.6467
vn 0.6247 0.4686 -0.6246
vn 0.7156 0.4472 -0.5366
vn 0.6835 0.2563 -0.6834
vn 0.8146 0.2037 -0.5431
vn 0.7072 -0.0000 -0.7070
vn 0.8320 -0.0000 -0.5547
vn 0.6964 -0.1741 -0.6963
vn 0.8846 -0.1475 -0.4424
vn 0.6667 -0.3334 -0.6666
vn 0.7428 -0.3714 -0.5571
vn 0.6247 -0.4685 -0.6247
vn 0.6248 -0.4685 -0.6246
vn 0.3716 -0.5571 -0.7427
vn 0.6860 -0.5145 -0.5145
vn 0.5774 -0.5774 -0.5773
vn 0.5774 -0.5774 -0.5772
vn 0.8164 -0.4083 -0.4083
vn 0.8164 -0.4084 -0.4083
vn 0.6666 -0.3334 -0.6667
vn 0.6667 -0.6666 -0.3335
vn 0.5774 -0.5773 -0.5773
vn 0.5775 -0.5773 -0.5773
vn 0.7071 -0.0000 -0.7071
vn 0.5774 -0.5773 -0.5774
vn 0.7071 -0.0001 -0.7071
vn 0.8944 -0.0001 -0.4473
vn 0.7071 -0.0002 -0.7071
vn -0.0000 -0.0000 -1.0000
vn -0.0000 -0.0001 -1.0000
vn 0.7072 -0.0001 -0.7070
vn 0.7071 0.0002 -0.7071
vn 0.4083 0.8164 -0.4083
vn 0.2213 0.9582 -0.1815
vn -0.0000 1.0000 -0.0002
vn -0.0000 1.0000 -0.0001
vn -0.0000 1.0000 -0.0000
vn 0.4363 0.8729 -0.2182
vn 0.4363 0.8729 -0.2183
vn 0.2357 0.9428 -0.2357
vn 0.0002 0.9702 -0.2425
vn -0.0000 0.9701 -0.2426
vn 0.4889 0.6831 -0.5425
vn 0.6886 0.7239 0.0414
vn 0.4501 0.6639 -0.5972
vn 0.5817 0.7207 -0.3771
vn 0.6635 0.7082 -0.2412
vn -0.1284 0.7132 -0.6891
vn -0.0000 0.9701 0.2426
vn 0.2426 0.9701 0.0001
vn 0.4364 0.8729 0.2183
vn -0.0000 1.0000 0.0001
vn 0.4363 0.8729 0.2183
vn 0.2213 0.9582 0.1814
vn 0.2024 0.9582 0.2024
vn 0.0003 1.0000 -0.0001
vn 0.4082 0.8165 0.4082
vn -0.0001 0.8944 0.4472
vn 0.4083 0.8164 0.4084
vn 0.7071 0.0001 0.7071
vn 0.7072 -0.0001 0.7071
vn -0.0002 -0.7071 0.7071
vn 0.5774 -0.5772 0.5774
vn 0.5774 -0.5773 0.5773
vn 0.5774 -0.5774 0.5773
vn 0.6667 -0.3334 0.6666
vn 0.5773 -0.5774 0.5773
vn 0.6666 -0.3335 0.6666
vn 0.8164 -0.4083 0.4084
vn 0.5773 -0.5774 0.5774
vn 0.3335 -0.6666 0.6666
vn 0.6247 -0.4685 0.6247
vn 0.6666 -0.3334 0.6667
vn 0.6963 -0.1741 0.6963
vn 0.7072 -0.0000 0.7071
vn 0.8728 0.2182 0.4365
vn 0.8480 0.3179 0.4241
vn 0.7071 -0.0000 0.7072
vn 0.6834 0.2563 0.6835
vn 0.4473 -0.0000 0.8944
vn 0.4365 0.2182 0.8728
vn 0.4472 -0.0000 0.8944
vn 0.5747 0.2873 0.7663
vn 0.3162 -0.0000 0.9487
vn 0.3077 0.2308 0.9231
vn 0.2357 0.2357 0.9428
vn 0.2425 -0.0000 0.9702
vn 0.2279 0.3418 0.9117
vn 0.1240 -0.0000 0.9923
vn 0.0806 0.2417 0.9670
vn -0.0000 -0.0000 1.0000
vn -0.0000 0.2425 0.9702
vn -0.1240 -0.0000 0.9923
vn -0.0806 0.2417 0.9670
vn -0.2425 -0.0000 0.9702
vn -0.2279 0.3418 0.9117
vn -0.3162 -0.0000 0.9487
vn -0.3313 0.3312 0.8835
vn -0.4240 0.3179 0.8480
vn -0.4472 -0.0000 0.8944
vn -0.5547 -0.0000 0.8320
vn -0.5431 0.2037 0.8146
vn -0.7070 -0.0000 0.7072
vn -0.4241 0.3179 0.8480
vn -0.7071 -0.0000 0.7071
vn -0.4241 0.3180 0.8479
vn -0.7072 -0.0000 0.7070
vn -0.6835 0.2563 0.6834
vn -0.8944 -0.0000 0.4473
vn -0.8728 0.2182 0.4365
vn -0.8944 -0.0000 0.4472
vn -0.7663 0.2873 0.5747
vn -0.9487 -0.0000 0.3162
vn -0.9231 0.2308 0.3077
vn -0.9428 0.2357 0.2357
vn -0.9702 -0.0000 0.2425
vn -0.9577 0.2394 0.1596
vn -0.9829 -0.0000 0.1843
vn -0.9670 0.2417 0.0806
vn -1.0000 -0.0000 -0.0000
vn -0.9702 0.2425 -0.0000
vn -0.9829 -0.0000 -0.1843
vn -0.9670 0.2417 -0.0806
vn -0.9702 -0.0000 -0.2425
vn -0.9577 0.2394 -0.1596
vn -0.9487 -0.0000 -0.3162
vn -0.9428 0.2357 -0.2357
vn -0.8480 0.3179 -0.4240
vn -0.8944 -0.0000 -0.4472
vn -0.7663 0.2873 -0.5746
vn -0.8320 -0.0000 -0.5547
vn -0.8146 0.2037 -0.5431
vn -0.7072 -0.0000 -0.7070
vn -0.6835 0.2563 -0.6834
vn -0.7071 -0.0000 -0.7071
vn -0.4241 0.3180 -0.8479
vn -0.7070 -0.0000 -0.7072
vn -0.4241 0.3180 -0.8480
vn -0.5547 -0.0000 -0.8320
vn -0.5431 0.2037 -0.8146
vn -0.4472 -0.0000 -0.8944
vn -0.3078 0.2307 -0.9231
vn -0.3162 -0.0000 -0.9487
vn -0.3077 0.2308 -0.9231
vn -0.1644 -0.0000 -0.9864
vn -0.0806 0.2417 -0.9670
vn -0.1843 -0.0000 -0.9829
vn -0.0000 0.2425 -0.9702
vn 0.1843 -0.0000 -0.9829
vn 0.0404 0.2423 -0.9694
vn 0.2425 -0.0000 -0.9702
vn 0.1596 0.2394 -0.9577
vn 0.2425 -0.0000 -0.9701
vn 0.3077 0.2308 -0.9231
vn 0.3162 -0.0000 -0.9487
vn 0.4472 -0.0000 -0.8944
vn 0.3078 0.2308 -0.9230
vn 0.5547 -0.0000 -0.8320
vn 0.5431 0.2037 -0.8146
vn 0.7070 -0.0000 -0.7072
vn 0.4241 0.3179 -0.8480
vn 0.4241 0.3180 -0.8479
vn 0.6963 -0.1741 -0.6963
vn 0.6963 -0.1741 -0.6964
vn 0.6963 -0.1742 -0.6963
vn 0.6247 -0.4686 -0.6247
vn 0.7427 -0.5571 -0.3715
vn 0.5773 -0.5774 -0.5773
vn 0.5773 -0.5774 -0.5774
vn 0.5772 -0.5774 -0.5774
vn 0.6668 -0.3334 -0.6665
vn 0.4083 -0.4083 -0.8164
vn 0.6666 -0.6667 -0.3334
vn 0.5771 -0.5778 -0.5771
vn 0.5773 -0.5773 -0.5774
vn 0.5773 -0.5773 -0.5775
vn 0.7071 -0.0002 -0.7072
vn 0.7070 -0.0001 -0.7072
vn 0.7071 0.0001 -0.7071
vn 0.7071 0.0002 -0.7072
vn 0.4082 0.8164 -0.4084
vn 0.0001 0.8944 -0.4472
vn 0.4082 0.8166 -0.4082
vn 0.1815 0.9582 -0.2213
vn 0.2024 0.9582 -0.2024
vn 0.0001 1.0000 -0.0002
vn 0.2182 0.8729 -0.4363
vn 0.2183 0.8729 -0.4364
vn 0.2182 0.8729 -0.4364
vn 0.0001 0.9701 -0.2426
vn 0.2358 0.9428 -0.2358
vn -0.3771 0.7207 -0.5817
vn -0.2413 0.7082 -0.6635
vn -0.6890 0.7133 0.1283
vn 0.2357 0.9428 -0.2358
vn -0.0696 0.5093 -0.8578
vn -0.3343 0.6987 -0.6326
vn 0.2182 0.8728 -0.4365
vn -0.4440 0.7064 -0.5513
vn -0.2666 0.6326 -0.7271
vn 0.1204 0.9631 -0.2408
vn 0.1112 0.8888 -0.4445
vn -0.5456 0.7266 -0.4176
vn -0.4907 0.7498 -0.4439
vn 0.1111 0.8889 -0.4444
vn -0.6044 0.7337 -0.3105
vn -0.5633 0.7627 -0.3176
vn 0.0558 0.8930 -0.4465
vn 0.0605 0.9683 -0.2422
vn -0.6498 0.7391 -0.1776
vn -0.6073 0.7676 -0.2049
vn 0.0279 0.8941 -0.4470
vn 0.0280 0.8940 -0.4472
vn -0.6230 0.7081 -0.3325
vn -0.6254 0.7620 -0.1683
vn -0.0000 0.9701 -0.2427
vn -0.0000 0.8944 -0.4473
vn -0.6704 0.7368 -0.0876
vn -0.6297 0.7533 -0.1896
vn -0.0279 0.8941 -0.4470
vn -0.6740 0.7387 0.0119
vn -0.6391 0.7691 0.0002
vn -0.0558 0.8930 -0.4465
vn -0.0558 0.8930 -0.4466
vn -0.6799 0.7333 0.0065
vn -0.6367 0.7687 0.0606
vn -0.1111 0.8889 -0.4444
vn -0.1111 0.8889 -0.4445
vn -0.6581 0.7388 0.1450
vn -0.6332 0.7674 0.1011
vn -0.1204 0.9631 -0.2408
vn -0.1112 0.8888 -0.4445
vn -0.7066 0.7076 -0.0016
vn -0.6319 0.7618 0.1429
vn -0.2357 0.9428 -0.2358
vn -0.2182 0.8728 -0.4365
vn -0.5411 0.7345 0.4095
vn -0.6319 0.7514 0.1898
vn -0.1946 0.5985 0.7771
vn -0.3999 0.7243 0.5617
vn -0.2426 0.9701 -0.0000
vn -0.4960 0.7391 0.4557
vn -0.2596 0.6836 0.6821
vn -0.2357 0.9428 -0.2357
vn -0.7664 0.6354 0.0943
vn -0.5495 0.7413 0.3854
vn -0.2426 0.9701 -0.0001
vn -0.2358 0.9428 -0.2358
vn -0.5817 0.7207 0.3771
vn -0.6635 0.7082 0.2413
vn -0.2358 0.9428 -0.2357
vn -0.8578 0.5093 0.0696
vn -0.6326 0.6987 0.3342
vn -0.4365 0.8729 -0.2182
vn -0.5513 0.7064 0.4439
vn -0.7271 0.6326 0.2666
vn -0.2408 0.9631 -0.1204
vn -0.4445 0.8888 -0.1112
vn -0.4176 0.7266 0.5456
vn -0.4439 0.7498 0.4907
vn -0.4444 0.8889 -0.1111
vn -0.4445 0.8889 -0.1111
vn -0.3105 0.7336 0.6044
vn -0.3176 0.7628 0.5633
vn -0.4465 0.8930 -0.0558
vn -0.4466 0.8930 -0.0558
vn -0.1776 0.7391 0.6498
vn -0.2049 0.7676 0.6073
vn -0.4470 0.8941 -0.0279
vn -0.4471 0.8940 -0.0280
vn -0.3324 0.7082 0.6229
vn -0.1683 0.7620 0.6254
vn -0.4473 0.8944 -0.0000
vn -0.0878 0.7368 0.6704
vn -0.1895 0.7533 0.6297
vn -0.4470 0.8941 0.0279
vn -0.2425 0.9697 0.0303
vn 0.0120 0.7387 0.6740
vn 0.0003 0.7691 0.6392
vn -0.4472 0.8944 -0.0000
vn -0.4466 0.8930 0.0558
vn 0.0065 0.7333 0.6799
vn 0.0607 0.7687 0.6367
vn -0.4444 0.8889 0.1111
vn -0.4445 0.8889 0.1111
vn 0.1449 0.7388 0.6582
vn 0.1010 0.7674 0.6332
vn -0.2408 0.9631 0.1204
vn -0.4445 0.8889 0.1112
vn -0.0015 0.7076 0.7066
vn 0.1429 0.7618 0.6318
vn -0.2358 0.9428 0.2357
vn -0.4365 0.8729 0.2182
vn 0.4095 0.7345 0.5411
vn 0.1898 0.7514 0.6319
vn 0.5046 0.7277 0.4645
vn 0.4593 0.7617 0.4570
vn 0.4557 0.7391 0.4961
vn 0.4995 0.7610 0.4140
vn -0.0001 0.9701 0.2426
vn -0.2357 0.9428 0.2358
vn 0.0943 0.6354 0.7664
vn 0.3854 0.7413 0.5495
vn -0.0002 0.9701 0.2426
vn -0.2358 0.9427 0.2358
vn 0.3772 0.7207 0.5816
vn 0.2413 0.7082 0.6635
vn -0.2357 0.9428 0.2359
vn 0.0696 0.5093 0.8578
vn 0.3343 0.6986 0.6326
vn -0.1113 0.8888 0.4445
vn 0.4440 0.7064 0.5513
vn 0.2666 0.6326 0.7272
vn -0.1204 0.9631 0.2408
vn -0.0002 0.8944 0.4472
vn 0.5456 0.7266 0.4176
vn 0.4907 0.7498 0.4439
vn -0.1111 0.8889 0.4444
vn -0.1111 0.8889 0.4445
vn 0.6044 0.7337 0.3104
vn 0.5633 0.7628 0.3176
vn -0.0558 0.8930 0.4465
vn -0.0558 0.8930 0.4466
vn 0.6498 0.7390 0.1775
vn 0.6073 0.7676 0.2049
vn -0.0279 0.8941 0.4470
vn -0.0280 0.8940 0.4471
vn 0.6229 0.7082 0.3324
vn 0.6253 0.7620 0.1683
vn -0.0000 0.8944 0.4473
vn 0.6704 0.7368 0.0878
vn 0.6297 0.7533 0.1895
vn 0.0279 0.8941 0.4470
vn 0.0280 0.8940 0.4471
vn 0.6739 0.7387 -0.0119
vn 0.6392 0.7691 -0.0003
vn 0.0558 0.8930 0.4465
vn 0.0605 0.9683 0.2423
vn 0.6799 0.7333 -0.0065
vn 0.6368 0.7687 -0.0607
vn 0.1111 0.8889 0.4444
vn 0.1204 0.9630 0.2409
vn 0.6582 0.7388 -0.1450
vn 0.6332 0.7674 -0.1009
vn 0.1204 0.9631 0.2408
vn 0.1112 0.8888 0.4445
vn 0.6811 0.7266 -0.0905
vn 0.6187 0.7670 -0.1701
vn 0.2182 0.8729 0.4365
vn 0.6469 0.7337 -0.2078
vn 0.6229 0.7627 -0.1738
vn 0.2357 0.9428 0.2358
vn 0.2357 0.9428 0.2359
vn 0.4646 0.7277 -0.5046
vn 0.5469 0.7633 -0.3440
vn 0.2358 0.9427 0.2358
vn 0.4961 0.7391 -0.4557
vn 0.4139 0.7610 -0.4995
vn 0.2425 0.9702 0.0001
vn 0.2426 0.9701 0.0002
vn 0.2182 0.8729 0.4364
vn 0.2183 0.8729 0.4364
vn 0.2182 0.8729 0.4363
vn 0.2183 0.8729 0.4363
vn -0.0001 1.0000 0.0002
vn 0.2182 0.8730 0.4363
vn 0.1815 0.9582 0.2213
vn 0.1590 0.9582 0.2380
vn 0.0001 0.8944 0.4472
vn 0.7070 0.0002 0.7072
vn 0.7070 -0.0001 0.7073
vn 0.7071 -0.0001 0.7072
vn -0.0001 0.0002 1.0000
vn 0.5773 -0.5773 0.5774
vn 0.5773 -0.5773 0.5775
vn 0.3334 -0.6666 0.6667
vn 0.4472 0.0001 0.8944
vn 0.4083 -0.4083 0.8164
vn 0.3334 -0.6666 0.6666
vn 0.3334 -0.6667 0.6666
vn 0.4082 -0.4083 0.8165
vn 0.5772 -0.5774 0.5774
vn 0.3335 -0.6666 0.6667
vn 0.6246 -0.4686 0.6247
vn 0.4083 -0.8164 0.4083
vn 0.5145 -0.5145 0.6860
vn 0.5571 -0.3714 0.7428
vn 0.4424 -0.1475 0.8846
vn 0.4286 -0.2858 0.8571
vn 0.4423 -0.1475 0.8847
vn 0.1564 -0.3124 0.9370
vn 0.4364 -0.2182 0.8729
vn 0.3015 -0.3016 0.9045
vn 0.3123 -0.1562 0.9370
vn 0.1622 -0.1623 0.9733
vn 0.1622 -0.1622 0.9733
vn 0.0819 -0.1639 0.9831
vn -0.0000 -0.1646 0.9864
vn -0.0000 -0.1644 0.9864
vn -0.0411 -0.1644 0.9855
vn -0.0411 -0.1643 0.9855
vn -0.1622 -0.1623 0.9733
vn -0.1622 -0.1622 0.9733
vn -0.3123 -0.1562 0.9370
vn -0.3124 -0.1563 0.9370
vn -0.1623 -0.1623 0.9733
vn -0.3124 -0.1562 0.9370
vn -0.4423 -0.1475 0.8847
vn -0.5883 -0.1962 0.7845
vn -0.4424 -0.1475 0.8846
vn -0.6666 -0.3334 0.6667
vn -0.6962 -0.1741 0.6964
vn -0.6667 -0.3334 0.6666
vn -0.6963 -0.1741 0.6963
vn -0.6964 -0.1741 0.6962
vn -0.7428 -0.3714 0.5571
vn -0.8846 -0.1475 0.4424
vn -0.8571 -0.2858 0.4286
vn -0.8847 -0.1475 0.4423
vn -0.9733 -0.1623 0.1623
vn -0.8729 -0.2182 0.4364
vn -0.9370 -0.1562 0.3123
vn -0.9733 -0.1623 0.1622
vn -0.9733 -0.1622 0.1622
vn -0.9631 -0.2408 0.1204
vn -0.9831 -0.1639 0.0819
vn -0.9864 -0.1646 -0.0000
vn -0.9864 -0.1644 -0.0000
vn -0.9631 -0.2408 -0.1204
vn -0.9831 -0.1639 -0.0819
vn -0.9733 -0.1623 -0.1622
vn -0.9733 -0.1622 -0.1622
vn -0.9370 -0.1562 -0.3123
vn -0.9117 -0.2279 -0.3419
vn -0.9370 -0.1563 -0.3124
vn -0.9428 -0.2357 -0.2358
vn -0.9370 -0.1562 -0.3124
vn -0.7845 -0.1961 -0.5883
vn -0.7845 -0.1962 -0.5883
vn -0.6963 -0.1742 -0.6963
vn -0.6964 -0.1741 -0.6962
vn -0.6962 -0.1742 -0.6964
vn -0.6963 -0.1741 -0.6963
vn -0.6666 -0.3334 -0.6667
vn -0.6962 -0.1741 -0.6964
vn -0.5773 -0.5773 -0.5775
vn -0.5883 -0.1961 -0.7845
vn -0.5570 -0.3714 -0.7428
vn -0.4365 -0.2182 -0.8729
vn -0.3015 -0.3016 -0.9045
vn -0.3124 -0.1562 -0.9370
vn -0.4364 -0.2182 -0.8729
vn -0.1562 -0.3124 -0.9370
vn -0.1622 -0.1622 -0.9733
vn -0.1111 -0.4444 -0.8889
vn -0.0819 -0.1639 -0.9831
vn -0.0000 -0.3162 -0.9487
vn -0.0000 -0.1644 -0.9864
vn 0.1111 -0.4444 -0.8889
vn 0.0819 -0.1639 -0.9831
vn 0.1562 -0.3124 -0.9370
vn 0.0820 -0.1639 -0.9831
vn 0.3015 -0.3016 -0.9045
vn 0.3419 -0.2279 -0.9117
vn 0.4364 -0.2182 -0.8729
vn 0.5570 -0.3714 -0.7428
vn 0.5883 -0.1962 -0.7845
vn 0.7276 -0.4851 -0.4851
vn 0.5883 -0.1961 -0.7845
vn 0.6246 -0.4685 -0.6248
vn 0.5144 -0.5145 -0.6861
vn 0.5145 -0.5145 -0.6860
vn 0.3334 -0.6666 -0.6667
vn 0.3333 -0.6667 -0.6667
vn 0.4083 -0.4084 -0.8164
vn 0.2183 -0.4365 -0.8728
vn 0.3334 -0.6666 -0.6666
vn 0.4082 -0.4084 -0.8164
vn 0.4082 -0.4083 -0.8165
vn 0.7072 -0.7070 0.0001
vn -0.0000 0.0001 -1.0000
vn 0.5774 -0.5772 -0.5774
vn 0.4473 -0.0001 -0.8944
vn 0.4472 -0.0001 -0.8944
vn 0.4472 -0.0002 -0.8944
vn 0.7070 -0.0000 -0.7073
vn 0.7070 0.0001 -0.7072
vn 0.4472 0.0001 -0.8944
vn 0.4083 0.8164 -0.4084
vn 0.0002 0.8944 -0.4472
vn 0.1350 0.9582 -0.2523
vn 0.1590 0.9582 -0.2379
vn 0.2425 0.9702 -0.0001
vn 0.2425 0.9701 -0.0002
vn 0.2425 0.9701 -0.0001
vn 0.0558 0.8931 -0.4464
vn 0.0280 0.8941 -0.4470
vn -0.0000 0.8944 -0.4472
vn -0.0280 0.8941 -0.4470
vn -0.0558 0.8931 -0.4464
vn -0.2182 0.8729 -0.4364
vn -0.2426 0.9701 -0.0002
vn -0.2425 0.9701 -0.0001
vn -0.0001 0.9701 -0.2426
vn -0.4364 0.8729 -0.2182
vn -0.4464 0.8931 -0.0558
vn -0.4470 0.8941 -0.0280
vn -0.4464 0.8931 0.0558
vn -0.4465 0.8930 0.0558
vn -0.4364 0.8729 0.2182
vn -0.0002 0.9701 0.2425
vn -0.2357 0.9428 0.2357
vn -0.2426 0.9701 0.0001
vn -0.2182 0.8729 0.4364
vn -0.0558 0.8931 0.4464
vn -0.0280 0.8941 0.4470
vn -0.0000 0.8944 0.4472
vn 0.0280 0.8941 0.4470
vn 0.0558 0.8931 0.4464
vn 0.0001 0.8945 0.4471
vn 0.1240 0.9923 0.0001
vn 0.2425 0.9702 0.0002
vn 0.1350 0.9582 0.2523
vn 0.1095 0.9582 0.2644
vn 0.0002 0.8944 0.4472
vn 0.2182 0.8728 0.4365
vn 0.2182 0.8728 0.4366
vn 0.4472 0.0002 0.8944
vn 0.4472 -0.0001 0.8944
vn 0.4472 -0.0002 0.8944
vn 0.4472 -0.0001 0.8945
vn 0.3333 -0.6666 0.6668
vn -0.0000 -0.7071 0.7071
vn 0.4472 -0.0000 0.8945
vn 0.3333 -0.6666 0.6667
vn 0.4082 -0.4084 0.8165
vn -0.0000 -0.4472 0.8944
vn 0.3333 -0.6667 0.6667
vn 0.1741 -0.6963 0.6963
vn 0.2182 -0.8728 0.4365
vn 0.3714 -0.5571 0.7428
vn 0.5144 -0.5145 0.6860
vn 0.1475 -0.4424 0.8846
vn 0.3713 -0.5571 0.7428
vn 0.3713 -0.5570 0.7429
vn 0.1474 -0.4424 0.8846
vn 0.0743 -0.4461 0.8919
vn 0.0995 -0.5969 0.7961
vn -0.0000 -0.4473 0.8944
vn -0.0000 -0.5999 0.8001
vn -0.0743 -0.4461 0.8919
vn -0.0995 -0.5969 0.7961
vn -0.1475 -0.4424 0.8846
vn -0.1961 -0.5883 0.7845
vn -0.2857 -0.4287 0.8571
vn -0.2182 -0.4365 0.8728
vn -0.3714 -0.5571 0.7428
vn -0.2857 -0.4286 0.8571
vn -0.5144 -0.5145 0.6861
vn -0.5145 -0.5145 0.6860
vn -0.6246 -0.4685 0.6248
vn -0.6246 -0.4686 0.6247
vn -0.6247 -0.4685 0.6247
vn -0.7427 -0.5571 0.3715
vn -0.3716 -0.5571 0.7427
vn -0.6247 -0.4686 0.6246
vn -0.6860 -0.5145 0.5145
vn -0.6860 -0.5145 0.5144
vn -0.7428 -0.5571 0.3714
vn -0.8846 -0.4424 0.1475
vn -0.7428 -0.5571 0.3713
vn -0.7429 -0.5570 0.3713
vn -0.8846 -0.4423 0.1475
vn -0.8938 -0.4470 0.0373
vn -0.7961 -0.5969 0.0995
vn -0.8000 -0.6000 -0.0000
vn -0.8001 -0.5999 -0.0000
vn -0.8938 -0.4470 -0.0373
vn -0.7961 -0.5969 -0.0995
vn -0.8846 -0.4424 -0.1475
vn -0.8846 -0.4424 -0.1474
vn -0.7428 -0.5571 -0.3713
vn -0.7429 -0.5570 -0.3713
vn -0.7845 -0.5883 -0.1962
vn -0.8571 -0.4286 -0.2857
vn -0.7428 -0.5571 -0.3714
vn -0.6861 -0.5145 -0.5144
vn -0.6248 -0.4685 -0.6246
vn -0.6247 -0.4686 -0.6246
vn -0.7427 -0.5571 -0.3716
vn -0.6247 -0.4686 -0.6247
vn -0.6247 -0.4685 -0.6247
vn -0.6246 -0.4686 -0.6247
vn -0.6246 -0.4685 -0.6248
vn -0.5144 -0.5145 -0.6860
vn -0.5144 -0.5145 -0.6861
vn -0.3714 -0.5571 -0.7428
vn -0.2857 -0.4286 -0.8571
vn -0.3713 -0.5571 -0.7428
vn -0.2873 -0.5746 -0.7664
vn -0.0693 -0.5534 -0.8301
vn -0.1475 -0.4423 -0.8846
vn -0.0692 -0.5534 -0.8301
vn -0.0995 -0.5969 -0.7961
vn -0.0000 -0.7070 -0.7072
vn -0.0000 -0.5999 -0.8001
vn 0.0692 -0.5534 -0.8301
vn 0.0995 -0.5969 -0.7961
vn 0.1374 -0.5494 -0.8242
vn 0.1474 -0.4424 -0.8846
vn 0.1741 -0.6962 -0.6964
vn 0.3713 -0.5570 -0.7429
vn 0.3333 -0.6666 -0.6667
vn 0.2857 -0.4286 -0.8571
vn 0.3713 -0.5571 -0.7428
vn 0.1741 -0.6963 -0.6963
vn 0.2182 -0.4365 -0.8728
vn 0.2182 -0.4366 -0.8728
vn 0.4473 -0.8944 0.0001
vn 0.3333 -0.6666 -0.6668
vn 0.4472 -0.8944 0.0001
vn 0.3333 -0.6665 -0.6668
vn 0.4471 -0.0001 -0.8945
vn 0.2426 -0.0002 -0.9701
vn 0.4471 -0.0000 -0.8945
vn 0.2426 0.0001 -0.9701
vn 0.2182 0.8728 -0.4366
vn -0.0001 1.0000 -0.0001
vn 0.0001 0.8945 -0.4471
vn 0.0830 0.9582 -0.2739
vn 0.1095 0.9582 -0.2644
vn 0.0001 0.8945 -0.4472
vn 0.1241 0.9923 -0.0001
vn 0.0558 0.8931 -0.4465
vn -0.0558 0.8931 -0.4465
vn -0.0001 0.8944 -0.4472
vn -0.1241 0.9923 -0.0001
vn -0.2425 0.9702 -0.0001
vn -0.2425 0.9702 -0.0002
vn -0.0001 0.9701 -0.2425
vn -0.4472 0.8944 -0.0001
vn -0.4465 0.8931 -0.0558
vn -0.4472 0.8944 0.0001
vn -0.0001 0.9702 0.2425
vn -0.4363 0.8729 0.2182
vn -0.0001 0.9701 0.2425
vn -0.2425 0.9702 0.0001
vn 0.1111 0.8889 0.4445
vn 0.0001 0.8945 0.4472
vn -0.0000 0.8945 0.4471
vn -0.0001 1.0000 0.0001
vn 0.0830 0.9582 0.2739
vn 0.1111 0.8888 0.4445
vn 0.1241 0.0001 0.9923
vn 0.2426 0.0001 0.9701
vn 0.1241 -0.0001 0.9923
vn 0.4471 -0.0000 0.8945
vn 0.1241 -0.0002 0.9923
vn 0.2426 -0.0001 0.9701
vn 0.1240 -0.0002 0.9923
vn 0.4471 -0.0001 0.8945
vn -0.0000 -0.0001 1.0000
vn 0.1740 -0.6962 0.6965
vn 0.1741 -0.6962 0.6964
vn -0.0000 -0.7070 0.7072
vn 0.2425 -0.0000 0.9701
vn 0.4472 -0.8944 -0.0002
vn 0.2182 -0.4366 0.8728
vn 0.4473 -0.8944 -0.0001
vn 0.0002 -0.7071 0.7071
vn 0.2182 -0.4365 0.8728
vn 0.2183 -0.4365 0.8728
vn 0.3332 -0.6667 0.6667
vn 0.0881 -0.7043 0.7044
vn 0.0442 -0.7064 0.7065
vn 0.0880 -0.7043 0.7044
vn -0.0000 -0.5548 0.8320
vn -0.0442 -0.7064 0.7065
vn -0.0880 -0.7043 0.7044
vn -0.1741 -0.6962 0.6964
vn -0.2182 -0.8728 0.4365
vn -0.3333 -0.6666 0.6667
vn -0.1741 -0.6963 0.6963
vn -0.3333 -0.6667 0.6667
vn -0.3334 -0.6666 0.6667
vn -0.5772 -0.5774 0.5774
vn -0.5773 -0.5774 0.5774
vn -0.5773 -0.5774 0.5773
vn -0.5774 -0.5774 0.5772
vn -0.5774 -0.5774 0.5773
vn -0.6667 -0.6666 0.3334
vn -0.6667 -0.6666 0.3335
vn -0.6963 -0.6963 0.1741
vn -0.6667 -0.6667 0.3333
vn -0.4083 -0.8165 0.4082
vn -0.6668 -0.6666 0.3333
vn -0.6964 -0.6962 0.1741
vn -0.7044 -0.7043 0.0881
vn -0.7044 -0.7043 0.0880
vn -0.7072 -0.7070 -0.0000
vn -0.8321 -0.5547 -0.0000
vn -0.7044 -0.7043 -0.0880
vn -0.6964 -0.6962 -0.1741
vn -0.6963 -0.6963 -0.1741
vn -0.6667 -0.6666 -0.3333
vn -0.6667 -0.6667 -0.3333
vn -0.6667 -0.6666 -0.3334
vn -0.6667 -0.6666 -0.3335
vn -0.3334 -0.6667 -0.6666
vn -0.5774 -0.5774 -0.5773
vn -0.5773 -0.5774 -0.5774
vn -0.5773 -0.5774 -0.5773
vn -0.5772 -0.5774 -0.5774
vn -0.3334 -0.6666 -0.6667
vn -0.3335 -0.6666 -0.6667
vn -0.3333 -0.6667 -0.6667
vn -0.4082 -0.8165 -0.4083
vn -0.1741 -0.6963 -0.6963
vn -0.1741 -0.6962 -0.6964
vn -0.0442 -0.7064 -0.7065
vn -0.0880 -0.7043 -0.7044
vn -0.0000 -0.5547 -0.8321
vn 0.0442 -0.7064 -0.7065
vn 0.0880 -0.7043 -0.7044
vn 0.0881 -0.7043 -0.7044
vn 0.3332 -0.6667 -0.6667
vn 0.0558 -0.4466 -0.8930
vn 0.1111 -0.4446 -0.8888
vn 0.1111 -0.4445 -0.8889
vn 0.1111 -0.4445 -0.8888
vn 0.0001 -0.7070 -0.7072
vn 0.0880 -0.7043 -0.7045
vn 0.1740 -0.6962 -0.6964
vn 0.1741 -0.6962 -0.6965
vn 0.1239 -0.9923 -0.0001
vn 0.1740 -0.6962 -0.6965
vn 0.2425 -0.0001 -0.9702
vn 0.1241 -0.0001 -0.9923
vn 0.0624 -0.0002 -0.9980
vn 0.0624 -0.0001 -0.9981
vn 0.1241 -0.0002 -0.9923
vn 0.1241 0.0001 -0.9923
vn 0.0624 0.0002 -0.9980
vn 0.1111 0.8888 -0.4446
vn 0.0558 0.8930 -0.4466
vn -0.0000 0.8945 -0.4471
vn -0.0000 0.8945 -0.4470
vn 0.0282 0.9582 -0.2848
vn 0.0558 0.9582 -0.2807
vn 0.0624 0.9981 -0.0001
vn -0.0001 1.0000 -0.0000
vn -0.0001 0.9702 -0.2425
vn -0.4472 0.8944 0.0002
vn -0.4363 0.8730 0.2182
vn -0.2425 0.9701 0.0001
vn -0.0624 0.9981 0.0001
vn -0.0000 0.8945 0.4470
vn 0.0282 0.9582 0.2848
vn -0.0000 0.8943 0.4474
vn 0.0558 0.8930 0.4466
vn -0.0000 0.0001 1.0000
vn 0.0624 0.0001 0.9981
vn 0.0001 -0.0001 1.0000
vn 0.0624 -0.0002 0.9981
vn 0.0624 -0.0001 0.9981
vn 0.0558 -0.4464 0.8931
vn 0.0880 -0.7043 0.7045
vn 0.1240 -0.9923 0.0001
vn 0.1111 -0.4445 0.8889
vn -0.0000 -0.7071 0.7072
vn 0.1111 -0.4446 0.8888
vn 0.0558 -0.4466 0.8930
vn -0.1111 -0.4445 0.8889
vn -0.1111 -0.4446 0.8888
vn -0.3332 -0.6667 0.6667
vn -0.2182 -0.4366 0.8728
vn -0.4082 -0.4083 0.8165
vn -0.4082 -0.4084 0.8165
vn -0.4083 -0.4084 0.8164
vn -0.4084 -0.4083 0.8164
vn -0.8164 -0.4084 0.4083
vn -0.8164 -0.4083 0.4083
vn -0.8165 -0.4084 0.4082
vn -0.8165 -0.4083 0.4082
vn -0.8728 -0.4365 0.2182
vn -0.8889 -0.4445 0.1111
vn -0.8888 -0.4446 0.1111
vn -0.8944 -0.4473 -0.0000
vn -0.7071 -0.7071 -0.0000
vn -0.8889 -0.4445 -0.1111
vn -0.8888 -0.4446 -0.1111
vn -0.8728 -0.4365 -0.2182
vn -0.8728 -0.4366 -0.2182
vn -0.8165 -0.4083 -0.4082
vn -0.5774 -0.5774 -0.5772
vn -0.8164 -0.4084 -0.4083
vn -0.6667 -0.3334 -0.6666
vn -0.8164 -0.4083 -0.4083
vn -0.8164 -0.4083 -0.4084
vn -0.4083 -0.4083 -0.8164
vn -0.4083 -0.4084 -0.8164
vn -0.4082 -0.4084 -0.8165
vn -0.4082 -0.4083 -0.8165
vn -0.2182 -0.4365 -0.8728
vn -0.3332 -0.6667 -0.6667
vn -0.1111 -0.4445 -0.8889
vn -0.0558 -0.4466 -0.8930
vn -0.0000 -0.4473 -0.8944
vn -0.0000 -0.7071 -0.7071
vn -0.0558 -0.4467 -0.8930
vn -0.1111 -0.4445 -0.8888
vn -0.0880 -0.7043 -0.7045
vn -0.1240 -0.0000 -0.9923
vn 0.0001 -0.0000 -1.0000
vn -0.0000 -1.0000 -0.0001
vn -0.0001 -0.0001 -1.0000
vn -0.0624 -0.0001 -0.9981
vn -0.0000 -0.0002 -1.0000
vn -0.0624 -0.0002 -0.9980
vn 0.0002 -0.0001 -1.0000
vn -0.0001 -0.0002 -1.0000
vn -0.0000 0.0002 -1.0000
vn -0.0624 0.0002 -0.9981
vn -0.0000 0.8943 -0.4475
vn -0.0282 0.9582 -0.2848
vn -0.0624 0.9981 -0.0001
vn -0.0001 0.8945 -0.4472
vn -0.2182 0.8729 -0.4363
vn -0.2183 0.8729 -0.4363
vn -0.0002 1.0000 -0.0000
vn -0.4363 0.8729 -0.2182
vn -0.4472 0.8945 -0.0002
vn -0.4472 0.8945 -0.0001
vn -0.0002 1.0000 -0.0001
vn -0.4363 0.8729 0.2183
vn -0.2182 0.8729 0.4363
vn -0.0001 0.8945 0.4472
vn -0.0001 0.8945 0.4471
vn -0.0002 1.0000 0.0001
vn -0.0558 0.9582 0.2807
vn -0.0282 0.9582 0.2848
vn -0.1111 0.8888 0.4445
vn -0.1241 0.0001 0.9923
vn -0.0624 0.0001 0.9981
vn -0.1241 -0.0001 0.9923
vn -0.0624 -0.0001 0.9980
vn -0.1241 -0.0002 0.9923
vn -0.0624 -0.0002 0.9981
vn -0.1240 -0.0001 0.9923
vn -0.0624 -0.0001 0.9981
vn -0.2425 -0.0002 0.9701
vn -0.1740 -0.6962 0.6965
vn -0.0001 -0.7070 0.7072
vn -0.1741 -0.6962 0.6965
vn -0.1240 -0.9923 0.0001
vn -0.0881 -0.7043 0.7044
vn -1.0000 -0.0000 -0.0001
vn -0.2425 -0.9702 -0.0000
vn -0.0880 -0.7043 0.7045
vn -0.2424 -0.9702 -0.0000
vn -0.7071 -0.7071 -0.0001
vn -0.4472 -0.8944 -0.0002
vn -0.6666 -0.6666 0.3334
vn -0.8944 -0.4472 0.0001
vn -0.8944 -0.4473 -0.0001
vn -0.7065 -0.7064 -0.0442
vn -0.7044 -0.7043 -0.0881
vn -0.6665 -0.3334 -0.6667
vn -0.3334 -0.6666 -0.6666
vn -0.2182 -0.4366 -0.8728
vn -0.1743 -0.6963 -0.6963
vn -0.0000 -1.0000 -0.0000
vn -0.4472 -0.8945 0.0002
vn -0.1740 -0.6962 -0.6964
vn -0.4473 -0.0000 -0.8944
vn -0.4473 -0.8944 -0.0000
vn -0.2425 -0.0000 -0.9701
vn -0.3333 -0.6666 -0.6668
vn -0.1740 -0.6962 -0.6965
vn -0.4473 -0.0001 -0.8944
vn -0.2425 -0.0001 -0.9702
vn -0.4472 -0.0001 -0.8944
vn -0.1241 -0.0001 -0.9923
vn -0.4471 -0.0001 -0.8945
vn -0.4472 -0.0001 -0.8945
vn -0.2426 -0.0002 -0.9701
vn -0.0002 -0.0000 -1.0000
vn -0.4471 -0.0000 -0.8945
vn -0.1241 0.0001 -0.9923
vn -0.2425 0.0001 -0.9701
vn -0.1111 0.8888 -0.4446
vn -0.2182 0.8728 -0.4366
vn -0.0558 0.9582 -0.2807
vn -0.0830 0.9582 -0.2739
vn -0.0001 0.8945 -0.4471
vn -0.0001 1.0000 -0.0002
vn -0.0002 0.9701 -0.2426
vn -0.0002 0.9702 -0.2425
vn -0.4471 0.8945 -0.0001
vn -0.4471 0.8945 -0.0000
vn -0.4470 0.8945 -0.0000
vn -0.4471 0.8945 0.0001
vn -0.4472 0.8945 0.0001
vn -0.2426 0.9701 0.0002
vn -0.0002 0.8945 0.4471
vn -0.1095 0.9582 0.2644
vn -0.0830 0.9582 0.2739
vn -0.2182 0.8728 0.4366
vn -0.4472 0.0002 0.8944
vn -0.2426 0.0001 0.9701
vn -0.4472 -0.0001 0.8945
vn -0.2426 -0.0001 0.9701
vn -0.4472 -0.0001 0.8944
vn -0.4471 -0.0001 0.8945
vn -0.4472 -0.0002 0.8944
vn -0.3333 -0.6666 0.6668
vn -0.4472 -0.0000 0.8945
vn -0.4083 -0.4083 0.8164
vn -0.5773 -0.5773 0.5774
vn -0.6666 -0.3335 0.6667
vn -0.3335 -0.6666 0.6666
vn -0.5774 -0.5773 0.5773
vn -0.6667 -0.6666 0.3333
vn 0.0001 -0.8944 0.4473
vn -0.7045 -0.7043 0.0880
vn -0.8888 -0.4445 0.1111
vn -0.7045 -0.7043 -0.0880
vn -0.8888 -0.4445 -0.1111
vn 0.0001 -0.8944 -0.4473
vn 0.0001 -0.8944 -0.4472
vn -0.6668 -0.6666 -0.3333
vn -0.5774 -0.5773 -0.5773
vn -0.5772 -0.5776 -0.5772
vn -0.5773 -0.5773 -0.5774
vn -0.3333 -0.6666 -0.6667
vn -0.0001 -0.7071 -0.7071
vn -1.0000 -0.0001 -0.0002
vn -0.4472 -0.0002 -0.8944
vn -0.4472 0.0001 -0.8944
vn -0.1095 0.9582 -0.2644
vn -0.1350 0.9582 -0.2523
vn -0.1590 0.9582 0.2380
vn -0.1350 0.9582 0.2523
vn -0.4083 0.8164 0.4083
vn -0.2182 0.8728 0.4365
vn -0.7070 0.0001 0.7072
vn -1.0000 -0.0000 0.0001
vn -0.7070 -0.0001 0.7072
vn -0.7071 -0.0001 0.7071
vn -0.7071 -0.0002 0.7071
vn -0.5774 -0.5772 0.5774
vn -0.5773 -0.5773 0.5775
vn -1.0000 -0.0001 0.0001
vn -0.5774 -0.5773 0.5774
vn -0.5775 -0.5773 0.5773
vn -0.6668 -0.6665 0.3333
vn -0.9701 -0.0000 -0.2425
vn -0.6668 -0.6665 -0.3333
vn -0.5775 -0.5773 -0.5773
vn -0.5774 -0.5773 -0.5774
vn -0.5774 -0.5772 -0.5774
vn -0.7071 -0.0001 -0.7071
vn -0.7071 -0.0002 -0.7071
vn -0.7070 -0.0001 -0.7072
vn -0.7071 0.0001 -0.7071
vn -0.4083 0.8164 -0.4084
vn -0.4083 0.8164 -0.4083
vn -0.0002 0.8944 -0.4472
vn -0.1590 0.9582 -0.2379
vn -0.1815 0.9582 -0.2213
vn -0.2024 0.9582 -0.2024
vn -0.2213 0.9582 -0.1815
vn -0.2380 0.9582 -0.1590
vn -0.2523 0.9582 -0.1350
vn -0.2644 0.9582 -0.1095
vn -0.2739 0.9582 -0.0830
vn -0.2848 0.9582 -0.0282
vn -0.2848 0.9582 0.0282
vn -0.2807 0.9582 0.0558
vn -0.2739 0.9582 0.0830
vn -0.2644 0.9582 0.1095
vn -0.2523 0.9582 0.1350
vn -0.2380 0.9582 0.1590
vn -0.0003 1.0000 -0.0001
vn -0.2213 0.9582 0.1815
vn -0.2024 0.9582 0.2024
vn -0.1815 0.9582 0.2213
vn -0.4082 0.8165 0.4082
vn -0.4084 0.8164 0.4083
vn -0.7071 0.0001 0.7071
vn -0.7070 0.0002 0.7072
vn -0.7071 -0.0001 0.7072
vn 0.0001 0.0001 1.0000
vn 0.0001 -0.7071 0.7071
vn -0.6964 -0.6962 0.1740
vn -0.6965 -0.6962 0.1741
vn -0.0001 -0.9923 0.1239
vn -0.9923 -0.0000 -0.1240
vn -0.0001 -0.9923 -0.1240
vn -0.6964 -0.6962 -0.1740
vn -1.0000 0.0001 0.0002
vn 0.0002 0.0001 -1.0000
vn -0.7072 -0.0001 -0.7070
vn -0.7071 0.0002 -0.7071
vn -0.4084 0.8164 -0.4082
vn -0.4365 0.8728 -0.2182
vn -0.4366 0.8728 -0.2182
vn -0.4446 0.8888 -0.1111
vn -0.0000 0.9981 -0.0624
vn -0.4445 0.8888 0.1112
vn -0.4365 0.8728 0.2182
vn 0.0001 0.9701 0.2425
vn -0.4083 0.8165 0.4082
vn -0.7072 -0.0001 0.7070
vn -0.7072 -0.0001 0.7071
vn -1.0000 0.0001 -0.0001
vn -0.8944 -0.0001 0.4472
vn -0.8944 -0.0002 0.4472
vn -0.8945 -0.0002 0.4472
vn -0.9701 -0.0002 0.2425
vn -0.6965 -0.6962 0.1740
vn -0.9981 -0.0001 0.0624
vn -0.7072 -0.7070 0.0001
vn -1.0000 -0.0002 -0.0000
vn -0.0001 -1.0000 -0.0000
vn -0.9981 -0.0001 -0.0624
vn -0.9701 -0.0002 -0.2425
vn -0.6965 -0.6962 -0.1740
vn -0.8945 -0.0001 -0.4472
vn -0.8944 -0.0001 -0.4472
vn -0.8944 -0.0002 -0.4472
vn -0.0001 -0.0000 -1.0000
vn -0.8944 0.0002 -0.4472
vn -0.8945 -0.0000 -0.4471
vn -0.9701 0.0001 -0.2426
vn -0.9923 -0.0001 -0.1241
vn -1.0000 0.0001 -0.0000
vn -0.9981 0.0001 -0.0624
vn -0.9981 0.0001 0.0624
vn -0.9923 -0.0001 0.1241
vn -0.9923 0.0002 0.1241
vn -0.8945 -0.0000 0.4471
vn -0.9701 0.0001 0.2425
vn -0.8945 -0.0001 0.4472
vn -0.8944 0.0001 0.4472
vn -0.8944 0.0002 0.4472
vn -0.8945 -0.0001 0.4471
vn -1.0000 -0.0002 0.0001
vn -0.9923 -0.0002 0.1241
vn -0.9980 -0.0002 0.0624
vn -0.9980 -0.0002 -0.0624
vn -0.9923 -0.0001 -0.1240
vn -0.9701 -0.0001 -0.2426
vn -0.9923 -0.0002 -0.1241
vn -0.9701 -0.0001 0.2425
vn -0.9701 -0.0002 0.2426
vn 0.5495 0.7413 -0.3854
vn 0.3792 0.7177 -0.5840
vn 0.2634 0.7114 -0.6516
vn 0.6552 0.7158 -0.2417
vn 0.1415 0.7677 -0.6250
vn -0.1537 0.7624 -0.6285
vn -0.1200 0.7847 -0.6081
vn -0.0715 0.7693 -0.6349
vn 0.6617 0.7266 -0.1852
vn 0.2010 -0.3053 -0.9308
vn 0.1411 -0.2298 -0.9630
vn 0.2207 0.0765 -0.9723
vn 0.1166 -0.8723 -0.4749
vn 0.1252 -0.8703 -0.4763
vn 0.3943 -0.2168 0.8930
vn 0.3581 -0.3304 0.8733
vn 0.5335 -0.0574 0.8439
vn 0.2572 -0.8649 0.4311
vn 0.1240 -0.8721 0.4733
vn 0.0699 0.0363 -0.9969
vn 0.4545 -0.0659 -0.8883
vn 0.2187 -0.8642 -0.4531
vn 0.5448 -0.1116 0.8311
vn 0.2203 0.0337 0.9748
vn 0.1252 -0.8703 0.4764
vn -0.0743 -0.0789 -0.9941
vn 0.0324 0.0774 -0.9965
vn 0.0241 -0.8723 -0.4884
vn 0.5691 -0.3169 0.7587
vn 0.7179 -0.1289 0.6841
vn 0.3701 -0.8593 0.3530
vn -0.1586 -0.1539 -0.9753
vn -0.0000 0.0846 -0.9964
vn -0.0000 -0.8727 -0.4883
vn 0.7093 0.0433 0.7036
vn 0.2397 -0.1768 0.9546
vn 0.1155 -0.8549 0.5057
vn -0.2528 -0.0933 -0.9630
vn -0.0324 0.0774 -0.9965
vn -0.0241 -0.8723 -0.4883
vn 0.6538 0.1151 0.7479
vn 0.4475 -0.0064 0.8942
vn 0.2375 -0.8680 0.4360
vn -0.3477 -0.1625 -0.9234
vn -0.2718 0.0742 -0.9595
vn -0.1240 -0.8721 -0.4733
vn 0.7107 -0.4493 0.5413
vn 0.8626 -0.3825 0.3310
vn 0.5493 -0.8265 0.1229
vn -0.4385 -0.1143 -0.8914
vn -0.2207 0.0765 -0.9723
vn -0.1166 -0.8723 -0.4749
vn 0.7009 -0.4255 0.5724
vn 0.8943 -0.0064 0.4474
vn 0.4360 -0.8680 0.2375
vn -0.4981 -0.0064 -0.8671
vn -0.2203 0.0337 -0.9748
vn -0.1252 -0.8703 -0.4763
vn 0.8910 -0.2048 0.4051
vn 0.8270 0.0847 0.5558
vn 0.4056 -0.8726 0.2722
vn -0.6082 -0.1232 -0.7841
vn -0.5315 0.0765 -0.8436
vn -0.2534 -0.8723 -0.4183
vn 0.9410 -0.0893 0.3265
vn 0.8436 0.0764 0.5315
vn 0.4183 -0.8723 0.2534
vn -0.9648 -0.1384 0.2237
vn -0.9630 -0.0933 0.2528
vn -0.9965 0.0774 0.0324
vn -0.4884 -0.8723 0.0241
vn -0.4883 -0.8727 -0.0000
vn -0.6283 0.1039 -0.7710
vn -0.2398 -0.1768 -0.9546
vn -0.1155 -0.8549 -0.5058
vn 0.9485 -0.2203 0.2276
vn 0.9748 0.0337 0.2203
vn 0.4764 -0.8703 0.1252
vn -0.9234 -0.1626 0.3477
vn -0.9595 0.0741 0.2718
vn -0.4733 -0.8721 0.1240
vn -0.6538 0.1151 -0.7479
vn -0.4474 -0.0064 -0.8943
vn -0.2374 -0.8681 -0.4360
vn 0.9630 -0.2298 0.1411
vn 0.9723 0.0765 0.2207
vn 0.4749 -0.8723 0.1166
vn -0.8914 -0.1143 0.4385
vn -0.9723 0.0765 0.2207
vn -0.4749 -0.8723 0.1166
vn -0.8073 -0.0603 -0.5871
vn -0.7046 0.0846 -0.7046
vn -0.3453 -0.8727 -0.3453
vn 0.9938 -0.1060 0.0337
vn 0.9595 0.0741 0.2718
vn 0.4733 -0.8721 0.1240
vn -0.8671 -0.0064 0.4981
vn -0.9748 0.0337 0.2203
vn -0.4764 -0.8703 0.1252
vn -0.8180 -0.2769 -0.5042
vn -0.8943 -0.0064 -0.4474
vn -0.4360 -0.8681 -0.2375
vn 0.9866 -0.1497 -0.0646
vn 0.9965 0.0774 0.0324
vn 0.4884 -0.8723 0.0241
vn -0.7587 -0.3168 0.5692
vn -0.6841 -0.1289 0.7179
vn -0.3530 -0.8593 0.3700
vn -0.8910 -0.2048 -0.4051
vn -0.8270 0.0847 -0.5558
vn -0.4056 -0.8726 -0.2722
vn 0.9753 -0.1539 -0.1585
vn 0.9964 0.0845 0.0001
vn 0.4883 -0.8727 -0.0000
vn -0.7036 0.0433 0.7093
vn -0.9546 -0.1768 0.2397
vn -0.5057 -0.8549 0.1155
vn -0.9410 -0.0893 -0.3265
vn -0.8436 0.0765 -0.5315
vn -0.4183 -0.8723 -0.2534
vn 0.9542 -0.1581 -0.2539
vn 0.9871 0.0822 -0.1376
vn 0.4846 -0.8725 -0.0626
vn -0.7479 0.1151 0.6538
vn -0.8943 -0.0064 0.4474
vn -0.4360 -0.8681 0.2374
vn -0.9653 -0.0064 -0.2609
vn -0.8451 0.0337 -0.5335
vn -0.4254 -0.8703 -0.2483
vn 0.9203 -0.1945 -0.3394
vn 0.9595 0.0741 -0.2718
vn 0.4733 -0.8722 -0.1240
vn -0.5871 -0.0604 0.8073
vn -0.7046 0.0846 0.7046
vn -0.3453 -0.8727 0.3453
vn -0.9845 -0.1233 -0.1243
vn -0.9723 0.0765 -0.2207
vn -0.4749 -0.8723 -0.1166
vn 0.8915 -0.1143 -0.4385
vn 0.9723 0.0765 -0.2207
vn 0.4749 -0.8723 -0.1166
vn -0.5042 -0.2769 0.8180
vn -0.4475 -0.0064 0.8943
vn -0.2375 -0.8680 0.4360
vn -0.9938 -0.1060 -0.0337
vn -0.9595 0.0741 -0.2718
vn -0.4733 -0.8722 -0.1240
vn 0.8671 -0.0064 -0.4981
vn 0.9748 0.0336 -0.2204
vn 0.4763 -0.8703 -0.1252
vn -0.5220 -0.4130 0.7463
vn -0.2397 -0.1768 0.9546
vn -0.1155 -0.8549 0.5057
vn -0.9948 -0.0848 0.0572
vn -0.9871 0.0820 -0.1376
vn -0.4846 -0.8725 -0.0626
vn 0.7841 -0.1232 -0.6083
vn 0.8436 0.0765 -0.5315
vn 0.4183 -0.8723 -0.2534
vn -0.2928 -0.2167 0.9313
vn -0.5315 0.0765 0.8436
vn -0.2534 -0.8723 0.4182
vn -0.9799 -0.1214 0.1585
vn 0.7710 0.1037 -0.6283
vn 0.9546 -0.1768 -0.2397
vn 0.5058 -0.8549 -0.1155
vn -0.2609 -0.0064 0.9653
vn -0.5335 0.0337 0.8451
vn -0.2483 -0.8703 0.4254
vn 0.7479 0.1150 -0.6538
vn 0.8943 -0.0064 -0.4475
vn 0.4360 -0.8681 -0.2375
vn -0.1243 -0.1233 0.9845
vn -0.2207 0.0765 0.9723
vn -0.1166 -0.8723 0.4749
vn 0.5413 -0.4493 -0.7107
vn 0.3310 -0.3825 -0.8626
vn 0.1229 -0.8265 -0.5494
vn -0.0338 -0.1061 0.9938
vn -0.2718 0.0741 0.9595
vn -0.1240 -0.8721 0.4733
vn 0.5725 -0.4255 -0.7009
vn 0.4474 -0.0064 -0.8943
vn 0.2375 -0.8681 -0.4360
vn 0.0647 -0.1497 0.9866
vn -0.0324 0.0774 0.9965
vn -0.0241 -0.8723 0.4884
vn 0.4051 -0.2048 -0.8910
vn 0.5558 0.0848 -0.8270
vn 0.2722 -0.8726 -0.4056
vn 0.1587 -0.1538 0.9753
vn 0.0001 0.0847 0.9964
vn -0.0000 -0.8726 0.4884
vn 0.3265 -0.0893 -0.9410
vn 0.5315 0.0765 -0.8436
vn 0.2534 -0.8723 -0.4183
vn 0.2527 -0.0932 0.9630
vn 0.0324 0.0774 0.9965
vn 0.0241 -0.8723 0.4884
vn 0.2276 -0.2203 -0.9485
vn 0.3477 -0.1625 0.9234
vn -0.4708 0.7829 -0.4068
vn -0.8403 0.5326 -0.1009
vn -0.7320 0.5849 -0.3494
vn -0.7537 0.6352 0.1689
vn -0.4734 0.7216 -0.5052
vn -0.7810 0.5428 -0.3089
vn -0.5461 0.6399 -0.5406
vn -0.7556 0.6527 0.0554
vn -0.3883 0.6943 -0.6059
vn -0.7503 0.5311 -0.3937
vn -0.3911 0.5854 -0.7102
vn -0.8125 0.4719 -0.3423
vn -0.1811 0.7732 -0.6078
vn -0.4708 0.5670 -0.6759
vn -0.0012 0.9150 -0.4035
vn -0.5200 0.5141 -0.6821
vn -0.0960 0.7338 -0.6726
vn -0.6759 0.5670 -0.4708
vn -0.1923 0.5956 -0.7799
vn -0.6957 0.6105 -0.3785
vn -0.1564 0.5635 -0.8112
vn -0.3338 0.5428 -0.7707
vn 0.1366 0.8037 -0.5792
vn -0.4298 0.5443 -0.7204
vn 0.1093 0.6635 -0.7402
vn -0.3088 0.5428 -0.7810
vn 0.2256 0.7267 -0.6489
vn -0.0868 0.5435 -0.8349
vn 0.2993 0.7886 -0.5372
vn -0.1463 0.5424 -0.8273
vn 0.3455 0.7230 -0.5983
vn -0.0000 0.5404 -0.8414
vn 0.4067 0.7829 -0.4708
vn 0.1889 0.5406 -0.8198
vn 0.4459 0.7808 -0.4377
vn -0.0948 0.5735 -0.8137
vn 0.4871 0.6116 -0.6234
vn 0.3089 0.5428 -0.7810
vn 0.5061 0.8037 -0.3130
vn 0.4675 0.5555 -0.6877
vn 0.4646 0.8653 -0.1882
vn 0.3937 0.5311 -0.7503
vn 0.6033 0.7882 -0.1214
vn 0.6304 0.4758 -0.6134
vn 0.6078 0.7732 -0.1811
vn 0.6759 0.5670 -0.4708
vn 0.4035 0.9150 -0.0012
vn 0.7554 0.6517 -0.0687
vn 0.3126 0.9480 0.0594
vn 0.4708 0.5670 -0.6759
vn 0.7799 0.5956 -0.1923
vn 0.3785 0.6105 -0.6957
vn 0.8183 0.5312 -0.2195
vn 0.7503 0.5311 -0.3937
vn 0.5570 0.8175 0.1465
vn 0.7388 0.5340 -0.4111
vn 0.7402 0.6635 0.1093
vn 0.7810 0.5428 -0.3088
vn 0.6489 0.7267 0.2256
vn 0.8349 0.5434 -0.0869
vn 0.5372 0.7886 0.2993
vn 0.8395 0.5402 -0.0584
vn 0.5257 0.7749 0.3511
vn 0.8414 0.5404 -0.0000
vn 0.4708 0.7829 0.4068
vn 0.8198 0.5406 0.1889
vn 0.4377 0.7808 0.4458
vn 0.8349 0.5435 0.0869
vn 0.4734 0.7216 0.5052
vn 0.7810 0.5428 0.3089
vn 0.3130 0.8037 0.5061
vn 0.6877 0.5555 0.4675
vn 0.1882 0.8653 0.4646
vn 0.7503 0.5311 0.3937
vn 0.1214 0.7882 0.6033
vn 0.6134 0.4758 0.6304
vn 0.1811 0.7732 0.6078
vn 0.4708 0.5670 0.6759
vn 0.0012 0.9150 0.4035
vn 0.0687 0.6517 0.7554
vn -0.0594 0.9480 0.3126
vn 0.6759 0.5670 0.4708
vn 0.2585 0.4933 0.8306
vn 0.7445 0.6182 0.2521
vn 0.2195 0.5312 0.8183
vn 0.1587 0.5505 0.8196
vn -0.1207 0.9328 0.3395
vn 0.4112 0.5340 0.7388
vn -0.1093 0.6635 0.7401
vn 0.0122 0.5643 0.8255
vn -0.2221 0.8917 0.3944
vn 0.0869 0.5435 0.8349
vn -0.2993 0.7886 0.5372
vn 0.1463 0.5424 0.8273
vn -0.3455 0.7230 0.5983
vn -0.0000 0.5404 0.8414
vn -0.4069 0.7828 0.4708
vn -0.1889 0.5406 0.8198
vn -0.4459 0.7808 0.4377
vn -0.0869 0.5435 0.8349
vn -0.5051 0.7216 0.4734
vn -0.3089 0.5428 0.7810
vn -0.5061 0.8037 0.3130
vn -0.2055 0.5443 0.8133
vn -0.6060 0.6943 0.3883
vn -0.3937 0.5311 0.7503
vn -0.6034 0.7881 0.1214
vn -0.7445 0.6182 0.2521
vn -0.3445 0.9374 0.0503
vn -0.6759 0.5670 0.4708
vn -0.4035 0.9150 0.0012
vn -0.6821 0.5141 0.5200
vn -0.4501 0.8930 0.0069
vn -0.6941 0.5290 0.4883
vn -0.3766 0.9253 -0.0450
vn -0.8059 0.5247 0.2742
vn -0.7280 0.6838 -0.0486
vn -0.7042 0.7046 -0.0872
vn -0.8041 0.5944 0.0145
vn -0.2738 0.8080 0.5217
vn -0.5205 0.8309 -0.1968
vn -0.8173 0.5755 0.0298
vn -0.8049 0.5374 0.2517
vn -0.5152 0.7113 0.4781
vn -0.3177 0.9303 -0.1832
vn -0.8054 0.5773 -0.1340
vn -0.2317 0.9718 -0.0442
vn -0.5355 0.7569 -0.3747
vt 0.765625 0.524018
vt 0.765625 0.526330
vt 0.750000 0.526330
vt 0.750000 0.524018
vt 0.765625 0.528787
vt 0.750000 0.528787
vt 0.765625 0.531532
vt 0.750000 0.531532
vt 0.765625 0.534711
vt 0.750000 0.534711
vt 0.765625 0.538468
vt 0.750000 0.538468
vt 0.765625 0.542908
vt 0.750000 0.542908
vt 0.765625 0.548137
vt 0.750000 0.548137
vt 0.765625 0.554259
vt 0.750000 0.554259
vt 0.765625 0.561381
vt 0.750000 0.561381
vt 0.765625 0.569251
vt 0.750000 0.569251
vt 0.765625 0.577621
vt 0.750000 0.577621
vt 0.765625 0.586241
vt 0.750000 0.586241
vt 0.765625 0.594861
vt 0.750000 0.594861
vt 0.765625 0.604019
vt 0.750000 0.604019
vt 0.765625 0.614255
vt 0.750000 0.614255
vt 0.765625 0.626107
vt 0.750000 0.626107
vt 0.765625 0.640114
vt 0.750000 0.640114
vt 0.765625 0.656198
vt 0.750000 0.656198
vt 0.765625 0.674280
vt 0.750000 0.674280
vt 0.765625 0.694281
vt 0.750000 0.694281
vt 0.765625 0.716124
vt 0.750000 0.716124
vt 0.765625 0.739259
vt 0.750000 0.739259
vt 0.765625 0.763139
vt 0.750000 0.763139
vt 0.765625 0.787214
vt 0.750000 0.787214
vt 0.765625 0.810935
vt 0.750000 0.810935
vt 0.765625 0.833064
vt 0.750000 0.833064
vt 0.765625 0.852358
vt 0.750000 0.852358
vt 0.765625 0.867578
vt 0.750000 0.867578
vt 0.765625 0.877484
vt 0.750000 0.877484
vt 0.765625 0.883351
vt 0.750000 0.883351
vt 0.765625 0.886457
vt 0.750000 0.886457
vt 0.765625 0.888076
vt 0.750000 0.888076
vt 0.765625 0.889485
vt 0.750000 0.889485
vt 0.765625 0.890964
vt 0.750000 0.890963
vt 0.765625 0.892788
vt 0.750000 0.892788
vt 0.765625 0.895238
vt 0.750000 0.895238
vt 0.765625 0.898591
vt 0.750000 0.898591
vt 0.765625 0.902658
vt 0.750000 0.902658
vt 0.765625 0.907251
vt 0.750000 0.907251
vt 0.765625 0.912179
vt 0.750000 0.912179
vt 0.765625 0.917254
vt 0.750000 0.917254
vt 0.765625 0.922366
vt 0.750000 0.922366
vt 0.765625 0.927404
vt 0.750000 0.927404
vt 0.765625 0.932259
vt 0.750000 0.932259
vt 0.765625 0.936820
vt 0.750000 0.936820
vt 0.765625 0.941020
vt 0.750000 0.941020
vt 0.765625 0.944792
vt 0.750000 0.944792
vt 0.765625 0.948070
vt 0.750000 0.948070
vt 0.765625 0.950785
vt 0.757812 0.950785
vt 0.750000 0.950785
vt 0.734375 0.948070
vt 0.734375 0.950785
vt 0.726562 0.950785
vt 0.718750 0.950785
vt 0.718750 0.948070
vt 0.734375 0.944792
vt 0.718750 0.944792
vt 0.734375 0.941020
vt 0.718750 0.941020
vt 0.734375 0.936820
vt 0.718750 0.936820
vt 0.734375 0.932259
vt 0.718750 0.932259
vt 0.734375 0.927404
vt 0.718750 0.927404
vt 0.734375 0.922366
vt 0.718750 0.922366
vt 0.734375 0.917254
vt 0.718750 0.917254
vt 0.734375 0.912179
vt 0.718750 0.912179
vt 0.734375 0.907251
vt 0.718750 0.907251
vt 0.734375 0.902658
vt 0.718750 0.902658
vt 0.734375 0.898591
vt 0.718750 0.898591
vt 0.734375 0.895238
vt 0.718750 0.895238
vt 0.734375 0.892788
vt 0.718750 0.892788
vt 0.734375 0.890963
vt 0.718750 0.890963
vt 0.734375 0.889485
vt 0.718750 0.889485
vt 0.734375 0.888076
vt 0.718750 0.888076
vt 0.734375 0.886457
vt 0.718750 0.886457
vt 0.718750 0.883351
vt 0.734375 0.883351
vt 0.734375 0.877484
vt 0.718750 0.877484
vt 0.734375 0.867578
vt 0.718750 0.867578
vt 0.734375 0.852358
vt 0.718750 0.852358
vt 0.734375 0.833064
vt 0.718750 0.833064
vt 0.734375 0.810935
vt 0.718750 0.810935
vt 0.734375 0.787214
vt 0.718750 0.787214
vt 0.734375 0.763139
vt 0.718750 0.763139
vt 0.734375 0.739259
vt 0.718750 0.739259
vt 0.734375 0.716124
vt 0.718750 0.716124
vt 0.734375 0.694281
vt 0.718750 0.694281
vt 0.734375 0.674280
vt 0.718750 0.674280
vt 0.734375 0.656198
vt 0.718750 0.656198
vt 0.734375 0.640114
vt 0.718750 0.640114
vt 0.734375 0.626107
vt 0.718750 0.626107
vt 0.734375 0.614255
vt 0.718750 0.614255
vt 0.734375 0.604019
vt 0.718750 0.604019
vt 0.734375 0.594861
vt 0.718750 0.594861
vt 0.734375 0.586241
vt 0.718750 0.586241
vt 0.734375 0.577621
vt 0.718750 0.577621
vt 0.734375 0.569251
vt 0.718750 0.569251
vt 0.734375 0.561381
vt 0.718750 0.561381
vt 0.734375 0.554259
vt 0.718750 0.554259
vt 0.734375 0.548137
vt 0.718750 0.548137
vt 0.718750 0.542908
vt 0.734375 0.542908
vt 0.718750 0.538468
vt 0.734375 0.538468
vt 0.718750 0.534711
vt 0.734375 0.534711
vt 0.718750 0.531532
vt 0.734375 0.531532
vt 0.718750 0.528787
vt 0.734375 0.528787
vt 0.718750 0.526330
vt 0.734375 0.526330
vt 0.718750 0.524018
vt 0.734375 0.524018
vt 0.703125 0.526330
vt 0.703125 0.524018
vt 0.687500 0.526330
vt 0.687500 0.524018
vt 0.671875 0.526330
vt 0.671875 0.524018
vt 0.656250 0.526330
vt 0.656250 0.524018
vt 0.640625 0.526330
vt 0.640625 0.524018
vt 0.625000 0.526330
vt 0.625000 0.524018
vt 0.609375 0.526330
vt 0.609375 0.524018
vt 0.593750 0.526330
vt 0.593750 0.524018
vt 0.578125 0.526330
vt 0.578125 0.524018
vt 0.562500 0.526330
vt 0.562500 0.524018
vt 0.546875 0.526330
vt 0.546875 0.524018
vt 0.531250 0.526330
vt 0.531250 0.524018
vt 0.515625 0.526330
vt 0.515625 0.524018
vt 0.500000 0.526330
vt 0.500000 0.524018
vt 0.484375 0.526330
vt 0.484375 0.524018
vt 0.468750 0.526330
vt 0.468750 0.524018
vt 0.453125 0.526330
vt 0.453125 0.524018
vt 0.437500 0.526330
vt 0.437500 0.524018
vt 0.421875 0.526330
vt 0.421875 0.524018
vt 0.406250 0.526330
vt 0.406250 0.524018
vt 0.390625 0.526330
vt 0.390625 0.524018
vt 0.375000 0.526330
vt 0.375000 0.524018
vt 0.359375 0.526330
vt 0.359375 0.524018
vt 0.343750 0.526330
vt 0.343750 0.524018
vt 0.328125 0.526330
vt 0.328125 0.524018
vt 0.312500 0.526330
vt 0.312500 0.524018
vt 0.296875 0.526330
vt 0.296875 0.524018
vt 0.281250 0.526330
vt 0.281250 0.524018
vt 0.265625 0.526330
vt 0.265625 0.524018
vt 0.250000 0.526330
vt 0.250000 0.524018
vt 0.234375 0.526330
vt 0.234375 0.524018
vt 0.218750 0.526330
vt 0.218750 0.524018
vt 0.203125 0.526330
vt 0.203125 0.524018
vt 0.187500 0.526330
vt 0.187500 0.524018
vt 0.171875 0.526330
vt 0.171875 0.524018
vt 0.156250 0.526330
vt 0.156250 0.524018
vt 0.140625 0.526330
vt 0.140625 0.524018
vt 0.125000 0.526330
vt 0.125000 0.524018
vt 0.109375 0.526330
vt 0.109375 0.524018
vt 0.093750 0.526330
vt 0.093750 0.524018
vt 0.078125 0.526330
vt 0.078125 0.524018
vt 0.062500 0.526330
vt 0.062500 0.524018
vt 0.046875 0.526330
vt 0.046875 0.524018
vt 0.031250 0.526330
vt 0.031250 0.524018
vt 0.015625 0.526330
vt 0.015625 0.524018
vt -0.000000 0.526330
vt -0.000000 0.524018
vt 0.984375 0.526330
vt 0.984375 0.524018
vt 1.000000 0.524018
vt 1.000000 0.526330
vt 0.968750 0.526330
vt 0.968750 0.524018
vt 0.953125 0.526330
vt 0.953125 0.524018
vt 0.937500 0.526330
vt 0.937500 0.524018
vt 0.921875 0.526330
vt 0.921875 0.524018
vt 0.906250 0.526330
vt 0.906250 0.524018
vt 0.890625 0.526330
vt 0.890625 0.524018
vt 0.875000 0.526330
vt 0.875000 0.524018
vt 0.859375 0.526330
vt 0.859375 0.524018
vt 0.843750 0.526330
vt 0.843750 0.524018
vt 0.828125 0.526330
vt 0.828125 0.524018
vt 0.812500 0.526330
vt 0.812500 0.524018
vt 0.796875 0.526330
vt 0.796875 0.524018
vt 0.781250 0.526330
vt 0.781250 0.524018
vt 0.796875 0.528787
vt 0.781250 0.528787
vt 0.796875 0.531532
vt 0.781250 0.531532
vt 0.796875 0.534711
vt 0.781250 0.534711
vt 0.796875 0.538468
vt 0.781250 0.538468
vt 0.796875 0.542908
vt 0.781250 0.542908
vt 0.796875 0.548137
vt 0.781250 0.548137
vt 0.796875 0.554259
vt 0.781250 0.554259
vt 0.796875 0.561381
vt 0.781250 0.561381
vt 0.796875 0.569251
vt 0.781250 0.569251
vt 0.796875 0.577621
vt 0.781250 0.577621
vt 0.796875 0.586241
vt 0.781250 0.586241
vt 0.796875 0.594861
vt 0.781250 0.594861
vt 0.796875 0.604019
vt 0.781250 0.604019
vt 0.796875 0.614255
vt 0.781250 0.614255
vt 0.796875 0.626107
vt 0.781250 0.626107
vt 0.796875 0.640114
vt 0.781250 0.640114
vt 0.796875 0.656198
vt 0.781250 0.656198
vt 0.796875 0.674280
vt 0.781250 0.674280
vt 0.796875 0.694281
vt 0.781250 0.694281
vt 0.796875 0.716124
vt 0.781250 0.716124
vt 0.796875 0.739259
vt 0.781250 0.739259
vt 0.796875 0.763139
vt 0.781250 0.763139
vt 0.796875 0.787214
vt 0.781250 0.787214
vt 0.796875 0.810935
vt 0.781250 0.810935
vt 0.796875 0.833064
vt 0.781250 0.833064
vt 0.796875 0.852358
vt 0.781250 0.852358
vt 0.796875 0.867578
vt 0.781250 0.867579
vt 0.796875 0.877484
vt 0.781250 0.877484
vt 0.796875 0.883351
vt 0.781250 0.883351
vt 0.796875 0.886457
vt 0.781250 0.886457
vt 0.796875 0.888076
vt 0.781250 0.888076
vt 0.796875 0.889485
vt 0.781250 0.889485
vt 0.796875 0.890964
vt 0.781250 0.890963
vt 0.796875 0.892788
vt 0.781250 0.892788
vt 0.796875 0.895238
vt 0.781250 0.895238
vt 0.796875 0.898591
vt 0.781250 0.898591
vt 0.796875 0.902658
vt 0.781250 0.902658
vt 0.796875 0.907251
vt 0.781250 0.907251
vt 0.796875 0.912179
vt 0.781250 0.912179
vt 0.796875 0.917254
vt 0.781250 0.917254
vt 0.796875 0.922366
vt 0.781250 0.922366
vt 0.796875 0.927404
vt 0.781250 0.927404
vt 0.796875 0.932259
vt 0.781250 0.932259
vt 0.796875 0.936820
vt 0.781250 0.936820
vt 0.796875 0.941020
vt 0.781250 0.941020
vt 0.796875 0.944792
vt 0.781250 0.944792
vt 0.796875 0.948070
vt 0.781250 0.948070
vt 0.796875 0.950786
vt 0.789062 0.950786
vt 0.781250 0.950786
vt 0.703125 0.948070
vt 0.703125 0.950785
vt 0.695312 0.950785
vt 0.687500 0.950785
vt 0.687500 0.948070
vt 0.703125 0.944792
vt 0.687500 0.944792
vt 0.703125 0.941020
vt 0.687500 0.941020
vt 0.703125 0.936820
vt 0.687500 0.936820
vt 0.703125 0.932259
vt 0.687500 0.932259
vt 0.703125 0.927404
vt 0.687500 0.927404
vt 0.703125 0.922366
vt 0.687500 0.922366
vt 0.703125 0.917254
vt 0.687500 0.917254
vt 0.703125 0.912179
vt 0.687500 0.912179
vt 0.703125 0.907251
vt 0.687500 0.907251
vt 0.703125 0.902658
vt 0.687500 0.902658
vt 0.703125 0.898591
vt 0.687500 0.898591
vt 0.703125 0.895238
vt 0.687500 0.895238
vt 0.703125 0.892788
vt 0.687500 0.892788
vt 0.703125 0.890963
vt 0.687500 0.890963
vt 0.703125 0.889485
vt 0.687500 0.889485
vt 0.703125 0.888076
vt 0.687500 0.888076
vt 0.703125 0.886456
vt 0.687500 0.886456
vt 0.687500 0.883351
vt 0.703125 0.883351
vt 0.703125 0.877484
vt 0.687500 0.877484
vt 0.703125 0.867578
vt 0.687500 0.867578
vt 0.703125 0.852358
vt 0.687500 0.852358
vt 0.703125 0.833064
vt 0.687500 0.833064
vt 0.703125 0.810935
vt 0.687500 0.810935
vt 0.703125 0.787214
vt 0.687500 0.787214
vt 0.703125 0.763139
vt 0.687500 0.763139
vt 0.703125 0.739259
vt 0.687500 0.739259
vt 0.703125 0.716124
vt 0.687500 0.716124
vt 0.703125 0.694281
vt 0.687500 0.694281
vt 0.703125 0.674280
vt 0.687500 0.674280
vt 0.703125 0.656198
vt 0.687500 0.656198
vt 0.703125 0.640114
vt 0.687500 0.640114
vt 0.703125 0.626107
vt 0.687500 0.626107
vt 0.703125 0.614255
vt 0.687500 0.614255
vt 0.703125 0.604019
vt 0.687500 0.604019
vt 0.703125 0.594861
vt 0.687500 0.594861
vt 0.703125 0.586241
vt 0.687500 0.586241
vt 0.703125 0.577621
vt 0.687500 0.577621
vt 0.703125 0.569251
vt 0.687500 0.569251
vt 0.703125 0.561381
vt 0.687500 0.561381
vt 0.703125 0.554259
vt 0.687500 0.554259
vt 0.703125 0.548137
vt 0.687500 0.548137
vt 0.687500 0.542908
vt 0.703125 0.542908
vt 0.687500 0.538468
vt 0.703125 0.538468
vt 0.687500 0.534711
vt 0.703125 0.534711
vt 0.687500 0.531532
vt 0.703125 0.531532
vt 0.687500 0.528787
vt 0.703125 0.528787
vt 0.671875 0.531532
vt 0.671875 0.528787
vt 0.656250 0.531532
vt 0.656250 0.528787
vt 0.640625 0.531532
vt 0.640625 0.528787
vt 0.625000 0.531532
vt 0.625000 0.528787
vt 0.609375 0.531532
vt 0.609375 0.528787
vt 0.593750 0.531532
vt 0.593750 0.528787
vt 0.578125 0.531532
vt 0.578125 0.528787
vt 0.562500 0.531532
vt 0.562500 0.528787
vt 0.546875 0.531532
vt 0.546875 0.528787
vt 0.531250 0.531532
vt 0.531250 0.528787
vt 0.515625 0.531532
vt 0.515625 0.528787
vt 0.500000 0.531532
vt 0.500000 0.528787
vt 0.484375 0.531532
vt 0.484375 0.528787
vt 0.468750 0.531532
vt 0.468750 0.528787
vt 0.453125 0.531532
vt 0.453125 0.528787
vt 0.437500 0.531532
vt 0.437500 0.528787
vt 0.421875 0.531532
vt 0.421875 0.528787
vt 0.406250 0.531532
vt 0.406250 0.528787
vt 0.390625 0.531532
vt 0.390625 0.528787
vt 0.375000 0.531532
vt 0.375000 0.528787
vt 0.359375 0.531532
vt 0.359375 0.528787
vt 0.343750 0.531532
vt 0.343750 0.528787
vt 0.328125 0.531532
vt 0.328125 0.528787
vt 0.312500 0.531532
vt 0.312500 0.528787
vt 0.296875 0.531532
vt 0.296875 0.528787
vt 0.281250 0.531532
vt 0.281250 0.528787
vt 0.265625 0.531532
vt 0.265625 0.528787
vt 0.250000 0.531532
vt 0.250000 0.528787
vt 0.234375 0.531532
vt 0.234375 0.528787
vt 0.218750 0.531532
vt 0.218750 0.528787
vt 0.203125 0.531532
vt 0.203125 0.528787
vt 0.187500 0.531532
vt 0.187500 0.528787
vt 0.171875 0.531532
vt 0.171875 0.528787
vt 0.156250 0.531532
vt 0.156250 0.528787
vt 0.140625 0.531532
vt 0.140625 0.528787
vt 0.125000 0.531532
vt 0.125000 0.528787
vt 0.109375 0.531532
vt 0.109375 0.528787
vt 0.093750 0.531532
vt 0.093750 0.528787
vt 0.078125 0.531532
vt 0.078125 0.528787
vt 0.062500 0.531532
vt 0.062500 0.528787
vt 0.046875 0.531532
vt 0.046875 0.528787
vt 0.031250 0.531532
vt 0.031250 0.528787
vt 0.015625 0.531532
vt 0.015625 0.528642
vt -0.000000 0.531532
vt -0.000000 0.528642
vt 0.984375 0.531532
vt 0.984375 0.528787
vt 1.000000 0.528642
vt 1.000000 0.531532
vt 0.968750 0.531532
vt 0.968750 0.528787
vt 0.953125 0.531532
vt 0.953125 0.528787
vt 0.937500 0.531532
vt 0.937500 0.528787
vt 0.921875 0.531532
vt 0.921875 0.528787
vt 0.906250 0.531532
vt 0.906250 0.528787
vt 0.890625 0.531532
vt 0.890625 0.528787
vt 0.875000 0.531532
vt 0.875000 0.528787
vt 0.859375 0.531532
vt 0.859375 0.528787
vt 0.843750 0.531532
vt 0.843750 0.528787
vt 0.828125 0.531532
vt 0.828125 0.528787
vt 0.812500 0.531532
vt 0.812500 0.528787
vt 0.828125 0.534711
vt 0.812500 0.534711
vt 0.828125 0.538468
vt 0.812500 0.538468
vt 0.828125 0.542908
vt 0.812500 0.542908
vt 0.828125 0.548137
vt 0.812500 0.548137
vt 0.828125 0.554259
vt 0.812500 0.554259
vt 0.828125 0.561381
vt 0.812500 0.561381
vt 0.828125 0.569251
vt 0.812500 0.569251
vt 0.828125 0.577621
vt 0.812500 0.577621
vt 0.828125 0.586241
vt 0.812500 0.586241
vt 0.828125 0.594861
vt 0.812500 0.594861
vt 0.828125 0.604019
vt 0.812500 0.604019
vt 0.828125 0.614255
vt 0.812500 0.614255
vt 0.828125 0.626107
vt 0.812500 0.626107
vt 0.828125 0.640114
vt 0.812500 0.640114
vt 0.828125 0.656198
vt 0.812500 0.656198
vt 0.828125 0.674280
vt 0.812500 0.674280
vt 0.828125 0.694281
vt 0.812500 0.694281
vt 0.828125 0.716124
vt 0.812500 0.716124
vt 0.828125 0.739259
vt 0.812500 0.739259
vt 0.828125 0.763139
vt 0.812500 0.763139
vt 0.828125 0.787214
vt 0.812500 0.787214
vt 0.828125 0.810935
vt 0.812500 0.810935
vt 0.828125 0.833064
vt 0.812500 0.833064
vt 0.828125 0.852358
vt 0.812500 0.852358
vt 0.828125 0.867579
vt 0.812500 0.867579
vt 0.828125 0.877484
vt 0.812500 0.877484
vt 0.828125 0.883352
vt 0.812500 0.883352
vt 0.828125 0.886457
vt 0.812500 0.886457
vt 0.828125 0.888076
vt 0.812500 0.888076
vt 0.828125 0.889486
vt 0.812500 0.889485
vt 0.828125 0.890964
vt 0.812500 0.890964
vt 0.828125 0.892788
vt 0.812500 0.892788
vt 0.828125 0.895238
vt 0.812500 0.895238
vt 0.828125 0.898591
vt 0.812500 0.898591
vt 0.828125 0.902658
vt 0.812500 0.902658
vt 0.828125 0.907251
vt 0.812500 0.907251
vt 0.828125 0.912179
vt 0.812500 0.912179
vt 0.828125 0.917254
vt 0.812500 0.917254
vt 0.828125 0.922366
vt 0.812500 0.922366
vt 0.828125 0.927404
vt 0.812500 0.927404
vt 0.828125 0.932259
vt 0.812500 0.932259
vt 0.828125 0.936820
vt 0.812500 0.936820
vt 0.828125 0.941020
vt 0.812500 0.941020
vt 0.828125 0.944792
vt 0.812500 0.944792
vt 0.828125 0.948070
vt 0.812500 0.948070
vt 0.828125 0.950785
vt 0.820312 0.950786
vt 0.812500 0.950786
vt 0.671875 0.948070
vt 0.671875 0.950785
vt 0.664062 0.950785
vt 0.656250 0.950785
vt 0.656250 0.948070
vt 0.671875 0.944792
vt 0.656250 0.944792
vt 0.671875 0.941020
vt 0.656250 0.941020
vt 0.671875 0.936820
vt 0.656250 0.936820
vt 0.671875 0.932259
vt 0.656250 0.932259
vt 0.671875 0.927404
vt 0.656250 0.927404
vt 0.671875 0.922366
vt 0.656250 0.922366
vt 0.671875 0.917254
vt 0.656250 0.917254
vt 0.671875 0.912179
vt 0.656250 0.912179
vt 0.671875 0.907251
vt 0.656250 0.907250
vt 0.671875 0.902658
vt 0.656250 0.902658
vt 0.671875 0.898591
vt 0.656250 0.898591
vt 0.671875 0.895238
vt 0.656250 0.895238
vt 0.671875 0.892788
vt 0.656250 0.892788
vt 0.671875 0.890963
vt 0.656250 0.890963
vt 0.671875 0.889485
vt 0.656250 0.889485
vt 0.671875 0.888076
vt 0.656250 0.888076
vt 0.671875 0.886456
vt 0.656250 0.886456
vt 0.656250 0.883351
vt 0.671875 0.883351
vt 0.671875 0.877484
vt 0.656250 0.877484
vt 0.671875 0.867578
vt 0.656250 0.867578
vt 0.671875 0.852358
vt 0.656250 0.852358
vt 0.671875 0.833064
vt 0.656250 0.833064
vt 0.671875 0.810935
vt 0.656250 0.810935
vt 0.671875 0.787214
vt 0.656250 0.787214
vt 0.671875 0.763139
vt 0.656250 0.763139
vt 0.671875 0.739259
vt 0.656250 0.739259
vt 0.671875 0.716124
vt 0.656250 0.716124
vt 0.671875 0.694281
vt 0.656250 0.694281
vt 0.671875 0.674280
vt 0.656250 0.674280
vt 0.671875 0.656198
vt 0.656250 0.656198
vt 0.671875 0.640114
vt 0.656250 0.640114
vt 0.671875 0.626107
vt 0.656250 0.626107
vt 0.671875 0.614255
vt 0.656250 0.614255
vt 0.671875 0.604019
vt 0.656250 0.604019
vt 0.671875 0.594861
vt 0.656250 0.594861
vt 0.671875 0.586241
vt 0.656250 0.586241
vt 0.671875 0.577621
vt 0.656250 0.577621
vt 0.671875 0.569251
vt 0.656250 0.569251
vt 0.671875 0.561381
vt 0.656250 0.561381
vt 0.671875 0.554259
vt 0.656250 0.554259
vt 0.671875 0.548137
vt 0.656250 0.548137
vt 0.656250 0.542908
vt 0.671875 0.542908
vt 0.656250 0.538468
vt 0.671875 0.538468
vt 0.656250 0.534711
vt 0.671875 0.534711
vt 0.640625 0.538468
vt 0.640625 0.534711
vt 0.625000 0.538468
vt 0.625000 0.534711
vt 0.609375 0.538468
vt 0.609375 0.534711
vt 0.593750 0.538468
vt 0.593750 0.534711
vt 0.578125 0.538468
vt 0.578125 0.534711
vt 0.562500 0.538468
vt 0.562500 0.534711
vt 0.546875 0.538468
vt 0.546875 0.534711
vt 0.531250 0.538468
vt 0.531250 0.534711
vt 0.515625 0.538468
vt 0.515625 0.534711
vt 0.500000 0.538468
vt 0.500000 0.534711
vt 0.484375 0.538468
vt 0.484375 0.534711
vt 0.468750 0.538468
vt 0.468750 0.534711
vt 0.453125 0.538468
vt 0.453125 0.534711
vt 0.437500 0.538468
vt 0.437500 0.534711
vt 0.421875 0.538468
vt 0.421875 0.534711
vt 0.406250 0.538468
vt 0.406250 0.534711
vt 0.390625 0.538468
vt 0.390625 0.534711
vt 0.375000 0.538468
vt 0.375000 0.534711
vt 0.359375 0.538468
vt 0.359375 0.534711
vt 0.343750 0.538468
vt 0.343750 0.534711
vt 0.328125 0.538468
vt 0.328125 0.534711
vt 0.312500 0.538468
vt 0.312500 0.534711
vt 0.296875 0.538468
vt 0.296875 0.534711
vt 0.281250 0.538468
vt 0.281250 0.534711
vt 0.265625 0.538468
vt 0.265625 0.534711
vt 0.250000 0.538468
vt 0.250000 0.534711
vt 0.234375 0.538468
vt 0.234375 0.534711
vt 0.218750 0.538468
vt 0.218750 0.534711
vt 0.203125 0.538468
vt 0.203125 0.534711
vt 0.187500 0.538468
vt 0.187500 0.534711
vt 0.171875 0.538468
vt 0.171875 0.534711
vt 0.156250 0.538468
vt 0.156250 0.534711
vt 0.140625 0.538468
vt 0.140625 0.534711
vt 0.125000 0.538468
vt 0.125000 0.534711
vt 0.109375 0.538468
vt 0.109375 0.534711
vt 0.093750 0.538468
vt 0.093750 0.534711
vt 0.078125 0.538468
vt 0.078125 0.534711
vt 0.062500 0.538468
vt 0.062500 0.534711
vt 0.046875 0.538468
vt 0.046875 0.534711
vt 0.031250 0.538468
vt 0.031250 0.534711
vt 0.015625 0.538468
vt 0.015625 0.534422
vt -0.000000 0.538468
vt -0.000000 0.534422
vt 0.984375 0.538468
vt 0.984375 0.534711
vt 1.000000 0.534422
vt 1.000000 0.538468
vt 0.968750 0.538468
vt 0.968750 0.534711
vt 0.953125 0.538468
vt 0.953125 0.534711
vt 0.937500 0.538468
vt 0.937500 0.534711
vt 0.921875 0.538468
vt 0.921875 0.534711
vt 0.906250 0.538468
vt 0.906250 0.534711
vt 0.890625 0.538468
vt 0.890625 0.534711
vt 0.875000 0.538468
vt 0.875000 0.534711
vt 0.859375 0.538468
vt 0.859375 0.534711
vt 0.843750 0.538468
vt 0.843750 0.534711
vt 0.859375 0.542908
vt 0.843750 0.542908
vt 0.859375 0.548137
vt 0.843750 0.548137
vt 0.859375 0.554259
vt 0.843750 0.554259
vt 0.859375 0.561381
vt 0.843750 0.561381
vt 0.859375 0.569251
vt 0.843750 0.569251
vt 0.859375 0.577621
vt 0.843750 0.577621
vt 0.859375 0.586241
vt 0.843750 0.586241
vt 0.859375 0.594861
vt 0.843750 0.594861
vt 0.843750 0.604019
vt 0.859375 0.604019
vt 0.843750 0.614255
vt 0.859375 0.614255
vt 0.843750 0.626107
vt 0.859375 0.626107
vt 0.843750 0.640114
vt 0.859375 0.640114
vt 0.859375 0.656198
vt 0.843750 0.656198
vt 0.859375 0.674280
vt 0.843750 0.674280
vt 0.859375 0.694281
vt 0.843750 0.694281
vt 0.859375 0.716124
vt 0.843750 0.716124
vt 0.859375 0.739259
vt 0.843750 0.739259
vt 0.859375 0.763139
vt 0.843750 0.763139
vt 0.859375 0.787214
vt 0.843750 0.787214
vt 0.859375 0.810935
vt 0.843750 0.810935
vt 0.859375 0.833064
vt 0.843750 0.833064
vt 0.859375 0.852358
vt 0.843750 0.852358
vt 0.859375 0.867579
vt 0.843750 0.867579
vt 0.859375 0.877484
vt 0.843750 0.877484
vt 0.859375 0.883352
vt 0.843750 0.883352
vt 0.859375 0.886457
vt 0.843750 0.886457
vt 0.859375 0.888076
vt 0.843750 0.888076
vt 0.859375 0.889486
vt 0.843750 0.889486
vt 0.859375 0.890964
vt 0.843750 0.890964
vt 0.859375 0.892788
vt 0.843750 0.892788
vt 0.859375 0.895238
vt 0.843750 0.895238
vt 0.859375 0.898591
vt 0.843750 0.898591
vt 0.859375 0.902658
vt 0.843750 0.902658
vt 0.859375 0.907251
vt 0.843750 0.907251
vt 0.859375 0.912179
vt 0.843750 0.912179
vt 0.859375 0.917254
vt 0.843750 0.917254
vt 0.859375 0.922366
vt 0.843750 0.922366
vt 0.859375 0.927404
vt 0.843750 0.927404
vt 0.859375 0.932259
vt 0.843750 0.932259
vt 0.859375 0.936820
vt 0.843750 0.936820
vt 0.859375 0.941020
vt 0.843750 0.941020
vt 0.859375 0.944792
vt 0.843750 0.944792
vt 0.859375 0.948070
vt 0.843750 0.948070
vt 0.859375 0.950786
vt 0.851562 0.950786
vt 0.843750 0.950786
vt 0.640625 0.948070
vt 0.640625 0.950785
vt 0.632812 0.950785
vt 0.625000 0.950785
vt 0.625000 0.948070
vt 0.640625 0.944792
vt 0.625000 0.944792
vt 0.640625 0.941020
vt 0.625000 0.941020
vt 0.640625 0.936820
vt 0.625000 0.936820
vt 0.640625 0.932259
vt 0.625000 0.932259
vt 0.640625 0.927404
vt 0.625000 0.927404
vt 0.640625 0.922366
vt 0.625000 0.922366
vt 0.640625 0.917254
vt 0.625000 0.917254
vt 0.640625 0.912179
vt 0.625000 0.912179
vt 0.640625 0.907250
vt 0.625000 0.907250
vt 0.640625 0.902658
vt 0.625000 0.902658
vt 0.640625 0.898591
vt 0.625000 0.898591
vt 0.640625 0.895238
vt 0.625000 0.895238
vt 0.640625 0.892788
vt 0.625000 0.892788
vt 0.640625 0.890963
vt 0.625000 0.890963
vt 0.640625 0.889485
vt 0.625000 0.889485
vt 0.640625 0.888076
vt 0.625000 0.888076
vt 0.640625 0.886456
vt 0.625000 0.886456
vt 0.625000 0.883351
vt 0.640625 0.883351
vt 0.640625 0.877484
vt 0.625000 0.877484
vt 0.640625 0.867578
vt 0.625000 0.867578
vt 0.640625 0.852358
vt 0.625000 0.852358
vt 0.640625 0.833064
vt 0.625000 0.833063
vt 0.640625 0.810935
vt 0.625000 0.810935
vt 0.640625 0.787214
vt 0.625000 0.787214
vt 0.640625 0.763139
vt 0.625000 0.763139
vt 0.640625 0.739259
vt 0.625000 0.739259
vt 0.640625 0.716124
vt 0.625000 0.716124
vt 0.640625 0.694281
vt 0.625000 0.694281
vt 0.640625 0.674280
vt 0.625000 0.674280
vt 0.640625 0.656198
vt 0.625000 0.656198
vt 0.625000 0.640114
vt 0.640625 0.640114
vt 0.625000 0.626107
vt 0.640625 0.626107
vt 0.625000 0.614255
vt 0.640625 0.614255
vt 0.625000 0.604019
vt 0.640625 0.604019
vt 0.625000 0.594861
vt 0.640625 0.594861
vt 0.625000 0.586241
vt 0.640625 0.586241
vt 0.640625 0.577621
vt 0.625000 0.577621
vt 0.640625 0.569251
vt 0.625000 0.569251
vt 0.640625 0.561381
vt 0.625000 0.561381
vt 0.640625 0.554259
vt 0.625000 0.554259
vt 0.640625 0.548137
vt 0.625000 0.548137
vt 0.625000 0.542908
vt 0.640625 0.542908
vt 0.609375 0.548137
vt 0.609375 0.542908
vt 0.593750 0.548137
vt 0.593750 0.542908
vt 0.578125 0.548137
vt 0.578125 0.542908
vt 0.562500 0.548137
vt 0.562500 0.542908
vt 0.546875 0.548137
vt 0.546875 0.542908
vt 0.531250 0.548137
vt 0.531250 0.542908
vt 0.515625 0.548137
vt 0.515625 0.542908
vt 0.500000 0.548137
vt 0.500000 0.542908
vt 0.484375 0.548137
vt 0.484375 0.542908
vt 0.468750 0.548137
vt 0.468750 0.542908
vt 0.453125 0.548137
vt 0.453125 0.542908
vt 0.437500 0.548137
vt 0.437500 0.542908
vt 0.421875 0.548137
vt 0.421875 0.542908
vt 0.406250 0.548137
vt 0.406250 0.542908
vt 0.390625 0.548137
vt 0.390625 0.542908
vt 0.375000 0.548137
vt 0.375000 0.542908
vt 0.359375 0.548137
vt 0.359375 0.542908
vt 0.343750 0.548137
vt 0.343750 0.542908
vt 0.328125 0.548137
vt 0.328125 0.542908
vt 0.312500 0.548137
vt 0.312500 0.542908
vt 0.296875 0.548137
vt 0.296875 0.542908
vt 0.281250 0.548137
vt 0.281250 0.542908
vt 0.265625 0.548137
vt 0.265625 0.542908
vt 0.250000 0.548137
vt 0.250000 0.542908
vt 0.234375 0.548137
vt 0.234375 0.542908
vt 0.218750 0.548137
vt 0.218750 0.542908
vt 0.203125 0.548137
vt 0.203125 0.542908
vt 0.187500 0.548137
vt 0.187500 0.542908
vt 0.171875 0.548137
vt 0.171875 0.542908
vt 0.156250 0.548137
vt 0.156250 0.542908
vt 0.140625 0.548137
vt 0.140625 0.542908
vt 0.125000 0.548137
vt 0.125000 0.542908
vt 0.109375 0.548137
vt 0.109375 0.542908
vt 0.093750 0.548137
vt 0.093750 0.542908
vt 0.078125 0.548137
vt 0.078125 0.542908
vt 0.062500 0.548137
vt 0.062500 0.542908
vt 0.046875 0.548137
vt 0.046875 0.542908
vt 0.031250 0.548137
vt 0.031250 0.542908
vt 0.015625 0.548137
vt 0.015625 0.542514
vt -0.000000 0.548137
vt -0.000000 0.542514
vt 0.984375 0.548137
vt 0.984375 0.542908
vt 1.000000 0.542514
vt 1.000000 0.548137
vt 0.968750 0.548137
vt 0.968750 0.542908
vt 0.953125 0.548137
vt 0.953125 0.542908
vt 0.937500 0.548137
vt 0.937500 0.542908
vt 0.921875 0.548137
vt 0.921875 0.542908
vt 0.906250 0.548137
vt 0.906250 0.542908
vt 0.890625 0.548137
vt 0.890625 0.542908
vt 0.875000 0.548137
vt 0.875000 0.542908
vt 0.875000 0.554259
vt 0.890625 0.554259
vt 0.875000 0.561381
vt 0.890625 0.561381
vt 0.875000 0.569251
vt 0.890625 0.569251
vt 0.875000 0.577621
vt 0.890625 0.577621
vt 0.875000 0.586241
vt 0.890625 0.586241
vt 0.875000 0.594861
vt 0.890625 0.594861
vt 0.875000 0.604019
vt 0.890625 0.604019
vt 0.875000 0.614255
vt 0.890625 0.614255
vt 0.875000 0.626107
vt 0.890625 0.626107
vt 0.875000 0.640114
vt 0.890625 0.640114
vt 0.875000 0.656198
vt 0.890625 0.656198
vt 0.875000 0.674280
vt 0.890625 0.674280
vt 0.875000 0.694281
vt 0.890625 0.694281
vt 0.875000 0.716124
vt 0.890625 0.716124
vt 0.875000 0.739259
vt 0.890625 0.739259
vt 0.875000 0.763139
vt 0.890625 0.763139
vt 0.875000 0.787214
vt 0.890625 0.787214
vt 0.875000 0.810935
vt 0.890625 0.810936
vt 0.875000 0.833064
vt 0.890625 0.833064
vt 0.875000 0.852358
vt 0.890625 0.852358
vt 0.875000 0.867579
vt 0.890625 0.867579
vt 0.875000 0.877484
vt 0.890625 0.877484
vt 0.875000 0.883352
vt 0.890625 0.883352
vt 0.875000 0.886457
vt 0.890625 0.886457
vt 0.890625 0.888076
vt 0.875000 0.888076
vt 0.890625 0.889486
vt 0.875000 0.889486
vt 0.890625 0.890964
vt 0.875000 0.890964
vt 0.890625 0.892788
vt 0.875000 0.892788
vt 0.890625 0.895238
vt 0.875000 0.895238
vt 0.890625 0.898591
vt 0.875000 0.898591
vt 0.890625 0.902658
vt 0.875000 0.902658
vt 0.890625 0.907251
vt 0.875000 0.907251
vt 0.890625 0.912179
vt 0.875000 0.912179
vt 0.890625 0.917254
vt 0.875000 0.917254
vt 0.890625 0.922366
vt 0.875000 0.922366
vt 0.890625 0.927404
vt 0.875000 0.927404
vt 0.890625 0.932259
vt 0.875000 0.932259
vt 0.890625 0.936820
vt 0.875000 0.936820
vt 0.890625 0.941020
vt 0.875000 0.941020
vt 0.890625 0.944793
vt 0.875000 0.944793
vt 0.890625 0.948070
vt 0.875000 0.948070
vt 0.890625 0.950785
vt 0.882812 0.950786
vt 0.875000 0.950786
vt 0.906250 0.944793
vt 0.906250 0.948070
vt 0.906250 0.950786
vt 0.898438 0.950786
vt 0.921875 0.944793
vt 0.921875 0.948070
vt 0.921875 0.950786
vt 0.914062 0.950786
vt 0.937500 0.944793
vt 0.937500 0.948070
vt 0.937500 0.950786
vt 0.929688 0.950786
vt 0.953125 0.944793
vt 0.953125 0.948070
vt 0.953125 0.950786
vt 0.945312 0.950786
vt 0.968750 0.944793
vt 0.968750 0.948070
vt 0.968750 0.950786
vt 0.960938 0.950786
vt 0.984375 0.944793
vt 0.984375 0.948070
vt 0.984375 0.950786
vt 0.976562 0.950786
vt 1.000000 0.944793
vt 1.000000 0.948351
vt 1.000000 0.950786
vt 0.992188 0.950786
vt -0.000000 0.948351
vt -0.000000 0.944793
vt 0.015625 0.944793
vt 0.015625 0.948351
vt -0.000000 0.950786
vt 0.015625 0.950786
vt 0.007812 0.950786
vt 0.031250 0.944793
vt 0.031250 0.948070
vt 0.031250 0.950786
vt 0.023437 0.950786
vt 0.046875 0.944793
vt 0.046875 0.948070
vt 0.046875 0.950786
vt 0.039062 0.950786
vt 0.062500 0.944793
vt 0.062500 0.948070
vt 0.062500 0.950786
vt 0.054687 0.950786
vt 0.078125 0.944793
vt 0.078125 0.948070
vt 0.078125 0.950786
vt 0.070312 0.950786
vt 0.093750 0.944793
vt 0.093750 0.948070
vt 0.093750 0.950786
vt 0.085937 0.950786
vt 0.109375 0.944792
vt 0.109375 0.948070
vt 0.109375 0.950786
vt 0.101562 0.950786
vt 0.125000 0.944792
vt 0.125000 0.948070
vt 0.125000 0.950786
vt 0.117187 0.950786
vt 0.140625 0.944792
vt 0.140625 0.948070
vt 0.140625 0.950785
vt 0.132812 0.950786
vt 0.156250 0.944792
vt 0.156250 0.948070
vt 0.156250 0.950786
vt 0.148437 0.950786
vt 0.171875 0.944792
vt 0.171875 0.948070
vt 0.171875 0.950786
vt 0.164062 0.950786
vt 0.187500 0.944792
vt 0.187500 0.948070
vt 0.187500 0.950786
vt 0.179687 0.950786
vt 0.203125 0.944792
vt 0.203125 0.948070
vt 0.203125 0.950785
vt 0.195312 0.950786
vt 0.218750 0.944792
vt 0.218750 0.948070
vt 0.218750 0.950786
vt 0.210937 0.950786
vt 0.234375 0.944792
vt 0.234375 0.948070
vt 0.234375 0.950786
vt 0.226562 0.950786
vt 0.250000 0.944792
vt 0.250000 0.948070
vt 0.250000 0.950786
vt 0.242187 0.950786
vt 0.265625 0.944792
vt 0.265625 0.948070
vt 0.265625 0.950785
vt 0.257812 0.950786
vt 0.281250 0.944792
vt 0.281250 0.948070
vt 0.281250 0.950785
vt 0.273437 0.950785
vt 0.296875 0.944792
vt 0.296875 0.948070
vt 0.296875 0.950785
vt 0.289062 0.950785
vt 0.312500 0.944792
vt 0.312500 0.948070
vt 0.312500 0.950785
vt 0.304687 0.950785
vt 0.328125 0.944792
vt 0.328125 0.948070
vt 0.328125 0.950785
vt 0.320312 0.950785
vt 0.343750 0.944792
vt 0.343750 0.948070
vt 0.343750 0.950785
vt 0.335937 0.950785
vt 0.359375 0.944792
vt 0.359375 0.948070
vt 0.359375 0.950785
vt 0.351562 0.950785
vt 0.375000 0.944792
vt 0.375000 0.948070
vt 0.375000 0.950785
vt 0.367187 0.950785
vt 0.390625 0.944792
vt 0.390625 0.948070
vt 0.390625 0.950785
vt 0.382812 0.950785
vt 0.406250 0.944792
vt 0.406250 0.948070
vt 0.406250 0.950785
vt 0.398437 0.950785
vt 0.421875 0.944792
vt 0.421875 0.948070
vt 0.421875 0.950785
vt 0.414062 0.950785
vt 0.437500 0.944792
vt 0.437500 0.948070
vt 0.437500 0.950785
vt 0.429688 0.950785
vt 0.453125 0.944792
vt 0.453125 0.948070
vt 0.453125 0.950785
vt 0.445312 0.950785
vt 0.468750 0.944792
vt 0.468750 0.948070
vt 0.468750 0.950785
vt 0.460938 0.950785
vt 0.484375 0.944792
vt 0.484375 0.948070
vt 0.484375 0.950785
vt 0.476562 0.950785
vt 0.500000 0.944792
vt 0.500000 0.948070
vt 0.500000 0.950785
vt 0.492188 0.950785
vt 0.515625 0.944792
vt 0.515625 0.948070
vt 0.515625 0.950785
vt 0.507812 0.950785
vt 0.531250 0.944792
vt 0.531250 0.948070
vt 0.531250 0.950785
vt 0.523438 0.950785
vt 0.546875 0.944792
vt 0.546875 0.948070
vt 0.546875 0.950785
vt 0.539062 0.950785
vt 0.562500 0.944792
vt 0.562500 0.948070
vt 0.562500 0.950785
vt 0.554688 0.950785
vt 0.578125 0.944792
vt 0.578125 0.948070
vt 0.578125 0.950785
vt 0.570312 0.950785
vt 0.593750 0.944792
vt 0.593750 0.948070
vt 0.593750 0.950785
vt 0.585938 0.950785
vt 0.609375 0.944792
vt 0.609375 0.948070
vt 0.609375 0.950785
vt 0.601562 0.950785
vt 0.609375 0.941020
vt 0.593750 0.941020
vt 0.609375 0.936820
vt 0.593750 0.936820
vt 0.609375 0.932259
vt 0.593750 0.932259
vt 0.609375 0.927404
vt 0.593750 0.927404
vt 0.609375 0.922366
vt 0.593750 0.922366
vt 0.609375 0.917254
vt 0.593750 0.917254
vt 0.609375 0.912179
vt 0.593750 0.912179
vt 0.609375 0.907250
vt 0.593750 0.907250
vt 0.609375 0.902658
vt 0.593750 0.902658
vt 0.609375 0.898591
vt 0.593750 0.898591
vt 0.609375 0.895238
vt 0.593750 0.895238
vt 0.609375 0.892788
vt 0.593750 0.892788
vt 0.609375 0.890963
vt 0.593750 0.890963
vt 0.609375 0.889485
vt 0.593750 0.889485
vt 0.609375 0.888076
vt 0.593750 0.888076
vt 0.609375 0.886456
vt 0.593750 0.886456
vt 0.593750 0.883351
vt 0.609375 0.883351
vt 0.593750 0.877484
vt 0.609375 0.877484
vt 0.593750 0.867578
vt 0.609375 0.867578
vt 0.593750 0.852358
vt 0.609375 0.852358
vt 0.593750 0.833063
vt 0.609375 0.833064
vt 0.593750 0.810935
vt 0.609375 0.810935
vt 0.593750 0.787214
vt 0.609375 0.787214
vt 0.593750 0.763139
vt 0.609375 0.763139
vt 0.593750 0.739259
vt 0.609375 0.739259
vt 0.593750 0.716124
vt 0.609375 0.716124
vt 0.593750 0.694281
vt 0.609375 0.694281
vt 0.593750 0.674279
vt 0.609375 0.674280
vt 0.593750 0.656198
vt 0.609375 0.656198
vt 0.593750 0.640114
vt 0.609375 0.640114
vt 0.593750 0.626107
vt 0.609375 0.626107
vt 0.593750 0.614255
vt 0.609375 0.614255
vt 0.593750 0.604019
vt 0.609375 0.604019
vt 0.593750 0.594861
vt 0.609375 0.594861
vt 0.593750 0.586241
vt 0.609375 0.586241
vt 0.593750 0.577621
vt 0.609375 0.577621
vt 0.593750 0.569251
vt 0.609375 0.569251
vt 0.593750 0.561381
vt 0.609375 0.561381
vt 0.593750 0.554259
vt 0.609375 0.554259
vt 0.578125 0.561381
vt 0.578125 0.554259
vt 0.562500 0.561381
vt 0.562500 0.554259
vt 0.546875 0.561381
vt 0.546875 0.554259
vt 0.531250 0.561381
vt 0.531250 0.554259
vt 0.515625 0.561381
vt 0.515625 0.554259
vt 0.500000 0.561381
vt 0.500000 0.554259
vt 0.484375 0.561381
vt 0.484375 0.554259
vt 0.468750 0.561381
vt 0.468750 0.554259
vt 0.453125 0.561381
vt 0.453125 0.554259
vt 0.437500 0.561381
vt 0.437500 0.554259
vt 0.421875 0.561381
vt 0.421875 0.554259
vt 0.406250 0.561381
vt 0.406250 0.554259
vt 0.390625 0.561381
vt 0.390625 0.554259
vt 0.375000 0.561381
vt 0.375000 0.554259
vt 0.359375 0.561381
vt 0.359375 0.554259
vt 0.343750 0.561381
vt 0.343750 0.554259
vt 0.328125 0.561381
vt 0.328125 0.554259
vt 0.312500 0.561381
vt 0.312500 0.554259
vt 0.296875 0.561381
vt 0.296875 0.554259
vt 0.281250 0.561381
vt 0.281250 0.554259
vt 0.265625 0.561381
vt 0.265625 0.554259
vt 0.250000 0.561381
vt 0.250000 0.554259
vt 0.234375 0.561381
vt 0.234375 0.554259
vt 0.218750 0.561381
vt 0.218750 0.554259
vt 0.203125 0.561381
vt 0.203125 0.554259
vt 0.187500 0.561381
vt 0.187500 0.554259
vt 0.171875 0.561381
vt 0.171875 0.554259
vt 0.156250 0.561381
vt 0.156250 0.554259
vt 0.140625 0.561381
vt 0.140625 0.554259
vt 0.125000 0.561381
vt 0.125000 0.554259
vt 0.109375 0.561381
vt 0.109375 0.554259
vt 0.093750 0.561381
vt 0.093750 0.554259
vt 0.078125 0.561381
vt 0.078125 0.554259
vt 0.062500 0.561381
vt 0.062500 0.554259
vt 0.046875 0.561381
vt 0.046875 0.554259
vt 0.031250 0.561381
vt 0.031250 0.554259
vt 0.015625 0.561381
vt 0.015625 0.553760
vt -0.000000 0.561381
vt -0.000000 0.553760
vt 0.984375 0.561381
vt 0.984375 0.554259
vt 1.000000 0.553760
vt 1.000000 0.561381
vt 0.968750 0.561381
vt 0.968750 0.554259
vt 0.953125 0.561381
vt 0.953125 0.554259
vt 0.937500 0.561381
vt 0.937500 0.554259
vt 0.921875 0.561381
vt 0.921875 0.554259
vt 0.906250 0.561381
vt 0.906250 0.554259
vt 0.906250 0.569251
vt 0.921875 0.569251
vt 0.906250 0.577621
vt 0.921875 0.577621
vt 0.906250 0.586241
vt 0.921875 0.586241
vt 0.906250 0.594861
vt 0.921875 0.594861
vt 0.906250 0.604019
vt 0.921875 0.604019
vt 0.906250 0.614255
vt 0.921875 0.614255
vt 0.906250 0.626107
vt 0.921875 0.626107
vt 0.906250 0.640114
vt 0.921875 0.640114
vt 0.906250 0.656198
vt 0.921875 0.656198
vt 0.906250 0.674280
vt 0.921875 0.674280
vt 0.906250 0.694281
vt 0.921875 0.694281
vt 0.906250 0.716124
vt 0.921875 0.716124
vt 0.906250 0.739259
vt 0.921875 0.739259
vt 0.906250 0.763139
vt 0.921875 0.763139
vt 0.906250 0.787214
vt 0.921875 0.787214
vt 0.906250 0.810936
vt 0.921875 0.810936
vt 0.906250 0.833064
vt 0.921875 0.833064
vt 0.906250 0.852358
vt 0.921875 0.852358
vt 0.906250 0.867579
vt 0.921875 0.867579
vt 0.906250 0.877484
vt 0.921875 0.877484
vt 0.906250 0.883352
vt 0.921875 0.883352
vt 0.906250 0.886457
vt 0.921875 0.886457
vt 0.921875 0.888076
vt 0.906250 0.888076
vt 0.921875 0.889486
vt 0.906250 0.889486
vt 0.921875 0.890964
vt 0.906250 0.890964
vt 0.921875 0.892788
vt 0.906250 0.892788
vt 0.921875 0.895238
vt 0.906250 0.895238
vt 0.921875 0.898591
vt 0.906250 0.898591
vt 0.921875 0.902658
vt 0.906250 0.902658
vt 0.921875 0.907251
vt 0.906250 0.907251
vt 0.921875 0.912179
vt 0.906250 0.912179
vt 0.921875 0.917254
vt 0.906250 0.917254
vt 0.921875 0.922366
vt 0.906250 0.922366
vt 0.921875 0.927404
vt 0.906250 0.927404
vt 0.921875 0.932259
vt 0.906250 0.932259
vt 0.921875 0.936820
vt 0.906250 0.936820
vt 0.921875 0.941020
vt 0.906250 0.941020
vt 0.937500 0.936820
vt 0.937500 0.941020
vt 0.953125 0.936820
vt 0.953125 0.941020
vt 0.968750 0.936820
vt 0.968750 0.941020
vt 0.984375 0.936820
vt 0.984375 0.941020
vt 1.000000 0.936820
vt 1.000000 0.941234
vt -0.000000 0.941234
vt -0.000000 0.936820
vt 0.015625 0.936820
vt 0.015625 0.941234
vt 0.031250 0.936820
vt 0.031250 0.941020
vt 0.046875 0.936820
vt 0.046875 0.941020
vt 0.062500 0.936820
vt 0.062500 0.941020
vt 0.078125 0.936820
vt 0.078125 0.941020
vt 0.093750 0.936820
vt 0.093750 0.941020
vt 0.109375 0.936820
vt 0.109375 0.941020
vt 0.125000 0.936820
vt 0.125000 0.941020
vt 0.140625 0.936820
vt 0.140625 0.941020
vt 0.156250 0.936820
vt 0.156250 0.941020
vt 0.171875 0.936820
vt 0.171875 0.941020
vt 0.187500 0.936820
vt 0.187500 0.941020
vt 0.203125 0.936820
vt 0.203125 0.941020
vt 0.218750 0.936820
vt 0.218750 0.941020
vt 0.234375 0.936820
vt 0.234375 0.941020
vt 0.250000 0.936820
vt 0.250000 0.941020
vt 0.265625 0.936820
vt 0.265625 0.941020
vt 0.281250 0.936820
vt 0.281250 0.941020
vt 0.296875 0.936820
vt 0.296875 0.941020
vt 0.312500 0.936820
vt 0.312500 0.941020
vt 0.328125 0.936820
vt 0.328125 0.941020
vt 0.343750 0.936820
vt 0.343750 0.941020
vt 0.359375 0.936820
vt 0.359375 0.941020
vt 0.375000 0.936820
vt 0.375000 0.941020
vt 0.390625 0.936820
vt 0.390625 0.941020
vt 0.406250 0.936820
vt 0.406250 0.941020
vt 0.421875 0.936820
vt 0.421875 0.941020
vt 0.437500 0.936820
vt 0.437500 0.941020
vt 0.453125 0.936820
vt 0.453125 0.941020
vt 0.468750 0.936820
vt 0.468750 0.941020
vt 0.484375 0.936820
vt 0.484375 0.941020
vt 0.500000 0.936820
vt 0.500000 0.941020
vt 0.515625 0.936820
vt 0.515625 0.941020
vt 0.531250 0.936820
vt 0.531250 0.941020
vt 0.546875 0.936820
vt 0.546875 0.941020
vt 0.562500 0.936820
vt 0.562500 0.941020
vt 0.578125 0.936820
vt 0.578125 0.941020
vt 0.578125 0.932259
vt 0.562500 0.932259
vt 0.578125 0.927404
vt 0.562500 0.927404
vt 0.578125 0.922366
vt 0.562500 0.922366
vt 0.578125 0.917254
vt 0.562500 0.917254
vt 0.578125 0.912179
vt 0.562500 0.912179
vt 0.578125 0.907250
vt 0.562500 0.907250
vt 0.578125 0.902658
vt 0.562500 0.902658
vt 0.578125 0.898591
vt 0.562500 0.898591
vt 0.578125 0.895238
vt 0.562500 0.895238
vt 0.578125 0.892788
vt 0.562500 0.892788
vt 0.578125 0.890963
vt 0.562500 0.890963
vt 0.578125 0.889485
vt 0.562500 0.889485
vt 0.578125 0.888076
vt 0.562500 0.888076
vt 0.578125 0.886456
vt 0.562500 0.886456
vt 0.562500 0.883351
vt 0.578125 0.883351
vt 0.562500 0.877484
vt 0.578125 0.877484
vt 0.562500 0.867578
vt 0.578125 0.867578
vt 0.562500 0.852358
vt 0.578125 0.852358
vt 0.562500 0.833063
vt 0.578125 0.833063
vt 0.562500 0.810935
vt 0.578125 0.810935
vt 0.562500 0.787214
vt 0.578125 0.787214
vt 0.562500 0.763139
vt 0.578125 0.763139
vt 0.562500 0.739259
vt 0.578125 0.739259
vt 0.562500 0.716124
vt 0.578125 0.716124
vt 0.562500 0.694281
vt 0.578125 0.694281
vt 0.562500 0.674279
vt 0.578125 0.674279
vt 0.562500 0.656198
vt 0.578125 0.656198
vt 0.562500 0.640114
vt 0.578125 0.640114
vt 0.562500 0.626107
vt 0.578125 0.626107
vt 0.562500 0.614255
vt 0.578125 0.614255
vt 0.562500 0.604019
vt 0.578125 0.604019
vt 0.562500 0.594861
vt 0.578125 0.594861
vt 0.562500 0.586241
vt 0.578125 0.586241
vt 0.562500 0.577621
vt 0.578125 0.577621
vt 0.562500 0.569251
vt 0.578125 0.569251
vt 0.546875 0.577621
vt 0.546875 0.569251
vt 0.531250 0.577621
vt 0.531250 0.569251
vt 0.515625 0.577621
vt 0.515625 0.569251
vt 0.500000 0.577621
vt 0.500000 0.569251
vt 0.484375 0.577621
vt 0.484375 0.569251
vt 0.468750 0.577621
vt 0.468750 0.569251
vt 0.453125 0.577621
vt 0.453125 0.569251
vt 0.437500 0.577621
vt 0.437500 0.569251
vt 0.421875 0.577621
vt 0.421875 0.569251
vt 0.406250 0.577621
vt 0.406250 0.569251
vt 0.390625 0.577621
vt 0.390625 0.569251
vt 0.375000 0.577621
vt 0.375000 0.569251
vt 0.359375 0.577621
vt 0.359375 0.569251
vt 0.343750 0.577621
vt 0.343750 0.569251
vt 0.328125 0.577621
vt 0.328125 0.569251
vt 0.312500 0.577621
vt 0.312500 0.569251
vt 0.296875 0.577621
vt 0.296875 0.569251
vt 0.281250 0.577621
vt 0.281250 0.569251
vt 0.265625 0.577621
vt 0.265625 0.569251
vt 0.250000 0.577621
vt 0.250000 0.569251
vt 0.234375 0.577621
vt 0.234375 0.569251
vt 0.218750 0.577621
vt 0.218750 0.569251
vt 0.203125 0.577621
vt 0.203125 0.569251
vt 0.187500 0.577621
vt 0.187500 0.569251
vt 0.171875 0.577621
vt 0.171875 0.569251
vt 0.156250 0.577621
vt 0.156250 0.569251
vt 0.140625 0.577621
vt 0.140625 0.569251
vt 0.125000 0.577621
vt 0.125000 0.569251
vt 0.109375 0.577621
vt 0.109375 0.569251
vt 0.093750 0.577621
vt 0.093750 0.569251
vt 0.078125 0.577621
vt 0.078125 0.569251
vt 0.062500 0.577621
vt 0.062500 0.569251
vt 0.046875 0.577621
vt 0.046875 0.569251
vt 0.031250 0.577621
vt 0.031250 0.569251
vt 0.015625 0.577621
vt 0.015625 0.569001
vt -0.000000 0.577621
vt -0.000000 0.569001
vt 0.984375 0.577621
vt 0.984375 0.569251
vt 1.000000 0.569001
vt 1.000000 0.577621
vt 0.968750 0.577621
vt 0.968750 0.569251
vt 0.953125 0.577621
vt 0.953125 0.569251
vt 0.937500 0.577621
vt 0.937500 0.569251
vt 0.937500 0.586241
vt 0.953125 0.586241
vt 0.937500 0.594861
vt 0.953125 0.594861
vt 0.937500 0.604019
vt 0.953125 0.604019
vt 0.937500 0.614255
vt 0.953125 0.614255
vt 0.937500 0.626107
vt 0.953125 0.626107
vt 0.937500 0.640114
vt 0.953125 0.640114
vt 0.937500 0.656198
vt 0.953125 0.656198
vt 0.937500 0.674280
vt 0.953125 0.674280
vt 0.937500 0.694281
vt 0.953125 0.694281
vt 0.937500 0.716124
vt 0.953125 0.716124
vt 0.937500 0.739259
vt 0.953125 0.739259
vt 0.937500 0.763139
vt 0.953125 0.763139
vt 0.937500 0.787214
vt 0.953125 0.787214
vt 0.937500 0.810936
vt 0.953125 0.810936
vt 0.937500 0.833064
vt 0.953125 0.833064
vt 0.937500 0.852358
vt 0.953125 0.852358
vt 0.937500 0.867579
vt 0.953125 0.867579
vt 0.937500 0.877484
vt 0.953125 0.877484
vt 0.937500 0.883352
vt 0.953125 0.883352
vt 0.937500 0.886457
vt 0.953125 0.886457
vt 0.953125 0.888076
vt 0.937500 0.888076
vt 0.953125 0.889486
vt 0.937500 0.889486
vt 0.953125 0.890964
vt 0.937500 0.890964
vt 0.953125 0.892788
vt 0.937500 0.892788
vt 0.953125 0.895238
vt 0.937500 0.895238
vt 0.953125 0.898591
vt 0.937500 0.898591
vt 0.953125 0.902658
vt 0.937500 0.902658
vt 0.953125 0.907251
vt 0.937500 0.907251
vt 0.953125 0.912179
vt 0.937500 0.912179
vt 0.953125 0.917254
vt 0.937500 0.917254
vt 0.953125 0.922366
vt 0.937500 0.922366
vt 0.953125 0.927404
vt 0.937500 0.927404
vt 0.953125 0.932259
vt 0.937500 0.932259
vt 0.968750 0.927404
vt 0.968750 0.932259
vt 0.984375 0.927404
vt 0.984375 0.932259
vt 1.000000 0.927404
vt 1.000000 0.932406
vt -0.000000 0.932406
vt -0.000000 0.927404
vt 0.015625 0.927404
vt 0.015625 0.932406
vt 0.031250 0.927404
vt 0.031250 0.932259
vt 0.046875 0.927404
vt 0.046875 0.932259
vt 0.062500 0.927404
vt 0.062500 0.932259
vt 0.078125 0.927404
vt 0.078125 0.932259
vt 0.093750 0.927404
vt 0.093750 0.932259
vt 0.109375 0.927404
vt 0.109375 0.932259
vt 0.125000 0.927404
vt 0.125000 0.932259
vt 0.140625 0.927404
vt 0.140625 0.932259
vt 0.156250 0.927404
vt 0.156250 0.932259
vt 0.171875 0.927404
vt 0.171875 0.932259
vt 0.187500 0.927404
vt 0.187500 0.932259
vt 0.203125 0.927404
vt 0.203125 0.932259
vt 0.218750 0.927404
vt 0.218750 0.932259
vt 0.234375 0.927404
vt 0.234375 0.932259
vt 0.250000 0.927404
vt 0.250000 0.932259
vt 0.265625 0.927404
vt 0.265625 0.932259
vt 0.281250 0.927404
vt 0.281250 0.932259
vt 0.296875 0.927404
vt 0.296875 0.932259
vt 0.312500 0.927404
vt 0.312500 0.932259
vt 0.328125 0.927404
vt 0.328125 0.932259
vt 0.343750 0.927404
vt 0.343750 0.932259
vt 0.359375 0.927404
vt 0.359375 0.932259
vt 0.375000 0.927404
vt 0.375000 0.932259
vt 0.390625 0.927404
vt 0.390625 0.932259
vt 0.406250 0.927404
vt 0.406250 0.932259
vt 0.421875 0.927404
vt 0.421875 0.932259
vt 0.437500 0.927404
vt 0.437500 0.932259
vt 0.453125 0.927404
vt 0.453125 0.932259
vt 0.468750 0.927404
vt 0.468750 0.932259
vt 0.484375 0.927404
vt 0.484375 0.932259
vt 0.500000 0.927404
vt 0.500000 0.932259
vt 0.515625 0.927404
vt 0.515625 0.932259
vt 0.531250 0.927404
vt 0.531250 0.932259
vt 0.546875 0.927404
vt 0.546875 0.932259
vt 0.546875 0.922366
vt 0.531250 0.922366
vt 0.546875 0.917254
vt 0.531250 0.917254
vt 0.546875 0.912179
vt 0.531250 0.912179
vt 0.546875 0.907250
vt 0.531250 0.907250
vt 0.546875 0.902658
vt 0.531250 0.902658
vt 0.546875 0.898591
vt 0.531250 0.898591
vt 0.546875 0.895238
vt 0.531250 0.895238
vt 0.546875 0.892788
vt 0.531250 0.892788
vt 0.546875 0.890963
vt 0.531250 0.890963
vt 0.546875 0.889485
vt 0.531250 0.889485
vt 0.546875 0.888076
vt 0.531250 0.888076
vt 0.546875 0.886456
vt 0.531250 0.886456
vt 0.531250 0.883351
vt 0.546875 0.883351
vt 0.531250 0.877484
vt 0.546875 0.877484
vt 0.531250 0.867578
vt 0.546875 0.867578
vt 0.531250 0.852358
vt 0.546875 0.852358
vt 0.531250 0.833063
vt 0.546875 0.833063
vt 0.531250 0.810935
vt 0.546875 0.810935
vt 0.531250 0.787214
vt 0.546875 0.787214
vt 0.531250 0.763139
vt 0.546875 0.763139
vt 0.531250 0.739259
vt 0.546875 0.739259
vt 0.531250 0.716124
vt 0.546875 0.716124
vt 0.531250 0.694281
vt 0.546875 0.694281
vt 0.531250 0.674279
vt 0.546875 0.674279
vt 0.531250 0.656198
vt 0.546875 0.656198
vt 0.531250 0.640114
vt 0.546875 0.640114
vt 0.531250 0.626107
vt 0.546875 0.626107
vt 0.531250 0.614255
vt 0.546875 0.614255
vt 0.531250 0.604019
vt 0.546875 0.604019
vt 0.531250 0.594861
vt 0.546875 0.594861
vt 0.531250 0.586241
vt 0.546875 0.586241
vt 0.515625 0.594861
vt 0.515625 0.586241
vt 0.500000 0.594861
vt 0.500000 0.586241
vt 0.484375 0.594861
vt 0.484375 0.586241
vt 0.468750 0.594861
vt 0.468750 0.586241
vt 0.453125 0.594861
vt 0.453125 0.586241
vt 0.437500 0.594861
vt 0.437500 0.586241
vt 0.421875 0.594861
vt 0.421875 0.586241
vt 0.406250 0.594861
vt 0.406250 0.586241
vt 0.390625 0.594861
vt 0.390625 0.586241
vt 0.375000 0.594861
vt 0.375000 0.586241
vt 0.359375 0.594861
vt 0.359375 0.586241
vt 0.343750 0.594861
vt 0.343750 0.586241
vt 0.328125 0.594861
vt 0.328125 0.586241
vt 0.312500 0.594861
vt 0.312500 0.586241
vt 0.296875 0.594861
vt 0.296875 0.586241
vt 0.281250 0.594861
vt 0.281250 0.586241
vt 0.265625 0.594861
vt 0.265625 0.586241
vt 0.250000 0.594861
vt 0.250000 0.586241
vt 0.234375 0.594861
vt 0.234375 0.586241
vt 0.218750 0.594861
vt 0.218750 0.586241
vt 0.203125 0.594861
vt 0.203125 0.586241
vt 0.187500 0.594861
vt 0.187500 0.586241
vt 0.171875 0.594861
vt 0.171875 0.586241
vt 0.156250 0.594861
vt 0.156250 0.586241
vt 0.140625 0.594861
vt 0.140625 0.586241
vt 0.125000 0.594861
vt 0.125000 0.586241
vt 0.109375 0.594861
vt 0.109375 0.586241
vt 0.093750 0.594861
vt 0.093750 0.586241
vt 0.078125 0.594861
vt 0.078125 0.586241
vt 0.062500 0.594861
vt 0.062500 0.586241
vt 0.046875 0.594861
vt 0.046875 0.586241
vt 0.031250 0.594861
vt 0.031250 0.586241
vt 0.015625 0.594861
vt 0.015625 0.586241
vt -0.000000 0.594861
vt -0.000000 0.586241
vt 0.984375 0.594861
vt 0.984375 0.586241
vt 1.000000 0.586241
vt 1.000000 0.594861
vt 0.968750 0.594861
vt 0.968750 0.586241
vt 0.968750 0.604019
vt 0.984375 0.604019
vt 0.968750 0.614255
vt 0.984375 0.614255
vt 0.968750 0.626107
vt 0.984375 0.626107
vt 0.968750 0.640114
vt 0.984375 0.640114
vt 0.968750 0.656198
vt 0.984375 0.656198
vt 0.968750 0.674280
vt 0.984375 0.674280
vt 0.968750 0.694281
vt 0.984375 0.694281
vt 0.968750 0.716124
vt 0.984375 0.716124
vt 0.968750 0.739259
vt 0.984375 0.739259
vt 0.968750 0.763139
vt 0.984375 0.763139
vt 0.968750 0.787214
vt 0.984375 0.787214
vt 0.968750 0.810936
vt 0.984375 0.810936
vt 0.968750 0.833064
vt 0.984375 0.833064
vt 0.968750 0.852358
vt 0.984375 0.852358
vt 0.968750 0.867579
vt 0.984375 0.867579
vt 0.968750 0.877484
vt 0.984375 0.877484
vt 0.968750 0.883352
vt 0.984375 0.883352
vt 0.968750 0.886457
vt 0.984375 0.886457
vt 0.984375 0.888076
vt 0.968750 0.888076
vt 0.984375 0.889486
vt 0.968750 0.889486
vt 0.984375 0.890964
vt 0.968750 0.890964
vt 0.984375 0.892788
vt 0.968750 0.892788
vt 0.984375 0.895238
vt 0.968750 0.895238
vt 0.984375 0.898591
vt 0.968750 0.898591
vt 0.984375 0.902658
vt 0.968750 0.902659
vt 0.984375 0.907251
vt 0.968750 0.907251
vt 0.984375 0.912179
vt 0.968750 0.912179
vt 0.984375 0.917254
vt 0.968750 0.917254
vt 0.984375 0.922366
vt 0.968750 0.922366
vt 1.000000 0.917254
vt 1.000000 0.922403
vt -0.000000 0.922403
vt -0.000000 0.917254
vt 0.015625 0.917254
vt 0.015625 0.922403
vt 0.031250 0.917254
vt 0.031250 0.922366
vt 0.046875 0.917254
vt 0.046875 0.922366
vt 0.062500 0.917254
vt 0.062500 0.922366
vt 0.078125 0.917254
vt 0.078125 0.922366
vt 0.093750 0.917254
vt 0.093750 0.922366
vt 0.109375 0.917254
vt 0.109375 0.922366
vt 0.125000 0.917254
vt 0.125000 0.922366
vt 0.140625 0.917254
vt 0.140625 0.922366
vt 0.156250 0.917254
vt 0.156250 0.922366
vt 0.171875 0.917254
vt 0.171875 0.922366
vt 0.187500 0.917254
vt 0.187500 0.922366
vt 0.203125 0.917254
vt 0.203125 0.922366
vt 0.218750 0.917254
vt 0.218750 0.922366
vt 0.234375 0.917254
vt 0.234375 0.922366
vt 0.250000 0.917254
vt 0.250000 0.922366
vt 0.265625 0.917254
vt 0.265625 0.922366
vt 0.281250 0.917254
vt 0.281250 0.922366
vt 0.296875 0.917254
vt 0.296875 0.922366
vt 0.312500 0.917254
vt 0.312500 0.922366
vt 0.328125 0.917254
vt 0.328125 0.922366
vt 0.343750 0.917254
vt 0.343750 0.922366
vt 0.359375 0.917254
vt 0.359375 0.922366
vt 0.375000 0.917254
vt 0.375000 0.922366
vt 0.390625 0.917254
vt 0.390625 0.922366
vt 0.406250 0.917254
vt 0.406250 0.922366
vt 0.421875 0.917254
vt 0.421875 0.922366
vt 0.437500 0.917254
vt 0.437500 0.922366
vt 0.453125 0.917254
vt 0.453125 0.922366
vt 0.468750 0.917254
vt 0.468750 0.922366
vt 0.484375 0.917254
vt 0.484375 0.922366
vt 0.500000 0.917254
vt 0.500000 0.922366
vt 0.515625 0.917254
vt 0.515625 0.922366
vt 0.515625 0.912179
vt 0.500000 0.912179
vt 0.515625 0.907250
vt 0.500000 0.907250
vt 0.515625 0.902658
vt 0.500000 0.902658
vt 0.515625 0.898591
vt 0.500000 0.898591
vt 0.515625 0.895238
vt 0.500000 0.895238
vt 0.515625 0.892788
vt 0.500000 0.892788
vt 0.515625 0.890963
vt 0.500000 0.890963
vt 0.515625 0.889485
vt 0.500000 0.889485
vt 0.515625 0.888076
vt 0.500000 0.888076
vt 0.515625 0.886456
vt 0.500000 0.886456
vt 0.500000 0.883351
vt 0.515625 0.883351
vt 0.500000 0.877484
vt 0.515625 0.877484
vt 0.500000 0.867578
vt 0.515625 0.867578
vt 0.500000 0.852358
vt 0.515625 0.852358
vt 0.500000 0.833063
vt 0.515625 0.833064
vt 0.500000 0.810935
vt 0.515625 0.810935
vt 0.500000 0.787213
vt 0.515625 0.787214
vt 0.500000 0.763139
vt 0.515625 0.763139
vt 0.500000 0.739259
vt 0.515625 0.739259
vt 0.500000 0.716124
vt 0.515625 0.716124
vt 0.500000 0.694281
vt 0.515625 0.694281
vt 0.500000 0.674279
vt 0.515625 0.674279
vt 0.500000 0.656198
vt 0.515625 0.656198
vt 0.500000 0.640114
vt 0.515625 0.640114
vt 0.500000 0.626107
vt 0.515625 0.626107
vt 0.500000 0.614255
vt 0.515625 0.614255
vt 0.500000 0.604019
vt 0.515625 0.604019
vt 0.484375 0.614255
vt 0.484375 0.604019
vt 0.468750 0.614255
vt 0.468750 0.604019
vt 0.453125 0.614255
vt 0.453125 0.604019
vt 0.437500 0.614255
vt 0.437500 0.604019
vt 0.421875 0.614255
vt 0.421875 0.604019
vt 0.406250 0.614255
vt 0.406250 0.604019
vt 0.390625 0.614255
vt 0.390625 0.604019
vt 0.375000 0.614255
vt 0.375000 0.604019
vt 0.359375 0.614255
vt 0.359375 0.604019
vt 0.343750 0.614255
vt 0.343750 0.604019
vt 0.328125 0.614255
vt 0.328125 0.604019
vt 0.312500 0.614255
vt 0.312500 0.604019
vt 0.296875 0.614255
vt 0.296875 0.604019
vt 0.281250 0.614255
vt 0.281250 0.604019
vt 0.265625 0.614255
vt 0.265625 0.604019
vt 0.250000 0.614255
vt 0.250000 0.604019
vt 0.234375 0.614255
vt 0.234375 0.604019
vt 0.218750 0.614255
vt 0.218750 0.604019
vt 0.203125 0.614255
vt 0.203125 0.604019
vt 0.187500 0.614255
vt 0.187500 0.604019
vt 0.171875 0.614255
vt 0.171875 0.604019
vt 0.156250 0.614255
vt 0.156250 0.604019
vt 0.140625 0.614255
vt 0.140625 0.604019
vt 0.125000 0.614255
vt 0.125000 0.604019
vt 0.109375 0.614255
vt 0.109375 0.604019
vt 0.093750 0.614255
vt 0.093750 0.604019
vt 0.078125 0.614255
vt 0.078125 0.604019
vt 0.062500 0.614255
vt 0.062500 0.604019
vt 0.046875 0.614255
vt 0.046875 0.604019
vt 0.031250 0.614255
vt 0.031250 0.604019
vt 0.015625 0.614255
vt 0.015625 0.603481
vt -0.000000 0.614255
vt -0.000000 0.603481
vt 1.000000 0.603481
vt 1.000000 0.614255
vt -0.000000 0.625030
vt 0.015625 0.625030
vt -0.000000 0.640114
vt 0.015625 0.640114
vt -0.000000 0.655199
vt 0.015625 0.655199
vt -0.000000 0.674280
vt 0.015625 0.674280
vt -0.000000 0.693361
vt 0.015625 0.693361
vt -0.000000 0.716124
vt 0.015625 0.716124
vt -0.000000 0.738887
vt 0.015625 0.738887
vt -0.000000 0.763139
vt 0.015625 0.763139
vt -0.000000 0.787390
vt 0.015625 0.787390
vt -0.000000 0.810936
vt 0.015625 0.810936
vt -0.000000 0.834481
vt 0.015625 0.834481
vt -0.000000 0.852358
vt 0.015625 0.852358
vt -0.000000 0.870236
vt 0.015625 0.870236
vt -0.000000 0.877484
vt 0.015625 0.877484
vt -0.000000 0.884733
vt 0.015625 0.884733
vt -0.000000 0.886457
vt 0.015625 0.886457
vt 0.015625 0.888181
vt -0.000000 0.888181
vt 0.015625 0.889486
vt -0.000000 0.889486
vt -0.000000 0.890790
vt 0.015625 0.890790
vt -0.000000 0.892788
vt 0.015625 0.892788
vt -0.000000 0.894787
vt 0.015625 0.894787
vt -0.000000 0.898591
vt 0.015625 0.898591
vt 0.015625 0.902396
vt -0.000000 0.902396
vt -0.000000 0.907251
vt 0.015625 0.907251
vt -0.000000 0.912105
vt 0.015625 0.912105
vt 0.031250 0.907251
vt 0.031250 0.912179
vt 0.046875 0.907251
vt 0.046875 0.912179
vt 0.062500 0.907251
vt 0.062500 0.912179
vt 0.078125 0.907251
vt 0.078125 0.912179
vt 0.093750 0.907251
vt 0.093750 0.912179
vt 0.109375 0.907251
vt 0.109375 0.912179
vt 0.125000 0.907251
vt 0.125000 0.912179
vt 0.140625 0.907251
vt 0.140625 0.912179
vt 0.156250 0.907251
vt 0.156250 0.912179
vt 0.171875 0.907251
vt 0.171875 0.912179
vt 0.187500 0.907251
vt 0.187500 0.912179
vt 0.203125 0.907251
vt 0.203125 0.912179
vt 0.218750 0.907251
vt 0.218750 0.912179
vt 0.234375 0.907251
vt 0.234375 0.912179
vt 0.250000 0.907251
vt 0.250000 0.912179
vt 0.265625 0.907251
vt 0.265625 0.912179
vt 0.281250 0.907251
vt 0.281250 0.912179
vt 0.296875 0.907251
vt 0.296875 0.912179
vt 0.312500 0.907251
vt 0.312500 0.912179
vt 0.328125 0.907251
vt 0.328125 0.912179
vt 0.343750 0.907250
vt 0.343750 0.912179
vt 0.359375 0.907250
vt 0.359375 0.912179
vt 0.375000 0.907250
vt 0.375000 0.912179
vt 0.390625 0.907250
vt 0.390625 0.912179
vt 0.406250 0.907250
vt 0.406250 0.912179
vt 0.421875 0.907250
vt 0.421875 0.912179
vt 0.437500 0.907250
vt 0.437500 0.912179
vt 0.453125 0.907250
vt 0.453125 0.912179
vt 0.468750 0.907250
vt 0.468750 0.912179
vt 0.484375 0.907250
vt 0.484375 0.912179
vt 0.468750 0.902658
vt 0.484375 0.902658
vt 0.468750 0.898591
vt 0.484375 0.898591
vt 0.468750 0.895238
vt 0.484375 0.895238
vt 0.468750 0.892788
vt 0.484375 0.892788
vt 0.468750 0.890963
vt 0.484375 0.890963
vt 0.468750 0.889485
vt 0.484375 0.889485
vt 0.468750 0.888076
vt 0.484375 0.888076
vt 0.468750 0.886456
vt 0.484375 0.886456
vt 0.468750 0.883351
vt 0.484375 0.883351
vt 0.468750 0.877484
vt 0.484375 0.877484
vt 0.468750 0.867578
vt 0.484375 0.867578
vt 0.468750 0.852358
vt 0.484375 0.852358
vt 0.468750 0.833063
vt 0.484375 0.833064
vt 0.468750 0.810935
vt 0.484375 0.810935
vt 0.468750 0.787214
vt 0.484375 0.787214
vt 0.468750 0.763139
vt 0.484375 0.763139
vt 0.468750 0.739259
vt 0.484375 0.739259
vt 0.468750 0.716124
vt 0.484375 0.716124
vt 0.468750 0.694281
vt 0.484375 0.694281
vt 0.468750 0.674279
vt 0.484375 0.674279
vt 0.468750 0.656198
vt 0.484375 0.656198
vt 0.468750 0.640114
vt 0.484375 0.640114
vt 0.468750 0.626107
vt 0.484375 0.626107
vt 0.453125 0.640114
vt 0.453125 0.626107
vt 0.437500 0.640114
vt 0.437500 0.626107
vt 0.421875 0.640114
vt 0.421875 0.626107
vt 0.406250 0.640114
vt 0.406250 0.626107
vt 0.390625 0.640114
vt 0.390625 0.626107
vt 0.375000 0.640114
vt 0.375000 0.626107
vt 0.359375 0.640114
vt 0.359375 0.626107
vt 0.343750 0.640114
vt 0.343750 0.626107
vt 0.328125 0.640114
vt 0.328125 0.626107
vt 0.312500 0.640114
vt 0.312500 0.626107
vt 0.296875 0.640114
vt 0.296875 0.626107
vt 0.281250 0.640114
vt 0.281250 0.626107
vt 0.265625 0.640114
vt 0.265625 0.626107
vt 0.250000 0.640114
vt 0.250000 0.626107
vt 0.234375 0.640114
vt 0.234375 0.626107
vt 0.218750 0.640114
vt 0.218750 0.626107
vt 0.203125 0.640114
vt 0.203125 0.626107
vt 0.187500 0.640114
vt 0.187500 0.626107
vt 0.171875 0.640114
vt 0.171875 0.626107
vt 0.156250 0.640114
vt 0.156250 0.626107
vt 0.140625 0.640114
vt 0.140625 0.626107
vt 0.125000 0.640114
vt 0.125000 0.626107
vt 0.109375 0.640114
vt 0.109375 0.626107
vt 0.093750 0.640114
vt 0.093750 0.626107
vt 0.078125 0.640114
vt 0.078125 0.626107
vt 0.062500 0.640114
vt 0.062500 0.626107
vt 0.046875 0.640114
vt 0.046875 0.626107
vt 0.031250 0.640114
vt 0.031250 0.626107
vt 0.031250 0.656198
vt 0.046875 0.656198
vt 0.031250 0.674280
vt 0.046875 0.674280
vt 0.031250 0.694281
vt 0.046875 0.694281
vt 0.031250 0.716124
vt 0.046875 0.716124
vt 0.031250 0.739259
vt 0.046875 0.739259
vt 0.031250 0.763139
vt 0.046875 0.763139
vt 0.031250 0.787214
vt 0.046875 0.787214
vt 0.031250 0.810936
vt 0.046875 0.810936
vt 0.031250 0.833064
vt 0.046875 0.833064
vt 0.031250 0.852358
vt 0.046875 0.852358
vt 0.031250 0.867579
vt 0.046875 0.867579
vt 0.031250 0.877484
vt 0.046875 0.877484
vt 0.031250 0.883352
vt 0.046875 0.883352
vt 0.031250 0.886457
vt 0.046875 0.886457
vt 0.031250 0.888076
vt 0.046875 0.888076
vt 0.031250 0.889486
vt 0.046875 0.889486
vt 0.031250 0.890964
vt 0.046875 0.890964
vt 0.031250 0.892788
vt 0.046875 0.892788
vt 0.031250 0.895238
vt 0.046875 0.895238
vt 0.031250 0.898591
vt 0.046875 0.898591
vt 0.031250 0.902659
vt 0.046875 0.902658
vt 0.062500 0.898591
vt 0.062500 0.902658
vt 0.078125 0.898591
vt 0.078125 0.902658
vt 0.093750 0.898591
vt 0.093750 0.902659
vt 0.109375 0.898591
vt 0.109375 0.902658
vt 0.125000 0.898591
vt 0.125000 0.902658
vt 0.140625 0.898591
vt 0.140625 0.902658
vt 0.156250 0.898591
vt 0.156250 0.902658
vt 0.171875 0.898591
vt 0.171875 0.902658
vt 0.187500 0.898591
vt 0.187500 0.902658
vt 0.203125 0.898591
vt 0.203125 0.902658
vt 0.218750 0.898591
vt 0.218750 0.902658
vt 0.234375 0.898591
vt 0.234375 0.902658
vt 0.250000 0.898591
vt 0.250000 0.902658
vt 0.265625 0.898591
vt 0.265625 0.902658
vt 0.281250 0.898591
vt 0.281250 0.902658
vt 0.296875 0.898591
vt 0.296875 0.902658
vt 0.312500 0.898591
vt 0.312500 0.902658
vt 0.328125 0.898591
vt 0.328125 0.902658
vt 0.343750 0.898591
vt 0.343750 0.902658
vt 0.359375 0.898591
vt 0.359375 0.902658
vt 0.375000 0.898591
vt 0.375000 0.902658
vt 0.390625 0.898591
vt 0.390625 0.902658
vt 0.406250 0.898591
vt 0.406250 0.902658
vt 0.421875 0.898591
vt 0.421875 0.902658
vt 0.437500 0.898591
vt 0.437500 0.902658
vt 0.453125 0.898591
vt 0.453125 0.902658
vt 0.437500 0.895238
vt 0.453125 0.895238
vt 0.437500 0.892788
vt 0.453125 0.892788
vt 0.437500 0.890963
vt 0.453125 0.890963
vt 0.437500 0.889485
vt 0.453125 0.889485
vt 0.437500 0.888076
vt 0.453125 0.888076
vt 0.437500 0.886456
vt 0.453125 0.886456
vt 0.437500 0.883351
vt 0.453125 0.883351
vt 0.437500 0.877484
vt 0.453125 0.877484
vt 0.437500 0.867578
vt 0.453125 0.867578
vt 0.437500 0.852358
vt 0.453125 0.852358
vt 0.437500 0.833063
vt 0.453125 0.833064
vt 0.437500 0.810935
vt 0.453125 0.810935
vt 0.437500 0.787213
vt 0.453125 0.787214
vt 0.437500 0.763139
vt 0.453125 0.763139
vt 0.437500 0.739259
vt 0.453125 0.739259
vt 0.437500 0.716124
vt 0.453125 0.716124
vt 0.437500 0.694281
vt 0.453125 0.694281
vt 0.437500 0.674279
vt 0.453125 0.674279
vt 0.437500 0.656198
vt 0.453125 0.656198
vt 0.421875 0.674280
vt 0.421875 0.656198
vt 0.406250 0.674280
vt 0.406250 0.656198
vt 0.390625 0.674280
vt 0.390625 0.656198
vt 0.375000 0.674280
vt 0.375000 0.656198
vt 0.359375 0.674280
vt 0.359375 0.656198
vt 0.343750 0.674280
vt 0.343750 0.656198
vt 0.328125 0.674280
vt 0.328125 0.656198
vt 0.312500 0.674280
vt 0.312500 0.656198
vt 0.296875 0.674280
vt 0.296875 0.656198
vt 0.281250 0.674280
vt 0.281250 0.656198
vt 0.265625 0.674280
vt 0.265625 0.656198
vt 0.250000 0.674280
vt 0.250000 0.656198
vt 0.234375 0.674280
vt 0.234375 0.656198
vt 0.218750 0.674280
vt 0.218750 0.656198
vt 0.203125 0.674280
vt 0.203125 0.656198
vt 0.187500 0.674280
vt 0.187500 0.656198
vt 0.171875 0.674280
vt 0.171875 0.656198
vt 0.156250 0.674280
vt 0.156250 0.656198
vt 0.140625 0.674280
vt 0.140625 0.656198
vt 0.125000 0.674280
vt 0.125000 0.656198
vt 0.109375 0.674280
vt 0.109375 0.656198
vt 0.093750 0.674280
vt 0.093750 0.656198
vt 0.078125 0.674280
vt 0.078125 0.656198
vt 0.062500 0.674280
vt 0.062500 0.656198
vt 0.062500 0.694281
vt 0.078125 0.694281
vt 0.062500 0.716124
vt 0.078125 0.716124
vt 0.062500 0.739259
vt 0.078125 0.739259
vt 0.062500 0.763139
vt 0.078125 0.763139
vt 0.062500 0.787214
vt 0.078125 0.787214
vt 0.062500 0.810936
vt 0.078125 0.810936
vt 0.062500 0.833064
vt 0.078125 0.833064
vt 0.062500 0.852358
vt 0.078125 0.852358
vt 0.062500 0.867579
vt 0.078125 0.867579
vt 0.062500 0.877484
vt 0.078125 0.877484
vt 0.062500 0.883352
vt 0.078125 0.883352
vt 0.062500 0.886457
vt 0.078125 0.886457
vt 0.062500 0.888076
vt 0.078125 0.888076
vt 0.062500 0.889486
vt 0.078125 0.889486
vt 0.062500 0.890964
vt 0.078125 0.890964
vt 0.062500 0.892788
vt 0.078125 0.892788
vt 0.062500 0.895238
vt 0.078125 0.895238
vt 0.093750 0.892788
vt 0.093750 0.895238
vt 0.109375 0.892788
vt 0.109375 0.895238
vt 0.125000 0.892788
vt 0.125000 0.895238
vt 0.140625 0.892788
vt 0.140625 0.895238
vt 0.156250 0.892788
vt 0.156250 0.895238
vt 0.171875 0.892788
vt 0.171875 0.895238
vt 0.187500 0.892788
vt 0.187500 0.895238
vt 0.203125 0.892788
vt 0.203125 0.895238
vt 0.218750 0.892788
vt 0.218750 0.895238
vt 0.234375 0.892788
vt 0.234375 0.895238
vt 0.250000 0.892788
vt 0.250000 0.895238
vt 0.265625 0.892788
vt 0.265625 0.895238
vt 0.281250 0.892788
vt 0.281250 0.895238
vt 0.296875 0.892788
vt 0.296875 0.895238
vt 0.312500 0.892788
vt 0.312500 0.895238
vt 0.328125 0.892788
vt 0.328125 0.895238
vt 0.343750 0.892788
vt 0.343750 0.895238
vt 0.359375 0.892788
vt 0.359375 0.895238
vt 0.375000 0.892788
vt 0.375000 0.895238
vt 0.390625 0.892788
vt 0.390625 0.895238
vt 0.406250 0.892788
vt 0.406250 0.895238
vt 0.421875 0.892788
vt 0.421875 0.895238
vt 0.406250 0.890963
vt 0.421875 0.890963
vt 0.406250 0.889485
vt 0.421875 0.889485
vt 0.406250 0.888076
vt 0.421875 0.888076
vt 0.406250 0.886456
vt 0.421875 0.886456
vt 0.406250 0.883351
vt 0.421875 0.883351
vt 0.406250 0.877484
vt 0.421875 0.877484
vt 0.406250 0.867578
vt 0.421875 0.867578
vt 0.406250 0.852358
vt 0.421875 0.852358
vt 0.406250 0.833064
vt 0.421875 0.833064
vt 0.406250 0.810935
vt 0.421875 0.810935
vt 0.406250 0.787214
vt 0.421875 0.787214
vt 0.406250 0.763139
vt 0.421875 0.763139
vt 0.406250 0.739259
vt 0.421875 0.739259
vt 0.406250 0.716124
vt 0.421875 0.716124
vt 0.406250 0.694281
vt 0.421875 0.694281
vt 0.390625 0.716124
vt 0.390625 0.694281
vt 0.375000 0.716124
vt 0.375000 0.694281
vt 0.359375 0.716124
vt 0.359375 0.694281
vt 0.343750 0.716124
vt 0.343750 0.694281
vt 0.328125 0.716124
vt 0.328125 0.694281
vt 0.312500 0.716124
vt 0.312500 0.694281
vt 0.296875 0.716124
vt 0.296875 0.694281
vt 0.281250 0.716124
vt 0.281250 0.694281
vt 0.265625 0.716124
vt 0.265625 0.694281
vt 0.250000 0.716124
vt 0.250000 0.694281
vt 0.234375 0.716124
vt 0.234375 0.694281
vt 0.218750 0.716124
vt 0.218750 0.694281
vt 0.203125 0.716124
vt 0.203125 0.694281
vt 0.187500 0.716124
vt 0.187500 0.694281
vt 0.171875 0.716124
vt 0.171875 0.694281
vt 0.156250 0.716124
vt 0.156250 0.694281
vt 0.140625 0.716124
vt 0.140625 0.694281
vt 0.125000 0.716124
vt 0.125000 0.694281
vt 0.109375 0.716124
vt 0.109375 0.694281
vt 0.093750 0.716124
vt 0.093750 0.694281
vt 0.093750 0.739259
vt 0.109375 0.739259
vt 0.093750 0.763139
vt 0.109375 0.763139
vt 0.093750 0.787214
vt 0.109375 0.787214
vt 0.093750 0.810936
vt 0.109375 0.810935
vt 0.093750 0.833064
vt 0.109375 0.833064
vt 0.093750 0.852358
vt 0.109375 0.852358
vt 0.093750 0.867579
vt 0.109375 0.867579
vt 0.093750 0.877484
vt 0.109375 0.877484
vt 0.093750 0.883352
vt 0.109375 0.883352
vt 0.093750 0.886457
vt 0.109375 0.886457
vt 0.093750 0.888076
vt 0.109375 0.888076
vt 0.093750 0.889485
vt 0.109375 0.889485
vt 0.093750 0.890964
vt 0.109375 0.890964
vt 0.125000 0.889485
vt 0.125000 0.890964
vt 0.140625 0.889486
vt 0.140625 0.890964
vt 0.156250 0.889485
vt 0.156250 0.890964
vt 0.171875 0.889485
vt 0.171875 0.890964
vt 0.187500 0.889485
vt 0.187500 0.890964
vt 0.203125 0.889486
vt 0.203125 0.890964
vt 0.218750 0.889485
vt 0.218750 0.890964
vt 0.234375 0.889485
vt 0.234375 0.890963
vt 0.250000 0.889485
vt 0.250000 0.890963
vt 0.265625 0.889485
vt 0.265625 0.890963
vt 0.281250 0.889485
vt 0.281250 0.890963
vt 0.296875 0.889485
vt 0.296875 0.890963
vt 0.312500 0.889485
vt 0.312500 0.890963
vt 0.328125 0.889485
vt 0.328125 0.890963
vt 0.343750 0.889485
vt 0.343750 0.890963
vt 0.359375 0.889485
vt 0.359375 0.890963
vt 0.375000 0.889485
vt 0.375000 0.890963
vt 0.390625 0.889485
vt 0.390625 0.890963
vt 0.375000 0.888076
vt 0.390625 0.888076
vt 0.375000 0.886456
vt 0.390625 0.886456
vt 0.375000 0.883351
vt 0.390625 0.883351
vt 0.375000 0.877484
vt 0.390625 0.877484
vt 0.375000 0.867578
vt 0.390625 0.867578
vt 0.375000 0.852358
vt 0.390625 0.852358
vt 0.375000 0.833063
vt 0.390625 0.833064
vt 0.375000 0.810935
vt 0.390625 0.810935
vt 0.375000 0.787214
vt 0.390625 0.787214
vt 0.375000 0.763139
vt 0.390625 0.763139
vt 0.375000 0.739259
vt 0.390625 0.739259
vt 0.359375 0.763139
vt 0.359375 0.739259
vt 0.343750 0.763139
vt 0.343750 0.739259
vt 0.328125 0.763139
vt 0.328125 0.739259
vt 0.312500 0.763139
vt 0.312500 0.739259
vt 0.296875 0.763139
vt 0.296875 0.739259
vt 0.281250 0.763139
vt 0.281250 0.739259
vt 0.265625 0.763139
vt 0.265625 0.739259
vt 0.250000 0.763139
vt 0.250000 0.739259
vt 0.234375 0.763139
vt 0.234375 0.739259
vt 0.218750 0.763139
vt 0.218750 0.739259
vt 0.203125 0.763139
vt 0.203125 0.739259
vt 0.187500 0.763139
vt 0.187500 0.739259
vt 0.171875 0.763139
vt 0.171875 0.739259
vt 0.156250 0.763139
vt 0.156250 0.739259
vt 0.140625 0.763139
vt 0.140625 0.739259
vt 0.125000 0.763139
vt 0.125000 0.739259
vt 0.125000 0.787214
vt 0.140625 0.787214
vt 0.125000 0.810935
vt 0.140625 0.810936
vt 0.125000 0.833064
vt 0.140625 0.833064
vt 0.125000 0.852358
vt 0.140625 0.852358
vt 0.125000 0.867579
vt 0.140625 0.867579
vt 0.125000 0.877484
vt 0.140625 0.877484
vt 0.125000 0.883352
vt 0.140625 0.883352
vt 0.140625 0.886457
vt 0.125000 0.886457
vt 0.125000 0.888076
vt 0.140625 0.888076
vt 0.156250 0.886457
vt 0.156250 0.888076
vt 0.171875 0.886457
vt 0.171875 0.888076
vt 0.187500 0.886457
vt 0.187500 0.888076
vt 0.203125 0.886457
vt 0.203125 0.888076
vt 0.218750 0.886457
vt 0.218750 0.888076
vt 0.234375 0.886457
vt 0.234375 0.888076
vt 0.250000 0.886457
vt 0.250000 0.888076
vt 0.265625 0.886457
vt 0.265625 0.888076
vt 0.281250 0.886457
vt 0.281250 0.888076
vt 0.296875 0.886457
vt 0.296875 0.888076
vt 0.312500 0.886456
vt 0.312500 0.888076
vt 0.328125 0.886456
vt 0.328125 0.888076
vt 0.343750 0.886456
vt 0.343750 0.888076
vt 0.359375 0.886456
vt 0.359375 0.888076
vt 0.343750 0.883351
vt 0.359375 0.883351
vt 0.343750 0.877484
vt 0.359375 0.877484
vt 0.343750 0.867578
vt 0.359375 0.867578
vt 0.343750 0.852358
vt 0.359375 0.852358
vt 0.343750 0.833064
vt 0.359375 0.833064
vt 0.343750 0.810935
vt 0.359375 0.810935
vt 0.343750 0.787214
vt 0.359375 0.787214
vt 0.328125 0.810935
vt 0.328125 0.787214
vt 0.312500 0.810935
vt 0.312500 0.787214
vt 0.296875 0.810935
vt 0.296875 0.787214
vt 0.281250 0.810935
vt 0.281250 0.787214
vt 0.265625 0.810935
vt 0.265625 0.787214
vt 0.250000 0.810935
vt 0.250000 0.787214
vt 0.234375 0.810935
vt 0.234375 0.787214
vt 0.218750 0.810935
vt 0.218750 0.787214
vt 0.203125 0.810935
vt 0.203125 0.787214
vt 0.187500 0.810935
vt 0.187500 0.787214
vt 0.171875 0.810935
vt 0.171875 0.787214
vt 0.156250 0.810935
vt 0.156250 0.787214
vt 0.156250 0.833064
vt 0.171875 0.833064
vt 0.156250 0.852358
vt 0.171875 0.852358
vt 0.156250 0.867579
vt 0.171875 0.867579
vt 0.156250 0.877484
vt 0.171875 0.877484
vt 0.156250 0.883352
vt 0.171875 0.883352
vt 0.187500 0.877484
vt 0.187500 0.883351
vt 0.203125 0.877484
vt 0.203125 0.883351
vt 0.218750 0.877484
vt 0.218750 0.883351
vt 0.234375 0.877484
vt 0.234375 0.883351
vt 0.250000 0.877484
vt 0.250000 0.883351
vt 0.265625 0.877484
vt 0.265625 0.883351
vt 0.281250 0.877484
vt 0.281250 0.883351
vt 0.296875 0.877484
vt 0.296875 0.883351
vt 0.312500 0.877484
vt 0.312500 0.883351
vt 0.328125 0.877484
vt 0.328125 0.883351
vt 0.312500 0.867578
vt 0.328125 0.867578
vt 0.312500 0.852358
vt 0.328125 0.852358
vt 0.312500 0.833064
vt 0.328125 0.833064
vt 0.296875 0.852358
vt 0.296875 0.833064
vt 0.281250 0.852358
vt 0.281250 0.833064
vt 0.265625 0.852358
vt 0.265625 0.833064
vt 0.250000 0.852358
vt 0.250000 0.833064
vt 0.234375 0.852358
vt 0.234375 0.833064
vt 0.218750 0.852358
vt 0.218750 0.833064
vt 0.203125 0.852358
vt 0.203125 0.833064
vt 0.187500 0.852358
vt 0.187500 0.833064
vt 0.187500 0.867579
vt 0.203125 0.867578
vt 0.218750 0.867579
vt 0.234375 0.867578
vt 0.250000 0.867579
vt 0.265625 0.867578
vt 0.281250 0.867578
vt 0.296875 0.867578
vt 1.000000 0.907251
vt 1.000000 0.912105
vt 1.000000 0.902396
vt 1.000000 0.898591
vt 1.000000 0.894787
vt 1.000000 0.892788
vt 1.000000 0.890790
vt 1.000000 0.889486
vt 1.000000 0.888181
vt 1.000000 0.886457
vt 1.000000 0.884733
vt 1.000000 0.877484
vt 1.000000 0.870236
vt 1.000000 0.852358
vt 1.000000 0.834481
vt 1.000000 0.810936
vt 1.000000 0.787390
vt 1.000000 0.763139
vt 1.000000 0.738887
vt 1.000000 0.716124
vt 1.000000 0.693361
vt 1.000000 0.674280
vt 1.000000 0.655199
vt 1.000000 0.640114
vt 1.000000 0.625030
vt 0.617188 0.950785
vt 0.648438 0.950785
vt 0.867188 0.950786
vt 0.835938 0.950786
vt 0.679688 0.950785
vt 0.804688 0.950786
vt 0.710938 0.950785
vt 0.773438 0.950786
vt 0.742188 0.950785
vt 0.437500 0.967259
vt 0.445312 0.967259
vt 0.453125 0.967259
vt 0.031250 0.967259
vt 0.039062 0.967259
vt 0.046875 0.967259
vt 0.460938 0.967259
vt 0.468750 0.967259
vt 0.054687 0.967259
vt 0.062500 0.967259
vt 0.476562 0.967259
vt 0.484375 0.967259
vt 0.070312 0.967259
vt 0.078125 0.967259
vt 0.492188 0.967259
vt 0.500000 0.967259
vt 0.085937 0.967259
vt 0.093750 0.967259
vt 0.507812 0.967259
vt 0.515625 0.967259
vt 0.101562 0.967259
vt 0.109375 0.967259
vt 0.523438 0.967259
vt 0.531250 0.967259
vt 0.117187 0.967259
vt 0.125000 0.967259
vt 0.539062 0.967259
vt 0.546875 0.967259
vt 0.132812 0.967259
vt 0.140625 0.967259
vt 0.554688 0.967259
vt 0.562500 0.967259
vt 0.148437 0.967259
vt 0.156250 0.967259
vt 0.570312 0.967259
vt 0.578125 0.967259
vt 0.164062 0.967259
vt 0.171875 0.967259
vt 0.750000 0.967259
vt 0.757812 0.967259
vt 0.765625 0.967259
vt 0.585938 0.967259
vt 0.593750 0.967259
vt 0.179687 0.967259
vt 0.187500 0.967259
vt 0.773438 0.967259
vt 0.781250 0.967259
vt 0.601562 0.967259
vt 0.609375 0.967259
vt 0.195312 0.967259
vt 0.203125 0.967259
vt 0.789062 0.967259
vt 0.796875 0.967259
vt 0.617188 0.967259
vt 0.625000 0.967259
vt 0.210937 0.967259
vt 0.218750 0.967259
vt 0.804688 0.967259
vt 0.812500 0.967259
vt 0.632812 0.967259
vt 0.640625 0.967259
vt 0.226562 0.967259
vt 0.234375 0.967259
vt 0.820312 0.967259
vt 0.828125 0.967259
vt 0.648438 0.967259
vt 0.656250 0.967259
vt 0.242187 0.967259
vt 0.250000 0.967259
vt 0.835938 0.967259
vt 0.843750 0.967259
vt 0.664062 0.967259
vt 0.671875 0.967259
vt 0.257812 0.967259
vt 0.265625 0.967259
vt 0.851562 0.967259
vt 0.859375 0.967259
vt 0.679688 0.967259
vt 0.687500 0.967259
vt 0.273437 0.967259
vt 0.281250 0.967259
vt 0.867188 0.967259
vt 0.875000 0.967259
vt 0.695312 0.967259
vt 0.703125 0.967259
vt 0.289062 0.967259
vt 0.296875 0.967259
vt 0.882812 0.967259
vt 0.890625 0.967259
vt 0.710938 0.967259
vt 0.718750 0.967259
vt 0.304687 0.967259
vt 0.312500 0.967259
vt 0.898438 0.967259
vt 0.906250 0.967259
vt 0.726562 0.967259
vt 0.734375 0.967259
vt 0.320312 0.967259
vt 0.328125 0.967259
vt 0.914062 0.967259
vt 0.921875 0.967259
vt 0.742188 0.967259
vt 0.335938 0.967259
vt 0.343750 0.967259
vt 0.929688 0.967259
vt 0.937500 0.967259
vt 0.351562 0.967259
vt 0.359375 0.967259
vt 0.945312 0.967259
vt 0.953125 0.967259
vt 0.367188 0.967259
vt 0.375000 0.967259
vt 0.960938 0.967259
vt 0.968750 0.967259
vt 0.382812 0.967259
vt 0.390625 0.967259
vt 0.976562 0.967259
vt 0.984375 0.967259
vt 0.398438 0.967259
vt 0.406250 0.967259
vt 0.992188 0.967259
vt 1.000000 0.967259
vt 0.414062 0.967259
vt 0.421875 0.967259
vt -0.000000 0.967259
vt 0.007812 0.967259
vt 0.015625 0.967259
vt 0.429687 0.967259
vt 0.023437 0.967259
vt 0.742188 0.959022
vt 0.734375 0.959022
vt 0.726562 0.959022
vt 0.718750 0.959022
vt 0.710938 0.959022
vt 0.703125 0.959022
vt 0.695312 0.959022
vt 0.687500 0.959022
vt 0.679688 0.959022
vt 0.671875 0.959022
vt 0.664062 0.959022
vt 0.656250 0.959022
vt 0.648438 0.959022
vt 0.640625 0.959022
vt 0.632812 0.959022
vt 0.625000 0.959022
vt 0.617188 0.959022
vt 0.609375 0.959022
vt 0.601562 0.959022
vt 0.593750 0.959022
vt 0.585938 0.959022
vt 0.578125 0.959022
vt 0.570312 0.959022
vt 0.562500 0.959022
vt 0.554688 0.959022
vt 0.546875 0.959022
vt 0.539062 0.959022
vt 0.531250 0.959022
vt 0.523438 0.959022
vt 0.515625 0.959022
vt 0.507812 0.959022
vt 0.500000 0.959022
vt 0.492188 0.959022
vt 0.484375 0.959022
vt 0.476562 0.959022
vt 0.468750 0.959022
vt 0.460938 0.959022
vt 0.453125 0.959022
vt 0.445312 0.959022
vt 0.437500 0.959022
vt 0.429688 0.959022
vt 0.421875 0.959022
vt 0.414062 0.959022
vt 0.406250 0.959022
vt 0.398438 0.959022
vt 0.390625 0.959022
vt 0.382812 0.959022
vt 0.375000 0.959022
vt 0.367188 0.959022
vt 0.359375 0.959022
vt 0.351562 0.959022
vt 0.343750 0.959022
vt 0.335938 0.959022
vt 0.328125 0.959022
vt 0.320312 0.959022
vt 0.312500 0.959022
vt 0.304687 0.959022
vt 0.296875 0.959022
vt 0.289062 0.959022
vt 0.281250 0.959022
vt 0.273437 0.959022
vt 0.265625 0.959022
vt 0.257812 0.959022
vt 0.250000 0.959022
vt 0.242187 0.959022
vt 0.234375 0.959022
vt 0.226562 0.959022
vt 0.218750 0.959022
vt 0.210937 0.959022
vt 0.203125 0.959022
vt 0.195312 0.959022
vt 0.187500 0.959022
vt 0.179687 0.959022
vt 0.171875 0.959022
vt 0.164062 0.959022
vt 0.156250 0.959022
vt 0.148437 0.959022
vt 0.140625 0.959022
vt 0.132812 0.959022
vt 0.125000 0.959022
vt 0.117187 0.959022
vt 0.109375 0.959022
vt 0.101562 0.959022
vt 0.093750 0.959022
vt 0.085937 0.959022
vt 0.078125 0.959022
vt 0.070312 0.959022
vt 0.062500 0.959022
vt 0.054687 0.959022
vt 0.046875 0.959022
vt 0.039062 0.959022
vt 0.031250 0.959022
vt 0.023437 0.959022
vt 0.015625 0.959022
vt 0.007812 0.959022
vt -0.000000 0.959022
vt 0.992188 0.959022
vt 0.984375 0.959022
vt 0.976562 0.959022
vt 0.968750 0.959022
vt 0.960938 0.959022
vt 0.953125 0.959022
vt 0.945312 0.959022
vt 0.937500 0.959022
vt 0.929688 0.959022
vt 0.921875 0.959022
vt 0.914062 0.959022
vt 0.906250 0.959022
vt 0.898438 0.959022
vt 0.890625 0.959022
vt 0.882812 0.959022
vt 0.875000 0.959022
vt 0.867188 0.959022
vt 0.859375 0.959022
vt 0.851562 0.959022
vt 0.843750 0.959022
vt 0.835938 0.959022
vt 0.828125 0.959022
vt 0.820312 0.959022
vt 0.812500 0.959022
vt 0.804688 0.959022
vt 0.796875 0.959022
vt 0.789062 0.959022
vt 0.781250 0.959022
vt 0.773438 0.959022
vt 0.765625 0.959022
vt 0.757812 0.959022
vt 0.750000 0.959022
vt 1.000000 0.959022
s 1
usemtl Material.004
f 386/326/300 389/327/301 388/328/302 387/329/303
f 389/327/301 391/330/304 390/331/305 388/328/302
f 391/330/304 393/332/306 392/333/307 390/331/305
f 393/332/306 395/334/308 394/335/309 392/333/307
f 395/334/308 397/336/310 396/337/311 394/335/309
f 397/336/310 399/338/312 398/339/313 396/337/311
f 399/338/312 401/340/314 400/341/315 398/339/313
f 401/340/314 403/342/316 402/343/317 400/341/315
f 403/342/316 405/344/318 404/345/319 402/343/317
f 405/344/318 407/346/320 406/347/321 404/345/319
f 407/346/320 409/348/322 408/349/323 406/347/321
f 409/348/322 411/350/324 410/351/325 408/349/323
f 411/350/324 413/352/324 412/353/323 410/351/325
f 413/352/324 415/354/326 414/355/327 412/353/323
f 415/354/326 417/356/326 416/357/328 414/355/327
f 417/356/326 419/358/324 418/359/327 416/357/328
f 419/358/324 421/360/329 420/361/328 418/359/327
f 421/360/329 423/362/330 422/363/328 420/361/328
f 423/362/330 425/364/331 424/365/323 422/363/328
f 425/364/331 427/366/324 426/367/332 424/365/323
f 427/366/324 429/368/324 428/369/323 426/367/332
f 429/368/324 431/370/331 430/371/323 428/369/323
f 431/370/331 433/372/314 432/373/315 430/371/323
f 433/372/314 435/374/324 434/375/333 432/373/315
f 435/374/324 437/376/334 436/377/335 434/375/333
f 437/376/334 439/378/336 438/379/337 436/377/335
f 439/378/336 441/380/338 440/381/339 438/379/337
f 441/380/338 443/382/338 442/383/340 440/381/339
f 443/382/338 445/384/338 444/385/315 442/383/340
f 445/384/338 447/386/341 446/387/342 444/385/315
f 447/386/341 449/388/343 448/389/344 446/387/342
f 449/388/343 451/390/345 450/391/346 448/389/344
f 451/390/345 453/392/347 452/393/347 450/391/346
f 453/392/347 455/394/348 454/395/349 452/393/347
f 455/394/348 457/396/349 456/397/349 454/395/349
f 457/396/349 459/398/347 458/399/350 456/397/349
f 459/398/347 461/400/347 460/401/351 458/399/350
f 461/400/347 463/402/351 462/403/351 460/401/351
f 463/402/351 465/404/351 464/405/351 462/403/351
f 465/404/351 467/406/352 466/407/351 464/405/351
f 467/406/352 469/408/352 468/409/351 466/407/351
f 469/408/352 471/410/352 470/411/351 468/409/351
f 471/410/352 473/412/352 472/413/351 470/411/351
f 473/412/352 475/414/351 474/415/351 472/413/351
f 475/414/351 477/416/353 476/417/351 474/415/351
f 477/416/353 479/418/347 478/419/351 476/417/351
f 479/418/347 481/420/353 480/421/354 478/419/351
f 481/420/353 483/422/355 482/423/356 480/421/354
f 483/422/355 485/424/357 3713/425/358 484/426/359 482/423/356
f 488/427/360 486/428/361 3714/429/362 487/430/363 489/431/364
f 490/432/365 488/427/360 489/431/364 491/433/366
f 492/434/365 490/432/365 491/433/366 493/435/367
f 494/436/368 492/434/365 493/435/367 495/437/367
f 496/438/351 494/436/368 495/437/367 497/439/366
f 498/440/366 496/438/351 497/439/366 499/441/369
f 500/442/366 498/440/366 499/441/369 501/443/369
f 502/444/366 500/442/366 501/443/369 503/445/369
f 504/446/366 502/444/366 503/445/369 505/447/369
f 506/448/351 504/446/366 505/447/369 507/449/370
f 508/450/351 506/448/351 507/449/370 509/451/351
f 510/452/347 508/450/351 509/451/351 511/453/371
f 512/454/372 510/452/347 511/453/371 513/455/373
f 514/456/374 512/454/372 513/455/373 515/457/349
f 516/458/375 514/456/374 515/457/349 517/459/349
f 518/460/347 516/458/375 517/459/349 519/461/347
f 520/462/376 518/460/347 519/461/347 521/463/351
f 522/464/377 520/462/376 521/463/351 523/465/378
f 523/465/378 525/466/379 524/467/380 522/464/377
f 526/468/381 524/467/380 525/466/379 527/469/382
f 528/470/383 526/468/381 527/469/382 529/471/384
f 530/472/385 528/470/383 529/471/384 531/473/386
f 532/474/387 530/472/385 531/473/386 533/475/386
f 534/476/385 532/474/387 533/475/386 535/477/388
f 536/478/389 534/476/385 535/477/388 537/479/390
f 538/480/391 536/478/389 537/479/390 539/481/392
f 540/482/393 538/480/391 539/481/392 541/483/323
f 542/484/394 540/482/393 541/483/323 543/485/323
f 544/486/389 542/484/394 543/485/323 545/487/395
f 546/488/396 544/486/389 545/487/395 547/489/397
f 548/490/398 546/488/396 547/489/397 549/491/399
f 550/492/400 548/490/398 549/491/399 551/493/401
f 552/494/389 550/492/400 551/493/401 553/495/394
f 554/496/402 552/494/389 553/495/394 555/497/403
f 556/498/402 554/496/402 555/497/403 557/499/401
f 558/500/389 556/498/402 557/499/401 559/501/394
f 560/502/389 558/500/389 559/501/394 561/503/397
f 562/504/404 560/502/389 561/503/397 563/505/405
f 564/506/406 562/504/404 563/505/405 565/507/407
f 566/508/408 564/506/406 565/507/407 567/509/409
f 568/510/410 566/508/408 567/509/409 569/511/411
f 570/512/391 568/510/410 569/511/411 571/513/412
f 571/513/412 573/514/413 572/515/414 570/512/391
f 573/514/413 575/516/415 574/517/416 572/515/414
f 575/516/415 577/518/417 576/519/418 574/517/416
f 577/518/417 579/520/419 578/521/420 576/519/418
f 579/520/419 581/522/421 580/523/422 578/521/420
f 581/522/421 583/524/423 582/525/424 580/523/422
f 583/524/423 585/526/425 584/527/426 582/525/424
f 586/528/427 587/529/428 585/526/425 583/524/423
f 588/530/429 589/531/430 587/529/428 586/528/427
f 590/532/431 591/533/432 589/531/430 588/530/429
f 592/534/433 593/535/434 591/533/432 590/532/431
f 594/536/433 595/537/435 593/535/434 592/534/433
f 596/538/436 597/539/437 595/537/435 594/536/433
f 598/540/436 599/541/438 597/539/437 596/538/436
f 600/542/439 601/543/440 599/541/438 598/540/436
f 602/544/441 603/545/442 601/543/440 600/542/439
f 604/546/443 605/547/444 603/545/442 602/544/441
f 606/548/445 607/549/446 605/547/444 604/546/443
f 608/550/447 609/551/448 607/549/446 606/548/445
f 610/552/449 611/553/450 609/551/448 608/550/447
f 612/554/451 613/555/452 611/553/450 610/552/449
f 614/556/453 615/557/454 613/555/452 612/554/451
f 616/558/455 617/559/456 615/557/454 614/556/453
f 618/560/457 619/561/458 617/559/456 616/558/455
f 620/562/459 621/563/460 619/561/458 618/560/457
f 622/564/461 623/565/462 621/563/460 620/562/459
f 624/566/463 625/567/464 623/565/462 622/564/461
f 626/568/465 627/569/466 625/567/464 624/566/463
f 628/570/467 629/571/468 627/569/466 626/568/465
f 630/572/467 631/573/469 629/571/468 628/570/467
f 632/574/470 633/575/471 631/573/469 630/572/467
f 634/576/472 635/577/473 633/575/471 632/574/470
f 636/578/474 637/579/475 635/577/473 634/576/472
f 638/580/476 639/581/477 637/579/475 636/578/474
f 640/582/478 641/583/479 639/581/477 638/580/476
f 642/584/480 643/585/481 641/583/479 640/582/478
f 644/586/482 645/587/483 643/585/481 642/584/480
f 646/588/484 647/589/485 645/587/483 644/586/482
f 648/590/486 649/591/487 647/589/485 646/588/484
f 650/592/488 651/593/489 649/591/487 648/590/486
f 652/594/490 653/595/491 651/593/489 650/592/488
f 654/596/492 655/597/493 653/595/491 652/594/490
f 656/598/494 657/599/495 655/597/493 654/596/492
f 658/600/496 659/601/497 657/599/495 656/598/494
f 660/602/498 661/603/499 659/601/497 658/600/496
f 662/604/500 663/605/501 661/603/499 660/602/498
f 664/606/502 665/607/503 663/605/501 662/604/500
f 666/608/504 667/609/505 665/607/503 664/606/502
f 668/610/506 669/611/507 667/609/505 666/608/504
f 670/612/508 671/613/509 669/611/507 668/610/506
f 672/614/510 673/615/511 671/613/509 670/612/508
f 674/616/512 675/617/513 673/615/511 672/614/510
f 676/618/514 677/619/515 675/617/513 674/616/512
f 678/620/516 679/621/517 677/622/515 676/623/514
f 680/624/518 681/625/519 679/621/517 678/620/516
f 682/626/520 683/627/521 681/625/519 680/624/518
f 684/628/522 685/629/523 683/627/521 682/626/520
f 686/630/524 687/631/525 685/629/523 684/628/522
f 688/632/526 689/633/527 687/631/525 686/630/524
f 690/634/528 691/635/529 689/633/527 688/632/526
f 692/636/530 693/637/531 691/635/529 690/634/528
f 693/637/531 692/636/530 694/638/532 695/639/533
f 695/639/533 694/638/532 696/640/534 697/641/535
f 697/641/535 696/640/534 698/642/536 699/643/537
f 699/643/537 698/642/536 700/644/536 701/645/538
f 701/645/538 700/644/536 702/646/539 703/647/540
f 703/647/540 702/646/539 704/648/541 385/649/542
f 385/649/542 704/648/541 389/327/301 386/326/300
f 702/646/539 706/650/543 705/651/543 704/648/541
f 706/650/543 708/652/543 707/653/543 705/651/543
f 708/652/543 710/654/544 709/655/545 707/653/543
f 710/654/544 712/656/546 711/657/547 709/655/545
f 712/656/546 714/658/548 713/659/549 711/657/547
f 714/658/548 716/660/550 715/661/551 713/659/549
f 716/660/550 718/662/552 717/663/553 715/661/551
f 718/662/552 720/664/554 719/665/555 717/663/553
f 720/664/554 722/666/556 721/667/557 719/665/555
f 722/666/556 724/668/558 723/669/559 721/667/557
f 724/668/558 726/670/560 725/671/558 723/669/559
f 726/670/560 728/672/561 727/673/558 725/671/558
f 728/672/561 730/674/562 729/675/562 727/673/558
f 730/674/562 732/676/563 731/677/564 729/675/562
f 732/676/563 734/678/561 733/679/561 731/677/564
f 734/678/561 736/680/563 735/681/565 733/679/561
f 736/680/563 738/682/564 737/683/558 735/681/565
f 738/682/564 740/684/566 739/685/558 737/683/558
f 740/684/566 742/686/567 741/687/568 739/685/558
f 742/686/567 744/688/569 743/689/558 741/687/568
f 744/688/569 746/690/570 745/691/571 743/689/558
f 746/690/570 748/692/550 747/693/568 745/691/571
f 748/692/550 750/694/570 749/695/572 747/693/568
f 750/694/570 752/696/573 751/697/574 749/695/572
f 752/696/573 754/698/573 753/699/575 751/697/574
f 754/698/573 756/700/576 755/701/575 753/699/575
f 756/700/576 758/702/577 757/703/578 755/701/575
f 758/702/577 760/704/573 759/705/575 757/703/578
f 760/704/573 762/706/579 761/707/580 759/705/575
f 762/706/579 764/708/581 763/709/582 761/707/580
f 764/708/581 766/710/583 765/711/584 763/709/582
f 766/710/583 768/712/347 767/713/347 765/711/584
f 768/712/347 770/714/585 769/715/372 767/713/347
f 770/714/585 772/716/586 771/717/349 769/715/372
f 772/716/586 774/718/349 773/719/347 771/717/349
f 774/718/349 776/720/349 775/721/347 773/719/347
f 776/720/349 778/722/584 777/723/351 775/721/347
f 778/722/584 780/724/584 779/725/587 777/723/351
f 780/724/584 782/726/584 781/727/584 779/725/587
f 782/726/584 784/728/584 783/729/584 781/727/584
f 784/728/584 786/730/584 785/731/584 783/729/584
f 786/730/584 788/732/584 787/733/584 785/731/584
f 788/732/584 790/734/584 789/735/588 787/733/584
f 790/734/584 792/736/584 791/737/589 789/735/588
f 792/736/584 794/738/584 793/739/352 791/737/589
f 794/738/584 796/740/584 795/741/352 793/739/352
f 796/740/584 798/742/590 797/743/343 795/741/352
f 798/742/590 800/744/591 3715/745/592 799/746/593 797/743/343
f 803/747/594 801/748/595 3716/749/596 802/750/597 804/751/598
f 805/752/369 803/747/594 804/751/598 806/753/599
f 807/754/369 805/752/369 806/753/599 808/755/369
f 809/756/351 807/754/369 808/755/369 810/757/369
f 811/758/369 809/756/351 810/757/369 812/759/369
f 813/760/369 811/758/369 812/759/369 814/761/598
f 815/762/369 813/760/369 814/761/598 816/763/600
f 817/764/369 815/762/369 816/763/600 818/765/600
f 819/766/369 817/764/369 818/765/600 820/767/598
f 821/768/369 819/766/369 820/767/598 822/769/598
f 823/770/369 821/768/369 822/769/598 824/771/371
f 825/772/371 823/770/369 824/771/371 826/773/371
f 827/774/601 825/772/371 826/773/371 828/775/372
f 829/776/601 827/774/601 828/775/372 830/777/349
f 831/778/602 829/776/601 830/777/349 832/779/603
f 833/780/371 831/778/602 832/779/603 834/781/349
f 835/782/598 833/780/371 834/781/349 836/783/600
f 837/784/604 835/782/598 836/783/600 838/785/604
f 838/785/604 840/786/605 839/787/606 837/784/604
f 841/788/607 839/787/606 840/786/605 842/789/608
f 843/790/609 841/788/607 842/789/608 844/791/610
f 845/792/611 843/790/609 844/791/610 846/793/612
f 847/794/612 845/792/611 846/793/612 848/795/610
f 849/796/612 847/794/612 848/795/610 850/797/610
f 851/798/397 849/796/612 850/797/610 852/799/613
f 853/800/614 851/798/397 852/799/613 854/801/608
f 855/802/615 853/800/614 854/801/608 856/803/615
f 857/804/397 855/802/615 856/803/615 858/805/615
f 859/806/615 857/804/397 858/805/615 860/807/615
f 861/808/616 859/806/615 860/807/615 862/809/615
f 863/810/403 861/808/616 862/809/615 864/811/613
f 865/812/399 863/810/403 864/811/613 866/813/617
f 867/814/618 865/812/399 866/813/617 868/815/619
f 869/816/620 867/814/618 868/815/619 870/817/617
f 871/818/399 869/816/620 870/817/617 872/819/617
f 873/820/618 871/818/399 872/819/617 874/821/619
f 875/822/615 873/820/618 874/821/619 876/823/615
f 877/824/621 875/822/615 876/823/615 878/825/622
f 879/826/623 877/824/621 878/825/622 880/827/624
f 881/828/625 879/826/623 880/827/624 882/829/626
f 883/830/627 881/828/625 882/829/626 884/831/628
f 885/832/395 883/830/627 884/831/628 886/833/629
f 886/833/629 888/834/630 887/835/631 885/832/395
f 888/834/630 890/836/632 889/837/633 887/835/631
f 890/836/632 892/838/634 891/839/635 889/837/633
f 892/838/634 894/840/636 893/841/637 891/839/635
f 894/840/636 896/842/431 895/843/421 893/841/637
f 896/842/431 588/530/429 586/528/427 895/843/421
f 897/844/638 898/845/431 896/842/431 894/840/636
f 898/845/431 590/532/431 588/530/429 896/842/431
f 899/846/639 900/847/640 898/845/431 897/844/638
f 900/847/640 592/534/433 590/532/431 898/845/431
f 900/847/640 899/846/639 901/848/641 902/849/641
f 902/849/641 594/536/433 592/534/433 900/847/640
f 902/849/641 901/848/641 903/850/642 904/851/642
f 594/536/433 902/849/641 904/851/642 596/538/436
f 904/851/642 903/850/642 905/852/643 906/853/639
f 596/538/436 904/851/642 906/853/639 598/540/436
f 906/853/639 905/852/643 907/854/644 908/855/645
f 908/855/645 600/542/439 598/540/436 906/853/639
f 909/856/645 910/857/443 908/855/645 907/854/644
f 910/857/443 602/544/441 600/542/439 908/855/645
f 911/858/645 912/859/443 910/857/443 909/856/645
f 912/859/443 604/546/443 602/544/441 910/857/443
f 913/860/646 914/861/647 912/859/443 911/858/645
f 914/861/647 606/548/445 604/546/443 912/859/443
f 915/862/646 916/863/646 914/861/647 913/860/646
f 916/863/646 608/550/447 606/548/445 914/861/647
f 917/864/648 918/865/649 916/863/646 915/862/646
f 918/865/649 610/552/449 608/550/447 916/863/646
f 919/866/650 920/867/651 918/865/649 917/864/648
f 920/867/651 612/554/451 610/552/449 918/865/649
f 921/868/652 922/869/653 920/867/651 919/866/650
f 922/869/653 614/556/453 612/554/451 920/867/651
f 923/870/654 924/871/654 922/869/653 921/868/652
f 924/871/654 616/558/455 614/556/453 922/869/653
f 925/872/654 926/873/655 924/871/654 923/870/654
f 926/873/655 618/560/457 616/558/455 924/871/654
f 927/874/656 928/875/657 926/873/655 925/872/654
f 928/875/657 620/562/459 618/560/457 926/873/655
f 929/876/658 930/877/657 928/875/657 927/874/656
f 930/877/657 622/564/461 620/562/459 928/875/657
f 931/878/659 932/879/660 930/877/657 929/876/658
f 932/879/660 624/566/463 622/564/461 930/877/657
f 933/880/661 934/881/662 932/879/660 931/878/659
f 934/881/662 626/568/465 624/566/463 932/879/660
f 935/882/663 936/883/467 934/881/662 933/880/661
f 936/883/467 628/570/467 626/568/465 934/881/662
f 937/884/664 938/885/465 936/883/467 935/882/663
f 938/885/465 630/572/467 628/570/467 936/883/467
f 939/886/665 940/887/666 938/885/465 937/884/664
f 940/887/666 632/574/470 630/572/467 938/885/465
f 941/888/667 942/889/474 940/887/666 939/886/665
f 942/889/474 634/576/472 632/574/470 940/887/666
f 943/890/668 944/891/474 942/889/474 941/888/667
f 944/891/474 636/578/474 634/576/472 942/889/474
f 945/892/669 946/893/669 944/891/474 943/890/668
f 946/893/669 638/580/476 636/578/474 944/891/474
f 947/894/669 948/895/669 946/893/669 945/892/669
f 948/895/669 640/582/478 638/580/476 946/893/669
f 949/896/480 950/897/670 948/895/669 947/894/669
f 950/897/670 642/584/480 640/582/478 948/895/669
f 951/898/671 952/899/672 950/897/670 949/896/480
f 952/899/672 644/586/482 642/584/480 950/897/670
f 953/900/484 954/901/673 952/899/672 951/898/671
f 954/901/673 646/588/484 644/586/482 952/899/672
f 955/902/674 956/903/675 954/901/673 953/900/484
f 956/903/675 648/590/486 646/588/484 954/901/673
f 957/904/674 958/905/674 956/903/675 955/902/674
f 958/905/674 650/592/488 648/590/486 956/903/675
f 959/906/676 960/907/677 958/905/674 957/904/674
f 960/907/677 652/594/490 650/592/488 958/905/674
f 961/908/678 962/909/492 960/907/677 959/906/676
f 962/909/492 654/596/492 652/594/490 960/907/677
f 963/910/678 964/911/677 962/909/492 961/908/678
f 964/911/677 656/598/494 654/596/492 962/909/492
f 965/912/496 966/913/500 964/911/677 963/910/678
f 966/913/500 658/600/496 656/598/494 964/911/677
f 967/914/679 968/915/496 966/913/500 965/912/496
f 968/915/496 660/602/498 658/600/496 966/913/500
f 969/916/680 970/917/681 968/915/496 967/914/679
f 970/917/681 662/604/500 660/602/498 968/915/496
f 971/918/682 972/919/500 970/917/681 969/916/680
f 972/919/500 664/606/502 662/604/500 970/917/681
f 973/920/683 974/921/684 972/919/500 971/918/682
f 974/921/684 666/608/504 664/606/502 972/919/500
f 975/922/683 976/923/684 974/921/684 973/920/683
f 976/923/684 668/610/506 666/608/504 974/921/684
f 977/924/685 978/925/686 976/923/684 975/922/683
f 978/925/686 670/612/508 668/610/506 976/923/684
f 979/926/687 980/927/688 978/925/686 977/924/685
f 980/927/688 672/614/510 670/612/508 978/925/686
f 981/928/689 982/929/690 980/927/688 979/926/687
f 982/929/690 674/616/512 672/614/510 980/927/688
f 983/930/691 984/931/692 982/929/690 981/928/689
f 984/931/692 676/618/514 674/616/512 982/929/690
f 985/932/693 986/933/694 984/934/692 983/935/691
f 986/933/694 678/620/516 676/623/514 984/934/692
f 987/936/695 988/937/696 986/933/694 985/932/693
f 988/937/696 680/624/518 678/620/516 986/933/694
f 989/938/695 990/939/696 988/937/696 987/936/695
f 990/939/696 682/626/520 680/624/518 988/937/696
f 991/940/697 992/941/698 990/939/696 989/938/695
f 992/941/698 684/628/522 682/626/520 990/939/696
f 993/942/697 994/943/699 992/941/698 991/940/697
f 994/943/699 686/630/524 684/628/522 992/941/698
f 995/944/700 996/945/701 994/943/699 993/942/697
f 996/945/701 688/632/526 686/630/524 994/943/699
f 997/946/702 998/947/532 996/945/701 995/944/700
f 998/947/532 690/634/528 688/632/526 996/945/701
f 999/948/703 1000/949/530 998/947/532 997/946/702
f 1000/949/530 692/636/530 690/634/528 998/947/532
f 1001/950/704 1002/951/528 1000/949/530 999/948/703
f 1002/951/528 694/638/532 692/636/530 1000/949/530
f 1003/952/705 1004/953/532 1002/951/528 1001/950/704
f 694/638/532 1002/951/528 1004/953/532 696/640/534
f 1004/953/532 1003/952/705 1005/954/706 1006/955/707
f 696/640/534 1004/953/532 1006/955/707 698/642/536
f 1006/955/707 1005/954/706 1007/956/708 1008/957/709
f 698/642/536 1006/955/707 1008/957/709 700/644/536
f 1008/957/709 1007/956/708 708/652/543 706/650/543
f 1005/954/706 1010/958/710 1009/959/710 1007/956/708
f 1010/958/710 1012/960/711 1011/961/712 1009/959/710
f 1012/960/711 1014/962/713 1013/963/548 1011/961/712
f 1014/962/713 1016/964/714 1015/965/715 1013/963/548
f 1016/964/714 1018/966/716 1017/967/552 1015/965/715
f 1018/966/716 1020/968/717 1019/969/718 1017/967/552
f 1020/968/717 1022/970/719 1021/971/720 1019/969/718
f 1022/970/719 1024/972/721 1023/973/560 1021/971/720
f 1024/972/721 1026/974/721 1025/975/722 1023/973/560
f 1026/974/721 1028/976/723 1027/977/723 1025/975/722
f 1028/976/723 1030/978/723 1029/979/724 1027/977/723
f 1030/978/723 1032/980/725 1031/981/724 1029/979/724
f 1032/980/725 1034/982/723 1033/983/723 1031/981/724
f 1034/982/723 1036/984/726 1035/985/724 1033/983/723
f 1036/984/726 1038/986/724 1037/987/561 1035/985/724
f 1038/986/724 1040/988/727 1039/989/570 1037/987/561
f 1040/988/727 1042/990/567 1041/991/560 1039/989/570
f 1042/990/567 1044/992/721 1043/993/728 1041/991/560
f 1044/992/721 1046/994/721 1045/995/560 1043/993/728
f 1046/994/721 1048/996/567 1047/997/714 1045/995/560
f 1048/996/567 1050/998/721 1049/999/570 1047/997/714
f 1050/998/721 1052/1000/729 1051/1001/730 1049/999/570
f 1052/1000/729 1054/1002/731 1053/1003/730 1051/1001/730
f 1054/1002/731 1056/1004/731 1055/1005/731 1053/1003/730
f 1056/1004/731 1058/1006/732 1057/1007/731 1055/1005/731
f 1058/1006/732 1060/1008/733 1059/1009/714 1057/1007/731
f 1060/1008/733 1062/1010/734 1061/1011/734 1059/1009/714
f 1062/1010/734 1064/1012/735 1063/1013/351 1061/1011/734
f 1064/1012/735 1066/1014/736 1065/1015/736 1063/1013/351
f 1066/1014/736 1068/1016/737 1067/1017/738 1065/1015/736
f 1068/1016/737 1070/1018/739 1069/1019/740 1067/1017/738
f 1070/1018/739 1072/1020/737 1071/1021/737 1069/1019/740
f 1072/1020/737 1074/1022/349 1073/1023/372 1071/1021/737
f 1074/1022/349 1076/1024/736 1075/1025/741 1073/1023/372
f 1076/1024/736 1078/1026/736 1077/1027/583 1075/1025/741
f 1078/1026/736 1080/1028/736 1079/1029/349 1077/1027/583
f 1080/1028/736 1082/1030/736 1081/1031/587 1079/1029/349
f 1082/1030/736 1084/1032/736 1083/1033/736 1081/1031/587
f 1084/1032/736 1086/1034/736 1085/1035/584 1083/1033/736
f 1086/1034/736 1088/1036/742 1087/1037/587 1085/1035/584
f 1088/1036/742 1090/1038/736 1089/1039/743 1087/1037/587
f 1090/1038/736 1092/1040/736 1091/1041/584 1089/1039/743
f 1092/1040/736 1094/1042/744 1093/1043/584 1091/1041/584
f 1094/1042/744 1096/1044/744 1095/1045/745 1093/1043/584
f 1096/1044/744 1098/1046/746 1097/1047/747 1095/1045/745
f 1098/1046/746 1100/1048/748 3717/1049/749 1099/1050/750 1097/1047/747
f 1103/1051/751 1101/1052/752 3718/1053/753 1102/1054/754 1104/1055/755
f 1105/1056/755 1103/1051/751 1104/1055/755 1106/1057/755
f 1107/1058/600 1105/1056/755 1106/1057/755 1108/1059/756
f 1109/1060/600 1107/1058/600 1108/1059/756 1110/1061/757
f 1111/1062/758 1109/1060/600 1110/1061/757 1112/1063/600
f 1113/1064/600 1111/1062/758 1112/1063/600 1114/1065/759
f 1115/1066/760 1113/1064/600 1114/1065/759 1116/1067/600
f 1117/1068/598 1115/1066/760 1116/1067/600 1118/1069/600
f 1119/1070/600 1117/1068/598 1118/1069/600 1120/1071/600
f 1121/1072/600 1119/1070/600 1120/1071/600 1122/1073/761
f 1123/1074/600 1121/1072/600 1122/1073/761 1124/1075/762
f 1125/1076/600 1123/1074/600 1124/1075/762 1126/1077/757
f 1127/1078/763 1125/1076/600 1126/1077/757 1128/1079/372
f 1129/1080/763 1127/1078/763 1128/1079/372 1130/1081/372
f 1131/1082/764 1129/1080/763 1130/1081/372 1132/1083/765
f 1133/1084/372 1131/1082/764 1132/1083/765 1134/1085/374
f 1135/1086/600 1133/1084/372 1134/1085/374 1136/1087/766
f 1137/1088/604 1135/1086/600 1136/1087/766 1138/1089/767
f 1138/1089/767 1140/1090/768 1139/1091/769 1137/1088/604
f 1141/1092/770 1139/1091/769 1140/1090/768 1142/1093/771
f 1143/1094/612 1141/1092/770 1142/1093/771 1144/1095/772
f 1145/1096/612 1143/1094/612 1144/1095/772 1146/1097/773
f 1147/1098/612 1145/1096/612 1146/1097/773 1148/1099/773
f 1149/1100/612 1147/1098/612 1148/1099/773 1150/1101/774
f 1151/1102/775 1149/1100/612 1150/1101/774 1152/1103/776
f 1153/1104/608 1151/1102/775 1152/1103/776 1154/1105/777
f 1155/1106/615 1153/1104/608 1154/1105/777 1156/1107/775
f 1157/1108/775 1155/1106/615 1156/1107/775 1158/1109/777
f 1159/1110/608 1157/1108/775 1158/1109/777 1160/1111/777
f 1161/1112/778 1159/1110/608 1160/1111/777 1162/1113/775
f 1163/1114/617 1161/1112/778 1162/1113/775 1164/1115/775
f 1165/1116/779 1163/1114/617 1164/1115/775 1166/1117/780
f 1167/1118/781 1165/1116/779 1166/1117/780 1168/1119/327
f 1169/1120/782 1167/1118/781 1168/1119/327 1170/1121/783
f 1171/1122/617 1169/1120/782 1170/1121/783 1172/1123/784
f 1173/1124/619 1171/1122/617 1172/1123/784 1174/1125/775
f 1175/1126/775 1173/1124/619 1174/1125/775 1176/1127/785
f 1177/1128/786 1175/1126/775 1176/1127/785 1178/1129/787
f 1179/1130/788 1177/1128/786 1178/1129/787 1180/1131/789
f 1181/1132/790 1179/1130/788 1180/1131/789 1182/1133/791
f 1183/1134/792 1181/1132/790 1182/1133/791 1184/1135/793
f 1185/1136/608 1183/1134/792 1184/1135/793 1186/1137/794
f 1186/1137/794 1188/1138/795 1187/1139/630 1185/1136/608
f 1188/1138/795 1190/1140/796 1189/1141/797 1187/1139/630
f 1190/1140/796 1192/1142/634 1191/1143/798 1189/1141/797
f 1192/1142/634 899/846/639 897/844/638 1191/1143/798
f 1193/1144/799 1194/1145/800 1192/1142/634 1190/1140/796
f 1194/1145/800 901/848/641 899/846/639 1192/1142/634
f 1195/1146/801 1196/1147/802 1194/1145/800 1193/1144/799
f 1196/1147/802 903/850/642 901/848/641 1194/1145/800
f 1197/1148/803 1198/1149/800 1196/1147/802 1195/1146/801
f 1198/1149/800 905/852/643 903/850/642 1196/1147/802
f 1199/1150/804 1200/1151/805 1198/1149/800 1197/1148/803
f 1200/1151/805 907/854/644 905/852/643 1198/1149/800
f 1201/1152/806 1202/1153/807 1200/1151/805 1199/1150/804
f 1202/1153/807 909/856/645 907/854/644 1200/1151/805
f 1203/1154/808 1204/1155/809 1202/1153/807 1201/1152/806
f 1204/1155/809 911/858/645 909/856/645 1202/1153/807
f 1205/1156/810 1206/1157/811 1204/1155/809 1203/1154/808
f 1206/1157/811 913/860/646 911/858/645 1204/1155/809
f 1207/1158/812 1208/1159/813 1206/1157/811 1205/1156/810
f 1208/1159/813 915/862/646 913/860/646 1206/1157/811
f 1209/1160/814 1210/1161/815 1208/1159/813 1207/1158/812
f 1210/1161/815 917/864/648 915/862/646 1208/1159/813
f 1211/1162/816 1212/1163/817 1210/1161/815 1209/1160/814
f 1212/1163/817 919/866/650 917/864/648 1210/1161/815
f 1213/1164/818 1214/1165/819 1212/1163/817 1211/1162/816
f 1214/1165/819 921/868/652 919/866/650 1212/1163/817
f 1215/1166/820 1216/1167/821 1214/1165/819 1213/1164/818
f 1216/1167/821 923/870/654 921/868/652 1214/1165/819
f 1217/1168/822 1218/1169/823 1216/1167/821 1215/1166/820
f 1218/1169/823 925/872/654 923/870/654 1216/1167/821
f 1219/1170/824 1220/1171/825 1218/1169/823 1217/1168/822
f 1220/1171/825 927/874/656 925/872/654 1218/1169/823
f 1221/1172/826 1222/1173/827 1220/1171/825 1219/1170/824
f 1222/1173/827 929/876/658 927/874/656 1220/1171/825
f 1223/1174/826 1224/1175/828 1222/1173/827 1221/1172/826
f 1224/1175/828 931/878/659 929/876/658 1222/1173/827
f 1225/1176/829 1226/1177/830 1224/1175/828 1223/1174/826
f 1226/1177/830 933/880/661 931/878/659 1224/1175/828
f 1227/1178/831 1228/1179/832 1226/1177/830 1225/1176/829
f 1228/1179/832 935/882/663 933/880/661 1226/1177/830
f 1229/1180/833 1230/1181/834 1228/1179/832 1227/1178/831
f 1230/1181/834 937/884/664 935/882/663 1228/1179/832
f 1231/1182/835 1232/1183/836 1230/1181/834 1229/1180/833
f 1232/1183/836 939/886/665 937/884/664 1230/1181/834
f 1233/1184/837 1234/1185/838 1232/1183/836 1231/1182/835
f 1234/1185/838 941/888/667 939/886/665 1232/1183/836
f 1235/1186/839 1236/1187/840 1234/1185/838 1233/1184/837
f 1236/1187/840 943/890/668 941/888/667 1234/1185/838
f 1237/1188/841 1238/1189/842 1236/1187/840 1235/1186/839
f 1238/1189/842 945/892/669 943/890/668 1236/1187/840
f 1239/1190/843 1240/1191/844 1238/1189/842 1237/1188/841
f 1240/1191/844 947/894/669 945/892/669 1238/1189/842
f 1241/1192/845 1242/1193/846 1240/1191/844 1239/1190/843
f 1242/1193/846 949/896/480 947/894/669 1240/1191/844
f 1243/1194/847 1244/1195/848 1242/1193/846 1241/1192/845
f 1244/1195/848 951/898/671 949/896/480 1242/1193/846
f 1245/1196/849 1246/1197/850 1244/1195/848 1243/1194/847
f 1246/1197/850 953/900/484 951/898/671 1244/1195/848
f 1247/1198/851 1248/1199/852 1246/1197/850 1245/1196/849
f 1248/1199/852 955/902/674 953/900/484 1246/1197/850
f 1249/1200/853 1250/1201/854 1248/1199/852 1247/1198/851
f 1250/1201/854 957/904/674 955/902/674 1248/1199/852
f 1251/1202/855 1252/1203/856 1250/1201/854 1249/1200/853
f 1252/1203/856 959/906/676 957/904/674 1250/1201/854
f 1253/1204/857 1254/1205/858 1252/1203/856 1251/1202/855
f 1254/1205/858 961/908/678 959/906/676 1252/1203/856
f 1255/1206/859 1256/1207/860 1254/1205/858 1253/1204/857
f 1256/1207/860 963/910/678 961/908/678 1254/1205/858
f 1257/1208/861 1258/1209/862 1256/1207/860 1255/1206/859
f 1258/1209/862 965/912/496 963/910/678 1256/1207/860
f 1259/1210/863 1260/1211/864 1258/1209/862 1257/1208/861
f 1260/1211/864 967/914/679 965/912/496 1258/1209/862
f 1261/1212/865 1262/1213/866 1260/1211/864 1259/1210/863
f 1262/1213/866 969/916/680 967/914/679 1260/1211/864
f 1263/1214/867 1264/1215/868 1262/1213/866 1261/1212/865
f 1264/1215/868 971/918/682 969/916/680 1262/1213/866
f 1265/1216/869 1266/1217/870 1264/1215/868 1263/1214/867
f 1266/1217/870 973/920/683 971/918/682 1264/1215/868
f 1267/1218/871 1268/1219/872 1266/1217/870 1265/1216/869
f 1268/1219/872 975/922/683 973/920/683 1266/1217/870
f 1269/1220/873 1270/1221/874 1268/1219/872 1267/1218/871
f 1270/1221/874 977/924/685 975/922/683 1268/1219/872
f 1271/1222/875 1272/1223/876 1270/1221/874 1269/1220/873
f 1272/1223/876 979/926/687 977/924/685 1270/1221/874
f 1273/1224/877 1274/1225/878 1272/1223/876 1271/1222/875
f 1274/1225/878 981/928/689 979/926/687 1272/1223/876
f 1275/1226/879 1276/1227/880 1274/1225/878 1273/1224/877
f 1276/1227/880 983/930/691 981/928/689 1274/1225/878
f 1277/1228/881 1278/1229/882 1276/1230/880 1275/1231/879
f 1278/1229/882 985/932/693 983/935/691 1276/1230/880
f 1279/1232/883 1280/1233/884 1278/1229/882 1277/1228/881
f 1280/1233/884 987/936/695 985/932/693 1278/1229/882
f 1281/1234/885 1282/1235/886 1280/1233/884 1279/1232/883
f 1282/1235/886 989/938/695 987/936/695 1280/1233/884
f 1283/1236/887 1284/1237/888 1282/1235/886 1281/1234/885
f 1284/1237/888 991/940/697 989/938/695 1282/1235/886
f 1285/1238/889 1286/1239/888 1284/1237/888 1283/1236/887
f 1286/1239/888 993/942/697 991/940/697 1284/1237/888
f 1287/1240/890 1288/1241/891 1286/1239/888 1285/1238/889
f 1288/1241/891 995/944/700 993/942/697 1286/1239/888
f 1289/1242/892 1290/1243/893 1288/1241/891 1287/1240/890
f 1290/1243/893 997/946/702 995/944/700 1288/1241/891
f 1291/1244/894 1292/1245/895 1290/1243/893 1289/1242/892
f 1292/1245/895 999/948/703 997/946/702 1290/1243/893
f 1292/1245/895 1291/1244/894 1293/1246/896 1294/1247/897
f 999/948/703 1292/1245/895 1294/1247/897 1001/950/704
f 1294/1247/897 1293/1246/896 1295/1248/898 1296/1249/710
f 1001/950/704 1294/1247/897 1296/1249/710 1003/952/705
f 1296/1249/710 1295/1248/898 1012/960/711 1010/958/710
f 1293/1246/896 1298/1250/899 1297/1251/900 1295/1248/898
f 1298/1250/899 1300/1252/901 1299/1253/902 1297/1251/900
f 1300/1252/901 1302/1254/903 1301/1255/904 1299/1253/902
f 1302/1254/903 1304/1256/905 1303/1257/906 1301/1255/904
f 1304/1256/905 1306/1258/907 1305/1259/908 1303/1257/906
f 1306/1258/907 1308/1260/909 1307/1261/910 1305/1259/908
f 1308/1260/909 1310/1262/911 1309/1263/721 1307/1261/910
f 1310/1262/911 1312/1264/912 1311/1265/721 1309/1263/721
f 1313/1266/913 1311/1265/721 1312/1264/912 1314/1267/905
f 1315/1268/914 1313/1266/913 1314/1267/905 1316/1269/905
f 1317/1270/327 1315/1268/914 1316/1269/905 1318/1271/911
f 1319/1272/913 1317/1270/327 1318/1271/911 1320/1273/915
f 1320/1273/915 1322/1274/905 1321/1275/916 1319/1272/913
f 1322/1274/905 1324/1276/911 1323/1277/721 1321/1275/916
f 1324/1276/911 1326/1278/917 1325/1279/918 1323/1277/721
f 1326/1278/917 1328/1280/917 1327/1281/918 1325/1279/918
f 1328/1280/917 1330/1282/917 1329/1283/721 1327/1281/918
f 1330/1282/917 1332/1284/919 1331/1285/917 1329/1283/721
f 1332/1284/919 1334/1286/920 1333/1287/920 1331/1285/917
f 1334/1286/920 1336/1288/921 1335/1289/922 1333/1287/920
f 1336/1288/921 1338/1290/923 1337/1291/921 1335/1289/922
f 1338/1290/923 1340/1292/921 1339/1293/924 1337/1291/921
f 1340/1292/921 1342/1294/923 1341/1295/925 1339/1293/924
f 1342/1294/923 1344/1296/926 1343/1297/901 1341/1295/925
f 1344/1296/926 1346/1298/927 1345/1299/927 1343/1297/901
f 1346/1298/927 1348/1300/928 1347/1301/928 1345/1299/927
f 1348/1300/928 1350/1302/583 1349/1303/583 1347/1301/928
f 1350/1302/583 1352/1304/737 1351/1305/737 1349/1303/583
f 1352/1304/737 1354/1306/929 1353/1307/930 1351/1305/737
f 1354/1306/929 1356/1308/931 1355/1309/349 1353/1307/930
f 1356/1308/931 1358/1310/349 1357/1311/349 1355/1309/349
f 1358/1310/349 1360/1312/932 1359/1313/349 1357/1311/349
f 1360/1312/932 1362/1314/932 1361/1315/933 1359/1313/349
f 1362/1314/932 1364/1316/930 1363/1317/933 1361/1315/933
f 1364/1316/930 1366/1318/934 1365/1319/736 1363/1317/933
f 1366/1318/934 1368/1320/933 1367/1321/736 1365/1319/736
f 1368/1320/933 1370/1322/736 1369/1323/736 1367/1321/736
f 1370/1322/736 1372/1324/736 1371/1325/736 1369/1323/736
f 1372/1324/736 1374/1326/935 1373/1327/736 1371/1325/736
f 1374/1326/935 1376/1328/935 1375/1329/742 1373/1327/736
f 1376/1328/935 1378/1330/935 1377/1331/936 1375/1329/742
f 1378/1330/935 1380/1332/744 1379/1333/744 1377/1331/936
f 1380/1332/744 1382/1334/937 1381/1335/744 1379/1333/744
f 1382/1334/937 1384/1336/938 3719/1337/939 1383/1338/940 1381/1335/744
f 1435/1339/755 1434/1340/941 3769/1341/942 1433/1342/943 1436/1343/944
f 1437/1344/756 1435/1339/755 1436/1343/944 1438/1345/756
f 1439/1346/756 1437/1344/756 1438/1345/756 1440/1347/756
f 1441/1348/945 1439/1346/756 1440/1347/756 1442/1349/756
f 1443/1350/756 1441/1348/945 1442/1349/756 1444/1351/756
f 1445/1352/761 1443/1350/756 1444/1351/756 1446/1353/756
f 1447/1354/946 1445/1352/761 1446/1353/756 1448/1355/947
f 1449/1356/766 1447/1354/946 1448/1355/947 1450/1357/947
f 1451/1358/948 1449/1356/766 1450/1357/947 1452/1359/947
f 1453/1360/601 1451/1358/948 1452/1359/947 1454/1361/349
f 1455/1362/586 1453/1360/601 1454/1361/349 1456/1363/763
f 1457/1364/601 1455/1362/586 1456/1363/763 1458/1365/947
f 1459/1366/586 1457/1364/601 1458/1365/947 1460/1367/947
f 1461/1368/349 1459/1366/586 1460/1367/947 1462/1369/372
f 1463/1370/949 1461/1368/349 1462/1369/372 1464/1371/950
f 1465/1372/951 1463/1370/949 1464/1371/950 1466/1373/947
f 1467/1374/598 1465/1372/951 1466/1373/947 1468/1375/952
f 1469/1376/953 1467/1374/598 1468/1375/952 1470/1377/954
f 1470/1377/954 1472/1378/955 1471/1379/955 1469/1376/953
f 1473/1380/956 1471/1379/955 1472/1378/955 1474/1381/771
f 1475/1382/774 1473/1380/956 1474/1381/771 1476/1383/773
f 1477/1384/773 1475/1382/774 1476/1383/773 1478/1385/774
f 1479/1386/773 1477/1384/773 1478/1385/774 1480/1387/774
f 1481/1388/773 1479/1386/773 1480/1387/774 1482/1389/773
f 1483/1390/776 1481/1388/773 1482/1389/773 1484/1391/727
f 1485/1392/957 1483/1390/776 1484/1391/727 1486/1393/776
f 1487/1394/958 1485/1392/957 1486/1393/776 1488/1395/958
f 1489/1396/959 1487/1394/958 1488/1395/958 1490/1397/776
f 1491/1398/771 1489/1396/959 1490/1397/776 1492/1399/776
f 1493/1400/960 1491/1398/771 1492/1399/776 1494/1401/785
f 1495/1402/961 1493/1400/960 1494/1401/785 1496/1403/962
f 1496/1403/962 1498/1404/963 1497/1405/961 1495/1402/961
f 1498/1404/963 1500/1406/962 1499/1407/960 1497/1405/961
f 1500/1406/962 1502/1408/963 1501/1409/961 1499/1407/960
f 1502/1408/963 1504/1410/964 1503/1411/961 1501/1409/961
f 1504/1410/964 1506/1412/965 1505/1413/784 1503/1411/961
f 1506/1412/965 1508/1414/962 1507/1415/960 1505/1413/784
f 1509/1416/959 1507/1415/960 1508/1414/962 1510/1417/966
f 1511/1418/967 1509/1416/959 1510/1417/966 1512/1419/967
f 1513/1420/961 1511/1418/967 1512/1419/967 1514/1421/968
f 1515/1422/969 1513/1420/961 1514/1421/968 1516/1423/969
f 1517/1424/970 1515/1422/969 1516/1423/969 1518/1425/771
f 1518/1425/771 1520/1426/971 1519/1427/972 1517/1424/970
f 1520/1426/971 1195/1146/801 1193/1144/799 1519/1427/972
f 1521/1428/973 1522/1429/974 1520/1426/971 1518/1425/771
f 1522/1429/974 1197/1148/803 1195/1146/801 1520/1426/971
f 1523/1430/975 1524/1431/976 1522/1429/974 1521/1428/973
f 1524/1431/976 1199/1150/804 1197/1148/803 1522/1429/974
f 1525/1432/977 1526/1433/978 1524/1431/976 1523/1430/975
f 1526/1433/978 1201/1152/806 1199/1150/804 1524/1431/976
f 1527/1434/979 1528/1435/980 1526/1433/978 1525/1432/977
f 1528/1435/980 1203/1154/808 1201/1152/806 1526/1433/978
f 1529/1436/979 1530/1437/981 1528/1435/980 1527/1434/979
f 1530/1437/981 1205/1156/810 1203/1154/808 1528/1435/980
f 1531/1438/982 1532/1439/983 1530/1437/981 1529/1436/979
f 1532/1439/983 1207/1158/812 1205/1156/810 1530/1437/981
f 1533/1440/984 1534/1441/985 1532/1439/983 1531/1438/982
f 1534/1441/985 1209/1160/814 1207/1158/812 1532/1439/983
f 1535/1442/986 1536/1443/987 1534/1441/985 1533/1440/984
f 1536/1443/987 1211/1162/816 1209/1160/814 1534/1441/985
f 1537/1444/988 1538/1445/989 1536/1443/987 1535/1442/986
f 1538/1445/989 1213/1164/818 1211/1162/816 1536/1443/987
f 1539/1446/990 1540/1447/991 1538/1445/989 1537/1444/988
f 1540/1447/991 1215/1166/820 1213/1164/818 1538/1445/989
f 1541/1448/992 1542/1449/993 1540/1447/991 1539/1446/990
f 1542/1449/993 1217/1168/822 1215/1166/820 1540/1447/991
f 1543/1450/992 1544/1451/994 1542/1449/993 1541/1448/992
f 1544/1451/994 1219/1170/824 1217/1168/822 1542/1449/993
f 1545/1452/995 1546/1453/994 1544/1451/994 1543/1450/992
f 1546/1453/994 1221/1172/826 1219/1170/824 1544/1451/994
f 1547/1454/996 1548/1455/997 1546/1453/994 1545/1452/995
f 1548/1455/997 1223/1174/826 1221/1172/826 1546/1453/994
f 1549/1456/998 1550/1457/999 1548/1455/997 1547/1454/996
f 1550/1457/999 1225/1176/829 1223/1174/826 1548/1455/997
f 1551/1458/1000 1552/1459/1001 1550/1457/999 1549/1456/998
f 1552/1459/1001 1227/1178/831 1225/1176/829 1550/1457/999
f 1553/1460/1002 1554/1461/1003 1552/1459/1001 1551/1458/1000
f 1554/1461/1003 1229/1180/833 1227/1178/831 1552/1459/1001
f 1555/1462/1004 1556/1463/1005 1554/1461/1003 1553/1460/1002
f 1556/1463/1005 1231/1182/835 1229/1180/833 1554/1461/1003
f 1557/1464/1006 1558/1465/1007 1556/1463/1005 1555/1462/1004
f 1558/1465/1007 1233/1184/837 1231/1182/835 1556/1463/1005
f 1559/1466/1008 1560/1467/1009 1558/1465/1007 1557/1464/1006
f 1560/1467/1009 1235/1186/839 1233/1184/837 1558/1465/1007
f 1561/1468/1008 1562/1469/1010 1560/1467/1009 1559/1466/1008
f 1562/1469/1010 1237/1188/841 1235/1186/839 1560/1467/1009
f 1563/1470/1011 1564/1471/1012 1562/1469/1010 1561/1468/1008
f 1564/1471/1012 1239/1190/843 1237/1188/841 1562/1469/1010
f 1565/1472/1013 1566/1473/1014 1564/1471/1012 1563/1470/1011
f 1566/1473/1014 1241/1192/845 1239/1190/843 1564/1471/1012
f 1567/1474/1015 1568/1475/1016 1566/1473/1014 1565/1472/1013
f 1568/1475/1016 1243/1194/847 1241/1192/845 1566/1473/1014
f 1569/1476/1017 1570/1477/1018 1568/1475/1016 1567/1474/1015
f 1570/1477/1018 1245/1196/849 1243/1194/847 1568/1475/1016
f 1571/1478/1019 1572/1479/1020 1570/1477/1018 1569/1476/1017
f 1572/1479/1020 1247/1198/851 1245/1196/849 1570/1477/1018
f 1573/1480/1021 1574/1481/1022 1572/1479/1020 1571/1478/1019
f 1574/1481/1022 1249/1200/853 1247/1198/851 1572/1479/1020
f 1575/1482/1021 1576/1483/1023 1574/1481/1022 1573/1480/1021
f 1576/1483/1023 1251/1202/855 1249/1200/853 1574/1481/1022
f 1577/1484/1024 1578/1485/1025 1576/1483/1023 1575/1482/1021
f 1578/1485/1025 1253/1204/857 1251/1202/855 1576/1483/1023
f 1579/1486/1026 1580/1487/1027 1578/1485/1025 1577/1484/1024
f 1580/1487/1027 1255/1206/859 1253/1204/857 1578/1485/1025
f 1581/1488/1028 1582/1489/1029 1580/1487/1027 1579/1486/1026
f 1582/1489/1029 1257/1208/861 1255/1206/859 1580/1487/1027
f 1583/1490/1030 1584/1491/1031 1582/1489/1029 1581/1488/1028
f 1584/1491/1031 1259/1210/863 1257/1208/861 1582/1489/1029
f 1585/1492/1032 1586/1493/1033 1584/1491/1031 1583/1490/1030
f 1586/1493/1033 1261/1212/865 1259/1210/863 1584/1491/1031
f 1587/1494/1034 1588/1495/1035 1586/1493/1033 1585/1492/1032
f 1588/1495/1035 1263/1214/867 1261/1212/865 1586/1493/1033
f 1589/1496/1036 1590/1497/1037 1588/1495/1035 1587/1494/1034
f 1590/1497/1037 1265/1216/869 1263/1214/867 1588/1495/1035
f 1591/1498/1038 1592/1499/1039 1590/1497/1037 1589/1496/1036
f 1592/1499/1039 1267/1218/871 1265/1216/869 1590/1497/1037
f 1593/1500/1038 1594/1501/1039 1592/1499/1039 1591/1498/1038
f 1594/1501/1039 1269/1220/873 1267/1218/871 1592/1499/1039
f 1595/1502/1040 1596/1503/1041 1594/1501/1039 1593/1500/1038
f 1596/1503/1041 1271/1222/875 1269/1220/873 1594/1501/1039
f 1597/1504/1042 1598/1505/1041 1596/1503/1041 1595/1502/1040
f 1598/1505/1041 1273/1224/877 1271/1222/875 1596/1503/1041
f 1599/1506/924 1600/1507/1043 1598/1505/1041 1597/1504/1042
f 1600/1507/1043 1275/1226/879 1273/1224/877 1598/1505/1041
f 1601/1508/1044 1602/1509/1045 1600/1510/1043 1599/1511/924
f 1602/1509/1045 1277/1228/881 1275/1231/879 1600/1510/1043
f 1603/1512/1046 1604/1513/1047 1602/1509/1045 1601/1508/1044
f 1604/1513/1047 1279/1232/883 1277/1228/881 1602/1509/1045
f 1605/1514/1048 1606/1515/1049 1604/1513/1047 1603/1512/1046
f 1606/1515/1049 1281/1234/885 1279/1232/883 1604/1513/1047
f 1607/1516/1050 1608/1517/1049 1606/1515/1049 1605/1514/1048
f 1608/1517/1049 1283/1236/887 1281/1234/885 1606/1515/1049
f 1609/1518/1051 1610/1519/1052 1608/1517/1049 1607/1516/1050
f 1610/1519/1052 1285/1238/889 1283/1236/887 1608/1517/1049
f 1611/1520/1053 1612/1521/1054 1610/1519/1052 1609/1518/1051
f 1612/1521/1054 1287/1240/890 1285/1238/889 1610/1519/1052
f 1613/1522/1055 1614/1523/1056 1612/1521/1054 1611/1520/1053
f 1614/1523/1056 1289/1242/892 1287/1240/890 1612/1521/1054
f 1615/1524/919 1616/1525/1057 1614/1523/1056 1613/1522/1055
f 1616/1525/1057 1291/1244/894 1289/1242/892 1614/1523/1056
f 1616/1525/1057 1615/1524/919 1300/1252/901 1298/1250/899
f 1617/1526/1058 1615/1524/919 1613/1522/1055 1618/1527/1059
f 1619/1528/1060 1617/1526/1058 1618/1527/1059 1620/1529/915
f 1621/1530/907 1619/1528/1060 1620/1529/915 1622/1531/907
f 1623/1532/1061 1621/1530/907 1622/1531/907 1624/1533/1062
f 1625/1534/1063 1623/1532/1061 1624/1533/1062 1626/1535/1064
f 1627/1536/911 1625/1534/1063 1626/1535/1064 1628/1537/1065
f 1629/1538/911 1627/1536/911 1628/1537/1065 1630/1539/915
f 1631/1540/913 1629/1538/911 1630/1539/915 1632/1541/915
f 1633/1542/1063 1631/1540/913 1632/1541/915 1634/1543/1065
f 1635/1544/1066 1633/1542/1063 1634/1543/1065 1636/1545/915
f 1637/1546/1064 1635/1544/1066 1636/1545/915 1638/1547/1067
f 1639/1548/1068 1637/1546/1064 1638/1547/1067 1640/1549/1069
f 1641/1550/919 1639/1548/1068 1640/1549/1069 1642/1551/1070
f 1643/1552/920 1641/1550/919 1642/1551/1070 1644/1553/1070
f 1645/1554/920 1643/1552/920 1644/1553/1070 1646/1555/1071
f 1647/1556/919 1645/1554/920 1646/1555/1071 1648/1557/919
f 1649/1558/778 1647/1556/919 1648/1557/919 1650/1559/920
f 1651/1560/926 1649/1558/778 1650/1559/920 1652/1561/923
f 1653/1562/921 1651/1560/926 1652/1561/923 1654/1563/923
f 1655/1564/1072 1653/1562/921 1654/1563/923 1656/1565/921
f 1657/1566/921 1655/1564/1072 1656/1565/921 1658/1567/921
f 1659/1568/919 1657/1566/921 1658/1567/921 1660/1569/1073
f 1661/1570/1074 1659/1568/919 1660/1569/1073 1662/1571/1075
f 1663/1572/1076 1661/1570/1074 1662/1571/1075 1664/1573/928
f 1664/1573/928 1666/1574/1077 1665/1575/1078 1663/1572/1076
f 1666/1574/1077 1668/1576/737 1667/1577/349 1665/1575/1078
f 1668/1576/737 1670/1578/1079 1669/1579/1080 1667/1577/349
f 1670/1578/1079 1672/1580/931 1671/1581/586 1669/1579/1080
f 1672/1580/931 1674/1582/1081 1673/1583/349 1671/1581/586
f 1674/1582/1081 1676/1584/931 1675/1585/1081 1673/1583/349
f 1676/1584/931 1678/1586/930 1677/1587/737 1675/1585/1081
f 1678/1586/930 1680/1588/930 1679/1589/737 1677/1587/737
f 1680/1588/930 1682/1590/1082 1681/1591/349 1679/1589/737
f 1682/1590/1082 1684/1592/1083 1683/1593/737 1681/1591/349
f 1684/1592/1083 1686/1594/1084 1685/1595/349 1683/1593/737
f 1686/1594/1084 1688/1596/1084 1687/1597/935 1685/1595/349
f 1688/1596/1084 1690/1598/935 1689/1599/742 1687/1597/935
f 1690/1598/935 1692/1600/935 1691/1601/935 1689/1599/742
f 1692/1600/935 1694/1602/935 1693/1603/935 1691/1601/935
f 1694/1602/935 1696/1604/1085 1695/1605/349 1693/1603/935
f 1696/1604/1085 1698/1606/1086 1697/1607/1086 1695/1605/349
f 1698/1606/1086 1386/1608/1087 3721/1609/1088 1385/1610/1089 1697/1607/1086
f 1699/1611/1090 1700/1612/1090 1698/1606/1086 1696/1604/1085
f 1700/1612/1090 1387/1613/1091 3722/1614/1092 1386/1608/1087 1698/1606/1086
f 1701/1615/1090 1702/1616/1093 1700/1612/1090 1699/1611/1090
f 1702/1616/1093 1388/1617/1094 3723/1618/1095 1387/1613/1091 1700/1612/1090
f 1703/1619/1096 1704/1620/1097 1702/1616/1093 1701/1615/1090
f 1704/1620/1097 1389/1621/1098 3724/1622/1099 1388/1617/1094 1702/1616/1093
f 1705/1623/1100 1706/1624/937 1704/1620/1097 1703/1619/1096
f 1706/1624/937 1390/1625/1101 3725/1626/1102 1389/1621/1098 1704/1620/1097
f 1707/1627/1103 1708/1628/1104 1706/1624/937 1705/1623/1100
f 1708/1628/1104 1391/1629/1105 3726/1630/1106 1390/1625/1101 1706/1624/937
f 1709/1631/1107 1710/1632/1108 1708/1628/1104 1707/1627/1103
f 1710/1632/1108 1392/1633/1109 3727/1634/1110 1391/1629/1105 1708/1628/1104
f 1711/1635/1111 1712/1636/1112 1710/1632/1108 1709/1631/1107
f 1712/1636/1112 1393/1637/1113 3728/1638/1114 1392/1633/1109 1710/1632/1108
f 1712/1639/1112 1711/1640/1111 1713/1641/1115 1714/1642/1111
f 1393/1643/1113 1712/1639/1112 1714/1642/1111 1394/1644/1116 3729/1645/1117
f 1714/1642/1111 1713/1641/1115 1715/1646/1118 1716/1647/1119
f 1394/1644/1116 1714/1642/1111 1716/1647/1119 1395/1648/1120 3730/1649/1121
f 1716/1647/1119 1715/1646/1118 1717/1650/1122 1718/1651/1123
f 1395/1648/1120 1716/1647/1119 1718/1651/1123 1396/1652/1124 3731/1653/1125
f 1718/1651/1123 1717/1650/1122 1719/1654/1126 1720/1655/1127
f 1396/1652/1124 1718/1651/1123 1720/1655/1127 1397/1656/1128 3732/1657/1129
f 1720/1655/1127 1719/1654/1126 1721/1658/1130 1722/1659/1131
f 1397/1656/1128 1720/1655/1127 1722/1659/1131 1398/1660/1132 3733/1661/1133
f 1722/1659/1131 1721/1658/1130 1723/1662/1130 1724/1663/1130
f 1398/1660/1132 1722/1659/1131 1724/1663/1130 1399/1664/1134 3734/1665/1135
f 1724/1663/1130 1723/1662/1130 1725/1666/1130 1726/1667/1136
f 1399/1664/1134 1724/1663/1130 1726/1667/1136 1400/1668/1137 3735/1669/1138
f 1726/1667/1136 1725/1666/1130 1727/1670/1139 1728/1671/937
f 1400/1668/1137 1726/1667/1136 1728/1671/937 1401/1672/1140 3736/1673/1141
f 1728/1671/937 1727/1670/1139 1729/1674/1142 1730/1675/1143
f 1401/1672/1140 1728/1671/937 1730/1675/1143 1402/1676/1144 3737/1677/1145
f 1730/1675/1143 1729/1674/1142 1731/1678/1146 1732/1679/1146
f 1402/1676/1144 1730/1675/1143 1732/1679/1146 1403/1680/1147 3738/1681/1148
f 1732/1679/1146 1731/1678/1146 1733/1682/1146 1734/1683/1149
f 1403/1680/1147 1732/1679/1146 1734/1683/1149 1404/1684/1150 3739/1685/1151
f 1734/1683/1149 1733/1682/1146 1735/1686/1152 1736/1687/1153
f 1404/1684/1150 1734/1683/1149 1736/1687/1153 1405/1688/1154 3740/1689/1155
f 1736/1687/1153 1735/1686/1152 1737/1690/1156 1738/1691/1157
f 1405/1688/1154 1736/1687/1153 1738/1691/1157 1406/1692/1158 3741/1693/1159
f 1738/1691/1157 1737/1690/1156 1739/1694/1160 1740/1695/1161
f 1406/1692/1158 1738/1691/1157 1740/1695/1161 1407/1696/1162 3742/1697/1163
f 1740/1695/1161 1739/1694/1160 1741/1698/1164 1742/1699/1165
f 1407/1696/1162 1740/1695/1161 1742/1699/1165 1408/1700/1166 3743/1701/1167
f 1742/1699/1165 1741/1698/1164 1743/1702/1136 1744/1703/1168
f 1408/1700/1166 1742/1699/1165 1744/1703/1168 1409/1704/1169 3744/1705/1170
f 1744/1703/1168 1743/1702/1136 1745/1706/1171 1746/1707/1172
f 1409/1704/1169 1744/1703/1168 1746/1707/1172 1410/1708/1173 3745/1709/1174
f 1746/1707/1172 1745/1706/1171 1747/1710/1175 1748/1711/1176
f 1410/1708/1173 1746/1707/1172 1748/1711/1176 1411/1712/1177 3746/1713/1178
f 1748/1711/1176 1747/1710/1175 1749/1714/1179 1750/1715/1180
f 1750/1715/1180 1412/1716/1181 3747/1717/1182 1411/1712/1177 1748/1711/1176
f 1750/1715/1180 1749/1714/1179 1751/1718/1183 1752/1719/1184
f 1752/1719/1184 1413/1720/1185 3748/1721/1186 1412/1716/1181 1750/1715/1180
f 1753/1722/1187 1754/1723/1188 1752/1719/1184 1751/1718/1183
f 1754/1723/1188 1414/1724/1189 3749/1725/1190 1413/1720/1185 1752/1719/1184
f 1755/1726/1187 1756/1727/1187 1754/1723/1188 1753/1722/1187
f 1756/1727/1187 1415/1728/1191 3750/1729/1192 1414/1724/1189 1754/1723/1188
f 1757/1730/1187 1758/1731/944 1756/1727/1187 1755/1726/1187
f 1758/1731/944 1416/1732/1193 3751/1733/1194 1415/1728/1191 1756/1727/1187
f 1759/1734/1195 1760/1735/1196 1758/1731/944 1757/1730/1187
f 1760/1735/1196 1417/1736/1197 3752/1737/1198 1416/1732/1193 1758/1731/944
f 1761/1738/1199 1762/1739/1200 1760/1735/1196 1759/1734/1195
f 1762/1739/1200 1418/1740/1201 3753/1741/1202 1417/1736/1197 1760/1735/1196
f 1763/1742/1196 1764/1743/1203 1762/1739/1200 1761/1738/1199
f 1764/1743/1203 1419/1744/1204 3754/1745/1205 1418/1740/1201 1762/1739/1200
f 1765/1746/1196 1766/1747/1206 1764/1743/1203 1763/1742/1196
f 1766/1747/1206 1420/1748/1207 3755/1749/1208 1419/1744/1204 1764/1743/1203
f 1767/1750/1209 1768/1751/1210 1766/1747/1206 1765/1746/1196
f 1768/1751/1210 1421/1752/1211 3756/1753/1212 1420/1748/1207 1766/1747/1206
f 1769/1754/1213 1770/1755/1214 1768/1751/1210 1767/1750/1209
f 1770/1755/1214 1422/1756/1215 3757/1757/1216 1421/1752/1211 1768/1751/1210
f 1771/1758/1217 1772/1759/1218 1770/1755/1214 1769/1754/1213
f 1772/1759/1218 1423/1760/1219 3758/1761/1220 1422/1756/1215 1770/1755/1214
f 1773/1762/1221 1774/1763/1222 1772/1759/1218 1771/1758/1217
f 1774/1763/1222 1424/1764/1223 3759/1765/1224 1423/1760/1219 1772/1759/1218
f 1775/1766/944 1776/1767/1225 1774/1763/1222 1773/1762/1221
f 1776/1767/1225 1425/1768/1226 3760/1769/1227 1424/1764/1223 1774/1763/1222
f 1777/1770/1228 1778/1771/1229 1776/1767/1225 1775/1766/944
f 1778/1771/1229 1426/1772/1230 3761/1773/1231 1425/1768/1226 1776/1767/1225
f 1779/1774/1232 1780/1775/1233 1778/1771/1229 1777/1770/1228
f 1780/1775/1233 1427/1776/1234 3762/1777/1235 1426/1772/1230 1778/1771/1229
f 1781/1778/1236 1782/1779/1237 1780/1775/1233 1779/1774/1232
f 1782/1779/1237 1428/1780/1238 3763/1781/1239 1427/1776/1234 1780/1775/1233
f 1783/1782/1240 1784/1783/1241 1782/1779/1237 1781/1778/1236
f 1784/1783/1241 1429/1784/1242 3764/1785/1243 1428/1780/1238 1782/1779/1237
f 1785/1786/1240 1786/1787/1244 1784/1783/1241 1783/1782/1240
f 1786/1787/1244 1430/1788/1245 3765/1789/1246 1429/1784/1242 1784/1783/1241
f 1787/1790/1247 1788/1791/1248 1786/1787/1244 1785/1786/1240
f 1788/1791/1248 1431/1792/1249 3766/1793/1250 1430/1788/1245 1786/1787/1244
f 1789/1794/756 1790/1795/1251 1788/1791/1248 1787/1790/1247
f 1790/1795/1251 1432/1796/1252 3767/1797/1253 1431/1792/1249 1788/1791/1248
f 1438/1345/756 1436/1343/944 1790/1795/1251 1789/1794/756
f 1791/1798/756 1789/1794/756 1787/1790/1247 1792/1799/756
f 1793/1800/756 1791/1798/756 1792/1799/756 1794/1801/1254
f 1795/1802/1255 1793/1800/756 1794/1801/1254 1796/1803/1256
f 1797/1804/1256 1795/1802/1255 1796/1803/1256 1798/1805/1256
f 1799/1806/1257 1797/1804/1256 1798/1805/1256 1800/1807/1256
f 1801/1808/1258 1799/1806/1257 1800/1807/1256 1802/1809/1256
f 1803/1810/1259 1801/1808/1258 1802/1809/1256 1804/1811/1256
f 1805/1812/1260 1803/1810/1259 1804/1811/1256 1806/1813/1261
f 1807/1814/1260 1805/1812/1260 1806/1813/1261 1808/1815/1256
f 1809/1816/763 1807/1814/1260 1808/1815/1256 1810/1817/1254
f 1811/1818/763 1809/1816/763 1810/1817/1254 1812/1819/372
f 1813/1820/947 1811/1818/763 1812/1819/372 1814/1821/947
f 1815/1822/1262 1813/1820/947 1814/1821/947 1816/1823/1263
f 1817/1824/372 1815/1822/1262 1816/1823/1263 1818/1825/947
f 1819/1826/1264 1817/1824/372 1818/1825/947 1820/1827/1264
f 1821/1828/954 1819/1826/1264 1820/1827/1264 1822/1829/954
f 1822/1829/954 1824/1830/955 1823/1831/1265 1821/1828/954
f 1824/1830/955 1826/1832/1266 1825/1833/1267 1823/1831/1265
f 1826/1832/1266 1828/1834/315 1827/1835/773 1825/1833/1267
f 1828/1834/315 1830/1836/315 1829/1837/773 1827/1835/773
f 1830/1836/315 1832/1838/773 1831/1839/1268 1829/1837/773
f 1832/1838/773 1834/1840/773 1833/1841/773 1831/1839/1268
f 1834/1840/773 1836/1842/776 1835/1843/776 1833/1841/773
f 1836/1842/776 1838/1844/1269 1837/1845/771 1835/1843/776
f 1838/1844/1269 1840/1846/1270 1839/1847/776 1837/1845/771
f 1840/1846/1270 1842/1848/1271 1841/1849/1269 1839/1847/776
f 1842/1848/1271 1844/1850/1270 1843/1851/1272 1841/1849/1269
f 1844/1850/1270 1846/1852/1271 1845/1853/965 1843/1851/1272
f 1846/1852/1271 1848/1854/1271 1847/1855/968 1845/1853/965
f 1848/1854/1271 1850/1856/1273 1849/1857/968 1847/1855/968
f 1850/1856/1273 1852/1858/1274 1851/1859/1275 1849/1857/968
f 1852/1858/1274 1854/1860/1276 1853/1861/968 1851/1859/1275
f 1854/1860/1276 1856/1862/1273 1855/1863/968 1853/1861/968
f 1856/1862/1273 1858/1864/1271 1857/1865/1277 1855/1863/968
f 1858/1864/1271 1860/1866/1278 1859/1867/965 1857/1865/1277
f 1860/1866/1278 1862/1868/1279 1861/1869/1280 1859/1867/965
f 1862/1868/1279 1864/1870/1281 1863/1871/967 1861/1869/1280
f 1864/1870/1281 1866/1872/1282 1865/1873/968 1863/1871/967
f 1866/1872/1282 1868/1874/1283 1867/1875/969 1865/1873/968
f 1868/1874/1283 1523/1430/975 1521/1428/973 1867/1875/969
f 1869/1876/1284 1870/1877/1285 1868/1874/1283 1866/1872/1282
f 1870/1877/1285 1525/1432/977 1523/1430/975 1868/1874/1283
f 1871/1878/1286 1872/1879/1287 1870/1877/1285 1869/1876/1284
f 1872/1879/1287 1527/1434/979 1525/1432/977 1870/1877/1285
f 1873/1880/1288 1874/1881/1289 1872/1879/1287 1871/1878/1286
f 1874/1881/1289 1529/1436/979 1527/1434/979 1872/1879/1287
f 1875/1882/1290 1876/1883/1291 1874/1881/1289 1873/1880/1288
f 1876/1883/1291 1531/1438/982 1529/1436/979 1874/1881/1289
f 1877/1884/1292 1878/1885/1292 1876/1883/1291 1875/1882/1290
f 1878/1885/1292 1533/1440/984 1531/1438/982 1876/1883/1291
f 1879/1886/1293 1880/1887/1294 1878/1885/1292 1877/1884/1292
f 1880/1887/1294 1535/1442/986 1533/1440/984 1878/1885/1292
f 1881/1888/1295 1882/1889/1296 1880/1887/1294 1879/1886/1293
f 1882/1889/1296 1537/1444/988 1535/1442/986 1880/1887/1294
f 1883/1890/1297 1884/1891/1298 1882/1889/1296 1881/1888/1295
f 1884/1891/1298 1539/1446/990 1537/1444/988 1882/1889/1296
f 1885/1892/1299 1886/1893/1299 1884/1891/1298 1883/1890/1297
f 1886/1893/1299 1541/1448/992 1539/1446/990 1884/1891/1298
f 1887/1894/1300 1888/1895/1301 1886/1893/1299 1885/1892/1299
f 1888/1895/1301 1543/1450/992 1541/1448/992 1886/1893/1299
f 1889/1896/1302 1890/1897/1303 1888/1895/1301 1887/1894/1300
f 1890/1897/1303 1545/1452/995 1543/1450/992 1888/1895/1301
f 1891/1898/1304 1892/1899/1305 1890/1897/1303 1889/1896/1302
f 1892/1899/1305 1547/1454/996 1545/1452/995 1890/1897/1303
f 1893/1900/1306 1894/1901/1307 1892/1899/1305 1891/1898/1304
f 1894/1901/1307 1549/1456/998 1547/1454/996 1892/1899/1305
f 1895/1902/1308 1896/1903/1309 1894/1901/1307 1893/1900/1306
f 1896/1903/1309 1551/1458/1000 1549/1456/998 1894/1901/1307
f 1897/1904/1308 1898/1905/1310 1896/1903/1309 1895/1902/1308
f 1898/1905/1310 1553/1460/1002 1551/1458/1000 1896/1903/1309
f 1899/1906/1311 1900/1907/1312 1898/1905/1310 1897/1904/1308
f 1900/1907/1312 1555/1462/1004 1553/1460/1002 1898/1905/1310
f 1901/1908/1313 1902/1909/1314 1900/1907/1312 1899/1906/1311
f 1902/1909/1314 1557/1464/1006 1555/1462/1004 1900/1907/1312
f 1903/1910/1315 1904/1911/1316 1902/1909/1314 1901/1908/1313
f 1904/1911/1316 1559/1466/1008 1557/1464/1006 1902/1909/1314
f 1905/1912/1317 1906/1913/1316 1904/1911/1316 1903/1910/1315
f 1906/1913/1316 1561/1468/1008 1559/1466/1008 1904/1911/1316
f 1907/1914/1318 1908/1915/1319 1906/1913/1316 1905/1912/1317
f 1908/1915/1319 1563/1470/1011 1561/1468/1008 1906/1913/1316
f 1909/1916/1320 1910/1917/1321 1908/1915/1319 1907/1914/1318
f 1910/1917/1321 1565/1472/1013 1563/1470/1011 1908/1915/1319
f 1911/1918/1322 1912/1919/1323 1910/1917/1321 1909/1916/1320
f 1912/1919/1323 1567/1474/1015 1565/1472/1013 1910/1917/1321
f 1913/1920/1324 1914/1921/1325 1912/1919/1323 1911/1918/1322
f 1914/1921/1325 1569/1476/1017 1567/1474/1015 1912/1919/1323
f 1915/1922/1326 1916/1923/1327 1914/1921/1325 1913/1920/1324
f 1916/1923/1327 1571/1478/1019 1569/1476/1017 1914/1921/1325
f 1917/1924/1328 1918/1925/1329 1916/1923/1327 1915/1922/1326
f 1918/1925/1329 1573/1480/1021 1571/1478/1019 1916/1923/1327
f 1919/1926/1330 1920/1927/1331 1918/1925/1329 1917/1924/1328
f 1920/1927/1331 1575/1482/1021 1573/1480/1021 1918/1925/1329
f 1921/1928/1332 1922/1929/1333 1920/1927/1331 1919/1926/1330
f 1922/1929/1333 1577/1484/1024 1575/1482/1021 1920/1927/1331
f 1923/1930/1334 1924/1931/1333 1922/1929/1333 1921/1928/1332
f 1924/1931/1333 1579/1486/1026 1577/1484/1024 1922/1929/1333
f 1925/1932/1335 1926/1933/1336 1924/1931/1333 1923/1930/1334
f 1926/1933/1336 1581/1488/1028 1579/1486/1026 1924/1931/1333
f 1927/1934/1337 1928/1935/1338 1926/1933/1336 1925/1932/1335
f 1928/1935/1338 1583/1490/1030 1581/1488/1028 1926/1933/1336
f 1929/1936/1339 1930/1937/1340 1928/1935/1338 1927/1934/1337
f 1930/1937/1340 1585/1492/1032 1583/1490/1030 1928/1935/1338
f 1931/1938/1341 1932/1939/1342 1930/1937/1340 1929/1936/1339
f 1932/1939/1342 1587/1494/1034 1585/1492/1032 1930/1937/1340
f 1933/1940/1343 1934/1941/1344 1932/1939/1342 1931/1938/1341
f 1934/1941/1344 1589/1496/1036 1587/1494/1034 1932/1939/1342
f 1935/1942/1345 1936/1943/1346 1934/1941/1344 1933/1940/1343
f 1936/1943/1346 1591/1498/1038 1589/1496/1036 1934/1941/1344
f 1937/1944/1345 1938/1945/1347 1936/1943/1346 1935/1942/1345
f 1938/1945/1347 1593/1500/1038 1591/1498/1038 1936/1943/1346
f 1939/1946/1348 1940/1947/1349 1938/1945/1347 1937/1944/1345
f 1940/1947/1349 1595/1502/1040 1593/1500/1038 1938/1945/1347
f 1941/1948/1350 1942/1949/1351 1940/1947/1349 1939/1946/1348
f 1942/1949/1351 1597/1504/1042 1595/1502/1040 1940/1947/1349
f 1943/1950/1352 1944/1951/1353 1942/1949/1351 1941/1948/1350
f 1944/1951/1353 1599/1506/924 1597/1504/1042 1942/1949/1351
f 1945/1952/1354 1946/1953/1355 1944/1954/1353 1943/1955/1352
f 1946/1953/1355 1601/1508/1044 1599/1511/924 1944/1954/1353
f 1947/1956/1356 1948/1957/1357 1946/1953/1355 1945/1952/1354
f 1948/1957/1357 1603/1512/1046 1601/1508/1044 1946/1953/1355
f 1949/1958/1358 1950/1959/1359 1948/1957/1357 1947/1956/1356
f 1950/1959/1359 1605/1514/1048 1603/1512/1046 1948/1957/1357
f 1951/1960/1358 1952/1961/1360 1950/1959/1359 1949/1958/1358
f 1952/1961/1360 1607/1516/1050 1605/1514/1048 1950/1959/1359
f 1953/1962/1361 1954/1963/1362 1952/1961/1360 1951/1960/1358
f 1954/1963/1362 1609/1518/1051 1607/1516/1050 1952/1961/1360
f 1955/1964/1363 1956/1965/1364 1954/1963/1362 1953/1962/1361
f 1956/1965/1364 1611/1520/1053 1609/1518/1051 1954/1963/1362
f 1620/1529/915 1618/1527/1059 1956/1965/1364 1955/1964/1363
f 1957/1966/1365 1955/1964/1363 1953/1962/1361 1958/1967/1366
f 1959/1968/1367 1957/1966/1365 1958/1967/1366 1960/1969/1368
f 1961/1970/1368 1959/1968/1367 1960/1969/1368 1962/1971/1368
f 1963/1972/1368 1961/1970/1368 1962/1971/1368 1964/1973/1369
f 1965/1974/1067 1963/1972/1368 1964/1973/1369 1966/1975/1369
f 1967/1976/1370 1965/1974/1067 1966/1975/1369 1968/1977/1371
f 1969/1978/1372 1967/1976/1370 1968/1977/1371 1970/1979/1369
f 1971/1980/1067 1969/1978/1372 1970/1979/1369 1972/1981/1373
f 1973/1982/1368 1971/1980/1067 1972/1981/1373 1974/1983/1374
f 1975/1984/1368 1973/1982/1368 1974/1983/1374 1976/1985/1368
f 1977/1986/1071 1975/1984/1368 1976/1985/1368 1978/1987/1051
f 1979/1988/1070 1977/1986/1071 1978/1987/1051 1980/1989/1368
f 1981/1990/1375 1979/1988/1070 1980/1989/1368 1982/1991/1368
f 1983/1992/1071 1981/1990/1375 1982/1991/1368 1984/1993/1376
f 1985/1994/1377 1983/1992/1071 1984/1993/1376 1986/1995/1368
f 1987/1996/1378 1985/1994/1377 1986/1995/1368 1988/1997/924
f 1989/1998/921 1987/1996/1378 1988/1997/924 1990/1999/1379
f 1991/2000/315 1989/1998/921 1990/1999/1379 1992/2001/1380
f 1993/2002/921 1991/2000/315 1992/2001/1380 1994/2003/1379
f 1995/2004/1055 1993/2002/921 1994/2003/1379 1996/2005/1381
f 1997/2006/1382 1995/2004/1055 1996/2005/1381 1998/2007/1383
f 1999/2008/1384 1997/2006/1382 1998/2007/1383 2000/2009/945
f 2000/2009/945 2002/2010/1084 2001/2011/1385 1999/2008/1384
f 2002/2010/1084 2004/2012/737 2003/2013/586 2001/2011/1385
f 2004/2012/737 2006/2014/1386 2005/2015/1387 2003/2013/586
f 2006/2014/1386 2008/2016/931 2007/2017/1081 2005/2015/1387
f 2008/2016/931 2010/2018/931 2009/2019/1081 2007/2017/1081
f 2010/2018/931 2012/2020/1084 2011/2021/737 2009/2019/1081
f 2012/2020/1084 2014/2022/1084 2013/2023/1082 2011/2021/737
f 2014/2022/1084 2016/2024/1084 2015/2025/1082 2013/2023/1082
f 2016/2024/1084 2018/2026/1084 2017/2027/1084 2015/2025/1082
f 2018/2026/1084 2020/2028/1084 2019/2029/1084 2017/2027/1084
f 2020/2028/1084 2022/2030/1084 2021/2031/1084 2019/2029/1084
f 2022/2030/1084 2024/2032/1388 2023/2033/1084 2021/2031/1084
f 2024/2032/1388 2026/2034/1084 2025/2035/1084 2023/2033/1084
f 2026/2034/1084 2028/2036/1084 2027/2037/1389 2025/2035/1084
f 2028/2036/1084 2030/2038/1084 2029/2039/1390 2027/2037/1389
f 2030/2038/1084 1701/1615/1090 1699/1611/1090 2029/2039/1390
f 2031/2040/1100 2032/2041/1100 2030/2038/1084 2028/2036/1084
f 2032/2041/1100 1703/1619/1096 1701/1615/1090 2030/2038/1084
f 2033/2042/1100 2034/2043/1100 2032/2041/1100 2031/2040/1100
f 2034/2043/1100 1705/1623/1100 1703/1619/1096 2032/2041/1100
f 2035/2044/1391 2036/2045/1103 2034/2043/1100 2033/2042/1100
f 2036/2045/1103 1707/1627/1103 1705/1623/1100 2034/2043/1100
f 2037/2046/1392 2038/2047/1392 2036/2045/1103 2035/2044/1391
f 2038/2047/1392 1709/1631/1107 1707/1627/1103 2036/2045/1103
f 2039/2048/1393 2040/2049/1393 2038/2047/1392 2037/2046/1392
f 2040/2049/1393 1711/1635/1111 1709/1631/1107 2038/2047/1392
f 2040/2050/1393 2039/2051/1393 2041/2052/1394 2042/2053/1115
f 2042/2053/1115 1713/1641/1115 1711/1640/1111 2040/2050/1393
f 2042/2053/1115 2041/2052/1394 2043/2054/1395 2044/2055/1118
f 1713/1641/1115 2042/2053/1115 2044/2055/1118 1715/1646/1118
f 2044/2055/1118 2043/2054/1395 2045/2056/1122 2046/2057/1122
f 1715/1646/1118 2044/2055/1118 2046/2057/1122 1717/1650/1122
f 2046/2057/1122 2045/2056/1122 2047/2058/1122 2048/2059/1122
f 1717/1650/1122 2046/2057/1122 2048/2059/1122 1719/1654/1126
f 2048/2059/1122 2047/2058/1122 2049/2060/1396 2050/2061/1130
f 1719/1654/1126 2048/2059/1122 2050/2061/1130 1721/1658/1130
f 2050/2061/1130 2049/2060/1396 2051/2062/1397 2052/2063/1398
f 1721/1658/1130 2050/2061/1130 2052/2063/1398 1723/1662/1130
f 2052/2063/1398 2051/2062/1397 2053/2064/1139 2054/2065/1139
f 1723/1662/1130 2052/2063/1398 2054/2065/1139 1725/1666/1130
f 2054/2065/1139 2053/2064/1139 2055/2066/1139 2056/2067/1139
f 1725/1666/1130 2054/2065/1139 2056/2067/1139 1727/1670/1139
f 2056/2067/1139 2055/2066/1139 2057/2068/1139 2058/2069/1139
f 1727/1670/1139 2056/2067/1139 2058/2069/1139 1729/1674/1142
f 2058/2069/1139 2057/2068/1139 2059/2070/1399 2060/2071/1139
f 1729/1674/1142 2058/2069/1139 2060/2071/1139 1731/1678/1146
f 2060/2071/1139 2059/2070/1399 2061/2072/1400 2062/2073/1400
f 1731/1678/1146 2060/2071/1139 2062/2073/1400 1733/1682/1146
f 2062/2073/1400 2061/2072/1400 2063/2074/1156 2064/2075/1156
f 1733/1682/1146 2062/2073/1400 2064/2075/1156 1735/1686/1152
f 2064/2075/1156 2063/2074/1156 2065/2076/1156 2066/2077/1156
f 1735/1686/1152 2064/2075/1156 2066/2077/1156 1737/1690/1156
f 2066/2077/1156 2065/2076/1156 2067/2078/1401 2068/2079/1160
f 1737/1690/1156 2066/2077/1156 2068/2079/1160 1739/1694/1160
f 2068/2079/1160 2067/2078/1401 2069/2080/1402 2070/2081/1402
f 1739/1694/1160 2068/2079/1160 2070/2081/1402 1741/1698/1164
f 2070/2081/1402 2069/2080/1402 2071/2082/1175 2072/2083/1175
f 1741/1698/1164 2070/2081/1402 2072/2083/1175 1743/1702/1136
f 2072/2083/1175 2071/2082/1175 2073/2084/1175 2074/2085/1171
f 1743/1702/1136 2072/2083/1175 2074/2085/1171 1745/1706/1171
f 2074/2085/1171 2073/2084/1175 2075/2086/1403 2076/2087/1404
f 1745/1706/1171 2074/2085/1171 2076/2087/1404 1747/1710/1175
f 2076/2087/1404 2075/2086/1403 2077/2088/1179 2078/2089/1179
f 1747/1710/1175 2076/2087/1404 2078/2089/1179 1749/1714/1179
f 2078/2089/1179 2077/2088/1179 2079/2090/1179 2080/2091/1179
f 1749/1714/1179 2078/2089/1179 2080/2091/1179 1751/1718/1183
f 2080/2091/1179 2079/2090/1179 2081/2092/1405 2082/2093/1405
f 1751/1718/1183 2080/2091/1179 2082/2093/1405 1753/1722/1187
f 2083/2094/1199 2084/2095/1406 2082/2093/1405 2081/2092/1405
f 2084/2095/1406 1755/1726/1187 1753/1722/1187 2082/2093/1405
f 2085/2096/1407 2086/2097/1407 2084/2095/1406 2083/2094/1199
f 2086/2097/1407 1757/1730/1187 1755/1726/1187 2084/2095/1406
f 2087/2098/1407 2088/2099/1407 2086/2097/1407 2085/2096/1407
f 2088/2099/1407 1759/1734/1195 1757/1730/1187 2086/2097/1407
f 2089/2100/1407 2090/2101/1407 2088/2099/1407 2087/2098/1407
f 2090/2101/1407 1761/1738/1199 1759/1734/1195 2088/2099/1407
f 2091/2102/1408 2092/2103/1407 2090/2101/1407 2089/2100/1407
f 2092/2103/1407 1763/1742/1196 1761/1738/1199 2090/2101/1407
f 2093/2104/1409 2094/2105/1409 2092/2103/1407 2091/2102/1408
f 2094/2105/1409 1765/1746/1196 1763/1742/1196 2092/2103/1407
f 2095/2106/1213 2096/2107/1213 2094/2105/1409 2093/2104/1409
f 2096/2107/1213 1767/1750/1209 1765/1746/1196 2094/2105/1409
f 2097/2108/1213 2098/2109/1213 2096/2107/1213 2095/2106/1213
f 2098/2109/1213 1769/1754/1213 1767/1750/1209 2096/2107/1213
f 2099/2110/1410 2100/2111/1410 2098/2109/1213 2097/2108/1213
f 2100/2111/1410 1771/1758/1217 1769/1754/1213 2098/2109/1213
f 2101/2112/1411 2102/2113/1411 2100/2111/1410 2099/2110/1410
f 2102/2113/1411 1773/1762/1221 1771/1758/1217 2100/2111/1410
f 2103/2114/1412 2104/2115/1412 2102/2113/1411 2101/2112/1411
f 2104/2115/1412 1775/1766/944 1773/1762/1221 2102/2113/1411
f 2105/2116/1413 2106/2117/1228 2104/2115/1412 2103/2114/1412
f 2106/2117/1228 1777/1770/1228 1775/1766/944 2104/2115/1412
f 2107/2118/1414 2108/2119/1232 2106/2117/1228 2105/2116/1413
f 2108/2119/1232 1779/1774/1232 1777/1770/1228 2106/2117/1228
f 2109/2120/1236 2110/2121/1415 2108/2119/1232 2107/2118/1414
f 2110/2121/1415 1781/1778/1236 1779/1774/1232 2108/2119/1232
f 2111/2122/1236 2112/2123/1236 2110/2121/1415 2109/2120/1236
f 2112/2123/1236 1783/1782/1240 1781/1778/1236 2110/2121/1415
f 2113/2124/1256 2114/2125/1247 2112/2123/1236 2111/2122/1236
f 2114/2125/1247 1785/1786/1240 1783/1782/1240 2112/2123/1236
f 1794/1801/1254 1792/1799/756 2114/2125/1247 2113/2124/1256
f 2115/2126/1256 2113/2124/1256 2111/2122/1236 2116/2127/1416
f 2117/2128/1417 2115/2126/1256 2116/2127/1416 2118/2129/1264
f 2119/2130/1264 2117/2128/1417 2118/2129/1264 2120/2131/1256
f 2121/2132/1256 2119/2130/1264 2120/2131/1256 2122/2133/1256
f 2123/2134/1256 2121/2132/1256 2122/2133/1256 2124/2135/1415
f 2125/2136/1256 2123/2134/1256 2124/2135/1415 2126/2137/1264
f 2127/2138/1256 2125/2136/1256 2126/2137/1264 2128/2139/1264
f 2129/2140/1415 2127/2138/1256 2128/2139/1264 2130/2141/1415
f 2131/2142/586 2129/2140/1415 2130/2141/1415 2132/2143/947
f 2133/2144/586 2131/2142/586 2132/2143/947 2134/2145/947
f 2135/2146/1418 2133/2144/586 2134/2145/947 2136/2147/1419
f 2137/2148/372 2135/2146/1418 2136/2147/1419 2138/2149/947
f 2139/2150/1256 2137/2148/372 2138/2149/947 2140/2151/1420
f 2141/2152/1421 2139/2150/1256 2140/2151/1420 2142/2153/1422
f 2142/2153/1422 2144/2154/1423 2143/2155/1423 2141/2152/1421
f 2144/2154/1423 2146/2156/977 2145/2157/1424 2143/2155/1423
f 2146/2156/977 2148/2158/1424 2147/2159/1424 2145/2157/1424
f 2148/2158/1424 2150/2160/986 2149/2161/1424 2147/2159/1424
f 2150/2160/986 2152/2162/1424 2151/2163/1425 2149/2161/1424
f 2152/2162/1424 2154/2164/1426 2153/2165/1424 2151/2163/1425
f 2154/2164/1426 2156/2166/1427 2155/2167/1271 2153/2165/1424
f 2156/2166/1427 2158/2168/977 2157/2169/975 2155/2167/1271
f 2158/2168/977 2160/2170/1428 2159/2171/1271 2157/2169/975
f 2160/2170/1428 2162/2172/1427 2161/2173/1271 2159/2171/1271
f 2162/2172/1427 2164/2174/1429 2163/2175/1271 2161/2173/1271
f 2164/2174/1429 2166/2176/1430 2165/2177/1271 2163/2175/1271
f 2166/2176/1430 2168/2178/1431 2167/2179/1276 2165/2177/1271
f 2168/2178/1431 2170/2180/1276 2169/2181/1432 2167/2179/1276
f 2170/2180/1276 2172/2182/1433 2171/2183/1433 2169/2181/1432
f 2172/2182/1433 2174/2184/1276 2173/2185/1431 2171/2183/1433
f 2174/2184/1276 2176/2186/1276 2175/2187/1277 2173/2185/1431
f 2176/2186/1276 2178/2188/1433 2177/2189/1434 2175/2187/1277
f 2178/2188/1433 2180/2190/1435 2179/2191/1271 2177/2189/1434
f 2180/2190/1435 2182/2192/1436 2181/2193/1437 2179/2191/1271
f 2182/2192/1436 2184/2194/1438 2183/2195/1436 2181/2193/1437
f 2184/2194/1438 1871/1878/1286 1869/1876/1284 2183/2195/1436
f 2185/2196/1439 2186/2197/1440 2184/2194/1438 2182/2192/1436
f 2186/2197/1440 1873/1880/1288 1871/1878/1286 2184/2194/1438
f 2187/2198/1438 2188/2199/1441 2186/2197/1440 2185/2196/1439
f 2188/2199/1441 1875/1882/1290 1873/1880/1288 2186/2197/1440
f 2189/2200/1442 2190/2201/1443 2188/2199/1441 2187/2198/1438
f 2190/2201/1443 1877/1884/1292 1875/1882/1290 2188/2199/1441
f 2191/2202/1444 2192/2203/1445 2190/2201/1443 2189/2200/1442
f 2192/2203/1445 1879/1886/1293 1877/1884/1292 2190/2201/1443
f 2193/2204/1446 2194/2205/1447 2192/2203/1445 2191/2202/1444
f 2194/2205/1447 1881/1888/1295 1879/1886/1293 2192/2203/1445
f 2195/2206/1448 2196/2207/1449 2194/2205/1447 2193/2204/1446
f 2196/2207/1449 1883/1890/1297 1881/1888/1295 2194/2205/1447
f 2197/2208/1450 2198/2209/1451 2196/2207/1449 2195/2206/1448
f 2198/2209/1451 1885/1892/1299 1883/1890/1297 2196/2207/1449
f 2199/2210/1452 2200/2211/1453 2198/2209/1451 2197/2208/1450
f 2200/2211/1453 1887/1894/1300 1885/1892/1299 2198/2209/1451
f 2201/2212/1452 2202/2213/1454 2200/2211/1453 2199/2210/1452
f 2202/2213/1454 1889/1896/1302 1887/1894/1300 2200/2211/1453
f 2203/2214/1455 2204/2215/1456 2202/2213/1454 2201/2212/1452
f 2204/2215/1456 1891/1898/1304 1889/1896/1302 2202/2213/1454
f 2205/2216/1457 2206/2217/1458 2204/2215/1456 2203/2214/1455
f 2206/2217/1458 1893/1900/1306 1891/1898/1304 2204/2215/1456
f 2207/2218/1459 2208/2219/1458 2206/2217/1458 2205/2216/1457
f 2208/2219/1458 1895/1902/1308 1893/1900/1306 2206/2217/1458
f 2209/2220/1460 2210/2221/1458 2208/2219/1458 2207/2218/1459
f 2210/2221/1458 1897/1904/1308 1895/1902/1308 2208/2219/1458
f 2211/2222/1461 2212/2223/1462 2210/2221/1458 2209/2220/1460
f 2212/2223/1462 1899/1906/1311 1897/1904/1308 2210/2221/1458
f 2213/2224/1463 2214/2225/1464 2212/2223/1462 2211/2222/1461
f 2214/2225/1464 1901/1908/1313 1899/1906/1311 2212/2223/1462
f 2215/2226/1464 2216/2227/1465 2214/2225/1464 2213/2224/1463
f 2216/2227/1465 1903/1910/1315 1901/1908/1313 2214/2225/1464
f 2217/2228/1466 2218/2229/1467 2216/2227/1465 2215/2226/1464
f 2218/2229/1467 1905/1912/1317 1903/1910/1315 2216/2227/1465
f 2219/2230/1465 2220/2231/1468 2218/2229/1467 2217/2228/1466
f 2220/2231/1468 1907/1914/1318 1905/1912/1317 2218/2229/1467
f 2221/2232/1469 2222/2233/1470 2220/2231/1468 2219/2230/1465
f 2222/2233/1470 1909/1916/1320 1907/1914/1318 2220/2231/1468
f 2223/2234/1471 2224/2235/1472 2222/2233/1470 2221/2232/1469
f 2224/2235/1472 1911/1918/1322 1909/1916/1320 2222/2233/1470
f 2225/2236/1473 2226/2237/1474 2224/2235/1472 2223/2234/1471
f 2226/2237/1474 1913/1920/1324 1911/1918/1322 2224/2235/1472
f 2227/2238/1475 2228/2239/1476 2226/2237/1474 2225/2236/1473
f 2228/2239/1476 1915/1922/1326 1913/1920/1324 2226/2237/1474
f 2229/2240/1477 2230/2241/1478 2228/2239/1476 2227/2238/1475
f 2230/2241/1478 1917/1924/1328 1915/1922/1326 2228/2239/1476
f 2231/2242/1479 2232/2243/1480 2230/2241/1478 2229/2240/1477
f 2232/2243/1480 1919/1926/1330 1917/1924/1328 2230/2241/1478
f 2233/2244/1481 2234/2245/1482 2232/2243/1480 2231/2242/1479
f 2234/2245/1482 1921/1928/1332 1919/1926/1330 2232/2243/1480
f 2235/2246/1483 2236/2247/1483 2234/2245/1482 2233/2244/1481
f 2236/2247/1483 1923/1930/1334 1921/1928/1332 2234/2245/1482
f 2237/2248/1484 2238/2249/1485 2236/2247/1483 2235/2246/1483
f 2238/2249/1485 1925/1932/1335 1923/1930/1334 2236/2247/1483
f 2239/2250/1486 2240/2251/1487 2238/2249/1485 2237/2248/1484
f 2240/2251/1487 1927/1934/1337 1925/1932/1335 2238/2249/1485
f 2241/2252/1485 2242/2253/1487 2240/2251/1487 2239/2250/1486
f 2242/2253/1487 1929/1936/1339 1927/1934/1337 2240/2251/1487
f 2243/2254/1488 2244/2255/1489 2242/2253/1487 2241/2252/1485
f 2244/2255/1489 1931/1938/1341 1929/1936/1339 2242/2253/1487
f 2245/2256/1490 2246/2257/1491 2244/2255/1489 2243/2254/1488
f 2246/2257/1491 1933/1940/1343 1931/1938/1341 2244/2255/1489
f 2247/2258/1492 2248/2259/1493 2246/2257/1491 2245/2256/1490
f 2248/2259/1493 1935/1942/1345 1933/1940/1343 2246/2257/1491
f 2249/2260/1494 2250/2261/1495 2248/2259/1493 2247/2258/1492
f 2250/2261/1495 1937/1944/1345 1935/1942/1345 2248/2259/1493
f 2251/2262/1496 2252/2263/1497 2250/2261/1495 2249/2260/1494
f 2252/2263/1497 1939/1946/1348 1937/1944/1345 2250/2261/1495
f 2253/2264/1498 2254/2265/1499 2252/2263/1497 2251/2262/1496
f 2254/2265/1499 1941/1948/1350 1939/1946/1348 2252/2263/1497
f 2255/2266/1500 2256/2267/1501 2254/2265/1499 2253/2264/1498
f 2256/2267/1501 1943/1950/1352 1941/1948/1350 2254/2265/1499
f 2257/2268/1502 2258/2269/1503 2256/2270/1501 2255/2271/1500
f 2258/2269/1503 1945/1952/1354 1943/1955/1352 2256/2270/1501
f 2259/2272/1504 2260/2273/1505 2258/2269/1503 2257/2268/1502
f 2260/2273/1505 1947/1956/1356 1945/1952/1354 2258/2269/1503
f 2261/2274/1506 2262/2275/1507 2260/2273/1505 2259/2272/1504
f 2262/2275/1507 1949/1958/1358 1947/1956/1356 2260/2273/1505
f 2263/2276/1508 2264/2277/1509 2262/2275/1507 2261/2274/1506
f 2264/2277/1509 1951/1960/1358 1949/1958/1358 2262/2275/1507
f 1960/1969/1368 1958/1967/1366 2264/2277/1509 2263/2276/1508
f 2265/2278/1508 2263/2276/1508 2261/2274/1506 2266/2279/1510
f 2267/2280/1369 2265/2278/1508 2266/2279/1510 2268/2281/1511
f 2269/2282/1374 2267/2280/1369 2268/2281/1511 2270/2283/1512
f 2271/2284/1374 2269/2282/1374 2270/2283/1512 2272/2285/1369
f 2273/2286/1369 2271/2284/1374 2272/2285/1369 2274/2287/1511
f 2275/2288/1374 2273/2286/1369 2274/2287/1511 2276/2289/1513
f 2277/2290/1511 2275/2288/1374 2276/2289/1513 2278/2291/1514
f 2279/2292/1515 2277/2290/1511 2278/2291/1514 2280/2293/1516
f 2281/2294/1508 2279/2292/1515 2280/2293/1516 2282/2295/1051
f 2283/2296/1517 2281/2294/1508 2282/2295/1051 2284/2297/1515
f 2285/2298/1508 2283/2296/1517 2284/2297/1515 2286/2299/1515
f 2287/2300/1508 2285/2298/1508 2286/2299/1515 2288/2301/1506
f 2289/2302/1508 2287/2300/1508 2288/2301/1506 2290/2303/1515
f 2291/2304/1380 2289/2302/1508 2290/2303/1515 2292/2305/1379
f 2293/2306/1518 2291/2304/1380 2292/2305/1379 2294/2307/1518
f 2295/2308/1518 2293/2306/1518 2294/2307/1518 2296/2309/1379
f 2297/2310/1379 2295/2308/1518 2296/2309/1379 2298/2311/1519
f 2299/2312/1379 2297/2310/1379 2298/2311/1519 2300/2313/1520
f 2301/2314/1383 2299/2312/1379 2300/2313/1520 2302/2315/1521
f 2303/2316/1522 2301/2314/1383 2302/2315/1521 2304/2317/1522
f 2304/2317/1522 2306/2318/1523 2305/2319/1084 2303/2316/1522
f 2306/2318/1523 2308/2320/1524 2307/2321/586 2305/2319/1084
f 2308/2320/1524 2310/2322/1525 2309/2323/1526 2307/2321/586
f 2310/2322/1525 2312/2324/930 2311/2325/601 2309/2323/1526
f 2312/2324/930 2314/2326/931 2313/2327/601 2311/2325/601
f 2314/2326/931 2316/2328/1524 2315/2329/1524 2313/2327/601
f 2316/2328/1524 2318/2330/1100 2317/2331/1077 2315/2329/1524
f 2318/2330/1100 2320/2332/1100 2319/2333/737 2317/2331/1077
f 2320/2332/1100 2322/2334/1100 2321/2335/1527 2319/2333/737
f 2322/2334/1100 2324/2336/1100 2323/2337/1084 2321/2335/1527
f 2324/2336/1100 2326/2338/1100 2325/2339/1100 2323/2337/1084
f 2326/2338/1100 2328/2340/1100 2327/2341/1524 2325/2339/1100
f 2328/2340/1100 2330/2342/1100 2329/2343/1528 2327/2341/1524
f 2330/2342/1100 2033/2042/1100 2031/2040/1100 2329/2343/1528
f 2331/2344/1100 2332/2345/1529 2330/2342/1100 2328/2340/1100
f 2332/2345/1529 2035/2044/1391 2033/2042/1100 2330/2342/1100
f 2333/2346/1103 2334/2347/1393 2332/2345/1529 2331/2344/1100
f 2334/2347/1393 2037/2046/1392 2035/2044/1391 2332/2345/1529
f 2335/2348/1393 2336/2349/1393 2334/2347/1393 2333/2346/1103
f 2336/2349/1393 2039/2048/1393 2037/2046/1392 2334/2347/1393
f 2336/2350/1393 2335/2351/1393 2337/2352/1118 2338/2353/1393
f 2039/2051/1393 2336/2350/1393 2338/2353/1393 2041/2052/1394
f 2338/2353/1393 2337/2352/1118 2339/2354/1122 2340/2355/1530
f 2041/2052/1394 2338/2353/1393 2340/2355/1530 2043/2054/1395
f 2340/2355/1530 2339/2354/1122 2341/2356/1122 2342/2357/1122
f 2043/2054/1395 2340/2355/1530 2342/2357/1122 2045/2056/1122
f 2342/2357/1122 2341/2356/1122 2343/2358/1531 2344/2359/1532
f 2045/2056/1122 2342/2357/1122 2344/2359/1532 2047/2058/1122
f 2344/2359/1532 2343/2358/1531 2345/2360/1533 2346/2361/1396
f 2047/2058/1122 2344/2359/1532 2346/2361/1396 2049/2060/1396
f 2346/2361/1396 2345/2360/1533 2347/2362/1396 2348/2363/1396
f 2049/2060/1396 2346/2361/1396 2348/2363/1396 2051/2062/1397
f 2348/2363/1396 2347/2362/1396 2349/2364/1396 2350/2365/1534
f 2051/2062/1397 2348/2363/1396 2350/2365/1534 2053/2064/1139
f 2350/2365/1534 2349/2364/1396 2351/2366/1139 2352/2367/1397
f 2053/2064/1139 2350/2365/1534 2352/2367/1397 2055/2066/1139
f 2352/2367/1397 2351/2366/1139 2353/2368/1400 2354/2369/1139
f 2055/2066/1139 2352/2367/1397 2354/2369/1139 2057/2068/1139
f 2354/2369/1139 2353/2368/1400 2355/2370/1535 2356/2371/1400
f 2057/2068/1139 2354/2369/1139 2356/2371/1400 2059/2070/1399
f 2356/2371/1400 2355/2370/1535 2357/2372/1400 2358/2373/1535
f 2059/2070/1399 2356/2371/1400 2358/2373/1535 2061/2072/1400
f 2358/2373/1535 2357/2372/1400 2359/2374/1536 2360/2375/1156
f 2061/2072/1400 2358/2373/1535 2360/2375/1156 2063/2074/1156
f 2360/2375/1156 2359/2374/1536 2361/2376/1156 2362/2377/1156
f 2063/2074/1156 2360/2375/1156 2362/2377/1156 2065/2076/1156
f 2362/2377/1156 2361/2376/1156 2363/2378/1156 2364/2379/1537
f 2065/2076/1156 2362/2377/1156 2364/2379/1537 2067/2078/1401
f 2364/2379/1537 2363/2378/1156 2365/2380/1160 2366/2381/1175
f 2067/2078/1401 2364/2379/1537 2366/2381/1175 2069/2080/1402
f 2366/2381/1175 2365/2380/1160 2367/2382/1175 2368/2383/1175
f 2069/2080/1402 2366/2381/1175 2368/2383/1175 2071/2082/1175
f 2368/2383/1175 2367/2382/1175 2369/2384/1404 2370/2385/1175
f 2071/2082/1175 2368/2383/1175 2370/2385/1175 2073/2084/1175
f 2370/2385/1175 2369/2384/1404 2371/2386/1179 2372/2387/1403
f 2073/2084/1175 2370/2385/1175 2372/2387/1403 2075/2086/1403
f 2372/2387/1403 2371/2386/1179 2373/2388/1179 2374/2389/1179
f 2075/2086/1403 2372/2387/1403 2374/2389/1179 2077/2088/1179
f 2374/2389/1179 2373/2388/1179 2375/2390/1538 2376/2391/1179
f 2077/2088/1179 2374/2389/1179 2376/2391/1179 2079/2090/1179
f 2376/2391/1179 2375/2390/1538 2377/2392/1405 2378/2393/1539
f 2079/2090/1179 2376/2391/1179 2378/2393/1539 2081/2092/1405
f 2379/2394/1540 2380/2395/1405 2378/2393/1539 2377/2392/1405
f 2081/2092/1405 2378/2393/1539 2380/2395/1405 2083/2094/1199
f 2381/2396/1540 2382/2397/1407 2380/2395/1405 2379/2394/1540
f 2382/2397/1407 2085/2096/1407 2083/2094/1199 2380/2395/1405
f 2383/2398/1407 2384/2399/1541 2382/2397/1407 2381/2396/1540
f 2384/2399/1541 2087/2098/1407 2085/2096/1407 2382/2397/1407
f 2385/2400/1409 2386/2401/1407 2384/2399/1541 2383/2398/1407
f 2386/2401/1407 2089/2100/1407 2087/2098/1407 2384/2399/1541
f 2387/2402/1542 2388/2403/1409 2386/2401/1407 2385/2400/1409
f 2388/2403/1409 2091/2102/1408 2089/2100/1407 2386/2401/1407
f 2389/2404/1409 2390/2405/1542 2388/2403/1409 2387/2402/1542
f 2390/2405/1542 2093/2104/1409 2091/2102/1408 2388/2403/1409
f 2391/2406/953 2392/2407/1213 2390/2405/1542 2389/2404/1409
f 2392/2407/1213 2095/2106/1213 2093/2104/1409 2390/2405/1542
f 2393/2408/1213 2394/2409/1213 2392/2407/1213 2391/2406/953
f 2394/2409/1213 2097/2108/1213 2095/2106/1213 2392/2407/1213
f 2395/2410/1217 2396/2411/1217 2394/2409/1213 2393/2408/1213
f 2396/2411/1217 2099/2110/1410 2097/2108/1213 2394/2409/1213
f 2397/2412/1217 2398/2413/1412 2396/2411/1217 2395/2410/1217
f 2398/2413/1412 2101/2112/1411 2099/2110/1410 2396/2411/1217
f 2399/2414/1412 2400/2415/1412 2398/2413/1412 2397/2412/1217
f 2400/2415/1412 2103/2114/1412 2101/2112/1411 2398/2413/1412
f 2401/2416/1232 2402/2417/1412 2400/2415/1412 2399/2414/1412
f 2402/2417/1412 2105/2116/1413 2103/2114/1412 2400/2415/1412
f 2403/2418/1236 2404/2419/1232 2402/2417/1412 2401/2416/1232
f 2404/2419/1232 2107/2118/1414 2105/2116/1413 2402/2417/1412
f 2405/2420/1236 2406/2421/1236 2404/2419/1232 2403/2418/1236
f 2406/2421/1236 2109/2120/1236 2107/2118/1414 2404/2419/1232
f 2118/2129/1264 2116/2127/1416 2406/2421/1236 2405/2420/1236
f 2407/2422/1236 2405/2420/1236 2403/2418/1236 2408/2423/1236
f 2409/2424/1236 2407/2422/1236 2408/2423/1236 2410/2425/1543
f 2411/2426/1236 2409/2424/1236 2410/2425/1543 2412/2427/1236
f 2413/2428/1236 2411/2426/1236 2412/2427/1236 2414/2429/1544
f 2415/2430/1236 2413/2428/1236 2414/2429/1544 2416/2431/1412
f 2417/2432/1544 2415/2430/1236 2416/2431/1412 2418/2433/1415
f 2419/2434/1260 2417/2432/1544 2418/2433/1415 2420/2435/1545
f 2421/2436/1546 2419/2434/1260 2420/2435/1545 2422/2437/947
f 2423/2438/1547 2421/2436/1546 2422/2437/947 2424/2439/947
f 2425/2440/1415 2423/2438/1547 2424/2439/947 2426/2441/1545
f 2427/2442/1264 2425/2440/1415 2426/2441/1545 2428/2443/1236
f 2429/2444/1422 2427/2442/1264 2428/2443/1236 2430/2445/1548
f 2430/2445/1548 2432/2446/1549 2431/2447/1550 2429/2444/1422
f 2432/2446/1549 2434/2448/1551 2433/2449/1552 2431/2447/1550
f 2434/2448/1551 2436/2450/1553 2435/2451/1554 2433/2449/1552
f 2436/2450/1553 2438/2452/1555 2437/2453/1556 2435/2451/1554
f 2438/2452/1555 2440/2454/1553 2439/2455/1424 2437/2453/1556
f 2440/2454/1553 2442/2456/1557 2441/2457/1424 2439/2455/1424
f 2442/2456/1557 2444/2458/1558 2443/2459/1427 2441/2457/1424
f 2444/2458/1558 2446/2460/1559 2445/2461/1552 2443/2459/1427
f 2446/2460/1559 2448/2462/1560 2447/2463/1430 2445/2461/1552
f 2448/2462/1560 2450/2464/1559 2449/2465/1430 2447/2463/1430
f 2450/2464/1559 2452/2466/1561 2451/2467/1430 2449/2465/1430
f 2452/2466/1561 2454/2468/1559 2453/2469/1562 2451/2467/1430
f 2454/2468/1559 2456/2470/1563 2455/2471/1564 2453/2469/1562
f 2456/2470/1563 2458/2472/1434 2457/2473/1434 2455/2471/1564
f 2458/2472/1434 2460/2474/1434 2459/2475/1565 2457/2473/1434
f 2460/2474/1434 2462/2476/1566 2461/2477/1567 2459/2475/1565
f 2462/2476/1566 2464/2478/1568 2463/2479/1566 2461/2477/1567
f 2464/2478/1568 2466/2480/1569 2465/2481/1434 2463/2479/1566
f 2466/2480/1569 2468/2482/1559 2467/2483/1430 2465/2481/1434
f 2468/2482/1559 2187/2198/1438 2185/2196/1439 2467/2483/1430
f 2469/2484/1570 2470/2485/1571 2468/2482/1559 2466/2480/1569
f 2470/2485/1571 2189/2200/1442 2187/2198/1438 2468/2482/1559
f 2471/2486/1560 2472/2487/1572 2470/2485/1571 2469/2484/1570
f 2472/2487/1572 2191/2202/1444 2189/2200/1442 2470/2485/1571
f 2473/2488/1573 2474/2489/1574 2472/2487/1572 2471/2486/1560
f 2474/2489/1574 2193/2204/1446 2191/2202/1444 2472/2487/1572
f 2475/2490/1575 2476/2491/1575 2474/2489/1574 2473/2488/1573
f 2476/2491/1575 2195/2206/1448 2193/2204/1446 2474/2489/1574
f 2477/2492/1576 2478/2493/1577 2476/2491/1575 2475/2490/1575
f 2478/2493/1577 2197/2208/1450 2195/2206/1448 2476/2491/1575
f 2479/2494/1578 2480/2495/1577 2478/2493/1577 2477/2492/1576
f 2480/2495/1577 2199/2210/1452 2197/2208/1450 2478/2493/1577
f 2481/2496/1579 2482/2497/1580 2480/2495/1577 2479/2494/1578
f 2482/2497/1580 2201/2212/1452 2199/2210/1452 2480/2495/1577
f 2483/2498/1580 2484/2499/1580 2482/2497/1580 2481/2496/1579
f 2484/2499/1580 2203/2214/1455 2201/2212/1452 2482/2497/1580
f 2485/2500/1581 2486/2501/1582 2484/2499/1580 2483/2498/1580
f 2486/2501/1582 2205/2216/1457 2203/2214/1455 2484/2499/1580
f 2486/2501/1582 2485/2500/1581 2487/2502/1582 2488/2503/1583
f 2488/2503/1583 2207/2218/1459 2205/2216/1457 2486/2501/1582
f 2488/2503/1583 2487/2502/1582 2489/2504/1584 2490/2505/1585
f 2490/2505/1585 2209/2220/1460 2207/2218/1459 2488/2503/1583
f 2491/2506/1586 2492/2507/1587 2490/2505/1585 2489/2504/1584
f 2492/2507/1587 2211/2222/1461 2209/2220/1460 2490/2505/1585
f 2493/2508/1588 2494/2509/1586 2492/2507/1587 2491/2506/1586
f 2494/2509/1586 2213/2224/1463 2211/2222/1461 2492/2507/1587
f 2495/2510/1589 2496/2511/1590 2494/2509/1586 2493/2508/1588
f 2496/2511/1590 2215/2226/1464 2213/2224/1463 2494/2509/1586
f 2497/2512/1588 2498/2513/1591 2496/2511/1590 2495/2510/1589
f 2498/2513/1591 2217/2228/1466 2215/2226/1464 2496/2511/1590
f 2499/2514/1592 2500/2515/1593 2498/2513/1591 2497/2512/1588
f 2500/2515/1593 2219/2230/1465 2217/2228/1466 2498/2513/1591
f 2501/2516/1594 2502/2517/1594 2500/2515/1593 2499/2514/1592
f 2502/2517/1594 2221/2232/1469 2219/2230/1465 2500/2515/1593
f 2503/2518/1595 2504/2519/1596 2502/2517/1594 2501/2516/1594
f 2504/2519/1596 2223/2234/1471 2221/2232/1469 2502/2517/1594
f 2505/2520/1597 2506/2521/1597 2504/2519/1596 2503/2518/1595
f 2506/2521/1597 2225/2236/1473 2223/2234/1471 2504/2519/1596
f 2507/2522/1598 2508/2523/1598 2506/2521/1597 2505/2520/1597
f 2508/2523/1598 2227/2238/1475 2225/2236/1473 2506/2521/1597
f 2509/2524/1599 2510/2525/1600 2508/2523/1598 2507/2522/1598
f 2510/2525/1600 2229/2240/1477 2227/2238/1475 2508/2523/1598
f 2511/2526/1601 2512/2527/1600 2510/2525/1600 2509/2524/1599
f 2512/2527/1600 2231/2242/1479 2229/2240/1477 2510/2525/1600
f 2513/2528/1601 2514/2529/1602 2512/2527/1600 2511/2526/1601
f 2514/2529/1602 2233/2244/1481 2231/2242/1479 2512/2527/1600
f 2515/2530/1602 2516/2531/1603 2514/2529/1602 2513/2528/1601
f 2516/2531/1603 2235/2246/1483 2233/2244/1481 2514/2529/1602
f 2517/2532/1604 2518/2533/1605 2516/2531/1603 2515/2530/1602
f 2518/2533/1605 2237/2248/1484 2235/2246/1483 2516/2531/1603
f 2519/2534/1606 2520/2535/1607 2518/2533/1605 2517/2532/1604
f 2520/2535/1607 2239/2250/1486 2237/2248/1484 2518/2533/1605
f 2521/2536/1608 2522/2537/1606 2520/2535/1607 2519/2534/1606
f 2522/2537/1606 2241/2252/1485 2239/2250/1486 2520/2535/1607
f 2523/2538/1609 2524/2539/1610 2522/2537/1606 2521/2536/1608
f 2524/2539/1610 2243/2254/1488 2241/2252/1485 2522/2537/1606
f 2525/2540/1611 2526/2541/1609 2524/2539/1610 2523/2538/1609
f 2526/2541/1609 2245/2256/1490 2243/2254/1488 2524/2539/1610
f 2527/2542/1611 2528/2543/1612 2526/2541/1609 2525/2540/1611
f 2528/2543/1612 2247/2258/1492 2245/2256/1490 2526/2541/1609
f 2529/2544/1613 2530/2545/1614 2528/2543/1612 2527/2542/1611
f 2530/2545/1614 2249/2260/1494 2247/2258/1492 2528/2543/1612
f 2531/2546/1614 2532/2547/1614 2530/2545/1614 2529/2544/1613
f 2532/2547/1614 2251/2262/1496 2249/2260/1494 2530/2545/1614
f 2533/2548/1615 2534/2549/1616 2532/2547/1614 2531/2546/1614
f 2534/2549/1616 2253/2264/1498 2251/2262/1496 2532/2547/1614
f 2535/2550/1500 2536/2551/1617 2534/2549/1616 2533/2548/1615
f 2536/2551/1617 2255/2266/1500 2253/2264/1498 2534/2549/1616
f 2537/2552/1618 2538/2553/1619 2536/2554/1617 2535/2555/1500
f 2538/2553/1619 2257/2268/1502 2255/2271/1500 2536/2554/1617
f 2539/2556/1620 2540/2557/1506 2538/2553/1619 2537/2552/1618
f 2540/2557/1506 2259/2272/1504 2257/2268/1502 2538/2553/1619
f 2268/2281/1511 2266/2279/1510 2540/2557/1506 2539/2556/1620
f 2541/2558/1621 2539/2556/1620 2537/2552/1618 2542/2559/1622
f 2543/2560/1512 2541/2558/1621 2542/2559/1622 2544/2561/1623
f 2545/2562/1511 2543/2560/1512 2544/2561/1623 2546/2563/1619
f 2547/2564/1512 2545/2562/1511 2546/2563/1619 2548/2565/1624
f 2549/2566/1506 2547/2564/1512 2548/2565/1624 2550/2567/1625
f 2551/2568/1626 2549/2566/1506 2550/2567/1625 2552/2569/1627
f 2553/2570/1628 2551/2568/1626 2552/2569/1627 2554/2571/1619
f 2555/2572/1506 2553/2570/1628 2554/2571/1619 2556/2573/1619
f 2557/2574/1629 2555/2572/1506 2556/2573/1619 2558/2575/1630
f 2559/2576/1631 2557/2574/1629 2558/2575/1630 2560/2577/1619
f 2561/2578/1631 2559/2576/1631 2560/2577/1619 2562/2579/1627
f 2563/2580/1632 2561/2578/1631 2562/2579/1627 2564/2581/925
f 2565/2582/1633 2563/2580/1632 2564/2581/925 2566/2583/1634
f 2567/2584/1633 2565/2582/1633 2566/2583/1634 2568/2585/1635
f 2569/2586/1636 2567/2584/1633 2568/2585/1635 2570/2587/1635
f 2571/2588/1633 2569/2586/1636 2570/2587/1635 2572/2589/1635
f 2573/2590/1637 2571/2588/1633 2572/2589/1635 2574/2591/1638
f 2575/2592/1639 2573/2590/1637 2574/2591/1638 2576/2593/1640
f 2576/2593/1640 2578/2594/1393 2577/2595/1100 2575/2592/1639
f 2578/2594/1393 2580/2596/1641 2579/2597/1642 2577/2595/1100
f 2580/2596/1641 2582/2598/1643 2581/2599/1644 2579/2597/1642
f 2582/2598/1643 2584/2600/931 2583/2601/737 2581/2599/1644
f 2584/2600/931 2586/2602/1641 2585/2603/1641 2583/2601/737
f 2586/2602/1641 2588/2604/1641 2587/2605/1641 2585/2603/1641
f 2588/2604/1641 2590/2606/1393 2589/2607/586 2587/2605/1641
f 2590/2606/1393 2592/2608/1393 2591/2609/1527 2589/2607/586
f 2592/2608/1393 2594/2610/1645 2593/2611/1100 2591/2609/1527
f 2594/2610/1645 2596/2612/1103 2595/2613/1100 2593/2611/1100
f 2596/2612/1103 2598/2614/1103 2597/2615/1100 2595/2613/1100
f 2598/2614/1103 2333/2346/1103 2331/2344/1100 2597/2615/1100
f 2599/2616/1393 2600/2617/1393 2598/2614/1103 2596/2612/1103
f 2600/2617/1393 2335/2348/1393 2333/2346/1103 2598/2614/1103
f 2600/2618/1393 2599/2619/1393 2601/2620/1118 2602/2621/1118
f 2335/2351/1393 2600/2618/1393 2602/2621/1118 2337/2352/1118
f 2602/2621/1118 2601/2620/1118 2603/2622/1122 2604/2623/1122
f 2337/2352/1118 2602/2621/1118 2604/2623/1122 2339/2354/1122
f 2604/2623/1122 2603/2622/1122 2605/2624/1531 2606/2625/1122
f 2339/2354/1122 2604/2623/1122 2606/2625/1122 2341/2356/1122
f 2606/2625/1122 2605/2624/1531 2607/2626/1396 2608/2627/1122
f 2341/2356/1122 2606/2625/1122 2608/2627/1122 2343/2358/1531
f 2608/2627/1122 2607/2626/1396 2609/2628/1396 2610/2629/1396
f 2343/2358/1531 2608/2627/1122 2610/2629/1396 2345/2360/1533
f 2610/2629/1396 2609/2628/1396 2611/2630/1396 2612/2631/1396
f 2345/2360/1533 2610/2629/1396 2612/2631/1396 2347/2362/1396
f 2612/2631/1396 2611/2630/1396 2613/2632/1396 2614/2633/1396
f 2347/2362/1396 2612/2631/1396 2614/2633/1396 2349/2364/1396
f 2614/2633/1396 2613/2632/1396 2615/2634/1523 2616/2635/1646
f 2349/2364/1396 2614/2633/1396 2616/2635/1646 2351/2366/1139
f 2616/2635/1646 2615/2634/1523 2617/2636/1536 2618/2637/1400
f 2351/2366/1139 2616/2635/1646 2618/2637/1400 2353/2368/1400
f 2618/2637/1400 2617/2636/1536 2619/2638/1400 2620/2639/1400
f 2353/2368/1400 2618/2637/1400 2620/2639/1400 2355/2370/1535
f 2620/2639/1400 2619/2638/1400 2621/2640/1400 2622/2641/1647
f 2355/2370/1535 2620/2639/1400 2622/2641/1647 2357/2372/1400
f 2622/2641/1647 2621/2640/1400 2623/2642/1400 2624/2643/1156
f 2357/2372/1400 2622/2641/1647 2624/2643/1156 2359/2374/1536
f 2624/2643/1156 2623/2642/1400 2625/2644/1156 2626/2645/1156
f 2359/2374/1536 2624/2643/1156 2626/2645/1156 2361/2376/1156
f 2626/2645/1156 2625/2644/1156 2627/2646/1156 2628/2647/1156
f 2361/2376/1156 2626/2645/1156 2628/2647/1156 2363/2378/1156
f 2628/2647/1156 2627/2646/1156 2629/2648/1160 2630/2649/1160
f 2363/2378/1156 2628/2647/1156 2630/2649/1160 2365/2380/1160
f 2630/2649/1160 2629/2648/1160 2631/2650/1175 2632/2651/1175
f 2365/2380/1160 2630/2649/1160 2632/2651/1175 2367/2382/1175
f 2632/2651/1175 2631/2650/1175 2633/2652/1404 2634/2653/1404
f 2367/2382/1175 2632/2651/1175 2634/2653/1404 2369/2384/1404
f 2634/2653/1404 2633/2652/1404 2635/2654/1179 2636/2655/1179
f 2369/2384/1404 2634/2653/1404 2636/2655/1179 2371/2386/1179
f 2636/2655/1179 2635/2654/1179 2637/2656/1648 2638/2657/1179
f 2371/2386/1179 2636/2655/1179 2638/2657/1179 2373/2388/1179
f 2638/2657/1179 2637/2656/1648 2639/2658/1405 2640/2659/1405
f 2373/2388/1179 2638/2657/1179 2640/2659/1405 2375/2390/1538
f 2640/2659/1405 2639/2658/1405 2641/2660/1405 2642/2661/1405
f 2375/2390/1538 2640/2659/1405 2642/2661/1405 2377/2392/1405
f 2643/2662/1405 2644/2663/1405 2642/2661/1405 2641/2660/1405
f 2644/2663/1405 2379/2394/1540 2377/2392/1405 2642/2661/1405
f 2645/2664/1649 2646/2665/1405 2644/2663/1405 2643/2662/1405
f 2646/2665/1405 2381/2396/1540 2379/2394/1540 2644/2663/1405
f 2647/2666/1546 2648/2667/947 2646/2665/1405 2645/2664/1649
f 2648/2667/947 2383/2398/1407 2381/2396/1540 2646/2665/1405
f 2649/2668/953 2650/2669/1409 2648/2667/947 2647/2666/1546
f 2650/2669/1409 2385/2400/1409 2383/2398/1407 2648/2667/947
f 2651/2670/1409 2652/2671/1409 2650/2669/1409 2649/2668/953
f 2652/2671/1409 2387/2402/1542 2385/2400/1409 2650/2669/1409
f 2653/2672/1409 2654/2673/1650 2652/2671/1409 2651/2670/1409
f 2654/2673/1650 2389/2404/1409 2387/2402/1542 2652/2671/1409
f 2655/2674/1409 2656/2675/1409 2654/2673/1650 2653/2672/1409
f 2656/2675/1409 2391/2406/953 2389/2404/1409 2654/2673/1650
f 2657/2676/1213 2658/2677/953 2656/2675/1409 2655/2674/1409
f 2658/2677/953 2393/2408/1213 2391/2406/953 2656/2675/1409
f 2659/2678/1213 2660/2679/1213 2658/2677/953 2657/2676/1213
f 2660/2679/1213 2395/2410/1217 2393/2408/1213 2658/2677/953
f 2661/2680/1217 2662/2681/1651 2660/2679/1213 2659/2678/1213
f 2662/2681/1651 2397/2412/1217 2395/2410/1217 2660/2679/1213
f 2663/2682/1412 2664/2683/1412 2662/2681/1651 2661/2680/1217
f 2664/2683/1412 2399/2414/1412 2397/2412/1217 2662/2681/1651
f 2665/2684/1232 2666/2685/1232 2664/2683/1412 2663/2682/1412
f 2666/2685/1232 2401/2416/1232 2399/2414/1412 2664/2683/1412
f 2410/2425/1543 2408/2423/1236 2666/2685/1232 2665/2684/1232
f 2667/2686/1232 2665/2684/1232 2663/2682/1412 2668/2687/1412
f 2669/2688/1412 2667/2686/1232 2668/2687/1412 2670/2689/1412
f 2671/2690/1412 2669/2688/1412 2670/2689/1412 2672/2691/1412
f 2673/2692/1545 2671/2690/1412 2672/2691/1412 2674/2693/1412
f 2675/2694/374 2673/2692/1545 2674/2693/1412 2676/2695/1652
f 2677/2696/738 2675/2694/374 2676/2695/1652 2678/2697/947
f 2679/2698/1653 2677/2696/738 2678/2697/947 2680/2699/315
f 2681/2700/1545 2679/2698/1653 2680/2699/315 2682/2701/1545
f 2683/2702/1232 2681/2700/1545 2682/2701/1545 2684/2703/1654
f 2685/2704/1655 2683/2702/1232 2684/2703/1654 2686/2705/1225
f 2686/2705/1225 2688/2706/1656 2687/2707/1657 2685/2704/1655
f 2688/2706/1656 2690/2708/986 2689/2709/1658 2687/2707/1657
f 2690/2708/986 2692/2710/1557 2691/2711/1659 2689/2709/1658
f 2692/2710/1557 2694/2712/1557 2693/2713/1557 2691/2711/1659
f 2694/2712/1557 2696/2714/1557 2695/2715/1660 2693/2713/1557
f 2696/2714/1557 2698/2716/1557 2697/2717/1661 2695/2715/1660
f 2698/2716/1557 2700/2718/1560 2699/2719/1662 2697/2717/1661
f 2700/2718/1560 2702/2720/986 2701/2721/984 2699/2719/1662
f 2702/2720/986 2704/2722/1560 2703/2723/1663 2701/2721/984
f 2704/2722/1560 2706/2724/1560 2705/2725/1569 2703/2723/1663
f 2706/2724/1560 2708/2726/986 2707/2727/1662 2705/2725/1569
f 2708/2726/986 2710/2728/1560 2709/2729/1571 2707/2727/1662
f 2710/2728/1560 2712/2730/1444 2711/2731/1664 2709/2729/1571
f 2712/2730/1444 2714/2732/1665 2713/2733/1571 2711/2731/1664
f 2714/2732/1665 2716/2734/1428 2715/2735/1571 2713/2733/1571
f 2716/2734/1428 2718/2736/1444 2717/2737/1666 2715/2735/1571
f 2718/2736/1444 2720/2738/1428 2719/2739/1667 2717/2737/1666
f 2720/2738/1428 2471/2486/1560 2469/2484/1570 2719/2739/1667
f 2721/2740/1668 2722/2741/1669 2720/2738/1428 2718/2736/1444
f 2722/2741/1669 2473/2488/1573 2471/2486/1560 2720/2738/1428
f 2723/2742/1451 2724/2743/1670 2722/2741/1669 2721/2740/1668
f 2724/2743/1670 2475/2490/1575 2473/2488/1573 2722/2741/1669
f 2725/2744/1579 2726/2745/1671 2724/2743/1670 2723/2742/1451
f 2726/2745/1671 2477/2492/1576 2475/2490/1575 2724/2743/1670
f 2727/2746/1672 2728/2747/1672 2726/2745/1671 2725/2744/1579
f 2728/2747/1672 2479/2494/1578 2477/2492/1576 2726/2745/1671
f 2729/2748/1673 2730/2749/1672 2728/2747/1672 2727/2746/1672
f 2730/2749/1672 2481/2496/1579 2479/2494/1578 2728/2747/1672
f 2731/2750/1674 2732/2751/1581 2730/2749/1672 2729/2748/1673
f 2732/2751/1581 2483/2498/1580 2481/2496/1579 2730/2749/1672
f 2732/2751/1581 2731/2750/1674 2733/2752/1306 2734/2753/1306
f 2483/2498/1580 2732/2751/1581 2734/2753/1306 2485/2500/1581
f 2734/2753/1306 2733/2752/1306 2735/2754/1308 2736/2755/1675
f 2485/2500/1581 2734/2753/1306 2736/2755/1675 2487/2502/1582
f 2736/2755/1675 2735/2754/1308 2737/2756/1308 2738/2757/1308
f 2487/2502/1582 2736/2755/1675 2738/2757/1308 2489/2504/1584
f 2738/2757/1308 2737/2756/1308 2739/2758/1676 2740/2759/1677
f 2489/2504/1584 2738/2757/1308 2740/2759/1677 2491/2506/1586
f 2741/2760/1678 2742/2761/1679 2740/2759/1677 2739/2758/1676
f 2742/2761/1679 2493/2508/1588 2491/2506/1586 2740/2759/1677
f 2743/2762/1679 2744/2763/1679 2742/2761/1679 2741/2760/1678
f 2744/2763/1679 2495/2510/1589 2493/2508/1588 2742/2761/1679
f 2745/2764/1680 2746/2765/1680 2744/2763/1679 2743/2762/1679
f 2746/2765/1680 2497/2512/1588 2495/2510/1589 2744/2763/1679
f 2747/2766/1681 2748/2767/1588 2746/2765/1680 2745/2764/1680
f 2748/2767/1588 2499/2514/1592 2497/2512/1588 2746/2765/1680
f 2749/2768/1681 2750/2769/1682 2748/2767/1588 2747/2766/1681
f 2750/2769/1682 2501/2516/1594 2499/2514/1592 2748/2767/1588
f 2751/2770/1683 2752/2771/1684 2750/2769/1682 2749/2768/1681
f 2752/2771/1684 2503/2518/1595 2501/2516/1594 2750/2769/1682
f 2753/2772/1685 2754/2773/1686 2752/2771/1684 2751/2770/1683
f 2754/2773/1686 2505/2520/1597 2503/2518/1595 2752/2771/1684
f 2755/2774/1687 2756/2775/1599 2754/2773/1686 2753/2772/1685
f 2756/2775/1599 2507/2522/1598 2505/2520/1597 2754/2773/1686
f 2757/2776/1601 2758/2777/1688 2756/2775/1599 2755/2774/1687
f 2758/2777/1688 2509/2524/1599 2507/2522/1598 2756/2775/1599
f 2759/2778/1689 2760/2779/1689 2758/2777/1688 2757/2776/1601
f 2760/2779/1689 2511/2526/1601 2509/2524/1599 2758/2777/1688
f 2761/2780/1690 2762/2781/1689 2760/2779/1689 2759/2778/1689
f 2762/2781/1689 2513/2528/1601 2511/2526/1601 2760/2779/1689
f 2763/2782/1691 2764/2783/1690 2762/2781/1689 2761/2780/1690
f 2764/2783/1690 2515/2530/1602 2513/2528/1601 2762/2781/1689
f 2765/2784/1692 2766/2785/1692 2764/2783/1690 2763/2782/1691
f 2766/2785/1692 2517/2532/1604 2515/2530/1602 2764/2783/1690
f 2767/2786/1693 2768/2787/1694 2766/2785/1692 2765/2784/1692
f 2768/2787/1694 2519/2534/1606 2517/2532/1604 2766/2785/1692
f 2769/2788/1689 2770/2789/1695 2768/2787/1694 2767/2786/1693
f 2770/2789/1695 2521/2536/1608 2519/2534/1606 2768/2787/1694
f 2771/2790/1696 2772/2791/1695 2770/2789/1695 2769/2788/1689
f 2772/2791/1695 2523/2538/1609 2521/2536/1608 2770/2789/1695
f 2773/2792/1697 2774/2793/1608 2772/2791/1695 2771/2790/1696
f 2774/2793/1608 2525/2540/1611 2523/2538/1609 2772/2791/1695
f 2775/2794/1698 2776/2795/1698 2774/2793/1608 2773/2792/1697
f 2776/2795/1698 2527/2542/1611 2525/2540/1611 2774/2793/1608
f 2777/2796/1699 2778/2797/1699 2776/2795/1698 2775/2794/1698
f 2778/2797/1699 2529/2544/1613 2527/2542/1611 2776/2795/1698
f 2779/2798/1699 2780/2799/1700 2778/2797/1699 2777/2796/1699
f 2780/2799/1700 2531/2546/1614 2529/2544/1613 2778/2797/1699
f 2781/2800/1701 2782/2801/1702 2780/2799/1700 2779/2798/1699
f 2782/2801/1702 2533/2548/1615 2531/2546/1614 2780/2799/1700
f 2783/2802/1703 2784/2803/1704 2782/2801/1702 2781/2800/1701
f 2784/2803/1704 2535/2550/1500 2533/2548/1615 2782/2801/1702
f 2544/2561/1623 2542/2559/1622 2784/2804/1704 2783/2805/1703
f 2785/2806/1500 2783/2802/1703 2781/2800/1701 2786/2807/1616
f 2787/2808/1703 2785/2806/1500 2786/2807/1616 2788/2809/1705
f 2789/2810/1500 2787/2808/1703 2788/2809/1705 2790/2811/1706
f 2791/2812/1500 2789/2810/1500 2790/2811/1706 2792/2813/1707
f 2793/2814/1500 2791/2812/1500 2792/2813/1707 2794/2815/1708
f 2795/2816/1500 2793/2814/1500 2794/2815/1708 2796/2817/1616
f 2797/2818/1709 2795/2816/1500 2796/2817/1616 2798/2819/1707
f 2799/2820/1500 2797/2818/1709 2798/2819/1707 2800/2821/1616
f 2801/2822/1710 2799/2820/1500 2800/2821/1616 2802/2823/1707
f 2803/2824/1711 2801/2822/1710 2802/2823/1707 2804/2825/1712
f 2805/2826/1713 2803/2824/1711 2804/2825/1712 2806/2827/1714
f 2807/2828/1715 2805/2826/1713 2806/2827/1714 2808/2829/925
f 2809/2830/1716 2807/2828/1715 2808/2829/925 2810/2831/1712
f 2811/2832/924 2809/2830/1716 2810/2831/1712 2812/2833/1711
f 2813/2834/1717 2811/2832/924 2812/2833/1711 2814/2835/1718
f 2815/2836/1112 2813/2834/1717 2814/2835/1718 2816/2837/1119
f 2816/2837/1119 2818/2838/1118 2817/2839/1719 2815/2836/1112
f 2818/2838/1118 2820/2840/1641 2819/2841/1641 2817/2839/1719
f 2821/2842/315 2819/2841/1641 2820/2840/1641 2822/2843/1720
f 2823/2844/931 2821/2842/315 2822/2843/1720 2824/2845/931
f 2825/2846/1642 2823/2844/931 2824/2845/931 2826/2847/1641
f 2827/2848/1393 2825/2846/1642 2826/2847/1641 2828/2849/1641
f 2828/2849/1641 2830/2850/1393 2829/2851/1393 2827/2848/1393
f 2831/2852/1393 2829/2851/1393 2830/2850/1393 2832/2853/1393
f 2833/2854/1393 2831/2852/1393 2832/2853/1393 2834/2855/1721
f 2834/2855/1721 2601/2620/1118 2599/2619/1393 2833/2854/1393
f 2834/2855/1721 2832/2853/1393 2835/2856/1722 2836/2857/1122
f 2601/2620/1118 2834/2855/1721 2836/2857/1122 2603/2622/1122
f 2836/2857/1122 2835/2856/1722 2837/2858/1122 2838/2859/1122
f 2603/2622/1122 2836/2857/1122 2838/2859/1122 2605/2624/1531
f 2838/2859/1122 2837/2858/1122 2839/2860/1523 2840/2861/1531
f 2605/2624/1531 2838/2859/1122 2840/2861/1531 2607/2626/1396
f 2840/2861/1531 2839/2860/1523 2841/2862/1396 2842/2863/1396
f 2607/2626/1396 2840/2861/1531 2842/2863/1396 2609/2628/1396
f 2842/2863/1396 2841/2862/1396 2843/2864/1723 2844/2865/1398
f 2609/2628/1396 2842/2863/1396 2844/2865/1398 2611/2630/1396
f 2844/2865/1398 2843/2864/1723 2845/2866/1081 2846/2867/1724
f 2611/2630/1396 2844/2865/1398 2846/2867/1724 2613/2632/1396
f 2846/2867/1724 2845/2866/1081 2847/2868/1523 2848/2869/1646
f 2613/2632/1396 2846/2867/1724 2848/2869/1646 2615/2634/1523
f 2848/2869/1646 2847/2868/1523 2849/2870/1725 2850/2871/1726
f 2615/2634/1523 2848/2869/1646 2850/2871/1726 2617/2636/1536
f 2850/2871/1726 2849/2870/1725 2851/2872/1726 2852/2873/1400
f 2617/2636/1536 2850/2871/1726 2852/2873/1400 2619/2638/1400
f 2852/2873/1400 2851/2872/1726 2853/2874/1400 2854/2875/1400
f 2619/2638/1400 2852/2873/1400 2854/2875/1400 2621/2640/1400
f 2854/2875/1400 2853/2874/1400 2855/2876/1536 2856/2877/1727
f 2621/2640/1400 2854/2875/1400 2856/2877/1727 2623/2642/1400
f 2856/2877/1727 2855/2876/1536 2857/2878/1536 2858/2879/1156
f 2623/2642/1400 2856/2877/1727 2858/2879/1156 2625/2644/1156
f 2858/2879/1156 2857/2878/1536 2859/2880/1728 2860/2881/1156
f 2625/2644/1156 2858/2879/1156 2860/2881/1156 2627/2646/1156
f 2860/2881/1156 2859/2880/1728 2861/2882/1175 2862/2883/1175
f 2627/2646/1156 2860/2881/1156 2862/2883/1175 2629/2648/1160
f 2862/2883/1175 2861/2882/1175 2863/2884/1175 2864/2885/1175
f 2629/2648/1160 2862/2883/1175 2864/2885/1175 2631/2650/1175
f 2864/2885/1175 2863/2884/1175 2865/2886/1175 2866/2887/1404
f 2631/2650/1175 2864/2885/1175 2866/2887/1404 2633/2652/1404
f 2866/2887/1404 2865/2886/1175 2867/2888/1538 2868/2889/1179
f 2633/2652/1404 2866/2887/1404 2868/2889/1179 2635/2654/1179
f 2868/2889/1179 2867/2888/1538 2869/2890/1179 2870/2891/1179
f 2635/2654/1179 2868/2889/1179 2870/2891/1179 2637/2656/1648
f 2870/2891/1179 2869/2890/1179 2871/2892/1538 2872/2893/1538
f 2637/2656/1648 2870/2891/1179 2872/2893/1538 2639/2658/1405
f 2873/2894/1405 2874/2895/1538 2872/2893/1538 2871/2892/1538
f 2639/2658/1405 2872/2893/1538 2874/2895/1538 2641/2660/1405
f 2875/2896/1649 2876/2897/1405 2874/2895/1538 2873/2894/1405
f 2876/2897/1405 2643/2662/1405 2641/2660/1405 2874/2895/1538
f 2877/2898/1729 2878/2899/1730 2876/2897/1405 2875/2896/1649
f 2878/2899/1730 2645/2664/1649 2643/2662/1405 2876/2897/1405
f 2879/2900/1546 2880/2901/947 2878/2899/1730 2877/2898/1729
f 2880/2901/947 2647/2666/1546 2645/2664/1649 2878/2899/1730
f 2881/2902/374 2882/2903/1731 2880/2901/947 2879/2900/1546
f 2882/2903/1731 2649/2668/953 2647/2666/1546 2880/2901/947
f 2883/2904/1650 2884/2905/1409 2882/2903/1731 2881/2902/374
f 2884/2905/1409 2651/2670/1409 2649/2668/953 2882/2903/1731
f 2885/2906/1409 2886/2907/1409 2884/2905/1409 2883/2904/1650
f 2886/2907/1409 2653/2672/1409 2651/2670/1409 2884/2905/1409
f 2887/2908/953 2888/2909/1732 2886/2907/1409 2885/2906/1409
f 2888/2909/1732 2655/2674/1409 2653/2672/1409 2886/2907/1409
f 2889/2910/1213 2890/2911/1213 2888/2909/1732 2887/2908/953
f 2890/2911/1213 2657/2676/1213 2655/2674/1409 2888/2909/1732
f 2891/2912/1732 2892/2913/1213 2890/2911/1213 2889/2910/1213
f 2892/2913/1213 2659/2678/1213 2657/2676/1213 2890/2911/1213
f 2893/2914/1412 2894/2915/1217 2892/2913/1213 2891/2912/1732
f 2894/2915/1217 2661/2680/1217 2659/2678/1213 2892/2913/1213
f 2670/2689/1412 2668/2687/1412 2894/2915/1217 2893/2914/1412
f 2891/2912/1732 2896/2916/1412 2895/2917/1412 2893/2914/1412
f 2896/2916/1412 2898/2918/1733 2897/2919/1545 2895/2917/1412
f 2898/2918/1733 2900/2920/1652 2899/2921/1260 2897/2919/1545
f 2900/2920/1652 2902/2922/763 2901/2923/1734 2899/2921/1260
f 2902/2922/763 2904/2924/1735 2903/2925/1736 2901/2923/1734
f 2904/2924/1735 2906/2926/1545 2905/2927/1545 2903/2925/1736
f 2906/2926/1545 2908/2928/1213 2907/2929/1217 2905/2927/1545
f 2908/2928/1213 2910/2930/1737 2909/2931/1218 2907/2929/1217
f 2910/2930/1737 2912/2932/1738 2911/2933/1739 2909/2931/1218
f 2912/2932/1738 2914/2934/1740 2913/2935/1741 2911/2933/1739
f 2914/2934/1740 2916/2936/1742 2915/2937/1743 2913/2935/1741
f 2916/2936/1742 2918/2938/1744 2917/2939/1741 2915/2937/1743
f 2918/2938/1744 2920/2940/1744 2919/2941/1745 2917/2939/1741
f 2920/2940/1744 2922/2942/1746 2921/2943/1557 2919/2941/1745
f 2922/2942/1746 2924/2944/1747 2923/2945/1748 2921/2943/1557
f 2924/2944/1747 2926/2946/1749 2925/2947/988 2923/2945/1748
f 2926/2946/1749 2928/2948/1749 2927/2949/1750 2925/2947/988
f 2928/2948/1749 2930/2950/1575 2929/2951/1751 2927/2949/1750
f 2930/2950/1575 2932/2952/1752 2931/2953/1574 2929/2951/1751
f 2932/2952/1752 2934/2954/1753 2933/2955/1754 2931/2953/1574
f 2934/2954/1753 2936/2956/1451 2935/2957/1755 2933/2955/1754
f 2936/2956/1451 2938/2958/1578 2937/2959/1574 2935/2957/1755
f 2938/2958/1578 2940/2960/1578 2939/2961/1574 2937/2959/1574
f 2940/2960/1578 2723/2742/1451 2721/2740/1668 2939/2961/1574
f 2941/2962/1578 2942/2963/1578 2940/2960/1578 2938/2958/1578
f 2942/2963/1578 2725/2744/1579 2723/2742/1451 2940/2960/1578
f 2943/2964/1756 2944/2965/1757 2942/2963/1578 2941/2962/1578
f 2944/2965/1757 2727/2746/1672 2725/2744/1579 2942/2963/1578
f 2945/2966/1674 2946/2967/1579 2944/2965/1757 2943/2964/1756
f 2946/2967/1579 2729/2748/1673 2727/2746/1672 2944/2965/1757
f 2947/2968/1582 2948/2969/1428 2946/2967/1579 2945/2966/1674
f 2948/2969/1428 2731/2750/1674 2729/2748/1673 2946/2967/1579
f 2948/2969/1428 2947/2968/1582 2949/2970/1306 2950/2971/1582
f 2731/2750/1674 2948/2969/1428 2950/2971/1582 2733/2752/1306
f 2950/2971/1582 2949/2970/1306 2951/2972/1308 2952/2973/1583
f 2733/2752/1306 2950/2971/1582 2952/2973/1583 2735/2754/1308
f 2952/2973/1583 2951/2972/1308 2953/2974/1678 2954/2975/1585
f 2735/2754/1308 2952/2973/1583 2954/2975/1585 2737/2756/1308
f 2954/2975/1585 2953/2974/1678 2955/2976/1677 2956/2977/1758
f 2737/2756/1308 2954/2975/1585 2956/2977/1758 2739/2758/1676
f 2957/2978/1676 2958/2979/1589 2956/2977/1758 2955/2976/1677
f 2958/2979/1589 2741/2760/1678 2739/2758/1676 2956/2977/1758
f 2959/2980/1679 2960/2981/1589 2958/2979/1589 2957/2978/1676
f 2960/2981/1589 2743/2762/1679 2741/2760/1678 2958/2979/1589
f 2961/2982/1759 2962/2983/1588 2960/2981/1589 2959/2980/1679
f 2962/2983/1588 2745/2764/1680 2743/2762/1679 2960/2981/1589
f 2963/2984/1680 2964/2985/1588 2962/2983/1588 2961/2982/1759
f 2964/2985/1588 2747/2766/1681 2745/2764/1680 2962/2983/1588
f 2965/2986/1681 2966/2987/1593 2964/2985/1588 2963/2984/1680
f 2966/2987/1593 2749/2768/1681 2747/2766/1681 2964/2985/1588
f 2967/2988/1760 2968/2989/1684 2966/2987/1593 2965/2986/1681
f 2968/2989/1684 2751/2770/1683 2749/2768/1681 2966/2987/1593
f 2969/2990/1685 2970/2991/1761 2968/2989/1684 2967/2988/1760
f 2970/2991/1761 2753/2772/1685 2751/2770/1683 2968/2989/1684
f 2971/2992/1687 2972/2993/1762 2970/2991/1761 2969/2990/1685
f 2972/2993/1762 2755/2774/1687 2753/2772/1685 2970/2991/1761
f 2973/2994/1687 2974/2995/1599 2972/2993/1762 2971/2992/1687
f 2974/2995/1599 2757/2776/1601 2755/2774/1687 2972/2993/1762
f 2975/2996/1689 2976/2997/1601 2974/2995/1599 2973/2994/1687
f 2976/2997/1601 2759/2778/1689 2757/2776/1601 2974/2995/1599
f 2977/2998/1601 2978/2999/1601 2976/2997/1601 2975/2996/1689
f 2978/2999/1601 2761/2780/1690 2759/2778/1689 2976/2997/1601
f 2979/3000/1693 2980/3001/1602 2978/2999/1601 2977/2998/1601
f 2980/3001/1602 2763/2782/1691 2761/2780/1690 2978/2999/1601
f 2981/3002/1692 2982/3003/1605 2980/3001/1602 2979/3000/1693
f 2982/3003/1605 2765/2784/1692 2763/2782/1691 2980/3001/1602
f 2983/3004/1763 2984/3005/1607 2982/3003/1605 2981/3002/1692
f 2984/3005/1607 2767/2786/1693 2765/2784/1692 2982/3003/1605
f 2985/3006/1339 2986/3007/1608 2984/3005/1607 2983/3004/1763
f 2986/3007/1608 2769/2788/1689 2767/2786/1693 2984/3005/1607
f 2987/3008/1695 2988/3009/1764 2986/3007/1608 2985/3006/1339
f 2988/3009/1764 2771/2790/1696 2769/2788/1689 2986/3007/1608
f 2989/3010/1696 2990/3011/1611 2988/3009/1764 2987/3008/1695
f 2990/3011/1611 2773/2792/1697 2771/2790/1696 2988/3009/1764
f 2991/3012/1765 2992/3013/1766 2990/3011/1611 2989/3010/1696
f 2992/3013/1766 2775/2794/1698 2773/2792/1697 2990/3011/1611
f 2993/3014/1699 2994/3015/1613 2992/3013/1766 2991/3012/1765
f 2994/3015/1613 2777/2796/1699 2775/2794/1698 2992/3013/1766
f 2995/3016/1699 2996/3017/1613 2994/3015/1613 2993/3014/1699
f 2996/3017/1613 2779/2798/1699 2777/2796/1699 2994/3015/1613
f 2788/2809/1705 2786/2807/1616 2996/3017/1613 2995/3016/1699
f 2997/3018/1614 2995/3016/1699 2993/3014/1699 2998/3019/1767
f 2999/3020/1614 2997/3018/1614 2998/3019/1767 3000/3021/1768
f 3001/3022/1769 2999/3020/1614 3000/3021/1768 3002/3023/1770
f 3003/3024/1614 3001/3022/1769 3002/3023/1770 3004/3025/1771
f 3005/3026/1772 3003/3024/1614 3004/3025/1771 3006/3027/1773
f 3007/3028/1774 3005/3026/1772 3006/3027/1773 3008/3029/1775
f 3009/3030/1704 3007/3028/1774 3008/3029/1775 3010/3031/1773
f 3011/3032/1776 3009/3030/1704 3010/3031/1773 3012/3033/1777
f 3013/3034/1778 3011/3032/1776 3012/3033/1777 3014/3035/1779
f 3015/3036/1778 3013/3034/1778 3014/3035/1779 3016/3037/1780
f 3017/3038/1776 3015/3036/1778 3016/3037/1780 3018/3039/1781
f 3019/3040/1782 3017/3038/1776 3018/3039/1781 3020/3041/1783
f 3021/3042/1784 3019/3040/1782 3020/3041/1783 3022/3043/1785
f 3023/3044/1786 3021/3042/1784 3022/3043/1785 3024/3045/1787
f 3025/3046/1122 3023/3044/1786 3024/3045/1787 3026/3047/1646
f 3027/3048/1642 3025/3046/1122 3026/3047/1646 3028/3049/1641
f 3029/3050/1788 3027/3048/1642 3028/3049/1641 3030/3051/1789
f 3031/3052/737 3029/3050/1788 3030/3051/1789 3032/3053/930
f 3033/3054/1641 3031/3052/737 3032/3053/930 3034/3055/931
f 3035/3056/1641 3033/3054/1641 3034/3055/931 3036/3057/1790
f 3037/3058/1393 3035/3056/1641 3036/3057/1790 3038/3059/1122
f 2835/2856/1722 3037/3058/1393 3038/3059/1122 2837/2858/1122
f 3038/3059/1122 3036/3057/1790 3039/3060/1531 3040/3061/1531
f 2837/2858/1122 3038/3059/1122 3040/3061/1531 2839/2860/1523
f 3040/3061/1531 3039/3060/1531 3041/3062/1396 3042/3063/1396
f 2839/2860/1523 3040/3061/1531 3042/3063/1396 2841/2862/1396
f 3042/3063/1396 3041/3062/1396 3043/3064/1791 3044/3065/1723
f 2841/2862/1396 3042/3063/1396 3044/3065/1723 2843/2864/1723
f 3044/3065/1723 3043/3064/1791 3045/3066/930 3046/3067/932
f 2843/2864/1723 3044/3065/1723 3046/3067/932 2845/2866/1081
f 3046/3067/932 3045/3066/930 3047/3068/1523 3048/3069/1725
f 2845/2866/1081 3046/3067/932 3048/3069/1725 2847/2868/1523
f 3048/3069/1725 3047/3068/1523 3049/3070/1734 3050/3071/1725
f 2847/2868/1523 3048/3069/1725 3050/3071/1725 2849/2870/1725
f 3050/3071/1725 3049/3070/1734 3051/3072/1792 3052/3073/1793
f 2849/2870/1725 3050/3071/1725 3052/3073/1793 2851/2872/1726
f 3052/3073/1793 3051/3072/1792 3053/3074/1400 3054/3075/1400
f 2851/2872/1726 3052/3073/1793 3054/3075/1400 2853/2874/1400
f 3054/3075/1400 3053/3074/1400 3055/3076/1728 3056/3077/1536
f 2853/2874/1400 3054/3075/1400 3056/3077/1536 2855/2876/1536
f 3056/3077/1536 3055/3076/1728 3057/3078/1794 3058/3079/1156
f 2855/2876/1536 3056/3077/1536 3058/3079/1156 2857/2878/1536
f 3058/3079/1156 3057/3078/1794 3059/3080/1795 3060/3081/1175
f 2857/2878/1536 3058/3079/1156 3060/3081/1175 2859/2880/1728
f 3060/3081/1175 3059/3080/1795 3061/3082/1795 3062/3083/1175
f 2859/2880/1728 3060/3081/1175 3062/3083/1175 2861/2882/1175
f 3062/3083/1175 3061/3082/1795 3063/3084/1175 3064/3085/1175
f 2861/2882/1175 3062/3083/1175 3064/3085/1175 2863/2884/1175
f 3064/3085/1175 3063/3084/1175 3065/3086/1795 3066/3087/1175
f 2863/2884/1175 3064/3085/1175 3066/3087/1175 2865/2886/1175
f 3066/3087/1175 3065/3086/1795 3067/3088/1796 3068/3089/1175
f 2865/2886/1175 3066/3087/1175 3068/3089/1175 2867/2888/1538
f 3068/3089/1175 3067/3088/1796 3069/3090/1797 3070/3091/1179
f 2867/2888/1538 3068/3089/1175 3070/3091/1179 2869/2890/1179
f 3070/3091/1179 3069/3090/1797 3071/3092/1798 3072/3093/1798
f 2869/2890/1179 3070/3091/1179 3072/3093/1798 2871/2892/1538
f 3073/3094/1405 3074/3095/1405 3072/3093/1798 3071/3092/1798
f 3074/3095/1405 2873/2894/1405 2871/2892/1538 3072/3093/1798
f 3075/3096/1199 3076/3097/1540 3074/3095/1405 3073/3094/1405
f 3076/3097/1540 2875/2896/1649 2873/2894/1405 3074/3095/1405
f 3077/3098/1729 3078/3099/932 3076/3097/1540 3075/3096/1199
f 3078/3099/932 2877/2898/1729 2875/2896/1649 3076/3097/1540
f 3079/3100/1546 3080/3101/763 3078/3099/932 3077/3098/1729
f 3080/3101/763 2879/2900/1546 2877/2898/1729 3078/3099/932
f 3081/3102/763 3082/3103/932 3080/3101/763 3079/3100/1546
f 3082/3103/932 2881/2902/374 2879/2900/1546 3080/3101/763
f 3083/3104/1799 3084/3105/1731 3082/3103/932 3081/3102/763
f 3084/3105/1731 2883/2904/1650 2881/2902/374 3082/3103/932
f 3085/3106/1409 3086/3107/1409 3084/3105/1731 3083/3104/1799
f 3086/3107/1409 2885/2906/1409 2883/2904/1650 3084/3105/1731
f 3087/3108/1800 3088/3109/947 3086/3107/1409 3085/3106/1409
f 3088/3109/947 2887/2908/953 2885/2906/1409 3086/3107/1409
f 3089/3110/1733 3090/3111/1213 3088/3109/947 3087/3108/1800
f 3090/3111/1213 2889/2910/1213 2887/2908/953 3088/3109/947
f 2898/2918/1733 2896/2916/1412 3090/3111/1213 3089/3110/1733
f 3087/3108/1800 3092/3112/1734 3091/3113/374 3089/3110/1733
f 3092/3112/1734 3094/3114/763 3093/3115/372 3091/3113/374
f 3094/3114/763 3096/3116/1801 3095/3117/1802 3093/3115/372
f 3096/3116/1801 3098/3118/947 3097/3119/375 3095/3117/1802
f 3098/3118/947 3100/3120/1409 3099/3121/953 3097/3119/375
f 3100/3120/1409 3102/3122/1803 3101/3123/1803 3099/3121/953
f 3102/3122/1803 3104/3124/1804 3103/3125/1805 3101/3123/1803
f 3104/3124/1804 3106/3126/1806 3105/3127/1807 3103/3125/1805
f 3106/3126/1806 3108/3128/1557 3107/3129/1807 3105/3127/1807
f 3108/3128/1557 3110/3130/1808 3109/3131/1809 3107/3129/1807
f 3110/3130/1808 3112/3132/1808 3111/3133/1808 3109/3131/1809
f 3112/3132/1808 3114/3134/1810 3113/3135/1811 3111/3133/1808
f 3114/3134/1810 3116/3136/1428 3115/3137/1575 3113/3135/1811
f 3116/3136/1428 3118/3138/995 3117/3139/1812 3115/3137/1575
f 3118/3138/995 3120/3140/1811 3119/3141/1577 3117/3139/1812
f 3120/3140/1811 3122/3142/1811 3121/3143/1811 3119/3141/1577
f 3122/3142/1811 3124/3144/995 3123/3145/1577 3121/3143/1811
f 3124/3144/995 3126/3146/1577 3125/3147/1811 3123/3145/1577
f 3126/3146/1577 3128/3148/1672 3127/3149/1451 3125/3147/1811
f 3128/3148/1672 2943/2964/1756 2941/2962/1578 3127/3149/1451
f 3129/3150/1580 3130/3151/1672 3128/3148/1672 3126/3146/1577
f 3130/3151/1672 2945/2966/1674 2943/2964/1756 3128/3148/1672
f 3131/3152/1580 3132/3153/1813 3130/3151/1672 3129/3150/1580
f 3132/3153/1813 2947/2968/1582 2945/2966/1674 3130/3151/1672
f 3133/3154/1814 3134/3155/1815 3132/3153/1813 3131/3152/1580
f 3134/3155/1815 2949/2970/1306 2947/2968/1582 3132/3153/1813
f 3135/3156/1816 3136/3157/1583 3134/3155/1815 3133/3154/1814
f 2949/2970/1306 3134/3155/1815 3136/3157/1583 2951/2972/1308
f 3137/3158/1817 3138/3159/1308 3136/3157/1583 3135/3156/1816
f 2951/2972/1308 3136/3157/1583 3138/3159/1308 2953/2974/1678
f 3139/3160/1586 3140/3161/1586 3138/3159/1308 3137/3158/1817
f 3140/3161/1586 2955/2976/1677 2953/2974/1678 3138/3159/1308
f 3141/3162/1586 3142/3163/1679 3140/3161/1586 3139/3160/1586
f 3142/3163/1679 2957/2978/1676 2955/2976/1677 3140/3161/1586
f 3143/3164/1818 3144/3165/1591 3142/3163/1679 3141/3162/1586
f 3144/3165/1591 2959/2980/1679 2957/2978/1676 3142/3163/1679
f 3145/3166/1819 3146/3167/1819 3144/3165/1591 3143/3164/1818
f 3146/3167/1819 2961/2982/1759 2959/2980/1679 3144/3165/1591
f 3147/3168/1592 3148/3169/1592 3146/3167/1819 3145/3166/1819
f 3148/3169/1592 2963/2984/1680 2961/2982/1759 3146/3167/1819
f 3149/3170/1820 3150/3171/1821 3148/3169/1592 3147/3168/1592
f 3150/3171/1821 2965/2986/1681 2963/2984/1680 3148/3169/1592
f 3151/3172/1595 3152/3173/1683 3150/3171/1821 3149/3170/1820
f 3152/3173/1683 2967/2988/1760 2965/2986/1681 3150/3171/1821
f 3153/3174/1822 3154/3175/1823 3152/3173/1683 3151/3172/1595
f 3154/3175/1823 2969/2990/1685 2967/2988/1760 3152/3173/1683
f 3155/3176/1598 3156/3177/1687 3154/3175/1823 3153/3174/1822
f 3156/3177/1687 2971/2992/1687 2969/2990/1685 3154/3175/1823
f 3157/3178/1824 3158/3179/1825 3156/3177/1687 3155/3176/1598
f 3158/3179/1825 2973/2994/1687 2971/2992/1687 3156/3177/1687
f 3159/3180/1826 3160/3181/1689 3158/3179/1825 3157/3178/1824
f 3160/3181/1689 2975/2996/1689 2973/2994/1687 3158/3179/1825
f 3161/3182/1756 3162/3183/1689 3160/3181/1689 3159/3180/1826
f 3162/3183/1689 2977/2998/1601 2975/2996/1689 3160/3181/1689
f 3163/3184/1602 3164/3185/1693 3162/3183/1689 3161/3182/1756
f 3164/3185/1693 2979/3000/1693 2977/2998/1601 3162/3183/1689
f 3165/3186/1827 3166/3187/1692 3164/3185/1693 3163/3184/1602
f 3166/3187/1692 2981/3002/1692 2979/3000/1693 3164/3185/1693
f 3167/3188/1828 3168/3189/1607 3166/3187/1692 3165/3186/1827
f 3168/3189/1607 2983/3004/1763 2981/3002/1692 3166/3187/1692
f 3169/3190/1829 3170/3191/1695 3168/3189/1607 3167/3188/1828
f 3170/3191/1695 2985/3006/1339 2983/3004/1763 3168/3189/1607
f 3171/3192/1609 3172/3193/1609 3170/3191/1695 3169/3190/1829
f 3172/3193/1609 2987/3008/1695 2985/3006/1339 3170/3191/1695
f 3173/3194/1609 3174/3195/1698 3172/3193/1609 3171/3192/1609
f 3174/3195/1698 2989/3010/1696 2987/3008/1695 3172/3193/1609
f 3175/3196/1773 3176/3197/1773 3174/3195/1698 3173/3194/1609
f 3176/3197/1773 2991/3012/1765 2989/3010/1696 3174/3195/1698
f 3000/3021/1768 2998/3019/1767 3176/3197/1773 3175/3196/1773
f 3177/3198/1830 3175/3196/1773 3173/3194/1609 3178/3199/1770
f 3179/3200/1831 3177/3198/1830 3178/3199/1770 3180/3201/1609
f 3181/3202/1830 3179/3200/1831 3180/3201/1609 3182/3203/1609
f 3183/3204/924 3181/3202/1830 3182/3203/1609 3184/3205/1832
f 3185/3206/1830 3183/3204/924 3184/3205/1832 3186/3207/1609
f 3187/3208/1833 3185/3206/1830 3186/3207/1609 3188/3209/1777
f 3189/3210/1779 3187/3208/1833 3188/3209/1777 3190/3211/1777
f 3191/3212/1777 3189/3210/1779 3190/3211/1777 3192/3213/1833
f 3193/3214/1777 3191/3212/1777 3192/3213/1833 3194/3215/1777
f 3195/3216/1036 3193/3214/1777 3194/3215/1777 3196/3217/1032
f 3197/3218/1834 3195/3216/1036 3196/3217/1032 3198/3219/1834
f 3199/3220/1393 3197/3218/1834 3198/3219/1834 3200/3221/1408
f 3201/3222/1396 3199/3220/1393 3200/3221/1408 3202/3223/1396
f 3203/3224/1081 3201/3222/1396 3202/3223/1396 3204/3225/931
f 3205/3226/1835 3203/3224/1081 3204/3225/931 3206/3227/1836
f 3207/3228/737 3205/3226/1835 3206/3227/1836 3208/3229/1523
f 3209/3230/1729 3207/3228/737 3208/3229/1523 3210/3231/931
f 3039/3060/1531 3209/3230/1729 3210/3231/931 3041/3062/1396
f 3210/3231/931 3208/3229/1523 3211/3232/1729 3212/3233/931
f 3041/3062/1396 3210/3231/931 3212/3233/931 3043/3064/1791
f 3212/3233/931 3211/3232/1729 3213/3234/737 3214/3235/931
f 3043/3064/1791 3212/3233/931 3214/3235/931 3045/3066/930
f 3214/3235/931 3213/3234/737 3215/3236/1523 3216/3237/1646
f 3045/3066/930 3214/3235/931 3216/3237/1646 3047/3068/1523
f 3216/3237/1646 3215/3236/1523 3217/3238/1646 3218/3239/1523
f 3047/3068/1523 3216/3237/1646 3218/3239/1523 3049/3070/1734
f 3218/3239/1523 3217/3238/1646 3219/3240/1729 3220/3241/1729
f 3049/3070/1734 3218/3239/1523 3220/3241/1729 3051/3072/1792
f 3220/3241/1729 3219/3240/1729 3221/3242/930 3222/3243/1646
f 3051/3072/1792 3220/3241/1729 3222/3243/1646 3053/3074/1400
f 3222/3243/1646 3221/3242/930 3223/3244/1646 3224/3245/1646
f 3053/3074/1400 3222/3243/1646 3224/3245/1646 3055/3076/1728
f 3224/3245/1646 3223/3244/1646 3225/3246/1734 3226/3247/1646
f 3055/3076/1728 3224/3245/1646 3226/3247/1646 3057/3078/1794
f 3226/3247/1646 3225/3246/1734 3227/3248/1646 3228/3249/1795
f 3057/3078/1794 3226/3247/1646 3228/3249/1795 3059/3080/1795
f 3228/3249/1795 3227/3248/1646 3229/3250/1791 3230/3251/1646
f 3059/3080/1795 3228/3249/1795 3230/3251/1646 3061/3082/1795
f 3230/3251/1646 3229/3250/1791 3231/3252/1646 3232/3253/1796
f 3061/3082/1795 3230/3251/1646 3232/3253/1796 3063/3084/1175
f 3232/3253/1796 3231/3252/1646 3233/3254/1260 3234/3255/1646
f 3063/3084/1175 3232/3253/1796 3234/3255/1646 3065/3086/1795
f 3234/3255/1646 3233/3254/1260 3235/3256/1646 3236/3257/1795
f 3065/3086/1795 3234/3255/1646 3236/3257/1795 3067/3088/1796
f 3236/3257/1795 3235/3256/1646 3237/3258/1729 3238/3259/1646
f 3067/3088/1796 3236/3257/1795 3238/3259/1646 3069/3090/1797
f 3239/3260/1646 3240/3261/1546 3238/3259/1646 3237/3258/1729
f 3240/3261/1546 3071/3092/1798 3069/3090/1797 3238/3259/1646
f 3241/3262/763 3242/3263/1646 3240/3261/1546 3239/3260/1646
f 3242/3263/1646 3073/3094/1405 3071/3092/1798 3240/3261/1546
f 3243/3264/1734 3244/3265/1546 3242/3263/1646 3241/3262/763
f 3244/3265/1546 3075/3096/1199 3073/3094/1405 3242/3263/1646
f 3245/3266/1646 3246/3267/1646 3244/3265/1546 3243/3264/1734
f 3246/3267/1646 3077/3098/1729 3075/3096/1199 3244/3265/1546
f 3247/3268/1546 3248/3269/947 3246/3267/1646 3245/3266/1646
f 3248/3269/947 3079/3100/1546 3077/3098/1729 3246/3267/1646
f 3249/3270/947 3250/3271/1260 3248/3269/947 3247/3268/1546
f 3250/3271/1260 3081/3102/763 3079/3100/1546 3248/3269/947
f 3251/3272/1734 3252/3273/1546 3250/3271/1260 3249/3270/947
f 3252/3273/1546 3083/3104/1799 3081/3102/763 3250/3271/1260
f 3253/3274/1734 3254/3275/947 3252/3273/1546 3251/3272/1734
f 3254/3275/947 3085/3106/1409 3083/3104/1799 3252/3273/1546
f 3094/3114/763 3092/3112/1734 3254/3275/947 3253/3274/1734
f 3251/3272/1734 3256/3276/1837 3255/3277/1838 3253/3274/1734
f 3256/3276/1837 3258/3278/1546 3257/3279/1546 3255/3277/1838
f 3258/3278/1546 3260/3280/1210 3259/3281/1409 3257/3279/1546
f 3260/3280/1210 3262/3282/1839 3261/3283/1840 3259/3281/1409
f 3262/3282/1839 3264/3284/1841 3263/3285/1804 3261/3283/1840
f 3264/3284/1841 3266/3286/1000 3265/3287/1842 3263/3285/1804
f 3266/3286/1000 3268/3288/1843 3267/3289/1808 3265/3287/1842
f 3268/3288/1843 3270/3290/1844 3269/3291/1808 3267/3289/1808
f 3270/3290/1844 3272/3292/1844 3271/3293/1810 3269/3291/1808
f 3272/3292/1844 3274/3294/1845 3273/3295/1808 3271/3293/1810
f 3274/3294/1845 3276/3296/1846 3275/3297/1580 3273/3295/1808
f 3276/3296/1846 3278/3298/1847 3277/3299/995 3275/3297/1580
f 3278/3298/1847 3280/3300/1580 3279/3301/1577 3277/3299/995
f 3280/3300/1580 3282/3302/1847 3281/3303/1580 3279/3301/1577
f 3282/3302/1847 3284/3304/1848 3283/3305/1580 3281/3303/1580
f 3284/3304/1848 3131/3152/1580 3129/3150/1580 3283/3305/1580
f 3285/3306/1814 3286/3307/1814 3284/3304/1848 3282/3302/1847
f 3286/3307/1814 3133/3154/1814 3131/3152/1580 3284/3304/1848
f 3287/3308/1849 3288/3309/1849 3286/3307/1814 3285/3306/1814
f 3288/3309/1849 3135/3156/1816 3133/3154/1814 3286/3307/1814
f 3289/3310/1850 3290/3311/1000 3288/3309/1849 3287/3308/1849
f 3290/3311/1000 3137/3158/1817 3135/3156/1816 3288/3309/1849
f 3291/3312/1586 3292/3313/1850 3290/3311/1000 3289/3310/1850
f 3292/3313/1850 3139/3160/1586 3137/3158/1817 3290/3311/1000
f 3293/3314/1586 3294/3315/1006 3292/3313/1850 3291/3312/1586
f 3294/3315/1006 3141/3162/1586 3139/3160/1586 3292/3313/1850
f 3295/3316/1851 3296/3317/1818 3294/3315/1006 3293/3314/1586
f 3296/3317/1818 3143/3164/1818 3141/3162/1586 3294/3315/1006
f 3297/3318/1591 3298/3319/1006 3296/3317/1818 3295/3316/1851
f 3298/3319/1006 3145/3166/1819 3143/3164/1818 3296/3317/1818
f 3299/3320/1592 3300/3321/1592 3298/3319/1006 3297/3318/1591
f 3300/3321/1592 3147/3168/1592 3145/3166/1819 3298/3319/1006
f 3301/3322/1594 3302/3323/1594 3300/3321/1592 3299/3320/1592
f 3302/3323/1594 3149/3170/1820 3147/3168/1592 3300/3321/1592
f 3303/3324/1595 3304/3325/1015 3302/3323/1594 3301/3322/1594
f 3304/3325/1015 3151/3172/1595 3149/3170/1820 3302/3323/1594
f 3305/3326/1597 3306/3327/1597 3304/3325/1015 3303/3324/1595
f 3306/3327/1597 3153/3174/1822 3151/3172/1595 3304/3325/1015
f 3307/3328/1598 3308/3329/1852 3306/3327/1597 3305/3326/1597
f 3308/3329/1852 3155/3176/1598 3153/3174/1822 3306/3327/1597
f 3309/3330/1598 3310/3331/1826 3308/3329/1852 3307/3328/1598
f 3310/3331/1826 3157/3178/1824 3155/3176/1598 3308/3329/1852
f 3311/3332/1853 3312/3333/1024 3310/3331/1826 3309/3330/1598
f 3312/3333/1024 3159/3180/1826 3157/3178/1824 3310/3331/1826
f 3313/3334/1602 3314/3335/1602 3312/3333/1024 3311/3332/1853
f 3314/3335/1602 3161/3182/1756 3159/3180/1826 3312/3333/1024
f 3315/3336/1854 3316/3337/1030 3314/3335/1602 3313/3334/1602
f 3316/3337/1030 3163/3184/1602 3161/3182/1756 3314/3335/1602
f 3317/3338/1827 3318/3339/1827 3316/3337/1030 3315/3336/1854
f 3318/3339/1827 3165/3186/1827 3163/3184/1602 3316/3337/1030
f 3319/3340/1855 3320/3341/1030 3318/3339/1827 3317/3338/1827
f 3320/3341/1030 3167/3188/1828 3165/3186/1827 3318/3339/1827
f 3321/3342/1829 3322/3343/1829 3320/3341/1030 3319/3340/1855
f 3322/3343/1829 3169/3190/1829 3167/3188/1828 3320/3341/1030
f 3323/3344/1829 3324/3345/1341 3322/3343/1829 3321/3342/1829
f 3324/3345/1341 3171/3192/1609 3169/3190/1829 3322/3343/1829
f 3180/3201/1609 3178/3199/1770 3324/3345/1341 3323/3344/1829
f 3325/3346/1341 3323/3344/1829 3321/3342/1829 3326/3347/1341
f 3327/3348/1341 3325/3346/1341 3326/3347/1341 3328/3349/1030
f 3329/3350/1856 3327/3348/1341 3328/3349/1030 3330/3351/1855
f 3331/3352/1857 3329/3350/1856 3330/3351/1855 3332/3353/1857
f 3333/3354/1857 3331/3352/1857 3332/3353/1857 3334/3355/1858
f 3335/3356/1015 3333/3354/1857 3334/3355/1858 3336/3357/1858
f 3337/3358/1857 3335/3356/1015 3336/3357/1858 3338/3359/1857
f 3339/3360/1032 3337/3358/1857 3338/3359/1857 3340/3361/1859
f 3341/3362/1860 3339/3360/1032 3340/3361/1859 3342/3363/1860
f 3343/3364/1861 3341/3362/1860 3342/3363/1860 3344/3365/1862
f 3345/3366/1863 3343/3364/1861 3344/3365/1862 3346/3367/1531
f 3347/3368/930 3345/3366/1863 3346/3367/1531 3348/3369/931
f 3349/3370/1864 3347/3368/930 3348/3369/931 3350/3371/1865
f 3211/3232/1729 3349/3370/1864 3350/3371/1865 3213/3234/737
f 3350/3371/1865 3348/3369/931 3351/3372/1791 3352/3373/1866
f 3213/3234/737 3350/3371/1865 3352/3373/1866 3215/3236/1523
f 3352/3373/1866 3351/3372/1791 3353/3374/1725 3354/3375/1867
f 3215/3236/1523 3352/3373/1866 3354/3375/1867 3217/3238/1646
f 3354/3375/1867 3353/3374/1725 3355/3376/1523 3356/3377/1868
f 3217/3238/1646 3354/3375/1867 3356/3377/1868 3219/3240/1729
f 3356/3377/1868 3355/3376/1523 3357/3378/1523 3358/3379/1869
f 3219/3240/1729 3356/3377/1868 3358/3379/1869 3221/3242/930
f 3358/3379/1869 3357/3378/1523 3359/3380/1546 3360/3381/1870
f 3221/3242/930 3358/3379/1869 3360/3381/1870 3223/3244/1646
f 3360/3381/1870 3359/3380/1546 3361/3382/1794 3362/3383/1871
f 3223/3244/1646 3360/3381/1870 3362/3383/1871 3225/3246/1734
f 3362/3383/1871 3361/3382/1794 3363/3384/1795 3364/3385/1646
f 3225/3246/1734 3362/3383/1871 3364/3385/1646 3227/3248/1646
f 3364/3385/1646 3363/3384/1795 3365/3386/1795 3366/3387/1872
f 3227/3248/1646 3364/3385/1646 3366/3387/1872 3229/3250/1791
f 3366/3387/1872 3365/3386/1795 3367/3388/1795 3368/3389/770
f 3229/3250/1791 3366/3387/1872 3368/3389/770 3231/3252/1646
f 3368/3389/770 3367/3388/1795 3369/3390/1795 3370/3391/1873
f 3231/3252/1646 3368/3389/770 3370/3391/1873 3233/3254/1260
f 3370/3391/1873 3369/3390/1795 3371/3392/1795 3372/3393/1874
f 3233/3254/1260 3370/3391/1873 3372/3393/1874 3235/3256/1646
f 3373/3394/1797 3374/3395/1875 3372/3393/1874 3371/3392/1795
f 3374/3395/1875 3237/3258/1729 3235/3256/1646 3372/3393/1874
f 3375/3396/1725 3376/3397/1876 3374/3395/1875 3373/3394/1797
f 3376/3397/1876 3239/3260/1646 3237/3258/1729 3374/3395/1875
f 3377/3398/1546 3378/3399/1877 3376/3397/1876 3375/3396/1725
f 3378/3399/1877 3241/3262/763 3239/3260/1646 3376/3397/1876
f 3379/3400/1646 3380/3401/1878 3378/3399/1877 3377/3398/1546
f 3380/3401/1878 3243/3264/1734 3241/3262/763 3378/3399/1877
f 3381/3402/1879 3382/3403/1880 3380/3401/1878 3379/3400/1646
f 3382/3403/1880 3245/3266/1646 3243/3264/1734 3380/3401/1878
f 3383/3404/1546 3384/3405/1881 3382/3403/1880 3381/3402/1879
f 3384/3405/1881 3247/3268/1546 3245/3266/1646 3382/3403/1880
f 3385/3406/1546 3386/3407/1882 3384/3405/1881 3383/3404/1546
f 3386/3407/1882 3249/3270/947 3247/3268/1546 3384/3405/1881
f 3258/3278/1546 3256/3276/1837 3386/3407/1882 3385/3406/1546
f 3383/3404/1546 3388/3408/1883 3387/3409/953 3385/3406/1546
f 3388/3408/1883 3390/3410/1884 3389/3411/1536 3387/3409/953
f 3390/3410/1884 3392/3412/1885 3391/3413/1886 3389/3411/1536
f 3392/3412/1885 3394/3414/1000 3393/3415/1887 3391/3413/1886
f 3394/3414/1000 3396/3416/770 3395/3417/1844 3393/3415/1887
f 3396/3416/770 3398/3418/1845 3397/3419/1888 3395/3417/1844
f 3398/3418/1845 3400/3420/1845 3399/3421/1844 3397/3419/1888
f 3400/3420/1845 3402/3422/1844 3401/3423/1844 3399/3421/1844
f 3402/3422/1844 3404/3424/1889 3403/3425/1849 3401/3423/1844
f 3404/3424/1889 3406/3426/1000 3405/3427/1000 3403/3425/1849
f 3406/3426/1000 3408/3428/1846 3407/3429/1849 3405/3427/1000
f 3408/3428/1846 3287/3308/1849 3285/3306/1814 3407/3429/1849
f 3409/3430/1000 3410/3431/1850 3408/3428/1846 3406/3426/1000
f 3410/3431/1850 3289/3310/1850 3287/3308/1849 3408/3428/1846
f 3411/3432/1817 3412/3433/1850 3410/3431/1850 3409/3430/1000
f 3412/3433/1850 3291/3312/1586 3289/3310/1850 3410/3431/1850
f 3413/3434/1586 3414/3435/1586 3412/3433/1850 3411/3432/1817
f 3414/3435/1586 3293/3314/1586 3291/3312/1586 3412/3433/1850
f 3415/3436/1684 3416/3437/1684 3414/3435/1586 3413/3434/1586
f 3416/3437/1684 3295/3316/1851 3293/3314/1586 3414/3435/1586
f 3417/3438/1006 3418/3439/1818 3416/3437/1684 3415/3436/1684
f 3418/3439/1818 3297/3318/1591 3295/3316/1851 3416/3437/1684
f 3419/3440/1890 3420/3441/1891 3418/3439/1818 3417/3438/1006
f 3420/3441/1891 3299/3320/1592 3297/3318/1591 3418/3439/1818
f 3421/3442/1842 3422/3443/1892 3420/3441/1891 3419/3440/1890
f 3422/3443/1892 3301/3322/1594 3299/3320/1592 3420/3441/1891
f 3423/3444/1752 3424/3445/1595 3422/3443/1892 3421/3442/1842
f 3424/3445/1595 3303/3324/1595 3301/3322/1594 3422/3443/1892
f 3425/3446/1893 3426/3447/1894 3424/3445/1595 3423/3444/1752
f 3426/3447/1894 3305/3326/1597 3303/3324/1595 3424/3445/1595
f 3427/3448/1895 3428/3449/1595 3426/3447/1894 3425/3446/1893
f 3428/3449/1595 3307/3328/1598 3305/3326/1597 3426/3447/1894
f 3429/3450/1024 3430/3451/1826 3428/3449/1595 3427/3448/1895
f 3430/3451/1826 3309/3330/1598 3307/3328/1598 3428/3449/1595
f 3431/3452/1024 3432/3453/1600 3430/3451/1826 3429/3450/1024
f 3432/3453/1600 3311/3332/1853 3309/3330/1598 3430/3451/1826
f 3433/3454/1024 3434/3455/1602 3432/3453/1600 3431/3452/1024
f 3434/3455/1602 3313/3334/1602 3311/3332/1853 3432/3453/1600
f 3435/3456/1827 3436/3457/1854 3434/3455/1602 3433/3454/1024
f 3436/3457/1854 3315/3336/1854 3313/3334/1602 3434/3455/1602
f 3437/3458/1896 3438/3459/1827 3436/3457/1854 3435/3456/1827
f 3438/3459/1827 3317/3338/1827 3315/3336/1854 3436/3457/1854
f 3439/3460/1030 3440/3461/1855 3438/3459/1827 3437/3458/1896
f 3440/3461/1855 3319/3340/1855 3317/3338/1827 3438/3459/1827
f 3328/3349/1030 3326/3347/1341 3440/3461/1855 3439/3460/1030
f 3441/3462/1856 3439/3460/1030 3437/3458/1896 3442/3463/1855
f 3443/3464/1857 3441/3462/1856 3442/3463/1855 3444/3465/1855
f 3445/3466/1897 3443/3464/1857 3444/3465/1855 3446/3467/1858
f 3447/3468/1859 3445/3466/1897 3446/3467/1858 3448/3469/1709
f 3449/3470/1857 3447/3468/1859 3448/3469/1709 3450/3471/1858
f 3451/3472/1715 3449/3470/1857 3450/3471/1858 3452/3473/1898
f 3453/3474/1860 3451/3472/1715 3452/3473/1898 3454/3475/1899
f 3454/3475/1899 3456/3476/1862 3455/3477/1861 3453/3474/1860
f 3457/3478/1536 3455/3477/1861 3456/3476/1862 3458/3479/1536
f 3351/3372/1791 3457/3478/1536 3458/3479/1536 3353/3374/1725
f 3458/3479/1536 3456/3476/1862 3459/3480/1900 3460/3481/1536
f 3353/3374/1725 3458/3479/1536 3460/3481/1536 3355/3376/1523
f 3460/3481/1536 3459/3480/1900 3461/3482/1901 3462/3483/1400
f 3355/3376/1523 3460/3481/1536 3462/3483/1400 3357/3378/1523
f 3462/3483/1400 3461/3482/1901 3463/3484/1902 3464/3485/1400
f 3357/3378/1523 3462/3483/1400 3464/3485/1400 3359/3380/1546
f 3464/3485/1400 3463/3484/1902 3465/3486/1902 3466/3487/1536
f 3359/3380/1546 3464/3485/1400 3466/3487/1536 3361/3382/1794
f 3466/3487/1536 3465/3486/1902 3467/3488/1903 3468/3489/1156
f 3361/3382/1794 3466/3487/1536 3468/3489/1156 3363/3384/1795
f 3468/3489/1156 3467/3488/1903 3469/3490/1161 3470/3491/1904
f 3363/3384/1795 3468/3489/1156 3470/3491/1904 3365/3386/1795
f 3470/3491/1904 3469/3490/1161 3471/3492/1168 3472/3493/1795
f 3365/3386/1795 3470/3491/1904 3472/3493/1795 3367/3388/1795
f 3472/3493/1795 3471/3492/1168 3473/3494/1176 3474/3495/947
f 3367/3388/1795 3472/3493/1795 3474/3495/947 3369/3390/1795
f 3475/3496/1905 3476/3497/1179 3474/3495/947 3473/3494/1176
f 3476/3497/1179 3371/3392/1795 3369/3390/1795 3474/3495/947
f 3477/3498/1906 3478/3499/1538 3476/3497/1179 3475/3496/1905
f 3478/3499/1538 3373/3394/1797 3371/3392/1795 3476/3497/1179
f 3479/3500/1906 3480/3501/1405 3478/3499/1538 3477/3498/1906
f 3480/3501/1405 3375/3396/1725 3373/3394/1797 3478/3499/1538
f 3481/3502/1907 3482/3503/1405 3480/3501/1405 3479/3500/1906
f 3482/3503/1405 3377/3398/1546 3375/3396/1725 3480/3501/1405
f 3483/3504/1908 3484/3505/1538 3482/3503/1405 3481/3502/1907
f 3484/3505/1538 3379/3400/1646 3377/3398/1546 3482/3503/1405
f 3485/3506/1839 3486/3507/1538 3484/3505/1538 3483/3504/1908
f 3486/3507/1538 3381/3402/1879 3379/3400/1646 3484/3505/1538
f 3390/3410/1884 3388/3408/1883 3486/3507/1538 3485/3506/1839
f 3483/3504/1908 3488/3508/1885 3487/3509/1885 3485/3506/1839
f 3488/3508/1885 3490/3510/1909 3489/3511/1910 3487/3509/1885
f 3490/3510/1909 3492/3512/986 3491/3513/1844 3489/3511/1910
f 3492/3512/986 3494/3514/986 3493/3515/1844 3491/3513/1844
f 3494/3514/986 3496/3516/1844 3495/3517/1911 3493/3515/1844
f 3496/3516/1844 3498/3518/1844 3497/3519/1844 3495/3517/1911
f 3498/3518/1844 3500/3520/1849 3499/3521/1849 3497/3519/1844
f 3500/3520/1849 3411/3432/1817 3409/3430/1000 3499/3521/1849
f 3501/3522/1912 3502/3523/1586 3500/3520/1849 3498/3518/1844
f 3502/3523/1586 3413/3434/1586 3411/3432/1817 3500/3520/1849
f 3503/3524/1913 3504/3525/1818 3502/3523/1586 3501/3522/1912
f 3504/3525/1818 3415/3436/1684 3413/3434/1586 3502/3523/1586
f 3505/3526/1914 3506/3527/1591 3504/3525/1818 3503/3524/1913
f 3506/3527/1591 3417/3438/1006 3415/3436/1684 3504/3525/1818
f 3507/3528/1915 3508/3529/1916 3506/3527/1591 3505/3526/1914
f 3508/3529/1916 3419/3440/1890 3417/3438/1006 3506/3527/1591
f 3509/3530/1917 3510/3531/1918 3508/3529/1916 3507/3528/1915
f 3510/3531/1918 3421/3442/1842 3419/3440/1890 3508/3529/1916
f 3511/3532/1919 3512/3533/1920 3510/3531/1918 3509/3530/1917
f 3512/3533/1920 3423/3444/1752 3421/3442/1842 3510/3531/1918
f 3513/3534/1921 3514/3535/1597 3512/3533/1920 3511/3532/1919
f 3514/3535/1597 3425/3446/1893 3423/3444/1752 3512/3533/1920
f 3515/3536/1922 3516/3537/1923 3514/3535/1597 3513/3534/1921
f 3516/3537/1923 3427/3448/1895 3425/3446/1893 3514/3535/1597
f 3517/3538/1600 3518/3539/1826 3516/3537/1923 3515/3536/1922
f 3518/3539/1826 3429/3450/1024 3427/3448/1895 3516/3537/1923
f 3519/3540/1924 3520/3541/1684 3518/3539/1826 3517/3538/1600
f 3520/3541/1684 3431/3452/1024 3429/3450/1024 3518/3539/1826
f 3521/3542/1925 3522/3543/1602 3520/3541/1684 3519/3540/1924
f 3522/3543/1602 3433/3454/1024 3431/3452/1024 3520/3541/1684
f 3523/3544/1857 3524/3545/1856 3522/3543/1602 3521/3542/1925
f 3524/3545/1856 3435/3456/1827 3433/3454/1024 3522/3543/1602
f 3444/3465/1855 3442/3463/1855 3524/3545/1856 3523/3544/1857
f 3525/3546/1857 3523/3544/1857 3521/3542/1925 3526/3547/1925
f 3527/3548/924 3525/3546/1857 3526/3547/1925 3528/3549/1925
f 3529/3550/1858 3527/3548/924 3528/3549/1925 3530/3551/1926
f 3531/3552/1028 3529/3550/1858 3530/3551/1926 3532/3553/1927
f 3533/3554/1899 3531/3552/1028 3532/3553/1927 3534/3555/1928
f 3534/3555/1928 3461/3482/1901 3459/3480/1900 3533/3554/1899
f 3534/3555/1928 3532/3553/1927 3535/3556/1925 3536/3557/1928
f 3536/3557/1928 3463/3484/1902 3461/3482/1901 3534/3555/1928
f 3536/3557/1928 3535/3556/1925 3537/3558/1929 3538/3559/1930
f 3538/3559/1930 3465/3486/1902 3463/3484/1902 3536/3557/1928
f 3538/3559/1930 3537/3558/1929 3539/3560/1931 3540/3561/1932
f 3540/3561/1932 3467/3488/1903 3465/3486/1902 3538/3559/1930
f 3540/3561/1932 3539/3560/1931 3541/3562/1921 3542/3563/1933
f 3542/3563/1933 3469/3490/1161 3467/3488/1903 3540/3561/1932
f 3542/3563/1933 3541/3562/1921 3543/3564/1015 3544/3565/1932
f 3544/3565/1932 3471/3492/1168 3469/3490/1161 3542/3563/1933
f 3544/3565/1932 3543/3564/1015 3545/3566/1917 3546/3567/1934
f 3471/3492/1168 3544/3565/1932 3546/3567/1934 3473/3494/1176
f 3547/3568/1935 3548/3569/1936 3546/3567/1934 3545/3566/1917
f 3473/3494/1176 3546/3567/1934 3548/3569/1936 3475/3496/1905
f 3549/3570/1937 3550/3571/1938 3548/3569/1936 3547/3568/1935
f 3475/3496/1905 3548/3569/1936 3550/3571/1938 3477/3498/1906
f 3551/3572/1939 3552/3573/1940 3550/3571/1938 3549/3570/1937
f 3477/3498/1906 3550/3571/1938 3552/3573/1940 3479/3500/1906
f 3553/3574/1002 3554/3575/1941 3552/3573/1940 3551/3572/1939
f 3479/3500/1906 3552/3573/1940 3554/3575/1941 3481/3502/1907
f 3490/3510/1909 3488/3508/1885 3554/3575/1941 3553/3574/1002
f 3551/3572/1939 3556/3576/1913 3555/3577/1913 3553/3574/1002
f 3556/3576/1913 3558/3578/1912 3557/3579/1912 3555/3577/1913
f 3558/3578/1912 3560/3580/1913 3559/3581/1913 3557/3579/1912
f 3560/3580/1913 3503/3524/1913 3501/3522/1912 3559/3581/1913
f 3561/3582/1942 3562/3583/1942 3560/3580/1913 3558/3578/1912
f 3562/3583/1942 3505/3526/1914 3503/3524/1913 3560/3580/1913
f 3563/3584/1943 3564/3585/1944 3562/3583/1942 3561/3582/1942
f 3564/3585/1944 3507/3528/1915 3505/3526/1914 3562/3583/1942
f 3565/3586/1917 3566/3587/1945 3564/3585/1944 3563/3584/1943
f 3566/3587/1945 3509/3530/1917 3507/3528/1915 3564/3585/1944
f 3567/3588/1848 3568/3589/1919 3566/3587/1945 3565/3586/1917
f 3568/3589/1919 3511/3532/1919 3509/3530/1917 3566/3587/1945
f 3569/3590/1921 3570/3591/1946 3568/3589/1919 3567/3588/1848
f 3570/3591/1946 3513/3534/1921 3511/3532/1919 3568/3589/1919
f 3571/3592/1931 3572/3593/1947 3570/3591/1946 3569/3590/1921
f 3572/3593/1947 3515/3536/1922 3513/3534/1921 3570/3591/1946
f 3573/3594/1925 3574/3595/1924 3572/3593/1947 3571/3592/1931
f 3574/3595/1924 3517/3538/1600 3515/3536/1922 3572/3593/1947
f 3575/3596/1925 3576/3597/1925 3574/3595/1924 3573/3594/1925
f 3576/3597/1925 3519/3540/1924 3517/3538/1600 3574/3595/1924
f 3528/3549/1925 3526/3547/1925 3576/3597/1925 3575/3596/1925
f 3577/3598/1925 3575/3596/1925 3573/3594/1925 3578/3599/1948
f 3535/3556/1925 3577/3598/1925 3578/3599/1948 3537/3558/1929
f 3530/3551/1926 3528/3549/1925 3575/3596/1925 3577/3598/1925
f 3578/3599/1948 3573/3594/1925 3571/3592/1931 3579/3600/1949
f 3537/3558/1929 3578/3599/1948 3579/3600/1949 3539/3560/1931
f 3579/3600/1949 3571/3592/1931 3569/3590/1921 3580/3601/1921
f 3539/3560/1931 3579/3600/1949 3580/3601/1921 3541/3562/1921
f 3580/3601/1921 3569/3590/1921 3567/3588/1848 3581/3602/1919
f 3541/3562/1921 3580/3601/1921 3581/3602/1919 3543/3564/1015
f 3565/3586/1917 3582/3603/1917 3581/3602/1919 3567/3588/1848
f 3582/3603/1917 3545/3566/1917 3543/3564/1015 3581/3602/1919
f 3563/3584/1943 3583/3604/1950 3582/3603/1917 3565/3586/1917
f 3583/3604/1950 3547/3568/1935 3545/3566/1917 3582/3603/1917
f 3561/3582/1942 3584/3605/1951 3583/3604/1950 3563/3584/1943
f 3584/3605/1951 3549/3570/1937 3547/3568/1935 3583/3604/1950
f 3558/3578/1912 3556/3576/1913 3584/3605/1951 3561/3582/1942
f 3496/3516/1844 3494/3514/986 3557/3579/1912 3559/3581/1913
f 3556/3576/1913 3551/3572/1939 3549/3570/1937 3584/3605/1951
f 3494/3514/986 3492/3512/986 3555/3577/1913 3557/3579/1912
f 3492/3512/986 3490/3510/1909 3553/3574/1002 3555/3577/1913
f 3532/3553/1927 3530/3551/1926 3577/3598/1925 3535/3556/1925
f 3454/3475/1899 3452/3473/1898 3531/3552/1028 3533/3554/1899
f 3452/3473/1898 3450/3471/1858 3529/3550/1858 3531/3552/1028
f 3450/3471/1858 3448/3469/1709 3527/3548/924 3529/3550/1858
f 3526/3547/1925 3521/3542/1925 3519/3540/1924 3576/3597/1925
f 3448/3469/1709 3446/3467/1858 3525/3546/1857 3527/3548/924
f 3446/3467/1858 3444/3465/1855 3523/3544/1857 3525/3546/1857
f 3498/3518/1844 3496/3516/1844 3559/3581/1913 3501/3522/1912
f 3404/3424/1889 3402/3422/1844 3497/3519/1844 3499/3521/1849
f 3402/3422/1844 3400/3420/1845 3495/3517/1911 3497/3519/1844
f 3400/3420/1845 3398/3418/1845 3493/3515/1844 3495/3517/1911
f 3398/3418/1845 3396/3416/770 3491/3513/1844 3493/3515/1844
f 3396/3416/770 3394/3414/1000 3489/3511/1910 3491/3513/1844
f 3481/3502/1907 3554/3575/1941 3488/3508/1885 3483/3504/1908
f 3394/3414/1000 3392/3412/1885 3487/3509/1885 3489/3511/1910
f 3485/3506/1839 3487/3509/1885 3392/3412/1885 3390/3410/1884
f 3456/3476/1862 3454/3475/1899 3533/3554/1899 3459/3480/1900
f 3346/3367/1531 3344/3365/1862 3455/3477/1861 3457/3478/1536
f 3344/3365/1862 3342/3363/1860 3453/3474/1860 3455/3477/1861
f 3342/3363/1860 3340/3361/1859 3451/3472/1715 3453/3474/1860
f 3340/3361/1859 3338/3359/1857 3449/3470/1857 3451/3472/1715
f 3338/3359/1857 3336/3357/1858 3447/3468/1859 3449/3470/1857
f 3336/3357/1858 3334/3355/1858 3445/3466/1897 3447/3468/1859
f 3334/3355/1858 3332/3353/1857 3443/3464/1857 3445/3466/1897
f 3442/3463/1855 3437/3458/1896 3435/3456/1827 3524/3545/1856
f 3332/3353/1857 3330/3351/1855 3441/3462/1856 3443/3464/1857
f 3330/3351/1855 3328/3349/1030 3439/3460/1030 3441/3462/1856
f 3406/3426/1000 3404/3424/1889 3499/3521/1849 3409/3430/1000
f 3405/3427/1000 3407/3429/1849 3280/3300/1580 3278/3298/1847
f 3403/3425/1849 3405/3427/1000 3278/3298/1847 3276/3296/1846
f 3401/3423/1844 3403/3425/1849 3276/3296/1846 3274/3294/1845
f 3399/3421/1844 3401/3423/1844 3274/3294/1845 3272/3292/1844
f 3397/3419/1888 3399/3421/1844 3272/3292/1844 3270/3290/1844
f 3395/3417/1844 3397/3419/1888 3270/3290/1844 3268/3288/1843
f 3393/3415/1887 3395/3417/1844 3268/3288/1843 3266/3286/1000
f 3391/3413/1886 3393/3415/1887 3266/3286/1000 3264/3284/1841
f 3389/3411/1536 3391/3413/1886 3264/3284/1841 3262/3282/1839
f 3388/3408/1883 3383/3404/1546 3381/3402/1879 3486/3507/1538
f 3262/3282/1839 3260/3280/1210 3387/3409/953 3389/3411/1536
f 3260/3280/1210 3258/3278/1546 3385/3406/1546 3387/3409/953
f 3348/3369/931 3346/3367/1531 3457/3478/1536 3351/3372/1791
f 3206/3227/1836 3204/3225/931 3347/3368/930 3349/3370/1864
f 3204/3225/931 3202/3223/1396 3345/3366/1863 3347/3368/930
f 3202/3223/1396 3200/3221/1408 3343/3364/1861 3345/3366/1863
f 3200/3221/1408 3198/3219/1834 3341/3362/1860 3343/3364/1861
f 3198/3219/1834 3196/3217/1032 3339/3360/1032 3341/3362/1860
f 3196/3217/1032 3194/3215/1777 3337/3358/1857 3339/3360/1032
f 3194/3215/1777 3192/3213/1833 3335/3356/1015 3337/3358/1857
f 3192/3213/1833 3190/3211/1777 3333/3354/1857 3335/3356/1015
f 3190/3211/1777 3188/3209/1777 3331/3352/1857 3333/3354/1857
f 3188/3209/1777 3186/3207/1609 3329/3350/1856 3331/3352/1857
f 3186/3207/1609 3184/3205/1832 3327/3348/1341 3329/3350/1856
f 3326/3347/1341 3321/3342/1829 3319/3340/1855 3440/3461/1855
f 3184/3205/1832 3182/3203/1609 3325/3346/1341 3327/3348/1341
f 3182/3203/1609 3180/3201/1609 3323/3344/1829 3325/3346/1341
f 3407/3429/1849 3285/3306/1814 3282/3302/1847 3280/3300/1580
f 3281/3303/1580 3283/3305/1580 3124/3144/995 3122/3142/1811
f 3279/3301/1577 3281/3303/1580 3122/3142/1811 3120/3140/1811
f 3277/3299/995 3279/3301/1577 3120/3140/1811 3118/3138/995
f 3275/3297/1580 3277/3299/995 3118/3138/995 3116/3136/1428
f 3273/3295/1808 3275/3297/1580 3116/3136/1428 3114/3134/1810
f 3271/3293/1810 3273/3295/1808 3114/3134/1810 3112/3132/1808
f 3269/3291/1808 3271/3293/1810 3112/3132/1808 3110/3130/1808
f 3267/3289/1808 3269/3291/1808 3110/3130/1808 3108/3128/1557
f 3265/3287/1842 3267/3289/1808 3108/3128/1557 3106/3126/1806
f 3263/3285/1804 3265/3287/1842 3106/3126/1806 3104/3124/1804
f 3261/3283/1840 3263/3285/1804 3104/3124/1804 3102/3122/1803
f 3102/3122/1803 3100/3120/1409 3259/3281/1409 3261/3283/1840
f 3100/3120/1409 3098/3118/947 3257/3279/1546 3259/3281/1409
f 3256/3276/1837 3251/3272/1734 3249/3270/947 3386/3407/1882
f 3098/3118/947 3096/3116/1801 3255/3277/1838 3257/3279/1546
f 3096/3116/1801 3094/3114/763 3253/3274/1734 3255/3277/1838
f 3208/3229/1523 3206/3227/1836 3349/3370/1864 3211/3232/1729
f 3034/3055/931 3032/3053/930 3207/3228/737 3209/3230/1729
f 3032/3053/930 3030/3051/1789 3205/3226/1835 3207/3228/737
f 3030/3051/1789 3028/3049/1641 3203/3224/1081 3205/3226/1835
f 3028/3049/1641 3026/3047/1646 3201/3222/1396 3203/3224/1081
f 3026/3047/1646 3024/3045/1787 3199/3220/1393 3201/3222/1396
f 3024/3045/1787 3022/3043/1785 3197/3218/1834 3199/3220/1393
f 3022/3043/1785 3020/3041/1783 3195/3216/1036 3197/3218/1834
f 3020/3041/1783 3018/3039/1781 3193/3214/1777 3195/3216/1036
f 3018/3039/1781 3016/3037/1780 3191/3212/1777 3193/3214/1777
f 3016/3037/1780 3014/3035/1779 3189/3210/1779 3191/3212/1777
f 3014/3035/1779 3012/3033/1777 3187/3208/1833 3189/3210/1779
f 3012/3033/1777 3010/3031/1773 3185/3206/1830 3187/3208/1833
f 3010/3031/1773 3008/3029/1775 3183/3204/924 3185/3206/1830
f 3008/3029/1775 3006/3027/1773 3181/3202/1830 3183/3204/924
f 3006/3027/1773 3004/3025/1771 3179/3200/1831 3181/3202/1830
f 3178/3199/1770 3173/3194/1609 3171/3192/1609 3324/3345/1341
f 3004/3025/1771 3002/3023/1770 3177/3198/1830 3179/3200/1831
f 3002/3023/1770 3000/3021/1768 3175/3196/1773 3177/3198/1830
f 3283/3305/1580 3129/3150/1580 3126/3146/1577 3124/3144/995
f 3125/3147/1811 3127/3149/1451 2936/2956/1451 2934/2954/1753
f 3123/3145/1577 3125/3147/1811 2934/2954/1753 2932/2952/1752
f 3121/3143/1811 3123/3145/1577 2932/2952/1752 2930/2950/1575
f 3119/3141/1577 3121/3143/1811 2930/2950/1575 2928/2948/1749
f 3117/3139/1812 3119/3141/1577 2928/2948/1749 2926/2946/1749
f 3115/3137/1575 3117/3139/1812 2926/2946/1749 2924/2944/1747
f 3113/3135/1811 3115/3137/1575 2924/2944/1747 2922/2942/1746
f 3111/3133/1808 3113/3135/1811 2922/2942/1746 2920/2940/1744
f 3109/3131/1809 3111/3133/1808 2920/2940/1744 2918/2938/1744
f 3107/3129/1807 3109/3131/1809 2918/2938/1744 2916/2936/1742
f 3105/3127/1807 3107/3129/1807 2916/2936/1742 2914/2934/1740
f 3103/3125/1805 3105/3127/1807 2914/2934/1740 2912/2932/1738
f 3101/3123/1803 3103/3125/1805 2912/2932/1738 2910/2930/1737
f 2910/2930/1737 2908/2928/1213 3099/3121/953 3101/3123/1803
f 2908/2928/1213 2906/2926/1545 3097/3119/375 3099/3121/953
f 2906/2926/1545 2904/2924/1735 3095/3117/1802 3097/3119/375
f 2904/2924/1735 2902/2922/763 3093/3115/372 3095/3117/1802
f 3092/3112/1734 3087/3108/1800 3085/3106/1409 3254/3275/947
f 2902/2922/763 2900/2920/1652 3091/3113/374 3093/3115/372
f 2900/2920/1652 2898/2918/1733 3089/3110/1733 3091/3113/374
f 3036/3057/1790 3034/3055/931 3209/3230/1729 3039/3060/1531
f 2830/2850/1393 2828/2849/1641 3035/3056/1641 3037/3058/1393
f 2828/2849/1641 2826/2847/1641 3033/3054/1641 3035/3056/1641
f 2826/2847/1641 2824/2845/931 3031/3052/737 3033/3054/1641
f 2824/2845/931 2822/2843/1720 3029/3050/1788 3031/3052/737
f 2822/2843/1720 2820/2840/1641 3027/3048/1642 3029/3050/1788
f 2820/2840/1641 2818/2838/1118 3025/3046/1122 3027/3048/1642
f 2818/2838/1118 2816/2837/1119 3023/3044/1786 3025/3046/1122
f 2816/2837/1119 2814/2835/1718 3021/3042/1784 3023/3044/1786
f 2814/2835/1718 2812/2833/1711 3019/3040/1782 3021/3042/1784
f 2812/2833/1711 2810/2831/1712 3017/3038/1776 3019/3040/1782
f 2810/2831/1712 2808/2829/925 3015/3036/1778 3017/3038/1776
f 2808/2829/925 2806/2827/1714 3013/3034/1778 3015/3036/1778
f 2806/2827/1714 2804/2825/1712 3011/3032/1776 3013/3034/1778
f 2804/2825/1712 2802/2823/1707 3009/3030/1704 3011/3032/1776
f 2802/2823/1707 2800/2821/1616 3007/3028/1774 3009/3030/1704
f 2800/2821/1616 2798/2819/1707 3005/3026/1772 3007/3028/1774
f 2798/2819/1707 2796/2817/1616 3003/3024/1614 3005/3026/1772
f 2796/2817/1616 2794/2815/1708 3001/3022/1769 3003/3024/1614
f 2794/2815/1708 2792/2813/1707 2999/3020/1614 3001/3022/1769
f 2998/3019/1767 2993/3014/1699 2991/3012/1765 3176/3197/1773
f 2792/2813/1707 2790/2811/1706 2997/3018/1614 2999/3020/1614
f 2790/2811/1706 2788/2809/1705 2995/3016/1699 2997/3018/1614
f 3127/3149/1451 2941/2962/1578 2938/2958/1578 2936/2956/1451
f 2937/2959/1574 2939/2961/1574 2716/2734/1428 2714/2732/1665
f 2935/2957/1755 2937/2959/1574 2714/2732/1665 2712/2730/1444
f 2933/2955/1754 2935/2957/1755 2712/2730/1444 2710/2728/1560
f 2931/2953/1574 2933/2955/1754 2710/2728/1560 2708/2726/986
f 2929/2951/1751 2931/2953/1574 2708/2726/986 2706/2724/1560
f 2927/2949/1750 2929/2951/1751 2706/2724/1560 2704/2722/1560
f 2925/2947/988 2927/2949/1750 2704/2722/1560 2702/2720/986
f 2923/2945/1748 2925/2947/988 2702/2720/986 2700/2718/1560
f 2921/2943/1557 2923/2945/1748 2700/2718/1560 2698/2716/1557
f 2919/2941/1745 2921/2943/1557 2698/2716/1557 2696/2714/1557
f 2917/2939/1741 2919/2941/1745 2696/2714/1557 2694/2712/1557
f 2915/2937/1743 2917/2939/1741 2694/2712/1557 2692/2710/1557
f 2913/2935/1741 2915/2937/1743 2692/2710/1557 2690/2708/986
f 2911/2933/1739 2913/2935/1741 2690/2708/986 2688/2706/1656
f 2909/2931/1218 2911/2933/1739 2688/2706/1656 2686/2705/1225
f 2686/2705/1225 2684/2703/1654 2907/2929/1217 2909/2931/1218
f 2684/2703/1654 2682/2701/1545 2905/2927/1545 2907/2929/1217
f 2682/2701/1545 2680/2699/315 2903/2925/1736 2905/2927/1545
f 2680/2699/315 2678/2697/947 2901/2923/1734 2903/2925/1736
f 2678/2697/947 2676/2695/1652 2899/2921/1260 2901/2923/1734
f 2676/2695/1652 2674/2693/1412 2897/2919/1545 2899/2921/1260
f 2896/2916/1412 2891/2912/1732 2889/2910/1213 3090/3111/1213
f 2674/2693/1412 2672/2691/1412 2895/2917/1412 2897/2919/1545
f 2672/2691/1412 2670/2689/1412 2893/2914/1412 2895/2917/1412
f 2832/2853/1393 2830/2850/1393 3037/3058/1393 2835/2856/1722
f 2594/2610/1645 2592/2608/1393 2831/3606/1393 2833/3607/1393
f 2592/2608/1393 2590/2606/1393 2829/3608/1393 2831/3606/1393
f 2590/2606/1393 2588/2604/1641 2827/3609/1393 2829/3608/1393
f 2588/2604/1641 2586/2602/1641 2825/3610/1642 2827/3609/1393
f 2586/2602/1641 2584/2600/931 2823/3611/931 2825/3610/1642
f 2584/2600/931 2582/2598/1643 2821/3612/315 2823/3611/931
f 2582/2598/1643 2580/2596/1641 2819/3613/1641 2821/3612/315
f 2580/2596/1641 2578/2594/1393 2817/3614/1719 2819/3613/1641
f 2578/2594/1393 2576/2593/1640 2815/3615/1112 2817/3614/1719
f 2576/2593/1640 2574/2591/1638 2813/3616/1717 2815/3615/1112
f 2574/2591/1638 2572/2589/1635 2811/3617/924 2813/3616/1717
f 2572/2589/1635 2570/2587/1635 2809/3618/1716 2811/3617/924
f 2570/2587/1635 2568/2585/1635 2807/3619/1715 2809/3618/1716
f 2568/2585/1635 2566/2583/1634 2805/3620/1713 2807/3619/1715
f 2566/2583/1634 2564/2581/925 2803/3621/1711 2805/3620/1713
f 2564/2581/925 2562/2579/1627 2801/3622/1710 2803/3621/1711
f 2562/2579/1627 2560/2577/1619 2799/3623/1500 2801/3622/1710
f 2560/2577/1619 2558/2575/1630 2797/3624/1709 2799/3623/1500
f 2558/2575/1630 2556/2573/1619 2795/3625/1500 2797/3624/1709
f 2556/2573/1619 2554/2571/1619 2793/3626/1500 2795/3625/1500
f 2554/2571/1619 2552/2569/1627 2791/3627/1500 2793/3626/1500
f 2552/2569/1627 2550/2567/1625 2789/3628/1500 2791/3627/1500
f 2550/2567/1625 2548/2565/1624 2787/3629/1703 2789/3628/1500
f 2786/2807/1616 2781/2800/1701 2779/2798/1699 2996/3017/1613
f 2548/2565/1624 2546/2563/1619 2785/3630/1500 2787/3629/1703
f 2546/2563/1619 2544/2561/1623 2783/2805/1703 2785/3630/1500
f 2939/2961/1574 2721/2740/1668 2718/2736/1444 2716/2734/1428
f 2717/2737/1666 2719/2739/1667 2464/2478/1568 2462/2476/1566
f 2715/2735/1571 2717/2737/1666 2462/2476/1566 2460/2474/1434
f 2713/2733/1571 2715/2735/1571 2460/2474/1434 2458/2472/1434
f 2711/2731/1664 2713/2733/1571 2458/2472/1434 2456/2470/1563
f 2709/2729/1571 2711/2731/1664 2456/2470/1563 2454/2468/1559
f 2707/2727/1662 2709/2729/1571 2454/2468/1559 2452/2466/1561
f 2705/2725/1569 2707/2727/1662 2452/2466/1561 2450/2464/1559
f 2703/2723/1663 2705/2725/1569 2450/2464/1559 2448/2462/1560
f 2701/2721/984 2703/2723/1663 2448/2462/1560 2446/2460/1559
f 2699/2719/1662 2701/2721/984 2446/2460/1559 2444/2458/1558
f 2697/2717/1661 2699/2719/1662 2444/2458/1558 2442/2456/1557
f 2695/2715/1660 2697/2717/1661 2442/2456/1557 2440/2454/1553
f 2693/2713/1557 2695/2715/1660 2440/2454/1553 2438/2452/1555
f 2691/2711/1659 2693/2713/1557 2438/2452/1555 2436/2450/1553
f 2689/2709/1658 2691/2711/1659 2436/2450/1553 2434/2448/1551
f 2687/2707/1657 2689/2709/1658 2434/2448/1551 2432/2446/1549
f 2685/2704/1655 2687/2707/1657 2432/2446/1549 2430/2445/1548
f 2430/2445/1548 2428/2443/1236 2683/2702/1232 2685/2704/1655
f 2428/2443/1236 2426/2441/1545 2681/2700/1545 2683/2702/1232
f 2426/2441/1545 2424/2439/947 2679/2698/1653 2681/2700/1545
f 2424/2439/947 2422/2437/947 2677/2696/738 2679/2698/1653
f 2422/2437/947 2420/2435/1545 2675/2694/374 2677/2696/738
f 2420/2435/1545 2418/2433/1415 2673/2692/1545 2675/2694/374
f 2418/2433/1415 2416/2431/1412 2671/2690/1412 2673/2692/1545
f 2416/2431/1412 2414/2429/1544 2669/2688/1412 2671/2690/1412
f 2668/2687/1412 2663/2682/1412 2661/2680/1217 2894/2915/1217
f 2414/2429/1544 2412/2427/1236 2667/2686/1232 2669/2688/1412
f 2412/2427/1236 2410/2425/1543 2665/2684/1232 2667/2686/1232
f 2596/2612/1103 2594/2610/1645 2833/3607/1393 2599/2616/1393
f 2326/2338/1100 2324/2336/1100 2595/2613/1100 2597/2615/1100
f 2324/2336/1100 2322/2334/1100 2593/2611/1100 2595/2613/1100
f 2322/2334/1100 2320/2332/1100 2591/2609/1527 2593/2611/1100
f 2320/2332/1100 2318/2330/1100 2589/2607/586 2591/2609/1527
f 2318/2330/1100 2316/2328/1524 2587/2605/1641 2589/2607/586
f 2316/2328/1524 2314/2326/931 2585/2603/1641 2587/2605/1641
f 2314/2326/931 2312/2324/930 2583/2601/737 2585/2603/1641
f 2312/2324/930 2310/2322/1525 2581/2599/1644 2583/2601/737
f 2310/2322/1525 2308/2320/1524 2579/2597/1642 2581/2599/1644
f 2308/2320/1524 2306/2318/1523 2577/2595/1100 2579/2597/1642
f 2306/2318/1523 2304/2317/1522 2575/2592/1639 2577/2595/1100
f 2304/2317/1522 2302/2315/1521 2573/2590/1637 2575/2592/1639
f 2302/2315/1521 2300/2313/1520 2571/2588/1633 2573/2590/1637
f 2300/2313/1520 2298/2311/1519 2569/2586/1636 2571/2588/1633
f 2298/2311/1519 2296/2309/1379 2567/2584/1633 2569/2586/1636
f 2296/2309/1379 2294/2307/1518 2565/2582/1633 2567/2584/1633
f 2294/2307/1518 2292/2305/1379 2563/2580/1632 2565/2582/1633
f 2292/2305/1379 2290/2303/1515 2561/2578/1631 2563/2580/1632
f 2290/2303/1515 2288/2301/1506 2559/2576/1631 2561/2578/1631
f 2288/2301/1506 2286/2299/1515 2557/2574/1629 2559/2576/1631
f 2286/2299/1515 2284/2297/1515 2555/2572/1506 2557/2574/1629
f 2284/2297/1515 2282/2295/1051 2553/2570/1628 2555/2572/1506
f 2282/2295/1051 2280/2293/1516 2551/2568/1626 2553/2570/1628
f 2280/2293/1516 2278/2291/1514 2549/2566/1506 2551/2568/1626
f 2278/2291/1514 2276/2289/1513 2547/2564/1512 2549/2566/1506
f 2276/2289/1513 2274/2287/1511 2545/2562/1511 2547/2564/1512
f 2274/2287/1511 2272/2285/1369 2543/2560/1512 2545/2562/1511
f 2542/2559/1622 2537/2552/1618 2535/2555/1500 2784/2804/1704
f 2272/2285/1369 2270/2283/1512 2541/2558/1621 2543/2560/1512
f 2270/2283/1512 2268/2281/1511 2539/2556/1620 2541/2558/1621
f 2719/2739/1667 2469/2484/1570 2466/2480/1569 2464/2478/1568
f 2465/2481/1434 2467/2483/1430 2180/2190/1435 2178/2188/1433
f 2463/2479/1566 2465/2481/1434 2178/2188/1433 2176/2186/1276
f 2461/2477/1567 2463/2479/1566 2176/2186/1276 2174/2184/1276
f 2459/2475/1565 2461/2477/1567 2174/2184/1276 2172/2182/1433
f 2457/2473/1434 2459/2475/1565 2172/2182/1433 2170/2180/1276
f 2455/2471/1564 2457/2473/1434 2170/2180/1276 2168/2178/1431
f 2453/2469/1562 2455/2471/1564 2168/2178/1431 2166/2176/1430
f 2451/2467/1430 2453/2469/1562 2166/2176/1430 2164/2174/1429
f 2449/2465/1430 2451/2467/1430 2164/2174/1429 2162/2172/1427
f 2447/2463/1430 2449/2465/1430 2162/2172/1427 2160/2170/1428
f 2445/2461/1552 2447/2463/1430 2160/2170/1428 2158/2168/977
f 2443/2459/1427 2445/2461/1552 2158/2168/977 2156/2166/1427
f 2441/2457/1424 2443/2459/1427 2156/2166/1427 2154/2164/1426
f 2439/2455/1424 2441/2457/1424 2154/2164/1426 2152/2162/1424
f 2437/2453/1556 2439/2455/1424 2152/2162/1424 2150/2160/986
f 2435/2451/1554 2437/2453/1556 2150/2160/986 2148/2158/1424
f 2433/2449/1552 2435/2451/1554 2148/2158/1424 2146/2156/977
f 2431/2447/1550 2433/2449/1552 2146/2156/977 2144/2154/1423
f 2429/2444/1422 2431/2447/1550 2144/2154/1423 2142/2153/1422
f 2142/2153/1422 2140/2151/1420 2427/2442/1264 2429/2444/1422
f 2140/2151/1420 2138/2149/947 2425/2440/1415 2427/2442/1264
f 2138/2149/947 2136/2147/1419 2423/2438/1547 2425/2440/1415
f 2136/2147/1419 2134/2145/947 2421/2436/1546 2423/2438/1547
f 2134/2145/947 2132/2143/947 2419/2434/1260 2421/2436/1546
f 2132/2143/947 2130/2141/1415 2417/2432/1544 2419/2434/1260
f 2130/2141/1415 2128/2139/1264 2415/2430/1236 2417/2432/1544
f 2128/2139/1264 2126/2137/1264 2413/2428/1236 2415/2430/1236
f 2126/2137/1264 2124/2135/1415 2411/2426/1236 2413/2428/1236
f 2124/2135/1415 2122/2133/1256 2409/2424/1236 2411/2426/1236
f 2408/2423/1236 2403/2418/1236 2401/2416/1232 2666/2685/1232
f 2122/2133/1256 2120/2131/1256 2407/2422/1236 2409/2424/1236
f 2120/2131/1256 2118/2129/1264 2405/2420/1236 2407/2422/1236
f 2328/2340/1100 2326/2338/1100 2597/2615/1100 2331/2344/1100
f 2026/2034/1084 2024/2032/1388 2327/2341/1524 2329/2343/1528
f 2024/2032/1388 2022/2030/1084 2325/2339/1100 2327/2341/1524
f 2022/2030/1084 2020/2028/1084 2323/2337/1084 2325/2339/1100
f 2020/2028/1084 2018/2026/1084 2321/2335/1527 2323/2337/1084
f 2018/2026/1084 2016/2024/1084 2319/2333/737 2321/2335/1527
f 2016/2024/1084 2014/2022/1084 2317/2331/1077 2319/2333/737
f 2014/2022/1084 2012/2020/1084 2315/2329/1524 2317/2331/1077
f 2012/2020/1084 2010/2018/931 2313/2327/601 2315/2329/1524
f 2010/2018/931 2008/2016/931 2311/2325/601 2313/2327/601
f 2008/2016/931 2006/2014/1386 2309/2323/1526 2311/2325/601
f 2006/2014/1386 2004/2012/737 2307/2321/586 2309/2323/1526
f 2004/2012/737 2002/2010/1084 2305/2319/1084 2307/2321/586
f 2002/2010/1084 2000/2009/945 2303/2316/1522 2305/2319/1084
f 2000/2009/945 1998/2007/1383 2301/2314/1383 2303/2316/1522
f 1998/2007/1383 1996/2005/1381 2299/2312/1379 2301/2314/1383
f 1996/2005/1381 1994/2003/1379 2297/2310/1379 2299/2312/1379
f 1994/2003/1379 1992/2001/1380 2295/2308/1518 2297/2310/1379
f 1992/2001/1380 1990/1999/1379 2293/2306/1518 2295/2308/1518
f 1990/1999/1379 1988/1997/924 2291/2304/1380 2293/2306/1518
f 1988/1997/924 1986/1995/1368 2289/2302/1508 2291/2304/1380
f 1986/1995/1368 1984/1993/1376 2287/2300/1508 2289/2302/1508
f 1984/1993/1376 1982/1991/1368 2285/2298/1508 2287/2300/1508
f 1982/1991/1368 1980/1989/1368 2283/2296/1517 2285/2298/1508
f 1980/1989/1368 1978/1987/1051 2281/2294/1508 2283/2296/1517
f 1978/1987/1051 1976/1985/1368 2279/2292/1515 2281/2294/1508
f 1976/1985/1368 1974/1983/1374 2277/2290/1511 2279/2292/1515
f 1974/1983/1374 1972/1981/1373 2275/2288/1374 2277/2290/1511
f 1972/1981/1373 1970/1979/1369 2273/2286/1369 2275/2288/1374
f 1970/1979/1369 1968/1977/1371 2271/2284/1374 2273/2286/1369
f 1968/1977/1371 1966/1975/1369 2269/2282/1374 2271/2284/1374
f 1966/1975/1369 1964/1973/1369 2267/2280/1369 2269/2282/1374
f 2266/2279/1510 2261/2274/1506 2259/2272/1504 2540/2557/1506
f 1964/1973/1369 1962/1971/1368 2265/2278/1508 2267/2280/1369
f 1962/1971/1368 1960/1969/1368 2263/2276/1508 2265/2278/1508
f 2467/2483/1430 2185/2196/1439 2182/2192/1436 2180/2190/1435
f 2181/2193/1437 2183/2195/1436 1864/1870/1281 1862/1868/1279
f 2179/2191/1271 2181/2193/1437 1862/1868/1279 1860/1866/1278
f 2177/2189/1434 2179/2191/1271 1860/1866/1278 1858/1864/1271
f 2175/2187/1277 2177/2189/1434 1858/1864/1271 1856/1862/1273
f 2173/2185/1431 2175/2187/1277 1856/1862/1273 1854/1860/1276
f 2171/2183/1433 2173/2185/1431 1854/1860/1276 1852/1858/1274
f 2169/2181/1432 2171/2183/1433 1852/1858/1274 1850/1856/1273
f 2167/2179/1276 2169/2181/1432 1850/1856/1273 1848/1854/1271
f 2165/2177/1271 2167/2179/1276 1848/1854/1271 1846/1852/1271
f 2163/2175/1271 2165/2177/1271 1846/1852/1271 1844/1850/1270
f 2161/2173/1271 2163/2175/1271 1844/1850/1270 1842/1848/1271
f 2159/2171/1271 2161/2173/1271 1842/1848/1271 1840/1846/1270
f 2157/2169/975 2159/2171/1271 1840/1846/1270 1838/1844/1269
f 2155/2167/1271 2157/2169/975 1838/1844/1269 1836/1842/776
f 2153/2165/1424 2155/2167/1271 1836/1842/776 1834/1840/773
f 2151/2163/1425 2153/2165/1424 1834/1840/773 1832/1838/773
f 2149/2161/1424 2151/2163/1425 1832/1838/773 1830/1836/315
f 2147/2159/1424 2149/2161/1424 1830/1836/315 1828/1834/315
f 2145/2157/1424 2147/2159/1424 1828/1834/315 1826/1832/1266
f 2143/2155/1423 2145/2157/1424 1826/1832/1266 1824/1830/955
f 2141/2152/1421 2143/2155/1423 1824/1830/955 1822/1829/954
f 1822/1829/954 1820/1827/1264 2139/2150/1256 2141/2152/1421
f 1820/1827/1264 1818/1825/947 2137/2148/372 2139/2150/1256
f 1818/1825/947 1816/1823/1263 2135/2146/1418 2137/2148/372
f 1816/1823/1263 1814/1821/947 2133/2144/586 2135/2146/1418
f 1814/1821/947 1812/1819/372 2131/2142/586 2133/2144/586
f 1812/1819/372 1810/1817/1254 2129/2140/1415 2131/2142/586
f 1810/1817/1254 1808/1815/1256 2127/2138/1256 2129/2140/1415
f 1808/1815/1256 1806/1813/1261 2125/2136/1256 2127/2138/1256
f 1806/1813/1261 1804/1811/1256 2123/2134/1256 2125/2136/1256
f 1804/1811/1256 1802/1809/1256 2121/2132/1256 2123/2134/1256
f 1802/1809/1256 1800/1807/1256 2119/2130/1264 2121/2132/1256
f 1800/1807/1256 1798/1805/1256 2117/2128/1417 2119/2130/1264
f 2116/2127/1416 2111/2122/1236 2109/2120/1236 2406/2421/1236
f 1798/1805/1256 1796/1803/1256 2115/2126/1256 2117/2128/1417
f 1796/1803/1256 1794/1801/1254 2113/2124/1256 2115/2126/1256
f 2028/2036/1084 2026/2034/1084 2329/2343/1528 2031/2040/1100
f 1694/1602/935 1692/1600/935 2027/2037/1389 2029/2039/1390
f 1692/1600/935 1690/1598/935 2025/2035/1084 2027/2037/1389
f 1690/1598/935 1688/1596/1084 2023/2033/1084 2025/2035/1084
f 1688/1596/1084 1686/1594/1084 2021/2031/1084 2023/2033/1084
f 1686/1594/1084 1684/1592/1083 2019/2029/1084 2021/2031/1084
f 1684/1592/1083 1682/1590/1082 2017/2027/1084 2019/2029/1084
f 1682/1590/1082 1680/1588/930 2015/2025/1082 2017/2027/1084
f 1680/1588/930 1678/1586/930 2013/2023/1082 2015/2025/1082
f 1678/1586/930 1676/1584/931 2011/2021/737 2013/2023/1082
f 1676/1584/931 1674/1582/1081 2009/2019/1081 2011/2021/737
f 1674/1582/1081 1672/1580/931 2007/2017/1081 2009/2019/1081
f 1672/1580/931 1670/1578/1079 2005/2015/1387 2007/2017/1081
f 1670/1578/1079 1668/1576/737 2003/2013/586 2005/2015/1387
f 1668/1576/737 1666/1574/1077 2001/2011/1385 2003/2013/586
f 1666/1574/1077 1664/1573/928 1999/2008/1384 2001/2011/1385
f 1664/1573/928 1662/1571/1075 1997/2006/1382 1999/2008/1384
f 1662/1571/1075 1660/1569/1073 1995/2004/1055 1997/2006/1382
f 1660/1569/1073 1658/1567/921 1993/2002/921 1995/2004/1055
f 1658/1567/921 1656/1565/921 1991/2000/315 1993/2002/921
f 1656/1565/921 1654/1563/923 1989/1998/921 1991/2000/315
f 1654/1563/923 1652/1561/923 1987/1996/1378 1989/1998/921
f 1652/1561/923 1650/1559/920 1985/1994/1377 1987/1996/1378
f 1650/1559/920 1648/1557/919 1983/1992/1071 1985/1994/1377
f 1648/1557/919 1646/1555/1071 1981/1990/1375 1983/1992/1071
f 1646/1555/1071 1644/1553/1070 1979/1988/1070 1981/1990/1375
f 1644/1553/1070 1642/1551/1070 1977/1986/1071 1979/1988/1070
f 1642/1551/1070 1640/1549/1069 1975/1984/1368 1977/1986/1071
f 1640/1549/1069 1638/1547/1067 1973/1982/1368 1975/1984/1368
f 1638/1547/1067 1636/1545/915 1971/1980/1067 1973/1982/1368
f 1636/1545/915 1634/1543/1065 1969/1978/1372 1971/1980/1067
f 1634/1543/1065 1632/1541/915 1967/1976/1370 1969/1978/1372
f 1632/1541/915 1630/1539/915 1965/1974/1067 1967/1976/1370
f 1630/1539/915 1628/1537/1065 1963/1972/1368 1965/1974/1067
f 1628/1537/1065 1626/1535/1064 1961/1970/1368 1963/1972/1368
f 1626/1535/1064 1624/1533/1062 1959/1968/1367 1961/1970/1368
f 1958/1967/1366 1953/1962/1361 1951/1960/1358 2264/2277/1509
f 1624/1533/1062 1622/1531/907 1957/1966/1365 1959/1968/1367
f 1622/1531/907 1620/1529/915 1955/1964/1363 1957/1966/1365
f 2183/2195/1436 1869/1876/1284 1866/1872/1282 1864/1870/1281
f 1865/1873/968 1867/1875/969 1516/1423/969 1514/1421/968
f 1863/1871/967 1865/1873/968 1514/1421/968 1512/1419/967
f 1861/1869/1280 1863/1871/967 1512/1419/967 1510/1417/966
f 1859/1867/965 1861/1869/1280 1510/1417/966 1508/1414/962
f 1508/1414/962 1506/1412/965 1857/1865/1277 1859/1867/965
f 1506/1412/965 1504/1410/964 1855/1863/968 1857/1865/1277
f 1504/1410/964 1502/1408/963 1853/1861/968 1855/1863/968
f 1502/1408/963 1500/1406/962 1851/1859/1275 1853/1861/968
f 1500/1406/962 1498/1404/963 1849/1857/968 1851/1859/1275
f 1498/1404/963 1496/1403/962 1847/1855/968 1849/1857/968
f 1845/1853/965 1847/1855/968 1496/1403/962 1494/1401/785
f 1843/1851/1272 1845/1853/965 1494/1401/785 1492/1399/776
f 1841/1849/1269 1843/1851/1272 1492/1399/776 1490/1397/776
f 1839/1847/776 1841/1849/1269 1490/1397/776 1488/1395/958
f 1837/1845/771 1839/1847/776 1488/1395/958 1486/1393/776
f 1835/1843/776 1837/1845/771 1486/1393/776 1484/1391/727
f 1833/1841/773 1835/1843/776 1484/1391/727 1482/1389/773
f 1831/1839/1268 1833/1841/773 1482/1389/773 1480/1387/774
f 1829/1837/773 1831/1839/1268 1480/1387/774 1478/1385/774
f 1827/1835/773 1829/1837/773 1478/1385/774 1476/1383/773
f 1825/1833/1267 1827/1835/773 1476/1383/773 1474/1381/771
f 1823/1831/1265 1825/1833/1267 1474/1381/771 1472/1378/955
f 1821/1828/954 1823/1831/1265 1472/1378/955 1470/1377/954
f 1470/1377/954 1468/1375/952 1819/1826/1264 1821/1828/954
f 1468/1375/952 1466/1373/947 1817/1824/372 1819/1826/1264
f 1466/1373/947 1464/1371/950 1815/1822/1262 1817/1824/372
f 1464/1371/950 1462/1369/372 1813/1820/947 1815/1822/1262
f 1462/1369/372 1460/1367/947 1811/1818/763 1813/1820/947
f 1460/1367/947 1458/1365/947 1809/1816/763 1811/1818/763
f 1458/1365/947 1456/1363/763 1807/1814/1260 1809/1816/763
f 1456/1363/763 1454/1361/349 1805/1812/1260 1807/1814/1260
f 1454/1361/349 1452/1359/947 1803/1810/1259 1805/1812/1260
f 1452/1359/947 1450/1357/947 1801/1808/1258 1803/1810/1259
f 1450/1357/947 1448/1355/947 1799/1806/1257 1801/1808/1258
f 1448/1355/947 1446/1353/756 1797/1804/1256 1799/1806/1257
f 1446/1353/756 1444/1351/756 1795/1802/1255 1797/1804/1256
f 1444/1351/756 1442/1349/756 1793/1800/756 1795/1802/1255
f 1792/1799/756 1787/1790/1247 1785/1786/1240 2114/2125/1247
f 1442/1349/756 1440/1347/756 1791/1798/756 1793/1800/756
f 1440/1347/756 1438/1345/756 1789/1794/756 1791/1798/756
f 1696/1604/1085 1694/1602/935 2029/2039/1390 1699/1611/1090
f 1382/1334/937 1380/1332/744 1695/1605/349 1697/1607/1086
f 1380/1332/744 1378/1330/935 1693/1603/935 1695/1605/349
f 1378/1330/935 1376/1328/935 1691/1601/935 1693/1603/935
f 1376/1328/935 1374/1326/935 1689/1599/742 1691/1601/935
f 1374/1326/935 1372/1324/736 1687/1597/935 1689/1599/742
f 1372/1324/736 1370/1322/736 1685/1595/349 1687/1597/935
f 1370/1322/736 1368/1320/933 1683/1593/737 1685/1595/349
f 1368/1320/933 1366/1318/934 1681/1591/349 1683/1593/737
f 1366/1318/934 1364/1316/930 1679/1589/737 1681/1591/349
f 1364/1316/930 1362/1314/932 1677/1587/737 1679/1589/737
f 1362/1314/932 1360/1312/932 1675/1585/1081 1677/1587/737
f 1360/1312/932 1358/1310/349 1673/1583/349 1675/1585/1081
f 1358/1310/349 1356/1308/931 1671/1581/586 1673/1583/349
f 1356/1308/931 1354/1306/929 1669/1579/1080 1671/1581/586
f 1354/1306/929 1352/1304/737 1667/1577/349 1669/1579/1080
f 1352/1304/737 1350/1302/583 1665/1575/1078 1667/1577/349
f 1350/1302/583 1348/1300/928 1663/1572/1076 1665/1575/1078
f 1661/1570/1074 1663/1572/1076 1348/1300/928 1346/1298/927
f 1346/1298/927 1344/1296/926 1659/1568/919 1661/1570/1074
f 1344/1296/926 1342/1294/923 1657/1566/921 1659/1568/919
f 1342/1294/923 1340/1292/921 1655/1564/1072 1657/1566/921
f 1340/1292/921 1338/1290/923 1653/1562/921 1655/1564/1072
f 1338/1290/923 1336/1288/921 1651/1560/926 1653/1562/921
f 1336/1288/921 1334/1286/920 1649/1558/778 1651/1560/926
f 1334/1286/920 1332/1284/919 1647/1556/919 1649/1558/778
f 1332/1284/919 1330/1282/917 1645/1554/920 1647/1556/919
f 1330/1282/917 1328/1280/917 1643/1552/920 1645/1554/920
f 1328/1280/917 1326/1278/917 1641/1550/919 1643/1552/920
f 1326/1278/917 1324/1276/911 1639/1548/1068 1641/1550/919
f 1324/1276/911 1322/1274/905 1637/1546/1064 1639/1548/1068
f 1322/1274/905 1320/1273/915 1635/1544/1066 1637/1546/1064
f 1320/1273/915 1318/1271/911 1633/1542/1063 1635/1544/1066
f 1318/1271/911 1316/1269/905 1631/1540/913 1633/1542/1063
f 1316/1269/905 1314/1267/905 1629/1538/911 1631/1540/913
f 1314/1267/905 1312/1264/912 1627/1536/911 1629/1538/911
f 1312/1264/912 1310/1262/911 1625/1534/1063 1627/1536/911
f 1310/1262/911 1308/1260/909 1623/1532/1061 1625/1534/1063
f 1308/1260/909 1306/1258/907 1621/1530/907 1623/1532/1061
f 1306/1258/907 1304/1256/905 1619/1528/1060 1621/1530/907
f 1618/1527/1059 1613/1522/1055 1611/1520/1053 1956/1965/1364
f 1304/1256/905 1302/1254/903 1617/1526/1058 1619/1528/1060
f 1302/1254/903 1300/1252/901 1615/1524/919 1617/1526/1058
f 1867/1875/969 1521/1428/973 1518/1425/771 1516/1423/969
f 1188/1138/795 1186/1137/794 1517/1424/970 1519/1427/972
f 1186/1137/794 1184/1135/793 1515/1422/969 1517/1424/970
f 1184/1135/793 1182/1133/791 1513/1420/961 1515/1422/969
f 1182/1133/791 1180/1131/789 1511/1418/967 1513/1420/961
f 1180/1131/789 1178/1129/787 1509/1416/959 1511/1418/967
f 1178/1129/787 1176/1127/785 1507/1415/960 1509/1416/959
f 1176/1127/785 1174/1125/775 1505/1413/784 1507/1415/960
f 1174/1125/775 1172/1123/784 1503/1411/961 1505/1413/784
f 1172/1123/784 1170/1121/783 1501/1409/961 1503/1411/961
f 1170/1121/783 1168/1119/327 1499/1407/960 1501/1409/961
f 1168/1119/327 1166/1117/780 1497/1405/961 1499/1407/960
f 1166/1117/780 1164/1115/775 1495/1402/961 1497/1405/961
f 1164/1115/775 1162/1113/775 1493/1400/960 1495/1402/961
f 1162/1113/775 1160/1111/777 1491/1398/771 1493/1400/960
f 1160/1111/777 1158/1109/777 1489/1396/959 1491/1398/771
f 1158/1109/777 1156/1107/775 1487/1394/958 1489/1396/959
f 1156/1107/775 1154/1105/777 1485/1392/957 1487/1394/958
f 1154/1105/777 1152/1103/776 1483/1390/776 1485/1392/957
f 1152/1103/776 1150/1101/774 1481/1388/773 1483/1390/776
f 1150/1101/774 1148/1099/773 1479/1386/773 1481/1388/773
f 1148/1099/773 1146/1097/773 1477/1384/773 1479/1386/773
f 1146/1097/773 1144/1095/772 1475/1382/774 1477/1384/773
f 1144/1095/772 1142/1093/771 1473/1380/956 1475/1382/774
f 1142/1093/771 1140/1090/768 1471/1379/955 1473/1380/956
f 1140/1090/768 1138/1089/767 1469/1376/953 1471/1379/955
f 1138/1089/767 1136/1087/766 1467/1374/598 1469/1376/953
f 1136/1087/766 1134/1085/374 1465/1372/951 1467/1374/598
f 1134/1085/374 1132/1083/765 1463/1370/949 1465/1372/951
f 1132/1083/765 1130/1081/372 1461/1368/349 1463/1370/949
f 1130/1081/372 1128/1079/372 1459/1366/586 1461/1368/349
f 1128/1079/372 1126/1077/757 1457/1364/601 1459/1366/586
f 1126/1077/757 1124/1075/762 1455/1362/586 1457/1364/601
f 1124/1075/762 1122/1073/761 1453/1360/601 1455/1362/586
f 1122/1073/761 1120/1071/600 1451/1358/948 1453/1360/601
f 1120/1071/600 1118/1069/600 1449/1356/766 1451/1358/948
f 1118/1069/600 1116/1067/600 1447/1354/946 1449/1356/766
f 1116/1067/600 1114/1065/759 1445/1352/761 1447/1354/946
f 1114/1065/759 1112/1063/600 1443/1350/756 1445/1352/761
f 1112/1063/600 1110/1061/757 1441/1348/945 1443/1350/756
f 1110/1061/757 1108/1059/756 1439/1346/756 1441/1348/945
f 1108/1059/756 1106/1057/755 1437/1344/756 1439/1346/756
f 1436/1343/944 1433/1342/943 3768/3631/1952 1432/1796/1252 1790/1795/1251
f 1106/1057/755 1104/1055/755 1435/1339/755 1437/1344/756
f 1104/1055/755 1102/1054/754 3770/3632/1953 1434/1340/941 1435/1339/755
f 1384/1336/938 1382/1334/937 1697/1607/1086 1385/1610/1089 3720/3633/1954
f 1100/1048/748 1098/1046/746 1381/1335/744 1383/1338/940 3771/3634/1955
f 1098/1046/746 1096/1044/744 1379/1333/744 1381/1335/744
f 1096/1044/744 1094/1042/744 1377/1331/936 1379/1333/744
f 1094/1042/744 1092/1040/736 1375/1329/742 1377/1331/936
f 1373/1327/736 1375/1329/742 1092/1040/736 1090/1038/736
f 1090/1038/736 1088/1036/742 1371/1325/736 1373/1327/736
f 1088/1036/742 1086/1034/736 1369/1323/736 1371/1325/736
f 1086/1034/736 1084/1032/736 1367/1321/736 1369/1323/736
f 1084/1032/736 1082/1030/736 1365/1319/736 1367/1321/736
f 1082/1030/736 1080/1028/736 1363/1317/933 1365/1319/736
f 1080/1028/736 1078/1026/736 1361/1315/933 1363/1317/933
f 1078/1026/736 1076/1024/736 1359/1313/349 1361/1315/933
f 1076/1024/736 1074/1022/349 1357/1311/349 1359/1313/349
f 1074/1022/349 1072/1020/737 1355/1309/349 1357/1311/349
f 1072/1020/737 1070/1018/739 1353/1307/930 1355/1309/349
f 1070/1018/739 1068/1016/737 1351/1305/737 1353/1307/930
f 1068/1016/737 1066/1014/736 1349/1303/583 1351/1305/737
f 1066/1014/736 1064/1012/735 1347/1301/928 1349/1303/583
f 1345/1299/927 1347/1301/928 1064/1012/735 1062/1010/734
f 1062/1010/734 1060/1008/733 1343/1297/901 1345/1299/927
f 1060/1008/733 1058/1006/732 1341/1295/925 1343/1297/901
f 1058/1006/732 1056/1004/731 1339/1293/924 1341/1295/925
f 1056/1004/731 1054/1002/731 1337/1291/921 1339/1293/924
f 1054/1002/731 1052/1000/729 1335/1289/922 1337/1291/921
f 1052/1000/729 1050/998/721 1333/1287/920 1335/1289/922
f 1050/998/721 1048/996/567 1331/1285/917 1333/1287/920
f 1048/996/567 1046/994/721 1329/1283/721 1331/1285/917
f 1046/994/721 1044/992/721 1327/1281/918 1329/1283/721
f 1044/992/721 1042/990/567 1325/1279/918 1327/1281/918
f 1042/990/567 1040/988/727 1323/1277/721 1325/1279/918
f 1040/988/727 1038/986/724 1321/1275/916 1323/1277/721
f 1038/986/724 1036/984/726 1319/1272/913 1321/1275/916
f 1036/984/726 1034/982/723 1317/1270/327 1319/1272/913
f 1034/982/723 1032/980/725 1315/1268/914 1317/1270/327
f 1032/980/725 1030/978/723 1313/1266/913 1315/1268/914
f 1030/978/723 1028/976/723 1311/1265/721 1313/1266/913
f 1028/976/723 1026/974/721 1309/1263/721 1311/1265/721
f 1026/974/721 1024/972/721 1307/1261/910 1309/1263/721
f 1024/972/721 1022/970/719 1305/1259/908 1307/1261/910
f 1022/970/719 1020/968/717 1303/1257/906 1305/1259/908
f 1020/968/717 1018/966/716 1301/1255/904 1303/1257/906
f 1018/966/716 1016/964/714 1299/1253/902 1301/1255/904
f 1291/1244/894 1616/1525/1057 1298/1250/899 1293/1246/896
f 1297/1251/900 1299/1253/902 1016/964/714 1014/962/713
f 1295/1248/898 1297/1251/900 1014/962/713 1012/960/711
f 1190/1140/796 1188/1138/795 1519/1427/972 1193/1144/799
f 892/838/634 890/836/632 1189/1141/797 1191/1143/798
f 890/836/632 888/834/630 1187/1139/630 1189/1141/797
f 888/834/630 886/833/629 1185/1136/608 1187/1139/630
f 886/833/629 884/831/628 1183/1134/792 1185/1136/608
f 884/831/628 882/829/626 1181/1132/790 1183/1134/792
f 882/829/626 880/827/624 1179/1130/788 1181/1132/790
f 880/827/624 878/825/622 1177/1128/786 1179/1130/788
f 878/825/622 876/823/615 1175/1126/775 1177/1128/786
f 876/823/615 874/821/619 1173/1124/619 1175/1126/775
f 874/821/619 872/819/617 1171/1122/617 1173/1124/619
f 872/819/617 870/817/617 1169/1120/782 1171/1122/617
f 870/817/617 868/815/619 1167/1118/781 1169/1120/782
f 868/815/619 866/813/617 1165/1116/779 1167/1118/781
f 866/813/617 864/811/613 1163/1114/617 1165/1116/779
f 864/811/613 862/809/615 1161/1112/778 1163/1114/617
f 862/809/615 860/807/615 1159/1110/608 1161/1112/778
f 860/807/615 858/805/615 1157/1108/775 1159/1110/608
f 858/805/615 856/803/615 1155/1106/615 1157/1108/775
f 856/803/615 854/801/608 1153/1104/608 1155/1106/615
f 854/801/608 852/799/613 1151/1102/775 1153/1104/608
f 852/799/613 850/797/610 1149/1100/612 1151/1102/775
f 850/797/610 848/795/610 1147/1098/612 1149/1100/612
f 848/795/610 846/793/612 1145/1096/612 1147/1098/612
f 846/793/612 844/791/610 1143/1094/612 1145/1096/612
f 844/791/610 842/789/608 1141/1092/770 1143/1094/612
f 842/789/608 840/786/605 1139/1091/769 1141/1092/770
f 840/786/605 838/785/604 1137/1088/604 1139/1091/769
f 838/785/604 836/783/600 1135/1086/600 1137/1088/604
f 836/783/600 834/781/349 1133/1084/372 1135/1086/600
f 834/781/349 832/779/603 1131/1082/764 1133/1084/372
f 832/779/603 830/777/349 1129/1080/763 1131/1082/764
f 830/777/349 828/775/372 1127/1078/763 1129/1080/763
f 828/775/372 826/773/371 1125/1076/600 1127/1078/763
f 826/773/371 824/771/371 1123/1074/600 1125/1076/600
f 824/771/371 822/769/598 1121/1072/600 1123/1074/600
f 822/769/598 820/767/598 1119/1070/600 1121/1072/600
f 820/767/598 818/765/600 1117/1068/598 1119/1070/600
f 818/765/600 816/763/600 1115/1066/760 1117/1068/598
f 816/763/600 814/761/598 1113/1064/600 1115/1066/760
f 814/761/598 812/759/369 1111/1062/758 1113/1064/600
f 812/759/369 810/757/369 1109/1060/600 1111/1062/758
f 810/757/369 808/755/369 1107/1058/600 1109/1060/600
f 808/755/369 806/753/599 1105/1056/755 1107/1058/600
f 806/753/599 804/751/598 1103/1051/751 1105/1056/755
f 804/751/598 802/750/597 3772/3635/1956 1101/1052/752 1103/1051/751
f 800/744/591 798/742/590 1097/1047/747 1099/1050/750 3773/3636/1957
f 1095/1045/745 1097/1047/747 798/742/590 796/740/584
f 1093/1043/584 1095/1045/745 796/740/584 794/738/584
f 1091/1041/584 1093/1043/584 794/738/584 792/736/584
f 1089/1039/743 1091/1041/584 792/736/584 790/734/584
f 1087/1037/587 1089/1039/743 790/734/584 788/732/584
f 1085/1035/584 1087/1037/587 788/732/584 786/730/584
f 1083/1033/736 1085/1035/584 786/730/584 784/728/584
f 1081/1031/587 1083/1033/736 784/728/584 782/726/584
f 1079/1029/349 1081/1031/587 782/726/584 780/724/584
f 1077/1027/583 1079/1029/349 780/724/584 778/722/584
f 1075/1025/741 1077/1027/583 778/722/584 776/720/349
f 776/720/349 774/718/349 1073/1023/372 1075/1025/741
f 774/718/349 772/716/586 1071/1021/737 1073/1023/372
f 772/716/586 770/714/585 1069/1019/740 1071/1021/737
f 770/714/585 768/712/347 1067/1017/738 1069/1019/740
f 768/712/347 766/710/583 1065/1015/736 1067/1017/738
f 766/710/583 764/708/581 1063/1013/351 1065/1015/736
f 1061/1011/734 1063/1013/351 764/708/581 762/706/579
f 762/706/579 760/704/573 1059/1009/714 1061/1011/734
f 760/704/573 758/702/577 1057/1007/731 1059/1009/714
f 758/702/577 756/700/576 1055/1005/731 1057/1007/731
f 756/700/576 754/698/573 1053/1003/730 1055/1005/731
f 754/698/573 752/696/573 1051/1001/730 1053/1003/730
f 752/696/573 750/694/570 1049/999/570 1051/1001/730
f 750/694/570 748/692/550 1047/997/714 1049/999/570
f 748/692/550 746/690/570 1045/995/560 1047/997/714
f 746/690/570 744/688/569 1043/993/728 1045/995/560
f 744/688/569 742/686/567 1041/991/560 1043/993/728
f 742/686/567 740/684/566 1039/989/570 1041/991/560
f 740/684/566 738/682/564 1037/987/561 1039/989/570
f 738/682/564 736/680/563 1035/985/724 1037/987/561
f 736/680/563 734/678/561 1033/983/723 1035/985/724
f 734/678/561 732/676/563 1031/981/724 1033/983/723
f 732/676/563 730/674/562 1029/979/724 1031/981/724
f 730/674/562 728/672/561 1027/977/723 1029/979/724
f 728/672/561 726/670/560 1025/975/722 1027/977/723
f 726/670/560 724/668/558 1023/973/560 1025/975/722
f 724/668/558 722/666/556 1021/971/720 1023/973/560
f 722/666/556 720/664/554 1019/969/718 1021/971/720
f 720/664/554 718/662/552 1017/967/552 1019/969/718
f 718/662/552 716/660/550 1015/965/715 1017/967/552
f 1013/963/548 1015/965/715 716/660/550 714/658/548
f 1011/961/712 1013/963/548 714/658/548 712/656/546
f 1003/952/705 1296/1249/710 1010/958/710 1005/954/706
f 1009/959/710 1011/961/712 712/656/546 710/654/544
f 1007/956/708 1009/959/710 710/654/544 708/652/543
f 894/840/636 892/838/634 1191/1143/798 897/844/638
f 581/522/421 579/520/419 893/841/637 895/843/421
f 579/520/419 577/518/417 891/839/635 893/841/637
f 577/518/417 575/516/415 889/837/633 891/839/635
f 575/516/415 573/514/413 887/835/631 889/837/633
f 573/514/413 571/513/412 885/832/395 887/835/631
f 571/513/412 569/511/411 883/830/627 885/832/395
f 569/511/411 567/509/409 881/828/625 883/830/627
f 567/509/409 565/507/407 879/826/623 881/828/625
f 565/507/407 563/505/405 877/824/621 879/826/623
f 563/505/405 561/503/397 875/822/615 877/824/621
f 561/503/397 559/501/394 873/820/618 875/822/615
f 559/501/394 557/499/401 871/818/399 873/820/618
f 557/499/401 555/497/403 869/816/620 871/818/399
f 555/497/403 553/495/394 867/814/618 869/816/620
f 553/495/394 551/493/401 865/812/399 867/814/618
f 551/493/401 549/491/399 863/810/403 865/812/399
f 549/491/399 547/489/397 861/808/616 863/810/403
f 547/489/397 545/487/395 859/806/615 861/808/616
f 545/487/395 543/485/323 857/804/397 859/806/615
f 543/485/323 541/483/323 855/802/615 857/804/397
f 541/483/323 539/481/392 853/800/614 855/802/615
f 539/481/392 537/479/390 851/798/397 853/800/614
f 537/479/390 535/477/388 849/796/612 851/798/397
f 535/477/388 533/475/386 847/794/612 849/796/612
f 533/475/386 531/473/386 845/792/611 847/794/612
f 531/473/386 529/471/384 843/790/609 845/792/611
f 529/471/384 527/469/382 841/788/607 843/790/609
f 527/469/382 525/466/379 839/787/606 841/788/607
f 525/466/379 523/465/378 837/784/604 839/787/606
f 523/465/378 521/463/351 835/782/598 837/784/604
f 521/463/351 519/461/347 833/780/371 835/782/598
f 519/461/347 517/459/349 831/778/602 833/780/371
f 517/459/349 515/457/349 829/776/601 831/778/602
f 515/457/349 513/455/373 827/774/601 829/776/601
f 513/455/373 511/453/371 825/772/371 827/774/601
f 511/453/371 509/451/351 823/770/369 825/772/371
f 509/451/351 507/449/370 821/768/369 823/770/369
f 507/449/370 505/447/369 819/766/369 821/768/369
f 505/447/369 503/445/369 817/764/369 819/766/369
f 503/445/369 501/443/369 815/762/369 817/764/369
f 501/443/369 499/441/369 813/760/369 815/762/369
f 499/441/369 497/439/366 811/758/369 813/760/369
f 497/439/366 495/437/367 809/756/351 811/758/369
f 495/437/367 493/435/367 807/754/369 809/756/351
f 493/435/367 491/433/366 805/752/369 807/754/369
f 491/433/366 489/431/364 803/747/594 805/752/369
f 489/431/364 487/430/363 3774/3637/1958 801/748/595 803/747/594
f 797/743/343 799/746/593 3775/3638/1959 485/424/357 483/422/355
f 795/741/352 797/743/343 483/422/355 481/420/353
f 793/739/352 795/741/352 481/420/353 479/418/347
f 791/737/589 793/739/352 479/418/347 477/416/353
f 789/735/588 791/737/589 477/416/353 475/414/351
f 787/733/584 789/735/588 475/414/351 473/412/352
f 785/731/584 787/733/584 473/412/352 471/410/352
f 783/729/584 785/731/584 471/410/352 469/408/352
f 781/727/584 783/729/584 469/408/352 467/406/352
f 779/725/587 781/727/584 467/406/352 465/404/351
f 777/723/351 779/725/587 465/404/351 463/402/351
f 775/721/347 777/723/351 463/402/351 461/400/347
f 773/719/347 775/721/347 461/400/347 459/398/347
f 771/717/349 773/719/347 459/398/347 457/396/349
f 769/715/372 771/717/349 457/396/349 455/394/348
f 767/713/347 769/715/372 455/394/348 453/392/347
f 453/392/347 451/390/345 765/711/584 767/713/347
f 451/390/345 449/388/343 763/709/582 765/711/584
f 761/707/580 763/709/582 449/388/343 447/386/341
f 447/386/341 445/384/338 759/705/575 761/707/580
f 445/384/338 443/382/338 757/703/578 759/705/575
f 443/382/338 441/380/338 755/701/575 757/703/578
f 441/380/338 439/378/336 753/699/575 755/701/575
f 439/378/336 437/376/334 751/697/574 753/699/575
f 437/376/334 435/374/324 749/695/572 751/697/574
f 435/374/324 433/372/314 747/693/568 749/695/572
f 433/372/314 431/370/331 745/691/571 747/693/568
f 431/370/331 429/368/324 743/689/558 745/691/571
f 429/368/324 427/366/324 741/687/568 743/689/558
f 427/366/324 425/364/331 739/685/558 741/687/568
f 425/364/331 423/362/330 737/683/558 739/685/558
f 423/362/330 421/360/329 735/681/565 737/683/558
f 421/360/329 419/358/324 733/679/561 735/681/565
f 419/358/324 417/356/326 731/677/564 733/679/561
f 417/356/326 415/354/326 729/675/562 731/677/564
f 415/354/326 413/352/324 727/673/558 729/675/562
f 413/352/324 411/350/324 725/671/558 727/673/558
f 411/350/324 409/348/322 723/669/559 725/671/558
f 409/348/322 407/346/320 721/667/557 723/669/559
f 407/346/320 405/344/318 719/665/555 721/667/557
f 405/344/318 403/342/316 717/663/553 719/665/555
f 403/342/316 401/340/314 715/661/551 717/663/553
f 713/659/549 715/661/551 401/340/314 399/338/312
f 711/657/547 713/659/549 399/338/312 397/336/310
f 709/655/545 711/657/547 397/336/310 395/334/308
f 707/653/543 709/655/545 395/334/308 393/332/306
f 700/644/536 1008/957/709 706/650/543 702/646/539
f 705/651/543 707/653/543 393/332/306 391/330/304
f 704/648/541 705/651/543 391/330/304 389/327/301
f 583/524/423 581/522/421 895/843/421 586/528/427
f 387/329/303 388/328/302 582/525/424 584/527/426
f 388/328/302 390/331/305 580/523/422 582/525/424
f 390/331/305 392/333/307 578/521/420 580/523/422
f 392/333/307 394/335/309 576/519/418 578/521/420
f 394/335/309 396/337/311 574/517/416 576/519/418
f 396/337/311 398/339/313 572/515/414 574/517/416
f 398/339/313 400/341/315 570/512/391 572/515/414
f 400/341/315 402/343/317 568/510/410 570/512/391
f 402/343/317 404/345/319 566/508/408 568/510/410
f 404/345/319 406/347/321 564/506/406 566/508/408
f 406/347/321 408/349/323 562/504/404 564/506/406
f 408/349/323 410/351/325 560/502/389 562/504/404
f 410/351/325 412/353/323 558/500/389 560/502/389
f 412/353/323 414/355/327 556/498/402 558/500/389
f 414/355/327 416/357/328 554/496/402 556/498/402
f 416/357/328 418/359/327 552/494/389 554/496/402
f 418/359/327 420/361/328 550/492/400 552/494/389
f 420/361/328 422/363/328 548/490/398 550/492/400
f 422/363/328 424/365/323 546/488/396 548/490/398
f 424/365/323 426/367/332 544/486/389 546/488/396
f 426/367/332 428/369/323 542/484/394 544/486/389
f 428/369/323 430/371/323 540/482/393 542/484/394
f 430/371/323 432/373/315 538/480/391 540/482/393
f 432/373/315 434/375/333 536/478/389 538/480/391
f 434/375/333 436/377/335 534/476/385 536/478/389
f 436/377/335 438/379/337 532/474/387 534/476/385
f 438/379/337 440/381/339 530/472/385 532/474/387
f 440/381/339 442/383/340 528/470/383 530/472/385
f 442/383/340 444/385/315 526/468/381 528/470/383
f 444/385/315 446/387/342 524/467/380 526/468/381
f 446/387/342 448/389/344 522/464/377 524/467/380
f 448/389/344 450/391/346 520/462/376 522/464/377
f 450/391/346 452/393/347 518/460/347 520/462/376
f 452/393/347 454/395/349 516/458/375 518/460/347
f 454/395/349 456/397/349 514/456/374 516/458/375
f 456/397/349 458/399/350 512/454/372 514/456/374
f 458/399/350 460/401/351 510/452/347 512/454/372
f 460/401/351 462/403/351 508/450/351 510/452/347
f 462/403/351 464/405/351 506/448/351 508/450/351
f 464/405/351 466/407/351 504/446/366 506/448/351
f 466/407/351 468/409/351 502/444/366 504/446/366
f 468/409/351 470/411/351 500/442/366 502/444/366
f 470/411/351 472/413/351 498/440/366 500/442/366
f 472/413/351 474/415/351 496/438/351 498/440/366
f 474/415/351 476/417/351 494/436/368 496/438/351
f 476/417/351 478/419/351 492/434/365 494/436/368
f 478/419/351 480/421/354 490/432/365 492/434/365
f 480/421/354 482/423/356 488/427/360 490/432/365
f 482/423/356 484/426/359 3776/3639/1960 486/428/361 488/427/360
f 3629/3640/1961 3821/3641/1962 3630/3642/1963 3694/3642/1964 3693/3640/1965
f 3603/3643/1966 3795/3644/1967 3604/3645/1968 3668/3645/1969 3667/3643/1970
f 3630/3642/1963 3822/3646/1971 3631/3647/1972 3695/3647/1973 3694/3642/1964
f 3604/3645/1968 3796/3648/1974 3605/3649/1975 3669/3649/1976 3668/3645/1969
f 3631/3647/1972 3823/3650/1977 3632/3651/1978 3696/3651/1979 3695/3647/1973
f 3605/3649/1975 3797/3652/1980 3606/3653/1981 3670/3653/1982 3669/3649/1976
f 3632/3651/1978 3824/3654/1983 3633/3655/1984 3697/3655/1985 3696/3651/1979
f 3606/3653/1981 3798/3656/1986 3607/3657/1987 3671/3657/1988 3670/3653/1982
f 3633/3655/1984 3825/3658/1989 3634/3659/1990 3698/3659/1991 3697/3655/1985
f 3607/3657/1987 3799/3660/1992 3608/3661/1993 3672/3661/1994 3671/3657/1988
f 3634/3659/1990 3826/3662/1995 3635/3663/1996 3699/3663/1997 3698/3659/1991
f 3608/3661/1993 3800/3664/1998 3609/3665/1999 3673/3665/2000 3672/3661/1994
f 3635/3663/1996 3827/3666/2001 3636/3667/2002 3700/3667/2003 3699/3663/1997
f 3609/3665/1999 3801/3668/2004 3610/3669/2005 3674/3669/2006 3673/3665/2000
f 3636/3667/2002 3828/3670/2007 3637/3671/2008 3701/3671/2009 3700/3667/2003
f 3610/3669/2005 3802/3672/2010 3611/3673/2011 3675/3673/2012 3674/3669/2006
f 3637/3671/2008 3829/3674/2013 3638/3675/2014 3702/3675/2015 3701/3671/2009
f 3611/3673/2011 3803/3676/2016 3612/3677/2017 3676/3677/2018 3675/3673/2012
f 3585/3678/2019 3777/3679/2020 3586/3680/2021 3650/3680/2022 3649/3678/2023
f 3638/3675/2014 3830/3681/2024 3639/3682/2025 3703/3682/2026 3702/3675/2015
f 3612/3677/2017 3804/3683/2027 3613/3684/2028 3677/3684/2029 3676/3677/2018
f 3586/3680/2021 3778/3685/2030 3587/3686/2031 3651/3686/2032 3650/3680/2022
f 3639/3682/2025 3831/3687/2033 3640/3688/2034 3704/3688/2035 3703/3682/2026
f 3613/3684/2028 3805/3689/2036 3614/3690/2037 3678/3690/2038 3677/3684/2029
f 3587/3686/2031 3779/3691/2039 3588/3692/2040 3652/3692/2041 3651/3686/2032
f 3640/3688/2034 3832/3693/2042 3641/3694/2043 3705/3694/2044 3704/3688/2035
f 3614/3690/2037 3806/3695/2045 3615/3696/2046 3679/3696/2047 3678/3690/2038
f 3588/3692/2040 3780/3697/2048 3589/3698/2049 3653/3698/2050 3652/3692/2041
f 3641/3694/2043 3833/3699/2051 3642/3700/2052 3706/3700/2053 3705/3694/2044
f 3615/3696/2046 3807/3701/2054 3616/3702/2055 3680/3702/2056 3679/3696/2047
f 3589/3698/2049 3781/3703/2057 3590/3704/2058 3654/3704/2059 3653/3698/2050
f 3642/3700/2052 3834/3705/2060 3643/3706/2061 3707/3706/2062 3706/3700/2053
f 3616/3702/2055 3808/3707/2063 3617/3708/2064 3681/3708/2065 3680/3702/2056
f 3590/3704/2058 3782/3709/2066 3591/3710/2067 3655/3710/2068 3654/3704/2059
f 3643/3706/2061 3835/3711/2069 3644/3712/2070 3708/3712/2071 3707/3706/2062
f 3617/3708/2064 3809/3713/2072 3618/3714/2073 3682/3714/2074 3681/3708/2065
f 3591/3710/2067 3783/3715/2075 3592/3716/2076 3656/3716/2077 3655/3710/2068
f 3644/3712/2070 3836/3717/2078 3645/3718/2079 3709/3718/2080 3708/3712/2071
f 3618/3714/2073 3810/3719/2081 3619/3720/2082 3683/3720/2083 3682/3714/2074
f 3592/3716/2076 3784/3721/2084 3593/3722/2085 3657/3722/2086 3656/3716/2077
f 3645/3718/2079 3837/3723/2087 3646/3724/2088 3710/3724/2089 3709/3718/2080
f 3619/3720/2082 3811/3725/2090 3620/3726/2091 3684/3726/2092 3683/3720/2083
f 3593/3722/2085 3785/3727/2093 3594/3728/2094 3658/3728/2095 3657/3722/2086
f 3646/3724/2088 3838/3729/2096 3647/3730/2097 3711/3730/2098 3710/3724/2089
f 3620/3726/2091 3812/3731/2099 3621/3732/2100 3685/3732/2101 3684/3726/2092
f 3594/3728/2094 3786/3733/2102 3595/3734/2103 3659/3734/2104 3658/3728/2095
f 3647/3730/2097 3839/3735/2105 3648/3736/2106 3712/3736/2107 3711/3730/2098
f 3621/3732/2100 3813/3737/2108 3622/3738/2109 3686/3738/2110 3685/3732/2101
f 3595/3734/2103 3787/3739/2111 3596/3740/2112 3660/3740/2113 3659/3734/2104
f 3648/3736/2106 3840/3741/2114 3585/3678/2019 3649/3678/2023 3712/3736/2107
f 3622/3738/2109 3814/3742/2115 3623/3743/2116 3687/3743/2117 3686/3738/2110
f 3596/3740/2112 3788/3744/2118 3597/3745/2119 3661/3745/2120 3660/3740/2113
f 3623/3743/2116 3815/3746/2121 3624/3747/2122 3688/3747/2123 3687/3743/2117
f 3597/3745/2119 3789/3748/2124 3598/3749/2125 3662/3749/2126 3661/3745/2120
f 3624/3747/2122 3816/3750/2127 3625/3751/2128 3689/3751/2129 3688/3747/2123
f 3598/3749/2125 3790/3752/2130 3599/3753/2131 3663/3753/2132 3662/3749/2126
f 3625/3751/2128 3817/3754/2133 3626/3755/2134 3690/3755/2135 3689/3751/2129
f 3599/3753/2131 3791/3756/2136 3600/3757/2137 3664/3757/2138 3663/3753/2132
f 3626/3755/2134 3818/3758/2139 3627/3759/2140 3691/3759/2141 3690/3755/2135
f 3600/3757/2137 3792/3760/2142 3601/3761/2143 3665/3761/2144 3664/3757/2138
f 3627/3759/2140 3819/3762/2145 3628/3763/2146 3692/3763/2147 3691/3759/2141
f 3601/3764/2143 3793/3765/2148 3602/3766/2149 3666/3766/2150 3665/3764/2144
f 3628/3763/2146 3820/3767/2151 3629/3640/1961 3693/3640/1965 3692/3763/2147
f 3602/3766/2149 3794/3768/2152 3603/3643/1966 3667/3643/1970 3666/3766/2150
f 3968/3769/2153 3842/3770/2154 486/428/361 3776/3639/1960
f 3967/3771/2155 3843/3772/2156 487/430/363 3714/429/362
f 3966/3773/2157 3844/3774/2158 801/748/595 3774/3637/1958
f 3965/3775/2159 3845/3776/2160 802/750/597 3716/749/596
f 3964/3777/2161 3846/3778/2162 1101/1052/752 3772/3635/1956
f 3963/3779/2163 3847/3780/2164 1102/1054/754 3718/1053/753
f 3962/3781/2165 3848/3782/2166 1434/1340/941 3770/3632/1953
f 3961/3783/2167 3849/3784/2168 1433/1342/943 3769/1341/942
f 3960/3785/2169 3850/3786/2170 1432/1796/1252 3768/3631/1952
f 3959/3787/2171 3851/3788/2172 1431/1792/1249 3767/1797/1253
f 3958/3789/2173 3852/3790/2174 1430/1788/1245 3766/1793/1250
f 3957/3791/2175 3853/3792/2176 1429/1784/1242 3765/1789/1246
f 3956/3793/2177 3854/3794/2178 1428/1780/1238 3764/1785/1243
f 3955/3795/2179 3855/3796/2180 1427/1776/1234 3763/1781/1239
f 3954/3797/2181 3856/3798/2182 1426/1772/1230 3762/1777/1235
f 3953/3799/2183 3857/3800/2184 1425/1768/1226 3761/1773/1231
f 3952/3801/2185 3858/3802/2186 1424/1764/1223 3760/1769/1227
f 3951/3803/2187 3859/3804/2188 1423/1760/1219 3759/1765/1224
f 3950/3805/2189 3860/3806/2190 1422/1756/1215 3758/1761/1220
f 3949/3807/2191 3861/3808/2192 1421/1752/1211 3757/1757/1216
f 3948/3809/2193 3862/3810/2194 1420/1748/1207 3756/1753/1212
f 3947/3811/2195 3863/3812/2196 1419/1744/1204 3755/1749/1208
f 3946/3813/2197 3864/3814/2198 1418/1740/1201 3754/1745/1205
f 3945/3815/2199 3865/3816/2200 1417/1736/1197 3753/1741/1202
f 3944/3817/2201 3866/3818/2202 1416/1732/1193 3752/1737/1198
f 3943/3819/2203 3867/3820/2204 1415/1728/1191 3751/1733/1194
f 3942/3821/2205 3868/3822/2206 1414/1724/1189 3750/1729/1192
f 3941/3823/2207 3869/3824/2208 1413/1720/1185 3749/1725/1190
f 3940/3825/2209 3870/3826/2210 1412/1716/1181 3748/1721/1186
f 3939/3827/2211 3871/3828/2212 1411/1712/1177 3747/1717/1182
f 3938/3829/2213 3872/3830/2214 1410/1708/1173 3746/1713/1178
f 3937/3831/2215 3873/3832/2216 1409/1704/1169 3745/1709/1174
f 3936/3833/2217 3874/3834/2218 1408/1700/1166 3744/1705/1170
f 3935/3835/2219 3875/3836/2220 1407/1696/1162 3743/1701/1167
f 3934/3837/2221 3876/3838/2222 1406/1692/1158 3742/1697/1163
f 3933/3839/2223 3877/3840/2224 1405/1688/1154 3741/1693/1159
f 3932/3841/2225 3878/3842/2226 1404/1684/1150 3740/1689/1155
f 3931/3843/2227 3879/3844/2228 1403/1680/1147 3739/1685/1151
f 3930/3845/2229 3880/3846/2230 1402/1676/1144 3738/1681/1148
f 3929/3847/2231 3881/3848/2232 1401/1672/1140 3737/1677/1145
f 3928/3849/2233 3882/3850/2234 1400/1668/1137 3736/1673/1141
f 3927/3851/2235 3883/3852/2236 1399/1664/1134 3735/1669/1138
f 3926/3853/2237 3884/3854/2238 1398/1660/1132 3734/1665/1135
f 3925/3855/2239 3885/3856/2240 1397/1656/1128 3733/1661/1133
f 3924/3857/2241 3886/3858/2242 1396/1652/1124 3732/1657/1129
f 3923/3859/2243 3887/3860/2244 1395/1648/1120 3731/1653/1125
f 3922/3861/2245 3888/3862/2246 1394/1644/1116 3730/1649/1121
f 3921/3863/2247 3889/3864/2248 1393/1643/1113 3729/1645/1117
f 3920/3865/2249 3890/3866/2250 1392/1633/1109 3728/1638/1114
f 3919/3867/2251 3891/3868/2252 1391/1629/1105 3727/1634/1110
f 3918/3869/2253 3892/3870/2254 1390/1625/1101 3726/1630/1106
f 3917/3871/2255 3893/3872/2256 1389/1621/1098 3725/1626/1102
f 3916/3873/2257 3894/3874/2258 1388/1617/1094 3724/1622/1099
f 3915/3875/2259 3895/3876/2260 1387/1613/1091 3723/1618/1095
f 3914/3877/2261 3896/3878/2262 1386/1608/1087 3722/1614/1092
f 3913/3879/2263 3897/3880/2264 1385/1610/1089 3721/1609/1088
f 3912/3881/2265 3898/3882/2266 1384/1336/938 3720/3633/1954
f 3911/3883/2267 3899/3884/2268 1383/1338/940 3719/1337/939
f 3910/3885/2269 3900/3886/2270 1100/1048/748 3771/3634/1955
f 3909/3887/2271 3901/3888/2272 1099/1050/750 3717/1049/749
f 3908/3889/2273 3902/3890/2274 800/744/591 3773/3636/1957
f 3907/3891/2275 3903/3892/2276 799/746/593 3715/745/592
f 3906/3893/2277 3904/3894/2278 485/424/357 3775/3638/1959
f 3905/3895/2279 3841/3896/2280 484/426/359 3713/425/358
f 3904/3894/2278 3905/3895/2279 3713/425/358 485/424/357
f 3586/3680/2021 3777/3679/2020 3905/3895/2279 3904/3894/2278
f 3777/3679/2020 3585/3678/2019 3841/3896/2280 3905/3895/2279
f 3903/3892/2276 3906/3893/2277 3775/3638/1959 799/746/593
f 3587/3686/2031 3778/3685/2030 3906/3893/2277 3903/3892/2276
f 3778/3685/2030 3586/3680/2021 3904/3894/2278 3906/3893/2277
f 3902/3890/2274 3907/3891/2275 3715/745/592 800/744/591
f 3588/3692/2040 3779/3691/2039 3907/3891/2275 3902/3890/2274
f 3779/3691/2039 3587/3686/2031 3903/3892/2276 3907/3891/2275
f 3901/3888/2272 3908/3889/2273 3773/3636/1957 1099/1050/750
f 3589/3698/2049 3780/3697/2048 3908/3889/2273 3901/3888/2272
f 3780/3697/2048 3588/3692/2040 3902/3890/2274 3908/3889/2273
f 3900/3886/2270 3909/3887/2271 3717/1049/749 1100/1048/748
f 3590/3704/2058 3781/3703/2057 3909/3887/2271 3900/3886/2270
f 3781/3703/2057 3589/3698/2049 3901/3888/2272 3909/3887/2271
f 3899/3884/2268 3910/3885/2269 3771/3634/1955 1383/1338/940
f 3591/3710/2067 3782/3709/2066 3910/3885/2269 3899/3884/2268
f 3782/3709/2066 3590/3704/2058 3900/3886/2270 3910/3885/2269
f 3898/3882/2266 3911/3883/2267 3719/1337/939 1384/1336/938
f 3592/3716/2076 3783/3715/2075 3911/3883/2267 3898/3882/2266
f 3783/3715/2075 3591/3710/2067 3899/3884/2268 3911/3883/2267
f 3897/3880/2264 3912/3881/2265 3720/3633/1954 1385/1610/1089
f 3593/3722/2085 3784/3721/2084 3912/3881/2265 3897/3880/2264
f 3784/3721/2084 3592/3716/2076 3898/3882/2266 3912/3881/2265
f 3896/3878/2262 3913/3879/2263 3721/1609/1088 1386/1608/1087
f 3594/3728/2094 3785/3727/2093 3913/3879/2263 3896/3878/2262
f 3785/3727/2093 3593/3722/2085 3897/3880/2264 3913/3879/2263
f 3895/3876/2260 3914/3877/2261 3722/1614/1092 1387/1613/1091
f 3595/3734/2103 3786/3733/2102 3914/3877/2261 3895/3876/2260
f 3786/3733/2102 3594/3728/2094 3896/3878/2262 3914/3877/2261
f 3894/3874/2258 3915/3875/2259 3723/1618/1095 1388/1617/1094
f 3596/3740/2112 3787/3739/2111 3915/3875/2259 3894/3874/2258
f 3787/3739/2111 3595/3734/2103 3895/3876/2260 3915/3875/2259
f 3893/3872/2256 3916/3873/2257 3724/1622/1099 1389/1621/1098
f 3597/3745/2119 3788/3744/2118 3916/3873/2257 3893/3872/2256
f 3788/3744/2118 3596/3740/2112 3894/3874/2258 3916/3873/2257
f 3892/3870/2254 3917/3871/2255 3725/1626/1102 1390/1625/1101
f 3598/3749/2125 3789/3748/2124 3917/3871/2255 3892/3870/2254
f 3789/3748/2124 3597/3745/2119 3893/3872/2256 3917/3871/2255
f 3891/3868/2252 3918/3869/2253 3726/1630/1106 1391/1629/1105
f 3599/3753/2131 3790/3752/2130 3918/3869/2253 3891/3868/2252
f 3790/3752/2130 3598/3749/2125 3892/3870/2254 3918/3869/2253
f 3890/3866/2250 3919/3867/2251 3727/1634/1110 1392/1633/1109
f 3600/3757/2137 3791/3756/2136 3919/3867/2251 3890/3866/2250
f 3791/3756/2136 3599/3753/2131 3891/3868/2252 3919/3867/2251
f 3889/3897/2248 3920/3865/2249 3728/1638/1114 1393/1637/1113
f 3601/3761/2143 3792/3760/2142 3920/3865/2249 3889/3897/2248
f 3792/3760/2142 3600/3757/2137 3890/3866/2250 3920/3865/2249
f 3888/3862/2246 3921/3863/2247 3729/1645/1117 1394/1644/1116
f 3602/3766/2149 3793/3765/2148 3921/3863/2247 3888/3862/2246
f 3793/3765/2148 3601/3764/2143 3889/3864/2248 3921/3863/2247
f 3887/3860/2244 3922/3861/2245 3730/1649/1121 1395/1648/1120
f 3603/3643/1966 3794/3768/2152 3922/3861/2245 3887/3860/2244
f 3794/3768/2152 3602/3766/2149 3888/3862/2246 3922/3861/2245
f 3886/3858/2242 3923/3859/2243 3731/1653/1125 1396/1652/1124
f 3604/3645/1968 3795/3644/1967 3923/3859/2243 3886/3858/2242
f 3795/3644/1967 3603/3643/1966 3887/3860/2244 3923/3859/2243
f 3885/3856/2240 3924/3857/2241 3732/1657/1129 1397/1656/1128
f 3605/3649/1975 3796/3648/1974 3924/3857/2241 3885/3856/2240
f 3796/3648/1974 3604/3645/1968 3886/3858/2242 3924/3857/2241
f 3884/3854/2238 3925/3855/2239 3733/1661/1133 1398/1660/1132
f 3606/3653/1981 3797/3652/1980 3925/3855/2239 3884/3854/2238
f 3797/3652/1980 3605/3649/1975 3885/3856/2240 3925/3855/2239
f 3883/3852/2236 3926/3853/2237 3734/1665/1135 1399/1664/1134
f 3607/3657/1987 3798/3656/1986 3926/3853/2237 3883/3852/2236
f 3798/3656/1986 3606/3653/1981 3884/3854/2238 3926/3853/2237
f 3882/3850/2234 3927/3851/2235 3735/1669/1138 1400/1668/1137
f 3608/3661/1993 3799/3660/1992 3927/3851/2235 3882/3850/2234
f 3799/3660/1992 3607/3657/1987 3883/3852/2236 3927/3851/2235
f 3881/3848/2232 3928/3849/2233 3736/1673/1141 1401/1672/1140
f 3609/3665/1999 3800/3664/1998 3928/3849/2233 3881/3848/2232
f 3800/3664/1998 3608/3661/1993 3882/3850/2234 3928/3849/2233
f 3880/3846/2230 3929/3847/2231 3737/1677/1145 1402/1676/1144
f 3610/3669/2005 3801/3668/2004 3929/3847/2231 3880/3846/2230
f 3801/3668/2004 3609/3665/1999 3881/3848/2232 3929/3847/2231
f 3879/3844/2228 3930/3845/2229 3738/1681/1148 1403/1680/1147
f 3611/3673/2011 3802/3672/2010 3930/3845/2229 3879/3844/2228
f 3802/3672/2010 3610/3669/2005 3880/3846/2230 3930/3845/2229
f 3878/3842/2226 3931/3843/2227 3739/1685/1151 1404/1684/1150
f 3612/3677/2017 3803/3676/2016 3931/3843/2227 3878/3842/2226
f 3803/3676/2016 3611/3673/2011 3879/3844/2228 3931/3843/2227
f 3877/3840/2224 3932/3841/2225 3740/1689/1155 1405/1688/1154
f 3613/3684/2028 3804/3683/2027 3932/3841/2225 3877/3840/2224
f 3804/3683/2027 3612/3677/2017 3878/3842/2226 3932/3841/2225
f 3876/3838/2222 3933/3839/2223 3741/1693/1159 1406/1692/1158
f 3614/3690/2037 3805/3689/2036 3933/3839/2223 3876/3838/2222
f 3805/3689/2036 3613/3684/2028 3877/3840/2224 3933/3839/2223
f 3875/3836/2220 3934/3837/2221 3742/1697/1163 1407/1696/1162
f 3615/3696/2046 3806/3695/2045 3934/3837/2221 3875/3836/2220
f 3806/3695/2045 3614/3690/2037 3876/3838/2222 3934/3837/2221
f 3874/3834/2218 3935/3835/2219 3743/1701/1167 1408/1700/1166
f 3616/3702/2055 3807/3701/2054 3935/3835/2219 3874/3834/2218
f 3807/3701/2054 3615/3696/2046 3875/3836/2220 3935/3835/2219
f 3873/3832/2216 3936/3833/2217 3744/1705/1170 1409/1704/1169
f 3617/3708/2064 3808/3707/2063 3936/3833/2217 3873/3832/2216
f 3808/3707/2063 3616/3702/2055 3874/3834/2218 3936/3833/2217
f 3872/3830/2214 3937/3831/2215 3745/1709/1174 1410/1708/1173
f 3618/3714/2073 3809/3713/2072 3937/3831/2215 3872/3830/2214
f 3809/3713/2072 3617/3708/2064 3873/3832/2216 3937/3831/2215
f 3871/3828/2212 3938/3829/2213 3746/1713/1178 1411/1712/1177
f 3619/3720/2082 3810/3719/2081 3938/3829/2213 3871/3828/2212
f 3810/3719/2081 3618/3714/2073 3872/3830/2214 3938/3829/2213
f 3870/3826/2210 3939/3827/2211 3747/1717/1182 1412/1716/1181
f 3620/3726/2091 3811/3725/2090 3939/3827/2211 3870/3826/2210
f 3811/3725/2090 3619/3720/2082 3871/3828/2212 3939/3827/2211
f 3869/3824/2208 3940/3825/2209 3748/1721/1186 1413/1720/1185
f 3621/3732/2100 3812/3731/2099 3940/3825/2209 3869/3824/2208
f 3812/3731/2099 3620/3726/2091 3870/3826/2210 3940/3825/2209
f 3868/3822/2206 3941/3823/2207 3749/1725/1190 1414/1724/1189
f 3622/3738/2109 3813/3737/2108 3941/3823/2207 3868/3822/2206
f 3813/3737/2108 3621/3732/2100 3869/3824/2208 3941/3823/2207
f 3867/3820/2204 3942/3821/2205 3750/1729/1192 1415/1728/1191
f 3623/3743/2116 3814/3742/2115 3942/3821/2205 3867/3820/2204
f 3814/3742/2115 3622/3738/2109 3868/3822/2206 3942/3821/2205
f 3866/3818/2202 3943/3819/2203 3751/1733/1194 1416/1732/1193
f 3624/3747/2122 3815/3746/2121 3943/3819/2203 3866/3818/2202
f 3815/3746/2121 3623/3743/2116 3867/3820/2204 3943/3819/2203
f 3865/3816/2200 3944/3817/2201 3752/1737/1198 1417/1736/1197
f 3625/3751/2128 3816/3750/2127 3944/3817/2201 3865/3816/2200
f 3816/3750/2127 3624/3747/2122 3866/3818/2202 3944/3817/2201
f 3864/3814/2198 3945/3815/2199 3753/1741/1202 1418/1740/1201
f 3626/3755/2134 3817/3754/2133 3945/3815/2199 3864/3814/2198
f 3817/3754/2133 3625/3751/2128 3865/3816/2200 3945/3815/2199
f 3863/3812/2196 3946/3813/2197 3754/1745/1205 1419/1744/1204
f 3627/3759/2140 3818/3758/2139 3946/3813/2197 3863/3812/2196
f 3818/3758/2139 3626/3755/2134 3864/3814/2198 3946/3813/2197
f 3862/3810/2194 3947/3811/2195 3755/1749/1208 1420/1748/1207
f 3628/3763/2146 3819/3762/2145 3947/3811/2195 3862/3810/2194
f 3819/3762/2145 3627/3759/2140 3863/3812/2196 3947/3811/2195
f 3861/3808/2192 3948/3809/2193 3756/1753/1212 1421/1752/1211
f 3629/3640/1961 3820/3767/2151 3948/3809/2193 3861/3808/2192
f 3820/3767/2151 3628/3763/2146 3862/3810/2194 3948/3809/2193
f 3860/3806/2190 3949/3807/2191 3757/1757/1216 1422/1756/1215
f 3630/3642/1963 3821/3641/1962 3949/3807/2191 3860/3806/2190
f 3821/3641/1962 3629/3640/1961 3861/3808/2192 3949/3807/2191
f 3859/3804/2188 3950/3805/2189 3758/1761/1220 1423/1760/1219
f 3631/3647/1972 3822/3646/1971 3950/3805/2189 3859/3804/2188
f 3822/3646/1971 3630/3642/1963 3860/3806/2190 3950/3805/2189
f 3858/3802/2186 3951/3803/2187 3759/1765/1224 1424/1764/1223
f 3632/3651/1978 3823/3650/1977 3951/3803/2187 3858/3802/2186
f 3823/3650/1977 3631/3647/1972 3859/3804/2188 3951/3803/2187
f 3857/3800/2184 3952/3801/2185 3760/1769/1227 1425/1768/1226
f 3633/3655/1984 3824/3654/1983 3952/3801/2185 3857/3800/2184
f 3824/3654/1983 3632/3651/1978 3858/3802/2186 3952/3801/2185
f 3856/3798/2182 3953/3799/2183 3761/1773/1231 1426/1772/1230
f 3634/3659/1990 3825/3658/1989 3953/3799/2183 3856/3798/2182
f 3825/3658/1989 3633/3655/1984 3857/3800/2184 3953/3799/2183
f 3855/3796/2180 3954/3797/2181 3762/1777/1235 1427/1776/1234
f 3635/3663/1996 3826/3662/1995 3954/3797/2181 3855/3796/2180
f 3826/3662/1995 3634/3659/1990 3856/3798/2182 3954/3797/2181
f 3854/3794/2178 3955/3795/2179 3763/1781/1239 1428/1780/1238
f 3636/3667/2002 3827/3666/2001 3955/3795/2179 3854/3794/2178
f 3827/3666/2001 3635/3663/1996 3855/3796/2180 3955/3795/2179
f 3853/3792/2176 3956/3793/2177 3764/1785/1243 1429/1784/1242
f 3637/3671/2008 3828/3670/2007 3956/3793/2177 3853/3792/2176
f 3828/3670/2007 3636/3667/2002 3854/3794/2178 3956/3793/2177
f 3852/3790/2174 3957/3791/2175 3765/1789/1246 1430/1788/1245
f 3638/3675/2014 3829/3674/2013 3957/3791/2175 3852/3790/2174
f 3829/3674/2013 3637/3671/2008 3853/3792/2176 3957/3791/2175
f 3851/3788/2172 3958/3789/2173 3766/1793/1250 1431/1792/1249
f 3639/3682/2025 3830/3681/2024 3958/3789/2173 3851/3788/2172
f 3830/3681/2024 3638/3675/2014 3852/3790/2174 3958/3789/2173
f 3850/3786/2170 3959/3787/2171 3767/1797/1253 1432/1796/1252
f 3640/3688/2034 3831/3687/2033 3959/3787/2171 3850/3786/2170
f 3831/3687/2033 3639/3682/2025 3851/3788/2172 3959/3787/2171
f 3849/3784/2168 3960/3785/2169 3768/3631/1952 1433/1342/943
f 3641/3694/2043 3832/3693/2042 3960/3785/2169 3849/3784/2168
f 3832/3693/2042 3640/3688/2034 3850/3786/2170 3960/3785/2169
f 3848/3782/2166 3961/3783/2167 3769/1341/942 1434/1340/941
f 3642/3700/2052 3833/3699/2051 3961/3783/2167 3848/3782/2166
f 3833/3699/2051 3641/3694/2043 3849/3784/2168 3961/3783/2167
f 3847/3780/2164 3962/3781/2165 3770/3632/1953 1102/1054/754
f 3643/3706/2061 3834/3705/2060 3962/3781/2165 3847/3780/2164
f 3834/3705/2060 3642/3700/2052 3848/3782/2166 3962/3781/2165
f 3846/3778/2162 3963/3779/2163 3718/1053/753 1101/1052/752
f 3644/3712/2070 3835/3711/2069 3963/3779/2163 3846/3778/2162
f 3835/3711/2069 3643/3706/2061 3847/3780/2164 3963/3779/2163
f 3845/3776/2160 3964/3777/2161 3772/3635/1956 802/750/597
f 3645/3718/2079 3836/3717/2078 3964/3777/2161 3845/3776/2160
f 3836/3717/2078 3644/3712/2070 3846/3778/2162 3964/3777/2161
f 3844/3774/2158 3965/3775/2159 3716/749/596 801/748/595
f 3646/3724/2088 3837/3723/2087 3965/3775/2159 3844/3774/2158
f 3837/3723/2087 3645/3718/2079 3845/3776/2160 3965/3775/2159
f 3843/3772/2156 3966/3773/2157 3774/3637/1958 487/430/363
f 3647/3730/2097 3838/3729/2096 3966/3773/2157 3843/3772/2156
f 3838/3729/2096 3646/3724/2088 3844/3774/2158 3966/3773/2157
f 3842/3770/2154 3967/3771/2155 3714/429/362 486/428/361
f 3648/3736/2106 3839/3735/2105 3967/3771/2155 3842/3770/2154
f 3839/3735/2105 3647/3730/2097 3843/3772/2156 3967/3771/2155
f 3841/3896/2280 3968/3769/2153 3776/3639/1960 484/426/359
f 3585/3678/2019 3840/3741/2114 3968/3769/2153 3841/3896/2280
f 3840/3741/2114 3648/3736/2106 3842/3770/2154 3968/3769/2153
o top.001
v 0.059669 0.163070 -0.000000
v 0.059378 0.163070 -0.005848
v 0.059438 0.163945 -0.000000
v 0.059148 0.163945 -0.005825
v 0.059737 0.164747 -0.000000
v 0.059446 0.164747 -0.005854
v 0.060179 0.165546 -0.000000
v 0.059885 0.165546 -0.005898
v 0.060376 0.166410 -0.000000
v 0.060082 0.166410 -0.005917
v 0.060391 0.167323 -0.000000
v 0.060097 0.167323 -0.005919
v 0.060284 0.168269 -0.000000
v 0.059990 0.168269 -0.005908
v 0.060116 0.169232 -0.000000
v 0.059823 0.169232 -0.005892
v 0.059120 0.168269 -0.011760
v 0.058955 0.169232 -0.011727
v 0.057685 0.168269 -0.017499
v 0.057524 0.169232 -0.017450
v 0.055695 0.168269 -0.023070
v 0.055540 0.169232 -0.023005
v 0.053163 0.168269 -0.028416
v 0.053014 0.169232 -0.028336
v 0.050119 0.168269 -0.033489
v 0.049980 0.169232 -0.033395
v 0.046597 0.168269 -0.038242
v 0.046467 0.169232 -0.038135
v 0.042627 0.168269 -0.042627
v 0.042508 0.169232 -0.042508
v 0.038242 0.168269 -0.046597
v 0.038135 0.169232 -0.046467
v 0.033489 0.168269 -0.050120
v 0.033395 0.169232 -0.049980
v 0.028415 0.168269 -0.053163
v 0.028336 0.169232 -0.053015
v 0.023070 0.168269 -0.055695
v 0.023005 0.169232 -0.055540
v 0.017499 0.168269 -0.057685
v 0.017450 0.169232 -0.057524
v 0.011760 0.168269 -0.059120
v 0.011727 0.169232 -0.058955
v 0.005908 0.168269 -0.059990
v 0.005891 0.169232 -0.059823
v 0.000000 0.168269 -0.060284
v 0.000000 0.169232 -0.060116
v -0.005908 0.168269 -0.059990
v -0.005891 0.169232 -0.059823
v -0.011760 0.168269 -0.059120
v -0.011727 0.169232 -0.058955
v -0.017499 0.168269 -0.057685
v -0.017450 0.169232 -0.057524
v -0.023070 0.168269 -0.055695
v -0.023005 0.169232 -0.055540
v -0.028415 0.168269 -0.053163
v -0.028336 0.169232 -0.053015
v -0.033489 0.168269 -0.050120
v -0.033395 0.169232 -0.049980
v -0.038242 0.168269 -0.046597
v -0.038135 0.169232 -0.046467
v -0.042627 0.168269 -0.042627
v -0.042508 0.169232 -0.042508
v -0.046597 0.168269 -0.038242
v -0.046467 0.169232 -0.038135
v -0.050119 0.168269 -0.033489
v -0.049980 0.169232 -0.033395
v -0.053163 0.168269 -0.028416
v -0.053014 0.169232 -0.028336
v -0.055695 0.168269 -0.023070
v -0.055540 0.169232 -0.023005
v -0.057685 0.168269 -0.017499
v -0.057524 0.169232 -0.017450
v -0.059120 0.168269 -0.011760
v -0.058955 0.169232 -0.011727
v -0.059990 0.168269 -0.005908
v -0.059823 0.169232 -0.005892
v -0.060284 0.168269 -0.000000
v -0.060116 0.169232 -0.000000
v -0.059990 0.168269 0.005908
v -0.059823 0.169232 0.005891
v -0.059120 0.168269 0.011760
v -0.058955 0.169232 0.011727
v -0.057685 0.168269 0.017499
v -0.057524 0.169232 0.017450
v -0.055695 0.168269 0.023070
v -0.055540 0.169232 0.023005
v -0.053163 0.168269 0.028415
v -0.053014 0.169232 0.028336
v -0.050119 0.168269 0.033489
v -0.049980 0.169232 0.033395
v -0.046597 0.168269 0.038242
v -0.046467 0.169232 0.038135
v -0.042627 0.168269 0.042627
v -0.042508 0.169232 0.042508
v -0.038242 0.168269 0.046597
v -0.038135 0.169232 0.046467
v -0.033489 0.168269 0.050119
v -0.033395 0.169232 0.049980
v -0.028415 0.168269 0.053163
v -0.028336 0.169232 0.053014
v -0.023070 0.168269 0.055695
v -0.023005 0.169232 0.055540
v -0.017499 0.168269 0.057684
v -0.017450 0.169232 0.057523
v -0.011760 0.168269 0.059120
v -0.011727 0.169232 0.058955
v -0.005908 0.168269 0.059990
v -0.005891 0.169232 0.059823
v 0.000000 0.168269 0.060284
v 0.000000 0.169232 0.060116
v 0.005908 0.168269 0.059990
v 0.005891 0.169232 0.059823
v 0.011760 0.168269 0.059120
v 0.011727 0.169232 0.058955
v 0.017499 0.168269 0.057684
v 0.017450 0.169232 0.057523
v 0.023070 0.168269 0.055695
v 0.023005 0.169232 0.055540
v 0.028415 0.168269 0.053163
v 0.028336 0.169232 0.053014
v 0.033489 0.168269 0.050119
v 0.033395 0.169232 0.049980
v 0.038242 0.168269 0.046597
v 0.038135 0.169232 0.046467
v 0.042627 0.168269 0.042627
v 0.042508 0.169232 0.042508
v 0.046597 0.168269 0.038242
v 0.046467 0.169232 0.038135
v 0.050119 0.168269 0.033489
v 0.049980 0.169232 0.033395
v 0.053163 0.168269 0.028415
v 0.053014 0.169232 0.028336
v 0.055695 0.168269 0.023070
v 0.055540 0.169232 0.023005
v 0.057685 0.168269 0.017499
v 0.057524 0.169232 0.017450
v 0.059120 0.168269 0.011760
v 0.058955 0.169232 0.011727
v 0.059990 0.168269 0.005908
v 0.059823 0.169232 0.005891
v 0.060097 0.167323 0.005918
v 0.059225 0.167323 0.011780
v 0.060082 0.166410 0.005917
v 0.059211 0.166410 0.011778
v 0.059885 0.165546 0.005898
v 0.059017 0.165546 0.011739
v 0.059446 0.164747 0.005854
v 0.058583 0.164747 0.011653
v 0.059148 0.163945 0.005825
v 0.058290 0.163945 0.011595
v 0.059378 0.163070 0.005848
v 0.058517 0.163070 0.011640
v 0.058517 0.163070 -0.011640
v 0.057096 0.163070 -0.017321
v 0.058290 0.163945 -0.011595
v 0.056875 0.163945 -0.017253
v 0.058583 0.164747 -0.011653
v 0.057161 0.164747 -0.017340
v 0.059017 0.165546 -0.011739
v 0.057584 0.165546 -0.017469
v 0.059211 0.166410 -0.011778
v 0.057773 0.166410 -0.017526
v 0.059225 0.167323 -0.011781
v 0.057787 0.167323 -0.017530
v 0.055780 0.166410 -0.023105
v 0.055794 0.167323 -0.023111
v 0.053244 0.166410 -0.028459
v 0.053257 0.167323 -0.028466
v 0.050196 0.166410 -0.033540
v 0.050209 0.167323 -0.033548
v 0.046668 0.166410 -0.038301
v 0.046680 0.167323 -0.038310
v 0.042693 0.166410 -0.042693
v 0.042703 0.167323 -0.042703
v 0.038301 0.166410 -0.046669
v 0.038310 0.167323 -0.046680
v 0.033540 0.166410 -0.050196
v 0.033548 0.167323 -0.050209
v 0.028459 0.166410 -0.053244
v 0.028466 0.167323 -0.053257
v 0.023105 0.166410 -0.055781
v 0.023111 0.167323 -0.055794
v 0.017526 0.166410 -0.057773
v 0.017530 0.167323 -0.057787
v 0.011778 0.166410 -0.059211
v 0.011781 0.167323 -0.059225
v 0.005917 0.166410 -0.060082
v 0.005918 0.167323 -0.060097
v 0.000000 0.166410 -0.060376
v 0.000000 0.167323 -0.060391
v -0.005917 0.166410 -0.060082
v -0.005918 0.167323 -0.060097
v -0.011778 0.166410 -0.059211
v -0.011781 0.167323 -0.059225
v -0.017526 0.166410 -0.057773
v -0.017530 0.167323 -0.057787
v -0.023105 0.166410 -0.055781
v -0.023111 0.167323 -0.055794
v -0.028459 0.166410 -0.053244
v -0.028466 0.167323 -0.053257
v -0.033540 0.166410 -0.050196
v -0.033548 0.167323 -0.050209
v -0.038301 0.166410 -0.046669
v -0.038310 0.167323 -0.046680
v -0.042693 0.166410 -0.042693
v -0.042703 0.167323 -0.042703
v -0.046668 0.166410 -0.038301
v -0.046680 0.167323 -0.038310
v -0.050196 0.166410 -0.033540
v -0.050209 0.167323 -0.033548
v -0.053244 0.166410 -0.028459
v -0.053257 0.167323 -0.028466
v -0.055780 0.166410 -0.023105
v -0.055794 0.167323 -0.023111
v -0.057773 0.166410 -0.017526
v -0.057787 0.167323 -0.017530
v -0.059211 0.166410 -0.011778
v -0.059225 0.167323 -0.011781
v -0.060082 0.166410 -0.005917
v -0.060097 0.167323 -0.005919
v -0.060376 0.166410 -0.000000
v -0.060391 0.167323 -0.000000
v -0.060082 0.166410 0.005917
v -0.060097 0.167323 0.005918
v -0.059211 0.166410 0.011778
v -0.059225 0.167323 0.011781
v -0.057773 0.166410 0.017526
v -0.057787 0.167323 0.017530
v -0.055780 0.166410 0.023105
v -0.055794 0.167323 0.023111
v -0.053244 0.166410 0.028459
v -0.053257 0.167323 0.028466
v -0.050196 0.166410 0.033540
v -0.050209 0.167323 0.033548
v -0.046668 0.166410 0.038300
v -0.046680 0.167323 0.038310
v -0.042693 0.166410 0.042692
v -0.042703 0.167323 0.042703
v -0.038300 0.166410 0.046668
v -0.038310 0.167323 0.046680
v -0.033540 0.166410 0.050196
v -0.033548 0.167323 0.050209
v -0.028459 0.166410 0.053244
v -0.028466 0.167323 0.053257
v -0.023105 0.166410 0.055780
v -0.023111 0.167323 0.055794
v -0.017526 0.166410 0.057773
v -0.017530 0.167323 0.057787
v -0.011778 0.166410 0.059210
v -0.011781 0.167323 0.059225
v -0.005917 0.166410 0.060082
v -0.005918 0.167323 0.060097
v 0.000000 0.166410 0.060376
v 0.000000 0.167323 0.060391
v 0.005917 0.166410 0.060082
v 0.005918 0.167323 0.060097
v 0.011778 0.166410 0.059210
v 0.011781 0.167323 0.059225
v 0.017526 0.166410 0.057773
v 0.017530 0.167323 0.057787
v 0.023105 0.166410 0.055780
v 0.023111 0.167323 0.055794
v 0.028459 0.166410 0.053244
v 0.028466 0.167323 0.053257
v 0.033540 0.166410 0.050196
v 0.033548 0.167323 0.050208
v 0.038301 0.166410 0.046668
v 0.038310 0.167323 0.046680
v 0.042693 0.166410 0.042692
v 0.042703 0.167323 0.042703
v 0.046668 0.166410 0.038300
v 0.046680 0.167323 0.038310
v 0.050196 0.166410 0.033540
v 0.050209 0.167323 0.033548
v 0.053244 0.166410 0.028459
v 0.053257 0.167323 0.028466
v 0.055780 0.166410 0.023105
v 0.055794 0.167323 0.023111
v 0.057773 0.166410 0.017526
v 0.057787 0.167323 0.017530
v 0.057584 0.165546 0.017468
v 0.055598 0.165546 0.023029
v 0.057161 0.164747 0.017340
v 0.055189 0.164747 0.022860
v 0.056875 0.163945 0.017253
v 0.054913 0.163945 0.022746
v 0.057096 0.163070 0.017320
v 0.055127 0.163070 0.022834
v 0.055127 0.163070 -0.022834
v 0.052620 0.163070 -0.028126
v 0.054913 0.163945 -0.022746
v 0.052417 0.163945 -0.028017
v 0.055189 0.164747 -0.022860
v 0.052680 0.164747 -0.028158
v 0.055598 0.165546 -0.023029
v 0.053070 0.165546 -0.028366
v 0.049664 0.164747 -0.033185
v 0.050032 0.165546 -0.033430
v 0.046174 0.164747 -0.037895
v 0.046516 0.165546 -0.038175
v 0.042240 0.164747 -0.042240
v 0.042553 0.165546 -0.042553
v 0.037895 0.164747 -0.046174
v 0.038175 0.165546 -0.046516
v 0.033185 0.164747 -0.049665
v 0.033430 0.165546 -0.050032
v 0.028158 0.164747 -0.052680
v 0.028366 0.165546 -0.053070
v 0.022860 0.164747 -0.055190
v 0.023029 0.165546 -0.055598
v 0.017340 0.164747 -0.057161
v 0.017468 0.165546 -0.057584
v 0.011653 0.164747 -0.058583
v 0.011739 0.165546 -0.059017
v 0.005854 0.164747 -0.059446
v 0.005898 0.165546 -0.059885
v 0.000000 0.164747 -0.059737
v 0.000000 0.165546 -0.060179
v -0.005854 0.164747 -0.059446
v -0.005898 0.165546 -0.059885
v -0.011653 0.164747 -0.058583
v -0.011739 0.165546 -0.059017
v -0.017340 0.164747 -0.057161
v -0.017468 0.165546 -0.057584
v -0.022860 0.164747 -0.055190
v -0.023029 0.165546 -0.055598
v -0.028158 0.164747 -0.052680
v -0.028366 0.165546 -0.053070
v -0.033185 0.164747 -0.049665
v -0.033430 0.165546 -0.050032
v -0.037895 0.164747 -0.046174
v -0.038175 0.165546 -0.046516
v -0.042240 0.164747 -0.042240
v -0.042553 0.165546 -0.042553
v -0.046174 0.164747 -0.037895
v -0.046516 0.165546 -0.038175
v -0.049664 0.164747 -0.033185
v -0.050032 0.165546 -0.033430
v -0.052680 0.164747 -0.028158
v -0.053070 0.165546 -0.028366
v -0.055189 0.164747 -0.022860
v -0.055598 0.165546 -0.023029
v -0.057161 0.164747 -0.017340
v -0.057584 0.165546 -0.017468
v -0.058583 0.164747 -0.011653
v -0.059017 0.165546 -0.011739
v -0.059446 0.164747 -0.005854
v -0.059885 0.165546 -0.005898
v -0.059737 0.164747 -0.000000
v -0.060179 0.165546 -0.000000
v -0.059446 0.164747 0.005854
v -0.059885 0.165546 0.005898
v -0.058583 0.164747 0.011653
v -0.059017 0.165546 0.011739
v -0.057161 0.164747 0.017340
v -0.057584 0.165546 0.017468
v -0.055189 0.164747 0.022860
v -0.055598 0.165546 0.023029
v -0.052680 0.164747 0.028157
v -0.053070 0.165546 0.028366
v -0.049664 0.164747 0.033185
v -0.050032 0.165546 0.033430
v -0.046174 0.164747 0.037895
v -0.046516 0.165546 0.038175
v -0.042240 0.164747 0.042240
v -0.042553 0.165546 0.042553
v -0.037895 0.164747 0.046174
v -0.038175 0.165546 0.046515
v -0.033185 0.164747 0.049664
v -0.033430 0.165546 0.050032
v -0.028158 0.164747 0.052680
v -0.028366 0.165546 0.053070
v -0.022860 0.164747 0.055189
v -0.023029 0.165546 0.055598
v -0.017340 0.164747 0.057161
v -0.017468 0.165546 0.057584
v -0.011653 0.164747 0.058583
v -0.011739 0.165546 0.059016
v -0.005854 0.164747 0.059445
v -0.005898 0.165546 0.059885
v 0.000000 0.164747 0.059737
v 0.000000 0.165546 0.060178
v 0.005854 0.164747 0.059445
v 0.005898 0.165546 0.059885
v 0.011653 0.164747 0.058583
v 0.011739 0.165546 0.059016
v 0.017340 0.164747 0.057161
v 0.017468 0.165546 0.057584
v 0.022860 0.164747 0.055189
v 0.023029 0.165546 0.055598
v 0.028158 0.164747 0.052680
v 0.028366 0.165546 0.053070
v 0.033185 0.164747 0.049664
v 0.033430 0.165546 0.050032
v 0.037895 0.164747 0.046174
v 0.038175 0.165546 0.046515
v 0.042240 0.164747 0.042240
v 0.042553 0.165546 0.042553
v 0.046174 0.164747 0.037895
v 0.046516 0.165546 0.038175
v 0.049664 0.164747 0.033185
v 0.050032 0.165546 0.033430
v 0.052680 0.164747 0.028157
v 0.053070 0.165546 0.028366
v 0.052417 0.163945 0.028017
v 0.049416 0.163945 0.033019
v 0.052620 0.163070 0.028125
v 0.049608 0.163070 0.033147
v 0.049608 0.163070 -0.033147
v 0.046122 0.163070 -0.037852
v 0.049416 0.163945 -0.033019
v 0.045943 0.163945 -0.037705
v 0.042192 0.163070 -0.042192
v 0.042029 0.163945 -0.042029
v 0.037852 0.163070 -0.046122
v 0.037705 0.163945 -0.045943
v 0.033147 0.163070 -0.049608
v 0.033019 0.163945 -0.049416
v 0.028126 0.163070 -0.052620
v 0.028017 0.163945 -0.052417
v 0.022834 0.163070 -0.055127
v 0.022746 0.163945 -0.054913
v 0.017320 0.163070 -0.057096
v 0.017253 0.163945 -0.056875
v 0.011640 0.163070 -0.058517
v 0.011595 0.163945 -0.058290
v 0.005848 0.163070 -0.059378
v 0.005825 0.163945 -0.059148
v 0.000000 0.163070 -0.059669
v 0.000000 0.163945 -0.059438
v -0.005848 0.163070 -0.059378
v -0.005825 0.163945 -0.059148
v -0.011640 0.163070 -0.058517
v -0.011595 0.163945 -0.058290
v -0.017320 0.163070 -0.057096
v -0.017253 0.163945 -0.056875
v -0.022834 0.163070 -0.055127
v -0.022746 0.163945 -0.054913
v -0.028126 0.163070 -0.052620
v -0.028017 0.163945 -0.052417
v -0.033147 0.163070 -0.049608
v -0.033019 0.163945 -0.049416
v -0.037852 0.163070 -0.046122
v -0.037705 0.163945 -0.045943
v -0.042192 0.163070 -0.042192
v -0.042029 0.163945 -0.042029
v -0.046122 0.163070 -0.037852
v -0.045943 0.163945 -0.037705
v -0.049608 0.163070 -0.033147
v -0.049416 0.163945 -0.033019
v -0.052620 0.163070 -0.028126
v -0.052417 0.163945 -0.028017
v -0.055127 0.163070 -0.022834
v -0.054913 0.163945 -0.022746
v -0.057096 0.163070 -0.017321
v -0.056875 0.163945 -0.017253
v -0.058517 0.163070 -0.011640
v -0.058290 0.163945 -0.011595
v -0.059378 0.163070 -0.005848
v -0.059148 0.163945 -0.005825
v -0.059669 0.163070 -0.000000
v -0.059438 0.163945 -0.000000
v -0.059378 0.163070 0.005848
v -0.059148 0.163945 0.005825
v -0.058517 0.163070 0.011640
v -0.058290 0.163945 0.011595
v -0.057096 0.163070 0.017320
v -0.056875 0.163945 0.017253
v -0.055127 0.163070 0.022834
v -0.054913 0.163945 0.022746
v -0.052620 0.163070 0.028125
v -0.052417 0.163945 0.028017
v -0.049608 0.163070 0.033147
v -0.049416 0.163945 0.033019
v -0.046122 0.163070 0.037852
v -0.045943 0.163945 0.037705
v -0.042192 0.163070 0.042192
v -0.042029 0.163945 0.042029
v -0.037852 0.163070 0.046121
v -0.037705 0.163945 0.045943
v -0.033147 0.163070 0.049608
v -0.033019 0.163945 0.049416
v -0.028126 0.163070 0.052620
v -0.028017 0.163945 0.052416
v -0.022834 0.163070 0.055127
v -0.022746 0.163945 0.054913
v -0.017320 0.163070 0.057096
v -0.017253 0.163945 0.056875
v -0.011640 0.163070 0.058517
v -0.011595 0.163945 0.058290
v -0.005848 0.163070 0.059378
v -0.005825 0.163945 0.059148
v 0.000000 0.163070 0.059669
v 0.000000 0.163945 0.059438
v 0.005848 0.163070 0.059378
v 0.005825 0.163945 0.059148
v 0.011640 0.163070 0.058517
v 0.011595 0.163945 0.058290
v 0.017320 0.163070 0.057096
v 0.017253 0.163945 0.056875
v 0.022834 0.163070 0.055127
v 0.022746 0.163945 0.054913
v 0.028126 0.163070 0.052620
v 0.028017 0.163945 0.052416
v 0.033147 0.163070 0.049608
v 0.033019 0.163945 0.049416
v 0.037852 0.163070 0.046121
v 0.037705 0.163945 0.045943
v 0.042192 0.163070 0.042192
v 0.042029 0.163945 0.042029
v 0.046122 0.163070 0.037852
v 0.045943 0.163945 0.037705
v 0.057110 0.169232 -0.000000
v 0.056832 0.169232 -0.005597
v 0.056007 0.169232 -0.011141
v 0.054647 0.169232 -0.016578
v 0.052763 0.169232 -0.021855
v 0.050364 0.169232 -0.026919
v 0.047481 0.169232 -0.031726
v 0.044144 0.169232 -0.036229
v 0.040383 0.169232 -0.040383
v 0.036228 0.169232 -0.044144
v 0.031726 0.169232 -0.047481
v 0.026919 0.169232 -0.050364
v 0.021855 0.169232 -0.052763
v 0.016578 0.169232 -0.054647
v 0.011141 0.169232 -0.056007
v 0.005597 0.169232 -0.056832
v 0.000000 0.169232 -0.057110
v -0.005597 0.169232 -0.056832
v -0.011141 0.169232 -0.056007
v -0.016578 0.169232 -0.054647
v -0.021855 0.169232 -0.052763
v -0.026919 0.169232 -0.050364
v -0.031726 0.169232 -0.047481
v -0.036228 0.169232 -0.044144
v -0.040383 0.169232 -0.040383
v -0.044144 0.169232 -0.036229
v -0.047481 0.169232 -0.031726
v -0.050364 0.169232 -0.026919
v -0.052763 0.169232 -0.021855
v -0.054647 0.169232 -0.016578
v -0.056007 0.169232 -0.011141
v -0.056832 0.169232 -0.005597
v -0.057110 0.169232 -0.000000
v -0.056832 0.169232 0.005597
v -0.056007 0.169232 0.011140
v -0.054647 0.169232 0.016578
v -0.052763 0.169232 0.021855
v -0.050364 0.169232 0.026919
v -0.047481 0.169232 0.031725
v -0.044144 0.169232 0.036228
v -0.040383 0.169232 0.040383
v -0.036228 0.169232 0.044144
v -0.031726 0.169232 0.047481
v -0.026919 0.169232 0.050364
v -0.021855 0.169232 0.052763
v -0.016578 0.169232 0.054647
v -0.011141 0.169232 0.056007
v -0.005597 0.169232 0.056831
v 0.000000 0.169232 0.057110
v 0.005597 0.169232 0.056831
v 0.011141 0.169232 0.056007
v 0.016578 0.169232 0.054647
v 0.021855 0.169232 0.052763
v 0.026919 0.169232 0.050364
v 0.031726 0.169232 0.047481
v 0.036228 0.169232 0.044143
v 0.040383 0.169232 0.040383
v 0.044144 0.169232 0.036228
v 0.047481 0.169232 0.031725
v 0.050364 0.169232 0.026919
v 0.052763 0.169232 0.021855
v 0.054647 0.169232 0.016578
v 0.056007 0.169232 0.011140
v 0.056832 0.169232 0.005597
v 0.057110 0.161260 -0.000000
v 0.056832 0.161260 -0.005597
v 0.056007 0.161260 -0.011141
v 0.054647 0.161260 -0.016578
v 0.052763 0.161260 -0.021855
v 0.050364 0.161260 -0.026919
v 0.047481 0.161260 -0.031726
v 0.044144 0.161260 -0.036229
v 0.040383 0.161260 -0.040383
v 0.036228 0.161260 -0.044144
v 0.031726 0.161260 -0.047481
v 0.026919 0.161260 -0.050364
v 0.021855 0.161260 -0.052763
v 0.016578 0.161260 -0.054647
v 0.011141 0.161260 -0.056007
v 0.005597 0.161260 -0.056832
v 0.000000 0.161260 -0.057110
v -0.005597 0.161260 -0.056832
v -0.011141 0.161260 -0.056007
v -0.016578 0.161260 -0.054647
v -0.021855 0.161260 -0.052763
v -0.026919 0.161260 -0.050364
v -0.031726 0.161260 -0.047481
v -0.036228 0.161260 -0.044144
v -0.040383 0.161260 -0.040383
v -0.044144 0.161260 -0.036229
v -0.047481 0.161260 -0.031726
v -0.050364 0.161260 -0.026919
v -0.052763 0.161260 -0.021855
v -0.054647 0.161260 -0.016578
v -0.056007 0.161260 -0.011141
v -0.056832 0.161260 -0.005597
v -0.057110 0.161260 -0.000000
v -0.056832 0.161260 0.005597
v -0.056007 0.161260 0.011140
v -0.054647 0.161260 0.016578
v -0.052763 0.161260 0.021855
v -0.050364 0.161260 0.026919
v -0.047481 0.161260 0.031725
v -0.044144 0.161260 0.036228
v -0.040383 0.161260 0.040383
v -0.036228 0.161260 0.044144
v -0.031726 0.161260 0.047481
v -0.026919 0.161260 0.050364
v -0.021855 0.161260 0.052763
v -0.016578 0.161260 0.054647
v -0.011141 0.161260 0.056007
v -0.005597 0.161260 0.056831
v 0.000000 0.161260 0.057110
v 0.005597 0.161260 0.056831
v 0.011141 0.161260 0.056007
v 0.016578 0.161260 0.054647
v 0.021855 0.161260 0.052763
v 0.026919 0.161260 0.050364
v 0.031726 0.161260 0.047481
v 0.036228 0.161260 0.044143
v 0.040383 0.161260 0.040383
v 0.044144 0.161260 0.036228
v 0.047481 0.161260 0.031725
v 0.050364 0.161260 0.026919
v 0.052763 0.161260 0.021855
v 0.054647 0.161260 0.016578
v 0.056007 0.161260 0.011140
v 0.056832 0.161260 0.005597
v 0.059523 0.163070 -0.002924
v 0.058947 0.163070 0.008744
v 0.057806 0.163070 -0.014480
v 0.056111 0.163070 0.020077
v 0.053874 0.163070 -0.025480
v 0.051114 0.163070 0.030636
v 0.047865 0.163070 -0.035499
v 0.044157 0.163070 -0.040022
v 0.040022 0.163070 -0.044157
v 0.035499 0.163070 -0.047865
v 0.030636 0.163070 -0.051114
v 0.025480 0.163070 -0.053874
v 0.020077 0.163070 -0.056112
v 0.014480 0.163070 -0.057806
v 0.008744 0.163070 -0.058948
v 0.002924 0.163070 -0.059524
v -0.002924 0.163070 -0.059524
v -0.008744 0.163070 -0.058948
v -0.014480 0.163070 -0.057806
v -0.020077 0.163070 -0.056112
v -0.025480 0.163070 -0.053874
v -0.030636 0.163070 -0.051114
v -0.035499 0.163070 -0.047865
v -0.040022 0.163070 -0.044157
v -0.044157 0.163070 -0.040022
v -0.047865 0.163070 -0.035499
v -0.051114 0.163070 -0.030636
v -0.053874 0.163070 -0.025480
v -0.056111 0.163070 -0.020077
v -0.057806 0.163070 -0.014480
v -0.058947 0.163070 -0.008744
v -0.059523 0.163070 -0.002924
v -0.059523 0.163070 0.002924
v -0.058947 0.163070 0.008744
v -0.057806 0.163070 0.014480
v -0.056111 0.163070 0.020077
v -0.053874 0.163070 0.025480
v -0.051114 0.163070 0.030636
v -0.047865 0.163070 0.035499
v -0.044157 0.163070 0.040022
v -0.040022 0.163070 0.044157
v -0.035499 0.163070 0.047865
v -0.030636 0.163070 0.051114
v -0.025480 0.163070 0.053874
v -0.020077 0.163070 0.056111
v -0.014480 0.163070 0.057806
v -0.008744 0.163070 0.058947
v -0.002924 0.163070 0.059523
v 0.002924 0.163070 0.059523
v 0.008744 0.163070 0.058947
v 0.014480 0.163070 0.057806
v 0.020077 0.163070 0.056111
v 0.025480 0.163070 0.053873
v 0.030636 0.163070 0.051114
v 0.035499 0.163070 0.047865
v 0.040022 0.163070 0.044157
v 0.044157 0.163070 0.040022
v 0.047865 0.163070 0.035499
v 0.051114 0.163070 -0.030636
v 0.053874 0.163070 0.025480
v 0.056111 0.163070 -0.020077
v 0.057806 0.163070 0.014480
v 0.058947 0.163070 -0.008744
v 0.059523 0.163070 0.002924
v 0.056971 0.161260 -0.002799
v 0.056419 0.161260 -0.008369
v 0.055327 0.161260 -0.013859
v 0.053705 0.161260 -0.019216
v 0.051563 0.161260 -0.024387
v 0.048922 0.161260 -0.029323
v 0.045812 0.161260 -0.033977
v 0.042263 0.161260 -0.038306
v 0.038306 0.161260 -0.042263
v 0.033977 0.161260 -0.045812
v 0.029322 0.161260 -0.048922
v 0.024387 0.161260 -0.051563
v 0.019216 0.161260 -0.053705
v 0.013859 0.161260 -0.055327
v 0.008369 0.161260 -0.056420
v 0.002798 0.161260 -0.056971
v -0.002798 0.161260 -0.056971
v -0.008369 0.161260 -0.056420
v -0.013859 0.161260 -0.055327
v -0.019216 0.161260 -0.053705
v -0.024387 0.161260 -0.051563
v -0.029322 0.161260 -0.048922
v -0.033977 0.161260 -0.045812
v -0.038306 0.161260 -0.042263
v -0.042263 0.161260 -0.038306
v -0.045812 0.161260 -0.033977
v -0.048922 0.161260 -0.029323
v -0.051563 0.161260 -0.024387
v -0.053705 0.161260 -0.019216
v -0.055327 0.161260 -0.013859
v -0.056419 0.161260 -0.008369
v -0.056971 0.161260 -0.002799
v -0.056971 0.161260 0.002798
v -0.056419 0.161260 0.008369
v -0.055327 0.161260 0.013859
v -0.053705 0.161260 0.019216
v -0.051563 0.161260 0.024387
v -0.048922 0.161260 0.029322
v -0.045812 0.161260 0.033977
v -0.042263 0.161260 0.038306
v -0.038306 0.161260 0.042263
v -0.033977 0.161260 0.045812
v -0.029322 0.161260 0.048922
v -0.024387 0.161260 0.051563
v -0.019216 0.161260 0.053705
v -0.013859 0.161260 0.055327
v -0.008369 0.161260 0.056419
v -0.002798 0.161260 0.056971
v 0.002798 0.161260 0.056971
v 0.008369 0.161260 0.056419
v 0.013859 0.161260 0.055327
v 0.019216 0.161260 0.053705
v 0.024387 0.161260 0.051563
v 0.029322 0.161260 0.048922
v 0.033977 0.161260 0.045812
v 0.038306 0.161260 0.042263
v 0.042263 0.161260 0.038305
v 0.045812 0.161260 0.033977
v 0.048922 0.161260 0.029322
v 0.051563 0.161260 0.024387
v 0.053705 0.161260 0.019216
v 0.055327 0.161260 0.013859
v 0.056419 0.161260 0.008369
v 0.056971 0.161260 0.002798
v 0.058105 0.162165 -0.005722
v 0.057262 0.162165 -0.011390
v 0.055872 0.162165 -0.016949
v 0.053945 0.162165 -0.022345
v 0.051492 0.162165 -0.027523
v 0.048544 0.162165 -0.032436
v 0.045133 0.162165 -0.037040
v 0.041288 0.162165 -0.041288
v 0.037040 0.162165 -0.045133
v 0.032436 0.162165 -0.048544
v 0.027522 0.162165 -0.051492
v 0.022345 0.162165 -0.053945
v 0.016949 0.162165 -0.055872
v 0.011390 0.162165 -0.057262
v 0.005722 0.162165 -0.058105
v 0.000000 0.162165 -0.058389
v -0.005722 0.162165 -0.058105
v -0.011390 0.162165 -0.057262
v -0.016949 0.162165 -0.055872
v -0.022345 0.162165 -0.053945
v -0.027522 0.162165 -0.051492
v -0.032436 0.162165 -0.048544
v -0.037040 0.162165 -0.045133
v -0.041288 0.162165 -0.041288
v -0.045133 0.162165 -0.037040
v -0.048544 0.162165 -0.032436
v -0.051492 0.162165 -0.027523
v -0.053945 0.162165 -0.022345
v -0.055872 0.162165 -0.016949
v -0.057262 0.162165 -0.011390
v -0.058105 0.162165 -0.005722
v -0.058389 0.162165 -0.000000
v -0.058105 0.162165 0.005722
v -0.057262 0.162165 0.011390
v -0.055872 0.162165 0.016949
v -0.053945 0.162165 0.022345
v -0.051492 0.162165 0.027522
v -0.048544 0.162165 0.032436
v -0.045133 0.162165 0.037040
v -0.041288 0.162165 0.041287
v -0.037040 0.162165 0.045132
v -0.032436 0.162165 0.048544
v -0.027522 0.162165 0.051492
v -0.022345 0.162165 0.053945
v -0.016949 0.162165 0.055872
v -0.011390 0.162165 0.057262
v -0.005722 0.162165 0.058105
v 0.000000 0.162165 0.058389
v 0.005722 0.162165 0.058105
v 0.011390 0.162165 0.057262
v 0.016949 0.162165 0.055872
v 0.022345 0.162165 0.053945
v 0.027522 0.162165 0.051492
v 0.032436 0.162165 0.048544
v 0.037040 0.162165 0.045132
v 0.041288 0.162165 0.041287
v 0.045133 0.162165 0.037040
v 0.048544 0.162165 0.032436
v 0.051492 0.162165 0.027522
v 0.053945 0.162165 0.022345
v 0.055872 0.162165 0.016949
v 0.057262 0.162165 0.011390
v 0.058105 0.162165 0.005722
v 0.058389 0.162165 -0.000000
v 0.058247 0.162165 -0.002861
v 0.058247 0.162165 0.002861
v 0.057683 0.162165 0.008556
v 0.056567 0.162165 0.014169
v 0.054908 0.162165 0.019647
v 0.052718 0.162165 0.024933
v 0.050018 0.162165 0.029979
v 0.046838 0.162165 0.034738
v 0.043210 0.162165 0.039164
v 0.039164 0.162165 0.043210
v 0.034738 0.162165 0.046838
v 0.029979 0.162165 0.050018
v 0.024934 0.162165 0.052718
v 0.019647 0.162165 0.054908
v 0.014170 0.162165 0.056567
v 0.008556 0.162165 0.057683
v 0.002861 0.162165 0.058247
v -0.002861 0.162165 0.058247
v -0.008556 0.162165 0.057683
v -0.014170 0.162165 0.056567
v -0.019647 0.162165 0.054908
v -0.024934 0.162165 0.052718
v -0.029979 0.162165 0.050018
v -0.034738 0.162165 0.046838
v -0.039164 0.162165 0.043210
v -0.043210 0.162165 0.039164
v -0.046838 0.162165 0.034738
v -0.050018 0.162165 0.029979
v -0.052718 0.162165 0.024933
v -0.054908 0.162165 0.019647
v -0.056567 0.162165 0.014169
v -0.057683 0.162165 0.008556
v -0.058247 0.162165 0.002861
v -0.058247 0.162165 -0.002861
v -0.057683 0.162165 -0.008556
v -0.056567 0.162165 -0.014170
v -0.054908 0.162165 -0.019647
v -0.052718 0.162165 -0.024934
v -0.050018 0.162165 -0.029979
v -0.046838 0.162165 -0.034738
v -0.043210 0.162165 -0.039164
v -0.039164 0.162165 -0.043210
v -0.034738 0.162165 -0.046839
v -0.029979 0.162165 -0.050018
v -0.024934 0.162165 -0.052719
v -0.019647 0.162165 -0.054908
v -0.014170 0.162165 -0.056567
v -0.008556 0.162165 -0.057684
v -0.002861 0.162165 -0.058247
v 0.002861 0.162165 -0.058247
v 0.008556 0.162165 -0.057684
v 0.014170 0.162165 -0.056567
v 0.019647 0.162165 -0.054908
v 0.024934 0.162165 -0.052719
v 0.029979 0.162165 -0.050018
v 0.034738 0.162165 -0.046839
v 0.039164 0.162165 -0.043210
v 0.043210 0.162165 -0.039164
v 0.046838 0.162165 -0.034738
v 0.050018 0.162165 -0.029979
v 0.052718 0.162165 -0.024934
v 0.054908 0.162165 -0.019647
v 0.056567 0.162165 -0.014170
v 0.057683 0.162165 -0.008556
v 0.059596 0.163070 -0.001462
v 0.059163 0.163070 0.007296
v 0.058162 0.163070 -0.013060
v 0.056604 0.163070 0.018699
v 0.054500 0.163070 -0.024157
v 0.051867 0.163070 0.029381
v 0.048736 0.163070 -0.034323
v 0.043175 0.163070 -0.041107
v 0.038937 0.163070 -0.045139
v 0.034323 0.163070 -0.048737
v 0.029381 0.163070 -0.051867
v 0.024157 0.163070 -0.054500
v 0.018699 0.163070 -0.056604
v 0.013060 0.163070 -0.058162
v 0.007296 0.163070 -0.059163
v 0.001462 0.163070 -0.059596
v -0.004386 0.163070 -0.059451
v -0.010192 0.163070 -0.058732
v -0.015900 0.163070 -0.057451
v -0.021456 0.163070 -0.055619
v -0.026803 0.163070 -0.053247
v -0.031892 0.163070 -0.050361
v -0.036676 0.163070 -0.046993
v -0.041107 0.163070 -0.043175
v -0.045139 0.163070 -0.038937
v -0.048736 0.163070 -0.034323
v -0.051867 0.163070 -0.029381
v -0.054500 0.163070 -0.024157
v -0.056604 0.163070 -0.018699
v -0.058162 0.163070 -0.013060
v -0.059163 0.163070 -0.007296
v -0.059596 0.163070 -0.001462
v -0.059451 0.163070 0.004386
v -0.058732 0.163070 0.010192
v -0.057451 0.163070 0.015900
v -0.055619 0.163070 0.021456
v -0.053247 0.163070 0.026803
v -0.050361 0.163070 0.031892
v -0.046993 0.163070 0.036675
v -0.043175 0.163070 0.041107
v -0.038937 0.163070 0.045139
v -0.034323 0.163070 0.048736
v -0.029381 0.163070 0.051867
v -0.024157 0.163070 0.054500
v -0.018699 0.163070 0.056604
v -0.013060 0.163070 0.058161
v -0.007296 0.163070 0.059163
v -0.001462 0.163070 0.059596
v 0.004386 0.163070 0.059451
v 0.010192 0.163070 0.058732
v 0.015900 0.163070 0.057451
v 0.021456 0.163070 0.055619
v 0.026803 0.163070 0.053247
v 0.031892 0.163070 0.050361
v 0.036676 0.163070 0.046993
v 0.041107 0.163070 0.043174
v 0.045139 0.163070 0.038937
v 0.048736 0.163070 0.034323
v 0.051867 0.163070 -0.029381
v 0.054500 0.163070 0.024157
v 0.056604 0.163070 -0.018699
v 0.058162 0.163070 0.013060
v 0.059163 0.163070 -0.007296
v 0.059596 0.163070 0.001462
v 0.057040 0.161260 -0.001399
v 0.056626 0.161260 -0.006983
v 0.055667 0.161260 -0.012500
v 0.054176 0.161260 -0.017897
v 0.052163 0.161260 -0.023121
v 0.049643 0.161260 -0.028121
v 0.046646 0.161260 -0.032851
v 0.043203 0.161260 -0.037267
v 0.039344 0.161260 -0.041323
v 0.035103 0.161260 -0.044978
v 0.030524 0.161260 -0.048202
v 0.025653 0.161260 -0.050964
v 0.020536 0.161260 -0.053234
v 0.015218 0.161260 -0.054987
v 0.009755 0.161260 -0.056213
v 0.004198 0.161260 -0.056901
v -0.001399 0.161260 -0.057040
v -0.006983 0.161260 -0.056626
v -0.012500 0.161260 -0.055667
v -0.017897 0.161260 -0.054176
v -0.023121 0.161260 -0.052163
v -0.028121 0.161260 -0.049643
v -0.032851 0.161260 -0.046646
v -0.037267 0.161260 -0.043204
v -0.041323 0.161260 -0.039344
v -0.044978 0.161260 -0.035103
v -0.048201 0.161260 -0.030524
v -0.050963 0.161260 -0.025653
v -0.053234 0.161260 -0.020536
v -0.054987 0.161260 -0.015218
v -0.056213 0.161260 -0.009755
v -0.056901 0.161260 -0.004198
v -0.057040 0.161260 0.001399
v -0.056626 0.161260 0.006983
v -0.055667 0.161260 0.012500
v -0.054176 0.161260 0.017897
v -0.052163 0.161260 0.023121
v -0.049643 0.161260 0.028121
v -0.046646 0.161260 0.032851
v -0.043203 0.161260 0.037267
v -0.039344 0.161260 0.041323
v -0.035103 0.161260 0.044978
v -0.030524 0.161260 0.048201
v -0.025653 0.161260 0.050963
v -0.020536 0.161260 0.053234
v -0.015218 0.161260 0.054987
v -0.009755 0.161260 0.056213
v -0.004198 0.161260 0.056901
v 0.001399 0.161260 0.057040
v 0.006983 0.161260 0.056625
v 0.012500 0.161260 0.055667
v 0.017897 0.161260 0.054176
v 0.023121 0.161260 0.052163
v 0.028121 0.161260 0.049643
v 0.032851 0.161260 0.046646
v 0.037267 0.161260 0.043203
v 0.041323 0.161260 0.039344
v 0.044978 0.161260 0.035103
v 0.048201 0.161260 0.030524
v 0.050963 0.161260 0.025653
v 0.053234 0.161260 0.020536
v 0.054987 0.161260 0.015218
v 0.056213 0.161260 0.009755
v 0.056901 0.161260 0.004198
v 0.057468 0.161712 -0.005660
v 0.057889 0.162618 -0.011515
v 0.056484 0.162618 -0.017135
v 0.054536 0.162618 -0.022590
v 0.052056 0.162618 -0.027824
v 0.049076 0.162618 -0.032792
v 0.045627 0.162618 -0.037446
v 0.041740 0.162618 -0.041740
v 0.037446 0.162618 -0.045627
v 0.032792 0.162618 -0.049076
v 0.027824 0.162618 -0.052056
v 0.022589 0.162618 -0.054536
v 0.017135 0.162618 -0.056484
v 0.011515 0.162618 -0.057889
v 0.005785 0.162618 -0.058742
v 0.000000 0.162618 -0.059029
v -0.005785 0.162618 -0.058742
v -0.011515 0.162618 -0.057889
v -0.017135 0.162618 -0.056484
v -0.022589 0.162618 -0.054536
v -0.027824 0.162618 -0.052056
v -0.032792 0.162618 -0.049076
v -0.037446 0.162618 -0.045627
v -0.041740 0.162618 -0.041740
v -0.045627 0.162618 -0.037446
v -0.049076 0.162618 -0.032792
v -0.052056 0.162618 -0.027824
v -0.054536 0.162618 -0.022590
v -0.056484 0.162618 -0.017135
v -0.057889 0.162618 -0.011515
v -0.058741 0.162618 -0.005785
v -0.059029 0.162618 -0.000000
v -0.058741 0.162618 0.005785
v -0.057889 0.162618 0.011515
v -0.056484 0.162618 0.017135
v -0.054536 0.162618 0.022589
v -0.052056 0.162618 0.027824
v -0.049076 0.162618 0.032792
v -0.045627 0.162618 0.037446
v -0.041740 0.162618 0.041740
v -0.037446 0.162618 0.045627
v -0.032792 0.162618 0.049076
v -0.027824 0.162618 0.052056
v -0.022589 0.162618 0.054536
v -0.017135 0.162618 0.056484
v -0.011515 0.162618 0.057889
v -0.005785 0.162618 0.058741
v 0.000000 0.162618 0.059029
v 0.005785 0.162618 0.058741
v 0.011515 0.162618 0.057889
v 0.017135 0.162618 0.056484
v 0.022589 0.162618 0.054536
v 0.027824 0.162618 0.052056
v 0.032792 0.162618 0.049076
v 0.037446 0.162618 0.045627
v 0.041740 0.162618 0.041740
v 0.045627 0.162618 0.037446
v 0.049076 0.162618 0.032792
v 0.052056 0.162618 0.027824
v 0.054536 0.162618 0.022589
v 0.056484 0.162618 0.017135
v 0.057889 0.162618 0.011515
v 0.058741 0.162618 0.005785
v 0.059029 0.162618 -0.000000
v 0.059451 0.163070 -0.004386
v 0.058732 0.163070 0.010192
v 0.057451 0.163070 -0.015900
v 0.055619 0.163070 0.021456
v 0.053247 0.163070 -0.026803
v 0.050361 0.163070 0.031892
v 0.046993 0.163070 -0.036676
v 0.045139 0.163070 -0.038937
v 0.041107 0.163070 -0.043175
v 0.036676 0.163070 -0.046993
v 0.031892 0.163070 -0.050361
v 0.026803 0.163070 -0.053247
v 0.021456 0.163070 -0.055619
v 0.015900 0.163070 -0.057451
v 0.010192 0.163070 -0.058732
v 0.004386 0.163070 -0.059451
v -0.001462 0.163070 -0.059596
v -0.007296 0.163070 -0.059163
v -0.013060 0.163070 -0.058162
v -0.018699 0.163070 -0.056604
v -0.024157 0.163070 -0.054500
v -0.029381 0.163070 -0.051867
v -0.034323 0.163070 -0.048737
v -0.038937 0.163070 -0.045139
v -0.043175 0.163070 -0.041107
v -0.046993 0.163070 -0.036676
v -0.050361 0.163070 -0.031892
v -0.053247 0.163070 -0.026803
v -0.055619 0.163070 -0.021456
v -0.057451 0.163070 -0.015900
v -0.058732 0.163070 -0.010192
v -0.059451 0.163070 -0.004386
v -0.059596 0.163070 0.001462
v -0.059163 0.163070 0.007296
v -0.058162 0.163070 0.013060
v -0.056604 0.163070 0.018699
v -0.054500 0.163070 0.024157
v -0.051867 0.163070 0.029381
v -0.048736 0.163070 0.034323
v -0.045139 0.163070 0.038937
v -0.041107 0.163070 0.043174
v -0.036676 0.163070 0.046993
v -0.031892 0.163070 0.050361
v -0.026803 0.163070 0.053247
v -0.021456 0.163070 0.055619
v -0.015900 0.163070 0.057451
v -0.010192 0.163070 0.058732
v -0.004386 0.163070 0.059451
v 0.001462 0.163070 0.059596
v 0.007296 0.163070 0.059163
v 0.013060 0.163070 0.058161
v 0.018699 0.163070 0.056604
v 0.024157 0.163070 0.054500
v 0.029381 0.163070 0.051867
v 0.034323 0.163070 0.048736
v 0.038937 0.163070 0.045139
v 0.043175 0.163070 0.041107
v 0.046993 0.163070 0.036675
v 0.050361 0.163070 -0.031892
v 0.053247 0.163070 0.026803
v 0.055619 0.163070 -0.021456
v 0.057451 0.163070 0.015900
v 0.058732 0.163070 -0.010192
v 0.059451 0.163070 0.004386
v 0.056901 0.161260 -0.004198
v 0.056213 0.161260 -0.009755
v 0.054987 0.161260 -0.015218
v 0.053234 0.161260 -0.020536
v 0.050963 0.161260 -0.025653
v 0.048201 0.161260 -0.030524
v 0.044978 0.161260 -0.035103
v 0.041323 0.161260 -0.039344
v 0.037267 0.161260 -0.043204
v 0.032851 0.161260 -0.046646
v 0.028121 0.161260 -0.049643
v 0.023121 0.161260 -0.052163
v 0.017897 0.161260 -0.054176
v 0.012500 0.161260 -0.055667
v 0.006983 0.161260 -0.056626
v 0.001399 0.161260 -0.057040
v -0.004198 0.161260 -0.056901
v -0.009755 0.161260 -0.056213
v -0.015218 0.161260 -0.054987
v -0.020536 0.161260 -0.053234
v -0.025653 0.161260 -0.050964
v -0.030524 0.161260 -0.048201
v -0.035103 0.161260 -0.044978
v -0.039344 0.161260 -0.041323
v -0.043203 0.161260 -0.037267
v -0.046646 0.161260 -0.032851
v -0.049643 0.161260 -0.028121
v -0.052163 0.161260 -0.023121
v -0.054176 0.161260 -0.017897
v -0.055667 0.161260 -0.012500
v -0.056626 0.161260 -0.006983
v -0.057040 0.161260 -0.001399
v -0.056901 0.161260 0.004198
v -0.056213 0.161260 0.009755
v -0.054987 0.161260 0.015218
v -0.053234 0.161260 0.020536
v -0.050963 0.161260 0.025653
v -0.048201 0.161260 0.030524
v -0.044978 0.161260 0.035103
v -0.041323 0.161260 0.039344
v -0.037267 0.161260 0.043203
v -0.032851 0.161260 0.046646
v -0.028121 0.161260 0.049643
v -0.023121 0.161260 0.052163
v -0.017897 0.161260 0.054176
v -0.012500 0.161260 0.055667
v -0.006983 0.161260 0.056625
v -0.001399 0.161260 0.057040
v 0.004198 0.161260 0.056901
v 0.009755 0.161260 0.056213
v 0.015218 0.161260 0.054987
v 0.020536 0.161260 0.053234
v 0.025653 0.161260 0.050963
v 0.030524 0.161260 0.048201
v 0.035103 0.161260 0.044978
v 0.039344 0.161260 0.041323
v 0.043203 0.161260 0.037267
v 0.046646 0.161260 0.032851
v 0.049643 0.161260 0.028121
v 0.052163 0.161260 0.023121
v 0.054176 0.161260 0.017897
v 0.055667 0.161260 0.012500
v 0.056626 0.161260 0.006983
v 0.057040 0.161260 0.001399
v 0.058741 0.162618 -0.005785
v 0.056635 0.161712 -0.011265
v 0.055260 0.161712 -0.016763
v 0.053354 0.161712 -0.022100
v 0.050928 0.161712 -0.027221
v 0.048012 0.161712 -0.032081
v 0.044638 0.161712 -0.036634
v 0.040835 0.161712 -0.040835
v 0.036634 0.161712 -0.044638
v 0.032081 0.161712 -0.048013
v 0.027221 0.161712 -0.050928
v 0.022100 0.161712 -0.053354
v 0.016763 0.161712 -0.055260
v 0.011265 0.161712 -0.056635
v 0.005660 0.161712 -0.057468
v 0.000000 0.161712 -0.057750
v -0.005660 0.161712 -0.057468
v -0.011265 0.161712 -0.056635
v -0.016763 0.161712 -0.055260
v -0.022100 0.161712 -0.053354
v -0.027221 0.161712 -0.050928
v -0.032081 0.161712 -0.048013
v -0.036634 0.161712 -0.044638
v -0.040835 0.161712 -0.040835
v -0.044638 0.161712 -0.036634
v -0.048012 0.161712 -0.032081
v -0.050928 0.161712 -0.027221
v -0.053354 0.161712 -0.022100
v -0.055260 0.161712 -0.016763
v -0.056635 0.161712 -0.011265
v -0.057468 0.161712 -0.005660
v -0.057750 0.161712 -0.000000
v -0.057468 0.161712 0.005659
v -0.056635 0.161712 0.011265
v -0.055260 0.161712 0.016763
v -0.053354 0.161712 0.022100
v -0.050928 0.161712 0.027221
v -0.048012 0.161712 0.032081
v -0.044638 0.161712 0.036634
v -0.040835 0.161712 0.040835
v -0.036634 0.161712 0.044638
v -0.032081 0.161712 0.048012
v -0.027221 0.161712 0.050928
v -0.022100 0.161712 0.053354
v -0.016763 0.161712 0.055259
v -0.011265 0.161712 0.056634
v -0.005660 0.161712 0.057468
v 0.000000 0.161712 0.057750
v 0.005660 0.161712 0.057468
v 0.011265 0.161712 0.056634
v 0.016763 0.161712 0.055259
v 0.022100 0.161712 0.053354
v 0.027221 0.161712 0.050928
v 0.032081 0.161712 0.048012
v 0.036634 0.161712 0.044638
v 0.040835 0.161712 0.040835
v 0.044638 0.161712 0.036634
v 0.048013 0.161712 0.032081
v 0.050928 0.161712 0.027221
v 0.053354 0.161712 0.022100
v 0.055260 0.161712 0.016763
v 0.056635 0.161712 0.011265
v 0.057468 0.161712 0.005659
v 0.057750 0.161712 -0.000000
v 0.058885 0.162618 -0.002893
v 0.057609 0.161712 -0.002830
v 0.058318 0.162165 -0.001431
v 0.058176 0.162165 -0.004292
v 0.058885 0.162618 0.002892
v 0.057609 0.161712 0.002830
v 0.058176 0.162165 0.004292
v 0.058318 0.162165 0.001430
v 0.058315 0.162618 0.008650
v 0.057051 0.161712 0.008462
v 0.057473 0.162165 0.009973
v 0.057894 0.162165 0.007139
v 0.057187 0.162618 0.014325
v 0.055947 0.161712 0.014014
v 0.056219 0.162165 0.015559
v 0.056914 0.162165 0.012780
v 0.055510 0.162618 0.019862
v 0.054307 0.161712 0.019431
v 0.054426 0.162165 0.020996
v 0.055390 0.162165 0.018298
v 0.053296 0.162618 0.025207
v 0.052141 0.161712 0.024660
v 0.052105 0.162165 0.026228
v 0.053332 0.162165 0.023639
v 0.050566 0.162618 0.030308
v 0.049470 0.161712 0.029651
v 0.049281 0.162165 0.031208
v 0.050755 0.162165 0.028751
v 0.047352 0.162618 0.035119
v 0.046325 0.161712 0.034357
v 0.045986 0.162165 0.035889
v 0.047691 0.162165 0.033587
v 0.043683 0.162618 0.039593
v 0.042737 0.161712 0.038735
v 0.042249 0.162165 0.040226
v 0.044171 0.162165 0.038102
v 0.039593 0.162618 0.043683
v 0.038735 0.161712 0.042737
v 0.038102 0.162165 0.044171
v 0.040226 0.162165 0.042249
v 0.035119 0.162618 0.047352
v 0.034358 0.161712 0.046325
v 0.033587 0.162165 0.047691
v 0.035889 0.162165 0.045985
v 0.030308 0.162618 0.050566
v 0.029651 0.161712 0.049470
v 0.028751 0.162165 0.050755
v 0.031208 0.162165 0.049281
v 0.025207 0.162618 0.053296
v 0.024660 0.161712 0.052141
v 0.023639 0.162165 0.053331
v 0.026228 0.162165 0.052105
v 0.019862 0.162618 0.055510
v 0.019432 0.161712 0.054307
v 0.018298 0.162165 0.055390
v 0.020996 0.162165 0.054426
v 0.014325 0.162618 0.057186
v 0.014014 0.161712 0.055947
v 0.012780 0.162165 0.056914
v 0.015559 0.162165 0.056219
v 0.008650 0.162618 0.058315
v 0.008462 0.161712 0.057051
v 0.007139 0.162165 0.057894
v 0.009973 0.162165 0.057473
v 0.002892 0.162618 0.058885
v 0.002830 0.161712 0.057609
v 0.001431 0.162165 0.058318
v 0.004292 0.162165 0.058176
v -0.002892 0.162618 0.058885
v -0.002830 0.161712 0.057609
v -0.004292 0.162165 0.058176
v -0.001431 0.162165 0.058318
v -0.008650 0.162618 0.058315
v -0.008462 0.161712 0.057051
v -0.009973 0.162165 0.057473
v -0.007139 0.162165 0.057894
v -0.014325 0.162618 0.057186
v -0.014014 0.161712 0.055947
v -0.015559 0.162165 0.056219
v -0.012780 0.162165 0.056914
v -0.019862 0.162618 0.055510
v -0.019432 0.161712 0.054307
v -0.020996 0.162165 0.054426
v -0.018298 0.162165 0.055390
v -0.025207 0.162618 0.053296
v -0.024660 0.161712 0.052141
v -0.026228 0.162165 0.052105
v -0.023639 0.162165 0.053331
v -0.030308 0.162618 0.050566
v -0.029651 0.161712 0.049470
v -0.031208 0.162165 0.049281
v -0.028751 0.162165 0.050755
v -0.035119 0.162618 0.047352
v -0.034358 0.161712 0.046325
v -0.035889 0.162165 0.045985
v -0.033587 0.162165 0.047691
v -0.039593 0.162618 0.043683
v -0.038735 0.161712 0.042737
v -0.040226 0.162165 0.042249
v -0.038102 0.162165 0.044171
v -0.043683 0.162618 0.039593
v -0.042737 0.161712 0.038735
v -0.044171 0.162165 0.038102
v -0.042249 0.162165 0.040226
v -0.047352 0.162618 0.035119
v -0.046325 0.161712 0.034357
v -0.047691 0.162165 0.033587
v -0.045986 0.162165 0.035889
v -0.050566 0.162618 0.030308
v -0.049470 0.161712 0.029651
v -0.050755 0.162165 0.028751
v -0.049281 0.162165 0.031208
v -0.053296 0.162618 0.025207
v -0.052141 0.161712 0.024660
v -0.053332 0.162165 0.023639
v -0.052105 0.162165 0.026228
v -0.055510 0.162618 0.019862
v -0.054307 0.161712 0.019431
v -0.055390 0.162165 0.018298
v -0.054426 0.162165 0.020996
v -0.057187 0.162618 0.014325
v -0.055947 0.161712 0.014014
v -0.056914 0.162165 0.012780
v -0.056219 0.162165 0.015559
v -0.058315 0.162618 0.008650
v -0.057051 0.161712 0.008462
v -0.057894 0.162165 0.007139
v -0.057473 0.162165 0.009973
v -0.058885 0.162618 0.002892
v -0.057609 0.161712 0.002830
v -0.058318 0.162165 0.001430
v -0.058176 0.162165 0.004292
v -0.058885 0.162618 -0.002893
v -0.057609 0.161712 -0.002830
v -0.058176 0.162165 -0.004292
v -0.058318 0.162165 -0.001431
v -0.058315 0.162618 -0.008650
v -0.057051 0.161712 -0.008463
v -0.057473 0.162165 -0.009973
v -0.057894 0.162165 -0.007139
v -0.057187 0.162618 -0.014325
v -0.055947 0.161712 -0.014014
v -0.056219 0.162165 -0.015559
v -0.056914 0.162165 -0.012780
v -0.055510 0.162618 -0.019862
v -0.054307 0.161712 -0.019432
v -0.054426 0.162165 -0.020996
v -0.055390 0.162165 -0.018298
v -0.053296 0.162618 -0.025207
v -0.052141 0.161712 -0.024660
v -0.052105 0.162165 -0.026228
v -0.053332 0.162165 -0.023639
v -0.050566 0.162618 -0.030308
v -0.049470 0.161712 -0.029651
v -0.049281 0.162165 -0.031208
v -0.050755 0.162165 -0.028751
v -0.047352 0.162618 -0.035119
v -0.046325 0.161712 -0.034358
v -0.045986 0.162165 -0.035889
v -0.047691 0.162165 -0.033587
v -0.043683 0.162618 -0.039593
v -0.042737 0.161712 -0.038735
v -0.042249 0.162165 -0.040226
v -0.044171 0.162165 -0.038102
v -0.039593 0.162618 -0.043684
v -0.038735 0.161712 -0.042737
v -0.038102 0.162165 -0.044171
v -0.040226 0.162165 -0.042249
v -0.035119 0.162618 -0.047352
v -0.034358 0.161712 -0.046325
v -0.033587 0.162165 -0.047692
v -0.035889 0.162165 -0.045986
v -0.030308 0.162618 -0.050566
v -0.029651 0.161712 -0.049470
v -0.028751 0.162165 -0.050755
v -0.031208 0.162165 -0.049281
v -0.025207 0.162618 -0.053296
v -0.024660 0.161712 -0.052141
v -0.023639 0.162165 -0.053332
v -0.026228 0.162165 -0.052105
v -0.019862 0.162618 -0.055510
v -0.019432 0.161712 -0.054307
v -0.018298 0.162165 -0.055390
v -0.020996 0.162165 -0.054427
v -0.014325 0.162618 -0.057187
v -0.014014 0.161712 -0.055947
v -0.012780 0.162165 -0.056915
v -0.015559 0.162165 -0.056219
v -0.008650 0.162618 -0.058316
v -0.008462 0.161712 -0.057052
v -0.007139 0.162165 -0.057894
v -0.009973 0.162165 -0.057473
v -0.002892 0.162618 -0.058885
v -0.002830 0.161712 -0.057609
v -0.001431 0.162165 -0.058318
v -0.004292 0.162165 -0.058176
v 0.002892 0.162618 -0.058885
v 0.002830 0.161712 -0.057609
v 0.004292 0.162165 -0.058176
v 0.001431 0.162165 -0.058318
v 0.008650 0.162618 -0.058316
v 0.008462 0.161712 -0.057052
v 0.009973 0.162165 -0.057473
v 0.007139 0.162165 -0.057894
v 0.014325 0.162618 -0.057187
v 0.014014 0.161712 -0.055947
v 0.015559 0.162165 -0.056219
v 0.012780 0.162165 -0.056915
v 0.019862 0.162618 -0.055510
v 0.019432 0.161712 -0.054307
v 0.020996 0.162165 -0.054427
v 0.018298 0.162165 -0.055390
v 0.025207 0.162618 -0.053296
v 0.024660 0.161712 -0.052141
v 0.026228 0.162165 -0.052105
v 0.023639 0.162165 -0.053332
v 0.030308 0.162618 -0.050566
v 0.029651 0.161712 -0.049470
v 0.031208 0.162165 -0.049281
v 0.028751 0.162165 -0.050755
v 0.035119 0.162618 -0.047352
v 0.034358 0.161712 -0.046325
v 0.035889 0.162165 -0.045986
v 0.033587 0.162165 -0.047692
v 0.039593 0.162618 -0.043684
v 0.038735 0.161712 -0.042737
v 0.040226 0.162165 -0.042249
v 0.038102 0.162165 -0.044171
v 0.043683 0.162618 -0.039593
v 0.042737 0.161712 -0.038735
v 0.044171 0.162165 -0.038102
v 0.042249 0.162165 -0.040226
v 0.047352 0.162618 -0.035119
v 0.046325 0.161712 -0.034358
v 0.047691 0.162165 -0.033587
v 0.045986 0.162165 -0.035889
v 0.050566 0.162618 -0.030308
v 0.049470 0.161712 -0.029651
v 0.050755 0.162165 -0.028751
v 0.049281 0.162165 -0.031208
v 0.053296 0.162618 -0.025207
v 0.052141 0.161712 -0.024660
v 0.053332 0.162165 -0.023639
v 0.052105 0.162165 -0.026228
v 0.055510 0.162618 -0.019862
v 0.054307 0.161712 -0.019432
v 0.055390 0.162165 -0.018298
v 0.054426 0.162165 -0.020996
v 0.057187 0.162618 -0.014325
v 0.055947 0.161712 -0.014014
v 0.056914 0.162165 -0.012780
v 0.056219 0.162165 -0.015559
v 0.058315 0.162618 -0.008650
v 0.057051 0.161712 -0.008463
v 0.057894 0.162165 -0.007139
v 0.057473 0.162165 -0.009973
v 0.056843 0.161712 -0.009864
v 0.057260 0.161712 -0.007061
v 0.058528 0.162618 -0.007218
v 0.055603 0.161712 -0.015389
v 0.056291 0.161712 -0.012640
v 0.057538 0.162618 -0.012920
v 0.053830 0.161712 -0.020766
v 0.054783 0.161712 -0.018098
v 0.055997 0.162618 -0.018499
v 0.051534 0.161712 -0.025941
v 0.052747 0.161712 -0.023380
v 0.053916 0.162618 -0.023898
v 0.048741 0.161712 -0.030866
v 0.050199 0.161712 -0.028436
v 0.051311 0.162618 -0.029066
v 0.045482 0.161712 -0.035496
v 0.047169 0.161712 -0.033219
v 0.048214 0.162618 -0.033955
v 0.041786 0.161712 -0.039785
v 0.043687 0.161712 -0.037685
v 0.044655 0.162618 -0.038519
v 0.037684 0.161712 -0.043687
v 0.039785 0.161712 -0.041786
v 0.040666 0.162618 -0.042712
v 0.033219 0.161712 -0.047169
v 0.035496 0.161712 -0.045482
v 0.036282 0.162618 -0.046489
v 0.028436 0.161712 -0.050199
v 0.030866 0.161712 -0.048741
v 0.031550 0.162618 -0.049821
v 0.023380 0.161712 -0.052747
v 0.025941 0.161712 -0.051534
v 0.026515 0.162618 -0.052676
v 0.018097 0.161712 -0.054783
v 0.020766 0.161712 -0.053830
v 0.021226 0.162618 -0.055023
v 0.012640 0.161712 -0.056291
v 0.015389 0.161712 -0.055603
v 0.015730 0.162618 -0.056835
v 0.007061 0.161712 -0.057260
v 0.009864 0.161712 -0.056843
v 0.010082 0.162618 -0.058102
v 0.001415 0.161712 -0.057679
v 0.004245 0.161712 -0.057539
v 0.004339 0.162618 -0.058813
v -0.004245 0.161712 -0.057539
v -0.001415 0.161712 -0.057679
v -0.001446 0.162618 -0.058957
v -0.009864 0.161712 -0.056843
v -0.007061 0.161712 -0.057260
v -0.007217 0.162618 -0.058529
v -0.015389 0.161712 -0.055603
v -0.012640 0.161712 -0.056291
v -0.012920 0.162618 -0.057538
v -0.020766 0.161712 -0.053830
v -0.018097 0.161712 -0.054783
v -0.018498 0.162618 -0.055997
v -0.025941 0.161712 -0.051534
v -0.023380 0.161712 -0.052747
v -0.023898 0.162618 -0.053916
v -0.030866 0.161712 -0.048741
v -0.028436 0.161712 -0.050199
v -0.029066 0.162618 -0.051311
v -0.035496 0.161712 -0.045482
v -0.033219 0.161712 -0.047169
v -0.033955 0.162618 -0.048214
v -0.039785 0.161712 -0.041786
v -0.037684 0.161712 -0.043687
v -0.038519 0.162618 -0.044655
v -0.043687 0.161712 -0.037685
v -0.041786 0.161712 -0.039785
v -0.042712 0.162618 -0.040666
v -0.047169 0.161712 -0.033219
v -0.045482 0.161712 -0.035496
v -0.046489 0.162618 -0.036282
v -0.050199 0.161712 -0.028436
v -0.048741 0.161712 -0.030866
v -0.049821 0.162618 -0.031550
v -0.052747 0.161712 -0.023380
v -0.051534 0.161712 -0.025941
v -0.052676 0.162618 -0.026515
v -0.054783 0.161712 -0.018098
v -0.053830 0.161712 -0.020766
v -0.055023 0.162618 -0.021226
v -0.056291 0.161712 -0.012640
v -0.055603 0.161712 -0.015389
v -0.056835 0.162618 -0.015730
v -0.057260 0.161712 -0.007061
v -0.056843 0.161712 -0.009864
v -0.058102 0.162618 -0.010083
v -0.057679 0.161712 -0.001415
v -0.057539 0.161712 -0.004245
v -0.058813 0.162618 -0.004339
v -0.057539 0.161712 0.004245
v -0.057679 0.161712 0.001415
v -0.058957 0.162618 0.001446
v -0.056843 0.161712 0.009864
v -0.057260 0.161712 0.007061
v -0.058528 0.162618 0.007217
v -0.055603 0.161712 0.015389
v -0.056291 0.161712 0.012640
v -0.057538 0.162618 0.012920
v -0.053830 0.161712 0.020766
v -0.054783 0.161712 0.018097
v -0.055997 0.162618 0.018498
v -0.051534 0.161712 0.025941
v -0.052747 0.161712 0.023380
v -0.053916 0.162618 0.023898
v -0.048741 0.161712 0.030866
v -0.050199 0.161712 0.028436
v -0.051311 0.162618 0.029066
v -0.045482 0.161712 0.035496
v -0.047169 0.161712 0.033219
v -0.048214 0.162618 0.033955
v -0.041786 0.161712 0.039785
v -0.043687 0.161712 0.037684
v -0.044655 0.162618 0.038519
v -0.037684 0.161712 0.043687
v -0.039785 0.161712 0.041786
v -0.040666 0.162618 0.042712
v -0.033219 0.161712 0.047169
v -0.035496 0.161712 0.045482
v -0.036282 0.162618 0.046489
v -0.028436 0.161712 0.050199
v -0.030866 0.161712 0.048741
v -0.031550 0.162618 0.049821
v -0.023380 0.161712 0.052747
v -0.025941 0.161712 0.051534
v -0.026515 0.162618 0.052676
v -0.018097 0.161712 0.054783
v -0.020766 0.161712 0.053830
v -0.021226 0.162618 0.055023
v -0.012640 0.161712 0.056291
v -0.015389 0.161712 0.055603
v -0.015730 0.162618 0.056835
v -0.007061 0.161712 0.057260
v -0.009864 0.161712 0.056843
v -0.010082 0.162618 0.058102
v -0.001415 0.161712 0.057679
v -0.004245 0.161712 0.057538
v -0.004339 0.162618 0.058813
v 0.004245 0.161712 0.057538
v 0.001415 0.161712 0.057679
v 0.001446 0.162618 0.058957
v 0.009864 0.161712 0.056843
v 0.007061 0.161712 0.057260
v 0.007217 0.162618 0.058528
v 0.015389 0.161712 0.055603
v 0.012640 0.161712 0.056291
v 0.012920 0.162618 0.057538
v 0.020766 0.161712 0.053830
v 0.018097 0.161712 0.054783
v 0.018498 0.162618 0.055997
v 0.025941 0.161712 0.051534
v 0.023380 0.161712 0.052747
v 0.023898 0.162618 0.053916
v 0.030866 0.161712 0.048741
v 0.028436 0.161712 0.050199
v 0.029066 0.162618 0.051311
v 0.035496 0.161712 0.045482
v 0.033219 0.161712 0.047169
v 0.033955 0.162618 0.048214
v 0.039785 0.161712 0.041786
v 0.037684 0.161712 0.043687
v 0.038519 0.162618 0.044655
v 0.043687 0.161712 0.037684
v 0.041786 0.161712 0.039785
v 0.042712 0.162618 0.040666
v 0.047169 0.161712 0.033219
v 0.045482 0.161712 0.035496
v 0.046489 0.162618 0.036282
v 0.050199 0.161712 0.028436
v 0.048741 0.161712 0.030866
v 0.049821 0.162618 0.031550
v 0.052747 0.161712 0.023380
v 0.051534 0.161712 0.025941
v 0.052676 0.162618 0.026515
v 0.054783 0.161712 0.018097
v 0.053830 0.161712 0.020766
v 0.055023 0.162618 0.021226
v 0.056291 0.161712 0.012640
v 0.055603 0.161712 0.015389
v 0.056835 0.162618 0.015730
v 0.057260 0.161712 0.007061
v 0.056843 0.161712 0.009864
v 0.058102 0.162618 0.010082
v 0.057679 0.161712 0.001415
v 0.057539 0.161712 0.004245
v 0.058813 0.162618 0.004339
v 0.057539 0.161712 -0.004245
v 0.057679 0.161712 -0.001415
v 0.058957 0.162618 -0.001446
v 0.058813 0.162618 -0.004339
v 0.058957 0.162618 0.001446
v 0.058528 0.162618 0.007217
v 0.057538 0.162618 0.012920
v 0.055997 0.162618 0.018498
v 0.053916 0.162618 0.023898
v 0.051311 0.162618 0.029066
v 0.048214 0.162618 0.033955
v 0.044655 0.162618 0.038519
v 0.040666 0.162618 0.042712
v 0.036282 0.162618 0.046489
v 0.031550 0.162618 0.049821
v 0.026515 0.162618 0.052676
v 0.021226 0.162618 0.055023
v 0.015730 0.162618 0.056835
v 0.010082 0.162618 0.058102
v 0.004339 0.162618 0.058813
v -0.001446 0.162618 0.058957
v -0.007217 0.162618 0.058528
v -0.012920 0.162618 0.057538
v -0.018498 0.162618 0.055997
v -0.023898 0.162618 0.053916
v -0.029066 0.162618 0.051311
v -0.033955 0.162618 0.048214
v -0.038519 0.162618 0.044655
v -0.042712 0.162618 0.040666
v -0.046489 0.162618 0.036282
v -0.049821 0.162618 0.031550
v -0.052676 0.162618 0.026515
v -0.055023 0.162618 0.021226
v -0.056835 0.162618 0.015730
v -0.058102 0.162618 0.010082
v -0.058813 0.162618 0.004339
v -0.058957 0.162618 -0.001446
v -0.058528 0.162618 -0.007218
v -0.057538 0.162618 -0.012920
v -0.055997 0.162618 -0.018499
v -0.053916 0.162618 -0.023898
v -0.051311 0.162618 -0.029066
v -0.048214 0.162618 -0.033955
v -0.044655 0.162618 -0.038519
v -0.040666 0.162618 -0.042712
v -0.036282 0.162618 -0.046489
v -0.031550 0.162618 -0.049821
v -0.026515 0.162618 -0.052676
v -0.021226 0.162618 -0.055023
v -0.015730 0.162618 -0.056835
v -0.010082 0.162618 -0.058102
v -0.004339 0.162618 -0.058813
v 0.001446 0.162618 -0.058957
v 0.007217 0.162618 -0.058529
v 0.012920 0.162618 -0.057538
v 0.018498 0.162618 -0.055997
v 0.023898 0.162618 -0.053916
v 0.029066 0.162618 -0.051311
v 0.033955 0.162618 -0.048214
v 0.038519 0.162618 -0.044655
v 0.042712 0.162618 -0.040666
v 0.046489 0.162618 -0.036282
v 0.049821 0.162618 -0.031550
v 0.052676 0.162618 -0.026515
v 0.055023 0.162618 -0.021226
v 0.056835 0.162618 -0.015730
v 0.058102 0.162618 -0.010083
vn 0.7460 -0.2964 0.5964
vn 0.9923 -0.0000 -0.1240
vn 1.0000 -0.0000 -0.0000
vn 0.6968 -0.2606 -0.6682
vn 0.8480 0.1324 -0.5132
vn 0.9048 0.2644 -0.3339
vn 0.9381 0.3265 -0.1152
vn 0.9980 -0.0001 -0.0624
vn 1.0000 -0.0001 -0.0000
vn 0.9956 -0.0001 -0.0934
vn 1.0000 -0.0001 0.0001
vn 0.9923 0.0001 -0.1240
vn 1.0000 0.0002 -0.0000
vn 0.5770 0.7740 -0.2607
vn 0.4841 0.8750 -0.0000
vn 0.9923 0.0001 -0.1241
vn 0.6497 0.6860 -0.3276
vn 0.8945 0.0001 -0.4471
vn 0.5123 0.7770 -0.3659
vn 0.9487 0.0001 -0.3162
vn 0.4212 0.8354 -0.3531
vn 0.8944 0.0001 -0.4472
vn 0.7477 0.5355 -0.3925
vn 0.8944 0.0001 -0.4473
vn 0.3406 0.9206 -0.1911
vn 0.7071 0.0001 -0.7071
vn 0.2934 0.8653 -0.4065
vn 0.7071 0.0002 -0.7071
vn 0.3107 0.7342 -0.6037
vn 0.4160 0.5971 -0.6859
vn 0.4473 0.0001 -0.8944
vn 0.5181 0.5187 -0.6801
vn 0.4472 0.0001 -0.8944
vn 0.1034 0.7770 -0.6209
vn 0.3162 0.0001 -0.9487
vn 0.0483 0.8354 -0.5475
vn 0.4471 0.0001 -0.8945
vn 0.0131 0.6912 -0.7225
vn 0.1241 0.0001 -0.9923
vn -0.0810 0.7822 -0.6177
vn 0.1240 0.0002 -0.9923
vn -0.1291 0.6943 -0.7080
vn -0.0000 0.0002 -1.0000
vn -0.2071 0.7341 -0.6467
vn -0.1240 0.0002 -0.9923
vn -0.2608 0.7740 -0.5770
vn -0.1241 0.0001 -0.9923
vn -0.3275 0.6860 -0.6497
vn -0.4471 0.0001 -0.8945
vn -0.2989 0.5672 -0.7674
vn -0.3163 0.0001 -0.9487
vn -0.3531 0.8354 -0.4212
vn -0.5999 0.0001 -0.8001
vn -0.3926 0.5355 -0.7478
vn -0.7070 0.0001 -0.7072
vn -0.1911 0.9206 -0.3406
vn -0.8944 -0.0000 -0.4473
vn -0.4065 0.8652 -0.2934
vn -0.7071 0.0002 -0.7071
vn -0.4207 0.4608 -0.7814
vn -0.7071 0.0001 -0.7071
vn -0.6858 0.5971 -0.4160
vn -0.7072 0.0001 -0.7070
vn -0.6510 0.7360 -0.1856
vn -0.9487 0.0001 -0.3163
vn -0.6209 0.7770 -0.1034
vn -0.9487 0.0001 -0.3162
vn -0.7621 0.6298 -0.1499
vn -0.8945 0.0001 -0.4471
vn -0.7225 0.6913 -0.0131
vn -0.9923 0.0001 -0.1241
vn -0.6177 0.7822 0.0810
vn -0.9923 0.0001 -0.1240
vn -0.7080 0.6943 0.1290
vn -1.0000 0.0002 -0.0000
vn -0.6467 0.7341 0.2071
vn -0.9923 0.0002 0.1240
vn -0.6509 0.7100 0.2687
vn -0.9980 0.0001 0.0625
vn -0.6497 0.6860 0.3275
vn -0.8945 0.0001 0.4471
vn -0.5123 0.7770 0.3659
vn -0.9487 0.0001 0.3162
vn -0.4212 0.8354 0.3530
vn -0.8001 0.0001 0.5999
vn -0.5201 0.6912 0.5017
vn -0.7072 0.0001 0.7070
vn -0.3406 0.9206 0.1911
vn -0.4472 -0.0000 0.8944
vn -0.2935 0.8652 0.4065
vn -0.7071 0.0002 0.7071
vn -0.7814 0.4608 0.4207
vn -0.7071 0.0001 0.7071
vn -0.4160 0.5971 0.6858
vn -0.7070 0.0001 0.7072
vn -0.1857 0.7360 0.6510
vn -0.3163 0.0001 0.9487
vn -0.1035 0.7770 0.6209
vn -0.3162 0.0001 0.9487
vn -0.1499 0.6298 0.7622
vn -0.4471 0.0001 0.8945
vn -0.0130 0.6913 0.7225
vn -0.1241 0.0001 0.9923
vn -0.0141 0.8934 0.4491
vn -0.1240 0.0002 0.9923
vn 0.1291 0.6943 0.7080
vn -0.0000 0.0002 1.0000
vn 0.2071 0.7341 0.6467
vn 0.1240 0.0002 0.9923
vn 0.2608 0.7740 0.5770
vn 0.1241 0.0001 0.9923
vn 0.3275 0.6860 0.6497
vn 0.2426 0.0001 0.9701
vn 0.3659 0.7770 0.5123
vn 0.1645 -0.0000 0.9864
vn 0.3531 0.8354 0.4213
vn 0.5999 0.0001 0.8001
vn 0.5017 0.6912 0.5201
vn 0.5547 0.0001 0.8321
vn 0.1911 0.9206 0.3406
vn 0.8944 -0.0000 0.4472
vn 0.4065 0.8653 0.2934
vn 0.7071 0.0002 0.7071
vn 0.6037 0.7342 0.3107
vn 0.7071 0.0001 0.7071
vn 0.6858 0.5971 0.4160
vn 0.8321 0.0002 0.5547
vn 0.6510 0.7360 0.1856
vn 0.9487 0.0001 0.3163
vn 0.6209 0.7770 0.1035
vn 0.9487 0.0001 0.3162
vn 0.5475 0.8354 0.0483
vn 0.8945 0.0001 0.4471
vn 0.7225 0.6913 0.0131
vn 0.9923 0.0001 0.1241
vn 0.6177 0.7822 -0.0810
vn 0.9965 0.0001 0.0831
vn 0.6355 0.7585 -0.1441
vn 0.9829 -0.0000 0.1843
vn 0.9923 -0.0000 0.1240
vn 0.9956 -0.0001 0.0933
vn 0.9923 -0.0001 0.1241
vn 0.9923 -0.0002 0.1240
vn 0.9702 -0.0001 0.2425
vn 0.9864 -0.0000 0.1644
vn 0.9364 -0.0000 0.3510
vn 0.4686 -0.8796 0.0818
vn 0.4972 -0.6808 0.5379
vn 0.5485 -0.4704 0.6913
vn 0.6287 -0.2217 0.7454
vn 0.4448 -0.8660 0.2286
vn 0.8466 -0.2989 0.4404
vn 0.9487 -0.0000 -0.3162
vn 0.9702 -0.0000 -0.2425
vn 0.5399 -0.2968 -0.7876
vn 0.6013 -0.7797 0.1745
vn 0.8529 -0.2836 0.4383
vn 0.9656 0.2308 0.1194
vn 0.9864 -0.0000 -0.1644
vn 0.9487 -0.0001 -0.3162
vn 0.9701 -0.0001 -0.2425
vn 0.9923 -0.0001 -0.1241
vn 0.9864 -0.0000 -0.1645
vn 0.9829 -0.0000 -0.1843
vn 0.8944 -0.0001 -0.4472
vn 0.8001 -0.0000 -0.5999
vn 0.8944 -0.0000 -0.4472
vn 0.8315 -0.0002 -0.5555
vn 0.8320 -0.0000 -0.5547
vn 0.7071 -0.0001 -0.7071
vn 0.7071 -0.0000 -0.7071
vn 0.5555 -0.0002 -0.8315
vn 0.5547 -0.0000 -0.8320
vn 0.5999 -0.0000 -0.8001
vn 0.4472 -0.0000 -0.8944
vn 0.4472 -0.0001 -0.8944
vn 0.3162 -0.0000 -0.9487
vn 0.3162 -0.0001 -0.9487
vn 0.1241 -0.0001 -0.9923
vn 0.1843 -0.0000 -0.9829
vn 0.0624 -0.0001 -0.9981
vn 0.1240 -0.0000 -0.9923
vn -0.0000 -0.0001 -1.0000
vn -0.0000 -0.0000 -1.0000
vn -0.0624 -0.0001 -0.9981
vn -0.1240 -0.0000 -0.9923
vn -0.1241 -0.0001 -0.9923
vn -0.3162 -0.0001 -0.9487
vn -0.3162 -0.0000 -0.9487
vn -0.4472 -0.0001 -0.8944
vn -0.5999 -0.0000 -0.8001
vn -0.4472 -0.0000 -0.8944
vn -0.5555 -0.0002 -0.8315
vn -0.4473 -0.0000 -0.8944
vn -0.7071 -0.0001 -0.7071
vn -0.7071 -0.0000 -0.7071
vn -0.8315 -0.0002 -0.5555
vn -0.8320 -0.0000 -0.5547
vn -0.9486 -0.0001 -0.3163
vn -0.8944 -0.0000 -0.4472
vn -0.8944 -0.0001 -0.4472
vn -0.9487 -0.0000 -0.3162
vn -0.9487 -0.0001 -0.3162
vn -0.9980 -0.0001 -0.0625
vn -0.9829 -0.0000 -0.1843
vn -0.9956 -0.0001 -0.0933
vn -0.9923 -0.0000 -0.1240
vn -1.0000 -0.0001 -0.0000
vn -1.0000 -0.0000 -0.0000
vn -0.9956 -0.0001 0.0933
vn -0.9965 -0.0000 0.0831
vn -0.9923 -0.0001 0.1241
vn -0.9829 -0.0000 0.1843
vn -0.9864 -0.0001 0.1645
vn -0.9487 -0.0000 0.3162
vn -0.9701 -0.0001 0.2427
vn -0.9864 -0.0000 0.1645
vn -0.8001 -0.0000 0.5999
vn -0.8944 -0.0000 0.4472
vn -0.8315 -0.0002 0.5555
vn -0.8944 -0.0000 0.4473
vn -0.7071 -0.0001 0.7071
vn -0.7071 -0.0000 0.7071
vn -0.7070 -0.0002 0.7072
vn -0.5555 -0.0001 0.8315
vn -0.5547 -0.0000 0.8320
vn -0.3163 -0.0001 0.9486
vn -0.3163 -0.0001 0.9487
vn -0.3162 -0.0000 0.9487
vn -0.3162 -0.0001 0.9487
vn -0.0624 -0.0001 0.9981
vn -0.1843 -0.0000 0.9829
vn -0.0933 -0.0001 0.9956
vn -0.1240 -0.0000 0.9923
vn -0.0000 -0.0001 1.0000
vn -0.0000 -0.0000 1.0000
vn 0.0933 -0.0001 0.9956
vn 0.1240 -0.0000 0.9923
vn 0.1644 -0.0002 0.9864
vn 0.1843 -0.0000 0.9829
vn 0.1645 -0.0001 0.9864
vn 0.3162 -0.0000 0.9487
vn 0.2427 -0.0001 0.9701
vn 0.5999 -0.0000 0.8001
vn 0.6000 -0.0000 0.8000
vn 0.5556 -0.0001 0.8315
vn 0.5547 -0.0000 0.8320
vn 0.7071 -0.0001 0.7071
vn 0.7071 -0.0000 0.7071
vn 0.7071 -0.0002 0.7071
vn 0.4473 -0.0000 0.8944
vn 0.8315 -0.0002 0.5555
vn 0.8320 -0.0000 0.5547
vn 0.9486 -0.0001 0.3163
vn 0.8944 -0.0001 0.4472
vn 0.9487 -0.0000 0.3162
vn 0.9487 -0.0001 0.3162
vn 0.9487 -0.0001 0.3163
vn 0.9487 -0.0000 0.3163
vn 0.3939 -0.8719 0.2909
vn 0.3894 -0.6748 0.6269
vn 0.4058 -0.5152 0.7549
vn 0.4516 -0.3296 0.8291
vn 0.4453 -0.8788 0.1715
vn 0.8512 -0.4402 0.2858
vn 0.3219 -0.4296 -0.8437
vn 0.6175 -0.7829 0.0758
vn 0.8996 -0.3290 0.2871
vn 0.9832 0.1795 0.0326
vn 0.8000 -0.0001 -0.6000
vn 0.8321 -0.0002 -0.5547
vn 0.4473 -0.0000 -0.8944
vn 0.6000 -0.0002 -0.8000
vn 0.3162 -0.0002 -0.9487
vn 0.1644 -0.0000 -0.9864
vn 0.2425 -0.0001 -0.9702
vn 0.1240 -0.0001 -0.9923
vn -0.1240 -0.0001 -0.9923
vn -0.1644 -0.0000 -0.9864
vn -0.3162 -0.0002 -0.9487
vn -0.5547 -0.0001 -0.8320
vn -0.9864 -0.0000 -0.1644
vn -0.9923 -0.0001 -0.1240
vn -0.9980 -0.0001 -0.0624
vn -0.9923 -0.0000 0.1240
vn -0.9923 -0.0001 0.1240
vn -0.9864 -0.0000 0.1644
vn -0.9702 -0.0001 0.2425
vn -0.9487 -0.0001 0.3162
vn -0.8944 -0.0001 0.4472
vn -0.8321 -0.0001 0.5547
vn -0.7071 -0.0002 0.7071
vn -0.8944 0.0002 0.4472
vn -0.4472 -0.0001 0.8944
vn -0.2426 -0.0000 0.9701
vn -0.1644 -0.0000 0.9864
vn -0.1240 -0.0001 0.9923
vn -0.0624 -0.0002 0.9981
vn 0.1240 -0.0002 0.9923
vn 0.1644 -0.0000 0.9864
vn 0.2425 -0.0001 0.9702
vn 0.3162 -0.0001 0.9487
vn 0.4472 -0.0001 0.8944
vn 0.5547 -0.0001 0.8320
vn 0.4472 -0.0000 0.8944
vn 0.4471 -0.0000 0.8945
vn 0.8321 -0.0000 0.5547
vn -0.0595 -0.6941 0.7174
vn 0.1301 -0.4197 0.8983
vn 0.2063 -0.2784 0.9381
vn 0.2967 -0.1481 0.9434
vn 0.3191 -0.8649 0.3874
vn 0.9191 -0.3809 0.1010
vn 0.7072 -0.0000 -0.7070
vn 0.2623 -0.0197 -0.9648
vn 0.5107 0.2530 -0.8217
vn 0.6473 0.3262 -0.6889
vn 0.7751 0.3405 -0.5322
vn 0.5781 -0.8157 -0.0197
vn 0.9014 0.2764 -0.3333
vn 0.9462 0.2229 -0.2345
vn 0.9786 0.1515 -0.1393
vn 0.9868 -0.0077 -0.1616
vn 0.9862 -0.0661 -0.1518
vn 0.9816 -0.1237 -0.1457
vn 0.3950 -0.8732 -0.2856
vn 0.7070 -0.0000 -0.7072
vn 0.9683 0.0613 -0.2423
vn 0.9503 0.1723 -0.2593
vn 0.9159 0.2818 -0.2858
vn 0.6934 -0.7185 0.0539
vn 0.3163 -0.0000 -0.9486
vn 0.9239 0.1454 -0.3539
vn 0.9371 0.0494 -0.3456
vn 0.9380 -0.0441 -0.3438
vn 0.3875 -0.8649 -0.3191
vn 0.8960 -0.1315 -0.4241
vn 0.8950 -0.1525 -0.4192
vn 0.8934 -0.1733 -0.4145
vn 0.2639 -0.8761 -0.4034
vn 0.3163 -0.0000 -0.9487
vn 0.8459 -0.2058 -0.4920
vn 0.8451 -0.2168 -0.4886
vn 0.8440 -0.2277 -0.4856
vn 0.1714 -0.8788 -0.4454
vn 0.7904 -0.2625 -0.5535
vn 0.7890 -0.2772 -0.5483
vn 0.7872 -0.2919 -0.5432
vn 0.0542 -0.8786 -0.4745
vn 0.3511 -0.0000 -0.9364
vn 0.7391 -0.2095 -0.6402
vn 0.7386 -0.1642 -0.6538
vn 0.7346 -0.1189 -0.6680
vn 0.2286 -0.8660 -0.4447
vn 0.6701 -0.1714 -0.7222
vn 0.6707 -0.2088 -0.7117
vn 0.6690 -0.2460 -0.7014
vn -0.0001 -0.8792 -0.4764
vn 0.5952 -0.2772 -0.7543
vn 0.5952 -0.2836 -0.7518
vn 0.5952 -0.2899 -0.7495
vn -0.0792 -0.8788 -0.4705
vn 0.5185 -0.2645 -0.8131
vn 0.5177 -0.2505 -0.8181
vn 0.5164 -0.2364 -0.8231
vn -0.0542 -0.8786 -0.4745
vn -0.2425 -0.0000 -0.9702
vn 0.4364 -0.2585 -0.8618
vn 0.4377 -0.2732 -0.8566
vn 0.4385 -0.2879 -0.8514
vn -0.1715 -0.8788 -0.4453
vn 0.3496 -0.2065 -0.9139
vn 0.3428 -0.1618 -0.9254
vn 0.3328 -0.1170 -0.9357
vn -0.0065 -0.8657 -0.5005
vn 0.2770 -0.2433 -0.9296
vn 0.2864 -0.3186 -0.9036
vn 0.2868 -0.3930 -0.8737
vn -0.3875 -0.8649 -0.3191
vn 0.2563 -0.5739 -0.7777
vn 0.2689 -0.6476 -0.7130
vn 0.2697 -0.7191 -0.6405
vn -0.6934 -0.7185 0.0539
vn -0.3163 -0.0000 -0.9486
vn 0.1927 -0.5852 -0.7876
vn 0.1646 -0.4982 -0.8513
vn 0.1233 -0.4133 -0.9022
vn -0.3950 -0.8732 -0.2856
vn -0.7070 -0.0000 -0.7072
vn -0.0020 -0.1618 -0.9868
vn -0.0283 -0.0520 -0.9982
vn -0.0687 0.0566 -0.9960
vn -0.0197 -0.8158 -0.5780
vn -0.2856 -0.8732 -0.3950
vn -0.7072 -0.0000 -0.7070
vn -0.1615 -0.0077 -0.9868
vn -0.1518 -0.0661 -0.9862
vn -0.1458 -0.1236 -0.9816
vn 0.0539 -0.7186 -0.6933
vn -0.2423 0.0614 -0.9683
vn -0.2592 0.1722 -0.9503
vn -0.2859 0.2818 -0.9159
vn -0.3191 -0.8649 -0.3875
vn -0.3539 0.1454 -0.9239
vn -0.3456 0.0494 -0.9371
vn -0.3438 -0.0441 -0.9380
vn -0.4034 -0.8761 -0.2639
vn -0.9487 -0.0000 -0.3163
vn -0.4241 -0.1315 -0.8960
vn -0.4191 -0.1526 -0.8950
vn -0.4145 -0.1733 -0.8934
vn -0.4453 -0.8788 -0.1715
vn -0.4920 -0.2058 -0.8459
vn -0.4887 -0.2167 -0.8451
vn -0.4856 -0.2277 -0.8440
vn -0.4745 -0.8786 -0.0542
vn -0.9702 -0.0000 -0.2425
vn -0.5535 -0.2625 -0.7904
vn -0.5483 -0.2772 -0.7890
vn -0.5432 -0.2919 -0.7872
vn -0.4448 -0.8660 -0.2286
vn -0.6403 -0.2096 -0.7390
vn -0.6538 -0.1642 -0.7386
vn -0.6681 -0.1189 -0.7345
vn -0.4764 -0.8792 0.0001
vn -0.7222 -0.1714 -0.6701
vn -0.7117 -0.2088 -0.6707
vn -0.7014 -0.2460 -0.6690
vn -0.4705 -0.8789 0.0792
vn -0.7543 -0.2772 -0.5951
vn -0.7519 -0.2836 -0.5952
vn -0.7494 -0.2899 -0.5952
vn -0.8130 -0.2648 -0.5185
vn -0.8181 -0.2505 -0.5176
vn -0.8231 -0.2363 -0.5164
vn -0.4745 -0.8786 0.0542
vn -0.9702 -0.0000 0.2425
vn -0.8618 -0.2585 -0.4364
vn -0.8566 -0.2732 -0.4377
vn -0.8514 -0.2879 -0.4385
vn -0.4453 -0.8788 0.1715
vn -0.9139 -0.2065 -0.3496
vn -0.9254 -0.1618 -0.3428
vn -0.9357 -0.1171 -0.3329
vn -0.5005 -0.8657 0.0065
vn -0.9296 -0.2432 -0.2769
vn -0.9036 -0.3185 -0.2865
vn -0.8737 -0.3929 -0.2869
vn -0.3191 -0.8649 0.3874
vn -0.8700 -0.4495 -0.2028
vn -0.8642 -0.4596 -0.2047
vn -0.8583 -0.4697 -0.2065
vn -0.2429 -0.8553 0.4576
vn -0.9487 -0.0000 0.3163
vn -0.8960 -0.4292 -0.1141
vn -0.9071 -0.4067 -0.1084
vn -0.9177 -0.3841 -0.1018
vn -0.2856 -0.8732 0.3950
vn -0.7072 -0.0000 0.7070
vn -0.9868 -0.1618 0.0020
vn -0.9982 -0.0520 0.0284
vn -0.9960 0.0567 0.0688
vn -0.5781 -0.8158 0.0197
vn -0.9868 -0.0077 0.1616
vn -0.9862 -0.0662 0.1517
vn -0.9816 -0.1236 0.1458
vn -0.3949 -0.8732 0.2856
vn -0.7070 -0.0000 0.7072
vn -0.9683 0.0614 0.2423
vn -0.9503 0.1723 0.2593
vn -0.9159 0.2818 0.2858
vn -0.6934 -0.7186 -0.0539
vn -0.5547 -0.0000 0.8321
vn -0.9239 0.1453 0.3539
vn -0.9371 0.0494 0.3456
vn -0.9380 -0.0441 0.3439
vn -0.3875 -0.8649 0.3192
vn -0.8960 -0.1315 0.4241
vn -0.8950 -0.1525 0.4192
vn -0.8934 -0.1734 0.4145
vn -0.2639 -0.8761 0.4034
vn -0.3163 -0.0000 0.9487
vn -0.8459 -0.2058 0.4920
vn -0.8451 -0.2167 0.4887
vn -0.8440 -0.2277 0.4856
vn -0.1715 -0.8788 0.4453
vn -0.7904 -0.2624 0.5535
vn -0.7890 -0.2772 0.5483
vn -0.7872 -0.2919 0.5433
vn -0.0542 -0.8786 0.4745
vn -0.2425 -0.0000 0.9702
vn -0.7390 -0.2095 0.6403
vn -0.7386 -0.1641 0.6539
vn -0.7345 -0.1189 0.6681
vn -0.2286 -0.8660 0.4448
vn -0.6701 -0.1714 0.7222
vn -0.6707 -0.2088 0.7117
vn -0.6690 -0.2460 0.7014
vn 0.0001 -0.8792 0.4764
vn -0.5951 -0.2772 0.7543
vn -0.5952 -0.2836 0.7519
vn -0.5952 -0.2899 0.7494
vn 0.0790 -0.8789 0.4705
vn 0.0830 -0.0000 0.9965
vn -0.5185 -0.2647 0.8131
vn -0.5176 -0.2505 0.8181
vn -0.5164 -0.2364 0.8231
vn 0.0542 -0.8786 0.4745
vn 0.2425 -0.0000 0.9702
vn -0.4364 -0.2586 0.8618
vn -0.4377 -0.2732 0.8566
vn -0.4384 -0.2879 0.8514
vn 0.1715 -0.8788 0.4453
vn 0.2425 -0.0000 0.9701
vn -0.3499 -0.2458 0.9039
vn -0.3466 -0.2210 0.9116
vn -0.3421 -0.1961 0.9190
vn 0.0986 -0.8761 0.4719
vn -0.2503 -0.2058 0.9460
vn -0.2520 -0.2167 0.9431
vn -0.2535 -0.2277 0.9402
vn 0.1937 -0.8788 0.4362
vn -0.1935 -0.3398 0.9204
vn -0.2027 -0.3939 0.8966
vn -0.2069 -0.4479 0.8698
vn 0.4576 -0.8553 0.2429
vn 0.3163 -0.0000 0.9487
vn -0.1141 -0.4293 0.8959
vn -0.1084 -0.4067 0.9071
vn -0.1018 -0.3840 0.9177
vn 0.3949 -0.8732 0.2856
vn 0.7070 -0.0000 0.7072
vn 0.0019 -0.1618 0.9868
vn 0.0283 -0.0520 0.9982
vn 0.0688 0.0566 0.9960
vn 0.0197 -0.8157 0.5781
vn 0.2856 -0.8732 0.3950
vn 0.7072 -0.0000 0.7070
vn 0.1615 -0.0077 0.9868
vn 0.1518 -0.0661 0.9862
vn 0.1458 -0.1236 0.9816
vn 0.0766 -0.3847 0.9199
vn 0.0179 -0.5129 0.8583
vn -0.0211 -0.6396 0.7684
vn 0.6676 0.3156 -0.6743
vn 0.5357 0.2126 -0.8172
vn 0.4109 0.0556 -0.9100
vn 0.3153 -0.5351 0.7837
vn 0.3232 -0.7129 0.6224
vn 0.3770 -0.8260 0.4191
vn 0.7863 -0.5211 0.3319
vn 0.5077 -0.8583 -0.0748
vn 0.3748 -0.6784 -0.6318
vn 0.4551 -0.6398 0.6193
vn 0.4484 -0.7806 0.4355
vn 0.4763 -0.8521 0.2171
vn 0.6905 -0.5693 0.4461
vn 0.5081 -0.8587 -0.0663
vn 0.5269 -0.5840 -0.6175
vn 0.9383 0.3401 0.0617
vn 0.9192 0.2265 -0.3220
vn 0.8239 -0.0774 -0.5615
vn 0.6482 0.7582 0.0706
vn 0.8279 0.5592 -0.0444
vn -0.6246 0.7078 0.3301
vn -0.4592 0.6130 0.6429
vn 0.5195 0.6612 -0.5412
vn 0.4592 0.5575 -0.6917
vn -0.5434 0.7528 -0.3715
vn -0.7928 0.5888 -0.1575
vn -0.1318 0.6645 0.7355
vn -0.0000 0.5577 0.8300
vn -0.1483 0.5943 -0.7904
vn -0.3019 0.5626 -0.7696
vn 0.4471 0.7058 0.5495
vn 0.4592 0.6130 0.6429
vn 0.7500 0.6612 -0.0153
vn -0.4209 0.8436 0.3334
vn 0.3569 0.8138 -0.4586
vn -0.6749 0.6553 -0.3391
vn -0.0706 0.7582 0.6482
vn -0.1216 0.7528 -0.6469
vn 0.5412 0.6612 0.5195
vn -0.7355 0.6645 -0.1318
vn -0.8300 0.5577 -0.0000
vn 0.7904 0.5943 -0.1483
vn -0.2010 0.8961 0.3956
vn 0.3715 0.7528 -0.5434
vn -0.6780 0.6816 -0.2752
vn 0.0810 0.8680 0.4899
vn -0.5168 0.4669 -0.7176
vn 0.4586 0.8138 0.3569
vn -0.6482 0.7582 -0.0706
vn 0.6469 0.7528 -0.1215
vn -0.5195 0.6612 0.5412
vn 0.2385 0.5182 -0.8213
vn 0.1483 0.5943 0.7904
vn -0.4207 0.5572 -0.7160
vn 0.5434 0.7528 0.3715
vn -0.7501 0.6612 0.0153
vn 0.7176 0.4668 -0.5168
vn -0.4541 0.5943 0.6638
vn 0.2605 0.7497 -0.6084
vn 0.2217 0.8888 0.4012
vn -0.3301 0.7078 -0.6245
vn 0.6749 0.6554 0.3391
vn -0.7904 0.5943 0.1483
vn 0.7160 0.5572 -0.4206
vn -0.3334 0.8436 -0.4209
vn -0.3715 0.7528 0.5434
vn 0.2082 0.7079 -0.6750
vn 0.5168 0.4668 0.7176
vn 0.6084 0.7497 0.2604
vn -0.4012 0.8888 0.2217
vn 0.0899 0.8878 -0.4514
vn -0.4471 0.7058 -0.5495
vn -0.3391 0.6554 0.6749
vn 0.1318 0.6645 -0.7356
vn 0.4206 0.5572 0.7160
vn 0.6749 0.7079 0.2082
vn -0.7176 0.4668 0.5168
vn 0.4209 0.8436 -0.3334
vn -0.5412 0.6612 -0.5195
vn -0.2606 0.7496 0.6084
vn 0.0705 0.7582 -0.6482
vn 0.4514 0.8878 0.0899
vn 0.0900 -0.9837 -0.1558
vn 0.2711 -0.9238 -0.2702
vn 0.3117 -0.8888 -0.3360
vn 0.3223 -0.8540 -0.4084
vn 0.1350 -0.9704 -0.2001
vn -0.0516 -0.9504 0.3066
vn -0.0626 -0.8476 0.5269
vn -0.0006 -0.7976 0.6032
vn 0.0975 -0.7581 0.6448
vn -0.1551 -0.8982 0.4113
vn 0.2664 -0.8510 -0.4525
vn 0.2627 -0.9078 -0.3269
vn 0.2140 -0.9404 -0.2643
vn 0.1400 -0.9654 -0.2201
vn 0.3123 -0.7182 0.6219
vn 0.0354 -0.7989 0.6005
vn -0.0308 -0.8612 0.5073
vn -0.0332 -0.9169 0.3977
vn 0.2250 -0.8808 -0.4165
vn 0.2296 -0.8563 -0.4626
vn 0.2286 -0.8500 -0.4746
vn 0.2265 -0.8438 -0.4866
vn 0.1131 -0.9917 0.0618
vn -0.0581 -0.8822 0.4672
vn 0.0611 -0.7875 0.6133
vn 0.2580 -0.7262 0.6372
vn 0.1785 -0.9088 -0.3770
vn 0.1846 -0.8844 -0.4287
vn 0.1853 -0.8782 -0.4409
vn 0.1850 -0.8721 -0.4531
vn 0.0438 -0.9686 0.2449
vn 0.0737 -0.9758 0.2056
vn 0.0912 -0.9820 0.1652
vn 0.1160 -0.9852 0.1259
vn 0.1182 -0.8447 -0.5221
vn 0.1393 -0.8620 -0.4874
vn 0.1430 -0.8760 -0.4607
vn 0.1422 -0.8898 -0.4336
vn 0.6951 -0.6285 0.3491
vn 0.2420 -0.7270 0.6426
vn 0.0764 -0.8423 0.5336
vn 0.0511 -0.9329 0.3566
vn 0.1019 -0.9109 -0.3998
vn 0.0956 -0.8702 -0.4834
vn 0.0873 -0.8558 -0.5099
vn 0.0745 -0.8415 -0.5351
vn 0.3879 -0.7742 0.5002
vn 0.5288 -0.6928 0.4904
vn 0.6056 -0.6643 0.4381
vn 0.6733 -0.6471 0.3577
vn 0.0516 -0.9504 -0.3066
vn 0.0565 -0.9212 -0.3849
vn 0.0580 -0.9123 -0.4053
vn 0.0575 -0.9032 -0.4254
vn 0.2198 -0.8817 0.4175
vn 0.3110 -0.8218 0.4774
vn 0.3578 -0.7986 0.4839
vn 0.4076 -0.7778 0.4784
vn -0.0333 -0.8487 -0.5278
vn 0.0142 -0.8841 -0.4671
vn 0.0229 -0.9071 -0.4202
vn 0.0186 -0.9284 -0.3712
vn 0.2107 -0.9109 0.3547
vn 0.2509 -0.8860 0.3898
vn 0.2608 -0.8797 0.3976
vn 0.2714 -0.8733 0.4046
vn -0.3770 -0.9088 -0.1786
vn -0.4286 -0.8844 -0.1845
vn -0.4409 -0.8782 -0.1853
vn -0.4531 -0.8720 -0.1851
vn -0.2231 -0.9748 -0.0000
vn -0.1131 -0.9917 -0.0618
vn 0.0175 -0.9445 -0.3281
vn 0.0054 -0.9007 -0.4345
vn -0.0509 -0.8570 -0.5128
vn 0.4577 -0.8015 0.3848
vn 0.3662 -0.8383 0.4039
vn 0.3220 -0.8629 0.3895
vn 0.2840 -0.8871 0.3639
vn -0.5221 -0.8447 -0.1182
vn -0.4874 -0.8620 -0.1394
vn -0.4607 -0.8760 -0.1430
vn -0.4336 -0.8898 -0.1422
vn -0.0438 -0.9686 -0.2448
vn -0.0737 -0.9758 -0.2057
vn -0.0912 -0.9820 -0.1652
vn -0.1160 -0.9852 -0.1259
vn 0.3967 -0.8487 0.3497
vn 0.4496 -0.8178 0.3592
vn 0.4695 -0.8079 0.3562
vn 0.4895 -0.7983 0.3508
vn -0.3998 -0.9109 -0.1019
vn -0.4834 -0.8702 -0.0956
vn -0.5099 -0.8558 -0.0873
vn -0.5351 -0.8415 -0.0744
vn -0.1354 -0.8808 -0.4536
vn -0.0955 -0.9115 -0.4001
vn -0.0837 -0.9317 -0.3535
vn -0.0834 -0.9494 -0.3029
vn 0.2976 -0.9145 0.2741
vn 0.3743 -0.8740 0.3099
vn 0.4016 -0.8595 0.3161
vn 0.4297 -0.8453 0.3174
vn -0.3066 -0.9504 -0.0516
vn -0.3849 -0.9212 -0.0565
vn -0.4052 -0.9124 -0.0582
vn -0.4254 -0.9032 -0.0574
vn -0.3879 -0.7742 -0.5002
vn -0.2862 -0.8095 -0.5126
vn -0.2436 -0.8332 -0.4964
vn -0.2084 -0.8572 -0.4709
vn 0.4525 -0.8510 0.2665
vn 0.4142 -0.8680 0.2738
vn 0.3878 -0.8819 0.2680
vn 0.3626 -0.8955 0.2581
vn -0.6219 -0.7182 0.3123
vn -0.6005 -0.7989 0.0354
vn -0.5073 -0.8612 -0.0307
vn -0.3977 -0.9169 -0.0332
vn -0.2199 -0.8817 -0.4175
vn -0.3110 -0.8218 -0.4774
vn -0.3578 -0.7986 -0.4839
vn -0.4076 -0.7778 -0.4784
vn 0.4165 -0.8808 0.2250
vn 0.4626 -0.8563 0.2297
vn 0.4746 -0.8500 0.2286
vn 0.4866 -0.8437 0.2265
vn -0.0619 -0.9917 0.1131
vn -0.4672 -0.8822 -0.0581
vn -0.6132 -0.7875 0.0611
vn -0.6372 -0.7262 0.2580
vn -0.2107 -0.9109 -0.3547
vn -0.2509 -0.8860 -0.3898
vn -0.2608 -0.8797 -0.3976
vn -0.2714 -0.8733 -0.4046
vn 0.4730 -0.8628 0.1783
vn 0.4772 -0.8595 0.1832
vn 0.4699 -0.8633 0.1840
vn 0.4627 -0.8671 0.1844
vn -0.2448 -0.9686 0.0439
vn -0.2056 -0.9759 0.0737
vn -0.1652 -0.9820 0.0912
vn -0.1259 -0.9852 0.1160
vn -0.1802 -0.9504 -0.2534
vn -0.2323 -0.9212 -0.3121
vn -0.2455 -0.9123 -0.3277
vn -0.2602 -0.9032 -0.3414
vn 0.5221 -0.8447 0.1182
vn 0.5243 -0.8422 0.1256
vn 0.5174 -0.8461 0.1283
vn 0.5105 -0.8499 0.1305
vn -0.4537 -0.8808 0.1354
vn -0.4000 -0.9116 0.0953
vn -0.3535 -0.9317 0.0836
vn -0.3029 -0.9494 0.0834
vn -0.3967 -0.8487 -0.3497
vn -0.3203 -0.8841 -0.3404
vn -0.2811 -0.9071 -0.3133
vn -0.2492 -0.9284 -0.2757
vn 0.3998 -0.9109 0.1018
vn 0.4834 -0.8702 0.0957
vn 0.5099 -0.8558 0.0874
vn 0.5351 -0.8415 0.0744
vn -0.5002 -0.7742 0.3879
vn -0.5126 -0.8095 0.2862
vn -0.4965 -0.8331 0.2437
vn -0.4709 -0.8572 0.2084
vn -0.2976 -0.9145 -0.2741
vn -0.3743 -0.8740 -0.3098
vn -0.4015 -0.8596 -0.3161
vn -0.4297 -0.8453 -0.3175
vn 0.3066 -0.9504 0.0516
vn 0.3849 -0.9212 0.0564
vn 0.4053 -0.9123 0.0581
vn 0.4254 -0.9032 0.0575
vn -0.3707 -0.7006 0.6097
vn -0.4437 -0.7273 0.5236
vn -0.4601 -0.7427 0.4865
vn -0.4691 -0.7598 0.4502
vn -0.3573 -0.8979 -0.2569
vn -0.3677 -0.8931 -0.2591
vn -0.3607 -0.8968 -0.2562
vn -0.3539 -0.9003 -0.2533
vn 0.5278 -0.8487 -0.0333
vn 0.4671 -0.8841 0.0142
vn 0.4202 -0.9071 0.0228
vn 0.3712 -0.9284 0.0186
vn -0.3547 -0.9110 0.2106
vn -0.4747 -0.7948 0.3780
vn -0.4575 -0.7445 0.4862
vn -0.3845 -0.7110 0.5887
vn -0.4239 -0.8765 -0.2281
vn -0.4165 -0.8803 -0.2273
vn -0.4092 -0.8840 -0.2259
vn 0.0618 -0.9917 -0.1131
vn 0.3282 -0.9444 0.0174
vn 0.4345 -0.9007 0.0053
vn 0.5128 -0.8570 -0.0511
vn -0.2534 -0.9504 0.1802
vn -0.3121 -0.9212 0.2323
vn -0.3277 -0.9123 0.2456
vn -0.3414 -0.9032 0.2601
vn 0.2449 -0.9686 -0.0439
vn 0.2056 -0.9758 -0.0737
vn 0.1652 -0.9820 -0.0913
vn 0.1260 -0.9852 -0.1160
vn -0.3497 -0.8487 0.3967
vn -0.3403 -0.8841 0.3203
vn -0.3133 -0.9071 0.2810
vn -0.2756 -0.9284 0.2492
vn 0.3491 -0.6285 -0.6951
vn 0.6425 -0.7270 -0.2420
vn 0.5336 -0.8423 -0.0764
vn 0.3566 -0.9328 -0.0512
vn -0.2741 -0.9145 0.2976
vn -0.3100 -0.8740 0.3743
vn -0.3161 -0.8595 0.4016
vn -0.3174 -0.8453 0.4297
vn 0.5002 -0.7742 -0.3879
vn 0.4904 -0.6928 -0.5288
vn 0.4380 -0.6644 -0.6055
vn 0.3577 -0.6471 -0.6733
vn -0.2664 -0.8511 0.4524
vn -0.2738 -0.8680 0.4142
vn -0.2681 -0.8819 0.3878
vn -0.2581 -0.8955 0.3625
vn 0.4175 -0.8817 -0.2198
vn 0.4773 -0.8218 -0.3110
vn 0.4840 -0.7986 -0.3578
vn 0.4784 -0.7778 -0.4076
vn -0.2250 -0.8808 0.4165
vn -0.2296 -0.8564 0.4625
vn -0.2285 -0.8501 0.4745
vn -0.2265 -0.8437 0.4866
vn 0.3547 -0.9109 -0.2107
vn 0.3898 -0.8860 -0.2509
vn 0.3975 -0.8797 -0.2608
vn 0.4046 -0.8733 -0.2714
vn -0.1786 -0.9088 0.3770
vn -0.1846 -0.8844 0.4287
vn -0.1853 -0.8783 0.4408
vn -0.1851 -0.8721 0.4530
vn 0.3848 -0.8015 -0.4577
vn 0.4039 -0.8383 -0.3662
vn 0.3895 -0.8629 -0.3220
vn 0.3639 -0.8871 -0.2840
vn -0.1182 -0.8447 0.5221
vn -0.1395 -0.8620 0.4874
vn -0.1429 -0.8760 0.4607
vn -0.1421 -0.8898 0.4336
vn 0.3592 -0.8178 -0.4496
vn 0.3561 -0.8079 -0.4695
vn 0.3508 -0.7983 -0.4895
vn -0.0003 -0.7801 0.6257
vn -0.0338 -0.8012 0.5974
vn -0.0581 -0.8235 0.5644
vn 0.1869 -0.9063 -0.3791
vn 0.6558 -0.5465 -0.5208
vn 0.8874 -0.4586 -0.0475
vn 0.4147 -0.8561 0.3084
vn 0.0767 -0.9352 -0.3456
vn 0.5893 -0.5085 -0.6278
vn 0.8569 -0.5155 -0.0079
vn 0.5867 -0.7713 0.2468
vn 0.4399 -0.5175 -0.7339
vn 0.7297 -0.6700 0.1362
vn 0.8329 -0.5442 -0.1004
vn 0.3791 -0.9165 0.1276
vn 0.7695 -0.6384 0.0178
vn 0.2179 -0.9716 0.0921
vn 0.7305 -0.6763 -0.0953
vn 0.2317 -0.9726 0.0180
vn 0.8129 -0.3774 -0.4436
vn 0.5570 -0.8189 0.1383
vn 0.7333 -0.5276 -0.4288
vn 0.1060 -0.9926 -0.0594
vn 0.6542 -0.7101 -0.2603
vn -0.0005 -0.9929 -0.1186
vn 0.5968 -0.7587 -0.2611
vn 0.0880 -0.9916 -0.0946
vn 0.5897 -0.7071 -0.3902
vn -0.0401 -0.9911 -0.1268
vn 0.5617 -0.6792 -0.4724
vn 0.1460 -0.9841 -0.1016
vn 0.5018 -0.6968 -0.5125
vn -0.0000 -0.9934 -0.1143
vn 0.4516 -0.7272 -0.5170
vn -0.0643 -0.9918 -0.1100
vn 0.3992 -0.7250 -0.5613
vn 0.0402 -0.9911 -0.1268
vn 0.3348 -0.7030 -0.6274
vn 0.0961 -0.9834 -0.1537
vn 0.1681 -0.5629 -0.8092
vn -0.0320 -0.9953 -0.0915
vn 0.2616 -0.8227 -0.5048
vn 0.0370 -0.9920 -0.1207
vn 0.3392 -0.7230 -0.6018
vn -0.5569 -0.8190 0.1383
vn 0.1723 -0.8612 -0.4781
vn -0.2316 -0.9726 0.0180
vn 0.0177 -0.6384 -0.7695
vn 0.1888 -0.8568 -0.4798
vn -0.2927 -0.5050 -0.8120
vn 0.0180 -0.9726 -0.2317
vn -0.4435 -0.3775 -0.8129
vn 0.1502 -0.9351 -0.3209
vn -0.2569 -0.6527 -0.7127
vn -0.0594 -0.9926 -0.1060
vn -0.2603 -0.7101 -0.6542
vn -0.0611 -0.9821 -0.1784
vn -0.4061 -0.6514 -0.6409
vn -0.0946 -0.9916 -0.0880
vn -0.3902 -0.7071 -0.5897
vn -0.1268 -0.9911 0.0401
vn -0.4724 -0.6792 -0.5617
vn -0.1016 -0.9841 -0.1460
vn -0.5125 -0.6968 -0.5018
vn -0.1143 -0.9934 -0.0000
vn -0.5170 -0.7272 -0.4515
vn -0.1136 -0.9935 0.0074
vn -0.6067 -0.6925 -0.3904
vn -0.1268 -0.9911 -0.0402
vn -0.6274 -0.7031 -0.3348
vn -0.0946 -0.9916 0.0879
vn -0.6855 -0.6759 -0.2707
vn -0.0915 -0.9953 0.0320
vn -0.5048 -0.8227 -0.2616
vn -0.0594 -0.9926 0.1060
vn -0.6155 -0.7619 -0.2016
vn 0.0467 -0.9277 0.3704
vn -0.4782 -0.8612 -0.1723
vn 0.0179 -0.9727 0.2316
vn -0.7695 -0.6384 -0.0177
vn -0.4799 -0.8568 -0.1888
vn -0.8120 -0.5050 0.2927
vn -0.2317 -0.9726 -0.0180
vn -0.8129 -0.3775 0.4435
vn -0.3209 -0.9351 -0.1502
vn -0.7127 -0.6527 0.2568
vn -0.1060 -0.9926 0.0594
vn -0.6542 -0.7101 0.2603
vn -0.1784 -0.9821 0.0611
vn -0.6409 -0.6514 0.4060
vn -0.0880 -0.9916 0.0946
vn -0.5897 -0.7071 0.3902
vn 0.1506 -0.9751 0.1629
vn -0.5552 -0.7437 0.3724
vn -0.1460 -0.9841 0.1016
vn -0.5018 -0.6968 0.5125
vn -0.0000 -0.9934 0.1143
vn -0.4515 -0.7272 0.5170
vn 0.0643 -0.9918 0.1101
vn -0.3991 -0.7250 0.5613
vn -0.0402 -0.9911 0.1268
vn -0.3348 -0.7030 0.6274
vn 0.0879 -0.9916 0.0946
vn -0.2786 -0.7101 0.6467
vn 0.0842 -0.9929 0.0835
vn -0.2375 -0.7587 0.6066
vn 0.0047 -0.9916 0.1291
vn -0.2016 -0.7619 0.6155
vn 0.3705 -0.9277 -0.0467
vn -0.1723 -0.8612 0.4781
vn 0.2316 -0.9727 -0.0180
vn -0.0177 -0.6384 0.7695
vn -0.0921 -0.9716 0.2178
vn 0.0953 -0.6763 0.7304
vn -0.0180 -0.9726 0.2317
vn -0.0900 -0.7456 0.6603
vn 0.2035 -0.9485 -0.2426
vn 0.2569 -0.6527 0.7127
vn 0.0594 -0.9926 0.1060
vn 0.0509 -0.9677 0.2470
vn 0.5284 -0.8010 -0.2813
vn 0.2610 -0.7587 0.5968
vn 0.0946 -0.9916 0.0880
vn 0.1017 -0.9658 0.2384
vn 0.4808 -0.7919 -0.3765
vn 0.4724 -0.6792 0.5617
vn 0.0972 -0.9913 0.0884
vn 0.8103 -0.5139 -0.2818
vn 0.7840 -0.5195 0.3398
vn 0.8680 -0.4687 0.1639
vn 0.3498 -0.8543 0.3845
vn 0.8797 -0.4493 -0.1559
vn 0.4633 -0.7651 0.4472
vn 0.6497 -0.7264 0.2240
vn 0.3468 -0.9353 0.0707
vn 0.3110 -0.9041 -0.2930
vn 0.6464 -0.6639 -0.3760
vn 0.6242 -0.7447 0.2364
vn 0.3324 -0.9431 0.0097
vn 0.3341 -0.8718 -0.3584
vn 0.7596 -0.5869 -0.2804
vn 0.8488 -0.4632 0.2550
vn 0.5853 -0.6440 0.4926
vn 0.6803 -0.6879 0.2531
vn 0.3723 -0.9080 0.1922
vn 0.2292 -0.9731 -0.0224
vn 0.7756 -0.5913 -0.2210
vn 0.6937 -0.6789 0.2405
vn 0.3950 -0.8975 0.1962
vn 0.2230 -0.9747 -0.0154
vn 0.5607 -0.7501 -0.3506
vn 0.2039 -0.8872 0.4140
vn 0.1284 -0.9887 -0.0775
vn 0.4632 -0.8152 0.3477
vn 0.3322 -0.9432 0.0015
vn 0.5974 -0.7426 -0.3028
vn 0.7665 -0.5622 0.3105
vn 0.4797 -0.8034 0.3526
vn 0.3245 -0.9458 0.0135
vn 0.5657 -0.7531 -0.3359
vn 0.8410 -0.5284 0.1163
vn 0.2288 -0.8328 0.5040
vn 0.3295 -0.8996 -0.2867
vn 0.4373 -0.8100 0.3908
vn 0.3464 -0.9380 0.0090
vn 0.7727 -0.6234 -0.1197
vn 0.7872 -0.5424 0.2934
vn 0.3841 -0.8528 0.3539
vn 0.4022 -0.9104 -0.0966
vn 0.8237 -0.5656 -0.0404
vn 0.6644 -0.6008 0.4446
vn 0.1043 -0.9079 0.4060
vn 0.2002 -0.9715 -0.1271
vn 0.3230 -0.8711 0.3698
vn 0.3570 -0.9340 0.0136
vn 0.7285 -0.6742 -0.1216
vn 0.6309 -0.5898 0.5041
vn 0.4045 -0.8017 0.4401
vn 0.2996 -0.9400 0.1631
vn 0.5773 -0.7861 -0.2207
vn 0.7870 -0.5339 0.3092
vn 0.1180 -0.8308 0.5439
vn 0.3801 -0.8978 -0.2225
vn 0.2893 -0.8733 0.3921
vn 0.4138 -0.9103 0.0048
vn 0.8026 -0.5869 0.1065
vn 0.6632 -0.5540 0.5032
vn 0.2689 -0.8979 0.3486
vn 0.4711 -0.8803 -0.0562
vn 0.8208 -0.5477 0.1621
vn 0.5106 -0.6261 0.5893
vn 0.0534 -0.7460 0.6638
vn 0.0531 -0.9970 0.0570
vn 0.3444 -0.7734 0.5322
vn 0.2784 -0.9452 0.1706
vn 0.6179 -0.7825 -0.0767
vn 0.7152 -0.4918 0.4966
vn 0.3189 -0.7938 0.5178
vn 0.3093 -0.9443 0.1120
vn 0.6693 -0.7381 -0.0851
vn 0.7432 -0.5287 0.4100
vn 0.1027 -0.6553 0.7484
vn 0.0444 -0.9971 -0.0618
vn 0.3948 -0.6562 0.6431
vn 0.1537 -0.9458 0.2859
vn 0.6402 -0.7594 -0.1156
vn 0.7784 -0.4975 0.3828
vn 0.2786 -0.7394 0.6129
vn 0.2711 -0.9565 0.1074
vn 0.7914 -0.6112 0.0066
vn 0.6949 -0.4449 0.5649
vn 0.1315 -0.6161 0.7766
vn 0.0144 -0.9892 0.1459
vn 0.2340 -0.7766 0.5849
vn 0.2044 -0.9417 0.2673
vn 0.6300 -0.7745 0.0573
vn 0.6755 -0.5204 0.5224
vn 0.3196 -0.7051 0.6330
vn 0.1603 -0.8960 0.4141
vn 0.4861 -0.8733 -0.0332
vn 0.7081 -0.5432 0.4511
vn -0.0813 -0.7458 0.6612
vn 0.0274 -0.9978 0.0601
vn 0.0797 -0.8827 0.4631
vn 0.3202 -0.9358 0.1473
vn 0.7144 -0.6790 0.1690
vn 0.4260 -0.5293 0.7337
vn 0.1158 -0.8133 0.5703
vn 0.1903 -0.9496 0.2493
vn 0.6014 -0.7986 0.0242
vn 0.5960 -0.4955 0.6318
vn -0.1802 -0.8775 0.4445
vn 0.3209 -0.9462 -0.0411
vn 0.0984 -0.9576 0.2708
vn 0.5168 -0.8370 0.1798
vn 0.6764 -0.5424 0.4983
vn 0.1316 -0.6063 0.7843
vn 0.0680 -0.9320 0.3560
vn 0.4140 -0.8961 0.1603
vn 0.7048 -0.6102 0.3618
vn 0.2331 -0.5740 0.7850
vn -0.1615 -0.7180 0.6771
vn 0.1044 -0.9929 0.0571
vn 0.0616 -0.7580 0.6493
vn 0.2092 -0.9480 0.2398
vn 0.6147 -0.7451 0.2588
vn 0.4567 -0.5294 0.7150
vn -0.0127 -0.8913 0.4533
vn 0.5522 -0.8057 0.2143
vn 0.6358 -0.5133 0.5764
vn 0.2503 -0.5341 0.8075
vn -0.2353 -0.7489 0.6195
vn 0.1125 -0.9906 0.0782
vn -0.0332 -0.8712 0.4899
vn 0.2428 -0.9340 0.2621
vn 0.6011 -0.6742 0.4292
vn 0.2304 -0.5446 0.8064
vn -0.0252 -0.8017 0.5972
vn 0.0966 -0.9400 0.3272
vn 0.5643 -0.7861 0.2522
vn 0.3378 -0.5338 0.7752
vn -0.2867 -0.7321 0.6180
vn 0.0434 -0.9932 0.1079
vn -0.0846 -0.8165 0.5711
vn 0.1860 -0.9386 0.2906
vn 0.5467 -0.7342 0.4026
vn 0.2266 -0.5376 0.8122
vn -0.0884 -0.8459 0.5260
vn 0.2743 -0.9235 0.2680
vn 0.5833 -0.6718 0.4565
vn 0.2160 -0.5356 0.8164
vn -0.3290 -0.6902 0.6445
vn -0.0031 -0.9923 0.1235
vn -0.1116 -0.7437 0.6591
vn 0.0423 -0.9425 0.3315
vn 0.4824 -0.7882 0.3822
vn 0.2627 -0.5382 0.8008
vn -0.1351 -0.7883 0.6003
vn 0.1631 -0.9400 0.2996
vn 0.5318 -0.7050 0.4693
vn 0.2064 -0.5355 0.8189
vn -0.4005 -0.7374 0.5439
vn 0.0399 -0.9927 0.1141
vn -0.1927 -0.8169 0.5437
vn 0.0755 -0.9433 0.3234
vn 0.4566 -0.7292 0.5097
vn 0.0620 -0.5388 0.8402
vn -0.1894 -0.7736 0.6047
vn -0.0109 -0.9388 0.3442
vn 0.4641 -0.7911 0.3984
vn 0.1485 -0.5360 0.8311
vn -0.4512 -0.7217 0.5250
vn 0.0196 -0.9928 0.1183
vn -0.2472 -0.7864 0.5661
vn 0.0334 -0.9433 0.3304
vn 0.4046 -0.7500 0.5232
vn 0.0296 -0.5369 0.8431
vn -0.2469 -0.8057 0.5384
vn 0.0971 -0.9406 0.3253
vn 0.4311 -0.7078 0.5596
vn 0.0123 -0.5370 0.8435
vn -0.5035 -0.6621 0.5551
vn -0.0630 -0.9913 0.1156
vn -0.2993 -0.7492 0.5909
vn -0.0639 -0.9414 0.3311
vn 0.3500 -0.7873 0.5076
vn 0.0327 -0.5364 0.8433
vn -0.3026 -0.7687 0.5635
vn -0.0000 -0.9445 0.3285
vn 0.3810 -0.7458 0.5465
vn -0.0063 -0.5375 0.8432
vn -0.5284 -0.7846 0.3243
vn 0.0731 -0.9905 0.1161
vn -0.2369 -0.9188 0.3156
vn 0.1310 -0.9170 0.3767
vn 0.2462 -0.6276 0.7386
vn -0.3508 -0.5582 0.7519
vn -0.3547 -0.8218 0.4459
vn -0.1132 -0.9396 0.3230
vn 0.3325 -0.8058 0.4900
vn -0.1648 -0.5204 0.8379
vn -0.5927 -0.6944 0.4081
vn -0.0536 -0.9926 0.1090
vn -0.4087 -0.7487 0.5220
vn -0.0648 -0.9462 0.3171
vn 0.2449 -0.7832 0.5715
vn -0.1540 -0.5377 0.8290
vn -0.3636 -0.8552 0.3693
vn 0.1758 -0.8720 0.4568
vn 0.1482 -0.5924 0.7919
vn -0.3008 -0.5342 0.7900
vn -0.6425 -0.6416 0.4190
vn -0.1534 -0.9849 0.0799
vn -0.4522 -0.6895 0.5658
vn -0.2515 -0.9246 0.2861
vn 0.1944 -0.8430 0.5016
vn -0.1297 -0.5490 0.8257
vn -0.4596 -0.7194 0.5208
vn -0.1631 -0.9400 0.2996
vn 0.2207 -0.7861 0.5773
vn -0.1661 -0.5445 0.8221
vn -0.6677 -0.6901 0.2792
vn -0.0687 -0.9933 0.0930
vn -0.4637 -0.8165 0.3440
vn -0.1347 -0.9449 0.2984
vn 0.1018 -0.7342 0.6713
vn -0.3882 -0.5315 0.7529
vn -0.5089 -0.7421 0.4362
vn -0.2925 -0.9174 0.2699
vn 0.1749 -0.8427 0.5092
vn -0.2900 -0.5363 0.7926
vn -0.7763 -0.5447 0.3172
vn -0.1784 -0.9840 0.0017
vn -0.5322 -0.7734 0.3444
vn -0.1706 -0.9452 0.2784
vn 0.0767 -0.7825 0.6179
vn -0.3519 -0.4972 0.7931
vn -0.5178 -0.7938 0.3189
vn -0.1120 -0.9443 0.3093
vn 0.0851 -0.7381 0.6693
vn -0.4100 -0.5287 0.7432
vn -0.7975 -0.5054 0.3296
vn -0.4026 -0.9050 -0.1378
vn -0.6130 -0.6030 0.5105
vn -0.4070 -0.9027 0.1398
vn 0.1155 -0.9383 0.3259
vn -0.2252 -0.5489 0.8050
vn -0.6355 -0.6705 0.3828
vn -0.2116 -0.9563 0.2020
vn 0.1610 -0.8169 0.5538
vn -0.2391 -0.5063 0.8286
vn -0.8200 -0.4454 0.3596
vn -0.3816 -0.9168 -0.1173
vn -0.5441 -0.5099 0.6663
vn -0.6245 -0.7718 0.1199
vn 0.0247 -0.9711 0.2372
vn -0.0816 -0.6274 0.7744
vn -0.6330 -0.5786 0.5143
vn -0.4141 -0.8960 0.1602
vn 0.0332 -0.8733 0.4861
vn -0.2407 -0.5849 0.7746
vn -0.6612 -0.7458 -0.0813
vn -0.0602 -0.9978 0.0273
vn -0.4631 -0.8827 0.0798
vn -0.1764 -0.9625 0.2060
vn -0.1690 -0.6791 0.7144
vn -0.7337 -0.5293 0.4261
vn -0.7370 -0.6155 0.2792
vn -0.7161 -0.6874 0.1211
vn 0.0150 -0.9877 0.1559
vn -0.4411 -0.4990 0.7459
vn -0.4445 -0.8775 -0.1802
vn 0.0411 -0.9462 0.3209
vn -0.2708 -0.9576 0.0983
vn -0.1798 -0.8370 0.5168
vn -0.4983 -0.5424 0.6764
vn -0.7843 -0.6063 0.1316
vn -0.3560 -0.9320 0.0680
vn -0.1603 -0.8961 0.4140
vn -0.3618 -0.6102 0.7048
vn -0.7850 -0.5740 0.2331
vn -0.6276 -0.7544 -0.1923
vn -0.0431 -0.9908 0.1283
vn -0.6493 -0.7580 0.0615
vn -0.2398 -0.9480 0.2092
vn -0.2588 -0.7451 0.6147
vn -0.7343 -0.5249 0.4304
vn -0.4533 -0.8913 -0.0126
vn -0.2143 -0.8057 0.5522
vn -0.5764 -0.5133 0.6358
vn -0.8075 -0.5341 0.2503
vn -0.5993 -0.7597 -0.2525
vn -0.0442 -0.9809 0.1893
vn -0.4684 -0.8829 -0.0321
vn -0.2555 -0.9296 0.2658
vn -0.4818 -0.6351 0.6038
vn -0.8134 -0.5420 0.2113
vn -0.5791 -0.8145 -0.0348
vn -0.3093 -0.9443 0.1120
vn -0.2903 -0.7461 0.5992
vn -0.8003 -0.5315 0.2776
vn -0.6356 -0.7172 -0.2856
vn -0.1144 -0.9934 0.0034
vn -0.5792 -0.8105 -0.0872
vn -0.2883 -0.9412 0.1760
vn -0.3779 -0.7473 0.5465
vn -0.8111 -0.5335 0.2398
vn -0.5339 -0.8404 -0.0929
vn -0.2640 -0.9274 0.2650
vn -0.4310 -0.6835 0.5892
vn -0.8143 -0.5272 0.2427
vn -0.6445 -0.6902 -0.3290
vn -0.1235 -0.9923 -0.0031
vn -0.6592 -0.7437 -0.1116
vn -0.3315 -0.9425 0.0423
vn -0.3822 -0.7882 0.4824
vn -0.8008 -0.5382 0.2628
vn -0.6003 -0.7883 -0.1351
vn -0.2996 -0.9400 0.1631
vn -0.4693 -0.7050 0.5318
vn -0.8189 -0.5355 0.2064
vn -0.5897 -0.7048 -0.3943
vn -0.1232 -0.9923 -0.0158
vn -0.6228 -0.7607 -0.1829
vn -0.3377 -0.9412 0.0007
vn -0.4377 -0.7812 0.4452
vn -0.8301 -0.5368 0.1509
vn -0.6386 -0.7488 -0.1776
vn -0.3442 -0.9388 -0.0108
vn -0.3984 -0.7911 0.4642
vn -0.8198 -0.5395 0.1918
vn -0.5250 -0.7217 -0.4512
vn -0.1183 -0.9928 0.0196
vn -0.5661 -0.7864 -0.2472
vn -0.3312 -0.9435 0.0117
vn -0.5232 -0.7500 0.4046
vn -0.8431 -0.5369 0.0296
vn -0.5827 -0.7745 -0.2462
vn -0.3314 -0.9435 -0.0011
vn -0.4859 -0.7600 0.4317
vn -0.8418 -0.5367 0.0570
vn -0.5550 -0.6621 -0.5035
vn -0.1156 -0.9913 -0.0630
vn -0.5909 -0.7492 -0.2993
vn -0.3310 -0.9415 -0.0639
vn -0.5076 -0.7873 0.3500
vn -0.8433 -0.5365 0.0327
vn -0.5635 -0.7687 -0.3026
vn -0.3286 -0.9445 -0.0000
vn -0.5465 -0.7458 0.3810
vn -0.8432 -0.5375 -0.0063
vn -0.4207 -0.7209 -0.5507
vn -0.1031 -0.9937 -0.0448
vn -0.4633 -0.8152 -0.3476
vn -0.3265 -0.9449 -0.0228
vn -0.5974 -0.7426 0.3028
vn -0.8263 -0.5340 -0.1789
vn -0.5239 -0.7714 -0.3612
vn -0.3229 -0.9396 -0.1132
vn -0.4900 -0.8058 0.3325
vn -0.8448 -0.5303 -0.0706
vn -0.4081 -0.6944 -0.5927
vn -0.1090 -0.9926 -0.0536
vn -0.5220 -0.7487 -0.4087
vn -0.3137 -0.9431 -0.1100
vn -0.5715 -0.7832 0.2449
vn -0.8290 -0.5377 -0.1540
vn -0.4592 -0.7932 -0.3999
vn -0.3442 -0.9388 0.0109
vn -0.6709 -0.6999 0.2450
vn -0.8175 -0.5355 -0.2121
vn -0.4190 -0.6416 -0.6425
vn -0.0799 -0.9849 -0.1534
vn -0.5658 -0.6895 -0.4522
vn -0.2862 -0.9246 -0.2515
vn -0.5016 -0.8430 0.1945
vn -0.8257 -0.5490 -0.1297
vn -0.5208 -0.7194 -0.4596
vn -0.2997 -0.9400 -0.1631
vn -0.5773 -0.7861 0.2207
vn -0.8221 -0.5445 -0.1661
vn -0.2792 -0.6900 -0.6677
vn -0.0930 -0.9933 -0.0687
vn -0.3441 -0.8165 -0.4637
vn -0.2983 -0.9449 -0.1347
vn -0.6713 -0.7342 0.1018
vn -0.7529 -0.5315 -0.3882
vn -0.4362 -0.7421 -0.5089
vn -0.2700 -0.9174 -0.2925
vn -0.5092 -0.8427 0.1749
vn -0.7926 -0.5363 -0.2900
vn -0.3172 -0.5447 -0.7763
vn -0.0017 -0.9840 -0.1784
vn -0.3444 -0.7734 -0.5322
vn -0.2784 -0.9452 -0.1706
vn -0.6179 -0.7825 0.0767
vn -0.7931 -0.4972 -0.3518
vn -0.3189 -0.7938 -0.5178
vn -0.3093 -0.9443 -0.1120
vn -0.6693 -0.7381 0.0851
vn -0.7432 -0.5288 -0.4100
vn -0.3296 -0.5054 -0.7974
vn 0.1378 -0.9050 -0.4025
vn -0.5105 -0.6030 -0.6130
vn -0.1399 -0.9027 -0.4070
vn -0.3259 -0.9383 0.1155
vn -0.8050 -0.5489 -0.2252
vn -0.3828 -0.6705 -0.6355
vn -0.2021 -0.9562 -0.2116
vn -0.5538 -0.8169 0.1610
vn -0.8286 -0.5063 -0.2391
vn -0.3596 -0.4453 -0.8200
vn 0.1173 -0.9168 -0.3817
vn -0.6663 -0.5099 -0.5441
vn -0.1200 -0.7718 -0.6245
vn -0.2372 -0.9712 0.0247
vn -0.7744 -0.6274 -0.0817
vn -0.5143 -0.5786 -0.6330
vn -0.1602 -0.8960 -0.4141
vn -0.4861 -0.8733 0.0332
vn -0.7746 -0.5849 -0.2407
vn 0.0813 -0.7458 -0.6612
vn -0.0273 -0.9978 -0.0602
vn -0.0798 -0.8827 -0.4631
vn -0.2060 -0.9625 -0.1763
vn -0.7144 -0.6790 -0.1690
vn -0.4261 -0.5293 -0.7337
vn -0.2792 -0.6155 -0.7370
vn -0.1211 -0.6874 -0.7161
vn -0.1559 -0.9877 0.0150
vn -0.7459 -0.4990 -0.4411
vn 0.2288 -0.9140 -0.3350
vn -0.3552 -0.9320 0.0726
vn -0.0983 -0.9576 -0.2708
vn -0.5168 -0.8370 -0.1798
vn -0.6764 -0.5424 -0.4983
vn -0.0657 -0.6066 -0.7923
vn -0.0680 -0.9320 -0.3560
vn -0.4140 -0.8961 -0.1602
vn -0.7048 -0.6102 -0.3618
vn -0.2331 -0.5740 -0.7850
vn 0.2295 -0.6794 -0.6970
vn -0.0631 -0.9966 0.0531
vn -0.2222 -0.5824 -0.7819
vn -0.0030 -0.9541 -0.2994
vn -0.5816 -0.8108 -0.0654
vn -0.6171 -0.4901 -0.6156
vn 0.0844 -0.8400 -0.5360
vn -0.6011 -0.7720 -0.2066
vn -0.6113 -0.4173 -0.6724
vn -0.2699 -0.4413 -0.8558
vn 0.2525 -0.7596 -0.5994
vn -0.1893 -0.9809 -0.0442
vn 0.0321 -0.8829 -0.4684
vn -0.2065 -0.9451 -0.2531
vn -0.6038 -0.6351 -0.4818
vn -0.2112 -0.5420 -0.8134
vn -0.0025 -0.7193 -0.6947
vn 0.0603 -0.8576 -0.5108
vn -0.4631 -0.8772 -0.1267
vn -0.3943 -0.5118 -0.7633
vn 0.2072 -0.6024 -0.7708
vn 0.1646 -0.9637 -0.2100
vn -0.1081 -0.6227 -0.7750
vn 0.0617 -0.9132 -0.4028
vn -0.3713 -0.9106 -0.1815
vn -0.5011 -0.5664 -0.6542
vn 0.0770 -0.7494 -0.6577
vn -0.2650 -0.9274 -0.2640
vn -0.5892 -0.6835 -0.4310
vn -0.3887 -0.5265 -0.7561
vn 0.3290 -0.6902 -0.6445
vn 0.0030 -0.9923 -0.1235
vn 0.1115 -0.7437 -0.6591
vn 0.0263 -0.9328 -0.3595
vn -0.4824 -0.7882 -0.3822
vn -0.2628 -0.5382 -0.8008
vn 0.0587 -0.6791 -0.7317
vn 0.1225 -0.8800 -0.4589
vn -0.4235 -0.8739 -0.2385
vn -0.3483 -0.5453 -0.7624
vn 0.4005 -0.7374 -0.5439
vn -0.0399 -0.9927 -0.1141
vn 0.1927 -0.8169 -0.5437
vn -0.0755 -0.9433 -0.3233
vn -0.4566 -0.7292 -0.5097
vn -0.0620 -0.5388 -0.8401
vn 0.1894 -0.7736 -0.6047
vn 0.0109 -0.9388 -0.3442
vn -0.4641 -0.7911 -0.3984
vn -0.1485 -0.5360 -0.8310
vn 0.4512 -0.7217 -0.5250
vn -0.0196 -0.9928 -0.1183
vn 0.2473 -0.7864 -0.5661
vn -0.0334 -0.9433 -0.3302
vn -0.4047 -0.7500 -0.5232
vn -0.0296 -0.5369 -0.8431
vn 0.2469 -0.8057 -0.5384
vn -0.0971 -0.9406 -0.3253
vn -0.4311 -0.7078 -0.5596
vn -0.0123 -0.5370 -0.8435
vn 0.5035 -0.6621 -0.5550
vn 0.0629 -0.9913 -0.1156
vn 0.2992 -0.7492 -0.5909
vn 0.0639 -0.9415 -0.3310
vn -0.3500 -0.7873 -0.5076
vn -0.0327 -0.5364 -0.8433
vn 0.3026 -0.7687 -0.5635
vn -0.0000 -0.9445 -0.3286
vn -0.3810 -0.7458 -0.5465
vn 0.0063 -0.5375 -0.8432
vn 0.5507 -0.7209 -0.4207
vn 0.0448 -0.9937 -0.1031
vn 0.3477 -0.8152 -0.4632
vn 0.0228 -0.9449 -0.3265
vn -0.3028 -0.7426 -0.5974
vn 0.1788 -0.5340 -0.8264
vn 0.3613 -0.7714 -0.5239
vn 0.1132 -0.9396 -0.3230
vn -0.3325 -0.8058 -0.4901
vn 0.0706 -0.5304 -0.8448
vn 0.5927 -0.6944 -0.4081
vn 0.0536 -0.9926 -0.1090
vn 0.4087 -0.7487 -0.5220
vn 0.1100 -0.9431 -0.3137
vn -0.2449 -0.7832 -0.5715
vn 0.1540 -0.5377 -0.8290
vn 0.3998 -0.7932 -0.4592
vn -0.0109 -0.9388 -0.3442
vn -0.2450 -0.6999 -0.6709
vn 0.2121 -0.5355 -0.8175
vn 0.6044 -0.7489 -0.2717
vn -0.0242 -0.9906 -0.1348
vn 0.3698 -0.8711 -0.3230
vn 0.0136 -0.9340 -0.3570
vn -0.1216 -0.6742 -0.7284
vn 0.4073 -0.5446 -0.7331
vn 0.4401 -0.8017 -0.4045
vn 0.1631 -0.9400 -0.2996
vn -0.2207 -0.7861 -0.5774
vn 0.3092 -0.5339 -0.7870
vn 0.6677 -0.6901 -0.2792
vn 0.0687 -0.9933 -0.0930
vn 0.4637 -0.8165 -0.3440
vn 0.0738 -0.9386 -0.3369
vn -0.1018 -0.7342 -0.6713
vn 0.3882 -0.5315 -0.7529
vn 0.4345 -0.8458 -0.3095
vn -0.0043 -0.9235 -0.3835
vn -0.0897 -0.6718 -0.7353
vn 0.4246 -0.5356 -0.7300
vn 0.7450 -0.4182 -0.5197
vn 0.3892 -0.9202 0.0426
vn 0.4834 -0.5745 -0.6605
vn 0.4467 -0.8712 -0.2037
vn -0.0806 -0.9447 -0.3179
vn -0.0084 -0.6013 -0.7990
vn 0.5766 -0.6898 -0.4378
vn 0.1121 -0.9443 -0.3093
vn -0.0851 -0.7381 -0.6693
vn 0.2508 -0.5394 -0.8038
vn 0.7974 -0.5054 -0.3296
vn 0.4025 -0.9050 0.1378
vn 0.6130 -0.6030 -0.5105
vn 0.4947 -0.8570 -0.1445
vn -0.1155 -0.9383 -0.3259
vn 0.2252 -0.5489 -0.8050
vn 0.5781 -0.5590 -0.5944
vn 0.6011 -0.7720 -0.2066
vn -0.0859 -0.9793 -0.1833
vn 0.0482 -0.5848 -0.8098
vn 0.7766 -0.6161 -0.1315
vn 0.1459 -0.9892 -0.0144
vn 0.5850 -0.7766 -0.2339
vn 0.2674 -0.9417 -0.2044
vn 0.0573 -0.7745 -0.6300
vn 0.5224 -0.5204 -0.6755
vn 0.6330 -0.7051 -0.3196
vn 0.4141 -0.8960 -0.1602
vn -0.0331 -0.8733 -0.4861
vn 0.4511 -0.5432 -0.7081
vn 0.8161 -0.5622 -0.1337
vn 0.1631 -0.9848 0.0591
vn 0.4631 -0.8827 -0.0797
vn 0.1473 -0.9358 -0.3202
vn 0.1690 -0.6790 -0.7144
vn 0.6549 -0.5067 -0.5607
vn 0.5703 -0.8133 -0.1158
vn 0.2493 -0.9496 -0.1903
vn 0.0242 -0.7986 -0.6014
vn 0.6318 -0.4956 -0.5960
vn 0.8232 -0.4289 -0.3720
vn 0.3999 -0.9012 0.1673
vn 0.3770 -0.9257 -0.0307
vn 0.1485 -0.8992 -0.4115
vn 0.2215 -0.6981 -0.6809
vn 0.6550 -0.4943 -0.5716
vn 0.4622 -0.8861 -0.0334
vn 0.1762 -0.9350 -0.3077
vn 0.1299 -0.7769 -0.6161
vn 0.6878 -0.5095 -0.5171
vn 0.6993 -0.4199 -0.5785
vn 0.8518 -0.5225 -0.0374
vn 0.6405 -0.5869 -0.4954
vn 0.5755 -0.8172 0.0317
vn 0.3269 -0.9415 0.0824
vn 0.1793 -0.7881 -0.5888
vn 0.7332 -0.6735 -0.0944
vn 0.1476 -0.9328 -0.3287
vn 0.0780 -0.8550 -0.5127
vn 0.2908 -0.6889 -0.6640
vn 0.2751 -0.9447 0.1783
vn 0.1057 -0.9943 -0.0155
vn 0.5630 -0.8254 0.0421
vn 0.2959 -0.9499 -0.1006
vn 0.2473 -0.8047 -0.5398
vn 0.8021 -0.5937 -0.0645
vn 0.7465 -0.6591 -0.0916
vn 0.6152 -0.7871 0.0442
vn 0.1248 -0.9788 -0.1622
vn 0.5460 -0.5902 -0.5946
vn 0.4766 -0.8266 0.2993
vn 0.2869 -0.7319 -0.6181
vn 0.4009 -0.9157 0.0292
vn 0.3290 -0.8666 -0.3751
vn 0.8025 -0.5281 -0.2777
vn 0.8226 -0.5614 -0.0908
vn 0.3612 -0.9325 -0.0043
vn 0.3442 -0.8257 -0.4469
vn 0.8199 -0.5303 -0.2158
vn 0.5968 -0.7774 0.1985
vn 0.3386 -0.8943 0.2927
vn 0.2017 -0.9659 0.1621
vn 0.7239 -0.6882 0.0479
vn 0.3835 -0.9223 0.0481
vn 0.2235 -0.9301 -0.2915
vn 0.8326 -0.5417 -0.1157
vn 0.6790 -0.7277 0.0972
vn 0.3258 -0.9436 -0.0593
vn 0.2605 -0.8692 -0.4202
vn 0.6687 -0.5984 -0.4413
vn 0.3876 -0.8439 0.3710
vn 0.4523 -0.7025 -0.5494
vn 0.3850 -0.9179 0.0957
vn 0.3764 -0.8856 -0.2721
vn 0.8396 -0.5372 -0.0798
vn 0.8175 -0.5698 0.0834
vn 0.4327 -0.8896 0.1461
vn 0.3217 -0.9252 -0.2014
vn 0.8131 -0.5360 -0.2271
vn 0.6046 -0.7408 0.2929
vt 0.765625 0.950785
vt 0.765625 0.953123
vt 0.750000 0.953123
vt 0.750000 0.950785
vt 0.753906 0.950785
vt 0.757812 0.950785
vt 0.761719 0.950785
vt 0.765625 0.955268
vt 0.750000 0.955268
vt 0.765625 0.957404
vt 0.750000 0.957404
vt 0.765625 0.959714
vt 0.750000 0.959714
vt 0.765625 0.962156
vt 0.750000 0.962156
vt 0.765625 0.964686
vt 0.750000 0.964686
vt 0.765625 0.967259
vt 0.750000 0.967259
vt 0.781250 0.964686
vt 0.781250 0.967259
vt 0.796875 0.964686
vt 0.796875 0.967259
vt 0.812500 0.964686
vt 0.812500 0.967259
vt 0.828125 0.964686
vt 0.828125 0.967259
vt 0.843750 0.964686
vt 0.843750 0.967259
vt 0.859375 0.964686
vt 0.859375 0.967259
vt 0.875000 0.964686
vt 0.875000 0.967259
vt 0.890625 0.964686
vt 0.890625 0.967259
vt 0.906250 0.964686
vt 0.906250 0.967259
vt 0.921875 0.964686
vt 0.921875 0.967259
vt 0.937500 0.964686
vt 0.937500 0.967259
vt 0.953125 0.964686
vt 0.953125 0.967259
vt 0.968750 0.964686
vt 0.968750 0.967259
vt 0.984375 0.964686
vt 0.984375 0.967259
vt 1.000000 0.964686
vt 1.000000 0.967259
vt -0.000000 0.967259
vt -0.000000 0.964686
vt 0.015625 0.964686
vt 0.015625 0.967259
vt 0.031250 0.964686
vt 0.031250 0.967259
vt 0.046875 0.964686
vt 0.046875 0.967259
vt 0.062500 0.964686
vt 0.062500 0.967259
vt 0.078125 0.964686
vt 0.078125 0.967259
vt 0.093750 0.964686
vt 0.093750 0.967259
vt 0.109375 0.964686
vt 0.109375 0.967259
vt 0.125000 0.964686
vt 0.125000 0.967259
vt 0.140625 0.964686
vt 0.140625 0.967259
vt 0.156250 0.964686
vt 0.156250 0.967259
vt 0.171875 0.964686
vt 0.171875 0.967259
vt 0.187500 0.964686
vt 0.187500 0.967259
vt 0.203125 0.964686
vt 0.203125 0.967259
vt 0.218750 0.964686
vt 0.218750 0.967259
vt 0.234375 0.964686
vt 0.234375 0.967259
vt 0.250000 0.964686
vt 0.250000 0.967259
vt 0.265625 0.964686
vt 0.265625 0.967259
vt 0.281250 0.964686
vt 0.281250 0.967259
vt 0.296875 0.964686
vt 0.296875 0.967259
vt 0.312500 0.964686
vt 0.312500 0.967259
vt 0.328125 0.964686
vt 0.328125 0.967259
vt 0.343750 0.964686
vt 0.343750 0.967259
vt 0.359375 0.964686
vt 0.359375 0.967259
vt 0.375000 0.964686
vt 0.375000 0.967259
vt 0.390625 0.964686
vt 0.390625 0.967259
vt 0.406250 0.964686
vt 0.406250 0.967259
vt 0.421875 0.964686
vt 0.421875 0.967259
vt 0.437500 0.964686
vt 0.437500 0.967259
vt 0.453125 0.964686
vt 0.453125 0.967259
vt 0.468750 0.964686
vt 0.468750 0.967259
vt 0.484375 0.964686
vt 0.484375 0.967259
vt 0.500000 0.964686
vt 0.500000 0.967259
vt 0.515625 0.964686
vt 0.515625 0.967259
vt 0.531250 0.964686
vt 0.531250 0.967259
vt 0.546875 0.964686
vt 0.546875 0.967259
vt 0.562500 0.964686
vt 0.562500 0.967259
vt 0.578125 0.964686
vt 0.578125 0.967259
vt 0.593750 0.964686
vt 0.593750 0.967259
vt 0.609375 0.964686
vt 0.609375 0.967259
vt 0.625000 0.964686
vt 0.625000 0.967259
vt 0.640625 0.964686
vt 0.640625 0.967259
vt 0.656250 0.964686
vt 0.656250 0.967259
vt 0.671875 0.964686
vt 0.671875 0.967259
vt 0.687500 0.964686
vt 0.687500 0.967259
vt 0.703125 0.964686
vt 0.703125 0.967259
vt 0.718750 0.964686
vt 0.718750 0.967259
vt 0.734375 0.964686
vt 0.734375 0.967259
vt 0.718750 0.962156
vt 0.734375 0.962156
vt 0.734375 0.959714
vt 0.718750 0.959714
vt 0.734375 0.957404
vt 0.718750 0.957403
vt 0.734375 0.955268
vt 0.718750 0.955268
vt 0.734375 0.953123
vt 0.718750 0.953123
vt 0.718750 0.950785
vt 0.722656 0.950785
vt 0.726562 0.950785
vt 0.730469 0.950785
vt 0.734375 0.950785
vt 0.796875 0.950786
vt 0.796875 0.953123
vt 0.781250 0.953123
vt 0.781250 0.950786
vt 0.785156 0.950786
vt 0.789062 0.950786
vt 0.792969 0.950786
vt 0.796875 0.955268
vt 0.781250 0.955268
vt 0.796875 0.957404
vt 0.781250 0.957404
vt 0.796875 0.959714
vt 0.781250 0.959714
vt 0.796875 0.962156
vt 0.781250 0.962156
vt 0.812500 0.959714
vt 0.812500 0.962156
vt 0.828125 0.959714
vt 0.828125 0.962156
vt 0.843750 0.959714
vt 0.843750 0.962156
vt 0.859375 0.959714
vt 0.859375 0.962156
vt 0.875000 0.959714
vt 0.875000 0.962156
vt 0.890625 0.959714
vt 0.890625 0.962156
vt 0.906250 0.959714
vt 0.906250 0.962156
vt 0.921875 0.959714
vt 0.921875 0.962156
vt 0.937500 0.959714
vt 0.937500 0.962156
vt 0.953125 0.959714
vt 0.953125 0.962156
vt 0.968750 0.959714
vt 0.968750 0.962156
vt 0.984375 0.959714
vt 0.984375 0.962156
vt 1.000000 0.959714
vt 1.000000 0.962112
vt -0.000000 0.962112
vt -0.000000 0.959714
vt 0.015625 0.959714
vt 0.015625 0.962112
vt 0.031250 0.959714
vt 0.031250 0.962156
vt 0.046875 0.959714
vt 0.046875 0.962156
vt 0.062500 0.959714
vt 0.062500 0.962156
vt 0.078125 0.959714
vt 0.078125 0.962156
vt 0.093750 0.959714
vt 0.093750 0.962156
vt 0.109375 0.959714
vt 0.109375 0.962156
vt 0.125000 0.959714
vt 0.125000 0.962156
vt 0.140625 0.959714
vt 0.140625 0.962156
vt 0.156250 0.959714
vt 0.156250 0.962156
vt 0.171875 0.959714
vt 0.171875 0.962156
vt 0.187500 0.959714
vt 0.187500 0.962156
vt 0.203125 0.959714
vt 0.203125 0.962156
vt 0.218750 0.959714
vt 0.218750 0.962156
vt 0.234375 0.959714
vt 0.234375 0.962156
vt 0.250000 0.959714
vt 0.250000 0.962156
vt 0.265625 0.959714
vt 0.265625 0.962156
vt 0.281250 0.959714
vt 0.281250 0.962156
vt 0.296875 0.959714
vt 0.296875 0.962156
vt 0.312500 0.959714
vt 0.312500 0.962156
vt 0.328125 0.959714
vt 0.328125 0.962156
vt 0.343750 0.959714
vt 0.343750 0.962156
vt 0.359375 0.959714
vt 0.359375 0.962156
vt 0.375000 0.959714
vt 0.375000 0.962156
vt 0.390625 0.959714
vt 0.390625 0.962156
vt 0.406250 0.959714
vt 0.406250 0.962156
vt 0.421875 0.959714
vt 0.421875 0.962156
vt 0.437500 0.959714
vt 0.437500 0.962156
vt 0.453125 0.959714
vt 0.453125 0.962156
vt 0.468750 0.959714
vt 0.468750 0.962156
vt 0.484375 0.959714
vt 0.484375 0.962156
vt 0.500000 0.959714
vt 0.500000 0.962156
vt 0.515625 0.959714
vt 0.515625 0.962156
vt 0.531250 0.959714
vt 0.531250 0.962156
vt 0.546875 0.959714
vt 0.546875 0.962156
vt 0.562500 0.959714
vt 0.562500 0.962156
vt 0.578125 0.959714
vt 0.578125 0.962156
vt 0.593750 0.959714
vt 0.593750 0.962156
vt 0.609375 0.959714
vt 0.609375 0.962156
vt 0.625000 0.959714
vt 0.625000 0.962156
vt 0.640625 0.959714
vt 0.640625 0.962156
vt 0.656250 0.959714
vt 0.656250 0.962156
vt 0.671875 0.959714
vt 0.671875 0.962156
vt 0.687500 0.959714
vt 0.687500 0.962156
vt 0.703125 0.959714
vt 0.703125 0.962156
vt 0.703125 0.957404
vt 0.687500 0.957403
vt 0.703125 0.955268
vt 0.687500 0.955268
vt 0.703125 0.953123
vt 0.687500 0.953123
vt 0.687500 0.950785
vt 0.691406 0.950785
vt 0.695312 0.950785
vt 0.699219 0.950785
vt 0.703125 0.950785
vt 0.828125 0.950785
vt 0.828125 0.953123
vt 0.812500 0.953123
vt 0.812500 0.950786
vt 0.816406 0.950786
vt 0.820312 0.950786
vt 0.824219 0.950786
vt 0.828125 0.955268
vt 0.812500 0.955268
vt 0.828125 0.957404
vt 0.812500 0.957404
vt 0.843750 0.955268
vt 0.843750 0.957404
vt 0.859375 0.955268
vt 0.859375 0.957404
vt 0.875000 0.955268
vt 0.875000 0.957404
vt 0.890625 0.955268
vt 0.890625 0.957404
vt 0.906250 0.955268
vt 0.906250 0.957404
vt 0.921875 0.955268
vt 0.921875 0.957404
vt 0.937500 0.955268
vt 0.937500 0.957404
vt 0.953125 0.955268
vt 0.953125 0.957404
vt 0.968750 0.955268
vt 0.968750 0.957404
vt 0.984375 0.955268
vt 0.984375 0.957404
vt 1.000000 0.955268
vt 1.000000 0.957316
vt -0.000000 0.957316
vt -0.000000 0.955268
vt 0.015625 0.955268
vt 0.015625 0.957316
vt 0.031250 0.955268
vt 0.031250 0.957404
vt 0.046875 0.955268
vt 0.046875 0.957404
vt 0.062500 0.955268
vt 0.062500 0.957404
vt 0.078125 0.955268
vt 0.078125 0.957404
vt 0.093750 0.955268
vt 0.093750 0.957404
vt 0.109375 0.955268
vt 0.109375 0.957404
vt 0.125000 0.955268
vt 0.125000 0.957404
vt 0.140625 0.955268
vt 0.140625 0.957404
vt 0.156250 0.955268
vt 0.156250 0.957404
vt 0.171875 0.955268
vt 0.171875 0.957404
vt 0.187500 0.955268
vt 0.187500 0.957404
vt 0.203125 0.955268
vt 0.203125 0.957404
vt 0.218750 0.955268
vt 0.218750 0.957404
vt 0.234375 0.955268
vt 0.234375 0.957404
vt 0.250000 0.955268
vt 0.250000 0.957404
vt 0.265625 0.955268
vt 0.265625 0.957404
vt 0.281250 0.955268
vt 0.281250 0.957403
vt 0.296875 0.955268
vt 0.296875 0.957403
vt 0.312500 0.955268
vt 0.312500 0.957403
vt 0.328125 0.955268
vt 0.328125 0.957403
vt 0.343750 0.955268
vt 0.343750 0.957403
vt 0.359375 0.955268
vt 0.359375 0.957403
vt 0.375000 0.955268
vt 0.375000 0.957403
vt 0.390625 0.955268
vt 0.390625 0.957403
vt 0.406250 0.955268
vt 0.406250 0.957403
vt 0.421875 0.955268
vt 0.421875 0.957403
vt 0.437500 0.955268
vt 0.437500 0.957403
vt 0.453125 0.955268
vt 0.453125 0.957403
vt 0.468750 0.955268
vt 0.468750 0.957403
vt 0.484375 0.955268
vt 0.484375 0.957403
vt 0.500000 0.955268
vt 0.500000 0.957403
vt 0.515625 0.955268
vt 0.515625 0.957403
vt 0.531250 0.955268
vt 0.531250 0.957403
vt 0.546875 0.955268
vt 0.546875 0.957403
vt 0.562500 0.955268
vt 0.562500 0.957403
vt 0.578125 0.955268
vt 0.578125 0.957403
vt 0.593750 0.955268
vt 0.593750 0.957403
vt 0.609375 0.955268
vt 0.609375 0.957403
vt 0.625000 0.955268
vt 0.625000 0.957403
vt 0.640625 0.955268
vt 0.640625 0.957403
vt 0.656250 0.955268
vt 0.656250 0.957403
vt 0.671875 0.955268
vt 0.671875 0.957403
vt 0.671875 0.953123
vt 0.656250 0.953123
vt 0.656250 0.950785
vt 0.660156 0.950785
vt 0.664062 0.950785
vt 0.667969 0.950785
vt 0.671875 0.950785
vt 0.859375 0.950786
vt 0.859375 0.953123
vt 0.843750 0.953123
vt 0.843750 0.950786
vt 0.847656 0.950786
vt 0.851562 0.950786
vt 0.855469 0.950786
vt 0.875000 0.950786
vt 0.875000 0.953123
vt 0.863281 0.950786
vt 0.867188 0.950786
vt 0.871094 0.950786
vt 0.878906 0.950786
vt 0.882812 0.950786
vt 0.886719 0.950786
vt 0.890625 0.950785
vt 0.890625 0.953123
vt 0.894531 0.950786
vt 0.898438 0.950786
vt 0.902344 0.950786
vt 0.906250 0.950786
vt 0.906250 0.953124
vt 0.910156 0.950786
vt 0.914062 0.950786
vt 0.917969 0.950786
vt 0.921875 0.950786
vt 0.921875 0.953123
vt 0.925781 0.950786
vt 0.929688 0.950786
vt 0.933594 0.950786
vt 0.937500 0.950786
vt 0.937500 0.953124
vt 0.941406 0.950786
vt 0.945312 0.950786
vt 0.949219 0.950786
vt 0.953125 0.950786
vt 0.953125 0.953124
vt 0.957031 0.950786
vt 0.960938 0.950786
vt 0.964844 0.950786
vt 0.968750 0.950786
vt 0.968750 0.953124
vt 0.972656 0.950786
vt 0.976562 0.950786
vt 0.980469 0.950786
vt 0.984375 0.950786
vt 0.984375 0.953123
vt 0.988281 0.950786
vt 0.992188 0.950786
vt 0.996094 0.950786
vt 1.000000 0.950786
vt 1.000000 0.953220
vt -0.000000 0.953220
vt -0.000000 0.950786
vt 0.003906 0.950786
vt 0.007812 0.950786
vt 0.011719 0.950786
vt 0.015625 0.950786
vt 0.015625 0.953220
vt 0.019531 0.950786
vt 0.023437 0.950786
vt 0.027344 0.950786
vt 0.031250 0.950786
vt 0.031250 0.953124
vt 0.035156 0.950786
vt 0.039062 0.950786
vt 0.042969 0.950786
vt 0.046875 0.950786
vt 0.046875 0.953123
vt 0.050781 0.950786
vt 0.054687 0.950786
vt 0.058594 0.950786
vt 0.062500 0.950786
vt 0.062500 0.953124
vt 0.066406 0.950786
vt 0.070312 0.950786
vt 0.074219 0.950786
vt 0.078125 0.950786
vt 0.078125 0.953124
vt 0.082031 0.950786
vt 0.085937 0.950786
vt 0.089844 0.950786
vt 0.093750 0.950786
vt 0.093750 0.953123
vt 0.097656 0.950786
vt 0.101562 0.950786
vt 0.105469 0.950786
vt 0.109375 0.950786
vt 0.109375 0.953123
vt 0.113281 0.950786
vt 0.117187 0.950786
vt 0.121094 0.950786
vt 0.125000 0.950786
vt 0.125000 0.953123
vt 0.140625 0.950785
vt 0.140625 0.953123
vt 0.128906 0.950786
vt 0.132812 0.950786
vt 0.136719 0.950786
vt 0.156250 0.950786
vt 0.156250 0.953123
vt 0.144531 0.950786
vt 0.148437 0.950786
vt 0.152344 0.950786
vt 0.171875 0.950786
vt 0.171875 0.953123
vt 0.160156 0.950786
vt 0.164062 0.950786
vt 0.167969 0.950786
vt 0.187500 0.950786
vt 0.187500 0.953123
vt 0.175781 0.950786
vt 0.179687 0.950786
vt 0.183594 0.950786
vt 0.203125 0.950785
vt 0.203125 0.953123
vt 0.191406 0.950786
vt 0.195312 0.950786
vt 0.199219 0.950786
vt 0.218750 0.950786
vt 0.218750 0.953123
vt 0.207031 0.950786
vt 0.210937 0.950786
vt 0.214844 0.950786
vt 0.234375 0.950786
vt 0.234375 0.953123
vt 0.222656 0.950786
vt 0.226562 0.950786
vt 0.230469 0.950786
vt 0.250000 0.950786
vt 0.250000 0.953123
vt 0.238281 0.950786
vt 0.242187 0.950786
vt 0.246094 0.950786
vt 0.265625 0.950785
vt 0.265625 0.953123
vt 0.253906 0.950786
vt 0.257812 0.950786
vt 0.261719 0.950786
vt 0.269531 0.950785
vt 0.273437 0.950785
vt 0.277344 0.950785
vt 0.281250 0.950785
vt 0.281250 0.953123
vt 0.285156 0.950785
vt 0.289062 0.950785
vt 0.292969 0.950785
vt 0.296875 0.950785
vt 0.296875 0.953123
vt 0.300781 0.950785
vt 0.304687 0.950785
vt 0.308594 0.950785
vt 0.312500 0.950785
vt 0.312500 0.953123
vt 0.316406 0.950785
vt 0.320312 0.950785
vt 0.324219 0.950785
vt 0.328125 0.950785
vt 0.328125 0.953123
vt 0.332031 0.950785
vt 0.335937 0.950785
vt 0.339844 0.950785
vt 0.343750 0.950785
vt 0.343750 0.953123
vt 0.347656 0.950785
vt 0.351562 0.950785
vt 0.355469 0.950785
vt 0.359375 0.950785
vt 0.359375 0.953123
vt 0.363281 0.950785
vt 0.367187 0.950785
vt 0.371094 0.950785
vt 0.375000 0.950785
vt 0.375000 0.953123
vt 0.378906 0.950785
vt 0.382812 0.950785
vt 0.386719 0.950785
vt 0.390625 0.950785
vt 0.390625 0.953123
vt 0.394531 0.950785
vt 0.398437 0.950785
vt 0.402344 0.950785
vt 0.406250 0.950785
vt 0.406250 0.953123
vt 0.410156 0.950785
vt 0.414062 0.950785
vt 0.417969 0.950785
vt 0.421875 0.950785
vt 0.421875 0.953123
vt 0.425781 0.950785
vt 0.429688 0.950785
vt 0.433594 0.950785
vt 0.437500 0.950785
vt 0.437500 0.953123
vt 0.441406 0.950785
vt 0.445312 0.950785
vt 0.449219 0.950785
vt 0.453125 0.950785
vt 0.453125 0.953123
vt 0.457031 0.950785
vt 0.460938 0.950785
vt 0.464844 0.950785
vt 0.468750 0.950785
vt 0.468750 0.953123
vt 0.472656 0.950785
vt 0.476562 0.950785
vt 0.480469 0.950785
vt 0.484375 0.950785
vt 0.484375 0.953123
vt 0.488281 0.950785
vt 0.492188 0.950785
vt 0.496094 0.950785
vt 0.500000 0.950785
vt 0.500000 0.953123
vt 0.503906 0.950785
vt 0.507812 0.950785
vt 0.511719 0.950785
vt 0.515625 0.950785
vt 0.515625 0.953123
vt 0.519531 0.950785
vt 0.523438 0.950785
vt 0.527344 0.950785
vt 0.531250 0.950785
vt 0.531250 0.953123
vt 0.535156 0.950785
vt 0.539062 0.950785
vt 0.542969 0.950785
vt 0.546875 0.950785
vt 0.546875 0.953123
vt 0.550781 0.950785
vt 0.554688 0.950785
vt 0.558594 0.950785
vt 0.562500 0.950785
vt 0.562500 0.953123
vt 0.566406 0.950785
vt 0.570312 0.950785
vt 0.574219 0.950785
vt 0.578125 0.950785
vt 0.578125 0.953123
vt 0.582031 0.950785
vt 0.585938 0.950785
vt 0.589844 0.950785
vt 0.593750 0.950785
vt 0.593750 0.953123
vt 0.597656 0.950785
vt 0.601562 0.950785
vt 0.605469 0.950785
vt 0.609375 0.950785
vt 0.609375 0.953123
vt 0.613281 0.950785
vt 0.617188 0.950785
vt 0.621094 0.950785
vt 0.625000 0.950785
vt 0.625000 0.953123
vt 0.640625 0.950785
vt 0.640625 0.953123
vt 0.628906 0.950785
vt 0.632812 0.950785
vt 0.636719 0.950785
vt 0.644531 0.950785
vt 0.648438 0.950785
vt 0.652344 0.950785
vt 0.832031 0.950786
vt 0.835938 0.950786
vt 0.839844 0.950786
vt 0.675781 0.950785
vt 0.679688 0.950785
vt 0.683594 0.950785
vt 0.800781 0.950786
vt 0.804688 0.950786
vt 0.808594 0.950786
vt 0.707031 0.950785
vt 0.710938 0.950785
vt 0.714844 0.950785
vt 0.769531 0.950786
vt 0.773438 0.950786
vt 0.777344 0.950786
vt 0.738281 0.950785
vt 0.742188 0.950785
vt 0.746094 0.950785
vt 0.464844 0.967259
vt 0.460938 0.967259
vt 0.457031 0.967259
vt 0.058594 0.967259
vt 0.054687 0.967259
vt 0.050781 0.967259
vt 0.480469 0.967259
vt 0.476562 0.967259
vt 0.472656 0.967259
vt 0.074219 0.967259
vt 0.070312 0.967259
vt 0.066406 0.967259
vt 0.496094 0.967259
vt 0.492188 0.967259
vt 0.488281 0.967259
vt 0.089844 0.967259
vt 0.085937 0.967259
vt 0.082031 0.967259
vt 0.511719 0.967259
vt 0.507812 0.967259
vt 0.503906 0.967259
vt 0.105469 0.967259
vt 0.101562 0.967259
vt 0.097656 0.967259
vt 0.527344 0.967259
vt 0.523438 0.967259
vt 0.519531 0.967259
vt 0.121094 0.967259
vt 0.117187 0.967259
vt 0.113281 0.967259
vt 0.542969 0.967259
vt 0.539062 0.967259
vt 0.535156 0.967259
vt 0.136719 0.967259
vt 0.132812 0.967259
vt 0.128906 0.967259
vt 0.558594 0.967259
vt 0.554688 0.967259
vt 0.550781 0.967259
vt 0.152344 0.967259
vt 0.148437 0.967259
vt 0.144531 0.967259
vt 0.574219 0.967259
vt 0.570312 0.967259
vt 0.566406 0.967259
vt 0.167969 0.967259
vt 0.164062 0.967259
vt 0.160156 0.967259
vt 0.761719 0.967259
vt 0.757812 0.967259
vt 0.753906 0.967259
vt 0.589844 0.967259
vt 0.585938 0.967259
vt 0.582031 0.967259
vt 0.183594 0.967259
vt 0.179687 0.967259
vt 0.175781 0.967259
vt 0.777344 0.967259
vt 0.773438 0.967259
vt 0.769531 0.967259
vt 0.605469 0.967259
vt 0.601562 0.967259
vt 0.597656 0.967259
vt 0.199219 0.967259
vt 0.195312 0.967259
vt 0.191406 0.967259
vt 0.792969 0.967259
vt 0.789062 0.967259
vt 0.785156 0.967259
vt 0.621094 0.967259
vt 0.617188 0.967259
vt 0.613281 0.967259
vt 0.214844 0.967259
vt 0.210937 0.967259
vt 0.207031 0.967259
vt 0.808594 0.967259
vt 0.804688 0.967259
vt 0.800781 0.967259
vt 0.636719 0.967259
vt 0.632812 0.967259
vt 0.628906 0.967259
vt 0.230469 0.967259
vt 0.226562 0.967259
vt 0.222656 0.967259
vt 0.824219 0.967259
vt 0.820312 0.967259
vt 0.816406 0.967259
vt 0.652344 0.967259
vt 0.648438 0.967259
vt 0.644531 0.967259
vt 0.246094 0.967259
vt 0.242187 0.967259
vt 0.238281 0.967259
vt 0.839844 0.967259
vt 0.835938 0.967259
vt 0.832031 0.967259
vt 0.667969 0.967259
vt 0.664062 0.967259
vt 0.660156 0.967259
vt 0.261719 0.967259
vt 0.257812 0.967259
vt 0.253906 0.967259
vt 0.855469 0.967259
vt 0.851562 0.967259
vt 0.847656 0.967259
vt 0.683594 0.967259
vt 0.679688 0.967259
vt 0.675781 0.967259
vt 0.277344 0.967259
vt 0.273437 0.967259
vt 0.269531 0.967259
vt 0.871094 0.967259
vt 0.867188 0.967259
vt 0.863281 0.967259
vt 0.699219 0.967259
vt 0.695312 0.967259
vt 0.691406 0.967259
vt 0.292969 0.967259
vt 0.289062 0.967259
vt 0.285156 0.967259
vt 0.886719 0.967259
vt 0.882812 0.967259
vt 0.878906 0.967259
vt 0.714844 0.967259
vt 0.710938 0.967259
vt 0.707031 0.967259
vt 0.308594 0.967259
vt 0.304687 0.967259
vt 0.300781 0.967259
vt 0.902344 0.967259
vt 0.898438 0.967259
vt 0.894531 0.967259
vt 0.730469 0.967259
vt 0.726562 0.967259
vt 0.722656 0.967259
vt 0.324219 0.967259
vt 0.320312 0.967259
vt 0.316406 0.967259
vt 0.917969 0.967259
vt 0.914062 0.967259
vt 0.910156 0.967259
vt 0.746094 0.967259
vt 0.742188 0.967259
vt 0.738281 0.967259
vt 0.339844 0.967259
vt 0.335938 0.967259
vt 0.332031 0.967259
vt 0.933594 0.967259
vt 0.929688 0.967259
vt 0.925781 0.967259
vt 0.355469 0.967259
vt 0.351562 0.967259
vt 0.347656 0.967259
vt 0.949219 0.967259
vt 0.945312 0.967259
vt 0.941406 0.967259
vt 0.371094 0.967259
vt 0.367188 0.967259
vt 0.363281 0.967259
vt 0.964844 0.967259
vt 0.960938 0.967259
vt 0.957031 0.967259
vt 0.386719 0.967259
vt 0.382812 0.967259
vt 0.378906 0.967259
vt 0.980469 0.967259
vt 0.976562 0.967259
vt 0.972656 0.967259
vt 0.402344 0.967259
vt 0.398438 0.967259
vt 0.394531 0.967259
vt 0.996094 0.967259
vt 0.992188 0.967259
vt 0.988281 0.967259
vt 0.417969 0.967259
vt 0.414062 0.967259
vt 0.410156 0.967259
vt 0.011719 0.967259
vt 0.007812 0.967259
vt 0.003906 0.967259
vt 0.433594 0.967259
vt 0.429687 0.967259
vt 0.425781 0.967259
vt 0.027344 0.967259
vt 0.023437 0.967259
vt 0.019531 0.967259
vt 0.449219 0.967259
vt 0.445312 0.967259
vt 0.441406 0.967259
vt 0.042969 0.967259
vt 0.039062 0.967259
vt 0.035156 0.967259
vt 0.777344 0.954904
vt 0.781250 0.954904
vt 0.792969 0.954904
vt 0.796875 0.954904
vt 0.808594 0.954904
vt 0.812500 0.954904
vt 0.824219 0.954904
vt 0.828125 0.954904
vt 0.839844 0.954904
vt 0.843750 0.954904
vt 0.855469 0.954904
vt 0.859375 0.954904
vt 0.871094 0.954904
vt 0.875000 0.954904
vt 0.886719 0.954904
vt 0.890625 0.954904
vt 0.902344 0.954904
vt 0.906250 0.954904
vt 0.917969 0.954904
vt 0.921875 0.954904
vt 0.933594 0.954904
vt 0.937500 0.954904
vt 0.949219 0.954904
vt 0.953125 0.954904
vt 0.964844 0.954904
vt 0.968750 0.954904
vt 0.980469 0.954904
vt 0.984375 0.954904
vt 0.996094 0.954904
vt 1.000000 0.954904
vt 0.011719 0.954904
vt 0.015625 0.954904
vt 0.027344 0.954904
vt 0.031250 0.954904
vt 0.042969 0.954904
vt 0.046875 0.954904
vt 0.058594 0.954904
vt 0.062500 0.954904
vt 0.074219 0.954904
vt 0.078125 0.954904
vt 0.089844 0.954904
vt 0.093750 0.954904
vt 0.105469 0.954904
vt 0.109375 0.954904
vt 0.121094 0.954904
vt 0.125000 0.954904
vt 0.136719 0.954904
vt 0.140625 0.954904
vt 0.152344 0.954904
vt 0.156250 0.954904
vt 0.167969 0.954904
vt 0.171875 0.954904
vt 0.183594 0.954904
vt 0.187500 0.954904
vt 0.199219 0.954904
vt 0.203125 0.954904
vt 0.214844 0.954904
vt 0.218750 0.954904
vt 0.230469 0.954904
vt 0.234375 0.954904
vt 0.246094 0.954904
vt 0.250000 0.954904
vt 0.261719 0.954904
vt 0.265625 0.954904
vt 0.277344 0.954904
vt 0.281250 0.954904
vt 0.292969 0.954904
vt 0.296875 0.954904
vt 0.308594 0.954904
vt 0.312500 0.954904
vt 0.324219 0.954904
vt 0.328125 0.954904
vt 0.339844 0.954904
vt 0.343750 0.954904
vt 0.355469 0.954904
vt 0.359375 0.954904
vt 0.371094 0.954904
vt 0.375000 0.954904
vt 0.386719 0.954904
vt 0.390625 0.954904
vt 0.402344 0.954904
vt 0.406250 0.954904
vt 0.417969 0.954904
vt 0.421875 0.954904
vt 0.433594 0.954904
vt 0.437500 0.954904
vt 0.449219 0.954904
vt 0.453125 0.954904
vt 0.464844 0.954904
vt 0.468750 0.954904
vt 0.480469 0.954904
vt 0.484375 0.954904
vt 0.496094 0.954904
vt 0.500000 0.954904
vt 0.511719 0.954904
vt 0.515625 0.954904
vt 0.527344 0.954904
vt 0.531250 0.954904
vt 0.542969 0.954904
vt 0.546875 0.954904
vt 0.558594 0.954904
vt 0.562500 0.954904
vt 0.574219 0.954904
vt 0.578125 0.954904
vt 0.589844 0.954904
vt 0.593750 0.954904
vt 0.605469 0.954904
vt 0.609375 0.954904
vt 0.621094 0.954904
vt 0.625000 0.954904
vt 0.636719 0.954904
vt 0.640625 0.954904
vt 0.652344 0.954904
vt 0.656250 0.954904
vt 0.667969 0.954904
vt 0.671875 0.954904
vt 0.683594 0.954904
vt 0.687500 0.954904
vt 0.699219 0.954904
vt 0.703125 0.954904
vt 0.714844 0.954904
vt 0.718750 0.954904
vt 0.730469 0.954904
vt 0.734375 0.954904
vt 0.746094 0.954904
vt 0.750000 0.954904
vt 0.761719 0.954904
vt 0.765625 0.954904
vt 0.753906 0.954904
vt 0.757812 0.954904
vt 0.753906 0.963141
vt 0.757812 0.963141
vt 0.757812 0.959022
vt 0.753906 0.959022
vt 0.761719 0.963141
vt 0.765625 0.963141
vt 0.765625 0.959022
vt 0.761719 0.959022
vt 0.738281 0.954904
vt 0.742188 0.954904
vt 0.738281 0.963141
vt 0.742188 0.963141
vt 0.742188 0.959022
vt 0.738281 0.959022
vt 0.746094 0.963141
vt 0.750000 0.963141
vt 0.750000 0.959022
vt 0.746094 0.959022
vt 0.722656 0.954904
vt 0.726562 0.954904
vt 0.722656 0.963141
vt 0.726562 0.963141
vt 0.726562 0.959022
vt 0.722656 0.959022
vt 0.730469 0.963141
vt 0.734375 0.963141
vt 0.734375 0.959022
vt 0.730469 0.959022
vt 0.707031 0.954904
vt 0.710938 0.954904
vt 0.707031 0.963141
vt 0.710938 0.963141
vt 0.710938 0.959022
vt 0.707031 0.959022
vt 0.714844 0.963141
vt 0.718750 0.963141
vt 0.718750 0.959022
vt 0.714844 0.959022
vt 0.691406 0.954904
vt 0.695312 0.954904
vt 0.691406 0.963141
vt 0.695312 0.963141
vt 0.695312 0.959022
vt 0.691406 0.959022
vt 0.699219 0.963141
vt 0.703125 0.963141
vt 0.703125 0.959022
vt 0.699219 0.959022
vt 0.675781 0.954904
vt 0.679688 0.954904
vt 0.675781 0.963141
vt 0.679688 0.963141
vt 0.679688 0.959022
vt 0.675781 0.959022
vt 0.683594 0.963141
vt 0.687500 0.963141
vt 0.687500 0.959022
vt 0.683594 0.959022
vt 0.660156 0.954904
vt 0.664062 0.954904
vt 0.660156 0.963140
vt 0.664062 0.963140
vt 0.664062 0.959022
vt 0.660156 0.959022
vt 0.667969 0.963141
vt 0.671875 0.963141
vt 0.671875 0.959022
vt 0.667969 0.959022
vt 0.644531 0.954904
vt 0.648438 0.954904
vt 0.644531 0.963140
vt 0.648438 0.963140
vt 0.648438 0.959022
vt 0.644531 0.959022
vt 0.652344 0.963140
vt 0.656250 0.963140
vt 0.656250 0.959022
vt 0.652344 0.959022
vt 0.628906 0.954904
vt 0.632812 0.954904
vt 0.628906 0.963140
vt 0.632812 0.963140
vt 0.632812 0.959022
vt 0.628906 0.959022
vt 0.636719 0.963140
vt 0.640625 0.963140
vt 0.640625 0.959022
vt 0.636719 0.959022
vt 0.613281 0.954904
vt 0.617188 0.954904
vt 0.613281 0.963141
vt 0.617188 0.963140
vt 0.617188 0.959022
vt 0.613281 0.959022
vt 0.621094 0.963140
vt 0.625000 0.963140
vt 0.625000 0.959022
vt 0.621094 0.959022
vt 0.597656 0.954904
vt 0.601562 0.954904
vt 0.597656 0.963140
vt 0.601562 0.963140
vt 0.601562 0.959022
vt 0.597656 0.959022
vt 0.605469 0.963141
vt 0.609375 0.963141
vt 0.609375 0.959022
vt 0.605469 0.959022
vt 0.582031 0.954904
vt 0.585938 0.954904
vt 0.582031 0.963140
vt 0.585938 0.963140
vt 0.585938 0.959022
vt 0.582031 0.959022
vt 0.589844 0.963140
vt 0.593750 0.963140
vt 0.593750 0.959022
vt 0.589844 0.959022
vt 0.566406 0.954904
vt 0.570312 0.954904
vt 0.566406 0.963140
vt 0.570312 0.963140
vt 0.570312 0.959022
vt 0.566406 0.959022
vt 0.574219 0.963140
vt 0.578125 0.963140
vt 0.578125 0.959022
vt 0.574219 0.959022
vt 0.550781 0.954904
vt 0.554688 0.954904
vt 0.550781 0.963140
vt 0.554688 0.963140
vt 0.554688 0.959022
vt 0.550781 0.959022
vt 0.558594 0.963140
vt 0.562500 0.963140
vt 0.562500 0.959022
vt 0.558594 0.959022
vt 0.535156 0.954904
vt 0.539062 0.954904
vt 0.535156 0.963140
vt 0.539062 0.963140
vt 0.539062 0.959022
vt 0.535156 0.959022
vt 0.542969 0.963140
vt 0.546875 0.963140
vt 0.546875 0.959022
vt 0.542969 0.959022
vt 0.519531 0.954904
vt 0.523438 0.954904
vt 0.519531 0.963140
vt 0.523438 0.963140
vt 0.523438 0.959022
vt 0.519531 0.959022
vt 0.527344 0.963140
vt 0.531250 0.963140
vt 0.531250 0.959022
vt 0.527344 0.959022
vt 0.503906 0.954904
vt 0.507812 0.954904
vt 0.503906 0.963140
vt 0.507812 0.963140
vt 0.507812 0.959022
vt 0.503906 0.959022
vt 0.511719 0.963140
vt 0.515625 0.963140
vt 0.515625 0.959022
vt 0.511719 0.959022
vt 0.488281 0.954904
vt 0.492188 0.954904
vt 0.488281 0.963140
vt 0.492188 0.963140
vt 0.492188 0.959022
vt 0.488281 0.959022
vt 0.496094 0.963140
vt 0.500000 0.963140
vt 0.500000 0.959022
vt 0.496094 0.959022
vt 0.472656 0.954904
vt 0.476562 0.954904
vt 0.472656 0.963140
vt 0.476562 0.963140
vt 0.476562 0.959022
vt 0.472656 0.959022
vt 0.480469 0.963140
vt 0.484375 0.963140
vt 0.484375 0.959022
vt 0.480469 0.959022
vt 0.457031 0.954904
vt 0.460938 0.954904
vt 0.457031 0.963140
vt 0.460938 0.963140
vt 0.460938 0.959022
vt 0.457031 0.959022
vt 0.464844 0.963140
vt 0.468750 0.963140
vt 0.468750 0.959022
vt 0.464844 0.959022
vt 0.441406 0.954904
vt 0.445312 0.954904
vt 0.441406 0.963140
vt 0.445312 0.963140
vt 0.445312 0.959022
vt 0.441406 0.959022
vt 0.449219 0.963140
vt 0.453125 0.963140
vt 0.453125 0.959022
vt 0.449219 0.959022
vt 0.425781 0.954904
vt 0.429688 0.954904
vt 0.425781 0.963140
vt 0.429688 0.963140
vt 0.429688 0.959022
vt 0.425781 0.959022
vt 0.433594 0.963140
vt 0.437500 0.963140
vt 0.437500 0.959022
vt 0.433594 0.959022
vt 0.410156 0.954904
vt 0.414062 0.954904
vt 0.410156 0.963140
vt 0.414062 0.963140
vt 0.414062 0.959022
vt 0.410156 0.959022
vt 0.417969 0.963140
vt 0.421875 0.963140
vt 0.421875 0.959022
vt 0.417969 0.959022
vt 0.394531 0.954904
vt 0.398438 0.954904
vt 0.394531 0.963140
vt 0.398438 0.963140
vt 0.398438 0.959022
vt 0.394531 0.959022
vt 0.402344 0.963140
vt 0.406250 0.963140
vt 0.406250 0.959022
vt 0.402344 0.959022
vt 0.378906 0.954904
vt 0.382812 0.954904
vt 0.378906 0.963140
vt 0.382812 0.963140
vt 0.382812 0.959022
vt 0.378906 0.959022
vt 0.386719 0.963140
vt 0.390625 0.963140
vt 0.390625 0.959022
vt 0.386719 0.959022
vt 0.363281 0.954904
vt 0.367188 0.954904
vt 0.363281 0.963141
vt 0.367188 0.963140
vt 0.367188 0.959022
vt 0.363281 0.959022
vt 0.371094 0.963140
vt 0.375000 0.963140
vt 0.375000 0.959022
vt 0.371094 0.959022
vt 0.347656 0.954904
vt 0.351562 0.954904
vt 0.347656 0.963141
vt 0.351562 0.963141
vt 0.351562 0.959022
vt 0.347656 0.959022
vt 0.355469 0.963141
vt 0.359375 0.963141
vt 0.359375 0.959022
vt 0.355469 0.959022
vt 0.332031 0.954904
vt 0.335938 0.954904
vt 0.332031 0.963141
vt 0.335938 0.963141
vt 0.335938 0.959022
vt 0.332031 0.959022
vt 0.339844 0.963141
vt 0.343750 0.963141
vt 0.343750 0.959022
vt 0.339844 0.959022
vt 0.316406 0.954904
vt 0.320312 0.954904
vt 0.316406 0.963141
vt 0.320312 0.963141
vt 0.320312 0.959022
vt 0.316406 0.959022
vt 0.324219 0.963141
vt 0.328125 0.963141
vt 0.328125 0.959022
vt 0.324219 0.959022
vt 0.300781 0.954904
vt 0.304687 0.954904
vt 0.300781 0.963141
vt 0.304687 0.963141
vt 0.304687 0.959022
vt 0.300781 0.959022
vt 0.308594 0.963141
vt 0.312500 0.963141
vt 0.312500 0.959022
vt 0.308594 0.959022
vt 0.285156 0.954904
vt 0.289062 0.954904
vt 0.285156 0.963141
vt 0.289062 0.963141
vt 0.289062 0.959022
vt 0.285156 0.959022
vt 0.292969 0.963141
vt 0.296875 0.963141
vt 0.296875 0.959022
vt 0.292969 0.959022
vt 0.269531 0.954904
vt 0.273437 0.954904
vt 0.269531 0.963141
vt 0.273437 0.963141
vt 0.273437 0.959022
vt 0.269531 0.959022
vt 0.277344 0.963141
vt 0.281250 0.963141
vt 0.281250 0.959022
vt 0.277344 0.959022
vt 0.253906 0.954904
vt 0.257812 0.954904
vt 0.253906 0.963141
vt 0.257812 0.963141
vt 0.257812 0.959022
vt 0.253906 0.959022
vt 0.261719 0.963141
vt 0.265625 0.963141
vt 0.265625 0.959022
vt 0.261719 0.959022
vt 0.238281 0.954904
vt 0.242187 0.954904
vt 0.238281 0.963141
vt 0.242187 0.963141
vt 0.242187 0.959022
vt 0.238281 0.959022
vt 0.246094 0.963141
vt 0.250000 0.963141
vt 0.250000 0.959022
vt 0.246094 0.959022
vt 0.222656 0.954904
vt 0.226562 0.954904
vt 0.222656 0.963141
vt 0.226562 0.963141
vt 0.226562 0.959022
vt 0.222656 0.959022
vt 0.230469 0.963141
vt 0.234375 0.963141
vt 0.234375 0.959022
vt 0.230469 0.959022
vt 0.207031 0.954904
vt 0.210937 0.954904
vt 0.207031 0.963141
vt 0.210937 0.963141
vt 0.210937 0.959022
vt 0.207031 0.959022
vt 0.214844 0.963141
vt 0.218750 0.963141
vt 0.218750 0.959022
vt 0.214844 0.959022
vt 0.191406 0.954904
vt 0.195312 0.954904
vt 0.191406 0.963141
vt 0.195312 0.963141
vt 0.195312 0.959022
vt 0.191406 0.959022
vt 0.199219 0.963141
vt 0.203125 0.963141
vt 0.203125 0.959022
vt 0.199219 0.959022
vt 0.175781 0.954904
vt 0.179687 0.954904
vt 0.175781 0.963141
vt 0.179687 0.963141
vt 0.179687 0.959022
vt 0.175781 0.959022
vt 0.183594 0.963141
vt 0.187500 0.963141
vt 0.187500 0.959022
vt 0.183594 0.959022
vt 0.160156 0.954904
vt 0.164062 0.954904
vt 0.160156 0.963141
vt 0.164062 0.963141
vt 0.164062 0.959022
vt 0.160156 0.959022
vt 0.167969 0.963141
vt 0.171875 0.963141
vt 0.171875 0.959022
vt 0.167969 0.959022
vt 0.144531 0.954904
vt 0.148437 0.954904
vt 0.144531 0.963141
vt 0.148437 0.963141
vt 0.148437 0.959022
vt 0.144531 0.959022
vt 0.152344 0.963141
vt 0.156250 0.963141
vt 0.156250 0.959022
vt 0.152344 0.959022
vt 0.128906 0.954904
vt 0.132812 0.954904
vt 0.128906 0.963141
vt 0.132812 0.963141
vt 0.132812 0.959022
vt 0.128906 0.959022
vt 0.136719 0.963141
vt 0.140625 0.963141
vt 0.140625 0.959022
vt 0.136719 0.959022
vt 0.113281 0.954904
vt 0.117187 0.954904
vt 0.113281 0.963141
vt 0.117187 0.963141
vt 0.117187 0.959022
vt 0.113281 0.959022
vt 0.121094 0.963141
vt 0.125000 0.963141
vt 0.125000 0.959022
vt 0.121094 0.959022
vt 0.097656 0.954904
vt 0.101562 0.954904
vt 0.097656 0.963141
vt 0.101562 0.963141
vt 0.101562 0.959022
vt 0.097656 0.959022
vt 0.105469 0.963141
vt 0.109375 0.963141
vt 0.109375 0.959022
vt 0.105469 0.959022
vt 0.082031 0.954904
vt 0.085937 0.954904
vt 0.082031 0.963141
vt 0.085937 0.963141
vt 0.085937 0.959022
vt 0.082031 0.959022
vt 0.089844 0.963141
vt 0.093750 0.963141
vt 0.093750 0.959022
vt 0.089844 0.959022
vt 0.066406 0.954904
vt 0.070312 0.954904
vt 0.066406 0.963141
vt 0.070312 0.963141
vt 0.070312 0.959022
vt 0.066406 0.959022
vt 0.074219 0.963141
vt 0.078125 0.963141
vt 0.078125 0.959022
vt 0.074219 0.959022
vt 0.050781 0.954904
vt 0.054687 0.954904
vt 0.050781 0.963141
vt 0.054687 0.963141
vt 0.054687 0.959022
vt 0.050781 0.959022
vt 0.058594 0.963141
vt 0.062500 0.963141
vt 0.062500 0.959022
vt 0.058594 0.959022
vt 0.035156 0.954904
vt 0.039062 0.954904
vt 0.035156 0.963141
vt 0.039062 0.963141
vt 0.039062 0.959022
vt 0.035156 0.959022
vt 0.042969 0.963141
vt 0.046875 0.963141
vt 0.046875 0.959022
vt 0.042969 0.959022
vt 0.019531 0.954904
vt 0.023437 0.954904
vt 0.019531 0.963141
vt 0.023437 0.963141
vt 0.023437 0.959022
vt 0.019531 0.959022
vt 0.027344 0.963141
vt 0.031250 0.963141
vt 0.031250 0.959022
vt 0.027344 0.959022
vt 0.003906 0.954904
vt 0.007812 0.954904
vt 0.003906 0.963141
vt 0.007812 0.963141
vt 0.007812 0.959022
vt 0.003906 0.959022
vt 0.011719 0.963141
vt 0.015625 0.963141
vt 0.015625 0.959022
vt 0.011719 0.959022
vt 0.988281 0.954904
vt 0.992188 0.954904
vt 0.988281 0.963141
vt 0.992188 0.963141
vt 0.992188 0.959022
vt 0.988281 0.959022
vt 0.996094 0.963141
vt 1.000000 0.963141
vt 1.000000 0.959022
vt 0.996094 0.959022
vt 0.972656 0.954904
vt 0.976562 0.954904
vt 0.972656 0.963141
vt 0.976562 0.963141
vt 0.976562 0.959022
vt 0.972656 0.959022
vt 0.980469 0.963141
vt 0.984375 0.963141
vt 0.984375 0.959022
vt 0.980469 0.959022
vt 0.957031 0.954904
vt 0.960938 0.954904
vt 0.957031 0.963141
vt 0.960938 0.963141
vt 0.960938 0.959022
vt 0.957031 0.959022
vt 0.964844 0.963141
vt 0.968750 0.963141
vt 0.968750 0.959022
vt 0.964844 0.959022
vt 0.941406 0.954904
vt 0.945312 0.954904
vt 0.941406 0.963141
vt 0.945312 0.963141
vt 0.945312 0.959022
vt 0.941406 0.959022
vt 0.949219 0.963141
vt 0.953125 0.963141
vt 0.953125 0.959022
vt 0.949219 0.959022
vt 0.925781 0.954904
vt 0.929688 0.954904
vt 0.925781 0.963141
vt 0.929688 0.963141
vt 0.929688 0.959022
vt 0.925781 0.959022
vt 0.933594 0.963141
vt 0.937500 0.963141
vt 0.937500 0.959022
vt 0.933594 0.959022
vt 0.910156 0.954904
vt 0.914062 0.954904
vt 0.910156 0.963141
vt 0.914062 0.963141
vt 0.914062 0.959022
vt 0.910156 0.959022
vt 0.917969 0.963141
vt 0.921875 0.963141
vt 0.921875 0.959022
vt 0.917969 0.959022
vt 0.894531 0.954904
vt 0.898438 0.954904
vt 0.894531 0.963141
vt 0.898438 0.963141
vt 0.898438 0.959022
vt 0.894531 0.959022
vt 0.902344 0.963141
vt 0.906250 0.963141
vt 0.906250 0.959022
vt 0.902344 0.959022
vt 0.878906 0.954904
vt 0.882812 0.954904
vt 0.878906 0.963141
vt 0.882812 0.963141
vt 0.882812 0.959022
vt 0.878906 0.959022
vt 0.886719 0.963141
vt 0.890625 0.963141
vt 0.890625 0.959022
vt 0.886719 0.959022
vt 0.863281 0.954904
vt 0.867188 0.954904
vt 0.863281 0.963141
vt 0.867188 0.963141
vt 0.867188 0.959022
vt 0.863281 0.959022
vt 0.871094 0.963141
vt 0.875000 0.963141
vt 0.875000 0.959022
vt 0.871094 0.959022
vt 0.847656 0.954904
vt 0.851562 0.954904
vt 0.847656 0.963141
vt 0.851562 0.963141
vt 0.851562 0.959022
vt 0.847656 0.959022
vt 0.855469 0.963141
vt 0.859375 0.963141
vt 0.859375 0.959022
vt 0.855469 0.959022
vt 0.832031 0.954904
vt 0.835938 0.954904
vt 0.832031 0.963141
vt 0.835938 0.963141
vt 0.835938 0.959022
vt 0.832031 0.959022
vt 0.839844 0.963141
vt 0.843750 0.963141
vt 0.843750 0.959022
vt 0.839844 0.959022
vt 0.816406 0.954904
vt 0.820312 0.954904
vt 0.816406 0.963141
vt 0.820312 0.963141
vt 0.820312 0.959022
vt 0.816406 0.959022
vt 0.824219 0.963141
vt 0.828125 0.963141
vt 0.828125 0.959022
vt 0.824219 0.959022
vt 0.800781 0.954904
vt 0.804688 0.954904
vt 0.800781 0.963141
vt 0.804688 0.963141
vt 0.804688 0.959022
vt 0.800781 0.959022
vt 0.808594 0.963141
vt 0.812500 0.963141
vt 0.812500 0.959022
vt 0.808594 0.959022
vt 0.785156 0.954904
vt 0.789062 0.954904
vt 0.785156 0.963141
vt 0.789062 0.963141
vt 0.789062 0.959022
vt 0.785156 0.959022
vt 0.792969 0.963141
vt 0.796875 0.963141
vt 0.796875 0.959022
vt 0.792969 0.959022
vt 0.769531 0.954904
vt 0.773438 0.954904
vt 0.769531 0.963141
vt 0.773438 0.963141
vt 0.773438 0.959022
vt 0.769531 0.959022
vt 0.777344 0.963141
vt 0.781250 0.963141
vt 0.781250 0.959022
vt 0.777344 0.959022
vt -0.000000 0.963141
vt -0.000000 0.959022
vt -0.000000 0.954904
s 1
usemtl Material.001
f 3970/3898/2281 3972/3899/2282 3971/3900/2283 3969/3901/2284 4865/3902/2285 4609/3903/2286 5057/3904/2287
f 3972/3899/2282 3974/3905/2282 3973/3906/2283 3971/3900/2283
f 3974/3905/2282 3976/3907/2288 3975/3908/2289 3973/3906/2283
f 3976/3907/2288 3978/3909/2290 3977/3910/2291 3975/3908/2289
f 3978/3909/2290 3980/3911/2282 3979/3912/2283 3977/3910/2291
f 3980/3911/2282 3982/3913/2292 3981/3914/2293 3979/3912/2283
f 3982/3913/2292 3984/3915/2294 3983/3916/2295 3981/3914/2293
f 3985/3917/2296 3986/3918/2297 3984/3915/2294 3982/3913/2292
f 3987/3919/2298 3988/3920/2299 3986/3918/2297 3985/3917/2296
f 3989/3921/2300 3990/3922/2301 3988/3920/2299 3987/3919/2298
f 3991/3923/2302 3992/3924/2303 3990/3922/2301 3989/3921/2300
f 3993/3925/2304 3994/3926/2305 3992/3924/2303 3991/3923/2302
f 3995/3927/2306 3996/3928/2307 3994/3926/2305 3993/3925/2304
f 3997/3929/2308 3998/3930/2309 3996/3928/2307 3995/3927/2306
f 3998/3930/2309 3997/3929/2308 3999/3931/2306 4000/3932/2310
f 4000/3932/2310 3999/3931/2306 4001/3933/2311 4002/3934/2312
f 4002/3934/2312 4001/3933/2311 4003/3935/2313 4004/3936/2314
f 4004/3936/2314 4003/3935/2313 4005/3937/2315 4006/3938/2316
f 4006/3938/2316 4005/3937/2315 4007/3939/2317 4008/3940/2318
f 4008/3940/2318 4007/3939/2317 4009/3941/2319 4010/3942/2320
f 4010/3942/2320 4009/3941/2319 4011/3943/2321 4012/3944/2322
f 4012/3944/2322 4011/3943/2321 4013/3945/2323 4014/3946/2324
f 4014/3947/2324 4013/3948/2323 4015/3949/2325 4016/3950/2326
f 4016/3950/2326 4015/3949/2325 4017/3951/2327 4018/3952/2328
f 4018/3952/2328 4017/3951/2327 4019/3953/2329 4020/3954/2330
f 4020/3954/2330 4019/3953/2329 4021/3955/2331 4022/3956/2332
f 4022/3956/2332 4021/3955/2331 4023/3957/2333 4024/3958/2334
f 4024/3958/2334 4023/3957/2333 4025/3959/2335 4026/3960/2336
f 4026/3960/2336 4025/3959/2335 4027/3961/2337 4028/3962/2338
f 4028/3962/2338 4027/3961/2337 4029/3963/2339 4030/3964/2340
f 4031/3965/2341 4032/3966/2342 4030/3964/2340 4029/3963/2339
f 4033/3967/2343 4034/3968/2344 4032/3966/2342 4031/3965/2341
f 4035/3969/2345 4036/3970/2346 4034/3968/2344 4033/3967/2343
f 4037/3971/2347 4038/3972/2348 4036/3970/2346 4035/3969/2345
f 4039/3973/2349 4040/3974/2350 4038/3972/2348 4037/3971/2347
f 4041/3975/2351 4042/3976/2352 4040/3974/2350 4039/3973/2349
f 4043/3977/2353 4044/3978/2354 4042/3976/2352 4041/3975/2351
f 4045/3979/2355 4046/3980/2356 4044/3978/2354 4043/3977/2353
f 4046/3980/2356 4045/3979/2355 4047/3981/2357 4048/3982/2358
f 4048/3982/2358 4047/3981/2357 4049/3983/2359 4050/3984/2360
f 4050/3984/2360 4049/3983/2359 4051/3985/2361 4052/3986/2362
f 4052/3986/2362 4051/3985/2361 4053/3987/2363 4054/3988/2364
f 4054/3988/2364 4053/3987/2363 4055/3989/2365 4056/3990/2366
f 4056/3990/2366 4055/3989/2365 4057/3991/2367 4058/3992/2368
f 4058/3992/2368 4057/3991/2367 4059/3993/2369 4060/3994/2370
f 4060/3994/2370 4059/3993/2369 4061/3995/2371 4062/3996/2372
f 4062/3996/2372 4061/3995/2371 4063/3997/2373 4064/3998/2374
f 4064/3998/2374 4063/3997/2373 4065/3999/2375 4066/4000/2376
f 4066/4000/2376 4065/3999/2375 4067/4001/2377 4068/4002/2378
f 4068/4002/2378 4067/4001/2377 4069/4003/2379 4070/4004/2380
f 4070/4004/2380 4069/4003/2379 4071/4005/2381 4072/4006/2382
f 4072/4006/2382 4071/4005/2381 4073/4007/2383 4074/4008/2384
f 4074/4008/2384 4073/4007/2383 4075/4009/2385 4076/4010/2386
f 4076/4010/2386 4075/4009/2385 4077/4011/2387 4078/4012/2388
f 4078/4012/2388 4077/4011/2387 4079/4013/2389 4080/4014/2390
f 4080/4014/2390 4079/4013/2389 4081/4015/2391 4082/4016/2392
f 4082/4016/2392 4081/4015/2391 4083/4017/2393 4084/4018/2394
f 4084/4018/2394 4083/4017/2393 4085/4019/2395 4086/4020/2396
f 4086/4020/2396 4085/4019/2395 4087/4021/2397 4088/4022/2398
f 4088/4022/2398 4087/4021/2397 4089/4023/2399 4090/4024/2400
f 4090/4024/2400 4089/4023/2399 4091/4025/2401 4092/4026/2402
f 4092/4026/2402 4091/4025/2401 4093/4027/2403 4094/4028/2404
f 4095/4029/2405 4096/4030/2406 4094/4028/2404 4093/4027/2403
f 4097/4031/2407 4098/4032/2408 4096/4030/2406 4095/4029/2405
f 4099/4033/2409 4100/4034/2410 4098/4032/2408 4097/4031/2407
f 4101/4035/2411 4102/4036/2412 4100/4034/2410 4099/4033/2409
f 4103/4037/2413 4104/4038/2414 4102/4036/2412 4101/4035/2411
f 4105/4039/2415 4106/4040/2416 4104/4038/2414 4103/4037/2413
f 4107/4041/2417 4108/4042/2418 4106/4040/2416 4105/4039/2415
f 3981/3914/2293 3983/3916/2295 4108/4042/2418 4107/4041/2417
f 4105/4039/2415 4110/4043/2419 4109/4044/2420 4107/4041/2417
f 4111/4045/2421 4109/4044/2420 4110/4043/2419 4112/4046/2422
f 4113/4047/2423 4111/4045/2421 4112/4046/2422 4114/4048/2424
f 4115/4049/2420 4113/4047/2423 4114/4048/2424 4116/4050/2425
f 4117/4051/2420 4115/4049/2420 4116/4050/2425 4118/4052/2426
f 4118/4052/2426 4120/4053/2427 5058/4054/2428 4610/4055/2429 4866/4056/2430 4119/4057/2431 4117/4051/2420
f 4122/4058/2432 4124/4059/2433 4123/4060/2434 4121/4061/2435 4867/4062/2436 4611/4063/2437 5059/4064/2438
f 4124/4059/2433 4126/4065/2433 4125/4066/2439 4123/4060/2434
f 4126/4065/2433 4128/4067/2440 4127/4068/2441 4125/4066/2439
f 4128/4067/2440 4130/4069/2440 4129/4070/2442 4127/4068/2441
f 4130/4069/2440 4132/4071/2443 4131/4072/2444 4129/4070/2442
f 4132/4071/2443 3987/3919/2298 3985/3917/2296 4131/4072/2444
f 4133/4073/2445 4134/4074/2433 4132/4071/2443 4130/4069/2440
f 4134/4074/2433 3989/3921/2300 3987/3919/2298 4132/4071/2443
f 4135/4075/2446 4136/4076/2447 4134/4074/2433 4133/4073/2445
f 4136/4076/2447 3991/3923/2302 3989/3921/2300 4134/4074/2433
f 4137/4077/2448 4138/4078/2449 4136/4076/2447 4135/4075/2446
f 4138/4078/2449 3993/3925/2304 3991/3923/2302 4136/4076/2447
f 4139/4079/2450 4140/4080/2451 4138/4078/2449 4137/4077/2448
f 4140/4080/2451 3995/3927/2306 3993/3925/2304 4138/4078/2449
f 4141/4081/2450 4142/4082/2451 4140/4080/2451 4139/4079/2450
f 4142/4082/2451 3997/3929/2308 3995/3927/2306 4140/4080/2451
f 4142/4082/2451 4141/4081/2450 4143/4083/2450 4144/4084/2451
f 3997/3929/2308 4142/4082/2451 4144/4084/2451 3999/3931/2306
f 4144/4084/2451 4143/4083/2450 4145/4085/2452 4146/4086/2453
f 3999/3931/2306 4144/4084/2451 4146/4086/2453 4001/3933/2311
f 4146/4086/2453 4145/4085/2452 4147/4087/2454 4148/4088/2455
f 4001/3933/2311 4146/4086/2453 4148/4088/2455 4003/3935/2313
f 4148/4088/2455 4147/4087/2454 4149/4089/2456 4150/4090/2457
f 4003/3935/2313 4148/4088/2455 4150/4090/2457 4005/3937/2315
f 4150/4090/2457 4149/4089/2456 4151/4091/2458 4152/4092/2457
f 4005/3937/2315 4150/4090/2457 4152/4092/2457 4007/3939/2317
f 4152/4092/2457 4151/4091/2458 4153/4093/2459 4154/4094/2460
f 4007/3939/2317 4152/4092/2457 4154/4094/2460 4009/3941/2319
f 4154/4094/2460 4153/4093/2459 4155/4095/2461 4156/4096/2462
f 4009/3941/2319 4154/4094/2460 4156/4096/2462 4011/3943/2321
f 4156/4096/2462 4155/4095/2461 4157/4097/2463 4158/4098/2464
f 4011/3943/2321 4156/4096/2462 4158/4098/2464 4013/3945/2323
f 4158/4099/2464 4157/4100/2463 4159/4101/2465 4160/4102/2466
f 4013/3948/2323 4158/4099/2464 4160/4102/2466 4015/3949/2325
f 4160/4102/2466 4159/4101/2465 4161/4103/2467 4162/4104/2466
f 4015/3949/2325 4160/4102/2466 4162/4104/2466 4017/3951/2327
f 4162/4104/2466 4161/4103/2467 4163/4105/2468 4164/4106/2469
f 4017/3951/2327 4162/4104/2466 4164/4106/2469 4019/3953/2329
f 4164/4106/2469 4163/4105/2468 4165/4107/2470 4166/4108/2469
f 4019/3953/2329 4164/4106/2469 4166/4108/2469 4021/3955/2331
f 4166/4108/2469 4165/4107/2470 4167/4109/2471 4168/4110/2472
f 4021/3955/2331 4166/4108/2469 4168/4110/2472 4023/3957/2333
f 4168/4110/2472 4167/4109/2471 4169/4111/2473 4170/4112/2474
f 4023/3957/2333 4168/4110/2472 4170/4112/2474 4025/3959/2335
f 4170/4112/2474 4169/4111/2473 4171/4113/2475 4172/4114/2476
f 4025/3959/2335 4170/4112/2474 4172/4114/2476 4027/3961/2337
f 4172/4114/2476 4171/4113/2475 4173/4115/2475 4174/4116/2476
f 4027/3961/2337 4172/4114/2476 4174/4116/2476 4029/3963/2339
f 4174/4116/2476 4173/4115/2475 4175/4117/2475 4176/4118/2476
f 4176/4118/2476 4031/3965/2341 4029/3963/2339 4174/4116/2476
f 4176/4118/2476 4175/4117/2475 4177/4119/2477 4178/4120/2478
f 4178/4120/2478 4033/3967/2343 4031/3965/2341 4176/4118/2476
f 4178/4120/2478 4177/4119/2477 4179/4121/2479 4180/4122/2480
f 4180/4122/2480 4035/3969/2345 4033/3967/2343 4178/4120/2478
f 4180/4122/2480 4179/4121/2479 4181/4123/2481 4182/4124/2482
f 4182/4124/2482 4037/3971/2347 4035/3969/2345 4180/4122/2480
f 4182/4124/2482 4181/4123/2481 4183/4125/2483 4184/4126/2482
f 4184/4126/2482 4039/3973/2349 4037/3971/2347 4182/4124/2482
f 4184/4126/2482 4183/4125/2483 4185/4127/2484 4186/4128/2485
f 4186/4128/2485 4041/3975/2351 4039/3973/2349 4184/4126/2482
f 4186/4128/2485 4185/4127/2484 4187/4129/2486 4188/4130/2487
f 4188/4130/2487 4043/3977/2353 4041/3975/2351 4186/4128/2485
f 4188/4130/2487 4187/4129/2486 4189/4131/2488 4190/4132/2489
f 4190/4132/2489 4045/3979/2355 4043/3977/2353 4188/4130/2487
f 4191/4133/2490 4192/4134/2491 4190/4132/2489 4189/4131/2488
f 4192/4134/2491 4047/3981/2357 4045/3979/2355 4190/4132/2489
f 4193/4135/2492 4194/4136/2493 4192/4134/2491 4191/4133/2490
f 4047/3981/2357 4192/4134/2491 4194/4136/2493 4049/3983/2359
f 4195/4137/2494 4196/4138/2495 4194/4136/2493 4193/4135/2492
f 4049/3983/2359 4194/4136/2493 4196/4138/2495 4051/3985/2361
f 4197/4139/2496 4198/4140/2497 4196/4138/2495 4195/4137/2494
f 4051/3985/2361 4196/4138/2495 4198/4140/2497 4053/3987/2363
f 4199/4141/2498 4200/4142/2499 4198/4140/2497 4197/4139/2496
f 4053/3987/2363 4198/4140/2497 4200/4142/2499 4055/3989/2365
f 4201/4143/2500 4202/4144/2501 4200/4142/2499 4199/4141/2498
f 4055/3989/2365 4200/4142/2499 4202/4144/2501 4057/3991/2367
f 4203/4145/2502 4204/4146/2503 4202/4144/2501 4201/4143/2500
f 4057/3991/2367 4202/4144/2501 4204/4146/2503 4059/3993/2369
f 4205/4147/2504 4206/4148/2503 4204/4146/2503 4203/4145/2502
f 4059/3993/2369 4204/4146/2503 4206/4148/2503 4061/3995/2371
f 4206/4148/2503 4205/4147/2504 4207/4149/2502 4208/4150/2503
f 4061/3995/2371 4206/4148/2503 4208/4150/2503 4063/3997/2373
f 4208/4150/2503 4207/4149/2502 4209/4151/2505 4210/4152/2506
f 4063/3997/2373 4208/4150/2503 4210/4152/2506 4065/3999/2375
f 4210/4152/2506 4209/4151/2505 4211/4153/2507 4212/4154/2369
f 4065/3999/2375 4210/4152/2506 4212/4154/2369 4067/4001/2377
f 4212/4154/2369 4211/4153/2507 4213/4155/2508 4214/4156/2509
f 4067/4001/2377 4212/4154/2369 4214/4156/2509 4069/4003/2379
f 4214/4156/2509 4213/4155/2508 4215/4157/2510 4216/4158/2509
f 4069/4003/2379 4214/4156/2509 4216/4158/2509 4071/4005/2381
f 4216/4158/2509 4215/4157/2510 4217/4159/2511 4218/4160/2512
f 4071/4005/2381 4216/4158/2509 4218/4160/2512 4073/4007/2383
f 4218/4160/2512 4217/4159/2511 4219/4161/2513 4220/4162/2514
f 4073/4007/2383 4218/4160/2512 4220/4162/2514 4075/4009/2385
f 4220/4162/2514 4219/4161/2513 4221/4163/2515 4222/4164/2516
f 4075/4009/2385 4220/4162/2514 4222/4164/2516 4077/4011/2387
f 4222/4164/2516 4221/4163/2515 4223/4165/2517 4224/4166/2518
f 4077/4011/2387 4222/4164/2516 4224/4166/2518 4079/4013/2389
f 4224/4166/2518 4223/4165/2517 4225/4167/2519 4226/4168/2520
f 4079/4013/2389 4224/4166/2518 4226/4168/2520 4081/4015/2391
f 4226/4168/2520 4225/4167/2519 4227/4169/2521 4228/4170/2522
f 4081/4015/2391 4226/4168/2520 4228/4170/2522 4083/4017/2393
f 4228/4170/2522 4227/4169/2521 4229/4171/2523 4230/4172/2395
f 4083/4017/2393 4228/4170/2522 4230/4172/2395 4085/4019/2395
f 4230/4172/2395 4229/4171/2523 4231/4173/2524 4232/4174/2525
f 4085/4019/2395 4230/4172/2395 4232/4174/2525 4087/4021/2397
f 4232/4174/2525 4231/4173/2524 4233/4175/2526 4234/4176/2527
f 4087/4021/2397 4232/4174/2525 4234/4176/2527 4089/4023/2399
f 4234/4176/2527 4233/4175/2526 4235/4177/2528 4236/4178/2529
f 4089/4023/2399 4234/4176/2527 4236/4178/2529 4091/4025/2401
f 4236/4178/2529 4235/4177/2528 4237/4179/2530 4238/4180/2529
f 4091/4025/2401 4236/4178/2529 4238/4180/2529 4093/4027/2403
f 4239/4181/2531 4240/4182/2529 4238/4180/2529 4237/4179/2530
f 4240/4182/2529 4095/4029/2405 4093/4027/2403 4238/4180/2529
f 4241/4183/2532 4242/4184/2533 4240/4182/2529 4239/4181/2531
f 4242/4184/2533 4097/4031/2407 4095/4029/2405 4240/4182/2529
f 4243/4185/2534 4244/4186/2401 4242/4184/2533 4241/4183/2532
f 4244/4186/2401 4099/4033/2409 4097/4031/2407 4242/4184/2533
f 4245/4187/2535 4246/4188/2536 4244/4186/2401 4243/4185/2534
f 4246/4188/2536 4101/4035/2411 4099/4033/2409 4244/4186/2401
f 4247/4189/2537 4248/4190/2536 4246/4188/2536 4245/4187/2535
f 4248/4190/2536 4103/4037/2413 4101/4035/2411 4246/4188/2536
f 4112/4046/2422 4110/4043/2419 4248/4190/2536 4247/4189/2537
f 4249/4191/2537 4247/4189/2537 4245/4187/2535 4250/4192/2538
f 4251/4193/2425 4249/4191/2537 4250/4192/2538 4252/4194/2401
f 4253/4195/2536 4251/4193/2425 4252/4194/2401 4254/4196/2539
f 4254/4196/2539 4256/4197/2540 5060/4198/2541 4612/4199/2542 4868/4200/2543 4255/4201/2544 4253/4195/2536
f 4258/4202/2545 4260/4203/2447 4259/4204/2433 4257/4205/2546 4869/4206/2547 4613/4207/2548 5061/4208/2549
f 4260/4203/2447 4262/4209/2447 4261/4210/2447 4259/4204/2433
f 4262/4209/2447 4264/4211/2550 4263/4212/2445 4261/4210/2447
f 4264/4211/2550 4135/4075/2446 4133/4073/2445 4263/4212/2445
f 4265/4213/2451 4266/4214/2551 4264/4211/2550 4262/4209/2447
f 4266/4214/2551 4137/4077/2448 4135/4075/2446 4264/4211/2550
f 4267/4215/2451 4268/4216/2450 4266/4214/2551 4265/4213/2451
f 4268/4216/2450 4139/4079/2450 4137/4077/2448 4266/4214/2551
f 4269/4217/2451 4270/4218/2450 4268/4216/2450 4267/4215/2451
f 4270/4218/2450 4141/4081/2450 4139/4079/2450 4268/4216/2450
f 4270/4218/2450 4269/4217/2451 4271/4219/2451 4272/4220/2450
f 4141/4081/2450 4270/4218/2450 4272/4220/2450 4143/4083/2450
f 4272/4220/2450 4271/4219/2451 4273/4221/2451 4274/4222/2451
f 4143/4083/2450 4272/4220/2450 4274/4222/2451 4145/4085/2452
f 4274/4222/2451 4273/4221/2451 4275/4223/2552 4276/4224/2553
f 4145/4085/2452 4274/4222/2451 4276/4224/2553 4147/4087/2454
f 4276/4224/2553 4275/4223/2552 4277/4225/2455 4278/4226/2458
f 4147/4087/2454 4276/4224/2553 4278/4226/2458 4149/4089/2456
f 4278/4226/2458 4277/4225/2455 4279/4227/2457 4280/4228/2554
f 4149/4089/2456 4278/4226/2458 4280/4228/2554 4151/4091/2458
f 4280/4228/2554 4279/4227/2457 4281/4229/2555 4282/4230/2556
f 4151/4091/2458 4280/4228/2554 4282/4230/2556 4153/4093/2459
f 4282/4230/2556 4281/4229/2555 4283/4231/2462 4284/4232/2557
f 4153/4093/2459 4282/4230/2556 4284/4232/2557 4155/4095/2461
f 4284/4232/2557 4283/4231/2462 4285/4233/2464 4286/4234/2463
f 4155/4095/2461 4284/4232/2557 4286/4234/2463 4157/4097/2463
f 4286/4235/2463 4285/4236/2464 4287/4237/2466 4288/4238/2558
f 4157/4100/2463 4286/4235/2463 4288/4238/2558 4159/4101/2465
f 4288/4238/2558 4287/4237/2466 4289/4239/2559 4290/4240/2467
f 4159/4101/2465 4288/4238/2558 4290/4240/2467 4161/4103/2467
f 4290/4240/2467 4289/4239/2559 4291/4241/2469 4292/4242/2560
f 4161/4103/2467 4290/4240/2467 4292/4242/2560 4163/4105/2468
f 4292/4242/2560 4291/4241/2469 4293/4243/2472 4294/4244/2470
f 4163/4105/2468 4292/4242/2560 4294/4244/2470 4165/4107/2470
f 4294/4244/2470 4293/4243/2472 4295/4245/2474 4296/4246/2470
f 4165/4107/2470 4294/4244/2470 4296/4246/2470 4167/4109/2471
f 4296/4246/2470 4295/4245/2474 4297/4247/2474 4298/4248/2561
f 4167/4109/2471 4296/4246/2470 4298/4248/2561 4169/4111/2473
f 4298/4248/2561 4297/4247/2474 4299/4249/2476 4300/4250/2475
f 4169/4111/2473 4298/4248/2561 4300/4250/2475 4171/4113/2475
f 4300/4250/2475 4299/4249/2476 4301/4251/2476 4302/4252/2472
f 4171/4113/2475 4300/4250/2475 4302/4252/2472 4173/4115/2475
f 4302/4252/2472 4301/4251/2476 4303/4253/2476 4304/4254/2475
f 4173/4115/2475 4302/4252/2472 4304/4254/2475 4175/4117/2475
f 4304/4254/2475 4303/4253/2476 4305/4255/2329 4306/4256/2476
f 4175/4117/2475 4304/4254/2475 4306/4256/2476 4177/4119/2477
f 4306/4256/2476 4305/4255/2329 4307/4257/2480 4308/4258/2481
f 4177/4119/2477 4306/4256/2476 4308/4258/2481 4179/4121/2479
f 4308/4258/2481 4307/4257/2480 4309/4259/2480 4310/4260/2483
f 4179/4121/2479 4308/4258/2481 4310/4260/2483 4181/4123/2481
f 4310/4260/2483 4309/4259/2480 4311/4261/2562 4312/4262/2483
f 4181/4123/2481 4310/4260/2483 4312/4262/2483 4183/4125/2483
f 4312/4262/2483 4311/4261/2562 4313/4263/2562 4314/4264/2563
f 4183/4125/2483 4312/4262/2483 4314/4264/2563 4185/4127/2484
f 4314/4264/2563 4313/4263/2562 4315/4265/2487 4316/4266/2564
f 4185/4127/2484 4314/4264/2563 4316/4266/2564 4187/4129/2486
f 4316/4266/2564 4315/4265/2487 4317/4267/2489 4318/4268/2488
f 4187/4129/2486 4316/4266/2564 4318/4268/2488 4189/4131/2488
f 4319/4269/2565 4320/4270/2566 4318/4268/2488 4317/4267/2489
f 4320/4270/2566 4191/4133/2490 4189/4131/2488 4318/4268/2488
f 4321/4271/2567 4322/4272/2568 4320/4270/2566 4319/4269/2565
f 4322/4272/2568 4193/4135/2492 4191/4133/2490 4320/4270/2566
f 4323/4273/2495 4324/4274/2569 4322/4272/2568 4321/4271/2567
f 4324/4274/2569 4195/4137/2494 4193/4135/2492 4322/4272/2568
f 4325/4275/2499 4326/4276/2570 4324/4274/2569 4323/4273/2495
f 4326/4276/2570 4197/4139/2496 4195/4137/2494 4324/4274/2569
f 4327/4277/2501 4328/4278/2570 4326/4276/2570 4325/4275/2499
f 4328/4278/2570 4199/4141/2498 4197/4139/2496 4326/4276/2570
f 4329/4279/2501 4330/4280/2571 4328/4278/2570 4327/4277/2501
f 4330/4280/2571 4201/4143/2500 4199/4141/2498 4328/4278/2570
f 4331/4281/2503 4332/4282/2502 4330/4280/2571 4329/4279/2501
f 4332/4282/2502 4203/4145/2502 4201/4143/2500 4330/4280/2571
f 4333/4283/2503 4334/4284/2499 4332/4282/2502 4331/4281/2503
f 4334/4284/2499 4205/4147/2504 4203/4145/2502 4332/4282/2502
f 4334/4284/2499 4333/4283/2503 4335/4285/2503 4336/4286/2572
f 4205/4147/2504 4334/4284/2499 4336/4286/2572 4207/4149/2502
f 4336/4286/2572 4335/4285/2503 4337/4287/2573 4338/4288/2503
f 4207/4149/2502 4336/4286/2572 4338/4288/2503 4209/4151/2505
f 4338/4288/2503 4337/4287/2573 4339/4289/2509 4340/4290/2574
f 4209/4151/2505 4338/4288/2503 4340/4290/2574 4211/4153/2507
f 4340/4290/2574 4339/4289/2509 4341/4291/2575 4342/4292/2510
f 4211/4153/2507 4340/4290/2574 4342/4292/2510 4213/4155/2508
f 4342/4292/2510 4341/4291/2575 4343/4293/2509 4344/4294/2510
f 4213/4155/2508 4342/4292/2510 4344/4294/2510 4215/4157/2510
f 4344/4294/2510 4343/4293/2509 4345/4295/2576 4346/4296/2577
f 4215/4157/2510 4344/4294/2510 4346/4296/2577 4217/4159/2511
f 4346/4296/2577 4345/4295/2576 4347/4297/2514 4348/4298/2578
f 4217/4159/2511 4346/4296/2577 4348/4298/2578 4219/4161/2513
f 4348/4298/2578 4347/4297/2514 4349/4299/2516 4350/4300/2515
f 4219/4161/2513 4348/4298/2578 4350/4300/2515 4221/4163/2515
f 4350/4300/2515 4349/4299/2516 4351/4301/2518 4352/4302/2579
f 4221/4163/2515 4350/4300/2515 4352/4302/2579 4223/4165/2517
f 4352/4302/2579 4351/4301/2518 4353/4303/2580 4354/4304/2581
f 4223/4165/2517 4352/4302/2579 4354/4304/2581 4225/4167/2519
f 4354/4304/2581 4353/4303/2580 4355/4305/2522 4356/4306/2582
f 4225/4167/2519 4354/4304/2581 4356/4306/2582 4227/4169/2521
f 4356/4306/2582 4355/4305/2522 4357/4307/2522 4358/4308/2583
f 4227/4169/2521 4356/4306/2582 4358/4308/2583 4229/4171/2523
f 4358/4308/2583 4357/4307/2522 4359/4309/2525 4360/4310/2583
f 4229/4171/2523 4358/4308/2583 4360/4310/2583 4231/4173/2524
f 4360/4310/2583 4359/4309/2525 4361/4311/2531 4362/4312/2584
f 4231/4173/2524 4360/4310/2583 4362/4312/2584 4233/4175/2526
f 4362/4312/2584 4361/4311/2531 4363/4313/2531 4364/4314/2530
f 4233/4175/2526 4362/4312/2584 4364/4314/2530 4235/4177/2528
f 4364/4314/2530 4363/4313/2531 4365/4315/2529 4366/4316/2585
f 4235/4177/2528 4364/4314/2530 4366/4316/2585 4237/4179/2530
f 4367/4317/2529 4368/4318/2401 4366/4316/2585 4365/4315/2529
f 4368/4318/2401 4239/4181/2531 4237/4179/2530 4366/4316/2585
f 4369/4319/2586 4370/4320/2529 4368/4318/2401 4367/4317/2529
f 4370/4320/2529 4241/4183/2532 4239/4181/2531 4368/4318/2401
f 4371/4321/2536 4372/4322/2535 4370/4320/2529 4369/4319/2586
f 4372/4322/2535 4243/4185/2534 4241/4183/2532 4370/4320/2529
f 4252/4194/2401 4250/4192/2538 4372/4322/2535 4371/4321/2536
f 4373/4323/2401 4371/4321/2536 4369/4319/2586 4374/4324/2587
f 4374/4324/2587 4376/4325/2588 5062/4326/2589 4614/4327/2590 4870/4328/2591 4375/4329/2592 4373/4323/2401
f 4378/4330/2593 4380/4331/2594 4379/4332/2449 4377/4333/2595 4871/4334/2596 4615/4335/2597 5063/4336/2598
f 4380/4331/2594 4267/4215/2451 4265/4213/2451 4379/4332/2449
f 4381/4337/2599 4382/4338/2451 4380/4331/2594 4378/4330/2593 5064/4339/2600 4616/4340/2601 4872/4341/2602
f 4382/4338/2451 4269/4217/2451 4267/4215/2451 4380/4331/2594
f 4382/4338/2451 4381/4337/2599 5065/4342/2603 4617/4343/2604 4873/4344/2605 4383/4345/2606 4384/4346/2607
f 4269/4217/2451 4382/4338/2451 4384/4346/2607 4271/4219/2451
f 4384/4346/2607 4383/4345/2606 5066/4347/2608 4618/4348/2609 4874/4349/2610 4385/4350/2611 4386/4351/2612
f 4271/4219/2451 4384/4346/2607 4386/4351/2612 4273/4221/2451
f 4386/4351/2612 4385/4350/2611 5067/4352/2613 4619/4353/2614 4875/4354/2615 4387/4355/2616 4388/4356/2455
f 4273/4221/2451 4386/4351/2612 4388/4356/2455 4275/4223/2552
f 4388/4356/2455 4387/4355/2616 5068/4357/2617 4620/4358/2618 4876/4359/2619 4389/4360/2620 4390/4361/2621
f 4275/4223/2552 4388/4356/2455 4390/4361/2621 4277/4225/2455
f 4390/4361/2621 4389/4360/2620 5069/4362/2622 4621/4363/2623 4877/4364/2624 4391/4365/2625 4392/4366/2457
f 4277/4225/2455 4390/4361/2621 4392/4366/2457 4279/4227/2457
f 4392/4366/2457 4391/4365/2625 5070/4367/2626 4622/4368/2627 4878/4369/2628 4393/4370/2629 4394/4371/2630
f 4279/4227/2457 4392/4366/2457 4394/4371/2630 4281/4229/2555
f 4394/4371/2630 4393/4370/2629 5071/4372/2631 4623/4373/2632 4879/4374/2633 4395/4375/2634 4396/4376/2462
f 4281/4229/2555 4394/4371/2630 4396/4376/2462 4283/4231/2462
f 4396/4376/2462 4395/4375/2634 5072/4377/2635 4624/4378/2636 4880/4379/2637 4397/4380/2638 4398/4381/2464
f 4283/4231/2462 4396/4376/2462 4398/4381/2464 4285/4233/2464
f 4398/4382/2464 4397/4383/2638 5073/4384/2639 4625/4385/2640 4881/4386/2641 4399/4387/2642 4400/4388/2466
f 4285/4236/2464 4398/4382/2464 4400/4388/2466 4287/4237/2466
f 4400/4388/2466 4399/4387/2642 5074/4389/2643 4626/4390/2644 4882/4391/2645 4401/4392/2646 4402/4393/2647
f 4287/4237/2466 4400/4388/2466 4402/4393/2647 4289/4239/2559
f 4402/4393/2647 4401/4392/2646 5075/4394/2648 4627/4395/2649 4883/4396/2650 4403/4397/2651 4404/4398/2469
f 4289/4239/2559 4402/4393/2647 4404/4398/2469 4291/4241/2469
f 4404/4398/2469 4403/4397/2651 5076/4399/2652 4628/4400/2653 4884/4401/2654 4405/4402/2655 4406/4403/2469
f 4291/4241/2469 4404/4398/2469 4406/4403/2469 4293/4243/2472
f 4406/4403/2469 4405/4402/2655 5077/4404/2656 4629/4405/2657 4885/4406/2658 4407/4407/2659 4408/4408/2472
f 4293/4243/2472 4406/4403/2469 4408/4408/2472 4295/4245/2474
f 4408/4408/2472 4407/4407/2659 5078/4409/2660 4630/4410/2661 4886/4411/2662 4409/4412/2663 4410/4413/2664
f 4295/4245/2474 4408/4408/2472 4410/4413/2664 4297/4247/2474
f 4410/4413/2664 4409/4412/2663 5079/4414/2665 4631/4415/2666 4887/4416/2667 4411/4417/2668 4412/4418/2669
f 4297/4247/2474 4410/4413/2664 4412/4418/2669 4299/4249/2476
f 4412/4418/2669 4411/4417/2668 5080/4419/2670 4632/4420/2671 4888/4421/2672 4413/4422/2673 4414/4423/2476
f 4299/4249/2476 4412/4418/2669 4414/4423/2476 4301/4251/2476
f 4415/4424/2674 4416/4425/2675 4414/4423/2476 4413/4422/2673 5081/4426/2676 4633/4427/2677 4889/4428/2678
f 4301/4251/2476 4414/4423/2476 4416/4425/2675 4303/4253/2476
f 4417/4429/2679 4418/4430/2478 4416/4425/2675 4415/4424/2674 5082/4431/2680 4634/4432/2681 4890/4433/2682
f 4303/4253/2476 4416/4425/2675 4418/4430/2478 4305/4255/2329
f 4419/4434/2683 4420/4435/2480 4418/4430/2478 4417/4429/2679 5083/4436/2684 4635/4437/2685 4891/4438/2686
f 4305/4255/2329 4418/4430/2478 4420/4435/2480 4307/4257/2480
f 4421/4439/2687 4422/4440/2688 4420/4435/2480 4419/4434/2683 5084/4441/2689 4636/4442/2690 4892/4443/2691
f 4307/4257/2480 4420/4435/2480 4422/4440/2688 4309/4259/2480
f 4423/4444/2692 4424/4445/2482 4422/4440/2688 4421/4439/2687 5085/4446/2693 4637/4447/2694 4893/4448/2695
f 4309/4259/2480 4422/4440/2688 4424/4445/2482 4311/4261/2562
f 4425/4449/2696 4426/4450/2697 4424/4445/2482 4423/4444/2692 5086/4451/2698 4638/4452/2699 4894/4453/2700
f 4311/4261/2562 4424/4445/2482 4426/4450/2697 4313/4263/2562
f 4427/4454/2701 4428/4455/2487 4426/4450/2697 4425/4449/2696 5087/4456/2702 4639/4457/2703 4895/4458/2704
f 4313/4263/2562 4426/4450/2697 4428/4455/2487 4315/4265/2487
f 4429/4459/2705 4430/4460/2489 4428/4455/2487 4427/4454/2701 5088/4461/2706 4640/4462/2707 4896/4463/2708
f 4315/4265/2487 4428/4455/2487 4430/4460/2489 4317/4267/2489
f 4431/4464/2709 4432/4465/2565 4430/4460/2489 4429/4459/2705 5089/4466/2710 4641/4467/2711 4897/4468/2712
f 4432/4465/2565 4319/4269/2565 4317/4267/2489 4430/4460/2489
f 4432/4465/2565 4431/4464/2709 5090/4469/2713 4642/4470/2714 4898/4471/2715 4433/4472/2716 4434/4473/2717
f 4434/4473/2717 4321/4271/2567 4319/4269/2565 4432/4465/2565
f 4434/4473/2717 4433/4472/2716 5091/4474/2718 4643/4475/2719 4899/4476/2720 4435/4477/2721 4436/4478/2497
f 4436/4478/2497 4323/4273/2495 4321/4271/2567 4434/4473/2717
f 4436/4478/2497 4435/4477/2721 5092/4479/2722 4644/4480/2723 4900/4481/2724 4437/4482/2725 4438/4483/2497
f 4438/4483/2497 4325/4275/2499 4323/4273/2495 4436/4478/2497
f 4438/4483/2497 4437/4482/2725 5093/4484/2726 4645/4485/2727 4901/4486/2728 4439/4487/2729 4440/4488/2499
f 4440/4488/2499 4327/4277/2501 4325/4275/2499 4438/4483/2497
f 4440/4488/2499 4439/4487/2729 5094/4489/2730 4646/4490/2731 4902/4491/2732 4441/4492/2733 4442/4493/2734
f 4442/4493/2734 4329/4279/2501 4327/4277/2501 4440/4488/2499
f 4442/4493/2734 4441/4492/2733 5095/4494/2735 4647/4495/2736 4903/4496/2737 4443/4497/2738 4444/4498/2739
f 4444/4498/2739 4331/4281/2503 4329/4279/2501 4442/4493/2734
f 4444/4498/2739 4443/4497/2738 5096/4499/2740 4648/4500/2741 4904/4501/2742 4445/4502/2743 4446/4503/2503
f 4446/4503/2503 4333/4283/2503 4331/4281/2503 4444/4498/2739
f 4446/4503/2503 4445/4502/2743 5097/4504/2744 4649/4505/2745 4905/4506/2746 4447/4507/2747 4448/4508/2748
f 4333/4283/2503 4446/4503/2503 4448/4508/2748 4335/4285/2503
f 4448/4508/2748 4447/4507/2747 5098/4509/2749 4650/4510/2750 4906/4511/2751 4449/4512/2752 4450/4513/2753
f 4335/4285/2503 4448/4508/2748 4450/4513/2753 4337/4287/2573
f 4450/4513/2753 4449/4512/2752 5099/4514/2754 4651/4515/2755 4907/4516/2756 4451/4517/2757 4452/4518/2369
f 4337/4287/2573 4450/4513/2753 4452/4518/2369 4339/4289/2509
f 4452/4518/2369 4451/4517/2757 5100/4519/2758 4652/4520/2759 4908/4521/2760 4453/4522/2761 4454/4523/2762
f 4339/4289/2509 4452/4518/2369 4454/4523/2762 4341/4291/2575
f 4454/4523/2762 4453/4522/2761 5101/4524/2763 4653/4525/2764 4909/4526/2765 4455/4527/2766 4456/4528/2509
f 4341/4291/2575 4454/4523/2762 4456/4528/2509 4343/4293/2509
f 4456/4528/2509 4455/4527/2766 5102/4529/2767 4654/4530/2768 4910/4531/2769 4457/4532/2770 4458/4533/2771
f 4343/4293/2509 4456/4528/2509 4458/4533/2771 4345/4295/2576
f 4458/4533/2771 4457/4532/2770 5103/4534/2772 4655/4535/2773 4911/4536/2774 4459/4537/2775 4460/4538/2514
f 4345/4295/2576 4458/4533/2771 4460/4538/2514 4347/4297/2514
f 4460/4538/2514 4459/4537/2775 5104/4539/2776 4656/4540/2777 4912/4541/2778 4461/4542/2779 4462/4543/2516
f 4347/4297/2514 4460/4538/2514 4462/4543/2516 4349/4299/2516
f 4462/4543/2516 4461/4542/2779 5105/4544/2780 4657/4545/2781 4913/4546/2782 4463/4547/2783 4464/4548/2784
f 4349/4299/2516 4462/4543/2516 4464/4548/2784 4351/4301/2518
f 4464/4548/2784 4463/4547/2783 5106/4549/2785 4658/4550/2786 4914/4551/2787 4465/4552/2788 4466/4553/2789
f 4351/4301/2518 4464/4548/2784 4466/4553/2789 4353/4303/2580
f 4466/4553/2789 4465/4552/2788 5107/4554/2790 4659/4555/2791 4915/4556/2792 4467/4557/2793 4468/4558/2794
f 4353/4303/2580 4466/4553/2789 4468/4558/2794 4355/4305/2522
f 4468/4558/2794 4467/4557/2793 5108/4559/2795 4660/4560/2796 4916/4561/2797 4469/4562/2798 4470/4563/2395
f 4355/4305/2522 4468/4558/2794 4470/4563/2395 4357/4307/2522
f 4470/4563/2395 4469/4562/2798 5109/4564/2799 4661/4565/2800 4917/4566/2801 4471/4567/2802 4472/4568/2525
f 4357/4307/2522 4470/4563/2395 4472/4568/2525 4359/4309/2525
f 4472/4568/2525 4471/4567/2802 5110/4569/2803 4662/4570/2804 4918/4571/2805 4473/4572/2806 4474/4573/2807
f 4359/4309/2525 4472/4568/2525 4474/4573/2807 4361/4311/2531
f 4474/4573/2807 4473/4572/2806 5111/4574/2808 4663/4575/2809 4919/4576/2810 4475/4577/2811 4476/4578/2812
f 4361/4311/2531 4474/4573/2807 4476/4578/2812 4363/4313/2531
f 4476/4578/2812 4475/4577/2811 5112/4579/2813 4664/4580/2814 4920/4581/2815 4477/4582/2816 4478/4583/2529
f 4363/4313/2531 4476/4578/2812 4478/4583/2529 4365/4315/2529
f 4479/4584/2817 4480/4585/2818 4478/4583/2529 4477/4582/2816 5113/4586/2819 4665/4587/2820 4921/4588/2821
f 4480/4585/2818 4367/4317/2529 4365/4315/2529 4478/4583/2529
f 4376/4325/2588 4374/4324/2587 4480/4585/2818 4479/4584/2817 5114/4589/2822 4666/4590/2823 4922/4591/2824
f 4377/4333/2595 4379/4332/2449 4260/4203/2447 4258/4202/2545 4923/4592/2825 4667/4593/2826 5115/4594/2827
f 4374/4324/2587 4369/4319/2586 4367/4317/2529 4480/4585/2818
f 4256/4197/2540 4254/4196/2539 4373/4323/2401 4375/4329/2592 5116/4595/2828 4668/4596/2829 4924/4597/2830
f 4254/4196/2539 4252/4194/2401 4371/4321/2536 4373/4323/2401
f 4262/4209/2447 4260/4203/2447 4379/4332/2449 4265/4213/2451
f 4128/4067/2440 4126/4065/2433 4261/4210/2447 4263/4212/2445
f 4126/4065/2433 4124/4059/2433 4259/4204/2433 4261/4210/2447
f 4257/4205/2546 4259/4204/2433 4124/4059/2433 4122/4058/2432 4925/4598/2831 4669/4599/2832 5117/4600/2833
f 4120/4053/2427 4118/4052/2426 4253/4195/2536 4255/4201/2544 5118/4601/2834 4670/4602/2835 4926/4603/2836
f 4118/4052/2426 4116/4050/2425 4251/4193/2425 4253/4195/2536
f 4250/4192/2538 4245/4187/2535 4243/4185/2534 4372/4322/2535
f 4116/4050/2425 4114/4048/2424 4249/4191/2537 4251/4193/2425
f 4114/4048/2424 4112/4046/2422 4247/4189/2537 4249/4191/2537
f 4130/4069/2440 4128/4067/2440 4263/4212/2445 4133/4073/2445
f 3980/3911/2282 3978/3909/2290 4129/4070/2442 4131/4072/2444
f 3978/3909/2290 3976/3907/2288 4127/4068/2441 4129/4070/2442
f 3976/3907/2288 3974/3905/2282 4125/4066/2439 4127/4068/2441
f 3974/3905/2282 3972/3899/2282 4123/4060/2434 4125/4066/2439
f 4121/4061/2435 4123/4060/2434 3972/3899/2282 3970/3898/2281 4927/4604/2837 4671/4605/2838 5119/4606/2839
f 3969/3901/2284 3971/3900/2283 4117/4051/2420 4119/4057/2431 5120/4607/2840 4672/4608/2841 4928/4609/2842
f 3971/3900/2283 3973/3906/2283 4115/4049/2420 4117/4051/2420
f 3973/3906/2283 3975/3908/2289 4113/4047/2423 4115/4049/2420
f 3975/3908/2289 3977/3910/2291 4111/4045/2421 4113/4047/2423
f 4110/4043/2419 4105/4039/2415 4103/4037/2413 4248/4190/2536
f 3977/3910/2291 3979/3912/2283 4109/4044/2420 4111/4045/2421
f 3979/3912/2283 3981/3914/2293 4107/4041/2417 4109/4044/2420
f 4131/4072/2444 3985/3917/2296 3982/3913/2292 3980/3911/2282
f 4048/3982/2358 4050/3984/2360 4515/3984/2843 4514/3982/2844
f 3996/3928/2307 3998/3930/2309 4489/3930/2845 4488/3928/2846
f 4066/4000/2376 4068/4002/2378 4524/4002/2847 4523/4000/2848
f 4102/4036/2412 4104/4038/2414 4542/4038/2849 4541/4036/2850
f 4014/3947/2324 4016/3950/2326 4498/3950/2851 4497/3947/2852
f 4084/4018/2394 4086/4020/2396 4533/4020/2853 4532/4018/2854
f 4032/3966/2342 4034/3968/2344 4507/3968/2855 4506/3966/2856
f 4050/3984/2360 4052/3986/2362 4516/3986/2857 4515/3984/2843
f 3998/3930/2309 4000/3932/2310 4490/3932/2858 4489/3930/2845
f 4068/4002/2378 4070/4004/2380 4525/4004/2859 4524/4002/2847
f 4104/4038/2414 4106/4040/2416 4543/4040/2860 4542/4038/2849
f 4016/3950/2326 4018/3952/2328 4499/3952/2861 4498/3950/2851
f 4086/4020/2396 4088/4022/2398 4534/4022/2862 4533/4020/2853
f 4034/3968/2344 4036/3970/2346 4508/3970/2863 4507/3968/2855
f 3983/3916/2295 3984/3915/2294 4482/3915/2864 4481/3916/2865
f 4052/3986/2362 4054/3988/2364 4517/3988/2866 4516/3986/2857
f 4000/3932/2310 4002/3934/2312 4491/3934/2867 4490/3932/2858
f 4070/4004/2380 4072/4006/2382 4526/4006/2868 4525/4004/2859
f 4106/4040/2416 4108/4042/2418 4544/4042/2869 4543/4040/2860
f 4018/3952/2328 4020/3954/2330 4500/3954/2870 4499/3952/2861
f 4088/4022/2398 4090/4024/2400 4535/4024/2871 4534/4022/2862
f 4036/3970/2346 4038/3972/2348 4509/3972/2872 4508/3970/2863
f 3984/3915/2294 3986/3918/2297 4483/3918/2873 4482/3915/2864
f 4054/3988/2364 4056/3990/2366 4518/3990/2874 4517/3988/2866
f 4002/3934/2312 4004/3936/2314 4492/3936/2875 4491/3934/2867
f 4072/4006/2382 4074/4008/2384 4527/4008/2876 4526/4006/2868
f 4020/3954/2330 4022/3956/2332 4501/3956/2877 4500/3954/2870
f 4090/4024/2400 4092/4026/2402 4536/4026/2878 4535/4024/2871
f 4038/3972/2348 4040/3974/2350 4510/3974/2879 4509/3972/2872
f 3986/3918/2297 3988/3920/2299 4484/3920/2880 4483/3918/2873
f 4056/3990/2366 4058/3992/2368 4519/3992/2881 4518/3990/2874
f 4004/3936/2314 4006/3938/2316 4493/3938/2882 4492/3936/2875
f 4074/4008/2384 4076/4010/2386 4528/4010/2883 4527/4008/2876
f 4022/3956/2332 4024/3958/2334 4502/3958/2884 4501/3956/2877
f 4092/4026/2402 4094/4028/2404 4537/4028/2885 4536/4026/2878
f 4040/3974/2350 4042/3976/2352 4511/3976/2886 4510/3974/2879
f 3988/3920/2299 3990/3922/2301 4485/3922/2887 4484/3920/2880
f 4058/3992/2368 4060/3994/2370 4520/3994/2888 4519/3992/2881
f 4094/4028/2404 4096/4030/2406 4538/4030/2889 4537/4028/2885
f 4006/3938/2316 4008/3940/2318 4494/3940/2890 4493/3938/2882
f 4108/4042/2418 3983/3916/2295 4481/3916/2865 4544/4042/2869
f 4076/4010/2386 4078/4012/2388 4529/4012/2891 4528/4010/2883
f 4024/3958/2334 4026/3960/2336 4503/3960/2892 4502/3958/2884
f 4042/3976/2352 4044/3978/2354 4512/3978/2893 4511/3976/2886
f 3990/3922/2301 3992/3924/2303 4486/3924/2894 4485/3922/2887
f 4060/3994/2370 4062/3996/2372 4521/3996/2895 4520/3994/2888
f 4096/4030/2406 4098/4032/2408 4539/4032/2896 4538/4030/2889
f 4008/3940/2318 4010/3942/2320 4495/3942/2897 4494/3940/2890
f 4078/4012/2388 4080/4014/2390 4530/4014/2898 4529/4012/2891
f 4026/3960/2336 4028/3962/2338 4504/3962/2899 4503/3960/2892
f 4044/3978/2354 4046/3980/2356 4513/3980/2900 4512/3978/2893
f 3992/3924/2303 3994/3926/2305 4487/3926/2901 4486/3924/2894
f 4062/3996/2372 4064/3998/2374 4522/3998/2902 4521/3996/2895
f 4098/4032/2408 4100/4034/2410 4540/4034/2903 4539/4032/2896
f 4010/3942/2320 4012/3944/2322 4496/3944/2904 4495/3942/2897
f 4080/4014/2390 4082/4016/2392 4531/4016/2905 4530/4014/2898
f 4028/3962/2338 4030/3964/2340 4505/3964/2906 4504/3962/2899
f 4046/3980/2356 4048/3982/2358 4514/3982/2844 4513/3980/2900
f 3994/3926/2305 3996/3928/2307 4488/3928/2846 4487/3926/2901
f 4064/3998/2374 4066/4000/2376 4523/4000/2848 4522/3998/2902
f 4100/4034/2410 4102/4036/2412 4541/4036/2850 4540/4034/2903
f 4012/3944/2322 4014/3946/2324 4497/3946/2852 4496/3944/2904
f 4082/4016/2392 4084/4018/2394 4532/4018/2854 4531/4016/2905
f 4030/3964/2340 4032/3966/2342 4506/3966/2856 4505/3964/2906
f 4526/4006/2868 4527/4008/2876 4591/4008/2907 5166/4610/2908 4718/4611/2909 4974/4612/2910 4590/4006/2911
f 4500/3954/2870 4501/3956/2877 4565/3956/2912 5140/4613/2913 4692/4614/2914 4948/4615/2915 4564/3954/2916
f 4527/4008/2876 4528/4010/2883 4592/4010/2917 5167/4616/2918 4719/4617/2919 4975/4618/2920 4591/4008/2907
f 4501/3956/2877 4502/3958/2884 4566/3958/2921 5141/4619/2922 4693/4620/2923 4949/4621/2924 4565/3956/2912
f 4528/4010/2883 4529/4012/2891 4593/4012/2925 5168/4622/2926 4720/4623/2927 4976/4624/2928 4592/4010/2917
f 4502/3958/2884 4503/3960/2892 4567/3960/2929 5142/4625/2930 4694/4626/2931 4950/4627/2932 4566/3958/2921
f 4529/4012/2891 4530/4014/2898 4594/4014/2933 5169/4628/2934 4721/4629/2935 4977/4630/2936 4593/4012/2925
f 4503/3960/2892 4504/3962/2899 4568/3962/2937 5143/4631/2938 4695/4632/2939 4951/4633/2940 4567/3960/2929
f 4530/4014/2898 4531/4016/2905 4595/4016/2941 5170/4634/2942 4722/4635/2943 4978/4636/2944 4594/4014/2933
f 4504/3962/2899 4505/3964/2906 4569/3964/2945 5144/4637/2946 4696/4638/2947 4952/4639/2948 4568/3962/2937
f 4531/4016/2905 4532/4018/2854 4596/4018/2949 5171/4640/2950 4723/4641/2951 4979/4642/2952 4595/4016/2941
f 4505/3964/2906 4506/3966/2856 4570/3966/2953 5145/4643/2954 4697/4644/2955 4953/4645/2956 4569/3964/2945
f 4532/4018/2854 4533/4020/2853 4597/4020/2957 5172/4646/2958 4724/4647/2959 4980/4648/2960 4596/4018/2949
f 4506/3966/2856 4507/3968/2855 4571/3968/2961 5146/4649/2962 4698/4650/2963 4954/4651/2964 4570/3966/2953
f 4533/4020/2853 4534/4022/2862 4598/4022/2965 5173/4652/2966 4725/4653/2967 4981/4654/2968 4597/4020/2957
f 4507/3968/2855 4508/3970/2863 4572/3970/2969 5147/4655/2970 4699/4656/2971 4955/4657/2972 4571/3968/2961
f 4481/3916/2865 4482/3915/2864 4546/3915/2973 5121/4658/2974 4673/4659/2975 4929/4660/2976 4545/3916/2977
f 4534/4022/2862 4535/4024/2871 4599/4024/2978 5174/4661/2979 4726/4662/2980 4982/4663/2981 4598/4022/2965
f 4508/3970/2863 4509/3972/2872 4573/3972/2982 5148/4664/2983 4700/4665/2984 4956/4666/2985 4572/3970/2969
f 4482/3915/2864 4483/3918/2873 4547/3918/2986 5122/4667/2987 4674/4668/2988 4930/4669/2989 4546/3915/2973
f 4535/4024/2871 4536/4026/2878 4600/4026/2990 5175/4670/2991 4727/4671/2992 4983/4672/2993 4599/4024/2978
f 4509/3972/2872 4510/3974/2879 4574/3974/2994 5149/4673/2995 4701/4674/2996 4957/4675/2997 4573/3972/2982
f 4483/3918/2873 4484/3920/2880 4548/3920/2998 5123/4676/2999 4675/4677/3000 4931/4678/3001 4547/3918/2986
f 4536/4026/2878 4537/4028/2885 4601/4028/3002 5176/4679/3003 4728/4680/3004 4984/4681/3005 4600/4026/2990
f 4510/3974/2879 4511/3976/2886 4575/3976/3006 5150/4682/3007 4702/4683/3008 4958/4684/3009 4574/3974/2994
f 4484/3920/2880 4485/3922/2887 4549/3922/3010 5124/4685/3011 4676/4686/3012 4932/4687/3013 4548/3920/2998
f 4537/4028/2885 4538/4030/2889 4602/4030/3014 5177/4688/3015 4729/4689/3016 4985/4690/3017 4601/4028/3002
f 4511/3976/2886 4512/3978/2893 4576/3978/3018 5151/4691/3019 4703/4692/3020 4959/4693/3021 4575/3976/3006
f 4485/3922/2887 4486/3924/2894 4550/3924/3022 5125/4694/3023 4677/4695/3024 4933/4696/3025 4549/3922/3010
f 4538/4030/2889 4539/4032/2896 4603/4032/3026 5178/4697/3027 4730/4698/3028 4986/4699/3029 4602/4030/3014
f 4512/3978/2893 4513/3980/2900 4577/3980/3030 5152/4700/3031 4704/4701/3032 4960/4702/3033 4576/3978/3018
f 4486/3924/2894 4487/3926/2901 4551/3926/3034 5126/4703/3035 4678/4704/3036 4934/4705/3037 4550/3924/3022
f 4539/4032/2896 4540/4034/2903 4604/4034/3038 5179/4706/3039 4731/4707/3040 4987/4708/3041 4603/4032/3026
f 4513/3980/2900 4514/3982/2844 4578/3982/3042 5153/4709/3043 4705/4710/3044 4961/4711/3045 4577/3980/3030
f 4487/3926/2901 4488/3928/2846 4552/3928/3046 5127/4712/3047 4679/4713/3048 4935/4714/3049 4551/3926/3034
f 4540/4034/2903 4541/4036/2850 4605/4036/3050 5180/4715/3051 4732/4716/3052 4988/4717/3053 4604/4034/3038
f 4514/3982/2844 4515/3984/2843 4579/3984/3054 5154/4718/3055 4706/4719/3056 4962/4720/3057 4578/3982/3042
f 4488/3928/2846 4489/3930/2845 4553/3930/3058 5128/4721/3059 4680/4722/3060 4936/4723/3061 4552/3928/3046
f 4541/4036/2850 4542/4038/2849 4606/4038/3062 5181/4724/3063 4733/4725/3064 4989/4726/3065 4605/4036/3050
f 4515/3984/2843 4516/3986/2857 4580/3986/3066 5155/4727/3067 4707/4728/3068 4963/4729/3069 4579/3984/3054
f 4489/3930/2845 4490/3932/2858 4554/3932/3070 5129/4730/3071 4681/4731/3072 4937/4732/3073 4553/3930/3058
f 4542/4038/2849 4543/4040/2860 4607/4040/3074 5182/4733/3075 4734/4734/3076 4990/4735/3077 4606/4038/3062
f 4516/3986/2857 4517/3988/2866 4581/3988/3078 5156/4736/3079 4708/4737/3080 4964/4738/3081 4580/3986/3066
f 4490/3932/2858 4491/3934/2867 4555/3934/3082 5130/4739/3083 4682/4740/3084 4938/4741/3085 4554/3932/3070
f 4543/4040/2860 4544/4042/2869 4608/4042/3086 5183/4742/3087 4735/4743/3088 4991/4744/3089 4607/4040/3074
f 4517/3988/2866 4518/3990/2874 4582/3990/3090 5157/4745/3091 4709/4746/3092 4965/4747/3093 4581/3988/3078
f 4491/3934/2867 4492/3936/2875 4556/3936/3094 5131/4748/3095 4683/4749/3096 4939/4750/3097 4555/3934/3082
f 4544/4042/2869 4481/3916/2865 4545/3916/2977 5184/4751/3098 4736/4752/3099 4992/4753/3100 4608/4042/3086
f 4518/3990/2874 4519/3992/2881 4583/3992/3101 5158/4754/3102 4710/4755/3103 4966/4756/3104 4582/3990/3090
f 4492/3936/2875 4493/3938/2882 4557/3938/3105 5132/4757/3106 4684/4758/3107 4940/4759/3108 4556/3936/3094
f 4519/3992/2881 4520/3994/2888 4584/3994/3109 5159/4760/3110 4711/4761/3111 4967/4762/3112 4583/3992/3101
f 4493/3938/2882 4494/3940/2890 4558/3940/3113 5133/4763/3114 4685/4764/3115 4941/4765/3116 4557/3938/3105
f 4520/3994/2888 4521/3996/2895 4585/3996/3117 5160/4766/3118 4712/4767/3119 4968/4768/3120 4584/3994/3109
f 4494/3940/2890 4495/3942/2897 4559/3942/3121 5134/4769/3122 4686/4770/3123 4942/4771/3124 4558/3940/3113
f 4521/3996/2895 4522/3998/2902 4586/3998/3125 5161/4772/3126 4713/4773/3127 4969/4774/3128 4585/3996/3117
f 4495/3942/2897 4496/3944/2904 4560/3944/3129 5135/4775/3130 4687/4776/3131 4943/4777/3132 4559/3942/3121
f 4522/3998/2902 4523/4000/2848 4587/4000/3133 5162/4778/3134 4714/4779/3135 4970/4780/3136 4586/3998/3125
f 4496/3944/2904 4497/3946/2852 4561/3946/3137 5136/4781/3138 4688/4782/3139 4944/4783/3140 4560/3944/3129
f 4523/4000/2848 4524/4002/2847 4588/4002/3141 5163/4784/3142 4715/4785/3143 4971/4786/3144 4587/4000/3133
f 4497/3947/2852 4498/3950/2851 4562/3950/3145 5137/4787/3146 4689/4788/3147 4945/4789/3148 4561/3947/3137
f 4524/4002/2847 4525/4004/2859 4589/4004/3149 5164/4790/3150 4716/4791/3151 4972/4792/3152 4588/4002/3141
f 4498/3950/2851 4499/3952/2861 4563/3952/3153 5138/4793/3154 4690/4794/3155 4946/4795/3156 4562/3950/3145
f 4525/4004/2859 4526/4006/2868 4590/4006/2911 5165/4796/3157 4717/4797/3158 4973/4798/3159 4589/4004/3149
f 4499/3952/2861 4500/3954/2870 4564/3954/2916 5139/4799/3160 4691/4800/3161 4947/4801/3162 4563/3952/3153
f 5760/4802/3163 4994/4803/3164 4121/4061/2435 5119/4606/2839
f 5759/4804/3165 4995/4805/3166 4122/4058/2432 5059/4064/2438
f 5758/4806/3167 4996/4807/3168 4257/4205/2546 5117/4600/2833
f 5757/4808/3169 4997/4809/3170 4258/4202/2545 5061/4208/2549
f 5756/4810/3171 4998/4811/3172 4377/4333/2595 5115/4594/2827
f 5755/4812/3173 4999/4813/3174 4378/4330/2593 5063/4336/2598
f 5754/4814/3175 5000/4815/3176 4381/4337/2599 4872/4341/2602
f 5753/4816/3177 5001/4817/3178 4383/4345/2606 4873/4344/2605
f 5752/4818/3179 5002/4819/3180 4385/4350/2611 4874/4349/2610
f 5751/4820/3181 5003/4821/3182 4387/4355/2616 4875/4354/2615
f 5750/4822/3183 5004/4823/3184 4389/4360/2620 4876/4359/2619
f 5749/4824/3185 5005/4825/3186 4391/4365/2625 4877/4364/2624
f 5748/4826/3187 5006/4827/3188 4393/4370/2629 4878/4369/2628
f 5747/4828/3189 5007/4829/3190 4395/4375/2634 4879/4374/2633
f 5746/4830/3191 5008/4831/3192 4397/4380/2638 4880/4379/2637
f 5745/4832/3193 5009/4833/3194 4399/4387/2642 4881/4386/2641
f 5744/4834/3195 5010/4835/3196 4401/4392/2646 4882/4391/2645
f 5743/4836/3197 5011/4837/3198 4403/4397/2651 4883/4396/2650
f 5742/4838/3199 5012/4839/3200 4405/4402/2655 4884/4401/2654
f 5741/4840/3201 5013/4841/3202 4407/4407/2659 4885/4406/2658
f 5740/4842/3203 5014/4843/3204 4409/4412/2663 4886/4411/2662
f 5739/4844/3205 5015/4845/3206 4411/4417/2668 4887/4416/2667
f 5738/4846/3207 5016/4847/3208 4413/4422/2673 4888/4421/2672
f 5737/4848/3209 5017/4849/3210 4415/4424/2674 4889/4428/2678
f 5736/4850/3211 5018/4851/3212 4417/4429/2679 4890/4433/2682
f 5735/4852/3213 5019/4853/3214 4419/4434/2683 4891/4438/2686
f 5734/4854/3215 5020/4855/3216 4421/4439/2687 4892/4443/2691
f 5733/4856/3217 5021/4857/3218 4423/4444/2692 4893/4448/2695
f 5732/4858/3219 5022/4859/3220 4425/4449/2696 4894/4453/2700
f 5731/4860/3221 5023/4861/3222 4427/4454/2701 4895/4458/2704
f 5730/4862/3223 5024/4863/3224 4429/4459/2705 4896/4463/2708
f 5729/4864/3225 5025/4865/3226 4431/4464/2709 4897/4468/2712
f 5728/4866/3227 5026/4867/3228 4433/4472/2716 4898/4471/2715
f 5727/4868/3229 5027/4869/3230 4435/4477/2721 4899/4476/2720
f 5726/4870/3231 5028/4871/3232 4437/4482/2725 4900/4481/2724
f 5725/4872/3233 5029/4873/3234 4439/4487/2729 4901/4486/2728
f 5724/4874/3235 5030/4875/3236 4441/4492/2733 4902/4491/2732
f 5723/4876/3237 5031/4877/3238 4443/4497/2738 4903/4496/2737
f 5722/4878/3239 5032/4879/3240 4445/4502/2743 4904/4501/2742
f 5721/4880/3241 5033/4881/3242 4447/4507/2747 4905/4506/2746
f 5720/4882/3243 5034/4883/3244 4449/4512/2752 4906/4511/2751
f 5719/4884/3245 5035/4885/3246 4451/4517/2757 4907/4516/2756
f 5718/4886/3247 5036/4887/3248 4453/4522/2761 4908/4521/2760
f 5717/4888/3249 5037/4889/3250 4455/4527/2766 4909/4526/2765
f 5716/4890/3251 5038/4891/3252 4457/4532/2770 4910/4531/2769
f 5715/4892/3253 5039/4893/3254 4459/4537/2775 4911/4536/2774
f 5714/4894/3255 5040/4895/3256 4461/4542/2779 4912/4541/2778
f 5713/4896/3257 5041/4897/3258 4463/4547/2783 4913/4546/2782
f 5712/4898/3259 5042/4899/3260 4465/4552/2788 4914/4551/2787
f 5711/4900/3261 5043/4901/3262 4467/4557/2793 4915/4556/2792
f 5710/4902/3263 5044/4903/3264 4469/4562/2798 4916/4561/2797
f 5709/4904/3265 5045/4905/3266 4471/4567/2802 4917/4566/2801
f 5708/4906/3267 5046/4907/3268 4473/4572/2806 4918/4571/2805
f 5707/4908/3269 5047/4909/3270 4475/4577/2811 4919/4576/2810
f 5706/4910/3271 5048/4911/3272 4477/4582/2816 4920/4581/2815
f 5705/4912/3273 5049/4913/3274 4479/4584/2817 4921/4588/2821
f 5704/4914/3275 5050/4915/3276 4376/4325/2588 4922/4591/2824
f 5703/4916/3277 5051/4917/3278 4375/4329/2592 4870/4328/2591
f 5702/4918/3279 5052/4919/3280 4256/4197/2540 4924/4597/2830
f 5701/4920/3281 5053/4921/3282 4255/4201/2544 4868/4200/2543
f 5700/4922/3283 5054/4923/3284 4120/4053/2427 4926/4603/2836
f 5699/4924/3285 5055/4925/3286 4119/4057/2431 4866/4056/2430
f 5698/4926/3287 5056/4927/3288 3969/3901/2284 4928/4609/2842
f 5697/4928/3289 5185/4929/3290 3970/3898/2281 5057/3904/2287
f 5696/4930/3291 5249/4931/3292 4609/3903/2286 4865/3902/2285
f 5695/4932/3293 5250/4933/3294 4801/4934/3295 5251/4935/3296
f 5694/4936/3297 4993/4937/3298 4737/4938/3299 5252/4939/3300
f 5693/4940/3301 5253/4941/3302 4672/4608/2841 5120/4607/2840
f 5692/4942/3303 5254/4943/3304 4802/4944/3305 5255/4945/3306
f 5691/4946/3307 5248/4947/3308 4800/4948/3309 5256/4949/3310
f 5690/4950/3311 5257/4951/3312 4610/4055/2429 5058/4054/2428
f 5689/4952/3313 5258/4953/3314 4803/4954/3315 5259/4955/3316
f 5688/4956/3317 5247/4957/3318 4799/4958/3319 5260/4959/3320
f 5687/4960/3321 5261/4961/3322 4670/4602/2835 5118/4601/2834
f 5686/4962/3323 5262/4963/3324 4804/4964/3325 5263/4965/3326
f 5685/4966/3327 5246/4967/3328 4798/4968/3329 5264/4969/3330
f 5684/4970/3331 5265/4971/3332 4612/4199/2542 5060/4198/2541
f 5683/4972/3333 5266/4973/3334 4805/4974/3335 5267/4975/3336
f 5682/4976/3337 5245/4977/3338 4797/4978/3339 5268/4979/3340
f 5681/4980/3341 5269/4981/3342 4668/4596/2829 5116/4595/2828
f 5680/4982/3343 5270/4983/3344 4806/4984/3345 5271/4985/3346
f 5679/4986/3347 5244/4987/3348 4796/4988/3349 5272/4989/3350
f 5678/4990/3351 5273/4991/3352 4614/4327/2590 5062/4326/2589
f 5677/4992/3353 5274/4993/3354 4807/4994/3355 5275/4995/3356
f 5676/4996/3357 5243/4997/3358 4795/4998/3359 5276/4999/3360
f 5675/5000/3361 5277/5001/3362 4666/4590/2823 5114/4589/2822
f 5674/5002/3363 5278/5003/3364 4808/5004/3365 5279/5005/3366
f 5673/5006/3367 5242/5007/3368 4794/5008/3369 5280/5009/3370
f 5672/5010/3371 5281/5011/3372 4665/4587/2820 5113/4586/2819
f 5671/5012/3373 5282/5013/3374 4809/5014/3375 5283/5015/3376
f 5670/5016/3377 5241/5017/3378 4793/5018/3379 5284/5019/3380
f 5669/5020/3381 5285/5021/3382 4664/4580/2814 5112/4579/2813
f 5668/5022/3383 5286/5023/3384 4810/5024/3385 5287/5025/3386
f 5667/5026/3387 5240/5027/3388 4792/5028/3389 5288/5029/3390
f 5666/5030/3391 5289/5031/3392 4663/4575/2809 5111/4574/2808
f 5665/5032/3393 5290/5033/3394 4811/5034/3395 5291/5035/3396
f 5664/5036/3397 5239/5037/3398 4791/5038/3399 5292/5039/3400
f 5663/5040/3401 5293/5041/3402 4662/4570/2804 5110/4569/2803
f 5662/5042/3403 5294/5043/3404 4812/5044/3405 5295/5045/3406
f 5661/5046/3407 5238/5047/3408 4790/5048/3409 5296/5049/3410
f 5660/5050/3411 5297/5051/3412 4661/4565/2800 5109/4564/2799
f 5659/5052/3413 5298/5053/3414 4813/5054/3415 5299/5055/3416
f 5658/5056/3417 5237/5057/3418 4789/5058/3419 5300/5059/3420
f 5657/5060/3421 5301/5061/3422 4660/4560/2796 5108/4559/2795
f 5656/5062/3423 5302/5063/3424 4814/5064/3425 5303/5065/3426
f 5655/5066/3427 5236/5067/3428 4788/5068/3429 5304/5069/3430
f 5654/5070/3431 5305/5071/3432 4659/4555/2791 5107/4554/2790
f 5653/5072/3433 5306/5073/3434 4815/5074/3435 5307/5075/3436
f 5652/5076/3437 5235/5077/3438 4787/5078/3439 5308/5079/3440
f 5651/5080/3441 5309/5081/3442 4658/4550/2786 5106/4549/2785
f 5650/5082/3443 5310/5083/3444 4816/5084/3445 5311/5085/3446
f 5649/5086/3447 5234/5087/3448 4786/5088/3449 5312/5089/3450
f 5648/5090/3451 5313/5091/3452 4657/4545/2781 5105/4544/2780
f 5647/5092/3453 5314/5093/3454 4817/5094/3455 5315/5095/3456
f 5646/5096/3457 5233/5097/3458 4785/5098/3459 5316/5099/3460
f 5645/5100/3461 5317/5101/3462 4656/4540/2777 5104/4539/2776
f 5644/5102/3463 5318/5103/3464 4818/5104/3465 5319/5105/3466
f 5643/5106/3467 5232/5107/3468 4784/5108/3469 5320/5109/3470
f 5642/5110/3471 5321/5111/3472 4655/4535/2773 5103/4534/2772
f 5641/5112/3473 5322/5113/3474 4819/5114/3475 5323/5115/3476
f 5640/5116/3477 5231/5117/3478 4783/5118/3479 5324/5119/3480
f 5639/5120/3481 5325/5121/3482 4654/4530/2768 5102/4529/2767
f 5638/5122/3483 5326/5123/3484 4820/5124/3485 5327/5125/3486
f 5637/5126/3487 5230/5127/3488 4782/5128/3489 5328/5129/3490
f 5636/5130/3491 5329/5131/3492 4653/4525/2764 5101/4524/2763
f 5635/5132/3493 5330/5133/3494 4821/5134/3495 5331/5135/3496
f 5634/5136/3497 5229/5137/3498 4781/5138/3499 5332/5139/3500
f 5633/5140/3501 5333/5141/3502 4652/4520/2759 5100/4519/2758
f 5632/5142/3503 5334/5143/3504 4822/5144/3505 5335/5145/3506
f 5631/5146/3507 5228/5147/3508 4780/5148/3509 5336/5149/3510
f 5630/5150/3511 5337/5151/3512 4651/4515/2755 5099/4514/2754
f 5629/5152/3513 5338/5153/3514 4823/5154/3515 5339/5155/3516
f 5628/5156/3517 5227/5157/3518 4779/5158/3519 5340/5159/3520
f 5627/5160/3521 5341/5161/3522 4650/4510/2750 5098/4509/2749
f 5626/5162/3523 5342/5163/3524 4824/5164/3525 5343/5165/3526
f 5625/5166/3527 5226/5167/3528 4778/5168/3529 5344/5169/3530
f 5624/5170/3531 5345/5171/3532 4649/4505/2745 5097/4504/2744
f 5623/5172/3533 5346/5173/3534 4825/5174/3535 5347/5175/3536
f 5622/5176/3537 5225/5177/3538 4777/5178/3539 5348/5179/3540
f 5621/5180/3541 5349/5181/3542 4648/4500/2741 5096/4499/2740
f 5620/5182/3543 5350/5183/3544 4826/5184/3545 5351/5185/3546
f 5619/5186/3547 5224/5187/3548 4776/5188/3549 5352/5189/3550
f 5618/5190/3551 5353/5191/3552 4647/4495/2736 5095/4494/2735
f 5617/5192/3553 5354/5193/3554 4827/5194/3555 5355/5195/3556
f 5616/5196/3557 5223/5197/3558 4775/5198/3559 5356/5199/3560
f 5615/5200/3561 5357/5201/3562 4646/4490/2731 5094/4489/2730
f 5614/5202/3563 5358/5203/3564 4828/5204/3565 5359/5205/3566
f 5613/5206/3567 5222/5207/3568 4774/5208/3569 5360/5209/3570
f 5612/5210/3571 5361/5211/3572 4645/4485/2727 5093/4484/2726
f 5611/5212/3573 5362/5213/3574 4829/5214/3575 5363/5215/3576
f 5610/5216/3577 5221/5217/3578 4773/5218/3579 5364/5219/3580
f 5609/5220/3581 5365/5221/3582 4644/4480/2723 5092/4479/2722
f 5608/5222/3583 5366/5223/3584 4830/5224/3585 5367/5225/3586
f 5607/5226/3587 5220/5227/3588 4772/5228/3589 5368/5229/3590
f 5606/5230/3591 5369/5231/3592 4643/4475/2719 5091/4474/2718
f 5605/5232/3593 5370/5233/3594 4831/5234/3595 5371/5235/3596
f 5604/5236/3597 5219/5237/3598 4771/5238/3599 5372/5239/3600
f 5603/5240/3601 5373/5241/3602 4642/4470/2714 5090/4469/2713
f 5602/5242/3603 5374/5243/3604 4832/5244/3605 5375/5245/3606
f 5601/5246/3607 5218/5247/3608 4770/5248/3609 5376/5249/3610
f 5600/5250/3611 5377/5251/3612 4641/4467/2711 5089/4466/2710
f 5599/5252/3613 5378/5253/3614 4833/5254/3615 5379/5255/3616
f 5598/5256/3617 5217/5257/3618 4769/5258/3619 5380/5259/3620
f 5597/5260/3621 5381/5261/3622 4640/4462/2707 5088/4461/2706
f 5596/5262/3623 5382/5263/3624 4834/5264/3625 5383/5265/3626
f 5595/5266/3627 5216/5267/3628 4768/5268/3629 5384/5269/3630
f 5594/5270/3631 5385/5271/3632 4639/4457/2703 5087/4456/2702
f 5593/5272/3633 5386/5273/3634 4835/5274/3635 5387/5275/3636
f 5592/5276/3637 5215/5277/3638 4767/5278/3639 5388/5279/3640
f 5591/5280/3641 5389/5281/3642 4638/4452/2699 5086/4451/2698
f 5590/5282/3643 5390/5283/3644 4836/5284/3645 5391/5285/3646
f 5589/5286/3647 5214/5287/3648 4766/5288/3649 5392/5289/3650
f 5588/5290/3651 5393/5291/3652 4637/4447/2694 5085/4446/2693
f 5587/5292/3653 5394/5293/3654 4837/5294/3655 5395/5295/3656
f 5586/5296/3657 5213/5297/3658 4765/5298/3659 5396/5299/3660
f 5585/5300/3661 5397/5301/3662 4636/4442/2690 5084/4441/2689
f 5584/5302/3663 5398/5303/3664 4838/5304/3665 5399/5305/3666
f 5583/5306/3667 5212/5307/3668 4764/5308/3669 5400/5309/3670
f 5582/5310/3671 5401/5311/3672 4635/4437/2685 5083/4436/2684
f 5581/5312/3673 5402/5313/3674 4839/5314/3675 5403/5315/3676
f 5580/5316/3677 5211/5317/3678 4763/5318/3679 5404/5319/3680
f 5579/5320/3681 5405/5321/3682 4634/4432/2681 5082/4431/2680
f 5578/5322/3683 5406/5323/3684 4840/5324/3685 5407/5325/3686
f 5577/5326/3687 5210/5327/3688 4762/5328/3689 5408/5329/3690
f 5576/5330/3691 5409/5331/3692 4633/4427/2677 5081/4426/2676
f 5575/5332/3693 5410/5333/3694 4841/5334/3695 5411/5335/3696
f 5574/5336/3697 5209/5337/3698 4761/5338/3699 5412/5339/3700
f 5573/5340/3701 5413/5341/3702 4632/4420/2671 5080/4419/2670
f 5572/5342/3703 5414/5343/3704 4842/5344/3705 5415/5345/3706
f 5571/5346/3707 5208/5347/3708 4760/5348/3709 5416/5349/3710
f 5570/5350/3711 5417/5351/3712 4631/4415/2666 5079/4414/2665
f 5569/5352/3713 5418/5353/3714 4843/5354/3715 5419/5355/3716
f 5568/5356/3717 5207/5357/3718 4759/5358/3719 5420/5359/3720
f 5567/5360/3721 5421/5361/3722 4630/4410/2661 5078/4409/2660
f 5566/5362/3723 5422/5363/3724 4844/5364/3725 5423/5365/3726
f 5565/5366/3727 5206/5367/3728 4758/5368/3729 5424/5369/3730
f 5564/5370/3731 5425/5371/3732 4629/4405/2657 5077/4404/2656
f 5563/5372/3733 5426/5373/3734 4845/5374/3735 5427/5375/3736
f 5562/5376/3737 5205/5377/3738 4757/5378/3739 5428/5379/3740
f 5561/5380/3741 5429/5381/3742 4628/4400/2653 5076/4399/2652
f 5560/5382/3743 5430/5383/3744 4846/5384/3745 5431/5385/3746
f 5559/5386/3747 5204/5387/3748 4756/5388/3749 5432/5389/3750
f 5558/5390/3751 5433/5391/3752 4627/4395/2649 5075/4394/2648
f 5557/5392/3753 5434/5393/3754 4847/5394/3755 5435/5395/3756
f 5556/5396/3757 5203/5397/3758 4755/5398/3759 5436/5399/3760
f 5555/5400/3761 5437/5401/3762 4626/4390/2644 5074/4389/2643
f 5554/5402/3763 5438/5403/3764 4848/5404/3765 5439/5405/3766
f 5553/5406/3767 5202/5407/3768 4754/5408/3769 5440/5409/3770
f 5552/5410/3771 5441/5411/3772 4625/4385/2640 5073/4384/2639
f 5551/5412/3773 5442/5413/3774 4849/5414/3775 5443/5415/3776
f 5550/5416/3777 5201/5417/3778 4753/5418/3779 5444/5419/3780
f 5549/5420/3781 5445/5421/3782 4624/4378/2636 5072/4377/2635
f 5548/5422/3783 5446/5423/3784 4850/5424/3785 5447/5425/3786
f 5547/5426/3787 5200/5427/3788 4752/5428/3789 5448/5429/3790
f 5546/5430/3791 5449/5431/3792 4623/4373/2632 5071/4372/2631
f 5545/5432/3793 5450/5433/3794 4851/5434/3795 5451/5435/3796
f 5544/5436/3797 5199/5437/3798 4751/5438/3799 5452/5439/3800
f 5543/5440/3801 5453/5441/3802 4622/4368/2627 5070/4367/2626
f 5542/5442/3803 5454/5443/3804 4852/5444/3805 5455/5445/3806
f 5541/5446/3807 5198/5447/3808 4750/5448/3809 5456/5449/3810
f 5540/5450/3811 5457/5451/3812 4621/4363/2623 5069/4362/2622
f 5539/5452/3813 5458/5453/3814 4853/5454/3815 5459/5455/3816
f 5538/5456/3817 5197/5457/3818 4749/5458/3819 5460/5459/3820
f 5537/5460/3821 5461/5461/3822 4620/4358/2618 5068/4357/2617
f 5536/5462/3823 5462/5463/3824 4854/5464/3825 5463/5465/3826
f 5535/5466/3827 5196/5467/3828 4748/5468/3829 5464/5469/3830
f 5534/5470/3831 5465/5471/3832 4619/4353/2614 5067/4352/2613
f 5533/5472/3833 5466/5473/3834 4855/5474/3835 5467/5475/3836
f 5532/5476/3837 5195/5477/3838 4747/5478/3839 5468/5479/3840
f 5531/5480/3841 5469/5481/3842 4618/4348/2609 5066/4347/2608
f 5530/5482/3843 5470/5483/3844 4856/5484/3845 5471/5485/3846
f 5529/5486/3847 5194/5487/3848 4746/5488/3849 5472/5489/3850
f 5528/5490/3851 5473/5491/3852 4617/4343/2604 5065/4342/2603
f 5527/5492/3853 5474/5493/3854 4857/5494/3855 5475/5495/3856
f 5526/5496/3857 5193/5497/3858 4745/5498/3859 5476/5499/3860
f 5525/5500/3861 5477/5501/3862 4616/4340/2601 5064/4339/2600
f 5524/5502/3863 5478/5503/3864 4858/5504/3865 5479/5505/3866
f 5523/5506/3867 5192/5507/3868 4744/5508/3869 5480/5509/3870
f 5522/5510/3871 5481/5511/3872 4615/4335/2597 4871/4334/2596
f 5521/5512/3873 5482/5513/3874 4859/5514/3875 5483/5515/3876
f 5520/5516/3877 5191/5517/3878 4743/5518/3879 5484/5519/3880
f 5519/5520/3881 5485/5521/3882 4667/4593/2826 4923/4592/2825
f 5518/5522/3883 5486/5523/3884 4860/5524/3885 5487/5525/3886
f 5517/5526/3887 5190/5527/3888 4742/5528/3889 5488/5529/3890
f 5516/5530/3891 5489/5531/3892 4613/4207/2548 4869/4206/2547
f 5515/5532/3893 5490/5533/3894 4861/5534/3895 5491/5535/3896
f 5514/5536/3897 5189/5537/3898 4741/5538/3899 5492/5539/3900
f 5513/5540/3901 5493/5541/3902 4669/4599/2832 4925/4598/2831
f 5512/5542/3903 5494/5543/3904 4862/5544/3905 5495/5545/3906
f 5511/5546/3907 5188/5547/3908 4740/5548/3909 5496/5549/3910
f 5510/5550/3911 5497/5551/3912 4611/4063/2437 4867/4062/2436
f 5509/5552/3913 5498/5553/3914 4863/5554/3915 5499/5555/3916
f 5508/5556/3917 5187/5557/3918 4739/5558/3919 5500/5559/3920
f 5507/5560/3921 5501/5561/3922 4671/4605/2838 4927/4604/2837
f 5506/5562/3923 5502/5563/3924 4864/5564/3925 5503/5565/3926
f 5505/5566/3927 5186/5567/3928 4738/5568/3929 5504/5569/3930
f 5502/5563/3924 5505/5566/3927 5504/5569/3930 4864/5564/3925
f 4674/4668/2988 5122/4667/2987 5505/5566/3927 5502/5563/3924
f 5122/4667/2987 4547/3918/2986 5186/5567/3928 5505/5566/3927
f 4993/4937/3298 5506/5562/3923 5503/5565/3926 4737/4938/3299
f 4546/3915/2973 4930/4669/2989 5506/5562/3923 4993/4937/3298
f 4930/4669/2989 4674/4668/2988 5502/5563/3924 5506/5562/3923
f 5185/4929/3290 5507/5560/3921 4927/4604/2837 3970/3898/2281
f 4737/4938/3299 5503/5565/3926 5507/5560/3921 5185/4929/3290
f 5503/5565/3926 4864/5564/3925 5501/5561/3922 5507/5560/3921
f 5498/5553/3914 5508/5556/3917 5500/5559/3920 4863/5554/3915
f 4675/4677/3000 5123/4676/2999 5508/5556/3917 5498/5553/3914
f 5123/4676/2999 4548/3920/2998 5187/5557/3918 5508/5556/3917
f 5186/5567/3928 5509/5552/3913 5499/5555/3916 4738/5568/3929
f 4547/3918/2986 4931/4678/3001 5509/5552/3913 5186/5567/3928
f 4931/4678/3001 4675/4677/3000 5498/5553/3914 5509/5552/3913
f 4994/4803/3164 5510/5550/3911 4867/4062/2436 4121/4061/2435
f 4738/5568/3929 5499/5555/3916 5510/5550/3911 4994/4803/3164
f 5499/5555/3916 4863/5554/3915 5497/5551/3912 5510/5550/3911
f 5494/5543/3904 5511/5546/3907 5496/5549/3910 4862/5544/3905
f 4676/4686/3012 5124/4685/3011 5511/5546/3907 5494/5543/3904
f 5124/4685/3011 4549/3922/3010 5188/5547/3908 5511/5546/3907
f 5187/5557/3918 5512/5542/3903 5495/5545/3906 4739/5558/3919
f 4548/3920/2998 4932/4687/3013 5512/5542/3903 5187/5557/3918
f 4932/4687/3013 4676/4686/3012 5494/5543/3904 5512/5542/3903
f 4995/4805/3166 5513/5540/3901 4925/4598/2831 4122/4058/2432
f 4739/5558/3919 5495/5545/3906 5513/5540/3901 4995/4805/3166
f 5495/5545/3906 4862/5544/3905 5493/5541/3902 5513/5540/3901
f 5490/5533/3894 5514/5536/3897 5492/5539/3900 4861/5534/3895
f 4677/4695/3024 5125/4694/3023 5514/5536/3897 5490/5533/3894
f 5125/4694/3023 4550/3924/3022 5189/5537/3898 5514/5536/3897
f 5188/5547/3908 5515/5532/3893 5491/5535/3896 4740/5548/3909
f 4549/3922/3010 4933/4696/3025 5515/5532/3893 5188/5547/3908
f 4933/4696/3025 4677/4695/3024 5490/5533/3894 5515/5532/3893
f 4996/4807/3168 5516/5530/3891 4869/4206/2547 4257/4205/2546
f 4740/5548/3909 5491/5535/3896 5516/5530/3891 4996/4807/3168
f 5491/5535/3896 4861/5534/3895 5489/5531/3892 5516/5530/3891
f 5486/5523/3884 5517/5526/3887 5488/5529/3890 4860/5524/3885
f 4678/4704/3036 5126/4703/3035 5517/5526/3887 5486/5523/3884
f 5126/4703/3035 4551/3926/3034 5190/5527/3888 5517/5526/3887
f 5189/5537/3898 5518/5522/3883 5487/5525/3886 4741/5538/3899
f 4550/3924/3022 4934/4705/3037 5518/5522/3883 5189/5537/3898
f 4934/4705/3037 4678/4704/3036 5486/5523/3884 5518/5522/3883
f 4997/4809/3170 5519/5520/3881 4923/4592/2825 4258/4202/2545
f 4741/5538/3899 5487/5525/3886 5519/5520/3881 4997/4809/3170
f 5487/5525/3886 4860/5524/3885 5485/5521/3882 5519/5520/3881
f 5482/5513/3874 5520/5516/3877 5484/5519/3880 4859/5514/3875
f 4679/4713/3048 5127/4712/3047 5520/5516/3877 5482/5513/3874
f 5127/4712/3047 4552/3928/3046 5191/5517/3878 5520/5516/3877
f 5190/5527/3888 5521/5512/3873 5483/5515/3876 4742/5528/3889
f 4551/3926/3034 4935/4714/3049 5521/5512/3873 5190/5527/3888
f 4935/4714/3049 4679/4713/3048 5482/5513/3874 5521/5512/3873
f 4998/4811/3172 5522/5510/3871 4871/4334/2596 4377/4333/2595
f 4742/5528/3889 5483/5515/3876 5522/5510/3871 4998/4811/3172
f 5483/5515/3876 4859/5514/3875 5481/5511/3872 5522/5510/3871
f 5478/5503/3864 5523/5506/3867 5480/5509/3870 4858/5504/3865
f 4680/4722/3060 5128/4721/3059 5523/5506/3867 5478/5503/3864
f 5128/4721/3059 4553/3930/3058 5192/5507/3868 5523/5506/3867
f 5191/5517/3878 5524/5502/3863 5479/5505/3866 4743/5518/3879
f 4552/3928/3046 4936/4723/3061 5524/5502/3863 5191/5517/3878
f 4936/4723/3061 4680/4722/3060 5478/5503/3864 5524/5502/3863
f 4999/4813/3174 5525/5500/3861 5064/4339/2600 4378/4330/2593
f 4743/5518/3879 5479/5505/3866 5525/5500/3861 4999/4813/3174
f 5479/5505/3866 4858/5504/3865 5477/5501/3862 5525/5500/3861
f 5474/5493/3854 5526/5496/3857 5476/5499/3860 4857/5494/3855
f 4681/4731/3072 5129/4730/3071 5526/5496/3857 5474/5493/3854
f 5129/4730/3071 4554/3932/3070 5193/5497/3858 5526/5496/3857
f 5192/5507/3868 5527/5492/3853 5475/5495/3856 4744/5508/3869
f 4553/3930/3058 4937/4732/3073 5527/5492/3853 5192/5507/3868
f 4937/4732/3073 4681/4731/3072 5474/5493/3854 5527/5492/3853
f 5000/4815/3176 5528/5490/3851 5065/4342/2603 4381/4337/2599
f 4744/5508/3869 5475/5495/3856 5528/5490/3851 5000/4815/3176
f 5475/5495/3856 4857/5494/3855 5473/5491/3852 5528/5490/3851
f 5470/5483/3844 5529/5486/3847 5472/5489/3850 4856/5484/3845
f 4682/4740/3084 5130/4739/3083 5529/5486/3847 5470/5483/3844
f 5130/4739/3083 4555/3934/3082 5194/5487/3848 5529/5486/3847
f 5193/5497/3858 5530/5482/3843 5471/5485/3846 4745/5498/3859
f 4554/3932/3070 4938/4741/3085 5530/5482/3843 5193/5497/3858
f 4938/4741/3085 4682/4740/3084 5470/5483/3844 5530/5482/3843
f 5001/4817/3178 5531/5480/3841 5066/4347/2608 4383/4345/2606
f 4745/5498/3859 5471/5485/3846 5531/5480/3841 5001/4817/3178
f 5471/5485/3846 4856/5484/3845 5469/5481/3842 5531/5480/3841
f 5466/5473/3834 5532/5476/3837 5468/5479/3840 4855/5474/3835
f 4683/4749/3096 5131/4748/3095 5532/5476/3837 5466/5473/3834
f 5131/4748/3095 4556/3936/3094 5195/5477/3838 5532/5476/3837
f 5194/5487/3848 5533/5472/3833 5467/5475/3836 4746/5488/3849
f 4555/3934/3082 4939/4750/3097 5533/5472/3833 5194/5487/3848
f 4939/4750/3097 4683/4749/3096 5466/5473/3834 5533/5472/3833
f 5002/4819/3180 5534/5470/3831 5067/4352/2613 4385/4350/2611
f 4746/5488/3849 5467/5475/3836 5534/5470/3831 5002/4819/3180
f 5467/5475/3836 4855/5474/3835 5465/5471/3832 5534/5470/3831
f 5462/5463/3824 5535/5466/3827 5464/5469/3830 4854/5464/3825
f 4684/4758/3107 5132/4757/3106 5535/5466/3827 5462/5463/3824
f 5132/4757/3106 4557/3938/3105 5196/5467/3828 5535/5466/3827
f 5195/5477/3838 5536/5462/3823 5463/5465/3826 4747/5478/3839
f 4556/3936/3094 4940/4759/3108 5536/5462/3823 5195/5477/3838
f 4940/4759/3108 4684/4758/3107 5462/5463/3824 5536/5462/3823
f 5003/4821/3182 5537/5460/3821 5068/4357/2617 4387/4355/2616
f 4747/5478/3839 5463/5465/3826 5537/5460/3821 5003/4821/3182
f 5463/5465/3826 4854/5464/3825 5461/5461/3822 5537/5460/3821
f 5458/5453/3814 5538/5456/3817 5460/5459/3820 4853/5454/3815
f 4685/4764/3115 5133/4763/3114 5538/5456/3817 5458/5453/3814
f 5133/4763/3114 4558/3940/3113 5197/5457/3818 5538/5456/3817
f 5196/5467/3828 5539/5452/3813 5459/5455/3816 4748/5468/3829
f 4557/3938/3105 4941/4765/3116 5539/5452/3813 5196/5467/3828
f 4941/4765/3116 4685/4764/3115 5458/5453/3814 5539/5452/3813
f 5004/4823/3184 5540/5450/3811 5069/4362/2622 4389/4360/2620
f 4748/5468/3829 5459/5455/3816 5540/5450/3811 5004/4823/3184
f 5459/5455/3816 4853/5454/3815 5457/5451/3812 5540/5450/3811
f 5454/5443/3804 5541/5446/3807 5456/5449/3810 4852/5444/3805
f 4686/4770/3123 5134/4769/3122 5541/5446/3807 5454/5443/3804
f 5134/4769/3122 4559/3942/3121 5198/5447/3808 5541/5446/3807
f 5197/5457/3818 5542/5442/3803 5455/5445/3806 4749/5458/3819
f 4558/3940/3113 4942/4771/3124 5542/5442/3803 5197/5457/3818
f 4942/4771/3124 4686/4770/3123 5454/5443/3804 5542/5442/3803
f 5005/4825/3186 5543/5440/3801 5070/4367/2626 4391/4365/2625
f 4749/5458/3819 5455/5445/3806 5543/5440/3801 5005/4825/3186
f 5455/5445/3806 4852/5444/3805 5453/5441/3802 5543/5440/3801
f 5450/5433/3794 5544/5436/3797 5452/5439/3800 4851/5434/3795
f 4687/4776/3131 5135/4775/3130 5544/5436/3797 5450/5433/3794
f 5135/4775/3130 4560/3944/3129 5199/5437/3798 5544/5436/3797
f 5198/5447/3808 5545/5432/3793 5451/5435/3796 4750/5448/3809
f 4559/3942/3121 4943/4777/3132 5545/5432/3793 5198/5447/3808
f 4943/4777/3132 4687/4776/3131 5450/5433/3794 5545/5432/3793
f 5006/4827/3188 5546/5430/3791 5071/4372/2631 4393/4370/2629
f 4750/5448/3809 5451/5435/3796 5546/5430/3791 5006/4827/3188
f 5451/5435/3796 4851/5434/3795 5449/5431/3792 5546/5430/3791
f 5446/5423/3784 5547/5426/3787 5448/5429/3790 4850/5424/3785
f 4688/4782/3139 5136/4781/3138 5547/5426/3787 5446/5423/3784
f 5136/4781/3138 4561/3946/3137 5200/5427/3788 5547/5426/3787
f 5199/5437/3798 5548/5422/3783 5447/5425/3786 4751/5438/3799
f 4560/3944/3129 4944/4783/3140 5548/5422/3783 5199/5437/3798
f 4944/4783/3140 4688/4782/3139 5446/5423/3784 5548/5422/3783
f 5007/4829/3190 5549/5420/3781 5072/4377/2635 4395/4375/2634
f 4751/5438/3799 5447/5425/3786 5549/5420/3781 5007/4829/3190
f 5447/5425/3786 4850/5424/3785 5445/5421/3782 5549/5420/3781
f 5442/5413/3774 5550/5416/3777 5444/5419/3780 4849/5414/3775
f 4689/4788/3147 5137/4787/3146 5550/5416/3777 5442/5413/3774
f 5137/4787/3146 4562/3950/3145 5201/5417/3778 5550/5416/3777
f 5200/5570/3788 5551/5412/3773 5443/5415/3776 4752/5571/3789
f 4561/3947/3137 4945/4789/3148 5551/5412/3773 5200/5570/3788
f 4945/4789/3148 4689/4788/3147 5442/5413/3774 5551/5412/3773
f 5008/5572/3192 5552/5410/3771 5073/4384/2639 4397/4383/2638
f 4752/5571/3789 5443/5415/3776 5552/5410/3771 5008/5572/3192
f 5443/5415/3776 4849/5414/3775 5441/5411/3772 5552/5410/3771
f 5438/5403/3764 5553/5406/3767 5440/5409/3770 4848/5404/3765
f 4690/4794/3155 5138/4793/3154 5553/5406/3767 5438/5403/3764
f 5138/4793/3154 4563/3952/3153 5202/5407/3768 5553/5406/3767
f 5201/5417/3778 5554/5402/3763 5439/5405/3766 4753/5418/3779
f 4562/3950/3145 4946/4795/3156 5554/5402/3763 5201/5417/3778
f 4946/4795/3156 4690/4794/3155 5438/5403/3764 5554/5402/3763
f 5009/4833/3194 5555/5400/3761 5074/4389/2643 4399/4387/2642
f 4753/5418/3779 5439/5405/3766 5555/5400/3761 5009/4833/3194
f 5439/5405/3766 4848/5404/3765 5437/5401/3762 5555/5400/3761
f 5434/5393/3754 5556/5396/3757 5436/5399/3760 4847/5394/3755
f 4691/4800/3161 5139/4799/3160 5556/5396/3757 5434/5393/3754
f 5139/4799/3160 4564/3954/2916 5203/5397/3758 5556/5396/3757
f 5202/5407/3768 5557/5392/3753 5435/5395/3756 4754/5408/3769
f 4563/3952/3153 4947/4801/3162 5557/5392/3753 5202/5407/3768
f 4947/4801/3162 4691/4800/3161 5434/5393/3754 5557/5392/3753
f 5010/4835/3196 5558/5390/3751 5075/4394/2648 4401/4392/2646
f 4754/5408/3769 5435/5395/3756 5558/5390/3751 5010/4835/3196
f 5435/5395/3756 4847/5394/3755 5433/5391/3752 5558/5390/3751
f 5430/5383/3744 5559/5386/3747 5432/5389/3750 4846/5384/3745
f 4692/4614/2914 5140/4613/2913 5559/5386/3747 5430/5383/3744
f 5140/4613/2913 4565/3956/2912 5204/5387/3748 5559/5386/3747
f 5203/5397/3758 5560/5382/3743 5431/5385/3746 4755/5398/3759
f 4564/3954/2916 4948/4615/2915 5560/5382/3743 5203/5397/3758
f 4948/4615/2915 4692/4614/2914 5430/5383/3744 5560/5382/3743
f 5011/4837/3198 5561/5380/3741 5076/4399/2652 4403/4397/2651
f 4755/5398/3759 5431/5385/3746 5561/5380/3741 5011/4837/3198
f 5431/5385/3746 4846/5384/3745 5429/5381/3742 5561/5380/3741
f 5426/5373/3734 5562/5376/3737 5428/5379/3740 4845/5374/3735
f 4693/4620/2923 5141/4619/2922 5562/5376/3737 5426/5373/3734
f 5141/4619/2922 4566/3958/2921 5205/5377/3738 5562/5376/3737
f 5204/5387/3748 5563/5372/3733 5427/5375/3736 4756/5388/3749
f 4565/3956/2912 4949/4621/2924 5563/5372/3733 5204/5387/3748
f 4949/4621/2924 4693/4620/2923 5426/5373/3734 5563/5372/3733
f 5012/4839/3200 5564/5370/3731 5077/4404/2656 4405/4402/2655
f 4756/5388/3749 5427/5375/3736 5564/5370/3731 5012/4839/3200
f 5427/5375/3736 4845/5374/3735 5425/5371/3732 5564/5370/3731
f 5422/5363/3724 5565/5366/3727 5424/5369/3730 4844/5364/3725
f 4694/4626/2931 5142/4625/2930 5565/5366/3727 5422/5363/3724
f 5142/4625/2930 4567/3960/2929 5206/5367/3728 5565/5366/3727
f 5205/5377/3738 5566/5362/3723 5423/5365/3726 4757/5378/3739
f 4566/3958/2921 4950/4627/2932 5566/5362/3723 5205/5377/3738
f 4950/4627/2932 4694/4626/2931 5422/5363/3724 5566/5362/3723
f 5013/4841/3202 5567/5360/3721 5078/4409/2660 4407/4407/2659
f 4757/5378/3739 5423/5365/3726 5567/5360/3721 5013/4841/3202
f 5423/5365/3726 4844/5364/3725 5421/5361/3722 5567/5360/3721
f 5418/5353/3714 5568/5356/3717 5420/5359/3720 4843/5354/3715
f 4695/4632/2939 5143/4631/2938 5568/5356/3717 5418/5353/3714
f 5143/4631/2938 4568/3962/2937 5207/5357/3718 5568/5356/3717
f 5206/5367/3728 5569/5352/3713 5419/5355/3716 4758/5368/3729
f 4567/3960/2929 4951/4633/2940 5569/5352/3713 5206/5367/3728
f 4951/4633/2940 4695/4632/2939 5418/5353/3714 5569/5352/3713
f 5014/4843/3204 5570/5350/3711 5079/4414/2665 4409/4412/2663
f 4758/5368/3729 5419/5355/3716 5570/5350/3711 5014/4843/3204
f 5419/5355/3716 4843/5354/3715 5417/5351/3712 5570/5350/3711
f 5414/5343/3704 5571/5346/3707 5416/5349/3710 4842/5344/3705
f 4696/4638/2947 5144/4637/2946 5571/5346/3707 5414/5343/3704
f 5144/4637/2946 4569/3964/2945 5208/5347/3708 5571/5346/3707
f 5207/5357/3718 5572/5342/3703 5415/5345/3706 4759/5358/3719
f 4568/3962/2937 4952/4639/2948 5572/5342/3703 5207/5357/3718
f 4952/4639/2948 4696/4638/2947 5414/5343/3704 5572/5342/3703
f 5015/4845/3206 5573/5340/3701 5080/4419/2670 4411/4417/2668
f 4759/5358/3719 5415/5345/3706 5573/5340/3701 5015/4845/3206
f 5415/5345/3706 4842/5344/3705 5413/5341/3702 5573/5340/3701
f 5410/5333/3694 5574/5336/3697 5412/5339/3700 4841/5334/3695
f 4697/4644/2955 5145/4643/2954 5574/5336/3697 5410/5333/3694
f 5145/4643/2954 4570/3966/2953 5209/5337/3698 5574/5336/3697
f 5208/5347/3708 5575/5332/3693 5411/5335/3696 4760/5348/3709
f 4569/3964/2945 4953/4645/2956 5575/5332/3693 5208/5347/3708
f 4953/4645/2956 4697/4644/2955 5410/5333/3694 5575/5332/3693
f 5016/4847/3208 5576/5330/3691 5081/4426/2676 4413/4422/2673
f 4760/5348/3709 5411/5335/3696 5576/5330/3691 5016/4847/3208
f 5411/5335/3696 4841/5334/3695 5409/5331/3692 5576/5330/3691
f 5406/5323/3684 5577/5326/3687 5408/5329/3690 4840/5324/3685
f 4698/4650/2963 5146/4649/2962 5577/5326/3687 5406/5323/3684
f 5146/4649/2962 4571/3968/2961 5210/5327/3688 5577/5326/3687
f 5209/5337/3698 5578/5322/3683 5407/5325/3686 4761/5338/3699
f 4570/3966/2953 4954/4651/2964 5578/5322/3683 5209/5337/3698
f 4954/4651/2964 4698/4650/2963 5406/5323/3684 5578/5322/3683
f 5017/4849/3210 5579/5320/3681 5082/4431/2680 4415/4424/2674
f 4761/5338/3699 5407/5325/3686 5579/5320/3681 5017/4849/3210
f 5407/5325/3686 4840/5324/3685 5405/5321/3682 5579/5320/3681
f 5402/5313/3674 5580/5316/3677 5404/5319/3680 4839/5314/3675
f 4699/4656/2971 5147/4655/2970 5580/5316/3677 5402/5313/3674
f 5147/4655/2970 4572/3970/2969 5211/5317/3678 5580/5316/3677
f 5210/5327/3688 5581/5312/3673 5403/5315/3676 4762/5328/3689
f 4571/3968/2961 4955/4657/2972 5581/5312/3673 5210/5327/3688
f 4955/4657/2972 4699/4656/2971 5402/5313/3674 5581/5312/3673
f 5018/4851/3212 5582/5310/3671 5083/4436/2684 4417/4429/2679
f 4762/5328/3689 5403/5315/3676 5582/5310/3671 5018/4851/3212
f 5403/5315/3676 4839/5314/3675 5401/5311/3672 5582/5310/3671
f 5398/5303/3664 5583/5306/3667 5400/5309/3670 4838/5304/3665
f 4700/4665/2984 5148/4664/2983 5583/5306/3667 5398/5303/3664
f 5148/4664/2983 4573/3972/2982 5212/5307/3668 5583/5306/3667
f 5211/5317/3678 5584/5302/3663 5399/5305/3666 4763/5318/3679
f 4572/3970/2969 4956/4666/2985 5584/5302/3663 5211/5317/3678
f 4956/4666/2985 4700/4665/2984 5398/5303/3664 5584/5302/3663
f 5019/4853/3214 5585/5300/3661 5084/4441/2689 4419/4434/2683
f 4763/5318/3679 5399/5305/3666 5585/5300/3661 5019/4853/3214
f 5399/5305/3666 4838/5304/3665 5397/5301/3662 5585/5300/3661
f 5394/5293/3654 5586/5296/3657 5396/5299/3660 4837/5294/3655
f 4701/4674/2996 5149/4673/2995 5586/5296/3657 5394/5293/3654
f 5149/4673/2995 4574/3974/2994 5213/5297/3658 5586/5296/3657
f 5212/5307/3668 5587/5292/3653 5395/5295/3656 4764/5308/3669
f 4573/3972/2982 4957/4675/2997 5587/5292/3653 5212/5307/3668
f 4957/4675/2997 4701/4674/2996 5394/5293/3654 5587/5292/3653
f 5020/4855/3216 5588/5290/3651 5085/4446/2693 4421/4439/2687
f 4764/5308/3669 5395/5295/3656 5588/5290/3651 5020/4855/3216
f 5395/5295/3656 4837/5294/3655 5393/5291/3652 5588/5290/3651
f 5390/5283/3644 5589/5286/3647 5392/5289/3650 4836/5284/3645
f 4702/4683/3008 5150/4682/3007 5589/5286/3647 5390/5283/3644
f 5150/4682/3007 4575/3976/3006 5214/5287/3648 5589/5286/3647
f 5213/5297/3658 5590/5282/3643 5391/5285/3646 4765/5298/3659
f 4574/3974/2994 4958/4684/3009 5590/5282/3643 5213/5297/3658
f 4958/4684/3009 4702/4683/3008 5390/5283/3644 5590/5282/3643
f 5021/4857/3218 5591/5280/3641 5086/4451/2698 4423/4444/2692
f 4765/5298/3659 5391/5285/3646 5591/5280/3641 5021/4857/3218
f 5391/5285/3646 4836/5284/3645 5389/5281/3642 5591/5280/3641
f 5386/5273/3634 5592/5276/3637 5388/5279/3640 4835/5274/3635
f 4703/4692/3020 5151/4691/3019 5592/5276/3637 5386/5273/3634
f 5151/4691/3019 4576/3978/3018 5215/5277/3638 5592/5276/3637
f 5214/5287/3648 5593/5272/3633 5387/5275/3636 4766/5288/3649
f 4575/3976/3006 4959/4693/3021 5593/5272/3633 5214/5287/3648
f 4959/4693/3021 4703/4692/3020 5386/5273/3634 5593/5272/3633
f 5022/4859/3220 5594/5270/3631 5087/4456/2702 4425/4449/2696
f 4766/5288/3649 5387/5275/3636 5594/5270/3631 5022/4859/3220
f 5387/5275/3636 4835/5274/3635 5385/5271/3632 5594/5270/3631
f 5382/5263/3624 5595/5266/3627 5384/5269/3630 4834/5264/3625
f 4704/4701/3032 5152/4700/3031 5595/5266/3627 5382/5263/3624
f 5152/4700/3031 4577/3980/3030 5216/5267/3628 5595/5266/3627
f 5215/5277/3638 5596/5262/3623 5383/5265/3626 4767/5278/3639
f 4576/3978/3018 4960/4702/3033 5596/5262/3623 5215/5277/3638
f 4960/4702/3033 4704/4701/3032 5382/5263/3624 5596/5262/3623
f 5023/4861/3222 5597/5260/3621 5088/4461/2706 4427/4454/2701
f 4767/5278/3639 5383/5265/3626 5597/5260/3621 5023/4861/3222
f 5383/5265/3626 4834/5264/3625 5381/5261/3622 5597/5260/3621
f 5378/5253/3614 5598/5256/3617 5380/5259/3620 4833/5254/3615
f 4705/4710/3044 5153/4709/3043 5598/5256/3617 5378/5253/3614
f 5153/4709/3043 4578/3982/3042 5217/5257/3618 5598/5256/3617
f 5216/5267/3628 5599/5252/3613 5379/5255/3616 4768/5268/3629
f 4577/3980/3030 4961/4711/3045 5599/5252/3613 5216/5267/3628
f 4961/4711/3045 4705/4710/3044 5378/5253/3614 5599/5252/3613
f 5024/4863/3224 5600/5250/3611 5089/4466/2710 4429/4459/2705
f 4768/5268/3629 5379/5255/3616 5600/5250/3611 5024/4863/3224
f 5379/5255/3616 4833/5254/3615 5377/5251/3612 5600/5250/3611
f 5374/5243/3604 5601/5246/3607 5376/5249/3610 4832/5244/3605
f 4706/4719/3056 5154/4718/3055 5601/5246/3607 5374/5243/3604
f 5154/4718/3055 4579/3984/3054 5218/5247/3608 5601/5246/3607
f 5217/5257/3618 5602/5242/3603 5375/5245/3606 4769/5258/3619
f 4578/3982/3042 4962/4720/3057 5602/5242/3603 5217/5257/3618
f 4962/4720/3057 4706/4719/3056 5374/5243/3604 5602/5242/3603
f 5025/4865/3226 5603/5240/3601 5090/4469/2713 4431/4464/2709
f 4769/5258/3619 5375/5245/3606 5603/5240/3601 5025/4865/3226
f 5375/5245/3606 4832/5244/3605 5373/5241/3602 5603/5240/3601
f 5370/5233/3594 5604/5236/3597 5372/5239/3600 4831/5234/3595
f 4707/4728/3068 5155/4727/3067 5604/5236/3597 5370/5233/3594
f 5155/4727/3067 4580/3986/3066 5219/5237/3598 5604/5236/3597
f 5218/5247/3608 5605/5232/3593 5371/5235/3596 4770/5248/3609
f 4579/3984/3054 4963/4729/3069 5605/5232/3593 5218/5247/3608
f 4963/4729/3069 4707/4728/3068 5370/5233/3594 5605/5232/3593
f 5026/4867/3228 5606/5230/3591 5091/4474/2718 4433/4472/2716
f 4770/5248/3609 5371/5235/3596 5606/5230/3591 5026/4867/3228
f 5371/5235/3596 4831/5234/3595 5369/5231/3592 5606/5230/3591
f 5366/5223/3584 5607/5226/3587 5368/5229/3590 4830/5224/3585
f 4708/4737/3080 5156/4736/3079 5607/5226/3587 5366/5223/3584
f 5156/4736/3079 4581/3988/3078 5220/5227/3588 5607/5226/3587
f 5219/5237/3598 5608/5222/3583 5367/5225/3586 4771/5238/3599
f 4580/3986/3066 4964/4738/3081 5608/5222/3583 5219/5237/3598
f 4964/4738/3081 4708/4737/3080 5366/5223/3584 5608/5222/3583
f 5027/4869/3230 5609/5220/3581 5092/4479/2722 4435/4477/2721
f 4771/5238/3599 5367/5225/3586 5609/5220/3581 5027/4869/3230
f 5367/5225/3586 4830/5224/3585 5365/5221/3582 5609/5220/3581
f 5362/5213/3574 5610/5216/3577 5364/5219/3580 4829/5214/3575
f 4709/4746/3092 5157/4745/3091 5610/5216/3577 5362/5213/3574
f 5157/4745/3091 4582/3990/3090 5221/5217/3578 5610/5216/3577
f 5220/5227/3588 5611/5212/3573 5363/5215/3576 4772/5228/3589
f 4581/3988/3078 4965/4747/3093 5611/5212/3573 5220/5227/3588
f 4965/4747/3093 4709/4746/3092 5362/5213/3574 5611/5212/3573
f 5028/4871/3232 5612/5210/3571 5093/4484/2726 4437/4482/2725
f 4772/5228/3589 5363/5215/3576 5612/5210/3571 5028/4871/3232
f 5363/5215/3576 4829/5214/3575 5361/5211/3572 5612/5210/3571
f 5358/5203/3564 5613/5206/3567 5360/5209/3570 4828/5204/3565
f 4710/4755/3103 5158/4754/3102 5613/5206/3567 5358/5203/3564
f 5158/4754/3102 4583/3992/3101 5222/5207/3568 5613/5206/3567
f 5221/5217/3578 5614/5202/3563 5359/5205/3566 4773/5218/3579
f 4582/3990/3090 4966/4756/3104 5614/5202/3563 5221/5217/3578
f 4966/4756/3104 4710/4755/3103 5358/5203/3564 5614/5202/3563
f 5029/4873/3234 5615/5200/3561 5094/4489/2730 4439/4487/2729
f 4773/5218/3579 5359/5205/3566 5615/5200/3561 5029/4873/3234
f 5359/5205/3566 4828/5204/3565 5357/5201/3562 5615/5200/3561
f 5354/5193/3554 5616/5196/3557 5356/5199/3560 4827/5194/3555
f 4711/4761/3111 5159/4760/3110 5616/5196/3557 5354/5193/3554
f 5159/4760/3110 4584/3994/3109 5223/5197/3558 5616/5196/3557
f 5222/5207/3568 5617/5192/3553 5355/5195/3556 4774/5208/3569
f 4583/3992/3101 4967/4762/3112 5617/5192/3553 5222/5207/3568
f 4967/4762/3112 4711/4761/3111 5354/5193/3554 5617/5192/3553
f 5030/4875/3236 5618/5190/3551 5095/4494/2735 4441/4492/2733
f 4774/5208/3569 5355/5195/3556 5618/5190/3551 5030/4875/3236
f 5355/5195/3556 4827/5194/3555 5353/5191/3552 5618/5190/3551
f 5350/5183/3544 5619/5186/3547 5352/5189/3550 4826/5184/3545
f 4712/4767/3119 5160/4766/3118 5619/5186/3547 5350/5183/3544
f 5160/4766/3118 4585/3996/3117 5224/5187/3548 5619/5186/3547
f 5223/5197/3558 5620/5182/3543 5351/5185/3546 4775/5198/3559
f 4584/3994/3109 4968/4768/3120 5620/5182/3543 5223/5197/3558
f 4968/4768/3120 4712/4767/3119 5350/5183/3544 5620/5182/3543
f 5031/4877/3238 5621/5180/3541 5096/4499/2740 4443/4497/2738
f 4775/5198/3559 5351/5185/3546 5621/5180/3541 5031/4877/3238
f 5351/5185/3546 4826/5184/3545 5349/5181/3542 5621/5180/3541
f 5346/5173/3534 5622/5176/3537 5348/5179/3540 4825/5174/3535
f 4713/4773/3127 5161/4772/3126 5622/5176/3537 5346/5173/3534
f 5161/4772/3126 4586/3998/3125 5225/5177/3538 5622/5176/3537
f 5224/5187/3548 5623/5172/3533 5347/5175/3536 4776/5188/3549
f 4585/3996/3117 4969/4774/3128 5623/5172/3533 5224/5187/3548
f 4969/4774/3128 4713/4773/3127 5346/5173/3534 5623/5172/3533
f 5032/4879/3240 5624/5170/3531 5097/4504/2744 4445/4502/2743
f 4776/5188/3549 5347/5175/3536 5624/5170/3531 5032/4879/3240
f 5347/5175/3536 4825/5174/3535 5345/5171/3532 5624/5170/3531
f 5342/5163/3524 5625/5166/3527 5344/5169/3530 4824/5164/3525
f 4714/4779/3135 5162/4778/3134 5625/5166/3527 5342/5163/3524
f 5162/4778/3134 4587/4000/3133 5226/5167/3528 5625/5166/3527
f 5225/5177/3538 5626/5162/3523 5343/5165/3526 4777/5178/3539
f 4586/3998/3125 4970/4780/3136 5626/5162/3523 5225/5177/3538
f 4970/4780/3136 4714/4779/3135 5342/5163/3524 5626/5162/3523
f 5033/4881/3242 5627/5160/3521 5098/4509/2749 4447/4507/2747
f 4777/5178/3539 5343/5165/3526 5627/5160/3521 5033/4881/3242
f 5343/5165/3526 4824/5164/3525 5341/5161/3522 5627/5160/3521
f 5338/5153/3514 5628/5156/3517 5340/5159/3520 4823/5154/3515
f 4715/4785/3143 5163/4784/3142 5628/5156/3517 5338/5153/3514
f 5163/4784/3142 4588/4002/3141 5227/5157/3518 5628/5156/3517
f 5226/5167/3528 5629/5152/3513 5339/5155/3516 4778/5168/3529
f 4587/4000/3133 4971/4786/3144 5629/5152/3513 5226/5167/3528
f 4971/4786/3144 4715/4785/3143 5338/5153/3514 5629/5152/3513
f 5034/4883/3244 5630/5150/3511 5099/4514/2754 4449/4512/2752
f 4778/5168/3529 5339/5155/3516 5630/5150/3511 5034/4883/3244
f 5339/5155/3516 4823/5154/3515 5337/5151/3512 5630/5150/3511
f 5334/5143/3504 5631/5146/3507 5336/5149/3510 4822/5144/3505
f 4716/4791/3151 5164/4790/3150 5631/5146/3507 5334/5143/3504
f 5164/4790/3150 4589/4004/3149 5228/5147/3508 5631/5146/3507
f 5227/5157/3518 5632/5142/3503 5335/5145/3506 4779/5158/3519
f 4588/4002/3141 4972/4792/3152 5632/5142/3503 5227/5157/3518
f 4972/4792/3152 4716/4791/3151 5334/5143/3504 5632/5142/3503
f 5035/4885/3246 5633/5140/3501 5100/4519/2758 4451/4517/2757
f 4779/5158/3519 5335/5145/3506 5633/5140/3501 5035/4885/3246
f 5335/5145/3506 4822/5144/3505 5333/5141/3502 5633/5140/3501
f 5330/5133/3494 5634/5136/3497 5332/5139/3500 4821/5134/3495
f 4717/4797/3158 5165/4796/3157 5634/5136/3497 5330/5133/3494
f 5165/4796/3157 4590/4006/2911 5229/5137/3498 5634/5136/3497
f 5228/5147/3508 5635/5132/3493 5331/5135/3496 4780/5148/3509
f 4589/4004/3149 4973/4798/3159 5635/5132/3493 5228/5147/3508
f 4973/4798/3159 4717/4797/3158 5330/5133/3494 5635/5132/3493
f 5036/4887/3248 5636/5130/3491 5101/4524/2763 4453/4522/2761
f 4780/5148/3509 5331/5135/3496 5636/5130/3491 5036/4887/3248
f 5331/5135/3496 4821/5134/3495 5329/5131/3492 5636/5130/3491
f 5326/5123/3484 5637/5126/3487 5328/5129/3490 4820/5124/3485
f 4718/4611/2909 5166/4610/2908 5637/5126/3487 5326/5123/3484
f 5166/4610/2908 4591/4008/2907 5230/5127/3488 5637/5126/3487
f 5229/5137/3498 5638/5122/3483 5327/5125/3486 4781/5138/3499
f 4590/4006/2911 4974/4612/2910 5638/5122/3483 5229/5137/3498
f 4974/4612/2910 4718/4611/2909 5326/5123/3484 5638/5122/3483
f 5037/4889/3250 5639/5120/3481 5102/4529/2767 4455/4527/2766
f 4781/5138/3499 5327/5125/3486 5639/5120/3481 5037/4889/3250
f 5327/5125/3486 4820/5124/3485 5325/5121/3482 5639/5120/3481
f 5322/5113/3474 5640/5116/3477 5324/5119/3480 4819/5114/3475
f 4719/4617/2919 5167/4616/2918 5640/5116/3477 5322/5113/3474
f 5167/4616/2918 4592/4010/2917 5231/5117/3478 5640/5116/3477
f 5230/5127/3488 5641/5112/3473 5323/5115/3476 4782/5128/3489
f 4591/4008/2907 4975/4618/2920 5641/5112/3473 5230/5127/3488
f 4975/4618/2920 4719/4617/2919 5322/5113/3474 5641/5112/3473
f 5038/4891/3252 5642/5110/3471 5103/4534/2772 4457/4532/2770
f 4782/5128/3489 5323/5115/3476 5642/5110/3471 5038/4891/3252
f 5323/5115/3476 4819/5114/3475 5321/5111/3472 5642/5110/3471
f 5318/5103/3464 5643/5106/3467 5320/5109/3470 4818/5104/3465
f 4720/4623/2927 5168/4622/2926 5643/5106/3467 5318/5103/3464
f 5168/4622/2926 4593/4012/2925 5232/5107/3468 5643/5106/3467
f 5231/5117/3478 5644/5102/3463 5319/5105/3466 4783/5118/3479
f 4592/4010/2917 4976/4624/2928 5644/5102/3463 5231/5117/3478
f 4976/4624/2928 4720/4623/2927 5318/5103/3464 5644/5102/3463
f 5039/4893/3254 5645/5100/3461 5104/4539/2776 4459/4537/2775
f 4783/5118/3479 5319/5105/3466 5645/5100/3461 5039/4893/3254
f 5319/5105/3466 4818/5104/3465 5317/5101/3462 5645/5100/3461
f 5314/5093/3454 5646/5096/3457 5316/5099/3460 4817/5094/3455
f 4721/4629/2935 5169/4628/2934 5646/5096/3457 5314/5093/3454
f 5169/4628/2934 4594/4014/2933 5233/5097/3458 5646/5096/3457
f 5232/5107/3468 5647/5092/3453 5315/5095/3456 4784/5108/3469
f 4593/4012/2925 4977/4630/2936 5647/5092/3453 5232/5107/3468
f 4977/4630/2936 4721/4629/2935 5314/5093/3454 5647/5092/3453
f 5040/4895/3256 5648/5090/3451 5105/4544/2780 4461/4542/2779
f 4784/5108/3469 5315/5095/3456 5648/5090/3451 5040/4895/3256
f 5315/5095/3456 4817/5094/3455 5313/5091/3452 5648/5090/3451
f 5310/5083/3444 5649/5086/3447 5312/5089/3450 4816/5084/3445
f 4722/4635/2943 5170/4634/2942 5649/5086/3447 5310/5083/3444
f 5170/4634/2942 4595/4016/2941 5234/5087/3448 5649/5086/3447
f 5233/5097/3458 5650/5082/3443 5311/5085/3446 4785/5098/3459
f 4594/4014/2933 4978/4636/2944 5650/5082/3443 5233/5097/3458
f 4978/4636/2944 4722/4635/2943 5310/5083/3444 5650/5082/3443
f 5041/4897/3258 5651/5080/3441 5106/4549/2785 4463/4547/2783
f 4785/5098/3459 5311/5085/3446 5651/5080/3441 5041/4897/3258
f 5311/5085/3446 4816/5084/3445 5309/5081/3442 5651/5080/3441
f 5306/5073/3434 5652/5076/3437 5308/5079/3440 4815/5074/3435
f 4723/4641/2951 5171/4640/2950 5652/5076/3437 5306/5073/3434
f 5171/4640/2950 4596/4018/2949 5235/5077/3438 5652/5076/3437
f 5234/5087/3448 5653/5072/3433 5307/5075/3436 4786/5088/3449
f 4595/4016/2941 4979/4642/2952 5653/5072/3433 5234/5087/3448
f 4979/4642/2952 4723/4641/2951 5306/5073/3434 5653/5072/3433
f 5042/4899/3260 5654/5070/3431 5107/4554/2790 4465/4552/2788
f 4786/5088/3449 5307/5075/3436 5654/5070/3431 5042/4899/3260
f 5307/5075/3436 4815/5074/3435 5305/5071/3432 5654/5070/3431
f 5302/5063/3424 5655/5066/3427 5304/5069/3430 4814/5064/3425
f 4724/4647/2959 5172/4646/2958 5655/5066/3427 5302/5063/3424
f 5172/4646/2958 4597/4020/2957 5236/5067/3428 5655/5066/3427
f 5235/5077/3438 5656/5062/3423 5303/5065/3426 4787/5078/3439
f 4596/4018/2949 4980/4648/2960 5656/5062/3423 5235/5077/3438
f 4980/4648/2960 4724/4647/2959 5302/5063/3424 5656/5062/3423
f 5043/4901/3262 5657/5060/3421 5108/4559/2795 4467/4557/2793
f 4787/5078/3439 5303/5065/3426 5657/5060/3421 5043/4901/3262
f 5303/5065/3426 4814/5064/3425 5301/5061/3422 5657/5060/3421
f 5298/5053/3414 5658/5056/3417 5300/5059/3420 4813/5054/3415
f 4725/4653/2967 5173/4652/2966 5658/5056/3417 5298/5053/3414
f 5173/4652/2966 4598/4022/2965 5237/5057/3418 5658/5056/3417
f 5236/5067/3428 5659/5052/3413 5299/5055/3416 4788/5068/3429
f 4597/4020/2957 4981/4654/2968 5659/5052/3413 5236/5067/3428
f 4981/4654/2968 4725/4653/2967 5298/5053/3414 5659/5052/3413
f 5044/4903/3264 5660/5050/3411 5109/4564/2799 4469/4562/2798
f 4788/5068/3429 5299/5055/3416 5660/5050/3411 5044/4903/3264
f 5299/5055/3416 4813/5054/3415 5297/5051/3412 5660/5050/3411
f 5294/5043/3404 5661/5046/3407 5296/5049/3410 4812/5044/3405
f 4726/4662/2980 5174/4661/2979 5661/5046/3407 5294/5043/3404
f 5174/4661/2979 4599/4024/2978 5238/5047/3408 5661/5046/3407
f 5237/5057/3418 5662/5042/3403 5295/5045/3406 4789/5058/3419
f 4598/4022/2965 4982/4663/2981 5662/5042/3403 5237/5057/3418
f 4982/4663/2981 4726/4662/2980 5294/5043/3404 5662/5042/3403
f 5045/4905/3266 5663/5040/3401 5110/4569/2803 4471/4567/2802
f 4789/5058/3419 5295/5045/3406 5663/5040/3401 5045/4905/3266
f 5295/5045/3406 4812/5044/3405 5293/5041/3402 5663/5040/3401
f 5290/5033/3394 5664/5036/3397 5292/5039/3400 4811/5034/3395
f 4727/4671/2992 5175/4670/2991 5664/5036/3397 5290/5033/3394
f 5175/4670/2991 4600/4026/2990 5239/5037/3398 5664/5036/3397
f 5238/5047/3408 5665/5032/3393 5291/5035/3396 4790/5048/3409
f 4599/4024/2978 4983/4672/2993 5665/5032/3393 5238/5047/3408
f 4983/4672/2993 4727/4671/2992 5290/5033/3394 5665/5032/3393
f 5046/4907/3268 5666/5030/3391 5111/4574/2808 4473/4572/2806
f 4790/5048/3409 5291/5035/3396 5666/5030/3391 5046/4907/3268
f 5291/5035/3396 4811/5034/3395 5289/5031/3392 5666/5030/3391
f 5286/5023/3384 5667/5026/3387 5288/5029/3390 4810/5024/3385
f 4728/4680/3004 5176/4679/3003 5667/5026/3387 5286/5023/3384
f 5176/4679/3003 4601/4028/3002 5240/5027/3388 5667/5026/3387
f 5239/5037/3398 5668/5022/3383 5287/5025/3386 4791/5038/3399
f 4600/4026/2990 4984/4681/3005 5668/5022/3383 5239/5037/3398
f 4984/4681/3005 4728/4680/3004 5286/5023/3384 5668/5022/3383
f 5047/4909/3270 5669/5020/3381 5112/4579/2813 4475/4577/2811
f 4791/5038/3399 5287/5025/3386 5669/5020/3381 5047/4909/3270
f 5287/5025/3386 4810/5024/3385 5285/5021/3382 5669/5020/3381
f 5282/5013/3374 5670/5016/3377 5284/5019/3380 4809/5014/3375
f 4729/4689/3016 5177/4688/3015 5670/5016/3377 5282/5013/3374
f 5177/4688/3015 4602/4030/3014 5241/5017/3378 5670/5016/3377
f 5240/5027/3388 5671/5012/3373 5283/5015/3376 4792/5028/3389
f 4601/4028/3002 4985/4690/3017 5671/5012/3373 5240/5027/3388
f 4985/4690/3017 4729/4689/3016 5282/5013/3374 5671/5012/3373
f 5048/4911/3272 5672/5010/3371 5113/4586/2819 4477/4582/2816
f 4792/5028/3389 5283/5015/3376 5672/5010/3371 5048/4911/3272
f 5283/5015/3376 4809/5014/3375 5281/5011/3372 5672/5010/3371
f 5278/5003/3364 5673/5006/3367 5280/5009/3370 4808/5004/3365
f 4730/4698/3028 5178/4697/3027 5673/5006/3367 5278/5003/3364
f 5178/4697/3027 4603/4032/3026 5242/5007/3368 5673/5006/3367
f 5241/5017/3378 5674/5002/3363 5279/5005/3366 4793/5018/3379
f 4602/4030/3014 4986/4699/3029 5674/5002/3363 5241/5017/3378
f 4986/4699/3029 4730/4698/3028 5278/5003/3364 5674/5002/3363
f 5049/4913/3274 5675/5000/3361 5114/4589/2822 4479/4584/2817
f 4793/5018/3379 5279/5005/3366 5675/5000/3361 5049/4913/3274
f 5279/5005/3366 4808/5004/3365 5277/5001/3362 5675/5000/3361
f 5274/4993/3354 5676/4996/3357 5276/4999/3360 4807/4994/3355
f 4731/4707/3040 5179/4706/3039 5676/4996/3357 5274/4993/3354
f 5179/4706/3039 4604/4034/3038 5243/4997/3358 5676/4996/3357
f 5242/5007/3368 5677/4992/3353 5275/4995/3356 4794/5008/3369
f 4603/4032/3026 4987/4708/3041 5677/4992/3353 5242/5007/3368
f 4987/4708/3041 4731/4707/3040 5274/4993/3354 5677/4992/3353
f 5050/4915/3276 5678/4990/3351 5062/4326/2589 4376/4325/2588
f 4794/5008/3369 5275/4995/3356 5678/4990/3351 5050/4915/3276
f 5275/4995/3356 4807/4994/3355 5273/4991/3352 5678/4990/3351
f 5270/4983/3344 5679/4986/3347 5272/4989/3350 4806/4984/3345
f 4732/4716/3052 5180/4715/3051 5679/4986/3347 5270/4983/3344
f 5180/4715/3051 4605/4036/3050 5244/4987/3348 5679/4986/3347
f 5243/4997/3358 5680/4982/3343 5271/4985/3346 4795/4998/3359
f 4604/4034/3038 4988/4717/3053 5680/4982/3343 5243/4997/3358
f 4988/4717/3053 4732/4716/3052 5270/4983/3344 5680/4982/3343
f 5051/4917/3278 5681/4980/3341 5116/4595/2828 4375/4329/2592
f 4795/4998/3359 5271/4985/3346 5681/4980/3341 5051/4917/3278
f 5271/4985/3346 4806/4984/3345 5269/4981/3342 5681/4980/3341
f 5266/4973/3334 5682/4976/3337 5268/4979/3340 4805/4974/3335
f 4733/4725/3064 5181/4724/3063 5682/4976/3337 5266/4973/3334
f 5181/4724/3063 4606/4038/3062 5245/4977/3338 5682/4976/3337
f 5244/4987/3348 5683/4972/3333 5267/4975/3336 4796/4988/3349
f 4605/4036/3050 4989/4726/3065 5683/4972/3333 5244/4987/3348
f 4989/4726/3065 4733/4725/3064 5266/4973/3334 5683/4972/3333
f 5052/4919/3280 5684/4970/3331 5060/4198/2541 4256/4197/2540
f 4796/4988/3349 5267/4975/3336 5684/4970/3331 5052/4919/3280
f 5267/4975/3336 4805/4974/3335 5265/4971/3332 5684/4970/3331
f 5262/4963/3324 5685/4966/3327 5264/4969/3330 4804/4964/3325
f 4734/4734/3076 5182/4733/3075 5685/4966/3327 5262/4963/3324
f 5182/4733/3075 4607/4040/3074 5246/4967/3328 5685/4966/3327
f 5245/4977/3338 5686/4962/3323 5263/4965/3326 4797/4978/3339
f 4606/4038/3062 4990/4735/3077 5686/4962/3323 5245/4977/3338
f 4990/4735/3077 4734/4734/3076 5262/4963/3324 5686/4962/3323
f 5053/4921/3282 5687/4960/3321 5118/4601/2834 4255/4201/2544
f 4797/4978/3339 5263/4965/3326 5687/4960/3321 5053/4921/3282
f 5263/4965/3326 4804/4964/3325 5261/4961/3322 5687/4960/3321
f 5258/4953/3314 5688/4956/3317 5260/4959/3320 4803/4954/3315
f 4735/4743/3088 5183/4742/3087 5688/4956/3317 5258/4953/3314
f 5183/4742/3087 4608/4042/3086 5247/4957/3318 5688/4956/3317
f 5246/4967/3328 5689/4952/3313 5259/4955/3316 4798/4968/3329
f 4607/4040/3074 4991/4744/3089 5689/4952/3313 5246/4967/3328
f 4991/4744/3089 4735/4743/3088 5258/4953/3314 5689/4952/3313
f 5054/4923/3284 5690/4950/3311 5058/4054/2428 4120/4053/2427
f 4798/4968/3329 5259/4955/3316 5690/4950/3311 5054/4923/3284
f 5259/4955/3316 4803/4954/3315 5257/4951/3312 5690/4950/3311
f 5254/4943/3304 5691/4946/3307 5256/4949/3310 4802/4944/3305
f 4736/4752/3099 5184/4751/3098 5691/4946/3307 5254/4943/3304
f 5184/4751/3098 4545/3916/2977 5248/4947/3308 5691/4946/3307
f 5247/4957/3318 5692/4942/3303 5255/4945/3306 4799/4958/3319
f 4608/4042/3086 4992/4753/3100 5692/4942/3303 5247/4957/3318
f 4992/4753/3100 4736/4752/3099 5254/4943/3304 5692/4942/3303
f 5055/4925/3286 5693/4940/3301 5120/4607/2840 4119/4057/2431
f 4799/4958/3319 5255/4945/3306 5693/4940/3301 5055/4925/3286
f 5255/4945/3306 4802/4944/3305 5253/4941/3302 5693/4940/3301
f 5250/4933/3294 5694/4936/3297 5252/4939/3300 4801/4934/3295
f 4673/4659/2975 5121/4658/2974 5694/4936/3297 5250/4933/3294
f 5121/4658/2974 4546/3915/2973 4993/4937/3298 5694/4936/3297
f 5248/4947/3308 5695/4932/3293 5251/4935/3296 4800/4948/3309
f 4545/3916/2977 4929/4660/2976 5695/4932/3293 5248/4947/3308
f 4929/4660/2976 4673/4659/2975 5250/4933/3294 5695/4932/3293
f 5056/4927/3288 5696/4930/3291 4865/3902/2285 3969/3901/2284
f 4800/4948/3309 5251/4935/3296 5696/4930/3291 5056/4927/3288
f 5251/4935/3296 4801/4934/3295 5249/4931/3292 5696/4930/3291
f 5249/4931/3292 5697/4928/3289 5057/3904/2287 4609/3903/2286
f 4801/4934/3295 5252/4939/3300 5697/4928/3289 5249/4931/3292
f 5252/4939/3300 4737/4938/3299 5185/4929/3290 5697/4928/3289
f 5253/4941/3302 5698/4926/3287 4928/4609/2842 4672/4608/2841
f 4802/4944/3305 5256/4949/3310 5698/4926/3287 5253/4941/3302
f 5256/4949/3310 4800/4948/3309 5056/4927/3288 5698/4926/3287
f 5257/4951/3312 5699/4924/3285 4866/4056/2430 4610/4055/2429
f 4803/4954/3315 5260/4959/3320 5699/4924/3285 5257/4951/3312
f 5260/4959/3320 4799/4958/3319 5055/4925/3286 5699/4924/3285
f 5261/4961/3322 5700/4922/3283 4926/4603/2836 4670/4602/2835
f 4804/4964/3325 5264/4969/3330 5700/4922/3283 5261/4961/3322
f 5264/4969/3330 4798/4968/3329 5054/4923/3284 5700/4922/3283
f 5265/4971/3332 5701/4920/3281 4868/4200/2543 4612/4199/2542
f 4805/4974/3335 5268/4979/3340 5701/4920/3281 5265/4971/3332
f 5268/4979/3340 4797/4978/3339 5053/4921/3282 5701/4920/3281
f 5269/4981/3342 5702/4918/3279 4924/4597/2830 4668/4596/2829
f 4806/4984/3345 5272/4989/3350 5702/4918/3279 5269/4981/3342
f 5272/4989/3350 4796/4988/3349 5052/4919/3280 5702/4918/3279
f 5273/4991/3352 5703/4916/3277 4870/4328/2591 4614/4327/2590
f 4807/4994/3355 5276/4999/3360 5703/4916/3277 5273/4991/3352
f 5276/4999/3360 4795/4998/3359 5051/4917/3278 5703/4916/3277
f 5277/5001/3362 5704/4914/3275 4922/4591/2824 4666/4590/2823
f 4808/5004/3365 5280/5009/3370 5704/4914/3275 5277/5001/3362
f 5280/5009/3370 4794/5008/3369 5050/4915/3276 5704/4914/3275
f 5281/5011/3372 5705/4912/3273 4921/4588/2821 4665/4587/2820
f 4809/5014/3375 5284/5019/3380 5705/4912/3273 5281/5011/3372
f 5284/5019/3380 4793/5018/3379 5049/4913/3274 5705/4912/3273
f 5285/5021/3382 5706/4910/3271 4920/4581/2815 4664/4580/2814
f 4810/5024/3385 5288/5029/3390 5706/4910/3271 5285/5021/3382
f 5288/5029/3390 4792/5028/3389 5048/4911/3272 5706/4910/3271
f 5289/5031/3392 5707/4908/3269 4919/4576/2810 4663/4575/2809
f 4811/5034/3395 5292/5039/3400 5707/4908/3269 5289/5031/3392
f 5292/5039/3400 4791/5038/3399 5047/4909/3270 5707/4908/3269
f 5293/5041/3402 5708/4906/3267 4918/4571/2805 4662/4570/2804
f 4812/5044/3405 5296/5049/3410 5708/4906/3267 5293/5041/3402
f 5296/5049/3410 4790/5048/3409 5046/4907/3268 5708/4906/3267
f 5297/5051/3412 5709/4904/3265 4917/4566/2801 4661/4565/2800
f 4813/5054/3415 5300/5059/3420 5709/4904/3265 5297/5051/3412
f 5300/5059/3420 4789/5058/3419 5045/4905/3266 5709/4904/3265
f 5301/5061/3422 5710/4902/3263 4916/4561/2797 4660/4560/2796
f 4814/5064/3425 5304/5069/3430 5710/4902/3263 5301/5061/3422
f 5304/5069/3430 4788/5068/3429 5044/4903/3264 5710/4902/3263
f 5305/5071/3432 5711/4900/3261 4915/4556/2792 4659/4555/2791
f 4815/5074/3435 5308/5079/3440 5711/4900/3261 5305/5071/3432
f 5308/5079/3440 4787/5078/3439 5043/4901/3262 5711/4900/3261
f 5309/5081/3442 5712/4898/3259 4914/4551/2787 4658/4550/2786
f 4816/5084/3445 5312/5089/3450 5712/4898/3259 5309/5081/3442
f 5312/5089/3450 4786/5088/3449 5042/4899/3260 5712/4898/3259
f 5313/5091/3452 5713/4896/3257 4913/4546/2782 4657/4545/2781
f 4817/5094/3455 5316/5099/3460 5713/4896/3257 5313/5091/3452
f 5316/5099/3460 4785/5098/3459 5041/4897/3258 5713/4896/3257
f 5317/5101/3462 5714/4894/3255 4912/4541/2778 4656/4540/2777
f 4818/5104/3465 5320/5109/3470 5714/4894/3255 5317/5101/3462
f 5320/5109/3470 4784/5108/3469 5040/4895/3256 5714/4894/3255
f 5321/5111/3472 5715/4892/3253 4911/4536/2774 4655/4535/2773
f 4819/5114/3475 5324/5119/3480 5715/4892/3253 5321/5111/3472
f 5324/5119/3480 4783/5118/3479 5039/4893/3254 5715/4892/3253
f 5325/5121/3482 5716/4890/3251 4910/4531/2769 4654/4530/2768
f 4820/5124/3485 5328/5129/3490 5716/4890/3251 5325/5121/3482
f 5328/5129/3490 4782/5128/3489 5038/4891/3252 5716/4890/3251
f 5329/5131/3492 5717/4888/3249 4909/4526/2765 4653/4525/2764
f 4821/5134/3495 5332/5139/3500 5717/4888/3249 5329/5131/3492
f 5332/5139/3500 4781/5138/3499 5037/4889/3250 5717/4888/3249
f 5333/5141/3502 5718/4886/3247 4908/4521/2760 4652/4520/2759
f 4822/5144/3505 5336/5149/3510 5718/4886/3247 5333/5141/3502
f 5336/5149/3510 4780/5148/3509 5036/4887/3248 5718/4886/3247
f 5337/5151/3512 5719/4884/3245 4907/4516/2756 4651/4515/2755
f 4823/5154/3515 5340/5159/3520 5719/4884/3245 5337/5151/3512
f 5340/5159/3520 4779/5158/3519 5035/4885/3246 5719/4884/3245
f 5341/5161/3522 5720/4882/3243 4906/4511/2751 4650/4510/2750
f 4824/5164/3525 5344/5169/3530 5720/4882/3243 5341/5161/3522
f 5344/5169/3530 4778/5168/3529 5034/4883/3244 5720/4882/3243
f 5345/5171/3532 5721/4880/3241 4905/4506/2746 4649/4505/2745
f 4825/5174/3535 5348/5179/3540 5721/4880/3241 5345/5171/3532
f 5348/5179/3540 4777/5178/3539 5033/4881/3242 5721/4880/3241
f 5349/5181/3542 5722/4878/3239 4904/4501/2742 4648/4500/2741
f 4826/5184/3545 5352/5189/3550 5722/4878/3239 5349/5181/3542
f 5352/5189/3550 4776/5188/3549 5032/4879/3240 5722/4878/3239
f 5353/5191/3552 5723/4876/3237 4903/4496/2737 4647/4495/2736
f 4827/5194/3555 5356/5199/3560 5723/4876/3237 5353/5191/3552
f 5356/5199/3560 4775/5198/3559 5031/4877/3238 5723/4876/3237
f 5357/5201/3562 5724/4874/3235 4902/4491/2732 4646/4490/2731
f 4828/5204/3565 5360/5209/3570 5724/4874/3235 5357/5201/3562
f 5360/5209/3570 4774/5208/3569 5030/4875/3236 5724/4874/3235
f 5361/5211/3572 5725/4872/3233 4901/4486/2728 4645/4485/2727
f 4829/5214/3575 5364/5219/3580 5725/4872/3233 5361/5211/3572
f 5364/5219/3580 4773/5218/3579 5029/4873/3234 5725/4872/3233
f 5365/5221/3582 5726/4870/3231 4900/4481/2724 4644/4480/2723
f 4830/5224/3585 5368/5229/3590 5726/4870/3231 5365/5221/3582
f 5368/5229/3590 4772/5228/3589 5028/4871/3232 5726/4870/3231
f 5369/5231/3592 5727/4868/3229 4899/4476/2720 4643/4475/2719
f 4831/5234/3595 5372/5239/3600 5727/4868/3229 5369/5231/3592
f 5372/5239/3600 4771/5238/3599 5027/4869/3230 5727/4868/3229
f 5373/5241/3602 5728/4866/3227 4898/4471/2715 4642/4470/2714
f 4832/5244/3605 5376/5249/3610 5728/4866/3227 5373/5241/3602
f 5376/5249/3610 4770/5248/3609 5026/4867/3228 5728/4866/3227
f 5377/5251/3612 5729/4864/3225 4897/4468/2712 4641/4467/2711
f 4833/5254/3615 5380/5259/3620 5729/4864/3225 5377/5251/3612
f 5380/5259/3620 4769/5258/3619 5025/4865/3226 5729/4864/3225
f 5381/5261/3622 5730/4862/3223 4896/4463/2708 4640/4462/2707
f 4834/5264/3625 5384/5269/3630 5730/4862/3223 5381/5261/3622
f 5384/5269/3630 4768/5268/3629 5024/4863/3224 5730/4862/3223
f 5385/5271/3632 5731/4860/3221 4895/4458/2704 4639/4457/2703
f 4835/5274/3635 5388/5279/3640 5731/4860/3221 5385/5271/3632
f 5388/5279/3640 4767/5278/3639 5023/4861/3222 5731/4860/3221
f 5389/5281/3642 5732/4858/3219 4894/4453/2700 4638/4452/2699
f 4836/5284/3645 5392/5289/3650 5732/4858/3219 5389/5281/3642
f 5392/5289/3650 4766/5288/3649 5022/4859/3220 5732/4858/3219
f 5393/5291/3652 5733/4856/3217 4893/4448/2695 4637/4447/2694
f 4837/5294/3655 5396/5299/3660 5733/4856/3217 5393/5291/3652
f 5396/5299/3660 4765/5298/3659 5021/4857/3218 5733/4856/3217
f 5397/5301/3662 5734/4854/3215 4892/4443/2691 4636/4442/2690
f 4838/5304/3665 5400/5309/3670 5734/4854/3215 5397/5301/3662
f 5400/5309/3670 4764/5308/3669 5020/4855/3216 5734/4854/3215
f 5401/5311/3672 5735/4852/3213 4891/4438/2686 4635/4437/2685
f 4839/5314/3675 5404/5319/3680 5735/4852/3213 5401/5311/3672
f 5404/5319/3680 4763/5318/3679 5019/4853/3214 5735/4852/3213
f 5405/5321/3682 5736/4850/3211 4890/4433/2682 4634/4432/2681
f 4840/5324/3685 5408/5329/3690 5736/4850/3211 5405/5321/3682
f 5408/5329/3690 4762/5328/3689 5018/4851/3212 5736/4850/3211
f 5409/5331/3692 5737/4848/3209 4889/4428/2678 4633/4427/2677
f 4841/5334/3695 5412/5339/3700 5737/4848/3209 5409/5331/3692
f 5412/5339/3700 4761/5338/3699 5017/4849/3210 5737/4848/3209
f 5413/5341/3702 5738/4846/3207 4888/4421/2672 4632/4420/2671
f 4842/5344/3705 5416/5349/3710 5738/4846/3207 5413/5341/3702
f 5416/5349/3710 4760/5348/3709 5016/4847/3208 5738/4846/3207
f 5417/5351/3712 5739/4844/3205 4887/4416/2667 4631/4415/2666
f 4843/5354/3715 5420/5359/3720 5739/4844/3205 5417/5351/3712
f 5420/5359/3720 4759/5358/3719 5015/4845/3206 5739/4844/3205
f 5421/5361/3722 5740/4842/3203 4886/4411/2662 4630/4410/2661
f 4844/5364/3725 5424/5369/3730 5740/4842/3203 5421/5361/3722
f 5424/5369/3730 4758/5368/3729 5014/4843/3204 5740/4842/3203
f 5425/5371/3732 5741/4840/3201 4885/4406/2658 4629/4405/2657
f 4845/5374/3735 5428/5379/3740 5741/4840/3201 5425/5371/3732
f 5428/5379/3740 4757/5378/3739 5013/4841/3202 5741/4840/3201
f 5429/5381/3742 5742/4838/3199 4884/4401/2654 4628/4400/2653
f 4846/5384/3745 5432/5389/3750 5742/4838/3199 5429/5381/3742
f 5432/5389/3750 4756/5388/3749 5012/4839/3200 5742/4838/3199
f 5433/5391/3752 5743/4836/3197 4883/4396/2650 4627/4395/2649
f 4847/5394/3755 5436/5399/3760 5743/4836/3197 5433/5391/3752
f 5436/5399/3760 4755/5398/3759 5011/4837/3198 5743/4836/3197
f 5437/5401/3762 5744/4834/3195 4882/4391/2645 4626/4390/2644
f 4848/5404/3765 5440/5409/3770 5744/4834/3195 5437/5401/3762
f 5440/5409/3770 4754/5408/3769 5010/4835/3196 5744/4834/3195
f 5441/5411/3772 5745/4832/3193 4881/4386/2641 4625/4385/2640
f 4849/5414/3775 5444/5419/3780 5745/4832/3193 5441/5411/3772
f 5444/5419/3780 4753/5418/3779 5009/4833/3194 5745/4832/3193
f 5445/5421/3782 5746/4830/3191 4880/4379/2637 4624/4378/2636
f 4850/5424/3785 5448/5429/3790 5746/4830/3191 5445/5421/3782
f 5448/5429/3790 4752/5428/3789 5008/4831/3192 5746/4830/3191
f 5449/5431/3792 5747/4828/3189 4879/4374/2633 4623/4373/2632
f 4851/5434/3795 5452/5439/3800 5747/4828/3189 5449/5431/3792
f 5452/5439/3800 4751/5438/3799 5007/4829/3190 5747/4828/3189
f 5453/5441/3802 5748/4826/3187 4878/4369/2628 4622/4368/2627
f 4852/5444/3805 5456/5449/3810 5748/4826/3187 5453/5441/3802
f 5456/5449/3810 4750/5448/3809 5006/4827/3188 5748/4826/3187
f 5457/5451/3812 5749/4824/3185 4877/4364/2624 4621/4363/2623
f 4853/5454/3815 5460/5459/3820 5749/4824/3185 5457/5451/3812
f 5460/5459/3820 4749/5458/3819 5005/4825/3186 5749/4824/3185
f 5461/5461/3822 5750/4822/3183 4876/4359/2619 4620/4358/2618
f 4854/5464/3825 5464/5469/3830 5750/4822/3183 5461/5461/3822
f 5464/5469/3830 4748/5468/3829 5004/4823/3184 5750/4822/3183
f 5465/5471/3832 5751/4820/3181 4875/4354/2615 4619/4353/2614
f 4855/5474/3835 5468/5479/3840 5751/4820/3181 5465/5471/3832
f 5468/5479/3840 4747/5478/3839 5003/4821/3182 5751/4820/3181
f 5469/5481/3842 5752/4818/3179 4874/4349/2610 4618/4348/2609
f 4856/5484/3845 5472/5489/3850 5752/4818/3179 5469/5481/3842
f 5472/5489/3850 4746/5488/3849 5002/4819/3180 5752/4818/3179
f 5473/5491/3852 5753/4816/3177 4873/4344/2605 4617/4343/2604
f 4857/5494/3855 5476/5499/3860 5753/4816/3177 5473/5491/3852
f 5476/5499/3860 4745/5498/3859 5001/4817/3178 5753/4816/3177
f 5477/5501/3862 5754/4814/3175 4872/4341/2602 4616/4340/2601
f 4858/5504/3865 5480/5509/3870 5754/4814/3175 5477/5501/3862
f 5480/5509/3870 4744/5508/3869 5000/4815/3176 5754/4814/3175
f 5481/5511/3872 5755/4812/3173 5063/4336/2598 4615/4335/2597
f 4859/5514/3875 5484/5519/3880 5755/4812/3173 5481/5511/3872
f 5484/5519/3880 4743/5518/3879 4999/4813/3174 5755/4812/3173
f 5485/5521/3882 5756/4810/3171 5115/4594/2827 4667/4593/2826
f 4860/5524/3885 5488/5529/3890 5756/4810/3171 5485/5521/3882
f 5488/5529/3890 4742/5528/3889 4998/4811/3172 5756/4810/3171
f 5489/5531/3892 5757/4808/3169 5061/4208/2549 4613/4207/2548
f 4861/5534/3895 5492/5539/3900 5757/4808/3169 5489/5531/3892
f 5492/5539/3900 4741/5538/3899 4997/4809/3170 5757/4808/3169
f 5493/5541/3902 5758/4806/3167 5117/4600/2833 4669/4599/2832
f 4862/5544/3905 5496/5549/3910 5758/4806/3167 5493/5541/3902
f 5496/5549/3910 4740/5548/3909 4996/4807/3168 5758/4806/3167
f 5497/5551/3912 5759/4804/3165 5059/4064/2438 4611/4063/2437
f 4863/5554/3915 5500/5559/3920 5759/4804/3165 5497/5551/3912
f 5500/5559/3920 4739/5558/3919 4995/4805/3166 5759/4804/3165
f 5501/5561/3922 5760/4802/3163 5119/4606/2839 4671/4605/2838
f 4864/5564/3925 5504/5569/3930 5760/4802/3163 5501/5561/3922
f 5504/5569/3930 4738/5568/3929 4994/4803/3164 5760/4802/3163
