# Blender 4.3.2
# www.blender.org
mtllib 瓷器2.mtl
o bottom
v 0.044093 0.020839 -0.000000
v 0.043960 0.018008 -0.000000
v 0.043724 0.015586 -0.000000
v 0.043306 0.013269 -0.000000
v 0.042616 0.011109 -0.000000
v 0.041563 0.009159 -0.000000
v 0.040057 0.007469 -0.000000
v 0.038027 0.006071 -0.000000
v 0.035545 0.004857 -0.000000
v 0.032750 0.003716 -0.000000
v 0.029688 0.002668 -0.000000
v 0.026394 0.001756 -0.000000
v 0.022898 0.001025 -0.000000
v 0.019234 0.000516 -0.000000
v 0.014399 0.000237 -0.000000
v 0.003260 -0.000000 -0.000000
v 0.040737 0.020839 -0.016874
v 0.040614 0.018008 -0.016823
v 0.040396 0.015586 -0.016732
v 0.040010 0.013269 -0.016573
v 0.039372 0.011109 -0.016309
v 0.038399 0.009159 -0.015906
v 0.037007 0.007469 -0.015329
v 0.035132 0.006071 -0.014552
v 0.032840 0.004857 -0.013603
v 0.030257 0.003716 -0.012533
v 0.027428 0.002668 -0.011361
v 0.024385 0.001756 -0.010100
v 0.021155 0.001025 -0.008763
v 0.017770 0.000516 -0.007361
v 0.013303 0.000237 -0.005510
v 0.003012 -0.000000 -0.001248
v 0.031179 0.020839 -0.031179
v 0.031085 0.018008 -0.031085
v 0.030917 0.015586 -0.030917
v 0.030622 0.013269 -0.030622
v 0.030134 0.011109 -0.030134
v 0.029390 0.009159 -0.029390
v 0.028324 0.007469 -0.028324
v 0.026889 0.006071 -0.026889
v 0.025134 0.004857 -0.025134
v 0.023157 0.003716 -0.023157
v 0.020993 0.002668 -0.020993
v 0.018663 0.001756 -0.018663
v 0.016192 0.001025 -0.016192
v 0.013601 0.000516 -0.013601
v 0.010182 0.000237 -0.010182
v 0.002305 -0.000000 -0.002305
v 0.016874 0.020839 -0.040737
v 0.016823 0.018008 -0.040614
v 0.016732 0.015586 -0.040396
v 0.016573 0.013269 -0.040010
v 0.016309 0.011109 -0.039372
v 0.015906 0.009159 -0.038399
v 0.015329 0.007469 -0.037007
v 0.014552 0.006071 -0.035132
v 0.013603 0.004857 -0.032840
v 0.012533 0.003716 -0.030257
v 0.011361 0.002668 -0.027428
v 0.010100 0.001756 -0.024385
v 0.008763 0.001025 -0.021155
v 0.007361 0.000516 -0.017770
v 0.005510 0.000237 -0.013303
v 0.001248 -0.000000 -0.003012
v -0.000000 0.020839 -0.044093
v -0.000000 0.018008 -0.043960
v -0.000000 0.015586 -0.043724
v -0.000000 0.013269 -0.043306
v -0.000000 0.011109 -0.042616
v -0.000000 0.009159 -0.041563
v -0.000000 0.007469 -0.040057
v -0.000000 0.006071 -0.038027
v -0.000000 0.004857 -0.035545
v -0.000000 0.003716 -0.032750
v -0.000000 0.002668 -0.029688
v -0.000000 0.001756 -0.026394
v -0.000000 0.001025 -0.022898
v -0.000000 0.000516 -0.019234
v -0.000000 0.000237 -0.014399
v -0.000000 -0.000000 -0.003260
v -0.016874 0.020839 -0.040737
v -0.016823 0.018008 -0.040614
v -0.016732 0.015586 -0.040396
v -0.016573 0.013269 -0.040010
v -0.016309 0.011109 -0.039372
v -0.015906 0.009159 -0.038399
v -0.015329 0.007469 -0.037007
v -0.014552 0.006071 -0.035132
v -0.013603 0.004857 -0.032840
v -0.012533 0.003716 -0.030257
v -0.011361 0.002668 -0.027428
v -0.010100 0.001756 -0.024385
v -0.008763 0.001025 -0.021155
v -0.007361 0.000516 -0.017770
v -0.005510 0.000237 -0.013303
v -0.001248 -0.000000 -0.003012
v -0.031179 0.020839 -0.031179
v -0.031085 0.018008 -0.031085
v -0.030917 0.015586 -0.030917
v -0.030622 0.013269 -0.030622
v -0.030134 0.011109 -0.030134
v -0.029390 0.009159 -0.029390
v -0.028324 0.007469 -0.028324
v -0.026889 0.006071 -0.026889
v -0.025134 0.004857 -0.025134
v -0.023157 0.003716 -0.023157
v -0.020993 0.002668 -0.020993
v -0.018663 0.001756 -0.018663
v -0.016192 0.001025 -0.016192
v -0.013601 0.000516 -0.013601
v -0.010182 0.000237 -0.010182
v -0.002305 -0.000000 -0.002305
v -0.040737 0.020839 -0.016874
v -0.040614 0.018008 -0.016823
v -0.040396 0.015586 -0.016732
v -0.040010 0.013269 -0.016573
v -0.039372 0.011109 -0.016309
v -0.038399 0.009159 -0.015906
v -0.037007 0.007469 -0.015329
v -0.035132 0.006071 -0.014552
v -0.032840 0.004857 -0.013603
v -0.030257 0.003716 -0.012533
v -0.027428 0.002668 -0.011361
v -0.024385 0.001756 -0.010100
v -0.021155 0.001025 -0.008763
v -0.017770 0.000516 -0.007361
v -0.013303 0.000237 -0.005510
v -0.003012 -0.000000 -0.001248
v -0.044093 0.020839 0.000000
v -0.043960 0.018008 0.000000
v -0.043724 0.015586 0.000000
v -0.043306 0.013269 0.000000
v -0.042616 0.011109 0.000000
v -0.041563 0.009159 0.000000
v -0.040057 0.007469 0.000000
v -0.038027 0.006071 0.000000
v -0.035545 0.004857 0.000000
v -0.032750 0.003716 0.000000
v -0.029688 0.002668 0.000000
v -0.026394 0.001756 0.000000
v -0.022898 0.001025 0.000000
v -0.019234 0.000516 0.000000
v -0.014399 0.000237 0.000000
v -0.003260 -0.000000 0.000000
v -0.040737 0.020839 0.016874
v -0.040614 0.018008 0.016823
v -0.040396 0.015586 0.016732
v -0.040010 0.013269 0.016573
v -0.039372 0.011109 0.016309
v -0.038399 0.009159 0.015906
v -0.037007 0.007469 0.015329
v -0.035132 0.006071 0.014552
v -0.032840 0.004857 0.013603
v -0.030257 0.003716 0.012533
v -0.027428 0.002668 0.011361
v -0.024385 0.001756 0.010100
v -0.021155 0.001025 0.008763
v -0.017770 0.000516 0.007361
v -0.013303 0.000237 0.005510
v -0.003012 -0.000000 0.001248
v -0.031179 0.020839 0.031179
v -0.031084 0.018008 0.031085
v -0.030917 0.015586 0.030917
v -0.030622 0.013269 0.030622
v -0.030134 0.011110 0.030134
v -0.029390 0.009159 0.029390
v -0.028324 0.007469 0.028324
v -0.026889 0.006071 0.026889
v -0.025134 0.004857 0.025134
v -0.023157 0.003716 0.023157
v -0.020993 0.002668 0.020993
v -0.018663 0.001756 0.018663
v -0.016192 0.001025 0.016192
v -0.013601 0.000516 0.013601
v -0.010182 0.000237 0.010182
v -0.002305 -0.000000 0.002305
v -0.016874 0.020839 0.040737
v -0.016823 0.018008 0.040614
v -0.016732 0.015586 0.040396
v -0.016573 0.013269 0.040010
v -0.016308 0.011110 0.039372
v -0.015906 0.009159 0.038399
v -0.015329 0.007469 0.037007
v -0.014552 0.006071 0.035132
v -0.013603 0.004857 0.032840
v -0.012533 0.003716 0.030257
v -0.011361 0.002668 0.027428
v -0.010100 0.001756 0.024385
v -0.008763 0.001025 0.021155
v -0.007361 0.000516 0.017770
v -0.005510 0.000237 0.013303
v -0.001248 -0.000000 0.003012
v 0.000000 0.020839 0.044093
v 0.000000 0.018008 0.043960
v 0.000000 0.015586 0.043724
v 0.000000 0.013269 0.043306
v 0.000000 0.011110 0.042616
v 0.000000 0.009159 0.041563
v 0.000000 0.007469 0.040057
v 0.000000 0.006071 0.038027
v 0.000000 0.004857 0.035545
v 0.000000 0.003716 0.032750
v 0.000000 0.002668 0.029688
v 0.000000 0.001756 0.026394
v 0.000000 0.001025 0.022898
v 0.000000 0.000516 0.019234
v 0.000000 0.000237 0.014399
v 0.000000 -0.000000 0.003260
v 0.016874 0.020839 0.040737
v 0.016823 0.018008 0.040614
v 0.016732 0.015586 0.040396
v 0.016573 0.013269 0.040010
v 0.016309 0.011110 0.039372
v 0.015906 0.009159 0.038399
v 0.015329 0.007469 0.037007
v 0.014552 0.006071 0.035132
v 0.013603 0.004857 0.032840
v 0.012533 0.003716 0.030257
v 0.011361 0.002668 0.027428
v 0.010100 0.001756 0.024385
v 0.008763 0.001025 0.021155
v 0.007361 0.000516 0.017770
v 0.005510 0.000237 0.013303
v 0.001248 -0.000000 0.003012
v 0.031179 0.020839 0.031179
v 0.031085 0.018008 0.031084
v 0.030918 0.015586 0.030917
v 0.030622 0.013269 0.030622
v 0.030134 0.011110 0.030134
v 0.029390 0.009159 0.029390
v 0.028324 0.007469 0.028324
v 0.026889 0.006071 0.026889
v 0.025134 0.004857 0.025134
v 0.023157 0.003716 0.023157
v 0.020993 0.002668 0.020993
v 0.018663 0.001756 0.018663
v 0.016192 0.001025 0.016192
v 0.013601 0.000516 0.013601
v 0.010182 0.000237 0.010182
v 0.002305 -0.000000 0.002305
v 0.040737 0.020839 0.016874
v 0.040614 0.018008 0.016823
v 0.040396 0.015586 0.016732
v 0.040010 0.013269 0.016573
v 0.039372 0.011110 0.016309
v 0.038399 0.009159 0.015906
v 0.037007 0.007469 0.015329
v 0.035132 0.006071 0.014552
v 0.032840 0.004857 0.013603
v 0.030257 0.003716 0.012533
v 0.027428 0.002668 0.011361
v 0.024385 0.001756 0.010100
v 0.021155 0.001025 0.008763
v 0.017770 0.000516 0.007361
v 0.013303 0.000237 0.005510
v 0.003012 -0.000000 0.001248
v 0.043268 0.023153 -0.008607
v 0.043184 0.019241 -0.008590
v 0.043008 0.016787 -0.008555
v 0.042699 0.014412 -0.008493
v 0.042167 0.012167 -0.008388
v 0.041323 0.010105 -0.008220
v 0.040079 0.008278 -0.007972
v 0.038346 0.006739 -0.007628
v 0.036119 0.005449 -0.007185
v 0.033520 0.004277 -0.006667
v 0.030644 0.003177 -0.006095
v 0.027524 0.002192 -0.005475
v 0.024191 0.001366 -0.004812
v 0.020676 0.000740 -0.004113
v 0.017013 0.000359 -0.003384
v 0.009172 0.000117 -0.001824
v 0.036681 0.023153 -0.024509
v 0.036610 0.019241 -0.024462
v 0.036461 0.016787 -0.024362
v 0.036198 0.014412 -0.024187
v 0.035747 0.012167 -0.023886
v 0.035032 0.010105 -0.023408
v 0.033978 0.008278 -0.022703
v 0.032508 0.006739 -0.021721
v 0.030620 0.005449 -0.020460
v 0.028417 0.004277 -0.018987
v 0.025979 0.003177 -0.017358
v 0.023333 0.002192 -0.015591
v 0.020508 0.001366 -0.013703
v 0.017529 0.000740 -0.011712
v 0.014423 0.000359 -0.009637
v 0.007776 0.000117 -0.005196
v 0.024509 0.023153 -0.036681
v 0.024462 0.019241 -0.036610
v 0.024362 0.016787 -0.036461
v 0.024187 0.014412 -0.036198
v 0.023886 0.012167 -0.035747
v 0.023408 0.010105 -0.035032
v 0.022703 0.008278 -0.033978
v 0.021721 0.006739 -0.032508
v 0.020460 0.005449 -0.030620
v 0.018987 0.004277 -0.028417
v 0.017358 0.003177 -0.025979
v 0.015591 0.002192 -0.023333
v 0.013703 0.001366 -0.020508
v 0.011712 0.000740 -0.017529
v 0.009637 0.000359 -0.014423
v 0.005196 0.000117 -0.007776
v 0.008607 0.023153 -0.043268
v 0.008590 0.019241 -0.043184
v 0.008555 0.016787 -0.043008
v 0.008493 0.014412 -0.042699
v 0.008387 0.012167 -0.042167
v 0.008220 0.010105 -0.041323
v 0.007972 0.008278 -0.040079
v 0.007627 0.006739 -0.038346
v 0.007185 0.005449 -0.036119
v 0.006667 0.004277 -0.033520
v 0.006095 0.003177 -0.030644
v 0.005475 0.002192 -0.027524
v 0.004812 0.001366 -0.024191
v 0.004113 0.000740 -0.020676
v 0.003384 0.000359 -0.017013
v 0.001824 0.000117 -0.009172
v -0.008607 0.023153 -0.043268
v -0.008590 0.019241 -0.043184
v -0.008555 0.016787 -0.043008
v -0.008493 0.014412 -0.042699
v -0.008388 0.012167 -0.042167
v -0.008220 0.010105 -0.041323
v -0.007972 0.008278 -0.040079
v -0.007628 0.006739 -0.038346
v -0.007185 0.005449 -0.036119
v -0.006667 0.004277 -0.033520
v -0.006095 0.003177 -0.030644
v -0.005475 0.002192 -0.027524
v -0.004812 0.001366 -0.024191
v -0.004113 0.000740 -0.020676
v -0.003384 0.000359 -0.017013
v -0.001824 0.000117 -0.009172
v -0.024509 0.023153 -0.036681
v -0.024462 0.019241 -0.036610
v -0.024362 0.016787 -0.036461
v -0.024187 0.014412 -0.036198
v -0.023886 0.012167 -0.035747
v -0.023408 0.010105 -0.035032
v -0.022703 0.008278 -0.033978
v -0.021721 0.006739 -0.032508
v -0.020460 0.005449 -0.030620
v -0.018987 0.004277 -0.028417
v -0.017358 0.003177 -0.025979
v -0.015591 0.002192 -0.023333
v -0.013703 0.001366 -0.020508
v -0.011712 0.000740 -0.017529
v -0.009637 0.000359 -0.014423
v -0.005196 0.000117 -0.007776
v -0.036681 0.023153 -0.024509
v -0.036610 0.019241 -0.024462
v -0.036461 0.016787 -0.024362
v -0.036198 0.014412 -0.024187
v -0.035747 0.012167 -0.023886
v -0.035032 0.010105 -0.023408
v -0.033978 0.008278 -0.022703
v -0.032508 0.006739 -0.021721
v -0.030620 0.005449 -0.020460
v -0.028417 0.004277 -0.018987
v -0.025979 0.003177 -0.017358
v -0.023333 0.002192 -0.015591
v -0.020508 0.001366 -0.013703
v -0.017529 0.000740 -0.011712
v -0.014423 0.000359 -0.009637
v -0.007776 0.000117 -0.005196
v -0.043268 0.023153 -0.008607
v -0.043184 0.019241 -0.008590
v -0.043008 0.016787 -0.008555
v -0.042699 0.014412 -0.008493
v -0.042167 0.012167 -0.008387
v -0.041323 0.010105 -0.008220
v -0.040079 0.008278 -0.007972
v -0.038346 0.006739 -0.007627
v -0.036119 0.005449 -0.007185
v -0.033520 0.004277 -0.006667
v -0.030644 0.003177 -0.006095
v -0.027524 0.002192 -0.005475
v -0.024191 0.001366 -0.004812
v -0.020676 0.000740 -0.004113
v -0.017013 0.000359 -0.003384
v -0.009172 0.000117 -0.001824
v -0.043268 0.023153 0.008607
v -0.043184 0.019241 0.008590
v -0.043008 0.016787 0.008555
v -0.042699 0.014412 0.008493
v -0.042167 0.012167 0.008387
v -0.041323 0.010105 0.008220
v -0.040079 0.008278 0.007972
v -0.038346 0.006739 0.007628
v -0.036119 0.005449 0.007185
v -0.033520 0.004277 0.006667
v -0.030644 0.003177 0.006095
v -0.027524 0.002192 0.005475
v -0.024191 0.001366 0.004812
v -0.020676 0.000740 0.004113
v -0.017013 0.000359 0.003384
v -0.009172 0.000117 0.001824
v -0.036681 0.023153 0.024509
v -0.036610 0.019241 0.024462
v -0.036461 0.016787 0.024362
v -0.036198 0.014412 0.024187
v -0.035747 0.012167 0.023886
v -0.035032 0.010105 0.023408
v -0.033978 0.008278 0.022703
v -0.032508 0.006739 0.021721
v -0.030620 0.005449 0.020460
v -0.028417 0.004277 0.018987
v -0.025979 0.003177 0.017358
v -0.023333 0.002192 0.015591
v -0.020508 0.001366 0.013703
v -0.017529 0.000740 0.011712
v -0.014423 0.000359 0.009637
v -0.007776 0.000117 0.005196
v -0.024509 0.023153 0.036681
v -0.024462 0.019241 0.036610
v -0.024362 0.016787 0.036461
v -0.024187 0.014412 0.036198
v -0.023886 0.012167 0.035747
v -0.023408 0.010105 0.035032
v -0.022703 0.008278 0.033978
v -0.021721 0.006739 0.032508
v -0.020460 0.005449 0.030620
v -0.018987 0.004277 0.028417
v -0.017358 0.003177 0.025979
v -0.015591 0.002192 0.023333
v -0.013703 0.001366 0.020508
v -0.011712 0.000740 0.017529
v -0.009637 0.000359 0.014423
v -0.005196 0.000117 0.007776
v -0.008607 0.023153 0.043268
v -0.008590 0.019241 0.043184
v -0.008555 0.016787 0.043008
v -0.008493 0.014412 0.042699
v -0.008387 0.012167 0.042167
v -0.008220 0.010105 0.041323
v -0.007972 0.008278 0.040079
v -0.007627 0.006739 0.038346
v -0.007185 0.005449 0.036119
v -0.006667 0.004277 0.033520
v -0.006095 0.003177 0.030644
v -0.005475 0.002192 0.027524
v -0.004812 0.001366 0.024191
v -0.004113 0.000740 0.020676
v -0.003384 0.000359 0.017013
v -0.001824 0.000117 0.009172
v 0.008607 0.023153 0.043268
v 0.008590 0.019241 0.043184
v 0.008555 0.016787 0.043008
v 0.008493 0.014412 0.042699
v 0.008388 0.012167 0.042167
v 0.008220 0.010105 0.041323
v 0.007972 0.008278 0.040079
v 0.007628 0.006739 0.038346
v 0.007185 0.005449 0.036119
v 0.006667 0.004277 0.033520
v 0.006095 0.003177 0.030644
v 0.005475 0.002192 0.027524
v 0.004812 0.001366 0.024191
v 0.004113 0.000740 0.020676
v 0.003384 0.000359 0.017013
v 0.001824 0.000117 0.009172
v 0.024509 0.023153 0.036681
v 0.024462 0.019241 0.036610
v 0.024362 0.016787 0.036461
v 0.024187 0.014412 0.036198
v 0.023886 0.012167 0.035747
v 0.023408 0.010105 0.035032
v 0.022703 0.008278 0.033978
v 0.021721 0.006739 0.032508
v 0.020460 0.005449 0.030620
v 0.018987 0.004277 0.028417
v 0.017358 0.003177 0.025979
v 0.015591 0.002192 0.023333
v 0.013703 0.001366 0.020508
v 0.011712 0.000740 0.017529
v 0.009637 0.000359 0.014423
v 0.005196 0.000117 0.007776
v 0.036681 0.023153 0.024509
v 0.036610 0.019241 0.024462
v 0.036461 0.016787 0.024362
v 0.036198 0.014412 0.024187
v 0.035747 0.012167 0.023886
v 0.035032 0.010105 0.023408
v 0.033978 0.008278 0.022703
v 0.032508 0.006739 0.021721
v 0.030620 0.005449 0.020460
v 0.028417 0.004277 0.018987
v 0.025979 0.003177 0.017358
v 0.023333 0.002192 0.015591
v 0.020508 0.001366 0.013703
v 0.017529 0.000740 0.011712
v 0.014423 0.000359 0.009637
v 0.007776 0.000117 0.005196
v 0.043268 0.023153 0.008607
v 0.043184 0.019241 0.008590
v 0.043008 0.016787 0.008555
v 0.042699 0.014412 0.008493
v 0.042167 0.012167 0.008387
v 0.041323 0.010105 0.008220
v 0.040079 0.008278 0.007972
v 0.038346 0.006739 0.007627
v 0.036119 0.005449 0.007185
v 0.033520 0.004277 0.006667
v 0.030644 0.003177 0.006095
v 0.027524 0.002192 0.005475
v 0.024191 0.001366 0.004812
v 0.020676 0.000740 0.004113
v 0.017013 0.000359 0.003384
v 0.009172 0.000117 0.001824
v 0.043238 0.020839 -0.008601
v 0.044124 0.023153 -0.000000
v 0.040765 0.023153 -0.016886
v 0.043107 0.018008 -0.008575
v 0.044039 0.019241 -0.000000
v 0.040686 0.019241 -0.016853
v 0.042876 0.015586 -0.008529
v 0.043859 0.016787 -0.000000
v 0.040520 0.016787 -0.016784
v 0.042466 0.013269 -0.008447
v 0.043543 0.014412 -0.000000
v 0.040229 0.014412 -0.016663
v 0.041789 0.011110 -0.008312
v 0.043001 0.012167 -0.000000
v 0.039728 0.012167 -0.016456
v 0.040757 0.009159 -0.008107
v 0.042141 0.010105 -0.000000
v 0.038933 0.010105 -0.016127
v 0.039279 0.007469 -0.007813
v 0.040872 0.008278 -0.000000
v 0.037761 0.008278 -0.015641
v 0.037289 0.006071 -0.007417
v 0.039105 0.006739 -0.000000
v 0.036128 0.006739 -0.014965
v 0.034856 0.004857 -0.006933
v 0.036834 0.005449 -0.000000
v 0.034030 0.005449 -0.014096
v 0.032114 0.003716 -0.006388
v 0.034183 0.004277 -0.000000
v 0.031581 0.004277 -0.013081
v 0.029112 0.002668 -0.005791
v 0.031250 0.003177 -0.000000
v 0.028871 0.003177 -0.011959
v 0.025882 0.001756 -0.005148
v 0.028068 0.002192 -0.000000
v 0.025932 0.002192 -0.010741
v 0.022454 0.001025 -0.004466
v 0.024669 0.001366 -0.000000
v 0.022791 0.001366 -0.009440
v 0.018861 0.000516 -0.003752
v 0.021085 0.000740 -0.000000
v 0.019480 0.000740 -0.008069
v 0.014120 0.000237 -0.002809
v 0.017349 0.000359 -0.000000
v 0.016028 0.000359 -0.006639
v 0.003197 -0.000000 -0.000636
v 0.009354 0.000117 -0.000000
v 0.008642 0.000117 -0.003579
v 0.036655 0.020839 -0.024492
v 0.031200 0.023153 -0.031200
v 0.036545 0.018008 -0.024418
v 0.031140 0.019241 -0.031140
v 0.036348 0.015586 -0.024287
v 0.031013 0.016787 -0.031013
v 0.036001 0.013269 -0.024055
v 0.030790 0.014412 -0.030790
v 0.035427 0.011110 -0.023672
v 0.030406 0.012167 -0.030406
v 0.034552 0.009159 -0.023087
v 0.029798 0.010105 -0.029798
v 0.033299 0.007469 -0.022250
v 0.028901 0.008278 -0.028901
v 0.031612 0.006071 -0.021123
v 0.027651 0.006739 -0.027651
v 0.029549 0.004857 -0.019744
v 0.026045 0.005449 -0.026045
v 0.027225 0.003716 -0.018191
v 0.024171 0.004277 -0.024171
v 0.024680 0.002668 -0.016491
v 0.022097 0.003177 -0.022097
v 0.021941 0.001756 -0.014661
v 0.019847 0.002192 -0.019847
v 0.019036 0.001025 -0.012719
v 0.017444 0.001366 -0.017444
v 0.015990 0.000516 -0.010684
v 0.014910 0.000740 -0.014910
v 0.011970 0.000237 -0.007998
v 0.012268 0.000359 -0.012268
v 0.002710 -0.000000 -0.001811
v 0.006614 0.000117 -0.006614
v 0.024492 0.020839 -0.036655
v 0.016885 0.023153 -0.040765
v 0.024418 0.018008 -0.036545
v 0.016853 0.019241 -0.040686
v 0.024287 0.015586 -0.036348
v 0.016784 0.016787 -0.040520
v 0.024055 0.013269 -0.036001
v 0.016663 0.014412 -0.040229
v 0.023672 0.011110 -0.035427
v 0.016456 0.012167 -0.039728
v 0.023087 0.009159 -0.034552
v 0.016127 0.010105 -0.038933
v 0.022250 0.007469 -0.033300
v 0.015641 0.008278 -0.037761
v 0.021123 0.006071 -0.031612
v 0.014965 0.006739 -0.036128
v 0.019744 0.004857 -0.029549
v 0.014096 0.005449 -0.034030
v 0.018191 0.003716 -0.027225
v 0.013081 0.004277 -0.031581
v 0.016491 0.002668 -0.024680
v 0.011959 0.003177 -0.028871
v 0.014661 0.001756 -0.021941
v 0.010741 0.002192 -0.025932
v 0.012719 0.001025 -0.019036
v 0.009440 0.001366 -0.022791
v 0.010684 0.000516 -0.015990
v 0.008069 0.000740 -0.019480
v 0.007998 0.000237 -0.011970
v 0.006639 0.000359 -0.016028
v 0.001811 -0.000000 -0.002710
v 0.003579 0.000117 -0.008642
v 0.008601 0.020839 -0.043238
v -0.000000 0.023153 -0.044124
v 0.008575 0.018008 -0.043107
v -0.000000 0.019241 -0.044039
v 0.008528 0.015586 -0.042876
v -0.000000 0.016787 -0.043859
v 0.008447 0.013269 -0.042466
v -0.000000 0.014412 -0.043543
v 0.008312 0.011110 -0.041789
v -0.000000 0.012167 -0.043001
v 0.008107 0.009159 -0.040757
v -0.000000 0.010105 -0.042141
v 0.007813 0.007469 -0.039279
v -0.000000 0.008278 -0.040872
v 0.007417 0.006071 -0.037289
v -0.000000 0.006739 -0.039105
v 0.006933 0.004857 -0.034856
v -0.000000 0.005449 -0.036834
v 0.006388 0.003716 -0.032114
v -0.000000 0.004277 -0.034183
v 0.005791 0.002668 -0.029112
v -0.000000 0.003177 -0.031250
v 0.005148 0.001756 -0.025882
v -0.000000 0.002192 -0.028068
v 0.004466 0.001025 -0.022454
v -0.000000 0.001366 -0.024669
v 0.003752 0.000516 -0.018861
v -0.000000 0.000740 -0.021085
v 0.002809 0.000237 -0.014120
v -0.000000 0.000359 -0.017349
v 0.000636 -0.000000 -0.003197
v -0.000000 0.000117 -0.009354
v -0.008601 0.020839 -0.043238
v -0.016886 0.023153 -0.040765
v -0.008575 0.018008 -0.043107
v -0.016853 0.019241 -0.040686
v -0.008529 0.015586 -0.042876
v -0.016784 0.016787 -0.040520
v -0.008447 0.013269 -0.042466
v -0.016663 0.014412 -0.040229
v -0.008312 0.011110 -0.041789
v -0.016456 0.012167 -0.039728
v -0.008107 0.009159 -0.040757
v -0.016127 0.010105 -0.038933
v -0.007813 0.007469 -0.039279
v -0.015641 0.008278 -0.037761
v -0.007417 0.006071 -0.037289
v -0.014965 0.006739 -0.036128
v -0.006933 0.004857 -0.034856
v -0.014096 0.005449 -0.034030
v -0.006388 0.003716 -0.032114
v -0.013081 0.004277 -0.031581
v -0.005791 0.002668 -0.029112
v -0.011959 0.003177 -0.028871
v -0.005148 0.001756 -0.025882
v -0.010741 0.002192 -0.025932
v -0.004466 0.001025 -0.022454
v -0.009440 0.001366 -0.022791
v -0.003752 0.000516 -0.018861
v -0.008069 0.000740 -0.019480
v -0.002809 0.000237 -0.014120
v -0.006639 0.000359 -0.016028
v -0.000636 -0.000000 -0.003197
v -0.003579 0.000117 -0.008642
v -0.024492 0.020839 -0.036655
v -0.031200 0.023153 -0.031200
v -0.024418 0.018008 -0.036545
v -0.031140 0.019241 -0.031140
v -0.024287 0.015586 -0.036348
v -0.031013 0.016787 -0.031013
v -0.024055 0.013269 -0.036001
v -0.030790 0.014412 -0.030790
v -0.023672 0.011110 -0.035427
v -0.030406 0.012167 -0.030406
v -0.023087 0.009159 -0.034552
v -0.029798 0.010105 -0.029798
v -0.022250 0.007469 -0.033299
v -0.028901 0.008278 -0.028901
v -0.021123 0.006071 -0.031612
v -0.027651 0.006739 -0.027651
v -0.019744 0.004857 -0.029549
v -0.026045 0.005449 -0.026045
v -0.018191 0.003716 -0.027225
v -0.024171 0.004277 -0.024171
v -0.016491 0.002668 -0.024680
v -0.022097 0.003177 -0.022097
v -0.014661 0.001756 -0.021941
v -0.019847 0.002192 -0.019847
v -0.012719 0.001025 -0.019036
v -0.017444 0.001366 -0.017444
v -0.010684 0.000516 -0.015990
v -0.014910 0.000740 -0.014910
v -0.007998 0.000237 -0.011970
v -0.012268 0.000359 -0.012268
v -0.001811 -0.000000 -0.002710
v -0.006614 0.000117 -0.006614
v -0.036655 0.020839 -0.024492
v -0.040765 0.023153 -0.016885
v -0.036545 0.018008 -0.024418
v -0.040686 0.019241 -0.016853
v -0.036348 0.015586 -0.024287
v -0.040520 0.016787 -0.016784
v -0.036001 0.013269 -0.024055
v -0.040229 0.014412 -0.016663
v -0.035427 0.011110 -0.023672
v -0.039728 0.012167 -0.016456
v -0.034552 0.009159 -0.023087
v -0.038933 0.010105 -0.016127
v -0.033300 0.007469 -0.022250
v -0.037761 0.008278 -0.015641
v -0.031612 0.006071 -0.021123
v -0.036128 0.006739 -0.014965
v -0.029549 0.004857 -0.019744
v -0.034030 0.005449 -0.014096
v -0.027225 0.003716 -0.018191
v -0.031581 0.004277 -0.013081
v -0.024680 0.002668 -0.016491
v -0.028871 0.003177 -0.011959
v -0.021941 0.001756 -0.014661
v -0.025932 0.002192 -0.010741
v -0.019036 0.001025 -0.012719
v -0.022791 0.001366 -0.009440
v -0.015990 0.000516 -0.010684
v -0.019480 0.000740 -0.008069
v -0.011970 0.000237 -0.007998
v -0.016028 0.000359 -0.006639
v -0.002710 -0.000000 -0.001811
v -0.008642 0.000117 -0.003579
v -0.043238 0.020839 -0.008601
v -0.044124 0.023153 0.000000
v -0.043107 0.018008 -0.008575
v -0.044039 0.019241 0.000000
v -0.042876 0.015586 -0.008528
v -0.043859 0.016787 0.000000
v -0.042466 0.013269 -0.008447
v -0.043543 0.014412 0.000000
v -0.041789 0.011110 -0.008312
v -0.043001 0.012167 0.000000
v -0.040757 0.009159 -0.008107
v -0.042141 0.010105 0.000000
v -0.039279 0.007469 -0.007813
v -0.040872 0.008278 0.000000
v -0.037289 0.006071 -0.007417
v -0.039105 0.006739 0.000000
v -0.034856 0.004857 -0.006933
v -0.036834 0.005449 0.000000
v -0.032114 0.003716 -0.006388
v -0.034183 0.004277 0.000000
v -0.029112 0.002668 -0.005791
v -0.031250 0.003177 0.000000
v -0.025882 0.001756 -0.005148
v -0.028068 0.002192 0.000000
v -0.022454 0.001025 -0.004466
v -0.024669 0.001366 0.000000
v -0.018861 0.000516 -0.003752
v -0.021085 0.000740 0.000000
v -0.014120 0.000237 -0.002809
v -0.017349 0.000359 0.000000
v -0.003197 -0.000000 -0.000636
v -0.009354 0.000117 0.000000
v -0.043238 0.020839 0.008601
v -0.040765 0.023153 0.016886
v -0.043107 0.018008 0.008575
v -0.040686 0.019241 0.016853
v -0.042876 0.015586 0.008529
v -0.040520 0.016787 0.016784
v -0.042466 0.013269 0.008447
v -0.040229 0.014412 0.016663
v -0.041789 0.011110 0.008312
v -0.039728 0.012167 0.016456
v -0.040757 0.009159 0.008107
v -0.038933 0.010105 0.016127
v -0.039279 0.007469 0.007813
v -0.037761 0.008278 0.015641
v -0.037289 0.006071 0.007417
v -0.036128 0.006739 0.014965
v -0.034856 0.004857 0.006933
v -0.034030 0.005449 0.014096
v -0.032114 0.003716 0.006388
v -0.031581 0.004277 0.013081
v -0.029112 0.002668 0.005791
v -0.028871 0.003177 0.011959
v -0.025882 0.001756 0.005148
v -0.025932 0.002192 0.010741
v -0.022454 0.001025 0.004466
v -0.022791 0.001366 0.009440
v -0.018861 0.000516 0.003752
v -0.019480 0.000740 0.008069
v -0.014120 0.000237 0.002809
v -0.016028 0.000359 0.006639
v -0.003197 -0.000000 0.000636
v -0.008642 0.000117 0.003579
v -0.036655 0.020839 0.024492
v -0.031200 0.023153 0.031200
v -0.036545 0.018008 0.024418
v -0.031140 0.019241 0.031140
v -0.036348 0.015586 0.024287
v -0.031013 0.016787 0.031013
v -0.036001 0.013270 0.024055
v -0.030790 0.014412 0.030790
v -0.035427 0.011110 0.023672
v -0.030406 0.012167 0.030406
v -0.034552 0.009159 0.023087
v -0.029798 0.010105 0.029798
v -0.033299 0.007469 0.022250
v -0.028901 0.008278 0.028901
v -0.031612 0.006071 0.021123
v -0.027651 0.006739 0.027651
v -0.029549 0.004857 0.019744
v -0.026045 0.005449 0.026045
v -0.027225 0.003716 0.018191
v -0.024171 0.004277 0.024171
v -0.024680 0.002668 0.016491
v -0.022097 0.003177 0.022097
v -0.021941 0.001756 0.014661
v -0.019847 0.002192 0.019847
v -0.019036 0.001025 0.012719
v -0.017444 0.001366 0.017444
v -0.015990 0.000516 0.010684
v -0.014910 0.000740 0.014910
v -0.011970 0.000237 0.007998
v -0.012268 0.000359 0.012268
v -0.002710 -0.000000 0.001811
v -0.006614 0.000117 0.006614
v -0.024492 0.020839 0.036655
v -0.016885 0.023153 0.040765
v -0.024418 0.018008 0.036545
v -0.016853 0.019241 0.040686
v -0.024287 0.015586 0.036348
v -0.016784 0.016787 0.040520
v -0.024055 0.013270 0.036001
v -0.016663 0.014412 0.040229
v -0.023672 0.011110 0.035427
v -0.016456 0.012167 0.039728
v -0.023087 0.009159 0.034552
v -0.016127 0.010105 0.038933
v -0.022250 0.007469 0.033300
v -0.015641 0.008278 0.037761
v -0.021123 0.006071 0.031612
v -0.014965 0.006739 0.036128
v -0.019744 0.004857 0.029549
v -0.014096 0.005449 0.034030
v -0.018191 0.003716 0.027225
v -0.013081 0.004277 0.031581
v -0.016491 0.002668 0.024680
v -0.011959 0.003177 0.028871
v -0.014661 0.001756 0.021941
v -0.010741 0.002192 0.025932
v -0.012719 0.001025 0.019036
v -0.009440 0.001366 0.022791
v -0.010684 0.000516 0.015990
v -0.008069 0.000740 0.019480
v -0.007998 0.000237 0.011970
v -0.006639 0.000359 0.016029
v -0.001811 -0.000000 0.002710
v -0.003579 0.000117 0.008642
v -0.008601 0.020839 0.043238
v 0.000000 0.023153 0.044124
v -0.008575 0.018008 0.043107
v 0.000000 0.019241 0.044039
v -0.008528 0.015586 0.042876
v 0.000000 0.016787 0.043859
v -0.008447 0.013270 0.042466
v 0.000000 0.014412 0.043543
v -0.008312 0.011110 0.041790
v 0.000000 0.012167 0.043001
v -0.008107 0.009159 0.040757
v 0.000000 0.010105 0.042141
v -0.007813 0.007469 0.039279
v 0.000000 0.008278 0.040872
v -0.007417 0.006071 0.037289
v 0.000000 0.006739 0.039105
v -0.006933 0.004857 0.034856
v 0.000000 0.005449 0.036834
v -0.006388 0.003716 0.032114
v 0.000000 0.004277 0.034183
v -0.005791 0.002668 0.029112
v 0.000000 0.003177 0.031250
v -0.005148 0.001756 0.025882
v 0.000000 0.002192 0.028068
v -0.004466 0.001025 0.022454
v 0.000000 0.001366 0.024669
v -0.003752 0.000516 0.018861
v 0.000000 0.000740 0.021085
v -0.002809 0.000237 0.014120
v 0.000000 0.000359 0.017349
v -0.000636 -0.000000 0.003197
v 0.000000 0.000117 0.009354
v 0.008601 0.020839 0.043238
v 0.016886 0.023153 0.040765
v 0.008575 0.018008 0.043107
v 0.016853 0.019241 0.040686
v 0.008529 0.015586 0.042876
v 0.016784 0.016787 0.040520
v 0.008447 0.013270 0.042466
v 0.016663 0.014412 0.040229
v 0.008312 0.011110 0.041789
v 0.016456 0.012167 0.039728
v 0.008107 0.009159 0.040757
v 0.016127 0.010105 0.038933
v 0.007813 0.007469 0.039279
v 0.015641 0.008278 0.037761
v 0.007417 0.006071 0.037289
v 0.014965 0.006739 0.036128
v 0.006933 0.004857 0.034856
v 0.014096 0.005449 0.034030
v 0.006388 0.003716 0.032114
v 0.013081 0.004277 0.031581
v 0.005791 0.002668 0.029112
v 0.011959 0.003177 0.028871
v 0.005148 0.001756 0.025882
v 0.010741 0.002192 0.025932
v 0.004466 0.001025 0.022454
v 0.009440 0.001366 0.022791
v 0.003752 0.000516 0.018861
v 0.008069 0.000740 0.019480
v 0.002809 0.000237 0.014120
v 0.006639 0.000359 0.016028
v 0.000636 -0.000000 0.003197
v 0.003579 0.000117 0.008642
v 0.024492 0.020839 0.036655
v 0.031200 0.023153 0.031200
v 0.024418 0.018008 0.036545
v 0.031140 0.019241 0.031140
v 0.024287 0.015586 0.036348
v 0.031013 0.016787 0.031013
v 0.024055 0.013270 0.036001
v 0.030790 0.014412 0.030790
v 0.023672 0.011110 0.035427
v 0.030406 0.012167 0.030406
v 0.023087 0.009159 0.034552
v 0.029798 0.010105 0.029798
v 0.022250 0.007469 0.033299
v 0.028901 0.008278 0.028901
v 0.021123 0.006071 0.031612
v 0.027651 0.006739 0.027651
v 0.019744 0.004857 0.029549
v 0.026045 0.005449 0.026045
v 0.018191 0.003716 0.027225
v 0.024171 0.004277 0.024171
v 0.016491 0.002668 0.024680
v 0.022097 0.003177 0.022097
v 0.014661 0.001756 0.021941
v 0.019847 0.002192 0.019847
v 0.012719 0.001025 0.019036
v 0.017444 0.001366 0.017444
v 0.010684 0.000516 0.015990
v 0.014910 0.000740 0.014910
v 0.007998 0.000237 0.011970
v 0.012268 0.000359 0.012268
v 0.001811 -0.000000 0.002710
v 0.006614 0.000117 0.006614
v 0.036655 0.020839 0.024492
v 0.040765 0.023153 0.016885
v 0.036545 0.018008 0.024418
v 0.040686 0.019241 0.016853
v 0.036348 0.015586 0.024287
v 0.040520 0.016787 0.016784
v 0.036001 0.013270 0.024055
v 0.040229 0.014412 0.016663
v 0.035427 0.011110 0.023672
v 0.039728 0.012167 0.016456
v 0.034552 0.009159 0.023087
v 0.038933 0.010105 0.016127
v 0.033300 0.007469 0.022250
v 0.037761 0.008278 0.015641
v 0.031612 0.006071 0.021123
v 0.036128 0.006739 0.014965
v 0.029549 0.004857 0.019744
v 0.034030 0.005449 0.014096
v 0.027225 0.003716 0.018191
v 0.031581 0.004277 0.013081
v 0.024680 0.002668 0.016491
v 0.028871 0.003177 0.011959
v 0.021941 0.001756 0.014661
v 0.025932 0.002192 0.010741
v 0.019036 0.001025 0.012719
v 0.022791 0.001366 0.009440
v 0.015990 0.000516 0.010684
v 0.019480 0.000740 0.008069
v 0.011970 0.000237 0.007998
v 0.016028 0.000359 0.006639
v 0.002710 -0.000000 0.001811
v 0.008642 0.000117 0.003579
v 0.043238 0.020839 0.008601
v 0.043107 0.018008 0.008575
v 0.042876 0.015586 0.008528
v 0.042466 0.013269 0.008447
v 0.041790 0.011110 0.008312
v 0.040757 0.009159 0.008107
v 0.039279 0.007469 0.007813
v 0.037289 0.006071 0.007417
v 0.034856 0.004857 0.006933
v 0.032114 0.003716 0.006388
v 0.029112 0.002668 0.005791
v 0.025882 0.001756 0.005148
v 0.022454 0.001025 0.004466
v 0.018861 0.000516 0.003752
v 0.014120 0.000237 0.002809
v 0.003197 -0.000000 0.000636
v 0.000000 -0.000000 -0.000000
v 0.000000 -0.000000 -0.000000
v 0.000000 -0.000000 0.000000
v 0.000000 -0.000000 0.000000
v 0.000000 -0.000000 0.000000
v 0.000000 -0.000000 0.000000
v 0.000000 -0.000000 0.000000
v 0.000000 -0.000000 -0.000000
v 0.000000 -0.000000 -0.000000
v 0.000000 -0.000000 -0.000000
v 0.000000 -0.000000 0.000000
v 0.000000 -0.000000 0.000000
v 0.000000 -0.000000 0.000000
v 0.000000 -0.000000 0.000000
v 0.000000 -0.000000 0.000000
v 0.000000 -0.000000 -0.000000
v 0.000000 -0.000000 -0.000000
v 0.000000 -0.000000 0.000000
v 0.000000 -0.000000 0.000000
v 0.000000 -0.000000 0.000000
v 0.000000 -0.000000 0.000000
v 0.000000 -0.000000 0.000000
v 0.000000 -0.000000 0.000000
v 0.000000 -0.000000 -0.000000
v 0.000000 -0.000000 -0.000000
v 0.000000 -0.000000 0.000000
v 0.000000 -0.000000 0.000000
v 0.000000 -0.000000 0.000000
v 0.000000 -0.000000 0.000000
v 0.000000 -0.000000 0.000000
v 0.000000 -0.000000 0.000000
v 0.000000 -0.000000 -0.000000
vn -0.9236 0.0237 0.3826
vn -0.9805 0.0237 0.1950
vn -0.9807 0.0132 0.1951
vn -0.9238 0.0132 0.3827
vn -0.9997 0.0237 -0.0000
vn -0.9999 0.0132 -0.0000
vn -0.9796 0.0488 0.1949
vn -0.9988 0.0488 -0.0000
vn -0.9228 0.0488 0.3822
vn -0.9214 0.0729 0.3817
vn -0.9782 0.0729 0.1946
vn -0.9973 0.0729 -0.0000
vn -0.9762 0.0970 0.1942
vn -0.9953 0.0970 -0.0000
vn -0.9195 0.0970 0.3809
vn -0.9159 0.1315 0.3794
vn -0.9723 0.1315 0.1934
vn -0.9913 0.1315 -0.0000
vn -0.9653 0.1771 0.1920
vn -0.9842 0.1771 -0.0000
vn -0.9093 0.1771 0.3766
vn -0.8982 0.2342 0.3720
vn -0.9535 0.2342 0.1897
vn -0.9722 0.2342 -0.0000
vn -0.9347 0.3030 0.1859
vn -0.9530 0.3030 -0.0000
vn -0.8804 0.3030 0.3647
vn -0.8534 0.3830 0.3535
vn -0.9060 0.3829 0.1802
vn -0.9238 0.3830 -0.0000
vn -0.8646 0.4720 0.1720
vn -0.8816 0.4721 -0.0000
vn -0.8145 0.4721 0.3374
vn -0.7612 0.5667 0.3153
vn -0.8081 0.5666 0.1608
vn -0.8240 0.5667 -0.0000
vn -0.7357 0.6614 0.1463
vn -0.7500 0.6614 -0.0000
vn -0.6930 0.6614 0.2870
vn -0.6111 0.7500 0.2531
vn -0.6488 0.7499 0.1291
vn -0.6615 0.7500 -0.0000
vn -0.5606 0.8206 0.1115
vn -0.5715 0.8206 -0.0000
vn -0.5280 0.8206 0.2187
vn -0.4592 0.8677 0.1902
vn -0.4875 0.8677 0.0970
vn -0.4970 0.8677 -0.0000
vn -0.4331 0.8972 0.0861
vn -0.4415 0.8973 -0.0000
vn -0.4079 0.8973 0.1690
vn -0.3746 0.9141 0.1552
vn -0.3977 0.9141 0.0791
vn -0.4055 0.9141 -0.0000
vn -0.3718 0.9253 0.0740
vn -0.3791 0.9254 -0.0000
vn -0.3502 0.9254 0.1451
vn -0.3255 0.9359 0.1348
vn -0.3456 0.9359 0.0687
vn -0.3523 0.9359 -0.0000
vn -0.3188 0.9457 0.0634
vn -0.3250 0.9457 -0.0000
vn -0.3002 0.9457 0.1244
vn -0.2742 0.9549 0.1136
vn -0.2912 0.9549 0.0579
vn -0.2968 0.9549 -0.0000
vn -0.2626 0.9635 0.0522
vn -0.2677 0.9635 -0.0000
vn -0.2474 0.9635 0.1025
vn -0.2194 0.9714 0.0909
vn -0.2330 0.9714 0.0463
vn -0.2375 0.9714 -0.0000
vn -0.2021 0.9785 0.0402
vn -0.2060 0.9785 -0.0000
vn -0.1904 0.9785 0.0788
vn -0.1600 0.9849 0.0663
vn -0.1699 0.9849 0.0338
vn -0.1732 0.9849 -0.0000
vn -0.1361 0.9903 0.0271
vn -0.1388 0.9903 -0.0000
vn -0.1282 0.9903 0.0531
vn -0.0950 0.9947 0.0393
vn -0.1008 0.9947 0.0201
vn -0.1028 0.9947 -0.0000
vn -0.0624 0.9980 0.0124
vn -0.0636 0.9980 -0.0000
vn -0.0588 0.9980 0.0244
vn -0.0306 0.9995 0.0127
vn -0.0325 0.9995 0.0065
vn -0.0331 0.9995 -0.0000
vn -0.0212 0.9998 0.0042
vn -0.0216 0.9998 -0.0000
vn -0.0199 0.9998 0.0083
vn -0.0095 0.9999 0.0039
vn -0.0100 0.9999 0.0020
vn -0.0102 0.9999 -0.0000
vn -0.7069 0.0237 0.7069
vn -0.8312 0.0237 0.5554
vn -0.8314 0.0132 0.5555
vn -0.7070 0.0132 0.7070
vn -0.8305 0.0488 0.5549
vn -0.7063 0.0488 0.7063
vn -0.7052 0.0729 0.7052
vn -0.8293 0.0729 0.5541
vn -0.8275 0.0970 0.5530
vn -0.7038 0.0970 0.7038
vn -0.7010 0.1315 0.7010
vn -0.8242 0.1315 0.5507
vn -0.8183 0.1771 0.5468
vn -0.6959 0.1771 0.6959
vn -0.6874 0.2342 0.6874
vn -0.8084 0.2342 0.5401
vn -0.7924 0.3030 0.5295
vn -0.6739 0.3030 0.6739
vn -0.6532 0.3830 0.6532
vn -0.7681 0.3829 0.5132
vn -0.7330 0.4720 0.4898
vn -0.6234 0.4721 0.6234
vn -0.5826 0.5667 0.5826
vn -0.6851 0.5666 0.4578
vn -0.6237 0.6614 0.4167
vn -0.5304 0.6614 0.5304
vn -0.4677 0.7500 0.4677
vn -0.5500 0.7499 0.3675
vn -0.4752 0.8206 0.3175
vn -0.4041 0.8206 0.4041
vn -0.3515 0.8677 0.3515
vn -0.4133 0.8677 0.2762
vn -0.3671 0.8972 0.2453
vn -0.3122 0.8973 0.3122
vn -0.2867 0.9141 0.2867
vn -0.3372 0.9141 0.2253
vn -0.3152 0.9253 0.2106
vn -0.2680 0.9254 0.2680
vn -0.2491 0.9359 0.2491
vn -0.2930 0.9359 0.1958
vn -0.2702 0.9457 0.1806
vn -0.2298 0.9457 0.2298
vn -0.2099 0.9549 0.2099
vn -0.2468 0.9549 0.1649
vn -0.2226 0.9635 0.1488
vn -0.1893 0.9635 0.1893
vn -0.1680 0.9714 0.1680
vn -0.1975 0.9714 0.1320
vn -0.1713 0.9785 0.1145
vn -0.1457 0.9785 0.1457
vn -0.1225 0.9849 0.1225
vn -0.1440 0.9849 0.0962
vn -0.1154 0.9903 0.0771
vn -0.0981 0.9903 0.0981
vn -0.0727 0.9947 0.0727
vn -0.0855 0.9947 0.0571
vn -0.0529 0.9980 0.0354
vn -0.0450 0.9980 0.0450
vn -0.0234 0.9995 0.0234
vn -0.0275 0.9995 0.0184
vn -0.0179 0.9998 0.0120
vn -0.0153 0.9998 0.0153
vn -0.0072 0.9999 0.0072
vn -0.0085 0.9999 0.0057
vn -0.3826 0.0237 0.9236
vn -0.5554 0.0237 0.8312
vn -0.5555 0.0132 0.8314
vn -0.3827 0.0132 0.9238
vn -0.5549 0.0488 0.8305
vn -0.3822 0.0488 0.9228
vn -0.3817 0.0729 0.9214
vn -0.5541 0.0729 0.8293
vn -0.5529 0.0970 0.8275
vn -0.3809 0.0970 0.9195
vn -0.3794 0.1315 0.9159
vn -0.5507 0.1315 0.8242
vn -0.5468 0.1771 0.8183
vn -0.3766 0.1771 0.9093
vn -0.3720 0.2342 0.8982
vn -0.5401 0.2342 0.8084
vn -0.5295 0.3030 0.7924
vn -0.3647 0.3030 0.8804
vn -0.3535 0.3830 0.8534
vn -0.5132 0.3829 0.7681
vn -0.4898 0.4720 0.7330
vn -0.3374 0.4721 0.8145
vn -0.3153 0.5667 0.7612
vn -0.4578 0.5666 0.6851
vn -0.4167 0.6614 0.6237
vn -0.2870 0.6614 0.6930
vn -0.2531 0.7500 0.6111
vn -0.3675 0.7499 0.5500
vn -0.3175 0.8206 0.4752
vn -0.2187 0.8206 0.5280
vn -0.1902 0.8677 0.4592
vn -0.2762 0.8677 0.4133
vn -0.2453 0.8972 0.3671
vn -0.1690 0.8973 0.4079
vn -0.1552 0.9141 0.3746
vn -0.2253 0.9141 0.3372
vn -0.2106 0.9253 0.3152
vn -0.1451 0.9254 0.3502
vn -0.1348 0.9359 0.3255
vn -0.1958 0.9359 0.2930
vn -0.1806 0.9457 0.2702
vn -0.1244 0.9457 0.3002
vn -0.1136 0.9549 0.2742
vn -0.1649 0.9549 0.2468
vn -0.1488 0.9635 0.2226
vn -0.1025 0.9635 0.2474
vn -0.0909 0.9714 0.2194
vn -0.1320 0.9714 0.1975
vn -0.1145 0.9785 0.1713
vn -0.0788 0.9785 0.1904
vn -0.0663 0.9849 0.1600
vn -0.0962 0.9849 0.1440
vn -0.0771 0.9903 0.1154
vn -0.0531 0.9903 0.1282
vn -0.0393 0.9947 0.0950
vn -0.0571 0.9947 0.0855
vn -0.0354 0.9980 0.0529
vn -0.0244 0.9980 0.0588
vn -0.0127 0.9995 0.0306
vn -0.0184 0.9995 0.0275
vn -0.0120 0.9998 0.0179
vn -0.0083 0.9998 0.0199
vn -0.0039 0.9999 0.0095
vn -0.0057 0.9999 0.0085
vn -0.0000 0.0237 0.9997
vn -0.1950 0.0237 0.9805
vn -0.1951 0.0132 0.9807
vn -0.0000 0.0132 0.9999
vn -0.1949 0.0488 0.9796
vn -0.0000 0.0488 0.9988
vn -0.0000 0.0729 0.9973
vn -0.1946 0.0729 0.9782
vn -0.1942 0.0970 0.9762
vn -0.0000 0.0970 0.9953
vn -0.0000 0.1315 0.9913
vn -0.1934 0.1315 0.9723
vn -0.1920 0.1771 0.9653
vn -0.0000 0.1771 0.9842
vn -0.0000 0.2342 0.9722
vn -0.1897 0.2342 0.9535
vn -0.1859 0.3030 0.9347
vn -0.0000 0.3030 0.9530
vn -0.0000 0.3830 0.9238
vn -0.1802 0.3829 0.9060
vn -0.1720 0.4720 0.8646
vn -0.0000 0.4721 0.8816
vn -0.0000 0.5667 0.8240
vn -0.1607 0.5666 0.8081
vn -0.1463 0.6614 0.7357
vn -0.0000 0.6614 0.7500
vn -0.0000 0.7500 0.6615
vn -0.1291 0.7499 0.6488
vn -0.1115 0.8206 0.5606
vn -0.0000 0.8206 0.5715
vn -0.0000 0.8677 0.4970
vn -0.0970 0.8677 0.4875
vn -0.0861 0.8972 0.4331
vn -0.0000 0.8973 0.4415
vn -0.0000 0.9141 0.4055
vn -0.0791 0.9141 0.3977
vn -0.0740 0.9253 0.3718
vn -0.0000 0.9254 0.3791
vn -0.0000 0.9359 0.3523
vn -0.0687 0.9359 0.3456
vn -0.0634 0.9457 0.3188
vn -0.0000 0.9457 0.3250
vn -0.0000 0.9549 0.2968
vn -0.0579 0.9549 0.2912
vn -0.0522 0.9635 0.2626
vn -0.0000 0.9635 0.2677
vn -0.0000 0.9714 0.2375
vn -0.0463 0.9714 0.2330
vn -0.0402 0.9785 0.2021
vn -0.0000 0.9785 0.2060
vn -0.0000 0.9849 0.1732
vn -0.0338 0.9849 0.1699
vn -0.0271 0.9903 0.1361
vn -0.0000 0.9903 0.1388
vn -0.0000 0.9947 0.1028
vn -0.0201 0.9947 0.1008
vn -0.0124 0.9980 0.0624
vn -0.0000 0.9980 0.0636
vn -0.0000 0.9995 0.0331
vn -0.0065 0.9995 0.0325
vn -0.0042 0.9998 0.0212
vn -0.0000 0.9998 0.0216
vn -0.0000 0.9999 0.0102
vn -0.0020 0.9999 0.0100
vn 0.3826 0.0237 0.9236
vn 0.1950 0.0237 0.9805
vn 0.1951 0.0132 0.9807
vn 0.3827 0.0132 0.9238
vn 0.1949 0.0488 0.9796
vn 0.3822 0.0488 0.9228
vn 0.3817 0.0729 0.9214
vn 0.1946 0.0729 0.9782
vn 0.1942 0.0970 0.9762
vn 0.3809 0.0970 0.9195
vn 0.3794 0.1315 0.9159
vn 0.1934 0.1315 0.9723
vn 0.1920 0.1771 0.9653
vn 0.3766 0.1771 0.9093
vn 0.3720 0.2342 0.8982
vn 0.1897 0.2342 0.9535
vn 0.1859 0.3030 0.9347
vn 0.3647 0.3030 0.8804
vn 0.3535 0.3830 0.8534
vn 0.1802 0.3829 0.9060
vn 0.1720 0.4720 0.8646
vn 0.3374 0.4721 0.8145
vn 0.3153 0.5667 0.7612
vn 0.1607 0.5666 0.8081
vn 0.1463 0.6614 0.7357
vn 0.2870 0.6614 0.6930
vn 0.2531 0.7500 0.6111
vn 0.1291 0.7499 0.6488
vn 0.1115 0.8206 0.5606
vn 0.2187 0.8206 0.5280
vn 0.1902 0.8677 0.4592
vn 0.0970 0.8677 0.4875
vn 0.0861 0.8972 0.4331
vn 0.1690 0.8973 0.4079
vn 0.1552 0.9141 0.3746
vn 0.0791 0.9141 0.3977
vn 0.0740 0.9253 0.3718
vn 0.1451 0.9254 0.3502
vn 0.1348 0.9359 0.3255
vn 0.0687 0.9359 0.3456
vn 0.0634 0.9457 0.3188
vn 0.1244 0.9457 0.3002
vn 0.1136 0.9549 0.2742
vn 0.0579 0.9549 0.2912
vn 0.0522 0.9635 0.2626
vn 0.1025 0.9635 0.2474
vn 0.0909 0.9714 0.2194
vn 0.0463 0.9714 0.2330
vn 0.0402 0.9785 0.2021
vn 0.0788 0.9785 0.1904
vn 0.0663 0.9849 0.1600
vn 0.0338 0.9849 0.1699
vn 0.0271 0.9903 0.1361
vn 0.0531 0.9903 0.1282
vn 0.0393 0.9947 0.0950
vn 0.0201 0.9947 0.1008
vn 0.0124 0.9980 0.0624
vn 0.0244 0.9980 0.0588
vn 0.0127 0.9995 0.0306
vn 0.0065 0.9995 0.0325
vn 0.0042 0.9998 0.0212
vn 0.0083 0.9998 0.0199
vn 0.0039 0.9999 0.0095
vn 0.0020 0.9999 0.0100
vn 0.7069 0.0237 0.7069
vn 0.5554 0.0237 0.8312
vn 0.5555 0.0132 0.8314
vn 0.7070 0.0132 0.7070
vn 0.5549 0.0488 0.8305
vn 0.7063 0.0488 0.7063
vn 0.7052 0.0729 0.7052
vn 0.5541 0.0729 0.8293
vn 0.5529 0.0970 0.8275
vn 0.7038 0.0970 0.7038
vn 0.7010 0.1315 0.7010
vn 0.5507 0.1315 0.8242
vn 0.5468 0.1771 0.8183
vn 0.6959 0.1771 0.6959
vn 0.6874 0.2342 0.6874
vn 0.5401 0.2342 0.8084
vn 0.5295 0.3030 0.7924
vn 0.6739 0.3030 0.6739
vn 0.6532 0.3830 0.6532
vn 0.5132 0.3829 0.7681
vn 0.4898 0.4720 0.7330
vn 0.6234 0.4721 0.6234
vn 0.5826 0.5667 0.5826
vn 0.4578 0.5666 0.6851
vn 0.4167 0.6614 0.6237
vn 0.5304 0.6614 0.5304
vn 0.4677 0.7500 0.4677
vn 0.3675 0.7499 0.5500
vn 0.3175 0.8206 0.4752
vn 0.4041 0.8206 0.4041
vn 0.3515 0.8677 0.3515
vn 0.2762 0.8677 0.4133
vn 0.2453 0.8972 0.3671
vn 0.3122 0.8973 0.3122
vn 0.2867 0.9141 0.2867
vn 0.2253 0.9141 0.3372
vn 0.2106 0.9253 0.3152
vn 0.2680 0.9254 0.2680
vn 0.2491 0.9359 0.2491
vn 0.1958 0.9359 0.2930
vn 0.1806 0.9457 0.2702
vn 0.2298 0.9457 0.2298
vn 0.2099 0.9549 0.2099
vn 0.1649 0.9549 0.2468
vn 0.1488 0.9635 0.2226
vn 0.1893 0.9635 0.1893
vn 0.1680 0.9714 0.1680
vn 0.1320 0.9714 0.1975
vn 0.1145 0.9785 0.1713
vn 0.1457 0.9785 0.1457
vn 0.1225 0.9849 0.1225
vn 0.0962 0.9849 0.1440
vn 0.0771 0.9903 0.1154
vn 0.0981 0.9903 0.0981
vn 0.0727 0.9947 0.0727
vn 0.0571 0.9947 0.0855
vn 0.0354 0.9980 0.0529
vn 0.0450 0.9980 0.0450
vn 0.0234 0.9995 0.0234
vn 0.0184 0.9995 0.0275
vn 0.0120 0.9998 0.0179
vn 0.0153 0.9998 0.0153
vn 0.0072 0.9999 0.0072
vn 0.0057 0.9999 0.0085
vn 0.9236 0.0237 0.3826
vn 0.8312 0.0237 0.5554
vn 0.8314 0.0132 0.5555
vn 0.9238 0.0132 0.3826
vn 0.8305 0.0488 0.5549
vn 0.9228 0.0488 0.3822
vn 0.9214 0.0729 0.3817
vn 0.8293 0.0729 0.5541
vn 0.8275 0.0970 0.5529
vn 0.9195 0.0970 0.3809
vn 0.9159 0.1315 0.3794
vn 0.8242 0.1315 0.5507
vn 0.8183 0.1771 0.5468
vn 0.9093 0.1771 0.3766
vn 0.8982 0.2342 0.3720
vn 0.8084 0.2342 0.5401
vn 0.7924 0.3030 0.5295
vn 0.8804 0.3030 0.3647
vn 0.8534 0.3830 0.3535
vn 0.7681 0.3829 0.5132
vn 0.7330 0.4720 0.4898
vn 0.8145 0.4721 0.3374
vn 0.7612 0.5667 0.3153
vn 0.6851 0.5666 0.4578
vn 0.6237 0.6614 0.4167
vn 0.6930 0.6614 0.2870
vn 0.6111 0.7500 0.2531
vn 0.5500 0.7499 0.3675
vn 0.4752 0.8206 0.3175
vn 0.5280 0.8206 0.2187
vn 0.4592 0.8677 0.1902
vn 0.4133 0.8677 0.2762
vn 0.3671 0.8972 0.2453
vn 0.4079 0.8973 0.1690
vn 0.3746 0.9141 0.1552
vn 0.3372 0.9141 0.2253
vn 0.3152 0.9253 0.2106
vn 0.3502 0.9254 0.1451
vn 0.3255 0.9359 0.1348
vn 0.2930 0.9359 0.1958
vn 0.2702 0.9457 0.1806
vn 0.3002 0.9457 0.1244
vn 0.2742 0.9549 0.1136
vn 0.2468 0.9549 0.1649
vn 0.2226 0.9635 0.1488
vn 0.2474 0.9635 0.1025
vn 0.2194 0.9714 0.0909
vn 0.1975 0.9714 0.1320
vn 0.1713 0.9785 0.1145
vn 0.1904 0.9785 0.0788
vn 0.1600 0.9849 0.0663
vn 0.1440 0.9849 0.0962
vn 0.1154 0.9903 0.0771
vn 0.1282 0.9903 0.0531
vn 0.0950 0.9947 0.0393
vn 0.0855 0.9947 0.0571
vn 0.0529 0.9980 0.0354
vn 0.0588 0.9980 0.0244
vn 0.0306 0.9995 0.0127
vn 0.0275 0.9995 0.0184
vn 0.0179 0.9998 0.0120
vn 0.0199 0.9998 0.0083
vn 0.0095 0.9999 0.0039
vn 0.0085 0.9999 0.0057
vn 0.9997 0.0237 -0.0000
vn 0.9805 0.0237 0.1950
vn 0.9807 0.0132 0.1951
vn 0.9999 0.0132 -0.0000
vn 0.9796 0.0488 0.1949
vn 0.9988 0.0488 -0.0000
vn 0.9973 0.0729 -0.0000
vn 0.9782 0.0729 0.1946
vn 0.9762 0.0970 0.1942
vn 0.9953 0.0970 -0.0000
vn 0.9913 0.1315 -0.0000
vn 0.9723 0.1315 0.1934
vn 0.9653 0.1771 0.1920
vn 0.9842 0.1771 -0.0000
vn 0.9722 0.2342 -0.0000
vn 0.9535 0.2342 0.1897
vn 0.9347 0.3030 0.1859
vn 0.9530 0.3030 -0.0000
vn 0.9238 0.3830 -0.0000
vn 0.9060 0.3829 0.1802
vn 0.8646 0.4720 0.1720
vn 0.8816 0.4721 -0.0000
vn 0.8240 0.5667 -0.0000
vn 0.8081 0.5666 0.1607
vn 0.7357 0.6614 0.1463
vn 0.7501 0.6614 -0.0000
vn 0.6615 0.7500 -0.0000
vn 0.6488 0.7499 0.1291
vn 0.5606 0.8206 0.1115
vn 0.5715 0.8206 -0.0000
vn 0.4970 0.8677 -0.0000
vn 0.4875 0.8677 0.0970
vn 0.4331 0.8972 0.0861
vn 0.4415 0.8973 -0.0000
vn 0.4055 0.9141 -0.0000
vn 0.3977 0.9141 0.0791
vn 0.3718 0.9253 0.0740
vn 0.3791 0.9254 -0.0000
vn 0.3523 0.9359 -0.0000
vn 0.3456 0.9359 0.0687
vn 0.3188 0.9457 0.0634
vn 0.3250 0.9457 -0.0000
vn 0.2968 0.9549 -0.0000
vn 0.2912 0.9549 0.0579
vn 0.2626 0.9635 0.0522
vn 0.2677 0.9635 -0.0000
vn 0.2375 0.9714 -0.0000
vn 0.2330 0.9714 0.0463
vn 0.2021 0.9785 0.0402
vn 0.2060 0.9785 -0.0000
vn 0.1732 0.9849 -0.0000
vn 0.1699 0.9849 0.0338
vn 0.1361 0.9903 0.0271
vn 0.1388 0.9903 -0.0000
vn 0.1028 0.9947 -0.0000
vn 0.1008 0.9947 0.0201
vn 0.0624 0.9980 0.0124
vn 0.0636 0.9980 -0.0000
vn 0.0331 0.9995 -0.0000
vn 0.0325 0.9995 0.0065
vn 0.0212 0.9998 0.0042
vn 0.0216 0.9998 -0.0000
vn 0.0102 0.9999 -0.0000
vn 0.0100 0.9999 0.0020
vn 0.9236 0.0237 -0.3826
vn 0.9805 0.0237 -0.1950
vn 0.9807 0.0132 -0.1951
vn 0.9238 0.0132 -0.3827
vn 0.9796 0.0488 -0.1949
vn 0.9228 0.0488 -0.3822
vn 0.9214 0.0729 -0.3817
vn 0.9782 0.0729 -0.1946
vn 0.9762 0.0970 -0.1942
vn 0.9195 0.0970 -0.3809
vn 0.9159 0.1315 -0.3794
vn 0.9723 0.1315 -0.1934
vn 0.9653 0.1771 -0.1920
vn 0.9093 0.1771 -0.3766
vn 0.8982 0.2342 -0.3720
vn 0.9535 0.2342 -0.1897
vn 0.9347 0.3030 -0.1859
vn 0.8804 0.3030 -0.3647
vn 0.8535 0.3830 -0.3535
vn 0.9060 0.3829 -0.1802
vn 0.8646 0.4720 -0.1720
vn 0.8145 0.4721 -0.3374
vn 0.7612 0.5667 -0.3153
vn 0.8081 0.5666 -0.1607
vn 0.7357 0.6614 -0.1463
vn 0.6930 0.6614 -0.2870
vn 0.6111 0.7500 -0.2531
vn 0.6488 0.7499 -0.1291
vn 0.5606 0.8206 -0.1115
vn 0.5280 0.8206 -0.2187
vn 0.4592 0.8677 -0.1902
vn 0.4875 0.8677 -0.0970
vn 0.4331 0.8972 -0.0861
vn 0.4079 0.8973 -0.1690
vn 0.3746 0.9141 -0.1552
vn 0.3977 0.9141 -0.0791
vn 0.3718 0.9253 -0.0740
vn 0.3502 0.9254 -0.1451
vn 0.3255 0.9359 -0.1348
vn 0.3456 0.9359 -0.0687
vn 0.3188 0.9457 -0.0634
vn 0.3002 0.9457 -0.1244
vn 0.2742 0.9549 -0.1136
vn 0.2912 0.9549 -0.0579
vn 0.2626 0.9635 -0.0522
vn 0.2474 0.9635 -0.1025
vn 0.2194 0.9714 -0.0909
vn 0.2330 0.9714 -0.0463
vn 0.2021 0.9785 -0.0402
vn 0.1904 0.9785 -0.0788
vn 0.1600 0.9849 -0.0663
vn 0.1699 0.9849 -0.0338
vn 0.1361 0.9903 -0.0271
vn 0.1282 0.9903 -0.0531
vn 0.0950 0.9947 -0.0393
vn 0.1008 0.9947 -0.0201
vn 0.0624 0.9980 -0.0124
vn 0.0588 0.9980 -0.0244
vn 0.0306 0.9995 -0.0127
vn 0.0325 0.9995 -0.0065
vn 0.0212 0.9998 -0.0042
vn 0.0199 0.9998 -0.0083
vn 0.0095 0.9999 -0.0039
vn 0.0100 0.9999 -0.0020
vn 0.7069 0.0237 -0.7069
vn 0.8312 0.0237 -0.5554
vn 0.8314 0.0132 -0.5555
vn 0.7070 0.0132 -0.7070
vn 0.8305 0.0488 -0.5549
vn 0.7063 0.0488 -0.7063
vn 0.7052 0.0729 -0.7052
vn 0.8293 0.0729 -0.5541
vn 0.8275 0.0970 -0.5530
vn 0.7038 0.0970 -0.7038
vn 0.7010 0.1315 -0.7010
vn 0.8242 0.1315 -0.5507
vn 0.8183 0.1771 -0.5468
vn 0.6959 0.1771 -0.6959
vn 0.6874 0.2342 -0.6874
vn 0.8084 0.2342 -0.5401
vn 0.7924 0.3030 -0.5295
vn 0.6739 0.3030 -0.6739
vn 0.6532 0.3829 -0.6532
vn 0.7681 0.3829 -0.5132
vn 0.7330 0.4720 -0.4898
vn 0.6234 0.4721 -0.6234
vn 0.5826 0.5667 -0.5826
vn 0.6851 0.5666 -0.4578
vn 0.6237 0.6614 -0.4167
vn 0.5304 0.6614 -0.5304
vn 0.4677 0.7500 -0.4677
vn 0.5500 0.7499 -0.3675
vn 0.4752 0.8206 -0.3175
vn 0.4041 0.8206 -0.4041
vn 0.3515 0.8677 -0.3515
vn 0.4133 0.8677 -0.2762
vn 0.3671 0.8972 -0.2453
vn 0.3122 0.8973 -0.3122
vn 0.2867 0.9141 -0.2867
vn 0.3372 0.9141 -0.2253
vn 0.3152 0.9253 -0.2106
vn 0.2680 0.9254 -0.2680
vn 0.2491 0.9359 -0.2491
vn 0.2930 0.9359 -0.1958
vn 0.2702 0.9457 -0.1806
vn 0.2298 0.9457 -0.2298
vn 0.2099 0.9549 -0.2099
vn 0.2468 0.9549 -0.1649
vn 0.2226 0.9635 -0.1488
vn 0.1893 0.9635 -0.1893
vn 0.1680 0.9714 -0.1680
vn 0.1975 0.9714 -0.1320
vn 0.1713 0.9785 -0.1145
vn 0.1457 0.9785 -0.1457
vn 0.1225 0.9849 -0.1225
vn 0.1440 0.9849 -0.0962
vn 0.1154 0.9903 -0.0771
vn 0.0981 0.9903 -0.0981
vn 0.0727 0.9947 -0.0727
vn 0.0855 0.9947 -0.0571
vn 0.0529 0.9980 -0.0354
vn 0.0450 0.9980 -0.0450
vn 0.0234 0.9995 -0.0234
vn 0.0275 0.9995 -0.0184
vn 0.0179 0.9998 -0.0120
vn 0.0153 0.9998 -0.0153
vn 0.0072 0.9999 -0.0072
vn 0.0085 0.9999 -0.0057
vn 0.3826 0.0237 -0.9236
vn 0.5554 0.0237 -0.8312
vn 0.5555 0.0132 -0.8314
vn 0.3827 0.0132 -0.9238
vn 0.5549 0.0488 -0.8305
vn 0.3822 0.0488 -0.9228
vn 0.3817 0.0729 -0.9214
vn 0.5541 0.0729 -0.8293
vn 0.5529 0.0970 -0.8275
vn 0.3809 0.0970 -0.9195
vn 0.3794 0.1315 -0.9159
vn 0.5507 0.1315 -0.8242
vn 0.5468 0.1771 -0.8183
vn 0.3766 0.1771 -0.9093
vn 0.3720 0.2342 -0.8982
vn 0.5401 0.2342 -0.8084
vn 0.5295 0.3030 -0.7924
vn 0.3647 0.3030 -0.8804
vn 0.3535 0.3830 -0.8535
vn 0.5132 0.3829 -0.7681
vn 0.4898 0.4720 -0.7330
vn 0.3374 0.4721 -0.8145
vn 0.3153 0.5667 -0.7612
vn 0.4578 0.5666 -0.6851
vn 0.4167 0.6614 -0.6237
vn 0.2870 0.6614 -0.6930
vn 0.2531 0.7500 -0.6111
vn 0.3675 0.7499 -0.5500
vn 0.3175 0.8206 -0.4752
vn 0.2187 0.8206 -0.5280
vn 0.1902 0.8677 -0.4592
vn 0.2762 0.8677 -0.4133
vn 0.2453 0.8972 -0.3671
vn 0.1690 0.8973 -0.4079
vn 0.1552 0.9141 -0.3746
vn 0.2253 0.9141 -0.3372
vn 0.2106 0.9254 -0.3152
vn 0.1451 0.9254 -0.3502
vn 0.1348 0.9359 -0.3255
vn 0.1958 0.9359 -0.2930
vn 0.1806 0.9457 -0.2702
vn 0.1244 0.9457 -0.3002
vn 0.1136 0.9549 -0.2742
vn 0.1649 0.9549 -0.2468
vn 0.1488 0.9635 -0.2226
vn 0.1025 0.9635 -0.2474
vn 0.0909 0.9714 -0.2194
vn 0.1320 0.9714 -0.1975
vn 0.1145 0.9785 -0.1713
vn 0.0788 0.9785 -0.1904
vn 0.0663 0.9849 -0.1600
vn 0.0962 0.9849 -0.1440
vn 0.0771 0.9903 -0.1154
vn 0.0531 0.9903 -0.1282
vn 0.0393 0.9947 -0.0950
vn 0.0571 0.9947 -0.0855
vn 0.0354 0.9980 -0.0529
vn 0.0244 0.9980 -0.0588
vn 0.0127 0.9995 -0.0306
vn 0.0184 0.9995 -0.0275
vn 0.0120 0.9998 -0.0179
vn 0.0083 0.9998 -0.0199
vn 0.0039 0.9999 -0.0095
vn 0.0057 0.9999 -0.0085
vn -0.0000 0.0237 -0.9997
vn 0.1950 0.0237 -0.9805
vn 0.1951 0.0132 -0.9807
vn -0.0000 0.0132 -0.9999
vn 0.1949 0.0488 -0.9796
vn -0.0000 0.0488 -0.9988
vn -0.0000 0.0729 -0.9973
vn 0.1946 0.0729 -0.9782
vn 0.1942 0.0970 -0.9762
vn -0.0000 0.0970 -0.9953
vn -0.0000 0.1315 -0.9913
vn 0.1934 0.1315 -0.9723
vn 0.1920 0.1771 -0.9653
vn -0.0000 0.1771 -0.9842
vn -0.0000 0.2342 -0.9722
vn 0.1897 0.2342 -0.9535
vn 0.1859 0.3030 -0.9347
vn -0.0000 0.3030 -0.9530
vn -0.0000 0.3830 -0.9238
vn 0.1802 0.3829 -0.9060
vn 0.1720 0.4720 -0.8646
vn -0.0000 0.4721 -0.8816
vn -0.0000 0.5667 -0.8240
vn 0.1607 0.5666 -0.8081
vn 0.1463 0.6614 -0.7357
vn -0.0000 0.6614 -0.7500
vn -0.0000 0.7500 -0.6615
vn 0.1291 0.7499 -0.6488
vn 0.1115 0.8206 -0.5606
vn -0.0000 0.8206 -0.5715
vn -0.0000 0.8677 -0.4970
vn 0.0970 0.8677 -0.4875
vn 0.0861 0.8972 -0.4331
vn -0.0000 0.8973 -0.4415
vn -0.0000 0.9141 -0.4055
vn 0.0791 0.9141 -0.3977
vn 0.0740 0.9254 -0.3718
vn -0.0000 0.9254 -0.3791
vn -0.0000 0.9359 -0.3523
vn 0.0687 0.9359 -0.3456
vn 0.0634 0.9457 -0.3187
vn -0.0000 0.9457 -0.3250
vn -0.0000 0.9549 -0.2968
vn 0.0579 0.9549 -0.2912
vn 0.0522 0.9635 -0.2626
vn -0.0000 0.9635 -0.2677
vn -0.0000 0.9714 -0.2375
vn 0.0463 0.9714 -0.2330
vn 0.0402 0.9785 -0.2021
vn -0.0000 0.9785 -0.2060
vn -0.0000 0.9849 -0.1732
vn 0.0338 0.9849 -0.1699
vn 0.0271 0.9903 -0.1361
vn -0.0000 0.9903 -0.1388
vn -0.0000 0.9947 -0.1028
vn 0.0201 0.9947 -0.1008
vn 0.0124 0.9980 -0.0624
vn -0.0000 0.9980 -0.0636
vn -0.0000 0.9995 -0.0331
vn 0.0065 0.9995 -0.0325
vn 0.0042 0.9998 -0.0212
vn -0.0000 0.9998 -0.0216
vn -0.0000 0.9999 -0.0102
vn 0.0020 0.9999 -0.0100
vn -0.3826 0.0237 -0.9236
vn -0.1950 0.0237 -0.9805
vn -0.1951 0.0132 -0.9807
vn -0.3827 0.0132 -0.9238
vn -0.1949 0.0488 -0.9796
vn -0.3822 0.0488 -0.9228
vn -0.3817 0.0729 -0.9214
vn -0.1946 0.0729 -0.9782
vn -0.1942 0.0970 -0.9762
vn -0.3809 0.0970 -0.9195
vn -0.3794 0.1315 -0.9159
vn -0.1934 0.1315 -0.9723
vn -0.1920 0.1771 -0.9653
vn -0.3766 0.1771 -0.9093
vn -0.3720 0.2342 -0.8982
vn -0.1897 0.2342 -0.9535
vn -0.1859 0.3030 -0.9347
vn -0.3647 0.3030 -0.8804
vn -0.3535 0.3829 -0.8535
vn -0.1802 0.3829 -0.9060
vn -0.1720 0.4720 -0.8646
vn -0.3374 0.4721 -0.8145
vn -0.3153 0.5667 -0.7612
vn -0.1607 0.5666 -0.8081
vn -0.1463 0.6614 -0.7357
vn -0.2870 0.6614 -0.6930
vn -0.2531 0.7500 -0.6111
vn -0.1291 0.7499 -0.6488
vn -0.1115 0.8206 -0.5606
vn -0.2187 0.8206 -0.5280
vn -0.1902 0.8677 -0.4592
vn -0.0970 0.8677 -0.4875
vn -0.0861 0.8972 -0.4331
vn -0.1690 0.8973 -0.4079
vn -0.1552 0.9141 -0.3746
vn -0.0791 0.9141 -0.3977
vn -0.0740 0.9253 -0.3718
vn -0.1451 0.9254 -0.3502
vn -0.1348 0.9359 -0.3255
vn -0.0687 0.9359 -0.3456
vn -0.0634 0.9457 -0.3187
vn -0.1244 0.9457 -0.3002
vn -0.1136 0.9549 -0.2742
vn -0.0579 0.9549 -0.2912
vn -0.0522 0.9635 -0.2626
vn -0.1025 0.9635 -0.2474
vn -0.0909 0.9714 -0.2194
vn -0.0463 0.9714 -0.2330
vn -0.0402 0.9785 -0.2021
vn -0.0788 0.9785 -0.1904
vn -0.0663 0.9849 -0.1600
vn -0.0338 0.9849 -0.1699
vn -0.0271 0.9903 -0.1361
vn -0.0531 0.9903 -0.1282
vn -0.0393 0.9947 -0.0950
vn -0.0201 0.9947 -0.1008
vn -0.0124 0.9980 -0.0624
vn -0.0244 0.9980 -0.0588
vn -0.0127 0.9995 -0.0306
vn -0.0065 0.9995 -0.0325
vn -0.0042 0.9998 -0.0212
vn -0.0083 0.9998 -0.0199
vn -0.0039 0.9999 -0.0095
vn -0.0020 0.9999 -0.0100
vn -0.7069 0.0237 -0.7069
vn -0.5554 0.0237 -0.8312
vn -0.5555 0.0132 -0.8314
vn -0.7070 0.0132 -0.7070
vn -0.5549 0.0488 -0.8305
vn -0.7063 0.0488 -0.7063
vn -0.7052 0.0729 -0.7052
vn -0.5541 0.0729 -0.8293
vn -0.5530 0.0970 -0.8275
vn -0.7038 0.0970 -0.7038
vn -0.7010 0.1315 -0.7010
vn -0.5507 0.1315 -0.8242
vn -0.5468 0.1771 -0.8183
vn -0.6959 0.1771 -0.6959
vn -0.6874 0.2342 -0.6874
vn -0.5401 0.2342 -0.8084
vn -0.5295 0.3030 -0.7924
vn -0.6739 0.3030 -0.6739
vn -0.6532 0.3830 -0.6532
vn -0.5132 0.3829 -0.7681
vn -0.4898 0.4720 -0.7330
vn -0.6234 0.4721 -0.6234
vn -0.5826 0.5667 -0.5826
vn -0.4578 0.5666 -0.6851
vn -0.4167 0.6614 -0.6237
vn -0.5304 0.6614 -0.5304
vn -0.4677 0.7500 -0.4677
vn -0.3675 0.7499 -0.5500
vn -0.3175 0.8206 -0.4752
vn -0.4041 0.8206 -0.4041
vn -0.3515 0.8677 -0.3515
vn -0.2762 0.8677 -0.4133
vn -0.2453 0.8972 -0.3671
vn -0.3122 0.8973 -0.3122
vn -0.2867 0.9141 -0.2867
vn -0.2253 0.9141 -0.3372
vn -0.2106 0.9253 -0.3152
vn -0.2680 0.9254 -0.2680
vn -0.2491 0.9359 -0.2491
vn -0.1958 0.9359 -0.2930
vn -0.1806 0.9457 -0.2702
vn -0.2298 0.9457 -0.2298
vn -0.2099 0.9549 -0.2099
vn -0.1649 0.9549 -0.2468
vn -0.1488 0.9635 -0.2226
vn -0.1893 0.9635 -0.1893
vn -0.1680 0.9714 -0.1680
vn -0.1320 0.9714 -0.1975
vn -0.1145 0.9785 -0.1713
vn -0.1457 0.9785 -0.1457
vn -0.1225 0.9849 -0.1225
vn -0.0962 0.9849 -0.1440
vn -0.0771 0.9903 -0.1154
vn -0.0981 0.9903 -0.0981
vn -0.0727 0.9947 -0.0727
vn -0.0571 0.9947 -0.0855
vn -0.0354 0.9980 -0.0529
vn -0.0450 0.9980 -0.0450
vn -0.0234 0.9995 -0.0234
vn -0.0184 0.9995 -0.0275
vn -0.0120 0.9998 -0.0179
vn -0.0153 0.9998 -0.0153
vn -0.0072 0.9999 -0.0072
vn -0.0057 0.9999 -0.0085
vn -0.9236 0.0237 -0.3826
vn -0.8312 0.0237 -0.5554
vn -0.8314 0.0132 -0.5555
vn -0.9238 0.0132 -0.3826
vn -0.8305 0.0488 -0.5549
vn -0.9228 0.0488 -0.3822
vn -0.9214 0.0729 -0.3817
vn -0.8293 0.0729 -0.5541
vn -0.8275 0.0970 -0.5529
vn -0.9195 0.0970 -0.3809
vn -0.9159 0.1315 -0.3794
vn -0.8242 0.1315 -0.5507
vn -0.8183 0.1771 -0.5468
vn -0.9093 0.1771 -0.3766
vn -0.8982 0.2342 -0.3720
vn -0.8084 0.2342 -0.5401
vn -0.7924 0.3030 -0.5295
vn -0.8804 0.3030 -0.3647
vn -0.8535 0.3830 -0.3535
vn -0.7681 0.3829 -0.5132
vn -0.7330 0.4720 -0.4898
vn -0.8145 0.4721 -0.3374
vn -0.7612 0.5667 -0.3153
vn -0.6851 0.5666 -0.4578
vn -0.6237 0.6614 -0.4167
vn -0.6930 0.6614 -0.2870
vn -0.6111 0.7500 -0.2531
vn -0.5500 0.7499 -0.3675
vn -0.4752 0.8206 -0.3175
vn -0.5280 0.8206 -0.2187
vn -0.4592 0.8677 -0.1902
vn -0.4133 0.8677 -0.2762
vn -0.3671 0.8972 -0.2453
vn -0.4079 0.8973 -0.1690
vn -0.3746 0.9141 -0.1552
vn -0.3372 0.9141 -0.2253
vn -0.3152 0.9253 -0.2106
vn -0.3502 0.9254 -0.1451
vn -0.3255 0.9359 -0.1348
vn -0.2930 0.9359 -0.1958
vn -0.2702 0.9457 -0.1806
vn -0.3002 0.9457 -0.1244
vn -0.2742 0.9549 -0.1136
vn -0.2468 0.9549 -0.1649
vn -0.2226 0.9635 -0.1488
vn -0.2474 0.9635 -0.1025
vn -0.2194 0.9714 -0.0909
vn -0.1975 0.9714 -0.1320
vn -0.1713 0.9785 -0.1145
vn -0.1904 0.9785 -0.0788
vn -0.1600 0.9849 -0.0663
vn -0.1440 0.9849 -0.0962
vn -0.1154 0.9903 -0.0771
vn -0.1282 0.9903 -0.0531
vn -0.0950 0.9947 -0.0393
vn -0.0855 0.9947 -0.0571
vn -0.0529 0.9980 -0.0354
vn -0.0588 0.9980 -0.0244
vn -0.0306 0.9995 -0.0127
vn -0.0275 0.9995 -0.0184
vn -0.0179 0.9998 -0.0120
vn -0.0199 0.9998 -0.0083
vn -0.0095 0.9999 -0.0039
vn -0.0085 0.9999 -0.0057
vn -0.9805 0.0237 -0.1950
vn -0.9807 0.0132 -0.1951
vn -0.9796 0.0488 -0.1949
vn -0.9782 0.0729 -0.1946
vn -0.9762 0.0970 -0.1942
vn -0.9723 0.1315 -0.1934
vn -0.9653 0.1771 -0.1920
vn -0.9535 0.2342 -0.1897
vn -0.9347 0.3030 -0.1859
vn -0.9060 0.3829 -0.1802
vn -0.8646 0.4720 -0.1720
vn -0.8081 0.5666 -0.1607
vn -0.7357 0.6614 -0.1463
vn -0.6488 0.7499 -0.1291
vn -0.5606 0.8206 -0.1115
vn -0.4875 0.8677 -0.0970
vn -0.4331 0.8972 -0.0861
vn -0.3977 0.9141 -0.0791
vn -0.3718 0.9253 -0.0740
vn -0.3456 0.9359 -0.0687
vn -0.3188 0.9457 -0.0634
vn -0.2912 0.9549 -0.0579
vn -0.2626 0.9635 -0.0522
vn -0.2330 0.9714 -0.0463
vn -0.2021 0.9785 -0.0402
vn -0.1699 0.9849 -0.0338
vn -0.1361 0.9903 -0.0271
vn -0.1008 0.9947 -0.0201
vn -0.0624 0.9980 -0.0124
vn -0.0325 0.9995 -0.0065
vn -0.0212 0.9998 -0.0042
vn -0.0100 0.9999 -0.0020
vn -0.0000 1.0000 -0.0000
vt 0.732798 0.069193
vt 0.747090 0.069193
vt 0.747261 0.076820
vt 0.732959 0.076820
vt 0.751979 0.069193
vt 0.752153 0.076820
vt 0.746783 0.063926
vt 0.751665 0.063926
vt 0.732508 0.063926
vt 0.732094 0.059859
vt 0.746343 0.059859
vt 0.751217 0.059859
vt 0.745777 0.055836
vt 0.750639 0.055836
vt 0.731560 0.055836
vt 0.730847 0.051877
vt 0.745020 0.051877
vt 0.749867 0.051877
vt 0.744008 0.048005
vt 0.748835 0.048005
vt 0.729894 0.048005
vt 0.728642 0.044240
vt 0.742679 0.044240
vt 0.747480 0.044240
vt 0.740968 0.040605
vt 0.745735 0.040605
vt 0.727030 0.040605
vt 0.724999 0.037120
vt 0.738812 0.037120
vt 0.743537 0.037120
vt 0.736148 0.033808
vt 0.740820 0.033808
vt 0.722489 0.033808
vt 0.719439 0.030690
vt 0.732912 0.030690
vt 0.737519 0.030690
vt 0.729040 0.027787
vt 0.733571 0.027787
vt 0.715791 0.027787
vt 0.711484 0.025121
vt 0.724468 0.025121
vt 0.728909 0.025121
vt 0.719134 0.022714
vt 0.723469 0.022714
vt 0.706459 0.022714
vt 0.700769 0.020512
vt 0.713095 0.020512
vt 0.717311 0.020512
vt 0.706408 0.018462
vt 0.710491 0.018462
vt 0.694469 0.018462
vt 0.687667 0.016510
vt 0.699189 0.016510
vt 0.703130 0.016510
vt 0.691553 0.014599
vt 0.695342 0.014599
vt 0.680473 0.014599
vt 0.672906 0.012748
vt 0.683522 0.012748
vt 0.687152 0.012748
vt 0.675119 0.010973
vt 0.678583 0.010973
vt 0.664989 0.010973
vt 0.656744 0.009293
vt 0.666367 0.009293
vt 0.669658 0.009293
vt 0.657288 0.007726
vt 0.660399 0.007726
vt 0.648190 0.007726
vt 0.639350 0.006289
vt 0.647905 0.006290
vt 0.650831 0.006289
vt 0.638240 0.005001
vt 0.640975 0.005001
vt 0.630244 0.005001
vt 0.620895 0.003878
vt 0.628317 0.003878
vt 0.630856 0.003878
vt 0.618158 0.002939
vt 0.620495 0.002939
vt 0.611323 0.002939
vt 0.601550 0.002201
vt 0.607785 0.002201
vt 0.609917 0.002201
vt 0.597221 0.001683
vt 0.599144 0.001683
vt 0.591597 0.001683
vt 0.576022 0.001279
vt 0.580690 0.001279
vt 0.582286 0.001279
vt 0.552415 0.000887
vt 0.553452 0.000887
vt 0.549383 0.000887
vt 0.517213 0.000499
vt 0.518269 0.000499
vt 0.518631 0.000499
vt 0.678176 0.069193
vt 0.709473 0.069193
vt 0.709618 0.076820
vt 0.678299 0.076820
vt 0.709212 0.063926
vt 0.677954 0.063926
vt 0.677637 0.059859
vt 0.708840 0.059859
vt 0.708360 0.055836
vt 0.677229 0.055836
vt 0.676683 0.051877
vt 0.707718 0.051877
vt 0.706860 0.048005
vt 0.675953 0.048005
vt 0.674995 0.044240
vt 0.705733 0.044240
vt 0.704283 0.040605
vt 0.673761 0.040605
vt 0.672206 0.037120
vt 0.702455 0.037120
vt 0.700197 0.033808
vt 0.670285 0.033808
vt 0.667952 0.030690
vt 0.697453 0.030690
vt 0.694170 0.027787
vt 0.665159 0.027787
vt 0.661863 0.025121
vt 0.690295 0.025121
vt 0.685773 0.022714
vt 0.658017 0.022714
vt 0.653662 0.020512
vt 0.680653 0.020512
vt 0.674984 0.018462
vt 0.648840 0.018462
vt 0.643634 0.016510
vt 0.668864 0.016510
vt 0.662390 0.014599
vt 0.638128 0.014599
vt 0.632337 0.012748
vt 0.655582 0.012748
vt 0.648459 0.010973
vt 0.626277 0.010973
vt 0.619966 0.009293
vt 0.641039 0.009293
vt 0.633342 0.007726
vt 0.613419 0.007726
vt 0.606653 0.006289
vt 0.625388 0.006290
vt 0.617195 0.005001
vt 0.599684 0.005001
vt 0.592529 0.003878
vt 0.608782 0.003878
vt 0.600169 0.002939
vt 0.585203 0.002939
vt 0.577723 0.002201
vt 0.591375 0.002201
vt 0.582420 0.001683
vt 0.570105 0.001683
vt 0.558185 0.001279
vt 0.568405 0.001279
vt 0.544436 0.000887
vt 0.537796 0.000887
vt 0.513174 0.000499
vt 0.515488 0.000499
vt 0.596428 0.069193
vt 0.639965 0.069193
vt 0.640062 0.076820
vt 0.596495 0.076820
vt 0.639791 0.063926
vt 0.596308 0.063926
vt 0.596136 0.059859
vt 0.639542 0.059859
vt 0.639221 0.055836
vt 0.595915 0.055836
vt 0.595620 0.051877
vt 0.638792 0.051877
vt 0.638219 0.048005
vt 0.595225 0.048005
vt 0.594706 0.044240
vt 0.637466 0.044240
vt 0.636497 0.040605
vt 0.594039 0.040605
vt 0.593197 0.037120
vt 0.635276 0.037120
vt 0.633767 0.033808
vt 0.592158 0.033808
vt 0.590895 0.030690
vt 0.631934 0.030690
vt 0.629740 0.027787
vt 0.589383 0.027787
vt 0.587600 0.025121
vt 0.627151 0.025121
vt 0.624129 0.022714
vt 0.585518 0.022714
vt 0.583161 0.020512
vt 0.620708 0.020512
vt 0.616921 0.018462
vt 0.580551 0.018462
vt 0.577734 0.016510
vt 0.612831 0.016510
vt 0.608506 0.014599
vt 0.574754 0.014599
vt 0.571620 0.012748
vt 0.603957 0.012748
vt 0.599197 0.010973
vt 0.568341 0.010973
vt 0.564925 0.009293
vt 0.594239 0.009293
vt 0.589096 0.007726
vt 0.561382 0.007726
vt 0.557720 0.006289
vt 0.583781 0.006289
vt 0.578307 0.005001
vt 0.553949 0.005001
vt 0.550076 0.003878
vt 0.572686 0.003878
vt 0.566931 0.002939
vt 0.546111 0.002939
vt 0.542063 0.002201
vt 0.561055 0.002201
vt 0.555071 0.001683
vt 0.537941 0.001683
vt 0.531489 0.001279
vt 0.545707 0.001279
vt 0.529691 0.000887
vt 0.520455 0.000887
vt 0.507130 0.000499
vt 0.510349 0.000499
vt 0.500000 0.069193
vt 0.549149 0.069193
vt 0.549183 0.076820
vt 0.500000 0.076820
vt 0.549088 0.063926
vt 0.500000 0.063926
vt 0.500000 0.059859
vt 0.549001 0.059859
vt 0.548888 0.055836
vt 0.500000 0.055836
vt 0.500000 0.051877
vt 0.548737 0.051877
vt 0.548536 0.048005
vt 0.500000 0.048005
vt 0.500000 0.044240
vt 0.548272 0.044240
vt 0.547931 0.040605
vt 0.500000 0.040605
vt 0.500000 0.037120
vt 0.547503 0.037120
vt 0.546973 0.033808
vt 0.500000 0.033808
vt 0.500000 0.030690
vt 0.546329 0.030690
vt 0.545559 0.027787
vt 0.500000 0.027787
vt 0.500000 0.025121
vt 0.544649 0.025121
vt 0.543588 0.022714
vt 0.500000 0.022714
vt 0.500000 0.020512
vt 0.542387 0.020512
vt 0.541057 0.018462
vt 0.500000 0.018462
vt 0.500000 0.016510
vt 0.539621 0.016510
vt 0.538102 0.014599
vt 0.500000 0.014599
vt 0.500000 0.012748
vt 0.536505 0.012748
vt 0.534833 0.010973
vt 0.500000 0.010973
vt 0.500000 0.009293
vt 0.533092 0.009294
vt 0.531286 0.007726
vt 0.500000 0.007726
vt 0.500000 0.006289
vt 0.529420 0.006290
vt 0.527498 0.005001
vt 0.500000 0.005001
vt 0.500000 0.003878
vt 0.525524 0.003878
vt 0.523503 0.002939
vt 0.500000 0.002939
vt 0.500000 0.002201
vt 0.521440 0.002201
vt 0.519338 0.001683
vt 0.500000 0.001683
vt 0.500000 0.001279
vt 0.516050 0.001279
vt 0.510426 0.000887
vt 0.500000 0.000887
vt 0.500000 0.000499
vt 0.503634 0.000499
vt 0.403572 0.069193
vt 0.450850 0.069193
vt 0.450816 0.076820
vt 0.403505 0.076820
vt 0.450912 0.063926
vt 0.403692 0.063926
vt 0.403863 0.059859
vt 0.450999 0.059859
vt 0.451112 0.055836
vt 0.404084 0.055836
vt 0.404380 0.051877
vt 0.451262 0.051877
vt 0.451464 0.048005
vt 0.404775 0.048005
vt 0.405293 0.044240
vt 0.451728 0.044240
vt 0.452068 0.040605
vt 0.405961 0.040605
vt 0.406802 0.037120
vt 0.452497 0.037120
vt 0.453027 0.033808
vt 0.407842 0.033808
vt 0.409105 0.030690
vt 0.453671 0.030690
vt 0.454441 0.027787
vt 0.410616 0.027787
vt 0.412400 0.025121
vt 0.455350 0.025121
vt 0.456411 0.022714
vt 0.414482 0.022714
vt 0.416839 0.020512
vt 0.457613 0.020512
vt 0.458943 0.018462
vt 0.419448 0.018462
vt 0.422265 0.016510
vt 0.460379 0.016510
vt 0.461898 0.014599
vt 0.425246 0.014599
vt 0.428380 0.012748
vt 0.463495 0.012748
vt 0.465166 0.010973
vt 0.431659 0.010973
vt 0.435074 0.009293
vt 0.466907 0.009294
vt 0.468713 0.007726
vt 0.438617 0.007726
vt 0.442279 0.006289
vt 0.470580 0.006290
vt 0.472502 0.005001
vt 0.446051 0.005001
vt 0.449923 0.003878
vt 0.474476 0.003878
vt 0.476497 0.002939
vt 0.453888 0.002939
vt 0.457936 0.002201
vt 0.478560 0.002201
vt 0.480661 0.001683
vt 0.462059 0.001683
vt 0.468510 0.001279
vt 0.483950 0.001279
vt 0.489574 0.000887
vt 0.479544 0.000887
vt 0.492870 0.000499
vt 0.496366 0.000499
vt 0.321824 0.069193
vt 0.360034 0.069193
vt 0.359937 0.076820
vt 0.321701 0.076820
vt 0.360208 0.063926
vt 0.322046 0.063926
vt 0.322363 0.059859
vt 0.360457 0.059859
vt 0.360778 0.055836
vt 0.322771 0.055836
vt 0.323317 0.051877
vt 0.361207 0.051877
vt 0.361780 0.048005
vt 0.324046 0.048005
vt 0.325005 0.044240
vt 0.362533 0.044240
vt 0.363502 0.040605
vt 0.326239 0.040605
vt 0.327793 0.037120
vt 0.364723 0.037120
vt 0.366233 0.033808
vt 0.329714 0.033808
vt 0.332048 0.030690
vt 0.368066 0.030690
vt 0.370259 0.027787
vt 0.334840 0.027787
vt 0.338137 0.025121
vt 0.372849 0.025121
vt 0.375870 0.022714
vt 0.341983 0.022714
vt 0.346338 0.020512
vt 0.379291 0.020512
vt 0.383079 0.018462
vt 0.351160 0.018462
vt 0.356365 0.016510
vt 0.387168 0.016510
vt 0.391494 0.014599
vt 0.361872 0.014599
vt 0.367663 0.012748
vt 0.396043 0.012748
vt 0.400803 0.010973
vt 0.373722 0.010973
vt 0.380033 0.009294
vt 0.405761 0.009294
vt 0.410903 0.007726
vt 0.386580 0.007726
vt 0.393346 0.006289
vt 0.416218 0.006290
vt 0.421693 0.005001
vt 0.400315 0.005001
vt 0.407471 0.003878
vt 0.427314 0.003878
vt 0.433069 0.002939
vt 0.414797 0.002939
vt 0.422277 0.002201
vt 0.438945 0.002201
vt 0.444929 0.001683
vt 0.429894 0.001683
vt 0.441815 0.001279
vt 0.454293 0.001279
vt 0.470309 0.000887
vt 0.462203 0.000887
vt 0.486826 0.000499
vt 0.489651 0.000499
vt 0.267202 0.069193
vt 0.290527 0.069193
vt 0.290382 0.076820
vt 0.267041 0.076820
vt 0.290787 0.063926
vt 0.267492 0.063926
vt 0.267906 0.059859
vt 0.291160 0.059859
vt 0.291640 0.055836
vt 0.268439 0.055836
vt 0.269153 0.051877
vt 0.292282 0.051877
vt 0.293140 0.048005
vt 0.270106 0.048005
vt 0.271358 0.044240
vt 0.294266 0.044240
vt 0.295717 0.040605
vt 0.272970 0.040605
vt 0.275001 0.037120
vt 0.297544 0.037120
vt 0.299803 0.033808
vt 0.277511 0.033808
vt 0.280560 0.030690
vt 0.302547 0.030690
vt 0.305829 0.027787
vt 0.284209 0.027787
vt 0.288515 0.025121
vt 0.309705 0.025121
vt 0.314227 0.022714
vt 0.293541 0.022714
vt 0.299231 0.020512
vt 0.319347 0.020512
vt 0.325015 0.018463
vt 0.305531 0.018463
vt 0.312333 0.016510
vt 0.331135 0.016510
vt 0.337609 0.014599
vt 0.319527 0.014599
vt 0.327093 0.012748
vt 0.344417 0.012748
vt 0.351541 0.010973
vt 0.335010 0.010973
vt 0.343256 0.009294
vt 0.358961 0.009294
vt 0.366657 0.007726
vt 0.351810 0.007726
vt 0.360650 0.006289
vt 0.374612 0.006290
vt 0.382805 0.005001
vt 0.369756 0.005001
vt 0.379105 0.003878
vt 0.391218 0.003878
vt 0.399830 0.002939
vt 0.388677 0.002939
vt 0.398450 0.002201
vt 0.408624 0.002201
vt 0.417580 0.001683
vt 0.408403 0.001683
vt 0.423977 0.001279
vt 0.431594 0.001279
vt 0.455564 0.000887
vt 0.450616 0.000887
vt 0.482787 0.000499
vt 0.484512 0.000499
vt 0.248021 0.069193
vt 0.252909 0.069193
vt 0.252738 0.076820
vt 0.247847 0.076820
vt 0.253217 0.063926
vt 0.248335 0.063926
vt 0.248783 0.059859
vt 0.253656 0.059859
vt 0.254223 0.055836
vt 0.249361 0.055836
vt 0.250133 0.051877
vt 0.254980 0.051878
vt 0.255991 0.048005
vt 0.251164 0.048005
vt 0.252520 0.044240
vt 0.257321 0.044240
vt 0.259032 0.040605
vt 0.254265 0.040605
vt 0.256463 0.037120
vt 0.261187 0.037120
vt 0.263852 0.033808
vt 0.259180 0.033808
vt 0.262480 0.030690
vt 0.267088 0.030690
vt 0.270960 0.027787
vt 0.266429 0.027787
vt 0.271091 0.025121
vt 0.275531 0.025121
vt 0.280866 0.022714
vt 0.276530 0.022714
vt 0.282689 0.020512
vt 0.286905 0.020512
vt 0.293592 0.018463
vt 0.289508 0.018463
vt 0.296870 0.016510
vt 0.300811 0.016510
vt 0.308447 0.014599
vt 0.304658 0.014599
vt 0.312847 0.012748
vt 0.316478 0.012748
vt 0.324881 0.010973
vt 0.321416 0.010973
vt 0.330342 0.009294
vt 0.333633 0.009294
vt 0.342712 0.007726
vt 0.339600 0.007726
vt 0.349169 0.006289
vt 0.352095 0.006290
vt 0.361759 0.005001
vt 0.359024 0.005001
vt 0.369144 0.003878
vt 0.371682 0.003878
vt 0.381842 0.002939
vt 0.379504 0.002939
vt 0.390083 0.002201
vt 0.392215 0.002201
vt 0.402779 0.001683
vt 0.400856 0.001683
vt 0.417714 0.001279
vt 0.419310 0.001279
vt 0.447584 0.000887
vt 0.446548 0.000887
vt 0.481369 0.000499
vt 0.481730 0.000499
vt 0.267202 0.069193
vt 0.267041 0.076820
vt 0.267492 0.063926
vt 0.267906 0.059859
vt 0.268439 0.055836
vt 0.269153 0.051877
vt 0.255992 0.048005
vt 0.270106 0.048005
vt 0.271358 0.044240
vt 0.257321 0.044240
vt 0.272970 0.040605
vt 0.277511 0.033808
vt 0.267088 0.030690
vt 0.270960 0.027787
vt 0.284209 0.027787
vt 0.288516 0.025121
vt 0.275531 0.025121
vt 0.280866 0.022714
vt 0.293541 0.022714
vt 0.299231 0.020512
vt 0.286905 0.020512
vt 0.293592 0.018463
vt 0.305531 0.018463
vt 0.312333 0.016510
vt 0.300811 0.016510
vt 0.308447 0.014599
vt 0.319527 0.014599
vt 0.327094 0.012748
vt 0.324881 0.010973
vt 0.335010 0.010973
vt 0.343256 0.009294
vt 0.333633 0.009294
vt 0.342712 0.007726
vt 0.351810 0.007726
vt 0.360650 0.006289
vt 0.352095 0.006290
vt 0.361759 0.005001
vt 0.369756 0.005001
vt 0.379105 0.003878
vt 0.371683 0.003878
vt 0.388677 0.002939
vt 0.398450 0.002201
vt 0.402779 0.001683
vt 0.408403 0.001683
vt 0.423978 0.001279
vt 0.447584 0.000887
vt 0.450616 0.000887
vt 0.482787 0.000499
vt 0.481730 0.000499
vt 0.321824 0.069193
vt 0.290527 0.069193
vt 0.290382 0.076820
vt 0.321701 0.076820
vt 0.290787 0.063926
vt 0.322046 0.063926
vt 0.322363 0.059859
vt 0.291160 0.059859
vt 0.291640 0.055836
vt 0.322771 0.055836
vt 0.323317 0.051877
vt 0.292282 0.051878
vt 0.293140 0.048005
vt 0.324047 0.048005
vt 0.325005 0.044241
vt 0.294267 0.044241
vt 0.295717 0.040605
vt 0.326239 0.040605
vt 0.327793 0.037120
vt 0.297545 0.037120
vt 0.299803 0.033808
vt 0.329715 0.033808
vt 0.332048 0.030690
vt 0.302547 0.030690
vt 0.305829 0.027787
vt 0.334840 0.027787
vt 0.338137 0.025121
vt 0.309705 0.025121
vt 0.314227 0.022714
vt 0.341983 0.022714
vt 0.346338 0.020512
vt 0.319347 0.020512
vt 0.325016 0.018463
vt 0.351160 0.018463
vt 0.356366 0.016510
vt 0.331136 0.016510
vt 0.337609 0.014599
vt 0.361872 0.014599
vt 0.367663 0.012748
vt 0.344418 0.012748
vt 0.351541 0.010973
vt 0.373722 0.010973
vt 0.380034 0.009294
vt 0.358961 0.009294
vt 0.366658 0.007726
vt 0.386580 0.007726
vt 0.393346 0.006290
vt 0.374612 0.006290
vt 0.382805 0.005001
vt 0.400315 0.005001
vt 0.407471 0.003878
vt 0.391218 0.003878
vt 0.399830 0.002939
vt 0.414797 0.002939
vt 0.422277 0.002201
vt 0.408624 0.002201
vt 0.417580 0.001683
vt 0.429894 0.001683
vt 0.441815 0.001279
vt 0.431594 0.001279
vt 0.455564 0.000887
vt 0.462203 0.000887
vt 0.486826 0.000499
vt 0.484512 0.000499
vt 0.403572 0.069193
vt 0.360034 0.069193
vt 0.359938 0.076820
vt 0.403505 0.076820
vt 0.360209 0.063926
vt 0.403692 0.063926
vt 0.403863 0.059859
vt 0.360458 0.059859
vt 0.360778 0.055836
vt 0.404085 0.055836
vt 0.404380 0.051877
vt 0.361207 0.051878
vt 0.361780 0.048005
vt 0.404775 0.048005
vt 0.405294 0.044240
vt 0.362533 0.044241
vt 0.363502 0.040605
vt 0.405961 0.040605
vt 0.406802 0.037120
vt 0.364724 0.037120
vt 0.366233 0.033808
vt 0.407842 0.033808
vt 0.409105 0.030690
vt 0.368066 0.030690
vt 0.370259 0.027787
vt 0.410616 0.027787
vt 0.412400 0.025121
vt 0.372849 0.025121
vt 0.375870 0.022714
vt 0.414482 0.022714
vt 0.416839 0.020512
vt 0.379291 0.020512
vt 0.383079 0.018463
vt 0.419448 0.018463
vt 0.422266 0.016510
vt 0.387168 0.016510
vt 0.391494 0.014599
vt 0.425246 0.014599
vt 0.428380 0.012748
vt 0.396043 0.012748
vt 0.400803 0.010973
vt 0.431659 0.010973
vt 0.435075 0.009294
vt 0.405761 0.009294
vt 0.410903 0.007726
vt 0.438618 0.007726
vt 0.442279 0.006290
vt 0.416218 0.006290
vt 0.421693 0.005001
vt 0.446051 0.005001
vt 0.449924 0.003878
vt 0.427314 0.003878
vt 0.433069 0.002939
vt 0.453888 0.002939
vt 0.457936 0.002201
vt 0.438945 0.002201
vt 0.444929 0.001683
vt 0.462059 0.001683
vt 0.468511 0.001279
vt 0.454293 0.001279
vt 0.470309 0.000887
vt 0.479545 0.000887
vt 0.492870 0.000499
vt 0.489651 0.000499
vt 0.500000 0.069193
vt 0.450851 0.069193
vt 0.450817 0.076820
vt 0.500000 0.076820
vt 0.450912 0.063926
vt 0.500000 0.063926
vt 0.500000 0.059859
vt 0.450999 0.059859
vt 0.451112 0.055836
vt 0.500000 0.055836
vt 0.500000 0.051877
vt 0.451263 0.051877
vt 0.451464 0.048005
vt 0.500000 0.048005
vt 0.500000 0.044240
vt 0.451728 0.044241
vt 0.452068 0.040605
vt 0.500000 0.040605
vt 0.500000 0.037120
vt 0.452497 0.037120
vt 0.453027 0.033808
vt 0.500000 0.033808
vt 0.500000 0.030690
vt 0.453671 0.030690
vt 0.454441 0.027787
vt 0.500000 0.027787
vt 0.500000 0.025121
vt 0.455350 0.025121
vt 0.456412 0.022714
vt 0.500000 0.022714
vt 0.500000 0.020512
vt 0.457613 0.020512
vt 0.458943 0.018463
vt 0.500000 0.018463
vt 0.500000 0.016510
vt 0.460379 0.016510
vt 0.461898 0.014599
vt 0.500000 0.014599
vt 0.500000 0.012748
vt 0.463495 0.012748
vt 0.465167 0.010973
vt 0.500000 0.010973
vt 0.500000 0.009294
vt 0.466908 0.009294
vt 0.468713 0.007726
vt 0.500000 0.007726
vt 0.500000 0.006290
vt 0.470580 0.006290
vt 0.472502 0.005001
vt 0.500000 0.005001
vt 0.500000 0.003878
vt 0.474476 0.003878
vt 0.476497 0.002939
vt 0.500000 0.002939
vt 0.500000 0.002201
vt 0.478560 0.002201
vt 0.480662 0.001683
vt 0.500000 0.001683
vt 0.500000 0.001279
vt 0.483950 0.001279
vt 0.489574 0.000887
vt 0.500000 0.000887
vt 0.500000 0.000499
vt 0.496366 0.000499
vt 0.596428 0.069193
vt 0.549149 0.069193
vt 0.549183 0.076820
vt 0.596495 0.076820
vt 0.549088 0.063926
vt 0.596308 0.063926
vt 0.596137 0.059859
vt 0.549001 0.059859
vt 0.548888 0.055836
vt 0.595916 0.055836
vt 0.595620 0.051877
vt 0.548737 0.051877
vt 0.548536 0.048005
vt 0.595225 0.048005
vt 0.594706 0.044240
vt 0.548272 0.044240
vt 0.547932 0.040605
vt 0.594039 0.040605
vt 0.593198 0.037120
vt 0.547503 0.037120
vt 0.546973 0.033808
vt 0.592158 0.033808
vt 0.590895 0.030690
vt 0.546329 0.030690
vt 0.545559 0.027787
vt 0.589384 0.027787
vt 0.587600 0.025121
vt 0.544650 0.025121
vt 0.543589 0.022714
vt 0.585518 0.022714
vt 0.583161 0.020512
vt 0.542387 0.020512
vt 0.541057 0.018463
vt 0.580552 0.018462
vt 0.577734 0.016510
vt 0.539621 0.016510
vt 0.538102 0.014599
vt 0.574754 0.014599
vt 0.571620 0.012748
vt 0.536505 0.012748
vt 0.534833 0.010973
vt 0.568341 0.010973
vt 0.564925 0.009294
vt 0.533092 0.009294
vt 0.531286 0.007726
vt 0.561382 0.007726
vt 0.557721 0.006290
vt 0.529420 0.006290
vt 0.527498 0.005001
vt 0.553949 0.005001
vt 0.550076 0.003878
vt 0.525524 0.003878
vt 0.523503 0.002939
vt 0.546112 0.002939
vt 0.542063 0.002201
vt 0.521440 0.002201
vt 0.519338 0.001683
vt 0.537941 0.001683
vt 0.531489 0.001279
vt 0.516050 0.001279
vt 0.510426 0.000887
vt 0.520455 0.000887
vt 0.507130 0.000499
vt 0.503634 0.000499
vt 0.678176 0.069193
vt 0.639966 0.069193
vt 0.640062 0.076820
vt 0.678299 0.076820
vt 0.639791 0.063926
vt 0.677954 0.063926
vt 0.677637 0.059859
vt 0.639542 0.059859
vt 0.639222 0.055836
vt 0.677229 0.055836
vt 0.676683 0.051877
vt 0.638793 0.051877
vt 0.638220 0.048005
vt 0.675953 0.048005
vt 0.674995 0.044240
vt 0.637467 0.044240
vt 0.636498 0.040605
vt 0.673761 0.040605
vt 0.672207 0.037120
vt 0.635276 0.037120
vt 0.633767 0.033808
vt 0.670285 0.033808
vt 0.667952 0.030690
vt 0.631934 0.030690
vt 0.629741 0.027787
vt 0.665160 0.027787
vt 0.661863 0.025121
vt 0.627151 0.025121
vt 0.624130 0.022714
vt 0.658017 0.022714
vt 0.653662 0.020512
vt 0.620709 0.020512
vt 0.616921 0.018462
vt 0.648840 0.018462
vt 0.643634 0.016510
vt 0.612832 0.016510
vt 0.608506 0.014599
vt 0.638128 0.014599
vt 0.632337 0.012748
vt 0.603957 0.012748
vt 0.599197 0.010973
vt 0.626278 0.010973
vt 0.619966 0.009294
vt 0.594239 0.009294
vt 0.589096 0.007726
vt 0.613420 0.007726
vt 0.606654 0.006289
vt 0.583781 0.006290
vt 0.578307 0.005001
vt 0.599685 0.005001
vt 0.592529 0.003878
vt 0.572686 0.003878
vt 0.566931 0.002939
vt 0.585203 0.002939
vt 0.577723 0.002201
vt 0.561055 0.002201
vt 0.555071 0.001683
vt 0.570105 0.001683
vt 0.558185 0.001279
vt 0.545707 0.001279
vt 0.529691 0.000887
vt 0.537796 0.000887
vt 0.513174 0.000499
vt 0.510349 0.000499
vt 0.732798 0.069193
vt 0.709473 0.069193
vt 0.709618 0.076820
vt 0.732959 0.076820
vt 0.709212 0.063926
vt 0.732508 0.063926
vt 0.732094 0.059859
vt 0.708840 0.059859
vt 0.708360 0.055836
vt 0.731560 0.055836
vt 0.730847 0.051877
vt 0.707718 0.051877
vt 0.706860 0.048005
vt 0.729894 0.048005
vt 0.728642 0.044240
vt 0.705733 0.044240
vt 0.704283 0.040605
vt 0.727030 0.040605
vt 0.724999 0.037120
vt 0.702455 0.037120
vt 0.700197 0.033808
vt 0.722489 0.033808
vt 0.719439 0.030690
vt 0.697453 0.030690
vt 0.694170 0.027787
vt 0.715791 0.027787
vt 0.711484 0.025121
vt 0.690295 0.025121
vt 0.685773 0.022714
vt 0.706459 0.022714
vt 0.700769 0.020512
vt 0.680653 0.020512
vt 0.674984 0.018462
vt 0.694469 0.018462
vt 0.687667 0.016510
vt 0.668864 0.016510
vt 0.662391 0.014599
vt 0.680473 0.014599
vt 0.672906 0.012748
vt 0.655582 0.012748
vt 0.648459 0.010973
vt 0.664989 0.010973
vt 0.656744 0.009293
vt 0.641039 0.009294
vt 0.633342 0.007726
vt 0.648190 0.007726
vt 0.639350 0.006289
vt 0.625388 0.006290
vt 0.617195 0.005001
vt 0.630244 0.005001
vt 0.620895 0.003878
vt 0.608782 0.003878
vt 0.600169 0.002939
vt 0.611323 0.002939
vt 0.601550 0.002201
vt 0.591376 0.002201
vt 0.582420 0.001683
vt 0.591597 0.001683
vt 0.576022 0.001279
vt 0.568405 0.001279
vt 0.544436 0.000887
vt 0.549383 0.000887
vt 0.517213 0.000499
vt 0.515488 0.000499
vt 0.747090 0.069193
vt 0.745777 0.055836
vt 0.745020 0.051877
vt 0.744008 0.048005
vt 0.742679 0.044240
vt 0.740968 0.040605
vt 0.738812 0.037120
vt 0.732912 0.030690
vt 0.729040 0.027787
vt 0.724468 0.025121
vt 0.719134 0.022714
vt 0.713095 0.020512
vt 0.706408 0.018462
vt 0.699189 0.016510
vt 0.666367 0.009293
vt 0.657288 0.007726
vt 0.647905 0.006290
vt 0.638241 0.005001
vt 0.618158 0.002939
vt 0.597221 0.001683
vt 0.580690 0.001279
vt 0.552415 0.000887
vt 0.518269 0.000499
s 1
usemtl 材质.001
f 17/1/1 513/2/2 257/3/3 515/4/4
f 513/2/2 1/5/5 514/6/6 257/3/3
f 1/5/5 513/2/2 258/7/7 517/8/8
f 513/2/2 17/1/1 518/9/9 258/7/7
f 18/10/10 516/11/11 258/7/7 518/9/9
f 516/11/11 2/12/12 517/8/8 258/7/7
f 2/12/12 516/11/11 259/13/13 520/14/14
f 516/11/11 18/10/10 521/15/15 259/13/13
f 19/16/16 519/17/17 259/13/13 521/15/15
f 519/17/17 3/18/18 520/14/14 259/13/13
f 3/18/18 519/17/17 260/19/19 523/20/20
f 519/17/17 19/16/16 524/21/21 260/19/19
f 20/22/22 522/23/23 260/19/19 524/21/21
f 522/23/23 4/24/24 523/20/20 260/19/19
f 4/24/24 522/23/23 261/25/25 526/26/26
f 522/23/23 20/22/22 527/27/27 261/25/25
f 21/28/28 525/29/29 261/25/25 527/27/27
f 525/29/29 5/30/30 526/26/26 261/25/25
f 5/30/30 525/29/29 262/31/31 529/32/32
f 525/29/29 21/28/28 530/33/33 262/31/31
f 22/34/34 528/35/35 262/31/31 530/33/33
f 528/35/35 6/36/36 529/32/32 262/31/31
f 6/36/36 528/35/35 263/37/37 532/38/38
f 528/35/35 22/34/34 533/39/39 263/37/37
f 23/40/40 531/41/41 263/37/37 533/39/39
f 531/41/41 7/42/42 532/38/38 263/37/37
f 7/42/42 531/41/41 264/43/43 535/44/44
f 531/41/41 23/40/40 536/45/45 264/43/43
f 24/46/46 534/47/47 264/43/43 536/45/45
f 534/47/47 8/48/48 535/44/44 264/43/43
f 8/48/48 534/47/47 265/49/49 538/50/50
f 534/47/47 24/46/46 539/51/51 265/49/49
f 25/52/52 537/53/53 265/49/49 539/51/51
f 537/53/53 9/54/54 538/50/50 265/49/49
f 9/54/54 537/53/53 266/55/55 541/56/56
f 537/53/53 25/52/52 542/57/57 266/55/55
f 26/58/58 540/59/59 266/55/55 542/57/57
f 540/59/59 10/60/60 541/56/56 266/55/55
f 10/60/60 540/59/59 267/61/61 544/62/62
f 540/59/59 26/58/58 545/63/63 267/61/61
f 27/64/64 543/65/65 267/61/61 545/63/63
f 543/65/65 11/66/66 544/62/62 267/61/61
f 11/66/66 543/65/65 268/67/67 547/68/68
f 543/65/65 27/64/64 548/69/69 268/67/67
f 28/70/70 546/71/71 268/67/67 548/69/69
f 546/71/71 12/72/72 547/68/68 268/67/67
f 12/72/72 546/71/71 269/73/73 550/74/74
f 546/71/71 28/70/70 551/75/75 269/73/73
f 29/76/76 549/77/77 269/73/73 551/75/75
f 549/77/77 13/78/78 550/74/74 269/73/73
f 13/78/78 549/77/77 270/79/79 553/80/80
f 549/77/77 29/76/76 554/81/81 270/79/79
f 30/82/82 552/83/83 270/79/79 554/81/81
f 552/83/83 14/84/84 553/80/80 270/79/79
f 14/84/84 552/83/83 271/85/85 556/86/86
f 552/83/83 30/82/82 557/87/87 271/85/85
f 31/88/88 555/89/89 271/85/85 557/87/87
f 555/89/89 15/90/90 556/86/86 271/85/85
f 15/90/90 555/89/89 272/91/91 559/92/92
f 555/89/89 31/88/88 560/93/93 272/91/91
f 32/94/94 558/95/95 272/91/91 560/93/93
f 558/95/95 16/96/96 559/92/92 272/91/91
f 33/97/97 561/98/98 273/99/99 562/100/100
f 561/98/98 17/1/1 515/4/4 273/99/99
f 17/1/1 561/98/98 274/101/101 518/9/9
f 561/98/98 33/97/97 564/102/102 274/101/101
f 34/103/103 563/104/104 274/101/101 564/102/102
f 563/104/104 18/10/10 518/9/9 274/101/101
f 18/10/10 563/104/104 275/105/105 521/15/15
f 563/104/104 34/103/103 566/106/106 275/105/105
f 35/107/107 565/108/108 275/105/105 566/106/106
f 565/108/108 19/16/16 521/15/15 275/105/105
f 19/16/16 565/108/108 276/109/109 524/21/21
f 565/108/108 35/107/107 568/110/110 276/109/109
f 36/111/111 567/112/112 276/109/109 568/110/110
f 567/112/112 20/22/22 524/21/21 276/109/109
f 20/22/22 567/112/112 277/113/113 527/27/27
f 567/112/112 36/111/111 570/114/114 277/113/113
f 37/115/115 569/116/116 277/113/113 570/114/114
f 569/116/116 21/28/28 527/27/27 277/113/113
f 21/28/28 569/116/116 278/117/117 530/33/33
f 569/116/116 37/115/115 572/118/118 278/117/117
f 38/119/119 571/120/120 278/117/117 572/118/118
f 571/120/120 22/34/34 530/33/33 278/117/117
f 22/34/34 571/120/120 279/121/121 533/39/39
f 571/120/120 38/119/119 574/122/122 279/121/121
f 39/123/123 573/124/124 279/121/121 574/122/122
f 573/124/124 23/40/40 533/39/39 279/121/121
f 23/40/40 573/124/124 280/125/125 536/45/45
f 573/124/124 39/123/123 576/126/126 280/125/125
f 40/127/127 575/128/128 280/125/125 576/126/126
f 575/128/128 24/46/46 536/45/45 280/125/125
f 24/46/46 575/128/128 281/129/129 539/51/51
f 575/128/128 40/127/127 578/130/130 281/129/129
f 41/131/131 577/132/132 281/129/129 578/130/130
f 577/132/132 25/52/52 539/51/51 281/129/129
f 25/52/52 577/132/132 282/133/133 542/57/57
f 577/132/132 41/131/131 580/134/134 282/133/133
f 42/135/135 579/136/136 282/133/133 580/134/134
f 579/136/136 26/58/58 542/57/57 282/133/133
f 26/58/58 579/136/136 283/137/137 545/63/63
f 579/136/136 42/135/135 582/138/138 283/137/137
f 43/139/139 581/140/140 283/137/137 582/138/138
f 581/140/140 27/64/64 545/63/63 283/137/137
f 27/64/64 581/140/140 284/141/141 548/69/69
f 581/140/140 43/139/139 584/142/142 284/141/141
f 44/143/143 583/144/144 284/141/141 584/142/142
f 583/144/144 28/70/70 548/69/69 284/141/141
f 28/70/70 583/144/144 285/145/145 551/75/75
f 583/144/144 44/143/143 586/146/146 285/145/145
f 45/147/147 585/148/148 285/145/145 586/146/146
f 585/148/148 29/76/76 551/75/75 285/145/145
f 29/76/76 585/148/148 286/149/149 554/81/81
f 585/148/148 45/147/147 588/150/150 286/149/149
f 46/151/151 587/152/152 286/149/149 588/150/150
f 587/152/152 30/82/82 554/81/81 286/149/149
f 30/82/82 587/152/152 287/153/153 557/87/87
f 587/152/152 46/151/151 590/154/154 287/153/153
f 47/155/155 589/156/156 287/153/153 590/154/154
f 589/156/156 31/88/88 557/87/87 287/153/153
f 31/88/88 589/156/156 288/157/157 560/93/93
f 589/156/156 47/155/155 592/158/158 288/157/157
f 48/159/159 591/160/160 288/157/157 592/158/158
f 591/160/160 32/94/94 560/93/93 288/157/157
f 49/161/161 593/162/162 289/163/163 594/164/164
f 593/162/162 33/97/97 562/100/100 289/163/163
f 33/97/97 593/162/162 290/165/165 564/102/102
f 593/162/162 49/161/161 596/166/166 290/165/165
f 50/167/167 595/168/168 290/165/165 596/166/166
f 595/168/168 34/103/103 564/102/102 290/165/165
f 34/103/103 595/168/168 291/169/169 566/106/106
f 595/168/168 50/167/167 598/170/170 291/169/169
f 51/171/171 597/172/172 291/169/169 598/170/170
f 597/172/172 35/107/107 566/106/106 291/169/169
f 35/107/107 597/172/172 292/173/173 568/110/110
f 597/172/172 51/171/171 600/174/174 292/173/173
f 52/175/175 599/176/176 292/173/173 600/174/174
f 599/176/176 36/111/111 568/110/110 292/173/173
f 36/111/111 599/176/176 293/177/177 570/114/114
f 599/176/176 52/175/175 602/178/178 293/177/177
f 53/179/179 601/180/180 293/177/177 602/178/178
f 601/180/180 37/115/115 570/114/114 293/177/177
f 37/115/115 601/180/180 294/181/181 572/118/118
f 601/180/180 53/179/179 604/182/182 294/181/181
f 54/183/183 603/184/184 294/181/181 604/182/182
f 603/184/184 38/119/119 572/118/118 294/181/181
f 38/119/119 603/184/184 295/185/185 574/122/122
f 603/184/184 54/183/183 606/186/186 295/185/185
f 55/187/187 605/188/188 295/185/185 606/186/186
f 605/188/188 39/123/123 574/122/122 295/185/185
f 39/123/123 605/188/188 296/189/189 576/126/126
f 605/188/188 55/187/187 608/190/190 296/189/189
f 56/191/191 607/192/192 296/189/189 608/190/190
f 607/192/192 40/127/127 576/126/126 296/189/189
f 40/127/127 607/192/192 297/193/193 578/130/130
f 607/192/192 56/191/191 610/194/194 297/193/193
f 57/195/195 609/196/196 297/193/193 610/194/194
f 609/196/196 41/131/131 578/130/130 297/193/193
f 41/131/131 609/196/196 298/197/197 580/134/134
f 609/196/196 57/195/195 612/198/198 298/197/197
f 58/199/199 611/200/200 298/197/197 612/198/198
f 611/200/200 42/135/135 580/134/134 298/197/197
f 42/135/135 611/200/200 299/201/201 582/138/138
f 611/200/200 58/199/199 614/202/202 299/201/201
f 59/203/203 613/204/204 299/201/201 614/202/202
f 613/204/204 43/139/139 582/138/138 299/201/201
f 43/139/139 613/204/204 300/205/205 584/142/142
f 613/204/204 59/203/203 616/206/206 300/205/205
f 60/207/207 615/208/208 300/205/205 616/206/206
f 615/208/208 44/143/143 584/142/142 300/205/205
f 44/143/143 615/208/208 301/209/209 586/146/146
f 615/208/208 60/207/207 618/210/210 301/209/209
f 61/211/211 617/212/212 301/209/209 618/210/210
f 617/212/212 45/147/147 586/146/146 301/209/209
f 45/147/147 617/212/212 302/213/213 588/150/150
f 617/212/212 61/211/211 620/214/214 302/213/213
f 62/215/215 619/216/216 302/213/213 620/214/214
f 619/216/216 46/151/151 588/150/150 302/213/213
f 46/151/151 619/216/216 303/217/217 590/154/154
f 619/216/216 62/215/215 622/218/218 303/217/217
f 63/219/219 621/220/220 303/217/217 622/218/218
f 621/220/220 47/155/155 590/154/154 303/217/217
f 47/155/155 621/220/220 304/221/221 592/158/158
f 621/220/220 63/219/219 624/222/222 304/221/221
f 64/223/223 623/224/224 304/221/221 624/222/222
f 623/224/224 48/159/159 592/158/158 304/221/221
f 65/225/225 625/226/226 305/227/227 626/228/228
f 625/226/226 49/161/161 594/164/164 305/227/227
f 49/161/161 625/226/226 306/229/229 596/166/166
f 625/226/226 65/225/225 628/230/230 306/229/229
f 66/231/231 627/232/232 306/229/229 628/230/230
f 627/232/232 50/167/167 596/166/166 306/229/229
f 50/167/167 627/232/232 307/233/233 598/170/170
f 627/232/232 66/231/231 630/234/234 307/233/233
f 67/235/235 629/236/236 307/233/233 630/234/234
f 629/236/236 51/171/171 598/170/170 307/233/233
f 51/171/171 629/236/236 308/237/237 600/174/174
f 629/236/236 67/235/235 632/238/238 308/237/237
f 68/239/239 631/240/240 308/237/237 632/238/238
f 631/240/240 52/175/175 600/174/174 308/237/237
f 52/175/175 631/240/240 309/241/241 602/178/178
f 631/240/240 68/239/239 634/242/242 309/241/241
f 69/243/243 633/244/244 309/241/241 634/242/242
f 633/244/244 53/179/179 602/178/178 309/241/241
f 53/179/179 633/244/244 310/245/245 604/182/182
f 633/244/244 69/243/243 636/246/246 310/245/245
f 70/247/247 635/248/248 310/245/245 636/246/246
f 635/248/248 54/183/183 604/182/182 310/245/245
f 54/183/183 635/248/248 311/249/249 606/186/186
f 635/248/248 70/247/247 638/250/250 311/249/249
f 71/251/251 637/252/252 311/249/249 638/250/250
f 637/252/252 55/187/187 606/186/186 311/249/249
f 55/187/187 637/252/252 312/253/253 608/190/190
f 637/252/252 71/251/251 640/254/254 312/253/253
f 72/255/255 639/256/256 312/253/253 640/254/254
f 639/256/256 56/191/191 608/190/190 312/253/253
f 56/191/191 639/256/256 313/257/257 610/194/194
f 639/256/256 72/255/255 642/258/258 313/257/257
f 73/259/259 641/260/260 313/257/257 642/258/258
f 641/260/260 57/195/195 610/194/194 313/257/257
f 57/195/195 641/260/260 314/261/261 612/198/198
f 641/260/260 73/259/259 644/262/262 314/261/261
f 74/263/263 643/264/264 314/261/261 644/262/262
f 643/264/264 58/199/199 612/198/198 314/261/261
f 58/199/199 643/264/264 315/265/265 614/202/202
f 643/264/264 74/263/263 646/266/266 315/265/265
f 75/267/267 645/268/268 315/265/265 646/266/266
f 645/268/268 59/203/203 614/202/202 315/265/265
f 59/203/203 645/268/268 316/269/269 616/206/206
f 645/268/268 75/267/267 648/270/270 316/269/269
f 76/271/271 647/272/272 316/269/269 648/270/270
f 647/272/272 60/207/207 616/206/206 316/269/269
f 60/207/207 647/272/272 317/273/273 618/210/210
f 647/272/272 76/271/271 650/274/274 317/273/273
f 77/275/275 649/276/276 317/273/273 650/274/274
f 649/276/276 61/211/211 618/210/210 317/273/273
f 61/211/211 649/276/276 318/277/277 620/214/214
f 649/276/276 77/275/275 652/278/278 318/277/277
f 78/279/279 651/280/280 318/277/277 652/278/278
f 651/280/280 62/215/215 620/214/214 318/277/277
f 62/215/215 651/280/280 319/281/281 622/218/218
f 651/280/280 78/279/279 654/282/282 319/281/281
f 79/283/283 653/284/284 319/281/281 654/282/282
f 653/284/284 63/219/219 622/218/218 319/281/281
f 63/219/219 653/284/284 320/285/285 624/222/222
f 653/284/284 79/283/283 656/286/286 320/285/285
f 80/287/287 655/288/288 320/285/285 656/286/286
f 655/288/288 64/223/223 624/222/222 320/285/285
f 81/289/289 657/290/290 321/291/291 658/292/292
f 657/290/290 65/225/225 626/228/228 321/291/291
f 65/225/225 657/290/290 322/293/293 628/230/230
f 657/290/290 81/289/289 660/294/294 322/293/293
f 82/295/295 659/296/296 322/293/293 660/294/294
f 659/296/296 66/231/231 628/230/230 322/293/293
f 66/231/231 659/296/296 323/297/297 630/234/234
f 659/296/296 82/295/295 662/298/298 323/297/297
f 83/299/299 661/300/300 323/297/297 662/298/298
f 661/300/300 67/235/235 630/234/234 323/297/297
f 67/235/235 661/300/300 324/301/301 632/238/238
f 661/300/300 83/299/299 664/302/302 324/301/301
f 84/303/303 663/304/304 324/301/301 664/302/302
f 663/304/304 68/239/239 632/238/238 324/301/301
f 68/239/239 663/304/304 325/305/305 634/242/242
f 663/304/304 84/303/303 666/306/306 325/305/305
f 85/307/307 665/308/308 325/305/305 666/306/306
f 665/308/308 69/243/243 634/242/242 325/305/305
f 69/243/243 665/308/308 326/309/309 636/246/246
f 665/308/308 85/307/307 668/310/310 326/309/309
f 86/311/311 667/312/312 326/309/309 668/310/310
f 667/312/312 70/247/247 636/246/246 326/309/309
f 70/247/247 667/312/312 327/313/313 638/250/250
f 667/312/312 86/311/311 670/314/314 327/313/313
f 87/315/315 669/316/316 327/313/313 670/314/314
f 669/316/316 71/251/251 638/250/250 327/313/313
f 71/251/251 669/316/316 328/317/317 640/254/254
f 669/316/316 87/315/315 672/318/318 328/317/317
f 88/319/319 671/320/320 328/317/317 672/318/318
f 671/320/320 72/255/255 640/254/254 328/317/317
f 72/255/255 671/320/320 329/321/321 642/258/258
f 671/320/320 88/319/319 674/322/322 329/321/321
f 89/323/323 673/324/324 329/321/321 674/322/322
f 673/324/324 73/259/259 642/258/258 329/321/321
f 73/259/259 673/324/324 330/325/325 644/262/262
f 673/324/324 89/323/323 676/326/326 330/325/325
f 90/327/327 675/328/328 330/325/325 676/326/326
f 675/328/328 74/263/263 644/262/262 330/325/325
f 74/263/263 675/328/328 331/329/329 646/266/266
f 675/328/328 90/327/327 678/330/330 331/329/329
f 91/331/331 677/332/332 331/329/329 678/330/330
f 677/332/332 75/267/267 646/266/266 331/329/329
f 75/267/267 677/332/332 332/333/333 648/270/270
f 677/332/332 91/331/331 680/334/334 332/333/333
f 92/335/335 679/336/336 332/333/333 680/334/334
f 679/336/336 76/271/271 648/270/270 332/333/333
f 76/271/271 679/336/336 333/337/337 650/274/274
f 679/336/336 92/335/335 682/338/338 333/337/337
f 93/339/339 681/340/340 333/337/337 682/338/338
f 681/340/340 77/275/275 650/274/274 333/337/337
f 77/275/275 681/340/340 334/341/341 652/278/278
f 681/340/340 93/339/339 684/342/342 334/341/341
f 94/343/343 683/344/344 334/341/341 684/342/342
f 683/344/344 78/279/279 652/278/278 334/341/341
f 78/279/279 683/344/344 335/345/345 654/282/282
f 683/344/344 94/343/343 686/346/346 335/345/345
f 95/347/347 685/348/348 335/345/345 686/346/346
f 685/348/348 79/283/283 654/282/282 335/345/345
f 79/283/283 685/348/348 336/349/349 656/286/286
f 685/348/348 95/347/347 688/350/350 336/349/349
f 96/351/351 687/352/352 336/349/349 688/350/350
f 687/352/352 80/287/287 656/286/286 336/349/349
f 97/353/353 689/354/354 337/355/355 690/356/356
f 689/354/354 81/289/289 658/292/292 337/355/355
f 81/289/289 689/354/354 338/357/357 660/294/294
f 689/354/354 97/353/353 692/358/358 338/357/357
f 98/359/359 691/360/360 338/357/357 692/358/358
f 691/360/360 82/295/295 660/294/294 338/357/357
f 82/295/295 691/360/360 339/361/361 662/298/298
f 691/360/360 98/359/359 694/362/362 339/361/361
f 99/363/363 693/364/364 339/361/361 694/362/362
f 693/364/364 83/299/299 662/298/298 339/361/361
f 83/299/299 693/364/364 340/365/365 664/302/302
f 693/364/364 99/363/363 696/366/366 340/365/365
f 100/367/367 695/368/368 340/365/365 696/366/366
f 695/368/368 84/303/303 664/302/302 340/365/365
f 84/303/303 695/368/368 341/369/369 666/306/306
f 695/368/368 100/367/367 698/370/370 341/369/369
f 101/371/371 697/372/372 341/369/369 698/370/370
f 697/372/372 85/307/307 666/306/306 341/369/369
f 85/307/307 697/372/372 342/373/373 668/310/310
f 697/372/372 101/371/371 700/374/374 342/373/373
f 102/375/375 699/376/376 342/373/373 700/374/374
f 699/376/376 86/311/311 668/310/310 342/373/373
f 86/311/311 699/376/376 343/377/377 670/314/314
f 699/376/376 102/375/375 702/378/378 343/377/377
f 103/379/379 701/380/380 343/377/377 702/378/378
f 701/380/380 87/315/315 670/314/314 343/377/377
f 87/315/315 701/380/380 344/381/381 672/318/318
f 701/380/380 103/379/379 704/382/382 344/381/381
f 104/383/383 703/384/384 344/381/381 704/382/382
f 703/384/384 88/319/319 672/318/318 344/381/381
f 88/319/319 703/384/384 345/385/385 674/322/322
f 703/384/384 104/383/383 706/386/386 345/385/385
f 105/387/387 705/388/388 345/385/385 706/386/386
f 705/388/388 89/323/323 674/322/322 345/385/385
f 89/323/323 705/388/388 346/389/389 676/326/326
f 705/388/388 105/387/387 708/390/390 346/389/389
f 106/391/391 707/392/392 346/389/389 708/390/390
f 707/392/392 90/327/327 676/326/326 346/389/389
f 90/327/327 707/392/392 347/393/393 678/330/330
f 707/392/392 106/391/391 710/394/394 347/393/393
f 107/395/395 709/396/396 347/393/393 710/394/394
f 709/396/396 91/331/331 678/330/330 347/393/393
f 91/331/331 709/396/396 348/397/397 680/334/334
f 709/396/396 107/395/395 712/398/398 348/397/397
f 108/399/399 711/400/400 348/397/397 712/398/398
f 711/400/400 92/335/335 680/334/334 348/397/397
f 92/335/335 711/400/400 349/401/401 682/338/338
f 711/400/400 108/399/399 714/402/402 349/401/401
f 109/403/403 713/404/404 349/401/401 714/402/402
f 713/404/404 93/339/339 682/338/338 349/401/401
f 93/339/339 713/404/404 350/405/405 684/342/342
f 713/404/404 109/403/403 716/406/406 350/405/405
f 110/407/407 715/408/408 350/405/405 716/406/406
f 715/408/408 94/343/343 684/342/342 350/405/405
f 94/343/343 715/408/408 351/409/409 686/346/346
f 715/408/408 110/407/407 718/410/410 351/409/409
f 111/411/411 717/412/412 351/409/409 718/410/410
f 717/412/412 95/347/347 686/346/346 351/409/409
f 95/347/347 717/412/412 352/413/413 688/350/350
f 717/412/412 111/411/411 720/414/414 352/413/413
f 112/415/415 719/416/416 352/413/413 720/414/414
f 719/416/416 96/351/351 688/350/350 352/413/413
f 113/417/417 721/418/418 353/419/419 722/420/420
f 721/418/418 97/353/353 690/356/356 353/419/419
f 97/353/353 721/418/418 354/421/421 692/358/358
f 721/418/418 113/417/417 724/422/422 354/421/421
f 114/423/423 723/424/424 354/421/421 724/422/422
f 723/424/424 98/359/359 692/358/358 354/421/421
f 98/359/359 723/424/424 355/425/425 694/362/362
f 723/424/424 114/423/423 726/426/426 355/425/425
f 115/427/427 725/428/428 355/425/425 726/426/426
f 725/428/428 99/363/363 694/362/362 355/425/425
f 99/363/363 725/428/428 356/429/429 696/366/366
f 725/428/428 115/427/427 728/430/430 356/429/429
f 116/431/431 727/432/432 356/429/429 728/430/430
f 727/432/432 100/367/367 696/366/366 356/429/429
f 100/367/367 727/432/432 357/433/433 698/370/370
f 727/432/432 116/431/431 730/434/434 357/433/433
f 117/435/435 729/436/436 357/433/433 730/434/434
f 729/436/436 101/371/371 698/370/370 357/433/433
f 101/371/371 729/436/436 358/437/437 700/374/374
f 729/436/436 117/435/435 732/438/438 358/437/437
f 118/439/439 731/440/440 358/437/437 732/438/438
f 731/440/440 102/375/375 700/374/374 358/437/437
f 102/375/375 731/440/440 359/441/441 702/378/378
f 731/440/440 118/439/439 734/442/442 359/441/441
f 119/443/443 733/444/444 359/441/441 734/442/442
f 733/444/444 103/379/379 702/378/378 359/441/441
f 103/379/379 733/444/444 360/445/445 704/382/382
f 733/444/444 119/443/443 736/446/446 360/445/445
f 120/447/447 735/448/448 360/445/445 736/446/446
f 735/448/448 104/383/383 704/382/382 360/445/445
f 104/383/383 735/448/448 361/449/449 706/386/386
f 735/448/448 120/447/447 738/450/450 361/449/449
f 121/451/451 737/452/452 361/449/449 738/450/450
f 737/452/452 105/387/387 706/386/386 361/449/449
f 105/387/387 737/452/452 362/453/453 708/390/390
f 737/452/452 121/451/451 740/454/454 362/453/453
f 122/455/455 739/456/456 362/453/453 740/454/454
f 739/456/456 106/391/391 708/390/390 362/453/453
f 106/391/391 739/456/456 363/457/457 710/394/394
f 739/456/456 122/455/455 742/458/458 363/457/457
f 123/459/459 741/460/460 363/457/457 742/458/458
f 741/460/460 107/395/395 710/394/394 363/457/457
f 107/395/395 741/460/460 364/461/461 712/398/398
f 741/460/460 123/459/459 744/462/462 364/461/461
f 124/463/463 743/464/464 364/461/461 744/462/462
f 743/464/464 108/399/399 712/398/398 364/461/461
f 108/399/399 743/464/464 365/465/465 714/402/402
f 743/464/464 124/463/463 746/466/466 365/465/465
f 125/467/467 745/468/468 365/465/465 746/466/466
f 745/468/468 109/403/403 714/402/402 365/465/465
f 109/403/403 745/468/468 366/469/469 716/406/406
f 745/468/468 125/467/467 748/470/470 366/469/469
f 126/471/471 747/472/472 366/469/469 748/470/470
f 747/472/472 110/407/407 716/406/406 366/469/469
f 110/407/407 747/472/472 367/473/473 718/410/410
f 747/472/472 126/471/471 750/474/474 367/473/473
f 127/475/475 749/476/476 367/473/473 750/474/474
f 749/476/476 111/411/411 718/410/410 367/473/473
f 111/411/411 749/476/476 368/477/477 720/414/414
f 749/476/476 127/475/475 752/478/478 368/477/477
f 128/479/479 751/480/480 368/477/477 752/478/478
f 751/480/480 112/415/415 720/414/414 368/477/477
f 129/481/481 753/482/482 369/483/483 754/484/484
f 753/482/482 113/417/417 722/420/420 369/483/483
f 113/417/417 753/482/482 370/485/485 724/422/422
f 753/482/482 129/481/481 756/486/486 370/485/485
f 130/487/487 755/488/488 370/485/485 756/486/486
f 755/488/488 114/423/423 724/422/422 370/485/485
f 114/423/423 755/488/488 371/489/489 726/426/426
f 755/488/488 130/487/487 758/490/490 371/489/489
f 131/491/491 757/492/492 371/489/489 758/490/490
f 757/492/492 115/427/427 726/426/426 371/489/489
f 115/427/427 757/492/492 372/493/493 728/430/430
f 757/492/492 131/491/491 760/494/494 372/493/493
f 132/495/495 759/496/496 372/493/493 760/494/494
f 759/496/496 116/431/431 728/430/430 372/493/493
f 116/431/431 759/496/496 373/497/497 730/434/434
f 759/496/496 132/495/495 762/498/498 373/497/497
f 133/499/499 761/500/500 373/497/497 762/498/498
f 761/500/500 117/435/435 730/434/434 373/497/497
f 117/435/435 761/500/500 374/501/501 732/438/438
f 761/500/500 133/499/499 764/502/502 374/501/501
f 134/503/503 763/504/504 374/501/501 764/502/502
f 763/504/504 118/439/439 732/438/438 374/501/501
f 118/439/439 763/504/504 375/505/505 734/442/442
f 763/504/504 134/503/503 766/506/506 375/505/505
f 135/507/507 765/508/508 375/505/505 766/506/506
f 765/508/508 119/443/443 734/442/442 375/505/505
f 119/443/443 765/508/508 376/509/509 736/446/446
f 765/508/508 135/507/507 768/510/510 376/509/509
f 136/511/511 767/512/512 376/509/509 768/510/510
f 767/512/512 120/447/447 736/446/446 376/509/509
f 120/447/447 767/512/512 377/513/513 738/450/450
f 767/512/512 136/511/511 770/514/514 377/513/513
f 137/515/515 769/516/516 377/513/513 770/514/514
f 769/516/516 121/451/451 738/450/450 377/513/513
f 121/451/451 769/516/516 378/517/517 740/454/454
f 769/516/516 137/515/515 772/518/518 378/517/517
f 138/519/519 771/520/520 378/517/517 772/518/518
f 771/520/520 122/455/455 740/454/454 378/517/517
f 122/455/455 771/520/520 379/521/521 742/458/458
f 771/520/520 138/519/519 774/522/522 379/521/521
f 139/523/523 773/524/524 379/521/521 774/522/522
f 773/524/524 123/459/459 742/458/458 379/521/521
f 123/459/459 773/524/524 380/525/525 744/462/462
f 773/524/524 139/523/523 776/526/526 380/525/525
f 140/527/527 775/528/528 380/525/525 776/526/526
f 775/528/528 124/463/463 744/462/462 380/525/525
f 124/463/463 775/528/528 381/529/529 746/466/466
f 775/528/528 140/527/527 778/530/530 381/529/529
f 141/531/531 777/532/532 381/529/529 778/530/530
f 777/532/532 125/467/467 746/466/466 381/529/529
f 125/467/467 777/532/532 382/533/533 748/470/470
f 777/532/532 141/531/531 780/534/534 382/533/533
f 142/535/535 779/536/536 382/533/533 780/534/534
f 779/536/536 126/471/471 748/470/470 382/533/533
f 126/471/471 779/536/536 383/537/537 750/474/474
f 779/536/536 142/535/535 782/538/538 383/537/537
f 143/539/539 781/540/540 383/537/537 782/538/538
f 781/540/540 127/475/475 750/474/474 383/537/537
f 127/475/475 781/540/540 384/541/541 752/478/478
f 781/540/540 143/539/539 784/542/542 384/541/541
f 144/543/543 783/544/544 384/541/541 784/542/542
f 783/544/544 128/479/479 752/478/478 384/541/541
f 145/545/545 785/482/546 385/483/547 786/546/548
f 785/482/546 129/481/481 754/484/484 385/483/547
f 129/481/481 785/482/546 386/485/549 756/486/486
f 785/482/546 145/545/545 788/547/550 386/485/549
f 146/548/551 787/488/552 386/485/549 788/547/550
f 787/488/552 130/487/487 756/486/486 386/485/549
f 130/487/487 787/488/552 387/489/553 758/490/490
f 787/488/552 146/548/551 790/549/554 387/489/553
f 147/550/555 789/492/556 387/489/553 790/549/554
f 789/492/556 131/491/491 758/490/490 387/489/553
f 131/491/491 789/492/556 388/551/557 760/494/494
f 789/492/556 147/550/555 792/552/558 388/551/557
f 148/553/559 791/554/560 388/551/557 792/552/558
f 791/554/560 132/495/495 760/494/494 388/551/557
f 132/495/495 791/554/560 389/497/561 762/498/498
f 791/554/560 148/553/559 794/555/562 389/497/561
f 149/435/563 793/500/564 389/497/561 794/555/562
f 793/500/564 133/499/499 762/498/498 389/497/561
f 133/499/499 793/500/564 390/501/565 764/502/502
f 793/500/564 149/435/563 796/556/566 390/501/565
f 150/439/567 795/557/568 390/501/565 796/556/566
f 795/557/568 134/503/503 764/502/502 390/501/565
f 134/503/503 795/557/568 391/558/569 766/506/506
f 795/557/568 150/439/567 798/559/570 391/558/569
f 151/560/571 797/561/572 391/558/569 798/559/570
f 797/561/572 135/507/507 766/506/506 391/558/569
f 135/507/507 797/561/572 392/562/573 768/510/510
f 797/561/572 151/560/571 800/563/574 392/562/573
f 152/564/575 799/565/576 392/562/573 800/563/574
f 799/565/576 136/511/511 768/510/510 392/562/573
f 136/511/511 799/565/576 393/566/577 770/514/514
f 799/565/576 152/564/575 802/567/578 393/566/577
f 153/568/579 801/569/580 393/566/577 802/567/578
f 801/569/580 137/515/515 770/514/514 393/566/577
f 137/515/515 801/569/580 394/570/581 772/518/518
f 801/569/580 153/568/579 804/571/582 394/570/581
f 154/572/583 803/520/584 394/570/581 804/571/582
f 803/520/584 138/519/519 772/518/518 394/570/581
f 138/519/519 803/520/584 395/573/585 774/522/522
f 803/520/584 154/572/583 806/574/586 395/573/585
f 155/575/587 805/576/588 395/573/585 806/574/586
f 805/576/588 139/523/523 774/522/522 395/573/585
f 139/523/523 805/576/588 396/577/589 776/526/526
f 805/576/588 155/575/587 808/578/590 396/577/589
f 156/579/591 807/580/592 396/577/589 808/578/590
f 807/580/592 140/527/527 776/526/526 396/577/589
f 140/527/527 807/580/592 397/581/593 778/530/530
f 807/580/592 156/579/591 810/582/594 397/581/593
f 157/583/595 809/584/596 397/581/593 810/582/594
f 809/584/596 141/531/531 778/530/530 397/581/593
f 141/531/531 809/584/596 398/533/597 780/534/534
f 809/584/596 157/583/595 812/585/598 398/533/597
f 158/586/599 811/536/600 398/533/597 812/585/598
f 811/536/600 142/535/535 780/534/534 398/533/597
f 142/535/535 811/536/600 399/587/601 782/538/538
f 811/536/600 158/586/599 814/588/602 399/587/601
f 159/589/603 813/540/604 399/587/601 814/588/602
f 813/540/604 143/539/539 782/538/538 399/587/601
f 143/539/539 813/540/604 400/590/605 784/542/542
f 813/540/604 159/589/603 816/591/606 400/590/605
f 160/592/607 815/593/608 400/590/605 816/591/606
f 815/593/608 144/543/543 784/542/542 400/590/605
f 161/594/609 817/595/610 401/596/611 818/597/612
f 817/595/610 145/545/545 786/546/548 401/596/611
f 145/545/545 817/595/610 402/598/613 788/547/550
f 817/595/610 161/594/609 820/599/614 402/598/613
f 162/600/615 819/601/616 402/598/613 820/599/614
f 819/601/616 146/548/551 788/547/550 402/598/613
f 146/548/551 819/601/616 403/602/617 790/549/554
f 819/601/616 162/600/615 822/603/618 403/602/617
f 163/604/619 821/605/620 403/602/617 822/603/618
f 821/605/620 147/550/555 790/549/554 403/602/617
f 147/550/555 821/605/620 404/606/621 792/552/558
f 821/605/620 163/604/619 824/607/622 404/606/621
f 164/608/623 823/609/624 404/606/621 824/607/622
f 823/609/624 148/553/559 792/552/558 404/606/621
f 148/553/559 823/609/624 405/610/625 794/555/562
f 823/609/624 164/608/623 826/611/626 405/610/625
f 165/612/627 825/613/628 405/610/625 826/611/626
f 825/613/628 149/435/563 794/555/562 405/610/625
f 149/435/563 825/613/628 406/614/629 796/556/566
f 825/613/628 165/612/627 828/615/630 406/614/629
f 166/616/631 827/617/632 406/614/629 828/615/630
f 827/617/632 150/439/567 796/556/566 406/614/629
f 150/439/567 827/617/632 407/618/633 798/559/570
f 827/617/632 166/616/631 830/619/634 407/618/633
f 167/620/635 829/621/636 407/618/633 830/619/634
f 829/621/636 151/560/571 798/559/570 407/618/633
f 151/560/571 829/621/636 408/622/637 800/563/574
f 829/621/636 167/620/635 832/623/638 408/622/637
f 168/624/639 831/625/640 408/622/637 832/623/638
f 831/625/640 152/564/575 800/563/574 408/622/637
f 152/564/575 831/625/640 409/626/641 802/567/578
f 831/625/640 168/624/639 834/627/642 409/626/641
f 169/628/643 833/629/644 409/626/641 834/627/642
f 833/629/644 153/568/579 802/567/578 409/626/641
f 153/568/579 833/629/644 410/630/645 804/571/582
f 833/629/644 169/628/643 836/631/646 410/630/645
f 170/632/647 835/633/648 410/630/645 836/631/646
f 835/633/648 154/572/583 804/571/582 410/630/645
f 154/572/583 835/633/648 411/634/649 806/574/586
f 835/633/648 170/632/647 838/635/650 411/634/649
f 171/636/651 837/637/652 411/634/649 838/635/650
f 837/637/652 155/575/587 806/574/586 411/634/649
f 155/575/587 837/637/652 412/638/653 808/578/590
f 837/637/652 171/636/651 840/639/654 412/638/653
f 172/640/655 839/641/656 412/638/653 840/639/654
f 839/641/656 156/579/591 808/578/590 412/638/653
f 156/579/591 839/641/656 413/642/657 810/582/594
f 839/641/656 172/640/655 842/643/658 413/642/657
f 173/644/659 841/645/660 413/642/657 842/643/658
f 841/645/660 157/583/595 810/582/594 413/642/657
f 157/583/595 841/645/660 414/646/661 812/585/598
f 841/645/660 173/644/659 844/647/662 414/646/661
f 174/648/663 843/649/664 414/646/661 844/647/662
f 843/649/664 158/586/599 812/585/598 414/646/661
f 158/586/599 843/649/664 415/650/665 814/588/602
f 843/649/664 174/648/663 846/651/666 415/650/665
f 175/652/667 845/653/668 415/650/665 846/651/666
f 845/653/668 159/589/603 814/588/602 415/650/665
f 159/589/603 845/653/668 416/654/669 816/591/606
f 845/653/668 175/652/667 848/655/670 416/654/669
f 176/656/671 847/657/672 416/654/669 848/655/670
f 847/657/672 160/592/607 816/591/606 416/654/669
f 177/658/673 849/659/674 417/660/675 850/661/676
f 849/659/674 161/594/609 818/597/612 417/660/675
f 161/594/609 849/659/674 418/662/677 820/599/614
f 849/659/674 177/658/673 852/663/678 418/662/677
f 178/664/679 851/665/680 418/662/677 852/663/678
f 851/665/680 162/600/615 820/599/614 418/662/677
f 162/600/615 851/665/680 419/666/681 822/603/618
f 851/665/680 178/664/679 854/667/682 419/666/681
f 179/668/683 853/669/684 419/666/681 854/667/682
f 853/669/684 163/604/619 822/603/618 419/666/681
f 163/604/619 853/669/684 420/670/685 824/607/622
f 853/669/684 179/668/683 856/671/686 420/670/685
f 180/672/687 855/673/688 420/670/685 856/671/686
f 855/673/688 164/608/623 824/607/622 420/670/685
f 164/608/623 855/673/688 421/674/689 826/611/626
f 855/673/688 180/672/687 858/675/690 421/674/689
f 181/676/691 857/677/692 421/674/689 858/675/690
f 857/677/692 165/612/627 826/611/626 421/674/689
f 165/612/627 857/677/692 422/678/693 828/615/630
f 857/677/692 181/676/691 860/679/694 422/678/693
f 182/680/695 859/681/696 422/678/693 860/679/694
f 859/681/696 166/616/631 828/615/630 422/678/693
f 166/616/631 859/681/696 423/682/697 830/619/634
f 859/681/696 182/680/695 862/683/698 423/682/697
f 183/684/699 861/685/700 423/682/697 862/683/698
f 861/685/700 167/620/635 830/619/634 423/682/697
f 167/620/635 861/685/700 424/686/701 832/623/638
f 861/685/700 183/684/699 864/687/702 424/686/701
f 184/688/703 863/689/704 424/686/701 864/687/702
f 863/689/704 168/624/639 832/623/638 424/686/701
f 168/624/639 863/689/704 425/690/705 834/627/642
f 863/689/704 184/688/703 866/691/706 425/690/705
f 185/692/707 865/693/708 425/690/705 866/691/706
f 865/693/708 169/628/643 834/627/642 425/690/705
f 169/628/643 865/693/708 426/694/709 836/631/646
f 865/693/708 185/692/707 868/695/710 426/694/709
f 186/696/711 867/697/712 426/694/709 868/695/710
f 867/697/712 170/632/647 836/631/646 426/694/709
f 170/632/647 867/697/712 427/698/713 838/635/650
f 867/697/712 186/696/711 870/699/714 427/698/713
f 187/700/715 869/701/716 427/698/713 870/699/714
f 869/701/716 171/636/651 838/635/650 427/698/713
f 171/636/651 869/701/716 428/702/717 840/639/654
f 869/701/716 187/700/715 872/703/718 428/702/717
f 188/704/719 871/705/720 428/702/717 872/703/718
f 871/705/720 172/640/655 840/639/654 428/702/717
f 172/640/655 871/705/720 429/706/721 842/643/658
f 871/705/720 188/704/719 874/707/722 429/706/721
f 189/708/723 873/709/724 429/706/721 874/707/722
f 873/709/724 173/644/659 842/643/658 429/706/721
f 173/644/659 873/709/724 430/710/725 844/647/662
f 873/709/724 189/708/723 876/711/726 430/710/725
f 190/712/727 875/713/728 430/710/725 876/711/726
f 875/713/728 174/648/663 844/647/662 430/710/725
f 174/648/663 875/713/728 431/714/729 846/651/666
f 875/713/728 190/712/727 878/715/730 431/714/729
f 191/716/731 877/717/732 431/714/729 878/715/730
f 877/717/732 175/652/667 846/651/666 431/714/729
f 175/652/667 877/717/732 432/718/733 848/655/670
f 877/717/732 191/716/731 880/719/734 432/718/733
f 192/720/735 879/721/736 432/718/733 880/719/734
f 879/721/736 176/656/671 848/655/670 432/718/733
f 193/722/737 881/723/738 433/724/739 882/725/740
f 881/723/738 177/658/673 850/661/676 433/724/739
f 177/658/673 881/723/738 434/726/741 852/663/678
f 881/723/738 193/722/737 884/727/742 434/726/741
f 194/728/743 883/729/744 434/726/741 884/727/742
f 883/729/744 178/664/679 852/663/678 434/726/741
f 178/664/679 883/729/744 435/730/745 854/667/682
f 883/729/744 194/728/743 886/731/746 435/730/745
f 195/732/747 885/733/748 435/730/745 886/731/746
f 885/733/748 179/668/683 854/667/682 435/730/745
f 179/668/683 885/733/748 436/734/749 856/671/686
f 885/733/748 195/732/747 888/735/750 436/734/749
f 196/736/751 887/737/752 436/734/749 888/735/750
f 887/737/752 180/672/687 856/671/686 436/734/749
f 180/672/687 887/737/752 437/738/753 858/675/690
f 887/737/752 196/736/751 890/739/754 437/738/753
f 197/740/755 889/741/756 437/738/753 890/739/754
f 889/741/756 181/676/691 858/675/690 437/738/753
f 181/676/691 889/741/756 438/742/757 860/679/694
f 889/741/756 197/740/755 892/743/758 438/742/757
f 198/744/759 891/745/760 438/742/757 892/743/758
f 891/745/760 182/680/695 860/679/694 438/742/757
f 182/680/695 891/745/760 439/746/761 862/683/698
f 891/745/760 198/744/759 894/747/762 439/746/761
f 199/748/763 893/749/764 439/746/761 894/747/762
f 893/749/764 183/684/699 862/683/698 439/746/761
f 183/684/699 893/749/764 440/750/765 864/687/702
f 893/749/764 199/748/763 896/751/766 440/750/765
f 200/752/767 895/753/768 440/750/765 896/751/766
f 895/753/768 184/688/703 864/687/702 440/750/765
f 184/688/703 895/753/768 441/754/769 866/691/706
f 895/753/768 200/752/767 898/755/770 441/754/769
f 201/756/771 897/757/772 441/754/769 898/755/770
f 897/757/772 185/692/707 866/691/706 441/754/769
f 185/692/707 897/757/772 442/758/773 868/695/710
f 897/757/772 201/756/771 900/759/774 442/758/773
f 202/760/775 899/761/776 442/758/773 900/759/774
f 899/761/776 186/696/711 868/695/710 442/758/773
f 186/696/711 899/761/776 443/762/777 870/699/714
f 899/761/776 202/760/775 902/763/778 443/762/777
f 203/764/779 901/765/780 443/762/777 902/763/778
f 901/765/780 187/700/715 870/699/714 443/762/777
f 187/700/715 901/765/780 444/766/781 872/703/718
f 901/765/780 203/764/779 904/767/782 444/766/781
f 204/768/783 903/769/784 444/766/781 904/767/782
f 903/769/784 188/704/719 872/703/718 444/766/781
f 188/704/719 903/769/784 445/770/785 874/707/722
f 903/769/784 204/768/783 906/771/786 445/770/785
f 205/772/787 905/773/788 445/770/785 906/771/786
f 905/773/788 189/708/723 874/707/722 445/770/785
f 189/708/723 905/773/788 446/774/789 876/711/726
f 905/773/788 205/772/787 908/775/790 446/774/789
f 206/776/791 907/777/792 446/774/789 908/775/790
f 907/777/792 190/712/727 876/711/726 446/774/789
f 190/712/727 907/777/792 447/778/793 878/715/730
f 907/777/792 206/776/791 910/779/794 447/778/793
f 207/780/795 909/781/796 447/778/793 910/779/794
f 909/781/796 191/716/731 878/715/730 447/778/793
f 191/716/731 909/781/796 448/782/797 880/719/734
f 909/781/796 207/780/795 912/783/798 448/782/797
f 208/784/799 911/785/800 448/782/797 912/783/798
f 911/785/800 192/720/735 880/719/734 448/782/797
f 209/786/801 913/787/802 449/788/803 914/789/804
f 913/787/802 193/722/737 882/725/740 449/788/803
f 193/722/737 913/787/802 450/790/805 884/727/742
f 913/787/802 209/786/801 916/791/806 450/790/805
f 210/792/807 915/793/808 450/790/805 916/791/806
f 915/793/808 194/728/743 884/727/742 450/790/805
f 194/728/743 915/793/808 451/794/809 886/731/746
f 915/793/808 210/792/807 918/795/810 451/794/809
f 211/796/811 917/797/812 451/794/809 918/795/810
f 917/797/812 195/732/747 886/731/746 451/794/809
f 195/732/747 917/797/812 452/798/813 888/735/750
f 917/797/812 211/796/811 920/799/814 452/798/813
f 212/800/815 919/801/816 452/798/813 920/799/814
f 919/801/816 196/736/751 888/735/750 452/798/813
f 196/736/751 919/801/816 453/802/817 890/739/754
f 919/801/816 212/800/815 922/803/818 453/802/817
f 213/804/819 921/805/820 453/802/817 922/803/818
f 921/805/820 197/740/755 890/739/754 453/802/817
f 197/740/755 921/805/820 454/806/821 892/743/758
f 921/805/820 213/804/819 924/807/822 454/806/821
f 214/808/823 923/809/824 454/806/821 924/807/822
f 923/809/824 198/744/759 892/743/758 454/806/821
f 198/744/759 923/809/824 455/810/825 894/747/762
f 923/809/824 214/808/823 926/811/826 455/810/825
f 215/812/827 925/813/828 455/810/825 926/811/826
f 925/813/828 199/748/763 894/747/762 455/810/825
f 199/748/763 925/813/828 456/814/829 896/751/766
f 925/813/828 215/812/827 928/815/830 456/814/829
f 216/816/831 927/817/832 456/814/829 928/815/830
f 927/817/832 200/752/767 896/751/766 456/814/829
f 200/752/767 927/817/832 457/818/833 898/755/770
f 927/817/832 216/816/831 930/819/834 457/818/833
f 217/820/835 929/821/836 457/818/833 930/819/834
f 929/821/836 201/756/771 898/755/770 457/818/833
f 201/756/771 929/821/836 458/822/837 900/759/774
f 929/821/836 217/820/835 932/823/838 458/822/837
f 218/824/839 931/825/840 458/822/837 932/823/838
f 931/825/840 202/760/775 900/759/774 458/822/837
f 202/760/775 931/825/840 459/826/841 902/763/778
f 931/825/840 218/824/839 934/827/842 459/826/841
f 219/828/843 933/829/844 459/826/841 934/827/842
f 933/829/844 203/764/779 902/763/778 459/826/841
f 203/764/779 933/829/844 460/830/845 904/767/782
f 933/829/844 219/828/843 936/831/846 460/830/845
f 220/832/847 935/833/848 460/830/845 936/831/846
f 935/833/848 204/768/783 904/767/782 460/830/845
f 204/768/783 935/833/848 461/834/849 906/771/786
f 935/833/848 220/832/847 938/835/850 461/834/849
f 221/836/851 937/837/852 461/834/849 938/835/850
f 937/837/852 205/772/787 906/771/786 461/834/849
f 205/772/787 937/837/852 462/838/853 908/775/790
f 937/837/852 221/836/851 940/839/854 462/838/853
f 222/840/855 939/841/856 462/838/853 940/839/854
f 939/841/856 206/776/791 908/775/790 462/838/853
f 206/776/791 939/841/856 463/842/857 910/779/794
f 939/841/856 222/840/855 942/843/858 463/842/857
f 223/844/859 941/845/860 463/842/857 942/843/858
f 941/845/860 207/780/795 910/779/794 463/842/857
f 207/780/795 941/845/860 464/846/861 912/783/798
f 941/845/860 223/844/859 944/847/862 464/846/861
f 224/848/863 943/849/864 464/846/861 944/847/862
f 943/849/864 208/784/799 912/783/798 464/846/861
f 225/850/865 945/851/866 465/852/867 946/853/868
f 945/851/866 209/786/801 914/789/804 465/852/867
f 209/786/801 945/851/866 466/854/869 916/791/806
f 945/851/866 225/850/865 948/855/870 466/854/869
f 226/856/871 947/857/872 466/854/869 948/855/870
f 947/857/872 210/792/807 916/791/806 466/854/869
f 210/792/807 947/857/872 467/858/873 918/795/810
f 947/857/872 226/856/871 950/859/874 467/858/873
f 227/860/875 949/861/876 467/858/873 950/859/874
f 949/861/876 211/796/811 918/795/810 467/858/873
f 211/796/811 949/861/876 468/862/877 920/799/814
f 949/861/876 227/860/875 952/863/878 468/862/877
f 228/864/879 951/865/880 468/862/877 952/863/878
f 951/865/880 212/800/815 920/799/814 468/862/877
f 212/800/815 951/865/880 469/866/881 922/803/818
f 951/865/880 228/864/879 954/867/882 469/866/881
f 229/868/883 953/869/884 469/866/881 954/867/882
f 953/869/884 213/804/819 922/803/818 469/866/881
f 213/804/819 953/869/884 470/870/885 924/807/822
f 953/869/884 229/868/883 956/871/886 470/870/885
f 230/872/887 955/873/888 470/870/885 956/871/886
f 955/873/888 214/808/823 924/807/822 470/870/885
f 214/808/823 955/873/888 471/874/889 926/811/826
f 955/873/888 230/872/887 958/875/890 471/874/889
f 231/876/891 957/877/892 471/874/889 958/875/890
f 957/877/892 215/812/827 926/811/826 471/874/889
f 215/812/827 957/877/892 472/878/893 928/815/830
f 957/877/892 231/876/891 960/879/894 472/878/893
f 232/880/895 959/881/896 472/878/893 960/879/894
f 959/881/896 216/816/831 928/815/830 472/878/893
f 216/816/831 959/881/896 473/882/897 930/819/834
f 959/881/896 232/880/895 962/883/898 473/882/897
f 233/884/899 961/885/900 473/882/897 962/883/898
f 961/885/900 217/820/835 930/819/834 473/882/897
f 217/820/835 961/885/900 474/886/901 932/823/838
f 961/885/900 233/884/899 964/887/902 474/886/901
f 234/888/903 963/889/904 474/886/901 964/887/902
f 963/889/904 218/824/839 932/823/838 474/886/901
f 218/824/839 963/889/904 475/890/905 934/827/842
f 963/889/904 234/888/903 966/891/906 475/890/905
f 235/892/907 965/893/908 475/890/905 966/891/906
f 965/893/908 219/828/843 934/827/842 475/890/905
f 219/828/843 965/893/908 476/894/909 936/831/846
f 965/893/908 235/892/907 968/895/910 476/894/909
f 236/896/911 967/897/912 476/894/909 968/895/910
f 967/897/912 220/832/847 936/831/846 476/894/909
f 220/832/847 967/897/912 477/898/913 938/835/850
f 967/897/912 236/896/911 970/899/914 477/898/913
f 237/900/915 969/901/916 477/898/913 970/899/914
f 969/901/916 221/836/851 938/835/850 477/898/913
f 221/836/851 969/901/916 478/902/917 940/839/854
f 969/901/916 237/900/915 972/903/918 478/902/917
f 238/904/919 971/905/920 478/902/917 972/903/918
f 971/905/920 222/840/855 940/839/854 478/902/917
f 222/840/855 971/905/920 479/906/921 942/843/858
f 971/905/920 238/904/919 974/907/922 479/906/921
f 239/908/923 973/909/924 479/906/921 974/907/922
f 973/909/924 223/844/859 942/843/858 479/906/921
f 223/844/859 973/909/924 480/910/925 944/847/862
f 973/909/924 239/908/923 976/911/926 480/910/925
f 240/912/927 975/913/928 480/910/925 976/911/926
f 975/913/928 224/848/863 944/847/862 480/910/925
f 241/914/929 977/915/930 481/916/931 978/917/932
f 977/915/930 225/850/865 946/853/868 481/916/931
f 225/850/865 977/915/930 482/918/933 948/855/870
f 977/915/930 241/914/929 980/919/934 482/918/933
f 242/920/935 979/921/936 482/918/933 980/919/934
f 979/921/936 226/856/871 948/855/870 482/918/933
f 226/856/871 979/921/936 483/922/937 950/859/874
f 979/921/936 242/920/935 982/923/938 483/922/937
f 243/924/939 981/925/940 483/922/937 982/923/938
f 981/925/940 227/860/875 950/859/874 483/922/937
f 227/860/875 981/925/940 484/926/941 952/863/878
f 981/925/940 243/924/939 984/927/942 484/926/941
f 244/928/943 983/929/944 484/926/941 984/927/942
f 983/929/944 228/864/879 952/863/878 484/926/941
f 228/864/879 983/929/944 485/930/945 954/867/882
f 983/929/944 244/928/943 986/931/946 485/930/945
f 245/932/947 985/933/948 485/930/945 986/931/946
f 985/933/948 229/868/883 954/867/882 485/930/945
f 229/868/883 985/933/948 486/934/949 956/871/886
f 985/933/948 245/932/947 988/935/950 486/934/949
f 246/936/951 987/937/952 486/934/949 988/935/950
f 987/937/952 230/872/887 956/871/886 486/934/949
f 230/872/887 987/937/952 487/938/953 958/875/890
f 987/937/952 246/936/951 990/939/954 487/938/953
f 247/940/955 989/941/956 487/938/953 990/939/954
f 989/941/956 231/876/891 958/875/890 487/938/953
f 231/876/891 989/941/956 488/942/957 960/879/894
f 989/941/956 247/940/955 992/943/958 488/942/957
f 248/944/959 991/945/960 488/942/957 992/943/958
f 991/945/960 232/880/895 960/879/894 488/942/957
f 232/880/895 991/945/960 489/946/961 962/883/898
f 991/945/960 248/944/959 994/947/962 489/946/961
f 249/948/963 993/949/964 489/946/961 994/947/962
f 993/949/964 233/884/899 962/883/898 489/946/961
f 233/884/899 993/949/964 490/950/965 964/887/902
f 993/949/964 249/948/963 996/951/966 490/950/965
f 250/952/967 995/953/968 490/950/965 996/951/966
f 995/953/968 234/888/903 964/887/902 490/950/965
f 234/888/903 995/953/968 491/954/969 966/891/906
f 995/953/968 250/952/967 998/955/970 491/954/969
f 251/956/971 997/957/972 491/954/969 998/955/970
f 997/957/972 235/892/907 966/891/906 491/954/969
f 235/892/907 997/957/972 492/958/973 968/895/910
f 997/957/972 251/956/971 1000/959/974 492/958/973
f 252/960/975 999/961/976 492/958/973 1000/959/974
f 999/961/976 236/896/911 968/895/910 492/958/973
f 236/896/911 999/961/976 493/962/977 970/899/914
f 999/961/976 252/960/975 1002/963/978 493/962/977
f 253/964/979 1001/965/980 493/962/977 1002/963/978
f 1001/965/980 237/900/915 970/899/914 493/962/977
f 237/900/915 1001/965/980 494/966/981 972/903/918
f 1001/965/980 253/964/979 1004/967/982 494/966/981
f 254/968/983 1003/969/984 494/966/981 1004/967/982
f 1003/969/984 238/904/919 972/903/918 494/966/981
f 238/904/919 1003/969/984 495/970/985 974/907/922
f 1003/969/984 254/968/983 1006/971/986 495/970/985
f 255/972/987 1005/973/988 495/970/985 1006/971/986
f 1005/973/988 239/908/923 974/907/922 495/970/985
f 239/908/923 1005/973/988 496/974/989 976/911/926
f 1005/973/988 255/972/987 1008/975/990 496/974/989
f 256/976/991 1007/977/992 496/974/989 1008/975/990
f 1007/977/992 240/912/927 976/911/926 496/974/989
f 1/5/5 1009/978/993 497/3/994 514/6/6
f 1009/978/993 241/914/929 978/917/932 497/3/994
f 241/914/929 1009/978/993 498/7/995 980/919/934
f 1009/978/993 1/5/5 517/8/8 498/7/995
f 2/12/12 1010/11/996 498/7/995 517/8/8
f 1010/11/996 242/920/935 980/919/934 498/7/995
f 242/920/935 1010/11/996 499/979/997 982/923/938
f 1010/11/996 2/12/12 520/14/14 499/979/997
f 3/18/18 1011/980/998 499/979/997 520/14/14
f 1011/980/998 243/924/939 982/923/938 499/979/997
f 243/924/939 1011/980/998 500/981/999 984/927/942
f 1011/980/998 3/18/18 523/20/20 500/981/999
f 4/24/24 1012/982/1000 500/981/999 523/20/20
f 1012/982/1000 244/928/943 984/927/942 500/981/999
f 244/928/943 1012/982/1000 501/983/1001 986/931/946
f 1012/982/1000 4/24/24 526/26/26 501/983/1001
f 5/30/30 1013/984/1002 501/983/1001 526/26/26
f 1013/984/1002 245/932/947 986/931/946 501/983/1001
f 245/932/947 1013/984/1002 502/31/1003 988/935/950
f 1013/984/1002 5/30/30 529/32/32 502/31/1003
f 6/36/36 1014/985/1004 502/31/1003 529/32/32
f 1014/985/1004 246/936/951 988/935/950 502/31/1003
f 246/936/951 1014/985/1004 503/986/1005 990/939/954
f 1014/985/1004 6/36/36 532/38/38 503/986/1005
f 7/42/42 1015/987/1006 503/986/1005 532/38/38
f 1015/987/1006 247/940/955 990/939/954 503/986/1005
f 247/940/955 1015/987/1006 504/988/1007 992/943/958
f 1015/987/1006 7/42/42 535/44/44 504/988/1007
f 8/48/48 1016/989/1008 504/988/1007 535/44/44
f 1016/989/1008 248/944/959 992/943/958 504/988/1007
f 248/944/959 1016/989/1008 505/990/1009 994/947/962
f 1016/989/1008 8/48/48 538/50/50 505/990/1009
f 9/54/54 1017/991/1010 505/990/1009 538/50/50
f 1017/991/1010 249/948/963 994/947/962 505/990/1009
f 249/948/963 1017/991/1010 506/55/1011 996/951/966
f 1017/991/1010 9/54/54 541/56/56 506/55/1011
f 10/60/60 1018/59/1012 506/55/1011 541/56/56
f 1018/59/1012 250/952/967 996/951/966 506/55/1011
f 250/952/967 1018/59/1012 507/61/1013 998/955/970
f 1018/59/1012 10/60/60 544/62/62 507/61/1013
f 11/66/66 1019/992/1014 507/61/1013 544/62/62
f 1019/992/1014 251/956/971 998/955/970 507/61/1013
f 251/956/971 1019/992/1014 508/993/1015 1000/959/974
f 1019/992/1014 11/66/66 547/68/68 508/993/1015
f 12/72/72 1020/994/1016 508/993/1015 547/68/68
f 1020/994/1016 252/960/975 1000/959/974 508/993/1015
f 252/960/975 1020/994/1016 509/995/1017 1002/963/978
f 1020/994/1016 12/72/72 550/74/74 509/995/1017
f 13/78/78 1021/77/1018 509/995/1017 550/74/74
f 1021/77/1018 253/964/979 1002/963/978 509/995/1017
f 253/964/979 1021/77/1018 510/996/1019 1004/967/982
f 1021/77/1018 13/78/78 553/80/80 510/996/1019
f 14/84/84 1022/83/1020 510/996/1019 553/80/80
f 1022/83/1020 254/968/983 1004/967/982 510/996/1019
f 254/968/983 1022/83/1020 511/997/1021 1006/971/986
f 1022/83/1020 14/84/84 556/86/86 511/997/1021
f 15/90/90 1023/998/1022 511/997/1021 556/86/86
f 1023/998/1022 255/972/987 1006/971/986 511/997/1021
f 255/972/987 1023/998/1022 512/999/1023 1008/975/990
f 1023/998/1022 15/90/90 559/92/92 512/999/1023
f 16/96/96 1024/1000/1024 512/999/1023 559/92/92
f 1024/1000/1024 256/976/991 1008/975/990 512/999/1023
f 32/94/94 591/160/160 1042/160/1025 1026/94/1025
f 911/785/800 208/784/799 1037/784/1025 1052/785/1025
f 655/288/288 80/287/287 1029/287/1025 1044/288/1025
f 943/849/864 224/848/863 1038/848/1025 1053/849/1025
f 751/480/480 128/479/479 1032/479/1025 1047/480/1025
f 48/159/159 623/224/224 1043/224/1025 1027/159/1025
f 783/544/544 144/543/543 1033/543/1025 1048/544/1025
f 975/913/928 240/912/927 1039/912/1025 1054/913/1025
f 192/720/735 911/785/800 1052/785/1025 1036/720/1025
f 64/223/223 655/288/288 1044/288/1025 1028/223/1025
f 815/593/608 160/592/607 1034/592/1025 1049/593/1025
f 1007/977/992 256/976/991 1040/976/1025 1055/977/1025
f 208/784/799 943/849/864 1053/849/1025 1037/784/1025
f 112/415/415 751/480/480 1047/480/1025 1031/415/1025
f 847/657/672 176/656/671 1035/656/1025 1050/657/1025
f 687/352/352 96/351/351 1030/351/1025 1045/352/1025
f 128/479/479 783/544/544 1048/544/1025 1032/479/1025
f 224/848/863 975/913/928 1054/913/1025 1038/848/1025
f 1024/1000/1024 16/96/96 1025/96/1025 1056/1000/1025
f 879/721/736 192/720/735 1036/720/1025 1051/721/1025
f 144/543/543 815/593/608 1049/593/1025 1033/543/1025
f 719/416/416 112/415/415 1031/415/1025 1046/416/1025
f 240/912/927 1007/977/992 1055/977/1025 1039/912/1025
f 558/95/95 32/94/94 1026/94/1025 1041/95/1025
f 160/592/607 847/657/672 1050/657/1025 1034/592/1025
f 256/976/991 1024/1000/1024 1056/1000/1025 1040/976/1025
f 80/287/287 687/352/352 1045/352/1025 1029/287/1025
f 176/656/671 879/721/736 1051/721/1025 1035/656/1025
f 96/351/351 719/416/416 1046/416/1025 1030/351/1025
f 591/160/160 48/159/159 1027/159/1025 1042/160/1025
f 16/96/96 558/95/95 1041/95/1025 1025/96/1025
f 623/224/224 64/223/223 1028/223/1025 1043/224/1025
o TC2
v 0.018732 0.281530 -0.000000
v 0.018221 0.279580 -0.000000
v 0.018008 0.277184 -0.000000
v 0.017908 0.274228 -0.000000
v 0.017908 0.270913 -0.000000
v 0.018023 0.267484 -0.000000
v 0.018266 0.264189 -0.000000
v 0.018652 0.261275 -0.000000
v 0.019205 0.258922 -0.000000
v 0.019997 0.256898 -0.000000
v 0.021126 0.254854 -0.000000
v 0.022654 0.252761 -0.000000
v 0.024639 0.250648 -0.000000
v 0.027136 0.248543 -0.000000
v 0.030204 0.246476 -0.000000
v 0.033861 0.244446 -0.000000
v 0.037889 0.242287 -0.000000
v 0.042007 0.239819 -0.000000
v 0.046121 0.237028 -0.000000
v 0.050171 0.233921 -0.000000
v 0.054095 0.230511 -0.000000
v 0.057833 0.226807 -0.000000
v 0.061374 0.222779 -0.000000
v 0.064989 0.218135 -0.000000
v 0.068870 0.212482 -0.000000
v 0.072861 0.205611 -0.000000
v 0.076749 0.197348 -0.000000
v 0.080324 0.187515 -0.000000
v 0.083372 0.175937 -0.000000
v 0.085682 0.162576 -0.000000
v 0.087048 0.148246 -0.000000
v 0.087407 0.133975 -0.000000
v 0.086794 0.120104 -0.000000
v 0.085259 0.106852 -0.000000
v 0.082850 0.094438 -0.000000
v 0.079617 0.083081 -0.000000
v 0.075671 0.072992 -0.000000
v 0.071498 0.064285 -0.000000
v 0.067532 0.056843 -0.000000
v 0.063794 0.050461 -0.000000
v 0.060238 0.044927 -0.000000
v 0.056820 0.040030 -0.000000
v 0.053493 0.035556 -0.000000
v 0.049863 0.031140 -0.000000
v 0.044896 0.025840 -0.000000
v 0.017306 0.281530 -0.007168
v 0.016834 0.279580 -0.006973
v 0.016637 0.277184 -0.006891
v 0.016545 0.274228 -0.006853
v 0.016545 0.270913 -0.006853
v 0.016651 0.267484 -0.006897
v 0.016875 0.264189 -0.006990
v 0.017232 0.261275 -0.007138
v 0.017743 0.258922 -0.007349
v 0.018475 0.256898 -0.007653
v 0.019518 0.254854 -0.008085
v 0.020930 0.252761 -0.008669
v 0.022763 0.250648 -0.009429
v 0.025071 0.248543 -0.010385
v 0.027905 0.246476 -0.011559
v 0.031284 0.244446 -0.012958
v 0.035005 0.242287 -0.014500
v 0.038810 0.239819 -0.016076
v 0.042611 0.237028 -0.017650
v 0.046352 0.233921 -0.019200
v 0.049977 0.230511 -0.020701
v 0.053431 0.226807 -0.022132
v 0.056702 0.222779 -0.023487
v 0.060042 0.218135 -0.024870
v 0.063628 0.212482 -0.026356
v 0.067315 0.205611 -0.027883
v 0.070907 0.197348 -0.029371
v 0.074209 0.187515 -0.030739
v 0.077026 0.175937 -0.031905
v 0.079160 0.162576 -0.032789
v 0.080422 0.148246 -0.033312
v 0.080753 0.133975 -0.033449
v 0.080187 0.120104 -0.033215
v 0.078769 0.106852 -0.032627
v 0.076544 0.094438 -0.031706
v 0.073557 0.083081 -0.030468
v 0.069911 0.072992 -0.028958
v 0.066056 0.064285 -0.027361
v 0.062391 0.056843 -0.025843
v 0.058938 0.050461 -0.024413
v 0.055653 0.044927 -0.023052
v 0.052495 0.040030 -0.021744
v 0.049421 0.035556 -0.020471
v 0.046067 0.031140 -0.019082
v 0.041479 0.025840 -0.017181
v 0.013245 0.281530 -0.013245
v 0.012884 0.279580 -0.012884
v 0.012733 0.277184 -0.012733
v 0.012663 0.274228 -0.012663
v 0.012663 0.270913 -0.012663
v 0.012744 0.267484 -0.012744
v 0.012916 0.264189 -0.012916
v 0.013189 0.261275 -0.013189
v 0.013580 0.258922 -0.013580
v 0.014140 0.256898 -0.014140
v 0.014938 0.254854 -0.014938
v 0.016019 0.252761 -0.016019
v 0.017422 0.250648 -0.017422
v 0.019188 0.248543 -0.019188
v 0.021358 0.246476 -0.021358
v 0.023943 0.244446 -0.023943
v 0.026792 0.242287 -0.026792
v 0.029704 0.239819 -0.029704
v 0.032613 0.237028 -0.032613
v 0.035476 0.233921 -0.035476
v 0.038251 0.230511 -0.038251
v 0.040894 0.226807 -0.040894
v 0.043398 0.222779 -0.043398
v 0.045954 0.218135 -0.045955
v 0.048699 0.212482 -0.048699
v 0.051520 0.205611 -0.051520
v 0.054270 0.197348 -0.054270
v 0.056797 0.187515 -0.056797
v 0.058953 0.175937 -0.058953
v 0.060587 0.162576 -0.060587
v 0.061552 0.148246 -0.061552
v 0.061806 0.133975 -0.061806
v 0.061373 0.120104 -0.061373
v 0.060287 0.106852 -0.060287
v 0.058584 0.094438 -0.058584
v 0.056298 0.083081 -0.056298
v 0.053508 0.072992 -0.053508
v 0.050557 0.064285 -0.050557
v 0.047752 0.056843 -0.047752
v 0.045109 0.050461 -0.045109
v 0.042595 0.044927 -0.042595
v 0.040178 0.040029 -0.040178
v 0.037825 0.035556 -0.037825
v 0.035258 0.031140 -0.035258
v 0.031747 0.025840 -0.031747
v 0.007168 0.281530 -0.017306
v 0.006973 0.279580 -0.016834
v 0.006891 0.277184 -0.016637
v 0.006853 0.274228 -0.016545
v 0.006853 0.270913 -0.016545
v 0.006897 0.267484 -0.016651
v 0.006990 0.264189 -0.016875
v 0.007138 0.261275 -0.017233
v 0.007349 0.258922 -0.017743
v 0.007653 0.256898 -0.018475
v 0.008085 0.254854 -0.019518
v 0.008669 0.252761 -0.020930
v 0.009429 0.250648 -0.022763
v 0.010385 0.248543 -0.025071
v 0.011559 0.246476 -0.027905
v 0.012958 0.244446 -0.031284
v 0.014500 0.242287 -0.035005
v 0.016075 0.239819 -0.038810
v 0.017650 0.237028 -0.042611
v 0.019200 0.233921 -0.046352
v 0.020701 0.230511 -0.049977
v 0.022132 0.226807 -0.053431
v 0.023487 0.222779 -0.056702
v 0.024870 0.218135 -0.060042
v 0.026356 0.212482 -0.063628
v 0.027883 0.205611 -0.067315
v 0.029371 0.197348 -0.070907
v 0.030738 0.187515 -0.074209
v 0.031905 0.175937 -0.077026
v 0.032789 0.162576 -0.079160
v 0.033312 0.148246 -0.080422
v 0.033449 0.133975 -0.080754
v 0.033215 0.120104 -0.080188
v 0.032627 0.106852 -0.078769
v 0.031705 0.094438 -0.076544
v 0.030468 0.083081 -0.073557
v 0.028958 0.072992 -0.069911
v 0.027361 0.064285 -0.066056
v 0.025843 0.056843 -0.062391
v 0.024413 0.050461 -0.058938
v 0.023052 0.044927 -0.055653
v 0.021744 0.040030 -0.052495
v 0.020471 0.035556 -0.049421
v 0.019082 0.031140 -0.046067
v 0.017181 0.025840 -0.041479
v 0.000000 0.281530 -0.018732
v 0.000000 0.279580 -0.018221
v 0.000000 0.277184 -0.018008
v 0.000000 0.274228 -0.017908
v 0.000000 0.270913 -0.017908
v 0.000000 0.267484 -0.018023
v 0.000000 0.264189 -0.018266
v 0.000000 0.261275 -0.018652
v 0.000000 0.258922 -0.019205
v 0.000000 0.256898 -0.019997
v 0.000000 0.254854 -0.021126
v 0.000000 0.252761 -0.022654
v 0.000000 0.250648 -0.024639
v 0.000000 0.248543 -0.027136
v 0.000000 0.246476 -0.030204
v 0.000000 0.244446 -0.033861
v 0.000000 0.242287 -0.037889
v 0.000000 0.239819 -0.042007
v 0.000000 0.237028 -0.046121
v 0.000000 0.233921 -0.050171
v 0.000000 0.230511 -0.054095
v 0.000000 0.226807 -0.057833
v 0.000000 0.222779 -0.061374
v 0.000000 0.218135 -0.064989
v 0.000000 0.212482 -0.068870
v 0.000000 0.205611 -0.072861
v 0.000000 0.197348 -0.076749
v 0.000000 0.187515 -0.080324
v 0.000000 0.175937 -0.083373
v 0.000000 0.162576 -0.085682
v -0.000000 0.148246 -0.087048
v -0.000000 0.133975 -0.087407
v -0.000000 0.120104 -0.086794
v -0.000000 0.106852 -0.085259
v -0.000000 0.094438 -0.082850
v -0.000000 0.083081 -0.079617
v -0.000000 0.072992 -0.075671
v -0.000000 0.064285 -0.071498
v -0.000000 0.056843 -0.067532
v -0.000000 0.050461 -0.063794
v -0.000000 0.044927 -0.060238
v -0.000000 0.040030 -0.056820
v -0.000000 0.035556 -0.053493
v -0.000000 0.031140 -0.049863
v -0.000000 0.025840 -0.044896
v -0.007168 0.281530 -0.017306
v -0.006973 0.279580 -0.016834
v -0.006891 0.277184 -0.016637
v -0.006853 0.274228 -0.016545
v -0.006853 0.270913 -0.016545
v -0.006897 0.267484 -0.016651
v -0.006990 0.264189 -0.016875
v -0.007138 0.261275 -0.017233
v -0.007349 0.258922 -0.017743
v -0.007653 0.256898 -0.018475
v -0.008085 0.254854 -0.019518
v -0.008669 0.252761 -0.020930
v -0.009429 0.250648 -0.022763
v -0.010385 0.248543 -0.025071
v -0.011559 0.246476 -0.027905
v -0.012958 0.244446 -0.031284
v -0.014500 0.242287 -0.035005
v -0.016075 0.239819 -0.038810
v -0.017650 0.237028 -0.042611
v -0.019200 0.233921 -0.046352
v -0.020701 0.230511 -0.049977
v -0.022132 0.226807 -0.053431
v -0.023487 0.222779 -0.056702
v -0.024870 0.218135 -0.060042
v -0.026356 0.212482 -0.063628
v -0.027883 0.205611 -0.067315
v -0.029371 0.197348 -0.070907
v -0.030738 0.187515 -0.074209
v -0.031905 0.175937 -0.077026
v -0.032789 0.162576 -0.079160
v -0.033312 0.148246 -0.080422
v -0.033449 0.133975 -0.080754
v -0.033215 0.120104 -0.080188
v -0.032627 0.106852 -0.078769
v -0.031706 0.094438 -0.076544
v -0.030468 0.083081 -0.073557
v -0.028958 0.072992 -0.069911
v -0.027361 0.064285 -0.066056
v -0.025843 0.056843 -0.062391
v -0.024413 0.050461 -0.058938
v -0.023052 0.044927 -0.055653
v -0.021744 0.040030 -0.052495
v -0.020471 0.035556 -0.049421
v -0.019082 0.031140 -0.046067
v -0.017181 0.025840 -0.041479
v -0.013245 0.281530 -0.013245
v -0.012884 0.279580 -0.012884
v -0.012733 0.277184 -0.012733
v -0.012663 0.274228 -0.012663
v -0.012663 0.270913 -0.012663
v -0.012744 0.267484 -0.012744
v -0.012916 0.264189 -0.012916
v -0.013189 0.261275 -0.013189
v -0.013580 0.258922 -0.013580
v -0.014140 0.256898 -0.014140
v -0.014938 0.254854 -0.014938
v -0.016019 0.252761 -0.016019
v -0.017422 0.250648 -0.017422
v -0.019188 0.248543 -0.019188
v -0.021358 0.246476 -0.021358
v -0.023943 0.244446 -0.023943
v -0.026792 0.242287 -0.026792
v -0.029704 0.239819 -0.029704
v -0.032613 0.237028 -0.032613
v -0.035476 0.233921 -0.035476
v -0.038251 0.230511 -0.038251
v -0.040894 0.226807 -0.040894
v -0.043398 0.222779 -0.043398
v -0.045954 0.218135 -0.045955
v -0.048699 0.212482 -0.048699
v -0.051520 0.205611 -0.051520
v -0.054270 0.197348 -0.054270
v -0.056797 0.187515 -0.056797
v -0.058953 0.175937 -0.058953
v -0.060587 0.162576 -0.060587
v -0.061552 0.148246 -0.061552
v -0.061806 0.133975 -0.061806
v -0.061373 0.120104 -0.061373
v -0.060287 0.106852 -0.060287
v -0.058584 0.094438 -0.058584
v -0.056298 0.083081 -0.056298
v -0.053508 0.072992 -0.053508
v -0.050557 0.064285 -0.050557
v -0.047752 0.056843 -0.047752
v -0.045109 0.050461 -0.045109
v -0.042595 0.044927 -0.042595
v -0.040178 0.040029 -0.040178
v -0.037825 0.035556 -0.037825
v -0.035258 0.031140 -0.035258
v -0.031747 0.025840 -0.031747
v -0.017306 0.281530 -0.007168
v -0.016834 0.279580 -0.006973
v -0.016637 0.277184 -0.006891
v -0.016545 0.274228 -0.006853
v -0.016545 0.270913 -0.006853
v -0.016651 0.267484 -0.006897
v -0.016875 0.264189 -0.006990
v -0.017232 0.261275 -0.007138
v -0.017743 0.258922 -0.007349
v -0.018475 0.256898 -0.007653
v -0.019518 0.254854 -0.008085
v -0.020930 0.252761 -0.008669
v -0.022763 0.250648 -0.009429
v -0.025071 0.248543 -0.010385
v -0.027905 0.246476 -0.011559
v -0.031284 0.244446 -0.012958
v -0.035005 0.242287 -0.014500
v -0.038810 0.239819 -0.016076
v -0.042611 0.237028 -0.017650
v -0.046352 0.233921 -0.019200
v -0.049977 0.230511 -0.020701
v -0.053431 0.226807 -0.022132
v -0.056702 0.222779 -0.023487
v -0.060042 0.218135 -0.024870
v -0.063628 0.212482 -0.026356
v -0.067315 0.205611 -0.027883
v -0.070907 0.197348 -0.029371
v -0.074209 0.187515 -0.030739
v -0.077026 0.175937 -0.031905
v -0.079160 0.162576 -0.032789
v -0.080422 0.148246 -0.033312
v -0.080754 0.133975 -0.033449
v -0.080187 0.120104 -0.033215
v -0.078769 0.106852 -0.032627
v -0.076544 0.094438 -0.031706
v -0.073557 0.083081 -0.030468
v -0.069911 0.072992 -0.028958
v -0.066056 0.064285 -0.027361
v -0.062391 0.056843 -0.025843
v -0.058938 0.050461 -0.024413
v -0.055653 0.044927 -0.023052
v -0.052495 0.040029 -0.021744
v -0.049421 0.035556 -0.020471
v -0.046067 0.031140 -0.019082
v -0.041479 0.025840 -0.017181
v -0.018732 0.281530 -0.000000
v -0.018221 0.279580 -0.000000
v -0.018008 0.277184 -0.000000
v -0.017908 0.274228 -0.000000
v -0.017908 0.270913 -0.000000
v -0.018023 0.267484 -0.000000
v -0.018266 0.264189 -0.000000
v -0.018652 0.261275 -0.000000
v -0.019205 0.258922 -0.000000
v -0.019997 0.256898 -0.000000
v -0.021126 0.254854 -0.000000
v -0.022654 0.252761 -0.000000
v -0.024639 0.250648 -0.000000
v -0.027136 0.248543 -0.000000
v -0.030204 0.246476 -0.000000
v -0.033861 0.244446 -0.000000
v -0.037889 0.242287 -0.000000
v -0.042007 0.239819 -0.000000
v -0.046121 0.237028 -0.000000
v -0.050171 0.233921 -0.000000
v -0.054095 0.230511 -0.000000
v -0.057833 0.226807 -0.000000
v -0.061374 0.222779 -0.000000
v -0.064989 0.218135 -0.000000
v -0.068870 0.212482 -0.000000
v -0.072861 0.205611 -0.000000
v -0.076749 0.197348 -0.000000
v -0.080324 0.187515 -0.000000
v -0.083373 0.175937 -0.000000
v -0.085682 0.162576 -0.000000
v -0.087048 0.148246 -0.000000
v -0.087407 0.133975 -0.000000
v -0.086794 0.120104 -0.000000
v -0.085259 0.106852 -0.000000
v -0.082850 0.094438 -0.000000
v -0.079617 0.083081 0.000000
v -0.075671 0.072992 0.000000
v -0.071498 0.064285 0.000000
v -0.067532 0.056843 0.000000
v -0.063794 0.050461 0.000000
v -0.060238 0.044927 0.000000
v -0.056820 0.040030 0.000000
v -0.053493 0.035556 0.000000
v -0.049863 0.031140 0.000000
v -0.044896 0.025840 0.000000
v -0.017306 0.281530 0.007168
v -0.016834 0.279580 0.006973
v -0.016637 0.277184 0.006891
v -0.016545 0.274228 0.006853
v -0.016545 0.270913 0.006853
v -0.016651 0.267484 0.006897
v -0.016875 0.264189 0.006990
v -0.017232 0.261275 0.007138
v -0.017743 0.258922 0.007349
v -0.018475 0.256898 0.007653
v -0.019518 0.254854 0.008085
v -0.020930 0.252761 0.008669
v -0.022763 0.250648 0.009429
v -0.025071 0.248543 0.010385
v -0.027905 0.246476 0.011559
v -0.031284 0.244446 0.012958
v -0.035005 0.242287 0.014500
v -0.038810 0.239819 0.016075
v -0.042611 0.237028 0.017650
v -0.046352 0.233921 0.019199
v -0.049977 0.230511 0.020701
v -0.053431 0.226807 0.022132
v -0.056702 0.222779 0.023487
v -0.060042 0.218135 0.024870
v -0.063628 0.212482 0.026356
v -0.067315 0.205611 0.027883
v -0.070907 0.197348 0.029371
v -0.074209 0.187515 0.030738
v -0.077026 0.175937 0.031905
v -0.079160 0.162576 0.032789
v -0.080422 0.148246 0.033312
v -0.080753 0.133975 0.033449
v -0.080187 0.120104 0.033215
v -0.078769 0.106852 0.032627
v -0.076544 0.094438 0.031705
v -0.073557 0.083081 0.030468
v -0.069911 0.072992 0.028958
v -0.066056 0.064285 0.027361
v -0.062391 0.056843 0.025843
v -0.058938 0.050461 0.024413
v -0.055653 0.044927 0.023052
v -0.052495 0.040030 0.021744
v -0.049421 0.035556 0.020471
v -0.046067 0.031140 0.019082
v -0.041479 0.025840 0.017181
v -0.013245 0.281530 0.013245
v -0.012884 0.279580 0.012884
v -0.012733 0.277184 0.012733
v -0.012663 0.274228 0.012663
v -0.012663 0.270913 0.012663
v -0.012744 0.267484 0.012744
v -0.012916 0.264189 0.012916
v -0.013189 0.261275 0.013189
v -0.013580 0.258922 0.013580
v -0.014140 0.256898 0.014140
v -0.014938 0.254854 0.014938
v -0.016019 0.252761 0.016019
v -0.017422 0.250648 0.017422
v -0.019188 0.248543 0.019188
v -0.021358 0.246476 0.021358
v -0.023943 0.244446 0.023943
v -0.026792 0.242287 0.026792
v -0.029704 0.239819 0.029704
v -0.032613 0.237028 0.032613
v -0.035476 0.233921 0.035476
v -0.038251 0.230511 0.038251
v -0.040894 0.226807 0.040894
v -0.043398 0.222779 0.043398
v -0.045954 0.218135 0.045954
v -0.048699 0.212482 0.048699
v -0.051520 0.205611 0.051520
v -0.054270 0.197348 0.054270
v -0.056797 0.187515 0.056797
v -0.058953 0.175937 0.058953
v -0.060586 0.162576 0.060586
v -0.061552 0.148246 0.061552
v -0.061806 0.133975 0.061806
v -0.061373 0.120104 0.061373
v -0.060287 0.106852 0.060287
v -0.058584 0.094438 0.058584
v -0.056298 0.083081 0.056298
v -0.053508 0.072992 0.053508
v -0.050557 0.064285 0.050557
v -0.047752 0.056843 0.047752
v -0.045109 0.050461 0.045109
v -0.042595 0.044927 0.042595
v -0.040178 0.040030 0.040178
v -0.037825 0.035556 0.037825
v -0.035258 0.031140 0.035258
v -0.031747 0.025840 0.031747
v -0.007168 0.281530 0.017306
v -0.006973 0.279580 0.016834
v -0.006891 0.277184 0.016637
v -0.006853 0.274228 0.016545
v -0.006853 0.270913 0.016545
v -0.006897 0.267484 0.016651
v -0.006990 0.264189 0.016875
v -0.007138 0.261275 0.017232
v -0.007349 0.258922 0.017743
v -0.007653 0.256898 0.018475
v -0.008085 0.254854 0.019518
v -0.008669 0.252761 0.020930
v -0.009429 0.250648 0.022763
v -0.010385 0.248543 0.025071
v -0.011559 0.246476 0.027905
v -0.012958 0.244446 0.031284
v -0.014500 0.242287 0.035005
v -0.016075 0.239819 0.038810
v -0.017650 0.237028 0.042611
v -0.019200 0.233921 0.046352
v -0.020701 0.230511 0.049977
v -0.022132 0.226807 0.053431
v -0.023487 0.222779 0.056702
v -0.024870 0.218135 0.060042
v -0.026356 0.212482 0.063628
v -0.027883 0.205611 0.067315
v -0.029371 0.197348 0.070907
v -0.030738 0.187515 0.074209
v -0.031905 0.175937 0.077026
v -0.032789 0.162576 0.079160
v -0.033312 0.148246 0.080422
v -0.033449 0.133975 0.080754
v -0.033215 0.120104 0.080187
v -0.032627 0.106852 0.078769
v -0.031705 0.094438 0.076544
v -0.030468 0.083081 0.073557
v -0.028958 0.072992 0.069911
v -0.027361 0.064285 0.066056
v -0.025843 0.056843 0.062391
v -0.024413 0.050461 0.058938
v -0.023052 0.044927 0.055653
v -0.021744 0.040030 0.052495
v -0.020471 0.035556 0.049421
v -0.019082 0.031140 0.046067
v -0.017181 0.025840 0.041479
v -0.000000 0.281530 0.018732
v -0.000000 0.279580 0.018221
v -0.000000 0.277184 0.018008
v -0.000000 0.274228 0.017908
v -0.000000 0.270913 0.017908
v -0.000000 0.267484 0.018023
v -0.000000 0.264189 0.018266
v -0.000000 0.261275 0.018652
v -0.000000 0.258922 0.019205
v -0.000000 0.256898 0.019997
v -0.000000 0.254854 0.021126
v -0.000000 0.252761 0.022654
v -0.000000 0.250648 0.024639
v -0.000000 0.248543 0.027136
v -0.000000 0.246476 0.030204
v -0.000000 0.244446 0.033861
v -0.000000 0.242287 0.037889
v -0.000000 0.239819 0.042007
v -0.000000 0.237028 0.046121
v -0.000000 0.233921 0.050171
v 0.000000 0.230511 0.054095
v -0.000000 0.226807 0.057833
v -0.000000 0.222779 0.061374
v 0.000000 0.218135 0.064989
v 0.000000 0.212482 0.068870
v 0.000000 0.205611 0.072861
v 0.000000 0.197348 0.076749
v 0.000000 0.187515 0.080324
v 0.000000 0.175937 0.083372
v 0.000000 0.162576 0.085682
v 0.000000 0.148246 0.087048
v 0.000000 0.133975 0.087407
v 0.000000 0.120104 0.086794
v 0.000000 0.106852 0.085259
v 0.000000 0.094438 0.082850
v 0.000000 0.083081 0.079617
v 0.000000 0.072992 0.075671
v 0.000000 0.064285 0.071498
v 0.000000 0.056843 0.067532
v 0.000000 0.050461 0.063794
v 0.000000 0.044927 0.060238
v 0.000000 0.040030 0.056820
v 0.000000 0.035556 0.053493
v 0.000000 0.031140 0.049863
v 0.000000 0.025840 0.044896
v 0.007168 0.281530 0.017306
v 0.006973 0.279580 0.016834
v 0.006891 0.277184 0.016637
v 0.006853 0.274228 0.016545
v 0.006853 0.270913 0.016545
v 0.006897 0.267484 0.016651
v 0.006990 0.264189 0.016875
v 0.007138 0.261275 0.017232
v 0.007349 0.258922 0.017743
v 0.007653 0.256898 0.018475
v 0.008085 0.254854 0.019518
v 0.008669 0.252761 0.020930
v 0.009429 0.250648 0.022763
v 0.010385 0.248543 0.025071
v 0.011559 0.246476 0.027905
v 0.012958 0.244446 0.031284
v 0.014500 0.242287 0.035005
v 0.016075 0.239819 0.038810
v 0.017650 0.237028 0.042611
v 0.019200 0.233921 0.046352
v 0.020701 0.230511 0.049977
v 0.022132 0.226807 0.053431
v 0.023487 0.222779 0.056702
v 0.024870 0.218135 0.060042
v 0.026356 0.212482 0.063628
v 0.027883 0.205611 0.067315
v 0.029371 0.197348 0.070907
v 0.030738 0.187515 0.074209
v 0.031905 0.175937 0.077026
v 0.032789 0.162576 0.079160
v 0.033312 0.148246 0.080422
v 0.033449 0.133975 0.080753
v 0.033215 0.120104 0.080187
v 0.032627 0.106852 0.078769
v 0.031706 0.094438 0.076544
v 0.030468 0.083081 0.073557
v 0.028958 0.072992 0.069911
v 0.027361 0.064285 0.066056
v 0.025843 0.056843 0.062391
v 0.024413 0.050461 0.058938
v 0.023052 0.044927 0.055653
v 0.021744 0.040030 0.052495
v 0.020471 0.035556 0.049421
v 0.019082 0.031140 0.046067
v 0.017181 0.025840 0.041479
v 0.013245 0.281530 0.013245
v 0.012884 0.279580 0.012884
v 0.012733 0.277184 0.012733
v 0.012663 0.274228 0.012663
v 0.012663 0.270913 0.012663
v 0.012744 0.267484 0.012744
v 0.012916 0.264189 0.012916
v 0.013189 0.261275 0.013189
v 0.013580 0.258922 0.013580
v 0.014140 0.256898 0.014140
v 0.014938 0.254854 0.014938
v 0.016019 0.252761 0.016019
v 0.017422 0.250648 0.017422
v 0.019188 0.248543 0.019188
v 0.021358 0.246476 0.021358
v 0.023943 0.244446 0.023943
v 0.026792 0.242287 0.026792
v 0.029704 0.239819 0.029704
v 0.032613 0.237028 0.032613
v 0.035476 0.233921 0.035476
v 0.038251 0.230511 0.038251
v 0.040894 0.226807 0.040894
v 0.043398 0.222779 0.043398
v 0.045954 0.218135 0.045954
v 0.048699 0.212482 0.048699
v 0.051520 0.205611 0.051520
v 0.054270 0.197348 0.054270
v 0.056797 0.187515 0.056797
v 0.058953 0.175937 0.058953
v 0.060587 0.162576 0.060586
v 0.061552 0.148246 0.061552
v 0.061806 0.133975 0.061806
v 0.061373 0.120104 0.061373
v 0.060287 0.106852 0.060287
v 0.058584 0.094438 0.058584
v 0.056298 0.083081 0.056298
v 0.053508 0.072992 0.053508
v 0.050557 0.064285 0.050557
v 0.047752 0.056843 0.047752
v 0.045109 0.050461 0.045109
v 0.042595 0.044927 0.042595
v 0.040178 0.040030 0.040178
v 0.037825 0.035556 0.037825
v 0.035258 0.031140 0.035258
v 0.031747 0.025840 0.031747
v 0.017306 0.281530 0.007168
v 0.016834 0.279580 0.006973
v 0.016637 0.277184 0.006891
v 0.016545 0.274228 0.006853
v 0.016545 0.270913 0.006853
v 0.016651 0.267484 0.006897
v 0.016875 0.264189 0.006990
v 0.017232 0.261275 0.007138
v 0.017743 0.258922 0.007349
v 0.018475 0.256898 0.007653
v 0.019518 0.254854 0.008085
v 0.020930 0.252761 0.008669
v 0.022763 0.250648 0.009429
v 0.025071 0.248543 0.010385
v 0.027905 0.246476 0.011559
v 0.031284 0.244446 0.012958
v 0.035005 0.242287 0.014500
v 0.038810 0.239819 0.016075
v 0.042611 0.237028 0.017650
v 0.046352 0.233921 0.019200
v 0.049977 0.230511 0.020701
v 0.053431 0.226807 0.022132
v 0.056702 0.222779 0.023487
v 0.060042 0.218135 0.024870
v 0.063628 0.212482 0.026356
v 0.067315 0.205611 0.027883
v 0.070907 0.197348 0.029371
v 0.074209 0.187515 0.030738
v 0.077026 0.175937 0.031905
v 0.079160 0.162576 0.032789
v 0.080422 0.148246 0.033312
v 0.080754 0.133975 0.033449
v 0.080187 0.120104 0.033215
v 0.078769 0.106852 0.032627
v 0.076544 0.094438 0.031705
v 0.073557 0.083081 0.030468
v 0.069911 0.072992 0.028958
v 0.066056 0.064285 0.027361
v 0.062391 0.056843 0.025843
v 0.058938 0.050461 0.024413
v 0.055653 0.044927 0.023052
v 0.052495 0.040030 0.021744
v 0.049421 0.035556 0.020471
v 0.046067 0.031140 0.019082
v 0.041479 0.025840 0.017181
v 0.018070 0.280594 -0.003594
v 0.017739 0.278449 -0.003529
v 0.017598 0.275766 -0.003501
v 0.017548 0.272600 -0.003490
v 0.017602 0.269197 -0.003501
v 0.017775 0.265804 -0.003536
v 0.018082 0.262669 -0.003597
v 0.018537 0.260037 -0.003687
v 0.019185 0.257893 -0.003816
v 0.020117 0.255884 -0.004002
v 0.021413 0.253812 -0.004259
v 0.023128 0.251705 -0.004601
v 0.025319 0.249593 -0.005036
v 0.028041 0.247503 -0.005578
v 0.031349 0.245465 -0.006236
v 0.035152 0.243395 -0.006992
v 0.039170 0.241094 -0.007791
v 0.043214 0.238463 -0.008596
v 0.047224 0.235513 -0.009393
v 0.051141 0.232254 -0.010173
v 0.054905 0.228695 -0.010921
v 0.058457 0.224848 -0.011628
v 0.061931 0.220559 -0.012319
v 0.065605 0.215449 -0.013050
v 0.069490 0.209210 -0.013823
v 0.073379 0.201665 -0.014596
v 0.077064 0.192638 -0.015329
v 0.080338 0.181955 -0.015980
v 0.082992 0.169439 -0.016508
v 0.084812 0.155462 -0.016870
v 0.085658 0.141074 -0.017038
v 0.085527 0.126976 -0.017012
v 0.084468 0.113387 -0.016802
v 0.082528 0.100526 -0.016416
v 0.079756 0.088614 -0.015864
v 0.076199 0.077868 -0.015157
v 0.072154 0.068471 -0.014352
v 0.068136 0.060418 -0.013553
v 0.064364 0.053533 -0.012803
v 0.060793 0.047601 -0.012093
v 0.057380 0.042412 -0.011414
v 0.054078 0.037753 -0.010757
v 0.050844 0.033412 -0.010114
v 0.046262 0.028560 -0.009202
v 0.043268 0.023153 -0.008607
v 0.015319 0.280594 -0.010236
v 0.015039 0.278449 -0.010048
v 0.014919 0.275766 -0.009969
v 0.014876 0.272600 -0.009940
v 0.014922 0.269197 -0.009971
v 0.015069 0.265804 -0.010069
v 0.015330 0.262669 -0.010243
v 0.015715 0.260037 -0.010501
v 0.016265 0.257893 -0.010868
v 0.017055 0.255884 -0.011396
v 0.018153 0.253812 -0.012130
v 0.019607 0.251705 -0.013101
v 0.021464 0.249593 -0.014342
v 0.023772 0.247503 -0.015884
v 0.026577 0.245465 -0.017758
v 0.029801 0.243395 -0.019912
v 0.033207 0.241094 -0.022188
v 0.036635 0.238463 -0.024479
v 0.040034 0.235513 -0.026750
v 0.043355 0.232254 -0.028969
v 0.046546 0.228695 -0.031101
v 0.049557 0.224848 -0.033113
v 0.052502 0.220559 -0.035081
v 0.055617 0.215449 -0.037162
v 0.058911 0.209210 -0.039363
v 0.062208 0.201665 -0.041566
v 0.065332 0.192638 -0.043653
v 0.068107 0.181955 -0.045508
v 0.070357 0.169439 -0.047011
v 0.071900 0.155462 -0.048042
v 0.072617 0.141074 -0.048521
v 0.072506 0.126976 -0.048447
v 0.071608 0.113387 -0.047847
v 0.069964 0.100526 -0.046749
v 0.067614 0.088614 -0.045178
v 0.064598 0.077868 -0.043163
v 0.061169 0.068471 -0.040872
v 0.057763 0.060418 -0.038596
v 0.054565 0.053533 -0.036459
v 0.051538 0.047601 -0.034437
v 0.048644 0.042412 -0.032503
v 0.045845 0.037753 -0.030633
v 0.043103 0.033412 -0.028801
v 0.039219 0.028560 -0.026205
v 0.036681 0.023153 -0.024509
v 0.010236 0.280594 -0.015319
v 0.010048 0.278449 -0.015039
v 0.009969 0.275766 -0.014919
v 0.009940 0.272600 -0.014876
v 0.009971 0.269197 -0.014922
v 0.010069 0.265804 -0.015069
v 0.010243 0.262669 -0.015330
v 0.010501 0.260037 -0.015715
v 0.010868 0.257893 -0.016265
v 0.011396 0.255884 -0.017055
v 0.012129 0.253812 -0.018153
v 0.013101 0.251705 -0.019607
v 0.014342 0.249593 -0.021464
v 0.015884 0.247503 -0.023772
v 0.017758 0.245465 -0.026577
v 0.019912 0.243395 -0.029801
v 0.022188 0.241094 -0.033207
v 0.024479 0.238463 -0.036635
v 0.026750 0.235513 -0.040034
v 0.028969 0.232254 -0.043355
v 0.031101 0.228695 -0.046546
v 0.033113 0.224848 -0.049557
v 0.035081 0.220559 -0.052503
v 0.037162 0.215449 -0.055617
v 0.039363 0.209210 -0.058911
v 0.041566 0.201664 -0.062208
v 0.043653 0.192638 -0.065332
v 0.045508 0.181955 -0.068107
v 0.047011 0.169439 -0.070357
v 0.048042 0.155462 -0.071900
v 0.048521 0.141074 -0.072617
v 0.048447 0.126976 -0.072506
v 0.047847 0.113387 -0.071609
v 0.046749 0.100526 -0.069964
v 0.045178 0.088614 -0.067614
v 0.043163 0.077868 -0.064598
v 0.040872 0.068471 -0.061169
v 0.038596 0.060418 -0.057763
v 0.036459 0.053533 -0.054565
v 0.034437 0.047601 -0.051538
v 0.032503 0.042412 -0.048644
v 0.030633 0.037753 -0.045845
v 0.028801 0.033412 -0.043103
v 0.026205 0.028560 -0.039219
v 0.024509 0.023153 -0.036681
v 0.003594 0.280594 -0.018070
v 0.003529 0.278449 -0.017739
v 0.003500 0.275766 -0.017598
v 0.003490 0.272600 -0.017548
v 0.003501 0.269197 -0.017602
v 0.003536 0.265804 -0.017776
v 0.003597 0.262669 -0.018082
v 0.003687 0.260037 -0.018537
v 0.003816 0.257893 -0.019185
v 0.004002 0.255884 -0.020117
v 0.004259 0.253812 -0.021413
v 0.004601 0.251705 -0.023128
v 0.005036 0.249593 -0.025319
v 0.005578 0.247503 -0.028041
v 0.006236 0.245465 -0.031350
v 0.006992 0.243395 -0.035152
v 0.007791 0.241094 -0.039170
v 0.008596 0.238463 -0.043214
v 0.009393 0.235513 -0.047224
v 0.010173 0.232254 -0.051141
v 0.010921 0.228695 -0.054905
v 0.011628 0.224848 -0.058457
v 0.012319 0.220559 -0.061931
v 0.013050 0.215449 -0.065605
v 0.013823 0.209210 -0.069491
v 0.014596 0.201664 -0.073379
v 0.015329 0.192638 -0.077064
v 0.015980 0.181955 -0.080338
v 0.016508 0.169439 -0.082992
v 0.016870 0.155462 -0.084812
v 0.017038 0.141074 -0.085658
v 0.017012 0.126976 -0.085527
v 0.016802 0.113387 -0.084468
v 0.016416 0.100526 -0.082528
v 0.015864 0.088614 -0.079756
v 0.015157 0.077868 -0.076199
v 0.014352 0.068471 -0.072154
v 0.013553 0.060418 -0.068136
v 0.012803 0.053533 -0.064364
v 0.012093 0.047601 -0.060793
v 0.011414 0.042412 -0.057380
v 0.010757 0.037753 -0.054078
v 0.010113 0.033412 -0.050844
v 0.009202 0.028560 -0.046262
v 0.008607 0.023153 -0.043268
v -0.003594 0.280594 -0.018070
v -0.003529 0.278449 -0.017739
v -0.003500 0.275766 -0.017598
v -0.003490 0.272600 -0.017548
v -0.003501 0.269197 -0.017602
v -0.003536 0.265804 -0.017776
v -0.003597 0.262669 -0.018082
v -0.003687 0.260037 -0.018537
v -0.003816 0.257893 -0.019185
v -0.004002 0.255884 -0.020117
v -0.004259 0.253812 -0.021413
v -0.004600 0.251705 -0.023128
v -0.005036 0.249593 -0.025319
v -0.005578 0.247503 -0.028041
v -0.006236 0.245465 -0.031350
v -0.006992 0.243395 -0.035152
v -0.007791 0.241094 -0.039170
v -0.008596 0.238463 -0.043214
v -0.009393 0.235513 -0.047224
v -0.010172 0.232254 -0.051141
v -0.010921 0.228695 -0.054905
v -0.011628 0.224848 -0.058457
v -0.012319 0.220559 -0.061931
v -0.013050 0.215449 -0.065605
v -0.013823 0.209210 -0.069491
v -0.014596 0.201664 -0.073379
v -0.015329 0.192638 -0.077064
v -0.015980 0.181955 -0.080338
v -0.016508 0.169439 -0.082992
v -0.016870 0.155462 -0.084812
v -0.017038 0.141074 -0.085658
v -0.017012 0.126976 -0.085527
v -0.016802 0.113387 -0.084468
v -0.016416 0.100526 -0.082528
v -0.015864 0.088614 -0.079756
v -0.015157 0.077868 -0.076199
v -0.014352 0.068471 -0.072154
v -0.013553 0.060418 -0.068136
v -0.012803 0.053533 -0.064364
v -0.012093 0.047601 -0.060793
v -0.011414 0.042412 -0.057380
v -0.010757 0.037753 -0.054078
v -0.010113 0.033412 -0.050844
v -0.009202 0.028560 -0.046262
v -0.008607 0.023153 -0.043268
v -0.010236 0.280594 -0.015319
v -0.010048 0.278449 -0.015039
v -0.009969 0.275766 -0.014919
v -0.009940 0.272600 -0.014876
v -0.009971 0.269197 -0.014922
v -0.010069 0.265804 -0.015069
v -0.010243 0.262669 -0.015330
v -0.010500 0.260037 -0.015715
v -0.010868 0.257893 -0.016265
v -0.011395 0.255884 -0.017055
v -0.012129 0.253812 -0.018153
v -0.013101 0.251705 -0.019607
v -0.014342 0.249593 -0.021464
v -0.015884 0.247503 -0.023772
v -0.017758 0.245465 -0.026577
v -0.019912 0.243395 -0.029801
v -0.022188 0.241094 -0.033207
v -0.024479 0.238463 -0.036635
v -0.026750 0.235513 -0.040034
v -0.028969 0.232254 -0.043355
v -0.031101 0.228695 -0.046546
v -0.033113 0.224848 -0.049557
v -0.035081 0.220559 -0.052503
v -0.037162 0.215449 -0.055617
v -0.039363 0.209210 -0.058911
v -0.041566 0.201664 -0.062208
v -0.043653 0.192638 -0.065332
v -0.045508 0.181955 -0.068107
v -0.047011 0.169439 -0.070357
v -0.048042 0.155462 -0.071900
v -0.048521 0.141074 -0.072617
v -0.048447 0.126976 -0.072506
v -0.047847 0.113387 -0.071608
v -0.046749 0.100526 -0.069964
v -0.045178 0.088614 -0.067614
v -0.043163 0.077868 -0.064598
v -0.040872 0.068471 -0.061169
v -0.038596 0.060418 -0.057763
v -0.036459 0.053533 -0.054565
v -0.034437 0.047601 -0.051538
v -0.032503 0.042412 -0.048644
v -0.030633 0.037753 -0.045845
v -0.028801 0.033412 -0.043103
v -0.026205 0.028560 -0.039219
v -0.024509 0.023153 -0.036681
v -0.015319 0.280594 -0.010236
v -0.015038 0.278449 -0.010048
v -0.014919 0.275766 -0.009969
v -0.014876 0.272600 -0.009940
v -0.014922 0.269197 -0.009971
v -0.015069 0.265804 -0.010069
v -0.015330 0.262669 -0.010243
v -0.015715 0.260037 -0.010501
v -0.016265 0.257893 -0.010868
v -0.017055 0.255884 -0.011396
v -0.018153 0.253812 -0.012130
v -0.019607 0.251705 -0.013101
v -0.021464 0.249593 -0.014342
v -0.023772 0.247503 -0.015884
v -0.026577 0.245465 -0.017758
v -0.029801 0.243395 -0.019912
v -0.033207 0.241094 -0.022188
v -0.036635 0.238463 -0.024479
v -0.040034 0.235513 -0.026750
v -0.043355 0.232254 -0.028969
v -0.046546 0.228695 -0.031101
v -0.049557 0.224848 -0.033113
v -0.052502 0.220559 -0.035081
v -0.055617 0.215449 -0.037162
v -0.058911 0.209210 -0.039363
v -0.062208 0.201665 -0.041566
v -0.065332 0.192638 -0.043653
v -0.068107 0.181955 -0.045508
v -0.070357 0.169439 -0.047011
v -0.071900 0.155462 -0.048042
v -0.072617 0.141074 -0.048521
v -0.072506 0.126976 -0.048447
v -0.071608 0.113387 -0.047847
v -0.069964 0.100526 -0.046749
v -0.067614 0.088614 -0.045178
v -0.064598 0.077868 -0.043163
v -0.061169 0.068471 -0.040872
v -0.057763 0.060418 -0.038596
v -0.054565 0.053533 -0.036459
v -0.051538 0.047601 -0.034437
v -0.048644 0.042412 -0.032503
v -0.045845 0.037753 -0.030633
v -0.043103 0.033412 -0.028801
v -0.039219 0.028560 -0.026205
v -0.036681 0.023153 -0.024509
v -0.018070 0.280594 -0.003594
v -0.017739 0.278449 -0.003529
v -0.017598 0.275766 -0.003501
v -0.017548 0.272600 -0.003491
v -0.017602 0.269197 -0.003501
v -0.017775 0.265804 -0.003536
v -0.018082 0.262669 -0.003597
v -0.018537 0.260037 -0.003687
v -0.019185 0.257893 -0.003816
v -0.020117 0.255884 -0.004002
v -0.021413 0.253812 -0.004259
v -0.023128 0.251705 -0.004601
v -0.025319 0.249593 -0.005036
v -0.028041 0.247503 -0.005578
v -0.031349 0.245465 -0.006236
v -0.035152 0.243395 -0.006992
v -0.039170 0.241094 -0.007791
v -0.043214 0.238463 -0.008596
v -0.047224 0.235513 -0.009393
v -0.051141 0.232254 -0.010173
v -0.054905 0.228695 -0.010921
v -0.058457 0.224848 -0.011628
v -0.061931 0.220559 -0.012319
v -0.065605 0.215449 -0.013050
v -0.069490 0.209210 -0.013823
v -0.073379 0.201665 -0.014596
v -0.077064 0.192638 -0.015329
v -0.080338 0.181955 -0.015980
v -0.082992 0.169439 -0.016508
v -0.084812 0.155462 -0.016870
v -0.085658 0.141074 -0.017038
v -0.085527 0.126976 -0.017012
v -0.084468 0.113387 -0.016802
v -0.082528 0.100526 -0.016416
v -0.079756 0.088614 -0.015864
v -0.076199 0.077868 -0.015157
v -0.072154 0.068471 -0.014352
v -0.068136 0.060418 -0.013553
v -0.064364 0.053533 -0.012803
v -0.060793 0.047601 -0.012093
v -0.057380 0.042412 -0.011414
v -0.054078 0.037753 -0.010757
v -0.050844 0.033412 -0.010113
v -0.046262 0.028560 -0.009202
v -0.043268 0.023153 -0.008607
v -0.018070 0.280594 0.003594
v -0.017739 0.278449 0.003528
v -0.017598 0.275766 0.003500
v -0.017548 0.272600 0.003490
v -0.017602 0.269197 0.003501
v -0.017775 0.265804 0.003536
v -0.018082 0.262669 0.003597
v -0.018537 0.260037 0.003687
v -0.019185 0.257893 0.003816
v -0.020117 0.255884 0.004002
v -0.021413 0.253812 0.004259
v -0.023128 0.251706 0.004600
v -0.025319 0.249593 0.005036
v -0.028041 0.247503 0.005578
v -0.031349 0.245465 0.006236
v -0.035152 0.243395 0.006992
v -0.039170 0.241094 0.007791
v -0.043214 0.238463 0.008596
v -0.047224 0.235513 0.009393
v -0.051141 0.232254 0.010172
v -0.054905 0.228695 0.010921
v -0.058457 0.224848 0.011628
v -0.061931 0.220559 0.012319
v -0.065605 0.215449 0.013050
v -0.069490 0.209210 0.013822
v -0.073379 0.201665 0.014596
v -0.077064 0.192638 0.015329
v -0.080338 0.181955 0.015980
v -0.082992 0.169439 0.016508
v -0.084812 0.155462 0.016870
v -0.085658 0.141074 0.017038
v -0.085527 0.126976 0.017012
v -0.084468 0.113387 0.016802
v -0.082528 0.100526 0.016416
v -0.079756 0.088614 0.015864
v -0.076199 0.077868 0.015157
v -0.072154 0.068471 0.014352
v -0.068136 0.060418 0.013553
v -0.064364 0.053533 0.012803
v -0.060793 0.047601 0.012093
v -0.057380 0.042412 0.011414
v -0.054078 0.037753 0.010757
v -0.050844 0.033412 0.010113
v -0.046262 0.028560 0.009202
v -0.043268 0.023153 0.008607
v -0.015319 0.280594 0.010236
v -0.015039 0.278449 0.010048
v -0.014919 0.275766 0.009968
v -0.014876 0.272600 0.009940
v -0.014922 0.269197 0.009971
v -0.015069 0.265804 0.010069
v -0.015330 0.262669 0.010243
v -0.015715 0.260037 0.010500
v -0.016265 0.257893 0.010868
v -0.017055 0.255884 0.011395
v -0.018153 0.253812 0.012129
v -0.019607 0.251706 0.013101
v -0.021464 0.249593 0.014342
v -0.023772 0.247503 0.015884
v -0.026577 0.245465 0.017758
v -0.029801 0.243395 0.019912
v -0.033207 0.241094 0.022188
v -0.036635 0.238463 0.024479
v -0.040034 0.235513 0.026750
v -0.043355 0.232254 0.028969
v -0.046546 0.228695 0.031101
v -0.049557 0.224848 0.033113
v -0.052502 0.220559 0.035081
v -0.055617 0.215449 0.037162
v -0.058911 0.209210 0.039363
v -0.062208 0.201665 0.041566
v -0.065332 0.192638 0.043653
v -0.068107 0.181955 0.045508
v -0.070357 0.169439 0.047011
v -0.071900 0.155462 0.048042
v -0.072617 0.141074 0.048521
v -0.072506 0.126976 0.048447
v -0.071608 0.113387 0.047847
v -0.069964 0.100526 0.046749
v -0.067614 0.088614 0.045178
v -0.064598 0.077868 0.043163
v -0.061169 0.068471 0.040872
v -0.057763 0.060418 0.038596
v -0.054565 0.053533 0.036459
v -0.051538 0.047601 0.034437
v -0.048644 0.042412 0.032503
v -0.045845 0.037753 0.030633
v -0.043103 0.033412 0.028801
v -0.039219 0.028560 0.026205
v -0.036681 0.023153 0.024509
v -0.010236 0.280594 0.015319
v -0.010048 0.278449 0.015038
v -0.009969 0.275766 0.014919
v -0.009940 0.272600 0.014876
v -0.009971 0.269197 0.014922
v -0.010069 0.265804 0.015069
v -0.010243 0.262669 0.015330
v -0.010500 0.260037 0.015715
v -0.010868 0.257893 0.016264
v -0.011396 0.255884 0.017055
v -0.012129 0.253812 0.018153
v -0.013101 0.251705 0.019607
v -0.014342 0.249593 0.021464
v -0.015884 0.247503 0.023772
v -0.017758 0.245465 0.026577
v -0.019912 0.243395 0.029801
v -0.022188 0.241094 0.033207
v -0.024479 0.238463 0.036635
v -0.026750 0.235513 0.040034
v -0.028969 0.232254 0.043355
v -0.031101 0.228695 0.046546
v -0.033113 0.224848 0.049557
v -0.035081 0.220559 0.052502
v -0.037162 0.215449 0.055617
v -0.039363 0.209210 0.058911
v -0.041566 0.201665 0.062208
v -0.043653 0.192638 0.065332
v -0.045508 0.181955 0.068107
v -0.047011 0.169439 0.070357
v -0.048042 0.155462 0.071900
v -0.048521 0.141074 0.072617
v -0.048447 0.126976 0.072506
v -0.047847 0.113387 0.071608
v -0.046749 0.100526 0.069964
v -0.045178 0.088614 0.067614
v -0.043163 0.077868 0.064598
v -0.040872 0.068471 0.061169
v -0.038596 0.060418 0.057763
v -0.036459 0.053533 0.054565
v -0.034437 0.047601 0.051538
v -0.032503 0.042412 0.048644
v -0.030633 0.037753 0.045845
v -0.028801 0.033412 0.043103
v -0.026205 0.028560 0.039219
v -0.024509 0.023153 0.036681
v -0.003594 0.280594 0.018070
v -0.003529 0.278449 0.017739
v -0.003500 0.275766 0.017598
v -0.003490 0.272600 0.017548
v -0.003501 0.269197 0.017602
v -0.003536 0.265804 0.017775
v -0.003597 0.262669 0.018082
v -0.003687 0.260037 0.018537
v -0.003816 0.257893 0.019185
v -0.004002 0.255884 0.020117
v -0.004259 0.253812 0.021413
v -0.004601 0.251705 0.023128
v -0.005036 0.249593 0.025319
v -0.005578 0.247503 0.028041
v -0.006236 0.245465 0.031349
v -0.006992 0.243395 0.035152
v -0.007791 0.241094 0.039170
v -0.008596 0.238463 0.043214
v -0.009393 0.235513 0.047224
v -0.010173 0.232254 0.051141
v -0.010921 0.228695 0.054905
v -0.011628 0.224848 0.058457
v -0.012319 0.220559 0.061931
v -0.013050 0.215449 0.065605
v -0.013823 0.209210 0.069490
v -0.014596 0.201665 0.073379
v -0.015329 0.192638 0.077064
v -0.015980 0.181955 0.080338
v -0.016508 0.169439 0.082992
v -0.016870 0.155462 0.084812
v -0.017038 0.141074 0.085657
v -0.017012 0.126976 0.085527
v -0.016802 0.113387 0.084468
v -0.016416 0.100526 0.082528
v -0.015864 0.088614 0.079756
v -0.015157 0.077868 0.076199
v -0.014352 0.068471 0.072154
v -0.013553 0.060418 0.068136
v -0.012803 0.053533 0.064364
v -0.012093 0.047601 0.060793
v -0.011414 0.042412 0.057380
v -0.010757 0.037753 0.054078
v -0.010113 0.033412 0.050844
v -0.009202 0.028560 0.046262
v -0.008607 0.023153 0.043268
v 0.003594 0.280594 0.018070
v 0.003529 0.278449 0.017739
v 0.003500 0.275766 0.017598
v 0.003490 0.272600 0.017548
v 0.003501 0.269197 0.017602
v 0.003536 0.265804 0.017775
v 0.003597 0.262669 0.018082
v 0.003687 0.260037 0.018537
v 0.003816 0.257893 0.019185
v 0.004002 0.255884 0.020117
v 0.004259 0.253812 0.021413
v 0.004600 0.251705 0.023128
v 0.005036 0.249593 0.025319
v 0.005578 0.247503 0.028041
v 0.006236 0.245465 0.031349
v 0.006992 0.243395 0.035152
v 0.007791 0.241094 0.039170
v 0.008596 0.238463 0.043214
v 0.009393 0.235513 0.047224
v 0.010173 0.232254 0.051141
v 0.010921 0.228695 0.054905
v 0.011628 0.224848 0.058457
v 0.012319 0.220559 0.061931
v 0.013050 0.215449 0.065605
v 0.013823 0.209210 0.069490
v 0.014596 0.201665 0.073379
v 0.015329 0.192638 0.077064
v 0.015980 0.181955 0.080338
v 0.016508 0.169439 0.082992
v 0.016870 0.155462 0.084812
v 0.017038 0.141074 0.085657
v 0.017012 0.126976 0.085527
v 0.016802 0.113387 0.084468
v 0.016416 0.100526 0.082528
v 0.015864 0.088614 0.079756
v 0.015157 0.077868 0.076199
v 0.014352 0.068471 0.072154
v 0.013553 0.060418 0.068136
v 0.012803 0.053533 0.064364
v 0.012093 0.047601 0.060793
v 0.011414 0.042412 0.057380
v 0.010757 0.037753 0.054078
v 0.010114 0.033412 0.050844
v 0.009202 0.028560 0.046262
v 0.008607 0.023153 0.043268
v 0.010236 0.280594 0.015319
v 0.010048 0.278449 0.015038
v 0.009969 0.275766 0.014919
v 0.009940 0.272600 0.014876
v 0.009971 0.269197 0.014922
v 0.010069 0.265804 0.015069
v 0.010243 0.262669 0.015330
v 0.010500 0.260037 0.015715
v 0.010868 0.257893 0.016265
v 0.011395 0.255884 0.017055
v 0.012129 0.253812 0.018153
v 0.013101 0.251705 0.019607
v 0.014342 0.249593 0.021464
v 0.015884 0.247503 0.023772
v 0.017758 0.245465 0.026577
v 0.019912 0.243395 0.029801
v 0.022188 0.241094 0.033207
v 0.024479 0.238463 0.036635
v 0.026750 0.235513 0.040034
v 0.028969 0.232254 0.043355
v 0.031101 0.228695 0.046546
v 0.033113 0.224848 0.049557
v 0.035081 0.220559 0.052502
v 0.037162 0.215449 0.055617
v 0.039363 0.209210 0.058911
v 0.041566 0.201665 0.062208
v 0.043653 0.192638 0.065332
v 0.045508 0.181955 0.068107
v 0.047011 0.169439 0.070357
v 0.048042 0.155462 0.071900
v 0.048521 0.141074 0.072617
v 0.048447 0.126976 0.072506
v 0.047847 0.113387 0.071608
v 0.046749 0.100526 0.069964
v 0.045178 0.088614 0.067614
v 0.043163 0.077868 0.064598
v 0.040872 0.068471 0.061169
v 0.038596 0.060418 0.057763
v 0.036459 0.053533 0.054565
v 0.034437 0.047601 0.051538
v 0.032503 0.042412 0.048644
v 0.030633 0.037753 0.045845
v 0.028801 0.033412 0.043103
v 0.026205 0.028560 0.039219
v 0.024509 0.023153 0.036681
v 0.015319 0.280594 0.010236
v 0.015038 0.278449 0.010048
v 0.014919 0.275766 0.009969
v 0.014876 0.272600 0.009940
v 0.014922 0.269197 0.009971
v 0.015069 0.265804 0.010069
v 0.015330 0.262669 0.010243
v 0.015715 0.260037 0.010500
v 0.016265 0.257893 0.010868
v 0.017055 0.255884 0.011395
v 0.018153 0.253812 0.012129
v 0.019607 0.251706 0.013101
v 0.021464 0.249593 0.014342
v 0.023772 0.247503 0.015884
v 0.026577 0.245465 0.017758
v 0.029801 0.243395 0.019912
v 0.033207 0.241094 0.022188
v 0.036635 0.238463 0.024479
v 0.040034 0.235513 0.026750
v 0.043355 0.232254 0.028969
v 0.046546 0.228695 0.031101
v 0.049557 0.224848 0.033113
v 0.052502 0.220559 0.035081
v 0.055617 0.215449 0.037162
v 0.058911 0.209210 0.039363
v 0.062208 0.201664 0.041566
v 0.065332 0.192638 0.043653
v 0.068107 0.181955 0.045508
v 0.070357 0.169439 0.047011
v 0.071900 0.155462 0.048042
v 0.072617 0.141074 0.048521
v 0.072506 0.126976 0.048447
v 0.071609 0.113387 0.047847
v 0.069964 0.100526 0.046749
v 0.067614 0.088614 0.045178
v 0.064598 0.077868 0.043163
v 0.061169 0.068471 0.040872
v 0.057763 0.060418 0.038596
v 0.054565 0.053533 0.036459
v 0.051538 0.047601 0.034437
v 0.048644 0.042412 0.032503
v 0.045845 0.037753 0.030633
v 0.043103 0.033412 0.028801
v 0.039219 0.028560 0.026205
v 0.036681 0.023153 0.024509
v 0.018070 0.280594 0.003594
v 0.017739 0.278449 0.003528
v 0.017598 0.275766 0.003500
v 0.017548 0.272600 0.003490
v 0.017602 0.269197 0.003501
v 0.017775 0.265804 0.003536
v 0.018082 0.262669 0.003597
v 0.018537 0.260037 0.003687
v 0.019185 0.257893 0.003816
v 0.020117 0.255884 0.004002
v 0.021413 0.253812 0.004259
v 0.023128 0.251706 0.004600
v 0.025319 0.249593 0.005036
v 0.028041 0.247503 0.005578
v 0.031349 0.245465 0.006236
v 0.035152 0.243395 0.006992
v 0.039170 0.241094 0.007791
v 0.043214 0.238463 0.008596
v 0.047224 0.235513 0.009393
v 0.051141 0.232254 0.010172
v 0.054905 0.228695 0.010921
v 0.058457 0.224848 0.011628
v 0.061931 0.220559 0.012319
v 0.065605 0.215449 0.013050
v 0.069490 0.209210 0.013822
v 0.073379 0.201665 0.014596
v 0.077064 0.192638 0.015329
v 0.080338 0.181955 0.015980
v 0.082992 0.169439 0.016508
v 0.084812 0.155462 0.016870
v 0.085658 0.141074 0.017038
v 0.085527 0.126976 0.017012
v 0.084468 0.113387 0.016802
v 0.082528 0.100526 0.016416
v 0.079756 0.088614 0.015864
v 0.076199 0.077868 0.015157
v 0.072154 0.068471 0.014352
v 0.068136 0.060418 0.013553
v 0.064364 0.053533 0.012803
v 0.060793 0.047601 0.012093
v 0.057380 0.042412 0.011414
v 0.054078 0.037753 0.010757
v 0.050844 0.033412 0.010113
v 0.046262 0.028560 0.009202
v 0.043268 0.023153 0.008607
v 0.018368 0.281530 -0.003654
v 0.017867 0.279580 -0.003554
v 0.018427 0.280594 -0.000000
v 0.017024 0.280594 -0.007052
v 0.017658 0.277184 -0.003512
v 0.018090 0.278449 -0.000000
v 0.016713 0.278449 -0.006923
v 0.017561 0.274228 -0.003493
v 0.017946 0.275766 -0.000000
v 0.016580 0.275766 -0.006868
v 0.017561 0.270913 -0.003493
v 0.017895 0.272600 -0.000000
v 0.016533 0.272600 -0.006848
v 0.017673 0.267484 -0.003515
v 0.017950 0.269197 -0.000000
v 0.016584 0.269197 -0.006869
v 0.017911 0.264189 -0.003563
v 0.018127 0.265804 -0.000000
v 0.016747 0.265804 -0.006937
v 0.018290 0.261275 -0.003638
v 0.018440 0.262669 -0.000000
v 0.017036 0.262669 -0.007057
v 0.018832 0.258922 -0.003746
v 0.018904 0.260037 -0.000000
v 0.017465 0.260037 -0.007234
v 0.019609 0.256898 -0.003901
v 0.019565 0.257893 -0.000000
v 0.018076 0.257893 -0.007487
v 0.020716 0.254854 -0.004121
v 0.020515 0.255884 -0.000000
v 0.018954 0.255884 -0.007851
v 0.022215 0.252761 -0.004419
v 0.021837 0.253812 -0.000000
v 0.020174 0.253812 -0.008357
v 0.024161 0.250648 -0.004806
v 0.023586 0.251705 -0.000000
v 0.021790 0.251705 -0.009026
v 0.026610 0.248543 -0.005293
v 0.025820 0.249593 -0.000000
v 0.023854 0.249593 -0.009881
v 0.029618 0.246476 -0.005891
v 0.028596 0.247503 -0.000000
v 0.026419 0.247503 -0.010943
v 0.033204 0.244446 -0.006605
v 0.031970 0.245465 -0.000000
v 0.029536 0.245465 -0.012234
v 0.037154 0.242287 -0.007390
v 0.035848 0.243395 -0.000000
v 0.033119 0.243395 -0.013718
v 0.041192 0.239819 -0.008194
v 0.039945 0.241094 -0.000000
v 0.036904 0.241094 -0.015286
v 0.045227 0.237028 -0.008996
v 0.044069 0.238463 -0.000000
v 0.040714 0.238463 -0.016864
v 0.049198 0.233921 -0.009786
v 0.048158 0.235513 -0.000000
v 0.044492 0.235513 -0.018429
v 0.053046 0.230511 -0.010551
v 0.052152 0.232254 -0.000000
v 0.048182 0.232254 -0.019958
v 0.056711 0.226807 -0.011281
v 0.055991 0.228695 -0.000000
v 0.051729 0.228695 -0.021427
v 0.060183 0.222779 -0.011971
v 0.059613 0.224848 -0.000000
v 0.055076 0.224848 -0.022813
v 0.063729 0.218135 -0.012676
v 0.063156 0.220559 -0.000000
v 0.058349 0.220559 -0.024169
v 0.067534 0.212482 -0.013433
v 0.066903 0.215449 -0.000000
v 0.061810 0.215449 -0.025603
v 0.071447 0.205611 -0.014212
v 0.070865 0.209210 -0.000000
v 0.065471 0.209210 -0.027119
v 0.075260 0.197348 -0.014970
v 0.074831 0.201665 -0.000000
v 0.069135 0.201665 -0.028637
v 0.078765 0.187515 -0.015667
v 0.078589 0.192638 -0.000000
v 0.072607 0.192638 -0.030075
v 0.081755 0.175937 -0.016262
v 0.081927 0.181955 -0.000000
v 0.075691 0.181955 -0.031352
v 0.084020 0.162576 -0.016713
v 0.084634 0.169439 -0.000000
v 0.078191 0.169439 -0.032388
v 0.085360 0.148246 -0.016979
v 0.086489 0.155462 -0.000000
v 0.079906 0.155462 -0.033098
v 0.085711 0.133975 -0.017049
v 0.087352 0.141074 -0.000000
v 0.080703 0.141074 -0.033428
v 0.085111 0.120104 -0.016930
v 0.087219 0.126976 -0.000000
v 0.080580 0.126976 -0.033377
v 0.083605 0.106852 -0.016630
v 0.086139 0.113387 -0.000000
v 0.079582 0.113387 -0.032964
v 0.081243 0.094438 -0.016160
v 0.084161 0.100526 -0.000000
v 0.077755 0.100526 -0.032207
v 0.078072 0.083081 -0.015530
v 0.081334 0.088614 -0.000000
v 0.075143 0.088614 -0.031125
v 0.074203 0.072992 -0.014760
v 0.077706 0.077868 -0.000000
v 0.071791 0.077868 -0.029737
v 0.070111 0.064285 -0.013946
v 0.073581 0.068471 -0.000000
v 0.067980 0.068471 -0.028158
v 0.066222 0.056843 -0.013172
v 0.069483 0.060418 -0.000000
v 0.064194 0.060418 -0.026590
v 0.062556 0.050461 -0.012443
v 0.065637 0.053533 -0.000000
v 0.060641 0.053533 -0.025118
v 0.059070 0.044927 -0.011750
v 0.061996 0.047601 -0.000000
v 0.057277 0.047601 -0.023725
v 0.055718 0.040029 -0.011083
v 0.058515 0.042412 -0.000000
v 0.054061 0.042412 -0.022393
v 0.052456 0.035556 -0.010434
v 0.055148 0.037753 -0.000000
v 0.050950 0.037753 -0.021104
v 0.048895 0.031140 -0.009726
v 0.051850 0.033412 -0.000000
v 0.047903 0.033412 -0.019842
v 0.044025 0.025840 -0.008757
v 0.047177 0.028560 -0.000000
v 0.043586 0.028560 -0.018054
v 0.044124 0.023153 -0.000000
v 0.040765 0.023153 -0.016886
v 0.015572 0.281530 -0.010405
v 0.015147 0.279580 -0.010121
v 0.013030 0.280594 -0.013030
v 0.014970 0.277184 -0.010003
v 0.012792 0.278449 -0.012792
v 0.014887 0.274228 -0.009947
v 0.012690 0.275766 -0.012690
v 0.014887 0.270913 -0.009947
v 0.012654 0.272600 -0.012654
v 0.014982 0.267484 -0.010011
v 0.012693 0.269197 -0.012693
v 0.015185 0.264189 -0.010146
v 0.012818 0.265804 -0.012818
v 0.015506 0.261275 -0.010361
v 0.013039 0.262669 -0.013039
v 0.015965 0.258922 -0.010668
v 0.013367 0.260037 -0.013367
v 0.016624 0.256898 -0.011108
v 0.013834 0.257893 -0.013834
v 0.017562 0.254854 -0.011735
v 0.014506 0.255884 -0.014506
v 0.018833 0.252761 -0.012584
v 0.015441 0.253812 -0.015441
v 0.020482 0.250648 -0.013686
v 0.016678 0.251705 -0.016678
v 0.022559 0.248543 -0.015073
v 0.018257 0.249593 -0.018257
v 0.025109 0.246476 -0.016777
v 0.020220 0.247503 -0.020220
v 0.028149 0.244446 -0.018809
v 0.022606 0.245465 -0.022606
v 0.031498 0.242287 -0.021046
v 0.025348 0.243395 -0.025348
v 0.034921 0.239819 -0.023334
v 0.028245 0.241094 -0.028245
v 0.038341 0.237028 -0.025619
v 0.031161 0.238463 -0.031161
v 0.041708 0.233921 -0.027868
v 0.034053 0.235513 -0.034053
v 0.044970 0.230511 -0.030048
v 0.036877 0.232254 -0.036877
v 0.048077 0.226807 -0.032124
v 0.039592 0.228695 -0.039592
v 0.051021 0.222779 -0.034091
v 0.042153 0.224848 -0.042153
v 0.054027 0.218135 -0.036099
v 0.044658 0.220559 -0.044658
v 0.057253 0.212482 -0.038255
v 0.047308 0.215449 -0.047308
v 0.060570 0.205611 -0.040472
v 0.050109 0.209210 -0.050109
v 0.063803 0.197348 -0.042632
v 0.052914 0.201664 -0.052914
v 0.066774 0.187515 -0.044617
v 0.055571 0.192638 -0.055571
v 0.069309 0.175937 -0.046311
v 0.057931 0.181955 -0.057931
v 0.071229 0.162576 -0.047594
v 0.059845 0.169439 -0.059845
v 0.072364 0.148246 -0.048352
v 0.061157 0.155462 -0.061157
v 0.072663 0.133975 -0.048552
v 0.061767 0.141074 -0.061767
v 0.072153 0.120104 -0.048211
v 0.061673 0.126976 -0.061673
v 0.070877 0.106852 -0.047359
v 0.060909 0.113387 -0.060909
v 0.068875 0.094438 -0.046021
v 0.059511 0.100526 -0.059511
v 0.066187 0.083081 -0.044225
v 0.057512 0.088614 -0.057512
v 0.062906 0.072992 -0.042033
v 0.054947 0.077868 -0.054947
v 0.059437 0.064285 -0.039715
v 0.052030 0.068471 -0.052030
v 0.056140 0.056843 -0.037512
v 0.049132 0.060418 -0.049132
v 0.053033 0.050461 -0.035435
v 0.046412 0.053533 -0.046412
v 0.050077 0.044927 -0.033460
v 0.043838 0.047601 -0.043838
v 0.047235 0.040029 -0.031562
v 0.041376 0.042412 -0.041376
v 0.044470 0.035556 -0.029714
v 0.038996 0.037753 -0.038996
v 0.041452 0.031140 -0.027697
v 0.036663 0.033412 -0.036663
v 0.037323 0.025840 -0.024938
v 0.033359 0.028560 -0.033359
v 0.031200 0.023153 -0.031200
v 0.010405 0.281530 -0.015572
v 0.010121 0.279580 -0.015147
v 0.007052 0.280594 -0.017024
v 0.010003 0.277184 -0.014970
v 0.006923 0.278449 -0.016713
v 0.009947 0.274228 -0.014887
v 0.006868 0.275766 -0.016580
v 0.009947 0.270913 -0.014887
v 0.006848 0.272600 -0.016533
v 0.010011 0.267484 -0.014982
v 0.006869 0.269197 -0.016584
v 0.010146 0.264189 -0.015185
v 0.006937 0.265804 -0.016747
v 0.010361 0.261275 -0.015506
v 0.007057 0.262669 -0.017037
v 0.010668 0.258922 -0.015965
v 0.007234 0.260037 -0.017465
v 0.011108 0.256898 -0.016624
v 0.007487 0.257893 -0.018076
v 0.011735 0.254854 -0.017562
v 0.007851 0.255884 -0.018954
v 0.012584 0.252761 -0.018833
v 0.008357 0.253812 -0.020174
v 0.013686 0.250648 -0.020483
v 0.009026 0.251705 -0.021791
v 0.015073 0.248543 -0.022559
v 0.009881 0.249593 -0.023854
v 0.016777 0.246476 -0.025109
v 0.010943 0.247503 -0.026419
v 0.018809 0.244446 -0.028149
v 0.012234 0.245465 -0.029536
v 0.021046 0.242287 -0.031498
v 0.013718 0.243395 -0.033119
v 0.023334 0.239819 -0.034921
v 0.015286 0.241094 -0.036904
v 0.025619 0.237028 -0.038341
v 0.016864 0.238463 -0.040714
v 0.027868 0.233921 -0.041708
v 0.018429 0.235513 -0.044492
v 0.030048 0.230511 -0.044970
v 0.019958 0.232254 -0.048183
v 0.032124 0.226807 -0.048077
v 0.021427 0.228695 -0.051729
v 0.034091 0.222779 -0.051021
v 0.022813 0.224848 -0.055076
v 0.036099 0.218135 -0.054027
v 0.024169 0.220559 -0.058349
v 0.038255 0.212482 -0.057253
v 0.025603 0.215449 -0.061810
v 0.040472 0.205611 -0.060570
v 0.027119 0.209210 -0.065471
v 0.042632 0.197348 -0.063803
v 0.028637 0.201664 -0.069135
v 0.044617 0.187515 -0.066774
v 0.030075 0.192638 -0.072607
v 0.046311 0.175937 -0.069309
v 0.031352 0.181955 -0.075691
v 0.047594 0.162576 -0.071229
v 0.032388 0.169439 -0.078191
v 0.048352 0.148246 -0.072364
v 0.033098 0.155462 -0.079906
v 0.048552 0.133975 -0.072663
v 0.033428 0.141074 -0.080703
v 0.048211 0.120104 -0.072153
v 0.033377 0.126976 -0.080580
v 0.047359 0.106852 -0.070877
v 0.032964 0.113387 -0.079582
v 0.046021 0.094438 -0.068875
v 0.032207 0.100526 -0.077755
v 0.044225 0.083081 -0.066187
v 0.031125 0.088614 -0.075143
v 0.042033 0.072992 -0.062906
v 0.029737 0.077868 -0.071791
v 0.039715 0.064285 -0.059437
v 0.028158 0.068471 -0.067980
v 0.037512 0.056843 -0.056140
v 0.026590 0.060418 -0.064194
v 0.035435 0.050461 -0.053033
v 0.025118 0.053533 -0.060641
v 0.033460 0.044927 -0.050077
v 0.023725 0.047601 -0.057277
v 0.031562 0.040030 -0.047235
v 0.022393 0.042412 -0.054061
v 0.029714 0.035556 -0.044470
v 0.021104 0.037753 -0.050950
v 0.027697 0.031140 -0.041452
v 0.019842 0.033412 -0.047903
v 0.024938 0.025840 -0.037323
v 0.018054 0.028560 -0.043586
v 0.016885 0.023153 -0.040765
v 0.003654 0.281530 -0.018368
v 0.003554 0.279580 -0.017867
v 0.000000 0.280594 -0.018427
v 0.003512 0.277184 -0.017658
v 0.000000 0.278449 -0.018090
v 0.003493 0.274228 -0.017561
v 0.000000 0.275766 -0.017946
v 0.003493 0.270913 -0.017561
v 0.000000 0.272600 -0.017895
v 0.003515 0.267484 -0.017673
v 0.000000 0.269197 -0.017950
v 0.003563 0.264189 -0.017911
v 0.000000 0.265804 -0.018127
v 0.003638 0.261275 -0.018290
v 0.000000 0.262669 -0.018440
v 0.003746 0.258922 -0.018832
v 0.000000 0.260037 -0.018904
v 0.003901 0.256898 -0.019609
v 0.000000 0.257893 -0.019565
v 0.004121 0.254854 -0.020716
v 0.000000 0.255884 -0.020515
v 0.004419 0.252761 -0.022215
v 0.000000 0.253812 -0.021837
v 0.004806 0.250648 -0.024161
v 0.000000 0.251705 -0.023586
v 0.005293 0.248543 -0.026610
v 0.000000 0.249593 -0.025820
v 0.005891 0.246476 -0.029618
v 0.000000 0.247503 -0.028596
v 0.006605 0.244446 -0.033204
v 0.000000 0.245465 -0.031970
v 0.007390 0.242287 -0.037154
v 0.000000 0.243395 -0.035848
v 0.008194 0.239819 -0.041192
v 0.000000 0.241094 -0.039945
v 0.008996 0.237028 -0.045227
v 0.000000 0.238463 -0.044069
v 0.009786 0.233921 -0.049198
v 0.000000 0.235513 -0.048158
v 0.010551 0.230511 -0.053046
v 0.000000 0.232254 -0.052152
v 0.011281 0.226807 -0.056711
v 0.000000 0.228695 -0.055991
v 0.011971 0.222779 -0.060183
v 0.000000 0.224848 -0.059613
v 0.012676 0.218135 -0.063729
v 0.000000 0.220559 -0.063156
v 0.013433 0.212482 -0.067534
v 0.000000 0.215449 -0.066903
v 0.014212 0.205611 -0.071447
v 0.000000 0.209210 -0.070865
v 0.014970 0.197348 -0.075260
v 0.000000 0.201664 -0.074831
v 0.015667 0.187515 -0.078765
v 0.000000 0.192638 -0.078589
v 0.016262 0.175937 -0.081755
v 0.000000 0.181955 -0.081927
v 0.016713 0.162576 -0.084020
v 0.000000 0.169439 -0.084634
v 0.016979 0.148246 -0.085360
v 0.000000 0.155462 -0.086489
v 0.017049 0.133975 -0.085711
v -0.000000 0.141074 -0.087352
v 0.016930 0.120104 -0.085111
v -0.000000 0.126976 -0.087219
v 0.016630 0.106852 -0.083605
v -0.000000 0.113387 -0.086139
v 0.016160 0.094438 -0.081243
v -0.000000 0.100526 -0.084161
v 0.015530 0.083081 -0.078073
v -0.000000 0.088614 -0.081334
v 0.014760 0.072992 -0.074203
v -0.000000 0.077868 -0.077706
v 0.013946 0.064285 -0.070111
v -0.000000 0.068471 -0.073581
v 0.013172 0.056843 -0.066222
v -0.000000 0.060418 -0.069483
v 0.012443 0.050461 -0.062556
v -0.000000 0.053533 -0.065637
v 0.011750 0.044927 -0.059070
v -0.000000 0.047601 -0.061996
v 0.011083 0.040030 -0.055718
v -0.000000 0.042412 -0.058515
v 0.010434 0.035556 -0.052456
v -0.000000 0.037753 -0.055148
v 0.009726 0.031140 -0.048895
v -0.000000 0.033412 -0.051850
v 0.008757 0.025840 -0.044025
v -0.000000 0.028560 -0.047177
v -0.000000 0.023153 -0.044124
v -0.003654 0.281530 -0.018368
v -0.003554 0.279580 -0.017867
v -0.007052 0.280594 -0.017024
v -0.003512 0.277184 -0.017658
v -0.006923 0.278449 -0.016713
v -0.003493 0.274228 -0.017561
v -0.006868 0.275766 -0.016580
v -0.003493 0.270913 -0.017561
v -0.006848 0.272600 -0.016533
v -0.003515 0.267484 -0.017673
v -0.006869 0.269197 -0.016584
v -0.003563 0.264189 -0.017911
v -0.006937 0.265804 -0.016747
v -0.003638 0.261275 -0.018291
v -0.007057 0.262669 -0.017037
v -0.003746 0.258922 -0.018832
v -0.007234 0.260037 -0.017465
v -0.003901 0.256898 -0.019609
v -0.007487 0.257893 -0.018076
v -0.004121 0.254854 -0.020716
v -0.007851 0.255884 -0.018954
v -0.004419 0.252761 -0.022215
v -0.008356 0.253812 -0.020174
v -0.004806 0.250648 -0.024161
v -0.009026 0.251705 -0.021791
v -0.005293 0.248543 -0.026610
v -0.009881 0.249593 -0.023854
v -0.005891 0.246476 -0.029618
v -0.010943 0.247503 -0.026419
v -0.006605 0.244446 -0.033204
v -0.012234 0.245465 -0.029536
v -0.007390 0.242287 -0.037154
v -0.013718 0.243395 -0.033119
v -0.008194 0.239819 -0.041192
v -0.015286 0.241094 -0.036904
v -0.008996 0.237028 -0.045227
v -0.016864 0.238463 -0.040714
v -0.009786 0.233921 -0.049198
v -0.018429 0.235513 -0.044492
v -0.010551 0.230511 -0.053046
v -0.019958 0.232254 -0.048183
v -0.011281 0.226807 -0.056711
v -0.021427 0.228695 -0.051729
v -0.011971 0.222779 -0.060183
v -0.022813 0.224848 -0.055076
v -0.012676 0.218135 -0.063729
v -0.024169 0.220559 -0.058349
v -0.013433 0.212482 -0.067534
v -0.025603 0.215449 -0.061810
v -0.014212 0.205611 -0.071447
v -0.027119 0.209210 -0.065471
v -0.014970 0.197348 -0.075260
v -0.028637 0.201664 -0.069135
v -0.015667 0.187515 -0.078765
v -0.030075 0.192638 -0.072607
v -0.016262 0.175937 -0.081755
v -0.031352 0.181955 -0.075691
v -0.016713 0.162576 -0.084020
v -0.032388 0.169439 -0.078191
v -0.016979 0.148246 -0.085360
v -0.033098 0.155462 -0.079906
v -0.017049 0.133975 -0.085711
v -0.033428 0.141074 -0.080703
v -0.016930 0.120104 -0.085111
v -0.033377 0.126976 -0.080580
v -0.016630 0.106852 -0.083605
v -0.032964 0.113387 -0.079582
v -0.016160 0.094438 -0.081243
v -0.032207 0.100526 -0.077755
v -0.015530 0.083081 -0.078073
v -0.031125 0.088614 -0.075143
v -0.014760 0.072992 -0.074203
v -0.029737 0.077868 -0.071791
v -0.013946 0.064285 -0.070111
v -0.028158 0.068471 -0.067980
v -0.013172 0.056843 -0.066222
v -0.026590 0.060418 -0.064194
v -0.012443 0.050461 -0.062556
v -0.025118 0.053533 -0.060641
v -0.011750 0.044927 -0.059070
v -0.023725 0.047601 -0.057277
v -0.011083 0.040030 -0.055718
v -0.022393 0.042412 -0.054061
v -0.010434 0.035556 -0.052456
v -0.021104 0.037753 -0.050950
v -0.009726 0.031140 -0.048895
v -0.019842 0.033412 -0.047903
v -0.008757 0.025840 -0.044025
v -0.018054 0.028560 -0.043586
v -0.016886 0.023153 -0.040765
v -0.010405 0.281530 -0.015572
v -0.010121 0.279580 -0.015147
v -0.013030 0.280594 -0.013030
v -0.010003 0.277184 -0.014970
v -0.012792 0.278449 -0.012792
v -0.009947 0.274228 -0.014887
v -0.012690 0.275766 -0.012690
v -0.009947 0.270913 -0.014887
v -0.012654 0.272600 -0.012654
v -0.010011 0.267484 -0.014982
v -0.012693 0.269197 -0.012693
v -0.010146 0.264189 -0.015185
v -0.012818 0.265804 -0.012818
v -0.010361 0.261275 -0.015506
v -0.013039 0.262669 -0.013039
v -0.010668 0.258922 -0.015965
v -0.013367 0.260037 -0.013367
v -0.011108 0.256898 -0.016624
v -0.013834 0.257893 -0.013835
v -0.011735 0.254854 -0.017562
v -0.014506 0.255884 -0.014507
v -0.012584 0.252761 -0.018833
v -0.015441 0.253812 -0.015441
v -0.013686 0.250648 -0.020483
v -0.016678 0.251705 -0.016678
v -0.015073 0.248543 -0.022559
v -0.018257 0.249593 -0.018257
v -0.016777 0.246476 -0.025109
v -0.020220 0.247503 -0.020220
v -0.018809 0.244446 -0.028149
v -0.022606 0.245465 -0.022606
v -0.021046 0.242287 -0.031498
v -0.025348 0.243395 -0.025348
v -0.023334 0.239819 -0.034921
v -0.028245 0.241094 -0.028245
v -0.025619 0.237028 -0.038341
v -0.031161 0.238463 -0.031161
v -0.027868 0.233921 -0.041708
v -0.034053 0.235513 -0.034053
v -0.030048 0.230511 -0.044970
v -0.036877 0.232254 -0.036877
v -0.032124 0.226807 -0.048077
v -0.039592 0.228695 -0.039592
v -0.034091 0.222779 -0.051021
v -0.042153 0.224848 -0.042153
v -0.036099 0.218135 -0.054027
v -0.044658 0.220559 -0.044658
v -0.038255 0.212482 -0.057253
v -0.047308 0.215449 -0.047308
v -0.040472 0.205611 -0.060570
v -0.050109 0.209210 -0.050109
v -0.042631 0.197348 -0.063803
v -0.052914 0.201664 -0.052914
v -0.044617 0.187515 -0.066774
v -0.055571 0.192638 -0.055571
v -0.046311 0.175937 -0.069309
v -0.057931 0.181955 -0.057931
v -0.047594 0.162576 -0.071229
v -0.059845 0.169439 -0.059845
v -0.048352 0.148246 -0.072364
v -0.061157 0.155462 -0.061157
v -0.048552 0.133975 -0.072663
v -0.061767 0.141074 -0.061767
v -0.048211 0.120104 -0.072153
v -0.061673 0.126976 -0.061673
v -0.047359 0.106852 -0.070877
v -0.060909 0.113387 -0.060909
v -0.046021 0.094438 -0.068875
v -0.059511 0.100526 -0.059511
v -0.044225 0.083081 -0.066187
v -0.057512 0.088614 -0.057512
v -0.042033 0.072992 -0.062906
v -0.054947 0.077868 -0.054947
v -0.039715 0.064285 -0.059437
v -0.052030 0.068471 -0.052030
v -0.037512 0.056843 -0.056140
v -0.049132 0.060418 -0.049132
v -0.035435 0.050461 -0.053033
v -0.046412 0.053533 -0.046412
v -0.033460 0.044927 -0.050077
v -0.043838 0.047601 -0.043838
v -0.031562 0.040030 -0.047235
v -0.041376 0.042412 -0.041376
v -0.029714 0.035556 -0.044470
v -0.038996 0.037753 -0.038996
v -0.027697 0.031140 -0.041452
v -0.036663 0.033412 -0.036663
v -0.024938 0.025840 -0.037323
v -0.033359 0.028560 -0.033359
v -0.031200 0.023153 -0.031200
v -0.015572 0.281530 -0.010405
v -0.015147 0.279580 -0.010121
v -0.017024 0.280594 -0.007052
v -0.014970 0.277184 -0.010003
v -0.016713 0.278449 -0.006923
v -0.014887 0.274228 -0.009947
v -0.016580 0.275766 -0.006868
v -0.014887 0.270913 -0.009947
v -0.016533 0.272600 -0.006848
v -0.014982 0.267484 -0.010011
v -0.016584 0.269197 -0.006869
v -0.015185 0.264189 -0.010146
v -0.016747 0.265804 -0.006937
v -0.015506 0.261275 -0.010361
v -0.017036 0.262669 -0.007057
v -0.015965 0.258922 -0.010668
v -0.017465 0.260037 -0.007234
v -0.016624 0.256898 -0.011108
v -0.018076 0.257893 -0.007487
v -0.017562 0.254854 -0.011735
v -0.018954 0.255884 -0.007851
v -0.018833 0.252761 -0.012584
v -0.020174 0.253812 -0.008357
v -0.020482 0.250648 -0.013686
v -0.021790 0.251705 -0.009026
v -0.022559 0.248543 -0.015073
v -0.023854 0.249593 -0.009881
v -0.025109 0.246476 -0.016777
v -0.026419 0.247503 -0.010943
v -0.028149 0.244446 -0.018809
v -0.029536 0.245465 -0.012234
v -0.031498 0.242287 -0.021046
v -0.033119 0.243395 -0.013718
v -0.034921 0.239819 -0.023334
v -0.036904 0.241094 -0.015286
v -0.038341 0.237028 -0.025619
v -0.040714 0.238463 -0.016864
v -0.041708 0.233921 -0.027868
v -0.044492 0.235513 -0.018429
v -0.044970 0.230511 -0.030048
v -0.048182 0.232254 -0.019958
v -0.048077 0.226807 -0.032124
v -0.051729 0.228695 -0.021427
v -0.051021 0.222779 -0.034091
v -0.055076 0.224848 -0.022813
v -0.054027 0.218135 -0.036099
v -0.058349 0.220559 -0.024169
v -0.057253 0.212482 -0.038255
v -0.061810 0.215449 -0.025603
v -0.060570 0.205611 -0.040472
v -0.065471 0.209210 -0.027119
v -0.063803 0.197348 -0.042632
v -0.069135 0.201665 -0.028637
v -0.066774 0.187515 -0.044617
v -0.072607 0.192638 -0.030075
v -0.069309 0.175937 -0.046311
v -0.075691 0.181955 -0.031352
v -0.071229 0.162576 -0.047594
v -0.078191 0.169439 -0.032388
v -0.072364 0.148246 -0.048352
v -0.079906 0.155462 -0.033098
v -0.072663 0.133975 -0.048552
v -0.080703 0.141074 -0.033428
v -0.072153 0.120104 -0.048211
v -0.080580 0.126976 -0.033377
v -0.070877 0.106852 -0.047359
v -0.079582 0.113387 -0.032964
v -0.068875 0.094438 -0.046021
v -0.077755 0.100526 -0.032207
v -0.066187 0.083081 -0.044225
v -0.075143 0.088614 -0.031125
v -0.062906 0.072992 -0.042033
v -0.071791 0.077868 -0.029737
v -0.059437 0.064285 -0.039715
v -0.067980 0.068471 -0.028158
v -0.056140 0.056843 -0.037512
v -0.064194 0.060418 -0.026590
v -0.053033 0.050461 -0.035435
v -0.060641 0.053533 -0.025118
v -0.050077 0.044927 -0.033460
v -0.057277 0.047601 -0.023725
v -0.047235 0.040029 -0.031562
v -0.054061 0.042412 -0.022393
v -0.044470 0.035556 -0.029714
v -0.050950 0.037753 -0.021104
v -0.041452 0.031140 -0.027697
v -0.047903 0.033412 -0.019842
v -0.037323 0.025840 -0.024938
v -0.043586 0.028560 -0.018054
v -0.040765 0.023153 -0.016885
v -0.018368 0.281530 -0.003654
v -0.017867 0.279580 -0.003554
v -0.018427 0.280594 -0.000000
v -0.017658 0.277184 -0.003512
v -0.018090 0.278449 -0.000000
v -0.017561 0.274228 -0.003493
v -0.017946 0.275766 -0.000000
v -0.017561 0.270913 -0.003493
v -0.017895 0.272600 -0.000000
v -0.017673 0.267484 -0.003515
v -0.017950 0.269197 -0.000000
v -0.017911 0.264189 -0.003563
v -0.018127 0.265804 -0.000000
v -0.018290 0.261275 -0.003638
v -0.018440 0.262669 -0.000000
v -0.018832 0.258922 -0.003746
v -0.018904 0.260037 -0.000000
v -0.019609 0.256898 -0.003901
v -0.019565 0.257893 -0.000000
v -0.020716 0.254854 -0.004121
v -0.020515 0.255884 -0.000000
v -0.022215 0.252761 -0.004419
v -0.021837 0.253812 -0.000000
v -0.024161 0.250648 -0.004806
v -0.023586 0.251705 -0.000000
v -0.026610 0.248543 -0.005293
v -0.025820 0.249593 -0.000000
v -0.029618 0.246476 -0.005891
v -0.028596 0.247503 -0.000000
v -0.033204 0.244446 -0.006605
v -0.031970 0.245465 -0.000000
v -0.037154 0.242287 -0.007390
v -0.035848 0.243395 -0.000000
v -0.041192 0.239819 -0.008194
v -0.039945 0.241094 -0.000000
v -0.045227 0.237028 -0.008996
v -0.044069 0.238463 -0.000000
v -0.049198 0.233921 -0.009786
v -0.048158 0.235513 -0.000000
v -0.053046 0.230511 -0.010551
v -0.052152 0.232254 -0.000000
v -0.056711 0.226807 -0.011281
v -0.055991 0.228695 -0.000000
v -0.060183 0.222779 -0.011971
v -0.059613 0.224848 -0.000000
v -0.063729 0.218135 -0.012676
v -0.063156 0.220559 -0.000000
v -0.067534 0.212482 -0.013433
v -0.066903 0.215449 -0.000000
v -0.071447 0.205611 -0.014212
v -0.070865 0.209210 -0.000000
v -0.075260 0.197348 -0.014970
v -0.074831 0.201665 -0.000000
v -0.078765 0.187515 -0.015667
v -0.078589 0.192638 -0.000000
v -0.081755 0.175937 -0.016262
v -0.081927 0.181955 -0.000000
v -0.084020 0.162576 -0.016713
v -0.084634 0.169439 -0.000000
v -0.085360 0.148246 -0.016979
v -0.086489 0.155462 -0.000000
v -0.085711 0.133975 -0.017049
v -0.087352 0.141074 -0.000000
v -0.085111 0.120104 -0.016930
v -0.087219 0.126976 -0.000000
v -0.083605 0.106852 -0.016630
v -0.086139 0.113387 -0.000000
v -0.081243 0.094438 -0.016160
v -0.084161 0.100526 -0.000000
v -0.078073 0.083081 -0.015530
v -0.081334 0.088614 -0.000000
v -0.074203 0.072992 -0.014760
v -0.077706 0.077868 0.000000
v -0.070111 0.064285 -0.013946
v -0.073581 0.068471 0.000000
v -0.066222 0.056843 -0.013172
v -0.069483 0.060418 0.000000
v -0.062556 0.050461 -0.012443
v -0.065637 0.053533 0.000000
v -0.059070 0.044927 -0.011750
v -0.061996 0.047601 0.000000
v -0.055718 0.040029 -0.011083
v -0.058515 0.042412 0.000000
v -0.052456 0.035556 -0.010434
v -0.055148 0.037753 0.000000
v -0.048895 0.031140 -0.009726
v -0.051850 0.033412 0.000000
v -0.044025 0.025840 -0.008757
v -0.047177 0.028560 0.000000
v -0.044124 0.023153 0.000000
v -0.018368 0.281530 0.003654
v -0.017867 0.279580 0.003554
v -0.017024 0.280594 0.007052
v -0.017658 0.277184 0.003512
v -0.016713 0.278449 0.006923
v -0.017561 0.274228 0.003493
v -0.016580 0.275766 0.006868
v -0.017561 0.270913 0.003493
v -0.016533 0.272600 0.006848
v -0.017673 0.267484 0.003515
v -0.016584 0.269197 0.006869
v -0.017911 0.264189 0.003563
v -0.016747 0.265804 0.006937
v -0.018290 0.261275 0.003638
v -0.017036 0.262669 0.007057
v -0.018832 0.258922 0.003746
v -0.017465 0.260037 0.007234
v -0.019609 0.256898 0.003900
v -0.018076 0.257893 0.007487
v -0.020716 0.254854 0.004121
v -0.018954 0.255884 0.007851
v -0.022215 0.252761 0.004419
v -0.020174 0.253812 0.008356
v -0.024161 0.250648 0.004806
v -0.021790 0.251706 0.009026
v -0.026610 0.248543 0.005293
v -0.023854 0.249593 0.009881
v -0.029618 0.246476 0.005891
v -0.026419 0.247503 0.010943
v -0.033204 0.244446 0.006605
v -0.029536 0.245465 0.012234
v -0.037154 0.242287 0.007390
v -0.033119 0.243395 0.013718
v -0.041192 0.239819 0.008194
v -0.036904 0.241094 0.015286
v -0.045227 0.237028 0.008996
v -0.040714 0.238463 0.016864
v -0.049198 0.233921 0.009786
v -0.044492 0.235513 0.018429
v -0.053046 0.230511 0.010551
v -0.048183 0.232254 0.019958
v -0.056711 0.226807 0.011281
v -0.051729 0.228695 0.021427
v -0.060183 0.222779 0.011971
v -0.055076 0.224848 0.022813
v -0.063729 0.218135 0.012676
v -0.058349 0.220559 0.024169
v -0.067534 0.212482 0.013433
v -0.061810 0.215449 0.025603
v -0.071447 0.205611 0.014212
v -0.065471 0.209210 0.027119
v -0.075260 0.197348 0.014970
v -0.069135 0.201665 0.028637
v -0.078765 0.187515 0.015667
v -0.072607 0.192638 0.030075
v -0.081755 0.175937 0.016262
v -0.075691 0.181955 0.031352
v -0.084020 0.162576 0.016713
v -0.078191 0.169439 0.032388
v -0.085360 0.148246 0.016979
v -0.079906 0.155462 0.033098
v -0.085711 0.133975 0.017049
v -0.080703 0.141074 0.033428
v -0.085111 0.120104 0.016930
v -0.080580 0.126976 0.033377
v -0.083605 0.106852 0.016630
v -0.079582 0.113387 0.032964
v -0.081243 0.094438 0.016160
v -0.077755 0.100526 0.032207
v -0.078073 0.083081 0.015530
v -0.075143 0.088614 0.031125
v -0.074203 0.072992 0.014760
v -0.071791 0.077868 0.029737
v -0.070111 0.064285 0.013946
v -0.067980 0.068471 0.028158
v -0.066222 0.056843 0.013172
v -0.064194 0.060418 0.026590
v -0.062556 0.050461 0.012443
v -0.060641 0.053533 0.025118
v -0.059070 0.044927 0.011750
v -0.057277 0.047601 0.023725
v -0.055718 0.040029 0.011083
v -0.054061 0.042412 0.022393
v -0.052456 0.035556 0.010434
v -0.050950 0.037753 0.021104
v -0.048895 0.031140 0.009726
v -0.047903 0.033412 0.019842
v -0.044025 0.025840 0.008757
v -0.043586 0.028560 0.018054
v -0.040765 0.023153 0.016886
v -0.015572 0.281530 0.010405
v -0.015147 0.279580 0.010121
v -0.013030 0.280594 0.013030
v -0.014970 0.277184 0.010003
v -0.012792 0.278449 0.012792
v -0.014887 0.274228 0.009947
v -0.012690 0.275766 0.012690
v -0.014887 0.270913 0.009947
v -0.012654 0.272600 0.012653
v -0.014982 0.267484 0.010011
v -0.012693 0.269197 0.012693
v -0.015185 0.264189 0.010146
v -0.012818 0.265804 0.012818
v -0.015506 0.261275 0.010361
v -0.013039 0.262669 0.013039
v -0.015965 0.258922 0.010668
v -0.013367 0.260037 0.013367
v -0.016624 0.256898 0.011108
v -0.013834 0.257893 0.013834
v -0.017562 0.254854 0.011735
v -0.014506 0.255884 0.014506
v -0.018833 0.252761 0.012584
v -0.015441 0.253812 0.015441
v -0.020482 0.250648 0.013686
v -0.016678 0.251705 0.016678
v -0.022559 0.248543 0.015073
v -0.018257 0.249593 0.018257
v -0.025109 0.246476 0.016777
v -0.020220 0.247503 0.020220
v -0.028149 0.244446 0.018809
v -0.022606 0.245465 0.022606
v -0.031498 0.242287 0.021046
v -0.025348 0.243395 0.025348
v -0.034921 0.239819 0.023334
v -0.028245 0.241094 0.028245
v -0.038341 0.237028 0.025619
v -0.031161 0.238463 0.031161
v -0.041708 0.233921 0.027868
v -0.034053 0.235513 0.034053
v -0.044970 0.230511 0.030048
v -0.036877 0.232254 0.036877
v -0.048077 0.226807 0.032124
v -0.039592 0.228695 0.039592
v -0.051021 0.222779 0.034091
v -0.042153 0.224848 0.042153
v -0.054027 0.218135 0.036099
v -0.044658 0.220559 0.044658
v -0.057253 0.212482 0.038255
v -0.047308 0.215449 0.047308
v -0.060570 0.205611 0.040472
v -0.050109 0.209210 0.050109
v -0.063803 0.197348 0.042631
v -0.052914 0.201665 0.052913
v -0.066774 0.187515 0.044617
v -0.055571 0.192638 0.055571
v -0.069309 0.175937 0.046311
v -0.057931 0.181955 0.057931
v -0.071229 0.162576 0.047594
v -0.059845 0.169439 0.059845
v -0.072364 0.148246 0.048352
v -0.061157 0.155462 0.061157
v -0.072663 0.133975 0.048552
v -0.061767 0.141074 0.061767
v -0.072153 0.120104 0.048211
v -0.061673 0.126976 0.061673
v -0.070877 0.106852 0.047359
v -0.060909 0.113387 0.060909
v -0.068875 0.094438 0.046021
v -0.059511 0.100526 0.059511
v -0.066187 0.083081 0.044225
v -0.057512 0.088614 0.057512
v -0.062906 0.072992 0.042033
v -0.054947 0.077868 0.054947
v -0.059437 0.064285 0.039715
v -0.052030 0.068471 0.052030
v -0.056140 0.056843 0.037512
v -0.049132 0.060418 0.049132
v -0.053033 0.050461 0.035435
v -0.046412 0.053533 0.046412
v -0.050077 0.044927 0.033460
v -0.043838 0.047601 0.043838
v -0.047235 0.040030 0.031562
v -0.041376 0.042412 0.041376
v -0.044470 0.035556 0.029714
v -0.038996 0.037753 0.038996
v -0.041452 0.031140 0.027697
v -0.036663 0.033412 0.036663
v -0.037323 0.025840 0.024938
v -0.033359 0.028560 0.033359
v -0.031200 0.023153 0.031200
v -0.010405 0.281530 0.015572
v -0.010121 0.279580 0.015147
v -0.007052 0.280594 0.017024
v -0.010003 0.277184 0.014970
v -0.006923 0.278449 0.016713
v -0.009947 0.274228 0.014887
v -0.006868 0.275766 0.016580
v -0.009947 0.270913 0.014887
v -0.006848 0.272600 0.016533
v -0.010011 0.267484 0.014982
v -0.006869 0.269197 0.016584
v -0.010146 0.264189 0.015184
v -0.006937 0.265804 0.016747
v -0.010361 0.261275 0.015506
v -0.007057 0.262669 0.017036
v -0.010668 0.258922 0.015965
v -0.007234 0.260037 0.017465
v -0.011108 0.256898 0.016624
v -0.007487 0.257893 0.018076
v -0.011735 0.254854 0.017562
v -0.007851 0.255884 0.018954
v -0.012584 0.252761 0.018833
v -0.008357 0.253812 0.020174
v -0.013686 0.250648 0.020482
v -0.009026 0.251705 0.021790
v -0.015073 0.248543 0.022559
v -0.009881 0.249593 0.023854
v -0.016777 0.246476 0.025109
v -0.010943 0.247503 0.026419
v -0.018809 0.244446 0.028149
v -0.012234 0.245465 0.029536
v -0.021046 0.242287 0.031498
v -0.013718 0.243395 0.033119
v -0.023334 0.239819 0.034921
v -0.015286 0.241094 0.036904
v -0.025619 0.237028 0.038341
v -0.016864 0.238463 0.040714
v -0.027868 0.233921 0.041708
v -0.018429 0.235513 0.044492
v -0.030048 0.230511 0.044970
v -0.019958 0.232254 0.048182
v -0.032124 0.226807 0.048077
v -0.021427 0.228695 0.051729
v -0.034091 0.222779 0.051021
v -0.022813 0.224848 0.055076
v -0.036099 0.218135 0.054027
v -0.024169 0.220559 0.058349
v -0.038255 0.212482 0.057253
v -0.025603 0.215449 0.061810
v -0.040472 0.205611 0.060570
v -0.027119 0.209210 0.065471
v -0.042631 0.197348 0.063803
v -0.028637 0.201665 0.069135
v -0.044617 0.187515 0.066774
v -0.030075 0.192638 0.072607
v -0.046311 0.175937 0.069309
v -0.031352 0.181955 0.075691
v -0.047594 0.162576 0.071229
v -0.032388 0.169439 0.078191
v -0.048352 0.148246 0.072364
v -0.033098 0.155462 0.079906
v -0.048552 0.133975 0.072663
v -0.033428 0.141074 0.080703
v -0.048211 0.120104 0.072153
v -0.033377 0.126976 0.080580
v -0.047359 0.106852 0.070877
v -0.032964 0.113387 0.079582
v -0.046021 0.094438 0.068875
v -0.032207 0.100526 0.077755
v -0.044224 0.083081 0.066187
v -0.031125 0.088614 0.075143
v -0.042033 0.072992 0.062906
v -0.029737 0.077868 0.071791
v -0.039715 0.064285 0.059437
v -0.028158 0.068471 0.067980
v -0.037512 0.056843 0.056140
v -0.026590 0.060418 0.064194
v -0.035435 0.050461 0.053033
v -0.025118 0.053533 0.060641
v -0.033460 0.044927 0.050077
v -0.023725 0.047601 0.057277
v -0.031562 0.040030 0.047235
v -0.022393 0.042412 0.054061
v -0.029714 0.035556 0.044470
v -0.021104 0.037753 0.050950
v -0.027697 0.031140 0.041452
v -0.019842 0.033412 0.047903
v -0.024938 0.025840 0.037323
v -0.018054 0.028560 0.043586
v -0.016885 0.023153 0.040765
v -0.003654 0.281530 0.018368
v -0.003554 0.279580 0.017867
v -0.000000 0.280594 0.018427
v -0.003512 0.277184 0.017658
v -0.000000 0.278449 0.018090
v -0.003493 0.274228 0.017561
v -0.000000 0.275766 0.017946
v -0.003493 0.270913 0.017561
v -0.000000 0.272600 0.017895
v -0.003515 0.267484 0.017673
v -0.000000 0.269197 0.017950
v -0.003563 0.264189 0.017911
v -0.000000 0.265804 0.018127
v -0.003638 0.261275 0.018290
v -0.000000 0.262669 0.018440
v -0.003746 0.258922 0.018832
v -0.000000 0.260037 0.018904
v -0.003901 0.256898 0.019609
v -0.000000 0.257893 0.019565
v -0.004121 0.254854 0.020716
v -0.000000 0.255884 0.020515
v -0.004419 0.252761 0.022215
v -0.000000 0.253812 0.021837
v -0.004806 0.250648 0.024161
v -0.000000 0.251705 0.023586
v -0.005293 0.248543 0.026610
v -0.000000 0.249593 0.025820
v -0.005891 0.246476 0.029618
v -0.000000 0.247503 0.028595
v -0.006605 0.244446 0.033204
v -0.000000 0.245465 0.031970
v -0.007390 0.242287 0.037154
v -0.000000 0.243395 0.035848
v -0.008194 0.239819 0.041192
v -0.000000 0.241094 0.039945
v -0.008996 0.237028 0.045227
v -0.000000 0.238463 0.044069
v -0.009786 0.233921 0.049198
v -0.000000 0.235513 0.048158
v -0.010551 0.230511 0.053046
v -0.000000 0.232254 0.052152
v -0.011281 0.226807 0.056711
v -0.000000 0.228695 0.055991
v -0.011971 0.222779 0.060183
v -0.000000 0.224848 0.059613
v -0.012676 0.218135 0.063729
v -0.000000 0.220559 0.063156
v -0.013433 0.212482 0.067534
v 0.000000 0.215449 0.066903
v -0.014212 0.205611 0.071447
v 0.000000 0.209210 0.070865
v -0.014970 0.197348 0.075260
v 0.000000 0.201665 0.074831
v -0.015667 0.187515 0.078765
v 0.000000 0.192638 0.078589
v -0.016262 0.175937 0.081755
v 0.000000 0.181955 0.081927
v -0.016713 0.162576 0.084020
v 0.000000 0.169439 0.084634
v -0.016979 0.148246 0.085360
v 0.000000 0.155462 0.086489
v -0.017049 0.133975 0.085711
v 0.000000 0.141074 0.087352
v -0.016930 0.120104 0.085111
v 0.000000 0.126976 0.087219
v -0.016630 0.106852 0.083605
v 0.000000 0.113387 0.086139
v -0.016160 0.094438 0.081243
v 0.000000 0.100526 0.084161
v -0.015530 0.083081 0.078072
v 0.000000 0.088614 0.081334
v -0.014760 0.072992 0.074203
v 0.000000 0.077868 0.077706
v -0.013946 0.064285 0.070111
v 0.000000 0.068471 0.073581
v -0.013172 0.056843 0.066222
v 0.000000 0.060418 0.069483
v -0.012443 0.050461 0.062556
v 0.000000 0.053533 0.065637
v -0.011750 0.044927 0.059070
v 0.000000 0.047601 0.061996
v -0.011083 0.040030 0.055718
v 0.000000 0.042412 0.058515
v -0.010434 0.035556 0.052456
v 0.000000 0.037753 0.055148
v -0.009726 0.031140 0.048895
v 0.000000 0.033412 0.051850
v -0.008757 0.025840 0.044025
v 0.000000 0.028560 0.047177
v 0.000000 0.023153 0.044124
v 0.003654 0.281530 0.018368
v 0.003554 0.279580 0.017867
v 0.007052 0.280594 0.017024
v 0.003512 0.277184 0.017658
v 0.006923 0.278449 0.016713
v 0.003493 0.274228 0.017561
v 0.006868 0.275766 0.016580
v 0.003493 0.270913 0.017561
v 0.006848 0.272600 0.016533
v 0.003515 0.267484 0.017673
v 0.006869 0.269197 0.016584
v 0.003563 0.264189 0.017911
v 0.006937 0.265804 0.016747
v 0.003638 0.261275 0.018290
v 0.007057 0.262669 0.017036
v 0.003746 0.258922 0.018832
v 0.007234 0.260037 0.017465
v 0.003901 0.256898 0.019609
v 0.007487 0.257893 0.018076
v 0.004121 0.254854 0.020716
v 0.007851 0.255884 0.018954
v 0.004419 0.252761 0.022215
v 0.008356 0.253812 0.020174
v 0.004806 0.250648 0.024161
v 0.009026 0.251705 0.021790
v 0.005293 0.248543 0.026610
v 0.009881 0.249593 0.023854
v 0.005891 0.246476 0.029618
v 0.010943 0.247503 0.026419
v 0.006605 0.244446 0.033204
v 0.012234 0.245465 0.029536
v 0.007390 0.242287 0.037154
v 0.013718 0.243395 0.033119
v 0.008194 0.239819 0.041192
v 0.015286 0.241094 0.036904
v 0.008996 0.237028 0.045227
v 0.016864 0.238463 0.040714
v 0.009786 0.233921 0.049198
v 0.018429 0.235513 0.044492
v 0.010551 0.230511 0.053046
v 0.019958 0.232254 0.048182
v 0.011281 0.226807 0.056711
v 0.021427 0.228695 0.051729
v 0.011971 0.222779 0.060183
v 0.022813 0.224848 0.055076
v 0.012676 0.218135 0.063729
v 0.024169 0.220559 0.058349
v 0.013433 0.212482 0.067534
v 0.025603 0.215449 0.061810
v 0.014212 0.205611 0.071447
v 0.027119 0.209210 0.065471
v 0.014970 0.197348 0.075260
v 0.028637 0.201665 0.069135
v 0.015667 0.187515 0.078765
v 0.030075 0.192638 0.072607
v 0.016262 0.175937 0.081755
v 0.031352 0.181955 0.075691
v 0.016713 0.162576 0.084020
v 0.032388 0.169439 0.078191
v 0.016979 0.148246 0.085360
v 0.033098 0.155462 0.079906
v 0.017049 0.133975 0.085711
v 0.033428 0.141074 0.080703
v 0.016930 0.120104 0.085111
v 0.033377 0.126976 0.080580
v 0.016630 0.106852 0.083605
v 0.032964 0.113387 0.079582
v 0.016160 0.094438 0.081243
v 0.032207 0.100526 0.077755
v 0.015530 0.083081 0.078072
v 0.031125 0.088614 0.075143
v 0.014760 0.072992 0.074203
v 0.029737 0.077868 0.071791
v 0.013946 0.064285 0.070111
v 0.028158 0.068471 0.067980
v 0.013172 0.056843 0.066222
v 0.026590 0.060418 0.064194
v 0.012443 0.050461 0.062556
v 0.025118 0.053533 0.060641
v 0.011750 0.044927 0.059070
v 0.023725 0.047601 0.057277
v 0.011083 0.040030 0.055718
v 0.022393 0.042412 0.054061
v 0.010434 0.035556 0.052455
v 0.021104 0.037753 0.050950
v 0.009726 0.031140 0.048895
v 0.019842 0.033412 0.047903
v 0.008757 0.025840 0.044025
v 0.018054 0.028560 0.043586
v 0.016886 0.023153 0.040765
v 0.010405 0.281530 0.015572
v 0.010121 0.279580 0.015147
v 0.013030 0.280594 0.013030
v 0.010003 0.277184 0.014970
v 0.012792 0.278449 0.012792
v 0.009947 0.274228 0.014887
v 0.012690 0.275766 0.012690
v 0.009947 0.270913 0.014887
v 0.012654 0.272600 0.012654
v 0.010011 0.267484 0.014982
v 0.012693 0.269197 0.012693
v 0.010146 0.264189 0.015184
v 0.012818 0.265804 0.012818
v 0.010361 0.261275 0.015506
v 0.013039 0.262669 0.013039
v 0.010668 0.258922 0.015965
v 0.013367 0.260037 0.013367
v 0.011108 0.256898 0.016624
v 0.013834 0.257893 0.013834
v 0.011735 0.254854 0.017562
v 0.014506 0.255884 0.014506
v 0.012584 0.252761 0.018833
v 0.015441 0.253812 0.015441
v 0.013686 0.250648 0.020482
v 0.016678 0.251705 0.016678
v 0.015073 0.248543 0.022559
v 0.018257 0.249593 0.018257
v 0.016777 0.246476 0.025109
v 0.020220 0.247503 0.020220
v 0.018809 0.244446 0.028149
v 0.022606 0.245465 0.022606
v 0.021046 0.242287 0.031498
v 0.025348 0.243395 0.025348
v 0.023334 0.239819 0.034921
v 0.028245 0.241094 0.028245
v 0.025619 0.237028 0.038341
v 0.031161 0.238463 0.031161
v 0.027868 0.233921 0.041708
v 0.034053 0.235513 0.034053
v 0.030048 0.230511 0.044970
v 0.036877 0.232254 0.036877
v 0.032124 0.226807 0.048077
v 0.039592 0.228695 0.039592
v 0.034091 0.222779 0.051021
v 0.042153 0.224848 0.042153
v 0.036099 0.218135 0.054027
v 0.044658 0.220559 0.044658
v 0.038255 0.212482 0.057253
v 0.047308 0.215449 0.047308
v 0.040472 0.205611 0.060570
v 0.050109 0.209210 0.050109
v 0.042632 0.197348 0.063803
v 0.052914 0.201665 0.052913
v 0.044617 0.187515 0.066774
v 0.055571 0.192638 0.055571
v 0.046311 0.175937 0.069309
v 0.057931 0.181955 0.057931
v 0.047594 0.162576 0.071229
v 0.059845 0.169439 0.059845
v 0.048352 0.148246 0.072364
v 0.061157 0.155462 0.061157
v 0.048552 0.133975 0.072663
v 0.061767 0.141074 0.061767
v 0.048211 0.120104 0.072153
v 0.061673 0.126976 0.061673
v 0.047359 0.106852 0.070877
v 0.060909 0.113387 0.060909
v 0.046021 0.094438 0.068875
v 0.059511 0.100526 0.059511
v 0.044225 0.083081 0.066187
v 0.057512 0.088614 0.057512
v 0.042033 0.072992 0.062906
v 0.054947 0.077868 0.054947
v 0.039715 0.064285 0.059437
v 0.052030 0.068471 0.052030
v 0.037512 0.056843 0.056140
v 0.049132 0.060418 0.049132
v 0.035435 0.050461 0.053033
v 0.046412 0.053533 0.046412
v 0.033460 0.044927 0.050077
v 0.043838 0.047601 0.043838
v 0.031562 0.040030 0.047235
v 0.041376 0.042412 0.041376
v 0.029714 0.035556 0.044470
v 0.038996 0.037753 0.038996
v 0.027697 0.031140 0.041452
v 0.036663 0.033412 0.036663
v 0.024938 0.025840 0.037323
v 0.033359 0.028560 0.033359
v 0.031200 0.023153 0.031200
v 0.015572 0.281530 0.010405
v 0.015147 0.279580 0.010121
v 0.017024 0.280594 0.007052
v 0.014970 0.277184 0.010003
v 0.016713 0.278449 0.006923
v 0.014887 0.274228 0.009947
v 0.016580 0.275766 0.006868
v 0.014887 0.270913 0.009947
v 0.016533 0.272600 0.006848
v 0.014982 0.267484 0.010011
v 0.016584 0.269197 0.006869
v 0.015185 0.264189 0.010146
v 0.016747 0.265804 0.006937
v 0.015506 0.261275 0.010361
v 0.017036 0.262669 0.007057
v 0.015965 0.258922 0.010668
v 0.017465 0.260037 0.007234
v 0.016624 0.256898 0.011108
v 0.018076 0.257893 0.007487
v 0.017562 0.254854 0.011735
v 0.018954 0.255884 0.007851
v 0.018833 0.252761 0.012584
v 0.020174 0.253812 0.008356
v 0.020482 0.250648 0.013686
v 0.021790 0.251706 0.009026
v 0.022559 0.248543 0.015073
v 0.023854 0.249593 0.009881
v 0.025109 0.246476 0.016777
v 0.026419 0.247503 0.010943
v 0.028149 0.244446 0.018809
v 0.029536 0.245465 0.012234
v 0.031498 0.242287 0.021046
v 0.033119 0.243395 0.013718
v 0.034921 0.239819 0.023334
v 0.036904 0.241094 0.015286
v 0.038341 0.237028 0.025619
v 0.040714 0.238463 0.016864
v 0.041708 0.233921 0.027868
v 0.044492 0.235513 0.018429
v 0.044970 0.230511 0.030048
v 0.048182 0.232254 0.019958
v 0.048077 0.226807 0.032124
v 0.051729 0.228695 0.021427
v 0.051021 0.222779 0.034091
v 0.055076 0.224848 0.022813
v 0.054027 0.218135 0.036099
v 0.058349 0.220559 0.024169
v 0.057253 0.212482 0.038255
v 0.061810 0.215449 0.025603
v 0.060570 0.205611 0.040472
v 0.065471 0.209210 0.027119
v 0.063803 0.197348 0.042631
v 0.069135 0.201665 0.028637
v 0.066774 0.187515 0.044617
v 0.072607 0.192638 0.030075
v 0.069309 0.175937 0.046311
v 0.075691 0.181955 0.031352
v 0.071229 0.162576 0.047594
v 0.078191 0.169439 0.032388
v 0.072364 0.148246 0.048352
v 0.079906 0.155462 0.033098
v 0.072663 0.133975 0.048552
v 0.080703 0.141074 0.033428
v 0.072153 0.120104 0.048211
v 0.080580 0.126976 0.033377
v 0.070877 0.106852 0.047359
v 0.079582 0.113387 0.032964
v 0.068875 0.094438 0.046021
v 0.077755 0.100526 0.032207
v 0.066187 0.083081 0.044224
v 0.075143 0.088614 0.031125
v 0.062906 0.072992 0.042033
v 0.071791 0.077868 0.029737
v 0.059437 0.064285 0.039715
v 0.067980 0.068471 0.028158
v 0.056140 0.056843 0.037512
v 0.064194 0.060418 0.026590
v 0.053033 0.050461 0.035435
v 0.060641 0.053533 0.025118
v 0.050077 0.044927 0.033460
v 0.057277 0.047601 0.023725
v 0.047235 0.040030 0.031562
v 0.054061 0.042412 0.022393
v 0.044470 0.035556 0.029714
v 0.050950 0.037753 0.021104
v 0.041452 0.031140 0.027697
v 0.047903 0.033412 0.019842
v 0.037323 0.025840 0.024938
v 0.043586 0.028560 0.018054
v 0.040765 0.023153 0.016885
v 0.018368 0.281530 0.003654
v 0.017867 0.279580 0.003554
v 0.017658 0.277184 0.003512
v 0.017561 0.274228 0.003493
v 0.017561 0.270913 0.003493
v 0.017673 0.267484 0.003515
v 0.017911 0.264189 0.003563
v 0.018290 0.261275 0.003638
v 0.018832 0.258922 0.003746
v 0.019609 0.256898 0.003900
v 0.020716 0.254854 0.004121
v 0.022215 0.252761 0.004419
v 0.024161 0.250648 0.004806
v 0.026610 0.248543 0.005293
v 0.029618 0.246476 0.005891
v 0.033204 0.244446 0.006605
v 0.037154 0.242287 0.007390
v 0.041192 0.239819 0.008194
v 0.045227 0.237028 0.008996
v 0.049198 0.233921 0.009786
v 0.053046 0.230511 0.010551
v 0.056711 0.226807 0.011281
v 0.060183 0.222779 0.011971
v 0.063729 0.218135 0.012676
v 0.067534 0.212482 0.013433
v 0.071447 0.205611 0.014212
v 0.075260 0.197348 0.014970
v 0.078765 0.187515 0.015667
v 0.081755 0.175937 0.016262
v 0.084020 0.162576 0.016713
v 0.085360 0.148246 0.016979
v 0.085711 0.133975 0.017049
v 0.085111 0.120104 0.016930
v 0.083605 0.106852 0.016630
v 0.081243 0.094438 0.016160
v 0.078073 0.083081 0.015530
v 0.074203 0.072992 0.014760
v 0.070111 0.064285 0.013946
v 0.066222 0.056843 0.013172
v 0.062556 0.050461 0.012443
v 0.059070 0.044927 0.011750
v 0.055718 0.040029 0.011083
v 0.052456 0.035556 0.010434
v 0.048895 0.031140 0.009726
v 0.044025 0.025840 0.008757
vn -0.9509 0.3095 -0.0000
vn -0.9327 0.3094 0.1855
vn -0.9484 0.2550 0.1886
vn -0.9669 0.2551 -0.0000
vn -0.8785 0.3095 0.3639
vn -0.8933 0.2551 0.3700
vn -0.9124 0.1575 0.3779
vn -0.9686 0.1574 0.1927
vn -0.9875 0.1575 -0.0000
vn -0.9768 0.0901 0.1943
vn -0.9959 0.0901 -0.0000
vn -0.9201 0.0901 0.3811
vn -0.9225 0.0542 0.3821
vn -0.9793 0.0542 0.1948
vn -0.9985 0.0542 -0.0000
vn -0.9802 0.0340 0.1950
vn -0.9994 0.0340 -0.0000
vn -0.9233 0.0340 0.3825
vn -0.9238 0.0165 0.3826
vn -0.9807 0.0165 0.1951
vn -0.9999 0.0165 -0.0000
vn -0.9808 0.0001 0.1951
vn -1.0000 0.0001 -0.0000
vn -0.9239 0.0001 0.3827
vn -0.9238 -0.0162 0.3826
vn -0.9807 -0.0162 0.1951
vn -0.9999 -0.0162 -0.0000
vn -0.9802 -0.0333 0.1950
vn -0.9994 -0.0334 -0.0000
vn -0.9234 -0.0334 0.3825
vn -0.9226 -0.0522 0.3822
vn -0.9794 -0.0522 0.1948
vn -0.9986 -0.0522 -0.0000
vn -0.9781 -0.0739 0.1946
vn -0.9973 -0.0739 -0.0000
vn -0.9214 -0.0739 0.3816
vn -0.9193 -0.0999 0.3808
vn -0.9759 -0.0998 0.1941
vn -0.9950 -0.0999 -0.0000
vn -0.9722 -0.1324 0.1934
vn -0.9912 -0.1324 -0.0000
vn -0.9157 -0.1324 0.3793
vn -0.9096 -0.1752 0.3768
vn -0.9656 -0.1751 0.1921
vn -0.9845 -0.1752 -0.0000
vn -0.9544 -0.2303 0.1898
vn -0.9731 -0.2304 -0.0000
vn -0.8990 -0.2304 0.3724
vn -0.8824 -0.2961 0.3655
vn -0.9368 -0.2960 0.1863
vn -0.9552 -0.2961 -0.0000
vn -0.9130 -0.3653 0.1816
vn -0.9309 -0.3653 -0.0000
vn -0.8600 -0.3653 0.3562
vn -0.8352 -0.4276 0.3459
vn -0.8866 -0.4275 0.1764
vn -0.9040 -0.4276 -0.0000
vn -0.8586 -0.4834 0.1708
vn -0.8754 -0.4834 -0.0000
vn -0.8087 -0.4834 0.3350
vn -0.7789 -0.5378 0.3226
vn -0.8269 -0.5377 0.1645
vn -0.8431 -0.5378 -0.0000
vn -0.7921 -0.5898 0.1576
vn -0.8075 -0.5899 -0.0000
vn -0.7460 -0.5898 0.3090
vn -0.7106 -0.6390 0.2944
vn -0.7545 -0.6389 0.1501
vn -0.7692 -0.6390 -0.0000
vn -0.7148 -0.6847 0.1422
vn -0.7287 -0.6848 -0.0000
vn -0.6733 -0.6848 0.2789
vn -0.6345 -0.7268 0.2628
vn -0.6737 -0.7267 0.1340
vn -0.6868 -0.7268 -0.0000
vn -0.6318 -0.7649 0.1257
vn -0.6441 -0.7650 -0.0000
vn -0.5950 -0.7650 0.2465
vn -0.5554 -0.7992 0.2300
vn -0.5897 -0.7991 0.1173
vn -0.6011 -0.7992 -0.0000
vn -0.5479 -0.8294 0.1090
vn -0.5585 -0.8295 -0.0000
vn -0.5160 -0.8295 0.2137
vn -0.4773 -0.8562 0.1977
vn -0.5068 -0.8561 0.1008
vn -0.5167 -0.8562 -0.0000
vn -0.4757 -0.8745 0.0946
vn -0.4849 -0.8745 -0.0000
vn -0.4480 -0.8745 0.1856
vn -0.4348 -0.8823 0.1801
vn -0.4617 -0.8823 0.0918
vn -0.4707 -0.8823 -0.0000
vn -0.4637 -0.8812 0.0922
vn -0.4727 -0.8812 -0.0000
vn -0.4367 -0.8812 0.1809
vn -0.4530 -0.8715 0.1876
vn -0.4810 -0.8715 0.0957
vn -0.4903 -0.8715 -0.0000
vn -0.5048 -0.8574 0.1004
vn -0.5146 -0.8574 -0.0000
vn -0.4754 -0.8574 0.1969
vn -0.4975 -0.8426 0.2061
vn -0.5282 -0.8426 0.1051
vn -0.5385 -0.8426 -0.0000
vn -0.5514 -0.8270 0.1097
vn -0.5622 -0.8270 -0.0000
vn -0.5194 -0.8270 0.2151
vn -0.5412 -0.8105 0.2242
vn -0.5745 -0.8105 0.1143
vn -0.5857 -0.8105 -0.0000
vn -0.5976 -0.7929 0.1189
vn -0.6093 -0.7930 -0.0000
vn -0.5629 -0.7930 0.2332
vn -0.5847 -0.7742 0.2422
vn -0.6208 -0.7742 0.1235
vn -0.6329 -0.7742 -0.0000
vn -0.6441 -0.7542 0.1281
vn -0.6566 -0.7542 -0.0000
vn -0.6066 -0.7542 0.2513
vn -0.6287 -0.7327 0.2604
vn -0.6675 -0.7327 0.1328
vn -0.6805 -0.7327 -0.0000
vn -0.6911 -0.7096 0.1375
vn -0.7046 -0.7097 -0.0000
vn -0.6509 -0.7097 0.2696
vn -0.7372 -0.6596 0.1466
vn -0.7516 -0.6596 -0.0000
vn -0.6944 -0.6596 0.2876
vn -0.7126 -0.6365 0.2952
vn -0.7565 -0.6364 0.1505
vn -0.7713 -0.6365 -0.0000
vn -0.7742 -0.6140 0.1540
vn -0.7893 -0.6140 -0.0000
vn -0.7292 -0.6140 0.3020
vn -0.7452 -0.5912 0.3087
vn -0.7911 -0.5911 0.1574
vn -0.8066 -0.5912 -0.0000
vn -0.8088 -0.5657 0.1609
vn -0.8246 -0.5658 -0.0000
vn -0.7618 -0.5658 0.3155
vn -0.7801 -0.5358 0.3231
vn -0.8282 -0.5357 0.1647
vn -0.8443 -0.5358 -0.0000
vn -0.8483 -0.5019 0.1687
vn -0.8649 -0.5020 -0.0000
vn -0.7991 -0.5020 0.3310
vn -0.8179 -0.4650 0.3388
vn -0.8683 -0.4649 0.1727
vn -0.8853 -0.4650 -0.0000
vn -0.8876 -0.4254 0.1766
vn -0.9050 -0.4255 -0.0000
vn -0.8361 -0.4255 0.3463
vn -0.8530 -0.3841 0.3533
vn -0.9056 -0.3841 0.1801
vn -0.9233 -0.3841 -0.0000
vn -0.9218 -0.3415 0.1834
vn -0.9399 -0.3415 -0.0000
vn -0.8683 -0.3415 0.3597
vn -0.8818 -0.2982 0.3653
vn -0.9362 -0.2982 0.1862
vn -0.9545 -0.2982 -0.0000
vn -0.9484 -0.2547 0.1887
vn -0.9670 -0.2547 -0.0000
vn -0.8934 -0.2547 0.3701
vn -0.9030 -0.2115 0.3740
vn -0.9586 -0.2115 0.1907
vn -0.9774 -0.2115 -0.0000
vn -0.9664 -0.1704 0.1922
vn -0.9854 -0.1704 -0.0000
vn -0.9104 -0.1704 0.3771
vn -0.9158 -0.1316 0.3794
vn -0.9723 -0.1316 0.1934
vn -0.9913 -0.1316 -0.0000
vn -0.9764 -0.0948 0.1942
vn -0.9955 -0.0948 -0.0000
vn -0.9197 -0.0948 0.3810
vn -0.9222 -0.0597 0.3820
vn -0.9790 -0.0596 0.1947
vn -0.9982 -0.0597 -0.0000
vn -0.9805 -0.0250 0.1950
vn -0.9997 -0.0250 -0.0000
vn -0.9236 -0.0250 0.3826
vn -0.9238 0.0095 0.3827
vn -0.9807 0.0095 0.1951
vn -1.0000 0.0095 -0.0000
vn -0.9798 0.0442 0.1949
vn -0.9990 0.0442 -0.0000
vn -0.9230 0.0442 0.3823
vn -0.9210 0.0792 0.3815
vn -0.9777 0.0792 0.1945
vn -0.9969 0.0792 -0.0000
vn -0.9743 0.1150 0.1938
vn -0.9934 0.1150 -0.0000
vn -0.9177 0.1150 0.3801
vn -0.9132 0.1519 0.3782
vn -0.9694 0.1519 0.1928
vn -0.9884 0.1519 -0.0000
vn -0.9629 0.1903 0.1915
vn -0.9817 0.1903 -0.0000
vn -0.9070 0.1903 0.3757
vn -0.8990 0.2307 0.3724
vn -0.9543 0.2307 0.1898
vn -0.9730 0.2307 -0.0000
vn -0.9434 0.2735 0.1877
vn -0.9619 0.2735 -0.0000
vn -0.8886 0.2735 0.3681
vn -0.8755 0.3194 0.3626
vn -0.9294 0.3194 0.1849
vn -0.9476 0.3194 -0.0000
vn -0.9136 0.3638 0.1817
vn -0.9314 0.3639 -0.0000
vn -0.8605 0.3639 0.3564
vn -0.8461 0.4017 0.3505
vn -0.8982 0.4016 0.1787
vn -0.9158 0.4017 -0.0000
vn -0.8845 0.4320 0.1759
vn -0.9018 0.4321 -0.0000
vn -0.8332 0.4321 0.3451
vn -0.8234 0.4535 0.3411
vn -0.8742 0.4534 0.1739
vn -0.8913 0.4535 -0.0000
vn -0.8656 0.4702 0.1722
vn -0.8825 0.4702 -0.0000
vn -0.8154 0.4702 0.3377
vn -0.8066 0.4876 0.3341
vn -0.8563 0.4875 0.1703
vn -0.8731 0.4876 -0.0000
vn -0.8464 0.5052 0.1684
vn -0.8630 0.5053 -0.0000
vn -0.7973 0.5053 0.3302
vn -0.7875 0.5230 0.3262
vn -0.8360 0.5229 0.1663
vn -0.8523 0.5230 -0.0000
vn -0.8253 0.5403 0.1642
vn -0.8414 0.5403 -0.0000
vn -0.7774 0.5403 0.3220
vn -0.7674 0.5569 0.3179
vn -0.8147 0.5568 0.1620
vn -0.8306 0.5569 -0.0000
vn -0.8045 0.5721 0.1600
vn -0.8202 0.5721 -0.0000
vn -0.7577 0.5721 0.3139
vn -0.7489 0.5855 0.3102
vn -0.7951 0.5855 0.1582
vn -0.8107 0.5855 -0.0000
vn -0.7872 0.5965 0.1566
vn -0.8026 0.5966 -0.0000
vn -0.7415 0.5966 0.3071
vn -0.7357 0.6049 0.3047
vn -0.7811 0.6048 0.1554
vn -0.7963 0.6049 -0.0000
vn -0.7600 0.6321 0.1512
vn -0.7749 0.6321 -0.0000
vn -0.7159 0.6321 0.2965
vn -0.6704 0.6881 0.2777
vn -0.7117 0.6881 0.1416
vn -0.7256 0.6881 -0.0000
vn -0.7156 0.6839 0.1423
vn -0.7295 0.6840 -0.0000
vn -0.6740 0.6840 0.2792
vn -0.8203 0.4600 0.3398
vn -0.8710 0.4598 0.1732
vn -0.8879 0.4600 -0.0000
vn -0.9426 0.2762 0.1875
vn -0.9611 0.2762 -0.0000
vn -0.8879 0.2762 0.3678
vn -0.7907 0.3094 0.5283
vn -0.8040 0.2550 0.5372
vn -0.6724 0.3095 0.6724
vn -0.6837 0.2551 0.6837
vn -0.6983 0.1575 0.6983
vn -0.8211 0.1574 0.5486
vn -0.8281 0.0901 0.5533
vn -0.7042 0.0901 0.7042
vn -0.7061 0.0542 0.7061
vn -0.8302 0.0542 0.5548
vn -0.8310 0.0340 0.5552
vn -0.7067 0.0340 0.7067
vn -0.7070 0.0165 0.7070
vn -0.8314 0.0165 0.5555
vn -0.8315 0.0001 0.5556
vn -0.7071 0.0001 0.7071
vn -0.7070 -0.0162 0.7070
vn -0.8314 -0.0162 0.5555
vn -0.8310 -0.0333 0.5553
vn -0.7067 -0.0334 0.7067
vn -0.7061 -0.0522 0.7061
vn -0.8303 -0.0522 0.5548
vn -0.8292 -0.0739 0.5541
vn -0.7052 -0.0739 0.7052
vn -0.7036 -0.0999 0.7036
vn -0.8273 -0.0998 0.5528
vn -0.8242 -0.1324 0.5507
vn -0.7009 -0.1324 0.7009
vn -0.6962 -0.1752 0.6962
vn -0.8186 -0.1751 0.5470
vn -0.8091 -0.2303 0.5406
vn -0.6881 -0.2304 0.6881
vn -0.6754 -0.2961 0.6754
vn -0.7942 -0.2960 0.5307
vn -0.7740 -0.3653 0.5172
vn -0.6582 -0.3653 0.6582
vn -0.6392 -0.4276 0.6392
vn -0.7516 -0.4275 0.5022
vn -0.7279 -0.4834 0.4864
vn -0.6190 -0.4834 0.6190
vn -0.5962 -0.5378 0.5962
vn -0.7011 -0.5377 0.4684
vn -0.6715 -0.5898 0.4487
vn -0.5710 -0.5898 0.5710
vn -0.5439 -0.6390 0.5439
vn -0.6396 -0.6389 0.4274
vn -0.6060 -0.6847 0.4049
vn -0.5153 -0.6848 0.5153
vn -0.4857 -0.7268 0.4857
vn -0.5711 -0.7267 0.3816
vn -0.5356 -0.7649 0.3579
vn -0.4554 -0.7650 0.4554
vn -0.4251 -0.7992 0.4251
vn -0.4999 -0.7991 0.3340
vn -0.4645 -0.8294 0.3103
vn -0.3949 -0.8295 0.3949
vn -0.3653 -0.8562 0.3653
vn -0.4297 -0.8561 0.2871
vn -0.4033 -0.8745 0.2695
vn -0.3429 -0.8745 0.3429
vn -0.3328 -0.8823 0.3328
vn -0.3914 -0.8823 0.2615
vn -0.3931 -0.8812 0.2627
vn -0.3343 -0.8812 0.3343
vn -0.3467 -0.8715 0.3467
vn -0.4077 -0.8715 0.2724
vn -0.4279 -0.8574 0.2859
vn -0.3639 -0.8574 0.3639
vn -0.3808 -0.8426 0.3808
vn -0.4478 -0.8426 0.2992
vn -0.4675 -0.8270 0.3124
vn -0.3975 -0.8270 0.3975
vn -0.4142 -0.8105 0.4142
vn -0.4871 -0.8105 0.3255
vn -0.5067 -0.7929 0.3385
vn -0.4308 -0.7930 0.4308
vn -0.4475 -0.7742 0.4475
vn -0.5263 -0.7742 0.3517
vn -0.5460 -0.7542 0.3648
vn -0.4643 -0.7542 0.4643
vn -0.4812 -0.7327 0.4812
vn -0.5659 -0.7327 0.3781
vn -0.5859 -0.7096 0.3915
vn -0.4982 -0.7097 0.4982
vn -0.6250 -0.6596 0.4176
vn -0.5315 -0.6596 0.5315
vn -0.5454 -0.6365 0.5454
vn -0.6413 -0.6364 0.4285
vn -0.6563 -0.6140 0.4385
vn -0.5581 -0.6140 0.5581
vn -0.5703 -0.5912 0.5703
vn -0.6707 -0.5911 0.4481
vn -0.6856 -0.5657 0.4581
vn -0.5830 -0.5658 0.5830
vn -0.5970 -0.5358 0.5970
vn -0.7021 -0.5357 0.4691
vn -0.7192 -0.5019 0.4805
vn -0.6116 -0.5020 0.6116
vn -0.6260 -0.4650 0.6260
vn -0.7361 -0.4649 0.4919
vn -0.7525 -0.4254 0.5028
vn -0.6399 -0.4255 0.6399
vn -0.6529 -0.3841 0.6529
vn -0.7677 -0.3841 0.5130
vn -0.7815 -0.3415 0.5222
vn -0.6646 -0.3415 0.6646
vn -0.6749 -0.2982 0.6749
vn -0.7937 -0.2982 0.5303
vn -0.8041 -0.2547 0.5372
vn -0.6838 -0.2547 0.6838
vn -0.6911 -0.2115 0.6911
vn -0.8127 -0.2115 0.5430
vn -0.8193 -0.1704 0.5474
vn -0.6968 -0.1704 0.6968
vn -0.7010 -0.1316 0.7010
vn -0.8242 -0.1316 0.5507
vn -0.8277 -0.0948 0.5531
vn -0.7039 -0.0948 0.7039
vn -0.7058 -0.0597 0.7058
vn -0.8300 -0.0596 0.5546
vn -0.8312 -0.0250 0.5554
vn -0.7069 -0.0250 0.7069
vn -0.7071 0.0095 0.7071
vn -0.8314 0.0095 0.5555
vn -0.8307 0.0442 0.5550
vn -0.7064 0.0442 0.7064
vn -0.7049 0.0792 0.7049
vn -0.8289 0.0792 0.5538
vn -0.8260 0.1150 0.5519
vn -0.7024 0.1150 0.7024
vn -0.6989 0.1519 0.6989
vn -0.8218 0.1519 0.5491
vn -0.8163 0.1903 0.5454
vn -0.6942 0.1903 0.6942
vn -0.6880 0.2307 0.6880
vn -0.8091 0.2307 0.5406
vn -0.7998 0.2735 0.5344
vn -0.6801 0.2735 0.6801
vn -0.6701 0.3194 0.6701
vn -0.7879 0.3194 0.5265
vn -0.7745 0.3638 0.5175
vn -0.6586 0.3639 0.6586
vn -0.6476 0.4017 0.6476
vn -0.7615 0.4016 0.5088
vn -0.7499 0.4320 0.5011
vn -0.6377 0.4321 0.6377
vn -0.6302 0.4535 0.6302
vn -0.7411 0.4534 0.4952
vn -0.7338 0.4702 0.4903
vn -0.6241 0.4702 0.6241
vn -0.6174 0.4876 0.6174
vn -0.7260 0.4875 0.4851
vn -0.7176 0.5052 0.4795
vn -0.6102 0.5053 0.6102
vn -0.6027 0.5230 0.6027
vn -0.7087 0.5229 0.4736
vn -0.6997 0.5403 0.4675
vn -0.5950 0.5403 0.5950
vn -0.5873 0.5569 0.5873
vn -0.6906 0.5568 0.4615
vn -0.6820 0.5721 0.4557
vn -0.5799 0.5721 0.5799
vn -0.5732 0.5855 0.5732
vn -0.6741 0.5855 0.4504
vn -0.6673 0.5965 0.4459
vn -0.5675 0.5966 0.5675
vn -0.5631 0.6049 0.5631
vn -0.6622 0.6048 0.4424
vn -0.6443 0.6321 0.4305
vn -0.5479 0.6321 0.5479
vn -0.5131 0.6881 0.5131
vn -0.6033 0.6881 0.4031
vn -0.6067 0.6839 0.4054
vn -0.5158 0.6840 0.5158
vn -0.6279 0.4600 0.6279
vn -0.7384 0.4598 0.4934
vn -0.7991 0.2762 0.5340
vn -0.6796 0.2762 0.6796
vn -0.5283 0.3094 0.7907
vn -0.5372 0.2550 0.8040
vn -0.3639 0.3095 0.8785
vn -0.3700 0.2551 0.8933
vn -0.3779 0.1575 0.9124
vn -0.5486 0.1574 0.8211
vn -0.5533 0.0901 0.8281
vn -0.3811 0.0901 0.9201
vn -0.3821 0.0542 0.9225
vn -0.5548 0.0542 0.8302
vn -0.5552 0.0340 0.8310
vn -0.3825 0.0340 0.9233
vn -0.3826 0.0165 0.9238
vn -0.5555 0.0165 0.8314
vn -0.5556 0.0001 0.8315
vn -0.3827 0.0001 0.9239
vn -0.3826 -0.0162 0.9238
vn -0.5555 -0.0162 0.8314
vn -0.5553 -0.0333 0.8310
vn -0.3825 -0.0334 0.9234
vn -0.3822 -0.0522 0.9226
vn -0.5548 -0.0522 0.8303
vn -0.5541 -0.0739 0.8292
vn -0.3816 -0.0739 0.9214
vn -0.3808 -0.0999 0.9193
vn -0.5528 -0.0998 0.8273
vn -0.5507 -0.1324 0.8242
vn -0.3793 -0.1324 0.9157
vn -0.3768 -0.1752 0.9096
vn -0.5470 -0.1751 0.8186
vn -0.5406 -0.2303 0.8091
vn -0.3724 -0.2304 0.8990
vn -0.3655 -0.2961 0.8824
vn -0.5307 -0.2960 0.7942
vn -0.5172 -0.3653 0.7740
vn -0.3562 -0.3653 0.8600
vn -0.3459 -0.4276 0.8351
vn -0.5022 -0.4275 0.7516
vn -0.4864 -0.4834 0.7279
vn -0.3350 -0.4834 0.8087
vn -0.3226 -0.5378 0.7789
vn -0.4684 -0.5377 0.7011
vn -0.4487 -0.5898 0.6715
vn -0.3090 -0.5898 0.7460
vn -0.2944 -0.6390 0.7106
vn -0.4274 -0.6389 0.6396
vn -0.4049 -0.6847 0.6060
vn -0.2789 -0.6848 0.6733
vn -0.2628 -0.7268 0.6345
vn -0.3816 -0.7267 0.5711
vn -0.3579 -0.7649 0.5356
vn -0.2465 -0.7650 0.5950
vn -0.2300 -0.7992 0.5554
vn -0.3340 -0.7991 0.4999
vn -0.3103 -0.8294 0.4645
vn -0.2137 -0.8295 0.5160
vn -0.1977 -0.8562 0.4773
vn -0.2871 -0.8561 0.4297
vn -0.2695 -0.8745 0.4033
vn -0.1856 -0.8745 0.4480
vn -0.1801 -0.8823 0.4348
vn -0.2615 -0.8823 0.3914
vn -0.2627 -0.8812 0.3931
vn -0.1809 -0.8812 0.4367
vn -0.1876 -0.8715 0.4530
vn -0.2724 -0.8715 0.4077
vn -0.2859 -0.8574 0.4279
vn -0.1969 -0.8574 0.4754
vn -0.2061 -0.8426 0.4975
vn -0.2992 -0.8426 0.4478
vn -0.3124 -0.8270 0.4675
vn -0.2151 -0.8270 0.5194
vn -0.2242 -0.8105 0.5412
vn -0.3255 -0.8105 0.4871
vn -0.3385 -0.7929 0.5067
vn -0.2332 -0.7929 0.5629
vn -0.2422 -0.7742 0.5847
vn -0.3517 -0.7742 0.5263
vn -0.3648 -0.7542 0.5460
vn -0.2513 -0.7542 0.6066
vn -0.2604 -0.7327 0.6287
vn -0.3781 -0.7327 0.5659
vn -0.3915 -0.7096 0.5859
vn -0.2696 -0.7097 0.6509
vn -0.4176 -0.6596 0.6250
vn -0.2876 -0.6596 0.6944
vn -0.2952 -0.6365 0.7126
vn -0.4285 -0.6364 0.6413
vn -0.4385 -0.6140 0.6563
vn -0.3020 -0.6140 0.7292
vn -0.3087 -0.5912 0.7452
vn -0.4481 -0.5911 0.6707
vn -0.4581 -0.5657 0.6856
vn -0.3155 -0.5658 0.7618
vn -0.3231 -0.5358 0.7801
vn -0.4691 -0.5357 0.7021
vn -0.4805 -0.5019 0.7192
vn -0.3310 -0.5020 0.7991
vn -0.3388 -0.4650 0.8179
vn -0.4919 -0.4649 0.7361
vn -0.5028 -0.4254 0.7525
vn -0.3463 -0.4255 0.8361
vn -0.3533 -0.3841 0.8530
vn -0.5130 -0.3841 0.7677
vn -0.5222 -0.3415 0.7815
vn -0.3597 -0.3415 0.8683
vn -0.3653 -0.2982 0.8818
vn -0.5303 -0.2982 0.7937
vn -0.5372 -0.2547 0.8041
vn -0.3701 -0.2547 0.8934
vn -0.3740 -0.2115 0.9030
vn -0.5430 -0.2115 0.8127
vn -0.5474 -0.1704 0.8193
vn -0.3771 -0.1704 0.9104
vn -0.3794 -0.1316 0.9158
vn -0.5507 -0.1316 0.8242
vn -0.5531 -0.0948 0.8277
vn -0.3810 -0.0948 0.9197
vn -0.3820 -0.0597 0.9222
vn -0.5546 -0.0596 0.8300
vn -0.5554 -0.0250 0.8312
vn -0.3826 -0.0250 0.9236
vn -0.3827 0.0095 0.9238
vn -0.5555 0.0095 0.8314
vn -0.5550 0.0442 0.8307
vn -0.3823 0.0442 0.9230
vn -0.3815 0.0792 0.9210
vn -0.5538 0.0792 0.8289
vn -0.5519 0.1150 0.8260
vn -0.3801 0.1150 0.9177
vn -0.3782 0.1519 0.9132
vn -0.5491 0.1519 0.8218
vn -0.5454 0.1903 0.8163
vn -0.3757 0.1903 0.9070
vn -0.3724 0.2307 0.8990
vn -0.5406 0.2307 0.8091
vn -0.5344 0.2735 0.7998
vn -0.3681 0.2735 0.8886
vn -0.3626 0.3194 0.8755
vn -0.5265 0.3194 0.7879
vn -0.5175 0.3638 0.7745
vn -0.3564 0.3639 0.8605
vn -0.3505 0.4017 0.8461
vn -0.5088 0.4016 0.7615
vn -0.5011 0.4320 0.7499
vn -0.3451 0.4321 0.8332
vn -0.3411 0.4535 0.8234
vn -0.4952 0.4534 0.7411
vn -0.4903 0.4702 0.7338
vn -0.3377 0.4702 0.8154
vn -0.3341 0.4876 0.8066
vn -0.4851 0.4875 0.7260
vn -0.4795 0.5052 0.7176
vn -0.3302 0.5053 0.7973
vn -0.3262 0.5230 0.7875
vn -0.4736 0.5229 0.7087
vn -0.4675 0.5403 0.6997
vn -0.3220 0.5403 0.7774
vn -0.3179 0.5569 0.7674
vn -0.4615 0.5568 0.6906
vn -0.4557 0.5721 0.6820
vn -0.3139 0.5721 0.7577
vn -0.3102 0.5855 0.7489
vn -0.4504 0.5855 0.6741
vn -0.4459 0.5965 0.6673
vn -0.3071 0.5966 0.7415
vn -0.3047 0.6049 0.7357
vn -0.4424 0.6048 0.6622
vn -0.4305 0.6321 0.6443
vn -0.2965 0.6321 0.7159
vn -0.2777 0.6881 0.6704
vn -0.4031 0.6881 0.6033
vn -0.4054 0.6839 0.6067
vn -0.2792 0.6840 0.6740
vn -0.3398 0.4600 0.8203
vn -0.4934 0.4598 0.7384
vn -0.5340 0.2762 0.7991
vn -0.3678 0.2762 0.8879
vn -0.1855 0.3094 0.9327
vn -0.1886 0.2550 0.9484
vn -0.0000 0.3095 0.9509
vn -0.0000 0.2551 0.9669
vn -0.0000 0.1575 0.9875
vn -0.1927 0.1574 0.9686
vn -0.1943 0.0901 0.9768
vn -0.0000 0.0901 0.9959
vn -0.0000 0.0542 0.9985
vn -0.1948 0.0542 0.9793
vn -0.1950 0.0340 0.9802
vn -0.0000 0.0340 0.9994
vn -0.0000 0.0165 0.9999
vn -0.1951 0.0165 0.9807
vn -0.1951 0.0001 0.9808
vn -0.0000 0.0001 1.0000
vn -0.0000 -0.0162 0.9999
vn -0.1951 -0.0162 0.9807
vn -0.1950 -0.0333 0.9802
vn -0.0000 -0.0334 0.9994
vn -0.0000 -0.0522 0.9986
vn -0.1948 -0.0522 0.9794
vn -0.1946 -0.0739 0.9781
vn -0.0000 -0.0739 0.9973
vn -0.0000 -0.0999 0.9950
vn -0.1941 -0.0998 0.9759
vn -0.1934 -0.1324 0.9722
vn -0.0000 -0.1324 0.9912
vn -0.0000 -0.1752 0.9845
vn -0.1921 -0.1751 0.9656
vn -0.1898 -0.2303 0.9544
vn -0.0000 -0.2304 0.9731
vn -0.0000 -0.2961 0.9552
vn -0.1863 -0.2960 0.9368
vn -0.1816 -0.3653 0.9130
vn -0.0000 -0.3653 0.9309
vn -0.0000 -0.4276 0.9040
vn -0.1764 -0.4275 0.8866
vn -0.1708 -0.4834 0.8586
vn -0.0000 -0.4834 0.8754
vn -0.0000 -0.5378 0.8431
vn -0.1645 -0.5377 0.8269
vn -0.1576 -0.5898 0.7921
vn -0.0000 -0.5898 0.8075
vn -0.0000 -0.6390 0.7692
vn -0.1501 -0.6389 0.7545
vn -0.1422 -0.6847 0.7148
vn -0.0000 -0.6848 0.7287
vn -0.0000 -0.7268 0.6868
vn -0.1340 -0.7267 0.6737
vn -0.1257 -0.7649 0.6318
vn -0.0000 -0.7650 0.6441
vn -0.0000 -0.7992 0.6011
vn -0.1173 -0.7991 0.5897
vn -0.1090 -0.8294 0.5479
vn -0.0000 -0.8295 0.5585
vn -0.0000 -0.8562 0.5167
vn -0.1008 -0.8561 0.5068
vn -0.0946 -0.8745 0.4757
vn -0.0000 -0.8745 0.4850
vn -0.0000 -0.8823 0.4707
vn -0.0918 -0.8823 0.4617
vn -0.0922 -0.8812 0.4637
vn -0.0000 -0.8812 0.4727
vn -0.0000 -0.8715 0.4903
vn -0.0957 -0.8715 0.4810
vn -0.1004 -0.8574 0.5048
vn -0.0000 -0.8574 0.5146
vn -0.0000 -0.8426 0.5385
vn -0.1051 -0.8426 0.5282
vn -0.1097 -0.8270 0.5514
vn -0.0000 -0.8270 0.5622
vn -0.0000 -0.8105 0.5857
vn -0.1143 -0.8105 0.5745
vn -0.1189 -0.7929 0.5976
vn -0.0000 -0.7929 0.6093
vn -0.0000 -0.7742 0.6329
vn -0.1235 -0.7742 0.6208
vn -0.1281 -0.7542 0.6441
vn -0.0000 -0.7542 0.6566
vn -0.0000 -0.7327 0.6805
vn -0.1328 -0.7327 0.6675
vn -0.1375 -0.7096 0.6911
vn -0.0000 -0.7097 0.7046
vn -0.1466 -0.6596 0.7372
vn -0.0000 -0.6596 0.7516
vn -0.0000 -0.6365 0.7713
vn -0.1505 -0.6364 0.7565
vn -0.1540 -0.6140 0.7742
vn -0.0000 -0.6140 0.7893
vn -0.0000 -0.5912 0.8066
vn -0.1574 -0.5911 0.7911
vn -0.1609 -0.5657 0.8088
vn -0.0000 -0.5658 0.8246
vn -0.0000 -0.5358 0.8443
vn -0.1647 -0.5357 0.8282
vn -0.1687 -0.5019 0.8483
vn -0.0000 -0.5020 0.8649
vn -0.0000 -0.4650 0.8853
vn -0.1727 -0.4649 0.8683
vn -0.1766 -0.4254 0.8876
vn -0.0000 -0.4255 0.9050
vn -0.0000 -0.3841 0.9233
vn -0.1801 -0.3841 0.9056
vn -0.1834 -0.3415 0.9218
vn -0.0000 -0.3415 0.9399
vn -0.0000 -0.2982 0.9545
vn -0.1862 -0.2982 0.9362
vn -0.1887 -0.2547 0.9484
vn -0.0000 -0.2547 0.9670
vn -0.0000 -0.2115 0.9774
vn -0.1907 -0.2115 0.9586
vn -0.1922 -0.1704 0.9664
vn -0.0000 -0.1704 0.9854
vn -0.0000 -0.1316 0.9913
vn -0.1934 -0.1316 0.9723
vn -0.1942 -0.0948 0.9764
vn -0.0000 -0.0948 0.9955
vn -0.0000 -0.0597 0.9982
vn -0.1947 -0.0596 0.9790
vn -0.1950 -0.0250 0.9805
vn -0.0000 -0.0250 0.9997
vn -0.0000 0.0095 1.0000
vn -0.1951 0.0095 0.9807
vn -0.1949 0.0442 0.9798
vn -0.0000 0.0442 0.9990
vn -0.0000 0.0792 0.9969
vn -0.1945 0.0792 0.9777
vn -0.1938 0.1150 0.9743
vn -0.0000 0.1150 0.9934
vn -0.0000 0.1519 0.9884
vn -0.1928 0.1519 0.9694
vn -0.1915 0.1903 0.9629
vn -0.0000 0.1903 0.9817
vn -0.0000 0.2307 0.9730
vn -0.1898 0.2307 0.9543
vn -0.1877 0.2735 0.9434
vn -0.0000 0.2735 0.9619
vn -0.0000 0.3194 0.9476
vn -0.1849 0.3194 0.9294
vn -0.1817 0.3638 0.9136
vn -0.0000 0.3639 0.9314
vn -0.0000 0.4017 0.9158
vn -0.1787 0.4016 0.8982
vn -0.1759 0.4320 0.8845
vn -0.0000 0.4321 0.9018
vn -0.0000 0.4535 0.8913
vn -0.1739 0.4534 0.8742
vn -0.1722 0.4702 0.8656
vn -0.0000 0.4702 0.8825
vn -0.0000 0.4876 0.8731
vn -0.1703 0.4875 0.8563
vn -0.1684 0.5052 0.8464
vn -0.0000 0.5053 0.8630
vn -0.0000 0.5230 0.8523
vn -0.1663 0.5229 0.8360
vn -0.1642 0.5403 0.8253
vn -0.0000 0.5403 0.8414
vn -0.0000 0.5569 0.8306
vn -0.1620 0.5568 0.8147
vn -0.1600 0.5721 0.8045
vn -0.0000 0.5721 0.8202
vn -0.0000 0.5855 0.8107
vn -0.1582 0.5855 0.7951
vn -0.1566 0.5965 0.7872
vn -0.0000 0.5966 0.8025
vn -0.0000 0.6049 0.7963
vn -0.1554 0.6048 0.7811
vn -0.1512 0.6321 0.7600
vn -0.0000 0.6321 0.7749
vn -0.0000 0.6881 0.7256
vn -0.1416 0.6881 0.7117
vn -0.1423 0.6839 0.7156
vn -0.0000 0.6840 0.7295
vn -0.0000 0.4600 0.8879
vn -0.1732 0.4598 0.8710
vn -0.1875 0.2762 0.9426
vn -0.0000 0.2762 0.9611
vn 0.1855 0.3094 0.9327
vn 0.1886 0.2550 0.9484
vn 0.3639 0.3095 0.8785
vn 0.3700 0.2551 0.8933
vn 0.3779 0.1575 0.9124
vn 0.1927 0.1574 0.9686
vn 0.1943 0.0901 0.9768
vn 0.3811 0.0901 0.9201
vn 0.3821 0.0542 0.9225
vn 0.1948 0.0542 0.9793
vn 0.1950 0.0340 0.9802
vn 0.3825 0.0340 0.9233
vn 0.3826 0.0165 0.9238
vn 0.1951 0.0165 0.9807
vn 0.1951 0.0001 0.9808
vn 0.3827 0.0001 0.9239
vn 0.3826 -0.0162 0.9238
vn 0.1951 -0.0162 0.9807
vn 0.1950 -0.0333 0.9802
vn 0.3825 -0.0334 0.9234
vn 0.3822 -0.0522 0.9226
vn 0.1948 -0.0522 0.9794
vn 0.1946 -0.0739 0.9781
vn 0.3816 -0.0739 0.9214
vn 0.3808 -0.0999 0.9193
vn 0.1941 -0.0998 0.9759
vn 0.1934 -0.1324 0.9722
vn 0.3793 -0.1324 0.9157
vn 0.3768 -0.1752 0.9096
vn 0.1921 -0.1751 0.9656
vn 0.1898 -0.2303 0.9544
vn 0.3724 -0.2304 0.8990
vn 0.3655 -0.2961 0.8824
vn 0.1863 -0.2960 0.9368
vn 0.1816 -0.3653 0.9130
vn 0.3562 -0.3653 0.8600
vn 0.3459 -0.4276 0.8351
vn 0.1764 -0.4275 0.8866
vn 0.1708 -0.4834 0.8586
vn 0.3350 -0.4834 0.8087
vn 0.3226 -0.5378 0.7789
vn 0.1645 -0.5377 0.8269
vn 0.1576 -0.5898 0.7921
vn 0.3090 -0.5898 0.7460
vn 0.2944 -0.6390 0.7106
vn 0.1501 -0.6389 0.7545
vn 0.1422 -0.6847 0.7148
vn 0.2789 -0.6848 0.6733
vn 0.2628 -0.7268 0.6345
vn 0.1340 -0.7267 0.6737
vn 0.1257 -0.7649 0.6318
vn 0.2465 -0.7650 0.5950
vn 0.2300 -0.7992 0.5554
vn 0.1173 -0.7991 0.5897
vn 0.1090 -0.8294 0.5479
vn 0.2137 -0.8295 0.5160
vn 0.1977 -0.8562 0.4773
vn 0.1008 -0.8561 0.5068
vn 0.0946 -0.8745 0.4757
vn 0.1856 -0.8745 0.4480
vn 0.1801 -0.8823 0.4348
vn 0.0918 -0.8823 0.4617
vn 0.0922 -0.8812 0.4637
vn 0.1809 -0.8812 0.4367
vn 0.1876 -0.8715 0.4530
vn 0.0957 -0.8715 0.4810
vn 0.1004 -0.8574 0.5048
vn 0.1969 -0.8574 0.4754
vn 0.2061 -0.8426 0.4975
vn 0.1051 -0.8426 0.5282
vn 0.1097 -0.8270 0.5514
vn 0.2151 -0.8270 0.5194
vn 0.2242 -0.8105 0.5412
vn 0.1143 -0.8105 0.5745
vn 0.1189 -0.7929 0.5976
vn 0.2332 -0.7929 0.5629
vn 0.2422 -0.7742 0.5847
vn 0.1235 -0.7742 0.6208
vn 0.1281 -0.7542 0.6441
vn 0.2513 -0.7542 0.6066
vn 0.2604 -0.7327 0.6287
vn 0.1328 -0.7327 0.6675
vn 0.1375 -0.7096 0.6911
vn 0.2696 -0.7097 0.6509
vn 0.1466 -0.6596 0.7372
vn 0.2876 -0.6596 0.6944
vn 0.2952 -0.6365 0.7126
vn 0.1505 -0.6364 0.7565
vn 0.1540 -0.6140 0.7742
vn 0.3020 -0.6140 0.7292
vn 0.3087 -0.5912 0.7452
vn 0.1574 -0.5911 0.7911
vn 0.1609 -0.5657 0.8088
vn 0.3155 -0.5658 0.7618
vn 0.3231 -0.5358 0.7801
vn 0.1647 -0.5357 0.8282
vn 0.1687 -0.5019 0.8483
vn 0.3310 -0.5020 0.7991
vn 0.3388 -0.4650 0.8179
vn 0.1727 -0.4649 0.8683
vn 0.1766 -0.4254 0.8876
vn 0.3463 -0.4255 0.8361
vn 0.3533 -0.3841 0.8530
vn 0.1801 -0.3841 0.9056
vn 0.1834 -0.3415 0.9218
vn 0.3597 -0.3415 0.8683
vn 0.3653 -0.2982 0.8818
vn 0.1862 -0.2982 0.9362
vn 0.1887 -0.2547 0.9484
vn 0.3701 -0.2547 0.8934
vn 0.3740 -0.2115 0.9030
vn 0.1907 -0.2115 0.9586
vn 0.1922 -0.1704 0.9664
vn 0.3771 -0.1704 0.9104
vn 0.3794 -0.1316 0.9158
vn 0.1934 -0.1316 0.9723
vn 0.1942 -0.0948 0.9764
vn 0.3810 -0.0948 0.9197
vn 0.3820 -0.0597 0.9222
vn 0.1947 -0.0596 0.9790
vn 0.1950 -0.0250 0.9805
vn 0.3826 -0.0250 0.9236
vn 0.3827 0.0095 0.9238
vn 0.1951 0.0095 0.9807
vn 0.1949 0.0442 0.9798
vn 0.3823 0.0442 0.9230
vn 0.3815 0.0792 0.9210
vn 0.1945 0.0792 0.9777
vn 0.1938 0.1150 0.9743
vn 0.3801 0.1150 0.9177
vn 0.3782 0.1519 0.9132
vn 0.1928 0.1519 0.9694
vn 0.1915 0.1903 0.9629
vn 0.3757 0.1903 0.9070
vn 0.3724 0.2307 0.8990
vn 0.1898 0.2307 0.9543
vn 0.1877 0.2735 0.9434
vn 0.3681 0.2735 0.8886
vn 0.3626 0.3194 0.8755
vn 0.1849 0.3194 0.9294
vn 0.1817 0.3638 0.9136
vn 0.3564 0.3639 0.8605
vn 0.3505 0.4017 0.8461
vn 0.1787 0.4016 0.8982
vn 0.1759 0.4320 0.8845
vn 0.3451 0.4321 0.8332
vn 0.3411 0.4535 0.8234
vn 0.1739 0.4534 0.8742
vn 0.1722 0.4702 0.8656
vn 0.3377 0.4702 0.8154
vn 0.3341 0.4876 0.8066
vn 0.1703 0.4875 0.8563
vn 0.1684 0.5052 0.8464
vn 0.3302 0.5053 0.7973
vn 0.3262 0.5230 0.7875
vn 0.1663 0.5229 0.8360
vn 0.1642 0.5403 0.8253
vn 0.3220 0.5403 0.7774
vn 0.3179 0.5569 0.7674
vn 0.1620 0.5568 0.8147
vn 0.1600 0.5721 0.8045
vn 0.3139 0.5721 0.7577
vn 0.3102 0.5855 0.7489
vn 0.1582 0.5855 0.7951
vn 0.1566 0.5965 0.7872
vn 0.3071 0.5966 0.7415
vn 0.3047 0.6049 0.7357
vn 0.1554 0.6048 0.7811
vn 0.1512 0.6321 0.7600
vn 0.2965 0.6321 0.7159
vn 0.2777 0.6881 0.6704
vn 0.1416 0.6881 0.7117
vn 0.1423 0.6839 0.7156
vn 0.2792 0.6840 0.6740
vn 0.3398 0.4600 0.8203
vn 0.1732 0.4598 0.8710
vn 0.1875 0.2762 0.9426
vn 0.3678 0.2762 0.8879
vn 0.5283 0.3094 0.7907
vn 0.5372 0.2550 0.8040
vn 0.6724 0.3095 0.6724
vn 0.6837 0.2551 0.6837
vn 0.6983 0.1575 0.6983
vn 0.5486 0.1574 0.8211
vn 0.5533 0.0901 0.8281
vn 0.7042 0.0901 0.7042
vn 0.7061 0.0542 0.7061
vn 0.5548 0.0542 0.8302
vn 0.5552 0.0340 0.8310
vn 0.7067 0.0340 0.7067
vn 0.7070 0.0165 0.7070
vn 0.5555 0.0165 0.8314
vn 0.5556 0.0001 0.8315
vn 0.7071 0.0001 0.7071
vn 0.7070 -0.0162 0.7070
vn 0.5555 -0.0162 0.8314
vn 0.5553 -0.0334 0.8310
vn 0.7067 -0.0334 0.7067
vn 0.7061 -0.0522 0.7061
vn 0.5548 -0.0522 0.8303
vn 0.5541 -0.0739 0.8292
vn 0.7052 -0.0739 0.7052
vn 0.7036 -0.0999 0.7036
vn 0.5528 -0.0998 0.8273
vn 0.5507 -0.1324 0.8242
vn 0.7009 -0.1324 0.7009
vn 0.6962 -0.1752 0.6962
vn 0.5470 -0.1751 0.8186
vn 0.5406 -0.2303 0.8091
vn 0.6881 -0.2304 0.6881
vn 0.6754 -0.2961 0.6754
vn 0.5307 -0.2960 0.7942
vn 0.5172 -0.3653 0.7740
vn 0.6582 -0.3653 0.6582
vn 0.6392 -0.4276 0.6392
vn 0.5022 -0.4275 0.7516
vn 0.4864 -0.4834 0.7279
vn 0.6190 -0.4834 0.6190
vn 0.5962 -0.5378 0.5962
vn 0.4684 -0.5377 0.7011
vn 0.4487 -0.5898 0.6715
vn 0.5710 -0.5898 0.5710
vn 0.5439 -0.6390 0.5439
vn 0.4274 -0.6389 0.6396
vn 0.4049 -0.6847 0.6060
vn 0.5153 -0.6848 0.5153
vn 0.4857 -0.7268 0.4857
vn 0.3816 -0.7267 0.5711
vn 0.3579 -0.7649 0.5356
vn 0.4554 -0.7650 0.4554
vn 0.4251 -0.7992 0.4251
vn 0.3340 -0.7991 0.4999
vn 0.3103 -0.8294 0.4645
vn 0.3949 -0.8295 0.3949
vn 0.3653 -0.8562 0.3653
vn 0.2871 -0.8561 0.4297
vn 0.2695 -0.8745 0.4033
vn 0.3429 -0.8745 0.3429
vn 0.3328 -0.8823 0.3328
vn 0.2615 -0.8823 0.3914
vn 0.2627 -0.8812 0.3931
vn 0.3343 -0.8812 0.3343
vn 0.3467 -0.8715 0.3467
vn 0.2724 -0.8715 0.4077
vn 0.2859 -0.8574 0.4279
vn 0.3639 -0.8574 0.3639
vn 0.3808 -0.8426 0.3808
vn 0.2992 -0.8426 0.4478
vn 0.3124 -0.8270 0.4675
vn 0.3975 -0.8270 0.3975
vn 0.4142 -0.8105 0.4142
vn 0.3255 -0.8105 0.4871
vn 0.3385 -0.7929 0.5067
vn 0.4308 -0.7929 0.4308
vn 0.4475 -0.7742 0.4475
vn 0.3517 -0.7742 0.5263
vn 0.3648 -0.7542 0.5460
vn 0.4643 -0.7542 0.4643
vn 0.4812 -0.7327 0.4812
vn 0.3781 -0.7327 0.5659
vn 0.3915 -0.7096 0.5859
vn 0.4982 -0.7097 0.4982
vn 0.4176 -0.6596 0.6250
vn 0.5315 -0.6596 0.5315
vn 0.5454 -0.6365 0.5454
vn 0.4285 -0.6364 0.6413
vn 0.4385 -0.6140 0.6563
vn 0.5581 -0.6140 0.5581
vn 0.5703 -0.5912 0.5703
vn 0.4481 -0.5911 0.6707
vn 0.4581 -0.5657 0.6856
vn 0.5830 -0.5658 0.5830
vn 0.5970 -0.5358 0.5970
vn 0.4691 -0.5357 0.7021
vn 0.4805 -0.5019 0.7192
vn 0.6116 -0.5020 0.6116
vn 0.6260 -0.4650 0.6260
vn 0.4919 -0.4649 0.7361
vn 0.5028 -0.4254 0.7525
vn 0.6399 -0.4255 0.6399
vn 0.6529 -0.3841 0.6529
vn 0.5130 -0.3841 0.7677
vn 0.5222 -0.3415 0.7815
vn 0.6646 -0.3415 0.6646
vn 0.6749 -0.2982 0.6749
vn 0.5303 -0.2982 0.7937
vn 0.5373 -0.2547 0.8041
vn 0.6838 -0.2547 0.6838
vn 0.6911 -0.2115 0.6911
vn 0.5430 -0.2115 0.8127
vn 0.5474 -0.1704 0.8193
vn 0.6968 -0.1704 0.6968
vn 0.7010 -0.1316 0.7010
vn 0.5507 -0.1316 0.8242
vn 0.5531 -0.0948 0.8277
vn 0.7039 -0.0948 0.7039
vn 0.7058 -0.0597 0.7058
vn 0.5546 -0.0596 0.8300
vn 0.5554 -0.0250 0.8312
vn 0.7069 -0.0250 0.7069
vn 0.7071 0.0095 0.7071
vn 0.5555 0.0095 0.8314
vn 0.5550 0.0442 0.8307
vn 0.7064 0.0442 0.7064
vn 0.7049 0.0792 0.7049
vn 0.5538 0.0792 0.8289
vn 0.5519 0.1150 0.8260
vn 0.7024 0.1150 0.7024
vn 0.6989 0.1519 0.6989
vn 0.5491 0.1519 0.8218
vn 0.5454 0.1903 0.8163
vn 0.6942 0.1903 0.6942
vn 0.6880 0.2307 0.6880
vn 0.5406 0.2307 0.8090
vn 0.5344 0.2735 0.7998
vn 0.6801 0.2735 0.6801
vn 0.6701 0.3194 0.6701
vn 0.5265 0.3194 0.7879
vn 0.5175 0.3638 0.7745
vn 0.6586 0.3639 0.6586
vn 0.6476 0.4017 0.6476
vn 0.5088 0.4016 0.7615
vn 0.5011 0.4320 0.7499
vn 0.6377 0.4321 0.6377
vn 0.6302 0.4535 0.6302
vn 0.4952 0.4534 0.7411
vn 0.4903 0.4702 0.7338
vn 0.6241 0.4702 0.6241
vn 0.6174 0.4876 0.6174
vn 0.4851 0.4875 0.7260
vn 0.4795 0.5052 0.7176
vn 0.6102 0.5053 0.6102
vn 0.6027 0.5230 0.6027
vn 0.4736 0.5229 0.7087
vn 0.4675 0.5403 0.6997
vn 0.5950 0.5403 0.5950
vn 0.5873 0.5569 0.5873
vn 0.4615 0.5568 0.6906
vn 0.4557 0.5721 0.6820
vn 0.5799 0.5721 0.5799
vn 0.5732 0.5855 0.5732
vn 0.4504 0.5855 0.6741
vn 0.4459 0.5965 0.6673
vn 0.5675 0.5966 0.5675
vn 0.5631 0.6049 0.5631
vn 0.4424 0.6048 0.6622
vn 0.4305 0.6321 0.6443
vn 0.5479 0.6321 0.5479
vn 0.5131 0.6881 0.5131
vn 0.4031 0.6881 0.6033
vn 0.4054 0.6839 0.6067
vn 0.5158 0.6840 0.5158
vn 0.6279 0.4600 0.6279
vn 0.4934 0.4598 0.7384
vn 0.5340 0.2762 0.7991
vn 0.6796 0.2762 0.6796
vn 0.7907 0.3094 0.5283
vn 0.8040 0.2550 0.5372
vn 0.8785 0.3095 0.3639
vn 0.8933 0.2551 0.3700
vn 0.9124 0.1575 0.3779
vn 0.8211 0.1574 0.5486
vn 0.8281 0.0901 0.5533
vn 0.9201 0.0901 0.3811
vn 0.9225 0.0542 0.3821
vn 0.8302 0.0542 0.5548
vn 0.8310 0.0340 0.5552
vn 0.9233 0.0340 0.3825
vn 0.9238 0.0165 0.3826
vn 0.8314 0.0165 0.5555
vn 0.8315 0.0001 0.5556
vn 0.9239 0.0001 0.3827
vn 0.9238 -0.0162 0.3826
vn 0.8314 -0.0162 0.5555
vn 0.8310 -0.0334 0.5553
vn 0.9234 -0.0334 0.3825
vn 0.9226 -0.0522 0.3822
vn 0.8303 -0.0522 0.5548
vn 0.8292 -0.0739 0.5541
vn 0.9214 -0.0739 0.3816
vn 0.9193 -0.0999 0.3808
vn 0.8273 -0.0998 0.5528
vn 0.8242 -0.1324 0.5507
vn 0.9157 -0.1324 0.3793
vn 0.9096 -0.1752 0.3768
vn 0.8186 -0.1751 0.5470
vn 0.8091 -0.2303 0.5406
vn 0.8990 -0.2304 0.3724
vn 0.8824 -0.2961 0.3655
vn 0.7942 -0.2961 0.5307
vn 0.7740 -0.3653 0.5172
vn 0.8600 -0.3653 0.3562
vn 0.8352 -0.4276 0.3459
vn 0.7516 -0.4275 0.5022
vn 0.7279 -0.4833 0.4864
vn 0.8087 -0.4834 0.3350
vn 0.7789 -0.5378 0.3226
vn 0.7011 -0.5377 0.4684
vn 0.6715 -0.5898 0.4487
vn 0.7460 -0.5898 0.3090
vn 0.7106 -0.6390 0.2944
vn 0.6396 -0.6389 0.4274
vn 0.6060 -0.6847 0.4049
vn 0.6733 -0.6848 0.2789
vn 0.6345 -0.7268 0.2628
vn 0.5711 -0.7267 0.3816
vn 0.5356 -0.7649 0.3579
vn 0.5950 -0.7650 0.2465
vn 0.5554 -0.7992 0.2300
vn 0.4999 -0.7991 0.3340
vn 0.4645 -0.8294 0.3103
vn 0.5160 -0.8295 0.2137
vn 0.4773 -0.8562 0.1977
vn 0.4297 -0.8561 0.2871
vn 0.4033 -0.8745 0.2695
vn 0.4480 -0.8745 0.1856
vn 0.4348 -0.8823 0.1801
vn 0.3914 -0.8823 0.2615
vn 0.3931 -0.8812 0.2627
vn 0.4367 -0.8812 0.1809
vn 0.4530 -0.8715 0.1876
vn 0.4077 -0.8715 0.2724
vn 0.4279 -0.8574 0.2859
vn 0.4754 -0.8574 0.1969
vn 0.4975 -0.8426 0.2061
vn 0.4478 -0.8426 0.2992
vn 0.4675 -0.8270 0.3124
vn 0.5194 -0.8270 0.2151
vn 0.5412 -0.8105 0.2242
vn 0.4871 -0.8105 0.3255
vn 0.5067 -0.7929 0.3385
vn 0.5629 -0.7929 0.2332
vn 0.5847 -0.7742 0.2422
vn 0.5263 -0.7742 0.3517
vn 0.5460 -0.7542 0.3648
vn 0.6066 -0.7542 0.2513
vn 0.6287 -0.7327 0.2604
vn 0.5659 -0.7327 0.3781
vn 0.5859 -0.7096 0.3915
vn 0.6509 -0.7097 0.2696
vn 0.6250 -0.6596 0.4176
vn 0.6944 -0.6596 0.2876
vn 0.7126 -0.6365 0.2952
vn 0.6413 -0.6364 0.4285
vn 0.6563 -0.6140 0.4385
vn 0.7292 -0.6140 0.3020
vn 0.7452 -0.5912 0.3087
vn 0.6707 -0.5911 0.4481
vn 0.6856 -0.5657 0.4581
vn 0.7618 -0.5658 0.3155
vn 0.7801 -0.5358 0.3231
vn 0.7021 -0.5357 0.4691
vn 0.7192 -0.5019 0.4805
vn 0.7991 -0.5020 0.3310
vn 0.8179 -0.4650 0.3388
vn 0.7361 -0.4649 0.4919
vn 0.7525 -0.4254 0.5028
vn 0.8361 -0.4255 0.3463
vn 0.8530 -0.3841 0.3533
vn 0.7677 -0.3841 0.5130
vn 0.7815 -0.3415 0.5222
vn 0.8683 -0.3415 0.3597
vn 0.8818 -0.2982 0.3653
vn 0.7937 -0.2982 0.5303
vn 0.8041 -0.2547 0.5372
vn 0.8934 -0.2547 0.3701
vn 0.9030 -0.2115 0.3740
vn 0.8127 -0.2115 0.5430
vn 0.8193 -0.1704 0.5474
vn 0.9104 -0.1704 0.3771
vn 0.9158 -0.1316 0.3794
vn 0.8242 -0.1316 0.5507
vn 0.8277 -0.0948 0.5531
vn 0.9197 -0.0948 0.3810
vn 0.9222 -0.0597 0.3820
vn 0.8300 -0.0596 0.5546
vn 0.8312 -0.0250 0.5554
vn 0.9236 -0.0250 0.3826
vn 0.9238 0.0095 0.3827
vn 0.8314 0.0095 0.5555
vn 0.8307 0.0442 0.5550
vn 0.9230 0.0442 0.3823
vn 0.9210 0.0792 0.3815
vn 0.8289 0.0792 0.5538
vn 0.8260 0.1150 0.5519
vn 0.9177 0.1150 0.3801
vn 0.9132 0.1519 0.3782
vn 0.8218 0.1519 0.5491
vn 0.8163 0.1903 0.5454
vn 0.9070 0.1903 0.3757
vn 0.8990 0.2307 0.3724
vn 0.8091 0.2307 0.5406
vn 0.7998 0.2735 0.5344
vn 0.8886 0.2735 0.3681
vn 0.8755 0.3194 0.3626
vn 0.7879 0.3194 0.5265
vn 0.7745 0.3638 0.5175
vn 0.8605 0.3639 0.3564
vn 0.8461 0.4017 0.3505
vn 0.7615 0.4016 0.5088
vn 0.7499 0.4320 0.5011
vn 0.8332 0.4321 0.3451
vn 0.8234 0.4535 0.3411
vn 0.7411 0.4534 0.4952
vn 0.7338 0.4702 0.4903
vn 0.8154 0.4702 0.3377
vn 0.8066 0.4876 0.3341
vn 0.7260 0.4875 0.4851
vn 0.7176 0.5052 0.4795
vn 0.7973 0.5053 0.3302
vn 0.7875 0.5230 0.3262
vn 0.7087 0.5229 0.4736
vn 0.6997 0.5403 0.4675
vn 0.7774 0.5403 0.3220
vn 0.7674 0.5569 0.3179
vn 0.6906 0.5568 0.4615
vn 0.6820 0.5721 0.4557
vn 0.7577 0.5721 0.3139
vn 0.7489 0.5855 0.3102
vn 0.6741 0.5855 0.4504
vn 0.6673 0.5965 0.4459
vn 0.7415 0.5966 0.3071
vn 0.7357 0.6049 0.3047
vn 0.6622 0.6048 0.4424
vn 0.6443 0.6321 0.4305
vn 0.7159 0.6321 0.2965
vn 0.6704 0.6881 0.2777
vn 0.6033 0.6881 0.4031
vn 0.6067 0.6839 0.4054
vn 0.6740 0.6840 0.2792
vn 0.8203 0.4600 0.3398
vn 0.7384 0.4598 0.4934
vn 0.7991 0.2762 0.5340
vn 0.8879 0.2762 0.3678
vn 0.9326 0.3094 0.1855
vn 0.9484 0.2550 0.1886
vn 0.9509 0.3095 -0.0000
vn 0.9669 0.2551 -0.0000
vn 0.9875 0.1575 -0.0000
vn 0.9686 0.1574 0.1927
vn 0.9768 0.0901 0.1943
vn 0.9959 0.0901 -0.0000
vn 0.9985 0.0542 -0.0000
vn 0.9793 0.0542 0.1948
vn 0.9802 0.0340 0.1950
vn 0.9994 0.0340 -0.0000
vn 0.9999 0.0165 -0.0000
vn 0.9807 0.0165 0.1951
vn 0.9808 0.0001 0.1951
vn 1.0000 0.0001 -0.0000
vn 0.9999 -0.0162 -0.0000
vn 0.9807 -0.0162 0.1951
vn 0.9802 -0.0333 0.1950
vn 0.9994 -0.0334 -0.0000
vn 0.9986 -0.0522 -0.0000
vn 0.9794 -0.0522 0.1948
vn 0.9781 -0.0739 0.1946
vn 0.9973 -0.0739 -0.0000
vn 0.9950 -0.0999 -0.0000
vn 0.9759 -0.0998 0.1941
vn 0.9722 -0.1324 0.1934
vn 0.9912 -0.1324 -0.0000
vn 0.9845 -0.1752 -0.0000
vn 0.9656 -0.1751 0.1921
vn 0.9544 -0.2303 0.1898
vn 0.9731 -0.2304 -0.0000
vn 0.9552 -0.2961 -0.0000
vn 0.9368 -0.2960 0.1863
vn 0.9130 -0.3653 0.1816
vn 0.9309 -0.3653 -0.0000
vn 0.9040 -0.4276 -0.0000
vn 0.8866 -0.4275 0.1764
vn 0.8586 -0.4834 0.1708
vn 0.8754 -0.4834 -0.0000
vn 0.8431 -0.5378 -0.0000
vn 0.8269 -0.5377 0.1645
vn 0.7921 -0.5898 0.1576
vn 0.8075 -0.5899 -0.0000
vn 0.7692 -0.6390 -0.0000
vn 0.7545 -0.6389 0.1501
vn 0.7148 -0.6847 0.1422
vn 0.7287 -0.6848 -0.0000
vn 0.6868 -0.7268 -0.0000
vn 0.6737 -0.7267 0.1340
vn 0.6318 -0.7649 0.1257
vn 0.6441 -0.7650 -0.0000
vn 0.6011 -0.7992 -0.0000
vn 0.5897 -0.7991 0.1173
vn 0.5479 -0.8294 0.1090
vn 0.5585 -0.8295 -0.0000
vn 0.5167 -0.8562 -0.0000
vn 0.5068 -0.8561 0.1008
vn 0.4757 -0.8745 0.0946
vn 0.4849 -0.8745 -0.0000
vn 0.4707 -0.8823 -0.0000
vn 0.4617 -0.8823 0.0918
vn 0.4637 -0.8812 0.0922
vn 0.4727 -0.8812 -0.0000
vn 0.4903 -0.8715 -0.0000
vn 0.4810 -0.8715 0.0957
vn 0.5048 -0.8574 0.1004
vn 0.5146 -0.8574 -0.0000
vn 0.5385 -0.8426 -0.0000
vn 0.5282 -0.8426 0.1051
vn 0.5514 -0.8270 0.1097
vn 0.5622 -0.8270 -0.0000
vn 0.5857 -0.8105 -0.0000
vn 0.5745 -0.8105 0.1143
vn 0.5976 -0.7929 0.1189
vn 0.6093 -0.7930 -0.0000
vn 0.6329 -0.7742 -0.0000
vn 0.6208 -0.7742 0.1235
vn 0.6441 -0.7542 0.1281
vn 0.6566 -0.7542 -0.0000
vn 0.6805 -0.7327 -0.0000
vn 0.6675 -0.7327 0.1328
vn 0.6911 -0.7096 0.1375
vn 0.7045 -0.7097 -0.0000
vn 0.7372 -0.6596 0.1466
vn 0.7516 -0.6596 -0.0000
vn 0.7713 -0.6365 -0.0000
vn 0.7565 -0.6364 0.1505
vn 0.7742 -0.6140 0.1540
vn 0.7893 -0.6140 -0.0000
vn 0.8066 -0.5912 -0.0000
vn 0.7911 -0.5911 0.1574
vn 0.8088 -0.5657 0.1609
vn 0.8246 -0.5658 -0.0000
vn 0.8443 -0.5358 -0.0000
vn 0.8282 -0.5357 0.1647
vn 0.8483 -0.5019 0.1687
vn 0.8649 -0.5020 -0.0000
vn 0.8853 -0.4650 -0.0000
vn 0.8683 -0.4649 0.1727
vn 0.8876 -0.4254 0.1766
vn 0.9050 -0.4255 -0.0000
vn 0.9233 -0.3841 -0.0000
vn 0.9056 -0.3841 0.1801
vn 0.9218 -0.3415 0.1834
vn 0.9399 -0.3415 -0.0000
vn 0.9545 -0.2982 -0.0000
vn 0.9362 -0.2982 0.1862
vn 0.9484 -0.2547 0.1887
vn 0.9670 -0.2547 -0.0000
vn 0.9774 -0.2115 -0.0000
vn 0.9586 -0.2115 0.1907
vn 0.9664 -0.1704 0.1922
vn 0.9854 -0.1704 -0.0000
vn 0.9913 -0.1316 -0.0000
vn 0.9723 -0.1316 0.1934
vn 0.9764 -0.0948 0.1942
vn 0.9955 -0.0948 -0.0000
vn 0.9982 -0.0597 -0.0000
vn 0.9790 -0.0596 0.1947
vn 0.9805 -0.0250 0.1950
vn 0.9997 -0.0250 -0.0000
vn 1.0000 0.0095 -0.0000
vn 0.9807 0.0095 0.1951
vn 0.9798 0.0442 0.1949
vn 0.9990 0.0442 -0.0000
vn 0.9969 0.0792 -0.0000
vn 0.9777 0.0792 0.1945
vn 0.9743 0.1150 0.1938
vn 0.9934 0.1150 -0.0000
vn 0.9884 0.1519 -0.0000
vn 0.9694 0.1519 0.1928
vn 0.9629 0.1903 0.1915
vn 0.9817 0.1903 -0.0000
vn 0.9730 0.2307 -0.0000
vn 0.9543 0.2307 0.1898
vn 0.9434 0.2735 0.1877
vn 0.9619 0.2735 -0.0000
vn 0.9476 0.3194 -0.0000
vn 0.9294 0.3194 0.1849
vn 0.9136 0.3638 0.1817
vn 0.9314 0.3639 -0.0000
vn 0.9158 0.4017 -0.0000
vn 0.8982 0.4016 0.1787
vn 0.8845 0.4320 0.1759
vn 0.9018 0.4321 -0.0000
vn 0.8913 0.4535 -0.0000
vn 0.8742 0.4534 0.1739
vn 0.8656 0.4702 0.1722
vn 0.8825 0.4702 -0.0000
vn 0.8731 0.4876 -0.0000
vn 0.8563 0.4875 0.1703
vn 0.8464 0.5052 0.1684
vn 0.8630 0.5053 -0.0000
vn 0.8523 0.5230 -0.0000
vn 0.8360 0.5229 0.1663
vn 0.8253 0.5403 0.1642
vn 0.8414 0.5403 -0.0000
vn 0.8306 0.5569 -0.0000
vn 0.8147 0.5568 0.1620
vn 0.8045 0.5721 0.1600
vn 0.8202 0.5721 -0.0000
vn 0.8107 0.5855 -0.0000
vn 0.7951 0.5855 0.1582
vn 0.7872 0.5965 0.1566
vn 0.8026 0.5966 -0.0000
vn 0.7963 0.6049 -0.0000
vn 0.7811 0.6048 0.1554
vn 0.7600 0.6321 0.1512
vn 0.7749 0.6321 -0.0000
vn 0.7256 0.6881 -0.0000
vn 0.7117 0.6881 0.1416
vn 0.7156 0.6839 0.1423
vn 0.7295 0.6840 -0.0000
vn 0.8879 0.4600 -0.0000
vn 0.8710 0.4598 0.1732
vn 0.9426 0.2762 0.1875
vn 0.9611 0.2762 -0.0000
vn 0.9327 0.3094 -0.1855
vn 0.9484 0.2550 -0.1886
vn 0.8785 0.3095 -0.3639
vn 0.8933 0.2551 -0.3700
vn 0.9124 0.1575 -0.3779
vn 0.9686 0.1574 -0.1927
vn 0.9768 0.0901 -0.1943
vn 0.9201 0.0901 -0.3811
vn 0.9225 0.0542 -0.3821
vn 0.9793 0.0542 -0.1948
vn 0.9802 0.0340 -0.1950
vn 0.9233 0.0340 -0.3825
vn 0.9238 0.0165 -0.3826
vn 0.9807 0.0165 -0.1951
vn 0.9808 0.0001 -0.1951
vn 0.9239 0.0001 -0.3827
vn 0.9238 -0.0162 -0.3826
vn 0.9807 -0.0162 -0.1951
vn 0.9802 -0.0333 -0.1950
vn 0.9234 -0.0334 -0.3825
vn 0.9226 -0.0522 -0.3822
vn 0.9794 -0.0522 -0.1948
vn 0.9781 -0.0739 -0.1946
vn 0.9214 -0.0739 -0.3816
vn 0.9193 -0.0999 -0.3808
vn 0.9759 -0.0998 -0.1941
vn 0.9722 -0.1324 -0.1934
vn 0.9157 -0.1324 -0.3793
vn 0.9096 -0.1752 -0.3768
vn 0.9656 -0.1751 -0.1921
vn 0.9544 -0.2303 -0.1898
vn 0.8990 -0.2304 -0.3724
vn 0.8824 -0.2961 -0.3655
vn 0.9368 -0.2960 -0.1863
vn 0.9130 -0.3653 -0.1816
vn 0.8600 -0.3653 -0.3562
vn 0.8352 -0.4276 -0.3459
vn 0.8866 -0.4275 -0.1764
vn 0.8586 -0.4834 -0.1708
vn 0.8087 -0.4834 -0.3350
vn 0.7789 -0.5378 -0.3226
vn 0.8269 -0.5377 -0.1645
vn 0.7921 -0.5898 -0.1576
vn 0.7460 -0.5898 -0.3090
vn 0.7106 -0.6390 -0.2944
vn 0.7545 -0.6389 -0.1501
vn 0.7148 -0.6847 -0.1422
vn 0.6733 -0.6848 -0.2789
vn 0.6345 -0.7268 -0.2628
vn 0.6737 -0.7267 -0.1340
vn 0.6318 -0.7649 -0.1257
vn 0.5950 -0.7650 -0.2465
vn 0.5554 -0.7992 -0.2300
vn 0.5897 -0.7991 -0.1173
vn 0.5479 -0.8294 -0.1090
vn 0.5160 -0.8295 -0.2137
vn 0.4773 -0.8562 -0.1977
vn 0.5068 -0.8561 -0.1008
vn 0.4757 -0.8745 -0.0946
vn 0.4480 -0.8745 -0.1856
vn 0.4348 -0.8823 -0.1801
vn 0.4617 -0.8823 -0.0918
vn 0.4637 -0.8812 -0.0922
vn 0.4367 -0.8812 -0.1809
vn 0.4530 -0.8715 -0.1876
vn 0.4810 -0.8715 -0.0957
vn 0.5048 -0.8574 -0.1004
vn 0.4754 -0.8574 -0.1969
vn 0.4975 -0.8426 -0.2061
vn 0.5282 -0.8426 -0.1051
vn 0.5514 -0.8270 -0.1097
vn 0.5194 -0.8270 -0.2151
vn 0.5411 -0.8105 -0.2242
vn 0.5745 -0.8105 -0.1143
vn 0.5976 -0.7929 -0.1189
vn 0.5629 -0.7929 -0.2332
vn 0.5847 -0.7742 -0.2422
vn 0.6208 -0.7742 -0.1235
vn 0.6441 -0.7542 -0.1281
vn 0.6066 -0.7542 -0.2513
vn 0.6287 -0.7327 -0.2604
vn 0.6675 -0.7327 -0.1328
vn 0.6911 -0.7096 -0.1375
vn 0.6509 -0.7097 -0.2696
vn 0.7372 -0.6596 -0.1466
vn 0.6944 -0.6596 -0.2876
vn 0.7126 -0.6365 -0.2952
vn 0.7565 -0.6364 -0.1505
vn 0.7742 -0.6140 -0.1540
vn 0.7292 -0.6140 -0.3020
vn 0.7452 -0.5912 -0.3087
vn 0.7911 -0.5911 -0.1574
vn 0.8088 -0.5657 -0.1609
vn 0.7618 -0.5658 -0.3155
vn 0.7801 -0.5358 -0.3231
vn 0.8282 -0.5357 -0.1647
vn 0.8483 -0.5019 -0.1687
vn 0.7991 -0.5020 -0.3310
vn 0.8179 -0.4650 -0.3388
vn 0.8683 -0.4649 -0.1727
vn 0.8876 -0.4254 -0.1766
vn 0.8361 -0.4255 -0.3463
vn 0.8530 -0.3841 -0.3533
vn 0.9056 -0.3841 -0.1801
vn 0.9218 -0.3415 -0.1834
vn 0.8683 -0.3415 -0.3597
vn 0.8818 -0.2982 -0.3653
vn 0.9362 -0.2982 -0.1862
vn 0.9484 -0.2547 -0.1887
vn 0.8934 -0.2547 -0.3701
vn 0.9030 -0.2115 -0.3740
vn 0.9586 -0.2115 -0.1907
vn 0.9664 -0.1704 -0.1922
vn 0.9104 -0.1704 -0.3771
vn 0.9158 -0.1316 -0.3794
vn 0.9723 -0.1316 -0.1934
vn 0.9764 -0.0948 -0.1942
vn 0.9197 -0.0948 -0.3810
vn 0.9222 -0.0597 -0.3820
vn 0.9790 -0.0596 -0.1947
vn 0.9805 -0.0250 -0.1950
vn 0.9236 -0.0250 -0.3826
vn 0.9238 0.0095 -0.3827
vn 0.9807 0.0095 -0.1951
vn 0.9798 0.0442 -0.1949
vn 0.9230 0.0442 -0.3823
vn 0.9210 0.0792 -0.3815
vn 0.9777 0.0792 -0.1945
vn 0.9743 0.1150 -0.1938
vn 0.9177 0.1150 -0.3801
vn 0.9132 0.1519 -0.3782
vn 0.9694 0.1519 -0.1928
vn 0.9629 0.1903 -0.1915
vn 0.9070 0.1903 -0.3757
vn 0.8990 0.2307 -0.3724
vn 0.9543 0.2307 -0.1898
vn 0.9434 0.2735 -0.1877
vn 0.8886 0.2735 -0.3681
vn 0.8755 0.3194 -0.3626
vn 0.9294 0.3194 -0.1849
vn 0.9136 0.3638 -0.1817
vn 0.8605 0.3639 -0.3564
vn 0.8461 0.4017 -0.3505
vn 0.8982 0.4016 -0.1787
vn 0.8845 0.4320 -0.1759
vn 0.8332 0.4321 -0.3451
vn 0.8234 0.4535 -0.3411
vn 0.8742 0.4534 -0.1739
vn 0.8656 0.4702 -0.1722
vn 0.8154 0.4702 -0.3377
vn 0.8066 0.4876 -0.3341
vn 0.8563 0.4875 -0.1703
vn 0.8464 0.5052 -0.1684
vn 0.7973 0.5053 -0.3302
vn 0.7875 0.5230 -0.3262
vn 0.8360 0.5229 -0.1663
vn 0.8253 0.5403 -0.1642
vn 0.7774 0.5403 -0.3220
vn 0.7674 0.5569 -0.3179
vn 0.8147 0.5568 -0.1620
vn 0.8045 0.5721 -0.1600
vn 0.7577 0.5721 -0.3139
vn 0.7489 0.5855 -0.3102
vn 0.7951 0.5855 -0.1582
vn 0.7872 0.5965 -0.1566
vn 0.7415 0.5966 -0.3071
vn 0.7357 0.6049 -0.3047
vn 0.7811 0.6048 -0.1554
vn 0.7600 0.6321 -0.1512
vn 0.7159 0.6321 -0.2965
vn 0.6704 0.6881 -0.2777
vn 0.7117 0.6881 -0.1416
vn 0.7156 0.6839 -0.1423
vn 0.6740 0.6840 -0.2792
vn 0.8203 0.4600 -0.3398
vn 0.8710 0.4598 -0.1732
vn 0.9426 0.2762 -0.1875
vn 0.8879 0.2762 -0.3678
vn 0.7907 0.3094 -0.5283
vn 0.8040 0.2550 -0.5372
vn 0.6724 0.3095 -0.6724
vn 0.6837 0.2551 -0.6837
vn 0.6983 0.1575 -0.6983
vn 0.8211 0.1574 -0.5486
vn 0.8281 0.0901 -0.5533
vn 0.7042 0.0901 -0.7042
vn 0.7061 0.0542 -0.7061
vn 0.8303 0.0542 -0.5548
vn 0.8310 0.0340 -0.5552
vn 0.7067 0.0340 -0.7067
vn 0.7070 0.0165 -0.7070
vn 0.8314 0.0165 -0.5555
vn 0.8315 0.0001 -0.5556
vn 0.7071 0.0001 -0.7071
vn 0.7070 -0.0162 -0.7070
vn 0.8314 -0.0162 -0.5555
vn 0.8310 -0.0333 -0.5553
vn 0.7067 -0.0334 -0.7067
vn 0.7061 -0.0522 -0.7061
vn 0.8303 -0.0522 -0.5548
vn 0.8292 -0.0739 -0.5541
vn 0.7052 -0.0739 -0.7052
vn 0.7036 -0.0999 -0.7036
vn 0.8273 -0.0998 -0.5528
vn 0.8242 -0.1324 -0.5507
vn 0.7009 -0.1324 -0.7009
vn 0.6962 -0.1752 -0.6962
vn 0.8186 -0.1751 -0.5470
vn 0.8091 -0.2303 -0.5406
vn 0.6881 -0.2304 -0.6881
vn 0.6754 -0.2961 -0.6754
vn 0.7942 -0.2960 -0.5307
vn 0.7740 -0.3653 -0.5172
vn 0.6582 -0.3653 -0.6582
vn 0.6392 -0.4276 -0.6392
vn 0.7516 -0.4275 -0.5022
vn 0.7279 -0.4833 -0.4864
vn 0.6190 -0.4834 -0.6190
vn 0.5962 -0.5378 -0.5962
vn 0.7011 -0.5377 -0.4684
vn 0.6715 -0.5898 -0.4487
vn 0.5710 -0.5898 -0.5710
vn 0.5439 -0.6390 -0.5439
vn 0.6396 -0.6389 -0.4274
vn 0.6060 -0.6847 -0.4049
vn 0.5153 -0.6848 -0.5153
vn 0.4857 -0.7268 -0.4857
vn 0.5711 -0.7267 -0.3816
vn 0.5356 -0.7649 -0.3579
vn 0.4554 -0.7650 -0.4554
vn 0.4251 -0.7992 -0.4251
vn 0.4999 -0.7991 -0.3340
vn 0.4645 -0.8294 -0.3103
vn 0.3949 -0.8295 -0.3949
vn 0.3653 -0.8562 -0.3653
vn 0.4297 -0.8561 -0.2871
vn 0.4033 -0.8745 -0.2695
vn 0.3429 -0.8745 -0.3429
vn 0.3328 -0.8823 -0.3328
vn 0.3914 -0.8823 -0.2615
vn 0.3931 -0.8812 -0.2627
vn 0.3343 -0.8812 -0.3343
vn 0.3467 -0.8715 -0.3467
vn 0.4077 -0.8715 -0.2724
vn 0.4279 -0.8574 -0.2859
vn 0.3639 -0.8574 -0.3639
vn 0.3808 -0.8426 -0.3808
vn 0.4478 -0.8426 -0.2992
vn 0.4675 -0.8270 -0.3124
vn 0.3975 -0.8270 -0.3975
vn 0.4142 -0.8105 -0.4142
vn 0.4871 -0.8105 -0.3255
vn 0.5067 -0.7929 -0.3385
vn 0.4308 -0.7929 -0.4308
vn 0.4475 -0.7742 -0.4475
vn 0.5263 -0.7742 -0.3517
vn 0.5460 -0.7542 -0.3648
vn 0.4643 -0.7542 -0.4643
vn 0.4812 -0.7327 -0.4812
vn 0.5659 -0.7327 -0.3781
vn 0.5859 -0.7096 -0.3915
vn 0.4982 -0.7097 -0.4982
vn 0.6250 -0.6596 -0.4176
vn 0.5315 -0.6596 -0.5315
vn 0.5454 -0.6365 -0.5454
vn 0.6413 -0.6364 -0.4285
vn 0.6563 -0.6140 -0.4385
vn 0.5581 -0.6140 -0.5581
vn 0.5703 -0.5912 -0.5703
vn 0.6707 -0.5911 -0.4481
vn 0.6856 -0.5657 -0.4581
vn 0.5830 -0.5658 -0.5830
vn 0.5970 -0.5358 -0.5970
vn 0.7021 -0.5357 -0.4691
vn 0.7192 -0.5019 -0.4805
vn 0.6116 -0.5020 -0.6116
vn 0.6260 -0.4650 -0.6260
vn 0.7361 -0.4649 -0.4919
vn 0.7525 -0.4254 -0.5028
vn 0.6399 -0.4255 -0.6399
vn 0.6529 -0.3841 -0.6529
vn 0.7677 -0.3841 -0.5130
vn 0.7815 -0.3415 -0.5222
vn 0.6646 -0.3415 -0.6646
vn 0.6749 -0.2982 -0.6749
vn 0.7937 -0.2982 -0.5303
vn 0.8041 -0.2547 -0.5372
vn 0.6838 -0.2547 -0.6838
vn 0.6911 -0.2115 -0.6911
vn 0.8127 -0.2115 -0.5430
vn 0.8193 -0.1704 -0.5474
vn 0.6968 -0.1704 -0.6968
vn 0.7010 -0.1316 -0.7010
vn 0.8242 -0.1316 -0.5507
vn 0.8277 -0.0948 -0.5531
vn 0.7039 -0.0948 -0.7039
vn 0.7058 -0.0597 -0.7058
vn 0.8300 -0.0596 -0.5546
vn 0.8312 -0.0250 -0.5554
vn 0.7069 -0.0250 -0.7069
vn 0.7071 0.0095 -0.7071
vn 0.8314 0.0095 -0.5555
vn 0.8307 0.0442 -0.5550
vn 0.7064 0.0442 -0.7064
vn 0.7049 0.0792 -0.7049
vn 0.8289 0.0792 -0.5538
vn 0.8260 0.1150 -0.5519
vn 0.7024 0.1150 -0.7024
vn 0.6989 0.1519 -0.6989
vn 0.8218 0.1519 -0.5491
vn 0.8163 0.1903 -0.5454
vn 0.6942 0.1903 -0.6942
vn 0.6880 0.2307 -0.6880
vn 0.8091 0.2307 -0.5406
vn 0.7998 0.2735 -0.5344
vn 0.6801 0.2735 -0.6801
vn 0.6701 0.3194 -0.6701
vn 0.7879 0.3194 -0.5265
vn 0.7745 0.3638 -0.5175
vn 0.6586 0.3639 -0.6586
vn 0.6476 0.4017 -0.6476
vn 0.7615 0.4016 -0.5088
vn 0.7499 0.4320 -0.5011
vn 0.6377 0.4321 -0.6377
vn 0.6302 0.4535 -0.6302
vn 0.7411 0.4534 -0.4952
vn 0.7338 0.4702 -0.4903
vn 0.6241 0.4702 -0.6241
vn 0.6174 0.4876 -0.6174
vn 0.7260 0.4875 -0.4851
vn 0.7176 0.5052 -0.4795
vn 0.6102 0.5053 -0.6102
vn 0.6027 0.5230 -0.6027
vn 0.7087 0.5229 -0.4736
vn 0.6997 0.5403 -0.4675
vn 0.5950 0.5403 -0.5950
vn 0.5873 0.5569 -0.5873
vn 0.6906 0.5568 -0.4615
vn 0.6820 0.5721 -0.4557
vn 0.5799 0.5721 -0.5799
vn 0.5732 0.5855 -0.5732
vn 0.6741 0.5855 -0.4504
vn 0.6673 0.5965 -0.4459
vn 0.5675 0.5966 -0.5675
vn 0.5631 0.6049 -0.5631
vn 0.6622 0.6048 -0.4424
vn 0.6443 0.6321 -0.4305
vn 0.5479 0.6321 -0.5479
vn 0.5131 0.6881 -0.5131
vn 0.6033 0.6881 -0.4031
vn 0.6067 0.6839 -0.4054
vn 0.5158 0.6840 -0.5158
vn 0.6279 0.4600 -0.6279
vn 0.7384 0.4598 -0.4934
vn 0.7991 0.2762 -0.5340
vn 0.6796 0.2762 -0.6796
vn 0.5283 0.3094 -0.7907
vn 0.5372 0.2550 -0.8040
vn 0.3639 0.3095 -0.8785
vn 0.3700 0.2551 -0.8933
vn 0.3779 0.1575 -0.9124
vn 0.5486 0.1574 -0.8211
vn 0.5533 0.0901 -0.8281
vn 0.3811 0.0901 -0.9201
vn 0.3821 0.0542 -0.9225
vn 0.5548 0.0542 -0.8302
vn 0.5552 0.0340 -0.8310
vn 0.3825 0.0340 -0.9233
vn 0.3826 0.0165 -0.9238
vn 0.5555 0.0165 -0.8314
vn 0.5556 0.0001 -0.8315
vn 0.3827 0.0001 -0.9239
vn 0.3826 -0.0162 -0.9238
vn 0.5555 -0.0162 -0.8314
vn 0.5553 -0.0333 -0.8310
vn 0.3825 -0.0334 -0.9234
vn 0.3822 -0.0522 -0.9226
vn 0.5548 -0.0522 -0.8303
vn 0.5541 -0.0739 -0.8292
vn 0.3816 -0.0739 -0.9214
vn 0.3808 -0.0999 -0.9193
vn 0.5528 -0.0998 -0.8273
vn 0.5507 -0.1324 -0.8242
vn 0.3793 -0.1324 -0.9157
vn 0.3768 -0.1752 -0.9096
vn 0.5470 -0.1751 -0.8186
vn 0.5406 -0.2303 -0.8091
vn 0.3724 -0.2304 -0.8990
vn 0.3655 -0.2961 -0.8824
vn 0.5307 -0.2960 -0.7942
vn 0.5172 -0.3653 -0.7740
vn 0.3562 -0.3653 -0.8600
vn 0.3459 -0.4276 -0.8351
vn 0.5022 -0.4275 -0.7516
vn 0.4864 -0.4833 -0.7279
vn 0.3350 -0.4834 -0.8087
vn 0.3226 -0.5378 -0.7789
vn 0.4684 -0.5377 -0.7011
vn 0.4487 -0.5898 -0.6715
vn 0.3090 -0.5898 -0.7460
vn 0.2944 -0.6390 -0.7106
vn 0.4274 -0.6389 -0.6396
vn 0.4049 -0.6847 -0.6060
vn 0.2789 -0.6848 -0.6733
vn 0.2628 -0.7268 -0.6345
vn 0.3816 -0.7267 -0.5711
vn 0.3579 -0.7649 -0.5356
vn 0.2465 -0.7650 -0.5950
vn 0.2300 -0.7992 -0.5554
vn 0.3340 -0.7991 -0.4999
vn 0.3103 -0.8294 -0.4645
vn 0.2137 -0.8295 -0.5160
vn 0.1977 -0.8562 -0.4773
vn 0.2871 -0.8561 -0.4297
vn 0.2695 -0.8745 -0.4033
vn 0.1856 -0.8745 -0.4480
vn 0.1801 -0.8823 -0.4348
vn 0.2615 -0.8823 -0.3914
vn 0.2627 -0.8812 -0.3931
vn 0.1809 -0.8812 -0.4367
vn 0.1876 -0.8715 -0.4530
vn 0.2724 -0.8715 -0.4077
vn 0.2859 -0.8574 -0.4279
vn 0.1969 -0.8574 -0.4754
vn 0.2061 -0.8426 -0.4975
vn 0.2992 -0.8426 -0.4478
vn 0.3124 -0.8270 -0.4675
vn 0.2151 -0.8270 -0.5194
vn 0.2242 -0.8105 -0.5411
vn 0.3254 -0.8105 -0.4871
vn 0.3385 -0.7929 -0.5067
vn 0.2332 -0.7929 -0.5629
vn 0.2422 -0.7742 -0.5847
vn 0.3517 -0.7742 -0.5263
vn 0.3648 -0.7542 -0.5460
vn 0.2513 -0.7542 -0.6066
vn 0.2604 -0.7327 -0.6287
vn 0.3781 -0.7327 -0.5659
vn 0.3915 -0.7096 -0.5859
vn 0.2696 -0.7097 -0.6509
vn 0.4176 -0.6596 -0.6250
vn 0.2876 -0.6596 -0.6944
vn 0.2952 -0.6365 -0.7126
vn 0.4285 -0.6364 -0.6413
vn 0.4385 -0.6140 -0.6563
vn 0.3020 -0.6140 -0.7292
vn 0.3087 -0.5912 -0.7452
vn 0.4481 -0.5911 -0.6707
vn 0.4581 -0.5657 -0.6856
vn 0.3155 -0.5658 -0.7618
vn 0.3231 -0.5358 -0.7801
vn 0.4691 -0.5357 -0.7021
vn 0.4805 -0.5019 -0.7192
vn 0.3310 -0.5020 -0.7991
vn 0.3388 -0.4650 -0.8179
vn 0.4919 -0.4649 -0.7361
vn 0.5028 -0.4254 -0.7525
vn 0.3463 -0.4255 -0.8361
vn 0.3533 -0.3841 -0.8530
vn 0.5130 -0.3841 -0.7677
vn 0.5222 -0.3415 -0.7815
vn 0.3597 -0.3415 -0.8683
vn 0.3653 -0.2982 -0.8818
vn 0.5303 -0.2982 -0.7937
vn 0.5372 -0.2547 -0.8041
vn 0.3701 -0.2547 -0.8934
vn 0.3740 -0.2115 -0.9030
vn 0.5430 -0.2115 -0.8127
vn 0.5474 -0.1704 -0.8193
vn 0.3771 -0.1704 -0.9104
vn 0.3794 -0.1316 -0.9158
vn 0.5507 -0.1316 -0.8242
vn 0.5531 -0.0948 -0.8277
vn 0.3810 -0.0948 -0.9197
vn 0.3820 -0.0597 -0.9222
vn 0.5546 -0.0596 -0.8300
vn 0.5554 -0.0250 -0.8312
vn 0.3826 -0.0250 -0.9236
vn 0.3827 0.0095 -0.9238
vn 0.5555 0.0095 -0.8314
vn 0.5550 0.0442 -0.8307
vn 0.3823 0.0442 -0.9230
vn 0.3815 0.0792 -0.9210
vn 0.5538 0.0792 -0.8289
vn 0.5519 0.1150 -0.8260
vn 0.3801 0.1150 -0.9177
vn 0.3782 0.1519 -0.9132
vn 0.5491 0.1519 -0.8218
vn 0.5454 0.1903 -0.8163
vn 0.3757 0.1903 -0.9070
vn 0.3724 0.2307 -0.8990
vn 0.5406 0.2307 -0.8091
vn 0.5344 0.2735 -0.7998
vn 0.3681 0.2735 -0.8886
vn 0.3626 0.3194 -0.8755
vn 0.5265 0.3194 -0.7879
vn 0.5175 0.3638 -0.7745
vn 0.3564 0.3639 -0.8605
vn 0.3505 0.4017 -0.8461
vn 0.5088 0.4016 -0.7615
vn 0.5011 0.4320 -0.7499
vn 0.3451 0.4321 -0.8332
vn 0.3411 0.4535 -0.8234
vn 0.4952 0.4534 -0.7411
vn 0.4903 0.4702 -0.7338
vn 0.3377 0.4702 -0.8154
vn 0.3341 0.4876 -0.8066
vn 0.4851 0.4875 -0.7260
vn 0.4795 0.5052 -0.7176
vn 0.3302 0.5053 -0.7973
vn 0.3262 0.5230 -0.7875
vn 0.4736 0.5229 -0.7087
vn 0.4675 0.5403 -0.6997
vn 0.3220 0.5403 -0.7774
vn 0.3179 0.5569 -0.7674
vn 0.4615 0.5568 -0.6906
vn 0.4557 0.5721 -0.6820
vn 0.3139 0.5721 -0.7577
vn 0.3102 0.5855 -0.7489
vn 0.4504 0.5855 -0.6741
vn 0.4459 0.5965 -0.6673
vn 0.3071 0.5966 -0.7415
vn 0.3047 0.6049 -0.7357
vn 0.4424 0.6048 -0.6622
vn 0.4305 0.6321 -0.6443
vn 0.2965 0.6321 -0.7159
vn 0.2777 0.6881 -0.6704
vn 0.4031 0.6881 -0.6033
vn 0.4054 0.6839 -0.6067
vn 0.2792 0.6840 -0.6740
vn 0.3398 0.4600 -0.8203
vn 0.4934 0.4598 -0.7384
vn 0.5340 0.2762 -0.7991
vn 0.3678 0.2762 -0.8879
vn 0.1855 0.3094 -0.9327
vn 0.1886 0.2550 -0.9484
vn -0.0000 0.3095 -0.9509
vn -0.0000 0.2551 -0.9669
vn -0.0000 0.1575 -0.9875
vn 0.1927 0.1574 -0.9686
vn 0.1943 0.0901 -0.9768
vn -0.0000 0.0901 -0.9959
vn -0.0000 0.0542 -0.9985
vn 0.1948 0.0542 -0.9793
vn 0.1950 0.0340 -0.9802
vn -0.0000 0.0340 -0.9994
vn -0.0000 0.0165 -0.9999
vn 0.1951 0.0165 -0.9807
vn 0.1951 0.0001 -0.9808
vn -0.0000 0.0001 -1.0000
vn -0.0000 -0.0162 -0.9999
vn 0.1951 -0.0162 -0.9807
vn 0.1950 -0.0333 -0.9802
vn -0.0000 -0.0334 -0.9994
vn -0.0000 -0.0522 -0.9986
vn 0.1948 -0.0522 -0.9794
vn 0.1946 -0.0739 -0.9781
vn -0.0000 -0.0739 -0.9973
vn -0.0000 -0.0999 -0.9950
vn 0.1941 -0.0998 -0.9759
vn 0.1934 -0.1324 -0.9722
vn -0.0000 -0.1324 -0.9912
vn -0.0000 -0.1752 -0.9845
vn 0.1921 -0.1751 -0.9656
vn 0.1898 -0.2303 -0.9544
vn -0.0000 -0.2304 -0.9731
vn -0.0000 -0.2961 -0.9552
vn 0.1863 -0.2960 -0.9368
vn 0.1816 -0.3653 -0.9130
vn -0.0000 -0.3653 -0.9309
vn -0.0000 -0.4276 -0.9040
vn 0.1764 -0.4275 -0.8866
vn 0.1708 -0.4834 -0.8586
vn -0.0000 -0.4834 -0.8754
vn -0.0000 -0.5378 -0.8431
vn 0.1645 -0.5377 -0.8269
vn 0.1576 -0.5898 -0.7921
vn -0.0000 -0.5898 -0.8075
vn -0.0000 -0.6390 -0.7692
vn 0.1501 -0.6389 -0.7545
vn 0.1422 -0.6847 -0.7148
vn -0.0000 -0.6848 -0.7287
vn -0.0000 -0.7268 -0.6868
vn 0.1340 -0.7267 -0.6737
vn 0.1257 -0.7649 -0.6318
vn -0.0000 -0.7650 -0.6441
vn -0.0000 -0.7992 -0.6011
vn 0.1173 -0.7991 -0.5897
vn 0.1090 -0.8294 -0.5479
vn -0.0000 -0.8295 -0.5585
vn -0.0000 -0.8562 -0.5167
vn 0.1008 -0.8561 -0.5068
vn 0.0946 -0.8745 -0.4757
vn -0.0000 -0.8745 -0.4850
vn -0.0000 -0.8823 -0.4707
vn 0.0918 -0.8823 -0.4617
vn 0.0922 -0.8812 -0.4637
vn -0.0000 -0.8812 -0.4727
vn -0.0000 -0.8715 -0.4903
vn 0.0957 -0.8715 -0.4810
vn 0.1004 -0.8574 -0.5048
vn -0.0000 -0.8574 -0.5146
vn -0.0000 -0.8426 -0.5385
vn 0.1051 -0.8426 -0.5282
vn 0.1097 -0.8270 -0.5514
vn -0.0000 -0.8270 -0.5622
vn -0.0000 -0.8105 -0.5857
vn 0.1143 -0.8105 -0.5745
vn 0.1189 -0.7929 -0.5976
vn -0.0000 -0.7930 -0.6093
vn -0.0000 -0.7742 -0.6329
vn 0.1235 -0.7742 -0.6208
vn 0.1281 -0.7542 -0.6441
vn -0.0000 -0.7542 -0.6566
vn -0.0000 -0.7327 -0.6805
vn 0.1328 -0.7327 -0.6675
vn 0.1375 -0.7096 -0.6911
vn -0.0000 -0.7097 -0.7046
vn 0.1466 -0.6596 -0.7372
vn -0.0000 -0.6596 -0.7516
vn -0.0000 -0.6365 -0.7713
vn 0.1505 -0.6364 -0.7565
vn 0.1540 -0.6140 -0.7742
vn -0.0000 -0.6140 -0.7893
vn -0.0000 -0.5912 -0.8066
vn 0.1574 -0.5911 -0.7911
vn 0.1609 -0.5657 -0.8088
vn -0.0000 -0.5658 -0.8246
vn -0.0000 -0.5358 -0.8443
vn 0.1647 -0.5357 -0.8282
vn 0.1687 -0.5019 -0.8483
vn -0.0000 -0.5020 -0.8649
vn -0.0000 -0.4650 -0.8853
vn 0.1727 -0.4649 -0.8683
vn 0.1766 -0.4254 -0.8876
vn -0.0000 -0.4255 -0.9050
vn -0.0000 -0.3841 -0.9233
vn 0.1801 -0.3841 -0.9056
vn 0.1834 -0.3415 -0.9218
vn -0.0000 -0.3415 -0.9399
vn -0.0000 -0.2982 -0.9545
vn 0.1862 -0.2982 -0.9362
vn 0.1887 -0.2547 -0.9484
vn -0.0000 -0.2547 -0.9670
vn -0.0000 -0.2115 -0.9774
vn 0.1907 -0.2115 -0.9586
vn 0.1922 -0.1704 -0.9664
vn -0.0000 -0.1704 -0.9854
vn -0.0000 -0.1316 -0.9913
vn 0.1934 -0.1316 -0.9723
vn 0.1942 -0.0948 -0.9764
vn -0.0000 -0.0948 -0.9955
vn -0.0000 -0.0597 -0.9982
vn 0.1947 -0.0596 -0.9790
vn 0.1950 -0.0250 -0.9805
vn -0.0000 -0.0250 -0.9997
vn -0.0000 0.0095 -1.0000
vn 0.1951 0.0095 -0.9807
vn 0.1949 0.0442 -0.9798
vn -0.0000 0.0442 -0.9990
vn -0.0000 0.0792 -0.9969
vn 0.1945 0.0792 -0.9777
vn 0.1938 0.1150 -0.9743
vn -0.0000 0.1150 -0.9934
vn -0.0000 0.1519 -0.9884
vn 0.1928 0.1519 -0.9694
vn 0.1915 0.1903 -0.9629
vn -0.0000 0.1903 -0.9817
vn -0.0000 0.2307 -0.9730
vn 0.1898 0.2306 -0.9543
vn 0.1877 0.2735 -0.9434
vn -0.0000 0.2735 -0.9619
vn -0.0000 0.3194 -0.9476
vn 0.1849 0.3194 -0.9294
vn 0.1817 0.3638 -0.9136
vn -0.0000 0.3639 -0.9314
vn -0.0000 0.4017 -0.9158
vn 0.1787 0.4016 -0.8982
vn 0.1759 0.4320 -0.8845
vn -0.0000 0.4321 -0.9018
vn -0.0000 0.4535 -0.8913
vn 0.1739 0.4534 -0.8742
vn 0.1722 0.4702 -0.8656
vn -0.0000 0.4702 -0.8825
vn -0.0000 0.4876 -0.8731
vn 0.1703 0.4875 -0.8563
vn 0.1684 0.5052 -0.8464
vn -0.0000 0.5053 -0.8630
vn -0.0000 0.5230 -0.8523
vn 0.1663 0.5229 -0.8360
vn 0.1642 0.5403 -0.8253
vn -0.0000 0.5403 -0.8415
vn -0.0000 0.5569 -0.8306
vn 0.1620 0.5568 -0.8147
vn 0.1600 0.5721 -0.8045
vn -0.0000 0.5721 -0.8202
vn -0.0000 0.5855 -0.8107
vn 0.1582 0.5855 -0.7951
vn 0.1566 0.5965 -0.7872
vn -0.0000 0.5966 -0.8026
vn -0.0000 0.6049 -0.7963
vn 0.1554 0.6048 -0.7811
vn 0.1512 0.6321 -0.7600
vn -0.0000 0.6321 -0.7749
vn -0.0000 0.6881 -0.7256
vn 0.1416 0.6881 -0.7117
vn 0.1423 0.6839 -0.7156
vn -0.0000 0.6840 -0.7295
vn -0.0000 0.4600 -0.8879
vn 0.1732 0.4598 -0.8710
vn 0.1875 0.2762 -0.9426
vn -0.0000 0.2762 -0.9611
vn -0.1855 0.3094 -0.9327
vn -0.1886 0.2550 -0.9484
vn -0.3639 0.3095 -0.8785
vn -0.3700 0.2551 -0.8933
vn -0.3779 0.1575 -0.9124
vn -0.1927 0.1574 -0.9686
vn -0.1943 0.0901 -0.9768
vn -0.3811 0.0901 -0.9201
vn -0.3821 0.0542 -0.9225
vn -0.1948 0.0542 -0.9793
vn -0.1950 0.0340 -0.9802
vn -0.3825 0.0340 -0.9233
vn -0.3826 0.0165 -0.9238
vn -0.1951 0.0165 -0.9807
vn -0.1951 0.0001 -0.9808
vn -0.3827 0.0001 -0.9239
vn -0.3826 -0.0162 -0.9238
vn -0.1951 -0.0162 -0.9807
vn -0.1950 -0.0333 -0.9802
vn -0.3825 -0.0334 -0.9234
vn -0.3822 -0.0522 -0.9226
vn -0.1948 -0.0522 -0.9794
vn -0.1946 -0.0739 -0.9781
vn -0.3816 -0.0739 -0.9214
vn -0.3808 -0.0999 -0.9193
vn -0.1941 -0.0998 -0.9759
vn -0.1934 -0.1324 -0.9722
vn -0.3793 -0.1324 -0.9157
vn -0.3768 -0.1752 -0.9096
vn -0.1921 -0.1751 -0.9656
vn -0.1898 -0.2303 -0.9544
vn -0.3724 -0.2304 -0.8990
vn -0.3655 -0.2961 -0.8824
vn -0.1863 -0.2960 -0.9368
vn -0.1816 -0.3653 -0.9130
vn -0.3562 -0.3653 -0.8600
vn -0.3459 -0.4276 -0.8351
vn -0.1764 -0.4275 -0.8866
vn -0.1708 -0.4834 -0.8586
vn -0.3350 -0.4834 -0.8087
vn -0.3226 -0.5378 -0.7789
vn -0.1645 -0.5377 -0.8269
vn -0.1576 -0.5898 -0.7921
vn -0.3090 -0.5899 -0.7460
vn -0.2944 -0.6390 -0.7106
vn -0.1501 -0.6389 -0.7545
vn -0.1422 -0.6847 -0.7148
vn -0.2789 -0.6848 -0.6733
vn -0.2628 -0.7268 -0.6345
vn -0.1340 -0.7267 -0.6737
vn -0.1257 -0.7649 -0.6318
vn -0.2465 -0.7650 -0.5950
vn -0.2300 -0.7992 -0.5554
vn -0.1173 -0.7991 -0.5897
vn -0.1090 -0.8294 -0.5479
vn -0.2137 -0.8295 -0.5160
vn -0.1977 -0.8562 -0.4773
vn -0.1008 -0.8561 -0.5068
vn -0.0946 -0.8745 -0.4757
vn -0.1856 -0.8745 -0.4480
vn -0.1801 -0.8823 -0.4348
vn -0.0918 -0.8823 -0.4617
vn -0.0922 -0.8812 -0.4637
vn -0.1809 -0.8812 -0.4367
vn -0.1876 -0.8715 -0.4530
vn -0.0957 -0.8715 -0.4810
vn -0.1004 -0.8574 -0.5048
vn -0.1969 -0.8574 -0.4754
vn -0.2061 -0.8426 -0.4975
vn -0.1051 -0.8426 -0.5282
vn -0.1097 -0.8270 -0.5514
vn -0.2151 -0.8270 -0.5194
vn -0.2242 -0.8105 -0.5411
vn -0.1143 -0.8105 -0.5745
vn -0.1189 -0.7929 -0.5976
vn -0.2332 -0.7929 -0.5629
vn -0.2422 -0.7742 -0.5847
vn -0.1235 -0.7742 -0.6208
vn -0.1281 -0.7542 -0.6441
vn -0.2513 -0.7542 -0.6066
vn -0.2604 -0.7327 -0.6287
vn -0.1328 -0.7327 -0.6675
vn -0.1375 -0.7096 -0.6911
vn -0.2696 -0.7097 -0.6509
vn -0.1466 -0.6596 -0.7372
vn -0.2876 -0.6596 -0.6944
vn -0.2952 -0.6365 -0.7126
vn -0.1505 -0.6364 -0.7565
vn -0.1540 -0.6140 -0.7742
vn -0.3020 -0.6140 -0.7292
vn -0.3087 -0.5912 -0.7452
vn -0.1574 -0.5911 -0.7911
vn -0.1609 -0.5657 -0.8088
vn -0.3155 -0.5658 -0.7618
vn -0.3231 -0.5358 -0.7801
vn -0.1647 -0.5357 -0.8282
vn -0.1687 -0.5019 -0.8483
vn -0.3310 -0.5020 -0.7991
vn -0.3388 -0.4650 -0.8179
vn -0.1727 -0.4649 -0.8683
vn -0.1766 -0.4254 -0.8876
vn -0.3463 -0.4255 -0.8361
vn -0.3533 -0.3841 -0.8530
vn -0.1801 -0.3841 -0.9056
vn -0.1834 -0.3415 -0.9218
vn -0.3597 -0.3415 -0.8683
vn -0.3653 -0.2982 -0.8818
vn -0.1862 -0.2982 -0.9362
vn -0.1887 -0.2547 -0.9484
vn -0.3701 -0.2547 -0.8934
vn -0.3740 -0.2115 -0.9030
vn -0.1907 -0.2115 -0.9586
vn -0.1922 -0.1704 -0.9664
vn -0.3771 -0.1704 -0.9104
vn -0.3794 -0.1316 -0.9158
vn -0.1934 -0.1316 -0.9723
vn -0.1942 -0.0948 -0.9764
vn -0.3810 -0.0948 -0.9197
vn -0.3820 -0.0597 -0.9222
vn -0.1947 -0.0596 -0.9790
vn -0.1950 -0.0250 -0.9805
vn -0.3826 -0.0250 -0.9236
vn -0.3827 0.0095 -0.9238
vn -0.1951 0.0095 -0.9807
vn -0.1949 0.0442 -0.9798
vn -0.3823 0.0442 -0.9230
vn -0.3815 0.0792 -0.9210
vn -0.1945 0.0792 -0.9777
vn -0.1938 0.1150 -0.9743
vn -0.3801 0.1150 -0.9177
vn -0.3782 0.1519 -0.9132
vn -0.1928 0.1519 -0.9694
vn -0.1915 0.1903 -0.9629
vn -0.3757 0.1903 -0.9070
vn -0.3724 0.2307 -0.8990
vn -0.1898 0.2306 -0.9543
vn -0.1877 0.2735 -0.9434
vn -0.3681 0.2735 -0.8886
vn -0.3626 0.3194 -0.8755
vn -0.1849 0.3194 -0.9294
vn -0.1817 0.3638 -0.9136
vn -0.3564 0.3639 -0.8605
vn -0.3505 0.4017 -0.8461
vn -0.1787 0.4016 -0.8982
vn -0.1759 0.4320 -0.8845
vn -0.3451 0.4321 -0.8332
vn -0.3411 0.4535 -0.8234
vn -0.1739 0.4534 -0.8742
vn -0.1722 0.4702 -0.8656
vn -0.3377 0.4702 -0.8154
vn -0.3341 0.4876 -0.8066
vn -0.1703 0.4875 -0.8563
vn -0.1684 0.5052 -0.8464
vn -0.3302 0.5053 -0.7973
vn -0.3262 0.5230 -0.7875
vn -0.1663 0.5229 -0.8360
vn -0.1642 0.5403 -0.8253
vn -0.3220 0.5403 -0.7774
vn -0.3179 0.5569 -0.7674
vn -0.1620 0.5568 -0.8147
vn -0.1600 0.5721 -0.8045
vn -0.3139 0.5721 -0.7577
vn -0.3102 0.5855 -0.7489
vn -0.1582 0.5855 -0.7951
vn -0.1566 0.5965 -0.7872
vn -0.3071 0.5966 -0.7415
vn -0.3047 0.6049 -0.7357
vn -0.1554 0.6048 -0.7811
vn -0.1512 0.6321 -0.7600
vn -0.2965 0.6321 -0.7159
vn -0.2777 0.6881 -0.6704
vn -0.1416 0.6881 -0.7117
vn -0.1423 0.6839 -0.7156
vn -0.2792 0.6840 -0.6740
vn -0.3398 0.4600 -0.8203
vn -0.1732 0.4598 -0.8710
vn -0.1875 0.2762 -0.9426
vn -0.3678 0.2762 -0.8879
vn -0.5283 0.3094 -0.7907
vn -0.5372 0.2550 -0.8040
vn -0.6724 0.3095 -0.6724
vn -0.6837 0.2551 -0.6837
vn -0.6983 0.1575 -0.6983
vn -0.5486 0.1574 -0.8211
vn -0.5533 0.0901 -0.8281
vn -0.7042 0.0901 -0.7042
vn -0.7061 0.0542 -0.7061
vn -0.5548 0.0542 -0.8302
vn -0.5552 0.0340 -0.8310
vn -0.7067 0.0340 -0.7067
vn -0.7070 0.0165 -0.7070
vn -0.5555 0.0165 -0.8314
vn -0.5556 0.0001 -0.8315
vn -0.7071 0.0001 -0.7071
vn -0.7070 -0.0162 -0.7070
vn -0.5555 -0.0162 -0.8314
vn -0.5553 -0.0333 -0.8310
vn -0.7067 -0.0334 -0.7067
vn -0.7061 -0.0522 -0.7061
vn -0.5548 -0.0522 -0.8303
vn -0.5541 -0.0739 -0.8292
vn -0.7052 -0.0739 -0.7052
vn -0.7036 -0.0999 -0.7036
vn -0.5528 -0.0998 -0.8273
vn -0.5507 -0.1324 -0.8242
vn -0.7009 -0.1324 -0.7009
vn -0.6962 -0.1752 -0.6962
vn -0.5470 -0.1751 -0.8186
vn -0.5406 -0.2303 -0.8091
vn -0.6881 -0.2304 -0.6881
vn -0.6754 -0.2961 -0.6754
vn -0.5307 -0.2960 -0.7942
vn -0.5172 -0.3653 -0.7740
vn -0.6582 -0.3653 -0.6582
vn -0.6392 -0.4276 -0.6392
vn -0.5022 -0.4275 -0.7516
vn -0.4864 -0.4834 -0.7279
vn -0.6190 -0.4834 -0.6190
vn -0.5962 -0.5378 -0.5962
vn -0.4684 -0.5377 -0.7011
vn -0.4487 -0.5898 -0.6715
vn -0.5710 -0.5898 -0.5710
vn -0.5439 -0.6390 -0.5439
vn -0.4274 -0.6389 -0.6396
vn -0.4049 -0.6847 -0.6060
vn -0.5153 -0.6848 -0.5153
vn -0.4857 -0.7268 -0.4857
vn -0.3816 -0.7267 -0.5711
vn -0.3579 -0.7649 -0.5356
vn -0.4554 -0.7650 -0.4554
vn -0.4251 -0.7992 -0.4251
vn -0.3340 -0.7991 -0.4999
vn -0.3103 -0.8294 -0.4645
vn -0.3949 -0.8295 -0.3949
vn -0.3653 -0.8562 -0.3653
vn -0.2871 -0.8561 -0.4297
vn -0.2695 -0.8745 -0.4033
vn -0.3429 -0.8745 -0.3429
vn -0.3328 -0.8823 -0.3328
vn -0.2615 -0.8823 -0.3914
vn -0.2627 -0.8812 -0.3931
vn -0.3343 -0.8812 -0.3343
vn -0.3467 -0.8715 -0.3467
vn -0.2724 -0.8715 -0.4077
vn -0.2859 -0.8574 -0.4279
vn -0.3639 -0.8574 -0.3639
vn -0.3808 -0.8426 -0.3808
vn -0.2992 -0.8426 -0.4478
vn -0.3124 -0.8270 -0.4675
vn -0.3975 -0.8270 -0.3975
vn -0.4142 -0.8105 -0.4142
vn -0.3255 -0.8105 -0.4871
vn -0.3385 -0.7929 -0.5067
vn -0.4308 -0.7929 -0.4308
vn -0.4475 -0.7742 -0.4475
vn -0.3517 -0.7742 -0.5263
vn -0.3648 -0.7542 -0.5460
vn -0.4643 -0.7542 -0.4643
vn -0.4812 -0.7327 -0.4812
vn -0.3781 -0.7327 -0.5659
vn -0.3915 -0.7096 -0.5859
vn -0.4982 -0.7097 -0.4982
vn -0.4176 -0.6596 -0.6250
vn -0.5315 -0.6596 -0.5315
vn -0.5454 -0.6365 -0.5454
vn -0.4285 -0.6364 -0.6413
vn -0.4385 -0.6140 -0.6563
vn -0.5581 -0.6140 -0.5581
vn -0.5703 -0.5912 -0.5703
vn -0.4481 -0.5911 -0.6707
vn -0.4581 -0.5657 -0.6856
vn -0.5830 -0.5658 -0.5830
vn -0.5970 -0.5358 -0.5970
vn -0.4691 -0.5357 -0.7021
vn -0.4805 -0.5019 -0.7192
vn -0.6116 -0.5020 -0.6116
vn -0.6260 -0.4650 -0.6260
vn -0.4919 -0.4649 -0.7361
vn -0.5028 -0.4254 -0.7525
vn -0.6399 -0.4255 -0.6399
vn -0.6529 -0.3841 -0.6529
vn -0.5130 -0.3841 -0.7677
vn -0.5222 -0.3415 -0.7815
vn -0.6646 -0.3415 -0.6646
vn -0.6749 -0.2982 -0.6749
vn -0.5303 -0.2982 -0.7937
vn -0.5372 -0.2547 -0.8041
vn -0.6838 -0.2547 -0.6838
vn -0.6911 -0.2115 -0.6911
vn -0.5430 -0.2115 -0.8127
vn -0.5474 -0.1704 -0.8193
vn -0.6968 -0.1704 -0.6968
vn -0.7010 -0.1316 -0.7010
vn -0.5507 -0.1316 -0.8242
vn -0.5531 -0.0948 -0.8277
vn -0.7039 -0.0948 -0.7039
vn -0.7058 -0.0597 -0.7058
vn -0.5546 -0.0596 -0.8300
vn -0.5554 -0.0250 -0.8312
vn -0.7069 -0.0250 -0.7069
vn -0.7071 0.0095 -0.7071
vn -0.5555 0.0095 -0.8314
vn -0.5550 0.0442 -0.8307
vn -0.7064 0.0442 -0.7064
vn -0.7049 0.0792 -0.7049
vn -0.5538 0.0792 -0.8289
vn -0.5519 0.1150 -0.8260
vn -0.7024 0.1150 -0.7024
vn -0.6989 0.1519 -0.6989
vn -0.5491 0.1519 -0.8218
vn -0.5454 0.1903 -0.8163
vn -0.6942 0.1903 -0.6942
vn -0.6880 0.2307 -0.6880
vn -0.5406 0.2306 -0.8091
vn -0.5344 0.2735 -0.7998
vn -0.6801 0.2735 -0.6801
vn -0.6701 0.3194 -0.6701
vn -0.5265 0.3194 -0.7879
vn -0.5175 0.3638 -0.7745
vn -0.6586 0.3639 -0.6586
vn -0.6476 0.4017 -0.6476
vn -0.5088 0.4016 -0.7615
vn -0.5011 0.4320 -0.7499
vn -0.6377 0.4321 -0.6377
vn -0.6302 0.4535 -0.6302
vn -0.4952 0.4534 -0.7411
vn -0.4903 0.4702 -0.7338
vn -0.6241 0.4702 -0.6241
vn -0.6174 0.4876 -0.6174
vn -0.4851 0.4875 -0.7260
vn -0.4795 0.5052 -0.7176
vn -0.6102 0.5053 -0.6102
vn -0.6027 0.5230 -0.6027
vn -0.4736 0.5229 -0.7087
vn -0.4675 0.5403 -0.6997
vn -0.5950 0.5403 -0.5950
vn -0.5873 0.5569 -0.5873
vn -0.4615 0.5568 -0.6906
vn -0.4557 0.5721 -0.6820
vn -0.5799 0.5721 -0.5799
vn -0.5732 0.5855 -0.5732
vn -0.4504 0.5855 -0.6741
vn -0.4459 0.5965 -0.6673
vn -0.5675 0.5966 -0.5675
vn -0.5631 0.6049 -0.5631
vn -0.4424 0.6048 -0.6622
vn -0.4305 0.6321 -0.6443
vn -0.5479 0.6321 -0.5479
vn -0.5131 0.6881 -0.5131
vn -0.4031 0.6881 -0.6033
vn -0.4054 0.6839 -0.6067
vn -0.5158 0.6840 -0.5158
vn -0.6279 0.4600 -0.6279
vn -0.4934 0.4598 -0.7384
vn -0.5340 0.2762 -0.7991
vn -0.6796 0.2762 -0.6796
vn -0.7907 0.3094 -0.5283
vn -0.8040 0.2550 -0.5372
vn -0.8785 0.3095 -0.3639
vn -0.8933 0.2551 -0.3700
vn -0.9124 0.1575 -0.3779
vn -0.8211 0.1574 -0.5486
vn -0.8281 0.0901 -0.5533
vn -0.9201 0.0901 -0.3811
vn -0.9225 0.0542 -0.3821
vn -0.8302 0.0542 -0.5548
vn -0.8310 0.0340 -0.5553
vn -0.9233 0.0340 -0.3825
vn -0.9238 0.0165 -0.3826
vn -0.8314 0.0165 -0.5555
vn -0.8315 0.0001 -0.5556
vn -0.9239 0.0001 -0.3827
vn -0.9238 -0.0162 -0.3826
vn -0.8314 -0.0162 -0.5555
vn -0.8310 -0.0333 -0.5553
vn -0.9234 -0.0334 -0.3825
vn -0.9226 -0.0522 -0.3822
vn -0.8303 -0.0522 -0.5548
vn -0.8292 -0.0739 -0.5541
vn -0.9214 -0.0739 -0.3816
vn -0.9193 -0.0999 -0.3808
vn -0.8273 -0.0998 -0.5528
vn -0.8242 -0.1324 -0.5507
vn -0.9157 -0.1324 -0.3793
vn -0.9096 -0.1752 -0.3768
vn -0.8186 -0.1751 -0.5470
vn -0.8091 -0.2303 -0.5406
vn -0.8990 -0.2304 -0.3724
vn -0.8824 -0.2961 -0.3655
vn -0.7942 -0.2960 -0.5307
vn -0.7740 -0.3653 -0.5172
vn -0.8600 -0.3653 -0.3562
vn -0.8352 -0.4276 -0.3459
vn -0.7516 -0.4275 -0.5022
vn -0.7279 -0.4833 -0.4864
vn -0.8087 -0.4834 -0.3350
vn -0.7789 -0.5378 -0.3226
vn -0.7011 -0.5377 -0.4684
vn -0.6715 -0.5898 -0.4487
vn -0.7460 -0.5898 -0.3090
vn -0.7106 -0.6390 -0.2944
vn -0.6396 -0.6389 -0.4274
vn -0.6060 -0.6847 -0.4049
vn -0.6733 -0.6848 -0.2789
vn -0.6345 -0.7268 -0.2628
vn -0.5711 -0.7267 -0.3816
vn -0.5356 -0.7649 -0.3579
vn -0.5950 -0.7650 -0.2465
vn -0.5554 -0.7992 -0.2300
vn -0.4999 -0.7991 -0.3340
vn -0.4645 -0.8294 -0.3103
vn -0.5160 -0.8295 -0.2137
vn -0.4773 -0.8562 -0.1977
vn -0.4297 -0.8561 -0.2871
vn -0.4033 -0.8745 -0.2695
vn -0.4480 -0.8745 -0.1856
vn -0.4348 -0.8823 -0.1801
vn -0.3914 -0.8823 -0.2615
vn -0.3931 -0.8812 -0.2627
vn -0.4367 -0.8812 -0.1809
vn -0.4530 -0.8715 -0.1876
vn -0.4077 -0.8715 -0.2724
vn -0.4279 -0.8574 -0.2859
vn -0.4754 -0.8574 -0.1969
vn -0.4975 -0.8426 -0.2061
vn -0.4478 -0.8426 -0.2992
vn -0.4675 -0.8270 -0.3124
vn -0.5194 -0.8270 -0.2151
vn -0.5412 -0.8105 -0.2242
vn -0.4871 -0.8105 -0.3255
vn -0.5067 -0.7929 -0.3385
vn -0.5629 -0.7929 -0.2332
vn -0.5847 -0.7742 -0.2422
vn -0.5263 -0.7742 -0.3517
vn -0.5460 -0.7542 -0.3648
vn -0.6066 -0.7542 -0.2513
vn -0.6287 -0.7327 -0.2604
vn -0.5659 -0.7327 -0.3781
vn -0.5859 -0.7096 -0.3915
vn -0.6509 -0.7097 -0.2696
vn -0.6250 -0.6596 -0.4176
vn -0.6944 -0.6596 -0.2876
vn -0.7126 -0.6365 -0.2952
vn -0.6413 -0.6364 -0.4285
vn -0.6563 -0.6140 -0.4385
vn -0.7292 -0.6140 -0.3020
vn -0.7452 -0.5912 -0.3087
vn -0.6707 -0.5911 -0.4481
vn -0.6856 -0.5657 -0.4581
vn -0.7618 -0.5658 -0.3155
vn -0.7801 -0.5358 -0.3231
vn -0.7021 -0.5357 -0.4691
vn -0.7192 -0.5019 -0.4805
vn -0.7991 -0.5020 -0.3310
vn -0.8179 -0.4650 -0.3388
vn -0.7361 -0.4649 -0.4919
vn -0.7525 -0.4254 -0.5028
vn -0.8361 -0.4255 -0.3463
vn -0.8530 -0.3841 -0.3533
vn -0.7677 -0.3841 -0.5130
vn -0.7815 -0.3415 -0.5222
vn -0.8683 -0.3415 -0.3597
vn -0.8818 -0.2982 -0.3653
vn -0.7937 -0.2982 -0.5303
vn -0.8041 -0.2547 -0.5372
vn -0.8934 -0.2547 -0.3701
vn -0.9030 -0.2115 -0.3740
vn -0.8127 -0.2115 -0.5430
vn -0.8193 -0.1704 -0.5474
vn -0.9104 -0.1704 -0.3771
vn -0.9158 -0.1316 -0.3794
vn -0.8242 -0.1316 -0.5507
vn -0.8277 -0.0948 -0.5531
vn -0.9197 -0.0948 -0.3810
vn -0.9222 -0.0597 -0.3820
vn -0.8300 -0.0596 -0.5546
vn -0.8312 -0.0250 -0.5554
vn -0.9236 -0.0250 -0.3826
vn -0.9238 0.0095 -0.3827
vn -0.8314 0.0095 -0.5555
vn -0.8307 0.0442 -0.5550
vn -0.9230 0.0442 -0.3823
vn -0.9210 0.0792 -0.3815
vn -0.8289 0.0792 -0.5538
vn -0.8260 0.1150 -0.5519
vn -0.9177 0.1150 -0.3801
vn -0.9132 0.1519 -0.3782
vn -0.8218 0.1519 -0.5491
vn -0.8163 0.1903 -0.5454
vn -0.9070 0.1903 -0.3757
vn -0.8990 0.2307 -0.3724
vn -0.8091 0.2307 -0.5406
vn -0.7998 0.2735 -0.5344
vn -0.8886 0.2735 -0.3681
vn -0.8755 0.3194 -0.3626
vn -0.7879 0.3194 -0.5265
vn -0.7745 0.3638 -0.5175
vn -0.8605 0.3639 -0.3564
vn -0.8461 0.4017 -0.3505
vn -0.7615 0.4016 -0.5088
vn -0.7499 0.4320 -0.5011
vn -0.8332 0.4321 -0.3451
vn -0.8234 0.4535 -0.3411
vn -0.7411 0.4534 -0.4952
vn -0.7338 0.4702 -0.4903
vn -0.8154 0.4702 -0.3377
vn -0.8066 0.4876 -0.3341
vn -0.7260 0.4875 -0.4851
vn -0.7176 0.5052 -0.4795
vn -0.7973 0.5053 -0.3302
vn -0.7875 0.5230 -0.3262
vn -0.7087 0.5229 -0.4736
vn -0.6997 0.5403 -0.4675
vn -0.7774 0.5403 -0.3220
vn -0.7674 0.5569 -0.3179
vn -0.6906 0.5568 -0.4615
vn -0.6820 0.5721 -0.4557
vn -0.7577 0.5721 -0.3139
vn -0.7489 0.5855 -0.3102
vn -0.6741 0.5855 -0.4504
vn -0.6673 0.5965 -0.4459
vn -0.7415 0.5966 -0.3071
vn -0.7357 0.6049 -0.3047
vn -0.6622 0.6048 -0.4424
vn -0.6443 0.6321 -0.4305
vn -0.7159 0.6321 -0.2965
vn -0.6704 0.6881 -0.2777
vn -0.6033 0.6881 -0.4031
vn -0.6067 0.6839 -0.4054
vn -0.6740 0.6840 -0.2792
vn -0.8203 0.4600 -0.3398
vn -0.7384 0.4598 -0.4934
vn -0.7991 0.2762 -0.5340
vn -0.8879 0.2762 -0.3678
vn -0.9327 0.3094 -0.1855
vn -0.9484 0.2550 -0.1886
vn -0.9686 0.1574 -0.1927
vn -0.9768 0.0901 -0.1943
vn -0.9793 0.0542 -0.1948
vn -0.9802 0.0340 -0.1950
vn -0.9807 0.0165 -0.1951
vn -0.9808 0.0001 -0.1951
vn -0.9807 -0.0162 -0.1951
vn -0.9802 -0.0333 -0.1950
vn -0.9794 -0.0522 -0.1948
vn -0.9781 -0.0739 -0.1946
vn -0.9759 -0.0998 -0.1941
vn -0.9722 -0.1324 -0.1934
vn -0.9656 -0.1751 -0.1921
vn -0.9544 -0.2303 -0.1898
vn -0.9368 -0.2960 -0.1863
vn -0.9130 -0.3653 -0.1816
vn -0.8866 -0.4275 -0.1764
vn -0.8586 -0.4834 -0.1708
vn -0.8269 -0.5377 -0.1645
vn -0.7921 -0.5898 -0.1576
vn -0.7545 -0.6389 -0.1501
vn -0.7148 -0.6847 -0.1422
vn -0.6737 -0.7267 -0.1340
vn -0.6318 -0.7649 -0.1257
vn -0.5897 -0.7991 -0.1173
vn -0.5479 -0.8294 -0.1090
vn -0.5068 -0.8561 -0.1008
vn -0.4757 -0.8745 -0.0946
vn -0.4617 -0.8823 -0.0918
vn -0.4637 -0.8812 -0.0922
vn -0.4810 -0.8715 -0.0957
vn -0.5048 -0.8574 -0.1004
vn -0.5282 -0.8426 -0.1051
vn -0.5514 -0.8270 -0.1097
vn -0.5745 -0.8105 -0.1143
vn -0.5976 -0.7929 -0.1189
vn -0.6208 -0.7742 -0.1235
vn -0.6441 -0.7542 -0.1281
vn -0.6675 -0.7327 -0.1328
vn -0.6911 -0.7096 -0.1375
vn -0.7372 -0.6596 -0.1466
vn -0.7565 -0.6364 -0.1505
vn -0.7742 -0.6140 -0.1540
vn -0.7911 -0.5911 -0.1574
vn -0.8088 -0.5657 -0.1609
vn -0.8282 -0.5357 -0.1647
vn -0.8483 -0.5019 -0.1687
vn -0.8683 -0.4649 -0.1727
vn -0.8876 -0.4254 -0.1766
vn -0.9056 -0.3841 -0.1801
vn -0.9218 -0.3415 -0.1834
vn -0.9362 -0.2982 -0.1862
vn -0.9484 -0.2547 -0.1887
vn -0.9586 -0.2115 -0.1907
vn -0.9664 -0.1704 -0.1922
vn -0.9723 -0.1316 -0.1934
vn -0.9764 -0.0948 -0.1942
vn -0.9790 -0.0596 -0.1947
vn -0.9805 -0.0250 -0.1950
vn -0.9807 0.0095 -0.1951
vn -0.9798 0.0442 -0.1949
vn -0.9777 0.0792 -0.1945
vn -0.9743 0.1150 -0.1938
vn -0.9694 0.1519 -0.1928
vn -0.9629 0.1903 -0.1915
vn -0.9543 0.2307 -0.1898
vn -0.9434 0.2735 -0.1877
vn -0.9294 0.3194 -0.1849
vn -0.9136 0.3638 -0.1817
vn -0.8982 0.4016 -0.1787
vn -0.8845 0.4320 -0.1759
vn -0.8742 0.4534 -0.1739
vn -0.8656 0.4702 -0.1722
vn -0.8563 0.4875 -0.1703
vn -0.8464 0.5052 -0.1684
vn -0.8360 0.5229 -0.1663
vn -0.8253 0.5403 -0.1642
vn -0.8147 0.5568 -0.1620
vn -0.8045 0.5721 -0.1600
vn -0.7951 0.5855 -0.1582
vn -0.7872 0.5965 -0.1566
vn -0.7811 0.6048 -0.1554
vn -0.7600 0.6321 -0.1512
vn -0.7117 0.6881 -0.1416
vn -0.7156 0.6839 -0.1423
vn -0.8710 0.4598 -0.1732
vn -0.9426 0.2762 -0.1875
vt 0.607044 0.928519
vt 0.604968 0.928519
vt 0.603262 0.925435
vt 0.605305 0.925435
vt 0.598896 0.928519
vt 0.597289 0.925435
vt 0.596200 0.922092
vt 0.602106 0.922092
vt 0.604126 0.922092
vt 0.601373 0.918364
vt 0.603378 0.918364
vt 0.595509 0.918364
vt 0.595074 0.914193
vt 0.600911 0.914193
vt 0.602907 0.914193
vt 0.600567 0.909521
vt 0.602557 0.909521
vt 0.594750 0.909521
vt 0.594549 0.904451
vt 0.600353 0.904451
vt 0.602339 0.904451
vt 0.600279 0.899084
vt 0.602263 0.899084
vt 0.594478 0.899084
vt 0.594549 0.893522
vt 0.600354 0.893522
vt 0.602340 0.893522
vt 0.600589 0.887867
vt 0.602579 0.887867
vt 0.594771 0.887867
vt 0.595153 0.882220
vt 0.600995 0.882220
vt 0.602993 0.882220
vt 0.601581 0.876683
vt 0.603590 0.876683
vt 0.595705 0.876683
vt 0.596437 0.871358
vt 0.602357 0.871358
vt 0.604382 0.871358
vt 0.603335 0.866347
vt 0.605379 0.866347
vt 0.597358 0.866347
vt 0.598478 0.861751
vt 0.604524 0.861751
vt 0.606592 0.861751
vt 0.605934 0.857672
vt 0.608030 0.857672
vt 0.599806 0.857672
vt 0.601395 0.853995
vt 0.607620 0.853995
vt 0.609749 0.853995
vt 0.609638 0.850605
vt 0.611807 0.850605
vt 0.603296 0.850605
vt 0.605579 0.847326
vt 0.612060 0.847326
vt 0.614277 0.847326
vt 0.614963 0.843983
vt 0.617238 0.843983
vt 0.608313 0.843983
vt 0.611538 0.840588
vt 0.618386 0.840588
vt 0.620728 0.840588
vt 0.622368 0.837152
vt 0.624789 0.837152
vt 0.615290 0.837152
vt 0.619606 0.833688
vt 0.626949 0.833688
vt 0.629461 0.833688
vt 0.632170 0.830208
vt 0.634785 0.830208
vt 0.624525 0.830208
vt 0.630084 0.826723
vt 0.638070 0.826723
vt 0.640802 0.826723
vt 0.644689 0.823244
vt 0.647552 0.823244
vt 0.636320 0.823244
vt 0.643271 0.819785
vt 0.652067 0.819785
vt 0.655075 0.819785
vt 0.660244 0.816356
vt 0.663414 0.816356
vt 0.650975 0.816356
vt 0.659468 0.812969
vt 0.669258 0.812969
vt 0.672607 0.812969
vt 0.679152 0.809637
vt 0.682696 0.809637
vt 0.668789 0.809637
vt 0.678775 0.806279
vt 0.689751 0.806279
vt 0.693505 0.806279
vt 0.700884 0.802815
vt 0.704858 0.802815
vt 0.689264 0.802815
vt 0.700042 0.799160
vt 0.712324 0.799160
vt 0.716524 0.799160
vt 0.723844 0.795230
vt 0.728272 0.795230
vt 0.710896 0.795230
vt 0.721784 0.791027
vt 0.735400 0.791027
vt 0.740057 0.791027
vt 0.746951 0.786558
vt 0.751837 0.786558
vt 0.732667 0.786558
vt 0.743505 0.781824
vt 0.758455 0.781825
vt 0.763568 0.781825
vt 0.769867 0.776832
vt 0.775206 0.776832
vt 0.754257 0.776832
vt 0.764885 0.771586
vt 0.781147 0.771586
vt 0.786709 0.771586
vt 0.792251 0.766088
vt 0.798033 0.766088
vt 0.775346 0.766088
vt 0.785603 0.760344
vt 0.803137 0.760344
vt 0.809134 0.760344
vt 0.813763 0.754359
vt 0.819970 0.754359
vt 0.795613 0.754359
vt 0.805339 0.748135
vt 0.824085 0.748135
vt 0.830496 0.748135
vt 0.834061 0.741678
vt 0.840670 0.741678
vt 0.814738 0.741678
vt 0.824032 0.734856
vt 0.843926 0.734856
vt 0.850730 0.734856
vt 0.853914 0.727540
vt 0.860915 0.727540
vt 0.833442 0.727540
vt 0.843122 0.719546
vt 0.864187 0.719546
vt 0.871392 0.719546
vt 0.874911 0.710695
vt 0.882328 0.710695
vt 0.853225 0.710695
vt 0.863612 0.700912
vt 0.885936 0.700912
vt 0.893571 0.700912
vt 0.897114 0.690127
vt 0.904970 0.690127
vt 0.874144 0.690127
vt 0.884680 0.678265
vt 0.908297 0.678265
vt 0.916375 0.678265
vt 0.919338 0.665255
vt 0.927633 0.665255
vt 0.895082 0.665255
vt 0.905209 0.651025
vt 0.930086 0.651025
vt 0.938595 0.651025
vt 0.940395 0.635502
vt 0.949108 0.635502
vt 0.914921 0.635502
vt 0.924080 0.618613
vt 0.950117 0.618613
vt 0.959021 0.618613
vt 0.959102 0.600287
vt 0.968184 0.600287
vt 0.932546 0.600287
vt 0.940178 0.580450
vt 0.967202 0.580450
vt 0.976445 0.580450
vt 0.974270 0.559030
vt 0.983653 0.559030
vt 0.946837 0.559030
vt 0.952372 0.536406
vt 0.980146 0.536406
vt 0.989644 0.536406
vt 0.984669 0.512957
vt 0.994257 0.512957
vt 0.956634 0.512957
vt 0.959584 0.489169
vt 0.987800 0.489169
vt 0.997451 0.489169
vt 0.989503 0.465529
vt 0.999187 0.465529
vt 0.961189 0.465529
vt 0.961478 0.442128
vt 0.989811 0.442128
vt 0.999501 0.442128
vt 0.988757 0.419056
vt 0.998426 0.419056
vt 0.960486 0.419056
vt 0.958244 0.396404
vt 0.986377 0.396404
vt 0.995999 0.396404
vt 0.982705 0.374262
vt 0.992255 0.374262
vt 0.954784 0.374262
vt 0.950139 0.352720
vt 0.977775 0.352720
vt 0.987227 0.352720
vt 0.971621 0.331869
vt 0.980951 0.331869
vt 0.944341 0.331869
vt 0.937422 0.311800
vt 0.964277 0.311800
vt 0.973462 0.311800
vt 0.955778 0.292601
vt 0.964794 0.292601
vt 0.929414 0.292601
vt 0.920350 0.274365
vt 0.946157 0.274365
vt 0.954984 0.274365
vt 0.935450 0.257181
vt 0.944065 0.257181
vt 0.910262 0.257181
vt 0.899517 0.241107
vt 0.924046 0.241107
vt 0.932434 0.241107
vt 0.912334 0.226202
vt 0.920491 0.226202
vt 0.888483 0.226202
vt 0.877485 0.212407
vt 0.900660 0.212407
vt 0.908587 0.212407
vt 0.889371 0.199659
vt 0.897074 0.199659
vt 0.866848 0.199659
vt 0.856544 0.187874
vt 0.878434 0.187874
vt 0.885920 0.187874
vt 0.867816 0.176962
vt 0.875093 0.176962
vt 0.846540 0.176962
vt 0.836808 0.166836
vt 0.857486 0.166836
vt 0.864559 0.166836
vt 0.847413 0.157409
vt 0.854286 0.157409
vt 0.827317 0.157409
vt 0.818038 0.148595
vt 0.837563 0.148595
vt 0.844241 0.148595
vt 0.827906 0.140304
vt 0.834393 0.140304
vt 0.808939 0.140304
vt 0.799990 0.132451
vt 0.818408 0.132451
vt 0.824707 0.132451
vt 0.809039 0.124947
vt 0.815152 0.124947
vt 0.791163 0.124947
vt 0.782426 0.117705
vt 0.799765 0.117705
vt 0.805695 0.117705
vt 0.790555 0.110638
vt 0.796303 0.110638
vt 0.773749 0.110638
vt 0.763258 0.103149
vt 0.779420 0.103149
vt 0.784948 0.103149
vt 0.764371 0.094642
vt 0.769601 0.094642
vt 0.749079 0.094642
vt 0.737037 0.085679
vt 0.751590 0.085679
vt 0.756567 0.085679
vt 0.747261 0.076820
vt 0.752153 0.076820
vt 0.732959 0.076820
vt 0.588988 0.928519
vt 0.587541 0.925435
vt 0.575692 0.928519
vt 0.574462 0.925435
vt 0.573628 0.922092
vt 0.586561 0.922092
vt 0.585940 0.918364
vt 0.573100 0.918364
vt 0.572766 0.914193
vt 0.585548 0.914193
vt 0.585257 0.909521
vt 0.572519 0.909521
vt 0.572364 0.904451
vt 0.585076 0.904451
vt 0.585012 0.899084
vt 0.572311 0.899084
vt 0.572365 0.893522
vt 0.585076 0.893522
vt 0.585276 0.887867
vt 0.572535 0.887867
vt 0.572827 0.882220
vt 0.585619 0.882220
vt 0.586116 0.876683
vt 0.573250 0.876683
vt 0.573810 0.871358
vt 0.586774 0.871358
vt 0.587603 0.866347
vt 0.574514 0.866347
vt 0.575372 0.861751
vt 0.588611 0.861751
vt 0.589806 0.857672
vt 0.576389 0.857672
vt 0.577605 0.853995
vt 0.591236 0.853995
vt 0.592946 0.850605
vt 0.579059 0.850605
vt 0.580806 0.847326
vt 0.595000 0.847326
vt 0.597461 0.843983
vt 0.582900 0.843983
vt 0.585367 0.840588
vt 0.600363 0.840588
vt 0.603738 0.837152
vt 0.588239 0.837152
vt 0.591543 0.833688
vt 0.607623 0.833688
vt 0.612049 0.830208
vt 0.595307 0.830208
vt 0.599562 0.826723
vt 0.617050 0.826723
vt 0.622662 0.823244
vt 0.604335 0.823244
vt 0.609655 0.819785
vt 0.628916 0.819785
vt 0.635848 0.816356
vt 0.615551 0.816356
vt 0.622052 0.812969
vt 0.643490 0.812969
vt 0.651877 0.809637
vt 0.629185 0.809637
vt 0.636829 0.806279
vt 0.660863 0.806279
vt 0.670301 0.802815
vt 0.644857 0.802815
vt 0.653106 0.799160
vt 0.680000 0.799160
vt 0.689765 0.795230
vt 0.661413 0.795230
vt 0.669746 0.791027
vt 0.699563 0.791027
vt 0.709355 0.786558
vt 0.678076 0.786558
vt 0.686370 0.781824
vt 0.719107 0.781824
vt 0.728783 0.776832
vt 0.694600 0.776832
vt 0.702734 0.771586
vt 0.738345 0.771586
vt 0.747759 0.766088
vt 0.710741 0.766088
vt 0.718591 0.760344
vt 0.756987 0.760344
vt 0.765995 0.754359
vt 0.726253 0.754359
vt 0.733696 0.748135
vt 0.774746 0.748135
vt 0.783204 0.741678
vt 0.740890 0.741678
vt 0.748004 0.734856
vt 0.791567 0.734856
vt 0.800034 0.727540
vt 0.755206 0.727540
vt 0.762614 0.719546
vt 0.808743 0.719546
vt 0.817834 0.710695
vt 0.770347 0.710695
vt 0.778297 0.700912
vt 0.827181 0.700912
vt 0.836657 0.690127
vt 0.786357 0.690127
vt 0.794421 0.678265
vt 0.846138 0.678265
vt 0.855497 0.665255
vt 0.802382 0.665255
vt 0.810133 0.651025
vt 0.864610 0.651025
vt 0.873349 0.635502
vt 0.817567 0.635502
vt 0.824577 0.618613
vt 0.881590 0.618613
vt 0.889207 0.600287
vt 0.831056 0.600287
vt 0.836897 0.580450
vt 0.896075 0.580450
vt 0.902067 0.559030
vt 0.841994 0.559030
vt 0.846231 0.536406
vt 0.907048 0.536406
vt 0.910882 0.512957
vt 0.849492 0.512957
vt 0.851751 0.489169
vt 0.913537 0.489169
vt 0.914981 0.465529
vt 0.852978 0.465529
vt 0.853200 0.442128
vt 0.915241 0.442128
vt 0.914348 0.419056
vt 0.852441 0.419056
vt 0.850725 0.396404
vt 0.912331 0.396404
vt 0.909218 0.374262
vt 0.848076 0.374262
vt 0.844521 0.352720
vt 0.905038 0.352720
vt 0.899821 0.331869
vt 0.840084 0.331869
vt 0.834788 0.311800
vt 0.893595 0.311800
vt 0.886390 0.292601
vt 0.828659 0.292601
vt 0.821722 0.274365
vt 0.878234 0.274365
vt 0.869157 0.257181
vt 0.814001 0.257181
vt 0.805777 0.241107
vt 0.859488 0.241107
vt 0.849560 0.226202
vt 0.797332 0.226202
vt 0.788914 0.212407
vt 0.839664 0.212407
vt 0.830093 0.199659
vt 0.780774 0.199659
vt 0.772887 0.187874
vt 0.820820 0.187873
vt 0.811819 0.176961
vt 0.765230 0.176961
vt 0.757782 0.166836
vt 0.803062 0.166836
vt 0.794522 0.157409
vt 0.750518 0.157409
vt 0.743415 0.148595
vt 0.786172 0.148595
vt 0.777985 0.140304
vt 0.736451 0.140304
vt 0.729603 0.132451
vt 0.769933 0.132451
vt 0.761990 0.124947
vt 0.722846 0.124947
vt 0.716159 0.117705
vt 0.754128 0.117705
vt 0.746321 0.110638
vt 0.709518 0.110638
vt 0.701489 0.103149
vt 0.736881 0.103149
vt 0.724123 0.094642
vt 0.690637 0.094642
vt 0.681420 0.085679
vt 0.713288 0.085679
vt 0.709618 0.076820
vt 0.678299 0.076820
vt 0.559460 0.928519
vt 0.558493 0.925435
vt 0.540964 0.928519
vt 0.540298 0.925435
vt 0.539847 0.922092
vt 0.557839 0.922092
vt 0.557423 0.918364
vt 0.539561 0.918364
vt 0.539381 0.914193
vt 0.557161 0.914193
vt 0.556967 0.909521
vt 0.539247 0.909521
vt 0.539163 0.904451
vt 0.556846 0.904451
vt 0.556804 0.899084
vt 0.539134 0.899084
vt 0.539164 0.893522
vt 0.556846 0.893522
vt 0.556979 0.887867
vt 0.539256 0.887867
vt 0.539414 0.882220
vt 0.557209 0.882220
vt 0.557541 0.876683
vt 0.539642 0.876683
vt 0.539946 0.871358
vt 0.557981 0.871358
vt 0.558535 0.866347
vt 0.540327 0.866347
vt 0.540791 0.861751
vt 0.559208 0.861751
vt 0.560007 0.857672
vt 0.541341 0.857672
vt 0.541999 0.853995
vt 0.560962 0.853995
vt 0.562105 0.850605
vt 0.542787 0.850605
vt 0.543732 0.847326
vt 0.563477 0.847326
vt 0.565122 0.843983
vt 0.544865 0.843983
vt 0.546201 0.840588
vt 0.567060 0.840588
vt 0.569316 0.837152
vt 0.547755 0.837152
vt 0.549543 0.833688
vt 0.571911 0.833688
vt 0.574869 0.830208
vt 0.551580 0.830208
vt 0.553883 0.826723
vt 0.578211 0.826723
vt 0.581960 0.823244
vt 0.556466 0.823244
vt 0.559345 0.819785
vt 0.586139 0.819785
vt 0.590771 0.816356
vt 0.562536 0.816356
vt 0.566054 0.812969
vt 0.595877 0.812969
vt 0.601481 0.809637
vt 0.569915 0.809637
vt 0.574051 0.806279
vt 0.607485 0.806279
vt 0.613792 0.802815
vt 0.578396 0.802815
vt 0.582860 0.799160
vt 0.620272 0.799160
vt 0.626797 0.795230
vt 0.587356 0.795230
vt 0.591866 0.791027
vt 0.633344 0.791027
vt 0.639887 0.786558
vt 0.596374 0.786558
vt 0.600863 0.781825
vt 0.646403 0.781824
vt 0.652868 0.776832
vt 0.605317 0.776832
vt 0.609719 0.771586
vt 0.659257 0.771586
vt 0.665547 0.766088
vt 0.614052 0.766088
vt 0.618301 0.760344
vt 0.671713 0.760344
vt 0.677732 0.754359
vt 0.622447 0.754359
vt 0.626475 0.748135
vt 0.683579 0.748135
vt 0.689231 0.741678
vt 0.630369 0.741678
vt 0.634219 0.734856
vt 0.694819 0.734856
vt 0.700476 0.727540
vt 0.638116 0.727540
vt 0.642126 0.719546
vt 0.706296 0.719546
vt 0.712370 0.710695
vt 0.646311 0.710695
vt 0.650613 0.700912
vt 0.718615 0.700912
vt 0.724947 0.690127
vt 0.654975 0.690127
vt 0.659340 0.678265
vt 0.731282 0.678265
vt 0.737536 0.665255
vt 0.663648 0.665255
vt 0.667843 0.651025
vt 0.743624 0.651025
vt 0.749464 0.635502
vt 0.671866 0.635502
vt 0.675660 0.618613
vt 0.754971 0.618613
vt 0.760060 0.600287
vt 0.679166 0.600287
vt 0.682328 0.580450
vt 0.764649 0.580450
vt 0.768653 0.559030
vt 0.685086 0.559030
vt 0.687379 0.536406
vt 0.771981 0.536406
vt 0.774543 0.512957
vt 0.689144 0.512957
vt 0.690366 0.489169
vt 0.776317 0.489169
vt 0.777281 0.465529
vt 0.691031 0.465529
vt 0.691151 0.442128
vt 0.777455 0.442128
vt 0.776859 0.419056
vt 0.690740 0.419056
vt 0.689811 0.396404
vt 0.775511 0.396404
vt 0.773430 0.374262
vt 0.688378 0.374262
vt 0.686454 0.352720
vt 0.770638 0.352720
vt 0.767152 0.331869
vt 0.684052 0.331869
vt 0.681186 0.311800
vt 0.762992 0.311800
vt 0.758177 0.292601
vt 0.677869 0.292601
vt 0.674115 0.274365
vt 0.752728 0.274365
vt 0.746663 0.257181
vt 0.669936 0.257181
vt 0.665485 0.241107
vt 0.740202 0.241107
vt 0.733568 0.226202
vt 0.660915 0.226202
vt 0.656359 0.212407
vt 0.726956 0.212407
vt 0.720561 0.199659
vt 0.651954 0.199659
vt 0.647685 0.187874
vt 0.714365 0.187874
vt 0.708351 0.176961
vt 0.643542 0.176961
vt 0.639510 0.166836
vt 0.702500 0.166836
vt 0.696794 0.157409
vt 0.635579 0.157409
vt 0.631735 0.148595
vt 0.691214 0.148595
vt 0.685744 0.140304
vt 0.627966 0.140304
vt 0.624260 0.132451
vt 0.680364 0.132451
vt 0.675056 0.124947
vt 0.620603 0.124947
vt 0.616984 0.117705
vt 0.669803 0.117705
vt 0.664586 0.110638
vt 0.613390 0.110638
vt 0.609045 0.103149
vt 0.658279 0.103149
vt 0.649754 0.094642
vt 0.603172 0.094642
vt 0.598184 0.085679
vt 0.642514 0.085679
vt 0.640062 0.076820
vt 0.596495 0.076820
vt 0.520880 0.928519
vt 0.520540 0.925435
vt 0.500000 0.928519
vt 0.500000 0.925435
vt 0.500000 0.922092
vt 0.520310 0.922092
vt 0.520164 0.918364
vt 0.500000 0.918364
vt 0.500000 0.914193
vt 0.520073 0.914193
vt 0.520004 0.909521
vt 0.500000 0.909521
vt 0.500000 0.904451
vt 0.519962 0.904451
vt 0.519947 0.899084
vt 0.500000 0.899084
vt 0.500000 0.893522
vt 0.519962 0.893522
vt 0.520009 0.887867
vt 0.500000 0.887867
vt 0.500000 0.882220
vt 0.520089 0.882220
vt 0.520206 0.876683
vt 0.500000 0.876683
vt 0.500000 0.871358
vt 0.520360 0.871358
vt 0.520555 0.866347
vt 0.500000 0.866347
vt 0.500000 0.861751
vt 0.520791 0.861751
vt 0.521072 0.857672
vt 0.500000 0.857672
vt 0.500000 0.853995
vt 0.521407 0.853995
vt 0.521808 0.850605
vt 0.500000 0.850605
vt 0.500000 0.847326
vt 0.522290 0.847326
vt 0.522868 0.843983
vt 0.500000 0.843983
vt 0.500000 0.840588
vt 0.523549 0.840588
vt 0.524341 0.837152
vt 0.500000 0.837152
vt 0.500000 0.833688
vt 0.525252 0.833688
vt 0.526290 0.830208
vt 0.500000 0.830208
vt 0.500000 0.826723
vt 0.527464 0.826723
vt 0.528781 0.823244
vt 0.500000 0.823244
vt 0.500000 0.819785
vt 0.530248 0.819785
vt 0.531875 0.816356
vt 0.500000 0.816356
vt 0.500000 0.812969
vt 0.533668 0.812969
vt 0.535636 0.809637
vt 0.500000 0.809637
vt 0.500000 0.806279
vt 0.537744 0.806279
vt 0.539958 0.802815
vt 0.500000 0.802815
vt 0.500000 0.799160
vt 0.542234 0.799160
vt 0.544525 0.795230
vt 0.500000 0.795230
vt 0.500000 0.791028
vt 0.546824 0.791027
vt 0.549122 0.786558
vt 0.500000 0.786558
vt 0.500000 0.781825
vt 0.551410 0.781825
vt 0.553680 0.776832
vt 0.500000 0.776832
vt 0.500000 0.771586
vt 0.555924 0.771586
vt 0.558132 0.766088
vt 0.500000 0.766088
vt 0.500000 0.760345
vt 0.560298 0.760344
vt 0.562411 0.754359
vt 0.500000 0.754359
vt 0.500000 0.748135
vt 0.564465 0.748135
vt 0.566449 0.741678
vt 0.500000 0.741678
vt 0.500000 0.734856
vt 0.568411 0.734856
vt 0.570398 0.727540
vt 0.500000 0.727540
vt 0.500000 0.719546
vt 0.572441 0.719546
vt 0.574574 0.710695
vt 0.500000 0.710695
vt 0.500000 0.700912
vt 0.576767 0.700912
vt 0.578991 0.690127
vt 0.500000 0.690127
vt 0.500000 0.678265
vt 0.581216 0.678265
vt 0.583412 0.665255
vt 0.500000 0.665256
vt 0.500000 0.651025
vt 0.585550 0.651025
vt 0.587600 0.635502
vt 0.500000 0.635502
vt 0.500000 0.618613
vt 0.589534 0.618613
vt 0.591321 0.600287
vt 0.500000 0.600287
vt 0.500000 0.580450
vt 0.592932 0.580450
vt 0.594338 0.559030
vt 0.500000 0.559030
vt 0.500000 0.536406
vt 0.595507 0.536406
vt 0.596407 0.512957
vt 0.500000 0.512957
vt 0.500000 0.489169
vt 0.597030 0.489169
vt 0.597368 0.465529
vt 0.500000 0.465529
vt 0.500000 0.442128
vt 0.597429 0.442128
vt 0.597220 0.419056
vt 0.500000 0.419056
vt 0.500000 0.396404
vt 0.596746 0.396404
vt 0.596016 0.374262
vt 0.500000 0.374262
vt 0.500000 0.352720
vt 0.595035 0.352720
vt 0.593811 0.331869
vt 0.500000 0.331869
vt 0.500000 0.311800
vt 0.592350 0.311800
vt 0.590660 0.292601
vt 0.500000 0.292601
vt 0.500000 0.274365
vt 0.588746 0.274365
vt 0.586616 0.257181
vt 0.500000 0.257181
vt 0.500000 0.241107
vt 0.584348 0.241107
vt 0.582018 0.226202
vt 0.500000 0.226202
vt 0.500000 0.212407
vt 0.579696 0.212407
vt 0.577451 0.199659
vt 0.500000 0.199659
vt 0.500000 0.187874
vt 0.575275 0.187874
vt 0.573163 0.176962
vt 0.500000 0.176962
vt 0.500000 0.166836
vt 0.571108 0.166836
vt 0.569105 0.157409
vt 0.500000 0.157409
vt 0.500000 0.148595
vt 0.567145 0.148595
vt 0.565224 0.140304
vt 0.500000 0.140304
vt 0.500000 0.132451
vt 0.563335 0.132451
vt 0.561471 0.124947
vt 0.500000 0.124947
vt 0.500000 0.117705
vt 0.559627 0.117705
vt 0.557795 0.110638
vt 0.500000 0.110638
vt 0.500000 0.103149
vt 0.555580 0.103149
vt 0.552586 0.094642
vt 0.500000 0.094642
vt 0.500000 0.085679
vt 0.550044 0.085679
vt 0.549183 0.076820
vt 0.500000 0.076820
vt 0.479121 0.928519
vt 0.479460 0.925435
vt 0.459036 0.928519
vt 0.459702 0.925435
vt 0.460153 0.922092
vt 0.479690 0.922092
vt 0.479836 0.918364
vt 0.460439 0.918364
vt 0.460619 0.914193
vt 0.479928 0.914193
vt 0.479996 0.909521
vt 0.460753 0.909521
vt 0.460837 0.904451
vt 0.480039 0.904451
vt 0.480053 0.899084
vt 0.460866 0.899084
vt 0.460837 0.893522
vt 0.480039 0.893522
vt 0.479992 0.887867
vt 0.460745 0.887867
vt 0.460587 0.882220
vt 0.479911 0.882220
vt 0.479795 0.876683
vt 0.460358 0.876683
vt 0.460055 0.871358
vt 0.479640 0.871358
vt 0.479446 0.866347
vt 0.459673 0.866347
vt 0.459209 0.861751
vt 0.479209 0.861751
vt 0.478929 0.857672
vt 0.458659 0.857672
vt 0.458001 0.853995
vt 0.478593 0.853995
vt 0.478192 0.850605
vt 0.457214 0.850605
vt 0.456268 0.847326
vt 0.477710 0.847326
vt 0.477133 0.843983
vt 0.455135 0.843983
vt 0.453800 0.840588
vt 0.476452 0.840588
vt 0.475660 0.837152
vt 0.452246 0.837152
vt 0.450458 0.833688
vt 0.474748 0.833688
vt 0.473710 0.830208
vt 0.448420 0.830208
vt 0.446118 0.826723
vt 0.472536 0.826723
vt 0.471220 0.823244
vt 0.443535 0.823244
vt 0.440655 0.819785
vt 0.469752 0.819785
vt 0.468126 0.816356
vt 0.437465 0.816356
vt 0.433946 0.812969
vt 0.466333 0.812969
vt 0.464365 0.809637
vt 0.430086 0.809637
vt 0.425949 0.806279
vt 0.462256 0.806279
vt 0.460042 0.802815
vt 0.421604 0.802815
vt 0.417140 0.799160
vt 0.457766 0.799160
vt 0.455475 0.795230
vt 0.412644 0.795230
vt 0.408134 0.791028
vt 0.453176 0.791028
vt 0.450878 0.786558
vt 0.403626 0.786558
vt 0.399137 0.781825
vt 0.448590 0.781825
vt 0.446320 0.776832
vt 0.394683 0.776832
vt 0.390281 0.771586
vt 0.444077 0.771586
vt 0.441868 0.766088
vt 0.385948 0.766088
vt 0.381700 0.760345
vt 0.439702 0.760345
vt 0.437589 0.754359
vt 0.377553 0.754359
vt 0.373525 0.748135
vt 0.435536 0.748135
vt 0.433551 0.741678
vt 0.369631 0.741678
vt 0.365782 0.734856
vt 0.431589 0.734856
vt 0.429602 0.727540
vt 0.361884 0.727540
vt 0.357874 0.719546
vt 0.427559 0.719546
vt 0.425426 0.710695
vt 0.353690 0.710695
vt 0.349387 0.700912
vt 0.423233 0.700912
vt 0.421009 0.690127
vt 0.345025 0.690127
vt 0.340660 0.678265
vt 0.418785 0.678265
vt 0.416589 0.665256
vt 0.336352 0.665256
vt 0.332157 0.651025
vt 0.414451 0.651025
vt 0.412400 0.635502
vt 0.328134 0.635502
vt 0.324340 0.618613
vt 0.410466 0.618613
vt 0.408679 0.600287
vt 0.320834 0.600287
vt 0.317672 0.580450
vt 0.407068 0.580450
vt 0.405662 0.559030
vt 0.314914 0.559030
vt 0.312621 0.536406
vt 0.404493 0.536406
vt 0.403593 0.512957
vt 0.310856 0.512957
vt 0.309634 0.489169
vt 0.402970 0.489169
vt 0.402632 0.465529
vt 0.308969 0.465529
vt 0.308849 0.442128
vt 0.402571 0.442128
vt 0.402780 0.419056
vt 0.309260 0.419056
vt 0.310189 0.396404
vt 0.403253 0.396404
vt 0.403984 0.374262
vt 0.311622 0.374262
vt 0.313546 0.352720
vt 0.404965 0.352720
vt 0.406189 0.331869
vt 0.315948 0.331870
vt 0.318814 0.311800
vt 0.407649 0.311800
vt 0.409340 0.292601
vt 0.322131 0.292601
vt 0.325885 0.274365
vt 0.411254 0.274365
vt 0.413383 0.257181
vt 0.330064 0.257181
vt 0.334514 0.241107
vt 0.415652 0.241107
vt 0.417982 0.226202
vt 0.339085 0.226203
vt 0.343640 0.212407
vt 0.420304 0.212407
vt 0.422549 0.199659
vt 0.348046 0.199659
vt 0.352315 0.187874
vt 0.424725 0.187874
vt 0.426837 0.176962
vt 0.356458 0.176962
vt 0.360489 0.166836
vt 0.428891 0.166836
vt 0.430895 0.157409
vt 0.364421 0.157409
vt 0.368264 0.148595
vt 0.432854 0.148595
vt 0.434775 0.140304
vt 0.372033 0.140304
vt 0.375740 0.132451
vt 0.436665 0.132451
vt 0.438528 0.124947
vt 0.379396 0.124947
vt 0.383015 0.117705
vt 0.440373 0.117705
vt 0.442205 0.110638
vt 0.386609 0.110638
vt 0.390955 0.103149
vt 0.444420 0.103149
vt 0.447413 0.094642
vt 0.396828 0.094642
vt 0.401816 0.085679
vt 0.449955 0.085679
vt 0.450816 0.076820
vt 0.403505 0.076820
vt 0.440541 0.928519
vt 0.441507 0.925435
vt 0.424308 0.928519
vt 0.425539 0.925435
vt 0.426372 0.922092
vt 0.442162 0.922092
vt 0.442577 0.918364
vt 0.426901 0.918364
vt 0.427234 0.914193
vt 0.442839 0.914193
vt 0.443033 0.909521
vt 0.427482 0.909521
vt 0.427636 0.904451
vt 0.443155 0.904451
vt 0.443197 0.899084
vt 0.427690 0.899084
vt 0.427635 0.893522
vt 0.443154 0.893522
vt 0.443021 0.887867
vt 0.427466 0.887867
vt 0.427173 0.882220
vt 0.442791 0.882220
vt 0.442459 0.876683
vt 0.426751 0.876683
vt 0.426191 0.871358
vt 0.442019 0.871358
vt 0.441466 0.866347
vt 0.425486 0.866347
vt 0.424629 0.861751
vt 0.440792 0.861751
vt 0.439993 0.857672
vt 0.423612 0.857672
vt 0.422396 0.853995
vt 0.439038 0.853995
vt 0.437895 0.850605
vt 0.420941 0.850605
vt 0.419194 0.847326
vt 0.436523 0.847326
vt 0.434879 0.843983
vt 0.417101 0.843983
vt 0.414633 0.840588
vt 0.432940 0.840588
vt 0.430684 0.837152
vt 0.411761 0.837152
vt 0.408458 0.833688
vt 0.428089 0.833688
vt 0.425132 0.830208
vt 0.404693 0.830208
vt 0.400438 0.826723
vt 0.421790 0.826723
vt 0.418040 0.823244
vt 0.395665 0.823244
vt 0.390345 0.819785
vt 0.413861 0.819785
vt 0.409230 0.816356
vt 0.384449 0.816356
vt 0.377949 0.812969
vt 0.404123 0.812969
vt 0.398519 0.809637
vt 0.370815 0.809637
vt 0.363172 0.806279
vt 0.392515 0.806279
vt 0.386209 0.802815
vt 0.355144 0.802815
vt 0.346894 0.799160
vt 0.379728 0.799160
vt 0.373203 0.795230
vt 0.338588 0.795230
vt 0.330254 0.791028
vt 0.366657 0.791028
vt 0.360113 0.786558
vt 0.321925 0.786558
vt 0.313630 0.781825
vt 0.353597 0.781825
vt 0.347133 0.776833
vt 0.305400 0.776833
vt 0.297266 0.771586
vt 0.340743 0.771586
vt 0.334453 0.766088
vt 0.289259 0.766088
vt 0.281409 0.760345
vt 0.328287 0.760345
vt 0.322268 0.754359
vt 0.273747 0.754359
vt 0.266304 0.748135
vt 0.316421 0.748135
vt 0.310770 0.741678
vt 0.259110 0.741678
vt 0.251996 0.734856
vt 0.305182 0.734856
vt 0.299524 0.727540
vt 0.244794 0.727540
vt 0.237386 0.719547
vt 0.293705 0.719546
vt 0.287630 0.710695
vt 0.229654 0.710695
vt 0.221704 0.700912
vt 0.281385 0.700912
vt 0.275053 0.690127
vt 0.213643 0.690127
vt 0.205579 0.678265
vt 0.268718 0.678265
vt 0.262464 0.665256
vt 0.197618 0.665256
vt 0.189867 0.651025
vt 0.256376 0.651025
vt 0.250536 0.635502
vt 0.182433 0.635502
vt 0.175423 0.618613
vt 0.245030 0.618613
vt 0.239940 0.600287
vt 0.168944 0.600287
vt 0.163103 0.580450
vt 0.235351 0.580450
vt 0.231348 0.559030
vt 0.158006 0.559030
vt 0.153769 0.536407
vt 0.228019 0.536407
vt 0.225457 0.512957
vt 0.150508 0.512957
vt 0.148249 0.489169
vt 0.223683 0.489169
vt 0.222719 0.465529
vt 0.147022 0.465529
vt 0.146800 0.442128
vt 0.222545 0.442128
vt 0.223141 0.419056
vt 0.147559 0.419056
vt 0.149275 0.396404
vt 0.224489 0.396404
vt 0.226569 0.374262
vt 0.151923 0.374262
vt 0.155479 0.352721
vt 0.229362 0.352721
vt 0.232848 0.331870
vt 0.159916 0.331870
vt 0.165212 0.311800
vt 0.237008 0.311800
vt 0.241823 0.292601
vt 0.171341 0.292601
vt 0.178278 0.274365
vt 0.247272 0.274365
vt 0.253337 0.257181
vt 0.185999 0.257181
vt 0.194222 0.241107
vt 0.259797 0.241107
vt 0.266431 0.226202
vt 0.202668 0.226203
vt 0.211085 0.212407
vt 0.273044 0.212407
vt 0.279439 0.199660
vt 0.219226 0.199660
vt 0.227113 0.187874
vt 0.285634 0.187874
vt 0.291649 0.176962
vt 0.234769 0.176962
vt 0.242218 0.166836
vt 0.297500 0.166836
vt 0.303206 0.157409
vt 0.249482 0.157409
vt 0.256584 0.148595
vt 0.308786 0.148595
vt 0.314256 0.140304
vt 0.263548 0.140304
vt 0.270397 0.132451
vt 0.319636 0.132451
vt 0.324943 0.124947
vt 0.277153 0.124947
vt 0.283841 0.117705
vt 0.330197 0.117705
vt 0.335413 0.110638
vt 0.290482 0.110638
vt 0.298511 0.103149
vt 0.341721 0.103149
vt 0.350246 0.094642
vt 0.309363 0.094642
vt 0.318579 0.085679
vt 0.357485 0.085679
vt 0.359937 0.076820
vt 0.321701 0.076820
vt 0.411013 0.928519
vt 0.412459 0.925435
vt 0.401104 0.928519
vt 0.402712 0.925435
vt 0.403800 0.922092
vt 0.413439 0.922092
vt 0.414060 0.918364
vt 0.404491 0.918364
vt 0.404927 0.914193
vt 0.414452 0.914193
vt 0.414743 0.909521
vt 0.405250 0.909521
vt 0.405452 0.904451
vt 0.414925 0.904451
vt 0.414988 0.899084
vt 0.405522 0.899084
vt 0.405451 0.893522
vt 0.414924 0.893522
vt 0.414725 0.887867
vt 0.405229 0.887867
vt 0.404847 0.882220
vt 0.414381 0.882220
vt 0.413884 0.876683
vt 0.404295 0.876683
vt 0.403563 0.871358
vt 0.413226 0.871358
vt 0.412397 0.866347
vt 0.402642 0.866347
vt 0.401522 0.861751
vt 0.411389 0.861751
vt 0.410194 0.857672
vt 0.400194 0.857672
vt 0.398605 0.853995
vt 0.408764 0.853995
vt 0.407054 0.850605
vt 0.396704 0.850605
vt 0.394422 0.847326
vt 0.405000 0.847326
vt 0.402539 0.843983
vt 0.391687 0.843983
vt 0.388462 0.840588
vt 0.399638 0.840588
vt 0.396262 0.837152
vt 0.384711 0.837152
vt 0.380394 0.833688
vt 0.392378 0.833688
vt 0.387952 0.830208
vt 0.375475 0.830208
vt 0.369916 0.826723
vt 0.382950 0.826723
vt 0.377339 0.823244
vt 0.363680 0.823244
vt 0.356729 0.819785
vt 0.371084 0.819785
vt 0.364152 0.816356
vt 0.349026 0.816356
vt 0.340532 0.812969
vt 0.356510 0.812969
vt 0.348123 0.809637
vt 0.331211 0.809637
vt 0.321225 0.806279
vt 0.339137 0.806279
vt 0.329699 0.802815
vt 0.310736 0.802815
vt 0.299958 0.799160
vt 0.320001 0.799160
vt 0.310235 0.795230
vt 0.289104 0.795230
vt 0.278216 0.791028
vt 0.300438 0.791028
vt 0.290645 0.786558
vt 0.267333 0.786558
vt 0.256495 0.781825
vt 0.280893 0.781825
vt 0.271218 0.776833
vt 0.245743 0.776833
vt 0.235116 0.771586
vt 0.261655 0.771586
vt 0.252242 0.766088
vt 0.224654 0.766088
vt 0.214398 0.760345
vt 0.243013 0.760345
vt 0.234005 0.754359
vt 0.204387 0.754359
vt 0.194662 0.748135
vt 0.225254 0.748135
vt 0.216797 0.741678
vt 0.185262 0.741678
vt 0.175968 0.734856
vt 0.208434 0.734856
vt 0.199967 0.727540
vt 0.166558 0.727540
vt 0.156879 0.719547
vt 0.191257 0.719547
vt 0.182166 0.710695
vt 0.146775 0.710695
vt 0.136388 0.700912
vt 0.172820 0.700912
vt 0.163343 0.690127
vt 0.125856 0.690127
vt 0.115320 0.678265
vt 0.153862 0.678265
vt 0.144503 0.665256
vt 0.104918 0.665256
vt 0.094791 0.651025
vt 0.135391 0.651025
vt 0.126651 0.635502
vt 0.085079 0.635502
vt 0.075920 0.618614
vt 0.118410 0.618613
vt 0.110793 0.600287
vt 0.067454 0.600287
vt 0.059822 0.580450
vt 0.103925 0.580450
vt 0.097933 0.559030
vt 0.053163 0.559030
vt 0.047628 0.536407
vt 0.092952 0.536407
vt 0.089118 0.512957
vt 0.043366 0.512957
vt 0.040416 0.489169
vt 0.086463 0.489169
vt 0.085019 0.465529
vt 0.038811 0.465529
vt 0.038522 0.442128
vt 0.084759 0.442128
vt 0.085652 0.419057
vt 0.039514 0.419057
vt 0.041756 0.396404
vt 0.087669 0.396404
vt 0.090782 0.374262
vt 0.045216 0.374262
vt 0.049861 0.352721
vt 0.094962 0.352721
vt 0.100179 0.331870
vt 0.055659 0.331870
vt 0.062578 0.311800
vt 0.106405 0.311800
vt 0.113610 0.292601
vt 0.070586 0.292601
vt 0.079650 0.274365
vt 0.121766 0.274365
vt 0.130843 0.257181
vt 0.089738 0.257181
vt 0.100482 0.241107
vt 0.140511 0.241107
vt 0.150440 0.226203
vt 0.111517 0.226203
vt 0.122515 0.212407
vt 0.160336 0.212407
vt 0.169907 0.199660
vt 0.133151 0.199660
vt 0.143456 0.187874
vt 0.179179 0.187874
vt 0.188180 0.176962
vt 0.153459 0.176962
vt 0.163192 0.166836
vt 0.196937 0.166836
vt 0.205477 0.157410
vt 0.172682 0.157410
vt 0.181962 0.148595
vt 0.213827 0.148595
vt 0.222015 0.140304
vt 0.191061 0.140304
vt 0.200009 0.132451
vt 0.230066 0.132451
vt 0.238009 0.124947
vt 0.208837 0.124947
vt 0.217574 0.117705
vt 0.245871 0.117705
vt 0.253679 0.110638
vt 0.226251 0.110638
vt 0.236742 0.103149
vt 0.263119 0.103149
vt 0.275877 0.094642
vt 0.250921 0.094642
vt 0.262962 0.085679
vt 0.286712 0.085679
vt 0.290382 0.076820
vt 0.267041 0.076820
vt 0.395032 0.928519
vt 0.396738 0.925435
vt 0.392956 0.928519
vt 0.394696 0.925435
vt 0.395874 0.922092
vt 0.397894 0.922092
vt 0.398627 0.918364
vt 0.396622 0.918364
vt 0.397093 0.914193
vt 0.399090 0.914193
vt 0.399433 0.909521
vt 0.397443 0.909521
vt 0.397662 0.904451
vt 0.399647 0.904451
vt 0.399721 0.899084
vt 0.397738 0.899084
vt 0.397661 0.893522
vt 0.399646 0.893522
vt 0.399411 0.887867
vt 0.397421 0.887867
vt 0.397007 0.882220
vt 0.399005 0.882220
vt 0.398419 0.876683
vt 0.396410 0.876683
vt 0.395618 0.871358
vt 0.397643 0.871358
vt 0.396665 0.866347
vt 0.394621 0.866347
vt 0.393409 0.861751
vt 0.395476 0.861751
vt 0.394066 0.857672
vt 0.391971 0.857672
vt 0.390251 0.853995
vt 0.392380 0.853995
vt 0.390363 0.850605
vt 0.388194 0.850605
vt 0.385723 0.847326
vt 0.387940 0.847326
vt 0.385037 0.843983
vt 0.382763 0.843983
vt 0.379273 0.840588
vt 0.381615 0.840588
vt 0.377632 0.837152
vt 0.375212 0.837152
vt 0.370539 0.833688
vt 0.373051 0.833688
vt 0.367830 0.830208
vt 0.365215 0.830208
vt 0.359198 0.826723
vt 0.361930 0.826723
vt 0.355311 0.823244
vt 0.352449 0.823244
vt 0.344925 0.819785
vt 0.347933 0.819785
vt 0.339757 0.816356
vt 0.336587 0.816356
vt 0.327393 0.812969
vt 0.330742 0.812969
vt 0.320849 0.809637
vt 0.317304 0.809637
vt 0.306495 0.806279
vt 0.310249 0.806279
vt 0.299116 0.802815
vt 0.295142 0.802815
vt 0.283476 0.799161
vt 0.287676 0.799160
vt 0.276157 0.795230
vt 0.271728 0.795230
vt 0.259943 0.791028
vt 0.264600 0.791028
vt 0.253049 0.786558
vt 0.248163 0.786558
vt 0.236433 0.781825
vt 0.241546 0.781825
vt 0.230133 0.776833
vt 0.224794 0.776833
vt 0.213291 0.771586
vt 0.218853 0.771586
vt 0.207749 0.766088
vt 0.201967 0.766088
vt 0.190866 0.760345
vt 0.196863 0.760345
vt 0.186238 0.754359
vt 0.180030 0.754359
vt 0.169504 0.748135
vt 0.175915 0.748135
vt 0.165939 0.741678
vt 0.159330 0.741678
vt 0.149270 0.734856
vt 0.156074 0.734856
vt 0.146086 0.727540
vt 0.139085 0.727540
vt 0.128608 0.719547
vt 0.135813 0.719547
vt 0.125089 0.710695
vt 0.117672 0.710695
vt 0.106429 0.700913
vt 0.114064 0.700912
vt 0.102886 0.690127
vt 0.095030 0.690127
vt 0.083625 0.678265
vt 0.091703 0.678265
vt 0.080663 0.665256
vt 0.072367 0.665256
vt 0.061406 0.651025
vt 0.069914 0.651025
vt 0.059605 0.635502
vt 0.050892 0.635502
vt 0.040979 0.618614
vt 0.049884 0.618614
vt 0.040898 0.600287
vt 0.031816 0.600287
vt 0.023555 0.580450
vt 0.032798 0.580450
vt 0.025730 0.559030
vt 0.016347 0.559030
vt 0.010356 0.536407
vt 0.019854 0.536407
vt 0.015331 0.512957
vt 0.005743 0.512957
vt 0.002549 0.489169
vt 0.012200 0.489169
vt 0.010497 0.465529
vt 0.000813 0.465529
vt 0.000500 0.442128
vt 0.010189 0.442128
vt 0.011243 0.419057
vt 0.001574 0.419057
vt 0.004001 0.396405
vt 0.013623 0.396404
vt 0.017295 0.374262
vt 0.007745 0.374262
vt 0.012773 0.352721
vt 0.022225 0.352721
vt 0.028379 0.331870
vt 0.019049 0.331870
vt 0.026538 0.311800
vt 0.035723 0.311800
vt 0.044222 0.292601
vt 0.035206 0.292601
vt 0.045016 0.274365
vt 0.053843 0.274365
vt 0.064550 0.257181
vt 0.055935 0.257181
vt 0.067565 0.241107
vt 0.075954 0.241107
vt 0.087666 0.226203
vt 0.079509 0.226203
vt 0.091413 0.212407
vt 0.099339 0.212407
vt 0.110629 0.199660
vt 0.102926 0.199660
vt 0.114080 0.187874
vt 0.121566 0.187874
vt 0.132184 0.176962
vt 0.124907 0.176962
vt 0.135441 0.166836
vt 0.142513 0.166836
vt 0.152587 0.157410
vt 0.145714 0.157410
vt 0.155758 0.148595
vt 0.162436 0.148595
vt 0.172094 0.140304
vt 0.165607 0.140304
vt 0.175293 0.132451
vt 0.181592 0.132451
vt 0.190961 0.124947
vt 0.184847 0.124947
vt 0.194305 0.117705
vt 0.200235 0.117705
vt 0.209444 0.110638
vt 0.203696 0.110638
vt 0.215052 0.103149
vt 0.220579 0.103149
vt 0.235629 0.094642
vt 0.230399 0.094642
vt 0.243432 0.085679
vt 0.248410 0.085679
vt 0.252738 0.076820
vt 0.247847 0.076820
vt 0.395032 0.928519
vt 0.396738 0.925435
vt 0.401104 0.928519
vt 0.402711 0.925435
vt 0.403800 0.922092
vt 0.397894 0.922092
vt 0.398627 0.918364
vt 0.404491 0.918364
vt 0.404927 0.914193
vt 0.399090 0.914193
vt 0.399433 0.909521
vt 0.405250 0.909521
vt 0.405452 0.904451
vt 0.399647 0.904451
vt 0.399721 0.899084
vt 0.405522 0.899084
vt 0.405451 0.893522
vt 0.399646 0.893522
vt 0.399411 0.887867
vt 0.405229 0.887867
vt 0.404847 0.882220
vt 0.399005 0.882220
vt 0.404295 0.876683
vt 0.402642 0.866347
vt 0.401522 0.861751
vt 0.394066 0.857672
vt 0.400194 0.857672
vt 0.398605 0.853995
vt 0.392380 0.853995
vt 0.390363 0.850605
vt 0.396704 0.850605
vt 0.387940 0.847326
vt 0.385037 0.843983
vt 0.391687 0.843983
vt 0.388462 0.840588
vt 0.381615 0.840588
vt 0.377632 0.837152
vt 0.384711 0.837152
vt 0.380394 0.833688
vt 0.367830 0.830208
vt 0.375475 0.830208
vt 0.369916 0.826723
vt 0.361930 0.826723
vt 0.355311 0.823244
vt 0.363680 0.823244
vt 0.356729 0.819785
vt 0.347933 0.819785
vt 0.339757 0.816356
vt 0.349026 0.816356
vt 0.340532 0.812969
vt 0.330742 0.812969
vt 0.320849 0.809637
vt 0.331211 0.809637
vt 0.321225 0.806279
vt 0.310736 0.802815
vt 0.299958 0.799161
vt 0.287676 0.799161
vt 0.289104 0.795230
vt 0.253049 0.786558
vt 0.267333 0.786558
vt 0.256495 0.781825
vt 0.241545 0.781825
vt 0.230133 0.776833
vt 0.245743 0.776833
vt 0.235116 0.771586
vt 0.218853 0.771586
vt 0.207749 0.766088
vt 0.224654 0.766088
vt 0.214397 0.760345
vt 0.204387 0.754359
vt 0.194662 0.748135
vt 0.175968 0.734856
vt 0.166558 0.727540
vt 0.156879 0.719547
vt 0.125089 0.710695
vt 0.136388 0.700913
vt 0.114064 0.700913
vt 0.102886 0.690127
vt 0.125856 0.690127
vt 0.115320 0.678265
vt 0.091703 0.678265
vt 0.104919 0.665256
vt 0.094792 0.651025
vt 0.069914 0.651025
vt 0.059605 0.635502
vt 0.085079 0.635502
vt 0.075920 0.618614
vt 0.067454 0.600287
vt 0.059822 0.580450
vt 0.032798 0.580450
vt 0.025730 0.559030
vt 0.053163 0.559030
vt 0.047628 0.536407
vt 0.019854 0.536407
vt 0.043366 0.512957
vt 0.040416 0.489169
vt 0.012200 0.489169
vt 0.010497 0.465529
vt 0.038811 0.465529
vt 0.038522 0.442128
vt 0.010190 0.442128
vt 0.011243 0.419057
vt 0.039514 0.419057
vt 0.041756 0.396405
vt 0.013623 0.396405
vt 0.017295 0.374262
vt 0.045216 0.374262
vt 0.049861 0.352721
vt 0.022225 0.352721
vt 0.028379 0.331870
vt 0.055659 0.331870
vt 0.062579 0.311800
vt 0.035723 0.311800
vt 0.044222 0.292601
vt 0.070586 0.292601
vt 0.079650 0.274365
vt 0.053843 0.274365
vt 0.064550 0.257181
vt 0.089738 0.257181
vt 0.100483 0.241107
vt 0.075954 0.241107
vt 0.087666 0.226203
vt 0.111517 0.226203
vt 0.122515 0.212407
vt 0.099339 0.212407
vt 0.110629 0.199660
vt 0.133151 0.199660
vt 0.143456 0.187874
vt 0.121566 0.187874
vt 0.153460 0.176962
vt 0.152587 0.157410
vt 0.172682 0.157410
vt 0.181962 0.148595
vt 0.200009 0.132451
vt 0.181592 0.132451
vt 0.217574 0.117705
vt 0.200235 0.117705
vt 0.226251 0.110638
vt 0.236742 0.103149
vt 0.250921 0.094642
vt 0.262963 0.085679
vt 0.267041 0.076820
vt 0.411013 0.928519
vt 0.412459 0.925435
vt 0.424308 0.928519
vt 0.425539 0.925435
vt 0.426372 0.922092
vt 0.413439 0.922092
vt 0.414060 0.918364
vt 0.426901 0.918364
vt 0.427234 0.914193
vt 0.414452 0.914193
vt 0.414743 0.909521
vt 0.427481 0.909521
vt 0.427636 0.904451
vt 0.414925 0.904451
vt 0.414988 0.899084
vt 0.427689 0.899084
vt 0.427635 0.893522
vt 0.414924 0.893522
vt 0.414725 0.887867
vt 0.427466 0.887867
vt 0.427173 0.882220
vt 0.414381 0.882220
vt 0.413884 0.876683
vt 0.426751 0.876683
vt 0.426191 0.871358
vt 0.413226 0.871358
vt 0.412397 0.866347
vt 0.425486 0.866347
vt 0.424629 0.861751
vt 0.411389 0.861751
vt 0.410194 0.857672
vt 0.423612 0.857672
vt 0.422396 0.853995
vt 0.408764 0.853995
vt 0.407054 0.850605
vt 0.420941 0.850605
vt 0.419194 0.847326
vt 0.405000 0.847326
vt 0.402539 0.843983
vt 0.417101 0.843983
vt 0.414633 0.840588
vt 0.399638 0.840588
vt 0.396262 0.837152
vt 0.411761 0.837152
vt 0.408457 0.833688
vt 0.392378 0.833688
vt 0.387952 0.830208
vt 0.404693 0.830208
vt 0.400438 0.826723
vt 0.382950 0.826723
vt 0.377339 0.823244
vt 0.395665 0.823244
vt 0.390345 0.819785
vt 0.371084 0.819785
vt 0.364152 0.816356
vt 0.384449 0.816356
vt 0.377949 0.812969
vt 0.356510 0.812969
vt 0.348123 0.809637
vt 0.370815 0.809637
vt 0.363172 0.806279
vt 0.329699 0.802815
vt 0.355144 0.802815
vt 0.346894 0.799161
vt 0.320001 0.799161
vt 0.310235 0.795230
vt 0.338588 0.795230
vt 0.330254 0.791028
vt 0.300437 0.791028
vt 0.290645 0.786558
vt 0.321925 0.786558
vt 0.313630 0.781825
vt 0.280893 0.781825
vt 0.271218 0.776833
vt 0.305400 0.776833
vt 0.252242 0.766088
vt 0.289259 0.766088
vt 0.281409 0.760345
vt 0.243013 0.760345
vt 0.234005 0.754359
vt 0.273747 0.754359
vt 0.266304 0.748135
vt 0.225254 0.748135
vt 0.216797 0.741678
vt 0.259110 0.741678
vt 0.251996 0.734856
vt 0.208434 0.734856
vt 0.199967 0.727540
vt 0.244795 0.727540
vt 0.237386 0.719547
vt 0.182166 0.710695
vt 0.229654 0.710695
vt 0.221703 0.700913
vt 0.172820 0.700913
vt 0.163343 0.690127
vt 0.213643 0.690127
vt 0.205579 0.678265
vt 0.153862 0.678265
vt 0.144503 0.665256
vt 0.197618 0.665256
vt 0.189867 0.651025
vt 0.135391 0.651025
vt 0.126651 0.635502
vt 0.182433 0.635502
vt 0.175423 0.618614
vt 0.118410 0.618614
vt 0.110793 0.600287
vt 0.168944 0.600287
vt 0.163103 0.580450
vt 0.103925 0.580450
vt 0.097933 0.559030
vt 0.158006 0.559030
vt 0.153769 0.536407
vt 0.092952 0.536407
vt 0.089118 0.512957
vt 0.150508 0.512957
vt 0.148249 0.489169
vt 0.086463 0.489169
vt 0.085019 0.465529
vt 0.147022 0.465529
vt 0.146800 0.442128
vt 0.084759 0.442128
vt 0.085652 0.419057
vt 0.147559 0.419057
vt 0.149276 0.396405
vt 0.087669 0.396405
vt 0.090782 0.374262
vt 0.151924 0.374262
vt 0.155479 0.352721
vt 0.094962 0.352721
vt 0.100179 0.331870
vt 0.159916 0.331870
vt 0.165212 0.311800
vt 0.106405 0.311800
vt 0.113610 0.292601
vt 0.171341 0.292601
vt 0.178278 0.274365
vt 0.121766 0.274365
vt 0.130843 0.257181
vt 0.185999 0.257181
vt 0.194223 0.241107
vt 0.140511 0.241107
vt 0.150440 0.226203
vt 0.202668 0.226203
vt 0.211086 0.212407
vt 0.160336 0.212407
vt 0.169907 0.199660
vt 0.219226 0.199660
vt 0.227113 0.187874
vt 0.179180 0.187874
vt 0.188180 0.176962
vt 0.234769 0.176962
vt 0.242218 0.166836
vt 0.196938 0.166836
vt 0.205477 0.157410
vt 0.249482 0.157410
vt 0.256585 0.148595
vt 0.213827 0.148595
vt 0.222015 0.140304
vt 0.263549 0.140304
vt 0.270397 0.132451
vt 0.230066 0.132451
vt 0.238010 0.124947
vt 0.277154 0.124947
vt 0.283841 0.117705
vt 0.245871 0.117705
vt 0.253679 0.110638
vt 0.290482 0.110638
vt 0.298511 0.103149
vt 0.263119 0.103149
vt 0.275877 0.094642
vt 0.309363 0.094642
vt 0.318579 0.085679
vt 0.286712 0.085679
vt 0.290382 0.076820
vt 0.321701 0.076820
vt 0.440541 0.928519
vt 0.441507 0.925435
vt 0.459036 0.928519
vt 0.459702 0.925435
vt 0.460153 0.922092
vt 0.442162 0.922092
vt 0.442577 0.918364
vt 0.460439 0.918364
vt 0.460619 0.914193
vt 0.442839 0.914193
vt 0.443033 0.909521
vt 0.460753 0.909521
vt 0.460837 0.904451
vt 0.443154 0.904451
vt 0.443197 0.899084
vt 0.460866 0.899084
vt 0.460836 0.893522
vt 0.443154 0.893522
vt 0.443021 0.887867
vt 0.460745 0.887867
vt 0.460586 0.882220
vt 0.442791 0.882220
vt 0.442459 0.876683
vt 0.460358 0.876683
vt 0.460055 0.871358
vt 0.442019 0.871358
vt 0.441466 0.866347
vt 0.459673 0.866347
vt 0.459209 0.861751
vt 0.440792 0.861751
vt 0.439993 0.857672
vt 0.458659 0.857672
vt 0.458001 0.853995
vt 0.439038 0.853995
vt 0.437895 0.850605
vt 0.457214 0.850605
vt 0.456268 0.847326
vt 0.436523 0.847326
vt 0.434879 0.843983
vt 0.455135 0.843983
vt 0.453800 0.840588
vt 0.432940 0.840588
vt 0.452246 0.837152
vt 0.450458 0.833688
vt 0.428089 0.833688
vt 0.425132 0.830208
vt 0.448420 0.830208
vt 0.446118 0.826723
vt 0.421790 0.826723
vt 0.418040 0.823244
vt 0.443535 0.823244
vt 0.440655 0.819785
vt 0.413861 0.819785
vt 0.409230 0.816356
vt 0.437464 0.816356
vt 0.433946 0.812969
vt 0.404123 0.812969
vt 0.398519 0.809637
vt 0.430086 0.809637
vt 0.425949 0.806279
vt 0.392515 0.806279
vt 0.386208 0.802815
vt 0.421604 0.802815
vt 0.417140 0.799160
vt 0.379728 0.799160
vt 0.373203 0.795230
vt 0.412644 0.795230
vt 0.408134 0.791028
vt 0.366657 0.791028
vt 0.360113 0.786558
vt 0.399137 0.781825
vt 0.353597 0.781825
vt 0.347133 0.776833
vt 0.394683 0.776833
vt 0.390281 0.771586
vt 0.381700 0.760345
vt 0.328287 0.760345
vt 0.322268 0.754359
vt 0.377553 0.754359
vt 0.373525 0.748135
vt 0.316421 0.748135
vt 0.310770 0.741678
vt 0.369631 0.741678
vt 0.365782 0.734856
vt 0.305182 0.734856
vt 0.299524 0.727540
vt 0.361884 0.727540
vt 0.357875 0.719547
vt 0.293705 0.719547
vt 0.287630 0.710695
vt 0.353690 0.710695
vt 0.349387 0.700913
vt 0.281385 0.700913
vt 0.275053 0.690127
vt 0.345025 0.690127
vt 0.340660 0.678265
vt 0.268718 0.678265
vt 0.262464 0.665256
vt 0.336352 0.665256
vt 0.332157 0.651025
vt 0.256376 0.651025
vt 0.250536 0.635502
vt 0.328134 0.635502
vt 0.324340 0.618614
vt 0.245030 0.618614
vt 0.239940 0.600287
vt 0.320834 0.600287
vt 0.317673 0.580450
vt 0.235351 0.580450
vt 0.231348 0.559030
vt 0.314914 0.559030
vt 0.312621 0.536407
vt 0.228019 0.536407
vt 0.225457 0.512957
vt 0.310856 0.512957
vt 0.309634 0.489169
vt 0.223683 0.489169
vt 0.222719 0.465529
vt 0.308970 0.465529
vt 0.308850 0.442128
vt 0.222545 0.442128
vt 0.223141 0.419057
vt 0.309261 0.419057
vt 0.310189 0.396405
vt 0.224489 0.396405
vt 0.226570 0.374262
vt 0.311622 0.374262
vt 0.313547 0.352721
vt 0.229362 0.352721
vt 0.232848 0.331870
vt 0.315948 0.331870
vt 0.318814 0.311800
vt 0.237008 0.311800
vt 0.241823 0.292601
vt 0.322131 0.292601
vt 0.325885 0.274365
vt 0.247272 0.274365
vt 0.253337 0.257181
vt 0.330064 0.257181
vt 0.334515 0.241107
vt 0.259798 0.241107
vt 0.266432 0.226203
vt 0.339085 0.226203
vt 0.343641 0.212407
vt 0.273044 0.212407
vt 0.279439 0.199660
vt 0.348046 0.199660
vt 0.352315 0.187874
vt 0.285635 0.187874
vt 0.291649 0.176962
vt 0.356458 0.176962
vt 0.360489 0.166836
vt 0.297500 0.166836
vt 0.303206 0.157410
vt 0.364421 0.157410
vt 0.368265 0.148595
vt 0.308786 0.148595
vt 0.314256 0.140304
vt 0.372033 0.140304
vt 0.375740 0.132451
vt 0.319636 0.132451
vt 0.324944 0.124947
vt 0.379396 0.124947
vt 0.383015 0.117705
vt 0.330197 0.117705
vt 0.335414 0.110638
vt 0.386610 0.110638
vt 0.390955 0.103149
vt 0.341721 0.103149
vt 0.350246 0.094642
vt 0.396828 0.094642
vt 0.401816 0.085679
vt 0.357486 0.085679
vt 0.359938 0.076820
vt 0.403505 0.076820
vt 0.479121 0.928519
vt 0.479460 0.925435
vt 0.500000 0.928519
vt 0.500000 0.925435
vt 0.500000 0.922092
vt 0.479690 0.922092
vt 0.479836 0.918364
vt 0.500000 0.918364
vt 0.500000 0.914193
vt 0.479928 0.914193
vt 0.479996 0.909521
vt 0.500000 0.909521
vt 0.500000 0.904451
vt 0.480039 0.904451
vt 0.480053 0.899084
vt 0.500000 0.899084
vt 0.500000 0.893522
vt 0.480038 0.893522
vt 0.479992 0.887867
vt 0.500000 0.887867
vt 0.500000 0.882220
vt 0.479911 0.882220
vt 0.479794 0.876683
vt 0.500000 0.876683
vt 0.500000 0.871358
vt 0.479640 0.871358
vt 0.479445 0.866347
vt 0.500000 0.866347
vt 0.500000 0.861751
vt 0.479209 0.861751
vt 0.478929 0.857672
vt 0.500000 0.857672
vt 0.500000 0.853995
vt 0.478593 0.853995
vt 0.478192 0.850605
vt 0.500000 0.850605
vt 0.500000 0.847326
vt 0.477710 0.847326
vt 0.477132 0.843983
vt 0.500000 0.843983
vt 0.500000 0.840588
vt 0.476452 0.840588
vt 0.475660 0.837152
vt 0.500000 0.837152
vt 0.500000 0.833688
vt 0.474748 0.833688
vt 0.473710 0.830208
vt 0.500000 0.830208
vt 0.500000 0.826723
vt 0.472536 0.826723
vt 0.471220 0.823244
vt 0.500000 0.823244
vt 0.500000 0.819785
vt 0.469752 0.819785
vt 0.468126 0.816356
vt 0.500000 0.816356
vt 0.500000 0.812969
vt 0.466332 0.812969
vt 0.464365 0.809637
vt 0.500000 0.809637
vt 0.500000 0.806279
vt 0.462256 0.806279
vt 0.460042 0.802815
vt 0.500000 0.802815
vt 0.500000 0.799160
vt 0.457766 0.799160
vt 0.455475 0.795230
vt 0.500000 0.795230
vt 0.500000 0.791028
vt 0.453176 0.791028
vt 0.500000 0.786558
vt 0.500000 0.781825
vt 0.448590 0.781825
vt 0.446320 0.776833
vt 0.500000 0.776833
vt 0.500000 0.771586
vt 0.444076 0.771586
vt 0.441868 0.766088
vt 0.500000 0.766088
vt 0.500000 0.760345
vt 0.437589 0.754359
vt 0.500000 0.754359
vt 0.500000 0.748135
vt 0.435536 0.748135
vt 0.433551 0.741678
vt 0.500000 0.741678
vt 0.500000 0.734856
vt 0.431589 0.734856
vt 0.429602 0.727540
vt 0.500000 0.727540
vt 0.500000 0.719547
vt 0.427559 0.719547
vt 0.425426 0.710695
vt 0.500000 0.710695
vt 0.500000 0.700912
vt 0.423233 0.700912
vt 0.421009 0.690127
vt 0.500000 0.690127
vt 0.500000 0.678265
vt 0.418785 0.678265
vt 0.416589 0.665256
vt 0.500000 0.665256
vt 0.500000 0.651025
vt 0.414451 0.651025
vt 0.412400 0.635502
vt 0.500000 0.635502
vt 0.500000 0.618614
vt 0.410466 0.618614
vt 0.408679 0.600287
vt 0.500000 0.600287
vt 0.500000 0.580450
vt 0.407068 0.580450
vt 0.405662 0.559030
vt 0.500000 0.559030
vt 0.500000 0.536407
vt 0.404493 0.536407
vt 0.403594 0.512957
vt 0.500000 0.512957
vt 0.500000 0.489169
vt 0.402971 0.489169
vt 0.402632 0.465529
vt 0.500000 0.465529
vt 0.500000 0.442128
vt 0.402571 0.442128
vt 0.402780 0.419057
vt 0.500000 0.419057
vt 0.500000 0.396404
vt 0.403254 0.396404
vt 0.403984 0.374262
vt 0.500000 0.374262
vt 0.500000 0.352721
vt 0.404965 0.352721
vt 0.406189 0.331870
vt 0.500000 0.331870
vt 0.500000 0.311800
vt 0.407650 0.311800
vt 0.409340 0.292601
vt 0.500000 0.292601
vt 0.500000 0.274365
vt 0.411254 0.274365
vt 0.413384 0.257181
vt 0.500000 0.257181
vt 0.500000 0.241107
vt 0.415652 0.241107
vt 0.417982 0.226203
vt 0.500000 0.226203
vt 0.500000 0.212407
vt 0.420304 0.212407
vt 0.422549 0.199660
vt 0.500000 0.199660
vt 0.500000 0.187874
vt 0.424725 0.187874
vt 0.426837 0.176962
vt 0.500000 0.176962
vt 0.500000 0.166836
vt 0.428892 0.166836
vt 0.430895 0.157410
vt 0.500000 0.157410
vt 0.500000 0.148595
vt 0.432855 0.148595
vt 0.434776 0.140304
vt 0.500000 0.140304
vt 0.500000 0.132451
vt 0.436665 0.132451
vt 0.438528 0.124947
vt 0.500000 0.124947
vt 0.500000 0.117705
vt 0.440373 0.117705
vt 0.442205 0.110638
vt 0.500000 0.110638
vt 0.500000 0.103149
vt 0.444420 0.103149
vt 0.447413 0.094642
vt 0.500000 0.094642
vt 0.500000 0.085679
vt 0.449956 0.085679
vt 0.450817 0.076820
vt 0.500000 0.076820
vt 0.520879 0.928519
vt 0.520540 0.925435
vt 0.540964 0.928519
vt 0.540298 0.925435
vt 0.539847 0.922092
vt 0.520310 0.922092
vt 0.520164 0.918364
vt 0.539561 0.918364
vt 0.539381 0.914193
vt 0.520072 0.914193
vt 0.520004 0.909521
vt 0.539247 0.909521
vt 0.539163 0.904451
vt 0.519962 0.904451
vt 0.519947 0.899084
vt 0.539134 0.899084
vt 0.539164 0.893522
vt 0.519962 0.893522
vt 0.520009 0.887867
vt 0.539255 0.887867
vt 0.539414 0.882220
vt 0.520089 0.882220
vt 0.520206 0.876683
vt 0.539642 0.876683
vt 0.539945 0.871358
vt 0.520360 0.871358
vt 0.520555 0.866347
vt 0.540327 0.866347
vt 0.540791 0.861751
vt 0.520791 0.861751
vt 0.521072 0.857672
vt 0.541341 0.857672
vt 0.541999 0.853995
vt 0.521407 0.853995
vt 0.521808 0.850605
vt 0.542787 0.850605
vt 0.543732 0.847326
vt 0.522290 0.847326
vt 0.522868 0.843983
vt 0.544865 0.843983
vt 0.546201 0.840588
vt 0.523548 0.840588
vt 0.524341 0.837152
vt 0.547755 0.837152
vt 0.549543 0.833688
vt 0.525252 0.833688
vt 0.526290 0.830208
vt 0.551580 0.830208
vt 0.553882 0.826723
vt 0.527464 0.826723
vt 0.528781 0.823244
vt 0.556466 0.823244
vt 0.559345 0.819785
vt 0.530248 0.819785
vt 0.531874 0.816356
vt 0.562536 0.816356
vt 0.566054 0.812969
vt 0.533668 0.812969
vt 0.535635 0.809637
vt 0.569915 0.809637
vt 0.574051 0.806279
vt 0.537744 0.806279
vt 0.539958 0.802815
vt 0.578396 0.802815
vt 0.582860 0.799160
vt 0.542234 0.799160
vt 0.544525 0.795230
vt 0.587356 0.795230
vt 0.591866 0.791028
vt 0.546824 0.791028
vt 0.549122 0.786558
vt 0.596374 0.786558
vt 0.600863 0.781825
vt 0.551410 0.781825
vt 0.553680 0.776833
vt 0.605317 0.776832
vt 0.609719 0.771586
vt 0.555924 0.771586
vt 0.558132 0.766088
vt 0.614052 0.766088
vt 0.618301 0.760345
vt 0.560298 0.760345
vt 0.562411 0.754359
vt 0.622447 0.754359
vt 0.626475 0.748135
vt 0.564465 0.748135
vt 0.566449 0.741678
vt 0.630369 0.741678
vt 0.634219 0.734856
vt 0.568411 0.734856
vt 0.570398 0.727540
vt 0.638116 0.727540
vt 0.642126 0.719546
vt 0.572441 0.719546
vt 0.574574 0.710695
vt 0.646311 0.710695
vt 0.650613 0.700912
vt 0.576767 0.700912
vt 0.578991 0.690127
vt 0.654975 0.690127
vt 0.659340 0.678265
vt 0.581216 0.678265
vt 0.583411 0.665256
vt 0.663648 0.665256
vt 0.667843 0.651025
vt 0.585550 0.651025
vt 0.587600 0.635502
vt 0.671866 0.635502
vt 0.675660 0.618613
vt 0.589534 0.618613
vt 0.591321 0.600287
vt 0.679166 0.600287
vt 0.682328 0.580450
vt 0.592932 0.580450
vt 0.594338 0.559030
vt 0.685086 0.559030
vt 0.687379 0.536407
vt 0.595507 0.536407
vt 0.596407 0.512957
vt 0.689144 0.512957
vt 0.690366 0.489169
vt 0.597030 0.489169
vt 0.597368 0.465529
vt 0.691031 0.465529
vt 0.691151 0.442128
vt 0.597429 0.442128
vt 0.597220 0.419057
vt 0.690740 0.419056
vt 0.689811 0.396404
vt 0.596747 0.396404
vt 0.596016 0.374262
vt 0.688378 0.374262
vt 0.686454 0.352721
vt 0.595035 0.352721
vt 0.593811 0.331870
vt 0.684052 0.331870
vt 0.681186 0.311800
vt 0.592350 0.311800
vt 0.590660 0.292601
vt 0.677869 0.292601
vt 0.674115 0.274365
vt 0.588746 0.274365
vt 0.586616 0.257181
vt 0.669936 0.257181
vt 0.665486 0.241107
vt 0.584348 0.241107
vt 0.582018 0.226203
vt 0.660915 0.226203
vt 0.656359 0.212407
vt 0.579696 0.212407
vt 0.577451 0.199660
vt 0.651954 0.199659
vt 0.647685 0.187874
vt 0.575275 0.187874
vt 0.573163 0.176962
vt 0.643542 0.176962
vt 0.639511 0.166836
vt 0.571109 0.166836
vt 0.569105 0.157410
vt 0.635579 0.157410
vt 0.631736 0.148595
vt 0.567146 0.148595
vt 0.565225 0.140304
vt 0.627967 0.140304
vt 0.624260 0.132451
vt 0.563335 0.132451
vt 0.561472 0.124947
vt 0.620604 0.124947
vt 0.616985 0.117705
vt 0.559627 0.117705
vt 0.557795 0.110638
vt 0.613390 0.110638
vt 0.609045 0.103149
vt 0.555580 0.103149
vt 0.552587 0.094642
vt 0.603172 0.094642
vt 0.598184 0.085679
vt 0.550044 0.085679
vt 0.549183 0.076820
vt 0.596495 0.076820
vt 0.559460 0.928519
vt 0.558493 0.925435
vt 0.575692 0.928519
vt 0.574462 0.925435
vt 0.573628 0.922092
vt 0.557838 0.922092
vt 0.557423 0.918364
vt 0.573100 0.918364
vt 0.572766 0.914193
vt 0.557161 0.914193
vt 0.556967 0.909521
vt 0.572519 0.909521
vt 0.572364 0.904451
vt 0.556846 0.904451
vt 0.556803 0.899084
vt 0.572311 0.899084
vt 0.572365 0.893522
vt 0.556846 0.893522
vt 0.556979 0.887867
vt 0.572535 0.887867
vt 0.572827 0.882220
vt 0.557209 0.882220
vt 0.557541 0.876683
vt 0.573249 0.876683
vt 0.573810 0.871358
vt 0.557981 0.871358
vt 0.558535 0.866347
vt 0.574514 0.866347
vt 0.575372 0.861751
vt 0.559208 0.861751
vt 0.560007 0.857672
vt 0.576388 0.857672
vt 0.577605 0.853995
vt 0.560962 0.853995
vt 0.562105 0.850605
vt 0.579059 0.850605
vt 0.580806 0.847326
vt 0.563477 0.847326
vt 0.565121 0.843983
vt 0.582899 0.843983
vt 0.585367 0.840588
vt 0.567060 0.840588
vt 0.569316 0.837152
vt 0.588239 0.837152
vt 0.591543 0.833688
vt 0.571911 0.833688
vt 0.574868 0.830208
vt 0.595307 0.830208
vt 0.599562 0.826723
vt 0.578211 0.826723
vt 0.581960 0.823244
vt 0.586139 0.819785
vt 0.590771 0.816356
vt 0.622051 0.812969
vt 0.595877 0.812969
vt 0.601481 0.809637
vt 0.629185 0.809637
vt 0.636829 0.806279
vt 0.607485 0.806279
vt 0.613792 0.802815
vt 0.644857 0.802815
vt 0.653106 0.799160
vt 0.620272 0.799160
vt 0.626797 0.795230
vt 0.661413 0.795230
vt 0.669746 0.791027
vt 0.633344 0.791028
vt 0.639887 0.786558
vt 0.678076 0.786558
vt 0.686370 0.781825
vt 0.646403 0.781825
vt 0.665547 0.766088
vt 0.710741 0.766088
vt 0.718591 0.760345
vt 0.671713 0.760345
vt 0.677732 0.754359
vt 0.726253 0.754359
vt 0.733696 0.748135
vt 0.683579 0.748135
vt 0.689231 0.741678
vt 0.740890 0.741678
vt 0.748004 0.734856
vt 0.694819 0.734856
vt 0.700476 0.727540
vt 0.755206 0.727540
vt 0.762614 0.719546
vt 0.706296 0.719546
vt 0.712370 0.710695
vt 0.770347 0.710695
vt 0.778297 0.700912
vt 0.718615 0.700912
vt 0.724947 0.690127
vt 0.786357 0.690127
vt 0.794421 0.678265
vt 0.731282 0.678265
vt 0.737536 0.665256
vt 0.802383 0.665256
vt 0.810133 0.651025
vt 0.743624 0.651025
vt 0.749464 0.635502
vt 0.817567 0.635502
vt 0.824577 0.618613
vt 0.754971 0.618613
vt 0.760060 0.600287
vt 0.831056 0.600287
vt 0.836898 0.580450
vt 0.764649 0.580450
vt 0.768653 0.559030
vt 0.841994 0.559030
vt 0.846231 0.536406
vt 0.771981 0.536407
vt 0.774543 0.512957
vt 0.849492 0.512957
vt 0.851751 0.489169
vt 0.776317 0.489169
vt 0.777281 0.465529
vt 0.852979 0.465529
vt 0.853200 0.442128
vt 0.777456 0.442128
vt 0.776859 0.419056
vt 0.852441 0.419056
vt 0.850725 0.396404
vt 0.775511 0.396404
vt 0.773431 0.374262
vt 0.848077 0.374262
vt 0.844521 0.352720
vt 0.770638 0.352721
vt 0.767152 0.331870
vt 0.840084 0.331869
vt 0.834788 0.311800
vt 0.762992 0.311800
vt 0.758177 0.292601
vt 0.828659 0.292601
vt 0.821722 0.274365
vt 0.752728 0.274365
vt 0.746663 0.257181
vt 0.814001 0.257181
vt 0.805777 0.241107
vt 0.740203 0.241107
vt 0.733568 0.226202
vt 0.797332 0.226202
vt 0.788915 0.212407
vt 0.726956 0.212407
vt 0.720561 0.199659
vt 0.780774 0.199659
vt 0.772887 0.187874
vt 0.714365 0.187874
vt 0.708351 0.176962
vt 0.765231 0.176962
vt 0.757782 0.166836
vt 0.702500 0.166836
vt 0.696794 0.157410
vt 0.750518 0.157409
vt 0.743416 0.148595
vt 0.691214 0.148595
vt 0.685744 0.140304
vt 0.736452 0.140304
vt 0.729603 0.132451
vt 0.680364 0.132451
vt 0.675056 0.124947
vt 0.722846 0.124947
vt 0.716159 0.117705
vt 0.669803 0.117705
vt 0.664586 0.110638
vt 0.709518 0.110638
vt 0.701489 0.103149
vt 0.658279 0.103149
vt 0.649754 0.094642
vt 0.690637 0.094642
vt 0.681421 0.085679
vt 0.642514 0.085679
vt 0.640062 0.076820
vt 0.678299 0.076820
vt 0.588987 0.928519
vt 0.587541 0.925435
vt 0.598896 0.928519
vt 0.596200 0.922092
vt 0.586561 0.922092
vt 0.585940 0.918364
vt 0.595509 0.918364
vt 0.585548 0.914193
vt 0.585257 0.909521
vt 0.594549 0.904451
vt 0.585075 0.904451
vt 0.585012 0.899084
vt 0.594478 0.899084
vt 0.585076 0.893522
vt 0.585276 0.887867
vt 0.594771 0.887867
vt 0.585619 0.882220
vt 0.586116 0.876683
vt 0.586774 0.871358
vt 0.587603 0.866347
vt 0.598478 0.861751
vt 0.588611 0.861751
vt 0.589806 0.857672
vt 0.599806 0.857672
vt 0.601395 0.853995
vt 0.591236 0.853995
vt 0.592946 0.850605
vt 0.605578 0.847326
vt 0.595000 0.847326
vt 0.597461 0.843983
vt 0.611538 0.840588
vt 0.600363 0.840588
vt 0.603738 0.837152
vt 0.615290 0.837152
vt 0.607623 0.833688
vt 0.612049 0.830208
vt 0.624525 0.830208
vt 0.630084 0.826723
vt 0.617050 0.826723
vt 0.622662 0.823244
vt 0.635848 0.816356
vt 0.650974 0.816356
vt 0.651877 0.809637
vt 0.668789 0.809637
vt 0.678775 0.806279
vt 0.670301 0.802815
vt 0.689264 0.802815
vt 0.700042 0.799160
vt 0.680000 0.799160
vt 0.721784 0.791027
vt 0.699563 0.791027
vt 0.709355 0.786558
vt 0.732667 0.786558
vt 0.743505 0.781825
vt 0.719107 0.781825
vt 0.728782 0.776832
vt 0.764885 0.771586
vt 0.747759 0.766088
vt 0.775346 0.766088
vt 0.785603 0.760345
vt 0.756987 0.760345
vt 0.765995 0.754359
vt 0.795613 0.754359
vt 0.805339 0.748135
vt 0.774746 0.748135
vt 0.814738 0.741678
vt 0.824032 0.734856
vt 0.791567 0.734856
vt 0.800034 0.727540
vt 0.833442 0.727540
vt 0.817834 0.710695
vt 0.853225 0.710695
vt 0.863612 0.700912
vt 0.827181 0.700912
vt 0.836657 0.690127
vt 0.874144 0.690127
vt 0.884680 0.678265
vt 0.846138 0.678265
vt 0.855497 0.665256
vt 0.895082 0.665256
vt 0.864610 0.651025
vt 0.873349 0.635502
vt 0.914921 0.635502
vt 0.924080 0.618613
vt 0.881590 0.618613
vt 0.889208 0.600287
vt 0.932546 0.600287
vt 0.940178 0.580450
vt 0.896075 0.580450
vt 0.902067 0.559030
vt 0.946837 0.559030
vt 0.952373 0.536406
vt 0.907048 0.536406
vt 0.910882 0.512957
vt 0.956634 0.512957
vt 0.959584 0.489169
vt 0.913537 0.489169
vt 0.914981 0.465529
vt 0.961189 0.465529
vt 0.961478 0.442128
vt 0.915241 0.442128
vt 0.914348 0.419056
vt 0.960486 0.419056
vt 0.958244 0.396404
vt 0.912331 0.396404
vt 0.909218 0.374262
vt 0.954784 0.374262
vt 0.950139 0.352720
vt 0.905038 0.352720
vt 0.899821 0.331869
vt 0.944341 0.331869
vt 0.937422 0.311800
vt 0.893595 0.311800
vt 0.886390 0.292601
vt 0.929414 0.292601
vt 0.920350 0.274365
vt 0.878234 0.274365
vt 0.869157 0.257181
vt 0.910262 0.257181
vt 0.899517 0.241107
vt 0.859489 0.241107
vt 0.849560 0.226202
vt 0.888483 0.226202
vt 0.877485 0.212407
vt 0.839664 0.212407
vt 0.830093 0.199659
vt 0.866849 0.199659
vt 0.856544 0.187874
vt 0.820821 0.187874
vt 0.811819 0.176962
vt 0.846540 0.176962
vt 0.803062 0.166836
vt 0.794523 0.157409
vt 0.827317 0.157409
vt 0.818038 0.148595
vt 0.786173 0.148595
vt 0.777985 0.140304
vt 0.808939 0.140304
vt 0.799990 0.132451
vt 0.769934 0.132451
vt 0.761990 0.124947
vt 0.791163 0.124947
vt 0.782426 0.117705
vt 0.754129 0.117705
vt 0.746321 0.110638
vt 0.773749 0.110638
vt 0.763258 0.103149
vt 0.736881 0.103149
vt 0.724123 0.094642
vt 0.749079 0.094642
vt 0.737037 0.085679
vt 0.713288 0.085679
vt 0.709618 0.076820
vt 0.732959 0.076820
vt 0.602106 0.922092
vt 0.600911 0.914193
vt 0.600567 0.909521
vt 0.600354 0.893522
vt 0.600995 0.882220
vt 0.602357 0.871358
vt 0.604524 0.861751
vt 0.605934 0.857672
vt 0.607620 0.853995
vt 0.609638 0.850605
vt 0.612060 0.847326
vt 0.626949 0.833688
vt 0.632170 0.830208
vt 0.638070 0.826723
vt 0.660243 0.816356
vt 0.679152 0.809637
vt 0.712324 0.799160
vt 0.824085 0.748135
vt 0.874911 0.710695
vt 0.885936 0.700912
vt 0.897114 0.690127
vt 0.908297 0.678265
vt 0.919338 0.665255
vt 0.930086 0.651025
vt 0.950117 0.618613
vt 0.967202 0.580450
vt 0.974270 0.559030
vt 0.984669 0.512957
vt 0.987800 0.489169
vt 0.989503 0.465529
vt 0.989811 0.442128
vt 0.986377 0.396404
vt 0.982705 0.374262
vt 0.977775 0.352720
vt 0.971621 0.331869
vt 0.964277 0.311800
vt 0.955778 0.292601
vt 0.946157 0.274365
vt 0.935450 0.257181
vt 0.924046 0.241107
vt 0.912334 0.226202
vt 0.900661 0.212407
vt 0.889371 0.199659
vt 0.878434 0.187874
vt 0.867816 0.176962
vt 0.857487 0.166836
vt 0.847413 0.157409
vt 0.827906 0.140304
vt 0.818408 0.132451
vt 0.809039 0.124947
vt 0.779420 0.103149
s 1
usemtl 材质
f 1057/1001/1026 2497/1002/1027 1777/1003/1028 2499/1004/1029
f 2497/1002/1027 1102/1005/1030 2500/1006/1031 1777/1003/1028
f 1103/1007/1032 2498/1008/1033 1777/1003/1028 2500/1006/1031
f 2498/1008/1033 1058/1009/1034 2499/1004/1029 1777/1003/1028
f 1058/1009/1034 2498/1008/1033 1778/1010/1035 2502/1011/1036
f 2498/1008/1033 1103/1007/1032 2503/1012/1037 1778/1010/1035
f 1104/1013/1038 2501/1014/1039 1778/1010/1035 2503/1012/1037
f 2501/1014/1039 1059/1015/1040 2502/1011/1036 1778/1010/1035
f 1059/1015/1040 2501/1014/1039 1779/1016/1041 2505/1017/1042
f 2501/1014/1039 1104/1013/1038 2506/1018/1043 1779/1016/1041
f 1105/1019/1044 2504/1020/1045 1779/1016/1041 2506/1018/1043
f 2504/1020/1045 1060/1021/1046 2505/1017/1042 1779/1016/1041
f 1060/1021/1046 2504/1020/1045 1780/1022/1047 2508/1023/1048
f 2504/1020/1045 1105/1019/1044 2509/1024/1049 1780/1022/1047
f 1106/1025/1050 2507/1026/1051 1780/1022/1047 2509/1024/1049
f 2507/1026/1051 1061/1027/1052 2508/1023/1048 1780/1022/1047
f 1061/1027/1052 2507/1026/1051 1781/1028/1053 2511/1029/1054
f 2507/1026/1051 1106/1025/1050 2512/1030/1055 1781/1028/1053
f 1107/1031/1056 2510/1032/1057 1781/1028/1053 2512/1030/1055
f 2510/1032/1057 1062/1033/1058 2511/1029/1054 1781/1028/1053
f 1062/1033/1058 2510/1032/1057 1782/1034/1059 2514/1035/1060
f 2510/1032/1057 1107/1031/1056 2515/1036/1061 1782/1034/1059
f 1108/1037/1062 2513/1038/1063 1782/1034/1059 2515/1036/1061
f 2513/1038/1063 1063/1039/1064 2514/1035/1060 1782/1034/1059
f 1063/1039/1064 2513/1038/1063 1783/1040/1065 2517/1041/1066
f 2513/1038/1063 1108/1037/1062 2518/1042/1067 1783/1040/1065
f 1109/1043/1068 2516/1044/1069 1783/1040/1065 2518/1042/1067
f 2516/1044/1069 1064/1045/1070 2517/1041/1066 1783/1040/1065
f 1064/1045/1070 2516/1044/1069 1784/1046/1071 2520/1047/1072
f 2516/1044/1069 1109/1043/1068 2521/1048/1073 1784/1046/1071
f 1110/1049/1074 2519/1050/1075 1784/1046/1071 2521/1048/1073
f 2519/1050/1075 1065/1051/1076 2520/1047/1072 1784/1046/1071
f 1065/1051/1076 2519/1050/1075 1785/1052/1077 2523/1053/1078
f 2519/1050/1075 1110/1049/1074 2524/1054/1079 1785/1052/1077
f 1111/1055/1080 2522/1056/1081 1785/1052/1077 2524/1054/1079
f 2522/1056/1081 1066/1057/1082 2523/1053/1078 1785/1052/1077
f 1066/1057/1082 2522/1056/1081 1786/1058/1083 2526/1059/1084
f 2522/1056/1081 1111/1055/1080 2527/1060/1085 1786/1058/1083
f 1112/1061/1086 2525/1062/1087 1786/1058/1083 2527/1060/1085
f 2525/1062/1087 1067/1063/1088 2526/1059/1084 1786/1058/1083
f 1067/1063/1088 2525/1062/1087 1787/1064/1089 2529/1065/1090
f 2525/1062/1087 1112/1061/1086 2530/1066/1091 1787/1064/1089
f 1113/1067/1092 2528/1068/1093 1787/1064/1089 2530/1066/1091
f 2528/1068/1093 1068/1069/1094 2529/1065/1090 1787/1064/1089
f 1068/1069/1094 2528/1068/1093 1788/1070/1095 2532/1071/1096
f 2528/1068/1093 1113/1067/1092 2533/1072/1097 1788/1070/1095
f 1114/1073/1098 2531/1074/1099 1788/1070/1095 2533/1072/1097
f 2531/1074/1099 1069/1075/1100 2532/1071/1096 1788/1070/1095
f 1069/1075/1100 2531/1074/1099 1789/1076/1101 2535/1077/1102
f 2531/1074/1099 1114/1073/1098 2536/1078/1103 1789/1076/1101
f 1115/1079/1104 2534/1080/1105 1789/1076/1101 2536/1078/1103
f 2534/1080/1105 1070/1081/1106 2535/1077/1102 1789/1076/1101
f 1070/1081/1106 2534/1080/1105 1790/1082/1107 2538/1083/1108
f 2534/1080/1105 1115/1079/1104 2539/1084/1109 1790/1082/1107
f 1116/1085/1110 2537/1086/1111 1790/1082/1107 2539/1084/1109
f 2537/1086/1111 1071/1087/1112 2538/1083/1108 1790/1082/1107
f 1071/1087/1112 2537/1086/1111 1791/1088/1113 2541/1089/1114
f 2537/1086/1111 1116/1085/1110 2542/1090/1115 1791/1088/1113
f 1117/1091/1116 2540/1092/1117 1791/1088/1113 2542/1090/1115
f 2540/1092/1117 1072/1093/1118 2541/1089/1114 1791/1088/1113
f 1072/1093/1118 2540/1092/1117 1792/1094/1119 2544/1095/1120
f 2540/1092/1117 1117/1091/1116 2545/1096/1121 1792/1094/1119
f 1118/1097/1122 2543/1098/1123 1792/1094/1119 2545/1096/1121
f 2543/1098/1123 1073/1099/1124 2544/1095/1120 1792/1094/1119
f 1073/1099/1124 2543/1098/1123 1793/1100/1125 2547/1101/1126
f 2543/1098/1123 1118/1097/1122 2548/1102/1127 1793/1100/1125
f 1119/1103/1128 2546/1104/1129 1793/1100/1125 2548/1102/1127
f 2546/1104/1129 1074/1105/1130 2547/1101/1126 1793/1100/1125
f 1074/1105/1130 2546/1104/1129 1794/1106/1131 2550/1107/1132
f 2546/1104/1129 1119/1103/1128 2551/1108/1133 1794/1106/1131
f 1120/1109/1134 2549/1110/1135 1794/1106/1131 2551/1108/1133
f 2549/1110/1135 1075/1111/1136 2550/1107/1132 1794/1106/1131
f 1075/1111/1136 2549/1110/1135 1795/1112/1137 2553/1113/1138
f 2549/1110/1135 1120/1109/1134 2554/1114/1139 1795/1112/1137
f 1121/1115/1140 2552/1116/1141 1795/1112/1137 2554/1114/1139
f 2552/1116/1141 1076/1117/1142 2553/1113/1138 1795/1112/1137
f 1076/1117/1142 2552/1116/1141 1796/1118/1143 2556/1119/1144
f 2552/1116/1141 1121/1115/1140 2557/1120/1145 1796/1118/1143
f 1122/1121/1146 2555/1122/1147 1796/1118/1143 2557/1120/1145
f 2555/1122/1147 1077/1123/1148 2556/1119/1144 1796/1118/1143
f 1077/1123/1148 2555/1122/1147 1797/1124/1149 2559/1125/1150
f 2555/1122/1147 1122/1121/1146 2560/1126/1151 1797/1124/1149
f 1123/1127/1097 2558/1128/1095 1797/1124/1149 2560/1126/1151
f 2558/1128/1095 1078/1129/1096 2559/1125/1150 1797/1124/1149
f 1078/1129/1096 2558/1128/1095 1798/1130/1152 2562/1131/1153
f 2558/1128/1095 1123/1127/1097 2563/1132/1154 1798/1130/1152
f 1124/1133/1155 2561/1134/1156 1798/1130/1152 2563/1132/1154
f 2561/1134/1156 1079/1135/1157 2562/1131/1153 1798/1130/1152
f 1079/1135/1157 2561/1134/1156 1799/1136/1158 2565/1137/1159
f 2561/1134/1156 1124/1133/1155 2566/1138/1160 1799/1136/1158
f 1125/1139/1161 2564/1140/1162 1799/1136/1158 2566/1138/1160
f 2564/1140/1162 1080/1141/1163 2565/1137/1159 1799/1136/1158
f 1080/1141/1163 2564/1140/1162 1800/1142/1164 2568/1143/1165
f 2564/1140/1162 1125/1139/1161 2569/1144/1166 1800/1142/1164
f 1126/1145/1167 2567/1146/1168 1800/1142/1164 2569/1144/1166
f 2567/1146/1168 1081/1147/1169 2568/1143/1165 1800/1142/1164
f 1081/1147/1169 2567/1146/1168 1801/1148/1170 2571/1149/1171
f 2567/1146/1168 1126/1145/1167 2572/1150/1172 1801/1148/1170
f 1127/1151/1173 2570/1152/1174 1801/1148/1170 2572/1150/1172
f 2570/1152/1174 1082/1153/1175 2571/1149/1171 1801/1148/1170
f 1082/1153/1175 2570/1152/1174 1802/1154/1176 2574/1155/1177
f 2570/1152/1174 1127/1151/1173 2575/1156/1178 1802/1154/1176
f 1128/1157/1179 2573/1158/1180 1802/1154/1176 2575/1156/1178
f 2573/1158/1180 1083/1159/1181 2574/1155/1177 1802/1154/1176
f 1083/1159/1181 2573/1158/1180 1803/1160/1182 2577/1161/1183
f 2573/1158/1180 1128/1157/1179 2578/1162/1184 1803/1160/1182
f 1129/1163/1185 2576/1164/1186 1803/1160/1182 2578/1162/1184
f 2576/1164/1186 1084/1165/1187 2577/1161/1183 1803/1160/1182
f 1084/1165/1187 2576/1164/1186 1804/1166/1188 2580/1167/1189
f 2576/1164/1186 1129/1163/1185 2581/1168/1190 1804/1166/1188
f 1130/1169/1191 2579/1170/1192 1804/1166/1188 2581/1168/1190
f 2579/1170/1192 1085/1171/1193 2580/1167/1189 1804/1166/1188
f 1085/1171/1193 2579/1170/1192 1805/1172/1194 2583/1173/1195
f 2579/1170/1192 1130/1169/1191 2584/1174/1196 1805/1172/1194
f 1131/1175/1197 2582/1176/1198 1805/1172/1194 2584/1174/1196
f 2582/1176/1198 1086/1177/1199 2583/1173/1195 1805/1172/1194
f 1086/1177/1199 2582/1176/1198 1806/1178/1200 2586/1179/1201
f 2582/1176/1198 1131/1175/1197 2587/1180/1202 1806/1178/1200
f 1132/1181/1203 2585/1182/1204 1806/1178/1200 2587/1180/1202
f 2585/1182/1204 1087/1183/1205 2586/1179/1201 1806/1178/1200
f 1087/1183/1205 2585/1182/1204 1807/1184/1206 2589/1185/1207
f 2585/1182/1204 1132/1181/1203 2590/1186/1208 1807/1184/1206
f 1133/1187/1209 2588/1188/1210 1807/1184/1206 2590/1186/1208
f 2588/1188/1210 1088/1189/1211 2589/1185/1207 1807/1184/1206
f 1088/1189/1211 2588/1188/1210 1808/1190/1212 2592/1191/1213
f 2588/1188/1210 1133/1187/1209 2593/1192/1214 1808/1190/1212
f 1134/1193/1215 2591/1194/1216 1808/1190/1212 2593/1192/1214
f 2591/1194/1216 1089/1195/1217 2592/1191/1213 1808/1190/1212
f 1089/1195/1217 2591/1194/1216 1809/1196/1218 2595/1197/1219
f 2591/1194/1216 1134/1193/1215 2596/1198/1220 1809/1196/1218
f 1135/1199/1221 2594/1200/1222 1809/1196/1218 2596/1198/1220
f 2594/1200/1222 1090/1201/1223 2595/1197/1219 1809/1196/1218
f 1090/1201/1223 2594/1200/1222 1810/1202/1224 2598/1203/1225
f 2594/1200/1222 1135/1199/1221 2599/1204/1226 1810/1202/1224
f 1136/1205/1227 2597/1206/1228 1810/1202/1224 2599/1204/1226
f 2597/1206/1228 1091/1207/1229 2598/1203/1225 1810/1202/1224
f 1091/1207/1229 2597/1206/1228 1811/1208/1230 2601/1209/1231
f 2597/1206/1228 1136/1205/1227 2602/1210/1232 1811/1208/1230
f 1137/1211/1233 2600/1212/1234 1811/1208/1230 2602/1210/1232
f 2600/1212/1234 1092/1213/1235 2601/1209/1231 1811/1208/1230
f 1092/1213/1235 2600/1212/1234 1812/1214/1236 2604/1215/1237
f 2600/1212/1234 1137/1211/1233 2605/1216/1238 1812/1214/1236
f 1138/1217/1239 2603/1218/1240 1812/1214/1236 2605/1216/1238
f 2603/1218/1240 1093/1219/1241 2604/1215/1237 1812/1214/1236
f 1093/1219/1241 2603/1218/1240 1813/1220/1242 2607/1221/1243
f 2603/1218/1240 1138/1217/1239 2608/1222/1244 1813/1220/1242
f 1139/1223/1245 2606/1224/1246 1813/1220/1242 2608/1222/1244
f 2606/1224/1246 1094/1225/1247 2607/1221/1243 1813/1220/1242
f 1094/1225/1247 2606/1224/1246 1814/1226/1248 2610/1227/1249
f 2606/1224/1246 1139/1223/1245 2611/1228/1250 1814/1226/1248
f 1140/1229/1251 2609/1230/1252 1814/1226/1248 2611/1228/1250
f 2609/1230/1252 1095/1231/1253 2610/1227/1249 1814/1226/1248
f 1095/1231/1253 2609/1230/1252 1815/1232/1254 2613/1233/1255
f 2609/1230/1252 1140/1229/1251 2614/1234/1256 1815/1232/1254
f 1141/1235/1257 2612/1236/1258 1815/1232/1254 2614/1234/1256
f 2612/1236/1258 1096/1237/1259 2613/1233/1255 1815/1232/1254
f 1096/1237/1259 2612/1236/1258 1816/1238/1260 2616/1239/1261
f 2612/1236/1258 1141/1235/1257 2617/1240/1262 1816/1238/1260
f 1142/1241/1263 2615/1242/1264 1816/1238/1260 2617/1240/1262
f 2615/1242/1264 1097/1243/1265 2616/1239/1261 1816/1238/1260
f 1097/1243/1265 2615/1242/1264 1817/1244/1266 2619/1245/1267
f 2615/1242/1264 1142/1241/1263 2620/1246/1268 1817/1244/1266
f 1143/1247/1269 2618/1248/1270 1817/1244/1266 2620/1246/1268
f 2618/1248/1270 1098/1249/1271 2619/1245/1267 1817/1244/1266
f 1098/1249/1271 2618/1248/1270 1818/1250/1272 2622/1251/1273
f 2618/1248/1270 1143/1247/1269 2623/1252/1274 1818/1250/1272
f 1144/1253/1275 2621/1254/1276 1818/1250/1272 2623/1252/1274
f 2621/1254/1276 1099/1255/1277 2622/1251/1273 1818/1250/1272
f 1099/1255/1277 2621/1254/1276 1819/1256/1278 2625/1257/1279
f 2621/1254/1276 1144/1253/1275 2626/1258/1280 1819/1256/1278
f 1145/1259/1281 2624/1260/1282 1819/1256/1278 2626/1258/1280
f 2624/1260/1282 1100/1261/1283 2625/1257/1279 1819/1256/1278
f 1100/1261/1283 2624/1260/1282 1820/1262/1284 2628/1263/1285
f 2624/1260/1282 1145/1259/1281 2629/1264/1286 1820/1262/1284
f 1146/1265/1287 2627/1266/1288 1820/1262/1284 2629/1264/1286
f 2627/1266/1288 1101/1267/1289 2628/1263/1285 1820/1262/1284
f 1101/1267/1289 2627/1266/1288 1821/1268/1290 2630/1269/1291
f 2627/1266/1288 1146/1265/1287 2631/1270/1292 1821/1268/1290
f 1102/1005/1030 2632/1271/1293 1822/1272/1294 2500/1006/1031
f 2632/1271/1293 1147/1273/1295 2634/1274/1296 1822/1272/1294
f 1148/1275/1297 2633/1276/1298 1822/1272/1294 2634/1274/1296
f 2633/1276/1298 1103/1007/1032 2500/1006/1031 1822/1272/1294
f 1103/1007/1032 2633/1276/1298 1823/1277/1299 2503/1012/1037
f 2633/1276/1298 1148/1275/1297 2636/1278/1300 1823/1277/1299
f 1149/1279/1301 2635/1280/1302 1823/1277/1299 2636/1278/1300
f 2635/1280/1302 1104/1013/1038 2503/1012/1037 1823/1277/1299
f 1104/1013/1038 2635/1280/1302 1824/1281/1303 2506/1018/1043
f 2635/1280/1302 1149/1279/1301 2638/1282/1304 1824/1281/1303
f 1150/1283/1305 2637/1284/1306 1824/1281/1303 2638/1282/1304
f 2637/1284/1306 1105/1019/1044 2506/1018/1043 1824/1281/1303
f 1105/1019/1044 2637/1284/1306 1825/1285/1307 2509/1024/1049
f 2637/1284/1306 1150/1283/1305 2640/1286/1308 1825/1285/1307
f 1151/1287/1309 2639/1288/1310 1825/1285/1307 2640/1286/1308
f 2639/1288/1310 1106/1025/1050 2509/1024/1049 1825/1285/1307
f 1106/1025/1050 2639/1288/1310 1826/1289/1311 2512/1030/1055
f 2639/1288/1310 1151/1287/1309 2642/1290/1312 1826/1289/1311
f 1152/1291/1313 2641/1292/1314 1826/1289/1311 2642/1290/1312
f 2641/1292/1314 1107/1031/1056 2512/1030/1055 1826/1289/1311
f 1107/1031/1056 2641/1292/1314 1827/1293/1315 2515/1036/1061
f 2641/1292/1314 1152/1291/1313 2644/1294/1316 1827/1293/1315
f 1153/1295/1317 2643/1296/1318 1827/1293/1315 2644/1294/1316
f 2643/1296/1318 1108/1037/1062 2515/1036/1061 1827/1293/1315
f 1108/1037/1062 2643/1296/1318 1828/1297/1319 2518/1042/1067
f 2643/1296/1318 1153/1295/1317 2646/1298/1320 1828/1297/1319
f 1154/1299/1321 2645/1300/1322 1828/1297/1319 2646/1298/1320
f 2645/1300/1322 1109/1043/1068 2518/1042/1067 1828/1297/1319
f 1109/1043/1068 2645/1300/1322 1829/1301/1323 2521/1048/1073
f 2645/1300/1322 1154/1299/1321 2648/1302/1324 1829/1301/1323
f 1155/1303/1325 2647/1304/1326 1829/1301/1323 2648/1302/1324
f 2647/1304/1326 1110/1049/1074 2521/1048/1073 1829/1301/1323
f 1110/1049/1074 2647/1304/1326 1830/1305/1327 2524/1054/1079
f 2647/1304/1326 1155/1303/1325 2650/1306/1328 1830/1305/1327
f 1156/1307/1329 2649/1308/1330 1830/1305/1327 2650/1306/1328
f 2649/1308/1330 1111/1055/1080 2524/1054/1079 1830/1305/1327
f 1111/1055/1080 2649/1308/1330 1831/1309/1331 2527/1060/1085
f 2649/1308/1330 1156/1307/1329 2652/1310/1332 1831/1309/1331
f 1157/1311/1333 2651/1312/1334 1831/1309/1331 2652/1310/1332
f 2651/1312/1334 1112/1061/1086 2527/1060/1085 1831/1309/1331
f 1112/1061/1086 2651/1312/1334 1832/1313/1335 2530/1066/1091
f 2651/1312/1334 1157/1311/1333 2654/1314/1336 1832/1313/1335
f 1158/1315/1337 2653/1316/1338 1832/1313/1335 2654/1314/1336
f 2653/1316/1338 1113/1067/1092 2530/1066/1091 1832/1313/1335
f 1113/1067/1092 2653/1316/1338 1833/1317/1339 2533/1072/1097
f 2653/1316/1338 1158/1315/1337 2656/1318/1340 1833/1317/1339
f 1159/1319/1341 2655/1320/1342 1833/1317/1339 2656/1318/1340
f 2655/1320/1342 1114/1073/1098 2533/1072/1097 1833/1317/1339
f 1114/1073/1098 2655/1320/1342 1834/1321/1343 2536/1078/1103
f 2655/1320/1342 1159/1319/1341 2658/1322/1344 1834/1321/1343
f 1160/1323/1345 2657/1324/1346 1834/1321/1343 2658/1322/1344
f 2657/1324/1346 1115/1079/1104 2536/1078/1103 1834/1321/1343
f 1115/1079/1104 2657/1324/1346 1835/1325/1347 2539/1084/1109
f 2657/1324/1346 1160/1323/1345 2660/1326/1348 1835/1325/1347
f 1161/1327/1349 2659/1328/1350 1835/1325/1347 2660/1326/1348
f 2659/1328/1350 1116/1085/1110 2539/1084/1109 1835/1325/1347
f 1116/1085/1110 2659/1328/1350 1836/1329/1351 2542/1090/1115
f 2659/1328/1350 1161/1327/1349 2662/1330/1352 1836/1329/1351
f 1162/1331/1353 2661/1332/1354 1836/1329/1351 2662/1330/1352
f 2661/1332/1354 1117/1091/1116 2542/1090/1115 1836/1329/1351
f 1117/1091/1116 2661/1332/1354 1837/1333/1355 2545/1096/1121
f 2661/1332/1354 1162/1331/1353 2664/1334/1356 1837/1333/1355
f 1163/1335/1357 2663/1336/1358 1837/1333/1355 2664/1334/1356
f 2663/1336/1358 1118/1097/1122 2545/1096/1121 1837/1333/1355
f 1118/1097/1122 2663/1336/1358 1838/1337/1359 2548/1102/1127
f 2663/1336/1358 1163/1335/1357 2666/1338/1360 1838/1337/1359
f 1164/1339/1361 2665/1340/1362 1838/1337/1359 2666/1338/1360
f 2665/1340/1362 1119/1103/1128 2548/1102/1127 1838/1337/1359
f 1119/1103/1128 2665/1340/1362 1839/1341/1363 2551/1108/1133
f 2665/1340/1362 1164/1339/1361 2668/1342/1364 1839/1341/1363
f 1165/1343/1365 2667/1344/1366 1839/1341/1363 2668/1342/1364
f 2667/1344/1366 1120/1109/1134 2551/1108/1133 1839/1341/1363
f 1120/1109/1134 2667/1344/1366 1840/1345/1367 2554/1114/1139
f 2667/1344/1366 1165/1343/1365 2670/1346/1368 1840/1345/1367
f 1166/1347/1369 2669/1348/1370 1840/1345/1367 2670/1346/1368
f 2669/1348/1370 1121/1115/1140 2554/1114/1139 1840/1345/1367
f 1121/1115/1140 2669/1348/1370 1841/1349/1371 2557/1120/1145
f 2669/1348/1370 1166/1347/1369 2672/1350/1372 1841/1349/1371
f 1167/1351/1373 2671/1352/1374 1841/1349/1371 2672/1350/1372
f 2671/1352/1374 1122/1121/1146 2557/1120/1145 1841/1349/1371
f 1122/1121/1146 2671/1352/1374 1842/1353/1375 2560/1126/1151
f 2671/1352/1374 1167/1351/1373 2674/1354/1376 1842/1353/1375
f 1168/1355/1340 2673/1356/1339 1842/1353/1375 2674/1354/1376
f 2673/1356/1339 1123/1127/1097 2560/1126/1151 1842/1353/1375
f 1123/1127/1097 2673/1356/1339 1843/1357/1377 2563/1132/1154
f 2673/1356/1339 1168/1355/1340 2676/1358/1378 1843/1357/1377
f 1169/1359/1379 2675/1360/1380 1843/1357/1377 2676/1358/1378
f 2675/1360/1380 1124/1133/1155 2563/1132/1154 1843/1357/1377
f 1124/1133/1155 2675/1360/1380 1844/1361/1381 2566/1138/1160
f 2675/1360/1380 1169/1359/1379 2678/1362/1382 1844/1361/1381
f 1170/1363/1383 2677/1364/1384 1844/1361/1381 2678/1362/1382
f 2677/1364/1384 1125/1139/1161 2566/1138/1160 1844/1361/1381
f 1125/1139/1161 2677/1364/1384 1845/1365/1385 2569/1144/1166
f 2677/1364/1384 1170/1363/1383 2680/1366/1386 1845/1365/1385
f 1171/1367/1387 2679/1368/1388 1845/1365/1385 2680/1366/1386
f 2679/1368/1388 1126/1145/1167 2569/1144/1166 1845/1365/1385
f 1126/1145/1167 2679/1368/1388 1846/1369/1389 2572/1150/1172
f 2679/1368/1388 1171/1367/1387 2682/1370/1390 1846/1369/1389
f 1172/1371/1391 2681/1372/1392 1846/1369/1389 2682/1370/1390
f 2681/1372/1392 1127/1151/1173 2572/1150/1172 1846/1369/1389
f 1127/1151/1173 2681/1372/1392 1847/1373/1393 2575/1156/1178
f 2681/1372/1392 1172/1371/1391 2684/1374/1394 1847/1373/1393
f 1173/1375/1395 2683/1376/1396 1847/1373/1393 2684/1374/1394
f 2683/1376/1396 1128/1157/1179 2575/1156/1178 1847/1373/1393
f 1128/1157/1179 2683/1376/1396 1848/1377/1397 2578/1162/1184
f 2683/1376/1396 1173/1375/1395 2686/1378/1398 1848/1377/1397
f 1174/1379/1399 2685/1380/1400 1848/1377/1397 2686/1378/1398
f 2685/1380/1400 1129/1163/1185 2578/1162/1184 1848/1377/1397
f 1129/1163/1185 2685/1380/1400 1849/1381/1401 2581/1168/1190
f 2685/1380/1400 1174/1379/1399 2688/1382/1402 1849/1381/1401
f 1175/1383/1403 2687/1384/1404 1849/1381/1401 2688/1382/1402
f 2687/1384/1404 1130/1169/1191 2581/1168/1190 1849/1381/1401
f 1130/1169/1191 2687/1384/1404 1850/1385/1405 2584/1174/1196
f 2687/1384/1404 1175/1383/1403 2690/1386/1406 1850/1385/1405
f 1176/1387/1407 2689/1388/1408 1850/1385/1405 2690/1386/1406
f 2689/1388/1408 1131/1175/1197 2584/1174/1196 1850/1385/1405
f 1131/1175/1197 2689/1388/1408 1851/1389/1409 2587/1180/1202
f 2689/1388/1408 1176/1387/1407 2692/1390/1410 1851/1389/1409
f 1177/1391/1411 2691/1392/1412 1851/1389/1409 2692/1390/1410
f 2691/1392/1412 1132/1181/1203 2587/1180/1202 1851/1389/1409
f 1132/1181/1203 2691/1392/1412 1852/1393/1413 2590/1186/1208
f 2691/1392/1412 1177/1391/1411 2694/1394/1414 1852/1393/1413
f 1178/1395/1415 2693/1396/1416 1852/1393/1413 2694/1394/1414
f 2693/1396/1416 1133/1187/1209 2590/1186/1208 1852/1393/1413
f 1133/1187/1209 2693/1396/1416 1853/1397/1417 2593/1192/1214
f 2693/1396/1416 1178/1395/1415 2696/1398/1418 1853/1397/1417
f 1179/1399/1419 2695/1400/1420 1853/1397/1417 2696/1398/1418
f 2695/1400/1420 1134/1193/1215 2593/1192/1214 1853/1397/1417
f 1134/1193/1215 2695/1400/1420 1854/1401/1421 2596/1198/1220
f 2695/1400/1420 1179/1399/1419 2698/1402/1422 1854/1401/1421
f 1180/1403/1423 2697/1404/1424 1854/1401/1421 2698/1402/1422
f 2697/1404/1424 1135/1199/1221 2596/1198/1220 1854/1401/1421
f 1135/1199/1221 2697/1404/1424 1855/1405/1425 2599/1204/1226
f 2697/1404/1424 1180/1403/1423 2700/1406/1426 1855/1405/1425
f 1181/1407/1427 2699/1408/1428 1855/1405/1425 2700/1406/1426
f 2699/1408/1428 1136/1205/1227 2599/1204/1226 1855/1405/1425
f 1136/1205/1227 2699/1408/1428 1856/1409/1429 2602/1210/1232
f 2699/1408/1428 1181/1407/1427 2702/1410/1430 1856/1409/1429
f 1182/1411/1431 2701/1412/1432 1856/1409/1429 2702/1410/1430
f 2701/1412/1432 1137/1211/1233 2602/1210/1232 1856/1409/1429
f 1137/1211/1233 2701/1412/1432 1857/1413/1433 2605/1216/1238
f 2701/1412/1432 1182/1411/1431 2704/1414/1434 1857/1413/1433
f 1183/1415/1435 2703/1416/1436 1857/1413/1433 2704/1414/1434
f 2703/1416/1436 1138/1217/1239 2605/1216/1238 1857/1413/1433
f 1138/1217/1239 2703/1416/1436 1858/1417/1437 2608/1222/1244
f 2703/1416/1436 1183/1415/1435 2706/1418/1438 1858/1417/1437
f 1184/1419/1439 2705/1420/1440 1858/1417/1437 2706/1418/1438
f 2705/1420/1440 1139/1223/1245 2608/1222/1244 1858/1417/1437
f 1139/1223/1245 2705/1420/1440 1859/1421/1441 2611/1228/1250
f 2705/1420/1440 1184/1419/1439 2708/1422/1442 1859/1421/1441
f 1185/1423/1443 2707/1424/1444 1859/1421/1441 2708/1422/1442
f 2707/1424/1444 1140/1229/1251 2611/1228/1250 1859/1421/1441
f 1140/1229/1251 2707/1424/1444 1860/1425/1445 2614/1234/1256
f 2707/1424/1444 1185/1423/1443 2710/1426/1446 1860/1425/1445
f 1186/1427/1447 2709/1428/1448 1860/1425/1445 2710/1426/1446
f 2709/1428/1448 1141/1235/1257 2614/1234/1256 1860/1425/1445
f 1141/1235/1257 2709/1428/1448 1861/1429/1449 2617/1240/1262
f 2709/1428/1448 1186/1427/1447 2712/1430/1450 1861/1429/1449
f 1187/1431/1451 2711/1432/1452 1861/1429/1449 2712/1430/1450
f 2711/1432/1452 1142/1241/1263 2617/1240/1262 1861/1429/1449
f 1142/1241/1263 2711/1432/1452 1862/1433/1453 2620/1246/1268
f 2711/1432/1452 1187/1431/1451 2714/1434/1454 1862/1433/1453
f 1188/1435/1455 2713/1436/1456 1862/1433/1453 2714/1434/1454
f 2713/1436/1456 1143/1247/1269 2620/1246/1268 1862/1433/1453
f 1143/1247/1269 2713/1436/1456 1863/1437/1457 2623/1252/1274
f 2713/1436/1456 1188/1435/1455 2716/1438/1458 1863/1437/1457
f 1189/1439/1459 2715/1440/1460 1863/1437/1457 2716/1438/1458
f 2715/1440/1460 1144/1253/1275 2623/1252/1274 1863/1437/1457
f 1144/1253/1275 2715/1440/1460 1864/1441/1461 2626/1258/1280
f 2715/1440/1460 1189/1439/1459 2718/1442/1462 1864/1441/1461
f 1190/1443/1463 2717/1444/1464 1864/1441/1461 2718/1442/1462
f 2717/1444/1464 1145/1259/1281 2626/1258/1280 1864/1441/1461
f 1145/1259/1281 2717/1444/1464 1865/1445/1465 2629/1264/1286
f 2717/1444/1464 1190/1443/1463 2720/1446/1466 1865/1445/1465
f 1191/1447/1467 2719/1448/1468 1865/1445/1465 2720/1446/1466
f 2719/1448/1468 1146/1265/1287 2629/1264/1286 1865/1445/1465
f 1146/1265/1287 2719/1448/1468 1866/1449/1469 2631/1270/1292
f 2719/1448/1468 1191/1447/1467 2721/1450/1470 1866/1449/1469
f 1147/1273/1295 2722/1451/1471 1867/1452/1472 2634/1274/1296
f 2722/1451/1471 1192/1453/1473 2724/1454/1474 1867/1452/1472
f 1193/1455/1475 2723/1456/1476 1867/1452/1472 2724/1454/1474
f 2723/1456/1476 1148/1275/1297 2634/1274/1296 1867/1452/1472
f 1148/1275/1297 2723/1456/1476 1868/1457/1477 2636/1278/1300
f 2723/1456/1476 1193/1455/1475 2726/1458/1478 1868/1457/1477
f 1194/1459/1479 2725/1460/1480 1868/1457/1477 2726/1458/1478
f 2725/1460/1480 1149/1279/1301 2636/1278/1300 1868/1457/1477
f 1149/1279/1301 2725/1460/1480 1869/1461/1481 2638/1282/1304
f 2725/1460/1480 1194/1459/1479 2728/1462/1482 1869/1461/1481
f 1195/1463/1483 2727/1464/1484 1869/1461/1481 2728/1462/1482
f 2727/1464/1484 1150/1283/1305 2638/1282/1304 1869/1461/1481
f 1150/1283/1305 2727/1464/1484 1870/1465/1485 2640/1286/1308
f 2727/1464/1484 1195/1463/1483 2730/1466/1486 1870/1465/1485
f 1196/1467/1487 2729/1468/1488 1870/1465/1485 2730/1466/1486
f 2729/1468/1488 1151/1287/1309 2640/1286/1308 1870/1465/1485
f 1151/1287/1309 2729/1468/1488 1871/1469/1489 2642/1290/1312
f 2729/1468/1488 1196/1467/1487 2732/1470/1490 1871/1469/1489
f 1197/1471/1491 2731/1472/1492 1871/1469/1489 2732/1470/1490
f 2731/1472/1492 1152/1291/1313 2642/1290/1312 1871/1469/1489
f 1152/1291/1313 2731/1472/1492 1872/1473/1493 2644/1294/1316
f 2731/1472/1492 1197/1471/1491 2734/1474/1494 1872/1473/1493
f 1198/1475/1495 2733/1476/1496 1872/1473/1493 2734/1474/1494
f 2733/1476/1496 1153/1295/1317 2644/1294/1316 1872/1473/1493
f 1153/1295/1317 2733/1476/1496 1873/1477/1497 2646/1298/1320
f 2733/1476/1496 1198/1475/1495 2736/1478/1498 1873/1477/1497
f 1199/1479/1499 2735/1480/1500 1873/1477/1497 2736/1478/1498
f 2735/1480/1500 1154/1299/1321 2646/1298/1320 1873/1477/1497
f 1154/1299/1321 2735/1480/1500 1874/1481/1501 2648/1302/1324
f 2735/1480/1500 1199/1479/1499 2738/1482/1502 1874/1481/1501
f 1200/1483/1503 2737/1484/1504 1874/1481/1501 2738/1482/1502
f 2737/1484/1504 1155/1303/1325 2648/1302/1324 1874/1481/1501
f 1155/1303/1325 2737/1484/1504 1875/1485/1505 2650/1306/1328
f 2737/1484/1504 1200/1483/1503 2740/1486/1506 1875/1485/1505
f 1201/1487/1507 2739/1488/1508 1875/1485/1505 2740/1486/1506
f 2739/1488/1508 1156/1307/1329 2650/1306/1328 1875/1485/1505
f 1156/1307/1329 2739/1488/1508 1876/1489/1509 2652/1310/1332
f 2739/1488/1508 1201/1487/1507 2742/1490/1510 1876/1489/1509
f 1202/1491/1511 2741/1492/1512 1876/1489/1509 2742/1490/1510
f 2741/1492/1512 1157/1311/1333 2652/1310/1332 1876/1489/1509
f 1157/1311/1333 2741/1492/1512 1877/1493/1513 2654/1314/1336
f 2741/1492/1512 1202/1491/1511 2744/1494/1514 1877/1493/1513
f 1203/1495/1515 2743/1496/1516 1877/1493/1513 2744/1494/1514
f 2743/1496/1516 1158/1315/1337 2654/1314/1336 1877/1493/1513
f 1158/1315/1337 2743/1496/1516 1878/1497/1517 2656/1318/1340
f 2743/1496/1516 1203/1495/1515 2746/1498/1518 1878/1497/1517
f 1204/1499/1519 2745/1500/1520 1878/1497/1517 2746/1498/1518
f 2745/1500/1520 1159/1319/1341 2656/1318/1340 1878/1497/1517
f 1159/1319/1341 2745/1500/1520 1879/1501/1521 2658/1322/1344
f 2745/1500/1520 1204/1499/1519 2748/1502/1522 1879/1501/1521
f 1205/1503/1523 2747/1504/1524 1879/1501/1521 2748/1502/1522
f 2747/1504/1524 1160/1323/1345 2658/1322/1344 1879/1501/1521
f 1160/1323/1345 2747/1504/1524 1880/1505/1525 2660/1326/1348
f 2747/1504/1524 1205/1503/1523 2750/1506/1526 1880/1505/1525
f 1206/1507/1527 2749/1508/1528 1880/1505/1525 2750/1506/1526
f 2749/1508/1528 1161/1327/1349 2660/1326/1348 1880/1505/1525
f 1161/1327/1349 2749/1508/1528 1881/1509/1529 2662/1330/1352
f 2749/1508/1528 1206/1507/1527 2752/1510/1530 1881/1509/1529
f 1207/1511/1531 2751/1512/1532 1881/1509/1529 2752/1510/1530
f 2751/1512/1532 1162/1331/1353 2662/1330/1352 1881/1509/1529
f 1162/1331/1353 2751/1512/1532 1882/1513/1533 2664/1334/1356
f 2751/1512/1532 1207/1511/1531 2754/1514/1534 1882/1513/1533
f 1208/1515/1535 2753/1516/1536 1882/1513/1533 2754/1514/1534
f 2753/1516/1536 1163/1335/1357 2664/1334/1356 1882/1513/1533
f 1163/1335/1357 2753/1516/1536 1883/1517/1537 2666/1338/1360
f 2753/1516/1536 1208/1515/1535 2756/1518/1538 1883/1517/1537
f 1209/1519/1539 2755/1520/1540 1883/1517/1537 2756/1518/1538
f 2755/1520/1540 1164/1339/1361 2666/1338/1360 1883/1517/1537
f 1164/1339/1361 2755/1520/1540 1884/1521/1541 2668/1342/1364
f 2755/1520/1540 1209/1519/1539 2758/1522/1542 1884/1521/1541
f 1210/1523/1543 2757/1524/1544 1884/1521/1541 2758/1522/1542
f 2757/1524/1544 1165/1343/1365 2668/1342/1364 1884/1521/1541
f 1165/1343/1365 2757/1524/1544 1885/1525/1545 2670/1346/1368
f 2757/1524/1544 1210/1523/1543 2760/1526/1546 1885/1525/1545
f 1211/1527/1547 2759/1528/1548 1885/1525/1545 2760/1526/1546
f 2759/1528/1548 1166/1347/1369 2670/1346/1368 1885/1525/1545
f 1166/1347/1369 2759/1528/1548 1886/1529/1549 2672/1350/1372
f 2759/1528/1548 1211/1527/1547 2762/1530/1550 1886/1529/1549
f 1212/1531/1551 2761/1532/1552 1886/1529/1549 2762/1530/1550
f 2761/1532/1552 1167/1351/1373 2672/1350/1372 1886/1529/1549
f 1167/1351/1373 2761/1532/1552 1887/1533/1553 2674/1354/1376
f 2761/1532/1552 1212/1531/1551 2764/1534/1554 1887/1533/1553
f 1213/1535/1518 2763/1536/1517 1887/1533/1553 2764/1534/1554
f 2763/1536/1517 1168/1355/1340 2674/1354/1376 1887/1533/1553
f 1168/1355/1340 2763/1536/1517 1888/1537/1555 2676/1358/1378
f 2763/1536/1517 1213/1535/1518 2766/1538/1556 1888/1537/1555
f 1214/1539/1557 2765/1540/1558 1888/1537/1555 2766/1538/1556
f 2765/1540/1558 1169/1359/1379 2676/1358/1378 1888/1537/1555
f 1169/1359/1379 2765/1540/1558 1889/1541/1559 2678/1362/1382
f 2765/1540/1558 1214/1539/1557 2768/1542/1560 1889/1541/1559
f 1215/1543/1561 2767/1544/1562 1889/1541/1559 2768/1542/1560
f 2767/1544/1562 1170/1363/1383 2678/1362/1382 1889/1541/1559
f 1170/1363/1383 2767/1544/1562 1890/1545/1563 2680/1366/1386
f 2767/1544/1562 1215/1543/1561 2770/1546/1564 1890/1545/1563
f 1216/1547/1565 2769/1548/1566 1890/1545/1563 2770/1546/1564
f 2769/1548/1566 1171/1367/1387 2680/1366/1386 1890/1545/1563
f 1171/1367/1387 2769/1548/1566 1891/1549/1567 2682/1370/1390
f 2769/1548/1566 1216/1547/1565 2772/1550/1568 1891/1549/1567
f 1217/1551/1569 2771/1552/1570 1891/1549/1567 2772/1550/1568
f 2771/1552/1570 1172/1371/1391 2682/1370/1390 1891/1549/1567
f 1172/1371/1391 2771/1552/1570 1892/1553/1571 2684/1374/1394
f 2771/1552/1570 1217/1551/1569 2774/1554/1572 1892/1553/1571
f 1218/1555/1573 2773/1556/1574 1892/1553/1571 2774/1554/1572
f 2773/1556/1574 1173/1375/1395 2684/1374/1394 1892/1553/1571
f 1173/1375/1395 2773/1556/1574 1893/1557/1575 2686/1378/1398
f 2773/1556/1574 1218/1555/1573 2776/1558/1576 1893/1557/1575
f 1219/1559/1577 2775/1560/1578 1893/1557/1575 2776/1558/1576
f 2775/1560/1578 1174/1379/1399 2686/1378/1398 1893/1557/1575
f 1174/1379/1399 2775/1560/1578 1894/1561/1579 2688/1382/1402
f 2775/1560/1578 1219/1559/1577 2778/1562/1580 1894/1561/1579
f 1220/1563/1581 2777/1564/1582 1894/1561/1579 2778/1562/1580
f 2777/1564/1582 1175/1383/1403 2688/1382/1402 1894/1561/1579
f 1175/1383/1403 2777/1564/1582 1895/1565/1583 2690/1386/1406
f 2777/1564/1582 1220/1563/1581 2780/1566/1584 1895/1565/1583
f 1221/1567/1585 2779/1568/1586 1895/1565/1583 2780/1566/1584
f 2779/1568/1586 1176/1387/1407 2690/1386/1406 1895/1565/1583
f 1176/1387/1407 2779/1568/1586 1896/1569/1587 2692/1390/1410
f 2779/1568/1586 1221/1567/1585 2782/1570/1588 1896/1569/1587
f 1222/1571/1589 2781/1572/1590 1896/1569/1587 2782/1570/1588
f 2781/1572/1590 1177/1391/1411 2692/1390/1410 1896/1569/1587
f 1177/1391/1411 2781/1572/1590 1897/1573/1591 2694/1394/1414
f 2781/1572/1590 1222/1571/1589 2784/1574/1592 1897/1573/1591
f 1223/1575/1593 2783/1576/1594 1897/1573/1591 2784/1574/1592
f 2783/1576/1594 1178/1395/1415 2694/1394/1414 1897/1573/1591
f 1178/1395/1415 2783/1576/1594 1898/1577/1595 2696/1398/1418
f 2783/1576/1594 1223/1575/1593 2786/1578/1596 1898/1577/1595
f 1224/1579/1597 2785/1580/1598 1898/1577/1595 2786/1578/1596
f 2785/1580/1598 1179/1399/1419 2696/1398/1418 1898/1577/1595
f 1179/1399/1419 2785/1580/1598 1899/1581/1599 2698/1402/1422
f 2785/1580/1598 1224/1579/1597 2788/1582/1600 1899/1581/1599
f 1225/1583/1601 2787/1584/1602 1899/1581/1599 2788/1582/1600
f 2787/1584/1602 1180/1403/1423 2698/1402/1422 1899/1581/1599
f 1180/1403/1423 2787/1584/1602 1900/1585/1603 2700/1406/1426
f 2787/1584/1602 1225/1583/1601 2790/1586/1604 1900/1585/1603
f 1226/1587/1605 2789/1588/1606 1900/1585/1603 2790/1586/1604
f 2789/1588/1606 1181/1407/1427 2700/1406/1426 1900/1585/1603
f 1181/1407/1427 2789/1588/1606 1901/1589/1607 2702/1410/1430
f 2789/1588/1606 1226/1587/1605 2792/1590/1608 1901/1589/1607
f 1227/1591/1609 2791/1592/1610 1901/1589/1607 2792/1590/1608
f 2791/1592/1610 1182/1411/1431 2702/1410/1430 1901/1589/1607
f 1182/1411/1431 2791/1592/1610 1902/1593/1611 2704/1414/1434
f 2791/1592/1610 1227/1591/1609 2794/1594/1612 1902/1593/1611
f 1228/1595/1613 2793/1596/1614 1902/1593/1611 2794/1594/1612
f 2793/1596/1614 1183/1415/1435 2704/1414/1434 1902/1593/1611
f 1183/1415/1435 2793/1596/1614 1903/1597/1615 2706/1418/1438
f 2793/1596/1614 1228/1595/1613 2796/1598/1616 1903/1597/1615
f 1229/1599/1617 2795/1600/1618 1903/1597/1615 2796/1598/1616
f 2795/1600/1618 1184/1419/1439 2706/1418/1438 1903/1597/1615
f 1184/1419/1439 2795/1600/1618 1904/1601/1619 2708/1422/1442
f 2795/1600/1618 1229/1599/1617 2798/1602/1620 1904/1601/1619
f 1230/1603/1621 2797/1604/1622 1904/1601/1619 2798/1602/1620
f 2797/1604/1622 1185/1423/1443 2708/1422/1442 1904/1601/1619
f 1185/1423/1443 2797/1604/1622 1905/1605/1623 2710/1426/1446
f 2797/1604/1622 1230/1603/1621 2800/1606/1624 1905/1605/1623
f 1231/1607/1625 2799/1608/1626 1905/1605/1623 2800/1606/1624
f 2799/1608/1626 1186/1427/1447 2710/1426/1446 1905/1605/1623
f 1186/1427/1447 2799/1608/1626 1906/1609/1627 2712/1430/1450
f 2799/1608/1626 1231/1607/1625 2802/1610/1628 1906/1609/1627
f 1232/1611/1629 2801/1612/1630 1906/1609/1627 2802/1610/1628
f 2801/1612/1630 1187/1431/1451 2712/1430/1450 1906/1609/1627
f 1187/1431/1451 2801/1612/1630 1907/1613/1631 2714/1434/1454
f 2801/1612/1630 1232/1611/1629 2804/1614/1632 1907/1613/1631
f 1233/1615/1633 2803/1616/1634 1907/1613/1631 2804/1614/1632
f 2803/1616/1634 1188/1435/1455 2714/1434/1454 1907/1613/1631
f 1188/1435/1455 2803/1616/1634 1908/1617/1635 2716/1438/1458
f 2803/1616/1634 1233/1615/1633 2806/1618/1636 1908/1617/1635
f 1234/1619/1637 2805/1620/1638 1908/1617/1635 2806/1618/1636
f 2805/1620/1638 1189/1439/1459 2716/1438/1458 1908/1617/1635
f 1189/1439/1459 2805/1620/1638 1909/1621/1639 2718/1442/1462
f 2805/1620/1638 1234/1619/1637 2808/1622/1640 1909/1621/1639
f 1235/1623/1641 2807/1624/1642 1909/1621/1639 2808/1622/1640
f 2807/1624/1642 1190/1443/1463 2718/1442/1462 1909/1621/1639
f 1190/1443/1463 2807/1624/1642 1910/1625/1643 2720/1446/1466
f 2807/1624/1642 1235/1623/1641 2810/1626/1644 1910/1625/1643
f 1236/1627/1645 2809/1628/1646 1910/1625/1643 2810/1626/1644
f 2809/1628/1646 1191/1447/1467 2720/1446/1466 1910/1625/1643
f 1191/1447/1467 2809/1628/1646 1911/1629/1647 2721/1450/1470
f 2809/1628/1646 1236/1627/1645 2811/1630/1648 1911/1629/1647
f 1192/1453/1473 2812/1631/1649 1912/1632/1650 2724/1454/1474
f 2812/1631/1649 1237/1633/1651 2814/1634/1652 1912/1632/1650
f 1238/1635/1653 2813/1636/1654 1912/1632/1650 2814/1634/1652
f 2813/1636/1654 1193/1455/1475 2724/1454/1474 1912/1632/1650
f 1193/1455/1475 2813/1636/1654 1913/1637/1655 2726/1458/1478
f 2813/1636/1654 1238/1635/1653 2816/1638/1656 1913/1637/1655
f 1239/1639/1657 2815/1640/1658 1913/1637/1655 2816/1638/1656
f 2815/1640/1658 1194/1459/1479 2726/1458/1478 1913/1637/1655
f 1194/1459/1479 2815/1640/1658 1914/1641/1659 2728/1462/1482
f 2815/1640/1658 1239/1639/1657 2818/1642/1660 1914/1641/1659
f 1240/1643/1661 2817/1644/1662 1914/1641/1659 2818/1642/1660
f 2817/1644/1662 1195/1463/1483 2728/1462/1482 1914/1641/1659
f 1195/1463/1483 2817/1644/1662 1915/1645/1663 2730/1466/1486
f 2817/1644/1662 1240/1643/1661 2820/1646/1664 1915/1645/1663
f 1241/1647/1665 2819/1648/1666 1915/1645/1663 2820/1646/1664
f 2819/1648/1666 1196/1467/1487 2730/1466/1486 1915/1645/1663
f 1196/1467/1487 2819/1648/1666 1916/1649/1667 2732/1470/1490
f 2819/1648/1666 1241/1647/1665 2822/1650/1668 1916/1649/1667
f 1242/1651/1669 2821/1652/1670 1916/1649/1667 2822/1650/1668
f 2821/1652/1670 1197/1471/1491 2732/1470/1490 1916/1649/1667
f 1197/1471/1491 2821/1652/1670 1917/1653/1671 2734/1474/1494
f 2821/1652/1670 1242/1651/1669 2824/1654/1672 1917/1653/1671
f 1243/1655/1673 2823/1656/1674 1917/1653/1671 2824/1654/1672
f 2823/1656/1674 1198/1475/1495 2734/1474/1494 1917/1653/1671
f 1198/1475/1495 2823/1656/1674 1918/1657/1675 2736/1478/1498
f 2823/1656/1674 1243/1655/1673 2826/1658/1676 1918/1657/1675
f 1244/1659/1677 2825/1660/1678 1918/1657/1675 2826/1658/1676
f 2825/1660/1678 1199/1479/1499 2736/1478/1498 1918/1657/1675
f 1199/1479/1499 2825/1660/1678 1919/1661/1679 2738/1482/1502
f 2825/1660/1678 1244/1659/1677 2828/1662/1680 1919/1661/1679
f 1245/1663/1681 2827/1664/1682 1919/1661/1679 2828/1662/1680
f 2827/1664/1682 1200/1483/1503 2738/1482/1502 1919/1661/1679
f 1200/1483/1503 2827/1664/1682 1920/1665/1683 2740/1486/1506
f 2827/1664/1682 1245/1663/1681 2830/1666/1684 1920/1665/1683
f 1246/1667/1685 2829/1668/1686 1920/1665/1683 2830/1666/1684
f 2829/1668/1686 1201/1487/1507 2740/1486/1506 1920/1665/1683
f 1201/1487/1507 2829/1668/1686 1921/1669/1687 2742/1490/1510
f 2829/1668/1686 1246/1667/1685 2832/1670/1688 1921/1669/1687
f 1247/1671/1689 2831/1672/1690 1921/1669/1687 2832/1670/1688
f 2831/1672/1690 1202/1491/1511 2742/1490/1510 1921/1669/1687
f 1202/1491/1511 2831/1672/1690 1922/1673/1691 2744/1494/1514
f 2831/1672/1690 1247/1671/1689 2834/1674/1692 1922/1673/1691
f 1248/1675/1693 2833/1676/1694 1922/1673/1691 2834/1674/1692
f 2833/1676/1694 1203/1495/1515 2744/1494/1514 1922/1673/1691
f 1203/1495/1515 2833/1676/1694 1923/1677/1695 2746/1498/1518
f 2833/1676/1694 1248/1675/1693 2836/1678/1696 1923/1677/1695
f 1249/1679/1697 2835/1680/1698 1923/1677/1695 2836/1678/1696
f 2835/1680/1698 1204/1499/1519 2746/1498/1518 1923/1677/1695
f 1204/1499/1519 2835/1680/1698 1924/1681/1699 2748/1502/1522
f 2835/1680/1698 1249/1679/1697 2838/1682/1700 1924/1681/1699
f 1250/1683/1701 2837/1684/1702 1924/1681/1699 2838/1682/1700
f 2837/1684/1702 1205/1503/1523 2748/1502/1522 1924/1681/1699
f 1205/1503/1523 2837/1684/1702 1925/1685/1703 2750/1506/1526
f 2837/1684/1702 1250/1683/1701 2840/1686/1704 1925/1685/1703
f 1251/1687/1705 2839/1688/1706 1925/1685/1703 2840/1686/1704
f 2839/1688/1706 1206/1507/1527 2750/1506/1526 1925/1685/1703
f 1206/1507/1527 2839/1688/1706 1926/1689/1707 2752/1510/1530
f 2839/1688/1706 1251/1687/1705 2842/1690/1708 1926/1689/1707
f 1252/1691/1709 2841/1692/1710 1926/1689/1707 2842/1690/1708
f 2841/1692/1710 1207/1511/1531 2752/1510/1530 1926/1689/1707
f 1207/1511/1531 2841/1692/1710 1927/1693/1711 2754/1514/1534
f 2841/1692/1710 1252/1691/1709 2844/1694/1712 1927/1693/1711
f 1253/1695/1713 2843/1696/1714 1927/1693/1711 2844/1694/1712
f 2843/1696/1714 1208/1515/1535 2754/1514/1534 1927/1693/1711
f 1208/1515/1535 2843/1696/1714 1928/1697/1715 2756/1518/1538
f 2843/1696/1714 1253/1695/1713 2846/1698/1716 1928/1697/1715
f 1254/1699/1717 2845/1700/1718 1928/1697/1715 2846/1698/1716
f 2845/1700/1718 1209/1519/1539 2756/1518/1538 1928/1697/1715
f 1209/1519/1539 2845/1700/1718 1929/1701/1719 2758/1522/1542
f 2845/1700/1718 1254/1699/1717 2848/1702/1720 1929/1701/1719
f 1255/1703/1721 2847/1704/1722 1929/1701/1719 2848/1702/1720
f 2847/1704/1722 1210/1523/1543 2758/1522/1542 1929/1701/1719
f 1210/1523/1543 2847/1704/1722 1930/1705/1723 2760/1526/1546
f 2847/1704/1722 1255/1703/1721 2850/1706/1724 1930/1705/1723
f 1256/1707/1725 2849/1708/1726 1930/1705/1723 2850/1706/1724
f 2849/1708/1726 1211/1527/1547 2760/1526/1546 1930/1705/1723
f 1211/1527/1547 2849/1708/1726 1931/1709/1727 2762/1530/1550
f 2849/1708/1726 1256/1707/1725 2852/1710/1728 1931/1709/1727
f 1257/1711/1729 2851/1712/1730 1931/1709/1727 2852/1710/1728
f 2851/1712/1730 1212/1531/1551 2762/1530/1550 1931/1709/1727
f 1212/1531/1551 2851/1712/1730 1932/1713/1731 2764/1534/1554
f 2851/1712/1730 1257/1711/1729 2854/1714/1732 1932/1713/1731
f 1258/1715/1696 2853/1716/1695 1932/1713/1731 2854/1714/1732
f 2853/1716/1695 1213/1535/1518 2764/1534/1554 1932/1713/1731
f 1213/1535/1518 2853/1716/1695 1933/1717/1733 2766/1538/1556
f 2853/1716/1695 1258/1715/1696 2856/1718/1734 1933/1717/1733
f 1259/1719/1735 2855/1720/1736 1933/1717/1733 2856/1718/1734
f 2855/1720/1736 1214/1539/1557 2766/1538/1556 1933/1717/1733
f 1214/1539/1557 2855/1720/1736 1934/1721/1737 2768/1542/1560
f 2855/1720/1736 1259/1719/1735 2858/1722/1738 1934/1721/1737
f 1260/1723/1739 2857/1724/1740 1934/1721/1737 2858/1722/1738
f 2857/1724/1740 1215/1543/1561 2768/1542/1560 1934/1721/1737
f 1215/1543/1561 2857/1724/1740 1935/1725/1741 2770/1546/1564
f 2857/1724/1740 1260/1723/1739 2860/1726/1742 1935/1725/1741
f 1261/1727/1743 2859/1728/1744 1935/1725/1741 2860/1726/1742
f 2859/1728/1744 1216/1547/1565 2770/1546/1564 1935/1725/1741
f 1216/1547/1565 2859/1728/1744 1936/1729/1745 2772/1550/1568
f 2859/1728/1744 1261/1727/1743 2862/1730/1746 1936/1729/1745
f 1262/1731/1747 2861/1732/1748 1936/1729/1745 2862/1730/1746
f 2861/1732/1748 1217/1551/1569 2772/1550/1568 1936/1729/1745
f 1217/1551/1569 2861/1732/1748 1937/1733/1749 2774/1554/1572
f 2861/1732/1748 1262/1731/1747 2864/1734/1750 1937/1733/1749
f 1263/1735/1751 2863/1736/1752 1937/1733/1749 2864/1734/1750
f 2863/1736/1752 1218/1555/1573 2774/1554/1572 1937/1733/1749
f 1218/1555/1573 2863/1736/1752 1938/1737/1753 2776/1558/1576
f 2863/1736/1752 1263/1735/1751 2866/1738/1754 1938/1737/1753
f 1264/1739/1755 2865/1740/1756 1938/1737/1753 2866/1738/1754
f 2865/1740/1756 1219/1559/1577 2776/1558/1576 1938/1737/1753
f 1219/1559/1577 2865/1740/1756 1939/1741/1757 2778/1562/1580
f 2865/1740/1756 1264/1739/1755 2868/1742/1758 1939/1741/1757
f 1265/1743/1759 2867/1744/1760 1939/1741/1757 2868/1742/1758
f 2867/1744/1760 1220/1563/1581 2778/1562/1580 1939/1741/1757
f 1220/1563/1581 2867/1744/1760 1940/1745/1761 2780/1566/1584
f 2867/1744/1760 1265/1743/1759 2870/1746/1762 1940/1745/1761
f 1266/1747/1763 2869/1748/1764 1940/1745/1761 2870/1746/1762
f 2869/1748/1764 1221/1567/1585 2780/1566/1584 1940/1745/1761
f 1221/1567/1585 2869/1748/1764 1941/1749/1765 2782/1570/1588
f 2869/1748/1764 1266/1747/1763 2872/1750/1766 1941/1749/1765
f 1267/1751/1767 2871/1752/1768 1941/1749/1765 2872/1750/1766
f 2871/1752/1768 1222/1571/1589 2782/1570/1588 1941/1749/1765
f 1222/1571/1589 2871/1752/1768 1942/1753/1769 2784/1574/1592
f 2871/1752/1768 1267/1751/1767 2874/1754/1770 1942/1753/1769
f 1268/1755/1771 2873/1756/1772 1942/1753/1769 2874/1754/1770
f 2873/1756/1772 1223/1575/1593 2784/1574/1592 1942/1753/1769
f 1223/1575/1593 2873/1756/1772 1943/1757/1773 2786/1578/1596
f 2873/1756/1772 1268/1755/1771 2876/1758/1774 1943/1757/1773
f 1269/1759/1775 2875/1760/1776 1943/1757/1773 2876/1758/1774
f 2875/1760/1776 1224/1579/1597 2786/1578/1596 1943/1757/1773
f 1224/1579/1597 2875/1760/1776 1944/1761/1777 2788/1582/1600
f 2875/1760/1776 1269/1759/1775 2878/1762/1778 1944/1761/1777
f 1270/1763/1779 2877/1764/1780 1944/1761/1777 2878/1762/1778
f 2877/1764/1780 1225/1583/1601 2788/1582/1600 1944/1761/1777
f 1225/1583/1601 2877/1764/1780 1945/1765/1781 2790/1586/1604
f 2877/1764/1780 1270/1763/1779 2880/1766/1782 1945/1765/1781
f 1271/1767/1783 2879/1768/1784 1945/1765/1781 2880/1766/1782
f 2879/1768/1784 1226/1587/1605 2790/1586/1604 1945/1765/1781
f 1226/1587/1605 2879/1768/1784 1946/1769/1785 2792/1590/1608
f 2879/1768/1784 1271/1767/1783 2882/1770/1786 1946/1769/1785
f 1272/1771/1787 2881/1772/1788 1946/1769/1785 2882/1770/1786
f 2881/1772/1788 1227/1591/1609 2792/1590/1608 1946/1769/1785
f 1227/1591/1609 2881/1772/1788 1947/1773/1789 2794/1594/1612
f 2881/1772/1788 1272/1771/1787 2884/1774/1790 1947/1773/1789
f 1273/1775/1791 2883/1776/1792 1947/1773/1789 2884/1774/1790
f 2883/1776/1792 1228/1595/1613 2794/1594/1612 1947/1773/1789
f 1228/1595/1613 2883/1776/1792 1948/1777/1793 2796/1598/1616
f 2883/1776/1792 1273/1775/1791 2886/1778/1794 1948/1777/1793
f 1274/1779/1795 2885/1780/1796 1948/1777/1793 2886/1778/1794
f 2885/1780/1796 1229/1599/1617 2796/1598/1616 1948/1777/1793
f 1229/1599/1617 2885/1780/1796 1949/1781/1797 2798/1602/1620
f 2885/1780/1796 1274/1779/1795 2888/1782/1798 1949/1781/1797
f 1275/1783/1799 2887/1784/1800 1949/1781/1797 2888/1782/1798
f 2887/1784/1800 1230/1603/1621 2798/1602/1620 1949/1781/1797
f 1230/1603/1621 2887/1784/1800 1950/1785/1801 2800/1606/1624
f 2887/1784/1800 1275/1783/1799 2890/1786/1802 1950/1785/1801
f 1276/1787/1803 2889/1788/1804 1950/1785/1801 2890/1786/1802
f 2889/1788/1804 1231/1607/1625 2800/1606/1624 1950/1785/1801
f 1231/1607/1625 2889/1788/1804 1951/1789/1805 2802/1610/1628
f 2889/1788/1804 1276/1787/1803 2892/1790/1806 1951/1789/1805
f 1277/1791/1807 2891/1792/1808 1951/1789/1805 2892/1790/1806
f 2891/1792/1808 1232/1611/1629 2802/1610/1628 1951/1789/1805
f 1232/1611/1629 2891/1792/1808 1952/1793/1809 2804/1614/1632
f 2891/1792/1808 1277/1791/1807 2894/1794/1810 1952/1793/1809
f 1278/1795/1811 2893/1796/1812 1952/1793/1809 2894/1794/1810
f 2893/1796/1812 1233/1615/1633 2804/1614/1632 1952/1793/1809
f 1233/1615/1633 2893/1796/1812 1953/1797/1813 2806/1618/1636
f 2893/1796/1812 1278/1795/1811 2896/1798/1814 1953/1797/1813
f 1279/1799/1815 2895/1800/1816 1953/1797/1813 2896/1798/1814
f 2895/1800/1816 1234/1619/1637 2806/1618/1636 1953/1797/1813
f 1234/1619/1637 2895/1800/1816 1954/1801/1817 2808/1622/1640
f 2895/1800/1816 1279/1799/1815 2898/1802/1818 1954/1801/1817
f 1280/1803/1819 2897/1804/1820 1954/1801/1817 2898/1802/1818
f 2897/1804/1820 1235/1623/1641 2808/1622/1640 1954/1801/1817
f 1235/1623/1641 2897/1804/1820 1955/1805/1821 2810/1626/1644
f 2897/1804/1820 1280/1803/1819 2900/1806/1822 1955/1805/1821
f 1281/1807/1823 2899/1808/1824 1955/1805/1821 2900/1806/1822
f 2899/1808/1824 1236/1627/1645 2810/1626/1644 1955/1805/1821
f 1236/1627/1645 2899/1808/1824 1956/1809/1825 2811/1630/1648
f 2899/1808/1824 1281/1807/1823 2901/1810/1826 1956/1809/1825
f 1237/1633/1651 2902/1811/1827 1957/1812/1828 2814/1634/1652
f 2902/1811/1827 1282/1813/1829 2904/1814/1830 1957/1812/1828
f 1283/1815/1831 2903/1816/1832 1957/1812/1828 2904/1814/1830
f 2903/1816/1832 1238/1635/1653 2814/1634/1652 1957/1812/1828
f 1238/1635/1653 2903/1816/1832 1958/1817/1833 2816/1638/1656
f 2903/1816/1832 1283/1815/1831 2906/1818/1834 1958/1817/1833
f 1284/1819/1835 2905/1820/1836 1958/1817/1833 2906/1818/1834
f 2905/1820/1836 1239/1639/1657 2816/1638/1656 1958/1817/1833
f 1239/1639/1657 2905/1820/1836 1959/1821/1837 2818/1642/1660
f 2905/1820/1836 1284/1819/1835 2908/1822/1838 1959/1821/1837
f 1285/1823/1839 2907/1824/1840 1959/1821/1837 2908/1822/1838
f 2907/1824/1840 1240/1643/1661 2818/1642/1660 1959/1821/1837
f 1240/1643/1661 2907/1824/1840 1960/1825/1841 2820/1646/1664
f 2907/1824/1840 1285/1823/1839 2910/1826/1842 1960/1825/1841
f 1286/1827/1843 2909/1828/1844 1960/1825/1841 2910/1826/1842
f 2909/1828/1844 1241/1647/1665 2820/1646/1664 1960/1825/1841
f 1241/1647/1665 2909/1828/1844 1961/1829/1845 2822/1650/1668
f 2909/1828/1844 1286/1827/1843 2912/1830/1846 1961/1829/1845
f 1287/1831/1847 2911/1832/1848 1961/1829/1845 2912/1830/1846
f 2911/1832/1848 1242/1651/1669 2822/1650/1668 1961/1829/1845
f 1242/1651/1669 2911/1832/1848 1962/1833/1849 2824/1654/1672
f 2911/1832/1848 1287/1831/1847 2914/1834/1850 1962/1833/1849
f 1288/1835/1851 2913/1836/1852 1962/1833/1849 2914/1834/1850
f 2913/1836/1852 1243/1655/1673 2824/1654/1672 1962/1833/1849
f 1243/1655/1673 2913/1836/1852 1963/1837/1853 2826/1658/1676
f 2913/1836/1852 1288/1835/1851 2916/1838/1854 1963/1837/1853
f 1289/1839/1855 2915/1840/1856 1963/1837/1853 2916/1838/1854
f 2915/1840/1856 1244/1659/1677 2826/1658/1676 1963/1837/1853
f 1244/1659/1677 2915/1840/1856 1964/1841/1857 2828/1662/1680
f 2915/1840/1856 1289/1839/1855 2918/1842/1858 1964/1841/1857
f 1290/1843/1859 2917/1844/1860 1964/1841/1857 2918/1842/1858
f 2917/1844/1860 1245/1663/1681 2828/1662/1680 1964/1841/1857
f 1245/1663/1681 2917/1844/1860 1965/1845/1861 2830/1666/1684
f 2917/1844/1860 1290/1843/1859 2920/1846/1862 1965/1845/1861
f 1291/1847/1863 2919/1848/1864 1965/1845/1861 2920/1846/1862
f 2919/1848/1864 1246/1667/1685 2830/1666/1684 1965/1845/1861
f 1246/1667/1685 2919/1848/1864 1966/1849/1865 2832/1670/1688
f 2919/1848/1864 1291/1847/1863 2922/1850/1866 1966/1849/1865
f 1292/1851/1867 2921/1852/1868 1966/1849/1865 2922/1850/1866
f 2921/1852/1868 1247/1671/1689 2832/1670/1688 1966/1849/1865
f 1247/1671/1689 2921/1852/1868 1967/1853/1869 2834/1674/1692
f 2921/1852/1868 1292/1851/1867 2924/1854/1870 1967/1853/1869
f 1293/1855/1871 2923/1856/1872 1967/1853/1869 2924/1854/1870
f 2923/1856/1872 1248/1675/1693 2834/1674/1692 1967/1853/1869
f 1248/1675/1693 2923/1856/1872 1968/1857/1873 2836/1678/1696
f 2923/1856/1872 1293/1855/1871 2926/1858/1874 1968/1857/1873
f 1294/1859/1875 2925/1860/1876 1968/1857/1873 2926/1858/1874
f 2925/1860/1876 1249/1679/1697 2836/1678/1696 1968/1857/1873
f 1249/1679/1697 2925/1860/1876 1969/1861/1877 2838/1682/1700
f 2925/1860/1876 1294/1859/1875 2928/1862/1878 1969/1861/1877
f 1295/1863/1879 2927/1864/1880 1969/1861/1877 2928/1862/1878
f 2927/1864/1880 1250/1683/1701 2838/1682/1700 1969/1861/1877
f 1250/1683/1701 2927/1864/1880 1970/1865/1881 2840/1686/1704
f 2927/1864/1880 1295/1863/1879 2930/1866/1882 1970/1865/1881
f 1296/1867/1883 2929/1868/1884 1970/1865/1881 2930/1866/1882
f 2929/1868/1884 1251/1687/1705 2840/1686/1704 1970/1865/1881
f 1251/1687/1705 2929/1868/1884 1971/1869/1885 2842/1690/1708
f 2929/1868/1884 1296/1867/1883 2932/1870/1886 1971/1869/1885
f 1297/1871/1887 2931/1872/1888 1971/1869/1885 2932/1870/1886
f 2931/1872/1888 1252/1691/1709 2842/1690/1708 1971/1869/1885
f 1252/1691/1709 2931/1872/1888 1972/1873/1889 2844/1694/1712
f 2931/1872/1888 1297/1871/1887 2934/1874/1890 1972/1873/1889
f 1298/1875/1891 2933/1876/1892 1972/1873/1889 2934/1874/1890
f 2933/1876/1892 1253/1695/1713 2844/1694/1712 1972/1873/1889
f 1253/1695/1713 2933/1876/1892 1973/1877/1893 2846/1698/1716
f 2933/1876/1892 1298/1875/1891 2936/1878/1894 1973/1877/1893
f 1299/1879/1895 2935/1880/1896 1973/1877/1893 2936/1878/1894
f 2935/1880/1896 1254/1699/1717 2846/1698/1716 1973/1877/1893
f 1254/1699/1717 2935/1880/1896 1974/1881/1897 2848/1702/1720
f 2935/1880/1896 1299/1879/1895 2938/1882/1898 1974/1881/1897
f 1300/1883/1899 2937/1884/1900 1974/1881/1897 2938/1882/1898
f 2937/1884/1900 1255/1703/1721 2848/1702/1720 1974/1881/1897
f 1255/1703/1721 2937/1884/1900 1975/1885/1901 2850/1706/1724
f 2937/1884/1900 1300/1883/1899 2940/1886/1902 1975/1885/1901
f 1301/1887/1903 2939/1888/1904 1975/1885/1901 2940/1886/1902
f 2939/1888/1904 1256/1707/1725 2850/1706/1724 1975/1885/1901
f 1256/1707/1725 2939/1888/1904 1976/1889/1905 2852/1710/1728
f 2939/1888/1904 1301/1887/1903 2942/1890/1906 1976/1889/1905
f 1302/1891/1907 2941/1892/1908 1976/1889/1905 2942/1890/1906
f 2941/1892/1908 1257/1711/1729 2852/1710/1728 1976/1889/1905
f 1257/1711/1729 2941/1892/1908 1977/1893/1909 2854/1714/1732
f 2941/1892/1908 1302/1891/1907 2944/1894/1910 1977/1893/1909
f 1303/1895/1874 2943/1896/1873 1977/1893/1909 2944/1894/1910
f 2943/1896/1873 1258/1715/1696 2854/1714/1732 1977/1893/1909
f 1258/1715/1696 2943/1896/1873 1978/1897/1911 2856/1718/1734
f 2943/1896/1873 1303/1895/1874 2946/1898/1912 1978/1897/1911
f 1304/1899/1913 2945/1900/1914 1978/1897/1911 2946/1898/1912
f 2945/1900/1914 1259/1719/1735 2856/1718/1734 1978/1897/1911
f 1259/1719/1735 2945/1900/1914 1979/1901/1915 2858/1722/1738
f 2945/1900/1914 1304/1899/1913 2948/1902/1916 1979/1901/1915
f 1305/1903/1917 2947/1904/1918 1979/1901/1915 2948/1902/1916
f 2947/1904/1918 1260/1723/1739 2858/1722/1738 1979/1901/1915
f 1260/1723/1739 2947/1904/1918 1980/1905/1919 2860/1726/1742
f 2947/1904/1918 1305/1903/1917 2950/1906/1920 1980/1905/1919
f 1306/1907/1921 2949/1908/1922 1980/1905/1919 2950/1906/1920
f 2949/1908/1922 1261/1727/1743 2860/1726/1742 1980/1905/1919
f 1261/1727/1743 2949/1908/1922 1981/1909/1923 2862/1730/1746
f 2949/1908/1922 1306/1907/1921 2952/1910/1924 1981/1909/1923
f 1307/1911/1925 2951/1912/1926 1981/1909/1923 2952/1910/1924
f 2951/1912/1926 1262/1731/1747 2862/1730/1746 1981/1909/1923
f 1262/1731/1747 2951/1912/1926 1982/1913/1927 2864/1734/1750
f 2951/1912/1926 1307/1911/1925 2954/1914/1928 1982/1913/1927
f 1308/1915/1929 2953/1916/1930 1982/1913/1927 2954/1914/1928
f 2953/1916/1930 1263/1735/1751 2864/1734/1750 1982/1913/1927
f 1263/1735/1751 2953/1916/1930 1983/1917/1931 2866/1738/1754
f 2953/1916/1930 1308/1915/1929 2956/1918/1932 1983/1917/1931
f 1309/1919/1933 2955/1920/1934 1983/1917/1931 2956/1918/1932
f 2955/1920/1934 1264/1739/1755 2866/1738/1754 1983/1917/1931
f 1264/1739/1755 2955/1920/1934 1984/1921/1935 2868/1742/1758
f 2955/1920/1934 1309/1919/1933 2958/1922/1936 1984/1921/1935
f 1310/1923/1937 2957/1924/1938 1984/1921/1935 2958/1922/1936
f 2957/1924/1938 1265/1743/1759 2868/1742/1758 1984/1921/1935
f 1265/1743/1759 2957/1924/1938 1985/1925/1939 2870/1746/1762
f 2957/1924/1938 1310/1923/1937 2960/1926/1940 1985/1925/1939
f 1311/1927/1941 2959/1928/1942 1985/1925/1939 2960/1926/1940
f 2959/1928/1942 1266/1747/1763 2870/1746/1762 1985/1925/1939
f 1266/1747/1763 2959/1928/1942 1986/1929/1943 2872/1750/1766
f 2959/1928/1942 1311/1927/1941 2962/1930/1944 1986/1929/1943
f 1312/1931/1945 2961/1932/1946 1986/1929/1943 2962/1930/1944
f 2961/1932/1946 1267/1751/1767 2872/1750/1766 1986/1929/1943
f 1267/1751/1767 2961/1932/1946 1987/1933/1947 2874/1754/1770
f 2961/1932/1946 1312/1931/1945 2964/1934/1948 1987/1933/1947
f 1313/1935/1949 2963/1936/1950 1987/1933/1947 2964/1934/1948
f 2963/1936/1950 1268/1755/1771 2874/1754/1770 1987/1933/1947
f 1268/1755/1771 2963/1936/1950 1988/1937/1951 2876/1758/1774
f 2963/1936/1950 1313/1935/1949 2966/1938/1952 1988/1937/1951
f 1314/1939/1953 2965/1940/1954 1988/1937/1951 2966/1938/1952
f 2965/1940/1954 1269/1759/1775 2876/1758/1774 1988/1937/1951
f 1269/1759/1775 2965/1940/1954 1989/1941/1955 2878/1762/1778
f 2965/1940/1954 1314/1939/1953 2968/1942/1956 1989/1941/1955
f 1315/1943/1957 2967/1944/1958 1989/1941/1955 2968/1942/1956
f 2967/1944/1958 1270/1763/1779 2878/1762/1778 1989/1941/1955
f 1270/1763/1779 2967/1944/1958 1990/1945/1959 2880/1766/1782
f 2967/1944/1958 1315/1943/1957 2970/1946/1960 1990/1945/1959
f 1316/1947/1961 2969/1948/1962 1990/1945/1959 2970/1946/1960
f 2969/1948/1962 1271/1767/1783 2880/1766/1782 1990/1945/1959
f 1271/1767/1783 2969/1948/1962 1991/1949/1963 2882/1770/1786
f 2969/1948/1962 1316/1947/1961 2972/1950/1964 1991/1949/1963
f 1317/1951/1965 2971/1952/1966 1991/1949/1963 2972/1950/1964
f 2971/1952/1966 1272/1771/1787 2882/1770/1786 1991/1949/1963
f 1272/1771/1787 2971/1952/1966 1992/1953/1967 2884/1774/1790
f 2971/1952/1966 1317/1951/1965 2974/1954/1968 1992/1953/1967
f 1318/1955/1969 2973/1956/1970 1992/1953/1967 2974/1954/1968
f 2973/1956/1970 1273/1775/1791 2884/1774/1790 1992/1953/1967
f 1273/1775/1791 2973/1956/1970 1993/1957/1971 2886/1778/1794
f 2973/1956/1970 1318/1955/1969 2976/1958/1972 1993/1957/1971
f 1319/1959/1973 2975/1960/1974 1993/1957/1971 2976/1958/1972
f 2975/1960/1974 1274/1779/1795 2886/1778/1794 1993/1957/1971
f 1274/1779/1795 2975/1960/1974 1994/1961/1975 2888/1782/1798
f 2975/1960/1974 1319/1959/1973 2978/1962/1976 1994/1961/1975
f 1320/1963/1977 2977/1964/1978 1994/1961/1975 2978/1962/1976
f 2977/1964/1978 1275/1783/1799 2888/1782/1798 1994/1961/1975
f 1275/1783/1799 2977/1964/1978 1995/1965/1979 2890/1786/1802
f 2977/1964/1978 1320/1963/1977 2980/1966/1980 1995/1965/1979
f 1321/1967/1981 2979/1968/1982 1995/1965/1979 2980/1966/1980
f 2979/1968/1982 1276/1787/1803 2890/1786/1802 1995/1965/1979
f 1276/1787/1803 2979/1968/1982 1996/1969/1983 2892/1790/1806
f 2979/1968/1982 1321/1967/1981 2982/1970/1984 1996/1969/1983
f 1322/1971/1985 2981/1972/1986 1996/1969/1983 2982/1970/1984
f 2981/1972/1986 1277/1791/1807 2892/1790/1806 1996/1969/1983
f 1277/1791/1807 2981/1972/1986 1997/1973/1987 2894/1794/1810
f 2981/1972/1986 1322/1971/1985 2984/1974/1988 1997/1973/1987
f 1323/1975/1989 2983/1976/1990 1997/1973/1987 2984/1974/1988
f 2983/1976/1990 1278/1795/1811 2894/1794/1810 1997/1973/1987
f 1278/1795/1811 2983/1976/1990 1998/1977/1991 2896/1798/1814
f 2983/1976/1990 1323/1975/1989 2986/1978/1992 1998/1977/1991
f 1324/1979/1993 2985/1980/1994 1998/1977/1991 2986/1978/1992
f 2985/1980/1994 1279/1799/1815 2896/1798/1814 1998/1977/1991
f 1279/1799/1815 2985/1980/1994 1999/1981/1995 2898/1802/1818
f 2985/1980/1994 1324/1979/1993 2988/1982/1996 1999/1981/1995
f 1325/1983/1997 2987/1984/1998 1999/1981/1995 2988/1982/1996
f 2987/1984/1998 1280/1803/1819 2898/1802/1818 1999/1981/1995
f 1280/1803/1819 2987/1984/1998 2000/1985/1999 2900/1806/1822
f 2987/1984/1998 1325/1983/1997 2990/1986/2000 2000/1985/1999
f 1326/1987/2001 2989/1988/2002 2000/1985/1999 2990/1986/2000
f 2989/1988/2002 1281/1807/1823 2900/1806/1822 2000/1985/1999
f 1281/1807/1823 2989/1988/2002 2001/1989/2003 2901/1810/1826
f 2989/1988/2002 1326/1987/2001 2991/1990/2004 2001/1989/2003
f 1282/1813/1829 2992/1991/2005 2002/1992/2006 2904/1814/1830
f 2992/1991/2005 1327/1993/2007 2994/1994/2008 2002/1992/2006
f 1328/1995/2009 2993/1996/2010 2002/1992/2006 2994/1994/2008
f 2993/1996/2010 1283/1815/1831 2904/1814/1830 2002/1992/2006
f 1283/1815/1831 2993/1996/2010 2003/1997/2011 2906/1818/1834
f 2993/1996/2010 1328/1995/2009 2996/1998/2012 2003/1997/2011
f 1329/1999/2013 2995/2000/2014 2003/1997/2011 2996/1998/2012
f 2995/2000/2014 1284/1819/1835 2906/1818/1834 2003/1997/2011
f 1284/1819/1835 2995/2000/2014 2004/2001/2015 2908/1822/1838
f 2995/2000/2014 1329/1999/2013 2998/2002/2016 2004/2001/2015
f 1330/2003/2017 2997/2004/2018 2004/2001/2015 2998/2002/2016
f 2997/2004/2018 1285/1823/1839 2908/1822/1838 2004/2001/2015
f 1285/1823/1839 2997/2004/2018 2005/2005/2019 2910/1826/1842
f 2997/2004/2018 1330/2003/2017 3000/2006/2020 2005/2005/2019
f 1331/2007/2021 2999/2008/2022 2005/2005/2019 3000/2006/2020
f 2999/2008/2022 1286/1827/1843 2910/1826/1842 2005/2005/2019
f 1286/1827/1843 2999/2008/2022 2006/2009/2023 2912/1830/1846
f 2999/2008/2022 1331/2007/2021 3002/2010/2024 2006/2009/2023
f 1332/2011/2025 3001/2012/2026 2006/2009/2023 3002/2010/2024
f 3001/2012/2026 1287/1831/1847 2912/1830/1846 2006/2009/2023
f 1287/1831/1847 3001/2012/2026 2007/2013/2027 2914/1834/1850
f 3001/2012/2026 1332/2011/2025 3004/2014/2028 2007/2013/2027
f 1333/2015/2029 3003/2016/2030 2007/2013/2027 3004/2014/2028
f 3003/2016/2030 1288/1835/1851 2914/1834/1850 2007/2013/2027
f 1288/1835/1851 3003/2016/2030 2008/2017/2031 2916/1838/1854
f 3003/2016/2030 1333/2015/2029 3006/2018/2032 2008/2017/2031
f 1334/2019/2033 3005/2020/2034 2008/2017/2031 3006/2018/2032
f 3005/2020/2034 1289/1839/1855 2916/1838/1854 2008/2017/2031
f 1289/1839/1855 3005/2020/2034 2009/2021/2035 2918/1842/1858
f 3005/2020/2034 1334/2019/2033 3008/2022/2036 2009/2021/2035
f 1335/2023/2037 3007/2024/2038 2009/2021/2035 3008/2022/2036
f 3007/2024/2038 1290/1843/1859 2918/1842/1858 2009/2021/2035
f 1290/1843/1859 3007/2024/2038 2010/2025/2039 2920/1846/1862
f 3007/2024/2038 1335/2023/2037 3010/2026/2040 2010/2025/2039
f 1336/2027/2041 3009/2028/2042 2010/2025/2039 3010/2026/2040
f 3009/2028/2042 1291/1847/1863 2920/1846/1862 2010/2025/2039
f 1291/1847/1863 3009/2028/2042 2011/2029/2043 2922/1850/1866
f 3009/2028/2042 1336/2027/2041 3012/2030/2044 2011/2029/2043
f 1337/2031/2045 3011/2032/2046 2011/2029/2043 3012/2030/2044
f 3011/2032/2046 1292/1851/1867 2922/1850/1866 2011/2029/2043
f 1292/1851/1867 3011/2032/2046 2012/2033/2047 2924/1854/1870
f 3011/2032/2046 1337/2031/2045 3014/2034/2048 2012/2033/2047
f 1338/2035/2049 3013/2036/2050 2012/2033/2047 3014/2034/2048
f 3013/2036/2050 1293/1855/1871 2924/1854/1870 2012/2033/2047
f 1293/1855/1871 3013/2036/2050 2013/2037/2051 2926/1858/1874
f 3013/2036/2050 1338/2035/2049 3016/2038/2052 2013/2037/2051
f 1339/2039/2053 3015/2040/2054 2013/2037/2051 3016/2038/2052
f 3015/2040/2054 1294/1859/1875 2926/1858/1874 2013/2037/2051
f 1294/1859/1875 3015/2040/2054 2014/2041/2055 2928/1862/1878
f 3015/2040/2054 1339/2039/2053 3018/2042/2056 2014/2041/2055
f 1340/2043/2057 3017/2044/2058 2014/2041/2055 3018/2042/2056
f 3017/2044/2058 1295/1863/1879 2928/1862/1878 2014/2041/2055
f 1295/1863/1879 3017/2044/2058 2015/2045/2059 2930/1866/1882
f 3017/2044/2058 1340/2043/2057 3020/2046/2060 2015/2045/2059
f 1341/2047/2061 3019/2048/2062 2015/2045/2059 3020/2046/2060
f 3019/2048/2062 1296/1867/1883 2930/1866/1882 2015/2045/2059
f 1296/1867/1883 3019/2048/2062 2016/2049/2063 2932/1870/1886
f 3019/2048/2062 1341/2047/2061 3022/2050/2064 2016/2049/2063
f 1342/2051/2065 3021/2052/2066 2016/2049/2063 3022/2050/2064
f 3021/2052/2066 1297/1871/1887 2932/1870/1886 2016/2049/2063
f 1297/1871/1887 3021/2052/2066 2017/2053/2067 2934/1874/1890
f 3021/2052/2066 1342/2051/2065 3024/2054/2068 2017/2053/2067
f 1343/2055/2069 3023/2056/2070 2017/2053/2067 3024/2054/2068
f 3023/2056/2070 1298/1875/1891 2934/1874/1890 2017/2053/2067
f 1298/1875/1891 3023/2056/2070 2018/2057/2071 2936/1878/1894
f 3023/2056/2070 1343/2055/2069 3026/2058/2072 2018/2057/2071
f 1344/2059/2073 3025/2060/2074 2018/2057/2071 3026/2058/2072
f 3025/2060/2074 1299/1879/1895 2936/1878/1894 2018/2057/2071
f 1299/1879/1895 3025/2060/2074 2019/2061/2075 2938/1882/1898
f 3025/2060/2074 1344/2059/2073 3028/2062/2076 2019/2061/2075
f 1345/2063/2077 3027/2064/2078 2019/2061/2075 3028/2062/2076
f 3027/2064/2078 1300/1883/1899 2938/1882/1898 2019/2061/2075
f 1300/1883/1899 3027/2064/2078 2020/2065/2079 2940/1886/1902
f 3027/2064/2078 1345/2063/2077 3030/2066/2080 2020/2065/2079
f 1346/2067/2081 3029/2068/2082 2020/2065/2079 3030/2066/2080
f 3029/2068/2082 1301/1887/1903 2940/1886/1902 2020/2065/2079
f 1301/1887/1903 3029/2068/2082 2021/2069/2083 2942/1890/1906
f 3029/2068/2082 1346/2067/2081 3032/2070/2084 2021/2069/2083
f 1347/2071/2085 3031/2072/2086 2021/2069/2083 3032/2070/2084
f 3031/2072/2086 1302/1891/1907 2942/1890/1906 2021/2069/2083
f 1302/1891/1907 3031/2072/2086 2022/2073/2087 2944/1894/1910
f 3031/2072/2086 1347/2071/2085 3034/2074/2088 2022/2073/2087
f 1348/2075/2052 3033/2076/2051 2022/2073/2087 3034/2074/2088
f 3033/2076/2051 1303/1895/1874 2944/1894/1910 2022/2073/2087
f 1303/1895/1874 3033/2076/2051 2023/2077/2089 2946/1898/1912
f 3033/2076/2051 1348/2075/2052 3036/2078/2090 2023/2077/2089
f 1349/2079/2091 3035/2080/2092 2023/2077/2089 3036/2078/2090
f 3035/2080/2092 1304/1899/1913 2946/1898/1912 2023/2077/2089
f 1304/1899/1913 3035/2080/2092 2024/2081/2093 2948/1902/1916
f 3035/2080/2092 1349/2079/2091 3038/2082/2094 2024/2081/2093
f 1350/2083/2095 3037/2084/2096 2024/2081/2093 3038/2082/2094
f 3037/2084/2096 1305/1903/1917 2948/1902/1916 2024/2081/2093
f 1305/1903/1917 3037/2084/2096 2025/2085/2097 2950/1906/1920
f 3037/2084/2096 1350/2083/2095 3040/2086/2098 2025/2085/2097
f 1351/2087/2099 3039/2088/2100 2025/2085/2097 3040/2086/2098
f 3039/2088/2100 1306/1907/1921 2950/1906/1920 2025/2085/2097
f 1306/1907/1921 3039/2088/2100 2026/2089/2101 2952/1910/1924
f 3039/2088/2100 1351/2087/2099 3042/2090/2102 2026/2089/2101
f 1352/2091/2103 3041/2092/2104 2026/2089/2101 3042/2090/2102
f 3041/2092/2104 1307/1911/1925 2952/1910/1924 2026/2089/2101
f 1307/1911/1925 3041/2092/2104 2027/2093/2105 2954/1914/1928
f 3041/2092/2104 1352/2091/2103 3044/2094/2106 2027/2093/2105
f 1353/2095/2107 3043/2096/2108 2027/2093/2105 3044/2094/2106
f 3043/2096/2108 1308/1915/1929 2954/1914/1928 2027/2093/2105
f 1308/1915/1929 3043/2096/2108 2028/2097/2109 2956/1918/1932
f 3043/2096/2108 1353/2095/2107 3046/2098/2110 2028/2097/2109
f 1354/2099/2111 3045/2100/2112 2028/2097/2109 3046/2098/2110
f 3045/2100/2112 1309/1919/1933 2956/1918/1932 2028/2097/2109
f 1309/1919/1933 3045/2100/2112 2029/2101/2113 2958/1922/1936
f 3045/2100/2112 1354/2099/2111 3048/2102/2114 2029/2101/2113
f 1355/2103/2115 3047/2104/2116 2029/2101/2113 3048/2102/2114
f 3047/2104/2116 1310/1923/1937 2958/1922/1936 2029/2101/2113
f 1310/1923/1937 3047/2104/2116 2030/2105/2117 2960/1926/1940
f 3047/2104/2116 1355/2103/2115 3050/2106/2118 2030/2105/2117
f 1356/2107/2119 3049/2108/2120 2030/2105/2117 3050/2106/2118
f 3049/2108/2120 1311/1927/1941 2960/1926/1940 2030/2105/2117
f 1311/1927/1941 3049/2108/2120 2031/2109/2121 2962/1930/1944
f 3049/2108/2120 1356/2107/2119 3052/2110/2122 2031/2109/2121
f 1357/2111/2123 3051/2112/2124 2031/2109/2121 3052/2110/2122
f 3051/2112/2124 1312/1931/1945 2962/1930/1944 2031/2109/2121
f 1312/1931/1945 3051/2112/2124 2032/2113/2125 2964/1934/1948
f 3051/2112/2124 1357/2111/2123 3054/2114/2126 2032/2113/2125
f 1358/2115/2127 3053/2116/2128 2032/2113/2125 3054/2114/2126
f 3053/2116/2128 1313/1935/1949 2964/1934/1948 2032/2113/2125
f 1313/1935/1949 3053/2116/2128 2033/2117/2129 2966/1938/1952
f 3053/2116/2128 1358/2115/2127 3056/2118/2130 2033/2117/2129
f 1359/2119/2131 3055/2120/2132 2033/2117/2129 3056/2118/2130
f 3055/2120/2132 1314/1939/1953 2966/1938/1952 2033/2117/2129
f 1314/1939/1953 3055/2120/2132 2034/2121/2133 2968/1942/1956
f 3055/2120/2132 1359/2119/2131 3058/2122/2134 2034/2121/2133
f 1360/2123/2135 3057/2124/2136 2034/2121/2133 3058/2122/2134
f 3057/2124/2136 1315/1943/1957 2968/1942/1956 2034/2121/2133
f 1315/1943/1957 3057/2124/2136 2035/2125/2137 2970/1946/1960
f 3057/2124/2136 1360/2123/2135 3060/2126/2138 2035/2125/2137
f 1361/2127/2139 3059/2128/2140 2035/2125/2137 3060/2126/2138
f 3059/2128/2140 1316/1947/1961 2970/1946/1960 2035/2125/2137
f 1316/1947/1961 3059/2128/2140 2036/2129/2141 2972/1950/1964
f 3059/2128/2140 1361/2127/2139 3062/2130/2142 2036/2129/2141
f 1362/2131/2143 3061/2132/2144 2036/2129/2141 3062/2130/2142
f 3061/2132/2144 1317/1951/1965 2972/1950/1964 2036/2129/2141
f 1317/1951/1965 3061/2132/2144 2037/2133/2145 2974/1954/1968
f 3061/2132/2144 1362/2131/2143 3064/2134/2146 2037/2133/2145
f 1363/2135/2147 3063/2136/2148 2037/2133/2145 3064/2134/2146
f 3063/2136/2148 1318/1955/1969 2974/1954/1968 2037/2133/2145
f 1318/1955/1969 3063/2136/2148 2038/2137/2149 2976/1958/1972
f 3063/2136/2148 1363/2135/2147 3066/2138/2150 2038/2137/2149
f 1364/2139/2151 3065/2140/2152 2038/2137/2149 3066/2138/2150
f 3065/2140/2152 1319/1959/1973 2976/1958/1972 2038/2137/2149
f 1319/1959/1973 3065/2140/2152 2039/2141/2153 2978/1962/1976
f 3065/2140/2152 1364/2139/2151 3068/2142/2154 2039/2141/2153
f 1365/2143/2155 3067/2144/2156 2039/2141/2153 3068/2142/2154
f 3067/2144/2156 1320/1963/1977 2978/1962/1976 2039/2141/2153
f 1320/1963/1977 3067/2144/2156 2040/2145/2157 2980/1966/1980
f 3067/2144/2156 1365/2143/2155 3070/2146/2158 2040/2145/2157
f 1366/2147/2159 3069/2148/2160 2040/2145/2157 3070/2146/2158
f 3069/2148/2160 1321/1967/1981 2980/1966/1980 2040/2145/2157
f 1321/1967/1981 3069/2148/2160 2041/2149/2161 2982/1970/1984
f 3069/2148/2160 1366/2147/2159 3072/2150/2162 2041/2149/2161
f 1367/2151/2163 3071/2152/2164 2041/2149/2161 3072/2150/2162
f 3071/2152/2164 1322/1971/1985 2982/1970/1984 2041/2149/2161
f 1322/1971/1985 3071/2152/2164 2042/2153/2165 2984/1974/1988
f 3071/2152/2164 1367/2151/2163 3074/2154/2166 2042/2153/2165
f 1368/2155/2167 3073/2156/2168 2042/2153/2165 3074/2154/2166
f 3073/2156/2168 1323/1975/1989 2984/1974/1988 2042/2153/2165
f 1323/1975/1989 3073/2156/2168 2043/2157/2169 2986/1978/1992
f 3073/2156/2168 1368/2155/2167 3076/2158/2170 2043/2157/2169
f 1369/2159/2171 3075/2160/2172 2043/2157/2169 3076/2158/2170
f 3075/2160/2172 1324/1979/1993 2986/1978/1992 2043/2157/2169
f 1324/1979/1993 3075/2160/2172 2044/2161/2173 2988/1982/1996
f 3075/2160/2172 1369/2159/2171 3078/2162/2174 2044/2161/2173
f 1370/2163/2175 3077/2164/2176 2044/2161/2173 3078/2162/2174
f 3077/2164/2176 1325/1983/1997 2988/1982/1996 2044/2161/2173
f 1325/1983/1997 3077/2164/2176 2045/2165/2177 2990/1986/2000
f 3077/2164/2176 1370/2163/2175 3080/2166/2178 2045/2165/2177
f 1371/2167/2179 3079/2168/2180 2045/2165/2177 3080/2166/2178
f 3079/2168/2180 1326/1987/2001 2990/1986/2000 2045/2165/2177
f 1326/1987/2001 3079/2168/2180 2046/2169/2181 2991/1990/2004
f 3079/2168/2180 1371/2167/2179 3081/2170/2182 2046/2169/2181
f 1327/1993/2007 3082/2171/2183 2047/2172/2184 2994/1994/2008
f 3082/2171/2183 1372/2173/2185 3084/2174/2186 2047/2172/2184
f 1373/2175/2187 3083/2176/2188 2047/2172/2184 3084/2174/2186
f 3083/2176/2188 1328/1995/2009 2994/1994/2008 2047/2172/2184
f 1328/1995/2009 3083/2176/2188 2048/2177/2189 2996/1998/2012
f 3083/2176/2188 1373/2175/2187 3086/2178/2190 2048/2177/2189
f 1374/2179/2191 3085/2180/2192 2048/2177/2189 3086/2178/2190
f 3085/2180/2192 1329/1999/2013 2996/1998/2012 2048/2177/2189
f 1329/1999/2013 3085/2180/2192 2049/2181/2193 2998/2002/2016
f 3085/2180/2192 1374/2179/2191 3088/2182/2194 2049/2181/2193
f 1375/2183/2195 3087/2184/2196 2049/2181/2193 3088/2182/2194
f 3087/2184/2196 1330/2003/2017 2998/2002/2016 2049/2181/2193
f 1330/2003/2017 3087/2184/2196 2050/2185/2197 3000/2006/2020
f 3087/2184/2196 1375/2183/2195 3090/2186/2198 2050/2185/2197
f 1376/2187/2199 3089/2188/2200 2050/2185/2197 3090/2186/2198
f 3089/2188/2200 1331/2007/2021 3000/2006/2020 2050/2185/2197
f 1331/2007/2021 3089/2188/2200 2051/2189/2201 3002/2010/2024
f 3089/2188/2200 1376/2187/2199 3092/2190/2202 2051/2189/2201
f 1377/2191/2203 3091/2192/2204 2051/2189/2201 3092/2190/2202
f 3091/2192/2204 1332/2011/2025 3002/2010/2024 2051/2189/2201
f 1332/2011/2025 3091/2192/2204 2052/2193/2205 3004/2014/2028
f 3091/2192/2204 1377/2191/2203 3094/2194/2206 2052/2193/2205
f 1378/2195/2207 3093/2196/2208 2052/2193/2205 3094/2194/2206
f 3093/2196/2208 1333/2015/2029 3004/2014/2028 2052/2193/2205
f 1333/2015/2029 3093/2196/2208 2053/2197/2209 3006/2018/2032
f 3093/2196/2208 1378/2195/2207 3096/2198/2210 2053/2197/2209
f 1379/2199/2211 3095/2200/2212 2053/2197/2209 3096/2198/2210
f 3095/2200/2212 1334/2019/2033 3006/2018/2032 2053/2197/2209
f 1334/2019/2033 3095/2200/2212 2054/2201/2213 3008/2022/2036
f 3095/2200/2212 1379/2199/2211 3098/2202/2214 2054/2201/2213
f 1380/2203/2215 3097/2204/2216 2054/2201/2213 3098/2202/2214
f 3097/2204/2216 1335/2023/2037 3008/2022/2036 2054/2201/2213
f 1335/2023/2037 3097/2204/2216 2055/2205/2217 3010/2026/2040
f 3097/2204/2216 1380/2203/2215 3100/2206/2218 2055/2205/2217
f 1381/2207/2219 3099/2208/2220 2055/2205/2217 3100/2206/2218
f 3099/2208/2220 1336/2027/2041 3010/2026/2040 2055/2205/2217
f 1336/2027/2041 3099/2208/2220 2056/2209/2221 3012/2030/2044
f 3099/2208/2220 1381/2207/2219 3102/2210/2222 2056/2209/2221
f 1382/2211/2223 3101/2212/2224 2056/2209/2221 3102/2210/2222
f 3101/2212/2224 1337/2031/2045 3012/2030/2044 2056/2209/2221
f 1337/2031/2045 3101/2212/2224 2057/2213/2225 3014/2034/2048
f 3101/2212/2224 1382/2211/2223 3104/2214/2226 2057/2213/2225
f 1383/2215/2227 3103/2216/2228 2057/2213/2225 3104/2214/2226
f 3103/2216/2228 1338/2035/2049 3014/2034/2048 2057/2213/2225
f 1338/2035/2049 3103/2216/2228 2058/2217/2229 3016/2038/2052
f 3103/2216/2228 1383/2215/2227 3106/2218/2230 2058/2217/2229
f 1384/2219/2231 3105/2220/2232 2058/2217/2229 3106/2218/2230
f 3105/2220/2232 1339/2039/2053 3016/2038/2052 2058/2217/2229
f 1339/2039/2053 3105/2220/2232 2059/2221/2233 3018/2042/2056
f 3105/2220/2232 1384/2219/2231 3108/2222/2234 2059/2221/2233
f 1385/2223/2235 3107/2224/2236 2059/2221/2233 3108/2222/2234
f 3107/2224/2236 1340/2043/2057 3018/2042/2056 2059/2221/2233
f 1340/2043/2057 3107/2224/2236 2060/2225/2237 3020/2046/2060
f 3107/2224/2236 1385/2223/2235 3110/2226/2238 2060/2225/2237
f 1386/2227/2239 3109/2228/2240 2060/2225/2237 3110/2226/2238
f 3109/2228/2240 1341/2047/2061 3020/2046/2060 2060/2225/2237
f 1341/2047/2061 3109/2228/2240 2061/2229/2241 3022/2050/2064
f 3109/2228/2240 1386/2227/2239 3112/2230/2242 2061/2229/2241
f 1387/2231/2243 3111/2232/2244 2061/2229/2241 3112/2230/2242
f 3111/2232/2244 1342/2051/2065 3022/2050/2064 2061/2229/2241
f 1342/2051/2065 3111/2232/2244 2062/2233/2245 3024/2054/2068
f 3111/2232/2244 1387/2231/2243 3114/2234/2246 2062/2233/2245
f 1388/2235/2247 3113/2236/2248 2062/2233/2245 3114/2234/2246
f 3113/2236/2248 1343/2055/2069 3024/2054/2068 2062/2233/2245
f 1343/2055/2069 3113/2236/2248 2063/2237/2249 3026/2058/2072
f 3113/2236/2248 1388/2235/2247 3116/2238/2250 2063/2237/2249
f 1389/2239/2251 3115/2240/2252 2063/2237/2249 3116/2238/2250
f 3115/2240/2252 1344/2059/2073 3026/2058/2072 2063/2237/2249
f 1344/2059/2073 3115/2240/2252 2064/2241/2253 3028/2062/2076
f 3115/2240/2252 1389/2239/2251 3118/2242/2254 2064/2241/2253
f 1390/2243/2255 3117/2244/2256 2064/2241/2253 3118/2242/2254
f 3117/2244/2256 1345/2063/2077 3028/2062/2076 2064/2241/2253
f 1345/2063/2077 3117/2244/2256 2065/2245/2257 3030/2066/2080
f 3117/2244/2256 1390/2243/2255 3120/2246/2258 2065/2245/2257
f 1391/2247/2259 3119/2248/2260 2065/2245/2257 3120/2246/2258
f 3119/2248/2260 1346/2067/2081 3030/2066/2080 2065/2245/2257
f 1346/2067/2081 3119/2248/2260 2066/2249/2261 3032/2070/2084
f 3119/2248/2260 1391/2247/2259 3122/2250/2262 2066/2249/2261
f 1392/2251/2263 3121/2252/2264 2066/2249/2261 3122/2250/2262
f 3121/2252/2264 1347/2071/2085 3032/2070/2084 2066/2249/2261
f 1347/2071/2085 3121/2252/2264 2067/2253/2265 3034/2074/2088
f 3121/2252/2264 1392/2251/2263 3124/2254/2266 2067/2253/2265
f 1393/2255/2230 3123/2256/2229 2067/2253/2265 3124/2254/2266
f 3123/2256/2229 1348/2075/2052 3034/2074/2088 2067/2253/2265
f 1348/2075/2052 3123/2256/2229 2068/2257/2267 3036/2078/2090
f 3123/2256/2229 1393/2255/2230 3126/2258/2268 2068/2257/2267
f 1394/2259/2269 3125/2260/2270 2068/2257/2267 3126/2258/2268
f 3125/2260/2270 1349/2079/2091 3036/2078/2090 2068/2257/2267
f 1349/2079/2091 3125/2260/2270 2069/2261/2271 3038/2082/2094
f 3125/2260/2270 1394/2259/2269 3128/2262/2272 2069/2261/2271
f 1395/2263/2273 3127/2264/2274 2069/2261/2271 3128/2262/2272
f 3127/2264/2274 1350/2083/2095 3038/2082/2094 2069/2261/2271
f 1350/2083/2095 3127/2264/2274 2070/2265/2275 3040/2086/2098
f 3127/2264/2274 1395/2263/2273 3130/2266/2276 2070/2265/2275
f 1396/2267/2277 3129/2268/2278 2070/2265/2275 3130/2266/2276
f 3129/2268/2278 1351/2087/2099 3040/2086/2098 2070/2265/2275
f 1351/2087/2099 3129/2268/2278 2071/2269/2279 3042/2090/2102
f 3129/2268/2278 1396/2267/2277 3132/2270/2280 2071/2269/2279
f 1397/2271/2281 3131/2272/2282 2071/2269/2279 3132/2270/2280
f 3131/2272/2282 1352/2091/2103 3042/2090/2102 2071/2269/2279
f 1352/2091/2103 3131/2272/2282 2072/2273/2283 3044/2094/2106
f 3131/2272/2282 1397/2271/2281 3134/2274/2284 2072/2273/2283
f 1398/2275/2285 3133/2276/2286 2072/2273/2283 3134/2274/2284
f 3133/2276/2286 1353/2095/2107 3044/2094/2106 2072/2273/2283
f 1353/2095/2107 3133/2276/2286 2073/2277/2287 3046/2098/2110
f 3133/2276/2286 1398/2275/2285 3136/2278/2288 2073/2277/2287
f 1399/2279/2289 3135/2280/2290 2073/2277/2287 3136/2278/2288
f 3135/2280/2290 1354/2099/2111 3046/2098/2110 2073/2277/2287
f 1354/2099/2111 3135/2280/2290 2074/2281/2291 3048/2102/2114
f 3135/2280/2290 1399/2279/2289 3138/2282/2292 2074/2281/2291
f 1400/2283/2293 3137/2284/2294 2074/2281/2291 3138/2282/2292
f 3137/2284/2294 1355/2103/2115 3048/2102/2114 2074/2281/2291
f 1355/2103/2115 3137/2284/2294 2075/2285/2295 3050/2106/2118
f 3137/2284/2294 1400/2283/2293 3140/2286/2296 2075/2285/2295
f 1401/2287/2297 3139/2288/2298 2075/2285/2295 3140/2286/2296
f 3139/2288/2298 1356/2107/2119 3050/2106/2118 2075/2285/2295
f 1356/2107/2119 3139/2288/2298 2076/2289/2299 3052/2110/2122
f 3139/2288/2298 1401/2287/2297 3142/2290/2300 2076/2289/2299
f 1402/2291/2301 3141/2292/2302 2076/2289/2299 3142/2290/2300
f 3141/2292/2302 1357/2111/2123 3052/2110/2122 2076/2289/2299
f 1357/2111/2123 3141/2292/2302 2077/2293/2303 3054/2114/2126
f 3141/2292/2302 1402/2291/2301 3144/2294/2304 2077/2293/2303
f 1403/2295/2305 3143/2296/2306 2077/2293/2303 3144/2294/2304
f 3143/2296/2306 1358/2115/2127 3054/2114/2126 2077/2293/2303
f 1358/2115/2127 3143/2296/2306 2078/2297/2307 3056/2118/2130
f 3143/2296/2306 1403/2295/2305 3146/2298/2308 2078/2297/2307
f 1404/2299/2309 3145/2300/2310 2078/2297/2307 3146/2298/2308
f 3145/2300/2310 1359/2119/2131 3056/2118/2130 2078/2297/2307
f 1359/2119/2131 3145/2300/2310 2079/2301/2311 3058/2122/2134
f 3145/2300/2310 1404/2299/2309 3148/2302/2312 2079/2301/2311
f 1405/2303/2313 3147/2304/2314 2079/2301/2311 3148/2302/2312
f 3147/2304/2314 1360/2123/2135 3058/2122/2134 2079/2301/2311
f 1360/2123/2135 3147/2304/2314 2080/2305/2315 3060/2126/2138
f 3147/2304/2314 1405/2303/2313 3150/2306/2316 2080/2305/2315
f 1406/2307/2317 3149/2308/2318 2080/2305/2315 3150/2306/2316
f 3149/2308/2318 1361/2127/2139 3060/2126/2138 2080/2305/2315
f 1361/2127/2139 3149/2308/2318 2081/2309/2319 3062/2130/2142
f 3149/2308/2318 1406/2307/2317 3152/2310/2320 2081/2309/2319
f 1407/2311/2321 3151/2312/2322 2081/2309/2319 3152/2310/2320
f 3151/2312/2322 1362/2131/2143 3062/2130/2142 2081/2309/2319
f 1362/2131/2143 3151/2312/2322 2082/2313/2323 3064/2134/2146
f 3151/2312/2322 1407/2311/2321 3154/2314/2324 2082/2313/2323
f 1408/2315/2325 3153/2316/2326 2082/2313/2323 3154/2314/2324
f 3153/2316/2326 1363/2135/2147 3064/2134/2146 2082/2313/2323
f 1363/2135/2147 3153/2316/2326 2083/2317/2327 3066/2138/2150
f 3153/2316/2326 1408/2315/2325 3156/2318/2328 2083/2317/2327
f 1409/2319/2329 3155/2320/2330 2083/2317/2327 3156/2318/2328
f 3155/2320/2330 1364/2139/2151 3066/2138/2150 2083/2317/2327
f 1364/2139/2151 3155/2320/2330 2084/2321/2331 3068/2142/2154
f 3155/2320/2330 1409/2319/2329 3158/2322/2332 2084/2321/2331
f 1410/2323/2333 3157/2324/2334 2084/2321/2331 3158/2322/2332
f 3157/2324/2334 1365/2143/2155 3068/2142/2154 2084/2321/2331
f 1365/2143/2155 3157/2324/2334 2085/2325/2335 3070/2146/2158
f 3157/2324/2334 1410/2323/2333 3160/2326/2336 2085/2325/2335
f 1411/2327/2337 3159/2328/2338 2085/2325/2335 3160/2326/2336
f 3159/2328/2338 1366/2147/2159 3070/2146/2158 2085/2325/2335
f 1366/2147/2159 3159/2328/2338 2086/2329/2339 3072/2150/2162
f 3159/2328/2338 1411/2327/2337 3162/2330/2340 2086/2329/2339
f 1412/2331/2341 3161/2332/2342 2086/2329/2339 3162/2330/2340
f 3161/2332/2342 1367/2151/2163 3072/2150/2162 2086/2329/2339
f 1367/2151/2163 3161/2332/2342 2087/2333/2343 3074/2154/2166
f 3161/2332/2342 1412/2331/2341 3164/2334/2344 2087/2333/2343
f 1413/2335/2345 3163/2336/2346 2087/2333/2343 3164/2334/2344
f 3163/2336/2346 1368/2155/2167 3074/2154/2166 2087/2333/2343
f 1368/2155/2167 3163/2336/2346 2088/2337/2347 3076/2158/2170
f 3163/2336/2346 1413/2335/2345 3166/2338/2348 2088/2337/2347
f 1414/2339/2349 3165/2340/2350 2088/2337/2347 3166/2338/2348
f 3165/2340/2350 1369/2159/2171 3076/2158/2170 2088/2337/2347
f 1369/2159/2171 3165/2340/2350 2089/2341/2351 3078/2162/2174
f 3165/2340/2350 1414/2339/2349 3168/2342/2352 2089/2341/2351
f 1415/2343/2353 3167/2344/2354 2089/2341/2351 3168/2342/2352
f 3167/2344/2354 1370/2163/2175 3078/2162/2174 2089/2341/2351
f 1370/2163/2175 3167/2344/2354 2090/2345/2355 3080/2166/2178
f 3167/2344/2354 1415/2343/2353 3170/2346/2356 2090/2345/2355
f 1416/2347/2357 3169/2348/2358 2090/2345/2355 3170/2346/2356
f 3169/2348/2358 1371/2167/2179 3080/2166/2178 2090/2345/2355
f 1371/2167/2179 3169/2348/2358 2091/2349/2359 3081/2170/2182
f 3169/2348/2358 1416/2347/2357 3171/2350/2360 2091/2349/2359
f 1372/2173/2185 3172/2351/2361 2092/2352/2362 3084/2174/2186
f 3172/2351/2361 1417/2353/2363 3174/2354/2364 2092/2352/2362
f 1418/2355/2365 3173/2356/2366 2092/2352/2362 3174/2354/2364
f 3173/2356/2366 1373/2175/2187 3084/2174/2186 2092/2352/2362
f 1373/2175/2187 3173/2356/2366 2093/2357/2367 3086/2178/2190
f 3173/2356/2366 1418/2355/2365 3176/2358/2368 2093/2357/2367
f 1419/2359/2369 3175/2360/2370 2093/2357/2367 3176/2358/2368
f 3175/2360/2370 1374/2179/2191 3086/2178/2190 2093/2357/2367
f 1374/2179/2191 3175/2360/2370 2094/2361/2371 3088/2182/2194
f 3175/2360/2370 1419/2359/2369 3178/2362/2372 2094/2361/2371
f 1420/2363/2373 3177/2364/2374 2094/2361/2371 3178/2362/2372
f 3177/2364/2374 1375/2183/2195 3088/2182/2194 2094/2361/2371
f 1375/2183/2195 3177/2364/2374 2095/2365/2375 3090/2186/2198
f 3177/2364/2374 1420/2363/2373 3180/2366/2376 2095/2365/2375
f 1421/2367/2377 3179/2368/2378 2095/2365/2375 3180/2366/2376
f 3179/2368/2378 1376/2187/2199 3090/2186/2198 2095/2365/2375
f 1376/2187/2199 3179/2368/2378 2096/2369/2379 3092/2190/2202
f 3179/2368/2378 1421/2367/2377 3182/2370/2380 2096/2369/2379
f 1422/2371/2381 3181/2372/2382 2096/2369/2379 3182/2370/2380
f 3181/2372/2382 1377/2191/2203 3092/2190/2202 2096/2369/2379
f 1377/2191/2203 3181/2372/2382 2097/2373/2383 3094/2194/2206
f 3181/2372/2382 1422/2371/2381 3184/2374/2384 2097/2373/2383
f 1423/2375/2385 3183/2376/2386 2097/2373/2383 3184/2374/2384
f 3183/2376/2386 1378/2195/2207 3094/2194/2206 2097/2373/2383
f 1378/2195/2207 3183/2376/2386 2098/2377/2387 3096/2198/2210
f 3183/2376/2386 1423/2375/2385 3186/2378/2388 2098/2377/2387
f 1424/2379/2389 3185/2380/2390 2098/2377/2387 3186/2378/2388
f 3185/2380/2390 1379/2199/2211 3096/2198/2210 2098/2377/2387
f 1379/2199/2211 3185/2380/2390 2099/2381/2391 3098/2202/2214
f 3185/2380/2390 1424/2379/2389 3188/2382/2392 2099/2381/2391
f 1425/2383/2393 3187/2384/2394 2099/2381/2391 3188/2382/2392
f 3187/2384/2394 1380/2203/2215 3098/2202/2214 2099/2381/2391
f 1380/2203/2215 3187/2384/2394 2100/2385/2395 3100/2206/2218
f 3187/2384/2394 1425/2383/2393 3190/2386/2396 2100/2385/2395
f 1426/2387/2397 3189/2388/2398 2100/2385/2395 3190/2386/2396
f 3189/2388/2398 1381/2207/2219 3100/2206/2218 2100/2385/2395
f 1381/2207/2219 3189/2388/2398 2101/2389/2399 3102/2210/2222
f 3189/2388/2398 1426/2387/2397 3192/2390/2400 2101/2389/2399
f 1427/2391/2401 3191/2392/2402 2101/2389/2399 3192/2390/2400
f 3191/2392/2402 1382/2211/2223 3102/2210/2222 2101/2389/2399
f 1382/2211/2223 3191/2392/2402 2102/2393/2403 3104/2214/2226
f 3191/2392/2402 1427/2391/2401 3194/2394/2404 2102/2393/2403
f 1428/2395/2405 3193/2396/2406 2102/2393/2403 3194/2394/2404
f 3193/2396/2406 1383/2215/2227 3104/2214/2226 2102/2393/2403
f 1383/2215/2227 3193/2396/2406 2103/2397/2407 3106/2218/2230
f 3193/2396/2406 1428/2395/2405 3196/2398/2408 2103/2397/2407
f 1429/2399/2409 3195/2400/2410 2103/2397/2407 3196/2398/2408
f 3195/2400/2410 1384/2219/2231 3106/2218/2230 2103/2397/2407
f 1384/2219/2231 3195/2400/2410 2104/2401/2411 3108/2222/2234
f 3195/2400/2410 1429/2399/2409 3198/2402/2412 2104/2401/2411
f 1430/2403/2413 3197/2404/2414 2104/2401/2411 3198/2402/2412
f 3197/2404/2414 1385/2223/2235 3108/2222/2234 2104/2401/2411
f 1385/2223/2235 3197/2404/2414 2105/2405/2415 3110/2226/2238
f 3197/2404/2414 1430/2403/2413 3200/2406/2416 2105/2405/2415
f 1431/2407/2417 3199/2408/2418 2105/2405/2415 3200/2406/2416
f 3199/2408/2418 1386/2227/2239 3110/2226/2238 2105/2405/2415
f 1386/2227/2239 3199/2408/2418 2106/2409/2419 3112/2230/2242
f 3199/2408/2418 1431/2407/2417 3202/2410/2420 2106/2409/2419
f 1432/2411/2421 3201/2412/2422 2106/2409/2419 3202/2410/2420
f 3201/2412/2422 1387/2231/2243 3112/2230/2242 2106/2409/2419
f 1387/2231/2243 3201/2412/2422 2107/2413/2423 3114/2234/2246
f 3201/2412/2422 1432/2411/2421 3204/2414/2424 2107/2413/2423
f 1433/2415/2425 3203/2416/2426 2107/2413/2423 3204/2414/2424
f 3203/2416/2426 1388/2235/2247 3114/2234/2246 2107/2413/2423
f 1388/2235/2247 3203/2416/2426 2108/2417/2427 3116/2238/2250
f 3203/2416/2426 1433/2415/2425 3206/2418/2428 2108/2417/2427
f 1434/2419/2429 3205/2420/2430 2108/2417/2427 3206/2418/2428
f 3205/2420/2430 1389/2239/2251 3116/2238/2250 2108/2417/2427
f 1389/2239/2251 3205/2420/2430 2109/2421/2431 3118/2242/2254
f 3205/2420/2430 1434/2419/2429 3208/2422/2432 2109/2421/2431
f 1435/2423/2433 3207/2424/2434 2109/2421/2431 3208/2422/2432
f 3207/2424/2434 1390/2243/2255 3118/2242/2254 2109/2421/2431
f 1390/2243/2255 3207/2424/2434 2110/2425/2435 3120/2246/2258
f 3207/2424/2434 1435/2423/2433 3210/2426/2436 2110/2425/2435
f 1436/2427/2437 3209/2428/2438 2110/2425/2435 3210/2426/2436
f 3209/2428/2438 1391/2247/2259 3120/2246/2258 2110/2425/2435
f 1391/2247/2259 3209/2428/2438 2111/2429/2439 3122/2250/2262
f 3209/2428/2438 1436/2427/2437 3212/2430/2440 2111/2429/2439
f 1437/2431/2441 3211/2432/2442 2111/2429/2439 3212/2430/2440
f 3211/2432/2442 1392/2251/2263 3122/2250/2262 2111/2429/2439
f 1392/2251/2263 3211/2432/2442 2112/2433/2443 3124/2254/2266
f 3211/2432/2442 1437/2431/2441 3214/2434/2444 2112/2433/2443
f 1438/2435/2408 3213/2436/2407 2112/2433/2443 3214/2434/2444
f 3213/2436/2407 1393/2255/2230 3124/2254/2266 2112/2433/2443
f 1393/2255/2230 3213/2436/2407 2113/2437/2445 3126/2258/2268
f 3213/2436/2407 1438/2435/2408 3216/2438/2446 2113/2437/2445
f 1439/2439/2447 3215/2440/2448 2113/2437/2445 3216/2438/2446
f 3215/2440/2448 1394/2259/2269 3126/2258/2268 2113/2437/2445
f 1394/2259/2269 3215/2440/2448 2114/2441/2449 3128/2262/2272
f 3215/2440/2448 1439/2439/2447 3218/2442/2450 2114/2441/2449
f 1440/2443/2451 3217/2444/2452 2114/2441/2449 3218/2442/2450
f 3217/2444/2452 1395/2263/2273 3128/2262/2272 2114/2441/2449
f 1395/2263/2273 3217/2444/2452 2115/2445/2453 3130/2266/2276
f 3217/2444/2452 1440/2443/2451 3220/2446/2454 2115/2445/2453
f 1441/2447/2455 3219/2448/2456 2115/2445/2453 3220/2446/2454
f 3219/2448/2456 1396/2267/2277 3130/2266/2276 2115/2445/2453
f 1396/2267/2277 3219/2448/2456 2116/2449/2457 3132/2270/2280
f 3219/2448/2456 1441/2447/2455 3222/2450/2458 2116/2449/2457
f 1442/2451/2459 3221/2452/2460 2116/2449/2457 3222/2450/2458
f 3221/2452/2460 1397/2271/2281 3132/2270/2280 2116/2449/2457
f 1397/2271/2281 3221/2452/2460 2117/2453/2461 3134/2274/2284
f 3221/2452/2460 1442/2451/2459 3224/2454/2462 2117/2453/2461
f 1443/2455/2463 3223/2456/2464 2117/2453/2461 3224/2454/2462
f 3223/2456/2464 1398/2275/2285 3134/2274/2284 2117/2453/2461
f 1398/2275/2285 3223/2456/2464 2118/2457/2465 3136/2278/2288
f 3223/2456/2464 1443/2455/2463 3226/2458/2466 2118/2457/2465
f 1444/2459/2467 3225/2460/2468 2118/2457/2465 3226/2458/2466
f 3225/2460/2468 1399/2279/2289 3136/2278/2288 2118/2457/2465
f 1399/2279/2289 3225/2460/2468 2119/2461/2469 3138/2282/2292
f 3225/2460/2468 1444/2459/2467 3228/2462/2470 2119/2461/2469
f 1445/2463/2471 3227/2464/2472 2119/2461/2469 3228/2462/2470
f 3227/2464/2472 1400/2283/2293 3138/2282/2292 2119/2461/2469
f 1400/2283/2293 3227/2464/2472 2120/2465/2473 3140/2286/2296
f 3227/2464/2472 1445/2463/2471 3230/2466/2474 2120/2465/2473
f 1446/2467/2475 3229/2468/2476 2120/2465/2473 3230/2466/2474
f 3229/2468/2476 1401/2287/2297 3140/2286/2296 2120/2465/2473
f 1401/2287/2297 3229/2468/2476 2121/2469/2477 3142/2290/2300
f 3229/2468/2476 1446/2467/2475 3232/2470/2478 2121/2469/2477
f 1447/2471/2479 3231/2472/2480 2121/2469/2477 3232/2470/2478
f 3231/2472/2480 1402/2291/2301 3142/2290/2300 2121/2469/2477
f 1402/2291/2301 3231/2472/2480 2122/2473/2481 3144/2294/2304
f 3231/2472/2480 1447/2471/2479 3234/2474/2482 2122/2473/2481
f 1448/2475/2483 3233/2476/2484 2122/2473/2481 3234/2474/2482
f 3233/2476/2484 1403/2295/2305 3144/2294/2304 2122/2473/2481
f 1403/2295/2305 3233/2476/2484 2123/2477/2485 3146/2298/2308
f 3233/2476/2484 1448/2475/2483 3236/2478/2486 2123/2477/2485
f 1449/2479/2487 3235/2480/2488 2123/2477/2485 3236/2478/2486
f 3235/2480/2488 1404/2299/2309 3146/2298/2308 2123/2477/2485
f 1404/2299/2309 3235/2480/2488 2124/2481/2489 3148/2302/2312
f 3235/2480/2488 1449/2479/2487 3238/2482/2490 2124/2481/2489
f 1450/2483/2491 3237/2484/2492 2124/2481/2489 3238/2482/2490
f 3237/2484/2492 1405/2303/2313 3148/2302/2312 2124/2481/2489
f 1405/2303/2313 3237/2484/2492 2125/2485/2493 3150/2306/2316
f 3237/2484/2492 1450/2483/2491 3240/2486/2494 2125/2485/2493
f 1451/2487/2495 3239/2488/2496 2125/2485/2493 3240/2486/2494
f 3239/2488/2496 1406/2307/2317 3150/2306/2316 2125/2485/2493
f 1406/2307/2317 3239/2488/2496 2126/2489/2497 3152/2310/2320
f 3239/2488/2496 1451/2487/2495 3242/2490/2498 2126/2489/2497
f 1452/2491/2499 3241/2492/2500 2126/2489/2497 3242/2490/2498
f 3241/2492/2500 1407/2311/2321 3152/2310/2320 2126/2489/2497
f 1407/2311/2321 3241/2492/2500 2127/2493/2501 3154/2314/2324
f 3241/2492/2500 1452/2491/2499 3244/2494/2502 2127/2493/2501
f 1453/2495/2503 3243/2496/2504 2127/2493/2501 3244/2494/2502
f 3243/2496/2504 1408/2315/2325 3154/2314/2324 2127/2493/2501
f 1408/2315/2325 3243/2496/2504 2128/2497/2505 3156/2318/2328
f 3243/2496/2504 1453/2495/2503 3246/2498/2506 2128/2497/2505
f 1454/2499/2507 3245/2500/2508 2128/2497/2505 3246/2498/2506
f 3245/2500/2508 1409/2319/2329 3156/2318/2328 2128/2497/2505
f 1409/2319/2329 3245/2500/2508 2129/2501/2509 3158/2322/2332
f 3245/2500/2508 1454/2499/2507 3248/2502/2510 2129/2501/2509
f 1455/2503/2511 3247/2504/2512 2129/2501/2509 3248/2502/2510
f 3247/2504/2512 1410/2323/2333 3158/2322/2332 2129/2501/2509
f 1410/2323/2333 3247/2504/2512 2130/2505/2513 3160/2326/2336
f 3247/2504/2512 1455/2503/2511 3250/2506/2514 2130/2505/2513
f 1456/2507/2515 3249/2508/2516 2130/2505/2513 3250/2506/2514
f 3249/2508/2516 1411/2327/2337 3160/2326/2336 2130/2505/2513
f 1411/2327/2337 3249/2508/2516 2131/2509/2517 3162/2330/2340
f 3249/2508/2516 1456/2507/2515 3252/2510/2518 2131/2509/2517
f 1457/2511/2519 3251/2512/2520 2131/2509/2517 3252/2510/2518
f 3251/2512/2520 1412/2331/2341 3162/2330/2340 2131/2509/2517
f 1412/2331/2341 3251/2512/2520 2132/2513/2521 3164/2334/2344
f 3251/2512/2520 1457/2511/2519 3254/2514/2522 2132/2513/2521
f 1458/2515/2523 3253/2516/2524 2132/2513/2521 3254/2514/2522
f 3253/2516/2524 1413/2335/2345 3164/2334/2344 2132/2513/2521
f 1413/2335/2345 3253/2516/2524 2133/2517/2525 3166/2338/2348
f 3253/2516/2524 1458/2515/2523 3256/2518/2526 2133/2517/2525
f 1459/2519/2527 3255/2520/2528 2133/2517/2525 3256/2518/2526
f 3255/2520/2528 1414/2339/2349 3166/2338/2348 2133/2517/2525
f 1414/2339/2349 3255/2520/2528 2134/2521/2529 3168/2342/2352
f 3255/2520/2528 1459/2519/2527 3258/2522/2530 2134/2521/2529
f 1460/2523/2531 3257/2524/2532 2134/2521/2529 3258/2522/2530
f 3257/2524/2532 1415/2343/2353 3168/2342/2352 2134/2521/2529
f 1415/2343/2353 3257/2524/2532 2135/2525/2533 3170/2346/2356
f 3257/2524/2532 1460/2523/2531 3260/2526/2534 2135/2525/2533
f 1461/2527/2535 3259/2528/2536 2135/2525/2533 3260/2526/2534
f 3259/2528/2536 1416/2347/2357 3170/2346/2356 2135/2525/2533
f 1416/2347/2357 3259/2528/2536 2136/2529/2537 3171/2350/2360
f 3259/2528/2536 1461/2527/2535 3261/2530/2538 2136/2529/2537
f 1417/2353/2363 3262/2531/2539 2137/2532/2540 3174/2354/2364
f 3262/2531/2539 1462/2533/2541 3264/2534/2542 2137/2532/2540
f 1463/2535/2543 3263/2536/2544 2137/2532/2540 3264/2534/2542
f 3263/2536/2544 1418/2355/2365 3174/2354/2364 2137/2532/2540
f 1418/2355/2365 3263/2536/2544 2138/2537/2545 3176/2358/2368
f 3263/2536/2544 1463/2535/2543 3266/2538/2546 2138/2537/2545
f 1464/2539/2547 3265/2540/2548 2138/2537/2545 3266/2538/2546
f 3265/2540/2548 1419/2359/2369 3176/2358/2368 2138/2537/2545
f 1419/2359/2369 3265/2540/2548 2139/2541/2549 3178/2362/2372
f 3265/2540/2548 1464/2539/2547 3268/2542/2550 2139/2541/2549
f 1465/2543/2551 3267/2544/2552 2139/2541/2549 3268/2542/2550
f 3267/2544/2552 1420/2363/2373 3178/2362/2372 2139/2541/2549
f 1420/2363/2373 3267/2544/2552 2140/2545/2553 3180/2366/2376
f 3267/2544/2552 1465/2543/2551 3270/2546/2554 2140/2545/2553
f 1466/2547/2555 3269/2548/2556 2140/2545/2553 3270/2546/2554
f 3269/2548/2556 1421/2367/2377 3180/2366/2376 2140/2545/2553
f 1421/2367/2377 3269/2548/2556 2141/2549/2557 3182/2370/2380
f 3269/2548/2556 1466/2547/2555 3272/2550/2558 2141/2549/2557
f 1467/2551/2559 3271/2552/2560 2141/2549/2557 3272/2550/2558
f 3271/2552/2560 1422/2371/2381 3182/2370/2380 2141/2549/2557
f 1422/2371/2381 3271/2552/2560 2142/2373/2561 3184/2374/2384
f 3271/2552/2560 1467/2551/2559 3274/2553/2562 2142/2373/2561
f 1468/2195/2563 3273/2376/2564 2142/2373/2561 3274/2553/2562
f 3273/2376/2564 1423/2375/2385 3184/2374/2384 2142/2373/2561
f 1423/2375/2385 3273/2376/2564 2143/2377/2565 3186/2378/2388
f 3273/2376/2564 1468/2195/2563 3276/2554/2566 2143/2377/2565
f 1469/2555/2567 3275/2380/2568 2143/2377/2565 3276/2554/2566
f 3275/2380/2568 1424/2379/2389 3186/2378/2388 2143/2377/2565
f 1424/2379/2389 3275/2380/2568 2144/2556/2569 3188/2382/2392
f 3275/2380/2568 1469/2555/2567 3278/2557/2570 2144/2556/2569
f 1470/2558/2571 3277/2559/2572 2144/2556/2569 3278/2557/2570
f 3277/2559/2572 1425/2383/2393 3188/2382/2392 2144/2556/2569
f 1425/2383/2393 3277/2559/2572 2145/2560/2573 3190/2386/2396
f 3277/2559/2572 1470/2558/2571 3280/2561/2574 2145/2560/2573
f 1471/2207/2575 3279/2562/2576 2145/2560/2573 3280/2561/2574
f 3279/2562/2576 1426/2387/2397 3190/2386/2396 2145/2560/2573
f 1426/2387/2397 3279/2562/2576 2146/2563/2577 3192/2390/2400
f 3279/2562/2576 1471/2207/2575 3282/2564/2578 2146/2563/2577
f 1472/2565/2579 3281/2566/2580 2146/2563/2577 3282/2564/2578
f 3281/2566/2580 1427/2391/2401 3192/2390/2400 2146/2563/2577
f 1427/2391/2401 3281/2566/2580 2147/2567/2581 3194/2394/2404
f 3281/2566/2580 1472/2565/2579 3284/2568/2582 2147/2567/2581
f 1473/2569/2583 3283/2396/2584 2147/2567/2581 3284/2568/2582
f 3283/2396/2584 1428/2395/2405 3194/2394/2404 2147/2567/2581
f 1428/2395/2405 3283/2396/2584 2148/2570/2585 3196/2398/2408
f 3283/2396/2584 1473/2569/2583 3286/2571/2586 2148/2570/2585
f 1474/2572/2587 3285/2573/2588 2148/2570/2585 3286/2571/2586
f 3285/2573/2588 1429/2399/2409 3196/2398/2408 2148/2570/2585
f 1429/2399/2409 3285/2573/2588 2149/2574/2589 3198/2402/2412
f 3285/2573/2588 1474/2572/2587 3288/2575/2590 2149/2574/2589
f 1475/2576/2591 3287/2577/2592 2149/2574/2589 3288/2575/2590
f 3287/2577/2592 1430/2403/2413 3198/2402/2412 2149/2574/2589
f 1430/2403/2413 3287/2577/2592 2150/2578/2593 3200/2406/2416
f 3287/2577/2592 1475/2576/2591 3290/2579/2594 2150/2578/2593
f 1476/2580/2595 3289/2581/2596 2150/2578/2593 3290/2579/2594
f 3289/2581/2596 1431/2407/2417 3200/2406/2416 2150/2578/2593
f 1431/2407/2417 3289/2581/2596 2151/2582/2597 3202/2410/2420
f 3289/2581/2596 1476/2580/2595 3292/2583/2598 2151/2582/2597
f 1477/2584/2599 3291/2412/2600 2151/2582/2597 3292/2583/2598
f 3291/2412/2600 1432/2411/2421 3202/2410/2420 2151/2582/2597
f 1432/2411/2421 3291/2412/2600 2152/2413/2601 3204/2414/2424
f 3291/2412/2600 1477/2584/2599 3294/2585/2602 2152/2413/2601
f 1478/2586/2603 3293/2587/2604 2152/2413/2601 3294/2585/2602
f 3293/2587/2604 1433/2415/2425 3204/2414/2424 2152/2413/2601
f 1433/2415/2425 3293/2587/2604 2153/2417/2605 3206/2418/2428
f 3293/2587/2604 1478/2586/2603 3296/2588/2606 2153/2417/2605
f 1479/2239/2607 3295/2420/2608 2153/2417/2605 3296/2588/2606
f 3295/2420/2608 1434/2419/2429 3206/2418/2428 2153/2417/2605
f 1434/2419/2429 3295/2420/2608 2154/2589/2609 3208/2422/2432
f 3295/2420/2608 1479/2239/2607 3298/2590/2610 2154/2589/2609
f 1480/2591/2611 3297/2592/2612 2154/2589/2609 3298/2590/2610
f 3297/2592/2612 1435/2423/2433 3208/2422/2432 2154/2589/2609
f 1435/2423/2433 3297/2592/2612 2155/2593/2613 3210/2426/2436
f 3297/2592/2612 1480/2591/2611 3300/2594/2614 2155/2593/2613
f 1481/2595/2615 3299/2596/2616 2155/2593/2613 3300/2594/2614
f 3299/2596/2616 1436/2427/2437 3210/2426/2436 2155/2593/2613
f 1436/2427/2437 3299/2596/2616 2156/2597/2617 3212/2430/2440
f 3299/2596/2616 1481/2595/2615 3302/2598/2618 2156/2597/2617
f 1482/2599/2619 3301/2432/2620 2156/2597/2617 3302/2598/2618
f 3301/2432/2620 1437/2431/2441 3212/2430/2440 2156/2597/2617
f 1437/2431/2441 3301/2432/2620 2157/2433/2621 3214/2434/2444
f 3301/2432/2620 1482/2599/2619 3304/2600/2622 2157/2433/2621
f 1483/2601/2586 3303/2436/2585 2157/2433/2621 3304/2600/2622
f 3303/2436/2585 1438/2435/2408 3214/2434/2444 2157/2433/2621
f 1438/2435/2408 3303/2436/2585 2158/2437/2623 3216/2438/2446
f 3303/2436/2585 1483/2601/2586 3306/2258/2624 2158/2437/2623
f 1484/2602/2625 3305/2440/2626 2158/2437/2623 3306/2258/2624
f 3305/2440/2626 1439/2439/2447 3216/2438/2446 2158/2437/2623
f 1439/2439/2447 3305/2440/2626 2159/2441/2627 3218/2442/2450
f 3305/2440/2626 1484/2602/2625 3308/2603/2628 2159/2441/2627
f 1485/2604/2629 3307/2444/2630 2159/2441/2627 3308/2603/2628
f 3307/2444/2630 1440/2443/2451 3218/2442/2450 2159/2441/2627
f 1440/2443/2451 3307/2444/2630 2160/2605/2631 3220/2446/2454
f 3307/2444/2630 1485/2604/2629 3310/2266/2632 2160/2605/2631
f 1486/2606/2633 3309/2607/2634 2160/2605/2631 3310/2266/2632
f 3309/2607/2634 1441/2447/2455 3220/2446/2454 2160/2605/2631
f 1441/2447/2455 3309/2607/2634 2161/2608/2635 3222/2450/2458
f 3309/2607/2634 1486/2606/2633 3312/2609/2636 2161/2608/2635
f 1487/2610/2637 3311/2611/2638 2161/2608/2635 3312/2609/2636
f 3311/2611/2638 1442/2451/2459 3222/2450/2458 2161/2608/2635
f 1442/2451/2459 3311/2611/2638 2162/2453/2639 3224/2454/2462
f 3311/2611/2638 1487/2610/2637 3314/2612/2640 2162/2453/2639
f 1488/2613/2641 3313/2614/2642 2162/2453/2639 3314/2612/2640
f 3313/2614/2642 1443/2455/2463 3224/2454/2462 2162/2453/2639
f 1443/2455/2463 3313/2614/2642 2163/2615/2643 3226/2458/2466
f 3313/2614/2642 1488/2613/2641 3316/2616/2644 2163/2615/2643
f 1489/2617/2645 3315/2460/2646 2163/2615/2643 3316/2616/2644
f 3315/2460/2646 1444/2459/2467 3226/2458/2466 2163/2615/2643
f 1444/2459/2467 3315/2460/2646 2164/2461/2647 3228/2462/2470
f 3315/2460/2646 1489/2617/2645 3318/2618/2648 2164/2461/2647
f 1490/2619/2649 3317/2620/2650 2164/2461/2647 3318/2618/2648
f 3317/2620/2650 1445/2463/2471 3228/2462/2470 2164/2461/2647
f 1445/2463/2471 3317/2620/2650 2165/2621/2651 3230/2466/2474
f 3317/2620/2650 1490/2619/2649 3320/2622/2652 2165/2621/2651
f 1491/2623/2653 3319/2624/2654 2165/2621/2651 3320/2622/2652
f 3319/2624/2654 1446/2467/2475 3230/2466/2474 2165/2621/2651
f 1446/2467/2475 3319/2624/2654 2166/2469/2655 3232/2470/2478
f 3319/2624/2654 1491/2623/2653 3322/2625/2656 2166/2469/2655
f 1492/2626/2657 3321/2627/2658 2166/2469/2655 3322/2625/2656
f 3321/2627/2658 1447/2471/2479 3232/2470/2478 2166/2469/2655
f 1447/2471/2479 3321/2627/2658 2167/2628/2659 3234/2474/2482
f 3321/2627/2658 1492/2626/2657 3324/2629/2660 2167/2628/2659
f 1493/2630/2661 3323/2631/2662 2167/2628/2659 3324/2629/2660
f 3323/2631/2662 1448/2475/2483 3234/2474/2482 2167/2628/2659
f 1448/2475/2483 3323/2631/2662 2168/2632/2663 3236/2478/2486
f 3323/2631/2662 1493/2630/2661 3326/2633/2664 2168/2632/2663
f 1494/2634/2665 3325/2635/2666 2168/2632/2663 3326/2633/2664
f 3325/2635/2666 1449/2479/2487 3236/2478/2486 2168/2632/2663
f 1449/2479/2487 3325/2635/2666 2169/2636/2667 3238/2482/2490
f 3325/2635/2666 1494/2634/2665 3328/2637/2668 2169/2636/2667
f 1495/2638/2669 3327/2639/2670 2169/2636/2667 3328/2637/2668
f 3327/2639/2670 1450/2483/2491 3238/2482/2490 2169/2636/2667
f 1450/2483/2491 3327/2639/2670 2170/2640/2671 3240/2486/2494
f 3327/2639/2670 1495/2638/2669 3330/2641/2672 2170/2640/2671
f 1496/2642/2673 3329/2643/2674 2170/2640/2671 3330/2641/2672
f 3329/2643/2674 1451/2487/2495 3240/2486/2494 2170/2640/2671
f 1451/2487/2495 3329/2643/2674 2171/2644/2675 3242/2490/2498
f 3329/2643/2674 1496/2642/2673 3332/2645/2676 2171/2644/2675
f 1497/2646/2677 3331/2647/2678 2171/2644/2675 3332/2645/2676
f 3331/2647/2678 1452/2491/2499 3242/2490/2498 2171/2644/2675
f 1452/2491/2499 3331/2647/2678 2172/2648/2679 3244/2494/2502
f 3331/2647/2678 1497/2646/2677 3334/2649/2680 2172/2648/2679
f 1498/2650/2681 3333/2651/2682 2172/2648/2679 3334/2649/2680
f 3333/2651/2682 1453/2495/2503 3244/2494/2502 2172/2648/2679
f 1453/2495/2503 3333/2651/2682 2173/2652/2683 3246/2498/2506
f 3333/2651/2682 1498/2650/2681 3336/2653/2684 2173/2652/2683
f 1499/2654/2685 3335/2655/2686 2173/2652/2683 3336/2653/2684
f 3335/2655/2686 1454/2499/2507 3246/2498/2506 2173/2652/2683
f 1454/2499/2507 3335/2655/2686 2174/2656/2687 3248/2502/2510
f 3335/2655/2686 1499/2654/2685 3338/2657/2688 2174/2656/2687
f 1500/2658/2689 3337/2659/2690 2174/2656/2687 3338/2657/2688
f 3337/2659/2690 1455/2503/2511 3248/2502/2510 2174/2656/2687
f 1455/2503/2511 3337/2659/2690 2175/2505/2691 3250/2506/2514
f 3337/2659/2690 1500/2658/2689 3340/2660/2692 2175/2505/2691
f 1501/2327/2693 3339/2508/2694 2175/2505/2691 3340/2660/2692
f 3339/2508/2694 1456/2507/2515 3250/2506/2514 2175/2505/2691
f 1456/2507/2515 3339/2508/2694 2176/2661/2695 3252/2510/2518
f 3339/2508/2694 1501/2327/2693 3342/2662/2696 2176/2661/2695
f 1502/2663/2697 3341/2512/2698 2176/2661/2695 3342/2662/2696
f 3341/2512/2698 1457/2511/2519 3252/2510/2518 2176/2661/2695
f 1457/2511/2519 3341/2512/2698 2177/2513/2699 3254/2514/2522
f 3341/2512/2698 1502/2663/2697 3344/2334/2700 2177/2513/2699
f 1503/2664/2701 3343/2665/2702 2177/2513/2699 3344/2334/2700
f 3343/2665/2702 1458/2515/2523 3254/2514/2522 2177/2513/2699
f 1458/2515/2523 3343/2665/2702 2178/2517/2703 3256/2518/2526
f 3343/2665/2702 1503/2664/2701 3346/2338/2704 2178/2517/2703
f 1504/2666/2705 3345/2667/2706 2178/2517/2703 3346/2338/2704
f 3345/2667/2706 1459/2519/2527 3256/2518/2526 2178/2517/2703
f 1459/2519/2527 3345/2667/2706 2179/2521/2707 3258/2522/2530
f 3345/2667/2706 1504/2666/2705 3348/2668/2708 2179/2521/2707
f 1505/2669/2709 3347/2524/2710 2179/2521/2707 3348/2668/2708
f 3347/2524/2710 1460/2523/2531 3258/2522/2530 2179/2521/2707
f 1460/2523/2531 3347/2524/2710 2180/2525/2711 3260/2526/2534
f 3347/2524/2710 1505/2669/2709 3350/2670/2712 2180/2525/2711
f 1506/2671/2713 3349/2528/2714 2180/2525/2711 3350/2670/2712
f 3349/2528/2714 1461/2527/2535 3260/2526/2534 2180/2525/2711
f 1461/2527/2535 3349/2528/2714 2181/2529/2715 3261/2530/2538
f 3349/2528/2714 1506/2671/2713 3351/2672/2716 2181/2529/2715
f 1462/2533/2541 3352/2673/2717 2182/2674/2718 3264/2534/2542
f 3352/2673/2717 1507/2675/2719 3354/2676/2720 2182/2674/2718
f 1508/2677/2721 3353/2678/2722 2182/2674/2718 3354/2676/2720
f 3353/2678/2722 1463/2535/2543 3264/2534/2542 2182/2674/2718
f 1463/2535/2543 3353/2678/2722 2183/2679/2723 3266/2538/2546
f 3353/2678/2722 1508/2677/2721 3356/2680/2724 2183/2679/2723
f 1509/2681/2725 3355/2682/2726 2183/2679/2723 3356/2680/2724
f 3355/2682/2726 1464/2539/2547 3266/2538/2546 2183/2679/2723
f 1464/2539/2547 3355/2682/2726 2184/2683/2727 3268/2542/2550
f 3355/2682/2726 1509/2681/2725 3358/2684/2728 2184/2683/2727
f 1510/2685/2729 3357/2686/2730 2184/2683/2727 3358/2684/2728
f 3357/2686/2730 1465/2543/2551 3268/2542/2550 2184/2683/2727
f 1465/2543/2551 3357/2686/2730 2185/2687/2731 3270/2546/2554
f 3357/2686/2730 1510/2685/2729 3360/2688/2732 2185/2687/2731
f 1511/2689/2733 3359/2690/2734 2185/2687/2731 3360/2688/2732
f 3359/2690/2734 1466/2547/2555 3270/2546/2554 2185/2687/2731
f 1466/2547/2555 3359/2690/2734 2186/2691/2735 3272/2550/2558
f 3359/2690/2734 1511/2689/2733 3362/2692/2736 2186/2691/2735
f 1512/2693/2737 3361/2694/2738 2186/2691/2735 3362/2692/2736
f 3361/2694/2738 1467/2551/2559 3272/2550/2558 2186/2691/2735
f 1467/2551/2559 3361/2694/2738 2187/2695/2739 3274/2553/2562
f 3361/2694/2738 1512/2693/2737 3364/2696/2740 2187/2695/2739
f 1513/2697/2741 3363/2698/2742 2187/2695/2739 3364/2696/2740
f 3363/2698/2742 1468/2195/2563 3274/2553/2562 2187/2695/2739
f 1468/2195/2563 3363/2698/2742 2188/2699/2743 3276/2554/2566
f 3363/2698/2742 1513/2697/2741 3366/2700/2744 2188/2699/2743
f 1514/2701/2745 3365/2702/2746 2188/2699/2743 3366/2700/2744
f 3365/2702/2746 1469/2555/2567 3276/2554/2566 2188/2699/2743
f 1469/2555/2567 3365/2702/2746 2189/2703/2747 3278/2557/2570
f 3365/2702/2746 1514/2701/2745 3368/2704/2748 2189/2703/2747
f 1515/2705/2749 3367/2706/2750 2189/2703/2747 3368/2704/2748
f 3367/2706/2750 1470/2558/2571 3278/2557/2570 2189/2703/2747
f 1470/2558/2571 3367/2706/2750 2190/2707/2751 3280/2561/2574
f 3367/2706/2750 1515/2705/2749 3370/2708/2752 2190/2707/2751
f 1516/2709/2753 3369/2710/2754 2190/2707/2751 3370/2708/2752
f 3369/2710/2754 1471/2207/2575 3280/2561/2574 2190/2707/2751
f 1471/2207/2575 3369/2710/2754 2191/2711/2755 3282/2564/2578
f 3369/2710/2754 1516/2709/2753 3372/2712/2756 2191/2711/2755
f 1517/2713/2757 3371/2714/2758 2191/2711/2755 3372/2712/2756
f 3371/2714/2758 1472/2565/2579 3282/2564/2578 2191/2711/2755
f 1472/2565/2579 3371/2714/2758 2192/2715/2759 3284/2568/2582
f 3371/2714/2758 1517/2713/2757 3374/2716/2760 2192/2715/2759
f 1518/2717/2761 3373/2718/2762 2192/2715/2759 3374/2716/2760
f 3373/2718/2762 1473/2569/2583 3284/2568/2582 2192/2715/2759
f 1473/2569/2583 3373/2718/2762 2193/2719/2763 3286/2571/2586
f 3373/2718/2762 1518/2717/2761 3376/2720/2764 2193/2719/2763
f 1519/2721/2765 3375/2722/2766 2193/2719/2763 3376/2720/2764
f 3375/2722/2766 1474/2572/2587 3286/2571/2586 2193/2719/2763
f 1474/2572/2587 3375/2722/2766 2194/2723/2767 3288/2575/2590
f 3375/2722/2766 1519/2721/2765 3378/2724/2768 2194/2723/2767
f 1520/2725/2769 3377/2726/2770 2194/2723/2767 3378/2724/2768
f 3377/2726/2770 1475/2576/2591 3288/2575/2590 2194/2723/2767
f 1475/2576/2591 3377/2726/2770 2195/2727/2771 3290/2579/2594
f 3377/2726/2770 1520/2725/2769 3380/2728/2772 2195/2727/2771
f 1521/2729/2773 3379/2730/2774 2195/2727/2771 3380/2728/2772
f 3379/2730/2774 1476/2580/2595 3290/2579/2594 2195/2727/2771
f 1476/2580/2595 3379/2730/2774 2196/2731/2775 3292/2583/2598
f 3379/2730/2774 1521/2729/2773 3382/2732/2776 2196/2731/2775
f 1522/2733/2777 3381/2232/2778 2196/2731/2775 3382/2732/2776
f 3381/2232/2778 1477/2584/2599 3292/2583/2598 2196/2731/2775
f 1477/2584/2599 3381/2232/2778 2197/2734/2779 3294/2585/2602
f 3381/2232/2778 1522/2733/2777 3384/2735/2780 2197/2734/2779
f 1523/2736/2781 3383/2737/2782 2197/2734/2779 3384/2735/2780
f 3383/2737/2782 1478/2586/2603 3294/2585/2602 2197/2734/2779
f 1478/2586/2603 3383/2737/2782 2198/2738/2783 3296/2588/2606
f 3383/2737/2782 1523/2736/2781 3386/2739/2784 2198/2738/2783
f 1524/2740/2785 3385/2741/2786 2198/2738/2783 3386/2739/2784
f 3385/2741/2786 1479/2239/2607 3296/2588/2606 2198/2738/2783
f 1479/2239/2607 3385/2741/2786 2199/2742/2787 3298/2590/2610
f 3385/2741/2786 1524/2740/2785 3388/2743/2788 2199/2742/2787
f 1525/2744/2789 3387/2745/2790 2199/2742/2787 3388/2743/2788
f 3387/2745/2790 1480/2591/2611 3298/2590/2610 2199/2742/2787
f 1480/2591/2611 3387/2745/2790 2200/2746/2791 3300/2594/2614
f 3387/2745/2790 1525/2744/2789 3390/2747/2792 2200/2746/2791
f 1526/2067/2793 3389/2248/2794 2200/2746/2791 3390/2747/2792
f 3389/2248/2794 1481/2595/2615 3300/2594/2614 2200/2746/2791
f 1481/2595/2615 3389/2248/2794 2201/2748/2795 3302/2598/2618
f 3389/2248/2794 1526/2067/2793 3392/2749/2796 2201/2748/2795
f 1527/2750/2797 3391/2751/2798 2201/2748/2795 3392/2749/2796
f 3391/2751/2798 1482/2599/2619 3302/2598/2618 2201/2748/2795
f 1482/2599/2619 3391/2751/2798 2202/2752/2799 3304/2600/2622
f 3391/2751/2798 1527/2750/2797 3394/2753/2800 2202/2752/2799
f 1528/2754/2764 3393/2755/2763 2202/2752/2799 3394/2753/2800
f 3393/2755/2763 1483/2601/2586 3304/2600/2622 2202/2752/2799
f 1483/2601/2586 3393/2755/2763 2203/2756/2801 3306/2258/2624
f 3393/2755/2763 1528/2754/2764 3396/2757/2802 2203/2756/2801
f 1529/2758/2803 3395/2759/2804 2203/2756/2801 3396/2757/2802
f 3395/2759/2804 1484/2602/2625 3306/2258/2624 2203/2756/2801
f 1484/2602/2625 3395/2759/2804 2204/2760/2805 3308/2603/2628
f 3395/2759/2804 1529/2758/2803 3398/2761/2806 2204/2760/2805
f 1530/2762/2807 3397/2264/2808 2204/2760/2805 3398/2761/2806
f 3397/2264/2808 1485/2604/2629 3308/2603/2628 2204/2760/2805
f 1485/2604/2629 3397/2264/2808 2205/2763/2809 3310/2266/2632
f 3397/2264/2808 1530/2762/2807 3400/2764/2810 2205/2763/2809
f 1531/2765/2811 3399/2766/2812 2205/2763/2809 3400/2764/2810
f 3399/2766/2812 1486/2606/2633 3310/2266/2632 2205/2763/2809
f 1486/2606/2633 3399/2766/2812 2206/2767/2813 3312/2609/2636
f 3399/2766/2812 1531/2765/2811 3402/2768/2814 2206/2767/2813
f 1532/2769/2815 3401/2770/2816 2206/2767/2813 3402/2768/2814
f 3401/2770/2816 1487/2610/2637 3312/2609/2636 2206/2767/2813
f 1487/2610/2637 3401/2770/2816 2207/2771/2817 3314/2612/2640
f 3401/2770/2816 1532/2769/2815 3404/2772/2818 2207/2771/2817
f 1533/2773/2819 3403/2774/2820 2207/2771/2817 3404/2772/2818
f 3403/2774/2820 1488/2613/2641 3314/2612/2640 2207/2771/2817
f 1488/2613/2641 3403/2774/2820 2208/2775/2821 3316/2616/2644
f 3403/2774/2820 1533/2773/2819 3406/2776/2822 2208/2775/2821
f 1534/2777/2823 3405/2778/2824 2208/2775/2821 3406/2776/2822
f 3405/2778/2824 1489/2617/2645 3316/2616/2644 2208/2775/2821
f 1489/2617/2645 3405/2778/2824 2209/2779/2825 3318/2618/2648
f 3405/2778/2824 1534/2777/2823 3408/2780/2826 2209/2779/2825
f 1535/2781/2827 3407/2782/2828 2209/2779/2825 3408/2780/2826
f 3407/2782/2828 1490/2619/2649 3318/2618/2648 2209/2779/2825
f 1490/2619/2649 3407/2782/2828 2210/2783/2829 3320/2622/2652
f 3407/2782/2828 1535/2781/2827 3410/2784/2830 2210/2783/2829
f 1536/2785/2831 3409/2786/2832 2210/2783/2829 3410/2784/2830
f 3409/2786/2832 1491/2623/2653 3320/2622/2652 2210/2783/2829
f 1491/2623/2653 3409/2786/2832 2211/2787/2833 3322/2625/2656
f 3409/2786/2832 1536/2785/2831 3412/2788/2834 2211/2787/2833
f 1537/2789/2835 3411/2790/2836 2211/2787/2833 3412/2788/2834
f 3411/2790/2836 1492/2626/2657 3322/2625/2656 2211/2787/2833
f 1492/2626/2657 3411/2790/2836 2212/2791/2837 3324/2629/2660
f 3411/2790/2836 1537/2789/2835 3414/2792/2838 2212/2791/2837
f 1538/2793/2839 3413/2794/2840 2212/2791/2837 3414/2792/2838
f 3413/2794/2840 1493/2630/2661 3324/2629/2660 2212/2791/2837
f 1493/2630/2661 3413/2794/2840 2213/2795/2841 3326/2633/2664
f 3413/2794/2840 1538/2793/2839 3416/2796/2842 2213/2795/2841
f 1539/2797/2843 3415/2798/2844 2213/2795/2841 3416/2796/2842
f 3415/2798/2844 1494/2634/2665 3326/2633/2664 2213/2795/2841
f 1494/2634/2665 3415/2798/2844 2214/2799/2845 3328/2637/2668
f 3415/2798/2844 1539/2797/2843 3418/2800/2846 2214/2799/2845
f 1540/2801/2847 3417/2802/2848 2214/2799/2845 3418/2800/2846
f 3417/2802/2848 1495/2638/2669 3328/2637/2668 2214/2799/2845
f 1495/2638/2669 3417/2802/2848 2215/2803/2849 3330/2641/2672
f 3417/2802/2848 1540/2801/2847 3420/2804/2850 2215/2803/2849
f 1541/2805/2851 3419/2806/2852 2215/2803/2849 3420/2804/2850
f 3419/2806/2852 1496/2642/2673 3330/2641/2672 2215/2803/2849
f 1496/2642/2673 3419/2806/2852 2216/2807/2853 3332/2645/2676
f 3419/2806/2852 1541/2805/2851 3422/2808/2854 2216/2807/2853
f 1542/2809/2855 3421/2810/2856 2216/2807/2853 3422/2808/2854
f 3421/2810/2856 1497/2646/2677 3332/2645/2676 2216/2807/2853
f 1497/2646/2677 3421/2810/2856 2217/2811/2857 3334/2649/2680
f 3421/2810/2856 1542/2809/2855 3424/2812/2858 2217/2811/2857
f 1543/2813/2859 3423/2814/2860 2217/2811/2857 3424/2812/2858
f 3423/2814/2860 1498/2650/2681 3334/2649/2680 2217/2811/2857
f 1498/2650/2681 3423/2814/2860 2218/2815/2861 3336/2653/2684
f 3423/2814/2860 1543/2813/2859 3426/2816/2862 2218/2815/2861
f 1544/2817/2863 3425/2818/2864 2218/2815/2861 3426/2816/2862
f 3425/2818/2864 1499/2654/2685 3336/2653/2684 2218/2815/2861
f 1499/2654/2685 3425/2818/2864 2219/2819/2865 3338/2657/2688
f 3425/2818/2864 1544/2817/2863 3428/2820/2866 2219/2819/2865
f 1545/2821/2867 3427/2822/2868 2219/2819/2865 3428/2820/2866
f 3427/2822/2868 1500/2658/2689 3338/2657/2688 2219/2819/2865
f 1500/2658/2689 3427/2822/2868 2220/2823/2869 3340/2660/2692
f 3427/2822/2868 1545/2821/2867 3430/2824/2870 2220/2823/2869
f 1546/2825/2871 3429/2826/2872 2220/2823/2869 3430/2824/2870
f 3429/2826/2872 1501/2327/2693 3340/2660/2692 2220/2823/2869
f 1501/2327/2693 3429/2826/2872 2221/2827/2873 3342/2662/2696
f 3429/2826/2872 1546/2825/2871 3432/2828/2874 2221/2827/2873
f 1547/2829/2875 3431/2830/2876 2221/2827/2873 3432/2828/2874
f 3431/2830/2876 1502/2663/2697 3342/2662/2696 2221/2827/2873
f 1502/2663/2697 3431/2830/2876 2222/2831/2877 3344/2334/2700
f 3431/2830/2876 1547/2829/2875 3434/2832/2878 2222/2831/2877
f 1548/2833/2879 3433/2834/2880 2222/2831/2877 3434/2832/2878
f 3433/2834/2880 1503/2664/2701 3344/2334/2700 2222/2831/2877
f 1503/2664/2701 3433/2834/2880 2223/2835/2881 3346/2338/2704
f 3433/2834/2880 1548/2833/2879 3436/2836/2882 2223/2835/2881
f 1549/2837/2883 3435/2838/2884 2223/2835/2881 3436/2836/2882
f 3435/2838/2884 1504/2666/2705 3346/2338/2704 2223/2835/2881
f 1504/2666/2705 3435/2838/2884 2224/2839/2885 3348/2668/2708
f 3435/2838/2884 1549/2837/2883 3438/2840/2886 2224/2839/2885
f 1550/2841/2887 3437/2842/2888 2224/2839/2885 3438/2840/2886
f 3437/2842/2888 1505/2669/2709 3348/2668/2708 2224/2839/2885
f 1505/2669/2709 3437/2842/2888 2225/2843/2889 3350/2670/2712
f 3437/2842/2888 1550/2841/2887 3440/2844/2890 2225/2843/2889
f 1551/2845/2891 3439/2846/2892 2225/2843/2889 3440/2844/2890
f 3439/2846/2892 1506/2671/2713 3350/2670/2712 2225/2843/2889
f 1506/2671/2713 3439/2846/2892 2226/2847/2893 3351/2672/2716
f 3439/2846/2892 1551/2845/2891 3441/2848/2894 2226/2847/2893
f 1507/2675/2719 3442/2849/2895 2227/2850/2896 3354/2676/2720
f 3442/2849/2895 1552/2851/2897 3444/2852/2898 2227/2850/2896
f 1553/2853/2899 3443/2854/2900 2227/2850/2896 3444/2852/2898
f 3443/2854/2900 1508/2677/2721 3354/2676/2720 2227/2850/2896
f 1508/2677/2721 3443/2854/2900 2228/2855/2901 3356/2680/2724
f 3443/2854/2900 1553/2853/2899 3446/2856/2902 2228/2855/2901
f 1554/2857/2903 3445/2858/2904 2228/2855/2901 3446/2856/2902
f 3445/2858/2904 1509/2681/2725 3356/2680/2724 2228/2855/2901
f 1509/2681/2725 3445/2858/2904 2229/2859/2905 3358/2684/2728
f 3445/2858/2904 1554/2857/2903 3448/2860/2906 2229/2859/2905
f 1555/2861/2907 3447/2862/2908 2229/2859/2905 3448/2860/2906
f 3447/2862/2908 1510/2685/2729 3358/2684/2728 2229/2859/2905
f 1510/2685/2729 3447/2862/2908 2230/2863/2909 3360/2688/2732
f 3447/2862/2908 1555/2861/2907 3450/2864/2910 2230/2863/2909
f 1556/2865/2911 3449/2866/2912 2230/2863/2909 3450/2864/2910
f 3449/2866/2912 1511/2689/2733 3360/2688/2732 2230/2863/2909
f 1511/2689/2733 3449/2866/2912 2231/2867/2913 3362/2692/2736
f 3449/2866/2912 1556/2865/2911 3452/2868/2914 2231/2867/2913
f 1557/2869/2915 3451/2870/2916 2231/2867/2913 3452/2868/2914
f 3451/2870/2916 1512/2693/2737 3362/2692/2736 2231/2867/2913
f 1512/2693/2737 3451/2870/2916 2232/2871/2917 3364/2696/2740
f 3451/2870/2916 1557/2869/2915 3454/2872/2918 2232/2871/2917
f 1558/2873/2919 3453/2874/2920 2232/2871/2917 3454/2872/2918
f 3453/2874/2920 1513/2697/2741 3364/2696/2740 2232/2871/2917
f 1513/2697/2741 3453/2874/2920 2233/2875/2921 3366/2700/2744
f 3453/2874/2920 1558/2873/2919 3456/2876/2922 2233/2875/2921
f 1559/2877/2923 3455/2878/2924 2233/2875/2921 3456/2876/2922
f 3455/2878/2924 1514/2701/2745 3366/2700/2744 2233/2875/2921
f 1514/2701/2745 3455/2878/2924 2234/2879/2925 3368/2704/2748
f 3455/2878/2924 1559/2877/2923 3458/2880/2926 2234/2879/2925
f 1560/2881/2927 3457/2882/2928 2234/2879/2925 3458/2880/2926
f 3457/2882/2928 1515/2705/2749 3368/2704/2748 2234/2879/2925
f 1515/2705/2749 3457/2882/2928 2235/2883/2929 3370/2708/2752
f 3457/2882/2928 1560/2881/2927 3460/2884/2930 2235/2883/2929
f 1561/2885/2931 3459/2886/2932 2235/2883/2929 3460/2884/2930
f 3459/2886/2932 1516/2709/2753 3370/2708/2752 2235/2883/2929
f 1516/2709/2753 3459/2886/2932 2236/2887/2933 3372/2712/2756
f 3459/2886/2932 1561/2885/2931 3462/2888/2934 2236/2887/2933
f 1562/2889/2935 3461/2890/2936 2236/2887/2933 3462/2888/2934
f 3461/2890/2936 1517/2713/2757 3372/2712/2756 2236/2887/2933
f 1517/2713/2757 3461/2890/2936 2237/2033/2937 3374/2716/2760
f 3461/2890/2936 1562/2889/2935 3464/2891/2938 2237/2033/2937
f 1563/2892/2939 3463/2893/2940 2237/2033/2937 3464/2891/2938
f 3463/2893/2940 1518/2717/2761 3374/2716/2760 2237/2033/2937
f 1518/2717/2761 3463/2893/2940 2238/2894/2941 3376/2720/2764
f 3463/2893/2940 1563/2892/2939 3466/2895/2942 2238/2894/2941
f 1564/2896/2943 3465/2897/2944 2238/2894/2941 3466/2895/2942
f 3465/2897/2944 1519/2721/2765 3376/2720/2764 2238/2894/2941
f 1519/2721/2765 3465/2897/2944 2239/2898/2945 3378/2724/2768
f 3465/2897/2944 1564/2896/2943 3468/2899/2946 2239/2898/2945
f 1565/2900/2947 3467/2901/2948 2239/2898/2945 3468/2899/2946
f 3467/2901/2948 1520/2725/2769 3378/2724/2768 2239/2898/2945
f 1520/2725/2769 3467/2901/2948 2240/2902/2949 3380/2728/2772
f 3467/2901/2948 1565/2900/2947 3470/2903/2950 2240/2902/2949
f 1566/2904/2951 3469/2905/2952 2240/2902/2949 3470/2903/2950
f 3469/2905/2952 1521/2729/2773 3380/2728/2772 2240/2902/2949
f 1521/2729/2773 3469/2905/2952 2241/2906/2953 3382/2732/2776
f 3469/2905/2952 1566/2904/2951 3472/2907/2954 2241/2906/2953
f 1567/2908/2955 3471/2909/2956 2241/2906/2953 3472/2907/2954
f 3471/2909/2956 1522/2733/2777 3382/2732/2776 2241/2906/2953
f 1522/2733/2777 3471/2909/2956 2242/2910/2957 3384/2735/2780
f 3471/2909/2956 1567/2908/2955 3474/2911/2958 2242/2910/2957
f 1568/2912/2959 3473/2913/2960 2242/2910/2957 3474/2911/2958
f 3473/2913/2960 1523/2736/2781 3384/2735/2780 2242/2910/2957
f 1523/2736/2781 3473/2913/2960 2243/2914/2961 3386/2739/2784
f 3473/2913/2960 1568/2912/2959 3476/2915/2962 2243/2914/2961
f 1569/2916/2963 3475/2917/2964 2243/2914/2961 3476/2915/2962
f 3475/2917/2964 1524/2740/2785 3386/2739/2784 2243/2914/2961
f 1524/2740/2785 3475/2917/2964 2244/2918/2965 3388/2743/2788
f 3475/2917/2964 1569/2916/2963 3478/1882/2966 2244/2918/2965
f 1570/2919/2967 3477/2920/2968 2244/2918/2965 3478/1882/2966
f 3477/2920/2968 1525/2744/2789 3388/2743/2788 2244/2918/2965
f 1525/2744/2789 3477/2920/2968 2245/2921/2969 3390/2747/2792
f 3477/2920/2968 1570/2919/2967 3480/2922/2970 2245/2921/2969
f 1571/2923/2971 3479/2068/2972 2245/2921/2969 3480/2922/2970
f 3479/2068/2972 1526/2067/2793 3390/2747/2792 2245/2921/2969
f 1526/2067/2793 3479/2068/2972 2246/2069/2973 3392/2749/2796
f 3479/2068/2972 1571/2923/2971 3482/1890/2974 2246/2069/2973
f 1572/2924/2975 3481/2925/2976 2246/2069/2973 3482/1890/2974
f 3481/2925/2976 1527/2750/2797 3392/2749/2796 2246/2069/2973
f 1527/2750/2797 3481/2925/2976 2247/2926/2977 3394/2753/2800
f 3481/2925/2976 1572/2924/2975 3484/2927/2978 2247/2926/2977
f 1573/2928/2942 3483/2929/2941 2247/2926/2977 3484/2927/2978
f 3483/2929/2941 1528/2754/2764 3394/2753/2800 2247/2926/2977
f 1528/2754/2764 3483/2929/2941 2248/2930/2979 3396/2757/2802
f 3483/2929/2941 1573/2928/2942 3486/2931/2980 2248/2930/2979
f 1574/2932/2981 3485/2933/2982 2248/2930/2979 3486/2931/2980
f 3485/2933/2982 1529/2758/2803 3396/2757/2802 2248/2930/2979
f 1529/2758/2803 3485/2933/2982 2249/2934/2983 3398/2761/2806
f 3485/2933/2982 1574/2932/2981 3488/2935/2984 2249/2934/2983
f 1575/2936/2985 3487/2937/2986 2249/2934/2983 3488/2935/2984
f 3487/2937/2986 1530/2762/2807 3398/2761/2806 2249/2934/2983
f 1530/2762/2807 3487/2937/2986 2250/2938/2987 3400/2764/2810
f 3487/2937/2986 1575/2936/2985 3490/2939/2988 2250/2938/2987
f 1576/2940/2989 3489/2941/2990 2250/2938/2987 3490/2939/2988
f 3489/2941/2990 1531/2765/2811 3400/2764/2810 2250/2938/2987
f 1531/2765/2811 3489/2941/2990 2251/2942/2991 3402/2768/2814
f 3489/2941/2990 1576/2940/2989 3492/2943/2992 2251/2942/2991
f 1577/2944/2993 3491/2945/2994 2251/2942/2991 3492/2943/2992
f 3491/2945/2994 1532/2769/2815 3402/2768/2814 2251/2942/2991
f 1532/2769/2815 3491/2945/2994 2252/2946/2995 3404/2772/2818
f 3491/2945/2994 1577/2944/2993 3494/2947/2996 2252/2946/2995
f 1578/2948/2997 3493/2949/2998 2252/2946/2995 3494/2947/2996
f 3493/2949/2998 1533/2773/2819 3404/2772/2818 2252/2946/2995
f 1533/2773/2819 3493/2949/2998 2253/2950/2999 3406/2776/2822
f 3493/2949/2998 1578/2948/2997 3496/2951/3000 2253/2950/2999
f 1579/2952/3001 3495/2953/3002 2253/2950/2999 3496/2951/3000
f 3495/2953/3002 1534/2777/2823 3406/2776/2822 2253/2950/2999
f 1534/2777/2823 3495/2953/3002 2254/2954/3003 3408/2780/2826
f 3495/2953/3002 1579/2952/3001 3498/2955/3004 2254/2954/3003
f 1580/2956/3005 3497/2957/3006 2254/2954/3003 3498/2955/3004
f 3497/2957/3006 1535/2781/2827 3408/2780/2826 2254/2954/3003
f 1535/2781/2827 3497/2957/3006 2255/2958/3007 3410/2784/2830
f 3497/2957/3006 1580/2956/3005 3500/2959/3008 2255/2958/3007
f 1581/2960/3009 3499/2961/3010 2255/2958/3007 3500/2959/3008
f 3499/2961/3010 1536/2785/2831 3410/2784/2830 2255/2958/3007
f 1536/2785/2831 3499/2961/3010 2256/2962/3011 3412/2788/2834
f 3499/2961/3010 1581/2960/3009 3502/2963/3012 2256/2962/3011
f 1582/2964/3013 3501/2965/3014 2256/2962/3011 3502/2963/3012
f 3501/2965/3014 1537/2789/2835 3412/2788/2834 2256/2962/3011
f 1537/2789/2835 3501/2965/3014 2257/2966/3015 3414/2792/2838
f 3501/2965/3014 1582/2964/3013 3504/2967/3016 2257/2966/3015
f 1583/2968/3017 3503/2969/3018 2257/2966/3015 3504/2967/3016
f 3503/2969/3018 1538/2793/2839 3414/2792/2838 2257/2966/3015
f 1538/2793/2839 3503/2969/3018 2258/2970/3019 3416/2796/2842
f 3503/2969/3018 1583/2968/3017 3506/2971/3020 2258/2970/3019
f 1584/2972/3021 3505/2973/3022 2258/2970/3019 3506/2971/3020
f 3505/2973/3022 1539/2797/2843 3416/2796/2842 2258/2970/3019
f 1539/2797/2843 3505/2973/3022 2259/2974/3023 3418/2800/2846
f 3505/2973/3022 1584/2972/3021 3508/2975/3024 2259/2974/3023
f 1585/2976/3025 3507/2977/3026 2259/2974/3023 3508/2975/3024
f 3507/2977/3026 1540/2801/2847 3418/2800/2846 2259/2974/3023
f 1540/2801/2847 3507/2977/3026 2260/2978/3027 3420/2804/2850
f 3507/2977/3026 1585/2976/3025 3510/2979/3028 2260/2978/3027
f 1586/2980/3029 3509/2981/3030 2260/2978/3027 3510/2979/3028
f 3509/2981/3030 1541/2805/2851 3420/2804/2850 2260/2978/3027
f 1541/2805/2851 3509/2981/3030 2261/2982/3031 3422/2808/2854
f 3509/2981/3030 1586/2980/3029 3512/2983/3032 2261/2982/3031
f 1587/2984/3033 3511/2985/3034 2261/2982/3031 3512/2983/3032
f 3511/2985/3034 1542/2809/2855 3422/2808/2854 2261/2982/3031
f 1542/2809/2855 3511/2985/3034 2262/2986/3035 3424/2812/2858
f 3511/2985/3034 1587/2984/3033 3514/2987/3036 2262/2986/3035
f 1588/2988/3037 3513/2989/3038 2262/2986/3035 3514/2987/3036
f 3513/2989/3038 1543/2813/2859 3424/2812/2858 2262/2986/3035
f 1543/2813/2859 3513/2989/3038 2263/2990/3039 3426/2816/2862
f 3513/2989/3038 1588/2988/3037 3516/2991/3040 2263/2990/3039
f 1589/2992/3041 3515/2993/3042 2263/2990/3039 3516/2991/3040
f 3515/2993/3042 1544/2817/2863 3426/2816/2862 2263/2990/3039
f 1544/2817/2863 3515/2993/3042 2264/2994/3043 3428/2820/2866
f 3515/2993/3042 1589/2992/3041 3518/2995/3044 2264/2994/3043
f 1590/2996/3045 3517/2997/3046 2264/2994/3043 3518/2995/3044
f 3517/2997/3046 1545/2821/2867 3428/2820/2866 2264/2994/3043
f 1545/2821/2867 3517/2997/3046 2265/2998/3047 3430/2824/2870
f 3517/2997/3046 1590/2996/3045 3520/2999/3048 2265/2998/3047
f 1591/3000/3049 3519/3001/3050 2265/2998/3047 3520/2999/3048
f 3519/3001/3050 1546/2825/2871 3430/2824/2870 2265/2998/3047
f 1546/2825/2871 3519/3001/3050 2266/3002/3051 3432/2828/2874
f 3519/3001/3050 1591/3000/3049 3522/3003/3052 2266/3002/3051
f 1592/3004/3053 3521/3005/3054 2266/3002/3051 3522/3003/3052
f 3521/3005/3054 1547/2829/2875 3432/2828/2874 2266/3002/3051
f 1547/2829/2875 3521/3005/3054 2267/3006/3055 3434/2832/2878
f 3521/3005/3054 1592/3004/3053 3524/3007/3056 2267/3006/3055
f 1593/3008/3057 3523/3009/3058 2267/3006/3055 3524/3007/3056
f 3523/3009/3058 1548/2833/2879 3434/2832/2878 2267/3006/3055
f 1548/2833/2879 3523/3009/3058 2268/3010/3059 3436/2836/2882
f 3523/3009/3058 1593/3008/3057 3526/3011/3060 2268/3010/3059
f 1594/3012/3061 3525/3013/3062 2268/3010/3059 3526/3011/3060
f 3525/3013/3062 1549/2837/2883 3436/2836/2882 2268/3010/3059
f 1549/2837/2883 3525/3013/3062 2269/3014/3063 3438/2840/2886
f 3525/3013/3062 1594/3012/3061 3528/3015/3064 2269/3014/3063
f 1595/3016/3065 3527/3017/3066 2269/3014/3063 3528/3015/3064
f 3527/3017/3066 1550/2841/2887 3438/2840/2886 2269/3014/3063
f 1550/2841/2887 3527/3017/3066 2270/3018/3067 3440/2844/2890
f 3527/3017/3066 1595/3016/3065 3530/3019/3068 2270/3018/3067
f 1596/3020/3069 3529/3021/3070 2270/3018/3067 3530/3019/3068
f 3529/3021/3070 1551/2845/2891 3440/2844/2890 2270/3018/3067
f 1551/2845/2891 3529/3021/3070 2271/3022/3071 3441/2848/2894
f 3529/3021/3070 1596/3020/3069 3531/3023/3072 2271/3022/3071
f 1552/2851/2897 3532/3024/3073 2272/3025/3074 3444/2852/2898
f 3532/3024/3073 1597/3026/3075 3534/3027/3076 2272/3025/3074
f 1598/3028/3077 3533/3029/3078 2272/3025/3074 3534/3027/3076
f 3533/3029/3078 1553/2853/2899 3444/2852/2898 2272/3025/3074
f 1553/2853/2899 3533/3029/3078 2273/3030/3079 3446/2856/2902
f 3533/3029/3078 1598/3028/3077 3536/3031/3080 2273/3030/3079
f 1599/3032/3081 3535/3033/3082 2273/3030/3079 3536/3031/3080
f 3535/3033/3082 1554/2857/2903 3446/2856/2902 2273/3030/3079
f 1554/2857/2903 3535/3033/3082 2274/3034/3083 3448/2860/2906
f 3535/3033/3082 1599/3032/3081 3538/3035/3084 2274/3034/3083
f 1600/3036/3085 3537/3037/3086 2274/3034/3083 3538/3035/3084
f 3537/3037/3086 1555/2861/2907 3448/2860/2906 2274/3034/3083
f 1555/2861/2907 3537/3037/3086 2275/3038/3087 3450/2864/2910
f 3537/3037/3086 1600/3036/3085 3540/3039/3088 2275/3038/3087
f 1601/3040/3089 3539/3041/3090 2275/3038/3087 3540/3039/3088
f 3539/3041/3090 1556/2865/2911 3450/2864/2910 2275/3038/3087
f 1556/2865/2911 3539/3041/3090 2276/3042/3091 3452/2868/2914
f 3539/3041/3090 1601/3040/3089 3542/3043/3092 2276/3042/3091
f 1602/3044/3093 3541/3045/3094 2276/3042/3091 3542/3043/3092
f 3541/3045/3094 1557/2869/2915 3452/2868/2914 2276/3042/3091
f 1557/2869/2915 3541/3045/3094 2277/3046/3095 3454/2872/2918
f 3541/3045/3094 1602/3044/3093 3544/3047/3096 2277/3046/3095
f 1603/3048/3097 3543/3049/3098 2277/3046/3095 3544/3047/3096
f 3543/3049/3098 1558/2873/2919 3454/2872/2918 2277/3046/3095
f 1558/2873/2919 3543/3049/3098 2278/3050/3099 3456/2876/2922
f 3543/3049/3098 1603/3048/3097 3546/3051/3100 2278/3050/3099
f 1604/3052/3101 3545/3053/3102 2278/3050/3099 3546/3051/3100
f 3545/3053/3102 1559/2877/2923 3456/2876/2922 2278/3050/3099
f 1559/2877/2923 3545/3053/3102 2279/3054/3103 3458/2880/2926
f 3545/3053/3102 1604/3052/3101 3548/3055/3104 2279/3054/3103
f 1605/3056/3105 3547/3057/3106 2279/3054/3103 3548/3055/3104
f 3547/3057/3106 1560/2881/2927 3458/2880/2926 2279/3054/3103
f 1560/2881/2927 3547/3057/3106 2280/3058/3107 3460/2884/2930
f 3547/3057/3106 1605/3056/3105 3550/3059/3108 2280/3058/3107
f 1606/3060/3109 3549/3061/3110 2280/3058/3107 3550/3059/3108
f 3549/3061/3110 1561/2885/2931 3460/2884/2930 2280/3058/3107
f 1561/2885/2931 3549/3061/3110 2281/3062/3111 3462/2888/2934
f 3549/3061/3110 1606/3060/3109 3552/3063/3112 2281/3062/3111
f 1607/3064/3113 3551/3065/3114 2281/3062/3111 3552/3063/3112
f 3551/3065/3114 1562/2889/2935 3462/2888/2934 2281/3062/3111
f 1562/2889/2935 3551/3065/3114 2282/3066/3115 3464/2891/2938
f 3551/3065/3114 1607/3064/3113 3554/3067/3116 2282/3066/3115
f 1608/3068/3117 3553/3069/3118 2282/3066/3115 3554/3067/3116
f 3553/3069/3118 1563/2892/2939 3464/2891/2938 2282/3066/3115
f 1563/2892/2939 3553/3069/3118 2283/3070/3119 3466/2895/2942
f 3553/3069/3118 1608/3068/3117 3556/3071/3120 2283/3070/3119
f 1609/3072/3121 3555/3073/3122 2283/3070/3119 3556/3071/3120
f 3555/3073/3122 1564/2896/2943 3466/2895/2942 2283/3070/3119
f 1564/2896/2943 3555/3073/3122 2284/3074/3123 3468/2899/2946
f 3555/3073/3122 1609/3072/3121 3558/3075/3124 2284/3074/3123
f 1610/3076/3125 3557/3077/3126 2284/3074/3123 3558/3075/3124
f 3557/3077/3126 1565/2900/2947 3468/2899/2946 2284/3074/3123
f 1565/2900/2947 3557/3077/3126 2285/3078/3127 3470/2903/2950
f 3557/3077/3126 1610/3076/3125 3560/3079/3128 2285/3078/3127
f 1611/3080/3129 3559/3081/3130 2285/3078/3127 3560/3079/3128
f 3559/3081/3130 1566/2904/2951 3470/2903/2950 2285/3078/3127
f 1566/2904/2951 3559/3081/3130 2286/3082/3131 3472/2907/2954
f 3559/3081/3130 1611/3080/3129 3562/3083/3132 2286/3082/3131
f 1612/3084/3133 3561/3085/3134 2286/3082/3131 3562/3083/3132
f 3561/3085/3134 1567/2908/2955 3472/2907/2954 2286/3082/3131
f 1567/2908/2955 3561/3085/3134 2287/3086/3135 3474/2911/2958
f 3561/3085/3134 1612/3084/3133 3564/3087/3136 2287/3086/3135
f 1613/3088/3137 3563/3089/3138 2287/3086/3135 3564/3087/3136
f 3563/3089/3138 1568/2912/2959 3474/2911/2958 2287/3086/3135
f 1568/2912/2959 3563/3089/3138 2288/3090/3139 3476/2915/2962
f 3563/3089/3138 1613/3088/3137 3566/3091/3140 2288/3090/3139
f 1614/3092/3141 3565/3093/3142 2288/3090/3139 3566/3091/3140
f 3565/3093/3142 1569/2916/2963 3476/2915/2962 2288/3090/3139
f 1569/2916/2963 3565/3093/3142 2289/1881/3143 3478/1882/2966
f 3565/3093/3142 1614/3092/3141 3568/3094/3144 2289/1881/3143
f 1615/3095/3145 3567/3096/3146 2289/1881/3143 3568/3094/3144
f 3567/3096/3146 1570/2919/2967 3478/1882/2966 2289/1881/3143
f 1570/2919/2967 3567/3096/3146 2290/3097/3147 3480/2922/2970
f 3567/3096/3146 1615/3095/3145 3570/3098/3148 2290/3097/3147
f 1616/3099/3149 3569/3100/3150 2290/3097/3147 3570/3098/3148
f 3569/3100/3150 1571/2923/2971 3480/2922/2970 2290/3097/3147
f 1571/2923/2971 3569/3100/3150 2291/3101/3151 3482/1890/2974
f 3569/3100/3150 1616/3099/3149 3572/3102/3152 2291/3101/3151
f 1617/3103/3153 3571/1892/3154 2291/3101/3151 3572/3102/3152
f 3571/1892/3154 1572/2924/2975 3482/1890/2974 2291/3101/3151
f 1572/2924/2975 3571/1892/3154 2292/3104/3155 3484/2927/2978
f 3571/1892/3154 1617/3103/3153 3574/3105/3156 2292/3104/3155
f 1618/3106/3120 3573/3107/3119 2292/3104/3155 3574/3105/3156
f 3573/3107/3119 1573/2928/2942 3484/2927/2978 2292/3104/3155
f 1573/2928/2942 3573/3107/3119 2293/3108/3157 3486/2931/2980
f 3573/3107/3119 1618/3106/3120 3576/3109/3158 2293/3108/3157
f 1619/3110/3159 3575/3111/3160 2293/3108/3157 3576/3109/3158
f 3575/3111/3160 1574/2932/2981 3486/2931/2980 2293/3108/3157
f 1574/2932/2981 3575/3111/3160 2294/3112/3161 3488/2935/2984
f 3575/3111/3160 1619/3110/3159 3578/3113/3162 2294/3112/3161
f 1620/3114/3163 3577/3115/3164 2294/3112/3161 3578/3113/3162
f 3577/3115/3164 1575/2936/2985 3488/2935/2984 2294/3112/3161
f 1575/2936/2985 3577/3115/3164 2295/3116/3165 3490/2939/2988
f 3577/3115/3164 1620/3114/3163 3580/3117/3166 2295/3116/3165
f 1621/3118/3167 3579/3119/3168 2295/3116/3165 3580/3117/3166
f 3579/3119/3168 1576/2940/2989 3490/2939/2988 2295/3116/3165
f 1576/2940/2989 3579/3119/3168 2296/3120/3169 3492/2943/2992
f 3579/3119/3168 1621/3118/3167 3582/3121/3170 2296/3120/3169
f 1622/3122/3171 3581/3123/3172 2296/3120/3169 3582/3121/3170
f 3581/3123/3172 1577/2944/2993 3492/2943/2992 2296/3120/3169
f 1577/2944/2993 3581/3123/3172 2297/3124/3173 3494/2947/2996
f 3581/3123/3172 1622/3122/3171 3584/3125/3174 2297/3124/3173
f 1623/3126/3175 3583/3127/3176 2297/3124/3173 3584/3125/3174
f 3583/3127/3176 1578/2948/2997 3494/2947/2996 2297/3124/3173
f 1578/2948/2997 3583/3127/3176 2298/3128/3177 3496/2951/3000
f 3583/3127/3176 1623/3126/3175 3586/3129/3178 2298/3128/3177
f 1624/3130/3179 3585/3131/3180 2298/3128/3177 3586/3129/3178
f 3585/3131/3180 1579/2952/3001 3496/2951/3000 2298/3128/3177
f 1579/2952/3001 3585/3131/3180 2299/3132/3181 3498/2955/3004
f 3585/3131/3180 1624/3130/3179 3588/3133/3182 2299/3132/3181
f 1625/3134/3183 3587/3135/3184 2299/3132/3181 3588/3133/3182
f 3587/3135/3184 1580/2956/3005 3498/2955/3004 2299/3132/3181
f 1580/2956/3005 3587/3135/3184 2300/3136/3185 3500/2959/3008
f 3587/3135/3184 1625/3134/3183 3590/3137/3186 2300/3136/3185
f 1626/3138/3187 3589/3139/3188 2300/3136/3185 3590/3137/3186
f 3589/3139/3188 1581/2960/3009 3500/2959/3008 2300/3136/3185
f 1581/2960/3009 3589/3139/3188 2301/3140/3189 3502/2963/3012
f 3589/3139/3188 1626/3138/3187 3592/3141/3190 2301/3140/3189
f 1627/3142/3191 3591/3143/3192 2301/3140/3189 3592/3141/3190
f 3591/3143/3192 1582/2964/3013 3502/2963/3012 2301/3140/3189
f 1582/2964/3013 3591/3143/3192 2302/3144/3193 3504/2967/3016
f 3591/3143/3192 1627/3142/3191 3594/3145/3194 2302/3144/3193
f 1628/3146/3195 3593/3147/3196 2302/3144/3193 3594/3145/3194
f 3593/3147/3196 1583/2968/3017 3504/2967/3016 2302/3144/3193
f 1583/2968/3017 3593/3147/3196 2303/3148/3197 3506/2971/3020
f 3593/3147/3196 1628/3146/3195 3596/3149/3198 2303/3148/3197
f 1629/3150/3199 3595/3151/3200 2303/3148/3197 3596/3149/3198
f 3595/3151/3200 1584/2972/3021 3506/2971/3020 2303/3148/3197
f 1584/2972/3021 3595/3151/3200 2304/3152/3201 3508/2975/3024
f 3595/3151/3200 1629/3150/3199 3598/3153/3202 2304/3152/3201
f 1630/3154/3203 3597/3155/3204 2304/3152/3201 3598/3153/3202
f 3597/3155/3204 1585/2976/3025 3508/2975/3024 2304/3152/3201
f 1585/2976/3025 3597/3155/3204 2305/3156/3205 3510/2979/3028
f 3597/3155/3204 1630/3154/3203 3600/3157/3206 2305/3156/3205
f 1631/3158/3207 3599/3159/3208 2305/3156/3205 3600/3157/3206
f 3599/3159/3208 1586/2980/3029 3510/2979/3028 2305/3156/3205
f 1586/2980/3029 3599/3159/3208 2306/3160/3209 3512/2983/3032
f 3599/3159/3208 1631/3158/3207 3602/3161/3210 2306/3160/3209
f 1632/3162/3211 3601/3163/3212 2306/3160/3209 3602/3161/3210
f 3601/3163/3212 1587/2984/3033 3512/2983/3032 2306/3160/3209
f 1587/2984/3033 3601/3163/3212 2307/3164/3213 3514/2987/3036
f 3601/3163/3212 1632/3162/3211 3604/3165/3214 2307/3164/3213
f 1633/3166/3215 3603/3167/3216 2307/3164/3213 3604/3165/3214
f 3603/3167/3216 1588/2988/3037 3514/2987/3036 2307/3164/3213
f 1588/2988/3037 3603/3167/3216 2308/3168/3217 3516/2991/3040
f 3603/3167/3216 1633/3166/3215 3606/3169/3218 2308/3168/3217
f 1634/3170/3219 3605/3171/3220 2308/3168/3217 3606/3169/3218
f 3605/3171/3220 1589/2992/3041 3516/2991/3040 2308/3168/3217
f 1589/2992/3041 3605/3171/3220 2309/3172/3221 3518/2995/3044
f 3605/3171/3220 1634/3170/3219 3608/3173/3222 2309/3172/3221
f 1635/3174/3223 3607/3175/3224 2309/3172/3221 3608/3173/3222
f 3607/3175/3224 1590/2996/3045 3518/2995/3044 2309/3172/3221
f 1590/2996/3045 3607/3175/3224 2310/3176/3225 3520/2999/3048
f 3607/3175/3224 1635/3174/3223 3610/3177/3226 2310/3176/3225
f 1636/3178/3227 3609/3179/3228 2310/3176/3225 3610/3177/3226
f 3609/3179/3228 1591/3000/3049 3520/2999/3048 2310/3176/3225
f 1591/3000/3049 3609/3179/3228 2311/3180/3229 3522/3003/3052
f 3609/3179/3228 1636/3178/3227 3612/3181/3230 2311/3180/3229
f 1637/3182/3231 3611/3183/3232 2311/3180/3229 3612/3181/3230
f 3611/3183/3232 1592/3004/3053 3522/3003/3052 2311/3180/3229
f 1592/3004/3053 3611/3183/3232 2312/3184/3233 3524/3007/3056
f 3611/3183/3232 1637/3182/3231 3614/3185/3234 2312/3184/3233
f 1638/3186/3235 3613/3187/3236 2312/3184/3233 3614/3185/3234
f 3613/3187/3236 1593/3008/3057 3524/3007/3056 2312/3184/3233
f 1593/3008/3057 3613/3187/3236 2313/3188/3237 3526/3011/3060
f 3613/3187/3236 1638/3186/3235 3616/3189/3238 2313/3188/3237
f 1639/3190/3239 3615/3191/3240 2313/3188/3237 3616/3189/3238
f 3615/3191/3240 1594/3012/3061 3526/3011/3060 2313/3188/3237
f 1594/3012/3061 3615/3191/3240 2314/3192/3241 3528/3015/3064
f 3615/3191/3240 1639/3190/3239 3618/3193/3242 2314/3192/3241
f 1640/3194/3243 3617/3195/3244 2314/3192/3241 3618/3193/3242
f 3617/3195/3244 1595/3016/3065 3528/3015/3064 2314/3192/3241
f 1595/3016/3065 3617/3195/3244 2315/3196/3245 3530/3019/3068
f 3617/3195/3244 1640/3194/3243 3620/3197/3246 2315/3196/3245
f 1641/3198/3247 3619/3199/3248 2315/3196/3245 3620/3197/3246
f 3619/3199/3248 1596/3020/3069 3530/3019/3068 2315/3196/3245
f 1596/3020/3069 3619/3199/3248 2316/3200/3249 3531/3023/3072
f 3619/3199/3248 1641/3198/3247 3621/3201/3250 2316/3200/3249
f 1597/3026/3075 3622/3202/3251 2317/3203/3252 3534/3027/3076
f 3622/3202/3251 1642/3204/3253 3624/3205/3254 2317/3203/3252
f 1643/3206/3255 3623/3207/3256 2317/3203/3252 3624/3205/3254
f 3623/3207/3256 1598/3028/3077 3534/3027/3076 2317/3203/3252
f 1598/3028/3077 3623/3207/3256 2318/3208/3257 3536/3031/3080
f 3623/3207/3256 1643/3206/3255 3626/3209/3258 2318/3208/3257
f 1644/3210/3259 3625/3211/3260 2318/3208/3257 3626/3209/3258
f 3625/3211/3260 1599/3032/3081 3536/3031/3080 2318/3208/3257
f 1599/3032/3081 3625/3211/3260 2319/3212/3261 3538/3035/3084
f 3625/3211/3260 1644/3210/3259 3628/3213/3262 2319/3212/3261
f 1645/3214/3263 3627/3215/3264 2319/3212/3261 3628/3213/3262
f 3627/3215/3264 1600/3036/3085 3538/3035/3084 2319/3212/3261
f 1600/3036/3085 3627/3215/3264 2320/3216/3265 3540/3039/3088
f 3627/3215/3264 1645/3214/3263 3630/3217/3266 2320/3216/3265
f 1646/3218/3267 3629/3219/3268 2320/3216/3265 3630/3217/3266
f 3629/3219/3268 1601/3040/3089 3540/3039/3088 2320/3216/3265
f 1601/3040/3089 3629/3219/3268 2321/3220/3269 3542/3043/3092
f 3629/3219/3268 1646/3218/3267 3632/3221/3270 2321/3220/3269
f 1647/3222/3271 3631/3223/3272 2321/3220/3269 3632/3221/3270
f 3631/3223/3272 1602/3044/3093 3542/3043/3092 2321/3220/3269
f 1602/3044/3093 3631/3223/3272 2322/3224/3273 3544/3047/3096
f 3631/3223/3272 1647/3222/3271 3634/3225/3274 2322/3224/3273
f 1648/3226/3275 3633/3227/3276 2322/3224/3273 3634/3225/3274
f 3633/3227/3276 1603/3048/3097 3544/3047/3096 2322/3224/3273
f 1603/3048/3097 3633/3227/3276 2323/3228/3277 3546/3051/3100
f 3633/3227/3276 1648/3226/3275 3636/3229/3278 2323/3228/3277
f 1649/3230/3279 3635/3231/3280 2323/3228/3277 3636/3229/3278
f 3635/3231/3280 1604/3052/3101 3546/3051/3100 2323/3228/3277
f 1604/3052/3101 3635/3231/3280 2324/3232/3281 3548/3055/3104
f 3635/3231/3280 1649/3230/3279 3638/3233/3282 2324/3232/3281
f 1650/3234/3283 3637/3235/3284 2324/3232/3281 3638/3233/3282
f 3637/3235/3284 1605/3056/3105 3548/3055/3104 2324/3232/3281
f 1605/3056/3105 3637/3235/3284 2325/3236/3285 3550/3059/3108
f 3637/3235/3284 1650/3234/3283 3640/3237/3286 2325/3236/3285
f 1651/3238/3287 3639/3239/3288 2325/3236/3285 3640/3237/3286
f 3639/3239/3288 1606/3060/3109 3550/3059/3108 2325/3236/3285
f 1606/3060/3109 3639/3239/3288 2326/3240/3289 3552/3063/3112
f 3639/3239/3288 1651/3238/3287 3642/3241/3290 2326/3240/3289
f 1652/3242/3291 3641/3243/3292 2326/3240/3289 3642/3241/3290
f 3641/3243/3292 1607/3064/3113 3552/3063/3112 2326/3240/3289
f 1607/3064/3113 3641/3243/3292 2327/3244/3293 3554/3067/3116
f 3641/3243/3292 1652/3242/3291 3644/3245/3294 2327/3244/3293
f 1653/3246/3295 3643/3247/3296 2327/3244/3293 3644/3245/3294
f 3643/3247/3296 1608/3068/3117 3554/3067/3116 2327/3244/3293
f 1608/3068/3117 3643/3247/3296 2328/3248/3297 3556/3071/3120
f 3643/3247/3296 1653/3246/3295 3646/3249/3298 2328/3248/3297
f 1654/3250/3299 3645/3251/3300 2328/3248/3297 3646/3249/3298
f 3645/3251/3300 1609/3072/3121 3556/3071/3120 2328/3248/3297
f 1609/3072/3121 3645/3251/3300 2329/3252/3301 3558/3075/3124
f 3645/3251/3300 1654/3250/3299 3648/3253/3302 2329/3252/3301
f 1655/3254/3303 3647/3255/3304 2329/3252/3301 3648/3253/3302
f 3647/3255/3304 1610/3076/3125 3558/3075/3124 2329/3252/3301
f 1610/3076/3125 3647/3255/3304 2330/3256/3305 3560/3079/3128
f 3647/3255/3304 1655/3254/3303 3650/3257/3306 2330/3256/3305
f 1656/3258/3307 3649/3259/3308 2330/3256/3305 3650/3257/3306
f 3649/3259/3308 1611/3080/3129 3560/3079/3128 2330/3256/3305
f 1611/3080/3129 3649/3259/3308 2331/3260/3309 3562/3083/3132
f 3649/3259/3308 1656/3258/3307 3652/3261/3310 2331/3260/3309
f 1657/3262/3311 3651/3263/3312 2331/3260/3309 3652/3261/3310
f 3651/3263/3312 1612/3084/3133 3562/3083/3132 2331/3260/3309
f 1612/3084/3133 3651/3263/3312 2332/3264/3313 3564/3087/3136
f 3651/3263/3312 1657/3262/3311 3654/3265/3314 2332/3264/3313
f 1658/3266/3315 3653/3267/3316 2332/3264/3313 3654/3265/3314
f 3653/3267/3316 1613/3088/3137 3564/3087/3136 2332/3264/3313
f 1613/3088/3137 3653/3267/3316 2333/3268/3317 3566/3091/3140
f 3653/3267/3316 1658/3266/3315 3656/3269/3318 2333/3268/3317
f 1659/3270/3319 3655/3271/3320 2333/3268/3317 3656/3269/3318
f 3655/3271/3320 1614/3092/3141 3566/3091/3140 2333/3268/3317
f 1614/3092/3141 3655/3271/3320 2334/3272/3321 3568/3094/3144
f 3655/3271/3320 1659/3270/3319 3658/3273/3322 2334/3272/3321
f 1660/3274/3323 3657/3275/3324 2334/3272/3321 3658/3273/3322
f 3657/3275/3324 1615/3095/3145 3568/3094/3144 2334/3272/3321
f 1615/3095/3145 3657/3275/3324 2335/3276/3325 3570/3098/3148
f 3657/3275/3324 1660/3274/3323 3660/3277/3326 2335/3276/3325
f 1661/3278/3327 3659/3279/3328 2335/3276/3325 3660/3277/3326
f 3659/3279/3328 1616/3099/3149 3570/3098/3148 2335/3276/3325
f 1616/3099/3149 3659/3279/3328 2336/3280/3329 3572/3102/3152
f 3659/3279/3328 1661/3278/3327 3662/3281/3330 2336/3280/3329
f 1662/3282/3331 3661/3283/3332 2336/3280/3329 3662/3281/3330
f 3661/3283/3332 1617/3103/3153 3572/3102/3152 2336/3280/3329
f 1617/3103/3153 3661/3283/3332 2337/3284/3333 3574/3105/3156
f 3661/3283/3332 1662/3282/3331 3664/3285/3334 2337/3284/3333
f 1663/3286/3298 3663/3287/3297 2337/3284/3333 3664/3285/3334
f 3663/3287/3297 1618/3106/3120 3574/3105/3156 2337/3284/3333
f 1618/3106/3120 3663/3287/3297 2338/3288/3335 3576/3109/3158
f 3663/3287/3297 1663/3286/3298 3666/3289/3336 2338/3288/3335
f 1664/3290/3337 3665/3291/3338 2338/3288/3335 3666/3289/3336
f 3665/3291/3338 1619/3110/3159 3576/3109/3158 2338/3288/3335
f 1619/3110/3159 3665/3291/3338 2339/3292/3339 3578/3113/3162
f 3665/3291/3338 1664/3290/3337 3668/3293/3340 2339/3292/3339
f 1665/3294/3341 3667/3295/3342 2339/3292/3339 3668/3293/3340
f 3667/3295/3342 1620/3114/3163 3578/3113/3162 2339/3292/3339
f 1620/3114/3163 3667/3295/3342 2340/3296/3343 3580/3117/3166
f 3667/3295/3342 1665/3294/3341 3670/3297/3344 2340/3296/3343
f 1666/3298/3345 3669/3299/3346 2340/3296/3343 3670/3297/3344
f 3669/3299/3346 1621/3118/3167 3580/3117/3166 2340/3296/3343
f 1621/3118/3167 3669/3299/3346 2341/3300/3347 3582/3121/3170
f 3669/3299/3346 1666/3298/3345 3672/3301/3348 2341/3300/3347
f 1667/3302/3349 3671/3303/3350 2341/3300/3347 3672/3301/3348
f 3671/3303/3350 1622/3122/3171 3582/3121/3170 2341/3300/3347
f 1622/3122/3171 3671/3303/3350 2342/3304/3351 3584/3125/3174
f 3671/3303/3350 1667/3302/3349 3674/3305/3352 2342/3304/3351
f 1668/3306/3353 3673/3307/3354 2342/3304/3351 3674/3305/3352
f 3673/3307/3354 1623/3126/3175 3584/3125/3174 2342/3304/3351
f 1623/3126/3175 3673/3307/3354 2343/3308/3355 3586/3129/3178
f 3673/3307/3354 1668/3306/3353 3676/3309/3356 2343/3308/3355
f 1669/3310/3357 3675/3311/3358 2343/3308/3355 3676/3309/3356
f 3675/3311/3358 1624/3130/3179 3586/3129/3178 2343/3308/3355
f 1624/3130/3179 3675/3311/3358 2344/3312/3359 3588/3133/3182
f 3675/3311/3358 1669/3310/3357 3678/3313/3360 2344/3312/3359
f 1670/3314/3361 3677/3315/3362 2344/3312/3359 3678/3313/3360
f 3677/3315/3362 1625/3134/3183 3588/3133/3182 2344/3312/3359
f 1625/3134/3183 3677/3315/3362 2345/3316/3363 3590/3137/3186
f 3677/3315/3362 1670/3314/3361 3680/3317/3364 2345/3316/3363
f 1671/3318/3365 3679/3319/3366 2345/3316/3363 3680/3317/3364
f 3679/3319/3366 1626/3138/3187 3590/3137/3186 2345/3316/3363
f 1626/3138/3187 3679/3319/3366 2346/3320/3367 3592/3141/3190
f 3679/3319/3366 1671/3318/3365 3682/3321/3368 2346/3320/3367
f 1672/3322/3369 3681/3323/3370 2346/3320/3367 3682/3321/3368
f 3681/3323/3370 1627/3142/3191 3592/3141/3190 2346/3320/3367
f 1627/3142/3191 3681/3323/3370 2347/3324/3371 3594/3145/3194
f 3681/3323/3370 1672/3322/3369 3684/3325/3372 2347/3324/3371
f 1673/3326/3373 3683/3327/3374 2347/3324/3371 3684/3325/3372
f 3683/3327/3374 1628/3146/3195 3594/3145/3194 2347/3324/3371
f 1628/3146/3195 3683/3327/3374 2348/3328/3375 3596/3149/3198
f 3683/3327/3374 1673/3326/3373 3686/3329/3376 2348/3328/3375
f 1674/3330/3377 3685/3331/3378 2348/3328/3375 3686/3329/3376
f 3685/3331/3378 1629/3150/3199 3596/3149/3198 2348/3328/3375
f 1629/3150/3199 3685/3331/3378 2349/3332/3379 3598/3153/3202
f 3685/3331/3378 1674/3330/3377 3688/3333/3380 2349/3332/3379
f 1675/3334/3381 3687/3335/3382 2349/3332/3379 3688/3333/3380
f 3687/3335/3382 1630/3154/3203 3598/3153/3202 2349/3332/3379
f 1630/3154/3203 3687/3335/3382 2350/3336/3383 3600/3157/3206
f 3687/3335/3382 1675/3334/3381 3690/3337/3384 2350/3336/3383
f 1676/3338/3385 3689/3339/3386 2350/3336/3383 3690/3337/3384
f 3689/3339/3386 1631/3158/3207 3600/3157/3206 2350/3336/3383
f 1631/3158/3207 3689/3339/3386 2351/3340/3387 3602/3161/3210
f 3689/3339/3386 1676/3338/3385 3692/3341/3388 2351/3340/3387
f 1677/3342/3389 3691/3343/3390 2351/3340/3387 3692/3341/3388
f 3691/3343/3390 1632/3162/3211 3602/3161/3210 2351/3340/3387
f 1632/3162/3211 3691/3343/3390 2352/3344/3391 3604/3165/3214
f 3691/3343/3390 1677/3342/3389 3694/3345/3392 2352/3344/3391
f 1678/3346/3393 3693/3347/3394 2352/3344/3391 3694/3345/3392
f 3693/3347/3394 1633/3166/3215 3604/3165/3214 2352/3344/3391
f 1633/3166/3215 3693/3347/3394 2353/3348/3395 3606/3169/3218
f 3693/3347/3394 1678/3346/3393 3696/3349/3396 2353/3348/3395
f 1679/3350/3397 3695/3351/3398 2353/3348/3395 3696/3349/3396
f 3695/3351/3398 1634/3170/3219 3606/3169/3218 2353/3348/3395
f 1634/3170/3219 3695/3351/3398 2354/3352/3399 3608/3173/3222
f 3695/3351/3398 1679/3350/3397 3698/3353/3400 2354/3352/3399
f 1680/3354/3401 3697/3355/3402 2354/3352/3399 3698/3353/3400
f 3697/3355/3402 1635/3174/3223 3608/3173/3222 2354/3352/3399
f 1635/3174/3223 3697/3355/3402 2355/3356/3403 3610/3177/3226
f 3697/3355/3402 1680/3354/3401 3700/3357/3404 2355/3356/3403
f 1681/3358/3405 3699/3359/3406 2355/3356/3403 3700/3357/3404
f 3699/3359/3406 1636/3178/3227 3610/3177/3226 2355/3356/3403
f 1636/3178/3227 3699/3359/3406 2356/3360/3407 3612/3181/3230
f 3699/3359/3406 1681/3358/3405 3702/3361/3408 2356/3360/3407
f 1682/3362/3409 3701/3363/3410 2356/3360/3407 3702/3361/3408
f 3701/3363/3410 1637/3182/3231 3612/3181/3230 2356/3360/3407
f 1637/3182/3231 3701/3363/3410 2357/3364/3411 3614/3185/3234
f 3701/3363/3410 1682/3362/3409 3704/3365/3412 2357/3364/3411
f 1683/3366/3413 3703/3367/3414 2357/3364/3411 3704/3365/3412
f 3703/3367/3414 1638/3186/3235 3614/3185/3234 2357/3364/3411
f 1638/3186/3235 3703/3367/3414 2358/3368/3415 3616/3189/3238
f 3703/3367/3414 1683/3366/3413 3706/3369/3416 2358/3368/3415
f 1684/3370/3417 3705/3371/3418 2358/3368/3415 3706/3369/3416
f 3705/3371/3418 1639/3190/3239 3616/3189/3238 2358/3368/3415
f 1639/3190/3239 3705/3371/3418 2359/3372/3419 3618/3193/3242
f 3705/3371/3418 1684/3370/3417 3708/3373/3420 2359/3372/3419
f 1685/3374/3421 3707/3375/3422 2359/3372/3419 3708/3373/3420
f 3707/3375/3422 1640/3194/3243 3618/3193/3242 2359/3372/3419
f 1640/3194/3243 3707/3375/3422 2360/3376/3423 3620/3197/3246
f 3707/3375/3422 1685/3374/3421 3710/3377/3424 2360/3376/3423
f 1686/3378/3425 3709/3379/3426 2360/3376/3423 3710/3377/3424
f 3709/3379/3426 1641/3198/3247 3620/3197/3246 2360/3376/3423
f 1641/3198/3247 3709/3379/3426 2361/3380/3427 3621/3201/3250
f 3709/3379/3426 1686/3378/3425 3711/3381/3428 2361/3380/3427
f 1642/3204/3253 3712/3382/3429 2362/3383/3430 3624/3205/3254
f 3712/3382/3429 1687/3384/3431 3714/3385/3432 2362/3383/3430
f 1688/3386/3433 3713/3387/3434 2362/3383/3430 3714/3385/3432
f 3713/3387/3434 1643/3206/3255 3624/3205/3254 2362/3383/3430
f 1643/3206/3255 3713/3387/3434 2363/3388/3435 3626/3209/3258
f 3713/3387/3434 1688/3386/3433 3716/3389/3436 2363/3388/3435
f 1689/3390/3437 3715/3391/3438 2363/3388/3435 3716/3389/3436
f 3715/3391/3438 1644/3210/3259 3626/3209/3258 2363/3388/3435
f 1644/3210/3259 3715/3391/3438 2364/3392/3439 3628/3213/3262
f 3715/3391/3438 1689/3390/3437 3718/3393/3440 2364/3392/3439
f 1690/3394/3441 3717/3395/3442 2364/3392/3439 3718/3393/3440
f 3717/3395/3442 1645/3214/3263 3628/3213/3262 2364/3392/3439
f 1645/3214/3263 3717/3395/3442 2365/3396/3443 3630/3217/3266
f 3717/3395/3442 1690/3394/3441 3720/3397/3444 2365/3396/3443
f 1691/3398/3445 3719/3399/3446 2365/3396/3443 3720/3397/3444
f 3719/3399/3446 1646/3218/3267 3630/3217/3266 2365/3396/3443
f 1646/3218/3267 3719/3399/3446 2366/3400/3447 3632/3221/3270
f 3719/3399/3446 1691/3398/3445 3722/3401/3448 2366/3400/3447
f 1692/3402/3449 3721/3403/3450 2366/3400/3447 3722/3401/3448
f 3721/3403/3450 1647/3222/3271 3632/3221/3270 2366/3400/3447
f 1647/3222/3271 3721/3403/3450 2367/3404/3451 3634/3225/3274
f 3721/3403/3450 1692/3402/3449 3724/3405/3452 2367/3404/3451
f 1693/3406/3453 3723/3407/3454 2367/3404/3451 3724/3405/3452
f 3723/3407/3454 1648/3226/3275 3634/3225/3274 2367/3404/3451
f 1648/3226/3275 3723/3407/3454 2368/3408/3455 3636/3229/3278
f 3723/3407/3454 1693/3406/3453 3726/3409/3456 2368/3408/3455
f 1694/3410/3457 3725/3411/3458 2368/3408/3455 3726/3409/3456
f 3725/3411/3458 1649/3230/3279 3636/3229/3278 2368/3408/3455
f 1649/3230/3279 3725/3411/3458 2369/3412/3459 3638/3233/3282
f 3725/3411/3458 1694/3410/3457 3728/3413/3460 2369/3412/3459
f 1695/3414/3461 3727/3415/3462 2369/3412/3459 3728/3413/3460
f 3727/3415/3462 1650/3234/3283 3638/3233/3282 2369/3412/3459
f 1650/3234/3283 3727/3415/3462 2370/3416/3463 3640/3237/3286
f 3727/3415/3462 1695/3414/3461 3730/3417/3464 2370/3416/3463
f 1696/3418/3465 3729/3419/3466 2370/3416/3463 3730/3417/3464
f 3729/3419/3466 1651/3238/3287 3640/3237/3286 2370/3416/3463
f 1651/3238/3287 3729/3419/3466 2371/3420/3467 3642/3241/3290
f 3729/3419/3466 1696/3418/3465 3732/3421/3468 2371/3420/3467
f 1697/3422/3469 3731/3423/3470 2371/3420/3467 3732/3421/3468
f 3731/3423/3470 1652/3242/3291 3642/3241/3290 2371/3420/3467
f 1652/3242/3291 3731/3423/3470 2372/3424/3471 3644/3245/3294
f 3731/3423/3470 1697/3422/3469 3734/3425/3472 2372/3424/3471
f 1698/3426/3473 3733/3427/3474 2372/3424/3471 3734/3425/3472
f 3733/3427/3474 1653/3246/3295 3644/3245/3294 2372/3424/3471
f 1653/3246/3295 3733/3427/3474 2373/3428/3475 3646/3249/3298
f 3733/3427/3474 1698/3426/3473 3736/3429/3476 2373/3428/3475
f 1699/3430/3477 3735/3431/3478 2373/3428/3475 3736/3429/3476
f 3735/3431/3478 1654/3250/3299 3646/3249/3298 2373/3428/3475
f 1654/3250/3299 3735/3431/3478 2374/3432/3479 3648/3253/3302
f 3735/3431/3478 1699/3430/3477 3738/1322/3480 2374/3432/3479
f 1700/1323/3481 3737/3433/3482 2374/3432/3479 3738/1322/3480
f 3737/3433/3482 1655/3254/3303 3648/3253/3302 2374/3432/3479
f 1655/3254/3303 3737/3433/3482 2375/3434/3483 3650/3257/3306
f 3737/3433/3482 1700/1323/3481 3740/1326/3484 2375/3434/3483
f 1701/3435/3485 3739/3436/3486 2375/3434/3483 3740/1326/3484
f 3739/3436/3486 1656/3258/3307 3650/3257/3306 2375/3434/3483
f 1656/3258/3307 3739/3436/3486 2376/3437/3487 3652/3261/3310
f 3739/3436/3486 1701/3435/3485 3742/3438/3488 2376/3437/3487
f 1702/3439/3489 3741/3440/3490 2376/3437/3487 3742/3438/3488
f 3741/3440/3490 1657/3262/3311 3652/3261/3310 2376/3437/3487
f 1657/3262/3311 3741/3440/3490 2377/3441/3491 3654/3265/3314
f 3741/3440/3490 1702/3439/3489 3744/3442/3492 2377/3441/3491
f 1703/3443/3493 3743/3444/3494 2377/3441/3491 3744/3442/3492
f 3743/3444/3494 1658/3266/3315 3654/3265/3314 2377/3441/3491
f 1658/3266/3315 3743/3444/3494 2378/3445/3495 3656/3269/3318
f 3743/3444/3494 1703/3443/3493 3746/3446/3496 2378/3445/3495
f 1704/3447/3497 3745/3448/3498 2378/3445/3495 3746/3446/3496
f 3745/3448/3498 1659/3270/3319 3656/3269/3318 2378/3445/3495
f 1659/3270/3319 3745/3448/3498 2379/3449/3499 3658/3273/3322
f 3745/3448/3498 1704/3447/3497 3748/3450/3500 2379/3449/3499
f 1705/3451/3501 3747/3452/3502 2379/3449/3499 3748/3450/3500
f 3747/3452/3502 1660/3274/3323 3658/3273/3322 2379/3449/3499
f 1660/3274/3323 3747/3452/3502 2380/1525/3503 3660/3277/3326
f 3747/3452/3502 1705/3451/3501 3750/1346/3504 2380/1525/3503
f 1706/1347/3505 3749/1528/3506 2380/1525/3503 3750/1346/3504
f 3749/1528/3506 1661/3278/3327 3660/3277/3326 2380/1525/3503
f 1661/3278/3327 3749/1528/3506 2381/3453/3507 3662/3281/3330
f 3749/1528/3506 1706/1347/3505 3752/3454/3508 2381/3453/3507
f 1707/3455/3509 3751/3456/3510 2381/3453/3507 3752/3454/3508
f 3751/3456/3510 1662/3282/3331 3662/3281/3330 2381/3453/3507
f 1662/3282/3331 3751/3456/3510 2382/3457/3511 3664/3285/3334
f 3751/3456/3510 1707/3455/3509 3754/3458/3512 2382/3457/3511
f 1708/3459/3476 3753/3460/3475 2382/3457/3511 3754/3458/3512
f 3753/3460/3475 1663/3286/3298 3664/3285/3334 2382/3457/3511
f 1663/3286/3298 3753/3460/3475 2383/3461/3513 3666/3289/3336
f 3753/3460/3475 1708/3459/3476 3756/3462/3514 2383/3461/3513
f 1709/3463/3515 3755/3464/3516 2383/3461/3513 3756/3462/3514
f 3755/3464/3516 1664/3290/3337 3666/3289/3336 2383/3461/3513
f 1664/3290/3337 3755/3464/3516 2384/3465/3517 3668/3293/3340
f 3755/3464/3516 1709/3463/3515 3758/3466/3518 2384/3465/3517
f 1710/3467/3519 3757/3468/3520 2384/3465/3517 3758/3466/3518
f 3757/3468/3520 1665/3294/3341 3668/3293/3340 2384/3465/3517
f 1665/3294/3341 3757/3468/3520 2385/3469/3521 3670/3297/3344
f 3757/3468/3520 1710/3467/3519 3760/3470/3522 2385/3469/3521
f 1711/3471/3523 3759/3472/3524 2385/3469/3521 3760/3470/3522
f 3759/3472/3524 1666/3298/3345 3670/3297/3344 2385/3469/3521
f 1666/3298/3345 3759/3472/3524 2386/3473/3525 3672/3301/3348
f 3759/3472/3524 1711/3471/3523 3762/3474/3526 2386/3473/3525
f 1712/3475/3527 3761/3476/3528 2386/3473/3525 3762/3474/3526
f 3761/3476/3528 1667/3302/3349 3672/3301/3348 2386/3473/3525
f 1667/3302/3349 3761/3476/3528 2387/3477/3529 3674/3305/3352
f 3761/3476/3528 1712/3475/3527 3764/3478/3530 2387/3477/3529
f 1713/3479/3531 3763/3480/3532 2387/3477/3529 3764/3478/3530
f 3763/3480/3532 1668/3306/3353 3674/3305/3352 2387/3477/3529
f 1668/3306/3353 3763/3480/3532 2388/3481/3533 3676/3309/3356
f 3763/3480/3532 1713/3479/3531 3766/3482/3534 2388/3481/3533
f 1714/3483/3535 3765/3484/3536 2388/3481/3533 3766/3482/3534
f 3765/3484/3536 1669/3310/3357 3676/3309/3356 2388/3481/3533
f 1669/3310/3357 3765/3484/3536 2389/3485/3537 3678/3313/3360
f 3765/3484/3536 1714/3483/3535 3768/3486/3538 2389/3485/3537
f 1715/3487/3539 3767/3488/3540 2389/3485/3537 3768/3486/3538
f 3767/3488/3540 1670/3314/3361 3678/3313/3360 2389/3485/3537
f 1670/3314/3361 3767/3488/3540 2390/3489/3541 3680/3317/3364
f 3767/3488/3540 1715/3487/3539 3770/3490/3542 2390/3489/3541
f 1716/3491/3543 3769/3492/3544 2390/3489/3541 3770/3490/3542
f 3769/3492/3544 1671/3318/3365 3680/3317/3364 2390/3489/3541
f 1671/3318/3365 3769/3492/3544 2391/3493/3545 3682/3321/3368
f 3769/3492/3544 1716/3491/3543 3772/3494/3546 2391/3493/3545
f 1717/3495/3547 3771/3496/3548 2391/3493/3545 3772/3494/3546
f 3771/3496/3548 1672/3322/3369 3682/3321/3368 2391/3493/3545
f 1672/3322/3369 3771/3496/3548 2392/3497/3549 3684/3325/3372
f 3771/3496/3548 1717/3495/3547 3774/3498/3550 2392/3497/3549
f 1718/3499/3551 3773/3500/3552 2392/3497/3549 3774/3498/3550
f 3773/3500/3552 1673/3326/3373 3684/3325/3372 2392/3497/3549
f 1673/3326/3373 3773/3500/3552 2393/3501/3553 3686/3329/3376
f 3773/3500/3552 1718/3499/3551 3776/3502/3554 2393/3501/3553
f 1719/3503/3555 3775/3504/3556 2393/3501/3553 3776/3502/3554
f 3775/3504/3556 1674/3330/3377 3686/3329/3376 2393/3501/3553
f 1674/3330/3377 3775/3504/3556 2394/3505/3557 3688/3333/3380
f 3775/3504/3556 1719/3503/3555 3778/3506/3558 2394/3505/3557
f 1720/3507/3559 3777/3508/3560 2394/3505/3557 3778/3506/3558
f 3777/3508/3560 1675/3334/3381 3688/3333/3380 2394/3505/3557
f 1675/3334/3381 3777/3508/3560 2395/3509/3561 3690/3337/3384
f 3777/3508/3560 1720/3507/3559 3780/3510/3562 2395/3509/3561
f 1721/3511/3563 3779/3512/3564 2395/3509/3561 3780/3510/3562
f 3779/3512/3564 1676/3338/3385 3690/3337/3384 2395/3509/3561
f 1676/3338/3385 3779/3512/3564 2396/3513/3565 3692/3341/3388
f 3779/3512/3564 1721/3511/3563 3782/3514/3566 2396/3513/3565
f 1722/3515/3567 3781/3516/3568 2396/3513/3565 3782/3514/3566
f 3781/3516/3568 1677/3342/3389 3692/3341/3388 2396/3513/3565
f 1677/3342/3389 3781/3516/3568 2397/3517/3569 3694/3345/3392
f 3781/3516/3568 1722/3515/3567 3784/3518/3570 2397/3517/3569
f 1723/3519/3571 3783/3520/3572 2397/3517/3569 3784/3518/3570
f 3783/3520/3572 1678/3346/3393 3694/3345/3392 2397/3517/3569
f 1678/3346/3393 3783/3520/3572 2398/3521/3573 3696/3349/3396
f 3783/3520/3572 1723/3519/3571 3786/3522/3574 2398/3521/3573
f 1724/3523/3575 3785/3524/3576 2398/3521/3573 3786/3522/3574
f 3785/3524/3576 1679/3350/3397 3696/3349/3396 2398/3521/3573
f 1679/3350/3397 3785/3524/3576 2399/3525/3577 3698/3353/3400
f 3785/3524/3576 1724/3523/3575 3788/3526/3578 2399/3525/3577
f 1725/3527/3579 3787/3528/3580 2399/3525/3577 3788/3526/3578
f 3787/3528/3580 1680/3354/3401 3698/3353/3400 2399/3525/3577
f 1680/3354/3401 3787/3528/3580 2400/3529/3581 3700/3357/3404
f 3787/3528/3580 1725/3527/3579 3790/3530/3582 2400/3529/3581
f 1726/3531/3583 3789/3532/3584 2400/3529/3581 3790/3530/3582
f 3789/3532/3584 1681/3358/3405 3700/3357/3404 2400/3529/3581
f 1681/3358/3405 3789/3532/3584 2401/3533/3585 3702/3361/3408
f 3789/3532/3584 1726/3531/3583 3792/3534/3586 2401/3533/3585
f 1727/3535/3587 3791/3536/3588 2401/3533/3585 3792/3534/3586
f 3791/3536/3588 1682/3362/3409 3702/3361/3408 2401/3533/3585
f 1682/3362/3409 3791/3536/3588 2402/3537/3589 3704/3365/3412
f 3791/3536/3588 1727/3535/3587 3794/3538/3590 2402/3537/3589
f 1728/3539/3591 3793/3540/3592 2402/3537/3589 3794/3538/3590
f 3793/3540/3592 1683/3366/3413 3704/3365/3412 2402/3537/3589
f 1683/3366/3413 3793/3540/3592 2403/3541/3593 3706/3369/3416
f 3793/3540/3592 1728/3539/3591 3796/3542/3594 2403/3541/3593
f 1729/3543/3595 3795/3544/3596 2403/3541/3593 3796/3542/3594
f 3795/3544/3596 1684/3370/3417 3706/3369/3416 2403/3541/3593
f 1684/3370/3417 3795/3544/3596 2404/3545/3597 3708/3373/3420
f 3795/3544/3596 1729/3543/3595 3798/3546/3598 2404/3545/3597
f 1730/3547/3599 3797/3548/3600 2404/3545/3597 3798/3546/3598
f 3797/3548/3600 1685/3374/3421 3708/3373/3420 2404/3545/3597
f 1685/3374/3421 3797/3548/3600 2405/3549/3601 3710/3377/3424
f 3797/3548/3600 1730/3547/3599 3800/3550/3602 2405/3549/3601
f 1731/3551/3603 3799/3552/3604 2405/3549/3601 3800/3550/3602
f 3799/3552/3604 1686/3378/3425 3710/3377/3424 2405/3549/3601
f 1686/3378/3425 3799/3552/3604 2406/3553/3605 3711/3381/3428
f 3799/3552/3604 1731/3551/3603 3801/3554/3606 2406/3553/3605
f 1687/3384/3431 3802/3555/3607 2407/3556/3608 3714/3385/3432
f 3802/3555/3607 1732/3557/3609 3804/1006/3610 2407/3556/3608
f 1733/3558/3611 3803/3559/3612 2407/3556/3608 3804/1006/3610
f 3803/3559/3612 1688/3386/3433 3714/3385/3432 2407/3556/3608
f 1688/3386/3433 3803/3559/3612 2408/3560/3613 3716/3389/3436
f 3803/3559/3612 1733/3558/3611 3806/3561/3614 2408/3560/3613
f 1734/1013/3615 3805/3562/3616 2408/3560/3613 3806/3561/3614
f 3805/3562/3616 1689/3390/3437 3716/3389/3436 2408/3560/3613
f 1689/3390/3437 3805/3562/3616 2409/3563/3617 3718/3393/3440
f 3805/3562/3616 1734/1013/3615 3808/1018/3618 2409/3563/3617
f 1735/3564/3619 3807/3565/3620 2409/3563/3617 3808/1018/3618
f 3807/3565/3620 1690/3394/3441 3718/3393/3440 2409/3563/3617
f 1690/3394/3441 3807/3565/3620 2410/3566/3621 3720/3397/3444
f 3807/3565/3620 1735/3564/3619 3810/3567/3622 2410/3566/3621
f 1736/1025/3623 3809/3568/3624 2410/3566/3621 3810/3567/3622
f 3809/3568/3624 1691/3398/3445 3720/3397/3444 2410/3566/3621
f 1691/3398/3445 3809/3568/3624 2411/3569/3625 3722/3401/3448
f 3809/3568/3624 1736/1025/3623 3812/3570/3626 2411/3569/3625
f 1737/1031/3627 3811/3571/3628 2411/3569/3625 3812/3570/3626
f 3811/3571/3628 1692/3402/3449 3722/3401/3448 2411/3569/3625
f 1692/3402/3449 3811/3571/3628 2412/3572/3629 3724/3405/3452
f 3811/3571/3628 1737/1031/3627 3814/1036/3630 2412/3572/3629
f 1738/1037/3631 3813/3573/3632 2412/3572/3629 3814/1036/3630
f 3813/3573/3632 1693/3406/3453 3724/3405/3452 2412/3572/3629
f 1693/3406/3453 3813/3573/3632 2413/3574/3633 3726/3409/3456
f 3813/3573/3632 1738/1037/3631 3816/1042/3634 2413/3574/3633
f 1739/3575/3635 3815/3576/3636 2413/3574/3633 3816/1042/3634
f 3815/3576/3636 1694/3410/3457 3726/3409/3456 2413/3574/3633
f 1694/3410/3457 3815/3576/3636 2414/3577/3637 3728/3413/3460
f 3815/3576/3636 1739/3575/3635 3818/3578/3638 2414/3577/3637
f 1740/3579/3639 3817/3580/3640 2414/3577/3637 3818/3578/3638
f 3817/3580/3640 1695/3414/3461 3728/3413/3460 2414/3577/3637
f 1695/3414/3461 3817/3580/3640 2415/3581/3641 3730/3417/3464
f 3817/3580/3640 1740/3579/3639 3820/1054/3642 2415/3581/3641
f 1741/3582/3643 3819/3583/3644 2415/3581/3641 3820/1054/3642
f 3819/3583/3644 1696/3418/3465 3730/3417/3464 2415/3581/3641
f 1696/3418/3465 3819/3583/3644 2416/3584/3645 3732/3421/3468
f 3819/3583/3644 1741/3582/3643 3822/1060/3646 2416/3584/3645
f 1742/3585/3647 3821/3586/3648 2416/3584/3645 3822/1060/3646
f 3821/3586/3648 1697/3422/3469 3732/3421/3468 2416/3584/3645
f 1697/3422/3469 3821/3586/3648 2417/3587/3649 3734/3425/3472
f 3821/3586/3648 1742/3585/3647 3824/3588/3650 2417/3587/3649
f 1743/1067/3651 3823/3589/3652 2417/3587/3649 3824/3588/3650
f 3823/3589/3652 1698/3426/3473 3734/3425/3472 2417/3587/3649
f 1698/3426/3473 3823/3589/3652 2418/3590/3653 3736/3429/3476
f 3823/3589/3652 1743/1067/3651 3826/3591/3654 2418/3590/3653
f 1744/3592/3655 3825/3593/3656 2418/3590/3653 3826/3591/3654
f 3825/3593/3656 1699/3430/3477 3736/3429/3476 2418/3590/3653
f 1699/3430/3477 3825/3593/3656 2419/3594/3657 3738/1322/3480
f 3825/3593/3656 1744/3592/3655 3828/1078/3658 2419/3594/3657
f 1745/1079/3659 3827/1324/3660 2419/3594/3657 3828/1078/3658
f 3827/1324/3660 1700/1323/3481 3738/1322/3480 2419/3594/3657
f 1700/1323/3481 3827/1324/3660 2420/3595/3661 3740/1326/3484
f 3827/1324/3660 1745/1079/3659 3830/3596/3662 2420/3595/3661
f 1746/1085/3663 3829/1328/3664 2420/3595/3661 3830/3596/3662
f 3829/1328/3664 1701/3435/3485 3740/1326/3484 2420/3595/3661
f 1701/3435/3485 3829/1328/3664 2421/3597/3665 3742/3438/3488
f 3829/1328/3664 1746/1085/3663 3832/3598/3666 2421/3597/3665
f 1747/3599/3667 3831/1332/3668 2421/3597/3665 3832/3598/3666
f 3831/1332/3668 1702/3439/3489 3742/3438/3488 2421/3597/3665
f 1702/3439/3489 3831/1332/3668 2422/3600/3669 3744/3442/3492
f 3831/1332/3668 1747/3599/3667 3834/3601/3670 2422/3600/3669
f 1748/3602/3671 3833/3603/3672 2422/3600/3669 3834/3601/3670
f 3833/3603/3672 1703/3443/3493 3744/3442/3492 2422/3600/3669
f 1703/3443/3493 3833/3603/3672 2423/1337/3673 3746/3446/3496
f 3833/3603/3672 1748/3602/3671 3836/1102/3674 2423/1337/3673
f 1749/3604/3675 3835/3605/3676 2423/1337/3673 3836/1102/3674
f 3835/3605/3676 1704/3447/3497 3746/3446/3496 2423/1337/3673
f 1704/3447/3497 3835/3605/3676 2424/3606/3677 3748/3450/3500
f 3835/3605/3676 1749/3604/3675 3838/3607/3678 2424/3606/3677
f 1750/3608/3679 3837/3609/3680 2424/3606/3677 3838/3607/3678
f 3837/3609/3680 1705/3451/3501 3748/3450/3500 2424/3606/3677
f 1705/3451/3501 3837/3609/3680 2425/3610/3681 3750/1346/3504
f 3837/3609/3680 1750/3608/3679 3840/1114/3682 2425/3610/3681
f 1751/3611/3683 3839/1348/3684 2425/3610/3681 3840/1114/3682
f 3839/1348/3684 1706/1347/3505 3750/1346/3504 2425/3610/3681
f 1706/1347/3505 3839/1348/3684 2426/3612/3685 3752/3454/3508
f 3839/1348/3684 1751/3611/3683 3842/3613/3686 2426/3612/3685
f 1752/3614/3687 3841/3615/3688 2426/3612/3685 3842/3613/3686
f 3841/3615/3688 1707/3455/3509 3752/3454/3508 2426/3612/3685
f 1707/3455/3509 3841/3615/3688 2427/3616/3689 3754/3458/3512
f 3841/3615/3688 1752/3614/3687 3844/3617/3690 2427/3616/3689
f 1753/3618/3654 3843/3619/3653 2427/3616/3689 3844/3617/3690
f 3843/3619/3653 1708/3459/3476 3754/3458/3512 2427/3616/3689
f 1708/3459/3476 3843/3619/3653 2428/1357/3691 3756/3462/3514
f 3843/3619/3653 1753/3618/3654 3846/3620/3692 2428/1357/3691
f 1754/3621/3693 3845/3622/3694 2428/1357/3691 3846/3620/3692
f 3845/3622/3694 1709/3463/3515 3756/3462/3514 2428/1357/3691
f 1709/3463/3515 3845/3622/3694 2429/3623/3695 3758/3466/3518
f 3845/3622/3694 1754/3621/3693 3848/3624/3696 2429/3623/3695
f 1755/1139/3697 3847/1364/3698 2429/3623/3695 3848/3624/3696
f 3847/1364/3698 1710/3467/3519 3758/3466/3518 2429/3623/3695
f 1710/3467/3519 3847/1364/3698 2430/3625/3699 3760/3470/3522
f 3847/1364/3698 1755/1139/3697 3850/3626/3700 2430/3625/3699
f 1756/3627/3701 3849/3628/3702 2430/3625/3699 3850/3626/3700
f 3849/3628/3702 1711/3471/3523 3760/3470/3522 2430/3625/3699
f 1711/3471/3523 3849/3628/3702 2431/3629/3703 3762/3474/3526
f 3849/3628/3702 1756/3627/3701 3852/3630/3704 2431/3629/3703
f 1757/3631/3705 3851/3632/3706 2431/3629/3703 3852/3630/3704
f 3851/3632/3706 1712/3475/3527 3762/3474/3526 2431/3629/3703
f 1712/3475/3527 3851/3632/3706 2432/3633/3707 3764/3478/3530
f 3851/3632/3706 1757/3631/3705 3854/3634/3708 2432/3633/3707
f 1758/1157/3709 3853/3635/3710 2432/3633/3707 3854/3634/3708
f 3853/3635/3710 1713/3479/3531 3764/3478/3530 2432/3633/3707
f 1713/3479/3531 3853/3635/3710 2433/3636/3711 3766/3482/3534
f 3853/3635/3710 1758/1157/3709 3856/3637/3712 2433/3636/3711
f 1759/3638/3713 3855/3639/3714 2433/3636/3711 3856/3637/3712
f 3855/3639/3714 1714/3483/3535 3766/3482/3534 2433/3636/3711
f 1714/3483/3535 3855/3639/3714 2434/3640/3715 3768/3486/3538
f 3855/3639/3714 1759/3638/3713 3858/3641/3716 2434/3640/3715
f 1760/3642/3717 3857/3643/3718 2434/3640/3715 3858/3641/3716
f 3857/3643/3718 1715/3487/3539 3768/3486/3538 2434/3640/3715
f 1715/3487/3539 3857/3643/3718 2435/3644/3719 3770/3490/3542
f 3857/3643/3718 1760/3642/3717 3860/3645/3720 2435/3644/3719
f 1761/3646/3721 3859/3647/3722 2435/3644/3719 3860/3645/3720
f 3859/3647/3722 1716/3491/3543 3770/3490/3542 2435/3644/3719
f 1716/3491/3543 3859/3647/3722 2436/3648/3723 3772/3494/3546
f 3859/3647/3722 1761/3646/3721 3862/3649/3724 2436/3648/3723
f 1762/3650/3725 3861/3651/3726 2436/3648/3723 3862/3649/3724
f 3861/3651/3726 1717/3495/3547 3772/3494/3546 2436/3648/3723
f 1717/3495/3547 3861/3651/3726 2437/3652/3727 3774/3498/3550
f 3861/3651/3726 1762/3650/3725 3864/3653/3728 2437/3652/3727
f 1763/3654/3729 3863/3655/3730 2437/3652/3727 3864/3653/3728
f 3863/3655/3730 1718/3499/3551 3774/3498/3550 2437/3652/3727
f 1718/3499/3551 3863/3655/3730 2438/3656/3731 3776/3502/3554
f 3863/3655/3730 1763/3654/3729 3866/3657/3732 2438/3656/3731
f 1764/3658/3733 3865/3659/3734 2438/3656/3731 3866/3657/3732
f 3865/3659/3734 1719/3503/3555 3776/3502/3554 2438/3656/3731
f 1719/3503/3555 3865/3659/3734 2439/3660/3735 3778/3506/3558
f 3865/3659/3734 1764/3658/3733 3868/3661/3736 2439/3660/3735
f 1765/3662/3737 3867/3663/3738 2439/3660/3735 3868/3661/3736
f 3867/3663/3738 1720/3507/3559 3778/3506/3558 2439/3660/3735
f 1720/3507/3559 3867/3663/3738 2440/3664/3739 3780/3510/3562
f 3867/3663/3738 1765/3662/3737 3870/3665/3740 2440/3664/3739
f 1766/3666/3741 3869/3667/3742 2440/3664/3739 3870/3665/3740
f 3869/3667/3742 1721/3511/3563 3780/3510/3562 2440/3664/3739
f 1721/3511/3563 3869/3667/3742 2441/3668/3743 3782/3514/3566
f 3869/3667/3742 1766/3666/3741 3872/3669/3744 2441/3668/3743
f 1767/3670/3745 3871/3671/3746 2441/3668/3743 3872/3669/3744
f 3871/3671/3746 1722/3515/3567 3782/3514/3566 2441/3668/3743
f 1722/3515/3567 3871/3671/3746 2442/3672/3747 3784/3518/3570
f 3871/3671/3746 1767/3670/3745 3874/3673/3748 2442/3672/3747
f 1768/3674/3749 3873/3675/3750 2442/3672/3747 3874/3673/3748
f 3873/3675/3750 1723/3519/3571 3784/3518/3570 2442/3672/3747
f 1723/3519/3571 3873/3675/3750 2443/3676/3751 3786/3522/3574
f 3873/3675/3750 1768/3674/3749 3876/3677/3752 2443/3676/3751
f 1769/3678/3753 3875/3679/3754 2443/3676/3751 3876/3677/3752
f 3875/3679/3754 1724/3523/3575 3786/3522/3574 2443/3676/3751
f 1724/3523/3575 3875/3679/3754 2444/3680/3755 3788/3526/3578
f 3875/3679/3754 1769/3678/3753 3878/3681/3756 2444/3680/3755
f 1770/3682/3757 3877/3683/3758 2444/3680/3755 3878/3681/3756
f 3877/3683/3758 1725/3527/3579 3788/3526/3578 2444/3680/3755
f 1725/3527/3579 3877/3683/3758 2445/3684/3759 3790/3530/3582
f 3877/3683/3758 1770/3682/3757 3880/3685/3760 2445/3684/3759
f 1771/1235/3761 3879/3686/3762 2445/3684/3759 3880/3685/3760
f 3879/3686/3762 1726/3531/3583 3790/3530/3582 2445/3684/3759
f 1726/3531/3583 3879/3686/3762 2446/3687/3763 3792/3534/3586
f 3879/3686/3762 1771/1235/3761 3882/3688/3764 2446/3687/3763
f 1772/3689/3765 3881/3690/3766 2446/3687/3763 3882/3688/3764
f 3881/3690/3766 1727/3535/3587 3792/3534/3586 2446/3687/3763
f 1727/3535/3587 3881/3690/3766 2447/3691/3767 3794/3538/3590
f 3881/3690/3766 1772/3689/3765 3884/3692/3768 2447/3691/3767
f 1773/3693/3769 3883/3694/3770 2447/3691/3767 3884/3692/3768
f 3883/3694/3770 1728/3539/3591 3794/3538/3590 2447/3691/3767
f 1728/3539/3591 3883/3694/3770 2448/3695/3771 3796/3542/3594
f 3883/3694/3770 1773/3693/3769 3886/3696/3772 2448/3695/3771
f 1774/3697/3773 3885/3698/3774 2448/3695/3771 3886/3696/3772
f 3885/3698/3774 1729/3543/3595 3796/3542/3594 2448/3695/3771
f 1729/3543/3595 3885/3698/3774 2449/3699/3775 3798/3546/3598
f 3885/3698/3774 1774/3697/3773 3888/3700/3776 2449/3699/3775
f 1775/3701/3777 3887/3702/3778 2449/3699/3775 3888/3700/3776
f 3887/3702/3778 1730/3547/3599 3798/3546/3598 2449/3699/3775
f 1730/3547/3599 3887/3702/3778 2450/3703/3779 3800/3550/3602
f 3887/3702/3778 1775/3701/3777 3890/3704/3780 2450/3703/3779
f 1776/3705/3781 3889/3706/3782 2450/3703/3779 3890/3704/3780
f 3889/3706/3782 1731/3551/3603 3800/3550/3602 2450/3703/3779
f 1731/3551/3603 3889/3706/3782 2451/3707/3783 3801/3554/3606
f 3889/3706/3782 1776/3705/3781 3891/3708/3784 2451/3707/3783
f 1732/3557/3609 3892/1002/3785 2452/1003/3786 3804/1006/3610
f 3892/1002/3785 1057/1001/1026 2499/1004/1029 2452/1003/3786
f 1058/1009/1034 3893/3709/3787 2452/1003/3786 2499/1004/1029
f 3893/3709/3787 1733/3558/3611 3804/1006/3610 2452/1003/3786
f 1733/3558/3611 3893/3709/3787 2453/1010/3788 3806/3561/3614
f 3893/3709/3787 1058/1009/1034 2502/1011/1036 2453/1010/3788
f 1059/1015/1040 3894/3710/3789 2453/1010/3788 2502/1011/1036
f 3894/3710/3789 1734/1013/3615 3806/3561/3614 2453/1010/3788
f 1734/1013/3615 3894/3710/3789 2454/3711/3790 3808/1018/3618
f 3894/3710/3789 1059/1015/1040 2505/1017/1042 2454/3711/3790
f 1060/1021/1046 3895/1020/3791 2454/3711/3790 2505/1017/1042
f 3895/1020/3791 1735/3564/3619 3808/1018/3618 2454/3711/3790
f 1735/3564/3619 3895/1020/3791 2455/1022/3792 3810/3567/3622
f 3895/1020/3791 1060/1021/1046 2508/1023/1048 2455/1022/3792
f 1061/1027/1052 3896/3712/3793 2455/1022/3792 2508/1023/1048
f 3896/3712/3793 1736/1025/3623 3810/3567/3622 2455/1022/3792
f 1736/1025/3623 3896/3712/3793 2456/1028/3794 3812/3570/3626
f 3896/3712/3793 1061/1027/1052 2511/1029/1054 2456/1028/3794
f 1062/1033/1058 3897/3713/3795 2456/1028/3794 2511/1029/1054
f 3897/3713/3795 1737/1031/3627 3812/3570/3626 2456/1028/3794
f 1737/1031/3627 3897/3713/3795 2457/1034/3796 3814/1036/3630
f 3897/3713/3795 1062/1033/1058 2514/1035/1060 2457/1034/3796
f 1063/1039/1064 3898/3714/3797 2457/1034/3796 2514/1035/1060
f 3898/3714/3797 1738/1037/3631 3814/1036/3630 2457/1034/3796
f 1738/1037/3631 3898/3714/3797 2458/1040/3798 3816/1042/3634
f 3898/3714/3797 1063/1039/1064 2517/1041/1066 2458/1040/3798
f 1064/1045/1070 3899/3715/3799 2458/1040/3798 2517/1041/1066
f 3899/3715/3799 1739/3575/3635 3816/1042/3634 2458/1040/3798
f 1739/3575/3635 3899/3715/3799 2459/3716/3800 3818/3578/3638
f 3899/3715/3799 1064/1045/1070 2520/1047/1072 2459/3716/3800
f 1065/1051/1076 3900/3717/3801 2459/3716/3800 2520/1047/1072
f 3900/3717/3801 1740/3579/3639 3818/3578/3638 2459/3716/3800
f 1740/3579/3639 3900/3717/3801 2460/3718/3802 3820/1054/3642
f 3900/3717/3801 1065/1051/1076 2523/1053/1078 2460/3718/3802
f 1066/1057/1082 3901/3719/3803 2460/3718/3802 2523/1053/1078
f 3901/3719/3803 1741/3582/3643 3820/1054/3642 2460/3718/3802
f 1741/3582/3643 3901/3719/3803 2461/1058/3804 3822/1060/3646
f 3901/3719/3803 1066/1057/1082 2526/1059/1084 2461/1058/3804
f 1067/1063/1088 3902/1062/3805 2461/1058/3804 2526/1059/1084
f 3902/1062/3805 1742/3585/3647 3822/1060/3646 2461/1058/3804
f 1742/3585/3647 3902/1062/3805 2462/1064/3806 3824/3588/3650
f 3902/1062/3805 1067/1063/1088 2529/1065/1090 2462/1064/3806
f 1068/1069/1094 3903/3720/3807 2462/1064/3806 2529/1065/1090
f 3903/3720/3807 1743/1067/3651 3824/3588/3650 2462/1064/3806
f 1743/1067/3651 3903/3720/3807 2463/3721/3808 3826/3591/3654
f 3903/3720/3807 1068/1069/1094 2532/1071/1096 2463/3721/3808
f 1069/1075/1100 3904/3722/3809 2463/3721/3808 2532/1071/1096
f 3904/3722/3809 1744/3592/3655 3826/3591/3654 2463/3721/3808
f 1744/3592/3655 3904/3722/3809 2464/1076/3810 3828/1078/3658
f 3904/3722/3809 1069/1075/1100 2535/1077/1102 2464/1076/3810
f 1070/1081/1106 3905/1080/3811 2464/1076/3810 2535/1077/1102
f 3905/1080/3811 1745/1079/3659 3828/1078/3658 2464/1076/3810
f 1745/1079/3659 3905/1080/3811 2465/3723/3812 3830/3596/3662
f 3905/1080/3811 1070/1081/1106 2538/1083/1108 2465/3723/3812
f 1071/1087/1112 3906/1086/3813 2465/3723/3812 2538/1083/1108
f 3906/1086/3813 1746/1085/3663 3830/3596/3662 2465/3723/3812
f 1746/1085/3663 3906/1086/3813 2466/3724/3814 3832/3598/3666
f 3906/1086/3813 1071/1087/1112 2541/1089/1114 2466/3724/3814
f 1072/1093/1118 3907/1092/3815 2466/3724/3814 2541/1089/1114
f 3907/1092/3815 1747/3599/3667 3832/3598/3666 2466/3724/3814
f 1747/3599/3667 3907/1092/3815 2467/1094/3816 3834/3601/3670
f 3907/1092/3815 1072/1093/1118 2544/1095/1120 2467/1094/3816
f 1073/1099/1124 3908/3725/3817 2467/1094/3816 2544/1095/1120
f 3908/3725/3817 1748/3602/3671 3834/3601/3670 2467/1094/3816
f 1748/3602/3671 3908/3725/3817 2468/1100/3818 3836/1102/3674
f 3908/3725/3817 1073/1099/1124 2547/1101/1126 2468/1100/3818
f 1074/1105/1130 3909/1104/3819 2468/1100/3818 2547/1101/1126
f 3909/1104/3819 1749/3604/3675 3836/1102/3674 2468/1100/3818
f 1749/3604/3675 3909/1104/3819 2469/1106/3820 3838/3607/3678
f 3909/1104/3819 1074/1105/1130 2550/1107/1132 2469/1106/3820
f 1075/1111/1136 3910/1110/3821 2469/1106/3820 2550/1107/1132
f 3910/1110/3821 1750/3608/3679 3838/3607/3678 2469/1106/3820
f 1750/3608/3679 3910/1110/3821 2470/1112/3822 3840/1114/3682
f 3910/1110/3821 1075/1111/1136 2553/1113/1138 2470/1112/3822
f 1076/1117/1142 3911/1116/3823 2470/1112/3822 2553/1113/1138
f 3911/1116/3823 1751/3611/3683 3840/1114/3682 2470/1112/3822
f 1751/3611/3683 3911/1116/3823 2471/1118/3824 3842/3613/3686
f 3911/1116/3823 1076/1117/1142 2556/1119/1144 2471/1118/3824
f 1077/1123/1148 3912/1122/3825 2471/1118/3824 2556/1119/1144
f 3912/1122/3825 1752/3614/3687 3842/3613/3686 2471/1118/3824
f 1752/3614/3687 3912/1122/3825 2472/1124/3826 3844/3617/3690
f 3912/1122/3825 1077/1123/1148 2559/1125/1150 2472/1124/3826
f 1078/1129/1096 3913/3726/3808 2472/1124/3826 2559/1125/1150
f 3913/3726/3808 1753/3618/3654 3844/3617/3690 2472/1124/3826
f 1753/3618/3654 3913/3726/3808 2473/1130/3827 3846/3620/3692
f 3913/3726/3808 1078/1129/1096 2562/1131/1153 2473/1130/3827
f 1079/1135/1157 3914/1134/3828 2473/1130/3827 2562/1131/1153
f 3914/1134/3828 1754/3621/3693 3846/3620/3692 2473/1130/3827
f 1754/3621/3693 3914/1134/3828 2474/1136/3829 3848/3624/3696
f 3914/1134/3828 1079/1135/1157 2565/1137/1159 2474/1136/3829
f 1080/1141/1163 3915/1140/3830 2474/1136/3829 2565/1137/1159
f 3915/1140/3830 1755/1139/3697 3848/3624/3696 2474/1136/3829
f 1755/1139/3697 3915/1140/3830 2475/3727/3831 3850/3626/3700
f 3915/1140/3830 1080/1141/1163 2568/1143/1165 2475/3727/3831
f 1081/1147/1169 3916/3728/3832 2475/3727/3831 2568/1143/1165
f 3916/3728/3832 1756/3627/3701 3850/3626/3700 2475/3727/3831
f 1756/3627/3701 3916/3728/3832 2476/3729/3833 3852/3630/3704
f 3916/3728/3832 1081/1147/1169 2571/1149/1171 2476/3729/3833
f 1082/1153/1175 3917/3730/3834 2476/3729/3833 2571/1149/1171
f 3917/3730/3834 1757/3631/3705 3852/3630/3704 2476/3729/3833
f 1757/3631/3705 3917/3730/3834 2477/3731/3835 3854/3634/3708
f 3917/3730/3834 1082/1153/1175 2574/1155/1177 2477/3731/3835
f 1083/1159/1181 3918/3732/3836 2477/3731/3835 2574/1155/1177
f 3918/3732/3836 1758/1157/3709 3854/3634/3708 2477/3731/3835
f 1758/1157/3709 3918/3732/3836 2478/1160/3837 3856/3637/3712
f 3918/3732/3836 1083/1159/1181 2577/1161/1183 2478/1160/3837
f 1084/1165/1187 3919/3733/3838 2478/1160/3837 2577/1161/1183
f 3919/3733/3838 1759/3638/3713 3856/3637/3712 2478/1160/3837
f 1759/3638/3713 3919/3733/3838 2479/1166/3839 3858/3641/3716
f 3919/3733/3838 1084/1165/1187 2580/1167/1189 2479/1166/3839
f 1085/1171/1193 3920/3734/3840 2479/1166/3839 2580/1167/1189
f 3920/3734/3840 1760/3642/3717 3858/3641/3716 2479/1166/3839
f 1760/3642/3717 3920/3734/3840 2480/3735/3841 3860/3645/3720
f 3920/3734/3840 1085/1171/1193 2583/1173/1195 2480/3735/3841
f 1086/1177/1199 3921/1176/3842 2480/3735/3841 2583/1173/1195
f 3921/1176/3842 1761/3646/3721 3860/3645/3720 2480/3735/3841
f 1761/3646/3721 3921/1176/3842 2481/3736/3843 3862/3649/3724
f 3921/1176/3842 1086/1177/1199 2586/1179/1201 2481/3736/3843
f 1087/1183/1205 3922/3737/3844 2481/3736/3843 2586/1179/1201
f 3922/3737/3844 1762/3650/3725 3862/3649/3724 2481/3736/3843
f 1762/3650/3725 3922/3737/3844 2482/3738/3845 3864/3653/3728
f 3922/3737/3844 1087/1183/1205 2589/1185/1207 2482/3738/3845
f 1088/1189/1211 3923/3739/3846 2482/3738/3845 2589/1185/1207
f 3923/3739/3846 1763/3654/3729 3864/3653/3728 2482/3738/3845
f 1763/3654/3729 3923/3739/3846 2483/1190/3847 3866/3657/3732
f 3923/3739/3846 1088/1189/1211 2592/1191/1213 2483/1190/3847
f 1089/1195/1217 3924/3740/3848 2483/1190/3847 2592/1191/1213
f 3924/3740/3848 1764/3658/3733 3866/3657/3732 2483/1190/3847
f 1764/3658/3733 3924/3740/3848 2484/3741/3849 3868/3661/3736
f 3924/3740/3848 1089/1195/1217 2595/1197/1219 2484/3741/3849
f 1090/1201/1223 3925/3742/3850 2484/3741/3849 2595/1197/1219
f 3925/3742/3850 1765/3662/3737 3868/3661/3736 2484/3741/3849
f 1765/3662/3737 3925/3742/3850 2485/3743/3851 3870/3665/3740
f 3925/3742/3850 1090/1201/1223 2598/1203/1225 2485/3743/3851
f 1091/1207/1229 3926/3744/3852 2485/3743/3851 2598/1203/1225
f 3926/3744/3852 1766/3666/3741 3870/3665/3740 2485/3743/3851
f 1766/3666/3741 3926/3744/3852 2486/3745/3853 3872/3669/3744
f 3926/3744/3852 1091/1207/1229 2601/1209/1231 2486/3745/3853
f 1092/1213/1235 3927/3746/3854 2486/3745/3853 2601/1209/1231
f 3927/3746/3854 1767/3670/3745 3872/3669/3744 2486/3745/3853
f 1767/3670/3745 3927/3746/3854 2487/3747/3855 3874/3673/3748
f 3927/3746/3854 1092/1213/1235 2604/1215/1237 2487/3747/3855
f 1093/1219/1241 3928/3748/3856 2487/3747/3855 2604/1215/1237
f 3928/3748/3856 1768/3674/3749 3874/3673/3748 2487/3747/3855
f 1768/3674/3749 3928/3748/3856 2488/3749/3857 3876/3677/3752
f 3928/3748/3856 1093/1219/1241 2607/1221/1243 2488/3749/3857
f 1094/1225/1247 3929/3750/3858 2488/3749/3857 2607/1221/1243
f 3929/3750/3858 1769/3678/3753 3876/3677/3752 2488/3749/3857
f 1769/3678/3753 3929/3750/3858 2489/3751/3859 3878/3681/3756
f 3929/3750/3858 1094/1225/1247 2610/1227/1249 2489/3751/3859
f 1095/1231/1253 3930/3752/3860 2489/3751/3859 2610/1227/1249
f 3930/3752/3860 1770/3682/3757 3878/3681/3756 2489/3751/3859
f 1770/3682/3757 3930/3752/3860 2490/3753/3861 3880/3685/3760
f 3930/3752/3860 1095/1231/1253 2613/1233/1255 2490/3753/3861
f 1096/1237/1259 3931/3754/3862 2490/3753/3861 2613/1233/1255
f 3931/3754/3862 1771/1235/3761 3880/3685/3760 2490/3753/3861
f 1771/1235/3761 3931/3754/3862 2491/3755/3863 3882/3688/3764
f 3931/3754/3862 1096/1237/1259 2616/1239/1261 2491/3755/3863
f 1097/1243/1265 3932/1242/3864 2491/3755/3863 2616/1239/1261
f 3932/1242/3864 1772/3689/3765 3882/3688/3764 2491/3755/3863
f 1772/3689/3765 3932/1242/3864 2492/3756/3865 3884/3692/3768
f 3932/1242/3864 1097/1243/1265 2619/1245/1267 2492/3756/3865
f 1098/1249/1271 3933/3757/3866 2492/3756/3865 2619/1245/1267
f 3933/3757/3866 1773/3693/3769 3884/3692/3768 2492/3756/3865
f 1773/3693/3769 3933/3757/3866 2493/3758/3867 3886/3696/3772
f 3933/3757/3866 1098/1249/1271 2622/1251/1273 2493/3758/3867
f 1099/1255/1277 3934/1254/3868 2493/3758/3867 2622/1251/1273
f 3934/1254/3868 1774/3697/3773 3886/3696/3772 2493/3758/3867
f 1774/3697/3773 3934/1254/3868 2494/1256/3869 3888/3700/3776
f 3934/1254/3868 1099/1255/1277 2625/1257/1279 2494/1256/3869
f 1100/1261/1283 3935/3759/3870 2494/1256/3869 2625/1257/1279
f 3935/3759/3870 1775/3701/3777 3888/3700/3776 2494/1256/3869
f 1775/3701/3777 3935/3759/3870 2495/1262/3871 3890/3704/3780
f 3935/3759/3870 1100/1261/1283 2628/1263/1285 2495/1262/3871
f 1101/1267/1289 3936/1266/3872 2495/1262/3871 2628/1263/1285
f 3936/1266/3872 1776/3705/3781 3890/3704/3780 2495/1262/3871
f 1776/3705/3781 3936/1266/3872 2496/1268/3873 3891/3708/3784
f 3936/1266/3872 1101/1267/1289 2630/1269/1291 2496/1268/3873
o top
v 0.035170 0.299450 -0.000000
v 0.035820 0.298329 -0.000000
v 0.036061 0.296819 -0.000000
v 0.036009 0.295239 -0.000000
v 0.035756 0.293923 -0.000000
v 0.035255 0.292856 -0.000000
v 0.034438 0.291962 -0.000000
v 0.033234 0.291169 -0.000000
v 0.031575 0.290403 -0.000000
v 0.029435 0.289587 -0.000000
v 0.027077 0.288647 -0.000000
v 0.024834 0.287549 -0.000000
v 0.022813 0.286288 -0.000000
v 0.021078 0.284865 -0.000000
v 0.019695 0.283279 -0.000000
v 0.018732 0.281530 -0.000000
v 0.032492 0.299450 -0.013459
v 0.033093 0.298329 -0.013708
v 0.033316 0.296819 -0.013800
v 0.033268 0.295239 -0.013780
v 0.033034 0.293923 -0.013683
v 0.032572 0.292856 -0.013492
v 0.031817 0.291962 -0.013179
v 0.030704 0.291169 -0.012718
v 0.029171 0.290403 -0.012083
v 0.027195 0.289587 -0.011264
v 0.025016 0.288647 -0.010362
v 0.022944 0.287549 -0.009504
v 0.021076 0.286288 -0.008730
v 0.019473 0.284865 -0.008066
v 0.018196 0.283279 -0.007537
v 0.017306 0.281530 -0.007168
v 0.024869 0.299450 -0.024869
v 0.025329 0.298329 -0.025329
v 0.025499 0.296819 -0.025499
v 0.025462 0.295239 -0.025462
v 0.025283 0.293923 -0.025283
v 0.024929 0.292856 -0.024929
v 0.024351 0.291962 -0.024351
v 0.023500 0.291169 -0.023500
v 0.022327 0.290403 -0.022327
v 0.020814 0.289587 -0.020814
v 0.019146 0.288647 -0.019146
v 0.017560 0.287549 -0.017560
v 0.016131 0.286288 -0.016131
v 0.014904 0.284865 -0.014904
v 0.013927 0.283279 -0.013927
v 0.013245 0.281530 -0.013245
v 0.013459 0.299450 -0.032492
v 0.013708 0.298329 -0.033093
v 0.013800 0.296819 -0.033316
v 0.013780 0.295239 -0.033268
v 0.013683 0.293923 -0.033034
v 0.013492 0.292856 -0.032572
v 0.013179 0.291962 -0.031817
v 0.012718 0.291169 -0.030705
v 0.012083 0.290403 -0.029171
v 0.011264 0.289587 -0.027195
v 0.010362 0.288647 -0.025016
v 0.009504 0.287549 -0.022944
v 0.008730 0.286288 -0.021076
v 0.008066 0.284865 -0.019473
v 0.007537 0.283279 -0.018196
v 0.007168 0.281530 -0.017306
v 0.000000 0.299450 -0.035170
v 0.000000 0.298329 -0.035820
v 0.000000 0.296819 -0.036061
v 0.000000 0.295239 -0.036009
v 0.000000 0.293923 -0.035756
v 0.000000 0.292856 -0.035255
v 0.000000 0.291962 -0.034438
v 0.000000 0.291169 -0.033234
v 0.000000 0.290403 -0.031575
v 0.000000 0.289587 -0.029435
v 0.000000 0.288647 -0.027077
v 0.000000 0.287549 -0.024834
v 0.000000 0.286288 -0.022813
v 0.000000 0.284865 -0.021078
v 0.000000 0.283279 -0.019695
v 0.000000 0.281530 -0.018732
v -0.013459 0.299450 -0.032492
v -0.013708 0.298329 -0.033093
v -0.013800 0.296819 -0.033316
v -0.013780 0.295239 -0.033268
v -0.013683 0.293923 -0.033034
v -0.013492 0.292856 -0.032572
v -0.013179 0.291962 -0.031817
v -0.012718 0.291169 -0.030705
v -0.012083 0.290403 -0.029171
v -0.011264 0.289587 -0.027195
v -0.010362 0.288647 -0.025016
v -0.009504 0.287549 -0.022944
v -0.008730 0.286288 -0.021076
v -0.008066 0.284865 -0.019473
v -0.007537 0.283279 -0.018196
v -0.007168 0.281530 -0.017306
v -0.024869 0.299450 -0.024869
v -0.025328 0.298329 -0.025329
v -0.025499 0.296819 -0.025499
v -0.025462 0.295239 -0.025462
v -0.025283 0.293923 -0.025283
v -0.024929 0.292856 -0.024929
v -0.024351 0.291962 -0.024351
v -0.023500 0.291169 -0.023500
v -0.022327 0.290403 -0.022327
v -0.020814 0.289587 -0.020814
v -0.019146 0.288647 -0.019146
v -0.017560 0.287549 -0.017561
v -0.016131 0.286288 -0.016131
v -0.014904 0.284865 -0.014904
v -0.013927 0.283279 -0.013927
v -0.013245 0.281530 -0.013245
v -0.032492 0.299450 -0.013459
v -0.033093 0.298329 -0.013708
v -0.033316 0.296819 -0.013800
v -0.033268 0.295239 -0.013780
v -0.033034 0.293923 -0.013683
v -0.032572 0.292856 -0.013492
v -0.031817 0.291962 -0.013179
v -0.030704 0.291169 -0.012718
v -0.029171 0.290403 -0.012083
v -0.027195 0.289587 -0.011264
v -0.025016 0.288647 -0.010362
v -0.022944 0.287549 -0.009504
v -0.021076 0.286288 -0.008730
v -0.019473 0.284865 -0.008066
v -0.018196 0.283279 -0.007537
v -0.017306 0.281530 -0.007168
v -0.035170 0.299450 -0.000000
v -0.035820 0.298329 -0.000000
v -0.036061 0.296819 -0.000000
v -0.036009 0.295239 -0.000000
v -0.035756 0.293923 -0.000000
v -0.035255 0.292856 -0.000000
v -0.034438 0.291962 -0.000000
v -0.033234 0.291169 -0.000000
v -0.031575 0.290403 -0.000000
v -0.029435 0.289587 -0.000000
v -0.027077 0.288647 -0.000000
v -0.024834 0.287549 -0.000000
v -0.022813 0.286288 -0.000000
v -0.021078 0.284865 -0.000000
v -0.019695 0.283279 -0.000000
v -0.018732 0.281530 -0.000000
v -0.032492 0.299450 0.013459
v -0.033093 0.298329 0.013708
v -0.033316 0.296819 0.013800
v -0.033268 0.295239 0.013780
v -0.033034 0.293923 0.013683
v -0.032572 0.292856 0.013492
v -0.031817 0.291962 0.013179
v -0.030704 0.291169 0.012718
v -0.029171 0.290403 0.012083
v -0.027195 0.289587 0.011264
v -0.025016 0.288647 0.010362
v -0.022944 0.287549 0.009504
v -0.021076 0.286288 0.008730
v -0.019473 0.284865 0.008066
v -0.018196 0.283279 0.007537
v -0.017306 0.281530 0.007168
v -0.024869 0.299450 0.024869
v -0.025329 0.298329 0.025328
v -0.025499 0.296819 0.025499
v -0.025462 0.295239 0.025462
v -0.025283 0.293923 0.025283
v -0.024929 0.292856 0.024929
v -0.024351 0.291962 0.024351
v -0.023500 0.291169 0.023500
v -0.022327 0.290403 0.022327
v -0.020814 0.289587 0.020814
v -0.019146 0.288647 0.019146
v -0.017560 0.287549 0.017560
v -0.016131 0.286288 0.016131
v -0.014904 0.284865 0.014904
v -0.013927 0.283279 0.013927
v -0.013245 0.281530 0.013245
v -0.013459 0.299450 0.032492
v -0.013708 0.298329 0.033093
v -0.013800 0.296819 0.033316
v -0.013780 0.295239 0.033268
v -0.013683 0.293923 0.033034
v -0.013492 0.292856 0.032572
v -0.013179 0.291962 0.031817
v -0.012718 0.291169 0.030704
v -0.012083 0.290403 0.029171
v -0.011264 0.289587 0.027195
v -0.010362 0.288647 0.025016
v -0.009504 0.287549 0.022944
v -0.008730 0.286288 0.021076
v -0.008066 0.284865 0.019473
v -0.007537 0.283279 0.018196
v -0.007168 0.281530 0.017306
v -0.000000 0.299450 0.035169
v -0.000000 0.298329 0.035820
v -0.000000 0.296819 0.036061
v -0.000000 0.295239 0.036009
v -0.000000 0.293923 0.035756
v -0.000000 0.292856 0.035255
v -0.000000 0.291962 0.034438
v -0.000000 0.291169 0.033234
v -0.000000 0.290403 0.031575
v -0.000000 0.289587 0.029435
v -0.000000 0.288647 0.027077
v -0.000000 0.287549 0.024834
v -0.000000 0.286288 0.022812
v -0.000000 0.284865 0.021078
v -0.000000 0.283279 0.019695
v -0.000000 0.281530 0.018732
v 0.013459 0.299450 0.032492
v 0.013708 0.298329 0.033093
v 0.013800 0.296819 0.033316
v 0.013780 0.295239 0.033268
v 0.013683 0.293923 0.033034
v 0.013492 0.292856 0.032572
v 0.013179 0.291962 0.031817
v 0.012718 0.291169 0.030704
v 0.012083 0.290403 0.029171
v 0.011264 0.289587 0.027195
v 0.010362 0.288647 0.025016
v 0.009504 0.287549 0.022944
v 0.008730 0.286288 0.021076
v 0.008066 0.284865 0.019473
v 0.007537 0.283279 0.018196
v 0.007168 0.281530 0.017306
v 0.024869 0.299450 0.024869
v 0.025328 0.298329 0.025328
v 0.025499 0.296819 0.025499
v 0.025462 0.295239 0.025462
v 0.025283 0.293923 0.025283
v 0.024929 0.292856 0.024929
v 0.024351 0.291962 0.024351
v 0.023500 0.291169 0.023500
v 0.022327 0.290403 0.022327
v 0.020814 0.289587 0.020814
v 0.019146 0.288647 0.019146
v 0.017560 0.287549 0.017560
v 0.016131 0.286288 0.016131
v 0.014904 0.284865 0.014904
v 0.013927 0.283279 0.013927
v 0.013245 0.281530 0.013245
v 0.032492 0.299450 0.013459
v 0.033093 0.298329 0.013708
v 0.033316 0.296819 0.013800
v 0.033268 0.295239 0.013780
v 0.033034 0.293923 0.013683
v 0.032572 0.292856 0.013492
v 0.031817 0.291962 0.013179
v 0.030704 0.291169 0.012718
v 0.029171 0.290403 0.012083
v 0.027195 0.289587 0.011264
v 0.025016 0.288647 0.010362
v 0.022944 0.287549 0.009504
v 0.021076 0.286288 0.008730
v 0.019473 0.284865 0.008066
v 0.018196 0.283279 0.007537
v 0.017306 0.281530 0.007168
v 0.034857 0.298939 -0.006934
v 0.035287 0.297606 -0.007019
v 0.035364 0.296013 -0.007034
v 0.035212 0.294545 -0.007004
v 0.034851 0.293363 -0.006932
v 0.034214 0.292392 -0.006806
v 0.033231 0.291558 -0.006610
v 0.031836 0.290787 -0.006333
v 0.029959 0.290006 -0.005959
v 0.027713 0.289135 -0.005512
v 0.025429 0.288119 -0.005058
v 0.023330 0.286939 -0.004641
v 0.021480 0.285597 -0.004273
v 0.019944 0.284092 -0.003967
v 0.018785 0.282424 -0.003737
v 0.029551 0.298939 -0.019745
v 0.029915 0.297606 -0.019989
v 0.029980 0.296013 -0.020032
v 0.029851 0.294545 -0.019946
v 0.029546 0.293363 -0.019742
v 0.029005 0.292392 -0.019381
v 0.028172 0.291558 -0.018824
v 0.026989 0.290787 -0.018034
v 0.025398 0.290006 -0.016971
v 0.023494 0.289135 -0.015698
v 0.021558 0.288119 -0.014404
v 0.019778 0.286939 -0.013215
v 0.018210 0.285597 -0.012168
v 0.016908 0.284092 -0.011297
v 0.015926 0.282424 -0.010641
v 0.019745 0.298939 -0.029551
v 0.019989 0.297606 -0.029915
v 0.020032 0.296013 -0.029980
v 0.019946 0.294545 -0.029851
v 0.019742 0.293363 -0.029546
v 0.019381 0.292392 -0.029005
v 0.018824 0.291558 -0.028172
v 0.018034 0.290787 -0.026989
v 0.016971 0.290006 -0.025398
v 0.015698 0.289135 -0.023494
v 0.014404 0.288119 -0.021558
v 0.013215 0.286939 -0.019778
v 0.012168 0.285597 -0.018210
v 0.011297 0.284092 -0.016908
v 0.010641 0.282424 -0.015926
v 0.006934 0.298939 -0.034857
v 0.007019 0.297606 -0.035287
v 0.007034 0.296013 -0.035364
v 0.007004 0.294545 -0.035212
v 0.006932 0.293363 -0.034851
v 0.006806 0.292392 -0.034214
v 0.006610 0.291558 -0.033231
v 0.006333 0.290787 -0.031836
v 0.005959 0.290006 -0.029959
v 0.005512 0.289135 -0.027713
v 0.005058 0.288119 -0.025429
v 0.004641 0.286939 -0.023330
v 0.004273 0.285597 -0.021480
v 0.003967 0.284092 -0.019944
v 0.003737 0.282424 -0.018785
v -0.006934 0.298939 -0.034857
v -0.007019 0.297606 -0.035287
v -0.007034 0.296013 -0.035364
v -0.007004 0.294545 -0.035212
v -0.006932 0.293363 -0.034851
v -0.006806 0.292392 -0.034214
v -0.006610 0.291558 -0.033231
v -0.006333 0.290787 -0.031836
v -0.005959 0.290006 -0.029959
v -0.005512 0.289135 -0.027713
v -0.005058 0.288119 -0.025429
v -0.004641 0.286939 -0.023330
v -0.004273 0.285597 -0.021480
v -0.003967 0.284092 -0.019944
v -0.003737 0.282424 -0.018785
v -0.019745 0.298939 -0.029551
v -0.019989 0.297606 -0.029915
v -0.020032 0.296013 -0.029980
v -0.019946 0.294545 -0.029851
v -0.019742 0.293363 -0.029546
v -0.019381 0.292392 -0.029005
v -0.018824 0.291558 -0.028172
v -0.018034 0.290787 -0.026989
v -0.016971 0.290006 -0.025398
v -0.015698 0.289135 -0.023494
v -0.014404 0.288119 -0.021558
v -0.013215 0.286939 -0.019778
v -0.012168 0.285597 -0.018210
v -0.011297 0.284092 -0.016908
v -0.010641 0.282424 -0.015926
v -0.029551 0.298939 -0.019745
v -0.029915 0.297606 -0.019989
v -0.029980 0.296013 -0.020032
v -0.029851 0.294545 -0.019946
v -0.029546 0.293363 -0.019742
v -0.029005 0.292392 -0.019381
v -0.028172 0.291558 -0.018824
v -0.026989 0.290787 -0.018034
v -0.025398 0.290006 -0.016971
v -0.023494 0.289135 -0.015698
v -0.021558 0.288119 -0.014404
v -0.019778 0.286939 -0.013215
v -0.018210 0.285597 -0.012168
v -0.016908 0.284092 -0.011297
v -0.015926 0.282424 -0.010641
v -0.034857 0.298939 -0.006934
v -0.035287 0.297606 -0.007019
v -0.035364 0.296013 -0.007034
v -0.035212 0.294545 -0.007004
v -0.034851 0.293363 -0.006932
v -0.034214 0.292392 -0.006806
v -0.033231 0.291558 -0.006610
v -0.031836 0.290787 -0.006333
v -0.029959 0.290006 -0.005959
v -0.027713 0.289135 -0.005512
v -0.025429 0.288119 -0.005058
v -0.023330 0.286939 -0.004641
v -0.021480 0.285597 -0.004273
v -0.019944 0.284092 -0.003967
v -0.018785 0.282424 -0.003737
v -0.034857 0.298939 0.006934
v -0.035287 0.297606 0.007019
v -0.035364 0.296013 0.007034
v -0.035212 0.294545 0.007004
v -0.034851 0.293363 0.006932
v -0.034214 0.292392 0.006806
v -0.033231 0.291558 0.006610
v -0.031836 0.290787 0.006333
v -0.029959 0.290006 0.005959
v -0.027713 0.289135 0.005512
v -0.025429 0.288119 0.005058
v -0.023330 0.286939 0.004641
v -0.021480 0.285597 0.004273
v -0.019944 0.284092 0.003967
v -0.018785 0.282424 0.003737
v -0.029551 0.298939 0.019745
v -0.029915 0.297606 0.019988
v -0.029980 0.296013 0.020032
v -0.029851 0.294545 0.019946
v -0.029546 0.293363 0.019742
v -0.029005 0.292392 0.019381
v -0.028172 0.291558 0.018824
v -0.026989 0.290787 0.018034
v -0.025398 0.290006 0.016971
v -0.023494 0.289135 0.015698
v -0.021558 0.288119 0.014404
v -0.019778 0.286939 0.013215
v -0.018210 0.285597 0.012167
v -0.016908 0.284092 0.011297
v -0.015926 0.282424 0.010641
v -0.019745 0.298939 0.029551
v -0.019989 0.297606 0.029915
v -0.020032 0.296013 0.029980
v -0.019946 0.294545 0.029851
v -0.019742 0.293363 0.029546
v -0.019381 0.292392 0.029005
v -0.018824 0.291558 0.028172
v -0.018034 0.290787 0.026989
v -0.016971 0.290006 0.025398
v -0.015698 0.289135 0.023494
v -0.014404 0.288119 0.021558
v -0.013215 0.286939 0.019778
v -0.012168 0.285597 0.018210
v -0.011297 0.284092 0.016907
v -0.010641 0.282424 0.015925
v -0.006934 0.298939 0.034857
v -0.007019 0.297606 0.035287
v -0.007034 0.296013 0.035364
v -0.007004 0.294545 0.035212
v -0.006932 0.293363 0.034851
v -0.006806 0.292392 0.034214
v -0.006610 0.291558 0.033231
v -0.006333 0.290787 0.031836
v -0.005959 0.290006 0.029959
v -0.005512 0.289135 0.027713
v -0.005058 0.288119 0.025429
v -0.004641 0.286939 0.023330
v -0.004273 0.285597 0.021480
v -0.003967 0.284092 0.019944
v -0.003737 0.282424 0.018785
v 0.006934 0.298939 0.034857
v 0.007019 0.297606 0.035287
v 0.007034 0.296013 0.035364
v 0.007004 0.294545 0.035212
v 0.006932 0.293363 0.034851
v 0.006806 0.292392 0.034214
v 0.006610 0.291558 0.033231
v 0.006333 0.290787 0.031836
v 0.005959 0.290006 0.029959
v 0.005512 0.289135 0.027713
v 0.005058 0.288119 0.025429
v 0.004641 0.286939 0.023330
v 0.004273 0.285597 0.021480
v 0.003967 0.284092 0.019944
v 0.003737 0.282424 0.018785
v 0.019745 0.298939 0.029551
v 0.019989 0.297606 0.029915
v 0.020032 0.296013 0.029980
v 0.019946 0.294545 0.029851
v 0.019742 0.293363 0.029546
v 0.019381 0.292392 0.029005
v 0.018824 0.291558 0.028172
v 0.018034 0.290787 0.026989
v 0.016971 0.290006 0.025398
v 0.015698 0.289135 0.023494
v 0.014404 0.288119 0.021558
v 0.013215 0.286939 0.019778
v 0.012168 0.285597 0.018210
v 0.011297 0.284092 0.016907
v 0.010641 0.282424 0.015925
v 0.029551 0.298939 0.019745
v 0.029915 0.297606 0.019989
v 0.029980 0.296013 0.020032
v 0.029851 0.294545 0.019946
v 0.029546 0.293363 0.019742
v 0.029005 0.292392 0.019381
v 0.028172 0.291558 0.018824
v 0.026989 0.290787 0.018034
v 0.025398 0.290006 0.016971
v 0.023494 0.289135 0.015698
v 0.021558 0.288119 0.014404
v 0.019778 0.286939 0.013215
v 0.018210 0.285597 0.012167
v 0.016908 0.284092 0.011297
v 0.015926 0.282424 0.010641
v 0.034857 0.298939 0.006934
v 0.035287 0.297606 0.007019
v 0.035364 0.296013 0.007034
v 0.035212 0.294545 0.007004
v 0.034851 0.293363 0.006932
v 0.034214 0.292392 0.006806
v 0.033231 0.291558 0.006610
v 0.031836 0.290787 0.006333
v 0.029959 0.290006 0.005959
v 0.027713 0.289135 0.005512
v 0.025429 0.288119 0.005058
v 0.023330 0.286939 0.004641
v 0.021480 0.285597 0.004273
v 0.019944 0.284092 0.003967
v 0.018785 0.282424 0.003737
v 0.034487 0.299450 -0.006860
v 0.035125 0.298329 -0.006987
v 0.035547 0.298939 -0.000000
v 0.032841 0.298939 -0.013603
v 0.035361 0.296819 -0.007034
v 0.035985 0.297606 -0.000000
v 0.033246 0.297606 -0.013771
v 0.035310 0.295239 -0.007024
v 0.036064 0.296013 -0.000000
v 0.033319 0.296013 -0.013801
v 0.035062 0.293923 -0.006974
v 0.035909 0.294545 -0.000000
v 0.033175 0.294545 -0.013742
v 0.034572 0.292856 -0.006877
v 0.035541 0.293363 -0.000000
v 0.032836 0.293363 -0.013601
v 0.033770 0.291962 -0.006717
v 0.034891 0.292392 -0.000000
v 0.032235 0.292392 -0.013352
v 0.032590 0.291169 -0.006483
v 0.033889 0.291558 -0.000000
v 0.031309 0.291558 -0.012969
v 0.030962 0.290403 -0.006159
v 0.032466 0.290787 -0.000000
v 0.029994 0.290787 -0.012424
v 0.028864 0.289587 -0.005741
v 0.030552 0.290006 -0.000000
v 0.028226 0.290006 -0.011692
v 0.026552 0.288647 -0.005282
v 0.028261 0.289135 -0.000000
v 0.026110 0.289135 -0.010815
v 0.024352 0.287549 -0.004844
v 0.025932 0.288119 -0.000000
v 0.023958 0.288119 -0.009924
v 0.022370 0.286288 -0.004450
v 0.023792 0.286939 -0.000000
v 0.021981 0.286939 -0.009105
v 0.020669 0.284865 -0.004111
v 0.021905 0.285597 -0.000000
v 0.020238 0.285597 -0.008383
v 0.019313 0.283279 -0.003842
v 0.020338 0.284092 -0.000000
v 0.018790 0.284092 -0.007783
v 0.018368 0.281530 -0.003654
v 0.019157 0.282424 -0.000000
v 0.017699 0.282424 -0.007331
v 0.029237 0.299450 -0.019535
v 0.029778 0.298329 -0.019897
v 0.025136 0.298939 -0.025136
v 0.029978 0.296819 -0.020030
v 0.025445 0.297606 -0.025445
v 0.029934 0.295239 -0.020002
v 0.025501 0.296013 -0.025501
v 0.029724 0.293923 -0.019861
v 0.025391 0.294545 -0.025391
v 0.029308 0.292856 -0.019583
v 0.025131 0.293363 -0.025131
v 0.028629 0.291962 -0.019129
v 0.024671 0.292392 -0.024672
v 0.027628 0.291169 -0.018461
v 0.023963 0.291558 -0.023963
v 0.026248 0.290403 -0.017539
v 0.022957 0.290787 -0.022957
v 0.024470 0.289587 -0.016350
v 0.021604 0.290006 -0.021604
v 0.022510 0.288647 -0.015040
v 0.019983 0.289135 -0.019983
v 0.020645 0.287549 -0.013795
v 0.018337 0.288119 -0.018337
v 0.018964 0.286288 -0.012672
v 0.016823 0.286939 -0.016823
v 0.017522 0.284865 -0.011708
v 0.015489 0.285597 -0.015489
v 0.016373 0.283279 -0.010940
v 0.014381 0.284092 -0.014381
v 0.015572 0.281530 -0.010405
v 0.013546 0.282424 -0.013546
v 0.019535 0.299450 -0.029237
v 0.019897 0.298329 -0.029778
v 0.013603 0.298939 -0.032841
v 0.020030 0.296819 -0.029978
v 0.013771 0.297606 -0.033246
v 0.020002 0.295239 -0.029934
v 0.013801 0.296013 -0.033319
v 0.019861 0.293923 -0.029724
v 0.013742 0.294545 -0.033175
v 0.019583 0.292856 -0.029308
v 0.013601 0.293363 -0.032836
v 0.019129 0.291962 -0.028629
v 0.013352 0.292392 -0.032235
v 0.018461 0.291169 -0.027628
v 0.012969 0.291558 -0.031309
v 0.017539 0.290403 -0.026248
v 0.012424 0.290787 -0.029995
v 0.016350 0.289587 -0.024470
v 0.011692 0.290006 -0.028227
v 0.015040 0.288647 -0.022510
v 0.010815 0.289135 -0.026110
v 0.013795 0.287549 -0.020645
v 0.009924 0.288119 -0.023958
v 0.012672 0.286288 -0.018964
v 0.009105 0.286939 -0.021981
v 0.011708 0.284865 -0.017522
v 0.008383 0.285597 -0.020238
v 0.010940 0.283279 -0.016373
v 0.007783 0.284092 -0.018790
v 0.010405 0.281530 -0.015572
v 0.007331 0.282424 -0.017699
v 0.006860 0.299450 -0.034487
v 0.006987 0.298329 -0.035125
v 0.000000 0.298939 -0.035547
v 0.007034 0.296819 -0.035361
v 0.000000 0.297606 -0.035985
v 0.007024 0.295239 -0.035310
v 0.000000 0.296013 -0.036064
v 0.006974 0.293923 -0.035062
v 0.000000 0.294545 -0.035909
v 0.006877 0.292856 -0.034572
v 0.000000 0.293363 -0.035541
v 0.006717 0.291962 -0.033770
v 0.000000 0.292392 -0.034891
v 0.006482 0.291169 -0.032590
v 0.000000 0.291558 -0.033889
v 0.006159 0.290403 -0.030962
v 0.000000 0.290787 -0.032466
v 0.005741 0.289587 -0.028864
v 0.000000 0.290006 -0.030552
v 0.005281 0.288647 -0.026552
v 0.000000 0.289135 -0.028261
v 0.004844 0.287549 -0.024353
v 0.000000 0.288119 -0.025932
v 0.004450 0.286288 -0.022370
v 0.000000 0.286939 -0.023792
v 0.004111 0.284865 -0.020669
v 0.000000 0.285597 -0.021905
v 0.003842 0.283279 -0.019313
v 0.000000 0.284092 -0.020338
v 0.003654 0.281530 -0.018368
v 0.000000 0.282424 -0.019157
v -0.006860 0.299450 -0.034487
v -0.006987 0.298329 -0.035125
v -0.013603 0.298939 -0.032841
v -0.007034 0.296819 -0.035361
v -0.013771 0.297606 -0.033246
v -0.007024 0.295239 -0.035310
v -0.013801 0.296013 -0.033319
v -0.006974 0.293923 -0.035062
v -0.013742 0.294545 -0.033175
v -0.006877 0.292856 -0.034572
v -0.013601 0.293363 -0.032836
v -0.006717 0.291962 -0.033770
v -0.013352 0.292392 -0.032235
v -0.006482 0.291169 -0.032590
v -0.012969 0.291558 -0.031309
v -0.006159 0.290403 -0.030962
v -0.012424 0.290787 -0.029995
v -0.005741 0.289587 -0.028864
v -0.011692 0.290006 -0.028227
v -0.005281 0.288647 -0.026552
v -0.010815 0.289135 -0.026110
v -0.004844 0.287549 -0.024353
v -0.009924 0.288119 -0.023958
v -0.004450 0.286288 -0.022370
v -0.009105 0.286939 -0.021981
v -0.004111 0.284865 -0.020669
v -0.008383 0.285597 -0.020238
v -0.003842 0.283279 -0.019313
v -0.007783 0.284092 -0.018790
v -0.003654 0.281530 -0.018368
v -0.007331 0.282424 -0.017699
v -0.019535 0.299450 -0.029237
v -0.019897 0.298329 -0.029778
v -0.025136 0.298939 -0.025136
v -0.020030 0.296819 -0.029978
v -0.025445 0.297606 -0.025445
v -0.020002 0.295239 -0.029934
v -0.025501 0.296013 -0.025501
v -0.019861 0.293923 -0.029724
v -0.025391 0.294545 -0.025391
v -0.019583 0.292856 -0.029308
v -0.025131 0.293363 -0.025131
v -0.019129 0.291962 -0.028629
v -0.024671 0.292392 -0.024672
v -0.018460 0.291169 -0.027628
v -0.023963 0.291558 -0.023963
v -0.017539 0.290403 -0.026248
v -0.022957 0.290787 -0.022957
v -0.016350 0.289587 -0.024470
v -0.021604 0.290006 -0.021604
v -0.015040 0.288647 -0.022510
v -0.019983 0.289135 -0.019983
v -0.013795 0.287549 -0.020645
v -0.018337 0.288119 -0.018337
v -0.012672 0.286288 -0.018964
v -0.016823 0.286939 -0.016823
v -0.011708 0.284865 -0.017522
v -0.015489 0.285597 -0.015489
v -0.010940 0.283279 -0.016373
v -0.014381 0.284092 -0.014381
v -0.010405 0.281530 -0.015572
v -0.013546 0.282424 -0.013546
v -0.029237 0.299450 -0.019536
v -0.029778 0.298329 -0.019897
v -0.032841 0.298939 -0.013603
v -0.029978 0.296819 -0.020031
v -0.033246 0.297606 -0.013771
v -0.029934 0.295239 -0.020002
v -0.033319 0.296013 -0.013801
v -0.029724 0.293923 -0.019861
v -0.033175 0.294545 -0.013742
v -0.029308 0.292856 -0.019583
v -0.032836 0.293363 -0.013601
v -0.028629 0.291962 -0.019129
v -0.032235 0.292392 -0.013352
v -0.027628 0.291169 -0.018461
v -0.031309 0.291558 -0.012969
v -0.026248 0.290403 -0.017539
v -0.029994 0.290787 -0.012424
v -0.024470 0.289587 -0.016350
v -0.028226 0.290006 -0.011692
v -0.022510 0.288647 -0.015040
v -0.026110 0.289135 -0.010815
v -0.020645 0.287549 -0.013795
v -0.023958 0.288119 -0.009924
v -0.018964 0.286288 -0.012672
v -0.021981 0.286939 -0.009105
v -0.017522 0.284865 -0.011708
v -0.020238 0.285597 -0.008383
v -0.016373 0.283279 -0.010940
v -0.018790 0.284092 -0.007783
v -0.015572 0.281530 -0.010405
v -0.017699 0.282424 -0.007331
v -0.034487 0.299450 -0.006860
v -0.035125 0.298329 -0.006987
v -0.035547 0.298939 -0.000000
v -0.035361 0.296819 -0.007034
v -0.035985 0.297606 -0.000000
v -0.035310 0.295239 -0.007024
v -0.036064 0.296013 -0.000000
v -0.035062 0.293923 -0.006974
v -0.035909 0.294545 -0.000000
v -0.034572 0.292856 -0.006877
v -0.035541 0.293363 -0.000000
v -0.033770 0.291962 -0.006717
v -0.034891 0.292392 -0.000000
v -0.032590 0.291169 -0.006483
v -0.033889 0.291558 -0.000000
v -0.030962 0.290403 -0.006159
v -0.032466 0.290787 -0.000000
v -0.028864 0.289587 -0.005742
v -0.030552 0.290006 -0.000000
v -0.026552 0.288647 -0.005282
v -0.028261 0.289135 -0.000000
v -0.024352 0.287549 -0.004844
v -0.025932 0.288119 -0.000000
v -0.022370 0.286288 -0.004450
v -0.023792 0.286939 -0.000000
v -0.020669 0.284865 -0.004111
v -0.021905 0.285597 -0.000000
v -0.019313 0.283279 -0.003842
v -0.020338 0.284092 -0.000000
v -0.018368 0.281530 -0.003654
v -0.019157 0.282424 -0.000000
v -0.034487 0.299450 0.006860
v -0.035125 0.298329 0.006987
v -0.032841 0.298939 0.013603
v -0.035361 0.296819 0.007034
v -0.033246 0.297606 0.013771
v -0.035310 0.295239 0.007024
v -0.033319 0.296013 0.013801
v -0.035062 0.293923 0.006974
v -0.033175 0.294545 0.013742
v -0.034572 0.292856 0.006877
v -0.032836 0.293363 0.013601
v -0.033770 0.291962 0.006717
v -0.032235 0.292392 0.013352
v -0.032590 0.291169 0.006482
v -0.031309 0.291558 0.012969
v -0.030962 0.290403 0.006159
v -0.029994 0.290787 0.012424
v -0.028864 0.289587 0.005741
v -0.028226 0.290006 0.011692
v -0.026552 0.288647 0.005281
v -0.026110 0.289135 0.010815
v -0.024352 0.287549 0.004844
v -0.023958 0.288119 0.009924
v -0.022370 0.286288 0.004450
v -0.021981 0.286939 0.009105
v -0.020669 0.284865 0.004111
v -0.020238 0.285597 0.008383
v -0.019313 0.283279 0.003842
v -0.018790 0.284092 0.007783
v -0.018368 0.281530 0.003654
v -0.017699 0.282424 0.007331
v -0.029237 0.299450 0.019535
v -0.029778 0.298329 0.019897
v -0.025136 0.298939 0.025135
v -0.029978 0.296819 0.020030
v -0.025445 0.297606 0.025445
v -0.029934 0.295239 0.020001
v -0.025501 0.296013 0.025501
v -0.029724 0.293923 0.019861
v -0.025391 0.294545 0.025391
v -0.029308 0.292856 0.019583
v -0.025131 0.293363 0.025131
v -0.028629 0.291962 0.019129
v -0.024671 0.292392 0.024671
v -0.027628 0.291169 0.018460
v -0.023963 0.291558 0.023963
v -0.026248 0.290403 0.017539
v -0.022957 0.290787 0.022957
v -0.024470 0.289587 0.016350
v -0.021604 0.290006 0.021604
v -0.022510 0.288647 0.015040
v -0.019983 0.289135 0.019983
v -0.020645 0.287549 0.013795
v -0.018337 0.288119 0.018337
v -0.018964 0.286288 0.012672
v -0.016823 0.286939 0.016823
v -0.017522 0.284865 0.011708
v -0.015489 0.285597 0.015489
v -0.016373 0.283279 0.010940
v -0.014381 0.284092 0.014381
v -0.015572 0.281530 0.010405
v -0.013546 0.282424 0.013546
v -0.019535 0.299450 0.029237
v -0.019897 0.298329 0.029778
v -0.013603 0.298939 0.032841
v -0.020030 0.296819 0.029978
v -0.013771 0.297606 0.033246
v -0.020002 0.295239 0.029934
v -0.013801 0.296013 0.033319
v -0.019861 0.293923 0.029724
v -0.013742 0.294545 0.033175
v -0.019583 0.292856 0.029308
v -0.013601 0.293363 0.032835
v -0.019129 0.291962 0.028629
v -0.013352 0.292392 0.032235
v -0.018461 0.291169 0.027628
v -0.012969 0.291558 0.031309
v -0.017539 0.290403 0.026248
v -0.012424 0.290787 0.029994
v -0.016350 0.289587 0.024470
v -0.011692 0.290006 0.028226
v -0.015040 0.288647 0.022509
v -0.010815 0.289135 0.026110
v -0.013795 0.287549 0.020645
v -0.009924 0.288119 0.023958
v -0.012672 0.286288 0.018964
v -0.009105 0.286939 0.021981
v -0.011708 0.284865 0.017522
v -0.008383 0.285597 0.020238
v -0.010940 0.283279 0.016373
v -0.007783 0.284092 0.018790
v -0.010405 0.281530 0.015572
v -0.007331 0.282424 0.017699
v -0.006860 0.299450 0.034487
v -0.006987 0.298329 0.035125
v -0.000000 0.298939 0.035547
v -0.007034 0.296819 0.035361
v -0.000000 0.297606 0.035985
v -0.007024 0.295239 0.035310
v -0.000000 0.296013 0.036064
v -0.006974 0.293923 0.035062
v -0.000000 0.294545 0.035909
v -0.006877 0.292856 0.034571
v -0.000000 0.293363 0.035541
v -0.006717 0.291962 0.033770
v -0.000000 0.292392 0.034891
v -0.006482 0.291169 0.032590
v -0.000000 0.291558 0.033889
v -0.006159 0.290403 0.030962
v -0.000000 0.290787 0.032466
v -0.005741 0.289587 0.028864
v -0.000000 0.290006 0.030552
v -0.005281 0.288647 0.026552
v -0.000000 0.289135 0.028261
v -0.004844 0.287549 0.024352
v -0.000000 0.288119 0.025932
v -0.004450 0.286288 0.022370
v -0.000000 0.286939 0.023792
v -0.004111 0.284865 0.020669
v -0.000000 0.285597 0.021905
v -0.003842 0.283279 0.019313
v -0.000000 0.284092 0.020338
v -0.003654 0.281530 0.018368
v -0.000000 0.282424 0.019157
v 0.006860 0.299450 0.034487
v 0.006987 0.298329 0.035125
v 0.013603 0.298939 0.032841
v 0.007034 0.296819 0.035361
v 0.013771 0.297606 0.033246
v 0.007024 0.295239 0.035310
v 0.013801 0.296013 0.033319
v 0.006974 0.293923 0.035062
v 0.013742 0.294545 0.033175
v 0.006877 0.292856 0.034571
v 0.013601 0.293363 0.032835
v 0.006717 0.291962 0.033770
v 0.013352 0.292392 0.032235
v 0.006482 0.291169 0.032590
v 0.012969 0.291558 0.031309
v 0.006159 0.290403 0.030962
v 0.012424 0.290787 0.029994
v 0.005741 0.289587 0.028864
v 0.011692 0.290006 0.028226
v 0.005281 0.288647 0.026552
v 0.010815 0.289135 0.026110
v 0.004844 0.287549 0.024352
v 0.009924 0.288119 0.023958
v 0.004450 0.286288 0.022370
v 0.009105 0.286939 0.021981
v 0.004111 0.284865 0.020669
v 0.008383 0.285597 0.020238
v 0.003842 0.283279 0.019313
v 0.007783 0.284092 0.018790
v 0.003654 0.281530 0.018368
v 0.007331 0.282424 0.017699
v 0.019535 0.299450 0.029237
v 0.019897 0.298329 0.029778
v 0.025136 0.298939 0.025135
v 0.020030 0.296819 0.029978
v 0.025445 0.297606 0.025445
v 0.020002 0.295239 0.029934
v 0.025501 0.296013 0.025501
v 0.019861 0.293923 0.029724
v 0.025391 0.294545 0.025391
v 0.019583 0.292856 0.029308
v 0.025131 0.293363 0.025131
v 0.019129 0.291962 0.028629
v 0.024671 0.292392 0.024671
v 0.018460 0.291169 0.027628
v 0.023963 0.291558 0.023963
v 0.017539 0.290403 0.026248
v 0.022957 0.290787 0.022957
v 0.016350 0.289587 0.024470
v 0.021604 0.290006 0.021604
v 0.015040 0.288647 0.022509
v 0.019983 0.289135 0.019983
v 0.013795 0.287549 0.020645
v 0.018337 0.288119 0.018337
v 0.012672 0.286288 0.018964
v 0.016823 0.286939 0.016823
v 0.011708 0.284865 0.017522
v 0.015489 0.285597 0.015489
v 0.010940 0.283279 0.016373
v 0.014381 0.284092 0.014381
v 0.010405 0.281530 0.015572
v 0.013546 0.282424 0.013546
v 0.033891 0.299450 0.006741
v 0.028731 0.299450 0.019198
v 0.019198 0.299450 0.028731
v 0.006741 0.299450 0.033891
v -0.006741 0.299450 0.033891
v -0.019198 0.299450 0.028731
v -0.028731 0.299450 0.019198
v -0.033891 0.299450 0.006741
v -0.033891 0.299450 -0.006741
v -0.028731 0.299450 -0.019198
v -0.019198 0.299450 -0.028731
v -0.006741 0.299450 -0.033891
v 0.006741 0.299450 -0.033891
v 0.019198 0.299450 -0.028731
v 0.028731 0.299450 -0.019198
v 0.033891 0.299450 -0.006741
v 0.031931 0.299450 0.013226
v 0.024439 0.299450 0.024439
v 0.013226 0.299450 0.031931
v 0.029237 0.299450 0.019535
v -0.000000 0.299450 0.034561
v 0.029778 0.298329 0.019897
v 0.032841 0.298939 0.013603
v 0.029978 0.296819 0.020030
v 0.033246 0.297606 0.013771
v 0.029934 0.295239 0.020001
v 0.033319 0.296013 0.013801
v 0.029724 0.293923 0.019861
v 0.033175 0.294545 0.013742
v 0.029308 0.292856 0.019583
v 0.032836 0.293363 0.013601
v 0.028629 0.291962 0.019129
v 0.032235 0.292392 0.013352
v 0.027628 0.291169 0.018460
v 0.031309 0.291558 0.012969
v 0.026248 0.290403 0.017539
v 0.029994 0.290787 0.012424
v 0.024470 0.289587 0.016350
v 0.028226 0.290006 0.011692
v 0.022510 0.288647 0.015040
v 0.026110 0.289135 0.010815
v 0.020645 0.287549 0.013795
v 0.023958 0.288119 0.009924
v 0.018964 0.286288 0.012672
v 0.021981 0.286939 0.009105
v 0.017522 0.284865 0.011708
v 0.020238 0.285597 0.008383
v 0.016373 0.283279 0.010940
v 0.018790 0.284092 0.007783
v 0.015572 0.281530 0.010405
v 0.017699 0.282424 0.007331
v -0.013226 0.299450 0.031931
v -0.024439 0.299450 0.024439
v -0.031931 0.299450 0.013226
v -0.034561 0.299450 -0.000000
v -0.031931 0.299450 -0.013226
v -0.024439 0.299450 -0.024439
v -0.013226 0.299450 -0.031931
v 0.000000 0.299450 -0.034561
v 0.013226 0.299450 -0.031931
v 0.024439 0.299450 -0.024439
v 0.031931 0.299450 -0.013226
v 0.034561 0.299450 -0.000000
v 0.034487 0.299450 0.006860
v 0.035125 0.298329 0.006987
v 0.035361 0.296819 0.007034
v 0.035310 0.295239 0.007024
v 0.035062 0.293923 0.006974
v 0.034572 0.292856 0.006877
v 0.033770 0.291962 0.006717
v 0.032590 0.291169 0.006482
v 0.030962 0.290403 0.006159
v 0.028864 0.289587 0.005741
v 0.026552 0.288647 0.005281
v 0.024352 0.287549 0.004844
v 0.022370 0.286288 0.004450
v 0.020669 0.284865 0.004111
v 0.019313 0.283279 0.003842
v 0.018368 0.281530 0.003654
v 0.033309 0.299450 0.006625
v 0.028238 0.299450 0.018868
v 0.018868 0.299450 0.028238
v 0.006625 0.299450 0.033309
v -0.006626 0.299450 0.033309
v -0.018868 0.299450 0.028238
v -0.028238 0.299450 0.018868
v -0.033309 0.299450 0.006625
v -0.033309 0.299450 -0.006626
v -0.028238 0.299450 -0.018868
v -0.018868 0.299450 -0.028238
v -0.006625 0.299450 -0.033309
v 0.006626 0.299450 -0.033309
v 0.018868 0.299450 -0.028238
v 0.028238 0.299450 -0.018868
v 0.033309 0.299450 -0.006626
v 0.031382 0.299450 0.012999
v 0.024019 0.299450 0.024019
v 0.012999 0.299450 0.031382
v -0.000000 0.299450 0.033968
v -0.012999 0.299450 0.031382
v -0.024019 0.299450 0.024019
v -0.031382 0.299450 0.012999
v -0.033968 0.299450 -0.000000
v -0.031382 0.299450 -0.012999
v -0.024019 0.299450 -0.024019
v -0.012999 0.299450 -0.031382
v 0.000000 0.299450 -0.033968
v 0.012999 0.299450 -0.031382
v 0.024019 0.299450 -0.024019
v 0.031382 0.299450 -0.012999
v 0.033968 0.299450 -0.000000
v 0.032837 0.299450 0.006532
v 0.027837 0.299450 0.018600
v 0.018600 0.299450 0.027837
v 0.006532 0.299450 0.032836
v -0.006532 0.299450 0.032836
v -0.018600 0.299450 0.027837
v -0.027837 0.299450 0.018600
v -0.032837 0.299450 0.006532
v -0.032837 0.299450 -0.006532
v -0.027837 0.299450 -0.018600
v -0.018600 0.299450 -0.027837
v -0.006532 0.299450 -0.032837
v 0.006532 0.299450 -0.032837
v 0.018600 0.299450 -0.027837
v 0.027837 0.299450 -0.018600
v 0.032837 0.299450 -0.006532
v 0.030937 0.299450 0.012815
v 0.023678 0.299450 0.023678
v 0.012815 0.299450 0.030937
v -0.000000 0.299450 0.033486
v -0.012815 0.299450 0.030937
v -0.023678 0.299450 0.023678
v -0.030937 0.299450 0.012815
v -0.033486 0.299450 -0.000000
v -0.030937 0.299450 -0.012815
v -0.023678 0.299450 -0.023678
v -0.012815 0.299450 -0.030937
v 0.000000 0.299450 -0.033486
v 0.012815 0.299450 -0.030937
v 0.023678 0.299450 -0.023678
v 0.030937 0.299450 -0.012815
v 0.033486 0.299450 -0.000000
v 0.032280 0.299450 0.006421
v 0.027365 0.299450 0.018285
v 0.018285 0.299450 0.027365
v 0.006421 0.299450 0.032280
v -0.006421 0.299450 0.032280
v -0.018285 0.299450 0.027365
v -0.027365 0.299450 0.018285
v -0.032280 0.299450 0.006421
v -0.032280 0.299450 -0.006421
v -0.027365 0.299450 -0.018285
v -0.018285 0.299450 -0.027366
v -0.006421 0.299450 -0.032280
v 0.006421 0.299450 -0.032280
v 0.018285 0.299450 -0.027366
v 0.027365 0.299450 -0.018285
v 0.032280 0.299450 -0.006421
v 0.030413 0.299450 0.012597
v 0.023277 0.299450 0.023277
v 0.012597 0.299450 0.030413
v -0.000000 0.299450 0.032918
v -0.012597 0.299450 0.030413
v -0.023277 0.299450 0.023277
v -0.030413 0.299450 0.012597
v -0.032918 0.299450 -0.000000
v -0.030413 0.299450 -0.012597
v -0.023277 0.299450 -0.023277
v -0.012597 0.299450 -0.030413
v 0.000000 0.299450 -0.032918
v 0.012597 0.299450 -0.030413
v 0.023277 0.299450 -0.023277
v 0.030413 0.299450 -0.012597
v 0.032918 0.299450 -0.000000
v 0.032280 0.298030 0.006421
v 0.027365 0.298030 0.018285
v 0.018285 0.298030 0.027365
v 0.006421 0.298030 0.032280
v -0.006421 0.298030 0.032280
v -0.018285 0.298030 0.027365
v -0.027365 0.298030 0.018285
v -0.032280 0.298030 0.006421
v -0.032280 0.298030 -0.006421
v -0.027365 0.298030 -0.018285
v -0.018285 0.298030 -0.027366
v -0.006421 0.298030 -0.032280
v 0.006421 0.298030 -0.032280
v 0.018285 0.298030 -0.027366
v 0.027365 0.298030 -0.018285
v 0.032280 0.298030 -0.006421
v 0.030413 0.298030 0.012597
v 0.023277 0.298030 0.023277
v 0.012597 0.298030 0.030413
v -0.000000 0.298030 0.032918
v -0.012597 0.298030 0.030413
v -0.023277 0.298030 0.023277
v -0.030413 0.298030 0.012597
v -0.032918 0.298030 -0.000000
v -0.030413 0.298030 -0.012597
v -0.023277 0.298030 -0.023277
v -0.012597 0.298030 -0.030413
v 0.000000 0.298030 -0.032918
v 0.012597 0.298030 -0.030413
v 0.023277 0.298030 -0.023277
v 0.030413 0.298030 -0.012597
v 0.032918 0.298030 -0.000000
v 0.032280 0.296755 0.006421
v 0.027365 0.296755 0.018285
v 0.018285 0.296755 0.027365
v 0.006421 0.296755 0.032280
v -0.006421 0.296755 0.032280
v -0.018285 0.296755 0.027365
v -0.027365 0.296755 0.018285
v -0.032280 0.296755 0.006421
v -0.032280 0.296755 -0.006421
v -0.027365 0.296755 -0.018285
v -0.018285 0.296755 -0.027366
v -0.006421 0.296755 -0.032280
v 0.006421 0.296755 -0.032280
v 0.018285 0.296755 -0.027366
v 0.027365 0.296755 -0.018285
v 0.032280 0.296755 -0.006421
v 0.030413 0.296755 0.012597
v 0.023277 0.296755 0.023277
v 0.012597 0.296755 0.030413
v -0.000000 0.296755 0.032918
v -0.012597 0.296755 0.030413
v -0.023277 0.296755 0.023277
v -0.030413 0.296755 0.012597
v -0.032918 0.296755 -0.000000
v -0.030413 0.296755 -0.012597
v -0.023277 0.296755 -0.023277
v -0.012597 0.296755 -0.030413
v 0.000000 0.296755 -0.032918
v 0.012597 0.296755 -0.030413
v 0.023277 0.296755 -0.023277
v 0.030413 0.296755 -0.012597
v 0.032918 0.296755 -0.000000
v 0.031649 0.295620 0.006295
v 0.026831 0.295620 0.017928
v 0.017928 0.295620 0.026831
v 0.006295 0.295620 0.031649
v -0.006295 0.295620 0.031649
v -0.017928 0.295620 0.026831
v -0.026831 0.295620 0.017928
v -0.031649 0.295620 0.006295
v -0.031649 0.295620 -0.006295
v -0.026831 0.295620 -0.017928
v -0.017928 0.295620 -0.026831
v -0.006295 0.295620 -0.031649
v 0.006295 0.295620 -0.031649
v 0.017928 0.295620 -0.026831
v 0.026831 0.295620 -0.017928
v 0.031649 0.295620 -0.006295
v 0.029819 0.295620 0.012351
v 0.022822 0.295620 0.022822
v 0.012351 0.295620 0.029818
v -0.000000 0.295620 0.032275
v -0.012351 0.295620 0.029818
v -0.022822 0.295620 0.022822
v -0.029819 0.295620 0.012351
v -0.032275 0.295620 -0.000000
v -0.029819 0.295620 -0.012351
v -0.022822 0.295620 -0.022822
v -0.012351 0.295620 -0.029819
v 0.000000 0.295620 -0.032275
v 0.012351 0.295620 -0.029819
v 0.022822 0.295620 -0.022822
v 0.029819 0.295620 -0.012351
v 0.032275 0.295620 -0.000000
v 0.030958 0.295620 0.006158
v 0.026245 0.295620 0.017536
v 0.017536 0.295620 0.026245
v 0.006158 0.295620 0.030958
v -0.006158 0.295620 0.030958
v -0.017536 0.295620 0.026245
v -0.026245 0.295620 0.017536
v -0.030958 0.295620 0.006158
v -0.030958 0.295620 -0.006158
v -0.026245 0.295620 -0.017536
v -0.017536 0.295620 -0.026245
v -0.006158 0.295620 -0.030958
v 0.006158 0.295620 -0.030958
v 0.017536 0.295620 -0.026245
v 0.026245 0.295620 -0.017536
v 0.030958 0.295620 -0.006158
v 0.029168 0.295620 0.012082
v 0.022324 0.295620 0.022324
v 0.012082 0.295620 0.029167
v -0.000000 0.295620 0.031571
v -0.012082 0.295620 0.029167
v -0.022324 0.295620 0.022324
v -0.029168 0.295620 0.012082
v -0.031571 0.295620 -0.000000
v -0.029168 0.295620 -0.012082
v -0.022324 0.295620 -0.022324
v -0.012082 0.295620 -0.029168
v 0.000000 0.295620 -0.031571
v 0.012082 0.295620 -0.029168
v 0.022324 0.295620 -0.022324
v 0.029168 0.295620 -0.012082
v 0.031571 0.295620 -0.000000
v 0.031649 0.296317 0.006295
v 0.031926 0.296755 0.006350
v 0.031730 0.296627 0.006312
v 0.026831 0.296317 0.017928
v 0.027066 0.296755 0.018085
v 0.026900 0.296627 0.017974
v 0.017928 0.296317 0.026831
v 0.018085 0.296755 0.027066
v 0.017974 0.296627 0.026900
v 0.006295 0.296317 0.031649
v 0.006350 0.296755 0.031926
v 0.006312 0.296627 0.031730
v -0.006295 0.296317 0.031649
v -0.006350 0.296755 0.031926
v -0.006312 0.296627 0.031730
v -0.017928 0.296317 0.026831
v -0.018085 0.296755 0.027066
v -0.017974 0.296627 0.026900
v -0.026831 0.296317 0.017928
v -0.027066 0.296755 0.018085
v -0.026900 0.296627 0.017974
v -0.031649 0.296317 0.006295
v -0.031926 0.296755 0.006350
v -0.031730 0.296627 0.006311
v -0.031649 0.296317 -0.006295
v -0.031926 0.296755 -0.006351
v -0.031730 0.296627 -0.006312
v -0.026831 0.296317 -0.017928
v -0.027066 0.296755 -0.018085
v -0.026900 0.296627 -0.017974
v -0.017928 0.296317 -0.026831
v -0.018085 0.296755 -0.027066
v -0.017974 0.296627 -0.026900
v -0.006295 0.296317 -0.031649
v -0.006350 0.296755 -0.031926
v -0.006312 0.296627 -0.031730
v 0.006295 0.296317 -0.031649
v 0.006350 0.296755 -0.031926
v 0.006312 0.296627 -0.031730
v 0.017928 0.296317 -0.026831
v 0.018085 0.296755 -0.027066
v 0.017974 0.296627 -0.026900
v 0.026831 0.296317 -0.017928
v 0.027066 0.296755 -0.018085
v 0.026900 0.296627 -0.017974
v 0.031649 0.296317 -0.006295
v 0.031926 0.296755 -0.006351
v 0.031730 0.296627 -0.006312
v 0.030079 0.296755 0.012459
v 0.029819 0.296317 0.012351
v 0.029895 0.296627 0.012383
v 0.023022 0.296755 0.023022
v 0.022822 0.296317 0.022822
v 0.022881 0.296627 0.022881
v 0.012459 0.296755 0.030079
v 0.012351 0.296317 0.029818
v 0.012383 0.296627 0.029895
v -0.000000 0.296755 0.032558
v -0.000000 0.296317 0.032275
v -0.000000 0.296627 0.032358
v -0.012459 0.296755 0.030079
v -0.012351 0.296317 0.029818
v -0.012383 0.296627 0.029895
v -0.023022 0.296755 0.023022
v -0.022822 0.296317 0.022822
v -0.022881 0.296627 0.022881
v -0.030079 0.296755 0.012459
v -0.029819 0.296317 0.012351
v -0.029895 0.296627 0.012383
v -0.032558 0.296755 -0.000000
v -0.032275 0.296317 -0.000000
v -0.032358 0.296627 -0.000000
v -0.030079 0.296755 -0.012459
v -0.029819 0.296317 -0.012351
v -0.029895 0.296627 -0.012383
v -0.023022 0.296755 -0.023022
v -0.022822 0.296317 -0.022822
v -0.022881 0.296627 -0.022881
v -0.012459 0.296755 -0.030079
v -0.012351 0.296317 -0.029819
v -0.012383 0.296627 -0.029895
v 0.000000 0.296755 -0.032558
v 0.000000 0.296317 -0.032275
v 0.000000 0.296627 -0.032358
v 0.012459 0.296755 -0.030079
v 0.012351 0.296317 -0.029819
v 0.012383 0.296627 -0.029895
v 0.023022 0.296755 -0.023022
v 0.022822 0.296317 -0.022822
v 0.022881 0.296627 -0.022881
v 0.030079 0.296755 -0.012459
v 0.029819 0.296317 -0.012351
v 0.029895 0.296627 -0.012383
v 0.032275 0.296317 -0.000000
v 0.032558 0.296755 -0.000000
v 0.032358 0.296627 -0.000000
v 0.030172 0.295208 0.006002
v 0.030544 0.295620 0.006076
v 0.030321 0.295499 0.006031
v 0.025579 0.295208 0.017091
v 0.025894 0.295620 0.017302
v 0.025705 0.295499 0.017175
v 0.017091 0.295208 0.025579
v 0.017302 0.295620 0.025894
v 0.017175 0.295499 0.025705
v 0.006002 0.295208 0.030172
v 0.006076 0.295620 0.030544
v 0.006031 0.295499 0.030321
v -0.006002 0.295208 0.030172
v -0.006076 0.295620 0.030544
v -0.006031 0.295499 0.030321
v -0.017091 0.295208 0.025579
v -0.017302 0.295620 0.025894
v -0.017175 0.295499 0.025705
v -0.025579 0.295208 0.017091
v -0.025894 0.295620 0.017302
v -0.025705 0.295499 0.017175
v -0.030172 0.295208 0.006002
v -0.030544 0.295620 0.006076
v -0.030321 0.295499 0.006031
v -0.030172 0.295208 -0.006002
v -0.030544 0.295620 -0.006076
v -0.030321 0.295499 -0.006031
v -0.025579 0.295208 -0.017091
v -0.025894 0.295620 -0.017302
v -0.025705 0.295499 -0.017175
v -0.017091 0.295208 -0.025579
v -0.017302 0.295620 -0.025894
v -0.017175 0.295499 -0.025705
v -0.006002 0.295208 -0.030172
v -0.006076 0.295620 -0.030544
v -0.006031 0.295499 -0.030321
v 0.006002 0.295208 -0.030172
v 0.006076 0.295620 -0.030544
v 0.006031 0.295499 -0.030321
v 0.017091 0.295208 -0.025579
v 0.017302 0.295620 -0.025894
v 0.017175 0.295499 -0.025705
v 0.025579 0.295208 -0.017091
v 0.025894 0.295620 -0.017302
v 0.025705 0.295499 -0.017175
v 0.030172 0.295208 -0.006002
v 0.030544 0.295620 -0.006076
v 0.030321 0.295499 -0.006031
v 0.028778 0.295620 0.011920
v 0.028427 0.295208 0.011775
v 0.028567 0.295499 0.011833
v 0.022025 0.295620 0.022025
v 0.021757 0.295208 0.021757
v 0.021864 0.295499 0.021864
v 0.011920 0.295620 0.028778
v 0.011775 0.295208 0.028427
v 0.011833 0.295499 0.028567
v -0.000000 0.295620 0.031149
v -0.000000 0.295208 0.030769
v -0.000000 0.295499 0.030920
v -0.011920 0.295620 0.028778
v -0.011775 0.295208 0.028427
v -0.011833 0.295499 0.028567
v -0.022025 0.295620 0.022025
v -0.021757 0.295208 0.021757
v -0.021864 0.295499 0.021864
v -0.028778 0.295620 0.011920
v -0.028427 0.295208 0.011775
v -0.028567 0.295499 0.011833
v -0.031149 0.295620 -0.000000
v -0.030769 0.295208 -0.000000
v -0.030920 0.295499 -0.000000
v -0.028778 0.295620 -0.011920
v -0.028427 0.295208 -0.011775
v -0.028567 0.295499 -0.011833
v -0.022025 0.295620 -0.022025
v -0.021757 0.295208 -0.021757
v -0.021864 0.295499 -0.021864
v -0.011920 0.295620 -0.028778
v -0.011775 0.295208 -0.028427
v -0.011833 0.295499 -0.028567
v 0.000000 0.295620 -0.031149
v 0.000000 0.295208 -0.030769
v 0.000000 0.295499 -0.030921
v 0.011920 0.295620 -0.028778
v 0.011775 0.295208 -0.028427
v 0.011833 0.295499 -0.028567
v 0.022025 0.295620 -0.022025
v 0.021757 0.295208 -0.021757
v 0.021864 0.295499 -0.021864
v 0.028778 0.295620 -0.011920
v 0.028427 0.295208 -0.011775
v 0.028567 0.295499 -0.011833
v 0.030769 0.295208 -0.000000
v 0.031149 0.295620 -0.000000
v 0.030920 0.295499 -0.000000
v 0.027751 0.289587 -0.009423
v 0.028308 0.289587 -0.007582
v 0.029055 0.289587 -0.003828
v 0.029245 0.289587 -0.001914
v 0.022033 0.289587 -0.019326
v 0.023251 0.289587 -0.017838
v 0.025378 0.289587 -0.014655
v 0.026286 0.289587 -0.012960
v 0.012960 0.289587 -0.026286
v 0.014655 0.289587 -0.025378
v 0.017838 0.289587 -0.023251
v 0.019326 0.289587 -0.022033
v 0.001914 0.289587 -0.029245
v 0.003828 0.289587 -0.029055
v 0.007582 0.289587 -0.028308
v 0.009423 0.289587 -0.027751
v -0.009423 0.289587 -0.027751
v -0.007582 0.289587 -0.028308
v -0.003828 0.289587 -0.029055
v -0.001914 0.289587 -0.029245
v -0.019326 0.289587 -0.022033
v -0.017838 0.289587 -0.023251
v -0.014655 0.289587 -0.025378
v -0.012960 0.289587 -0.026286
v -0.026286 0.289587 -0.012960
v -0.025378 0.289587 -0.014655
v -0.023251 0.289587 -0.017838
v -0.022033 0.289587 -0.019326
v -0.029245 0.289587 -0.001914
v -0.029055 0.289587 -0.003828
v -0.028308 0.289587 -0.007582
v -0.027751 0.289587 -0.009423
v -0.027751 0.289587 0.009423
v -0.028308 0.289587 0.007582
v -0.029055 0.289587 0.003828
v -0.029245 0.289587 0.001914
v -0.022033 0.289587 0.019326
v -0.023251 0.289587 0.017838
v -0.025378 0.289587 0.014655
v -0.026286 0.289587 0.012960
v -0.012960 0.289587 0.026286
v -0.014655 0.289587 0.025378
v -0.017838 0.289587 0.023251
v -0.019326 0.289587 0.022032
v -0.001914 0.289587 0.029245
v -0.003828 0.289587 0.029055
v -0.007582 0.289587 0.028308
v -0.009423 0.289587 0.027751
v 0.009423 0.289587 0.027751
v 0.007582 0.289587 0.028308
v 0.003828 0.289587 0.029055
v 0.001914 0.289587 0.029245
v 0.019326 0.289587 0.022032
v 0.017838 0.289587 0.023251
v 0.014655 0.289587 0.025378
v 0.012960 0.289587 0.026286
v 0.026286 0.289587 0.012960
v 0.025378 0.289587 0.014655
v 0.023251 0.289587 0.017838
v 0.022033 0.289587 0.019326
v 0.029245 0.289587 0.001914
v 0.029055 0.289587 0.003828
v 0.028308 0.289587 0.007582
v 0.027751 0.289587 0.009423
v 0.029008 0.295208 0.009850
v 0.029590 0.295208 0.007926
v 0.030371 0.295208 0.004001
v 0.030570 0.295208 0.002000
v 0.023031 0.295208 0.020202
v 0.024305 0.295208 0.018646
v 0.026528 0.295208 0.015319
v 0.027477 0.295208 0.013547
v 0.013547 0.295208 0.027477
v 0.015319 0.295208 0.026528
v 0.018646 0.295208 0.024305
v 0.020202 0.295208 0.023031
v 0.002001 0.295208 0.030570
v 0.004001 0.295208 0.030371
v 0.007926 0.295208 0.029590
v 0.009850 0.295208 0.029008
v -0.009850 0.295208 0.029008
v -0.007926 0.295208 0.029590
v -0.004001 0.295208 0.030371
v -0.002001 0.295208 0.030570
v -0.020202 0.295208 0.023031
v -0.018646 0.295208 0.024305
v -0.015319 0.295208 0.026528
v -0.013547 0.295208 0.027477
v -0.027477 0.295208 0.013547
v -0.026528 0.295208 0.015319
v -0.024305 0.295208 0.018646
v -0.023031 0.295208 0.020202
v -0.030570 0.295208 0.002000
v -0.030371 0.295208 0.004001
v -0.029590 0.295208 0.007926
v -0.029008 0.295208 0.009850
v -0.029008 0.295208 -0.009850
v -0.029590 0.295208 -0.007926
v -0.030371 0.295208 -0.004001
v -0.030570 0.295208 -0.002001
v -0.023031 0.295208 -0.020202
v -0.024305 0.295208 -0.018646
v -0.026528 0.295208 -0.015319
v -0.027477 0.295208 -0.013547
v -0.013547 0.295208 -0.027477
v -0.015319 0.295208 -0.026528
v -0.018646 0.295208 -0.024305
v -0.020202 0.295208 -0.023031
v -0.002001 0.295208 -0.030570
v -0.004001 0.295208 -0.030371
v -0.007926 0.295208 -0.029590
v -0.009850 0.295208 -0.029009
v 0.009850 0.295208 -0.029009
v 0.007926 0.295208 -0.029590
v 0.004001 0.295208 -0.030371
v 0.002001 0.295208 -0.030570
v 0.020202 0.295208 -0.023031
v 0.018646 0.295208 -0.024305
v 0.015319 0.295208 -0.026528
v 0.013547 0.295208 -0.027477
v 0.027477 0.295208 -0.013547
v 0.026528 0.295208 -0.015319
v 0.024305 0.295208 -0.018646
v 0.023031 0.295208 -0.020202
v 0.030570 0.295208 -0.002001
v 0.030371 0.295208 -0.004001
v 0.029590 0.295208 -0.007926
v 0.029008 0.295208 -0.009850
v 0.029300 0.291461 0.005828
v 0.029736 0.293335 0.005915
v 0.028016 0.293335 0.011605
v 0.027605 0.291461 0.011434
v 0.029880 0.291461 -0.000000
v 0.030324 0.293335 -0.000000
v 0.024839 0.291461 0.016597
v 0.025209 0.293335 0.016844
v 0.021443 0.293335 0.021442
v 0.021128 0.291461 0.021128
v 0.016597 0.291461 0.024839
v 0.016844 0.293335 0.025209
v 0.011605 0.293335 0.028016
v 0.011434 0.291461 0.027605
v 0.005828 0.291461 0.029300
v 0.005915 0.293335 0.029736
v -0.000000 0.293335 0.030324
v -0.000000 0.291461 0.029880
v -0.005828 0.291461 0.029300
v -0.005915 0.293335 0.029736
v -0.011605 0.293335 0.028016
v -0.011435 0.291461 0.027605
v -0.016597 0.291461 0.024839
v -0.016844 0.293335 0.025209
v -0.021443 0.293335 0.021442
v -0.021128 0.291461 0.021128
v -0.024839 0.291461 0.016597
v -0.025209 0.293335 0.016844
v -0.028016 0.293335 0.011605
v -0.027605 0.291461 0.011434
v -0.029300 0.291461 0.005828
v -0.029736 0.293335 0.005915
v -0.030324 0.293335 -0.000000
v -0.029880 0.291461 -0.000000
v -0.029300 0.291461 -0.005828
v -0.029736 0.293335 -0.005915
v -0.028016 0.293335 -0.011605
v -0.027605 0.291461 -0.011435
v -0.024839 0.291461 -0.016597
v -0.025209 0.293335 -0.016844
v -0.021443 0.293335 -0.021443
v -0.021128 0.291461 -0.021128
v -0.016597 0.291461 -0.024840
v -0.016844 0.293335 -0.025209
v -0.011605 0.293335 -0.028016
v -0.011434 0.291461 -0.027605
v -0.005828 0.291461 -0.029300
v -0.005915 0.293335 -0.029736
v 0.000000 0.293335 -0.030324
v 0.000000 0.291461 -0.029880
v 0.005828 0.291461 -0.029300
v 0.005915 0.293335 -0.029736
v 0.011605 0.293335 -0.028016
v 0.011435 0.291461 -0.027605
v 0.016597 0.291461 -0.024839
v 0.016844 0.293335 -0.025209
v 0.021443 0.293335 -0.021443
v 0.021128 0.291461 -0.021128
v 0.024839 0.291461 -0.016597
v 0.025209 0.293335 -0.016844
v 0.028016 0.293335 -0.011605
v 0.027605 0.291461 -0.011435
v 0.029300 0.291461 -0.005828
v 0.029736 0.293335 -0.005915
v 0.029932 0.293335 -0.003943
v 0.029493 0.291461 -0.003885
v 0.030128 0.293335 -0.001972
v 0.029687 0.291461 -0.001943
v 0.026145 0.293335 -0.015098
v 0.025761 0.291461 -0.014876
v 0.027080 0.293335 -0.013351
v 0.026683 0.291461 -0.013155
v 0.018377 0.293335 -0.023954
v 0.018108 0.291461 -0.023602
v 0.019910 0.293335 -0.022698
v 0.019618 0.291461 -0.022365
v 0.007811 0.293335 -0.029163
v 0.007697 0.291461 -0.028735
v 0.009708 0.293335 -0.028589
v 0.009566 0.291461 -0.028170
v -0.003943 0.293335 -0.029932
v -0.003885 0.291461 -0.029493
v -0.001972 0.293335 -0.030128
v -0.001943 0.291461 -0.029687
v -0.015098 0.293335 -0.026145
v -0.014876 0.291461 -0.025761
v -0.013351 0.293335 -0.027080
v -0.013155 0.291461 -0.026683
v -0.023954 0.293335 -0.018377
v -0.023602 0.291461 -0.018108
v -0.022698 0.293335 -0.019910
v -0.022365 0.291461 -0.019618
v -0.029163 0.293335 -0.007812
v -0.028735 0.291461 -0.007697
v -0.028589 0.293335 -0.009708
v -0.028170 0.291461 -0.009566
v -0.029932 0.293335 0.003943
v -0.029493 0.291461 0.003885
v -0.030128 0.293335 0.001972
v -0.029687 0.291461 0.001943
v -0.026145 0.293335 0.015098
v -0.025761 0.291461 0.014876
v -0.027080 0.293335 0.013351
v -0.026683 0.291461 0.013155
v -0.018377 0.293335 0.023953
v -0.018108 0.291461 0.023602
v -0.019910 0.293335 0.022698
v -0.019618 0.291461 0.022365
v -0.007811 0.293335 0.029163
v -0.007697 0.291461 0.028735
v -0.009708 0.293335 0.028589
v -0.009566 0.291461 0.028170
v 0.003943 0.293335 0.029932
v 0.003885 0.291461 0.029493
v 0.001972 0.293335 0.030128
v 0.001943 0.291461 0.029687
v 0.015098 0.293335 0.026145
v 0.014876 0.291461 0.025761
v 0.013351 0.293335 0.027080
v 0.013155 0.291461 0.026683
v 0.023954 0.293335 0.018377
v 0.023602 0.291461 0.018107
v 0.022698 0.293335 0.019910
v 0.022365 0.291461 0.019618
v 0.022698 0.293335 -0.019910
v 0.022365 0.291461 -0.019618
v 0.023954 0.293335 -0.018377
v 0.023602 0.291461 -0.018108
v -0.028589 0.293335 0.009708
v -0.028170 0.291461 0.009566
v -0.029163 0.293335 0.007811
v -0.028735 0.291461 0.007697
v 0.030128 0.293335 0.001972
v 0.029687 0.291461 0.001943
v 0.029932 0.293335 0.003943
v 0.029493 0.291461 0.003885
v 0.013351 0.293335 -0.027080
v 0.013155 0.291461 -0.026683
v 0.015098 0.293335 -0.026145
v 0.014876 0.291461 -0.025761
v 0.028589 0.293335 -0.009708
v 0.028170 0.291461 -0.009566
v 0.029163 0.293335 -0.007811
v 0.028735 0.291461 -0.007697
v -0.022698 0.293335 0.019910
v -0.022365 0.291461 0.019618
v -0.023954 0.293335 0.018377
v -0.023602 0.291461 0.018107
v 0.001972 0.293335 -0.030128
v 0.001943 0.291461 -0.029687
v 0.003943 0.293335 -0.029932
v 0.003885 0.291461 -0.029493
v -0.013351 0.293335 0.027080
v -0.013155 0.291461 0.026683
v -0.015098 0.293335 0.026145
v -0.014876 0.291461 0.025761
v -0.009708 0.293335 -0.028589
v -0.009566 0.291461 -0.028170
v -0.007811 0.293335 -0.029163
v -0.007697 0.291461 -0.028735
v -0.001972 0.293335 0.030128
v -0.001943 0.291461 0.029687
v -0.003943 0.293335 0.029932
v -0.003885 0.291461 0.029493
v -0.019910 0.293335 -0.022698
v -0.019618 0.291461 -0.022365
v -0.018377 0.293335 -0.023954
v -0.018108 0.291461 -0.023602
v 0.009708 0.293335 0.028589
v 0.009566 0.291461 0.028170
v 0.007811 0.293335 0.029163
v 0.007697 0.291461 0.028735
v -0.027080 0.293335 -0.013351
v -0.026683 0.291461 -0.013155
v -0.026145 0.293335 -0.015098
v -0.025761 0.291461 -0.014876
v 0.019910 0.293335 0.022698
v 0.019618 0.291461 0.022365
v 0.018377 0.293335 0.023953
v 0.018108 0.291461 0.023602
v -0.030128 0.293335 -0.001972
v -0.029687 0.291461 -0.001943
v -0.029932 0.293335 -0.003943
v -0.029493 0.291461 -0.003885
v 0.027080 0.293335 0.013351
v 0.026683 0.291461 0.013155
v 0.026145 0.293335 0.015098
v 0.025761 0.291461 0.014876
v 0.029163 0.293335 0.007811
v 0.028735 0.291461 0.007697
v 0.028589 0.293335 0.009708
v 0.028170 0.291461 0.009566
vn -0.5136 -0.8495 0.1203
vn -0.6018 -0.7897 0.1197
vn -0.8517 -0.4958 0.1694
vn -0.8684 -0.4958 -0.0000
vn -0.5671 -0.7895 0.2349
vn -0.8023 -0.4958 0.3323
vn -0.8780 -0.3111 0.3637
vn -0.9321 -0.3111 0.1854
vn -0.9504 -0.3111 -0.0000
vn -0.9685 -0.1576 0.1926
vn -0.9875 -0.1577 -0.0000
vn -0.9123 -0.1577 0.3779
vn -0.9228 -0.0493 0.3822
vn -0.9796 -0.0493 0.1949
vn -0.9988 -0.0493 -0.0000
vn -0.9802 0.0335 0.1950
vn -0.9994 0.0335 -0.0000
vn -0.9234 0.0335 0.3825
vn -0.9186 0.1063 0.3805
vn -0.9752 0.1063 0.1940
vn -0.9943 0.1063 -0.0000
vn -0.9631 0.1893 0.1916
vn -0.9819 0.1893 -0.0000
vn -0.9072 0.1893 0.3758
vn -0.8825 0.2961 0.3655
vn -0.9368 0.2960 0.1863
vn -0.9552 0.2961 -0.0000
vn -0.8897 0.4208 0.1770
vn -0.9071 0.4209 -0.0000
vn -0.8381 0.4209 0.3471
vn -0.7711 0.5508 0.3194
vn -0.8186 0.5508 0.1628
vn -0.8346 0.5508 -0.0000
vn -0.7288 0.6692 0.1450
vn -0.7431 0.6692 -0.0000
vn -0.6865 0.6692 0.2844
vn -0.5964 0.7637 0.2470
vn -0.6332 0.7637 0.1259
vn -0.6456 0.7637 -0.0000
vn -0.5448 0.8316 0.1084
vn -0.5554 0.8316 -0.0000
vn -0.5131 0.8316 0.2126
vn -0.4439 0.8770 0.1839
vn -0.4712 0.8770 0.0937
vn -0.4804 0.8770 -0.0000
vn -0.4145 0.9063 0.0824
vn -0.4226 0.9063 -0.0000
vn -0.3904 0.9063 0.1617
vn -0.3513 0.9249 0.1455
vn -0.3730 0.9249 0.0742
vn -0.3802 0.9249 -0.0000
vn -0.3500 0.9342 0.0696
vn -0.3568 0.9342 -0.0000
vn -0.3297 0.9342 0.1365
vn -0.3245 0.9363 0.1344
vn -0.3377 0.9357 0.1021
vn -0.3445 0.9363 0.0685
vn -0.3510 0.9357 0.0349
vn -0.3512 0.9363 -0.0000
vn -0.3588 0.9334 -0.0000
vn -0.3586 0.9328 0.0357
vn -0.3520 0.9334 0.0700
vn -0.3624 0.9293 0.0721
vn -0.3694 0.9293 -0.0000
vn -0.3450 0.9328 0.1043
vn -0.3315 0.9334 0.1373
vn -0.3413 0.9293 0.1414
vn -0.3688 0.9168 0.1528
vn -0.3917 0.9168 0.0779
vn -0.3992 0.9168 -0.0000
vn -0.4305 0.8985 0.0856
vn -0.4388 0.8986 -0.0000
vn -0.4054 0.8986 0.1679
vn -0.4450 0.8763 0.1843
vn -0.4726 0.8763 0.0940
vn -0.4817 0.8763 -0.0000
vn -0.5182 0.8490 0.1031
vn -0.5283 0.8491 -0.0000
vn -0.4881 0.8491 0.2022
vn -0.5348 0.8154 0.2215
vn -0.5679 0.8153 0.1130
vn -0.5789 0.8154 -0.0000
vn -0.6215 0.7736 0.1236
vn -0.6336 0.7737 -0.0000
vn -0.5854 0.7737 0.2425
vn -0.6394 0.7218 0.2649
vn -0.6789 0.7217 0.1350
vn -0.6921 0.7218 -0.0000
vn -0.7391 0.6574 0.1470
vn -0.7535 0.6575 -0.0000
vn -0.6961 0.6575 0.2883
vn -0.7536 0.5784 0.3122
vn -0.8001 0.5783 0.1592
vn -0.8157 0.5784 -0.0000
vn -0.8589 0.4828 0.1708
vn -0.8757 0.4829 -0.0000
vn -0.8090 0.4829 0.3351
vn -0.8344 0.4294 0.3456
vn -0.8858 0.4294 0.1762
vn -0.9031 0.4294 -0.0000
vn -0.5102 -0.7897 0.3409
vn -0.7221 -0.4958 0.4825
vn -0.4340 -0.7895 0.4340
vn -0.6141 -0.4958 0.6141
vn -0.6720 -0.3111 0.6720
vn -0.7902 -0.3111 0.5280
vn -0.8211 -0.1577 0.5486
vn -0.6983 -0.1577 0.6983
vn -0.7062 -0.0493 0.7063
vn -0.8305 -0.0493 0.5549
vn -0.8310 0.0335 0.5553
vn -0.7067 0.0335 0.7067
vn -0.7031 0.1063 0.7031
vn -0.8268 0.1063 0.5524
vn -0.8164 0.1893 0.5455
vn -0.6943 0.1893 0.6943
vn -0.6754 0.2961 0.6754
vn -0.7942 0.2960 0.5307
vn -0.7543 0.4208 0.5040
vn -0.6414 0.4209 0.6414
vn -0.5902 0.5508 0.5902
vn -0.6940 0.5508 0.4637
vn -0.6179 0.6692 0.4129
vn -0.5255 0.6692 0.5255
vn -0.4565 0.7637 0.4565
vn -0.5368 0.7637 0.3587
vn -0.4618 0.8316 0.3086
vn -0.3927 0.8316 0.3927
vn -0.3397 0.8770 0.3397
vn -0.3995 0.8770 0.2669
vn -0.3514 0.9063 0.2348
vn -0.2988 0.9063 0.2988
vn -0.2689 0.9249 0.2689
vn -0.3162 0.9249 0.2113
vn -0.2967 0.9342 0.1983
vn -0.2523 0.9342 0.2523
vn -0.2483 0.9363 0.2484
vn -0.2729 0.9357 0.2235
vn -0.2921 0.9363 0.1952
vn -0.3109 0.9357 0.1666
vn -0.3177 0.9328 0.1702
vn -0.2984 0.9334 0.1994
vn -0.3072 0.9293 0.2053
vn -0.2788 0.9328 0.2283
vn -0.2537 0.9334 0.2537
vn -0.2612 0.9293 0.2612
vn -0.2823 0.9168 0.2823
vn -0.3320 0.9168 0.2219
vn -0.3649 0.8985 0.2439
vn -0.3103 0.8986 0.3103
vn -0.3406 0.8763 0.3406
vn -0.4006 0.8763 0.2677
vn -0.4394 0.8490 0.2936
vn -0.3736 0.8491 0.3736
vn -0.4093 0.8154 0.4093
vn -0.4814 0.8153 0.3217
vn -0.5269 0.7736 0.3521
vn -0.4480 0.7737 0.4480
vn -0.4894 0.7218 0.4894
vn -0.5755 0.7217 0.3846
vn -0.6266 0.6574 0.4187
vn -0.5328 0.6575 0.5328
vn -0.5768 0.5784 0.5768
vn -0.6783 0.5783 0.4532
vn -0.7281 0.4828 0.4865
vn -0.6192 0.4829 0.6192
vn -0.6386 0.4294 0.6386
vn -0.7509 0.4294 0.5017
vn -0.3409 -0.7897 0.5101
vn -0.4825 -0.4958 0.7221
vn -0.2349 -0.7895 0.5671
vn -0.3323 -0.4958 0.8023
vn -0.3637 -0.3111 0.8780
vn -0.5280 -0.3111 0.7902
vn -0.5486 -0.1576 0.8211
vn -0.3779 -0.1577 0.9123
vn -0.3822 -0.0493 0.9228
vn -0.5549 -0.0493 0.8305
vn -0.5553 0.0335 0.8310
vn -0.3825 0.0335 0.9234
vn -0.3805 0.1063 0.9186
vn -0.5524 0.1063 0.8268
vn -0.5455 0.1893 0.8164
vn -0.3758 0.1893 0.9072
vn -0.3655 0.2961 0.8825
vn -0.5307 0.2961 0.7942
vn -0.5040 0.4208 0.7543
vn -0.3471 0.4209 0.8381
vn -0.3194 0.5508 0.7711
vn -0.4637 0.5508 0.6940
vn -0.4129 0.6691 0.6179
vn -0.2844 0.6692 0.6866
vn -0.2471 0.7637 0.5964
vn -0.3587 0.7637 0.5368
vn -0.3086 0.8316 0.4618
vn -0.2126 0.8316 0.5131
vn -0.1838 0.8770 0.4439
vn -0.2669 0.8770 0.3995
vn -0.2348 0.9063 0.3514
vn -0.1617 0.9063 0.3904
vn -0.1455 0.9249 0.3513
vn -0.2113 0.9249 0.3162
vn -0.1983 0.9342 0.2967
vn -0.1365 0.9342 0.3297
vn -0.1344 0.9363 0.3245
vn -0.1666 0.9357 0.3109
vn -0.1952 0.9363 0.2921
vn -0.2235 0.9357 0.2729
vn -0.2284 0.9328 0.2788
vn -0.1994 0.9334 0.2984
vn -0.2053 0.9293 0.3072
vn -0.1702 0.9328 0.3177
vn -0.1373 0.9334 0.3315
vn -0.1414 0.9293 0.3413
vn -0.1528 0.9168 0.3689
vn -0.2219 0.9168 0.3320
vn -0.2439 0.8985 0.3649
vn -0.1679 0.8986 0.4054
vn -0.1843 0.8763 0.4450
vn -0.2677 0.8763 0.4006
vn -0.2936 0.8490 0.4394
vn -0.2022 0.8491 0.4881
vn -0.2215 0.8154 0.5348
vn -0.3217 0.8153 0.4814
vn -0.3521 0.7736 0.5269
vn -0.2425 0.7737 0.5854
vn -0.2649 0.7218 0.6394
vn -0.3846 0.7217 0.5755
vn -0.4187 0.6574 0.6266
vn -0.2883 0.6575 0.6961
vn -0.3122 0.5784 0.7536
vn -0.4532 0.5783 0.6783
vn -0.4865 0.4828 0.7281
vn -0.3351 0.4829 0.8090
vn -0.3456 0.4294 0.8343
vn -0.5018 0.4294 0.7509
vn -0.1197 -0.7897 0.6018
vn -0.1694 -0.4958 0.8517
vn -0.0000 -0.7895 0.6138
vn -0.0000 -0.4958 0.8684
vn -0.0000 -0.3111 0.9504
vn -0.1854 -0.3111 0.9321
vn -0.1926 -0.1576 0.9685
vn -0.0000 -0.1577 0.9875
vn -0.0000 -0.0493 0.9988
vn -0.1949 -0.0493 0.9796
vn -0.1950 0.0334 0.9802
vn -0.0000 0.0335 0.9994
vn -0.0000 0.1063 0.9943
vn -0.1940 0.1063 0.9752
vn -0.1916 0.1893 0.9630
vn -0.0000 0.1893 0.9819
vn -0.0000 0.2961 0.9552
vn -0.1863 0.2961 0.9368
vn -0.1770 0.4208 0.8897
vn -0.0000 0.4209 0.9071
vn -0.0000 0.5508 0.8347
vn -0.1628 0.5508 0.8186
vn -0.1450 0.6691 0.7288
vn -0.0000 0.6692 0.7431
vn -0.0000 0.7637 0.6456
vn -0.1259 0.7637 0.6332
vn -0.1084 0.8316 0.5448
vn -0.0000 0.8316 0.5554
vn -0.0000 0.8770 0.4804
vn -0.0937 0.8770 0.4712
vn -0.0824 0.9063 0.4145
vn -0.0000 0.9063 0.4225
vn -0.0000 0.9249 0.3803
vn -0.0742 0.9249 0.3730
vn -0.0696 0.9342 0.3500
vn -0.0000 0.9342 0.3568
vn -0.0000 0.9363 0.3512
vn -0.0349 0.9357 0.3510
vn -0.0685 0.9363 0.3445
vn -0.1021 0.9357 0.3377
vn -0.1043 0.9328 0.3449
vn -0.0700 0.9334 0.3520
vn -0.0721 0.9293 0.3623
vn -0.0357 0.9328 0.3586
vn -0.0000 0.9334 0.3588
vn -0.0000 0.9293 0.3694
vn -0.0000 0.9168 0.3992
vn -0.0779 0.9168 0.3917
vn -0.0856 0.8985 0.4305
vn -0.0000 0.8986 0.4388
vn -0.0000 0.8763 0.4817
vn -0.0940 0.8763 0.4726
vn -0.1031 0.8490 0.5183
vn -0.0000 0.8491 0.5283
vn -0.0000 0.8154 0.5789
vn -0.1130 0.8153 0.5679
vn -0.1236 0.7736 0.6215
vn -0.0000 0.7737 0.6336
vn -0.0000 0.7218 0.6921
vn -0.1350 0.7217 0.6789
vn -0.1470 0.6574 0.7391
vn -0.0000 0.6575 0.7535
vn -0.0000 0.5784 0.8157
vn -0.1592 0.5783 0.8001
vn -0.1709 0.4828 0.8589
vn -0.0000 0.4829 0.8757
vn -0.0000 0.4294 0.9031
vn -0.1762 0.4294 0.8858
vn 0.1197 -0.7897 0.6018
vn 0.1694 -0.4958 0.8517
vn 0.2349 -0.7895 0.5671
vn 0.3323 -0.4958 0.8023
vn 0.3637 -0.3111 0.8780
vn 0.1854 -0.3111 0.9321
vn 0.1926 -0.1576 0.9685
vn 0.3779 -0.1577 0.9123
vn 0.3822 -0.0493 0.9228
vn 0.1949 -0.0493 0.9796
vn 0.1950 0.0335 0.9802
vn 0.3825 0.0335 0.9234
vn 0.3805 0.1063 0.9186
vn 0.1940 0.1063 0.9752
vn 0.1916 0.1893 0.9630
vn 0.3758 0.1893 0.9072
vn 0.3655 0.2961 0.8825
vn 0.1863 0.2961 0.9368
vn 0.1770 0.4208 0.8897
vn 0.3471 0.4209 0.8381
vn 0.3194 0.5508 0.7711
vn 0.1628 0.5508 0.8186
vn 0.1450 0.6692 0.7288
vn 0.2844 0.6692 0.6866
vn 0.2470 0.7637 0.5964
vn 0.1259 0.7637 0.6332
vn 0.1084 0.8316 0.5448
vn 0.2125 0.8316 0.5131
vn 0.1838 0.8770 0.4439
vn 0.0937 0.8770 0.4712
vn 0.0824 0.9063 0.4145
vn 0.1617 0.9063 0.3904
vn 0.1455 0.9249 0.3513
vn 0.0742 0.9249 0.3730
vn 0.0696 0.9342 0.3500
vn 0.1365 0.9342 0.3297
vn 0.1344 0.9363 0.3245
vn 0.1021 0.9357 0.3377
vn 0.0685 0.9363 0.3445
vn 0.0349 0.9357 0.3510
vn 0.0357 0.9328 0.3586
vn 0.0700 0.9334 0.3520
vn 0.0721 0.9293 0.3623
vn 0.1043 0.9328 0.3449
vn 0.1373 0.9334 0.3315
vn 0.1414 0.9293 0.3413
vn 0.1528 0.9168 0.3689
vn 0.0779 0.9168 0.3917
vn 0.0856 0.8985 0.4305
vn 0.1679 0.8986 0.4054
vn 0.1843 0.8763 0.4450
vn 0.0940 0.8763 0.4726
vn 0.1031 0.8490 0.5183
vn 0.2022 0.8491 0.4881
vn 0.2215 0.8154 0.5348
vn 0.1130 0.8153 0.5679
vn 0.1236 0.7736 0.6215
vn 0.2425 0.7737 0.5854
vn 0.2649 0.7218 0.6394
vn 0.1350 0.7217 0.6789
vn 0.1470 0.6574 0.7391
vn 0.2883 0.6575 0.6961
vn 0.3122 0.5784 0.7536
vn 0.1592 0.5783 0.8001
vn 0.1708 0.4828 0.8589
vn 0.3351 0.4829 0.8090
vn 0.3456 0.4294 0.8343
vn 0.1762 0.4294 0.8858
vn 0.3409 -0.7896 0.5102
vn 0.4825 -0.4958 0.7221
vn 0.4341 -0.7894 0.4341
vn 0.6141 -0.4958 0.6141
vn 0.6720 -0.3111 0.6720
vn 0.5280 -0.3111 0.7902
vn 0.5486 -0.1576 0.8211
vn 0.6983 -0.1577 0.6983
vn 0.7062 -0.0493 0.7062
vn 0.5549 -0.0493 0.8305
vn 0.5553 0.0335 0.8310
vn 0.7067 0.0335 0.7067
vn 0.7031 0.1063 0.7031
vn 0.5524 0.1063 0.8268
vn 0.5455 0.1893 0.8164
vn 0.6943 0.1893 0.6943
vn 0.6754 0.2961 0.6754
vn 0.5307 0.2961 0.7942
vn 0.5040 0.4208 0.7543
vn 0.6414 0.4209 0.6414
vn 0.5902 0.5508 0.5902
vn 0.4637 0.5508 0.6940
vn 0.4129 0.6691 0.6179
vn 0.5255 0.6692 0.5255
vn 0.4565 0.7637 0.4565
vn 0.3587 0.7637 0.5368
vn 0.3086 0.8316 0.4618
vn 0.3927 0.8316 0.3927
vn 0.3397 0.8770 0.3397
vn 0.2669 0.8770 0.3995
vn 0.2348 0.9063 0.3514
vn 0.2988 0.9063 0.2988
vn 0.2689 0.9249 0.2689
vn 0.2113 0.9249 0.3162
vn 0.1983 0.9342 0.2967
vn 0.2523 0.9342 0.2523
vn 0.2483 0.9363 0.2484
vn 0.2235 0.9357 0.2729
vn 0.1952 0.9363 0.2921
vn 0.1666 0.9357 0.3109
vn 0.1702 0.9328 0.3177
vn 0.1994 0.9334 0.2984
vn 0.2053 0.9293 0.3072
vn 0.2284 0.9328 0.2788
vn 0.2537 0.9334 0.2537
vn 0.2612 0.9293 0.2612
vn 0.2823 0.9168 0.2823
vn 0.2219 0.9168 0.3320
vn 0.2438 0.8985 0.3649
vn 0.3103 0.8986 0.3103
vn 0.3406 0.8763 0.3406
vn 0.2677 0.8763 0.4006
vn 0.2936 0.8490 0.4394
vn 0.3736 0.8491 0.3736
vn 0.4093 0.8154 0.4093
vn 0.3217 0.8153 0.4814
vn 0.3521 0.7736 0.5269
vn 0.4480 0.7737 0.4480
vn 0.4894 0.7218 0.4894
vn 0.3846 0.7217 0.5755
vn 0.4187 0.6574 0.6266
vn 0.5328 0.6575 0.5328
vn 0.5768 0.5784 0.5768
vn 0.4532 0.5783 0.6783
vn 0.4865 0.4828 0.7281
vn 0.6192 0.4829 0.6192
vn 0.6386 0.4294 0.6386
vn 0.5018 0.4294 0.7509
vn 0.5102 -0.7897 0.3408
vn 0.7221 -0.4958 0.4825
vn 0.5671 -0.7895 0.2349
vn 0.8023 -0.4958 0.3323
vn 0.8780 -0.3111 0.3637
vn 0.7902 -0.3111 0.5280
vn 0.8211 -0.1577 0.5486
vn 0.9123 -0.1577 0.3779
vn 0.9228 -0.0493 0.3822
vn 0.8305 -0.0493 0.5549
vn 0.8310 0.0335 0.5553
vn 0.9234 0.0335 0.3825
vn 0.9186 0.1063 0.3805
vn 0.8268 0.1063 0.5524
vn 0.8164 0.1893 0.5455
vn 0.9072 0.1893 0.3758
vn 0.8825 0.2961 0.3655
vn 0.7942 0.2960 0.5307
vn 0.7543 0.4208 0.5040
vn 0.8381 0.4209 0.3471
vn 0.7711 0.5508 0.3194
vn 0.6940 0.5508 0.4637
vn 0.6179 0.6692 0.4129
vn 0.6865 0.6692 0.2844
vn 0.5964 0.7637 0.2470
vn 0.5368 0.7637 0.3587
vn 0.4618 0.8316 0.3086
vn 0.5131 0.8316 0.2126
vn 0.4439 0.8770 0.1839
vn 0.3995 0.8770 0.2669
vn 0.3514 0.9063 0.2348
vn 0.3904 0.9063 0.1617
vn 0.3513 0.9249 0.1455
vn 0.3162 0.9249 0.2113
vn 0.2967 0.9342 0.1983
vn 0.3296 0.9342 0.1365
vn 0.3245 0.9363 0.1344
vn 0.3109 0.9357 0.1666
vn 0.2921 0.9363 0.1952
vn 0.2729 0.9357 0.2235
vn 0.2788 0.9328 0.2283
vn 0.2984 0.9334 0.1994
vn 0.3072 0.9293 0.2053
vn 0.3177 0.9328 0.1702
vn 0.3315 0.9334 0.1373
vn 0.3413 0.9293 0.1414
vn 0.3689 0.9168 0.1528
vn 0.3320 0.9168 0.2219
vn 0.3650 0.8985 0.2439
vn 0.4054 0.8986 0.1679
vn 0.4450 0.8763 0.1843
vn 0.4006 0.8763 0.2677
vn 0.4394 0.8490 0.2936
vn 0.4881 0.8491 0.2022
vn 0.5348 0.8154 0.2215
vn 0.4814 0.8153 0.3217
vn 0.5269 0.7736 0.3521
vn 0.5854 0.7737 0.2425
vn 0.6394 0.7218 0.2649
vn 0.5755 0.7217 0.3846
vn 0.6266 0.6574 0.4187
vn 0.6961 0.6575 0.2883
vn 0.7536 0.5784 0.3122
vn 0.6783 0.5783 0.4532
vn 0.7281 0.4828 0.4865
vn 0.8090 0.4829 0.3351
vn 0.8344 0.4294 0.3456
vn 0.7509 0.4294 0.5018
vn 0.6018 -0.7897 0.1197
vn 0.8517 -0.4958 0.1694
vn 0.6138 -0.7895 -0.0000
vn 0.8684 -0.4958 -0.0000
vn 0.9504 -0.3111 -0.0000
vn 0.9321 -0.3111 0.1854
vn 0.9685 -0.1577 0.1926
vn 0.9875 -0.1577 -0.0000
vn 0.9988 -0.0493 -0.0000
vn 0.9796 -0.0493 0.1949
vn 0.9802 0.0335 0.1950
vn 0.9994 0.0335 -0.0000
vn 0.9943 0.1063 -0.0000
vn 0.9752 0.1063 0.1940
vn 0.9631 0.1893 0.1916
vn 0.9819 0.1893 -0.0000
vn 0.9552 0.2961 -0.0000
vn 0.9368 0.2960 0.1863
vn 0.8897 0.4208 0.1770
vn 0.9071 0.4209 -0.0000
vn 0.8346 0.5508 -0.0000
vn 0.8186 0.5508 0.1628
vn 0.7288 0.6692 0.1450
vn 0.7431 0.6692 -0.0000
vn 0.6456 0.7637 -0.0000
vn 0.6332 0.7637 0.1259
vn 0.5448 0.8316 0.1084
vn 0.5554 0.8316 -0.0000
vn 0.4804 0.8770 -0.0000
vn 0.4712 0.8770 0.0937
vn 0.4145 0.9063 0.0824
vn 0.4225 0.9063 -0.0000
vn 0.3803 0.9249 -0.0000
vn 0.3730 0.9249 0.0742
vn 0.3500 0.9342 0.0696
vn 0.3568 0.9342 -0.0000
vn 0.3512 0.9363 -0.0000
vn 0.3510 0.9357 0.0349
vn 0.3445 0.9363 0.0685
vn 0.3376 0.9357 0.1021
vn 0.3450 0.9328 0.1043
vn 0.3520 0.9334 0.0700
vn 0.3624 0.9292 0.0721
vn 0.3586 0.9328 0.0357
vn 0.3588 0.9334 -0.0000
vn 0.3694 0.9293 -0.0000
vn 0.3992 0.9168 -0.0000
vn 0.3917 0.9168 0.0779
vn 0.4305 0.8985 0.0856
vn 0.4388 0.8986 -0.0000
vn 0.4817 0.8763 -0.0000
vn 0.4726 0.8763 0.0940
vn 0.5182 0.8490 0.1031
vn 0.5283 0.8491 -0.0000
vn 0.5789 0.8154 -0.0000
vn 0.5679 0.8153 0.1130
vn 0.6215 0.7736 0.1236
vn 0.6336 0.7737 -0.0000
vn 0.6921 0.7218 -0.0000
vn 0.6789 0.7217 0.1350
vn 0.7391 0.6574 0.1470
vn 0.7535 0.6575 -0.0000
vn 0.8157 0.5784 -0.0000
vn 0.8001 0.5783 0.1592
vn 0.8589 0.4828 0.1708
vn 0.8757 0.4829 -0.0000
vn 0.9031 0.4294 -0.0000
vn 0.8858 0.4294 0.1762
vn 0.6017 -0.7897 -0.1197
vn 0.8517 -0.4958 -0.1694
vn 0.5671 -0.7895 -0.2349
vn 0.8023 -0.4958 -0.3323
vn 0.8780 -0.3111 -0.3637
vn 0.9321 -0.3111 -0.1854
vn 0.9685 -0.1577 -0.1927
vn 0.9123 -0.1577 -0.3779
vn 0.9228 -0.0493 -0.3822
vn 0.9796 -0.0493 -0.1949
vn 0.9802 0.0335 -0.1950
vn 0.9234 0.0335 -0.3825
vn 0.9186 0.1063 -0.3805
vn 0.9752 0.1063 -0.1940
vn 0.9631 0.1893 -0.1916
vn 0.9072 0.1893 -0.3758
vn 0.8825 0.2961 -0.3655
vn 0.9368 0.2960 -0.1863
vn 0.8897 0.4208 -0.1770
vn 0.8381 0.4209 -0.3471
vn 0.7711 0.5508 -0.3194
vn 0.8186 0.5508 -0.1628
vn 0.7288 0.6692 -0.1450
vn 0.6865 0.6692 -0.2844
vn 0.5964 0.7637 -0.2471
vn 0.6332 0.7637 -0.1259
vn 0.5448 0.8316 -0.1084
vn 0.5131 0.8316 -0.2125
vn 0.4439 0.8770 -0.1839
vn 0.4712 0.8770 -0.0937
vn 0.4145 0.9063 -0.0824
vn 0.3904 0.9063 -0.1617
vn 0.3513 0.9249 -0.1455
vn 0.3730 0.9249 -0.0742
vn 0.3500 0.9342 -0.0696
vn 0.3296 0.9342 -0.1365
vn 0.3245 0.9363 -0.1344
vn 0.3377 0.9357 -0.1021
vn 0.3445 0.9363 -0.0685
vn 0.3510 0.9357 -0.0349
vn 0.3586 0.9328 -0.0357
vn 0.3520 0.9334 -0.0700
vn 0.3624 0.9292 -0.0721
vn 0.3450 0.9328 -0.1043
vn 0.3315 0.9334 -0.1373
vn 0.3413 0.9293 -0.1414
vn 0.3688 0.9169 -0.1528
vn 0.3916 0.9168 -0.0779
vn 0.4305 0.8985 -0.0856
vn 0.4054 0.8986 -0.1679
vn 0.4451 0.8763 -0.1843
vn 0.4726 0.8763 -0.0940
vn 0.5183 0.8490 -0.1031
vn 0.4881 0.8491 -0.2022
vn 0.5348 0.8154 -0.2215
vn 0.5679 0.8153 -0.1130
vn 0.6215 0.7736 -0.1236
vn 0.5854 0.7737 -0.2425
vn 0.6394 0.7218 -0.2649
vn 0.6789 0.7217 -0.1350
vn 0.7391 0.6574 -0.1470
vn 0.6961 0.6575 -0.2883
vn 0.7536 0.5784 -0.3122
vn 0.8001 0.5783 -0.1592
vn 0.8589 0.4828 -0.1708
vn 0.8090 0.4829 -0.3351
vn 0.8343 0.4294 -0.3456
vn 0.8858 0.4294 -0.1762
vn 0.5101 -0.7897 -0.3408
vn 0.7221 -0.4958 -0.4825
vn 0.4340 -0.7895 -0.4340
vn 0.6141 -0.4958 -0.6141
vn 0.6720 -0.3111 -0.6720
vn 0.7902 -0.3111 -0.5280
vn 0.8211 -0.1577 -0.5486
vn 0.6983 -0.1577 -0.6983
vn 0.7062 -0.0493 -0.7062
vn 0.8305 -0.0493 -0.5549
vn 0.8310 0.0335 -0.5553
vn 0.7067 0.0335 -0.7067
vn 0.7031 0.1063 -0.7031
vn 0.8268 0.1063 -0.5524
vn 0.8164 0.1893 -0.5455
vn 0.6943 0.1893 -0.6943
vn 0.6754 0.2961 -0.6754
vn 0.7942 0.2960 -0.5307
vn 0.7543 0.4208 -0.5040
vn 0.6414 0.4209 -0.6414
vn 0.5902 0.5508 -0.5902
vn 0.6940 0.5508 -0.4637
vn 0.6179 0.6692 -0.4129
vn 0.5255 0.6692 -0.5255
vn 0.4565 0.7637 -0.4565
vn 0.5368 0.7637 -0.3587
vn 0.4618 0.8316 -0.3086
vn 0.3927 0.8316 -0.3927
vn 0.3397 0.8770 -0.3397
vn 0.3995 0.8770 -0.2669
vn 0.3514 0.9063 -0.2348
vn 0.2988 0.9063 -0.2988
vn 0.2689 0.9249 -0.2689
vn 0.3162 0.9249 -0.2113
vn 0.2967 0.9342 -0.1983
vn 0.2523 0.9342 -0.2523
vn 0.2483 0.9363 -0.2483
vn 0.2729 0.9357 -0.2235
vn 0.2921 0.9363 -0.1951
vn 0.3109 0.9357 -0.1666
vn 0.3177 0.9328 -0.1702
vn 0.2984 0.9334 -0.1994
vn 0.3072 0.9293 -0.2053
vn 0.2788 0.9328 -0.2283
vn 0.2537 0.9334 -0.2537
vn 0.2612 0.9293 -0.2612
vn 0.2823 0.9168 -0.2823
vn 0.3320 0.9168 -0.2218
vn 0.3649 0.8985 -0.2438
vn 0.3103 0.8986 -0.3103
vn 0.3406 0.8763 -0.3406
vn 0.4006 0.8763 -0.2677
vn 0.4394 0.8490 -0.2936
vn 0.3736 0.8490 -0.3736
vn 0.4093 0.8154 -0.4093
vn 0.4814 0.8153 -0.3217
vn 0.5269 0.7736 -0.3521
vn 0.4480 0.7737 -0.4480
vn 0.4894 0.7218 -0.4894
vn 0.5756 0.7217 -0.3846
vn 0.6266 0.6574 -0.4187
vn 0.5328 0.6575 -0.5328
vn 0.5768 0.5784 -0.5768
vn 0.6783 0.5783 -0.4532
vn 0.7281 0.4828 -0.4865
vn 0.6192 0.4829 -0.6192
vn 0.6386 0.4295 -0.6386
vn 0.7509 0.4294 -0.5018
vn 0.3408 -0.7896 -0.5102
vn 0.4825 -0.4958 -0.7221
vn 0.2349 -0.7895 -0.5671
vn 0.3323 -0.4958 -0.8023
vn 0.3637 -0.3111 -0.8780
vn 0.5280 -0.3111 -0.7902
vn 0.5486 -0.1576 -0.8211
vn 0.3779 -0.1577 -0.9123
vn 0.3822 -0.0493 -0.9228
vn 0.5549 -0.0493 -0.8305
vn 0.5553 0.0335 -0.8310
vn 0.3825 0.0335 -0.9234
vn 0.3805 0.1063 -0.9186
vn 0.5524 0.1063 -0.8268
vn 0.5455 0.1893 -0.8164
vn 0.3758 0.1893 -0.9072
vn 0.3655 0.2961 -0.8825
vn 0.5307 0.2961 -0.7942
vn 0.5040 0.4208 -0.7543
vn 0.3471 0.4209 -0.8381
vn 0.3194 0.5508 -0.7711
vn 0.4637 0.5508 -0.6940
vn 0.4129 0.6692 -0.6179
vn 0.2844 0.6692 -0.6865
vn 0.2470 0.7637 -0.5964
vn 0.3587 0.7637 -0.5368
vn 0.3086 0.8316 -0.4618
vn 0.2126 0.8316 -0.5131
vn 0.1838 0.8770 -0.4438
vn 0.2669 0.8770 -0.3995
vn 0.2348 0.9063 -0.3514
vn 0.1617 0.9063 -0.3904
vn 0.1455 0.9249 -0.3513
vn 0.2113 0.9249 -0.3162
vn 0.1983 0.9342 -0.2967
vn 0.1365 0.9342 -0.3296
vn 0.1344 0.9363 -0.3245
vn 0.1666 0.9357 -0.3109
vn 0.1951 0.9363 -0.2921
vn 0.2235 0.9357 -0.2729
vn 0.2283 0.9328 -0.2788
vn 0.1994 0.9334 -0.2984
vn 0.2053 0.9292 -0.3072
vn 0.1702 0.9328 -0.3177
vn 0.1373 0.9334 -0.3315
vn 0.1414 0.9293 -0.3413
vn 0.1528 0.9168 -0.3688
vn 0.2219 0.9168 -0.3320
vn 0.2438 0.8985 -0.3649
vn 0.1679 0.8986 -0.4054
vn 0.1843 0.8763 -0.4451
vn 0.2677 0.8763 -0.4006
vn 0.2936 0.8490 -0.4394
vn 0.2022 0.8491 -0.4881
vn 0.2215 0.8154 -0.5348
vn 0.3217 0.8153 -0.4814
vn 0.3521 0.7736 -0.5269
vn 0.2425 0.7737 -0.5854
vn 0.2649 0.7218 -0.6394
vn 0.3846 0.7217 -0.5755
vn 0.4187 0.6574 -0.6266
vn 0.2883 0.6575 -0.6961
vn 0.3122 0.5784 -0.7536
vn 0.4532 0.5783 -0.6783
vn 0.4865 0.4828 -0.7281
vn 0.3351 0.4829 -0.8090
vn 0.3456 0.4295 -0.8344
vn 0.5017 0.4294 -0.7509
vn 0.1197 -0.7897 -0.6018
vn 0.1694 -0.4958 -0.8517
vn -0.0000 -0.7895 -0.6138
vn -0.0000 -0.4958 -0.8684
vn -0.0000 -0.3111 -0.9504
vn 0.1854 -0.3111 -0.9321
vn 0.1927 -0.1576 -0.9685
vn -0.0000 -0.1577 -0.9875
vn -0.0000 -0.0493 -0.9988
vn 0.1949 -0.0493 -0.9796
vn 0.1950 0.0335 -0.9802
vn -0.0000 0.0335 -0.9994
vn -0.0000 0.1063 -0.9943
vn 0.1940 0.1063 -0.9752
vn 0.1916 0.1893 -0.9630
vn -0.0000 0.1893 -0.9819
vn -0.0000 0.2961 -0.9552
vn 0.1863 0.2961 -0.9368
vn 0.1770 0.4208 -0.8897
vn -0.0000 0.4209 -0.9071
vn -0.0000 0.5508 -0.8347
vn 0.1628 0.5508 -0.8186
vn 0.1450 0.6691 -0.7289
vn -0.0000 0.6692 -0.7431
vn -0.0000 0.7637 -0.6456
vn 0.1259 0.7637 -0.6332
vn 0.1084 0.8316 -0.5448
vn -0.0000 0.8316 -0.5554
vn -0.0000 0.8770 -0.4804
vn 0.0937 0.8770 -0.4712
vn 0.0824 0.9063 -0.4145
vn -0.0000 0.9063 -0.4225
vn -0.0000 0.9249 -0.3803
vn 0.0742 0.9249 -0.3730
vn 0.0696 0.9342 -0.3500
vn -0.0000 0.9342 -0.3568
vn -0.0000 0.9363 -0.3512
vn 0.0349 0.9357 -0.3510
vn 0.0685 0.9363 -0.3445
vn 0.1021 0.9357 -0.3376
vn 0.1043 0.9328 -0.3449
vn 0.0700 0.9334 -0.3520
vn 0.0721 0.9292 -0.3624
vn 0.0357 0.9328 -0.3586
vn -0.0000 0.9334 -0.3588
vn -0.0000 0.9293 -0.3694
vn -0.0000 0.9168 -0.3992
vn 0.0779 0.9168 -0.3916
vn 0.0856 0.8985 -0.4305
vn -0.0000 0.8986 -0.4388
vn -0.0000 0.8763 -0.4817
vn 0.0940 0.8763 -0.4726
vn 0.1031 0.8490 -0.5183
vn -0.0000 0.8491 -0.5283
vn -0.0000 0.8154 -0.5789
vn 0.1130 0.8153 -0.5679
vn 0.1236 0.7736 -0.6215
vn -0.0000 0.7737 -0.6336
vn -0.0000 0.7218 -0.6921
vn 0.1350 0.7217 -0.6789
vn 0.1470 0.6574 -0.7391
vn -0.0000 0.6575 -0.7535
vn -0.0000 0.5784 -0.8157
vn 0.1592 0.5783 -0.8001
vn 0.1708 0.4828 -0.8589
vn -0.0000 0.4829 -0.8757
vn -0.0000 0.4294 -0.9031
vn 0.1762 0.4294 -0.8858
vn -0.1197 -0.7897 -0.6018
vn -0.1694 -0.4958 -0.8517
vn -0.2349 -0.7895 -0.5671
vn -0.3323 -0.4958 -0.8023
vn -0.3637 -0.3111 -0.8780
vn -0.1854 -0.3111 -0.9321
vn -0.1927 -0.1576 -0.9685
vn -0.3779 -0.1577 -0.9123
vn -0.3822 -0.0493 -0.9228
vn -0.1949 -0.0493 -0.9796
vn -0.1950 0.0334 -0.9802
vn -0.3825 0.0335 -0.9234
vn -0.3805 0.1063 -0.9186
vn -0.1940 0.1063 -0.9752
vn -0.1916 0.1893 -0.9630
vn -0.3758 0.1893 -0.9072
vn -0.3655 0.2961 -0.8825
vn -0.1863 0.2961 -0.9368
vn -0.1770 0.4208 -0.8897
vn -0.3471 0.4209 -0.8381
vn -0.3194 0.5508 -0.7711
vn -0.1628 0.5508 -0.8186
vn -0.1450 0.6691 -0.7288
vn -0.2844 0.6692 -0.6865
vn -0.2471 0.7637 -0.5964
vn -0.1260 0.7637 -0.6332
vn -0.1084 0.8316 -0.5448
vn -0.2126 0.8316 -0.5131
vn -0.1838 0.8770 -0.4438
vn -0.0937 0.8770 -0.4712
vn -0.0824 0.9063 -0.4145
vn -0.1617 0.9063 -0.3904
vn -0.1455 0.9249 -0.3513
vn -0.0742 0.9249 -0.3730
vn -0.0696 0.9342 -0.3500
vn -0.1365 0.9342 -0.3296
vn -0.1344 0.9363 -0.3245
vn -0.1021 0.9357 -0.3376
vn -0.0685 0.9363 -0.3445
vn -0.0349 0.9357 -0.3510
vn -0.0357 0.9328 -0.3586
vn -0.0700 0.9334 -0.3520
vn -0.0721 0.9292 -0.3624
vn -0.1043 0.9328 -0.3450
vn -0.1373 0.9334 -0.3315
vn -0.1414 0.9293 -0.3413
vn -0.1528 0.9168 -0.3688
vn -0.0779 0.9168 -0.3916
vn -0.0856 0.8985 -0.4305
vn -0.1679 0.8986 -0.4054
vn -0.1843 0.8763 -0.4451
vn -0.0940 0.8763 -0.4726
vn -0.1031 0.8490 -0.5183
vn -0.2022 0.8491 -0.4881
vn -0.2215 0.8154 -0.5348
vn -0.1130 0.8153 -0.5679
vn -0.1236 0.7736 -0.6215
vn -0.2425 0.7737 -0.5854
vn -0.2649 0.7218 -0.6394
vn -0.1350 0.7217 -0.6789
vn -0.1470 0.6574 -0.7391
vn -0.2883 0.6575 -0.6961
vn -0.3122 0.5784 -0.7536
vn -0.1592 0.5783 -0.8001
vn -0.1708 0.4828 -0.8589
vn -0.3351 0.4829 -0.8090
vn -0.3456 0.4295 -0.8343
vn -0.1762 0.4294 -0.8858
vn -0.3409 -0.7897 -0.5101
vn -0.4825 -0.4958 -0.7221
vn -0.4340 -0.7895 -0.4340
vn -0.6141 -0.4958 -0.6141
vn -0.6720 -0.3111 -0.6720
vn -0.5280 -0.3111 -0.7902
vn -0.5486 -0.1576 -0.8211
vn -0.6983 -0.1577 -0.6983
vn -0.7062 -0.0493 -0.7062
vn -0.5549 -0.0493 -0.8305
vn -0.5553 0.0335 -0.8310
vn -0.7067 0.0335 -0.7067
vn -0.7031 0.1063 -0.7031
vn -0.5524 0.1063 -0.8268
vn -0.5455 0.1893 -0.8164
vn -0.6943 0.1893 -0.6943
vn -0.6754 0.2961 -0.6754
vn -0.5307 0.2961 -0.7942
vn -0.5040 0.4208 -0.7543
vn -0.6414 0.4209 -0.6414
vn -0.5902 0.5508 -0.5902
vn -0.4637 0.5508 -0.6940
vn -0.4129 0.6692 -0.6179
vn -0.5255 0.6692 -0.5255
vn -0.4565 0.7637 -0.4565
vn -0.3587 0.7637 -0.5368
vn -0.3086 0.8316 -0.4618
vn -0.3927 0.8316 -0.3927
vn -0.3397 0.8770 -0.3397
vn -0.2669 0.8770 -0.3995
vn -0.2348 0.9063 -0.3514
vn -0.2988 0.9063 -0.2988
vn -0.2689 0.9249 -0.2689
vn -0.2113 0.9249 -0.3162
vn -0.1983 0.9342 -0.2967
vn -0.2523 0.9342 -0.2523
vn -0.2483 0.9363 -0.2483
vn -0.2235 0.9357 -0.2729
vn -0.1951 0.9363 -0.2921
vn -0.1666 0.9357 -0.3109
vn -0.1702 0.9328 -0.3177
vn -0.1994 0.9334 -0.2984
vn -0.2053 0.9292 -0.3072
vn -0.2283 0.9328 -0.2788
vn -0.2537 0.9334 -0.2537
vn -0.2612 0.9293 -0.2612
vn -0.2823 0.9168 -0.2823
vn -0.2218 0.9168 -0.3320
vn -0.2438 0.8985 -0.3649
vn -0.3103 0.8986 -0.3103
vn -0.3406 0.8763 -0.3406
vn -0.2677 0.8763 -0.4006
vn -0.2936 0.8490 -0.4394
vn -0.3736 0.8490 -0.3736
vn -0.4093 0.8154 -0.4093
vn -0.3217 0.8153 -0.4814
vn -0.3521 0.7736 -0.5269
vn -0.4480 0.7737 -0.4480
vn -0.4894 0.7218 -0.4894
vn -0.3846 0.7217 -0.5755
vn -0.4187 0.6574 -0.6266
vn -0.5328 0.6575 -0.5328
vn -0.5768 0.5784 -0.5768
vn -0.4532 0.5783 -0.6783
vn -0.4865 0.4828 -0.7281
vn -0.6192 0.4829 -0.6192
vn -0.6386 0.4295 -0.6386
vn -0.5017 0.4294 -0.7509
vn -0.5101 -0.7897 -0.3409
vn -0.7221 -0.4958 -0.4825
vn -0.5671 -0.7895 -0.2349
vn -0.8023 -0.4958 -0.3323
vn -0.8780 -0.3111 -0.3637
vn -0.7902 -0.3111 -0.5280
vn -0.8211 -0.1576 -0.5486
vn -0.9123 -0.1577 -0.3779
vn -0.9228 -0.0493 -0.3822
vn -0.8305 -0.0493 -0.5549
vn -0.8310 0.0335 -0.5553
vn -0.9234 0.0335 -0.3825
vn -0.9186 0.1063 -0.3805
vn -0.8268 0.1063 -0.5524
vn -0.8164 0.1893 -0.5455
vn -0.9072 0.1893 -0.3758
vn -0.8825 0.2961 -0.3655
vn -0.7942 0.2960 -0.5307
vn -0.7543 0.4208 -0.5040
vn -0.8381 0.4209 -0.3471
vn -0.7711 0.5508 -0.3194
vn -0.6940 0.5508 -0.4637
vn -0.6179 0.6692 -0.4129
vn -0.6865 0.6692 -0.2844
vn -0.5964 0.7637 -0.2471
vn -0.5368 0.7637 -0.3587
vn -0.4618 0.8316 -0.3086
vn -0.5131 0.8316 -0.2125
vn -0.4439 0.8770 -0.1839
vn -0.3995 0.8770 -0.2669
vn -0.3514 0.9063 -0.2348
vn -0.3904 0.9063 -0.1617
vn -0.3513 0.9249 -0.1455
vn -0.3162 0.9249 -0.2113
vn -0.2967 0.9342 -0.1983
vn -0.3296 0.9342 -0.1365
vn -0.3245 0.9363 -0.1344
vn -0.3109 0.9357 -0.1666
vn -0.2921 0.9363 -0.1952
vn -0.2729 0.9357 -0.2235
vn -0.2788 0.9328 -0.2284
vn -0.2984 0.9334 -0.1994
vn -0.3072 0.9293 -0.2053
vn -0.3177 0.9328 -0.1702
vn -0.3315 0.9334 -0.1373
vn -0.3413 0.9293 -0.1414
vn -0.3688 0.9169 -0.1528
vn -0.3320 0.9168 -0.2218
vn -0.3649 0.8985 -0.2439
vn -0.4054 0.8986 -0.1679
vn -0.4451 0.8763 -0.1844
vn -0.4006 0.8763 -0.2677
vn -0.4394 0.8490 -0.2936
vn -0.4881 0.8491 -0.2022
vn -0.5348 0.8154 -0.2215
vn -0.4814 0.8153 -0.3217
vn -0.5269 0.7736 -0.3521
vn -0.5854 0.7737 -0.2425
vn -0.6394 0.7218 -0.2649
vn -0.5755 0.7217 -0.3846
vn -0.6266 0.6574 -0.4187
vn -0.6961 0.6575 -0.2883
vn -0.7536 0.5784 -0.3122
vn -0.6783 0.5783 -0.4532
vn -0.7281 0.4828 -0.4865
vn -0.8090 0.4829 -0.3351
vn -0.8343 0.4294 -0.3456
vn -0.7509 0.4294 -0.5018
vn 0.1435 -0.9887 0.0434
vn -0.0293 -0.9887 0.1472
vn 0.0149 -0.9887 -0.1494
vn 0.1499 -0.9887 -0.0000
vn -0.1322 -0.9887 0.0708
vn -0.0834 -0.9887 -0.1248
vn -0.0708 -0.9887 -0.1322
vn 0.1247 -0.9887 -0.0833
vn -0.1437 -0.9887 0.0434
vn 0.1492 -0.9887 -0.0148
vn 0.0293 -0.9887 0.1472
vn -0.0434 -0.9887 -0.1436
vn -0.1160 -0.9887 -0.0950
vn 0.0834 -0.9887 -0.1248
vn 0.0148 -0.9887 0.1492
vn -0.1472 -0.9887 0.0293
vn -0.1060 -0.9887 -0.1060
vn 0.1322 -0.9887 -0.0708
vn 0.0834 -0.9887 0.1248
vn 0.0708 -0.9887 0.1322
vn -0.1248 -0.9887 0.0834
vn 0.0574 -0.9887 -0.1385
vn 0.1061 -0.9887 0.1061
vn -0.4800 -0.8497 -0.2183
vn -0.0434 -0.9887 0.1435
vn -0.1472 -0.9887 -0.0293
vn 0.1248 -0.9887 0.0834
vn -0.1248 -0.9887 -0.0834
vn 0.1160 -0.9887 0.0950
vn -0.0834 -0.9887 0.1248
vn -0.1494 -0.9887 -0.0149
vn -0.0000 -0.9887 -0.1499
vn 0.0434 -0.9887 -0.1435
vn -0.8517 -0.4958 -0.1694
vn -0.9321 -0.3111 -0.1854
vn -0.9685 -0.1576 -0.1926
vn -0.9796 -0.0493 -0.1949
vn -0.9802 0.0335 -0.1950
vn -0.9752 0.1063 -0.1940
vn -0.9631 0.1893 -0.1916
vn -0.9368 0.2961 -0.1863
vn -0.8897 0.4208 -0.1770
vn -0.8186 0.5508 -0.1628
vn -0.7288 0.6692 -0.1450
vn -0.6332 0.7637 -0.1260
vn -0.5448 0.8316 -0.1084
vn -0.4712 0.8770 -0.0937
vn -0.4145 0.9063 -0.0824
vn -0.3730 0.9249 -0.0742
vn -0.3500 0.9342 -0.0696
vn -0.3510 0.9357 -0.0349
vn -0.3445 0.9363 -0.0685
vn -0.3376 0.9357 -0.1021
vn -0.3450 0.9328 -0.1043
vn -0.3520 0.9334 -0.0700
vn -0.3624 0.9292 -0.0721
vn -0.3586 0.9328 -0.0357
vn -0.3916 0.9168 -0.0779
vn -0.4305 0.8985 -0.0856
vn -0.4726 0.8763 -0.0940
vn -0.5182 0.8490 -0.1031
vn -0.5679 0.8153 -0.1130
vn -0.6215 0.7736 -0.1236
vn -0.6789 0.7217 -0.1350
vn -0.7391 0.6574 -0.1470
vn -0.8001 0.5783 -0.1592
vn -0.8589 0.4828 -0.1708
vn -0.8858 0.4294 -0.1762
vn -0.0000 -0.9887 0.1499
vn -0.0148 -0.9887 -0.1492
vn 0.1471 -0.9887 -0.0293
vn -0.1499 -0.9887 -0.0000
vn -0.0950 -0.9887 0.1160
vn 0.0433 -0.9887 -0.1435
vn 0.1472 -0.9887 0.0293
vn 0.0951 -0.9887 -0.1161
vn -0.1492 -0.9887 0.0148
vn -0.0293 -0.9887 -0.1472
vn 0.0293 -0.9887 -0.1472
vn 0.1161 -0.9887 -0.0951
vn -0.1435 -0.9887 -0.0434
vn 0.0574 -0.9887 0.1385
vn -0.1247 -0.9887 0.0834
vn 0.3984 -0.5586 -0.7275
vn 0.1526 -0.6227 -0.7675
vn -0.5329 -0.5582 0.6360
vn -0.2993 -0.6231 0.7226
vn -0.0000 -0.6231 -0.7821
vn -0.7961 -0.5587 0.2327
vn -0.6506 -0.6226 0.4348
vn 0.6464 -0.5586 -0.5197
vn 0.4347 -0.6227 -0.6506
vn -0.5530 -0.6231 0.5530
vn 0.7274 -0.5587 0.3984
vn 0.7675 -0.6227 0.1527
vn -0.8245 -0.5587 -0.0896
vn -0.7675 -0.6226 0.1527
vn 0.7821 -0.6231 -0.0000
vn 0.7961 -0.5586 -0.2327
vn 0.6506 -0.6227 -0.4347
vn 0.5197 -0.5586 0.6464
vn 0.6506 -0.6227 0.4347
vn -0.7275 -0.5586 -0.3984
vn -0.7675 -0.6227 -0.1526
vn 0.7675 -0.6227 -0.1527
vn 0.2327 -0.5587 0.7961
vn 0.4347 -0.6226 0.6506
vn -0.5196 -0.5587 -0.6465
vn -0.6506 -0.6227 -0.4348
vn -0.0896 -0.5586 0.8246
vn 0.1527 -0.6227 0.7674
vn -0.2327 -0.5587 -0.7961
vn -0.4347 -0.6227 -0.6506
vn -0.1527 -0.6227 0.7675
vn -0.1527 -0.6227 -0.7675
vn 0.8811 -0.0000 0.4730
vn 0.9788 -0.0642 0.1947
vn 0.6358 -0.0000 -0.7718
vn 0.3819 -0.0642 -0.9220
vn -0.9950 -0.0000 -0.0998
vn -0.9788 -0.0642 0.1947
vn 0.9979 -0.0642 -0.0000
vn 0.9575 -0.0000 -0.2885
vn 0.8297 -0.0642 -0.5544
vn -0.9220 -0.0642 0.3819
vn 0.6330 -0.0000 0.7742
vn 0.8298 -0.0642 0.5544
vn 0.7056 -0.0642 -0.7057
vn -0.8811 -0.0000 -0.4730
vn -0.9788 -0.0642 -0.1947
vn 0.9788 -0.0642 -0.1947
vn 0.2885 -0.0000 0.9575
vn 0.5544 -0.0642 0.8297
vn -0.6330 -0.0000 -0.7742
vn -0.8298 -0.0642 -0.5544
vn -0.0998 -0.0000 0.9950
vn 0.1947 -0.0642 0.9788
vn -0.2885 -0.0000 -0.9575
vn -0.5544 -0.0642 -0.8297
vn -0.4730 -0.0000 0.8811
vn -0.1947 -0.0642 0.9788
vn 0.0998 -0.0000 -0.9950
vn -0.1947 -0.0642 -0.9788
vn -0.7742 -0.0000 0.6330
vn -0.5544 -0.0642 0.8298
vn 0.1947 -0.0642 -0.9788
vn -0.8297 -0.0642 0.5544
vn 0.7361 -0.4709 0.4862
vn 0.7611 -0.5154 0.3937
vn 0.8824 -0.4705 -0.0048
vn 0.8514 -0.5158 -0.0954
vn -0.8662 -0.4709 -0.1675
vn -0.8539 -0.5154 -0.0724
vn 0.3421 -0.4705 0.8134
vn 0.4139 -0.5158 0.7500
vn 0.8166 -0.5154 -0.2598
vn -0.6274 -0.4704 -0.6205
vn -0.6695 -0.5159 -0.5345
vn 0.5526 -0.5154 0.6550
vn -0.7611 -0.5154 -0.3937
vn 0.0048 -0.4705 0.8824
vn 0.0954 -0.5158 0.8514
vn -0.3421 -0.4705 -0.8134
vn -0.4139 -0.5158 -0.7500
vn -0.3332 -0.4705 0.8171
vn -0.2376 -0.5158 0.8231
vn -0.0048 -0.4705 -0.8824
vn -0.0954 -0.5158 -0.8514
vn -0.6205 -0.4705 0.6274
vn -0.5345 -0.5158 0.6695
vn 0.3332 -0.4705 -0.8171
vn 0.2376 -0.5158 -0.8231
vn -0.8134 -0.4705 0.3421
vn -0.7500 -0.5158 0.4140
vn 0.6205 -0.4705 -0.6274
vn 0.5345 -0.5158 -0.6695
vn 0.8231 -0.5158 0.2376
vn -0.8514 -0.5158 0.0954
vn 0.7500 -0.5158 -0.4140
vn 0.3795 -0.1287 0.9162
vn 0.1935 -0.1286 0.9726
vn 0.1768 -0.4709 0.8643
vn 0.2598 -0.5154 0.8166
vn -0.7012 -0.1287 -0.7012
vn -0.5509 -0.1286 -0.8246
vn -0.4941 -0.4709 -0.7309
vn -0.5525 -0.5154 -0.6550
vn -0.0000 -0.9606 0.2779
vn 0.0543 -0.9605 0.2729
vn -0.1063 -0.9606 -0.2567
vn -0.1546 -0.9605 -0.2313
vn -0.0000 -0.1287 0.9917
vn -0.1935 -0.1286 0.9726
vn -0.1675 -0.4709 0.8662
vn -0.0724 -0.5154 0.8539
vn -0.3795 -0.1287 -0.9162
vn -0.1935 -0.1286 -0.9726
vn -0.1768 -0.4709 -0.8643
vn -0.2598 -0.5154 -0.8166
vn -0.1063 -0.9606 0.2567
vn -0.0543 -0.9605 0.2729
vn -0.0000 -0.9606 -0.2779
vn -0.0543 -0.9605 -0.2729
vn -0.3795 -0.1287 0.9162
vn -0.5510 -0.1286 0.8246
vn -0.4862 -0.4709 0.7361
vn -0.3937 -0.5154 0.7611
vn -0.0000 -0.1287 -0.9917
vn 0.1935 -0.1286 -0.9726
vn 0.1675 -0.4709 -0.8662
vn 0.0724 -0.5154 -0.8539
vn -0.1965 -0.9606 0.1965
vn -0.1546 -0.9605 0.2313
vn 0.1063 -0.9606 -0.2567
vn 0.0543 -0.9605 -0.2729
vn -0.7012 -0.1287 0.7012
vn -0.8246 -0.1286 0.5510
vn -0.7309 -0.4709 0.4941
vn -0.6550 -0.5154 0.5525
vn 0.3795 -0.1287 -0.9162
vn 0.5510 -0.1286 -0.8246
vn 0.4862 -0.4709 -0.7361
vn 0.3937 -0.5154 -0.7611
vn -0.2567 -0.9606 0.1063
vn -0.2313 -0.9605 0.1546
vn 0.9917 -0.1287 -0.0000
vn 0.9726 -0.1286 0.1935
vn 0.8662 -0.4709 0.1675
vn 0.8539 -0.5154 0.0724
vn 0.1965 -0.9606 -0.1965
vn 0.1546 -0.9605 -0.2313
vn -0.9162 -0.1287 0.3795
vn -0.9726 -0.1286 0.1935
vn -0.8643 -0.4709 0.1768
vn -0.8166 -0.5154 0.2598
vn 0.2567 -0.9606 0.1063
vn 0.2729 -0.9605 0.0543
vn 0.7012 -0.1287 -0.7012
vn 0.8246 -0.1286 -0.5510
vn 0.7309 -0.4709 -0.4941
vn 0.6550 -0.5154 -0.5525
vn -0.2779 -0.9606 -0.0000
vn -0.2729 -0.9605 0.0543
vn 0.9162 -0.1287 0.3795
vn 0.8246 -0.1286 0.5510
vn 0.2567 -0.9606 -0.1063
vn 0.2313 -0.9605 -0.1546
vn -0.9917 -0.1286 -0.0000
vn -0.9726 -0.1286 -0.1935
vn 0.1965 -0.9606 0.1965
vn 0.2314 -0.9605 0.1546
vn 0.9162 -0.1287 -0.3795
vn 0.9726 -0.1286 -0.1935
vn 0.8643 -0.4709 -0.1768
vn -0.2567 -0.9606 -0.1063
vn -0.2729 -0.9605 -0.0543
vn 0.7012 -0.1287 0.7012
vn 0.5509 -0.1286 0.8246
vn 0.4941 -0.4709 0.7309
vn 0.5525 -0.5154 0.6550
vn 0.2779 -0.9606 -0.0000
vn 0.2729 -0.9605 -0.0543
vn -0.9162 -0.1287 -0.3795
vn -0.8246 -0.1286 -0.5510
vn -0.7361 -0.4709 -0.4862
vn 0.1064 -0.9606 0.2567
vn 0.1546 -0.9605 0.2313
vn -0.1965 -0.9606 -0.1965
vn -0.2313 -0.9605 -0.1546
vn 0.9316 -0.2298 0.2816
vn 0.8989 -0.2308 0.3723
vn 0.8989 -0.2308 0.3724
vn -0.0665 -0.9972 0.0356
vn -0.0420 -0.9971 -0.0628
vn 0.0478 -0.9972 -0.0584
vn 0.0628 -0.9971 0.0419
vn -0.0534 -0.9972 -0.0533
vn 0.0722 -0.9972 0.0218
vn -0.0147 -0.9971 0.0741
vn 0.0697 -0.9972 0.0289
vn -0.0751 -0.9972 0.0075
vn -0.0147 -0.9971 -0.0741
vn -0.0000 -0.9972 0.0754
vn 0.0665 -0.9972 -0.0356
vn 0.0420 -0.9971 0.0628
vn 0.0584 -0.9971 0.0478
vn -0.0419 -0.9971 0.0628
vn -0.0722 -0.9972 -0.0218
vn 0.0147 -0.9971 -0.0741
vn 0.0147 -0.9971 0.0741
vn 0.0356 -0.9972 0.0665
vn -0.0628 -0.9971 0.0420
vn -0.0584 -0.9971 -0.0478
vn 0.0419 -0.9971 -0.0628
vn 0.0075 -0.9972 0.0751
vn -0.0741 -0.9971 0.0147
vn -0.0356 -0.9972 -0.0665
vn 0.0628 -0.9971 -0.0420
vn -0.0218 -0.9972 0.0722
vn -0.0741 -0.9971 -0.0147
vn -0.0075 -0.9972 -0.0751
vn 0.0741 -0.9971 -0.0147
vn -0.0628 -0.9971 -0.0419
vn 0.0741 -0.9971 0.0147
vn -0.2338 -0.9723 -0.0000
vn -0.2296 -0.9722 0.0457
vn 0.8579 -0.2298 0.4596
vn 0.8090 -0.2308 0.5406
vn 0.2160 -0.9723 -0.0895
vn 0.1947 -0.9722 -0.1301
vn -0.9685 -0.2298 -0.0963
vn -0.9543 -0.2308 -0.1898
vn 0.1654 -0.9723 0.1653
vn 0.1947 -0.9722 0.1301
vn -0.2160 -0.9723 -0.0895
vn -0.2296 -0.9722 -0.0457
vn 0.6167 -0.2298 0.7529
vn 0.5406 -0.2308 0.8090
vn -0.8579 -0.2298 -0.4596
vn -0.8090 -0.2308 -0.5406
vn 0.0895 -0.9723 0.2160
vn 0.1301 -0.9722 0.1947
vn -0.1654 -0.9723 -0.1653
vn -0.1947 -0.9722 -0.1301
vn 0.2816 -0.2298 0.9316
vn 0.1898 -0.2308 0.9543
vn -0.6167 -0.2298 -0.7529
vn -0.5406 -0.2308 -0.8090
vn -0.0000 -0.9723 0.2338
vn 0.0457 -0.9722 0.2297
vn -0.0895 -0.9723 -0.2160
vn -0.1301 -0.9722 -0.1947
vn -0.0963 -0.2298 0.9685
vn -0.1898 -0.2308 0.9543
vn -0.2816 -0.2298 -0.9316
vn -0.1898 -0.2308 -0.9543
vn -0.0895 -0.9723 0.2160
vn -0.0457 -0.9722 0.2297
vn -0.0000 -0.9723 -0.2338
vn -0.0457 -0.9722 -0.2297
vn -0.4596 -0.2298 0.8579
vn -0.5406 -0.2308 0.8090
vn 0.0963 -0.2298 -0.9685
vn 0.1898 -0.2308 -0.9543
vn -0.1653 -0.9723 0.1653
vn -0.1301 -0.9722 0.1947
vn 0.0895 -0.9723 -0.2160
vn 0.0457 -0.9722 -0.2297
vn -0.7529 -0.2298 0.6167
vn -0.8090 -0.2308 0.5406
vn 0.9316 -0.2298 -0.2816
vn 0.9543 -0.2308 -0.1898
vn 0.4596 -0.2298 -0.8579
vn 0.5406 -0.2308 -0.8090
vn -0.2161 -0.9723 0.0895
vn -0.1947 -0.9722 0.1301
vn 0.9685 -0.2298 0.0963
vn 0.9543 -0.2308 0.1898
vn 0.2338 -0.9723 -0.0000
vn 0.2296 -0.9722 -0.0457
vn 0.1653 -0.9723 -0.1653
vn 0.1301 -0.9722 -0.1947
vn -0.9316 -0.2298 0.2816
vn -0.9543 -0.2308 0.1898
vn 0.2160 -0.9723 0.0895
vn 0.2296 -0.9722 0.0457
vn 0.7529 -0.2298 -0.6167
vn 0.8090 -0.2308 -0.5406
vn 0.7529 -0.2298 0.6167
vn 0.6880 -0.2308 0.6880
vn 0.4596 -0.2298 0.8579
vn 0.3723 -0.2308 0.8989
vn 0.3724 -0.2308 0.8989
vn 0.0963 -0.2298 0.9685
vn -0.0000 -0.2308 0.9730
vn -0.2816 -0.2298 0.9316
vn -0.3723 -0.2308 0.8989
vn -0.3724 -0.2308 0.8989
vn -0.6167 -0.2298 0.7529
vn -0.6880 -0.2308 0.6880
vn -0.8579 -0.2298 0.4596
vn -0.8989 -0.2308 0.3723
vn -0.9685 -0.2298 0.0963
vn -0.9730 -0.2308 -0.0000
vn -0.9316 -0.2298 -0.2816
vn -0.8989 -0.2308 -0.3724
vn -0.7529 -0.2298 -0.6167
vn -0.6880 -0.2308 -0.6880
vn -0.4596 -0.2298 -0.8579
vn -0.3724 -0.2308 -0.8989
vn -0.0963 -0.2298 -0.9685
vn -0.0000 -0.2308 -0.9730
vn 0.2816 -0.2298 -0.9316
vn 0.3723 -0.2308 -0.8989
vn 0.6167 -0.2298 -0.7529
vn 0.6880 -0.2308 -0.6880
vn 0.8579 -0.2298 -0.4596
vn 0.8989 -0.2308 -0.3723
vn 0.9685 -0.2298 -0.0963
vn 0.9730 -0.2308 -0.0000
vn 0.7688 -0.5545 0.3185
vn 0.8164 -0.5542 0.1624
vn 0.8322 -0.5545 -0.0000
vn 0.5884 -0.5545 0.5884
vn 0.6921 -0.5542 0.4624
vn 0.3185 -0.5545 0.7688
vn 0.4625 -0.5542 0.6921
vn -0.0000 -0.5545 0.8322
vn 0.1624 -0.5542 0.8164
vn -0.3185 -0.5545 0.7688
vn -0.1624 -0.5542 0.8164
vn -0.5884 -0.5545 0.5884
vn -0.4624 -0.5542 0.6921
vn -0.7688 -0.5545 0.3185
vn -0.6921 -0.5542 0.4625
vn -0.8322 -0.5545 -0.0000
vn -0.8164 -0.5542 0.1624
vn -0.7688 -0.5545 -0.3185
vn -0.8164 -0.5542 -0.1624
vn -0.5884 -0.5545 -0.5884
vn -0.6921 -0.5542 -0.4624
vn -0.3184 -0.5545 -0.7688
vn -0.4624 -0.5542 -0.6921
vn -0.0000 -0.5545 -0.8322
vn -0.1624 -0.5542 -0.8164
vn 0.3185 -0.5545 -0.7688
vn 0.1624 -0.5542 -0.8164
vn 0.5884 -0.5545 -0.5884
vn 0.4624 -0.5542 -0.6921
vn 0.7688 -0.5545 -0.3185
vn 0.6921 -0.5542 -0.4624
vn 0.8164 -0.5542 -0.1624
vn 0.6690 -0.6897 0.2771
vn 0.7105 -0.6894 0.1413
vn 0.8664 -0.3473 0.3589
vn 0.8994 -0.3423 0.2719
vn 0.9198 -0.3472 0.1830
vn 0.7241 -0.6897 -0.0000
vn 0.9350 -0.3423 0.0930
vn 0.9377 -0.3473 -0.0000
vn 0.5120 -0.6897 0.5120
vn 0.6023 -0.6894 0.4024
vn 0.6631 -0.3473 0.6631
vn 0.7269 -0.3423 0.5954
vn 0.7797 -0.3472 0.5210
vn 0.8282 -0.3423 0.4437
vn 0.2771 -0.6897 0.6690
vn 0.4024 -0.6894 0.6023
vn 0.3589 -0.3473 0.8664
vn 0.4437 -0.3423 0.8282
vn 0.5210 -0.3472 0.7797
vn 0.5954 -0.3423 0.7269
vn -0.0000 -0.6897 0.7241
vn 0.1413 -0.6894 0.7105
vn -0.0000 -0.3473 0.9377
vn 0.0930 -0.3423 0.9350
vn 0.1830 -0.3472 0.9198
vn 0.2719 -0.3423 0.8994
vn -0.2771 -0.6897 0.6690
vn -0.1413 -0.6894 0.7105
vn -0.3589 -0.3473 0.8664
vn -0.2719 -0.3423 0.8994
vn -0.1830 -0.3472 0.9198
vn -0.0930 -0.3423 0.9350
vn -0.5120 -0.6897 0.5120
vn -0.4024 -0.6894 0.6023
vn -0.6631 -0.3473 0.6631
vn -0.5954 -0.3423 0.7269
vn -0.5210 -0.3472 0.7797
vn -0.4437 -0.3423 0.8282
vn -0.6690 -0.6897 0.2771
vn -0.6023 -0.6894 0.4024
vn -0.8664 -0.3473 0.3589
vn -0.8282 -0.3423 0.4437
vn -0.7797 -0.3472 0.5210
vn -0.7269 -0.3423 0.5954
vn -0.7241 -0.6897 -0.0000
vn -0.7105 -0.6894 0.1413
vn -0.9377 -0.3473 -0.0000
vn -0.9350 -0.3422 0.0930
vn -0.9198 -0.3472 0.1830
vn -0.8994 -0.3423 0.2719
vn -0.6690 -0.6897 -0.2771
vn -0.7105 -0.6894 -0.1413
vn -0.8664 -0.3473 -0.3589
vn -0.8994 -0.3422 -0.2719
vn -0.9198 -0.3472 -0.1830
vn -0.9350 -0.3423 -0.0930
vn -0.5121 -0.6897 -0.5120
vn -0.6023 -0.6894 -0.4024
vn -0.6631 -0.3473 -0.6631
vn -0.7269 -0.3423 -0.5954
vn -0.7798 -0.3472 -0.5210
vn -0.8282 -0.3423 -0.4437
vn -0.2771 -0.6897 -0.6690
vn -0.4024 -0.6894 -0.6023
vn -0.3589 -0.3473 -0.8664
vn -0.4437 -0.3423 -0.8282
vn -0.5210 -0.3472 -0.7797
vn -0.5954 -0.3423 -0.7269
vn -0.0000 -0.6897 -0.7241
vn -0.1413 -0.6894 -0.7105
vn -0.0000 -0.3473 -0.9377
vn -0.0930 -0.3423 -0.9350
vn -0.1830 -0.3472 -0.9198
vn -0.2719 -0.3423 -0.8994
vn 0.2771 -0.6897 -0.6690
vn 0.1413 -0.6894 -0.7105
vn 0.3589 -0.3473 -0.8664
vn 0.2719 -0.3423 -0.8994
vn 0.1830 -0.3472 -0.9198
vn 0.0930 -0.3423 -0.9350
vn 0.5120 -0.6897 -0.5120
vn 0.4024 -0.6894 -0.6023
vn 0.6631 -0.3473 -0.6631
vn 0.5954 -0.3423 -0.7269
vn 0.5210 -0.3472 -0.7797
vn 0.4437 -0.3423 -0.8282
vn 0.6690 -0.6897 -0.2771
vn 0.6023 -0.6894 -0.4024
vn 0.8664 -0.3473 -0.3589
vn 0.8282 -0.3423 -0.4437
vn 0.7798 -0.3472 -0.5210
vn 0.7269 -0.3423 -0.5954
vn 0.7105 -0.6894 -0.1413
vn 0.9350 -0.3422 -0.0930
vn 0.9350 -0.3423 -0.0930
vn 0.9198 -0.3472 -0.1830
vn 0.8994 -0.3422 -0.2719
vn 0.3724 -0.2308 -0.8989
vn -0.3723 -0.2308 -0.8989
vn -0.8989 -0.2308 -0.3723
vn -0.8989 -0.2308 0.3724
vt 0.700982 0.987589
vt 0.697083 0.987589
vt 0.699198 0.985906
vt 0.703139 0.985906
vt 0.685683 0.987589
vt 0.687676 0.985906
vt 0.689117 0.983894
vt 0.700728 0.983894
vt 0.704699 0.983894
vt 0.701654 0.981513
vt 0.705643 0.981513
vt 0.689990 0.981513
vt 0.690388 0.978917
vt 0.702076 0.978917
vt 0.706074 0.978917
vt 0.702094 0.976261
vt 0.706092 0.976261
vt 0.690404 0.976261
vt 0.690113 0.973709
vt 0.701785 0.973709
vt 0.705777 0.973709
vt 0.701226 0.971423
vt 0.705206 0.971423
vt 0.689586 0.971423
vt 0.688778 0.969372
vt 0.700368 0.969372
vt 0.704332 0.969372
vt 0.699164 0.967525
vt 0.703104 0.967525
vt 0.687644 0.967525
vt 0.686137 0.965853
vt 0.697564 0.965853
vt 0.701473 0.965853
vt 0.695521 0.964324
vt 0.699389 0.964324
vt 0.684211 0.964324
vt 0.681821 0.962909
vt 0.692984 0.962909
vt 0.696802 0.962909
vt 0.689906 0.961576
vt 0.693663 0.961576
vt 0.678921 0.961576
vt 0.675466 0.960295
vt 0.686238 0.960295
vt 0.689923 0.960295
vt 0.681932 0.959036
vt 0.685531 0.959036
vt 0.671408 0.959036
vt 0.666703 0.957767
vt 0.676938 0.957767
vt 0.680438 0.957767
vt 0.671208 0.956459
vt 0.674595 0.956459
vt 0.661305 0.956459
vt 0.655408 0.955078
vt 0.658588 0.955078
vt 0.661769 0.955078
vt 0.664949 0.955078
vt 0.666037 0.955078
vt 0.667125 0.955078
vt 0.668212 0.955078
vt 0.658368 0.953590
vt 0.661501 0.953590
vt 0.649207 0.953590
vt 0.642958 0.951981
vt 0.651734 0.951981
vt 0.654736 0.951981
vt 0.645318 0.950238
vt 0.648193 0.950238
vt 0.636913 0.950238
vt 0.631116 0.948362
vt 0.639166 0.948362
vt 0.641919 0.948362
vt 0.633323 0.946350
vt 0.635961 0.946350
vt 0.625612 0.946350
vt 0.620442 0.944205
vt 0.627837 0.944205
vt 0.630366 0.944205
vt 0.622752 0.941926
vt 0.625180 0.941926
vt 0.615651 0.941926
vt 0.611283 0.939513
vt 0.618115 0.939513
vt 0.620451 0.939513
vt 0.613972 0.936965
vt 0.616227 0.936965
vt 0.607379 0.936965
vt 0.603985 0.934284
vt 0.610369 0.934284
vt 0.612552 0.934284
vt 0.607352 0.931468
vt 0.609476 0.931468
vt 0.601143 0.931468
vt 0.598896 0.928519
vt 0.604968 0.928519
vt 0.607044 0.928519
vt 0.667079 0.987589
vt 0.668872 0.985906
vt 0.642116 0.987589
vt 0.643641 0.985906
vt 0.644744 0.983894
vt 0.670169 0.983894
vt 0.670954 0.981513
vt 0.645412 0.981513
vt 0.645717 0.978917
vt 0.671312 0.978917
vt 0.671327 0.976261
vt 0.645729 0.976261
vt 0.645506 0.973709
vt 0.671065 0.973709
vt 0.670591 0.971423
vt 0.645103 0.971423
vt 0.644485 0.969372
vt 0.669864 0.969372
vt 0.668843 0.967525
vt 0.643616 0.967525
vt 0.642463 0.965853
vt 0.667487 0.965853
vt 0.665754 0.964324
vt 0.640989 0.964324
vt 0.639160 0.962909
vt 0.663604 0.962909
vt 0.660995 0.961576
vt 0.636941 0.961576
vt 0.634296 0.960295
vt 0.657885 0.960295
vt 0.654234 0.959036
vt 0.631190 0.959035
vt 0.627589 0.957767
vt 0.650001 0.957767
vt 0.645143 0.956459
vt 0.623457 0.956459
vt 0.618944 0.955078
vt 0.625908 0.955078
vt 0.632873 0.955078
vt 0.639837 0.955078
vt 0.645027 0.955078
vt 0.650218 0.955078
vt 0.634258 0.953590
vt 0.614199 0.953590
vt 0.609415 0.951981
vt 0.628634 0.951981
vt 0.623195 0.950238
vt 0.604789 0.950238
vt 0.600352 0.948362
vt 0.617979 0.948361
vt 0.613026 0.946350
vt 0.596139 0.946350
vt 0.592183 0.944205
vt 0.608375 0.944205
vt 0.604064 0.941926
vt 0.588516 0.941926
vt 0.585172 0.939513
vt 0.600133 0.939513
vt 0.596621 0.936965
vt 0.582185 0.936965
vt 0.579587 0.934284
vt 0.593566 0.934284
vt 0.591009 0.931468
vt 0.577411 0.931468
vt 0.575692 0.928519
vt 0.588988 0.928519
vt 0.611639 0.987589
vt 0.612837 0.985906
vt 0.576913 0.987589
vt 0.577738 0.985906
vt 0.578335 0.983894
vt 0.613703 0.983894
vt 0.614228 0.981513
vt 0.578696 0.981513
vt 0.578861 0.978917
vt 0.614467 0.978917
vt 0.614477 0.976261
vt 0.578868 0.976261
vt 0.578747 0.973709
vt 0.614302 0.973709
vt 0.613985 0.971423
vt 0.578529 0.971423
vt 0.578195 0.969372
vt 0.613500 0.969372
vt 0.612818 0.967525
vt 0.577725 0.967525
vt 0.577100 0.965853
vt 0.611911 0.965853
vt 0.610754 0.964324
vt 0.576303 0.964324
vt 0.575313 0.962909
vt 0.609317 0.962909
vt 0.607573 0.961576
vt 0.574112 0.961576
vt 0.572680 0.960295
vt 0.605496 0.960295
vt 0.603056 0.959036
vt 0.571000 0.959035
vt 0.569051 0.957767
vt 0.600227 0.957767
vt 0.596982 0.956459
vt 0.566815 0.956459
vt 0.564372 0.955078
vt 0.574060 0.955078
vt 0.583748 0.955078
vt 0.593436 0.955078
vt 0.601939 0.955078
vt 0.610442 0.955078
vt 0.589708 0.953590
vt 0.561804 0.953590
vt 0.559215 0.951981
vt 0.585951 0.951981
vt 0.582316 0.950238
vt 0.556711 0.950238
vt 0.554310 0.948362
vt 0.578831 0.948361
vt 0.575522 0.946350
vt 0.552030 0.946350
vt 0.549889 0.944205
vt 0.572414 0.944205
vt 0.569533 0.941926
vt 0.547905 0.941926
vt 0.546095 0.939513
vt 0.566907 0.939513
vt 0.564560 0.936965
vt 0.544478 0.936965
vt 0.543072 0.934284
vt 0.562519 0.934284
vt 0.560810 0.931468
vt 0.541895 0.931468
vt 0.540964 0.928519
vt 0.559460 0.928519
vt 0.539202 0.987589
vt 0.539623 0.985906
vt 0.500000 0.987589
vt 0.500000 0.985906
vt 0.500000 0.983894
vt 0.539927 0.983894
vt 0.540112 0.981513
vt 0.500000 0.981513
vt 0.500000 0.978917
vt 0.540196 0.978917
vt 0.540199 0.976261
vt 0.500000 0.976261
vt 0.500000 0.973709
vt 0.540138 0.973709
vt 0.540026 0.971423
vt 0.500000 0.971423
vt 0.500000 0.969372
vt 0.539856 0.969372
vt 0.539616 0.967525
vt 0.500000 0.967525
vt 0.500000 0.965853
vt 0.539298 0.965853
vt 0.538892 0.964324
vt 0.500000 0.964324
vt 0.500000 0.962909
vt 0.538387 0.962909
vt 0.537775 0.961576
vt 0.500000 0.961576
vt 0.500000 0.960295
vt 0.537045 0.960295
vt 0.536189 0.959036
vt 0.500000 0.959036
vt 0.500000 0.957767
vt 0.535195 0.957767
vt 0.534056 0.956459
vt 0.500000 0.956459
vt 0.500000 0.955078
vt 0.510937 0.955078
vt 0.521874 0.955078
vt 0.532811 0.955078
vt 0.543331 0.955078
vt 0.553852 0.955078
vt 0.531502 0.953590
vt 0.500000 0.953590
vt 0.500000 0.951981
vt 0.530182 0.951981
vt 0.528906 0.950238
vt 0.500000 0.950238
vt 0.500000 0.948362
vt 0.527682 0.948361
vt 0.526520 0.946350
vt 0.500000 0.946350
vt 0.500000 0.944205
vt 0.525428 0.944205
vt 0.524417 0.941926
vt 0.500000 0.941926
vt 0.500000 0.939513
vt 0.523495 0.939513
vt 0.522671 0.936965
vt 0.500000 0.936965
vt 0.500000 0.934284
vt 0.521954 0.934284
vt 0.521354 0.931468
vt 0.500000 0.931468
vt 0.500000 0.928519
vt 0.520880 0.928519
vt 0.460798 0.987589
vt 0.460377 0.985906
vt 0.423088 0.987589
vt 0.422262 0.985906
vt 0.421666 0.983894
vt 0.460073 0.983894
vt 0.459889 0.981513
vt 0.421304 0.981513
vt 0.421139 0.978917
vt 0.459805 0.978917
vt 0.459801 0.976261
vt 0.421132 0.976261
vt 0.421253 0.973709
vt 0.459863 0.973709
vt 0.459974 0.971423
vt 0.421471 0.971423
vt 0.421806 0.969372
vt 0.460145 0.969372
vt 0.460384 0.967525
vt 0.422276 0.967525
vt 0.422900 0.965853
vt 0.460702 0.965853
vt 0.461109 0.964324
vt 0.423698 0.964324
vt 0.424687 0.962909
vt 0.461613 0.962909
vt 0.462226 0.961576
vt 0.425889 0.961576
vt 0.427320 0.960295
vt 0.462955 0.960295
vt 0.463812 0.959036
vt 0.429001 0.959036
vt 0.430950 0.957767
vt 0.464805 0.957767
vt 0.465945 0.956459
vt 0.433186 0.956459
vt 0.435628 0.955078
vt 0.446149 0.955078
vt 0.456669 0.955078
vt 0.467190 0.955078
vt 0.478127 0.955078
vt 0.489063 0.955078
vt 0.468499 0.953590
vt 0.438197 0.953590
vt 0.440785 0.951981
vt 0.469818 0.951981
vt 0.471095 0.950238
vt 0.443289 0.950238
vt 0.445690 0.948362
vt 0.472318 0.948362
vt 0.473481 0.946350
vt 0.447970 0.946350
vt 0.450111 0.944205
vt 0.474572 0.944205
vt 0.475583 0.941926
vt 0.452096 0.941926
vt 0.453905 0.939513
vt 0.476506 0.939513
vt 0.477330 0.936965
vt 0.455522 0.936965
vt 0.456928 0.934284
vt 0.478046 0.934284
vt 0.478647 0.931468
vt 0.458106 0.931468
vt 0.459036 0.928519
vt 0.479121 0.928519
vt 0.388362 0.987589
vt 0.387164 0.985906
vt 0.357885 0.987589
vt 0.356359 0.985906
vt 0.355257 0.983894
vt 0.386297 0.983894
vt 0.385772 0.981513
vt 0.354589 0.981513
vt 0.354284 0.978917
vt 0.385533 0.978917
vt 0.385523 0.976261
vt 0.354271 0.976261
vt 0.354494 0.973709
vt 0.385698 0.973709
vt 0.386015 0.971423
vt 0.354897 0.971423
vt 0.355516 0.969372
vt 0.386501 0.969372
vt 0.387183 0.967525
vt 0.356384 0.967525
vt 0.357538 0.965853
vt 0.388089 0.965853
vt 0.389247 0.964324
vt 0.359011 0.964324
vt 0.360840 0.962909
vt 0.390684 0.962909
vt 0.392427 0.961576
vt 0.363060 0.961576
vt 0.365705 0.960295
vt 0.394505 0.960295
vt 0.396944 0.959036
vt 0.368810 0.959036
vt 0.372411 0.957767
vt 0.399773 0.957767
vt 0.403019 0.956459
vt 0.376543 0.956460
vt 0.381056 0.955078
vt 0.389559 0.955078
vt 0.398061 0.955078
vt 0.406564 0.955078
vt 0.416252 0.955078
vt 0.425940 0.955078
vt 0.410292 0.953590
vt 0.385802 0.953590
vt 0.390585 0.951981
vt 0.414050 0.951981
vt 0.417684 0.950238
vt 0.395212 0.950238
vt 0.399648 0.948362
vt 0.421169 0.948362
vt 0.424479 0.946350
vt 0.403861 0.946350
vt 0.407818 0.944205
vt 0.427587 0.944205
vt 0.430467 0.941926
vt 0.411485 0.941926
vt 0.414828 0.939513
vt 0.433094 0.939513
vt 0.435440 0.936965
vt 0.417816 0.936965
vt 0.420414 0.934284
vt 0.437481 0.934284
vt 0.439190 0.931468
vt 0.422589 0.931468
vt 0.424308 0.928519
vt 0.440541 0.928519
vt 0.332922 0.987589
vt 0.331128 0.985906
vt 0.314317 0.987589
vt 0.312324 0.985906
vt 0.310884 0.983894
vt 0.329832 0.983894
vt 0.329046 0.981513
vt 0.310011 0.981513
vt 0.309613 0.978917
vt 0.328688 0.978917
vt 0.328673 0.976261
vt 0.309596 0.976261
vt 0.309888 0.973709
vt 0.328936 0.973709
vt 0.329409 0.971423
vt 0.310414 0.971423
vt 0.311222 0.969372
vt 0.330136 0.969372
vt 0.331157 0.967525
vt 0.312357 0.967525
vt 0.313864 0.965853
vt 0.332513 0.965853
vt 0.334246 0.964324
vt 0.315789 0.964324
vt 0.318179 0.962909
vt 0.336396 0.962909
vt 0.339006 0.961576
vt 0.321079 0.961576
vt 0.324535 0.960295
vt 0.342115 0.960295
vt 0.345766 0.959036
vt 0.328592 0.959036
vt 0.333297 0.957767
vt 0.350000 0.957767
vt 0.354857 0.956460
vt 0.338696 0.956460
vt 0.344592 0.955078
vt 0.349783 0.955078
vt 0.354973 0.955078
vt 0.360163 0.955078
vt 0.367127 0.955078
vt 0.374092 0.955078
vt 0.365742 0.953590
vt 0.350793 0.953590
vt 0.357043 0.951981
vt 0.371366 0.951981
vt 0.376805 0.950238
vt 0.363088 0.950238
vt 0.368884 0.948362
vt 0.382021 0.948362
vt 0.386974 0.946350
vt 0.374389 0.946350
vt 0.379558 0.944205
vt 0.391626 0.944205
vt 0.395936 0.941926
vt 0.384349 0.941926
vt 0.388718 0.939513
vt 0.399867 0.939513
vt 0.403380 0.936965
vt 0.392621 0.936965
vt 0.396015 0.934284
vt 0.406434 0.934284
vt 0.408991 0.931468
vt 0.398858 0.931468
vt 0.401104 0.928519
vt 0.411013 0.928519
vt 0.302917 0.987589
vt 0.300802 0.985906
vt 0.299019 0.987589
vt 0.296861 0.985906
vt 0.295302 0.983894
vt 0.299273 0.983894
vt 0.298346 0.981513
vt 0.294357 0.981513
vt 0.293926 0.978917
vt 0.297924 0.978917
vt 0.297906 0.976261
vt 0.293908 0.976261
vt 0.294224 0.973709
vt 0.298216 0.973709
vt 0.298775 0.971423
vt 0.294794 0.971423
vt 0.295668 0.969372
vt 0.299632 0.969372
vt 0.300836 0.967525
vt 0.296896 0.967525
vt 0.298527 0.965853
vt 0.302436 0.965853
vt 0.304480 0.964324
vt 0.300612 0.964324
vt 0.303198 0.962909
vt 0.307016 0.962909
vt 0.310094 0.961576
vt 0.306337 0.961576
vt 0.310078 0.960295
vt 0.313762 0.960295
vt 0.318069 0.959036
vt 0.314469 0.959036
vt 0.319562 0.957767
vt 0.323063 0.957767
vt 0.328792 0.956460
vt 0.325405 0.956460
vt 0.331788 0.955078
vt 0.332876 0.955078
vt 0.333963 0.955078
vt 0.335051 0.955078
vt 0.338232 0.955078
vt 0.341412 0.955078
vt 0.341632 0.953590
vt 0.338499 0.953590
vt 0.345264 0.951981
vt 0.348266 0.951981
vt 0.354682 0.950239
vt 0.351807 0.950239
vt 0.358081 0.948362
vt 0.360834 0.948362
vt 0.366677 0.946350
vt 0.364039 0.946350
vt 0.369635 0.944205
vt 0.372164 0.944205
vt 0.377248 0.941926
vt 0.374820 0.941926
vt 0.379549 0.939513
vt 0.381885 0.939513
vt 0.386028 0.936965
vt 0.383774 0.936965
vt 0.387448 0.934284
vt 0.389631 0.934284
vt 0.392648 0.931468
vt 0.390524 0.931468
vt 0.392956 0.928519
vt 0.395032 0.928519
vt 0.300802 0.985906
vt 0.314317 0.987589
vt 0.312324 0.985906
vt 0.310884 0.983894
vt 0.299273 0.983894
vt 0.309613 0.978917
vt 0.297924 0.978917
vt 0.297906 0.976261
vt 0.309596 0.976261
vt 0.309887 0.973709
vt 0.298216 0.973709
vt 0.298775 0.971423
vt 0.310414 0.971423
vt 0.311222 0.969372
vt 0.312357 0.967525
vt 0.313864 0.965853
vt 0.302436 0.965853
vt 0.304480 0.964324
vt 0.315789 0.964324
vt 0.321079 0.961576
vt 0.324535 0.960295
vt 0.318069 0.959036
vt 0.328592 0.959036
vt 0.323062 0.957767
vt 0.328792 0.956460
vt 0.338695 0.956460
vt 0.341412 0.955078
vt 0.338232 0.955078
vt 0.335051 0.955078
vt 0.332876 0.955078
vt 0.341632 0.953590
vt 0.350793 0.953590
vt 0.357043 0.951981
vt 0.348266 0.951981
vt 0.354682 0.950239
vt 0.363088 0.950239
vt 0.368884 0.948362
vt 0.374389 0.946350
vt 0.379558 0.944205
vt 0.372164 0.944205
vt 0.384349 0.941926
vt 0.388718 0.939513
vt 0.386028 0.936965
vt 0.392621 0.936965
vt 0.396015 0.934284
vt 0.389631 0.934284
vt 0.392648 0.931468
vt 0.398858 0.931468
vt 0.401104 0.928519
vt 0.395032 0.928519
vt 0.332922 0.987589
vt 0.331128 0.985906
vt 0.357885 0.987589
vt 0.356359 0.985906
vt 0.355256 0.983894
vt 0.329832 0.983894
vt 0.329046 0.981513
vt 0.354588 0.981513
vt 0.354284 0.978917
vt 0.328688 0.978917
vt 0.328673 0.976261
vt 0.354271 0.976261
vt 0.354494 0.973709
vt 0.328935 0.973709
vt 0.329409 0.971423
vt 0.354897 0.971423
vt 0.355516 0.969372
vt 0.330136 0.969372
vt 0.331157 0.967525
vt 0.356384 0.967525
vt 0.357537 0.965853
vt 0.332513 0.965853
vt 0.334246 0.964324
vt 0.359011 0.964324
vt 0.360840 0.962909
vt 0.336396 0.962909
vt 0.339006 0.961576
vt 0.363060 0.961576
vt 0.365705 0.960295
vt 0.342115 0.960295
vt 0.345766 0.959036
vt 0.368810 0.959036
vt 0.372411 0.957767
vt 0.350000 0.957767
vt 0.354857 0.956460
vt 0.376543 0.956460
vt 0.381056 0.955078
vt 0.374092 0.955078
vt 0.367127 0.955078
vt 0.360163 0.955078
vt 0.354973 0.955078
vt 0.349783 0.955078
vt 0.365742 0.953590
vt 0.385802 0.953590
vt 0.390585 0.951981
vt 0.371366 0.951981
vt 0.376805 0.950239
vt 0.395212 0.950239
vt 0.399648 0.948362
vt 0.382021 0.948362
vt 0.386974 0.946350
vt 0.403861 0.946350
vt 0.407818 0.944205
vt 0.391625 0.944205
vt 0.395936 0.941926
vt 0.411484 0.941926
vt 0.414828 0.939513
vt 0.399867 0.939513
vt 0.403380 0.936965
vt 0.417816 0.936965
vt 0.420414 0.934284
vt 0.406434 0.934284
vt 0.408991 0.931468
vt 0.422589 0.931468
vt 0.424308 0.928519
vt 0.411013 0.928519
vt 0.388362 0.987589
vt 0.387163 0.985906
vt 0.423088 0.987589
vt 0.422262 0.985906
vt 0.421665 0.983894
vt 0.386297 0.983894
vt 0.385772 0.981513
vt 0.421304 0.981513
vt 0.421139 0.978917
vt 0.385533 0.978917
vt 0.385523 0.976261
vt 0.421132 0.976261
vt 0.421253 0.973709
vt 0.385698 0.973709
vt 0.386015 0.971423
vt 0.421471 0.971423
vt 0.421806 0.969372
vt 0.386501 0.969372
vt 0.387183 0.967525
vt 0.422276 0.967525
vt 0.422900 0.965853
vt 0.388089 0.965853
vt 0.389247 0.964324
vt 0.423697 0.964324
vt 0.424687 0.962909
vt 0.390684 0.962909
vt 0.392427 0.961576
vt 0.425889 0.961576
vt 0.427320 0.960295
vt 0.394505 0.960295
vt 0.396944 0.959036
vt 0.429001 0.959036
vt 0.430949 0.957767
vt 0.399773 0.957767
vt 0.403019 0.956460
vt 0.433186 0.956460
vt 0.435628 0.955078
vt 0.425940 0.955078
vt 0.416252 0.955078
vt 0.406564 0.955078
vt 0.398061 0.955078
vt 0.389559 0.955078
vt 0.410292 0.953590
vt 0.438196 0.953590
vt 0.440785 0.951981
vt 0.414050 0.951981
vt 0.417684 0.950239
vt 0.443289 0.950239
vt 0.445690 0.948362
vt 0.421169 0.948362
vt 0.424478 0.946350
vt 0.447970 0.946350
vt 0.450111 0.944205
vt 0.427586 0.944205
vt 0.430467 0.941926
vt 0.452096 0.941926
vt 0.453905 0.939513
vt 0.433094 0.939513
vt 0.435440 0.936965
vt 0.455522 0.936965
vt 0.456928 0.934284
vt 0.437481 0.934284
vt 0.439190 0.931468
vt 0.458105 0.931468
vt 0.459036 0.928519
vt 0.440541 0.928519
vt 0.460798 0.987589
vt 0.460377 0.985906
vt 0.500000 0.987589
vt 0.500000 0.985906
vt 0.500000 0.983894
vt 0.460073 0.983894
vt 0.459889 0.981513
vt 0.500000 0.981513
vt 0.500000 0.978917
vt 0.459805 0.978917
vt 0.459801 0.976261
vt 0.500000 0.976261
vt 0.500000 0.973709
vt 0.459863 0.973709
vt 0.459974 0.971423
vt 0.500000 0.971423
vt 0.500000 0.969372
vt 0.460144 0.969372
vt 0.460384 0.967525
vt 0.500000 0.967525
vt 0.500000 0.965853
vt 0.460702 0.965853
vt 0.461109 0.964324
vt 0.500000 0.964324
vt 0.500000 0.962909
vt 0.461613 0.962909
vt 0.462225 0.961576
vt 0.500000 0.961576
vt 0.500000 0.960295
vt 0.462955 0.960295
vt 0.463812 0.959036
vt 0.500000 0.959036
vt 0.500000 0.957767
vt 0.464805 0.957767
vt 0.465945 0.956460
vt 0.500000 0.956460
vt 0.500000 0.955078
vt 0.489063 0.955078
vt 0.478126 0.955078
vt 0.467190 0.955078
vt 0.456669 0.955078
vt 0.446149 0.955078
vt 0.468499 0.953590
vt 0.500000 0.953590
vt 0.500000 0.951981
vt 0.469818 0.951981
vt 0.471094 0.950239
vt 0.500000 0.950239
vt 0.500000 0.948362
vt 0.472318 0.948362
vt 0.473480 0.946350
vt 0.500000 0.946350
vt 0.500000 0.944205
vt 0.474572 0.944205
vt 0.475583 0.941926
vt 0.500000 0.941926
vt 0.500000 0.939513
vt 0.476506 0.939513
vt 0.477330 0.936965
vt 0.500000 0.936965
vt 0.500000 0.934284
vt 0.478046 0.934284
vt 0.478646 0.931468
vt 0.500000 0.931468
vt 0.500000 0.928519
vt 0.479121 0.928519
vt 0.539202 0.987589
vt 0.539623 0.985906
vt 0.576912 0.987589
vt 0.577738 0.985906
vt 0.578335 0.983894
vt 0.539927 0.983894
vt 0.540111 0.981513
vt 0.578696 0.981513
vt 0.578861 0.978917
vt 0.540196 0.978917
vt 0.540199 0.976261
vt 0.578868 0.976261
vt 0.578747 0.973709
vt 0.540138 0.973709
vt 0.540026 0.971423
vt 0.578529 0.971423
vt 0.578195 0.969372
vt 0.539856 0.969372
vt 0.539616 0.967525
vt 0.577725 0.967525
vt 0.577100 0.965853
vt 0.539298 0.965853
vt 0.538892 0.964324
vt 0.576303 0.964324
vt 0.575313 0.962909
vt 0.538387 0.962909
vt 0.537775 0.961576
vt 0.574112 0.961576
vt 0.572680 0.960295
vt 0.537045 0.960295
vt 0.536188 0.959036
vt 0.571000 0.959036
vt 0.569051 0.957767
vt 0.535195 0.957767
vt 0.534055 0.956460
vt 0.566815 0.956460
vt 0.564372 0.955078
vt 0.553852 0.955078
vt 0.543331 0.955078
vt 0.532810 0.955078
vt 0.521874 0.955078
vt 0.510937 0.955078
vt 0.531501 0.953590
vt 0.561804 0.953590
vt 0.559215 0.951981
vt 0.530182 0.951981
vt 0.528906 0.950239
vt 0.556711 0.950239
vt 0.554310 0.948362
vt 0.527682 0.948362
vt 0.526520 0.946350
vt 0.552030 0.946350
vt 0.549889 0.944205
vt 0.525428 0.944205
vt 0.524417 0.941926
vt 0.547904 0.941926
vt 0.546095 0.939513
vt 0.523495 0.939513
vt 0.522670 0.936965
vt 0.544478 0.936965
vt 0.543072 0.934284
vt 0.521954 0.934284
vt 0.521354 0.931468
vt 0.541895 0.931468
vt 0.540964 0.928519
vt 0.520879 0.928519
vt 0.611638 0.987589
vt 0.612837 0.985906
vt 0.642116 0.987589
vt 0.643641 0.985906
vt 0.644744 0.983894
vt 0.613703 0.983894
vt 0.614228 0.981513
vt 0.645412 0.981513
vt 0.645716 0.978917
vt 0.614467 0.978917
vt 0.614477 0.976261
vt 0.645729 0.976261
vt 0.645506 0.973709
vt 0.614302 0.973709
vt 0.613985 0.971423
vt 0.645103 0.971423
vt 0.644485 0.969372
vt 0.613500 0.969372
vt 0.612817 0.967525
vt 0.643616 0.967525
vt 0.642463 0.965853
vt 0.611911 0.965853
vt 0.610754 0.964324
vt 0.640989 0.964324
vt 0.639160 0.962909
vt 0.609317 0.962909
vt 0.607573 0.961576
vt 0.636940 0.961576
vt 0.634296 0.960295
vt 0.605496 0.960295
vt 0.603056 0.959036
vt 0.631190 0.959036
vt 0.627589 0.957767
vt 0.600227 0.957767
vt 0.596982 0.956460
vt 0.623457 0.956459
vt 0.618944 0.955078
vt 0.610441 0.955078
vt 0.601939 0.955078
vt 0.593436 0.955078
vt 0.583748 0.955078
vt 0.574060 0.955078
vt 0.589708 0.953590
vt 0.614198 0.953590
vt 0.609415 0.951981
vt 0.585951 0.951981
vt 0.582316 0.950239
vt 0.604788 0.950239
vt 0.600352 0.948362
vt 0.578831 0.948362
vt 0.575522 0.946350
vt 0.596139 0.946350
vt 0.592183 0.944205
vt 0.572414 0.944205
vt 0.569533 0.941926
vt 0.588516 0.941926
vt 0.585172 0.939513
vt 0.566907 0.939513
vt 0.564560 0.936965
vt 0.582185 0.936965
vt 0.579587 0.934284
vt 0.562519 0.934284
vt 0.560810 0.931468
vt 0.577411 0.931468
vt 0.575692 0.928519
vt 0.559460 0.928519
vt 0.667079 0.987589
vt 0.668872 0.985906
vt 0.689117 0.983894
vt 0.670169 0.983894
vt 0.670954 0.981513
vt 0.689990 0.981513
vt 0.671327 0.976261
vt 0.690113 0.973709
vt 0.671065 0.973709
vt 0.670591 0.971423
vt 0.689586 0.971423
vt 0.669864 0.969372
vt 0.687644 0.967525
vt 0.667487 0.965853
vt 0.665754 0.964324
vt 0.684211 0.964324
vt 0.660995 0.961576
vt 0.657885 0.960295
vt 0.654234 0.959036
vt 0.671408 0.959036
vt 0.666703 0.957767
vt 0.650001 0.957767
vt 0.645143 0.956459
vt 0.661305 0.956459
vt 0.655408 0.955078
vt 0.639837 0.955078
vt 0.634258 0.953590
vt 0.649207 0.953590
vt 0.628634 0.951981
vt 0.623195 0.950239
vt 0.636913 0.950239
vt 0.617979 0.948362
vt 0.613026 0.946350
vt 0.625612 0.946350
vt 0.620442 0.944205
vt 0.608375 0.944205
vt 0.604064 0.941926
vt 0.615651 0.941926
vt 0.611283 0.939513
vt 0.600133 0.939513
vt 0.596621 0.936965
vt 0.607379 0.936965
vt 0.593566 0.934284
vt 0.591009 0.931468
vt 0.601143 0.931468
vt 0.598896 0.928519
vt 0.588987 0.928519
vt 0.697083 0.987589
vt 0.700727 0.983894
vt 0.701654 0.981513
vt 0.692984 0.962909
vt 0.681932 0.959036
vt 0.676938 0.957767
vt 0.667125 0.955078
vt 0.664949 0.955078
vt 0.661769 0.955078
vt 0.658588 0.955078
vt 0.658368 0.953590
vt 0.651734 0.951981
vt 0.645318 0.950238
vt 0.618115 0.939513
vt 0.610369 0.934284
vt 0.388362 0.987589
vt 0.388362 0.987589
vt 0.460798 0.987589
vt 0.388362 0.987589
vt 0.539202 0.987589
vt 0.388362 0.987589
vt 0.539202 0.987589
vt 0.611639 0.987589
vt 0.697083 0.987589
vt 0.642116 0.987589
vt 0.667079 0.987589
vt 0.667079 0.987589
vt 0.697083 0.987589
vt 0.697083 0.987589
vt 0.611639 0.987589
vt 0.576913 0.987589
vt 0.314317 0.987589
vt 0.642116 0.987589
vt 0.685683 0.987589
vt 0.642115 0.987589
vt 0.700982 0.987589
vt 0.668185 0.965177
vt 0.664812 0.965177
vt 0.423088 0.987589
vt 0.460798 0.987589
vt 0.423088 0.987589
vt 0.500000 0.987589
vt 0.460798 0.987589
vt 0.302917 0.987589
vt 0.653803 0.965177
vt 0.648299 0.965177
vt 0.323916 0.965177
vt 0.325070 0.965177
vt 0.608107 0.965177
vt 0.599090 0.965177
vt 0.346197 0.965177
vt 0.351701 0.965177
vt 0.545953 0.965177
vt 0.534796 0.965177
vt 0.391893 0.965177
vt 0.400910 0.965177
vt 0.539202 0.987589
vt 0.476803 0.965177
vt 0.465204 0.965177
vt 0.454047 0.965177
vt 0.465204 0.965177
vt 0.460798 0.987589
vt 0.411184 0.965177
vt 0.400910 0.965177
vt 0.523197 0.965177
vt 0.534796 0.965177
vt 0.359087 0.965177
vt 0.351701 0.965177
vt 0.671558 0.965177
vt 0.674930 0.965177
vt 0.588816 0.965177
vt 0.599090 0.965177
vt 0.676084 0.965177
vt 0.674930 0.965177
vt 0.328443 0.965177
vt 0.325070 0.965177
vt 0.640913 0.965177
vt 0.648299 0.965177
vt 0.633527 0.965177
vt 0.626142 0.965177
vt 0.578542 0.965177
vt 0.568267 0.965177
vt 0.511599 0.965177
vt 0.500000 0.965177
vt 0.442890 0.965177
vt 0.431733 0.965177
vt 0.382876 0.965177
vt 0.373859 0.965177
vt 0.340693 0.965177
vt 0.335188 0.965177
vt 0.322763 0.965177
vt 0.321609 0.965177
vt 0.331816 0.965177
vt 0.335188 0.965177
vt 0.366473 0.965177
vt 0.373859 0.965177
vt 0.421459 0.965177
vt 0.431733 0.965177
vt 0.488402 0.965177
vt 0.500000 0.965177
vt 0.557110 0.965177
vt 0.568267 0.965177
vt 0.617124 0.965177
vt 0.626142 0.965177
vt 0.539202 0.987589
vt 0.659307 0.965177
vt 0.664812 0.965177
vt 0.677238 0.965177
vt 0.678391 0.965177
vt 0.683620 0.985374
vt 0.687377 0.985374
vt 0.691135 0.985374
vt 0.694893 0.985374
vt 0.694893 0.985374
vt 0.696178 0.985374
vt 0.697464 0.985374
vt 0.698749 0.985374
vt 0.640537 0.985374
vt 0.648765 0.985374
vt 0.656994 0.985374
vt 0.665222 0.985374
vt 0.665222 0.985374
vt 0.671355 0.985373
vt 0.677487 0.985373
vt 0.683620 0.985373
vt 0.576058 0.985374
vt 0.587505 0.985374
vt 0.598951 0.985374
vt 0.610398 0.985374
vt 0.610398 0.985374
vt 0.620444 0.985374
vt 0.630490 0.985374
vt 0.640536 0.985374
vt 0.500000 0.985374
vt 0.512922 0.985374
vt 0.525844 0.985374
vt 0.538767 0.985374
vt 0.551197 0.985374
vt 0.563627 0.985374
vt 0.576058 0.985374
vt 0.423942 0.985374
vt 0.436373 0.985374
vt 0.448803 0.985374
vt 0.461233 0.985374
vt 0.461233 0.985374
vt 0.474156 0.985374
vt 0.487078 0.985374
vt 0.359464 0.985374
vt 0.369510 0.985374
vt 0.379556 0.985374
vt 0.389602 0.985374
vt 0.389602 0.985374
vt 0.401049 0.985374
vt 0.412496 0.985374
vt 0.423942 0.985374
vt 0.316380 0.985374
vt 0.322513 0.985374
vt 0.328645 0.985374
vt 0.334778 0.985374
vt 0.343007 0.985374
vt 0.351235 0.985374
vt 0.301252 0.985374
vt 0.302537 0.985374
vt 0.303822 0.985374
vt 0.305107 0.985374
vt 0.305107 0.985374
vt 0.308865 0.985374
vt 0.312623 0.985374
vt 0.316381 0.985374
vt 0.316381 0.985374
vt 0.308865 0.985374
vt 0.305107 0.985374
vt 0.301252 0.985374
vt 0.359464 0.985374
vt 0.351235 0.985374
vt 0.343007 0.985374
vt 0.334778 0.985374
vt 0.328645 0.985374
vt 0.322513 0.985374
vt 0.316381 0.985374
vt 0.423942 0.985374
vt 0.412496 0.985374
vt 0.401049 0.985374
vt 0.389602 0.985374
vt 0.389602 0.985374
vt 0.379556 0.985374
vt 0.369510 0.985374
vt 0.500000 0.985374
vt 0.487078 0.985374
vt 0.474156 0.985374
vt 0.461234 0.985374
vt 0.461234 0.985374
vt 0.448803 0.985373
vt 0.436373 0.985373
vt 0.423943 0.985373
vt 0.576058 0.985374
vt 0.563628 0.985374
vt 0.551197 0.985374
vt 0.538767 0.985374
vt 0.525845 0.985374
vt 0.512922 0.985374
vt 0.640536 0.985374
vt 0.630490 0.985373
vt 0.620444 0.985373
vt 0.610398 0.985374
vt 0.610398 0.985374
vt 0.598951 0.985374
vt 0.587505 0.985374
vt 0.677487 0.985373
vt 0.671355 0.985374
vt 0.665222 0.985374
vt 0.665222 0.985374
vt 0.656994 0.985374
vt 0.648765 0.985374
vt 0.640537 0.985374
vt 0.698749 0.985374
vt 0.697463 0.985374
vt 0.696178 0.985374
vt 0.694893 0.985374
vt 0.694893 0.985373
vt 0.691135 0.985373
vt 0.687377 0.985373
vt 0.674930 0.965177
vt 0.676084 0.965177
vt 0.686131 0.975275
vt 0.684912 0.975275
vt 0.687351 0.975275
vt 0.688570 0.975275
vt 0.648299 0.965177
vt 0.653803 0.965177
vt 0.662579 0.975275
vt 0.656761 0.975275
vt 0.668397 0.975275
vt 0.674216 0.975275
vt 0.599090 0.965177
vt 0.608107 0.965177
vt 0.614276 0.975275
vt 0.604744 0.975275
vt 0.623807 0.975275
vt 0.633339 0.975275
vt 0.545953 0.965177
vt 0.548575 0.975275
vt 0.536781 0.975275
vt 0.560369 0.975275
vt 0.572163 0.975275
vt 0.465204 0.965177
vt 0.476803 0.965177
vt 0.475479 0.975275
vt 0.463219 0.975275
vt 0.487740 0.975275
vt 0.500000 0.975275
vt 0.400910 0.965177
vt 0.411184 0.965177
vt 0.406117 0.975275
vt 0.395256 0.975275
vt 0.416977 0.975275
vt 0.427838 0.975275
vt 0.359087 0.965177
vt 0.351047 0.975275
vt 0.343240 0.975275
vt 0.358854 0.975275
vt 0.366661 0.975275
vt 0.318654 0.975275
vt 0.315089 0.975275
vt 0.322219 0.975275
vt 0.325785 0.975275
vt 0.313869 0.975275
vt 0.312650 0.975275
vt 0.311431 0.975275
vt 0.346197 0.965177
vt 0.337421 0.975275
vt 0.343240 0.975275
vt 0.331603 0.975275
vt 0.325784 0.975275
vt 0.400910 0.965177
vt 0.391893 0.965177
vt 0.385724 0.975275
vt 0.395256 0.975275
vt 0.376193 0.975275
vt 0.366661 0.975275
vt 0.454047 0.965177
vt 0.451425 0.975275
vt 0.463219 0.975275
vt 0.439631 0.975275
vt 0.427838 0.975275
vt 0.523197 0.965177
vt 0.524521 0.975275
vt 0.536781 0.975275
vt 0.512260 0.975275
vt 0.500000 0.975275
vt 0.599090 0.965177
vt 0.588816 0.965177
vt 0.593884 0.975275
vt 0.604744 0.975275
vt 0.583023 0.975275
vt 0.572163 0.975275
vt 0.648953 0.975275
vt 0.656761 0.975275
vt 0.641146 0.975275
vt 0.633339 0.975275
vt 0.626142 0.965177
vt 0.633527 0.965177
vt 0.641146 0.975275
vt 0.633339 0.975275
vt 0.656761 0.975275
vt 0.331816 0.965177
vt 0.322219 0.975275
vt 0.325785 0.975275
vt 0.318654 0.975275
vt 0.315089 0.975275
vt 0.678391 0.965177
vt 0.677238 0.965177
vt 0.687351 0.975275
vt 0.688570 0.975275
vt 0.686131 0.975275
vt 0.684912 0.975275
vt 0.578542 0.965177
vt 0.583023 0.975275
vt 0.593884 0.975275
vt 0.604744 0.975275
vt 0.668185 0.965177
vt 0.677781 0.975275
vt 0.681346 0.975275
vt 0.684912 0.975275
vt 0.366473 0.965177
vt 0.358854 0.975275
vt 0.351047 0.975275
vt 0.511599 0.965177
vt 0.512261 0.975275
vt 0.524521 0.975275
vt 0.421459 0.965177
vt 0.416977 0.975275
vt 0.427838 0.975275
vt 0.406117 0.975275
vt 0.395256 0.975275
vt 0.431733 0.965177
vt 0.442890 0.965177
vt 0.439631 0.975275
vt 0.427838 0.975275
vt 0.451425 0.975275
vt 0.463219 0.975275
vt 0.488401 0.965177
vt 0.487740 0.975275
vt 0.475479 0.975275
vt 0.382876 0.965177
vt 0.376193 0.975275
vt 0.385725 0.975275
vt 0.395256 0.975275
vt 0.557110 0.965177
vt 0.560369 0.975275
vt 0.548575 0.975275
vt 0.340693 0.965177
vt 0.331603 0.975275
vt 0.325784 0.975275
vt 0.337421 0.975275
vt 0.617124 0.965177
vt 0.623807 0.975275
vt 0.614276 0.975275
vt 0.604744 0.975275
vt 0.321609 0.965177
vt 0.311431 0.975275
vt 0.315089 0.975275
vt 0.664812 0.965177
vt 0.662579 0.975275
vt 0.674930 0.965177
vt 0.671557 0.965177
vt 0.681346 0.975275
vt 0.684912 0.975275
vt 0.677781 0.975275
vt 0.674216 0.975275
s 1
usemtl 材质.001
f 3937/3760/3874 4433/3761/3875 4193/3762/3876 4435/3763/3877
f 4433/3761/3875 3953/3764/3878 4436/3765/3879 4193/3762/3876
f 3954/3766/3880 4434/3767/3881 4193/3762/3876 4436/3765/3879
f 4434/3767/3881 3938/3768/3882 4435/3763/3877 4193/3762/3876
f 3938/3768/3882 4434/3767/3881 4194/3769/3883 4438/3770/3884
f 4434/3767/3881 3954/3766/3880 4439/3771/3885 4194/3769/3883
f 3955/3772/3886 4437/3773/3887 4194/3769/3883 4439/3771/3885
f 4437/3773/3887 3939/3774/3888 4438/3770/3884 4194/3769/3883
f 3939/3774/3888 4437/3773/3887 4195/3775/3889 4441/3776/3890
f 4437/3773/3887 3955/3772/3886 4442/3777/3891 4195/3775/3889
f 3956/3778/3892 4440/3779/3893 4195/3775/3889 4442/3777/3891
f 4440/3779/3893 3940/3780/3894 4441/3776/3890 4195/3775/3889
f 3940/3780/3894 4440/3779/3893 4196/3781/3895 4444/3782/3896
f 4440/3779/3893 3956/3778/3892 4445/3783/3897 4196/3781/3895
f 3957/3784/3898 4443/3785/3899 4196/3781/3895 4445/3783/3897
f 4443/3785/3899 3941/3786/3900 4444/3782/3896 4196/3781/3895
f 3941/3786/3900 4443/3785/3899 4197/3787/3901 4447/3788/3902
f 4443/3785/3899 3957/3784/3898 4448/3789/3903 4197/3787/3901
f 3958/3790/3904 4446/3791/3905 4197/3787/3901 4448/3789/3903
f 4446/3791/3905 3942/3792/3906 4447/3788/3902 4197/3787/3901
f 3942/3792/3906 4446/3791/3905 4198/3793/3907 4450/3794/3908
f 4446/3791/3905 3958/3790/3904 4451/3795/3909 4198/3793/3907
f 3959/3796/3910 4449/3797/3911 4198/3793/3907 4451/3795/3909
f 4449/3797/3911 3943/3798/3912 4450/3794/3908 4198/3793/3907
f 3943/3798/3912 4449/3797/3911 4199/3799/3913 4453/3800/3914
f 4449/3797/3911 3959/3796/3910 4454/3801/3915 4199/3799/3913
f 3960/3802/3916 4452/3803/3917 4199/3799/3913 4454/3801/3915
f 4452/3803/3917 3944/3804/3918 4453/3800/3914 4199/3799/3913
f 3944/3804/3918 4452/3803/3917 4200/3805/3919 4456/3806/3920
f 4452/3803/3917 3960/3802/3916 4457/3807/3921 4200/3805/3919
f 3961/3808/3922 4455/3809/3923 4200/3805/3919 4457/3807/3921
f 4455/3809/3923 3945/3810/3924 4456/3806/3920 4200/3805/3919
f 3945/3810/3924 4455/3809/3923 4201/3811/3925 4459/3812/3926
f 4455/3809/3923 3961/3808/3922 4460/3813/3927 4201/3811/3925
f 3962/3814/3928 5377/3815/3929 5378/3816/3929 4458/3817/3930 4201/3811/3925 4460/3813/3927
f 4458/3817/3930 5379/3818/3931 5380/3819/3931 3946/3820/3932 4459/3812/3926 4201/3811/3925
f 3946/3820/3933 5380/3819/3934 5379/3818/3934 4458/3817/3935 4202/3821/3936 4462/3822/3937
f 4458/3817/3935 5378/3816/3938 5377/3815/3938 3962/3814/3939 4463/3823/3940 4202/3821/3936
f 3963/3824/3941 4461/3825/3942 4202/3821/3936 4463/3823/3940
f 4461/3825/3942 3947/3826/3943 4462/3822/3937 4202/3821/3936
f 3947/3826/3943 4461/3825/3942 4203/3827/3944 4465/3828/3945
f 4461/3825/3942 3963/3824/3941 4466/3829/3946 4203/3827/3944
f 3964/3830/3947 4464/3831/3948 4203/3827/3944 4466/3829/3946
f 4464/3831/3948 3948/3832/3949 4465/3828/3945 4203/3827/3944
f 3948/3832/3949 4464/3831/3948 4204/3833/3950 4468/3834/3951
f 4464/3831/3948 3964/3830/3947 4469/3835/3952 4204/3833/3950
f 3965/3836/3953 4467/3837/3954 4204/3833/3950 4469/3835/3952
f 4467/3837/3954 3949/3838/3955 4468/3834/3951 4204/3833/3950
f 3949/3838/3955 4467/3837/3954 4205/3839/3956 4471/3840/3957
f 4467/3837/3954 3965/3836/3953 4472/3841/3958 4205/3839/3956
f 3966/3842/3959 4470/3843/3960 4205/3839/3956 4472/3841/3958
f 4470/3843/3960 3950/3844/3961 4471/3840/3957 4205/3839/3956
f 3950/3844/3961 4470/3843/3960 4206/3845/3962 4474/3846/3963
f 4470/3843/3960 3966/3842/3959 4475/3847/3964 4206/3845/3962
f 3967/3848/3965 4473/3849/3966 4206/3845/3962 4475/3847/3964
f 4473/3849/3966 3951/3850/3967 4474/3846/3963 4206/3845/3962
f 3951/3850/3967 4473/3849/3966 4207/3851/3968 4477/3852/3969
f 4473/3849/3966 3967/3848/3965 4478/3853/3970 4207/3851/3968
f 3968/3854/3971 4476/3855/3972 4207/3851/3968 4478/3853/3970
f 4476/3855/3972 3952/3856/3973 4477/3852/3969 4207/3851/3968
f 3953/3764/3878 4479/3857/3974 4208/3858/3975 4436/3765/3879
f 4479/3857/3974 3969/3859/3976 4481/3860/3977 4208/3858/3975
f 3970/3861/3978 4480/3862/3979 4208/3858/3975 4481/3860/3977
f 4480/3862/3979 3954/3766/3880 4436/3765/3879 4208/3858/3975
f 3954/3766/3880 4480/3862/3979 4209/3863/3980 4439/3771/3885
f 4480/3862/3979 3970/3861/3978 4483/3864/3981 4209/3863/3980
f 3971/3865/3982 4482/3866/3983 4209/3863/3980 4483/3864/3981
f 4482/3866/3983 3955/3772/3886 4439/3771/3885 4209/3863/3980
f 3955/3772/3886 4482/3866/3983 4210/3867/3984 4442/3777/3891
f 4482/3866/3983 3971/3865/3982 4485/3868/3985 4210/3867/3984
f 3972/3869/3986 4484/3870/3987 4210/3867/3984 4485/3868/3985
f 4484/3870/3987 3956/3778/3892 4442/3777/3891 4210/3867/3984
f 3956/3778/3892 4484/3870/3987 4211/3871/3988 4445/3783/3897
f 4484/3870/3987 3972/3869/3986 4487/3872/3989 4211/3871/3988
f 3973/3873/3990 4486/3874/3991 4211/3871/3988 4487/3872/3989
f 4486/3874/3991 3957/3784/3898 4445/3783/3897 4211/3871/3988
f 3957/3784/3898 4486/3874/3991 4212/3875/3992 4448/3789/3903
f 4486/3874/3991 3973/3873/3990 4489/3876/3993 4212/3875/3992
f 3974/3877/3994 4488/3878/3995 4212/3875/3992 4489/3876/3993
f 4488/3878/3995 3958/3790/3904 4448/3789/3903 4212/3875/3992
f 3958/3790/3904 4488/3878/3995 4213/3879/3996 4451/3795/3909
f 4488/3878/3995 3974/3877/3994 4491/3880/3997 4213/3879/3996
f 3975/3881/3998 4490/3882/3999 4213/3879/3996 4491/3880/3997
f 4490/3882/3999 3959/3796/3910 4451/3795/3909 4213/3879/3996
f 3959/3796/3910 4490/3882/3999 4214/3883/4000 4454/3801/3915
f 4490/3882/3999 3975/3881/3998 4493/3884/4001 4214/3883/4000
f 3976/3885/4002 4492/3886/4003 4214/3883/4000 4493/3884/4001
f 4492/3886/4003 3960/3802/3916 4454/3801/3915 4214/3883/4000
f 3960/3802/3916 4492/3886/4003 4215/3887/4004 4457/3807/3921
f 4492/3886/4003 3976/3885/4002 4495/3888/4005 4215/3887/4004
f 3977/3889/4006 4494/3890/4007 4215/3887/4004 4495/3888/4005
f 4494/3890/4007 3961/3808/3922 4457/3807/3921 4215/3887/4004
f 3961/3808/3922 4494/3890/4007 4216/3891/4008 4460/3813/3927
f 4494/3890/4007 3977/3889/4006 4497/3892/4009 4216/3891/4008
f 3978/3893/4010 5381/3894/4011 5382/3895/4011 4496/3896/4012 4216/3891/4008 4497/3892/4009
f 4496/3896/4012 5383/3897/4013 5384/3898/4013 3962/3814/3928 4460/3813/3927 4216/3891/4008
f 3962/3814/3939 5384/3898/4014 5383/3897/4014 4496/3896/4015 4217/3899/4016 4463/3823/3940
f 4496/3896/4015 5382/3895/4017 5381/3894/4017 3978/3893/4018 4499/3900/4019 4217/3899/4016
f 3979/3901/4020 4498/3902/4021 4217/3899/4016 4499/3900/4019
f 4498/3902/4021 3963/3824/3941 4463/3823/3940 4217/3899/4016
f 3963/3824/3941 4498/3902/4021 4218/3903/4022 4466/3829/3946
f 4498/3902/4021 3979/3901/4020 4501/3904/4023 4218/3903/4022
f 3980/3905/4024 4500/3906/4025 4218/3903/4022 4501/3904/4023
f 4500/3906/4025 3964/3830/3947 4466/3829/3946 4218/3903/4022
f 3964/3830/3947 4500/3906/4025 4219/3907/4026 4469/3835/3952
f 4500/3906/4025 3980/3905/4024 4503/3908/4027 4219/3907/4026
f 3981/3909/4028 4502/3910/4029 4219/3907/4026 4503/3908/4027
f 4502/3910/4029 3965/3836/3953 4469/3835/3952 4219/3907/4026
f 3965/3836/3953 4502/3910/4029 4220/3911/4030 4472/3841/3958
f 4502/3910/4029 3981/3909/4028 4505/3912/4031 4220/3911/4030
f 3982/3913/4032 4504/3914/4033 4220/3911/4030 4505/3912/4031
f 4504/3914/4033 3966/3842/3959 4472/3841/3958 4220/3911/4030
f 3966/3842/3959 4504/3914/4033 4221/3915/4034 4475/3847/3964
f 4504/3914/4033 3982/3913/4032 4507/3916/4035 4221/3915/4034
f 3983/3917/4036 4506/3918/4037 4221/3915/4034 4507/3916/4035
f 4506/3918/4037 3967/3848/3965 4475/3847/3964 4221/3915/4034
f 3967/3848/3965 4506/3918/4037 4222/3919/4038 4478/3853/3970
f 4506/3918/4037 3983/3917/4036 4509/3920/4039 4222/3919/4038
f 3984/3921/4040 4508/3922/4041 4222/3919/4038 4509/3920/4039
f 4508/3922/4041 3968/3854/3971 4478/3853/3970 4222/3919/4038
f 3969/3859/3976 4510/3923/4042 4223/3924/4043 4481/3860/3977
f 4510/3923/4042 3985/3925/4044 4512/3926/4045 4223/3924/4043
f 3986/3927/4046 4511/3928/4047 4223/3924/4043 4512/3926/4045
f 4511/3928/4047 3970/3861/3978 4481/3860/3977 4223/3924/4043
f 3970/3861/3978 4511/3928/4047 4224/3929/4048 4483/3864/3981
f 4511/3928/4047 3986/3927/4046 4514/3930/4049 4224/3929/4048
f 3987/3931/4050 4513/3932/4051 4224/3929/4048 4514/3930/4049
f 4513/3932/4051 3971/3865/3982 4483/3864/3981 4224/3929/4048
f 3971/3865/3982 4513/3932/4051 4225/3933/4052 4485/3868/3985
f 4513/3932/4051 3987/3931/4050 4516/3934/4053 4225/3933/4052
f 3988/3935/4054 4515/3936/4055 4225/3933/4052 4516/3934/4053
f 4515/3936/4055 3972/3869/3986 4485/3868/3985 4225/3933/4052
f 3972/3869/3986 4515/3936/4055 4226/3937/4056 4487/3872/3989
f 4515/3936/4055 3988/3935/4054 4518/3938/4057 4226/3937/4056
f 3989/3939/4058 4517/3940/4059 4226/3937/4056 4518/3938/4057
f 4517/3940/4059 3973/3873/3990 4487/3872/3989 4226/3937/4056
f 3973/3873/3990 4517/3940/4059 4227/3941/4060 4489/3876/3993
f 4517/3940/4059 3989/3939/4058 4520/3942/4061 4227/3941/4060
f 3990/3943/4062 4519/3944/4063 4227/3941/4060 4520/3942/4061
f 4519/3944/4063 3974/3877/3994 4489/3876/3993 4227/3941/4060
f 3974/3877/3994 4519/3944/4063 4228/3945/4064 4491/3880/3997
f 4519/3944/4063 3990/3943/4062 4522/3946/4065 4228/3945/4064
f 3991/3947/4066 4521/3948/4067 4228/3945/4064 4522/3946/4065
f 4521/3948/4067 3975/3881/3998 4491/3880/3997 4228/3945/4064
f 3975/3881/3998 4521/3948/4067 4229/3949/4068 4493/3884/4001
f 4521/3948/4067 3991/3947/4066 4524/3950/4069 4229/3949/4068
f 3992/3951/4070 4523/3952/4071 4229/3949/4068 4524/3950/4069
f 4523/3952/4071 3976/3885/4002 4493/3884/4001 4229/3949/4068
f 3976/3885/4002 4523/3952/4071 4230/3953/4072 4495/3888/4005
f 4523/3952/4071 3992/3951/4070 4526/3954/4073 4230/3953/4072
f 3993/3955/4074 4525/3956/4075 4230/3953/4072 4526/3954/4073
f 4525/3956/4075 3977/3889/4006 4495/3888/4005 4230/3953/4072
f 3977/3889/4006 4525/3956/4075 4231/3957/4076 4497/3892/4009
f 4525/3956/4075 3993/3955/4074 4528/3958/4077 4231/3957/4076
f 3994/3959/4078 5385/3960/4079 5386/3961/4079 4527/3962/4080 4231/3957/4076 4528/3958/4077
f 4527/3962/4080 5387/3963/4081 5388/3964/4081 3978/3893/4010 4497/3892/4009 4231/3957/4076
f 3978/3893/4018 5388/3964/4082 5387/3963/4082 4527/3962/4083 4232/3965/4084 4499/3900/4019
f 4527/3962/4083 5386/3961/4085 5385/3960/4085 3994/3959/4086 4530/3966/4087 4232/3965/4084
f 3995/3967/4088 4529/3968/4089 4232/3965/4084 4530/3966/4087
f 4529/3968/4089 3979/3901/4020 4499/3900/4019 4232/3965/4084
f 3979/3901/4020 4529/3968/4089 4233/3969/4090 4501/3904/4023
f 4529/3968/4089 3995/3967/4088 4532/3970/4091 4233/3969/4090
f 3996/3971/4092 4531/3972/4093 4233/3969/4090 4532/3970/4091
f 4531/3972/4093 3980/3905/4024 4501/3904/4023 4233/3969/4090
f 3980/3905/4024 4531/3972/4093 4234/3973/4094 4503/3908/4027
f 4531/3972/4093 3996/3971/4092 4534/3974/4095 4234/3973/4094
f 3997/3975/4096 4533/3976/4097 4234/3973/4094 4534/3974/4095
f 4533/3976/4097 3981/3909/4028 4503/3908/4027 4234/3973/4094
f 3981/3909/4028 4533/3976/4097 4235/3977/4098 4505/3912/4031
f 4533/3976/4097 3997/3975/4096 4536/3978/4099 4235/3977/4098
f 3998/3979/4100 4535/3980/4101 4235/3977/4098 4536/3978/4099
f 4535/3980/4101 3982/3913/4032 4505/3912/4031 4235/3977/4098
f 3982/3913/4032 4535/3980/4101 4236/3981/4102 4507/3916/4035
f 4535/3980/4101 3998/3979/4100 4538/3982/4103 4236/3981/4102
f 3999/3983/4104 4537/3984/4105 4236/3981/4102 4538/3982/4103
f 4537/3984/4105 3983/3917/4036 4507/3916/4035 4236/3981/4102
f 3983/3917/4036 4537/3984/4105 4237/3985/4106 4509/3920/4039
f 4537/3984/4105 3999/3983/4104 4540/3986/4107 4237/3985/4106
f 4000/3987/4108 4539/3988/4109 4237/3985/4106 4540/3986/4107
f 4539/3988/4109 3984/3921/4040 4509/3920/4039 4237/3985/4106
f 3985/3925/4044 4541/3989/4110 4238/3990/4111 4512/3926/4045
f 4541/3989/4110 4001/3991/4112 4543/3992/4113 4238/3990/4111
f 4002/3993/4114 4542/3994/4115 4238/3990/4111 4543/3992/4113
f 4542/3994/4115 3986/3927/4046 4512/3926/4045 4238/3990/4111
f 3986/3927/4046 4542/3994/4115 4239/3995/4116 4514/3930/4049
f 4542/3994/4115 4002/3993/4114 4545/3996/4117 4239/3995/4116
f 4003/3997/4118 4544/3998/4119 4239/3995/4116 4545/3996/4117
f 4544/3998/4119 3987/3931/4050 4514/3930/4049 4239/3995/4116
f 3987/3931/4050 4544/3998/4119 4240/3999/4120 4516/3934/4053
f 4544/3998/4119 4003/3997/4118 4547/4000/4121 4240/3999/4120
f 4004/4001/4122 4546/4002/4123 4240/3999/4120 4547/4000/4121
f 4546/4002/4123 3988/3935/4054 4516/3934/4053 4240/3999/4120
f 3988/3935/4054 4546/4002/4123 4241/4003/4124 4518/3938/4057
f 4546/4002/4123 4004/4001/4122 4549/4004/4125 4241/4003/4124
f 4005/4005/4126 4548/4006/4127 4241/4003/4124 4549/4004/4125
f 4548/4006/4127 3989/3939/4058 4518/3938/4057 4241/4003/4124
f 3989/3939/4058 4548/4006/4127 4242/4007/4128 4520/3942/4061
f 4548/4006/4127 4005/4005/4126 4551/4008/4129 4242/4007/4128
f 4006/4009/4130 4550/4010/4131 4242/4007/4128 4551/4008/4129
f 4550/4010/4131 3990/3943/4062 4520/3942/4061 4242/4007/4128
f 3990/3943/4062 4550/4010/4131 4243/4011/4132 4522/3946/4065
f 4550/4010/4131 4006/4009/4130 4553/4012/4133 4243/4011/4132
f 4007/4013/4134 4552/4014/4135 4243/4011/4132 4553/4012/4133
f 4552/4014/4135 3991/3947/4066 4522/3946/4065 4243/4011/4132
f 3991/3947/4066 4552/4014/4135 4244/4015/4136 4524/3950/4069
f 4552/4014/4135 4007/4013/4134 4555/4016/4137 4244/4015/4136
f 4008/4017/4138 4554/4018/4139 4244/4015/4136 4555/4016/4137
f 4554/4018/4139 3992/3951/4070 4524/3950/4069 4244/4015/4136
f 3992/3951/4070 4554/4018/4139 4245/4019/4140 4526/3954/4073
f 4554/4018/4139 4008/4017/4138 4557/4020/4141 4245/4019/4140
f 4009/4021/4142 4556/4022/4143 4245/4019/4140 4557/4020/4141
f 4556/4022/4143 3993/3955/4074 4526/3954/4073 4245/4019/4140
f 3993/3955/4074 4556/4022/4143 4246/4023/4144 4528/3958/4077
f 4556/4022/4143 4009/4021/4142 4559/4024/4145 4246/4023/4144
f 4010/4025/4146 5389/4026/4147 5390/4027/4147 4558/4028/4148 4246/4023/4144 4559/4024/4145
f 4558/4028/4148 5391/4029/4149 5392/4030/4149 3994/3959/4078 4528/3958/4077 4246/4023/4144
f 3994/3959/4086 5392/4030/4150 5391/4029/4150 4558/4028/4151 4247/4031/4152 4530/3966/4087
f 4558/4028/4151 5390/4027/4153 5389/4026/4153 4010/4025/4154 4561/4032/4155 4247/4031/4152
f 4011/4033/4156 4560/4034/4157 4247/4031/4152 4561/4032/4155
f 4560/4034/4157 3995/3967/4088 4530/3966/4087 4247/4031/4152
f 3995/3967/4088 4560/4034/4157 4248/4035/4158 4532/3970/4091
f 4560/4034/4157 4011/4033/4156 4563/4036/4159 4248/4035/4158
f 4012/4037/4160 4562/4038/4161 4248/4035/4158 4563/4036/4159
f 4562/4038/4161 3996/3971/4092 4532/3970/4091 4248/4035/4158
f 3996/3971/4092 4562/4038/4161 4249/4039/4162 4534/3974/4095
f 4562/4038/4161 4012/4037/4160 4565/4040/4163 4249/4039/4162
f 4013/4041/4164 4564/4042/4165 4249/4039/4162 4565/4040/4163
f 4564/4042/4165 3997/3975/4096 4534/3974/4095 4249/4039/4162
f 3997/3975/4096 4564/4042/4165 4250/4043/4166 4536/3978/4099
f 4564/4042/4165 4013/4041/4164 4567/4044/4167 4250/4043/4166
f 4014/4045/4168 4566/4046/4169 4250/4043/4166 4567/4044/4167
f 4566/4046/4169 3998/3979/4100 4536/3978/4099 4250/4043/4166
f 3998/3979/4100 4566/4046/4169 4251/4047/4170 4538/3982/4103
f 4566/4046/4169 4014/4045/4168 4569/4048/4171 4251/4047/4170
f 4015/4049/4172 4568/4050/4173 4251/4047/4170 4569/4048/4171
f 4568/4050/4173 3999/3983/4104 4538/3982/4103 4251/4047/4170
f 3999/3983/4104 4568/4050/4173 4252/4051/4174 4540/3986/4107
f 4568/4050/4173 4015/4049/4172 4571/4052/4175 4252/4051/4174
f 4016/4053/4176 4570/4054/4177 4252/4051/4174 4571/4052/4175
f 4570/4054/4177 4000/3987/4108 4540/3986/4107 4252/4051/4174
f 4001/3991/4112 4572/4055/4178 4253/4056/4179 4543/3992/4113
f 4572/4055/4178 4017/4057/4180 4574/4058/4181 4253/4056/4179
f 4018/4059/4182 4573/4060/4183 4253/4056/4179 4574/4058/4181
f 4573/4060/4183 4002/3993/4114 4543/3992/4113 4253/4056/4179
f 4002/3993/4114 4573/4060/4183 4254/4061/4184 4545/3996/4117
f 4573/4060/4183 4018/4059/4182 4576/4062/4185 4254/4061/4184
f 4019/4063/4186 4575/4064/4187 4254/4061/4184 4576/4062/4185
f 4575/4064/4187 4003/3997/4118 4545/3996/4117 4254/4061/4184
f 4003/3997/4118 4575/4064/4187 4255/4065/4188 4547/4000/4121
f 4575/4064/4187 4019/4063/4186 4578/4066/4189 4255/4065/4188
f 4020/4067/4190 4577/4068/4191 4255/4065/4188 4578/4066/4189
f 4577/4068/4191 4004/4001/4122 4547/4000/4121 4255/4065/4188
f 4004/4001/4122 4577/4068/4191 4256/4069/4192 4549/4004/4125
f 4577/4068/4191 4020/4067/4190 4580/4070/4193 4256/4069/4192
f 4021/4071/4194 4579/4072/4195 4256/4069/4192 4580/4070/4193
f 4579/4072/4195 4005/4005/4126 4549/4004/4125 4256/4069/4192
f 4005/4005/4126 4579/4072/4195 4257/4073/4196 4551/4008/4129
f 4579/4072/4195 4021/4071/4194 4582/4074/4197 4257/4073/4196
f 4022/4075/4198 4581/4076/4199 4257/4073/4196 4582/4074/4197
f 4581/4076/4199 4006/4009/4130 4551/4008/4129 4257/4073/4196
f 4006/4009/4130 4581/4076/4199 4258/4077/4200 4553/4012/4133
f 4581/4076/4199 4022/4075/4198 4584/4078/4201 4258/4077/4200
f 4023/4079/4202 4583/4080/4203 4258/4077/4200 4584/4078/4201
f 4583/4080/4203 4007/4013/4134 4553/4012/4133 4258/4077/4200
f 4007/4013/4134 4583/4080/4203 4259/4081/4204 4555/4016/4137
f 4583/4080/4203 4023/4079/4202 4586/4082/4205 4259/4081/4204
f 4024/4083/4206 4585/4084/4207 4259/4081/4204 4586/4082/4205
f 4585/4084/4207 4008/4017/4138 4555/4016/4137 4259/4081/4204
f 4008/4017/4138 4585/4084/4207 4260/4085/4208 4557/4020/4141
f 4585/4084/4207 4024/4083/4206 4588/4086/4209 4260/4085/4208
f 4025/4087/4210 4587/4088/4211 4260/4085/4208 4588/4086/4209
f 4587/4088/4211 4009/4021/4142 4557/4020/4141 4260/4085/4208
f 4009/4021/4142 4587/4088/4211 4261/4089/4212 4559/4024/4145
f 4587/4088/4211 4025/4087/4210 4590/4090/4213 4261/4089/4212
f 4026/4091/4214 5393/4092/4215 5394/4093/4215 4589/4094/4216 4261/4089/4212 4590/4090/4213
f 4589/4094/4216 5395/4095/4217 5396/4096/4217 4010/4025/4146 4559/4024/4145 4261/4089/4212
f 4010/4025/4154 5396/4096/4218 5395/4095/4218 4589/4094/4219 4262/4097/4220 4561/4032/4155
f 4589/4094/4219 5394/4093/4221 5393/4092/4221 4026/4091/4222 4592/4098/4223 4262/4097/4220
f 4027/4099/4224 4591/4100/4225 4262/4097/4220 4592/4098/4223
f 4591/4100/4225 4011/4033/4156 4561/4032/4155 4262/4097/4220
f 4011/4033/4156 4591/4100/4225 4263/4101/4226 4563/4036/4159
f 4591/4100/4225 4027/4099/4224 4594/4102/4227 4263/4101/4226
f 4028/4103/4228 4593/4104/4229 4263/4101/4226 4594/4102/4227
f 4593/4104/4229 4012/4037/4160 4563/4036/4159 4263/4101/4226
f 4012/4037/4160 4593/4104/4229 4264/4105/4230 4565/4040/4163
f 4593/4104/4229 4028/4103/4228 4596/4106/4231 4264/4105/4230
f 4029/4107/4232 4595/4108/4233 4264/4105/4230 4596/4106/4231
f 4595/4108/4233 4013/4041/4164 4565/4040/4163 4264/4105/4230
f 4013/4041/4164 4595/4108/4233 4265/4109/4234 4567/4044/4167
f 4595/4108/4233 4029/4107/4232 4598/4110/4235 4265/4109/4234
f 4030/4111/4236 4597/4112/4237 4265/4109/4234 4598/4110/4235
f 4597/4112/4237 4014/4045/4168 4567/4044/4167 4265/4109/4234
f 4014/4045/4168 4597/4112/4237 4266/4113/4238 4569/4048/4171
f 4597/4112/4237 4030/4111/4236 4600/4114/4239 4266/4113/4238
f 4031/4115/4240 4599/4116/4241 4266/4113/4238 4600/4114/4239
f 4599/4116/4241 4015/4049/4172 4569/4048/4171 4266/4113/4238
f 4015/4049/4172 4599/4116/4241 4267/4117/4242 4571/4052/4175
f 4599/4116/4241 4031/4115/4240 4602/4118/4243 4267/4117/4242
f 4032/4119/4244 4601/4120/4245 4267/4117/4242 4602/4118/4243
f 4601/4120/4245 4016/4053/4176 4571/4052/4175 4267/4117/4242
f 4017/4057/4180 4603/4121/4246 4268/4122/4247 4574/4058/4181
f 4603/4121/4246 4033/4123/4248 4605/4124/4249 4268/4122/4247
f 4034/4125/4250 4604/4126/4251 4268/4122/4247 4605/4124/4249
f 4604/4126/4251 4018/4059/4182 4574/4058/4181 4268/4122/4247
f 4018/4059/4182 4604/4126/4251 4269/4127/4252 4576/4062/4185
f 4604/4126/4251 4034/4125/4250 4607/4128/4253 4269/4127/4252
f 4035/4129/4254 4606/4130/4255 4269/4127/4252 4607/4128/4253
f 4606/4130/4255 4019/4063/4186 4576/4062/4185 4269/4127/4252
f 4019/4063/4186 4606/4130/4255 4270/4131/4256 4578/4066/4189
f 4606/4130/4255 4035/4129/4254 4609/4132/4257 4270/4131/4256
f 4036/4133/4258 4608/4134/4259 4270/4131/4256 4609/4132/4257
f 4608/4134/4259 4020/4067/4190 4578/4066/4189 4270/4131/4256
f 4020/4067/4190 4608/4134/4259 4271/4135/4260 4580/4070/4193
f 4608/4134/4259 4036/4133/4258 4611/4136/4261 4271/4135/4260
f 4037/4137/4262 4610/4138/4263 4271/4135/4260 4611/4136/4261
f 4610/4138/4263 4021/4071/4194 4580/4070/4193 4271/4135/4260
f 4021/4071/4194 4610/4138/4263 4272/4139/4264 4582/4074/4197
f 4610/4138/4263 4037/4137/4262 4613/4140/4265 4272/4139/4264
f 4038/4141/4266 4612/4142/4267 4272/4139/4264 4613/4140/4265
f 4612/4142/4267 4022/4075/4198 4582/4074/4197 4272/4139/4264
f 4022/4075/4198 4612/4142/4267 4273/4143/4268 4584/4078/4201
f 4612/4142/4267 4038/4141/4266 4615/4144/4269 4273/4143/4268
f 4039/4145/4270 4614/4146/4271 4273/4143/4268 4615/4144/4269
f 4614/4146/4271 4023/4079/4202 4584/4078/4201 4273/4143/4268
f 4023/4079/4202 4614/4146/4271 4274/4147/4272 4586/4082/4205
f 4614/4146/4271 4039/4145/4270 4617/4148/4273 4274/4147/4272
f 4040/4149/4274 4616/4150/4275 4274/4147/4272 4617/4148/4273
f 4616/4150/4275 4024/4083/4206 4586/4082/4205 4274/4147/4272
f 4024/4083/4206 4616/4150/4275 4275/4151/4276 4588/4086/4209
f 4616/4150/4275 4040/4149/4274 4619/4152/4277 4275/4151/4276
f 4041/4153/4278 4618/4154/4279 4275/4151/4276 4619/4152/4277
f 4618/4154/4279 4025/4087/4210 4588/4086/4209 4275/4151/4276
f 4025/4087/4210 4618/4154/4279 4276/4155/4280 4590/4090/4213
f 4618/4154/4279 4041/4153/4278 4621/4156/4281 4276/4155/4280
f 4042/4157/4282 5397/4158/4283 5398/4159/4283 4620/4160/4284 4276/4155/4280 4621/4156/4281
f 4620/4160/4284 5399/4161/4285 5400/4162/4285 4026/4091/4214 4590/4090/4213 4276/4155/4280
f 4026/4091/4222 5400/4162/4286 5399/4161/4286 4620/4160/4287 4277/4163/4288 4592/4098/4223
f 4620/4160/4287 5398/4159/4289 5397/4158/4289 4042/4157/4290 4623/4164/4291 4277/4163/4288
f 4043/4165/4292 4622/4166/4293 4277/4163/4288 4623/4164/4291
f 4622/4166/4293 4027/4099/4224 4592/4098/4223 4277/4163/4288
f 4027/4099/4224 4622/4166/4293 4278/4167/4294 4594/4102/4227
f 4622/4166/4293 4043/4165/4292 4625/4168/4295 4278/4167/4294
f 4044/4169/4296 4624/4170/4297 4278/4167/4294 4625/4168/4295
f 4624/4170/4297 4028/4103/4228 4594/4102/4227 4278/4167/4294
f 4028/4103/4228 4624/4170/4297 4279/4171/4298 4596/4106/4231
f 4624/4170/4297 4044/4169/4296 4627/4172/4299 4279/4171/4298
f 4045/4173/4300 4626/4174/4301 4279/4171/4298 4627/4172/4299
f 4626/4174/4301 4029/4107/4232 4596/4106/4231 4279/4171/4298
f 4029/4107/4232 4626/4174/4301 4280/4175/4302 4598/4110/4235
f 4626/4174/4301 4045/4173/4300 4629/4176/4303 4280/4175/4302
f 4046/4177/4304 4628/4178/4305 4280/4175/4302 4629/4176/4303
f 4628/4178/4305 4030/4111/4236 4598/4110/4235 4280/4175/4302
f 4030/4111/4236 4628/4178/4305 4281/4179/4306 4600/4114/4239
f 4628/4178/4305 4046/4177/4304 4631/4180/4307 4281/4179/4306
f 4047/4181/4308 4630/4182/4309 4281/4179/4306 4631/4180/4307
f 4630/4182/4309 4031/4115/4240 4600/4114/4239 4281/4179/4306
f 4031/4115/4240 4630/4182/4309 4282/4183/4310 4602/4118/4243
f 4630/4182/4309 4047/4181/4308 4633/4184/4311 4282/4183/4310
f 4048/4185/4312 4632/4186/4313 4282/4183/4310 4633/4184/4311
f 4632/4186/4313 4032/4119/4244 4602/4118/4243 4282/4183/4310
f 4033/4123/4248 4634/4187/4314 4283/4188/4315 4605/4124/4249
f 4634/4187/4314 4049/4189/4316 4636/4190/4317 4283/4188/4315
f 4050/4191/4318 4635/4192/4319 4283/4188/4315 4636/4190/4317
f 4635/4192/4319 4034/4125/4250 4605/4124/4249 4283/4188/4315
f 4034/4125/4250 4635/4192/4319 4284/4193/4320 4607/4128/4253
f 4635/4192/4319 4050/4191/4318 4638/4194/4321 4284/4193/4320
f 4051/4195/4322 4637/4196/4323 4284/4193/4320 4638/4194/4321
f 4637/4196/4323 4035/4129/4254 4607/4128/4253 4284/4193/4320
f 4035/4129/4254 4637/4196/4323 4285/4197/4324 4609/4132/4257
f 4637/4196/4323 4051/4195/4322 4640/4198/4325 4285/4197/4324
f 4052/4199/4326 4639/4200/4327 4285/4197/4324 4640/4198/4325
f 4639/4200/4327 4036/4133/4258 4609/4132/4257 4285/4197/4324
f 4036/4133/4258 4639/4200/4327 4286/4201/4328 4611/4136/4261
f 4639/4200/4327 4052/4199/4326 4642/4202/4329 4286/4201/4328
f 4053/4203/4330 4641/4204/4331 4286/4201/4328 4642/4202/4329
f 4641/4204/4331 4037/4137/4262 4611/4136/4261 4286/4201/4328
f 4037/4137/4262 4641/4204/4331 4287/4205/4332 4613/4140/4265
f 4641/4204/4331 4053/4203/4330 4644/4206/4333 4287/4205/4332
f 4054/4207/4334 4643/4208/4335 4287/4205/4332 4644/4206/4333
f 4643/4208/4335 4038/4141/4266 4613/4140/4265 4287/4205/4332
f 4038/4141/4266 4643/4208/4335 4288/4209/4336 4615/4144/4269
f 4643/4208/4335 4054/4207/4334 4646/4210/4337 4288/4209/4336
f 4055/4211/4338 4645/4212/4339 4288/4209/4336 4646/4210/4337
f 4645/4212/4339 4039/4145/4270 4615/4144/4269 4288/4209/4336
f 4039/4145/4270 4645/4212/4339 4289/4213/4340 4617/4148/4273
f 4645/4212/4339 4055/4211/4338 4648/4214/4341 4289/4213/4340
f 4056/4215/4342 4647/4216/4343 4289/4213/4340 4648/4214/4341
f 4647/4216/4343 4040/4149/4274 4617/4148/4273 4289/4213/4340
f 4040/4149/4274 4647/4216/4343 4290/4217/4344 4619/4152/4277
f 4647/4216/4343 4056/4215/4342 4650/4218/4345 4290/4217/4344
f 4057/4219/4346 4649/4220/4347 4290/4217/4344 4650/4218/4345
f 4649/4220/4347 4041/4153/4278 4619/4152/4277 4290/4217/4344
f 4041/4153/4278 4649/4220/4347 4291/4221/4348 4621/4156/4281
f 4649/4220/4347 4057/4219/4346 4652/4222/4349 4291/4221/4348
f 4058/4223/4350 5401/4224/4351 5402/4225/4351 4651/4226/4352 4291/4221/4348 4652/4222/4349
f 4651/4226/4352 5403/4227/4353 5404/4228/4353 4042/4157/4282 4621/4156/4281 4291/4221/4348
f 4042/4157/4290 5404/4228/4354 5403/4227/4354 4651/4226/4355 4292/4229/4356 4623/4164/4291
f 4651/4226/4355 5402/4225/4357 5401/4224/4357 4058/4223/4358 4654/4230/4359 4292/4229/4356
f 4059/4231/4360 4653/4232/4361 4292/4229/4356 4654/4230/4359
f 4653/4232/4361 4043/4165/4292 4623/4164/4291 4292/4229/4356
f 4043/4165/4292 4653/4232/4361 4293/4233/4362 4625/4168/4295
f 4653/4232/4361 4059/4231/4360 4656/4234/4363 4293/4233/4362
f 4060/4235/4364 4655/4236/4365 4293/4233/4362 4656/4234/4363
f 4655/4236/4365 4044/4169/4296 4625/4168/4295 4293/4233/4362
f 4044/4169/4296 4655/4236/4365 4294/4237/4366 4627/4172/4299
f 4655/4236/4365 4060/4235/4364 4658/4238/4367 4294/4237/4366
f 4061/4239/4368 4657/4240/4369 4294/4237/4366 4658/4238/4367
f 4657/4240/4369 4045/4173/4300 4627/4172/4299 4294/4237/4366
f 4045/4173/4300 4657/4240/4369 4295/4241/4370 4629/4176/4303
f 4657/4240/4369 4061/4239/4368 4660/4242/4371 4295/4241/4370
f 4062/4243/4372 4659/4244/4373 4295/4241/4370 4660/4242/4371
f 4659/4244/4373 4046/4177/4304 4629/4176/4303 4295/4241/4370
f 4046/4177/4304 4659/4244/4373 4296/4245/4374 4631/4180/4307
f 4659/4244/4373 4062/4243/4372 4662/4246/4375 4296/4245/4374
f 4063/4247/4376 4661/4248/4377 4296/4245/4374 4662/4246/4375
f 4661/4248/4377 4047/4181/4308 4631/4180/4307 4296/4245/4374
f 4047/4181/4308 4661/4248/4377 4297/4249/4378 4633/4184/4311
f 4661/4248/4377 4063/4247/4376 4664/4250/4379 4297/4249/4378
f 4064/4251/4380 4663/4252/4381 4297/4249/4378 4664/4250/4379
f 4663/4252/4381 4048/4185/4312 4633/4184/4311 4297/4249/4378
f 4049/4189/4316 4665/4253/4382 4298/4254/4383 4636/4190/4317
f 4665/4253/4382 4065/4255/4384 4667/4256/4385 4298/4254/4383
f 4066/4257/4386 4666/4258/4387 4298/4254/4383 4667/4256/4385
f 4666/4258/4387 4050/4191/4318 4636/4190/4317 4298/4254/4383
f 4050/4191/4318 4666/4258/4387 4299/4259/4388 4638/4194/4321
f 4666/4258/4387 4066/4257/4386 4669/4260/4389 4299/4259/4388
f 4067/4261/4390 4668/4262/4391 4299/4259/4388 4669/4260/4389
f 4668/4262/4391 4051/4195/4322 4638/4194/4321 4299/4259/4388
f 4051/4195/4322 4668/4262/4391 4300/4263/4392 4640/4198/4325
f 4668/4262/4391 4067/4261/4390 4671/4264/4393 4300/4263/4392
f 4068/4265/4394 4670/4266/4395 4300/4263/4392 4671/4264/4393
f 4670/4266/4395 4052/4199/4326 4640/4198/4325 4300/4263/4392
f 4052/4199/4326 4670/4266/4395 4301/4267/4396 4642/4202/4329
f 4670/4266/4395 4068/4265/4394 4673/4268/4397 4301/4267/4396
f 4069/4269/4398 4672/4270/4399 4301/4267/4396 4673/4268/4397
f 4672/4270/4399 4053/4203/4330 4642/4202/4329 4301/4267/4396
f 4053/4203/4330 4672/4270/4399 4302/4271/4400 4644/4206/4333
f 4672/4270/4399 4069/4269/4398 4675/4272/4401 4302/4271/4400
f 4070/4273/4402 4674/4274/4403 4302/4271/4400 4675/4272/4401
f 4674/4274/4403 4054/4207/4334 4644/4206/4333 4302/4271/4400
f 4054/4207/4334 4674/4274/4403 4303/4275/4404 4646/4210/4337
f 4674/4274/4403 4070/4273/4402 4677/4276/4405 4303/4275/4404
f 4071/4277/4406 4676/4278/4407 4303/4275/4404 4677/4276/4405
f 4676/4278/4407 4055/4211/4338 4646/4210/4337 4303/4275/4404
f 4055/4211/4338 4676/4278/4407 4304/4279/4408 4648/4214/4341
f 4676/4278/4407 4071/4277/4406 4679/4280/4409 4304/4279/4408
f 4072/4281/4410 4678/4282/4411 4304/4279/4408 4679/4280/4409
f 4678/4282/4411 4056/4215/4342 4648/4214/4341 4304/4279/4408
f 4056/4215/4342 4678/4282/4411 4305/4283/4412 4650/4218/4345
f 4678/4282/4411 4072/4281/4410 4681/4284/4413 4305/4283/4412
f 4073/4285/4414 4680/4286/4415 4305/4283/4412 4681/4284/4413
f 4680/4286/4415 4057/4219/4346 4650/4218/4345 4305/4283/4412
f 4057/4219/4346 4680/4286/4415 4306/4287/4416 4652/4222/4349
f 4680/4286/4415 4073/4285/4414 4683/4288/4417 4306/4287/4416
f 4074/4289/4418 5405/4290/4419 5406/4291/4419 4682/4292/4420 4306/4287/4416 4683/4288/4417
f 4682/4292/4420 5407/4293/4421 5408/4294/4421 4058/4223/4350 4652/4222/4349 4306/4287/4416
f 4058/4223/4358 5408/4294/4422 5407/4293/4422 4682/4292/4423 4307/4295/4424 4654/4230/4359
f 4682/4292/4423 5406/4291/4425 5405/4290/4425 4074/4289/4426 4685/4296/4427 4307/4295/4424
f 4075/4297/4428 4684/4298/4429 4307/4295/4424 4685/4296/4427
f 4684/4298/4429 4059/4231/4360 4654/4230/4359 4307/4295/4424
f 4059/4231/4360 4684/4298/4429 4308/4299/4430 4656/4234/4363
f 4684/4298/4429 4075/4297/4428 4687/4300/4431 4308/4299/4430
f 4076/4301/4432 4686/4302/4433 4308/4299/4430 4687/4300/4431
f 4686/4302/4433 4060/4235/4364 4656/4234/4363 4308/4299/4430
f 4060/4235/4364 4686/4302/4433 4309/4303/4434 4658/4238/4367
f 4686/4302/4433 4076/4301/4432 4689/4304/4435 4309/4303/4434
f 4077/4305/4436 4688/4306/4437 4309/4303/4434 4689/4304/4435
f 4688/4306/4437 4061/4239/4368 4658/4238/4367 4309/4303/4434
f 4061/4239/4368 4688/4306/4437 4310/4307/4438 4660/4242/4371
f 4688/4306/4437 4077/4305/4436 4691/4308/4439 4310/4307/4438
f 4078/4309/4440 4690/4310/4441 4310/4307/4438 4691/4308/4439
f 4690/4310/4441 4062/4243/4372 4660/4242/4371 4310/4307/4438
f 4062/4243/4372 4690/4310/4441 4311/4311/4442 4662/4246/4375
f 4690/4310/4441 4078/4309/4440 4693/4312/4443 4311/4311/4442
f 4079/4313/4444 4692/4314/4445 4311/4311/4442 4693/4312/4443
f 4692/4314/4445 4063/4247/4376 4662/4246/4375 4311/4311/4442
f 4063/4247/4376 4692/4314/4445 4312/4315/4446 4664/4250/4379
f 4692/4314/4445 4079/4313/4444 4695/4316/4447 4312/4315/4446
f 4080/4317/4448 4694/4318/4449 4312/4315/4446 4695/4316/4447
f 4694/4318/4449 4064/4251/4380 4664/4250/4379 4312/4315/4446
f 4065/4255/4384 4696/4253/4450 4313/4319/4451 4667/4256/4385
f 4696/4253/4450 4081/4320/4452 4698/4321/4453 4313/4319/4451
f 4082/4322/4454 4697/4323/4455 4313/4319/4451 4698/4321/4453
f 4697/4323/4455 4066/4257/4386 4667/4256/4385 4313/4319/4451
f 4066/4257/4386 4697/4323/4455 4314/4259/4456 4669/4260/4389
f 4697/4323/4455 4082/4322/4454 4700/4194/4457 4314/4259/4456
f 4083/4324/4458 4699/4325/4459 4314/4259/4456 4700/4194/4457
f 4699/4325/4459 4067/4261/4390 4669/4260/4389 4314/4259/4456
f 4067/4261/4390 4699/4325/4459 4315/4326/4460 4671/4264/4393
f 4699/4325/4459 4083/4324/4458 4702/4327/4461 4315/4326/4460
f 4084/4328/4462 4701/4329/4463 4315/4326/4460 4702/4327/4461
f 4701/4329/4463 4068/4265/4394 4671/4264/4393 4315/4326/4460
f 4068/4265/4394 4701/4329/4463 4316/4330/4464 4673/4268/4397
f 4701/4329/4463 4084/4328/4462 4704/4331/4465 4316/4330/4464
f 4085/4332/4466 4703/4270/4467 4316/4330/4464 4704/4331/4465
f 4703/4270/4467 4069/4269/4398 4673/4268/4397 4316/4330/4464
f 4069/4269/4398 4703/4270/4467 4317/4271/4468 4675/4272/4401
f 4703/4270/4467 4085/4332/4466 4706/4333/4469 4317/4271/4468
f 4086/4334/4470 4705/4335/4471 4317/4271/4468 4706/4333/4469
f 4705/4335/4471 4070/4273/4402 4675/4272/4401 4317/4271/4468
f 4070/4273/4402 4705/4335/4471 4318/4336/4472 4677/4276/4405
f 4705/4335/4471 4086/4334/4470 4708/4337/4473 4318/4336/4472
f 4087/4211/4474 4707/4278/4475 4318/4336/4472 4708/4337/4473
f 4707/4278/4475 4071/4277/4406 4677/4276/4405 4318/4336/4472
f 4071/4277/4406 4707/4278/4475 4319/4279/4476 4679/4280/4409
f 4707/4278/4475 4087/4211/4474 4710/4338/4477 4319/4279/4476
f 4088/4339/4478 4709/4282/4479 4319/4279/4476 4710/4338/4477
f 4709/4282/4479 4072/4281/4410 4679/4280/4409 4319/4279/4476
f 4072/4281/4410 4709/4282/4479 4320/4340/4480 4681/4284/4413
f 4709/4282/4479 4088/4339/4478 4712/4341/4481 4320/4340/4480
f 4089/4219/4482 4711/4342/4483 4320/4340/4480 4712/4341/4481
f 4711/4342/4483 4073/4285/4414 4681/4284/4413 4320/4340/4480
f 4073/4285/4414 4711/4342/4483 4321/4343/4484 4683/4288/4417
f 4711/4342/4483 4089/4219/4482 4714/4344/4485 4321/4343/4484
f 4090/4223/4486 5409/4345/4487 5410/4346/4487 4713/4347/4488 4321/4343/4484 4714/4344/4485
f 4713/4347/4488 5411/4291/4489 5412/4348/4489 4074/4289/4418 4683/4288/4417 4321/4343/4484
f 4074/4289/4426 5412/4348/4490 5411/4291/4490 4713/4347/4491 4322/4349/4492 4685/4296/4427
f 4713/4347/4491 5410/4346/4493 5409/4345/4493 4090/4223/4494 4716/4350/4495 4322/4349/4492
f 4091/4351/4496 4715/4352/4497 4322/4349/4492 4716/4350/4495
f 4715/4352/4497 4075/4297/4428 4685/4296/4427 4322/4349/4492
f 4075/4297/4428 4715/4352/4497 4323/4353/4498 4687/4300/4431
f 4715/4352/4497 4091/4351/4496 4718/4354/4499 4323/4353/4498
f 4092/4355/4500 4717/4302/4501 4323/4353/4498 4718/4354/4499
f 4717/4302/4501 4076/4301/4432 4687/4300/4431 4323/4353/4498
f 4076/4301/4432 4717/4302/4501 4324/4303/4502 4689/4304/4435
f 4717/4302/4501 4092/4355/4500 4720/4356/4503 4324/4303/4502
f 4093/4357/4504 4719/4358/4505 4324/4303/4502 4720/4356/4503
f 4719/4358/4505 4077/4305/4436 4689/4304/4435 4324/4303/4502
f 4077/4305/4436 4719/4358/4505 4325/4307/4506 4691/4308/4439
f 4719/4358/4505 4093/4357/4504 4722/4359/4507 4325/4307/4506
f 4094/4360/4508 4721/4310/4509 4325/4307/4506 4722/4359/4507
f 4721/4310/4509 4078/4309/4440 4691/4308/4439 4325/4307/4506
f 4078/4309/4440 4721/4310/4509 4326/4361/4510 4693/4312/4443
f 4721/4310/4509 4094/4360/4508 4724/4362/4511 4326/4361/4510
f 4095/4363/4512 4723/4364/4513 4326/4361/4510 4724/4362/4511
f 4723/4364/4513 4079/4313/4444 4693/4312/4443 4326/4361/4510
f 4079/4313/4444 4723/4364/4513 4327/4365/4514 4695/4316/4447
f 4723/4364/4513 4095/4363/4512 4726/4366/4515 4327/4365/4514
f 4096/4367/4516 4725/4368/4517 4327/4365/4514 4726/4366/4515
f 4725/4368/4517 4080/4317/4448 4695/4316/4447 4327/4365/4514
f 4081/4320/4452 4727/4369/4518 4328/4370/4519 4698/4321/4453
f 4727/4369/4518 4097/4371/4520 4729/4372/4521 4328/4370/4519
f 4098/4373/4522 4728/4374/4523 4328/4370/4519 4729/4372/4521
f 4728/4374/4523 4082/4322/4454 4698/4321/4453 4328/4370/4519
f 4082/4322/4454 4728/4374/4523 4329/4375/4524 4700/4194/4457
f 4728/4374/4523 4098/4373/4522 4731/4376/4525 4329/4375/4524
f 4099/4377/4526 4730/4378/4527 4329/4375/4524 4731/4376/4525
f 4730/4378/4527 4083/4324/4458 4700/4194/4457 4329/4375/4524
f 4083/4324/4458 4730/4378/4527 4330/4379/4528 4702/4327/4461
f 4730/4378/4527 4099/4377/4526 4733/4380/4529 4330/4379/4528
f 4100/4381/4530 4732/4382/4531 4330/4379/4528 4733/4380/4529
f 4732/4382/4531 4084/4328/4462 4702/4327/4461 4330/4379/4528
f 4084/4328/4462 4732/4382/4531 4331/4383/4532 4704/4331/4465
f 4732/4382/4531 4100/4381/4530 4735/4384/4533 4331/4383/4532
f 4101/4385/4534 4734/4386/4535 4331/4383/4532 4735/4384/4533
f 4734/4386/4535 4085/4332/4466 4704/4331/4465 4331/4383/4532
f 4085/4332/4466 4734/4386/4535 4332/4387/4536 4706/4333/4469
f 4734/4386/4535 4101/4385/4534 4737/4388/4537 4332/4387/4536
f 4102/4389/4538 4736/4390/4539 4332/4387/4536 4737/4388/4537
f 4736/4390/4539 4086/4334/4470 4706/4333/4469 4332/4387/4536
f 4086/4334/4470 4736/4390/4539 4333/4391/4540 4708/4337/4473
f 4736/4390/4539 4102/4389/4538 4739/4392/4541 4333/4391/4540
f 4103/4393/4542 4738/4394/4543 4333/4391/4540 4739/4392/4541
f 4738/4394/4543 4087/4211/4474 4708/4337/4473 4333/4391/4540
f 4087/4211/4474 4738/4394/4543 4334/4395/4544 4710/4338/4477
f 4738/4394/4543 4103/4393/4542 4741/4396/4545 4334/4395/4544
f 4104/4397/4546 4740/4398/4547 4334/4395/4544 4741/4396/4545
f 4740/4398/4547 4088/4339/4478 4710/4338/4477 4334/4395/4544
f 4088/4339/4478 4740/4398/4547 4335/4399/4548 4712/4341/4481
f 4740/4398/4547 4104/4397/4546 4743/4400/4549 4335/4399/4548
f 4105/4401/4550 4742/4402/4551 4335/4399/4548 4743/4400/4549
f 4742/4402/4551 4089/4219/4482 4712/4341/4481 4335/4399/4548
f 4089/4219/4482 4742/4402/4551 4336/4403/4552 4714/4344/4485
f 4742/4402/4551 4105/4401/4550 4745/4404/4553 4336/4403/4552
f 4106/4405/4554 5413/4406/4555 5414/4407/4555 4744/4408/4556 4336/4403/4552 4745/4404/4553
f 4744/4408/4556 5415/4409/4557 5416/4410/4557 4090/4223/4486 4714/4344/4485 4336/4403/4552
f 4090/4223/4494 5416/4410/4558 5415/4409/4558 4744/4408/4559 4337/4411/4560 4716/4350/4495
f 4744/4408/4559 5414/4407/4561 5413/4406/4561 4106/4405/4562 4747/4412/4563 4337/4411/4560
f 4107/4413/4564 4746/4414/4565 4337/4411/4560 4747/4412/4563
f 4746/4414/4565 4091/4351/4496 4716/4350/4495 4337/4411/4560
f 4091/4351/4496 4746/4414/4565 4338/4415/4566 4718/4354/4499
f 4746/4414/4565 4107/4413/4564 4749/4416/4567 4338/4415/4566
f 4108/4417/4568 4748/4418/4569 4338/4415/4566 4749/4416/4567
f 4748/4418/4569 4092/4355/4500 4718/4354/4499 4338/4415/4566
f 4092/4355/4500 4748/4418/4569 4339/4419/4570 4720/4356/4503
f 4748/4418/4569 4108/4417/4568 4751/4420/4571 4339/4419/4570
f 4109/4421/4572 4750/4422/4573 4339/4419/4570 4751/4420/4571
f 4750/4422/4573 4093/4357/4504 4720/4356/4503 4339/4419/4570
f 4093/4357/4504 4750/4422/4573 4340/4423/4574 4722/4359/4507
f 4750/4422/4573 4109/4421/4572 4753/4424/4575 4340/4423/4574
f 4110/4425/4576 4752/4426/4577 4340/4423/4574 4753/4424/4575
f 4752/4426/4577 4094/4360/4508 4722/4359/4507 4340/4423/4574
f 4094/4360/4508 4752/4426/4577 4341/4427/4578 4724/4362/4511
f 4752/4426/4577 4110/4425/4576 4755/4428/4579 4341/4427/4578
f 4111/4429/4580 4754/4430/4581 4341/4427/4578 4755/4428/4579
f 4754/4430/4581 4095/4363/4512 4724/4362/4511 4341/4427/4578
f 4095/4363/4512 4754/4430/4581 4342/4431/4582 4726/4366/4515
f 4754/4430/4581 4111/4429/4580 4757/4432/4583 4342/4431/4582
f 4112/4433/4584 4756/4434/4585 4342/4431/4582 4757/4432/4583
f 4756/4434/4585 4096/4367/4516 4726/4366/4515 4342/4431/4582
f 4097/4371/4520 4758/4435/4586 4343/4436/4587 4729/4372/4521
f 4758/4435/4586 4113/4437/4588 4760/4438/4589 4343/4436/4587
f 4114/4439/4590 4759/4440/4591 4343/4436/4587 4760/4438/4589
f 4759/4440/4591 4098/4373/4522 4729/4372/4521 4343/4436/4587
f 4098/4373/4522 4759/4440/4591 4344/4441/4592 4731/4376/4525
f 4759/4440/4591 4114/4439/4590 4762/4442/4593 4344/4441/4592
f 4115/4443/4594 4761/4444/4595 4344/4441/4592 4762/4442/4593
f 4761/4444/4595 4099/4377/4526 4731/4376/4525 4344/4441/4592
f 4099/4377/4526 4761/4444/4595 4345/4445/4596 4733/4380/4529
f 4761/4444/4595 4115/4443/4594 4764/4446/4597 4345/4445/4596
f 4116/4447/4598 4763/4448/4599 4345/4445/4596 4764/4446/4597
f 4763/4448/4599 4100/4381/4530 4733/4380/4529 4345/4445/4596
f 4100/4381/4530 4763/4448/4599 4346/4449/4600 4735/4384/4533
f 4763/4448/4599 4116/4447/4598 4766/4450/4601 4346/4449/4600
f 4117/4451/4602 4765/4452/4603 4346/4449/4600 4766/4450/4601
f 4765/4452/4603 4101/4385/4534 4735/4384/4533 4346/4449/4600
f 4101/4385/4534 4765/4452/4603 4347/4453/4604 4737/4388/4537
f 4765/4452/4603 4117/4451/4602 4768/4454/4605 4347/4453/4604
f 4118/4455/4606 4767/4456/4607 4347/4453/4604 4768/4454/4605
f 4767/4456/4607 4102/4389/4538 4737/4388/4537 4347/4453/4604
f 4102/4389/4538 4767/4456/4607 4348/4457/4608 4739/4392/4541
f 4767/4456/4607 4118/4455/4606 4770/4458/4609 4348/4457/4608
f 4119/4459/4610 4769/4460/4611 4348/4457/4608 4770/4458/4609
f 4769/4460/4611 4103/4393/4542 4739/4392/4541 4348/4457/4608
f 4103/4393/4542 4769/4460/4611 4349/4461/4612 4741/4396/4545
f 4769/4460/4611 4119/4459/4610 4772/4462/4613 4349/4461/4612
f 4120/4463/4614 4771/4464/4615 4349/4461/4612 4772/4462/4613
f 4771/4464/4615 4104/4397/4546 4741/4396/4545 4349/4461/4612
f 4104/4397/4546 4771/4464/4615 4350/4465/4616 4743/4400/4549
f 4771/4464/4615 4120/4463/4614 4774/4466/4617 4350/4465/4616
f 4121/4467/4618 4773/4468/4619 4350/4465/4616 4774/4466/4617
f 4773/4468/4619 4105/4401/4550 4743/4400/4549 4350/4465/4616
f 4105/4401/4550 4773/4468/4619 4351/4469/4620 4745/4404/4553
f 4773/4468/4619 4121/4467/4618 4776/4470/4621 4351/4469/4620
f 4122/4471/4622 5417/4472/4623 5418/4473/4623 4775/4474/4624 4351/4469/4620 4776/4470/4621
f 4775/4474/4624 5419/4475/4625 5420/4476/4625 4106/4405/4554 4745/4404/4553 4351/4469/4620
f 4106/4405/4562 5420/4476/4626 5419/4475/4626 4775/4474/4627 4352/4477/4628 4747/4412/4563
f 4775/4474/4627 5418/4473/4629 5417/4472/4629 4122/4471/4630 4778/4478/4631 4352/4477/4628
f 4123/4479/4632 4777/4480/4633 4352/4477/4628 4778/4478/4631
f 4777/4480/4633 4107/4413/4564 4747/4412/4563 4352/4477/4628
f 4107/4413/4564 4777/4480/4633 4353/4481/4634 4749/4416/4567
f 4777/4480/4633 4123/4479/4632 4780/4482/4635 4353/4481/4634
f 4124/4483/4636 4779/4484/4637 4353/4481/4634 4780/4482/4635
f 4779/4484/4637 4108/4417/4568 4749/4416/4567 4353/4481/4634
f 4108/4417/4568 4779/4484/4637 4354/4485/4638 4751/4420/4571
f 4779/4484/4637 4124/4483/4636 4782/4486/4639 4354/4485/4638
f 4125/4487/4640 4781/4488/4641 4354/4485/4638 4782/4486/4639
f 4781/4488/4641 4109/4421/4572 4751/4420/4571 4354/4485/4638
f 4109/4421/4572 4781/4488/4641 4355/4489/4642 4753/4424/4575
f 4781/4488/4641 4125/4487/4640 4784/4490/4643 4355/4489/4642
f 4126/4491/4644 4783/4492/4645 4355/4489/4642 4784/4490/4643
f 4783/4492/4645 4110/4425/4576 4753/4424/4575 4355/4489/4642
f 4110/4425/4576 4783/4492/4645 4356/4493/4646 4755/4428/4579
f 4783/4492/4645 4126/4491/4644 4786/4494/4647 4356/4493/4646
f 4127/4495/4648 4785/4496/4649 4356/4493/4646 4786/4494/4647
f 4785/4496/4649 4111/4429/4580 4755/4428/4579 4356/4493/4646
f 4111/4429/4580 4785/4496/4649 4357/4497/4650 4757/4432/4583
f 4785/4496/4649 4127/4495/4648 4788/4498/4651 4357/4497/4650
f 4128/4499/4652 4787/4500/4653 4357/4497/4650 4788/4498/4651
f 4787/4500/4653 4112/4433/4584 4757/4432/4583 4357/4497/4650
f 4113/4437/4588 4789/4501/4654 4358/4502/4655 4760/4438/4589
f 4789/4501/4654 4129/4503/4656 4791/4504/4657 4358/4502/4655
f 4130/4505/4658 4790/4506/4659 4358/4502/4655 4791/4504/4657
f 4790/4506/4659 4114/4439/4590 4760/4438/4589 4358/4502/4655
f 4114/4439/4590 4790/4506/4659 4359/4507/4660 4762/4442/4593
f 4790/4506/4659 4130/4505/4658 4793/4508/4661 4359/4507/4660
f 4131/4509/4662 4792/4510/4663 4359/4507/4660 4793/4508/4661
f 4792/4510/4663 4115/4443/4594 4762/4442/4593 4359/4507/4660
f 4115/4443/4594 4792/4510/4663 4360/4511/4664 4764/4446/4597
f 4792/4510/4663 4131/4509/4662 4795/4512/4665 4360/4511/4664
f 4132/4513/4666 4794/4514/4667 4360/4511/4664 4795/4512/4665
f 4794/4514/4667 4116/4447/4598 4764/4446/4597 4360/4511/4664
f 4116/4447/4598 4794/4514/4667 4361/4515/4668 4766/4450/4601
f 4794/4514/4667 4132/4513/4666 4797/4516/4669 4361/4515/4668
f 4133/4517/4670 4796/4518/4671 4361/4515/4668 4797/4516/4669
f 4796/4518/4671 4117/4451/4602 4766/4450/4601 4361/4515/4668
f 4117/4451/4602 4796/4518/4671 4362/4519/4672 4768/4454/4605
f 4796/4518/4671 4133/4517/4670 4799/4520/4673 4362/4519/4672
f 4134/4521/4674 4798/4522/4675 4362/4519/4672 4799/4520/4673
f 4798/4522/4675 4118/4455/4606 4768/4454/4605 4362/4519/4672
f 4118/4455/4606 4798/4522/4675 4363/4523/4676 4770/4458/4609
f 4798/4522/4675 4134/4521/4674 4801/4524/4677 4363/4523/4676
f 4135/4525/4678 4800/4526/4679 4363/4523/4676 4801/4524/4677
f 4800/4526/4679 4119/4459/4610 4770/4458/4609 4363/4523/4676
f 4119/4459/4610 4800/4526/4679 4364/4527/4680 4772/4462/4613
f 4800/4526/4679 4135/4525/4678 4803/4528/4681 4364/4527/4680
f 4136/4529/4682 4802/4530/4683 4364/4527/4680 4803/4528/4681
f 4802/4530/4683 4120/4463/4614 4772/4462/4613 4364/4527/4680
f 4120/4463/4614 4802/4530/4683 4365/4531/4684 4774/4466/4617
f 4802/4530/4683 4136/4529/4682 4805/4532/4685 4365/4531/4684
f 4137/4533/4686 4804/4534/4687 4365/4531/4684 4805/4532/4685
f 4804/4534/4687 4121/4467/4618 4774/4466/4617 4365/4531/4684
f 4121/4467/4618 4804/4534/4687 4366/4535/4688 4776/4470/4621
f 4804/4534/4687 4137/4533/4686 4807/4536/4689 4366/4535/4688
f 4138/4537/4690 5421/4538/4691 5422/4539/4691 4806/4540/4692 4366/4535/4688 4807/4536/4689
f 4806/4540/4692 5423/4541/4693 5424/4542/4693 4122/4471/4622 4776/4470/4621 4366/4535/4688
f 4122/4471/4630 5424/4542/4694 5423/4541/4694 4806/4540/4695 4367/4543/4696 4778/4478/4631
f 4806/4540/4695 5422/4539/4697 5421/4538/4697 4138/4537/4698 4809/4544/4699 4367/4543/4696
f 4139/4545/4700 4808/4546/4701 4367/4543/4696 4809/4544/4699
f 4808/4546/4701 4123/4479/4632 4778/4478/4631 4367/4543/4696
f 4123/4479/4632 4808/4546/4701 4368/4547/4702 4780/4482/4635
f 4808/4546/4701 4139/4545/4700 4811/4548/4703 4368/4547/4702
f 4140/4549/4704 4810/4550/4705 4368/4547/4702 4811/4548/4703
f 4810/4550/4705 4124/4483/4636 4780/4482/4635 4368/4547/4702
f 4124/4483/4636 4810/4550/4705 4369/4551/4706 4782/4486/4639
f 4810/4550/4705 4140/4549/4704 4813/4552/4707 4369/4551/4706
f 4141/4553/4708 4812/4554/4709 4369/4551/4706 4813/4552/4707
f 4812/4554/4709 4125/4487/4640 4782/4486/4639 4369/4551/4706
f 4125/4487/4640 4812/4554/4709 4370/4555/4710 4784/4490/4643
f 4812/4554/4709 4141/4553/4708 4815/4556/4711 4370/4555/4710
f 4142/4557/4712 4814/4558/4713 4370/4555/4710 4815/4556/4711
f 4814/4558/4713 4126/4491/4644 4784/4490/4643 4370/4555/4710
f 4126/4491/4644 4814/4558/4713 4371/4559/4714 4786/4494/4647
f 4814/4558/4713 4142/4557/4712 4817/4560/4715 4371/4559/4714
f 4143/4561/4716 4816/4562/4717 4371/4559/4714 4817/4560/4715
f 4816/4562/4717 4127/4495/4648 4786/4494/4647 4371/4559/4714
f 4127/4495/4648 4816/4562/4717 4372/4563/4718 4788/4498/4651
f 4816/4562/4717 4143/4561/4716 4819/4564/4719 4372/4563/4718
f 4144/4565/4720 4818/4566/4721 4372/4563/4718 4819/4564/4719
f 4818/4566/4721 4128/4499/4652 4788/4498/4651 4372/4563/4718
f 4129/4503/4656 4820/4567/4722 4373/4568/4723 4791/4504/4657
f 4820/4567/4722 4145/4569/4724 4822/4570/4725 4373/4568/4723
f 4146/4571/4726 4821/4572/4727 4373/4568/4723 4822/4570/4725
f 4821/4572/4727 4130/4505/4658 4791/4504/4657 4373/4568/4723
f 4130/4505/4658 4821/4572/4727 4374/4573/4728 4793/4508/4661
f 4821/4572/4727 4146/4571/4726 4824/4574/4729 4374/4573/4728
f 4147/4575/4730 4823/4576/4731 4374/4573/4728 4824/4574/4729
f 4823/4576/4731 4131/4509/4662 4793/4508/4661 4374/4573/4728
f 4131/4509/4662 4823/4576/4731 4375/4577/4732 4795/4512/4665
f 4823/4576/4731 4147/4575/4730 4826/4578/4733 4375/4577/4732
f 4148/4579/4734 4825/4580/4735 4375/4577/4732 4826/4578/4733
f 4825/4580/4735 4132/4513/4666 4795/4512/4665 4375/4577/4732
f 4132/4513/4666 4825/4580/4735 4376/4581/4736 4797/4516/4669
f 4825/4580/4735 4148/4579/4734 4828/4582/4737 4376/4581/4736
f 4149/4583/4738 4827/4584/4739 4376/4581/4736 4828/4582/4737
f 4827/4584/4739 4133/4517/4670 4797/4516/4669 4376/4581/4736
f 4133/4517/4670 4827/4584/4739 4377/4585/4740 4799/4520/4673
f 4827/4584/4739 4149/4583/4738 4830/4586/4741 4377/4585/4740
f 4150/4587/4742 4829/4588/4743 4377/4585/4740 4830/4586/4741
f 4829/4588/4743 4134/4521/4674 4799/4520/4673 4377/4585/4740
f 4134/4521/4674 4829/4588/4743 4378/4589/4744 4801/4524/4677
f 4829/4588/4743 4150/4587/4742 4832/4590/4745 4378/4589/4744
f 4151/4591/4746 4831/4592/4747 4378/4589/4744 4832/4590/4745
f 4831/4592/4747 4135/4525/4678 4801/4524/4677 4378/4589/4744
f 4135/4525/4678 4831/4592/4747 4379/4593/4748 4803/4528/4681
f 4831/4592/4747 4151/4591/4746 4834/4594/4749 4379/4593/4748
f 4152/4595/4750 4833/4596/4751 4379/4593/4748 4834/4594/4749
f 4833/4596/4751 4136/4529/4682 4803/4528/4681 4379/4593/4748
f 4136/4529/4682 4833/4596/4751 4380/4597/4752 4805/4532/4685
f 4833/4596/4751 4152/4595/4750 4836/4598/4753 4380/4597/4752
f 4153/4599/4754 4835/4600/4755 4380/4597/4752 4836/4598/4753
f 4835/4600/4755 4137/4533/4686 4805/4532/4685 4380/4597/4752
f 4137/4533/4686 4835/4600/4755 4381/4601/4756 4807/4536/4689
f 4835/4600/4755 4153/4599/4754 4838/4602/4757 4381/4601/4756
f 4154/4603/4758 5425/4604/4759 5426/4605/4759 4837/4606/4760 4381/4601/4756 4838/4602/4757
f 4837/4606/4760 5427/4607/4761 5428/4608/4761 4138/4537/4690 4807/4536/4689 4381/4601/4756
f 4138/4537/4698 5428/4608/4762 5427/4607/4762 4837/4606/4763 4382/4609/4764 4809/4544/4699
f 4837/4606/4763 5426/4605/4765 5425/4604/4765 4154/4603/4766 4840/4610/4767 4382/4609/4764
f 4155/4611/4768 4839/4612/4769 4382/4609/4764 4840/4610/4767
f 4839/4612/4769 4139/4545/4700 4809/4544/4699 4382/4609/4764
f 4139/4545/4700 4839/4612/4769 4383/4613/4770 4811/4548/4703
f 4839/4612/4769 4155/4611/4768 4842/4614/4771 4383/4613/4770
f 4156/4615/4772 4841/4616/4773 4383/4613/4770 4842/4614/4771
f 4841/4616/4773 4140/4549/4704 4811/4548/4703 4383/4613/4770
f 4140/4549/4704 4841/4616/4773 4384/4617/4774 4813/4552/4707
f 4841/4616/4773 4156/4615/4772 4844/4618/4775 4384/4617/4774
f 4157/4619/4776 4843/4620/4777 4384/4617/4774 4844/4618/4775
f 4843/4620/4777 4141/4553/4708 4813/4552/4707 4384/4617/4774
f 4141/4553/4708 4843/4620/4777 4385/4621/4778 4815/4556/4711
f 4843/4620/4777 4157/4619/4776 4846/4622/4779 4385/4621/4778
f 4158/4623/4780 4845/4624/4781 4385/4621/4778 4846/4622/4779
f 4845/4624/4781 4142/4557/4712 4815/4556/4711 4385/4621/4778
f 4142/4557/4712 4845/4624/4781 4386/4625/4782 4817/4560/4715
f 4845/4624/4781 4158/4623/4780 4848/4626/4783 4386/4625/4782
f 4159/4627/4784 4847/4628/4785 4386/4625/4782 4848/4626/4783
f 4847/4628/4785 4143/4561/4716 4817/4560/4715 4386/4625/4782
f 4143/4561/4716 4847/4628/4785 4387/4629/4786 4819/4564/4719
f 4847/4628/4785 4159/4627/4784 4850/4630/4787 4387/4629/4786
f 4160/4631/4788 4849/4632/4789 4387/4629/4786 4850/4630/4787
f 4849/4632/4789 4144/4565/4720 4819/4564/4719 4387/4629/4786
f 4145/4569/4724 4851/4633/4790 4388/4634/4791 4822/4570/4725
f 4851/4633/4790 4161/4635/4792 4853/4636/4793 4388/4634/4791
f 4162/4637/4794 4852/4638/4795 4388/4634/4791 4853/4636/4793
f 4852/4638/4795 4146/4571/4726 4822/4570/4725 4388/4634/4791
f 4146/4571/4726 4852/4638/4795 4389/4639/4796 4824/4574/4729
f 4852/4638/4795 4162/4637/4794 4855/4640/4797 4389/4639/4796
f 4163/4641/4798 4854/4642/4799 4389/4639/4796 4855/4640/4797
f 4854/4642/4799 4147/4575/4730 4824/4574/4729 4389/4639/4796
f 4147/4575/4730 4854/4642/4799 4390/4643/4800 4826/4578/4733
f 4854/4642/4799 4163/4641/4798 4857/4644/4801 4390/4643/4800
f 4164/4645/4802 4856/4646/4803 4390/4643/4800 4857/4644/4801
f 4856/4646/4803 4148/4579/4734 4826/4578/4733 4390/4643/4800
f 4148/4579/4734 4856/4646/4803 4391/4647/4804 4828/4582/4737
f 4856/4646/4803 4164/4645/4802 4859/4648/4805 4391/4647/4804
f 4165/4649/4806 4858/4650/4807 4391/4647/4804 4859/4648/4805
f 4858/4650/4807 4149/4583/4738 4828/4582/4737 4391/4647/4804
f 4149/4583/4738 4858/4650/4807 4392/4651/4808 4830/4586/4741
f 4858/4650/4807 4165/4649/4806 4861/4652/4809 4392/4651/4808
f 4166/4653/4810 4860/4654/4811 4392/4651/4808 4861/4652/4809
f 4860/4654/4811 4150/4587/4742 4830/4586/4741 4392/4651/4808
f 4150/4587/4742 4860/4654/4811 4393/4655/4812 4832/4590/4745
f 4860/4654/4811 4166/4653/4810 4863/4656/4813 4393/4655/4812
f 4167/4657/4814 4862/4658/4815 4393/4655/4812 4863/4656/4813
f 4862/4658/4815 4151/4591/4746 4832/4590/4745 4393/4655/4812
f 4151/4591/4746 4862/4658/4815 4394/4659/4816 4834/4594/4749
f 4862/4658/4815 4167/4657/4814 4865/4660/4817 4394/4659/4816
f 4168/4661/4818 4864/4662/4819 4394/4659/4816 4865/4660/4817
f 4864/4662/4819 4152/4595/4750 4834/4594/4749 4394/4659/4816
f 4152/4595/4750 4864/4662/4819 4395/4663/4820 4836/4598/4753
f 4864/4662/4819 4168/4661/4818 4867/4664/4821 4395/4663/4820
f 4169/4665/4822 4866/4666/4823 4395/4663/4820 4867/4664/4821
f 4866/4666/4823 4153/4599/4754 4836/4598/4753 4395/4663/4820
f 4153/4599/4754 4866/4666/4823 4396/4667/4824 4838/4602/4757
f 4866/4666/4823 4169/4665/4822 4869/4668/4825 4396/4667/4824
f 4170/4669/4826 5429/4670/4827 5430/4671/4827 4868/4672/4828 4396/4667/4824 4869/4668/4825
f 4868/4672/4828 5431/4673/4829 5432/4674/4829 4154/4603/4758 4838/4602/4757 4396/4667/4824
f 4154/4603/4766 5432/4674/4830 5431/4673/4830 4868/4672/4831 4397/4675/4832 4840/4610/4767
f 4868/4672/4831 5430/4671/4833 5429/4670/4833 4170/4669/4834 4871/4676/4835 4397/4675/4832
f 4171/4677/4836 4870/4678/4837 4397/4675/4832 4871/4676/4835
f 4870/4678/4837 4155/4611/4768 4840/4610/4767 4397/4675/4832
f 4155/4611/4768 4870/4678/4837 4398/4679/4838 4842/4614/4771
f 4870/4678/4837 4171/4677/4836 4873/4680/4839 4398/4679/4838
f 4172/4681/4840 4872/4682/4841 4398/4679/4838 4873/4680/4839
f 4872/4682/4841 4156/4615/4772 4842/4614/4771 4398/4679/4838
f 4156/4615/4772 4872/4682/4841 4399/4683/4842 4844/4618/4775
f 4872/4682/4841 4172/4681/4840 4875/4684/4843 4399/4683/4842
f 4173/4685/4844 4874/4686/4845 4399/4683/4842 4875/4684/4843
f 4874/4686/4845 4157/4619/4776 4844/4618/4775 4399/4683/4842
f 4157/4619/4776 4874/4686/4845 4400/4687/4846 4846/4622/4779
f 4874/4686/4845 4173/4685/4844 4877/4688/4847 4400/4687/4846
f 4174/4689/4848 4876/4690/4849 4400/4687/4846 4877/4688/4847
f 4876/4690/4849 4158/4623/4780 4846/4622/4779 4400/4687/4846
f 4158/4623/4780 4876/4690/4849 4401/4691/4850 4848/4626/4783
f 4876/4690/4849 4174/4689/4848 4879/4692/4851 4401/4691/4850
f 4175/4693/4852 4878/4694/4853 4401/4691/4850 4879/4692/4851
f 4878/4694/4853 4159/4627/4784 4848/4626/4783 4401/4691/4850
f 4159/4627/4784 4878/4694/4853 4402/4695/4854 4850/4630/4787
f 4878/4694/4853 4175/4693/4852 4881/4696/4855 4402/4695/4854
f 4176/4697/4856 4880/4698/4857 4402/4695/4854 4881/4696/4855
f 4880/4698/4857 4160/4631/4788 4850/4630/4787 4402/4695/4854
f 4161/4635/4792 4901/4699/4858 4403/4700/4859 4853/4636/4793
f 4901/4699/4858 4177/3764/4860 4904/3765/4861 4403/4700/4859
f 4178/4701/4862 4903/4702/4863 4403/4700/4859 4904/3765/4861
f 4903/4702/4863 4162/4637/4794 4853/4636/4793 4403/4700/4859
f 4162/4637/4794 4903/4702/4863 4404/4703/4864 4855/4640/4797
f 4903/4702/4863 4178/4701/4862 4906/4704/4865 4404/4703/4864
f 4179/3772/4866 4905/3866/4867 4404/4703/4864 4906/4704/4865
f 4905/3866/4867 4163/4641/4798 4855/4640/4797 4404/4703/4864
f 4163/4641/4798 4905/3866/4867 4405/4705/4868 4857/4644/4801
f 4905/3866/4867 4179/3772/4866 4908/3777/4869 4405/4705/4868
f 4180/4706/4870 4907/4707/4871 4405/4705/4868 4908/3777/4869
f 4907/4707/4871 4164/4645/4802 4857/4644/4801 4405/4705/4868
f 4164/4645/4802 4907/4707/4871 4406/4708/4872 4859/4648/4805
f 4907/4707/4871 4180/4706/4870 4910/4709/4873 4406/4708/4872
f 4181/3784/4874 4909/4710/4875 4406/4708/4872 4910/4709/4873
f 4909/4710/4875 4165/4649/4806 4859/4648/4805 4406/4708/4872
f 4165/4649/4806 4909/4710/4875 4407/3875/4876 4861/4652/4809
f 4909/4710/4875 4181/3784/4874 4912/4711/4877 4407/3875/4876
f 4182/3790/4878 4911/4712/4879 4407/3875/4876 4912/4711/4877
f 4911/4712/4879 4166/4653/4810 4861/4652/4809 4407/3875/4876
f 4166/4653/4810 4911/4712/4879 4408/4713/4880 4863/4656/4813
f 4911/4712/4879 4182/3790/4878 4914/4714/4881 4408/4713/4880
f 4183/3796/4882 4913/3882/4883 4408/4713/4880 4914/4714/4881
f 4913/3882/4883 4167/4657/4814 4863/4656/4813 4408/4713/4880
f 4167/4657/4814 4913/3882/4883 4409/4715/4884 4865/4660/4817
f 4913/3882/4883 4183/3796/4882 4916/3801/4885 4409/4715/4884
f 4184/3802/4886 4915/4716/4887 4409/4715/4884 4916/3801/4885
f 4915/4716/4887 4168/4661/4818 4865/4660/4817 4409/4715/4884
f 4168/4661/4818 4915/4716/4887 4410/4717/4888 4867/4664/4821
f 4915/4716/4887 4184/3802/4886 4918/4718/4889 4410/4717/4888
f 4185/4719/4890 4917/4720/4891 4410/4717/4888 4918/4718/4889
f 4917/4720/4891 4169/4665/4822 4867/4664/4821 4410/4717/4888
f 4169/4665/4822 4917/4720/4891 4411/4721/4892 4869/4668/4825
f 4917/4720/4891 4185/4719/4890 4920/4722/4893 4411/4721/4892
f 4186/4723/4894 5433/3898/4895 5434/3897/4895 4919/4724/4896 4411/4721/4892 4920/4722/4893
f 4919/4724/4896 5435/3895/4897 5436/3894/4897 4170/4669/4826 4869/4668/4825 4411/4721/4892
f 4170/4669/4834 5436/3894/4898 5435/3895/4898 4919/4724/4899 4412/4725/4900 4871/4676/4835
f 4919/4724/4899 5434/3897/4901 5433/3898/4901 4186/4723/4902 4922/4726/4903 4412/4725/4900
f 4187/3824/4904 4921/4727/4905 4412/4725/4900 4922/4726/4903
f 4921/4727/4905 4171/4677/4836 4871/4676/4835 4412/4725/4900
f 4171/4677/4836 4921/4727/4905 4413/4728/4906 4873/4680/4839
f 4921/4727/4905 4187/3824/4904 4924/4729/4907 4413/4728/4906
f 4188/3830/4908 4923/4730/4909 4413/4728/4906 4924/4729/4907
f 4923/4730/4909 4172/4681/4840 4873/4680/4839 4413/4728/4906
f 4172/4681/4840 4923/4730/4909 4414/4731/4910 4875/4684/4843
f 4923/4730/4909 4188/3830/4908 4926/4732/4911 4414/4731/4910
f 4189/4733/4912 4925/4734/4913 4414/4731/4910 4926/4732/4911
f 4925/4734/4913 4173/4685/4844 4875/4684/4843 4414/4731/4910
f 4173/4685/4844 4925/4734/4913 4415/4735/4914 4877/4688/4847
f 4925/4734/4913 4189/4733/4912 4928/4736/4915 4415/4735/4914
f 4190/4737/4916 4927/4738/4917 4415/4735/4914 4928/4736/4915
f 4927/4738/4917 4174/4689/4848 4877/4688/4847 4415/4735/4914
f 4174/4689/4848 4927/4738/4917 4416/4739/4918 4879/4692/4851
f 4927/4738/4917 4190/4737/4916 4930/4740/4919 4416/4739/4918
f 4191/3848/4920 4929/4741/4921 4416/4739/4918 4930/4740/4919
f 4929/4741/4921 4175/4693/4852 4879/4692/4851 4416/4739/4918
f 4175/4693/4852 4929/4741/4921 4417/4742/4922 4881/4696/4855
f 4929/4741/4921 4191/3848/4920 4932/4743/4923 4417/4742/4922
f 4192/4744/4924 4931/4745/4925 4417/4742/4922 4932/4743/4923
f 4931/4745/4925 4176/4697/4856 4881/4696/4855 4417/4742/4922
f 4541/3989/4110 3985/3925/4044 4941/3925/4926 4894/3989/4927
f 4065/4255/4384 4665/4253/4382 4890/4253/4928 4936/4255/4929
f 4851/4633/4790 4145/4569/4724 4900/4569/4930 4884/4633/4931
f 4727/4369/4518 4081/4320/4452 4935/4320/4932 4888/4369/4933
f 4145/4569/4724 4820/4567/4722 4885/4567/4934 4900/4569/4930
f 4572/4055/4178 4001/3991/4112 4940/3991/4935 4893/4055/4936
f 4081/4320/4452 4696/4253/4450 4889/4253/4937 4935/4320/4932
f 4001/3991/4112 4541/3989/4110 4894/3989/4927 4940/3991/4935
f 4758/4435/4586 4097/4371/4520 4934/4371/4938 4887/4435/4939
f 4433/3761/3875 3937/3760/3874 4944/3760/4940 4897/3761/4941
f 4161/4635/4792 4851/4633/4790 4884/4633/4931 4899/4635/4942
f 4603/4121/4246 4017/4057/4180 4939/4057/4943 4892/4121/4944
f 4097/4371/4520 4727/4369/4518 4888/4369/4933 4934/4371/4938
f 4017/4057/4180 4572/4055/4178 4893/4055/4936 4939/4057/4943
f 4479/3857/3974 3953/3764/3878 4943/3764/4945 4896/3857/4946
f 4113/4437/4588 4758/4435/4586 4887/4435/4939 4933/4437/4947
f 3953/3764/3878 4433/3761/3875 4897/3761/4941 4943/3764/4945
f 4033/4123/4248 4603/4121/4246 4892/4121/4944 4938/4123/4948
f 4945/4746/4949 4177/3764/4860 4898/3764/4950 4882/4746/4951
f 4634/4187/4314 4033/4123/4248 4938/4123/4948 4891/4187/4952
f 4901/4699/4858 4161/4635/4792 4899/4635/4942 4883/4699/4953
f 4510/3923/4042 3969/3859/3976 4942/3859/4954 4895/3923/4955
f 4129/4503/4656 4789/4501/4654 4886/4501/4956 4902/4503/4957
f 3969/3859/3976 4479/3857/3974 4896/3857/4946 4942/3859/4954
f 3937/3760/3874 4945/4746/4949 4882/4746/4951 4944/3760/4940
f 4789/4501/4654 4113/4437/4588 4933/4437/4947 4886/4501/4956
f 4665/4253/4382 4049/4189/4316 4937/4189/4958 4890/4253/4928
f 4049/4189/4316 4634/4187/4314 4891/4187/4952 4937/4189/4958
f 4177/3764/4860 4901/4699/4858 4883/4699/4953 4898/3764/4950
f 3985/3925/4044 4510/3923/4042 4895/3923/4955 4941/3925/4926
f 4820/4567/4722 4129/4503/4656 4902/4503/4957 4885/4567/4934
f 4696/4253/4450 4065/4255/4384 4936/4255/4929 4889/4253/4937
f 4177/3764/4860 4945/4746/4949 4418/3762/4959 4904/3765/4861
f 4945/4746/4949 3937/3760/3874 4435/3763/3877 4418/3762/4959
f 3938/3768/3882 4946/4747/4960 4418/3762/4959 4435/3763/3877
f 4946/4747/4960 4178/4701/4862 4904/3765/4861 4418/3762/4959
f 4178/4701/4862 4946/4747/4960 4419/4748/4961 4906/4704/4865
f 4946/4747/4960 3938/3768/3882 4438/3770/3884 4419/4748/4961
f 3939/3774/3888 4947/3773/4962 4419/4748/4961 4438/3770/3884
f 4947/3773/4962 4179/3772/4866 4906/4704/4865 4419/4748/4961
f 4179/3772/4866 4947/3773/4962 4420/3775/4963 4908/3777/4869
f 4947/3773/4962 3939/3774/3888 4441/3776/3890 4420/3775/4963
f 3940/3780/3894 4948/3779/4964 4420/3775/4963 4441/3776/3890
f 4948/3779/4964 4180/4706/4870 4908/3777/4869 4420/3775/4963
f 4180/4706/4870 4948/3779/4964 4421/3781/4965 4910/4709/4873
f 4948/3779/4964 3940/3780/3894 4444/3782/3896 4421/3781/4965
f 3941/3786/3900 4949/3785/4966 4421/3781/4965 4444/3782/3896
f 4949/3785/4966 4181/3784/4874 4910/4709/4873 4421/3781/4965
f 4181/3784/4874 4949/3785/4966 4422/3787/4967 4912/4711/4877
f 4949/3785/4966 3941/3786/3900 4447/3788/3902 4422/3787/4967
f 3942/3792/3906 4950/3791/4968 4422/3787/4967 4447/3788/3902
f 4950/3791/4968 4182/3790/4878 4912/4711/4877 4422/3787/4967
f 4182/3790/4878 4950/3791/4968 4423/3793/4969 4914/4714/4881
f 4950/3791/4968 3942/3792/3906 4450/3794/3908 4423/3793/4969
f 3943/3798/3912 4951/4749/4970 4423/3793/4969 4450/3794/3908
f 4951/4749/4970 4183/3796/4882 4914/4714/4881 4423/3793/4969
f 4183/3796/4882 4951/4749/4970 4424/3799/4971 4916/3801/4885
f 4951/4749/4970 3943/3798/3912 4453/3800/3914 4424/3799/4971
f 3944/3804/3918 4952/3803/4972 4424/3799/4971 4453/3800/3914
f 4952/3803/4972 4184/3802/4886 4916/3801/4885 4424/3799/4971
f 4184/3802/4886 4952/3803/4972 4425/4750/4973 4918/4718/4889
f 4952/3803/4972 3944/3804/3918 4456/3806/3920 4425/4750/4973
f 3945/3810/3924 4953/4751/4974 4425/4750/4973 4456/3806/3920
f 4953/4751/4974 4185/4719/4890 4918/4718/4889 4425/4750/4973
f 4185/4719/4890 4953/4751/4974 4426/3811/4975 4920/4722/4893
f 4953/4751/4974 3945/3810/3924 4459/3812/3926 4426/3811/4975
f 3946/3820/3932 5437/4752/4976 5438/3818/4976 4954/4753/4977 4426/3811/4975 4459/3812/3926
f 4954/4753/4977 5439/4754/4978 5440/4755/4978 4186/4723/4894 4920/4722/4893 4426/3811/4975
f 4186/4723/4902 5440/4755/4979 5439/4754/4979 4954/4753/4980 4427/4756/4981 4922/4726/4903
f 4954/4753/4980 5438/3818/4982 5437/4752/4982 3946/3820/3933 4462/3822/3937 4427/4756/4981
f 3947/3826/3943 4955/4757/4983 4427/4756/4981 4462/3822/3937
f 4955/4757/4983 4187/3824/4904 4922/4726/4903 4427/4756/4981
f 4187/3824/4904 4955/4757/4983 4428/4758/4984 4924/4729/4907
f 4955/4757/4983 3947/3826/3943 4465/3828/3945 4428/4758/4984
f 3948/3832/3949 4956/3831/4985 4428/4758/4984 4465/3828/3945
f 4956/3831/4985 4188/3830/4908 4924/4729/4907 4428/4758/4984
f 4188/3830/4908 4956/3831/4985 4429/3833/4986 4926/4732/4911
f 4956/3831/4985 3948/3832/3949 4468/3834/3951 4429/3833/4986
f 3949/3838/3955 4957/3837/4987 4429/3833/4986 4468/3834/3951
f 4957/3837/4987 4189/4733/4912 4926/4732/4911 4429/3833/4986
f 4189/4733/4912 4957/3837/4987 4430/3839/4988 4928/4736/4915
f 4957/3837/4987 3949/3838/3955 4471/3840/3957 4430/3839/4988
f 3950/3844/3961 4958/4759/4989 4430/3839/4988 4471/3840/3957
f 4958/4759/4989 4190/4737/4916 4928/4736/4915 4430/3839/4988
f 4190/4737/4916 4958/4759/4989 4431/3845/4990 4930/4740/4919
f 4958/4759/4989 3950/3844/3961 4474/3846/3963 4431/3845/4990
f 3951/3850/3967 4959/4760/4991 4431/3845/4990 4474/3846/3963
f 4959/4760/4991 4191/3848/4920 4930/4740/4919 4431/3845/4990
f 4191/3848/4920 4959/4760/4991 4432/3851/4992 4932/4743/4923
f 4959/4760/4991 3951/3850/3967 4477/3852/3969 4432/3851/4992
f 3952/3856/3973 4960/3855/4993 4432/3851/4992 4477/3852/3969
f 4960/3855/4993 4192/4744/4924 4932/4743/4923 4432/3851/4992
f 4887/4435/4939 4934/4371/4938 4982/4371/4938 4966/4435/4939
f 4894/3989/4927 4941/3925/4926 4989/3925/4926 4973/3989/4927
f 4933/4437/4947 4887/4435/4939 4966/4435/4939 4981/4437/4947
f 4940/3991/4935 4894/3989/4927 4973/3989/4927 4988/3991/4994
f 4888/4369/4933 4935/4320/4932 4983/4320/4932 4967/4369/4933
f 4895/3923/4955 4942/3859/4954 4990/3859/4954 4974/3923/4955
f 4934/4371/4938 4888/4369/4933 4967/4369/4933 4982/4371/4938
f 4882/4746/4951 4898/3764/4950 4977/3764/4950 4961/4746/4951
f 4941/3925/4926 4895/3923/4955 4974/3923/4955 4989/3925/4926
f 4889/4253/4937 4936/4255/4929 4984/4255/4995 4968/4253/4996
f 4944/3760/4940 4882/4746/4951 4961/4746/4951 4992/3760/4997
f 4896/3857/4946 4943/3764/4945 4991/3764/4945 4975/3857/4946
f 4935/4320/4932 4889/4253/4937 4968/4253/4996 4983/4320/4932
f 4883/4699/4953 4899/4635/4942 4978/4635/4998 4962/4699/4953
f 4942/3859/4954 4896/3857/4946 4975/3857/4946 4990/3859/4954
f 4890/4253/4928 4937/4189/4958 4985/4189/4999 4969/4253/5000
f 4898/3764/4950 4883/4699/4953 4962/4699/4953 4977/3764/4950
f 4897/3761/4941 4944/3760/4940 4992/3760/4997 4976/3761/4941
f 4936/4255/4929 4890/4253/4928 4969/4253/5000 4984/4255/4995
f 4884/4633/4931 4900/4569/4930 4979/4569/4930 4963/4633/4931
f 4891/4187/4952 4938/4123/4948 4986/4123/5001 4970/4187/4952
f 4899/4635/4942 4884/4633/4931 4963/4633/4931 4978/4635/4998
f 4943/3764/4945 4897/3761/4941 4976/3761/4941 4991/3764/4945
f 4937/4189/4958 4891/4187/4952 4970/4187/4952 4985/4189/4999
f 4885/4567/4934 4902/4503/4957 4980/4503/5002 4964/4567/5003
f 4892/4121/4944 4939/4057/4943 4987/4057/4943 4971/4121/4944
f 4900/4569/4930 4885/4567/4934 4964/4567/5003 4979/4569/4930
f 4938/4123/4948 4892/4121/4944 4971/4121/4944 4986/4123/5001
f 4886/4501/4956 4933/4437/4947 4981/4437/4947 4965/4501/5004
f 4893/4055/4936 4940/3991/4935 4988/3991/4994 4972/4055/4936
f 4902/4503/4957 4886/4501/4956 4965/4501/5004 4980/4503/5002
f 4939/4057/4943 4893/4055/4936 4972/4055/4936 4987/4057/4943
f 4986/4123/5001 4971/4121/4944 5003/4121/5005 5018/4123/4948
f 4965/4501/5004 4981/4437/4947 5013/4437/5006 4997/4501/5004
f 4972/4055/4936 4988/3991/4994 5020/3991/4935 5004/4055/4936
f 4980/4503/5002 4965/4501/5004 4997/4501/5004 5012/4503/4957
f 4987/4057/4943 4972/4055/4936 5004/4055/4936 5019/4057/5007
f 4966/4435/4939 4982/4371/4938 5014/4371/4938 4998/4435/4939
f 4973/3989/4927 4989/3925/4926 5021/3925/4926 5005/3989/4927
f 4981/4437/4947 4966/4435/4939 4998/4435/4939 5013/4437/5006
f 4988/3991/4994 4973/3989/4927 5005/3989/4927 5020/3991/4935
f 4967/4369/4933 4983/4320/4932 5015/4320/4932 4999/4369/4933
f 4974/3923/4955 4990/3859/4954 5022/3859/4954 5006/3923/4955
f 4982/4371/4938 4967/4369/4933 4999/4369/4933 5014/4371/4938
f 4961/4746/4951 4977/3764/4950 5009/3764/4950 4993/4746/4951
f 4989/3925/4926 4974/3923/4955 5006/3923/4955 5021/3925/4926
f 4968/4253/4996 4984/4255/4995 5016/4255/4995 5000/4253/4996
f 4992/3760/4997 4961/4746/4951 4993/4746/4951 5024/3760/4997
f 4975/3857/4946 4991/3764/4945 5023/3764/4945 5007/3857/5008
f 4983/4320/4932 4968/4253/4996 5000/4253/4996 5015/4320/4932
f 4962/4699/4953 4978/4635/4998 5010/4635/4998 4994/4699/4953
f 4990/3859/4954 4975/3857/4946 5007/3857/5008 5022/3859/4954
f 4969/4253/5000 4985/4189/4999 5017/4189/4958 5001/4253/5000
f 4977/3764/4950 4962/4699/4953 4994/4699/4953 5009/3764/4950
f 4976/3761/4941 4992/3760/4997 5024/3760/4997 5008/3761/4941
f 4984/4255/4995 4969/4253/5000 5001/4253/5000 5016/4255/4995
f 4963/4633/4931 4979/4569/4930 5011/4569/4930 4995/4633/4931
f 4991/3764/4945 4976/3761/4941 5008/3761/4941 5023/3764/4945
f 4970/4187/4952 4986/4123/5001 5018/4123/4948 5002/4187/4952
f 4978/4635/4998 4963/4633/4931 4995/4633/4931 5010/4635/4998
f 4985/4189/4999 4970/4187/4952 5002/4187/4952 5017/4189/4958
f 4964/4567/5003 4980/4503/5002 5012/4503/4957 4996/4567/5003
f 4971/4121/4944 4987/4057/4943 5019/4057/5007 5003/4121/5005
f 4979/4569/4930 4964/4567/5003 4996/4567/5003 5011/4569/4930
f 5005/3989/4927 5021/3925/4926 5053/3925/5009 5037/3989/5010
f 5013/4437/5006 4998/4435/4939 5030/4435/5011 5045/4437/5012
f 5020/3991/4935 5005/3989/4927 5037/3989/5010 5052/3991/5013
f 4999/4369/4933 5015/4320/4932 5047/4320/5014 5031/4369/5015
f 5006/3923/4955 5022/3859/4954 5054/3859/5016 5038/3923/5017
f 5014/4371/4938 4999/4369/4933 5031/4369/5015 5046/4371/5018
f 4993/4746/4951 5009/3764/4950 5041/3764/5019 5025/4746/5020
f 5021/3925/4926 5006/3923/4955 5038/3923/5017 5053/3925/5009
f 5000/4253/4996 5016/4255/4995 5048/4255/5021 5032/4253/5022
f 5024/3760/4997 4993/4746/4951 5025/4746/5020 5056/3760/5023
f 5007/3857/5008 5023/3764/4945 5055/3764/5024 5039/3857/5025
f 5015/4320/4932 5000/4253/4996 5032/4253/5022 5047/4320/5014
f 4994/4699/4953 5010/4635/4998 5042/4635/5026 5026/4699/5027
f 5022/3859/4954 5007/3857/5008 5039/3857/5025 5054/3859/5016
f 5001/4253/5000 5017/4189/4958 5049/4189/5028 5033/4253/5029
f 5009/3764/4950 4994/4699/4953 5026/4699/5027 5041/3764/5019
f 5008/3761/4941 5024/3760/4997 5056/3760/5023 5040/3761/5030
f 5016/4255/4995 5001/4253/5000 5033/4253/5029 5048/4255/5021
f 4995/4633/4931 5011/4569/4930 5043/4569/5031 5027/4633/5032
f 5023/3764/4945 5008/3761/4941 5040/3761/5030 5055/3764/5024
f 5002/4187/4952 5018/4123/4948 5050/4123/5033 5034/4187/5034
f 5010/4635/4998 4995/4633/4931 5027/4633/5032 5042/4635/5026
f 5017/4189/4958 5002/4187/4952 5034/4187/5034 5049/4189/5028
f 4996/4567/5003 5012/4503/4957 5044/4503/5035 5028/4567/5036
f 5003/4121/5005 5019/4057/5007 5051/4057/5037 5035/4121/5038
f 5011/4569/4930 4996/4567/5003 5028/4567/5036 5043/4569/5031
f 5018/4123/4948 5003/4121/5005 5035/4121/5038 5050/4123/5033
f 4997/4501/5004 5013/4437/5006 5045/4437/5012 5029/4501/5039
f 5004/4055/4936 5020/3991/4935 5052/3991/5013 5036/4055/5040
f 5012/4503/4957 4997/4501/5004 5029/4501/5039 5044/4503/5035
f 5019/4057/5007 5004/4055/4936 5036/4055/5040 5051/4057/5037
f 4998/4435/4939 5014/4371/4938 5046/4371/5018 5030/4435/5011
f 5025/4746/5020 5041/3764/5019 5073/3764/5041 5057/4746/5042
f 5053/3925/5009 5038/3923/5017 5070/3923/5043 5085/3925/5044
f 5032/4253/5022 5048/4255/5021 5080/4255/5045 5064/4253/5046
f 5056/3760/5023 5025/4746/5020 5057/4746/5042 5088/3760/5047
f 5039/3857/5025 5055/3764/5024 5087/3764/5048 5071/3857/5049
f 5047/4320/5014 5032/4253/5022 5064/4253/5046 5079/4320/5050
f 5026/4699/5027 5042/4635/5026 5074/4635/5051 5058/4699/5052
f 5054/3859/5016 5039/3857/5025 5071/3857/5049 5086/3859/5053
f 5033/4253/5029 5049/4189/5028 5081/4189/5054 5065/4253/5055
f 5041/3764/5019 5026/4699/5027 5058/4699/5052 5073/3764/5041
f 5040/3761/5030 5056/3760/5023 5088/3760/5047 5072/3761/5056
f 5048/4255/5021 5033/4253/5029 5065/4253/5055 5080/4255/5045
f 5027/4633/5032 5043/4569/5031 5075/4569/5057 5059/4633/5058
f 5055/3764/5024 5040/3761/5030 5072/3761/5056 5087/3764/5048
f 5034/4187/5034 5050/4123/5033 5082/4123/5059 5066/4187/5060
f 5042/4635/5026 5027/4633/5032 5059/4633/5058 5074/4635/5051
f 5049/4189/5028 5034/4187/5034 5066/4187/5060 5081/4189/5054
f 5028/4567/5036 5044/4503/5035 5076/4503/5061 5060/4567/5062
f 5035/4121/5038 5051/4057/5037 5083/4057/5063 5067/4121/5064
f 5043/4569/5031 5028/4567/5036 5060/4567/5062 5075/4569/5057
f 5050/4123/5033 5035/4121/5038 5067/4121/5064 5082/4123/5059
f 5029/4501/5039 5045/4437/5012 5077/4437/5065 5061/4501/5066
f 5036/4055/5040 5052/3991/5013 5084/3991/5067 5068/4055/5068
f 5044/4503/5035 5029/4501/5039 5061/4501/5066 5076/4503/5061
f 5051/4057/5037 5036/4055/5040 5068/4055/5068 5083/4057/5063
f 5030/4435/5011 5046/4371/5018 5078/4371/5069 5062/4435/5070
f 5037/3989/5010 5053/3925/5009 5085/3925/5044 5069/3989/5071
f 5045/4437/5012 5030/4435/5011 5062/4435/5070 5077/4437/5065
f 5052/3991/5013 5037/3989/5010 5069/3989/5071 5084/3991/5067
f 5031/4369/5015 5047/4320/5014 5079/4320/5050 5063/4369/5072
f 5038/3923/5017 5054/3859/5016 5086/3859/5053 5070/3923/5043
f 5046/4371/5018 5031/4369/5015 5063/4369/5072 5078/4371/5069
f 5073/3764/5041 5058/4699/5052 5090/4699/5073 5105/3764/5074
f 5072/3761/5056 5088/3760/5047 5120/3760/5075 5104/3761/5076
f 5080/4255/5045 5065/4253/5055 5097/4253/5077 5112/4255/5078
f 5059/4633/5058 5075/4569/5057 5107/4569/5079 5091/4633/5080
f 5087/3764/5048 5072/3761/5056 5104/3761/5076 5119/3764/5081
f 5066/4187/5060 5082/4123/5059 5114/4123/5082 5098/4187/5083
f 5074/4635/5051 5059/4633/5058 5091/4633/5080 5106/4635/5084
f 5081/4189/5054 5066/4187/5060 5098/4187/5083 5113/4189/5085
f 5060/4567/5062 5076/4503/5061 5108/4503/5086 5092/4567/5087
f 5067/4121/5064 5083/4057/5063 5115/4057/5088 5099/4121/5089
f 5075/4569/5057 5060/4567/5062 5092/4567/5087 5107/4569/5079
f 5082/4123/5059 5067/4121/5064 5099/4121/5089 5114/4123/5082
f 5061/4501/5066 5077/4437/5065 5109/4437/5090 5093/4501/5091
f 5068/4055/5068 5084/3991/5067 5116/3991/5092 5100/4055/5093
f 5076/4503/5061 5061/4501/5066 5093/4501/5091 5108/4503/5086
f 5083/4057/5063 5068/4055/5068 5100/4055/5093 5115/4057/5088
f 5062/4435/5070 5078/4371/5069 5110/4371/5094 5094/4435/5095
f 5069/3989/5071 5085/3925/5044 5117/3925/5096 5101/3989/5097
f 5077/4437/5065 5062/4435/5070 5094/4435/5095 5109/4437/5090
f 5084/3991/5067 5069/3989/5071 5101/3989/5097 5116/3991/5092
f 5063/4369/5072 5079/4320/5050 5111/4320/5098 5095/4369/5099
f 5070/3923/5043 5086/3859/5053 5118/3859/5100 5102/3923/5101
f 5078/4371/5069 5063/4369/5072 5095/4369/5099 5110/4371/5094
f 5057/4746/5042 5073/3764/5041 5105/3764/5074 5089/4746/5102
f 5085/3925/5044 5070/3923/5043 5102/3923/5101 5117/3925/5096
f 5064/4253/5046 5080/4255/5045 5112/4255/5078 5096/4253/5103
f 5088/3760/5047 5057/4746/5042 5089/4746/5102 5120/3760/5075
f 5071/3857/5049 5087/3764/5048 5119/3764/5081 5103/3857/5104
f 5079/4320/5050 5064/4253/5046 5096/4253/5103 5111/4320/5098
f 5058/4699/5052 5074/4635/5051 5106/4635/5084 5090/4699/5073
f 5086/3859/5053 5071/3857/5049 5103/3857/5104 5118/3859/5100
f 5065/4253/5055 5081/4189/5054 5113/4189/5085 5097/4253/5077
f 5240/4569/5105 5194/4567/5106 5124/4567/5107 5139/4569/5108
f 5261/4123/5109 5215/4761/5110 5131/4121/5111 5146/4123/5112
f 5092/4567/5087 5108/4503/5086 5242/4503/5113 5195/4567/5114
f 5099/4121/5089 5115/4057/5088 5263/4057/5115 5216/4762/5116
f 5243/4503/5117 5197/4763/5118 5125/4501/5119 5140/4503/5120
f 5264/4057/5121 5218/4055/5122 5132/4055/5123 5147/4057/5124
f 5093/4501/5091 5109/4437/5090 5245/4437/5125 5198/4501/5126
f 5100/4055/5093 5116/3991/5092 5266/3991/5127 5219/4055/5128
f 5246/4437/5129 5200/4764/5130 5126/4435/5131 5141/4437/5132
f 5267/3991/5133 5221/4765/5134 5133/3989/5135 5148/3991/5136
f 5094/4435/5095 5110/4371/5094 5248/4371/5137 5201/4766/5138
f 5101/3989/5097 5117/3925/5096 5269/3925/5139 5222/4767/5140
f 5249/4371/5141 5203/4369/5142 5127/4369/5143 5142/4371/5144
f 5270/3925/5145 5224/4768/5146 5134/3923/5147 5149/3925/5148
f 5095/4369/5099 5111/4320/5098 5251/4320/5149 5204/4369/5150
f 5278/3760/5151 5185/4769/5152 5121/4746/5153 5152/3760/5154
f 5102/3923/5101 5118/3859/5100 5272/4770/5155 5225/3923/5156
f 5252/4320/5157 5206/4253/5158 5128/4253/5159 5143/4320/5160
f 5089/4746/5102 5105/3764/5074 5233/3764/5161 5186/4746/5162
f 5273/3859/5163 5227/4771/5164 5135/3857/5165 5150/3859/5166
f 5096/4253/5103 5112/4255/5078 5254/4255/5167 5207/4253/5168
f 5234/3764/5169 5188/4772/5170 5122/4699/5073 5137/3764/5074
f 5103/3857/5104 5119/3764/5081 5275/3764/5171 5228/3857/5172
f 5255/4255/5173 5209/4253/5174 5129/4253/5077 5144/4255/5078
f 5090/4699/5073 5106/4635/5084 5236/4635/5175 5189/4699/5176
f 5276/3764/5177 5230/4773/5178 5136/3761/5179 5151/3764/5081
f 5097/4253/5077 5113/4189/5085 5257/4189/5180 5210/4253/5181
f 5237/4635/5182 5191/4633/5183 5123/4633/5184 5138/4635/5185
f 5104/3761/5076 5120/3760/5075 5279/3760/5186 5231/4774/5187
f 5258/4189/5188 5212/4187/5189 5130/4187/5190 5145/4189/5085
f 5091/4633/5080 5107/4569/5079 5239/4569/5191 5192/4775/5192
f 5098/4187/5083 5114/4123/5082 5260/4123/5193 5213/4187/5194
f 5200/4764/5130 5249/4371/5141 5142/4371/5144 5126/4435/5131
f 5221/3989/5134 5270/4776/5145 5149/3925/5148 5133/3989/5135
f 5109/4437/5090 5094/4435/5095 5201/4766/5138 5245/4437/5125
f 5116/3991/5092 5101/3989/5097 5222/4765/5140 5266/3991/5127
f 5203/4369/5142 5252/4777/5157 5143/4320/5160 5127/4369/5143
f 5224/3923/5146 5273/4778/5163 5150/3859/5166 5134/3923/5147
f 5110/4371/5094 5095/4369/5099 5204/4369/5150 5248/4371/5137
f 5117/3925/5096 5102/3923/5101 5225/4768/5156 5269/3925/5139
f 5206/4253/5158 5255/4255/5173 5144/4255/5078 5128/4253/5159
f 5120/3760/5075 5089/4746/5102 5186/4746/5162 5279/3760/5186
f 5227/3857/5164 5276/4779/5177 5151/3764/5081 5135/3857/5165
f 5111/4320/5098 5096/4253/5103 5207/4253/5168 5251/4320/5149
f 5188/4699/5170 5237/4780/5182 5138/4635/5185 5122/4699/5073
f 5118/3859/5100 5103/3857/5104 5228/3857/5172 5272/4770/5155
f 5209/4253/5174 5258/4189/5188 5145/4189/5085 5129/4253/5077
f 5105/3764/5074 5090/4699/5073 5189/4772/5176 5233/3764/5161
f 5230/3761/5178 5278/4781/5151 5152/3760/5154 5136/3761/5179
f 5112/4255/5078 5097/4253/5077 5210/4253/5181 5254/4255/5167
f 5191/4633/5183 5240/4569/5105 5139/4569/5108 5123/4633/5184
f 5119/3764/5081 5104/3761/5076 5231/3761/5187 5275/3764/5171
f 5212/4187/5189 5261/4123/5109 5146/4123/5112 5130/4187/5190
f 5106/4635/5084 5091/4633/5080 5192/4633/5192 5236/4635/5175
f 5696/4782/5195 5508/4783/5196 4186/4723/5197 5440/4755/5195
f 5113/4189/5085 5098/4187/5083 5213/4187/5194 5257/4189/5180
f 5194/4567/5106 5243/4503/5117 5140/4503/5120 5124/4567/5107
f 5215/4121/5110 5264/4784/5121 5147/4057/5124 5131/4121/5111
f 5107/4569/5079 5092/4567/5087 5195/4567/5114 5239/4569/5191
f 5114/4123/5082 5099/4121/5089 5216/4121/5116 5260/4123/5193
f 5197/4785/5118 5246/4786/5129 5141/4437/5132 5125/4501/5119
f 5218/4055/5122 5267/4787/5133 5148/3991/5136 5132/4055/5123
f 5108/4503/5086 5093/4501/5091 5198/4788/5126 5242/4503/5113
f 5115/4057/5088 5100/4055/5093 5219/4055/5128 5263/4057/5115
f 5127/4369/5143 5143/4320/5160 5175/4320/5198 5159/4369/5199
f 5134/3923/5147 5150/3859/5166 5182/3859/5200 5166/3923/5201
f 5142/4371/5144 5127/4369/5143 5159/4369/5199 5174/4371/5202
f 5121/4746/5153 5137/3764/5074 5169/3764/5203 5153/4746/5204
f 5149/3925/5148 5134/3923/5147 5166/3923/5201 5181/3925/5205
f 5128/4253/5159 5144/4255/5078 5176/4255/5206 5160/4253/5207
f 5152/3760/5154 5121/4746/5153 5153/4746/5204 5184/3760/5208
f 5135/3857/5165 5151/3764/5081 5183/3764/5209 5167/3857/5210
f 5143/4320/5160 5128/4253/5159 5160/4253/5207 5175/4320/5198
f 5122/4699/5073 5138/4635/5185 5170/4635/5211 5154/4699/5212
f 5150/3859/5166 5135/3857/5165 5167/3857/5210 5182/3859/5200
f 5129/4253/5077 5145/4189/5085 5177/4189/5213 5161/4253/5214
f 5137/3764/5074 5122/4699/5073 5154/4699/5212 5169/3764/5203
f 5136/3761/5179 5152/3760/5154 5184/3760/5208 5168/3761/5215
f 5144/4255/5078 5129/4253/5077 5161/4253/5214 5176/4255/5206
f 5123/4633/5184 5139/4569/5108 5171/4569/5216 5155/4633/5217
f 5151/3764/5081 5136/3761/5179 5168/3761/5215 5183/3764/5209
f 5130/4187/5190 5146/4123/5112 5178/4123/5218 5162/4187/5219
f 5138/4635/5185 5123/4633/5184 5155/4633/5217 5170/4635/5211
f 5145/4189/5085 5130/4187/5190 5162/4187/5219 5177/4189/5213
f 5124/4567/5107 5140/4503/5120 5172/4503/5220 5156/4567/5221
f 5131/4121/5111 5147/4057/5124 5179/4057/5222 5163/4121/5223
f 5139/4569/5108 5124/4567/5107 5156/4567/5221 5171/4569/5216
f 5146/4123/5112 5131/4121/5111 5163/4121/5223 5178/4123/5218
f 5125/4501/5119 5141/4437/5132 5173/4437/5224 5157/4501/5225
f 5132/4055/5123 5148/3991/5136 5180/3991/5226 5164/4055/5227
f 5140/4503/5120 5125/4501/5119 5157/4501/5225 5172/4503/5220
f 5147/4057/5124 5132/4055/5123 5164/4055/5227 5179/4057/5222
f 5126/4435/5131 5142/4371/5144 5174/4371/5202 5158/4435/5228
f 5133/3989/5135 5149/3925/5148 5181/3925/5205 5165/3989/5229
f 5141/4437/5132 5126/4435/5131 5158/4435/5228 5173/4437/5224
f 5148/3991/5136 5133/3989/5135 5165/3989/5229 5180/3991/5226
f 5160/4253/5207 5176/4255/5206 5350/4255/5230 5303/4789/5231
f 5692/4790/5232 5511/4791/5233 4919/4724/5233 5434/3897/5232
f 5167/3857/5210 5183/3764/5209 5371/3764/5234 5324/3857/5235
f 5688/4792/5236 5539/4793/5237 4682/4292/5237 5406/4291/5236
f 5154/4699/5212 5170/4635/5211 5332/4635/5238 5285/4699/5239
f 5161/4253/5214 5177/4189/5213 5353/4189/5240 5306/4789/5241
f 5684/4794/5242 5515/4795/5243 4868/4672/5243 5430/4671/5242
f 5680/4796/5244 5543/4797/5245 4651/4226/5245 5402/4225/5244
f 5155/4633/5217 5171/4569/5216 5335/4569/5246 5288/4633/5247
f 5162/4187/5219 5178/4123/5218 5356/4123/5248 5309/4187/5249
f 5676/4798/5250 5519/4799/5251 4837/4606/5251 5426/4605/5250
f 5672/4800/5252 5547/4801/5253 4620/4160/5253 5398/4159/5252
f 5156/4567/5221 5172/4503/5220 5338/4503/5254 5291/4802/5255
f 5163/4121/5223 5179/4057/5222 5359/4057/5256 5312/4121/5257
f 5668/4803/5258 5523/4804/5259 4806/4540/5259 5422/4539/5258
f 5664/4805/5260 5551/4806/5261 4589/4094/5261 5394/4093/5260
f 5157/4501/5225 5173/4437/5224 5341/4437/5262 5294/4785/5263
f 5164/4055/5227 5180/3991/5226 5362/3991/5264 5315/4807/5265
f 5660/4808/5266 5527/4809/5267 4775/4474/5267 5418/4473/5266
f 5656/4810/5268 5555/4811/5269 4558/4028/5269 5390/4027/5268
f 5158/4435/5228 5174/4371/5202 5344/4371/5270 5297/4766/5271
f 5165/3989/5229 5181/3925/5205 5365/3925/5272 5318/3989/5273
f 5652/4812/5274 5531/4813/5275 4744/4408/5275 5414/4407/5274
f 5648/4814/5276 5567/4815/5277 4458/3817/5277 5378/3816/5276
f 5644/4816/5278 5559/4817/5279 4527/3962/5279 5386/3961/5278
f 5159/4369/5199 5175/4320/5198 5347/4320/5280 5300/4369/5281
f 5640/4818/5282 5505/4819/5283 4954/4753/5283 5438/3818/5282
f 5168/3761/5215 5184/3760/5208 5375/3760/5284 5327/3761/5285
f 5166/3923/5201 5182/3859/5200 5368/4770/5286 5321/3923/5287
f 5636/4820/5288 5535/4821/5289 4713/4347/5289 5410/4346/5288
f 5153/4746/5204 5169/3764/5203 5329/3764/5290 5282/4746/5291
f 5632/4822/5292 5563/4823/5293 4496/3896/5293 5382/3895/5292
f 5183/3764/5209 5168/3761/5215 5327/3761/5285 5371/3764/5234
f 5628/4824/5294 5514/4825/5295 4170/4669/5295 5436/3894/5294
f 5184/3760/5208 5153/4746/5204 5282/4746/5291 5375/3760/5284
f 5624/4826/5296 5518/4827/5297 4154/4603/5298 5432/4674/5296
f 5169/3764/5203 5154/4699/5212 5285/4772/5239 5329/3764/5290
f 5620/4828/5299 5522/4829/5300 4138/4537/5300 5428/4608/5299
f 5170/4635/5211 5155/4633/5217 5288/4633/5247 5332/4635/5238
f 5616/4830/5301 5526/4831/5302 4122/4471/5303 5424/4542/5301
f 5171/4569/5216 5156/4567/5221 5291/4567/5255 5335/4569/5246
f 5612/4832/5304 5530/4833/5305 4106/4405/5305 5420/4476/5304
f 5172/4503/5220 5157/4501/5225 5294/4501/5263 5338/4503/5254
f 5608/4834/5306 5534/4835/5307 4090/4223/5307 5416/4410/5306
f 5173/4437/5224 5158/4435/5228 5297/4766/5271 5341/4786/5262
f 5604/4836/5308 5538/4837/5309 4074/4289/5309 5412/4348/5308
f 5174/4371/5202 5159/4369/5199 5300/4369/5281 5344/4371/5270
f 5600/4838/5310 5542/4839/5311 4058/4223/5311 5408/4294/5310
f 5175/4320/5198 5160/4253/5207 5303/4253/5231 5347/4320/5280
f 5596/4840/5312 5546/4841/5313 4042/4157/5313 5404/4228/5312
f 5176/4255/5206 5161/4253/5214 5306/4253/5241 5350/4255/5230
f 5592/4842/5314 5550/4843/5315 4026/4091/5315 5400/4162/5314
f 5177/4189/5213 5162/4187/5219 5309/4187/5249 5353/4189/5240
f 5588/4844/5316 5554/4845/5317 4010/4025/5317 5396/4096/5316
f 5178/4123/5218 5163/4121/5223 5312/4121/5257 5356/4123/5248
f 5584/4846/5318 5558/4847/5319 3994/3959/5319 5392/4030/5318
f 5179/4057/5222 5164/4055/5227 5315/4055/5265 5359/4057/5256
f 5580/4848/5320 5562/4849/5321 3978/3893/5321 5388/3964/5320
f 5180/3991/5226 5165/3989/5229 5318/4850/5273 5362/3991/5264
f 5576/4851/5322 5566/4852/5323 3962/3814/5323 5384/3898/5322
f 5181/3925/5205 5166/3923/5201 5321/4768/5287 5365/3925/5272
f 5572/4853/5324 5509/4854/5325 3946/3820/5325 5380/3819/5324
f 5182/3859/5200 5167/3857/5210 5324/3857/5235 5368/4770/5286
f 5186/4746/5162 5233/3764/5161 5235/3764/5326 5187/4746/5327
f 5187/4746/5327 5235/3764/5326 5234/4779/5169 5185/4746/5152
f 5279/3760/5186 5186/4746/5162 5187/4746/5327 5280/3760/5328
f 5280/3760/5328 5187/4746/5327 5185/4769/5152 5278/3760/5151
f 5189/4699/5176 5236/4635/5175 5238/4635/5329 5190/4699/5330
f 5190/4699/5330 5238/4635/5329 5237/4780/5182 5188/4699/5170
f 5233/3764/5161 5189/4772/5176 5190/4699/5330 5235/3764/5326
f 5235/3764/5326 5190/4699/5330 5188/4772/5170 5234/3764/5169
f 5192/4775/5192 5239/4569/5191 5241/4569/5331 5193/4633/5332
f 5193/4633/5332 5241/4569/5331 5240/4569/5105 5191/4633/5183
f 5236/4635/5175 5192/4633/5192 5193/4633/5332 5238/4635/5329
f 5238/4635/5329 5193/4633/5332 5191/4633/5183 5237/4635/5182
f 5195/4567/5114 5242/4503/5113 5244/4503/5333 5196/4567/5334
f 5196/4567/5334 5244/4503/5333 5243/4503/5117 5194/4567/5106
f 5239/4569/5191 5195/4567/5114 5196/4567/5334 5241/4569/5331
f 5241/4569/5331 5196/4567/5334 5194/4567/5106 5240/4569/5105
f 5198/4501/5126 5245/4437/5125 5247/4437/5335 5199/4501/5336
f 5199/4501/5336 5247/4437/5335 5246/4786/5129 5197/4785/5118
f 5242/4503/5113 5198/4788/5126 5199/4501/5336 5244/4503/5333
f 5244/4503/5333 5199/4501/5336 5197/4763/5118 5243/4503/5117
f 5201/4766/5138 5248/4371/5137 5250/4371/5337 5202/4435/5338
f 5202/4435/5338 5250/4371/5337 5249/4371/5141 5200/4764/5130
f 5245/4437/5125 5201/4766/5138 5202/4435/5338 5247/4437/5335
f 5247/4437/5335 5202/4435/5338 5200/4764/5130 5246/4437/5129
f 5204/4369/5150 5251/4320/5149 5253/4320/5339 5205/4369/5340
f 5205/4369/5340 5253/4320/5339 5252/4777/5157 5203/4369/5142
f 5248/4371/5137 5204/4369/5150 5205/4369/5340 5250/4371/5337
f 5250/4371/5337 5205/4369/5340 5203/4369/5142 5249/4371/5141
f 5207/4253/5168 5254/4255/5167 5256/4255/5341 5208/4253/5342
f 5208/4253/5342 5256/4255/5341 5255/4255/5173 5206/4253/5158
f 5251/4320/5149 5207/4253/5168 5208/4253/5342 5253/4320/5339
f 5253/4320/5339 5208/4253/5342 5206/4253/5158 5252/4320/5157
f 5210/4253/5181 5257/4189/5180 5259/4189/5343 5211/4253/5344
f 5211/4253/5344 5259/4189/5343 5258/4189/5188 5209/4253/5174
f 5254/4255/5167 5210/4253/5181 5211/4253/5344 5256/4255/5341
f 5256/4255/5341 5211/4253/5344 5209/4253/5174 5255/4255/5173
f 5213/4187/5194 5260/4123/5193 5262/4123/5345 5214/4187/5346
f 5214/4187/5346 5262/4123/5345 5261/4123/5109 5212/4187/5189
f 5257/4189/5180 5213/4187/5194 5214/4187/5346 5259/4189/5343
f 5259/4189/5343 5214/4187/5346 5212/4187/5189 5258/4189/5188
f 5216/4762/5116 5263/4057/5115 5265/4057/5347 5217/4121/5348
f 5217/4121/5348 5265/4057/5347 5264/4784/5121 5215/4121/5110
f 5260/4123/5193 5216/4121/5116 5217/4121/5348 5262/4123/5345
f 5262/4123/5345 5217/4121/5348 5215/4761/5110 5261/4123/5109
f 5219/4055/5128 5266/3991/5127 5268/3991/5349 5220/4055/5350
f 5220/4055/5350 5268/3991/5349 5267/4787/5133 5218/4055/5122
f 5263/4057/5115 5219/4055/5128 5220/4055/5350 5265/4057/5347
f 5265/4057/5347 5220/4055/5350 5218/4055/5122 5264/4057/5121
f 5222/4767/5140 5269/3925/5139 5271/3925/5351 5223/3989/5352
f 5223/3989/5352 5271/3925/5351 5270/4776/5145 5221/3989/5134
f 5266/3991/5127 5222/4765/5140 5223/3989/5352 5268/3991/5349
f 5268/3991/5349 5223/3989/5352 5221/4765/5134 5267/3991/5133
f 5225/3923/5156 5272/4770/5155 5274/3859/5353 5226/3923/5354
f 5226/3923/5354 5274/3859/5353 5273/4778/5163 5224/3923/5146
f 5269/3925/5139 5225/4768/5156 5226/3923/5354 5271/3925/5351
f 5271/3925/5351 5226/3923/5354 5224/4768/5146 5270/3925/5145
f 5228/3857/5172 5275/3764/5171 5277/3764/5355 5229/3857/5356
f 5229/3857/5356 5277/3764/5355 5276/4779/5177 5227/3857/5164
f 5272/4770/5155 5228/3857/5172 5229/3857/5356 5274/3859/5353
f 5274/3859/5353 5229/3857/5356 5227/4771/5164 5273/3859/5163
f 5231/4774/5187 5279/3760/5186 5280/3760/5328 5232/3761/5357
f 5232/3761/5357 5280/3760/5328 5278/4781/5151 5230/3761/5178
f 5275/3764/5171 5231/3761/5187 5232/3761/5357 5277/3764/5355
f 5277/3764/5355 5232/3761/5357 5230/4773/5178 5276/3764/5177
f 5282/4746/5291 5329/3764/5290 5331/3764/5358 5283/4746/5359
f 5283/4746/5359 5331/3764/5358 5330/4855/5360 5441/4856/5361 5442/4857/5361 5281/4858/5362
f 5375/3760/5284 5282/4746/5291 5283/4746/5359 5376/3760/5363
f 5376/3760/5363 5283/4746/5359 5281/4859/5362 5443/4860/5364 5444/4861/5364 5374/4862/5365
f 5285/4699/5239 5332/4635/5238 5334/4635/5366 5286/4699/5367
f 5286/4699/5367 5334/4635/5366 5333/4863/5368 5445/4864/5369 5446/4865/5369 5284/4866/5370
f 5329/3764/5290 5285/4772/5239 5286/4699/5367 5331/3764/5358
f 5331/3764/5358 5286/4699/5367 5284/4867/5370 5447/4868/5371 5448/4869/5371 5330/4870/5360
f 5288/4633/5247 5335/4569/5246 5337/4569/5372 5289/4633/5373
f 5289/4633/5373 5337/4569/5372 5336/4871/5374 5449/4872/5375 5450/4873/5375 5287/4874/5376
f 5332/4635/5238 5288/4633/5247 5289/4633/5373 5334/4635/5366
f 5334/4635/5366 5289/4633/5373 5287/4875/5376 5451/4876/5377 5452/4877/5377 5333/4878/5368
f 5291/4802/5255 5338/4503/5254 5340/4503/5378 5292/4567/5379
f 5292/4567/5379 5340/4503/5378 5339/4879/5380 5453/4880/5381 5454/4881/5381 5290/4882/5382
f 5335/4569/5246 5291/4567/5255 5292/4567/5379 5337/4569/5372
f 5337/4569/5372 5292/4567/5379 5290/4882/5382 5455/4883/5383 5456/4884/5383 5336/4885/5374
f 5294/4785/5263 5341/4437/5262 5343/4437/5384 5295/4501/5385
f 5295/4501/5385 5343/4437/5384 5342/4886/5386 5457/4887/5387 5458/4888/5387 5293/4889/5388
f 5338/4503/5254 5294/4501/5263 5295/4501/5385 5340/4503/5378
f 5340/4503/5378 5295/4501/5385 5293/4890/5388 5459/4891/5389 5460/4892/5389 5339/4879/5380
f 5297/4766/5271 5344/4371/5270 5346/4371/5390 5298/4435/5391
f 5298/4435/5391 5346/4371/5390 5345/4893/5392 5461/4894/5393 5462/4895/5393 5296/4896/5394
f 5341/4786/5262 5297/4766/5271 5298/4435/5391 5343/4437/5384
f 5343/4437/5384 5298/4435/5391 5296/4897/5394 5463/4898/5395 5464/4899/5395 5342/4900/5386
f 5300/4369/5281 5347/4320/5280 5349/4320/5396 5301/4369/5397
f 5301/4369/5397 5349/4320/5396 5348/4901/5398 5465/4902/5399 5466/4903/5399 5299/4904/5400
f 5344/4371/5270 5300/4369/5281 5301/4369/5397 5346/4371/5390
f 5346/4371/5390 5301/4369/5397 5299/4904/5400 5467/4905/5401 5468/4906/5401 5345/4893/5392
f 5303/4789/5231 5350/4255/5230 5352/4255/5402 5304/4253/5403
f 5304/4253/5403 5352/4255/5402 5351/4907/5404 5469/4908/5405 5470/4909/5405 5302/4910/5406
f 5347/4320/5280 5303/4253/5231 5304/4253/5403 5349/4320/5396
f 5349/4320/5396 5304/4253/5403 5302/4911/5406 5471/4912/5407 5472/4913/5407 5348/4914/5398
f 5306/4789/5241 5353/4189/5240 5355/4189/5408 5307/4253/5409
f 5307/4253/5409 5355/4189/5408 5354/4915/5410 5473/4913/5411 5474/4916/5411 5305/4917/5412
f 5350/4255/5230 5306/4253/5241 5307/4253/5409 5352/4255/5402
f 5352/4255/5402 5307/4253/5409 5305/4910/5412 5475/4909/5413 5476/4908/5413 5351/4918/5404
f 5309/4187/5249 5356/4123/5248 5358/4123/5414 5310/4187/5415
f 5310/4187/5415 5358/4123/5414 5357/4919/5416 5477/4920/5417 5478/4921/5417 5308/4922/5418
f 5353/4189/5240 5309/4187/5249 5310/4187/5415 5355/4189/5408
f 5355/4189/5408 5310/4187/5415 5308/4922/5418 5479/4923/5419 5480/4924/5419 5354/4925/5410
f 5312/4121/5257 5359/4057/5256 5361/4057/5420 5313/4121/5421
f 5313/4121/5421 5361/4057/5420 5360/4926/5422 5481/4927/5423 5482/4928/5423 5311/4929/5424
f 5356/4123/5248 5312/4121/5257 5313/4121/5421 5358/4123/5414
f 5358/4123/5414 5313/4121/5421 5311/4930/5424 5483/4931/5425 5484/4932/5425 5357/4919/5416
f 5315/4807/5265 5362/3991/5264 5364/3991/5426 5316/4055/5427
f 5316/4055/5427 5364/3991/5426 5363/4933/5428 5485/4934/5429 5486/4935/5429 5314/4936/5430
f 5359/4057/5256 5315/4055/5265 5316/4055/5427 5361/4057/5420
f 5361/4057/5420 5316/4055/5427 5314/4937/5430 5487/4938/5431 5488/4939/5431 5360/4940/5422
f 5318/3989/5273 5365/3925/5272 5367/3925/5432 5319/3989/5433
f 5319/3989/5433 5367/3925/5432 5366/4941/5434 5489/4942/5435 5490/4943/5435 5317/4944/5436
f 5362/3991/5264 5318/4850/5273 5319/3989/5433 5364/3991/5426
f 5364/3991/5426 5319/3989/5433 5317/4944/5436 5491/4945/5437 5492/4946/5437 5363/4933/5428
f 5321/3923/5287 5368/4770/5286 5370/3859/5438 5322/3923/5439
f 5322/3923/5439 5370/3859/5438 5369/4947/5440 5493/4948/5441 5494/4949/5441 5320/4950/5442
f 5365/3925/5272 5321/4768/5287 5322/3923/5439 5367/3925/5432
f 5367/3925/5432 5322/3923/5439 5320/4951/5442 5495/4952/5443 5496/4953/5443 5366/4941/5434
f 5324/3857/5235 5371/3764/5234 5373/3764/5444 5325/3857/5445
f 5325/3857/5445 5373/3764/5444 5372/4870/5446 5497/4954/5447 5498/4955/5447 5323/4956/5448
f 5368/4770/5286 5324/3857/5235 5325/3857/5445 5370/3859/5438
f 5370/3859/5438 5325/3857/5445 5323/4957/5448 5499/4958/5449 5500/4959/5449 5369/4960/5440
f 5327/3761/5285 5375/3760/5284 5376/3760/5363 5328/3761/5450
f 5328/3761/5450 5376/3760/5363 5374/4961/5365 5501/4962/5451 5502/4963/5452 5326/4964/5453
f 5371/3764/5234 5327/3761/5285 5328/3761/5450 5373/3764/5444
f 5373/3764/5444 5328/3761/5450 5326/4965/5453 5503/4966/5454 5504/4967/5454 5372/4870/5446
f 5185/4746/5152 5234/4779/5169 5137/3764/5074 5121/4746/5153
f 5567/4968/5277 5570/4969/5324 5379/3818/5324 4458/3817/5277
f 5570/4969/5324 5572/4853/5324 5380/3819/5324 5379/3818/5324
f 5326/4964/5453 5502/4963/5452 5569/4970/5324 5568/4971/5277
f 5568/4971/5277 5569/4970/5324 5570/4969/5324 5567/4968/5277
f 5502/4963/5452 5501/4962/5451 5571/4972/5324 5569/4970/5324
f 5569/4970/5324 5571/4972/5324 5572/4853/5324 5570/4969/5324
f 5501/4962/5451 5374/4961/5365 5510/4973/5325 5571/4972/5324
f 5571/4972/5324 5510/4973/5325 5509/4854/5325 5572/4853/5324
f 5563/4974/5293 5574/4975/5322 5383/3897/5322 4496/3896/5293
f 5574/4975/5322 5576/4851/5322 5384/3898/5322 5383/3897/5322
f 5323/4956/5448 5498/4955/5447 5573/4976/5322 5564/4977/5293
f 5564/4977/5293 5573/4976/5322 5574/4975/5322 5563/4974/5293
f 5498/4955/5447 5497/4954/5447 5575/4978/5322 5573/4976/5322
f 5573/4976/5322 5575/4978/5322 5576/4851/5322 5574/4975/5322
f 5497/4954/5447 5372/4870/5446 5565/4979/5323 5575/4978/5322
f 5575/4978/5322 5565/4979/5323 5566/4852/5323 5576/4851/5322
f 5559/4980/5279 5578/4981/5320 5387/3963/5320 4527/3962/5279
f 5578/4981/5320 5580/4848/5320 5388/3964/5320 5387/3963/5320
f 5320/4950/5442 5494/4949/5441 5577/4982/5320 5560/4983/5279
f 5560/4983/5279 5577/4982/5320 5578/4981/5320 5559/4980/5279
f 5494/4949/5441 5493/4948/5441 5579/4984/5320 5577/4982/5320
f 5577/4982/5320 5579/4984/5320 5580/4848/5320 5578/4981/5320
f 5493/4948/5441 5369/4947/5440 5561/4985/5321 5579/4984/5320
f 5579/4984/5320 5561/4985/5321 5562/4849/5321 5580/4848/5320
f 5555/4811/5269 5582/4986/5318 5391/4029/5318 4558/4028/5269
f 5582/4986/5318 5584/4846/5318 5392/4030/5318 5391/4029/5318
f 5317/4944/5436 5490/4943/5435 5581/4987/5318 5556/4988/5269
f 5556/4988/5269 5581/4987/5318 5582/4986/5318 5555/4811/5269
f 5490/4943/5435 5489/4942/5435 5583/4989/5318 5581/4987/5318
f 5581/4987/5318 5583/4989/5318 5584/4846/5318 5582/4986/5318
f 5489/4942/5435 5366/4941/5434 5557/4990/5455 5583/4989/5318
f 5583/4989/5318 5557/4990/5455 5558/4847/5319 5584/4846/5318
f 5551/4991/5261 5586/4992/5316 5395/4095/5316 4589/4094/5261
f 5586/4992/5316 5588/4844/5316 5396/4096/5316 5395/4095/5316
f 5314/4936/5430 5486/4935/5429 5585/4993/5316 5552/4994/5261
f 5552/4994/5261 5585/4993/5316 5586/4992/5316 5551/4991/5261
f 5486/4935/5429 5485/4934/5429 5587/4995/5316 5585/4993/5316
f 5585/4993/5316 5587/4995/5316 5588/4844/5316 5586/4992/5316
f 5485/4934/5429 5363/4933/5428 5553/4996/5317 5587/4995/5316
f 5587/4995/5316 5553/4996/5317 5554/4845/5317 5588/4844/5316
f 5547/4997/5253 5590/4998/5314 5399/4161/5314 4620/4160/5253
f 5590/4998/5314 5592/4842/5314 5400/4162/5314 5399/4161/5314
f 5311/4929/5424 5482/4928/5423 5589/4999/5314 5548/5000/5253
f 5548/5000/5253 5589/4999/5314 5590/4998/5314 5547/4997/5253
f 5482/4928/5423 5481/4927/5423 5591/5001/5314 5589/4999/5314
f 5589/4999/5314 5591/5001/5314 5592/4842/5314 5590/4998/5314
f 5481/4927/5423 5360/4926/5422 5549/5002/5456 5591/5001/5314
f 5591/5001/5314 5549/5002/5456 5550/4843/5315 5592/4842/5314
f 5543/4797/5245 5594/5003/5312 5403/4227/5312 4651/4226/5245
f 5594/5003/5312 5596/4840/5312 5404/4228/5312 5403/4227/5312
f 5308/4922/5418 5478/4921/5417 5593/5004/5312 5544/5005/5245
f 5544/5005/5245 5593/5004/5312 5594/5003/5312 5543/4797/5245
f 5478/4921/5417 5477/4920/5417 5595/5006/5312 5593/5004/5312
f 5593/5004/5312 5595/5006/5312 5596/4840/5312 5594/5003/5312
f 5477/4920/5417 5357/4919/5416 5545/5007/5313 5595/5006/5312
f 5595/5006/5312 5545/5007/5313 5546/4841/5313 5596/4840/5312
f 5539/4793/5237 5598/4820/5310 5407/4293/5310 4682/4292/5237
f 5598/4820/5310 5600/4838/5310 5408/4294/5310 5407/4293/5310
f 5305/4917/5412 5474/4916/5411 5597/5008/5310 5540/5009/5237
f 5540/5009/5237 5597/5008/5310 5598/4820/5310 5539/4793/5237
f 5474/4916/5411 5473/4913/5411 5599/5010/5310 5597/5008/5310
f 5597/5008/5310 5599/5010/5310 5600/4838/5310 5598/4820/5310
f 5473/4913/5411 5354/4915/5410 5541/5011/5457 5599/5010/5310
f 5599/5010/5310 5541/5011/5457 5542/4839/5311 5600/4838/5310
f 5535/4821/5289 5602/4792/5308 5411/4291/5308 4713/4347/5289
f 5602/4792/5308 5604/4836/5308 5412/4348/5308 5411/4291/5308
f 5302/4910/5406 5470/4909/5405 5601/5012/5308 5536/5009/5289
f 5536/5009/5289 5601/5012/5308 5602/4792/5308 5535/4821/5289
f 5470/4909/5405 5469/4908/5405 5603/5013/5308 5601/5012/5308
f 5601/5012/5308 5603/5013/5308 5604/4836/5308 5602/4792/5308
f 5469/4908/5405 5351/4907/5404 5537/5014/5309 5603/5013/5308
f 5603/5013/5308 5537/5014/5309 5538/4837/5309 5604/4836/5308
f 5531/4813/5275 5606/5015/5306 5415/4409/5306 4744/4408/5275
f 5606/5015/5306 5608/4834/5306 5416/4410/5306 5415/4409/5306
f 5299/4904/5400 5466/4903/5399 5605/5016/5306 5532/5017/5275
f 5532/5017/5275 5605/5016/5306 5606/5015/5306 5531/4813/5275
f 5466/4903/5399 5465/4902/5399 5607/5018/5306 5605/5016/5306
f 5605/5016/5306 5607/5018/5306 5608/4834/5306 5606/5015/5306
f 5465/4902/5399 5348/4901/5398 5533/5019/5458 5607/5018/5306
f 5607/5018/5306 5533/5019/5458 5534/4835/5307 5608/4834/5306
f 5527/5020/5267 5610/5021/5304 5419/4475/5304 4775/4474/5267
f 5610/5021/5304 5612/4832/5304 5420/4476/5304 5419/4475/5304
f 5296/4896/5394 5462/4895/5393 5609/5022/5304 5528/5023/5267
f 5528/5023/5267 5609/5022/5304 5610/5021/5304 5527/5020/5267
f 5462/4895/5393 5461/4894/5393 5611/5024/5304 5609/5022/5304
f 5609/5022/5304 5611/5024/5304 5612/4832/5304 5610/5021/5304
f 5461/4894/5393 5345/4893/5392 5529/5025/5305 5611/5024/5304
f 5611/5024/5304 5529/5025/5305 5530/4833/5305 5612/4832/5304
f 5523/4804/5259 5614/5026/5301 5423/4541/5301 4806/4540/5259
f 5614/5026/5301 5616/4830/5301 5424/4542/5301 5423/4541/5301
f 5293/4889/5388 5458/4888/5387 5613/5027/5301 5524/5028/5259
f 5524/5028/5259 5613/5027/5301 5614/5026/5301 5523/4804/5259
f 5458/4888/5387 5457/4887/5387 5615/5029/5301 5613/5027/5301
f 5613/5027/5301 5615/5029/5301 5616/4830/5301 5614/5026/5301
f 5457/4887/5387 5342/4886/5386 5525/5030/5302 5615/5029/5301
f 5615/5029/5301 5525/5030/5302 5526/4831/5302 5616/4830/5301
f 5519/4799/5251 5618/5031/5299 5427/4607/5299 4837/4606/5251
f 5618/5031/5299 5620/4828/5299 5428/4608/5299 5427/4607/5299
f 5290/4882/5382 5454/4881/5381 5617/5032/5299 5520/5033/5251
f 5520/5033/5251 5617/5032/5299 5618/5031/5299 5519/4799/5251
f 5454/4881/5381 5453/4880/5381 5619/5034/5299 5617/5032/5299
f 5617/5032/5299 5619/5034/5299 5620/4828/5299 5618/5031/5299
f 5453/4880/5381 5339/4879/5380 5521/5035/5300 5619/5034/5299
f 5619/5034/5299 5521/5035/5300 5522/4829/5300 5620/4828/5299
f 5515/5036/5243 5622/5037/5296 5431/4673/5296 4868/4672/5243
f 5622/5037/5296 5624/4826/5296 5432/4674/5296 5431/4673/5296
f 5287/4874/5376 5450/4873/5375 5621/5038/5296 5516/5039/5243
f 5516/5039/5243 5621/5038/5296 5622/5037/5296 5515/5036/5243
f 5450/4873/5375 5449/4872/5375 5623/5040/5296 5621/5038/5296
f 5621/5038/5296 5623/5040/5296 5624/4826/5296 5622/5037/5296
f 5449/4872/5375 5336/4871/5374 5517/5041/5297 5623/5040/5296
f 5623/5040/5296 5517/5041/5297 5518/4827/5297 5624/4826/5296
f 5511/4823/5233 5626/4822/5294 5435/3895/5294 4919/4724/5233
f 5626/4822/5294 5628/4824/5294 5436/3894/5294 5435/3895/5294
f 5284/4866/5370 5446/4865/5369 5625/5042/5294 5512/5043/5233
f 5512/5043/5233 5625/5042/5294 5626/4822/5294 5511/4823/5233
f 5446/4865/5369 5445/4864/5369 5627/5044/5294 5625/5042/5294
f 5625/5042/5294 5627/5044/5294 5628/4824/5294 5626/4822/5294
f 5445/4864/5369 5333/4863/5368 5513/5045/5295 5627/5044/5294
f 5627/5044/5294 5513/5045/5295 5514/4825/5295 5628/4824/5294
f 5562/5046/5321 5630/5047/5292 5381/3894/5292 3978/3893/5321
f 5630/5047/5292 5632/4822/5292 5382/3895/5292 5381/3894/5292
f 5369/4960/5440 5500/4959/5449 5629/5048/5292 5561/5049/5321
f 5561/5049/5321 5629/5048/5292 5630/5047/5292 5562/5046/5321
f 5500/4959/5449 5499/4958/5449 5631/5042/5292 5629/5048/5292
f 5629/5048/5292 5631/5042/5292 5632/4822/5292 5630/5047/5292
f 5499/4958/5449 5323/4957/5448 5564/5050/5293 5631/5042/5292
f 5631/5042/5292 5564/5050/5293 5563/4823/5293 5632/4822/5292
f 5534/4839/5307 5634/5051/5288 5409/4345/5288 4090/4223/5307
f 5634/5051/5288 5636/4820/5288 5410/4346/5288 5409/4345/5288
f 5348/4914/5398 5472/4913/5407 5633/5052/5288 5533/5053/5458
f 5533/5053/5458 5633/5052/5288 5634/5051/5288 5534/4839/5307
f 5472/4913/5407 5471/4912/5407 5635/5054/5288 5633/5052/5288
f 5633/5052/5288 5635/5054/5288 5636/4820/5288 5634/5051/5288
f 5471/4912/5407 5302/4911/5406 5536/5055/5289 5635/5054/5288
f 5635/5054/5288 5536/5055/5289 5535/4821/5289 5636/4820/5288
f 5509/5056/5325 5638/5057/5282 5437/4752/5282 3946/3820/5325
f 5638/5057/5282 5640/4818/5282 5438/3818/5282 5437/4752/5282
f 5374/4862/5365 5444/4861/5364 5637/5058/5282 5510/5059/5325
f 5510/5059/5325 5637/5058/5282 5638/5057/5282 5509/5056/5325
f 5444/4861/5364 5443/4860/5364 5639/5060/5282 5637/5058/5282
f 5637/5058/5282 5639/5060/5282 5640/4818/5282 5638/5057/5282
f 5443/4860/5364 5281/4859/5362 5506/5061/5283 5639/5060/5282
f 5639/5060/5282 5506/5061/5283 5505/4819/5283 5640/4818/5282
f 5558/4847/5319 5642/5062/5278 5385/3960/5278 3994/3959/5319
f 5642/5062/5278 5644/4816/5278 5386/3961/5278 5385/3960/5278
f 5366/4941/5434 5496/4953/5443 5641/5063/5278 5557/4990/5455
f 5557/4990/5455 5641/5063/5278 5642/5062/5278 5558/4847/5319
f 5496/4953/5443 5495/4952/5443 5643/5064/5278 5641/5063/5278
f 5641/5063/5278 5643/5064/5278 5644/4816/5278 5642/5062/5278
f 5495/4952/5443 5320/4951/5442 5560/5065/5279 5643/5064/5278
f 5643/5064/5278 5560/5065/5279 5559/4817/5279 5644/4816/5278
f 5566/4852/5323 5646/5066/5276 5377/3815/5276 3962/3814/5323
f 5646/5066/5276 5648/4814/5276 5378/3816/5276 5377/3815/5276
f 5372/4870/5446 5504/4967/5454 5645/5067/5276 5565/4979/5323
f 5565/4979/5323 5645/5067/5276 5646/5066/5276 5566/4852/5323
f 5504/4967/5454 5503/4966/5454 5647/5068/5276 5645/5067/5276
f 5645/5067/5276 5647/5068/5276 5648/4814/5276 5646/5066/5276
f 5503/4966/5454 5326/4965/5453 5568/5069/5277 5647/5068/5276
f 5647/5068/5276 5568/5069/5277 5567/4815/5277 5648/4814/5276
f 5530/4833/5305 5650/5070/5274 5413/4406/5274 4106/4405/5305
f 5650/5070/5274 5652/4812/5274 5414/4407/5274 5413/4406/5274
f 5345/4893/5392 5468/4906/5401 5649/5071/5274 5529/5025/5305
f 5529/5025/5305 5649/5071/5274 5650/5070/5274 5530/4833/5305
f 5468/4906/5401 5467/4905/5401 5651/5072/5274 5649/5071/5274
f 5649/5071/5274 5651/5072/5274 5652/4812/5274 5650/5070/5274
f 5467/4905/5401 5299/4904/5400 5532/5017/5275 5651/5072/5274
f 5651/5072/5274 5532/5017/5275 5531/4813/5275 5652/4812/5274
f 5554/4845/5317 5654/5073/5268 5389/4026/5268 4010/4025/5317
f 5654/5073/5268 5656/4810/5268 5390/4027/5268 5389/4026/5268
f 5363/4933/5428 5492/4946/5437 5653/5074/5268 5553/4996/5317
f 5553/4996/5317 5653/5074/5268 5654/5073/5268 5554/4845/5317
f 5492/4946/5437 5491/4945/5437 5655/5075/5268 5653/5074/5268
f 5653/5074/5268 5655/5075/5268 5656/4810/5268 5654/5073/5268
f 5491/4945/5437 5317/4944/5436 5556/4988/5269 5655/5075/5268
f 5655/5075/5268 5556/4988/5269 5555/4811/5269 5656/4810/5268
f 5526/4831/5302 5658/5076/5266 5417/4472/5266 4122/4471/5303
f 5658/5076/5266 5660/4808/5266 5418/4473/5266 5417/4472/5266
f 5342/4900/5386 5464/4899/5395 5657/5077/5266 5525/5078/5302
f 5525/5078/5302 5657/5077/5266 5658/5076/5266 5526/4831/5302
f 5464/4899/5395 5463/4898/5395 5659/5079/5266 5657/5077/5266
f 5657/5077/5266 5659/5079/5266 5660/4808/5266 5658/5076/5266
f 5463/4898/5395 5296/4897/5394 5528/5080/5267 5659/5079/5266
f 5659/5079/5266 5528/5080/5267 5527/4809/5267 5660/4808/5266
f 5550/5081/5315 5662/5082/5260 5393/4092/5260 4026/4091/5315
f 5662/5082/5260 5664/4805/5260 5394/4093/5260 5393/4092/5260
f 5360/4940/5422 5488/4939/5431 5661/5083/5260 5549/5084/5456
f 5549/5084/5456 5661/5083/5260 5662/5082/5260 5550/5081/5315
f 5488/4939/5431 5487/4938/5431 5663/5085/5260 5661/5083/5260
f 5661/5083/5260 5663/5085/5260 5664/4805/5260 5662/5082/5260
f 5487/4938/5431 5314/4937/5430 5552/5086/5261 5663/5085/5260
f 5663/5085/5260 5552/5086/5261 5551/4806/5261 5664/4805/5260
f 5522/4829/5300 5666/5087/5258 5421/4538/5258 4138/4537/5300
f 5666/5087/5258 5668/4803/5258 5422/4539/5258 5421/4538/5258
f 5339/4879/5380 5460/4892/5389 5665/5088/5258 5521/5035/5300
f 5521/5035/5300 5665/5088/5258 5666/5087/5258 5522/4829/5300
f 5460/4892/5389 5459/4891/5389 5667/5089/5258 5665/5088/5258
f 5665/5088/5258 5667/5089/5258 5668/4803/5258 5666/5087/5258
f 5459/4891/5389 5293/4890/5388 5524/5028/5259 5667/5089/5258
f 5667/5089/5258 5524/5028/5259 5523/4804/5259 5668/4803/5258
f 5546/4841/5313 5670/5090/5252 5397/4158/5252 4042/4157/5313
f 5670/5090/5252 5672/4800/5252 5398/4159/5252 5397/4158/5252
f 5357/4919/5416 5484/4932/5425 5669/5091/5252 5545/5007/5313
f 5545/5007/5313 5669/5091/5252 5670/5090/5252 5546/4841/5313
f 5484/4932/5425 5483/4931/5425 5671/5092/5252 5669/5091/5252
f 5669/5091/5252 5671/5092/5252 5672/4800/5252 5670/5090/5252
f 5483/4931/5425 5311/4930/5424 5548/5093/5253 5671/5092/5252
f 5671/5092/5252 5548/5093/5253 5547/4801/5253 5672/4800/5252
f 5518/4827/5297 5674/5094/5250 5425/4604/5250 4154/4603/5298
f 5674/5094/5250 5676/4798/5250 5426/4605/5250 5425/4604/5250
f 5336/4885/5374 5456/4884/5383 5673/5095/5250 5517/5041/5297
f 5517/5041/5297 5673/5095/5250 5674/5094/5250 5518/4827/5297
f 5456/4884/5383 5455/4883/5383 5675/5096/5250 5673/5095/5250
f 5673/5095/5250 5675/5096/5250 5676/4798/5250 5674/5094/5250
f 5455/4883/5383 5290/4882/5382 5520/5033/5251 5675/5096/5250
f 5675/5096/5250 5520/5033/5251 5519/4799/5251 5676/4798/5250
f 5542/4835/5311 5678/5097/5244 5401/4224/5244 4058/4223/5311
f 5678/5097/5244 5680/4796/5244 5402/4225/5244 5401/4224/5244
f 5354/4925/5410 5480/4924/5419 5677/5098/5244 5541/5099/5457
f 5541/5099/5457 5677/5098/5244 5678/5097/5244 5542/4835/5311
f 5480/4924/5419 5479/4923/5419 5679/5100/5244 5677/5098/5244
f 5677/5098/5244 5679/5100/5244 5680/4796/5244 5678/5097/5244
f 5479/4923/5419 5308/4922/5418 5544/5005/5245 5679/5100/5244
f 5679/5100/5244 5544/5005/5245 5543/4797/5245 5680/4796/5244
f 5514/4825/5295 5682/5101/5242 5429/4670/5242 4170/4669/5295
f 5682/5101/5242 5684/4794/5242 5430/4671/5242 5429/4670/5242
f 5333/4878/5368 5452/4877/5377 5681/5102/5242 5513/5045/5295
f 5513/5045/5295 5681/5102/5242 5682/5101/5242 5514/4825/5295
f 5452/4877/5377 5451/4876/5377 5683/5103/5242 5681/5102/5242
f 5681/5102/5242 5683/5103/5242 5684/4794/5242 5682/5101/5242
f 5451/4876/5377 5287/4875/5376 5516/5104/5243 5683/5103/5242
f 5683/5103/5242 5516/5104/5243 5515/4795/5243 5684/4794/5242
f 5538/5105/5309 5686/4836/5236 5405/4290/5236 4074/4289/5309
f 5686/4836/5236 5688/4792/5236 5406/4291/5236 5405/4290/5236
f 5351/4918/5404 5476/4908/5413 5685/5013/5236 5537/5106/5309
f 5537/5106/5309 5685/5013/5236 5686/4836/5236 5538/5105/5309
f 5476/4908/5413 5475/4909/5413 5687/5012/5236 5685/5013/5236
f 5685/5013/5236 5687/5012/5236 5688/4792/5236 5686/4836/5236
f 5475/4909/5413 5305/4910/5412 5540/5107/5237 5687/5012/5236
f 5687/5012/5236 5540/5107/5237 5539/4793/5237 5688/4792/5236
f 5508/5108/5196 5690/4851/5232 5433/3898/5232 4186/4723/5197
f 5690/4851/5232 5692/4790/5232 5434/3897/5232 5433/3898/5232
f 5330/4870/5360 5448/4869/5371 5689/4978/5232 5507/4979/5196
f 5507/4979/5196 5689/4978/5232 5690/4851/5232 5508/5108/5196
f 5448/4869/5371 5447/4868/5371 5691/5109/5232 5689/4978/5232
f 5689/4978/5232 5691/5109/5232 5692/4790/5232 5690/4851/5232
f 5447/4868/5371 5284/4867/5370 5512/5050/5233 5691/5109/5232
f 5691/5109/5232 5512/5050/5233 5511/4791/5233 5692/4790/5232
f 5505/5110/5283 5694/5111/5195 5439/4754/5195 4954/4753/5283
f 5694/5111/5195 5696/4782/5195 5440/4755/5195 5439/4754/5195
f 5281/4858/5362 5442/4857/5361 5693/5112/5195 5506/5113/5283
f 5506/5113/5283 5693/5112/5195 5694/5111/5195 5505/5110/5283
f 5442/4857/5361 5441/4856/5361 5695/5114/5195 5693/5112/5195
f 5693/5112/5195 5695/5114/5195 5696/4782/5195 5694/5111/5195
f 5441/4856/5361 5330/4855/5360 5507/5115/5196 5695/5114/5195
f 5695/5114/5195 5507/5115/5196 5508/4783/5196 5696/4782/5195
