# Blender 4.3.2
# www.blender.org
mtllib 瓷器1.mtl
o bottom
v 0.210037 -0.027327 0.195445
v 0.209656 -0.028863 0.192894
v 0.209181 -0.030380 0.189713
v 0.208564 -0.031870 0.185587
v 0.207759 -0.033324 0.180201
v 0.206719 -0.034733 0.173239
v 0.205427 -0.036067 0.164596
v 0.204057 -0.037178 0.155430
v 0.202795 -0.037956 0.146986
v 0.201648 -0.038436 0.139312
v 0.200593 -0.038678 0.132254
v 0.199608 -0.038741 0.125658
v 0.198668 -0.038686 0.119371
v 0.237391 -0.027327 0.185624
v 0.236062 -0.028863 0.183413
v 0.234406 -0.030380 0.180656
v 0.232257 -0.031870 0.177080
v 0.229452 -0.033324 0.172412
v 0.225827 -0.034733 0.166379
v 0.221326 -0.036067 0.158888
v 0.216553 -0.037178 0.150944
v 0.212156 -0.037956 0.143625
v 0.208159 -0.038436 0.136974
v 0.204484 -0.038678 0.130858
v 0.201049 -0.038741 0.125141
v 0.197775 -0.038686 0.119691
v 0.258904 -0.027327 0.166083
v 0.256830 -0.028863 0.164549
v 0.254245 -0.030380 0.162636
v 0.250891 -0.031870 0.160154
v 0.246514 -0.033324 0.156915
v 0.240856 -0.034733 0.152728
v 0.233831 -0.036067 0.147530
v 0.226380 -0.037178 0.142017
v 0.219517 -0.037956 0.136938
v 0.213280 -0.038436 0.132323
v 0.207544 -0.038678 0.128078
v 0.202183 -0.038741 0.124111
v 0.197072 -0.038686 0.120330
v 0.271301 -0.027327 0.139797
v 0.268799 -0.028863 0.139173
v 0.265678 -0.030380 0.138394
v 0.261630 -0.031870 0.137385
v 0.256346 -0.033324 0.136068
v 0.249516 -0.034733 0.134365
v 0.241037 -0.036067 0.132251
v 0.232044 -0.037178 0.130009
v 0.223760 -0.037956 0.127943
v 0.216231 -0.038436 0.126066
v 0.209307 -0.038678 0.124340
v 0.202836 -0.038741 0.122726
v 0.196667 -0.038686 0.121188
v 0.272696 -0.027327 0.110767
v 0.270145 -0.028863 0.111148
v 0.266964 -0.030380 0.111624
v 0.262838 -0.031870 0.112240
v 0.257452 -0.033324 0.113045
v 0.250490 -0.034733 0.114085
v 0.241847 -0.036067 0.115377
v 0.232681 -0.037178 0.116747
v 0.224237 -0.037956 0.118009
v 0.216563 -0.038436 0.119156
v 0.209505 -0.038678 0.120211
v 0.202909 -0.038741 0.121197
v 0.196621 -0.038686 0.122136
v 0.262875 -0.027327 0.083413
v 0.260664 -0.028863 0.084742
v 0.257907 -0.030380 0.086398
v 0.254331 -0.031870 0.088547
v 0.249663 -0.033324 0.091352
v 0.243629 -0.034733 0.094977
v 0.236139 -0.036067 0.099478
v 0.228194 -0.037178 0.104251
v 0.220876 -0.037956 0.108649
v 0.214225 -0.038436 0.112645
v 0.208108 -0.038678 0.116320
v 0.202392 -0.038741 0.119755
v 0.196942 -0.038686 0.123030
v 0.243334 -0.027327 0.061900
v 0.241799 -0.028863 0.063974
v 0.239886 -0.030380 0.066559
v 0.237405 -0.031870 0.069913
v 0.234165 -0.033324 0.074290
v 0.229979 -0.034733 0.079949
v 0.224780 -0.036067 0.086973
v 0.219268 -0.037178 0.094424
v 0.214189 -0.037956 0.101287
v 0.209574 -0.038436 0.107524
v 0.205329 -0.038678 0.113261
v 0.201362 -0.038741 0.118622
v 0.197580 -0.038686 0.123732
v 0.217047 -0.027327 0.049503
v 0.216423 -0.028863 0.052006
v 0.215645 -0.030380 0.055126
v 0.214636 -0.031870 0.059174
v 0.213318 -0.033324 0.064458
v 0.211616 -0.034733 0.071288
v 0.209501 -0.036067 0.079767
v 0.207259 -0.037178 0.088760
v 0.205194 -0.037956 0.097044
v 0.203317 -0.038436 0.104573
v 0.201590 -0.038678 0.111497
v 0.199977 -0.038741 0.117968
v 0.198439 -0.038686 0.124137
v 0.188018 -0.027327 0.048109
v 0.188399 -0.028863 0.050659
v 0.188874 -0.030380 0.053840
v 0.189491 -0.031870 0.057966
v 0.190296 -0.033324 0.063353
v 0.191336 -0.034733 0.070314
v 0.192628 -0.036067 0.078957
v 0.193998 -0.037178 0.088123
v 0.195260 -0.037956 0.096567
v 0.196407 -0.038436 0.104241
v 0.197462 -0.038678 0.111299
v 0.198447 -0.038741 0.117895
v 0.199387 -0.038686 0.124183
v 0.160664 -0.027327 0.057929
v 0.161993 -0.028863 0.060140
v 0.163649 -0.030380 0.062897
v 0.165798 -0.031870 0.066473
v 0.168603 -0.033324 0.071141
v 0.172228 -0.034733 0.077175
v 0.176729 -0.036067 0.084665
v 0.181502 -0.037178 0.092610
v 0.185899 -0.037956 0.099928
v 0.189896 -0.038436 0.106579
v 0.193571 -0.038678 0.112696
v 0.197006 -0.038741 0.118412
v 0.200280 -0.038686 0.123862
v 0.139151 -0.027327 0.077471
v 0.141224 -0.028863 0.079005
v 0.143810 -0.030380 0.080918
v 0.147163 -0.031870 0.083399
v 0.151541 -0.033324 0.086639
v 0.157199 -0.034733 0.090826
v 0.164224 -0.036067 0.096024
v 0.171674 -0.037178 0.101537
v 0.178538 -0.037956 0.106615
v 0.184775 -0.038436 0.111230
v 0.190511 -0.038678 0.115475
v 0.195872 -0.038741 0.119442
v 0.200983 -0.038686 0.123224
v 0.126754 -0.027327 0.103757
v 0.129256 -0.028862 0.104381
v 0.132377 -0.030380 0.105159
v 0.136425 -0.031870 0.106168
v 0.141709 -0.033324 0.107486
v 0.148539 -0.034733 0.109189
v 0.157018 -0.036067 0.111303
v 0.166011 -0.037178 0.113545
v 0.174295 -0.037956 0.115610
v 0.181824 -0.038436 0.117487
v 0.188748 -0.038678 0.119214
v 0.195219 -0.038741 0.120827
v 0.201388 -0.038686 0.122365
v 0.125359 -0.027327 0.132787
v 0.127910 -0.028862 0.132405
v 0.131091 -0.030380 0.131930
v 0.135217 -0.031870 0.131313
v 0.140603 -0.033324 0.130508
v 0.147565 -0.034733 0.129468
v 0.156208 -0.036067 0.128176
v 0.165374 -0.037178 0.126806
v 0.173818 -0.037956 0.125544
v 0.181492 -0.038436 0.124397
v 0.188550 -0.038678 0.123343
v 0.195146 -0.038741 0.122357
v 0.201433 -0.038686 0.121417
v 0.135180 -0.027327 0.160140
v 0.137391 -0.028862 0.158812
v 0.140148 -0.030380 0.157155
v 0.143724 -0.031870 0.155006
v 0.148392 -0.033324 0.152202
v 0.154425 -0.034733 0.148576
v 0.161916 -0.036067 0.144075
v 0.169860 -0.037178 0.139302
v 0.177179 -0.037956 0.134905
v 0.183830 -0.038436 0.130908
v 0.189947 -0.038678 0.127233
v 0.195663 -0.038741 0.123798
v 0.201113 -0.038686 0.120524
v 0.154721 -0.027327 0.181653
v 0.156255 -0.028863 0.179580
v 0.158169 -0.030380 0.176994
v 0.160650 -0.031870 0.173641
v 0.163890 -0.033324 0.169263
v 0.168076 -0.034733 0.163605
v 0.173274 -0.036067 0.156580
v 0.178787 -0.037178 0.149130
v 0.183866 -0.037956 0.142267
v 0.188481 -0.038436 0.136029
v 0.192726 -0.038678 0.130293
v 0.196693 -0.038741 0.124932
v 0.200475 -0.038686 0.119821
v 0.181008 -0.027327 0.194050
v 0.181632 -0.028863 0.191548
v 0.182410 -0.030380 0.188427
v 0.183419 -0.031870 0.184379
v 0.184736 -0.033324 0.179095
v 0.186439 -0.034733 0.172265
v 0.188553 -0.036067 0.163786
v 0.190796 -0.037178 0.154793
v 0.192861 -0.037956 0.146509
v 0.194738 -0.038436 0.138980
v 0.196465 -0.038678 0.132056
v 0.198078 -0.038741 0.125585
v 0.199616 -0.038686 0.119416
v 0.224582 -0.026556 0.192951
v 0.223777 -0.028097 0.190711
v 0.222812 -0.029624 0.188022
v 0.221577 -0.031129 0.184583
v 0.219966 -0.032602 0.180095
v 0.217870 -0.034034 0.174259
v 0.215183 -0.035418 0.166774
v 0.212081 -0.036659 0.158134
v 0.209045 -0.037608 0.149678
v 0.206299 -0.038230 0.142029
v 0.203789 -0.038583 0.135039
v 0.201464 -0.038728 0.128562
v 0.199270 -0.038725 0.122451
v 0.249873 -0.026556 0.177754
v 0.248273 -0.028097 0.175992
v 0.246352 -0.029624 0.173877
v 0.243896 -0.031129 0.171173
v 0.240690 -0.032602 0.167643
v 0.236520 -0.034034 0.163053
v 0.231173 -0.035418 0.157166
v 0.225001 -0.036659 0.150371
v 0.218960 -0.037608 0.143721
v 0.213496 -0.038230 0.137705
v 0.208502 -0.038583 0.132207
v 0.203875 -0.038728 0.127113
v 0.199509 -0.038725 0.122307
v 0.267424 -0.026556 0.154035
v 0.265272 -0.028097 0.153020
v 0.262688 -0.029624 0.151801
v 0.259383 -0.031129 0.150242
v 0.255071 -0.032602 0.148208
v 0.249462 -0.034035 0.145563
v 0.242269 -0.035418 0.142171
v 0.233966 -0.036659 0.138255
v 0.225841 -0.037608 0.134423
v 0.218490 -0.038230 0.130956
v 0.211772 -0.038583 0.127788
v 0.205548 -0.038728 0.124852
v 0.199676 -0.038725 0.122082
v 0.274563 -0.026556 0.125405
v 0.272186 -0.028097 0.125291
v 0.269332 -0.029624 0.125154
v 0.265682 -0.031129 0.124978
v 0.260920 -0.032602 0.124750
v 0.254725 -0.034035 0.124452
v 0.246782 -0.035418 0.124070
v 0.237612 -0.036659 0.123630
v 0.228639 -0.037608 0.123199
v 0.220521 -0.038230 0.122809
v 0.213103 -0.038583 0.122453
v 0.206229 -0.038728 0.122123
v 0.199743 -0.038725 0.121811
v 0.270201 -0.026556 0.096223
v 0.267962 -0.028097 0.097027
v 0.265272 -0.029624 0.097992
v 0.261834 -0.031129 0.099227
v 0.257346 -0.032602 0.100838
v 0.251509 -0.034035 0.102934
v 0.244024 -0.035418 0.105621
v 0.235385 -0.036659 0.108723
v 0.226929 -0.037608 0.111759
v 0.219280 -0.038230 0.114505
v 0.212290 -0.038583 0.117015
v 0.205813 -0.038728 0.119340
v 0.199702 -0.038725 0.121534
v 0.255004 -0.026556 0.070931
v 0.253243 -0.028097 0.072531
v 0.251128 -0.029624 0.074452
v 0.248423 -0.031129 0.076909
v 0.244894 -0.032602 0.080114
v 0.240304 -0.034035 0.084284
v 0.234417 -0.035418 0.089631
v 0.227622 -0.036659 0.095803
v 0.220972 -0.037608 0.101844
v 0.214956 -0.038230 0.107309
v 0.209458 -0.038583 0.112302
v 0.204364 -0.038728 0.116929
v 0.199558 -0.038725 0.121295
v 0.231286 -0.026556 0.053380
v 0.230270 -0.028097 0.055532
v 0.229052 -0.029624 0.058116
v 0.227493 -0.031129 0.061421
v 0.225459 -0.032602 0.065734
v 0.222814 -0.034035 0.071342
v 0.219421 -0.035418 0.078535
v 0.215506 -0.036659 0.086838
v 0.211673 -0.037608 0.094963
v 0.208206 -0.038230 0.102314
v 0.205038 -0.038583 0.109032
v 0.202103 -0.038728 0.115256
v 0.199333 -0.038725 0.121128
v 0.202656 -0.026556 0.046241
v 0.202541 -0.028097 0.048618
v 0.202404 -0.029624 0.051472
v 0.202229 -0.031129 0.055122
v 0.202000 -0.032602 0.059885
v 0.201703 -0.034035 0.066079
v 0.201321 -0.035418 0.074023
v 0.200881 -0.036659 0.083192
v 0.200450 -0.037608 0.092165
v 0.200060 -0.038230 0.100283
v 0.199703 -0.038583 0.107702
v 0.199373 -0.038728 0.114576
v 0.199062 -0.038725 0.121061
v 0.173473 -0.026556 0.050603
v 0.174277 -0.028097 0.052842
v 0.175243 -0.029624 0.055532
v 0.176478 -0.031129 0.058970
v 0.178089 -0.032602 0.063458
v 0.180184 -0.034035 0.069295
v 0.182872 -0.035418 0.076780
v 0.185974 -0.036659 0.085420
v 0.189010 -0.037608 0.093875
v 0.191756 -0.038230 0.101524
v 0.194266 -0.038583 0.108514
v 0.196591 -0.038728 0.114991
v 0.198785 -0.038725 0.121102
v 0.148181 -0.026556 0.065800
v 0.149781 -0.028097 0.067561
v 0.151703 -0.029624 0.069676
v 0.154159 -0.031129 0.072381
v 0.157365 -0.032602 0.075910
v 0.161535 -0.034035 0.080501
v 0.166882 -0.035418 0.086388
v 0.173054 -0.036659 0.093182
v 0.179095 -0.037608 0.099832
v 0.184559 -0.038230 0.105849
v 0.189553 -0.038583 0.111346
v 0.194180 -0.038728 0.116440
v 0.198545 -0.038725 0.121246
v 0.130630 -0.026556 0.089519
v 0.132783 -0.028097 0.090534
v 0.135367 -0.029624 0.091753
v 0.138672 -0.031129 0.093311
v 0.142984 -0.032602 0.095345
v 0.148593 -0.034035 0.097990
v 0.155786 -0.035418 0.101383
v 0.164089 -0.036659 0.105299
v 0.172214 -0.037608 0.109131
v 0.179565 -0.038230 0.112598
v 0.186282 -0.038583 0.115766
v 0.192507 -0.038728 0.118701
v 0.198379 -0.038725 0.121471
v 0.123492 -0.026556 0.118149
v 0.125869 -0.028097 0.118263
v 0.128723 -0.029624 0.118400
v 0.132373 -0.031129 0.118575
v 0.137135 -0.032602 0.118804
v 0.143330 -0.034034 0.119101
v 0.151273 -0.035418 0.119483
v 0.160442 -0.036659 0.119923
v 0.169416 -0.037608 0.120354
v 0.177534 -0.038230 0.120744
v 0.184952 -0.038583 0.121101
v 0.191826 -0.038728 0.121431
v 0.198311 -0.038725 0.121742
v 0.127854 -0.026556 0.147331
v 0.130093 -0.028097 0.146527
v 0.132783 -0.029624 0.145561
v 0.136221 -0.031129 0.144326
v 0.140709 -0.032602 0.142715
v 0.146545 -0.034034 0.140620
v 0.154031 -0.035417 0.137932
v 0.162670 -0.036659 0.134830
v 0.171126 -0.037608 0.131795
v 0.178775 -0.038230 0.129048
v 0.185765 -0.038583 0.126538
v 0.192242 -0.038728 0.124213
v 0.198353 -0.038725 0.122019
v 0.143050 -0.026556 0.172623
v 0.144812 -0.028097 0.171023
v 0.146927 -0.029624 0.169101
v 0.149631 -0.031129 0.166645
v 0.153161 -0.032602 0.163439
v 0.157751 -0.034034 0.159269
v 0.163638 -0.035418 0.153922
v 0.170433 -0.036659 0.147750
v 0.177083 -0.037608 0.141710
v 0.183099 -0.038230 0.136245
v 0.188597 -0.038583 0.131251
v 0.193691 -0.038728 0.126624
v 0.198497 -0.038725 0.122259
v 0.166769 -0.026556 0.190174
v 0.167784 -0.028097 0.188021
v 0.169003 -0.029624 0.185437
v 0.170562 -0.031129 0.182133
v 0.172596 -0.032602 0.177820
v 0.175241 -0.034034 0.172211
v 0.178634 -0.035418 0.165018
v 0.182549 -0.036659 0.156715
v 0.186382 -0.037608 0.148590
v 0.189848 -0.038230 0.141239
v 0.193017 -0.038583 0.134522
v 0.195952 -0.038728 0.128297
v 0.198722 -0.038725 0.122425
v 0.195399 -0.026556 0.197312
v 0.195513 -0.028097 0.194935
v 0.195651 -0.029624 0.192081
v 0.195826 -0.031129 0.188432
v 0.196055 -0.032602 0.183669
v 0.196352 -0.034034 0.177475
v 0.196734 -0.035418 0.169531
v 0.197174 -0.036659 0.160362
v 0.197605 -0.037608 0.151388
v 0.197995 -0.038230 0.143270
v 0.198351 -0.038583 0.135852
v 0.198682 -0.038728 0.128978
v 0.198993 -0.038725 0.122493
v 0.210207 -0.026556 0.196582
v 0.224193 -0.027327 0.191868
v 0.237983 -0.026556 0.186610
v 0.209855 -0.028097 0.194228
v 0.223322 -0.028862 0.189441
v 0.236757 -0.028097 0.184570
v 0.209433 -0.029624 0.191402
v 0.222235 -0.030380 0.186415
v 0.235285 -0.029624 0.182120
v 0.208893 -0.031129 0.187788
v 0.220825 -0.031870 0.182489
v 0.233403 -0.031129 0.178988
v 0.208188 -0.032602 0.183071
v 0.218985 -0.033324 0.177364
v 0.230947 -0.032602 0.174900
v 0.207271 -0.034034 0.176937
v 0.216607 -0.034733 0.170741
v 0.227752 -0.034034 0.169583
v 0.206095 -0.035418 0.169070
v 0.213655 -0.036067 0.162518
v 0.223656 -0.035418 0.162765
v 0.204738 -0.036659 0.159989
v 0.210524 -0.037178 0.153796
v 0.218927 -0.036659 0.154895
v 0.203410 -0.037608 0.151102
v 0.207639 -0.037956 0.145762
v 0.214299 -0.037608 0.147193
v 0.202209 -0.038230 0.143063
v 0.205018 -0.038436 0.138461
v 0.210112 -0.038230 0.140225
v 0.201111 -0.038583 0.135716
v 0.202607 -0.038678 0.131746
v 0.206286 -0.038583 0.133858
v 0.200093 -0.038728 0.128908
v 0.200354 -0.038741 0.125470
v 0.202741 -0.038728 0.127958
v 0.199133 -0.038725 0.122486
v 0.198206 -0.038686 0.119488
v 0.199397 -0.038725 0.122391
v 0.249100 -0.027327 0.176902
v 0.259828 -0.026556 0.166767
v 0.247366 -0.028862 0.174994
v 0.257915 -0.028097 0.165351
v 0.245204 -0.030380 0.172613
v 0.255618 -0.029624 0.163651
v 0.242400 -0.031870 0.169526
v 0.252680 -0.031129 0.161478
v 0.238739 -0.033324 0.165495
v 0.248847 -0.032602 0.158641
v 0.234007 -0.034733 0.160286
v 0.243861 -0.034034 0.154951
v 0.228132 -0.036067 0.153819
v 0.237466 -0.035418 0.150220
v 0.221902 -0.037178 0.146960
v 0.230086 -0.036659 0.144759
v 0.216162 -0.037956 0.140641
v 0.222863 -0.037608 0.139414
v 0.210946 -0.038436 0.134898
v 0.216328 -0.038230 0.134579
v 0.206149 -0.038678 0.129617
v 0.210357 -0.038583 0.130160
v 0.201666 -0.038741 0.124681
v 0.204824 -0.038728 0.126066
v 0.197392 -0.038686 0.119976
v 0.199604 -0.038725 0.122203
v 0.266384 -0.027327 0.153544
v 0.272417 -0.026556 0.140075
v 0.264052 -0.028863 0.152444
v 0.270108 -0.028097 0.139499
v 0.261144 -0.030380 0.151072
v 0.267335 -0.029624 0.138808
v 0.257371 -0.031870 0.149293
v 0.263789 -0.031129 0.137924
v 0.252446 -0.033324 0.146971
v 0.259162 -0.032602 0.136770
v 0.246081 -0.034733 0.143969
v 0.253143 -0.034035 0.135269
v 0.238179 -0.036067 0.140242
v 0.245425 -0.035418 0.133345
v 0.229798 -0.037178 0.136289
v 0.236517 -0.036659 0.131124
v 0.222077 -0.037956 0.132648
v 0.227798 -0.037608 0.128950
v 0.215061 -0.038436 0.129338
v 0.219910 -0.038230 0.126983
v 0.208607 -0.038678 0.126295
v 0.212703 -0.038583 0.125186
v 0.202577 -0.038741 0.123451
v 0.206024 -0.038728 0.123521
v 0.196828 -0.038686 0.120739
v 0.199723 -0.038725 0.121950
v 0.273414 -0.027327 0.125350
v 0.273833 -0.026556 0.110597
v 0.270838 -0.028863 0.125226
v 0.271479 -0.028097 0.110949
v 0.267626 -0.030380 0.125072
v 0.268653 -0.029624 0.111371
v 0.263460 -0.031870 0.124872
v 0.265039 -0.031129 0.111911
v 0.258021 -0.033324 0.124610
v 0.260322 -0.032602 0.112616
v 0.250992 -0.034733 0.124273
v 0.254187 -0.034035 0.113533
v 0.242265 -0.036067 0.123853
v 0.246320 -0.035418 0.114709
v 0.233009 -0.037178 0.123409
v 0.237240 -0.036659 0.116066
v 0.224483 -0.037956 0.122999
v 0.228353 -0.037608 0.117394
v 0.216734 -0.038436 0.122627
v 0.220313 -0.038230 0.118595
v 0.209607 -0.038678 0.122285
v 0.212967 -0.038583 0.119693
v 0.202947 -0.038741 0.121965
v 0.206159 -0.038728 0.120711
v 0.196598 -0.038686 0.121660
v 0.199736 -0.038725 0.121671
v 0.269119 -0.027327 0.096611
v 0.263861 -0.026556 0.082821
v 0.266692 -0.028863 0.097483
v 0.261820 -0.028097 0.084047
v 0.263665 -0.030380 0.098569
v 0.259371 -0.029624 0.085519
v 0.259740 -0.031870 0.099979
v 0.256238 -0.031129 0.087401
v 0.254615 -0.033324 0.101819
v 0.252150 -0.032602 0.089857
v 0.247992 -0.034733 0.104197
v 0.246834 -0.034035 0.093052
v 0.239768 -0.036067 0.107149
v 0.240016 -0.035418 0.097148
v 0.231047 -0.037178 0.110280
v 0.232146 -0.036659 0.101877
v 0.223013 -0.037956 0.113165
v 0.224444 -0.037608 0.106505
v 0.215712 -0.038436 0.115786
v 0.217476 -0.038230 0.110692
v 0.208996 -0.038678 0.118197
v 0.211108 -0.038583 0.114518
v 0.202721 -0.038741 0.120451
v 0.205208 -0.038728 0.118063
v 0.196738 -0.038686 0.122599
v 0.199642 -0.038725 0.121407
v 0.254153 -0.027327 0.071704
v 0.244018 -0.026556 0.060976
v 0.252244 -0.028863 0.073438
v 0.242602 -0.028097 0.062889
v 0.249864 -0.030380 0.075600
v 0.240902 -0.029624 0.065186
v 0.246777 -0.031870 0.078404
v 0.238728 -0.031129 0.068124
v 0.242746 -0.033324 0.082065
v 0.235892 -0.032602 0.071958
v 0.237537 -0.034733 0.086797
v 0.232202 -0.034035 0.076943
v 0.231069 -0.036067 0.092672
v 0.227471 -0.035418 0.083338
v 0.224210 -0.037178 0.098902
v 0.222009 -0.036659 0.090718
v 0.217892 -0.037956 0.104642
v 0.216665 -0.037608 0.097941
v 0.212149 -0.038436 0.109858
v 0.211829 -0.038230 0.104476
v 0.206868 -0.038678 0.114655
v 0.207411 -0.038583 0.110447
v 0.201932 -0.038741 0.119138
v 0.203317 -0.038728 0.115980
v 0.197227 -0.038686 0.123412
v 0.199454 -0.038725 0.121200
v 0.230795 -0.027327 0.054420
v 0.217326 -0.026556 0.048387
v 0.229695 -0.028863 0.056752
v 0.216750 -0.028097 0.050696
v 0.228323 -0.030380 0.059661
v 0.216058 -0.029624 0.053469
v 0.226544 -0.031870 0.063433
v 0.215174 -0.031129 0.057015
v 0.224221 -0.033324 0.068358
v 0.214021 -0.032602 0.061643
v 0.221219 -0.034733 0.074723
v 0.212520 -0.034035 0.067661
v 0.217492 -0.036067 0.082625
v 0.210596 -0.035418 0.075379
v 0.213540 -0.037178 0.091006
v 0.208374 -0.036659 0.084288
v 0.209898 -0.037956 0.098727
v 0.206201 -0.037608 0.093006
v 0.206589 -0.038436 0.105743
v 0.204234 -0.038230 0.100894
v 0.203546 -0.038678 0.112197
v 0.202437 -0.038583 0.108101
v 0.200701 -0.038741 0.118227
v 0.200772 -0.038728 0.114780
v 0.197990 -0.038686 0.123977
v 0.199201 -0.038725 0.121081
v 0.202600 -0.027327 0.047390
v 0.187848 -0.026556 0.046971
v 0.202477 -0.028863 0.049966
v 0.188199 -0.028097 0.049325
v 0.202322 -0.030380 0.053178
v 0.188622 -0.029624 0.052151
v 0.202122 -0.031870 0.057344
v 0.189162 -0.031129 0.055766
v 0.201861 -0.033324 0.062783
v 0.189867 -0.032602 0.060482
v 0.201523 -0.034733 0.069812
v 0.190784 -0.034035 0.066617
v 0.201104 -0.036067 0.078539
v 0.191959 -0.035418 0.074484
v 0.200660 -0.037178 0.087795
v 0.193317 -0.036659 0.083564
v 0.200250 -0.037956 0.096321
v 0.194645 -0.037608 0.092451
v 0.199878 -0.038436 0.104070
v 0.195846 -0.038230 0.100491
v 0.199536 -0.038678 0.111197
v 0.196944 -0.038583 0.107838
v 0.199216 -0.038741 0.117857
v 0.197962 -0.038728 0.114645
v 0.198911 -0.038686 0.124206
v 0.198921 -0.038725 0.121068
v 0.173862 -0.027327 0.051685
v 0.160072 -0.026556 0.056943
v 0.174733 -0.028863 0.054112
v 0.161298 -0.028097 0.058984
v 0.175820 -0.030380 0.057139
v 0.162769 -0.029624 0.061433
v 0.177229 -0.031870 0.061064
v 0.164652 -0.031129 0.064566
v 0.179069 -0.033324 0.066189
v 0.167108 -0.032602 0.068654
v 0.181447 -0.034733 0.072813
v 0.170302 -0.034035 0.073970
v 0.184400 -0.036067 0.081036
v 0.174399 -0.035418 0.080789
v 0.187531 -0.037178 0.089757
v 0.179128 -0.036659 0.088659
v 0.190416 -0.037956 0.097791
v 0.183756 -0.037608 0.096361
v 0.193037 -0.038436 0.105093
v 0.187943 -0.038230 0.103329
v 0.195448 -0.038678 0.111808
v 0.191768 -0.038583 0.109696
v 0.197701 -0.038741 0.118083
v 0.195314 -0.038728 0.115596
v 0.199849 -0.038686 0.124066
v 0.198658 -0.038725 0.121162
v 0.148955 -0.027327 0.066651
v 0.138226 -0.026556 0.076786
v 0.150689 -0.028863 0.068560
v 0.140140 -0.028097 0.078202
v 0.152851 -0.030380 0.070940
v 0.142437 -0.029624 0.079902
v 0.155655 -0.031870 0.074028
v 0.145375 -0.031129 0.082076
v 0.159316 -0.033324 0.078058
v 0.149208 -0.032602 0.084913
v 0.164048 -0.034733 0.083267
v 0.154194 -0.034035 0.088602
v 0.169923 -0.036067 0.089735
v 0.160588 -0.035418 0.093333
v 0.176153 -0.037178 0.096594
v 0.167969 -0.036659 0.098795
v 0.181892 -0.037956 0.102913
v 0.175192 -0.037608 0.104139
v 0.187108 -0.038436 0.108655
v 0.181727 -0.038230 0.108975
v 0.191906 -0.038678 0.113936
v 0.187698 -0.038583 0.113393
v 0.196389 -0.038741 0.118872
v 0.193231 -0.038728 0.117488
v 0.200663 -0.038686 0.123577
v 0.198451 -0.038725 0.121350
v 0.131671 -0.027327 0.090009
v 0.125638 -0.026556 0.103479
v 0.134003 -0.028863 0.091109
v 0.127947 -0.028097 0.104054
v 0.136911 -0.030380 0.092481
v 0.130720 -0.029624 0.104746
v 0.140684 -0.031870 0.094260
v 0.134266 -0.031129 0.105630
v 0.145609 -0.033324 0.096583
v 0.138893 -0.032602 0.106784
v 0.151974 -0.034733 0.099585
v 0.144912 -0.034035 0.108284
v 0.159876 -0.036067 0.103312
v 0.152630 -0.035418 0.110208
v 0.168257 -0.037178 0.107265
v 0.161538 -0.036659 0.112430
v 0.175978 -0.037956 0.110906
v 0.170257 -0.037608 0.114603
v 0.182994 -0.038436 0.114215
v 0.178144 -0.038230 0.116570
v 0.189447 -0.038678 0.117259
v 0.185352 -0.038583 0.118367
v 0.195478 -0.038741 0.120103
v 0.192031 -0.038728 0.120032
v 0.201227 -0.038686 0.122814
v 0.198332 -0.038725 0.121603
v 0.124641 -0.027327 0.118204
v 0.124222 -0.026556 0.132957
v 0.127217 -0.028862 0.118327
v 0.126576 -0.028097 0.132605
v 0.130429 -0.030380 0.118482
v 0.129402 -0.029624 0.132182
v 0.134595 -0.031870 0.118682
v 0.133016 -0.031129 0.131642
v 0.140034 -0.033324 0.118943
v 0.137733 -0.032602 0.130937
v 0.147063 -0.034733 0.119281
v 0.143867 -0.034034 0.130020
v 0.155790 -0.036067 0.119700
v 0.151735 -0.035418 0.128845
v 0.165046 -0.037178 0.120144
v 0.160815 -0.036659 0.127488
v 0.173572 -0.037956 0.120554
v 0.169702 -0.037608 0.126159
v 0.181321 -0.038436 0.120926
v 0.177742 -0.038230 0.124958
v 0.188448 -0.038678 0.121269
v 0.185088 -0.038583 0.123860
v 0.195108 -0.038741 0.121588
v 0.191896 -0.038728 0.122843
v 0.201457 -0.038686 0.121893
v 0.198318 -0.038725 0.121883
v 0.128936 -0.027327 0.146942
v 0.134194 -0.026556 0.160732
v 0.131363 -0.028862 0.146071
v 0.136234 -0.028097 0.159507
v 0.134389 -0.030380 0.144984
v 0.138684 -0.029624 0.158035
v 0.138315 -0.031870 0.143575
v 0.141816 -0.031129 0.156153
v 0.143440 -0.033324 0.141735
v 0.145904 -0.032602 0.153696
v 0.150063 -0.034733 0.139357
v 0.151221 -0.034034 0.150502
v 0.158287 -0.036067 0.136404
v 0.158039 -0.035418 0.146405
v 0.167008 -0.037178 0.133273
v 0.165909 -0.036659 0.141676
v 0.175042 -0.037956 0.130388
v 0.173611 -0.037608 0.137048
v 0.182343 -0.038436 0.127767
v 0.180579 -0.038230 0.132862
v 0.189058 -0.038678 0.125356
v 0.186947 -0.038583 0.129036
v 0.195334 -0.038741 0.123103
v 0.192847 -0.038728 0.125491
v 0.201317 -0.038686 0.120955
v 0.198413 -0.038725 0.122146
v 0.143902 -0.027327 0.171849
v 0.154037 -0.026556 0.182578
v 0.145811 -0.028863 0.170116
v 0.155453 -0.028097 0.180664
v 0.148191 -0.030380 0.167953
v 0.157153 -0.029624 0.178367
v 0.151278 -0.031870 0.165149
v 0.159326 -0.031129 0.175430
v 0.155309 -0.033324 0.161488
v 0.162163 -0.032602 0.171596
v 0.160518 -0.034733 0.156756
v 0.165853 -0.034034 0.166610
v 0.166986 -0.036067 0.150882
v 0.170584 -0.035418 0.160216
v 0.173845 -0.037178 0.144651
v 0.176045 -0.036659 0.152835
v 0.180163 -0.037956 0.138912
v 0.181390 -0.037608 0.145612
v 0.185906 -0.038436 0.133696
v 0.186226 -0.038230 0.139078
v 0.191187 -0.038678 0.128898
v 0.190644 -0.038583 0.133106
v 0.196123 -0.038741 0.124415
v 0.194738 -0.038728 0.127573
v 0.200828 -0.038686 0.120141
v 0.198601 -0.038725 0.122353
v 0.167260 -0.027327 0.189134
v 0.180729 -0.026556 0.195167
v 0.168360 -0.028862 0.186801
v 0.181305 -0.028097 0.192857
v 0.169732 -0.030380 0.183893
v 0.181997 -0.029624 0.190084
v 0.171511 -0.031870 0.180120
v 0.182881 -0.031129 0.186538
v 0.173834 -0.033324 0.175195
v 0.184034 -0.032602 0.181911
v 0.176835 -0.034733 0.168831
v 0.185535 -0.034034 0.175893
v 0.180563 -0.036067 0.160928
v 0.187459 -0.035418 0.168174
v 0.184515 -0.037178 0.152547
v 0.189680 -0.036659 0.159266
v 0.188157 -0.037956 0.144826
v 0.191854 -0.037608 0.150547
v 0.191466 -0.038436 0.137810
v 0.193821 -0.038230 0.142660
v 0.194509 -0.038678 0.131357
v 0.195618 -0.038583 0.135452
v 0.197354 -0.038741 0.125326
v 0.197283 -0.038728 0.128773
v 0.200065 -0.038686 0.119577
v 0.198854 -0.038725 0.122472
v 0.195454 -0.027327 0.196163
v 0.195578 -0.028862 0.193587
v 0.195732 -0.030380 0.190375
v 0.195933 -0.031870 0.186209
v 0.196194 -0.033324 0.180770
v 0.196531 -0.034733 0.173741
v 0.196951 -0.036067 0.165014
v 0.197395 -0.037178 0.155758
v 0.197805 -0.037956 0.147232
v 0.198177 -0.038436 0.139483
v 0.198519 -0.038678 0.132357
v 0.198839 -0.038741 0.125696
v 0.199144 -0.038686 0.119347
vn 0.0823 -0.8306 0.5507
vn 0.0805 -0.8388 0.5385
vn 0.1840 -0.8388 0.5125
vn 0.1881 -0.8306 0.5240
vn 0.2804 -0.8388 0.4667
vn 0.2867 -0.8307 0.4772
vn 0.0758 -0.8583 0.5075
vn 0.1734 -0.8583 0.4830
vn 0.0700 -0.8808 0.4682
vn 0.1600 -0.8808 0.4456
vn 0.2438 -0.8809 0.4057
vn 0.2643 -0.8583 0.4399
vn 0.0634 -0.9032 0.4245
vn 0.1448 -0.9034 0.4036
vn 0.0567 -0.9236 0.3792
vn 0.1296 -0.9236 0.3609
vn 0.1975 -0.9236 0.3286
vn 0.2210 -0.9032 0.3679
vn 0.0501 -0.9408 0.3352
vn 0.1145 -0.9408 0.3190
vn 0.0440 -0.9547 0.2942
vn 0.1005 -0.9547 0.2800
vn 0.1532 -0.9547 0.2550
vn 0.1745 -0.9408 0.2905
vn 0.0384 -0.9656 0.2572
vn 0.0879 -0.9656 0.2448
vn 0.0335 -0.9739 0.2244
vn 0.0767 -0.9739 0.2135
vn 0.1168 -0.9739 0.1944
vn 0.1340 -0.9656 0.2229
vn 0.0292 -0.9802 0.1957
vn 0.0669 -0.9802 0.1863
vn 0.0255 -0.9850 0.1709
vn 0.0584 -0.9849 0.1627
vn 0.0888 -0.9850 0.1479
vn 0.1019 -0.9802 0.1696
vn 0.0224 -0.9884 0.1501
vn 0.0513 -0.9884 0.1429
vn 0.0199 -0.9909 0.1331
vn 0.0455 -0.9909 0.1267
vn 0.0693 -0.9909 0.1153
vn 0.0782 -0.9884 0.1301
vn 0.0176 -0.9928 0.1181
vn 0.0404 -0.9928 0.1124
vn 0.0156 -0.9944 0.1041
vn 0.0356 -0.9944 0.0991
vn 0.0542 -0.9944 0.0902
vn 0.0615 -0.9928 0.1024
vn 0.0135 -0.9958 0.0900
vn 0.0308 -0.9958 0.0857
vn 0.0113 -0.9971 0.0757
vn 0.0259 -0.9971 0.0721
vn 0.0394 -0.9971 0.0656
vn 0.0469 -0.9958 0.0780
vn 0.0092 -0.9981 0.0614
vn 0.0210 -0.9981 0.0584
vn 0.0071 -0.9989 0.0472
vn 0.0161 -0.9989 0.0449
vn 0.0246 -0.9989 0.0409
vn 0.0320 -0.9981 0.0532
vn 0.0051 -0.9994 0.0338
vn 0.0115 -0.9994 0.0322
vn 0.0032 -0.9998 0.0211
vn 0.0072 -0.9998 0.0201
vn 0.0110 -0.9998 0.0183
vn 0.0176 -0.9994 0.0293
vn 0.0014 -1.0000 0.0096
vn 0.0033 -1.0000 0.0091
vn -0.0000 -1.0000 -0.0002
vn -0.0001 -1.0000 -0.0002
vn 0.0050 -1.0000 0.0083
vn 0.0071 -0.9989 0.0474
vn 0.0166 -0.9988 0.0463
vn 0.0018 0.9999 0.0122
vn 0.0042 0.9999 0.0117
vn 0.0064 0.9999 0.0106
vn 0.0247 -0.9988 0.0413
vn 0.3661 -0.8388 0.4030
vn 0.3744 -0.8306 0.4122
vn 0.4377 -0.8388 0.3239
vn 0.4476 -0.8306 0.3312
vn 0.3451 -0.8583 0.3799
vn 0.3183 -0.8808 0.3504
vn 0.3805 -0.8808 0.2816
vn 0.4126 -0.8583 0.3053
vn 0.2884 -0.9034 0.3174
vn 0.2578 -0.9236 0.2839
vn 0.3082 -0.9236 0.2281
vn 0.3449 -0.9033 0.2552
vn 0.2279 -0.9408 0.2509
vn 0.2000 -0.9547 0.2202
vn 0.2391 -0.9547 0.1770
vn 0.2724 -0.9408 0.2016
vn 0.1749 -0.9656 0.1925
vn 0.1525 -0.9739 0.1679
vn 0.1824 -0.9739 0.1350
vn 0.2091 -0.9656 0.1547
vn 0.1331 -0.9802 0.1465
vn 0.1162 -0.9849 0.1279
vn 0.1389 -0.9850 0.1028
vn 0.1591 -0.9802 0.1177
vn 0.1021 -0.9884 0.1124
vn 0.0905 -0.9909 0.0996
vn 0.1082 -0.9909 0.0800
vn 0.1220 -0.9884 0.0903
vn 0.0803 -0.9928 0.0884
vn 0.0708 -0.9944 0.0779
vn 0.0846 -0.9944 0.0626
vn 0.0960 -0.9928 0.0710
vn 0.0612 -0.9958 0.0674
vn 0.0515 -0.9971 0.0567
vn 0.0615 -0.9971 0.0455
vn 0.0732 -0.9958 0.0541
vn 0.0417 -0.9981 0.0459
vn 0.0321 -0.9989 0.0353
vn 0.0384 -0.9989 0.0284
vn 0.0499 -0.9981 0.0369
vn 0.0230 -0.9994 0.0253
vn 0.0144 -0.9998 0.0158
vn 0.0172 -0.9998 0.0127
vn 0.0275 -0.9994 0.0203
vn 0.0065 -1.0000 0.0072
vn -0.0002 -1.0000 -0.0002
vn -0.0002 -1.0000 -0.0001
vn 0.0078 -1.0000 0.0058
vn 0.0330 -0.9988 0.0364
vn 0.0083 0.9999 0.0092
vn 0.0100 0.9999 0.0073
vn 0.0390 -0.9988 0.0286
vn 0.4926 -0.8387 0.2323
vn 0.5037 -0.8306 0.2376
vn 0.5283 -0.8388 0.1318
vn 0.5402 -0.8307 0.1347
vn 0.4643 -0.8582 0.2190
vn 0.4282 -0.8808 0.2020
vn 0.4593 -0.8808 0.1145
vn 0.4981 -0.8582 0.1242
vn 0.3881 -0.9033 0.1830
vn 0.3468 -0.9236 0.1635
vn 0.3720 -0.9236 0.0927
vn 0.4163 -0.9033 0.1038
vn 0.3065 -0.9408 0.1446
vn 0.2691 -0.9547 0.1269
vn 0.2887 -0.9547 0.0720
vn 0.3288 -0.9408 0.0820
vn 0.2353 -0.9656 0.1110
vn 0.2053 -0.9739 0.0968
vn 0.2202 -0.9739 0.0549
vn 0.2524 -0.9656 0.0629
vn 0.1790 -0.9802 0.0844
vn 0.1562 -0.9850 0.0737
vn 0.1676 -0.9850 0.0418
vn 0.1920 -0.9802 0.0479
vn 0.1373 -0.9884 0.0648
vn 0.1217 -0.9909 0.0574
vn 0.1306 -0.9909 0.0326
vn 0.1473 -0.9884 0.0367
vn 0.1080 -0.9928 0.0509
vn 0.0952 -0.9944 0.0449
vn 0.1022 -0.9944 0.0255
vn 0.1159 -0.9928 0.0289
vn 0.0823 -0.9958 0.0388
vn 0.0693 -0.9971 0.0327
vn 0.0743 -0.9971 0.0185
vn 0.0883 -0.9958 0.0220
vn 0.0561 -0.9981 0.0265
vn 0.0435 -0.9988 0.0205
vn 0.0463 -0.9989 0.0116
vn 0.0602 -0.9981 0.0150
vn 0.0309 -0.9994 0.0146
vn 0.0193 -0.9998 0.0091
vn 0.0207 -0.9998 0.0052
vn 0.0332 -0.9994 0.0083
vn 0.0088 -1.0000 0.0041
vn 0.0094 -1.0000 0.0024
vn 0.0444 -0.9988 0.0210
vn 0.0112 0.9999 0.0053
vn 0.0120 0.9999 0.0030
vn 0.0465 -0.9988 0.0119
vn 0.5439 -0.8387 0.0261
vn 0.5565 -0.8304 0.0267
vn 0.5385 -0.8388 -0.0805
vn 0.5508 -0.8306 -0.0823
vn 0.5125 -0.8584 0.0246
vn 0.4729 -0.8808 0.0227
vn 0.4682 -0.8808 -0.0700
vn 0.5076 -0.8582 -0.0759
vn 0.4286 -0.9033 0.0206
vn 0.3830 -0.9236 0.0184
vn 0.3792 -0.9236 -0.0567
vn 0.4243 -0.9033 -0.0634
vn 0.3385 -0.9408 0.0163
vn 0.2972 -0.9547 0.0143
vn 0.2942 -0.9547 -0.0440
vn 0.3352 -0.9408 -0.0501
vn 0.2598 -0.9656 0.0125
vn 0.2267 -0.9739 0.0109
vn 0.2245 -0.9739 -0.0335
vn 0.2572 -0.9656 -0.0384
vn 0.1977 -0.9802 0.0095
vn 0.1725 -0.9850 0.0083
vn 0.1708 -0.9850 -0.0255
vn 0.1957 -0.9802 -0.0293
vn 0.1516 -0.9884 0.0073
vn 0.1344 -0.9909 0.0065
vn 0.1331 -0.9909 -0.0199
vn 0.1501 -0.9884 -0.0224
vn 0.1193 -0.9928 0.0057
vn 0.1052 -0.9944 0.0051
vn 0.1041 -0.9944 -0.0156
vn 0.1181 -0.9928 -0.0176
vn 0.0909 -0.9958 0.0044
vn 0.0765 -0.9971 0.0037
vn 0.0757 -0.9971 -0.0113
vn 0.0900 -0.9958 -0.0135
vn 0.0620 -0.9981 0.0030
vn 0.0477 -0.9989 0.0023
vn 0.0472 -0.9989 -0.0071
vn 0.0614 -0.9981 -0.0092
vn 0.0341 -0.9994 0.0016
vn 0.0213 -0.9998 0.0010
vn 0.0211 -0.9998 -0.0032
vn 0.0338 -0.9994 -0.0051
vn 0.0097 -1.0000 0.0005
vn -0.0002 -1.0000 -0.0000
vn 0.0096 -1.0000 -0.0014
vn 0.0491 -0.9988 0.0024
vn 0.0124 0.9999 0.0006
vn 0.0122 0.9999 -0.0018
vn 0.0475 -0.9988 -0.0073
vn 0.5125 -0.8387 -0.1840
vn 0.5243 -0.8305 -0.1882
vn 0.4667 -0.8388 -0.2804
vn 0.4773 -0.8306 -0.2868
vn 0.4831 -0.8582 -0.1734
vn 0.4456 -0.8808 -0.1600
vn 0.4058 -0.8808 -0.2438
vn 0.4399 -0.8583 -0.2643
vn 0.4038 -0.9033 -0.1450
vn 0.3609 -0.9236 -0.1296
vn 0.3286 -0.9236 -0.1975
vn 0.3678 -0.9033 -0.2210
vn 0.3190 -0.9408 -0.1145
vn 0.2800 -0.9547 -0.1005
vn 0.2550 -0.9547 -0.1532
vn 0.2905 -0.9408 -0.1745
vn 0.2448 -0.9656 -0.0879
vn 0.2136 -0.9739 -0.0767
vn 0.1946 -0.9739 -0.1169
vn 0.2229 -0.9656 -0.1340
vn 0.1863 -0.9802 -0.0669
vn 0.1626 -0.9850 -0.0584
vn 0.1480 -0.9850 -0.0889
vn 0.1697 -0.9802 -0.1019
vn 0.1429 -0.9884 -0.0513
vn 0.1267 -0.9909 -0.0455
vn 0.1153 -0.9909 -0.0693
vn 0.1301 -0.9884 -0.0782
vn 0.1124 -0.9928 -0.0404
vn 0.0991 -0.9944 -0.0356
vn 0.0902 -0.9944 -0.0542
vn 0.1024 -0.9928 -0.0615
vn 0.0857 -0.9958 -0.0308
vn 0.0721 -0.9971 -0.0259
vn 0.0656 -0.9971 -0.0394
vn 0.0780 -0.9958 -0.0469
vn 0.0584 -0.9981 -0.0210
vn 0.0449 -0.9989 -0.0161
vn 0.0409 -0.9989 -0.0246
vn 0.0532 -0.9981 -0.0320
vn 0.0322 -0.9994 -0.0116
vn 0.0201 -0.9998 -0.0072
vn 0.0183 -0.9998 -0.0110
vn 0.0293 -0.9994 -0.0176
vn 0.0091 -1.0000 -0.0033
vn -0.0002 -1.0000 0.0001
vn 0.0083 -1.0000 -0.0050
vn 0.0463 -0.9988 -0.0166
vn 0.0117 0.9999 -0.0042
vn 0.0106 0.9999 -0.0064
vn 0.0414 -0.9988 -0.0247
vn 0.4031 -0.8387 -0.3661
vn 0.4123 -0.8305 -0.3745
vn 0.3239 -0.8388 -0.4377
vn 0.3313 -0.8306 -0.4477
vn 0.3799 -0.8582 -0.3451
vn 0.3505 -0.8808 -0.3183
vn 0.2816 -0.8808 -0.3806
vn 0.3053 -0.8583 -0.4126
vn 0.3176 -0.9033 -0.2885
vn 0.2838 -0.9236 -0.2578
vn 0.2280 -0.9236 -0.3082
vn 0.2552 -0.9033 -0.3449
vn 0.2509 -0.9408 -0.2279
vn 0.2203 -0.9547 -0.2001
vn 0.1770 -0.9547 -0.2392
vn 0.2016 -0.9408 -0.2724
vn 0.1925 -0.9656 -0.1749
vn 0.1680 -0.9739 -0.1526
vn 0.1350 -0.9739 -0.1825
vn 0.1547 -0.9656 -0.2091
vn 0.1465 -0.9802 -0.1331
vn 0.1278 -0.9850 -0.1161
vn 0.1027 -0.9850 -0.1388
vn 0.1177 -0.9802 -0.1591
vn 0.1124 -0.9884 -0.1021
vn 0.0996 -0.9909 -0.0905
vn 0.0800 -0.9909 -0.1082
vn 0.0903 -0.9884 -0.1220
vn 0.0884 -0.9928 -0.0803
vn 0.0779 -0.9944 -0.0708
vn 0.0626 -0.9944 -0.0846
vn 0.0710 -0.9928 -0.0960
vn 0.0674 -0.9958 -0.0612
vn 0.0567 -0.9971 -0.0515
vn 0.0455 -0.9971 -0.0615
vn 0.0541 -0.9958 -0.0732
vn 0.0459 -0.9981 -0.0417
vn 0.0354 -0.9989 -0.0321
vn 0.0284 -0.9989 -0.0384
vn 0.0369 -0.9981 -0.0499
vn 0.0253 -0.9994 -0.0230
vn 0.0158 -0.9998 -0.0143
vn 0.0127 -0.9998 -0.0172
vn 0.0203 -0.9994 -0.0275
vn 0.0072 -1.0000 -0.0065
vn -0.0002 -1.0000 0.0002
vn -0.0001 -1.0000 0.0002
vn 0.0058 -1.0000 -0.0078
vn 0.0364 -0.9988 -0.0330
vn 0.0092 0.9999 -0.0083
vn 0.0074 0.9999 -0.0100
vn 0.0288 -0.9988 -0.0389
vn 0.2323 -0.8387 -0.4925
vn 0.2378 -0.8303 -0.5040
vn 0.1317 -0.8388 -0.5283
vn 0.1347 -0.8307 -0.5402
vn 0.2190 -0.8582 -0.4643
vn 0.2020 -0.8808 -0.4282
vn 0.1145 -0.8809 -0.4593
vn 0.1240 -0.8585 -0.4976
vn 0.1830 -0.9033 -0.3881
vn 0.1635 -0.9236 -0.3468
vn 0.0927 -0.9236 -0.3720
vn 0.1038 -0.9033 -0.4163
vn 0.1446 -0.9408 -0.3066
vn 0.1269 -0.9547 -0.2691
vn 0.0720 -0.9547 -0.2886
vn 0.0820 -0.9408 -0.3288
vn 0.1110 -0.9656 -0.2353
vn 0.0968 -0.9739 -0.2053
vn 0.0549 -0.9739 -0.2203
vn 0.0629 -0.9656 -0.2523
vn 0.0844 -0.9802 -0.1790
vn 0.0737 -0.9850 -0.1562
vn 0.0418 -0.9850 -0.1676
vn 0.0479 -0.9802 -0.1920
vn 0.0648 -0.9884 -0.1373
vn 0.0574 -0.9909 -0.1217
vn 0.0325 -0.9909 -0.1306
vn 0.0367 -0.9884 -0.1473
vn 0.0509 -0.9928 -0.1080
vn 0.0449 -0.9944 -0.0952
vn 0.0255 -0.9944 -0.1022
vn 0.0289 -0.9928 -0.1159
vn 0.0388 -0.9958 -0.0823
vn 0.0327 -0.9971 -0.0693
vn 0.0185 -0.9971 -0.0743
vn 0.0220 -0.9958 -0.0883
vn 0.0265 -0.9981 -0.0561
vn 0.0204 -0.9989 -0.0432
vn 0.0116 -0.9989 -0.0463
vn 0.0150 -0.9981 -0.0602
vn 0.0146 -0.9994 -0.0309
vn 0.0091 -0.9998 -0.0193
vn 0.0052 -0.9998 -0.0207
vn 0.0083 -0.9994 -0.0332
vn 0.0041 -1.0000 -0.0088
vn 0.0023 -1.0000 -0.0094
vn 0.0210 -0.9988 -0.0445
vn 0.0053 0.9999 -0.0112
vn 0.0030 0.9999 -0.0120
vn 0.0116 -0.9988 -0.0466
vn 0.0261 -0.8387 -0.5439
vn 0.0267 -0.8307 -0.5561
vn -0.0805 -0.8388 -0.5385
vn -0.0823 -0.8305 -0.5509
vn 0.0246 -0.8582 -0.5128
vn 0.0227 -0.8808 -0.4729
vn -0.0700 -0.8809 -0.4682
vn -0.0759 -0.8582 -0.5077
vn 0.0206 -0.9033 -0.4286
vn 0.0184 -0.9236 -0.3829
vn -0.0567 -0.9236 -0.3792
vn -0.0634 -0.9033 -0.4243
vn 0.0163 -0.9408 -0.3385
vn 0.0143 -0.9547 -0.2972
vn -0.0440 -0.9547 -0.2942
vn -0.0501 -0.9408 -0.3352
vn 0.0125 -0.9656 -0.2598
vn 0.0109 -0.9739 -0.2267
vn -0.0335 -0.9739 -0.2245
vn -0.0384 -0.9656 -0.2572
vn 0.0095 -0.9802 -0.1977
vn 0.0083 -0.9850 -0.1725
vn -0.0255 -0.9850 -0.1708
vn -0.0293 -0.9802 -0.1958
vn 0.0073 -0.9884 -0.1516
vn 0.0065 -0.9909 -0.1344
vn -0.0199 -0.9909 -0.1331
vn -0.0224 -0.9884 -0.1501
vn 0.0057 -0.9928 -0.1193
vn 0.0051 -0.9944 -0.1052
vn -0.0156 -0.9944 -0.1041
vn -0.0177 -0.9928 -0.1181
vn 0.0044 -0.9958 -0.0909
vn 0.0037 -0.9971 -0.0765
vn -0.0113 -0.9971 -0.0757
vn -0.0135 -0.9958 -0.0900
vn 0.0030 -0.9981 -0.0620
vn 0.0023 -0.9989 -0.0477
vn -0.0071 -0.9989 -0.0472
vn -0.0092 -0.9981 -0.0614
vn 0.0016 -0.9994 -0.0341
vn 0.0010 -0.9998 -0.0213
vn -0.0032 -0.9998 -0.0211
vn -0.0051 -0.9994 -0.0338
vn 0.0005 -1.0000 -0.0097
vn -0.0000 -1.0000 0.0002
vn -0.0014 -1.0000 -0.0096
vn 0.0024 -0.9988 -0.0491
vn 0.0006 0.9999 -0.0124
vn -0.0018 0.9999 -0.0122
vn -0.0071 -0.9989 -0.0474
vn -0.1840 -0.8387 -0.5125
vn -0.1882 -0.8306 -0.5241
vn -0.2804 -0.8388 -0.4667
vn -0.2868 -0.8306 -0.4773
vn -0.1735 -0.8582 -0.4832
vn -0.1600 -0.8808 -0.4456
vn -0.2438 -0.8808 -0.4058
vn -0.2643 -0.8582 -0.4399
vn -0.1450 -0.9033 -0.4038
vn -0.1296 -0.9236 -0.3609
vn -0.1974 -0.9236 -0.3286
vn -0.2210 -0.9033 -0.3678
vn -0.1145 -0.9408 -0.3190
vn -0.1005 -0.9547 -0.2800
vn -0.1532 -0.9547 -0.2550
vn -0.1745 -0.9408 -0.2905
vn -0.0879 -0.9656 -0.2448
vn -0.0767 -0.9739 -0.2137
vn -0.1169 -0.9739 -0.1946
vn -0.1340 -0.9656 -0.2229
vn -0.0669 -0.9802 -0.1863
vn -0.0584 -0.9850 -0.1625
vn -0.0889 -0.9850 -0.1480
vn -0.1019 -0.9802 -0.1696
vn -0.0513 -0.9884 -0.1429
vn -0.0455 -0.9909 -0.1267
vn -0.0693 -0.9909 -0.1153
vn -0.0782 -0.9884 -0.1301
vn -0.0404 -0.9928 -0.1124
vn -0.0356 -0.9944 -0.0991
vn -0.0542 -0.9944 -0.0902
vn -0.0615 -0.9928 -0.1024
vn -0.0308 -0.9958 -0.0857
vn -0.0259 -0.9971 -0.0721
vn -0.0394 -0.9971 -0.0656
vn -0.0469 -0.9958 -0.0780
vn -0.0210 -0.9981 -0.0584
vn -0.0161 -0.9989 -0.0449
vn -0.0246 -0.9989 -0.0409
vn -0.0320 -0.9981 -0.0532
vn -0.0115 -0.9994 -0.0322
vn -0.0072 -0.9998 -0.0201
vn -0.0110 -0.9998 -0.0183
vn -0.0176 -0.9994 -0.0293
vn -0.0033 -1.0000 -0.0091
vn 0.0001 -1.0000 0.0002
vn -0.0050 -1.0000 -0.0083
vn -0.0166 -0.9988 -0.0464
vn -0.0042 0.9999 -0.0116
vn -0.0064 0.9999 -0.0106
vn -0.0247 -0.9988 -0.0411
vn -0.3661 -0.8388 -0.4031
vn -0.3744 -0.8307 -0.4121
vn -0.4376 -0.8388 -0.3238
vn -0.4478 -0.8304 -0.3314
vn -0.3452 -0.8582 -0.3800
vn -0.3183 -0.8808 -0.3504
vn -0.3805 -0.8809 -0.2816
vn -0.4124 -0.8584 -0.3052
vn -0.2885 -0.9033 -0.3176
vn -0.2578 -0.9236 -0.2838
vn -0.3082 -0.9236 -0.2280
vn -0.3449 -0.9033 -0.2552
vn -0.2279 -0.9408 -0.2509
vn -0.2000 -0.9547 -0.2202
vn -0.2392 -0.9547 -0.1770
vn -0.2724 -0.9408 -0.2016
vn -0.1749 -0.9656 -0.1925
vn -0.1526 -0.9739 -0.1680
vn -0.1825 -0.9739 -0.1350
vn -0.2091 -0.9656 -0.1547
vn -0.1331 -0.9802 -0.1465
vn -0.1161 -0.9850 -0.1278
vn -0.1388 -0.9850 -0.1027
vn -0.1591 -0.9802 -0.1177
vn -0.1021 -0.9884 -0.1124
vn -0.0905 -0.9909 -0.0996
vn -0.1082 -0.9909 -0.0800
vn -0.1220 -0.9884 -0.0903
vn -0.0803 -0.9928 -0.0884
vn -0.0708 -0.9944 -0.0779
vn -0.0846 -0.9944 -0.0626
vn -0.0960 -0.9928 -0.0710
vn -0.0612 -0.9958 -0.0674
vn -0.0515 -0.9971 -0.0567
vn -0.0615 -0.9971 -0.0455
vn -0.0732 -0.9958 -0.0541
vn -0.0417 -0.9981 -0.0459
vn -0.0321 -0.9989 -0.0354
vn -0.0384 -0.9989 -0.0284
vn -0.0499 -0.9981 -0.0369
vn -0.0230 -0.9994 -0.0253
vn -0.0143 -0.9998 -0.0158
vn -0.0172 -0.9998 -0.0127
vn -0.0275 -0.9994 -0.0203
vn -0.0065 -1.0000 -0.0072
vn 0.0002 -1.0000 0.0002
vn 0.0002 -1.0000 0.0001
vn -0.0078 -1.0000 -0.0058
vn -0.0332 -0.9988 -0.0365
vn -0.0083 0.9999 -0.0092
vn -0.0100 0.9999 -0.0074
vn -0.0387 -0.9988 -0.0285
vn -0.4925 -0.8388 -0.2323
vn -0.5035 -0.8307 -0.2374
vn -0.5283 -0.8388 -0.1317
vn -0.5406 -0.8304 -0.1348
vn -0.4643 -0.8582 -0.2190
vn -0.4282 -0.8808 -0.2020
vn -0.4593 -0.8809 -0.1145
vn -0.4979 -0.8583 -0.1242
vn -0.3881 -0.9032 -0.1830
vn -0.3468 -0.9236 -0.1636
vn -0.3720 -0.9236 -0.0927
vn -0.4165 -0.9032 -0.1038
vn -0.3065 -0.9408 -0.1446
vn -0.2691 -0.9547 -0.1269
vn -0.2887 -0.9547 -0.0720
vn -0.3288 -0.9408 -0.0820
vn -0.2353 -0.9656 -0.1109
vn -0.2053 -0.9739 -0.0968
vn -0.2202 -0.9739 -0.0549
vn -0.2524 -0.9656 -0.0629
vn -0.1790 -0.9802 -0.0844
vn -0.1562 -0.9850 -0.0737
vn -0.1676 -0.9850 -0.0418
vn -0.1920 -0.9802 -0.0479
vn -0.1373 -0.9884 -0.0648
vn -0.1217 -0.9909 -0.0574
vn -0.1306 -0.9909 -0.0326
vn -0.1473 -0.9884 -0.0367
vn -0.1080 -0.9928 -0.0509
vn -0.0952 -0.9944 -0.0449
vn -0.1022 -0.9944 -0.0255
vn -0.1159 -0.9928 -0.0289
vn -0.0823 -0.9958 -0.0388
vn -0.0693 -0.9971 -0.0327
vn -0.0743 -0.9971 -0.0185
vn -0.0883 -0.9958 -0.0220
vn -0.0561 -0.9981 -0.0265
vn -0.0432 -0.9989 -0.0204
vn -0.0463 -0.9989 -0.0116
vn -0.0602 -0.9981 -0.0150
vn -0.0309 -0.9994 -0.0146
vn -0.0193 -0.9998 -0.0091
vn -0.0207 -0.9998 -0.0052
vn -0.0332 -0.9994 -0.0083
vn -0.0088 -1.0000 -0.0041
vn -0.0094 -1.0000 -0.0023
vn -0.0445 -0.9988 -0.0210
vn -0.0112 0.9999 -0.0053
vn -0.0120 0.9999 -0.0030
vn -0.0466 -0.9988 -0.0115
vn -0.5439 -0.8387 -0.0261
vn -0.5565 -0.8304 -0.0267
vn -0.5385 -0.8388 0.0805
vn -0.5508 -0.8306 0.0823
vn -0.5125 -0.8583 -0.0246
vn -0.4729 -0.8808 -0.0227
vn -0.4681 -0.8809 0.0700
vn -0.5074 -0.8584 0.0758
vn -0.4288 -0.9032 -0.0206
vn -0.3830 -0.9236 -0.0184
vn -0.3792 -0.9236 0.0567
vn -0.4242 -0.9034 0.0633
vn -0.3385 -0.9408 -0.0163
vn -0.2972 -0.9547 -0.0143
vn -0.2942 -0.9547 0.0440
vn -0.3352 -0.9408 0.0501
vn -0.2598 -0.9656 -0.0125
vn -0.2266 -0.9739 -0.0109
vn -0.2244 -0.9739 0.0335
vn -0.2572 -0.9656 0.0384
vn -0.1977 -0.9802 -0.0095
vn -0.1723 -0.9850 -0.0083
vn -0.1709 -0.9850 0.0255
vn -0.1957 -0.9802 0.0292
vn -0.1516 -0.9884 -0.0073
vn -0.1344 -0.9909 -0.0065
vn -0.1331 -0.9909 0.0199
vn -0.1501 -0.9884 0.0225
vn -0.1193 -0.9928 -0.0057
vn -0.1052 -0.9944 -0.0051
vn -0.1041 -0.9944 0.0156
vn -0.1181 -0.9928 0.0177
vn -0.0909 -0.9958 -0.0044
vn -0.0765 -0.9971 -0.0037
vn -0.0757 -0.9971 0.0113
vn -0.0900 -0.9958 0.0135
vn -0.0620 -0.9981 -0.0030
vn -0.0477 -0.9989 -0.0023
vn -0.0472 -0.9989 0.0071
vn -0.0614 -0.9981 0.0092
vn -0.0341 -0.9994 -0.0016
vn -0.0213 -0.9998 -0.0010
vn -0.0211 -0.9998 0.0032
vn -0.0338 -0.9994 0.0051
vn -0.0097 -1.0000 -0.0005
vn 0.0002 -1.0000 -0.0000
vn -0.0096 -1.0000 0.0014
vn -0.0491 -0.9988 -0.0024
vn -0.0124 0.9999 -0.0006
vn -0.0123 0.9999 0.0018
vn -0.0477 -0.9988 0.0070
vn -0.5126 -0.8387 0.1840
vn -0.5242 -0.8305 0.1882
vn -0.4668 -0.8387 0.2804
vn -0.4772 -0.8307 0.2867
vn -0.4829 -0.8583 0.1734
vn -0.4455 -0.8809 0.1599
vn -0.4057 -0.8809 0.2438
vn -0.4399 -0.8583 0.2643
vn -0.4038 -0.9033 0.1449
vn -0.3609 -0.9235 0.1296
vn -0.3287 -0.9236 0.1975
vn -0.3679 -0.9032 0.2210
vn -0.3190 -0.9408 0.1145
vn -0.2800 -0.9547 0.1005
vn -0.2550 -0.9547 0.1532
vn -0.2905 -0.9408 0.1746
vn -0.2448 -0.9656 0.0879
vn -0.2135 -0.9739 0.0767
vn -0.1945 -0.9739 0.1168
vn -0.2229 -0.9656 0.1340
vn -0.1863 -0.9802 0.0669
vn -0.1626 -0.9850 0.0584
vn -0.1481 -0.9850 0.0890
vn -0.1696 -0.9802 0.1019
vn -0.1429 -0.9884 0.0513
vn -0.1267 -0.9909 0.0455
vn -0.1154 -0.9909 0.0693
vn -0.1301 -0.9884 0.0781
vn -0.1124 -0.9928 0.0404
vn -0.0991 -0.9944 0.0356
vn -0.0902 -0.9944 0.0542
vn -0.1024 -0.9928 0.0615
vn -0.0857 -0.9958 0.0308
vn -0.0721 -0.9971 0.0259
vn -0.0656 -0.9971 0.0394
vn -0.0780 -0.9958 0.0469
vn -0.0584 -0.9981 0.0210
vn -0.0449 -0.9989 0.0161
vn -0.0409 -0.9989 0.0246
vn -0.0532 -0.9981 0.0319
vn -0.0322 -0.9994 0.0116
vn -0.0201 -0.9998 0.0072
vn -0.0183 -0.9998 0.0110
vn -0.0293 -0.9994 0.0176
vn -0.0091 -1.0000 0.0033
vn 0.0002 -1.0000 -0.0001
vn -0.0083 -1.0000 0.0050
vn -0.0463 -0.9988 0.0166
vn -0.0117 0.9999 0.0042
vn -0.0106 0.9999 0.0064
vn -0.0411 -0.9988 0.0248
vn -0.4030 -0.8388 0.3661
vn -0.4121 -0.8307 0.3743
vn -0.3238 -0.8388 0.4376
vn -0.3314 -0.8304 0.4478
vn -0.3800 -0.8582 0.3452
vn -0.3504 -0.8809 0.3183
vn -0.2816 -0.8809 0.3805
vn -0.3053 -0.8582 0.4126
vn -0.3176 -0.9033 0.2885
vn -0.2839 -0.9235 0.2578
vn -0.2281 -0.9236 0.3082
vn -0.2552 -0.9033 0.3449
vn -0.2509 -0.9408 0.2279
vn -0.2202 -0.9547 0.2000
vn -0.1769 -0.9547 0.2391
vn -0.2016 -0.9408 0.2725
vn -0.1925 -0.9656 0.1749
vn -0.1679 -0.9739 0.1525
vn -0.1349 -0.9739 0.1824
vn -0.1547 -0.9656 0.2091
vn -0.1465 -0.9802 0.1331
vn -0.1277 -0.9850 0.1160
vn -0.1028 -0.9850 0.1389
vn -0.1177 -0.9802 0.1591
vn -0.1124 -0.9884 0.1021
vn -0.0996 -0.9909 0.0905
vn -0.0800 -0.9909 0.1082
vn -0.0903 -0.9884 0.1220
vn -0.0884 -0.9928 0.0803
vn -0.0779 -0.9944 0.0708
vn -0.0626 -0.9944 0.0846
vn -0.0710 -0.9928 0.0960
vn -0.0674 -0.9958 0.0612
vn -0.0567 -0.9971 0.0515
vn -0.0455 -0.9971 0.0616
vn -0.0541 -0.9958 0.0732
vn -0.0459 -0.9981 0.0417
vn -0.0353 -0.9989 0.0321
vn -0.0284 -0.9989 0.0384
vn -0.0369 -0.9981 0.0499
vn -0.0253 -0.9994 0.0230
vn -0.0158 -0.9998 0.0143
vn -0.0127 -0.9998 0.0172
vn -0.0203 -0.9994 0.0275
vn -0.0072 -1.0000 0.0065
vn 0.0002 -1.0000 -0.0002
vn 0.0001 -1.0000 -0.0002
vn -0.0058 -1.0000 0.0078
vn -0.0364 -0.9988 0.0331
vn -0.0092 0.9999 0.0083
vn -0.0074 0.9999 0.0099
vn -0.0286 -0.9988 0.0385
vn -0.2322 -0.8388 0.4924
vn -0.2378 -0.8303 0.5040
vn -0.1317 -0.8388 0.5282
vn -0.1348 -0.8305 0.5405
vn -0.2189 -0.8583 0.4642
vn -0.2019 -0.8808 0.4282
vn -0.1145 -0.8809 0.4593
vn -0.1240 -0.8585 0.4977
vn -0.1831 -0.9032 0.3882
vn -0.1636 -0.9236 0.3468
vn -0.0928 -0.9236 0.3720
vn -0.1038 -0.9032 0.4164
vn -0.1446 -0.9408 0.3066
vn -0.1269 -0.9547 0.2691
vn -0.0720 -0.9547 0.2886
vn -0.0820 -0.9408 0.3288
vn -0.1110 -0.9656 0.2353
vn -0.0968 -0.9739 0.2052
vn -0.0549 -0.9739 0.2201
vn -0.0629 -0.9656 0.2524
vn -0.0844 -0.9802 0.1790
vn -0.0737 -0.9849 0.1563
vn -0.0418 -0.9850 0.1677
vn -0.0479 -0.9802 0.1920
vn -0.0647 -0.9884 0.1373
vn -0.0574 -0.9909 0.1217
vn -0.0326 -0.9909 0.1306
vn -0.0367 -0.9884 0.1473
vn -0.0509 -0.9928 0.1080
vn -0.0449 -0.9944 0.0952
vn -0.0255 -0.9944 0.1022
vn -0.0289 -0.9928 0.1159
vn -0.0388 -0.9958 0.0823
vn -0.0327 -0.9971 0.0693
vn -0.0185 -0.9971 0.0743
vn -0.0220 -0.9958 0.0883
vn -0.0265 -0.9981 0.0561
vn -0.0204 -0.9989 0.0432
vn -0.0116 -0.9989 0.0463
vn -0.0150 -0.9981 0.0602
vn -0.0146 -0.9994 0.0309
vn -0.0091 -0.9998 0.0193
vn -0.0052 -0.9998 0.0207
vn -0.0083 -0.9994 0.0332
vn -0.0041 -1.0000 0.0088
vn -0.0023 -1.0000 0.0094
vn -0.0210 -0.9988 0.0445
vn -0.0053 0.9999 0.0112
vn -0.0030 0.9999 0.0120
vn -0.0116 -0.9988 0.0466
vn -0.0261 -0.8388 0.5439
vn -0.0267 -0.8304 0.5565
vn -0.0246 -0.8583 0.5126
vn -0.0227 -0.8808 0.4729
vn -0.0206 -0.9032 0.4287
vn -0.0184 -0.9236 0.3830
vn -0.0163 -0.9408 0.3386
vn -0.0143 -0.9547 0.2972
vn -0.0125 -0.9656 0.2598
vn -0.0109 -0.9739 0.2266
vn -0.0095 -0.9802 0.1977
vn -0.0083 -0.9850 0.1726
vn -0.0073 -0.9884 0.1516
vn -0.0065 -0.9909 0.1344
vn -0.0057 -0.9928 0.1193
vn -0.0051 -0.9944 0.1052
vn -0.0044 -0.9958 0.0909
vn -0.0037 -0.9971 0.0765
vn -0.0030 -0.9981 0.0620
vn -0.0023 -0.9989 0.0477
vn -0.0016 -0.9994 0.0341
vn -0.0010 -0.9998 0.0213
vn -0.0005 -1.0000 0.0097
vn -0.0022 -0.9988 0.0493
vn -0.0006 0.9999 0.0124
vt 0.813308 0.029998
vt 0.808543 0.028130
vt 0.802558 0.028130
vt 0.807230 0.029998
vt 0.785057 0.028130
vt 0.789459 0.029998
vt 0.803449 0.026268
vt 0.797562 0.026268
vt 0.797859 0.024414
vt 0.792081 0.024414
vt 0.775186 0.024414
vt 0.780350 0.026268
vt 0.791610 0.022571
vt 0.785953 0.022571
vt 0.784537 0.020741
vt 0.779017 0.020741
vt 0.762877 0.020741
vt 0.769413 0.022571
vt 0.776473 0.018928
vt 0.771110 0.018928
vt 0.767255 0.017134
vt 0.762071 0.017134
vt 0.746912 0.017134
vt 0.755428 0.018928
vt 0.756718 0.015362
vt 0.751738 0.015362
vt 0.744697 0.013614
vt 0.739950 0.013614
vt 0.726070 0.013614
vt 0.737177 0.015362
vt 0.731026 0.011894
vt 0.726544 0.011894
vt 0.715540 0.010204
vt 0.711359 0.010204
vt 0.699133 0.010204
vt 0.713440 0.011894
vt 0.698076 0.008546
vt 0.694234 0.008546
vt 0.679341 0.006974
vt 0.675862 0.006974
vt 0.665690 0.006974
vt 0.682998 0.008546
vt 0.660044 0.005540
vt 0.656940 0.005540
vt 0.640950 0.004283
vt 0.638216 0.004283
vt 0.630221 0.004283
vt 0.647862 0.005540
vt 0.622824 0.003243
vt 0.620441 0.003243
vt 0.605584 0.002401
vt 0.603536 0.002401
vt 0.597547 0.002401
vt 0.613474 0.003243
vt 0.589151 0.001739
vt 0.587422 0.001739
vt 0.573444 0.001239
vt 0.572019 0.001239
vt 0.567853 0.001239
vt 0.582365 0.001739
vt 0.558381 0.000883
vt 0.557249 0.000883
vt 0.543883 0.000653
vt 0.543032 0.000653
vt 0.540543 0.000653
vt 0.553937 0.000883
vt 0.529869 0.000531
vt 0.529289 0.000531
vt 0.516258 0.000499
vt 0.515942 0.000499
vt 0.515020 0.000499
vt 0.527595 0.000531
vt 0.502969 0.000540
vt 0.502912 0.000540
vt 0.489923 0.000634
vt 0.490118 0.000634
vt 0.490690 0.000634
vt 0.502743 0.000540
vt 0.756496 0.028130
vt 0.760457 0.029998
vt 0.718173 0.028130
vt 0.721542 0.029998
vt 0.752261 0.026268
vt 0.747614 0.024414
vt 0.710618 0.024414
vt 0.714571 0.026268
vt 0.742419 0.022571
vt 0.736539 0.020741
vt 0.701198 0.020741
vt 0.706199 0.022571
vt 0.729836 0.018928
vt 0.722173 0.017134
vt 0.688978 0.017134
vt 0.695496 0.018928
vt 0.713413 0.015362
vt 0.703419 0.013614
vt 0.673026 0.013614
vt 0.681527 0.015362
vt 0.692055 0.011894
vt 0.679182 0.010204
vt 0.652410 0.010204
vt 0.663360 0.011894
vt 0.664663 0.008546
vt 0.649089 0.006974
vt 0.626813 0.006974
vt 0.640061 0.008546
vt 0.633047 0.005540
vt 0.617174 0.004283
vt 0.599667 0.004283
vt 0.613168 0.005540
vt 0.602105 0.003243
vt 0.587773 0.002401
vt 0.574659 0.002401
vt 0.586849 0.003243
vt 0.574112 0.001739
vt 0.561054 0.001239
vt 0.551932 0.001239
vt 0.563039 0.001739
vt 0.548533 0.000883
vt 0.536480 0.000653
vt 0.531030 0.000653
vt 0.541282 0.000883
vt 0.524830 0.000531
vt 0.513515 0.000499
vt 0.511496 0.000499
vt 0.521120 0.000531
vt 0.502468 0.000540
vt 0.491623 0.000634
vt 0.492874 0.000634
vt 0.502099 0.000540
vt 0.671385 0.028130
vt 0.674032 0.029998
vt 0.618074 0.028130
vt 0.619897 0.029998
vt 0.668555 0.026268
vt 0.665450 0.024414
vt 0.613986 0.024414
vt 0.616125 0.026268
vt 0.661979 0.022571
vt 0.658050 0.020741
vt 0.608887 0.020741
vt 0.611594 0.022571
vt 0.653571 0.018928
vt 0.648451 0.017134
vt 0.602274 0.017134
vt 0.605801 0.018928
vt 0.642598 0.015362
vt 0.635920 0.013614
vt 0.593641 0.013614
vt 0.598242 0.015362
vt 0.628327 0.011894
vt 0.619725 0.010204
vt 0.582483 0.010204
vt 0.588409 0.011894
vt 0.610024 0.008546
vt 0.599618 0.006974
vt 0.568631 0.006974
vt 0.575800 0.008546
vt 0.588899 0.005540
vt 0.578293 0.004283
vt 0.553939 0.004283
vt 0.561246 0.005540
vt 0.568224 0.003243
vt 0.558648 0.002401
vt 0.540405 0.002401
vt 0.547002 0.003243
vt 0.549520 0.001739
vt 0.540795 0.001239
vt 0.528105 0.001239
vt 0.534116 0.001739
vt 0.532429 0.000883
vt 0.524375 0.000653
vt 0.516793 0.000653
vt 0.522341 0.000883
vt 0.516591 0.000531
vt 0.509030 0.000499
vt 0.506221 0.000499
vt 0.511430 0.000531
vt 0.501649 0.000540
vt 0.494402 0.000634
vt 0.496143 0.000634
vt 0.501136 0.000540
vt 0.560182 0.028130
vt 0.561111 0.029998
vt 0.500000 0.028130
vt 0.500000 0.029998
vt 0.559188 0.026268
vt 0.558098 0.024414
vt 0.500000 0.024414
vt 0.500000 0.026268
vt 0.556879 0.022571
vt 0.555500 0.020741
vt 0.500000 0.020741
vt 0.500000 0.022571
vt 0.553927 0.018928
vt 0.552129 0.017134
vt 0.500000 0.017134
vt 0.500000 0.018928
vt 0.550073 0.015362
vt 0.547729 0.013614
vt 0.500000 0.013614
vt 0.500000 0.015362
vt 0.545062 0.011894
vt 0.542042 0.010204
vt 0.500000 0.010204
vt 0.500000 0.011894
vt 0.538635 0.008546
vt 0.534981 0.006974
vt 0.500000 0.006974
vt 0.500000 0.008546
vt 0.531217 0.005540
vt 0.527492 0.004283
vt 0.500000 0.004283
vt 0.500000 0.005540
vt 0.523957 0.003243
vt 0.520594 0.002401
vt 0.500000 0.002401
vt 0.500000 0.003243
vt 0.517389 0.001739
vt 0.514325 0.001239
vt 0.500000 0.001239
vt 0.500000 0.001739
vt 0.511387 0.000883
vt 0.508559 0.000653
vt 0.500000 0.000653
vt 0.500000 0.000883
vt 0.505826 0.000531
vt 0.503171 0.000499
vt 0.500000 0.000500
vt 0.500000 0.000531
vt 0.500579 0.000540
vt 0.498034 0.000634
vt 0.500000 0.000634
vt 0.500000 0.000540
vt 0.439817 0.028130
vt 0.438888 0.029998
vt 0.381925 0.028130
vt 0.380102 0.029998
vt 0.440811 0.026268
vt 0.441901 0.024414
vt 0.386014 0.024414
vt 0.383875 0.026268
vt 0.443120 0.022571
vt 0.444500 0.020741
vt 0.391112 0.020741
vt 0.388405 0.022571
vt 0.446072 0.018928
vt 0.447870 0.017134
vt 0.397725 0.017134
vt 0.394198 0.018928
vt 0.449926 0.015362
vt 0.452271 0.013614
vt 0.406358 0.013614
vt 0.401758 0.015362
vt 0.454937 0.011894
vt 0.457958 0.010204
vt 0.417516 0.010204
vt 0.411590 0.011894
vt 0.461364 0.008546
vt 0.465018 0.006974
vt 0.431369 0.006974
vt 0.424199 0.008546
vt 0.468782 0.005540
vt 0.472507 0.004283
vt 0.446060 0.004283
vt 0.438753 0.005540
vt 0.476042 0.003243
vt 0.479405 0.002401
vt 0.459594 0.002401
vt 0.452997 0.003243
vt 0.482610 0.001739
vt 0.485674 0.001239
vt 0.471894 0.001239
vt 0.465883 0.001739
vt 0.488612 0.000883
vt 0.491440 0.000653
vt 0.483206 0.000653
vt 0.477658 0.000883
vt 0.494173 0.000531
vt 0.496828 0.000500
vt 0.493778 0.000500
vt 0.488569 0.000531
vt 0.499420 0.000540
vt 0.501965 0.000634
vt 0.503856 0.000634
vt 0.498863 0.000540
vt 0.328614 0.028131
vt 0.325968 0.029998
vt 0.281826 0.028131
vt 0.278457 0.029998
vt 0.331444 0.026268
vt 0.334549 0.024414
vt 0.289381 0.024414
vt 0.285429 0.026268
vt 0.338020 0.022571
vt 0.341949 0.020741
vt 0.298802 0.020741
vt 0.293800 0.022571
vt 0.346428 0.018928
vt 0.351548 0.017134
vt 0.311021 0.017134
vt 0.304503 0.018928
vt 0.357401 0.015362
vt 0.364079 0.013614
vt 0.326973 0.013614
vt 0.318472 0.015362
vt 0.371673 0.011894
vt 0.380274 0.010204
vt 0.347589 0.010204
vt 0.336640 0.011894
vt 0.389975 0.008546
vt 0.400382 0.006974
vt 0.373186 0.006974
vt 0.359938 0.008546
vt 0.411100 0.005540
vt 0.421706 0.004283
vt 0.400333 0.004283
vt 0.386831 0.005540
vt 0.431775 0.003243
vt 0.441351 0.002401
vt 0.425340 0.002401
vt 0.413150 0.003243
vt 0.450479 0.001739
vt 0.459204 0.001239
vt 0.448067 0.001239
vt 0.436960 0.001739
vt 0.467571 0.000883
vt 0.475624 0.000653
vt 0.468969 0.000653
vt 0.458718 0.000883
vt 0.483408 0.000531
vt 0.490969 0.000500
vt 0.488503 0.000500
vt 0.478879 0.000531
vt 0.498350 0.000540
vt 0.505597 0.000634
vt 0.507125 0.000634
vt 0.497900 0.000540
vt 0.243503 0.028131
vt 0.239542 0.029998
vt 0.214943 0.028131
vt 0.210541 0.029998
vt 0.247738 0.026268
vt 0.252385 0.024414
vt 0.224813 0.024414
vt 0.219649 0.026268
vt 0.257580 0.022571
vt 0.263460 0.020741
vt 0.237122 0.020742
vt 0.230587 0.022571
vt 0.270164 0.018928
vt 0.277826 0.017134
vt 0.253088 0.017134
vt 0.244571 0.018928
vt 0.286586 0.015362
vt 0.296580 0.013614
vt 0.273929 0.013614
vt 0.262823 0.015362
vt 0.307945 0.011894
vt 0.320818 0.010204
vt 0.300866 0.010204
vt 0.286560 0.011894
vt 0.335336 0.008546
vt 0.350911 0.006974
vt 0.334310 0.006974
vt 0.317001 0.008546
vt 0.366952 0.005540
vt 0.382826 0.004283
vt 0.369778 0.004283
vt 0.352138 0.005540
vt 0.397894 0.003243
vt 0.412226 0.002401
vt 0.402452 0.002401
vt 0.386525 0.003243
vt 0.425887 0.001739
vt 0.438945 0.001239
vt 0.432146 0.001239
vt 0.417635 0.001739
vt 0.451466 0.000883
vt 0.463519 0.000653
vt 0.459457 0.000653
vt 0.446062 0.000883
vt 0.475169 0.000531
vt 0.486484 0.000500
vt 0.484979 0.000500
vt 0.472404 0.000531
vt 0.497531 0.000540
vt 0.508377 0.000634
vt 0.509310 0.000634
vt 0.497256 0.000540
vt 0.197442 0.028131
vt 0.192769 0.029998
vt 0.191456 0.028131
vt 0.186691 0.029998
vt 0.202437 0.026268
vt 0.207918 0.024414
vt 0.202140 0.024414
vt 0.196551 0.026268
vt 0.214046 0.022571
vt 0.220983 0.020741
vt 0.215463 0.020742
vt 0.208389 0.022571
vt 0.228890 0.018928
vt 0.237929 0.017134
vt 0.232744 0.017134
vt 0.223526 0.018928
vt 0.248261 0.015362
vt 0.260050 0.013614
vt 0.255303 0.013614
vt 0.243281 0.015362
vt 0.273456 0.011894
vt 0.288640 0.010204
vt 0.284459 0.010204
vt 0.268974 0.011894
vt 0.305766 0.008546
vt 0.324137 0.006974
vt 0.320658 0.006974
vt 0.301923 0.008546
vt 0.343060 0.005540
vt 0.361784 0.004283
vt 0.359049 0.004283
vt 0.339955 0.005540
vt 0.379558 0.003243
vt 0.396463 0.002401
vt 0.394415 0.002401
vt 0.377176 0.003243
vt 0.412578 0.001739
vt 0.427981 0.001239
vt 0.426556 0.001239
vt 0.410848 0.001739
vt 0.442751 0.000883
vt 0.456968 0.000653
vt 0.456116 0.000653
vt 0.441618 0.000883
vt 0.470710 0.000531
vt 0.484057 0.000500
vt 0.483742 0.000500
vt 0.470131 0.000531
vt 0.497088 0.000540
vt 0.509881 0.000634
vt 0.510077 0.000634
vt 0.497030 0.000540
vt 0.244572 0.018928
vt 0.396464 0.002401
vt 0.432147 0.001239
vt 0.243504 0.028131
vt 0.239543 0.029998
vt 0.281827 0.028131
vt 0.278458 0.029998
vt 0.247739 0.026268
vt 0.263461 0.020741
vt 0.298802 0.020742
vt 0.277827 0.017134
vt 0.311022 0.017134
vt 0.304504 0.018928
vt 0.318473 0.015362
vt 0.347590 0.010204
vt 0.359939 0.008546
vt 0.366953 0.005540
vt 0.397895 0.003243
vt 0.451467 0.000883
vt 0.468970 0.000653
vt 0.488504 0.000500
vt 0.328615 0.028131
vt 0.381925 0.028131
vt 0.341949 0.020742
vt 0.391112 0.020742
vt 0.351549 0.017134
vt 0.397726 0.017134
vt 0.357402 0.015362
vt 0.406359 0.013614
vt 0.411101 0.005540
vt 0.421707 0.004283
vt 0.483409 0.000531
vt 0.439817 0.028131
vt 0.500000 0.028131
vt 0.444500 0.020742
vt 0.500000 0.020742
vt 0.446073 0.018928
vt 0.447871 0.017134
vt 0.454938 0.011894
vt 0.465019 0.006974
vt 0.468783 0.005540
vt 0.476043 0.003243
vt 0.482611 0.001739
vt 0.494174 0.000531
vt 0.496829 0.000500
vt 0.499421 0.000540
vt 0.560182 0.028131
vt 0.561112 0.029998
vt 0.618074 0.028131
vt 0.619898 0.029998
vt 0.559189 0.026268
vt 0.558099 0.024414
vt 0.556880 0.022571
vt 0.605802 0.018928
vt 0.550074 0.015362
vt 0.582484 0.010204
vt 0.588410 0.011894
vt 0.527493 0.004283
vt 0.520595 0.002401
vt 0.547003 0.003243
vt 0.528106 0.001239
vt 0.534117 0.001739
vt 0.506222 0.000499
vt 0.496144 0.000634
vt 0.665451 0.024414
vt 0.661980 0.022571
vt 0.706200 0.022571
vt 0.635921 0.013614
vt 0.673027 0.013614
vt 0.610025 0.008546
vt 0.626814 0.006974
vt 0.613169 0.005540
vt 0.586850 0.003243
vt 0.551933 0.001239
vt 0.524376 0.000653
vt 0.509031 0.000500
vt 0.521121 0.000531
vt 0.502100 0.000540
vt 0.747615 0.024414
vt 0.742420 0.022571
vt 0.762878 0.020741
vt 0.703420 0.013614
vt 0.699134 0.010204
vt 0.682999 0.008546
vt 0.587774 0.002401
vt 0.574113 0.001739
vt 0.561055 0.001239
vt 0.536481 0.000653
vt 0.502469 0.000540
vt 0.515943 0.000499
s 1
f 417/1/1 1/2/2 418/3/3 209/4/4
f 14/5/5 419/6/6 209/4/4 418/3/3
f 1/2/2 420/7/7 210/8/8 418/3/3
f 420/7/7 2/9/9 421/10/10 210/8/8
f 15/11/11 422/12/12 210/8/8 421/10/10
f 422/12/12 14/5/5 418/3/3 210/8/8
f 2/9/9 423/13/13 211/14/14 421/10/10
f 423/13/13 3/15/15 424/16/16 211/14/14
f 16/17/17 425/18/18 211/14/14 424/16/16
f 425/18/18 15/11/11 421/10/10 211/14/14
f 3/15/15 426/19/19 212/20/20 424/16/16
f 426/19/19 4/21/21 427/22/22 212/20/20
f 17/23/23 428/24/24 212/20/20 427/22/22
f 428/24/24 16/17/17 424/16/16 212/20/20
f 4/21/21 429/25/25 213/26/26 427/22/22
f 429/25/25 5/27/27 430/28/28 213/26/26
f 18/29/29 431/30/30 213/26/26 430/28/28
f 431/30/30 17/23/23 427/22/22 213/26/26
f 5/27/27 432/31/31 214/32/32 430/28/28
f 432/31/31 6/33/33 433/34/34 214/32/32
f 19/35/35 434/36/36 214/32/32 433/34/34
f 434/36/36 18/29/29 430/28/28 214/32/32
f 6/33/33 435/37/37 215/38/38 433/34/34
f 435/37/37 7/39/39 436/40/40 215/38/38
f 20/41/41 437/42/42 215/38/38 436/40/40
f 437/42/42 19/35/35 433/34/34 215/38/38
f 7/39/39 438/43/43 216/44/44 436/40/40
f 438/43/43 8/45/45 439/46/46 216/44/44
f 21/47/47 440/48/48 216/44/44 439/46/46
f 440/48/48 20/41/41 436/40/40 216/44/44
f 8/45/45 441/49/49 217/50/50 439/46/46
f 441/49/49 9/51/51 442/52/52 217/50/50
f 22/53/53 443/54/54 217/50/50 442/52/52
f 443/54/54 21/47/47 439/46/46 217/50/50
f 9/51/51 444/55/55 218/56/56 442/52/52
f 444/55/55 10/57/57 445/58/58 218/56/56
f 23/59/59 446/60/60 218/56/56 445/58/58
f 446/60/60 22/53/53 442/52/52 218/56/56
f 10/57/57 447/61/61 219/62/62 445/58/58
f 447/61/61 11/63/63 448/64/64 219/62/62
f 24/65/65 449/66/66 219/62/62 448/64/64
f 449/66/66 23/59/59 445/58/58 219/62/62
f 11/63/63 450/67/67 220/68/68 448/64/64
f 450/67/67 12/69/69 451/70/70 220/68/68
f 25/71/70 452/72/71 220/68/68 451/70/70
f 452/72/71 24/65/65 448/64/64 220/68/68
f 12/69/69 453/73/72 221/74/73 451/70/70
f 453/73/72 13/75/74 454/76/75 221/74/73
f 26/77/76 455/78/77 221/74/73 454/76/75
f 455/78/77 25/71/70 451/70/70 221/74/73
f 419/6/6 14/5/5 456/79/78 222/80/79
f 27/81/80 457/82/81 222/80/79 456/79/78
f 14/5/5 422/12/12 223/83/82 456/79/78
f 422/12/12 15/11/11 458/84/83 223/83/82
f 28/85/84 459/86/85 223/83/82 458/84/83
f 459/86/85 27/81/80 456/79/78 223/83/82
f 15/11/11 425/18/18 224/87/86 458/84/83
f 425/18/18 16/17/17 460/88/87 224/87/86
f 29/89/88 461/90/89 224/87/86 460/88/87
f 461/90/89 28/85/84 458/84/83 224/87/86
f 16/17/17 428/24/24 225/91/90 460/88/87
f 428/24/24 17/23/23 462/92/91 225/91/90
f 30/93/92 463/94/93 225/91/90 462/92/91
f 463/94/93 29/89/88 460/88/87 225/91/90
f 17/23/23 431/30/30 226/95/94 462/92/91
f 431/30/30 18/29/29 464/96/95 226/95/94
f 31/97/96 465/98/97 226/95/94 464/96/95
f 465/98/97 30/93/92 462/92/91 226/95/94
f 18/29/29 434/36/36 227/99/98 464/96/95
f 434/36/36 19/35/35 466/100/99 227/99/98
f 32/101/100 467/102/101 227/99/98 466/100/99
f 467/102/101 31/97/96 464/96/95 227/99/98
f 19/35/35 437/42/42 228/103/102 466/100/99
f 437/42/42 20/41/41 468/104/103 228/103/102
f 33/105/104 469/106/105 228/103/102 468/104/103
f 469/106/105 32/101/100 466/100/99 228/103/102
f 20/41/41 440/48/48 229/107/106 468/104/103
f 440/48/48 21/47/47 470/108/107 229/107/106
f 34/109/108 471/110/109 229/107/106 470/108/107
f 471/110/109 33/105/104 468/104/103 229/107/106
f 21/47/47 443/54/54 230/111/110 470/108/107
f 443/54/54 22/53/53 472/112/111 230/111/110
f 35/113/112 473/114/113 230/111/110 472/112/111
f 473/114/113 34/109/108 470/108/107 230/111/110
f 22/53/53 446/60/60 231/115/114 472/112/111
f 446/60/60 23/59/59 474/116/115 231/115/114
f 36/117/116 475/118/117 231/115/114 474/116/115
f 475/118/117 35/113/112 472/112/111 231/115/114
f 23/59/59 449/66/66 232/119/118 474/116/115
f 449/66/66 24/65/65 476/120/119 232/119/118
f 37/121/120 477/122/121 232/119/118 476/120/119
f 477/122/121 36/117/116 474/116/115 232/119/118
f 24/65/65 452/72/71 233/123/122 476/120/119
f 452/72/71 25/71/70 478/124/123 233/123/122
f 38/125/124 479/126/125 233/123/122 478/124/123
f 479/126/125 37/121/120 476/120/119 233/123/122
f 25/71/70 455/78/77 234/127/126 478/124/123
f 455/78/77 26/77/76 480/128/127 234/127/126
f 39/129/128 481/130/129 234/127/126 480/128/127
f 481/130/129 38/125/124 478/124/123 234/127/126
f 457/82/81 27/81/80 482/131/130 235/132/131
f 40/133/132 483/134/133 235/132/131 482/131/130
f 27/81/80 459/86/85 236/135/134 482/131/130
f 459/86/85 28/85/84 484/136/135 236/135/134
f 41/137/136 485/138/137 236/135/134 484/136/135
f 485/138/137 40/133/132 482/131/130 236/135/134
f 28/85/84 461/90/89 237/139/138 484/136/135
f 461/90/89 29/89/88 486/140/139 237/139/138
f 42/141/140 487/142/141 237/139/138 486/140/139
f 487/142/141 41/137/136 484/136/135 237/139/138
f 29/89/88 463/94/93 238/143/142 486/140/139
f 463/94/93 30/93/92 488/144/143 238/143/142
f 43/145/144 489/146/145 238/143/142 488/144/143
f 489/146/145 42/141/140 486/140/139 238/143/142
f 30/93/92 465/98/97 239/147/146 488/144/143
f 465/98/97 31/97/96 490/148/147 239/147/146
f 44/149/148 491/150/149 239/147/146 490/148/147
f 491/150/149 43/145/144 488/144/143 239/147/146
f 31/97/96 467/102/101 240/151/150 490/148/147
f 467/102/101 32/101/100 492/152/151 240/151/150
f 45/153/152 493/154/153 240/151/150 492/152/151
f 493/154/153 44/149/148 490/148/147 240/151/150
f 32/101/100 469/106/105 241/155/154 492/152/151
f 469/106/105 33/105/104 494/156/155 241/155/154
f 46/157/156 495/158/157 241/155/154 494/156/155
f 495/158/157 45/153/152 492/152/151 241/155/154
f 33/105/104 471/110/109 242/159/158 494/156/155
f 471/110/109 34/109/108 496/160/159 242/159/158
f 47/161/160 497/162/161 242/159/158 496/160/159
f 497/162/161 46/157/156 494/156/155 242/159/158
f 34/109/108 473/114/113 243/163/162 496/160/159
f 473/114/113 35/113/112 498/164/163 243/163/162
f 48/165/164 499/166/165 243/163/162 498/164/163
f 499/166/165 47/161/160 496/160/159 243/163/162
f 35/113/112 475/118/117 244/167/166 498/164/163
f 475/118/117 36/117/116 500/168/167 244/167/166
f 49/169/168 501/170/169 244/167/166 500/168/167
f 501/170/169 48/165/164 498/164/163 244/167/166
f 36/117/116 477/122/121 245/171/170 500/168/167
f 477/122/121 37/121/120 502/172/171 245/171/170
f 50/173/172 503/174/173 245/171/170 502/172/171
f 503/174/173 49/169/168 500/168/167 245/171/170
f 37/121/120 479/126/125 246/175/174 502/172/171
f 479/126/125 38/125/124 504/176/124 246/175/174
f 51/177/124 505/178/175 246/175/174 504/176/124
f 505/178/175 50/173/172 502/172/171 246/175/174
f 38/125/124 481/130/129 247/179/176 504/176/124
f 481/130/129 39/129/128 506/180/177 247/179/176
f 52/181/178 507/182/179 247/179/176 506/180/177
f 507/182/179 51/177/124 504/176/124 247/179/176
f 483/134/133 40/133/132 508/183/180 248/184/181
f 53/185/182 509/186/183 248/184/181 508/183/180
f 40/133/132 485/138/137 249/187/184 508/183/180
f 485/138/137 41/137/136 510/188/185 249/187/184
f 54/189/186 511/190/187 249/187/184 510/188/185
f 511/190/187 53/185/182 508/183/180 249/187/184
f 41/137/136 487/142/141 250/191/188 510/188/185
f 487/142/141 42/141/140 512/192/189 250/191/188
f 55/193/190 513/194/191 250/191/188 512/192/189
f 513/194/191 54/189/186 510/188/185 250/191/188
f 42/141/140 489/146/145 251/195/192 512/192/189
f 489/146/145 43/145/144 514/196/193 251/195/192
f 56/197/194 515/198/195 251/195/192 514/196/193
f 515/198/195 55/193/190 512/192/189 251/195/192
f 43/145/144 491/150/149 252/199/196 514/196/193
f 491/150/149 44/149/148 516/200/197 252/199/196
f 57/201/198 517/202/199 252/199/196 516/200/197
f 517/202/199 56/197/194 514/196/193 252/199/196
f 44/149/148 493/154/153 253/203/200 516/200/197
f 493/154/153 45/153/152 518/204/201 253/203/200
f 58/205/202 519/206/203 253/203/200 518/204/201
f 519/206/203 57/201/198 516/200/197 253/203/200
f 45/153/152 495/158/157 254/207/204 518/204/201
f 495/158/157 46/157/156 520/208/205 254/207/204
f 59/209/206 521/210/207 254/207/204 520/208/205
f 521/210/207 58/205/202 518/204/201 254/207/204
f 46/157/156 497/162/161 255/211/208 520/208/205
f 497/162/161 47/161/160 522/212/209 255/211/208
f 60/213/210 523/214/211 255/211/208 522/212/209
f 523/214/211 59/209/206 520/208/205 255/211/208
f 47/161/160 499/166/165 256/215/212 522/212/209
f 499/166/165 48/165/164 524/216/213 256/215/212
f 61/217/214 525/218/215 256/215/212 524/216/213
f 525/218/215 60/213/210 522/212/209 256/215/212
f 48/165/164 501/170/169 257/219/216 524/216/213
f 501/170/169 49/169/168 526/220/217 257/219/216
f 62/221/218 527/222/219 257/219/216 526/220/217
f 527/222/219 61/217/214 524/216/213 257/219/216
f 49/169/168 503/174/173 258/223/220 526/220/217
f 503/174/173 50/173/172 528/224/221 258/223/220
f 63/225/222 529/226/223 258/223/220 528/224/221
f 529/226/223 62/221/218 526/220/217 258/223/220
f 50/173/172 505/178/175 259/227/224 528/224/221
f 505/178/175 51/177/124 530/228/225 259/227/224
f 64/229/225 531/230/226 259/227/224 530/228/225
f 531/230/226 63/225/222 528/224/221 259/227/224
f 51/177/124 507/182/179 260/231/227 530/228/225
f 507/182/179 52/181/178 532/232/228 260/231/227
f 65/233/229 533/234/230 260/231/227 532/232/228
f 533/234/230 64/229/225 530/228/225 260/231/227
f 509/186/183 53/185/182 534/235/231 261/236/232
f 66/237/233 535/238/234 261/236/232 534/235/231
f 53/185/182 511/190/187 262/239/235 534/235/231
f 511/190/187 54/189/186 536/240/236 262/239/235
f 67/241/237 537/242/238 262/239/235 536/240/236
f 537/242/238 66/237/233 534/235/231 262/239/235
f 54/189/186 513/194/191 263/243/239 536/240/236
f 513/194/191 55/193/190 538/244/240 263/243/239
f 68/245/241 539/246/242 263/243/239 538/244/240
f 539/246/242 67/241/237 536/240/236 263/243/239
f 55/193/190 515/198/195 264/247/243 538/244/240
f 515/198/195 56/197/194 540/248/244 264/247/243
f 69/249/245 541/250/246 264/247/243 540/248/244
f 541/250/246 68/245/241 538/244/240 264/247/243
f 56/197/194 517/202/199 265/251/247 540/248/244
f 517/202/199 57/201/198 542/252/248 265/251/247
f 70/253/249 543/254/250 265/251/247 542/252/248
f 543/254/250 69/249/245 540/248/244 265/251/247
f 57/201/198 519/206/203 266/255/251 542/252/248
f 519/206/203 58/205/202 544/256/252 266/255/251
f 71/257/253 545/258/254 266/255/251 544/256/252
f 545/258/254 70/253/249 542/252/248 266/255/251
f 58/205/202 521/210/207 267/259/255 544/256/252
f 521/210/207 59/209/206 546/260/256 267/259/255
f 72/261/257 547/262/258 267/259/255 546/260/256
f 547/262/258 71/257/253 544/256/252 267/259/255
f 59/209/206 523/214/211 268/263/259 546/260/256
f 523/214/211 60/213/210 548/264/260 268/263/259
f 73/265/261 549/266/262 268/263/259 548/264/260
f 549/266/262 72/261/257 546/260/256 268/263/259
f 60/213/210 525/218/215 269/267/263 548/264/260
f 525/218/215 61/217/214 550/268/264 269/267/263
f 74/269/265 551/270/266 269/267/263 550/268/264
f 551/270/266 73/265/261 548/264/260 269/267/263
f 61/217/214 527/222/219 270/271/267 550/268/264
f 527/222/219 62/221/218 552/272/268 270/271/267
f 75/273/269 553/274/270 270/271/267 552/272/268
f 553/274/270 74/269/265 550/268/264 270/271/267
f 62/221/218 529/226/223 271/275/271 552/272/268
f 529/226/223 63/225/222 554/276/272 271/275/271
f 76/277/273 555/278/274 271/275/271 554/276/272
f 555/278/274 75/273/269 552/272/268 271/275/271
f 63/225/222 531/230/226 272/279/275 554/276/272
f 531/230/226 64/229/225 556/280/276 272/279/275
f 77/281/276 557/282/277 272/279/275 556/280/276
f 557/282/277 76/277/273 554/276/272 272/279/275
f 64/229/225 533/234/230 273/283/278 556/280/276
f 533/234/230 65/233/229 558/284/279 273/283/278
f 78/285/280 559/286/281 273/283/278 558/284/279
f 559/286/281 77/281/276 556/280/276 273/283/278
f 535/238/234 66/237/233 560/287/282 274/288/283
f 79/289/284 561/290/285 274/288/283 560/287/282
f 66/237/233 537/242/238 275/291/286 560/287/282
f 537/242/238 67/241/237 562/292/287 275/291/286
f 80/293/288 563/294/289 275/291/286 562/292/287
f 563/294/289 79/289/284 560/287/282 275/291/286
f 67/241/237 539/246/242 276/295/290 562/292/287
f 539/246/242 68/245/241 564/296/291 276/295/290
f 81/297/292 565/298/293 276/295/290 564/296/291
f 565/298/293 80/293/288 562/292/287 276/295/290
f 68/245/241 541/250/246 277/299/294 564/296/291
f 541/250/246 69/249/245 566/300/295 277/299/294
f 82/301/296 567/302/297 277/299/294 566/300/295
f 567/302/297 81/297/292 564/296/291 277/299/294
f 69/249/245 543/254/250 278/303/298 566/300/295
f 543/254/250 70/253/249 568/304/299 278/303/298
f 83/305/300 569/306/301 278/303/298 568/304/299
f 569/306/301 82/301/296 566/300/295 278/303/298
f 70/253/249 545/258/254 279/307/302 568/304/299
f 545/258/254 71/257/253 570/308/303 279/307/302
f 84/309/304 571/310/305 279/307/302 570/308/303
f 571/310/305 83/305/300 568/304/299 279/307/302
f 71/257/253 547/262/258 280/311/306 570/308/303
f 547/262/258 72/261/257 572/312/307 280/311/306
f 85/313/308 573/314/309 280/311/306 572/312/307
f 573/314/309 84/309/304 570/308/303 280/311/306
f 72/261/257 549/266/262 281/315/310 572/312/307
f 549/266/262 73/265/261 574/316/311 281/315/310
f 86/317/312 575/318/313 281/315/310 574/316/311
f 575/318/313 85/313/308 572/312/307 281/315/310
f 73/265/261 551/270/266 282/319/314 574/316/311
f 551/270/266 74/269/265 576/320/315 282/319/314
f 87/321/316 577/322/317 282/319/314 576/320/315
f 577/322/317 86/317/312 574/316/311 282/319/314
f 74/269/265 553/274/270 283/323/318 576/320/315
f 553/274/270 75/273/269 578/324/319 283/323/318
f 88/325/320 579/326/321 283/323/318 578/324/319
f 579/326/321 87/321/316 576/320/315 283/323/318
f 75/273/269 555/278/274 284/327/322 578/324/319
f 555/278/274 76/277/273 580/328/323 284/327/322
f 89/329/324 581/330/325 284/327/322 580/328/323
f 581/330/325 88/325/320 578/324/319 284/327/322
f 76/277/273 557/282/277 285/331/326 580/328/323
f 557/282/277 77/281/276 582/332/327 285/331/326
f 90/333/328 583/334/329 285/331/326 582/332/327
f 583/334/329 89/329/324 580/328/323 285/331/326
f 77/281/276 559/286/281 286/335/330 582/332/327
f 559/286/281 78/285/280 584/336/331 286/335/330
f 91/337/332 585/338/333 286/335/330 584/336/331
f 585/338/333 90/333/328 582/332/327 286/335/330
f 561/290/285 79/289/284 586/339/334 287/340/335
f 92/341/336 587/342/337 287/340/335 586/339/334
f 79/289/284 563/294/289 288/343/338 586/339/334
f 563/294/289 80/293/288 588/344/339 288/343/338
f 93/345/340 589/346/341 288/343/338 588/344/339
f 589/346/341 92/341/336 586/339/334 288/343/338
f 80/293/288 565/298/293 289/347/342 588/344/339
f 565/298/293 81/297/292 590/348/343 289/347/342
f 94/349/344 591/350/345 289/347/342 590/348/343
f 591/350/345 93/345/340 588/344/339 289/347/342
f 81/297/292 567/302/297 290/351/346 590/348/343
f 567/302/297 82/301/296 592/352/347 290/351/346
f 95/353/348 593/354/349 290/351/346 592/352/347
f 593/354/349 94/349/344 590/348/343 290/351/346
f 82/301/296 569/306/301 291/355/350 592/352/347
f 569/306/301 83/305/300 594/356/351 291/355/350
f 96/357/352 595/358/353 291/355/350 594/356/351
f 595/358/353 95/353/348 592/352/347 291/355/350
f 83/305/300 571/310/305 292/359/354 594/356/351
f 571/310/305 84/309/304 596/360/355 292/359/354
f 97/361/356 597/362/357 292/359/354 596/360/355
f 597/362/357 96/357/352 594/356/351 292/359/354
f 84/309/304 573/314/309 293/363/358 596/360/355
f 573/314/309 85/313/308 598/364/359 293/363/358
f 98/365/360 599/366/361 293/363/358 598/364/359
f 599/366/361 97/361/356 596/360/355 293/363/358
f 85/313/308 575/318/313 294/367/362 598/364/359
f 575/318/313 86/317/312 600/368/363 294/367/362
f 99/369/364 601/370/365 294/367/362 600/368/363
f 601/370/365 98/365/360 598/364/359 294/367/362
f 86/317/312 577/322/317 295/371/366 600/368/363
f 577/322/317 87/321/316 602/372/367 295/371/366
f 100/373/368 603/374/369 295/371/366 602/372/367
f 603/374/369 99/369/364 600/368/363 295/371/366
f 87/321/316 579/326/321 296/375/370 602/372/367
f 579/326/321 88/325/320 604/376/371 296/375/370
f 101/377/372 605/378/373 296/375/370 604/376/371
f 605/378/373 100/373/368 602/372/367 296/375/370
f 88/325/320 581/330/325 297/379/374 604/376/371
f 581/330/325 89/329/324 606/380/375 297/379/374
f 102/381/376 607/382/377 297/379/374 606/380/375
f 607/382/377 101/377/372 604/376/371 297/379/374
f 89/329/324 583/334/329 298/383/378 606/380/375
f 583/334/329 90/333/328 608/384/328 298/383/378
f 103/385/328 609/386/379 298/383/378 608/384/328
f 609/386/379 102/381/376 606/380/375 298/383/378
f 90/333/328 585/338/333 299/387/380 608/384/328
f 585/338/333 91/337/332 610/388/381 299/387/380
f 104/389/382 611/390/383 299/387/380 610/388/381
f 611/390/383 103/385/328 608/384/328 299/387/380
f 587/342/337 92/341/336 612/391/384 300/392/385
f 105/393/386 613/394/387 300/392/385 612/391/384
f 92/341/336 589/346/341 301/395/388 612/391/384
f 589/346/341 93/345/340 614/396/389 301/395/388
f 106/397/390 615/398/391 301/395/388 614/396/389
f 615/398/391 105/393/386 612/391/384 301/395/388
f 93/345/340 591/350/345 302/399/392 614/396/389
f 591/350/345 94/349/344 616/400/393 302/399/392
f 107/401/394 617/402/395 302/399/392 616/400/393
f 617/402/395 106/397/390 614/396/389 302/399/392
f 94/349/344 593/354/349 303/403/396 616/400/393
f 593/354/349 95/353/348 618/404/397 303/403/396
f 108/405/398 619/406/399 303/403/396 618/404/397
f 619/406/399 107/401/394 616/400/393 303/403/396
f 95/353/348 595/358/353 304/407/400 618/404/397
f 595/358/353 96/357/352 620/408/401 304/407/400
f 109/409/402 621/410/403 304/407/400 620/408/401
f 621/410/403 108/405/398 618/404/397 304/407/400
f 96/357/352 597/362/357 305/411/404 620/408/401
f 597/362/357 97/361/356 622/412/405 305/411/404
f 110/413/406 623/414/407 305/411/404 622/412/405
f 623/414/407 109/409/402 620/408/401 305/411/404
f 97/361/356 599/366/361 306/415/408 622/412/405
f 599/366/361 98/365/360 624/416/409 306/415/408
f 111/417/410 625/418/411 306/415/408 624/416/409
f 625/418/411 110/413/406 622/412/405 306/415/408
f 98/365/360 601/370/365 307/419/412 624/416/409
f 601/370/365 99/369/364 626/420/413 307/419/412
f 112/421/414 627/422/415 307/419/412 626/420/413
f 627/422/415 111/417/410 624/416/409 307/419/412
f 99/369/364 603/374/369 308/423/416 626/420/413
f 603/374/369 100/373/368 628/424/417 308/423/416
f 113/425/418 629/426/419 308/423/416 628/424/417
f 629/426/419 112/421/414 626/420/413 308/423/416
f 100/373/368 605/378/373 309/427/420 628/424/417
f 605/378/373 101/377/372 630/428/421 309/427/420
f 114/429/422 631/430/423 309/427/420 630/428/421
f 631/430/423 113/425/418 628/424/417 309/427/420
f 101/377/372 607/382/377 310/431/424 630/428/421
f 607/382/377 102/381/376 632/432/425 310/431/424
f 115/433/426 633/434/427 310/431/424 632/432/425
f 633/434/427 114/429/422 630/428/421 310/431/424
f 102/381/376 609/386/379 311/435/428 632/432/425
f 609/386/379 103/385/328 634/436/429 311/435/428
f 116/437/429 635/438/430 311/435/428 634/436/429
f 635/438/430 115/433/426 632/432/425 311/435/428
f 103/385/328 611/390/383 312/439/431 634/436/429
f 611/390/383 104/389/382 636/440/432 312/439/431
f 117/441/433 637/442/434 312/439/431 636/440/432
f 637/442/434 116/437/429 634/436/429 312/439/431
f 613/394/387 105/393/386 638/391/435 313/392/436
f 118/341/437 639/342/438 313/392/436 638/391/435
f 105/393/386 615/398/391 314/395/439 638/391/435
f 615/398/391 106/397/390 640/396/440 314/395/439
f 119/345/441 641/346/442 314/395/439 640/396/440
f 641/346/442 118/341/437 638/391/435 314/395/439
f 106/397/390 617/402/395 315/399/443 640/396/440
f 617/402/395 107/401/394 642/400/444 315/399/443
f 120/349/445 643/350/446 315/399/443 642/400/444
f 643/350/446 119/345/441 640/396/440 315/399/443
f 107/401/394 619/406/399 316/403/447 642/400/444
f 619/406/399 108/405/398 644/404/448 316/403/447
f 121/353/449 645/443/450 316/403/447 644/404/448
f 645/443/450 120/349/445 642/400/444 316/403/447
f 108/405/398 621/410/403 317/407/451 644/404/448
f 621/410/403 109/409/402 646/408/452 317/407/451
f 122/357/453 647/358/454 317/407/451 646/408/452
f 647/358/454 121/353/449 644/404/448 317/407/451
f 109/409/402 623/414/407 318/411/455 646/408/452
f 623/414/407 110/413/406 648/412/456 318/411/455
f 123/361/457 649/362/458 318/411/455 648/412/456
f 649/362/458 122/357/453 646/408/452 318/411/455
f 110/413/406 625/418/411 319/415/459 648/412/456
f 625/418/411 111/417/410 650/416/460 319/415/459
f 124/365/461 651/366/462 319/415/459 650/416/460
f 651/366/462 123/361/457 648/412/456 319/415/459
f 111/417/410 627/422/415 320/419/463 650/416/460
f 627/422/415 112/421/414 652/420/464 320/419/463
f 125/369/465 653/370/466 320/419/463 652/420/464
f 653/370/466 124/365/461 650/416/460 320/419/463
f 112/421/414 629/426/419 321/423/467 652/420/464
f 629/426/419 113/425/418 654/444/468 321/423/467
f 126/373/469 655/374/470 321/423/467 654/444/468
f 655/374/470 125/369/465 652/420/464 321/423/467
f 113/425/418 631/430/423 322/427/471 654/444/468
f 631/430/423 114/429/422 656/428/472 322/427/471
f 127/445/473 657/378/474 322/427/471 656/428/472
f 657/378/474 126/373/469 654/444/468 322/427/471
f 114/429/422 633/434/427 323/431/475 656/428/472
f 633/434/427 115/433/426 658/432/476 323/431/475
f 128/381/477 659/382/478 323/431/475 658/432/476
f 659/382/478 127/445/473 656/428/472 323/431/475
f 115/433/426 635/438/430 324/435/479 658/432/476
f 635/438/430 116/437/429 660/436/480 324/435/479
f 129/385/480 661/386/481 324/435/479 660/436/480
f 661/386/481 128/381/477 658/432/476 324/435/479
f 116/437/429 637/442/434 325/439/482 660/436/480
f 637/442/434 117/441/433 662/440/483 325/439/482
f 130/389/484 663/390/485 325/439/482 662/440/483
f 663/390/485 129/385/480 660/436/480 325/439/482
f 639/342/438 118/341/437 664/446/486 326/447/487
f 131/448/488 665/449/489 326/447/487 664/446/486
f 118/341/437 641/346/442 327/450/490 664/446/486
f 641/346/442 119/345/441 666/344/491 327/450/490
f 132/293/492 667/294/493 327/450/490 666/344/491
f 667/294/493 131/448/488 664/446/486 327/450/490
f 119/345/441 643/350/446 328/347/494 666/344/491
f 643/350/446 120/349/445 668/451/495 328/347/494
f 133/452/496 669/298/497 328/347/494 668/451/495
f 669/298/497 132/293/492 666/344/491 328/347/494
f 120/349/445 645/443/450 329/351/498 668/451/495
f 645/443/450 121/353/449 670/453/499 329/351/498
f 134/454/500 671/455/501 329/351/498 670/453/499
f 671/455/501 133/452/496 668/451/495 329/351/498
f 121/353/449 647/358/454 330/355/502 670/453/499
f 647/358/454 122/357/453 672/356/503 330/355/502
f 135/305/504 673/456/505 330/355/502 672/356/503
f 673/456/505 134/454/500 670/453/499 330/355/502
f 122/357/453 649/362/458 331/359/506 672/356/503
f 649/362/458 123/361/457 674/360/507 331/359/506
f 136/457/508 675/310/509 331/359/506 674/360/507
f 675/310/509 135/305/504 672/356/503 331/359/506
f 123/361/457 651/366/462 332/363/510 674/360/507
f 651/366/462 124/365/461 676/364/511 332/363/510
f 137/313/512 677/458/513 332/363/510 676/364/511
f 677/458/513 136/457/508 674/360/507 332/363/510
f 124/365/461 653/370/466 333/459/514 676/364/511
f 653/370/466 125/369/465 678/368/515 333/459/514
f 138/317/516 679/318/517 333/459/514 678/368/515
f 679/318/517 137/313/512 676/364/511 333/459/514
f 125/369/465 655/374/470 334/460/518 678/368/515
f 655/374/470 126/373/469 680/372/519 334/460/518
f 139/321/520 681/322/521 334/460/518 680/372/519
f 681/322/521 138/317/516 678/368/515 334/460/518
f 126/373/469 657/378/474 335/375/522 680/372/519
f 657/378/474 127/445/473 682/376/523 335/375/522
f 140/325/524 683/326/525 335/375/522 682/376/523
f 683/326/525 139/321/520 680/372/519 335/375/522
f 127/445/473 659/382/478 336/461/526 682/376/523
f 659/382/478 128/381/477 684/380/527 336/461/526
f 141/462/528 685/330/529 336/461/526 684/380/527
f 685/330/529 140/325/524 682/376/523 336/461/526
f 128/381/477 661/386/481 337/383/530 684/380/527
f 661/386/481 129/385/480 686/384/531 337/383/530
f 142/463/532 687/334/533 337/383/530 686/384/531
f 687/334/533 141/462/528 684/380/527 337/383/530
f 129/385/480 663/390/485 338/387/534 686/384/531
f 663/390/485 130/389/484 688/388/535 338/387/534
f 143/337/536 689/338/537 338/387/534 688/388/535
f 689/338/537 142/463/532 686/384/531 338/387/534
f 665/449/489 131/448/488 690/464/538 339/288/539
f 144/465/540 691/238/541 339/288/539 690/464/538
f 131/448/488 667/294/493 340/291/542 690/464/538
f 667/294/493 132/293/492 692/292/543 340/291/542
f 145/241/544 693/242/545 340/291/542 692/292/543
f 693/242/545 144/465/540 690/464/538 340/291/542
f 132/293/492 669/298/497 341/295/546 692/292/543
f 669/298/497 133/452/496 694/466/547 341/295/546
f 146/467/548 695/246/549 341/295/546 694/466/547
f 695/246/549 145/241/544 692/292/543 341/295/546
f 133/452/496 671/455/501 342/299/550 694/466/547
f 671/455/501 134/454/500 696/468/551 342/299/550
f 147/469/552 697/250/553 342/299/550 696/468/551
f 697/250/553 146/467/548 694/466/547 342/299/550
f 134/454/500 673/456/505 343/470/554 696/468/551
f 673/456/505 135/305/504 698/304/555 343/470/554
f 148/471/556 699/254/557 343/470/554 698/304/555
f 699/254/557 147/469/552 696/468/551 343/470/554
f 135/305/504 675/310/509 344/307/558 698/304/555
f 675/310/509 136/457/508 700/308/559 344/307/558
f 149/257/560 701/258/561 344/307/558 700/308/559
f 701/258/561 148/471/556 698/304/555 344/307/558
f 136/457/508 677/458/513 345/311/562 700/308/559
f 677/458/513 137/313/512 702/312/563 345/311/562
f 150/261/564 703/262/565 345/311/562 702/312/563
f 703/262/565 149/257/560 700/308/559 345/311/562
f 137/313/512 679/318/517 346/472/566 702/312/563
f 679/318/517 138/317/516 704/473/567 346/472/566
f 151/265/568 705/266/569 346/472/566 704/473/567
f 705/266/569 150/261/564 702/312/563 346/472/566
f 138/317/516 681/322/521 347/319/570 704/473/567
f 681/322/521 139/321/520 706/320/571 347/319/570
f 152/269/572 707/270/573 347/319/570 706/320/571
f 707/270/573 151/265/568 704/473/567 347/319/570
f 139/321/520 683/326/525 348/323/574 706/320/571
f 683/326/525 140/325/524 708/324/575 348/323/574
f 153/273/576 709/274/577 348/323/574 708/324/575
f 709/274/577 152/269/572 706/320/571 348/323/574
f 140/325/524 685/330/529 349/327/578 708/324/575
f 685/330/529 141/462/528 710/328/579 349/327/578
f 154/277/580 711/278/581 349/327/578 710/328/579
f 711/278/581 153/273/576 708/324/575 349/327/578
f 141/462/528 687/334/533 350/474/582 710/328/579
f 687/334/533 142/463/532 712/332/532 350/474/582
f 155/281/532 713/282/583 350/474/582 712/332/532
f 713/282/583 154/277/580 710/328/579 350/474/582
f 142/463/532 689/338/537 351/335/584 712/332/532
f 689/338/537 143/337/536 714/336/585 351/335/584
f 156/285/586 715/286/587 351/335/584 714/336/585
f 715/286/587 155/281/532 712/332/532 351/335/584
f 691/238/541 144/465/540 716/475/588 352/236/589
f 157/476/590 717/186/591 352/236/589 716/475/588
f 144/465/540 693/242/545 353/239/592 716/475/588
f 693/242/545 145/241/544 718/240/593 353/239/592
f 158/189/594 719/190/595 353/239/592 718/240/593
f 719/190/595 157/476/590 716/475/588 353/239/592
f 145/241/544 695/246/549 354/243/596 718/240/593
f 695/246/549 146/467/548 720/477/597 354/243/596
f 159/478/598 721/194/599 354/243/596 720/477/597
f 721/194/599 158/189/594 718/240/593 354/243/596
f 146/467/548 697/250/553 355/479/600 720/477/597
f 697/250/553 147/469/552 722/480/601 355/479/600
f 160/197/602 723/198/603 355/479/600 722/480/601
f 723/198/603 159/478/598 720/477/597 355/479/600
f 147/469/552 699/254/557 356/251/604 722/480/601
f 699/254/557 148/471/556 724/252/605 356/251/604
f 161/201/606 725/202/607 356/251/604 724/252/605
f 725/202/607 160/197/602 722/480/601 356/251/604
f 148/471/556 701/258/561 357/481/608 724/252/605
f 701/258/561 149/257/560 726/256/609 357/481/608
f 162/205/610 727/206/611 357/481/608 726/256/609
f 727/206/611 161/201/606 724/252/605 357/481/608
f 149/257/560 703/262/565 358/259/612 726/256/609
f 703/262/565 150/261/564 728/482/613 358/259/612
f 163/209/614 729/210/615 358/259/612 728/482/613
f 729/210/615 162/205/610 726/256/609 358/259/612
f 150/261/564 705/266/569 359/483/616 728/482/613
f 705/266/569 151/265/568 730/264/617 359/483/616
f 164/213/618 731/214/619 359/483/616 730/264/617
f 731/214/619 163/209/614 728/482/613 359/483/616
f 151/265/568 707/270/573 360/484/620 730/264/617
f 707/270/573 152/269/572 732/268/621 360/484/620
f 165/217/622 733/218/623 360/484/620 732/268/621
f 733/218/623 164/213/618 730/264/617 360/484/620
f 152/269/572 709/274/577 361/485/624 732/268/621
f 709/274/577 153/273/576 734/272/625 361/485/624
f 166/221/626 735/222/627 361/485/624 734/272/625
f 735/222/627 165/217/622 732/268/621 361/485/624
f 153/273/576 711/278/581 362/275/628 734/272/625
f 711/278/581 154/277/580 736/276/629 362/275/628
f 167/225/630 737/226/631 362/275/628 736/276/629
f 737/226/631 166/221/626 734/272/625 362/275/628
f 154/277/580 713/282/583 363/486/632 736/276/629
f 713/282/583 155/281/532 738/487/633 363/486/632
f 168/229/633 739/230/634 363/486/632 738/487/633
f 739/230/634 167/225/630 736/276/629 363/486/632
f 155/281/532 715/286/587 364/488/635 738/487/633
f 715/286/587 156/285/586 740/284/636 364/488/635
f 169/233/637 741/234/638 364/488/635 740/284/636
f 741/234/638 168/229/633 738/487/633 364/488/635
f 717/186/591 157/476/590 742/489/639 365/490/640
f 170/491/641 743/492/642 365/490/640 742/489/639
f 157/476/590 719/190/595 366/493/643 742/489/639
f 719/190/595 158/189/594 744/494/644 366/493/643
f 171/137/645 745/138/646 366/493/643 744/494/644
f 745/138/646 170/491/641 742/489/639 366/493/643
f 158/189/594 721/194/599 367/495/647 744/494/644
f 721/194/599 159/478/598 746/192/648 367/495/647
f 172/141/649 747/142/650 367/495/647 746/192/648
f 747/142/650 171/137/645 744/494/644 367/495/647
f 159/478/598 723/198/603 368/195/651 746/192/648
f 723/198/603 160/197/602 748/196/652 368/195/651
f 173/145/653 749/496/654 368/195/651 748/196/652
f 749/496/654 172/141/649 746/192/648 368/195/651
f 160/197/602 725/202/607 369/497/655 748/196/652
f 725/202/607 161/201/606 750/200/656 369/497/655
f 174/149/657 751/150/658 369/497/655 750/200/656
f 751/150/658 173/145/653 748/196/652 369/497/655
f 161/201/606 727/206/611 370/203/659 750/200/656
f 727/206/611 162/205/610 752/204/660 370/203/659
f 175/498/661 753/499/662 370/203/659 752/204/660
f 753/499/662 174/149/657 750/200/656 370/203/659
f 162/205/610 729/210/615 371/207/663 752/204/660
f 729/210/615 163/209/614 754/208/664 371/207/663
f 176/157/665 755/158/666 371/207/663 754/208/664
f 755/158/666 175/498/661 752/204/660 371/207/663
f 163/209/614 731/214/619 372/211/667 754/208/664
f 731/214/619 164/213/618 756/500/668 372/211/667
f 177/161/669 757/162/670 372/211/667 756/500/668
f 757/162/670 176/157/665 754/208/664 372/211/667
f 164/213/618 733/218/623 373/215/671 756/500/668
f 733/218/623 165/217/622 758/501/672 373/215/671
f 178/165/673 759/502/674 373/215/671 758/501/672
f 759/502/674 177/161/669 756/500/668 373/215/671
f 165/217/622 735/222/627 374/219/675 758/501/672
f 735/222/627 166/221/626 760/220/676 374/219/675
f 179/503/677 761/504/678 374/219/675 760/220/676
f 761/504/678 178/165/673 758/501/672 374/219/675
f 166/221/626 737/226/631 375/223/679 760/220/676
f 737/226/631 167/225/630 762/224/680 375/223/679
f 180/173/681 763/174/682 375/223/679 762/224/680
f 763/174/682 179/503/677 760/220/676 375/223/679
f 167/225/630 739/230/634 376/227/683 762/224/680
f 739/230/634 168/229/633 764/228/684 376/227/683
f 181/505/684 765/178/685 376/227/683 764/228/684
f 765/178/685 180/173/681 762/224/680 376/227/683
f 168/229/633 741/234/638 377/231/686 764/228/684
f 741/234/638 169/233/637 766/232/687 377/231/686
f 182/506/688 767/182/689 377/231/686 766/232/687
f 767/182/689 181/505/684 764/228/684 377/231/686
f 743/492/642 170/491/641 768/131/690 378/132/691
f 183/81/692 769/82/693 378/132/691 768/131/690
f 170/491/641 745/138/646 379/135/694 768/131/690
f 745/138/646 171/137/645 770/507/695 379/135/694
f 184/85/696 771/86/697 379/135/694 770/507/695
f 771/86/697 183/81/692 768/131/690 379/135/694
f 171/137/645 747/142/650 380/508/698 770/507/695
f 747/142/650 172/141/649 772/140/699 380/508/698
f 185/89/700 773/509/701 380/508/698 772/140/699
f 773/509/701 184/85/696 770/507/695 380/508/698
f 172/141/649 749/496/654 381/143/702 772/140/699
f 749/496/654 173/145/653 774/144/703 381/143/702
f 186/93/704 775/94/705 381/143/702 774/144/703
f 775/94/705 185/89/700 772/140/699 381/143/702
f 173/145/653 751/150/658 382/147/706 774/144/703
f 751/150/658 174/149/657 776/510/707 382/147/706
f 187/511/708 777/98/709 382/147/706 776/510/707
f 777/98/709 186/93/704 774/144/703 382/147/706
f 174/149/657 753/499/662 383/151/710 776/510/707
f 753/499/662 175/498/661 778/152/711 383/151/710
f 188/101/712 779/102/713 383/151/710 778/152/711
f 779/102/713 187/511/708 776/510/707 383/151/710
f 175/498/661 755/158/666 384/512/714 778/152/711
f 755/158/666 176/157/665 780/156/715 384/512/714
f 189/513/716 781/106/717 384/512/714 780/156/715
f 781/106/717 188/101/712 778/152/711 384/512/714
f 176/157/665 757/162/670 385/159/718 780/156/715
f 757/162/670 177/161/669 782/160/719 385/159/718
f 190/109/720 783/514/721 385/159/718 782/160/719
f 783/514/721 189/513/716 780/156/715 385/159/718
f 177/161/669 759/502/674 386/163/722 782/160/719
f 759/502/674 178/165/673 784/164/723 386/163/722
f 191/113/724 785/515/725 386/163/722 784/164/723
f 785/515/725 190/109/720 782/160/719 386/163/722
f 178/165/673 761/504/678 387/167/726 784/164/723
f 761/504/678 179/503/677 786/168/727 387/167/726
f 192/516/728 787/118/729 387/167/726 786/168/727
f 787/118/729 191/113/724 784/164/723 387/167/726
f 179/503/677 763/174/682 388/171/730 786/168/727
f 763/174/682 180/173/681 788/517/731 388/171/730
f 193/121/732 789/122/733 388/171/730 788/517/731
f 789/122/733 192/516/728 786/168/727 388/171/730
f 180/173/681 765/178/685 389/175/734 788/517/731
f 765/178/685 181/505/684 790/518/735 389/175/734
f 194/125/736 791/519/737 389/175/734 790/518/735
f 791/519/737 193/121/732 788/517/731 389/175/734
f 181/505/684 767/182/689 390/179/738 790/518/735
f 767/182/689 182/506/688 792/180/739 390/179/738
f 195/129/740 793/520/741 390/179/738 792/180/739
f 793/520/741 194/125/736 790/518/735 390/179/738
f 769/82/693 183/81/692 794/79/742 391/80/743
f 196/5/744 795/6/745 391/80/743 794/79/742
f 183/81/692 771/86/697 392/83/746 794/79/742
f 771/86/697 184/85/696 796/521/747 392/83/746
f 197/11/748 797/12/749 392/83/746 796/521/747
f 797/12/749 196/5/744 794/79/742 392/83/746
f 184/85/696 773/509/701 393/522/750 796/521/747
f 773/509/701 185/89/700 798/88/751 393/522/750
f 198/523/752 799/18/753 393/522/750 798/88/751
f 799/18/753 197/11/748 796/521/747 393/522/750
f 185/89/700 775/94/705 394/91/754 798/88/751
f 775/94/705 186/93/704 800/92/755 394/91/754
f 199/23/756 801/24/757 394/91/754 800/92/755
f 801/24/757 198/523/752 798/88/751 394/91/754
f 186/93/704 777/98/709 395/95/758 800/92/755
f 777/98/709 187/511/708 802/524/759 395/95/758
f 200/29/760 803/30/761 395/95/758 802/524/759
f 803/30/761 199/23/756 800/92/755 395/95/758
f 187/511/708 779/102/713 396/99/762 802/524/759
f 779/102/713 188/101/712 804/100/763 396/99/762
f 201/525/764 805/36/765 396/99/762 804/100/763
f 805/36/765 200/29/760 802/524/759 396/99/762
f 188/101/712 781/106/717 397/103/766 804/100/763
f 781/106/717 189/513/716 806/104/767 397/103/766
f 202/41/768 807/526/769 397/103/766 806/104/767
f 807/526/769 201/525/764 804/100/763 397/103/766
f 189/513/716 783/514/721 398/107/770 806/104/767
f 783/514/721 190/109/720 808/108/771 398/107/770
f 203/47/772 809/48/773 398/107/770 808/108/771
f 809/48/773 202/41/768 806/104/767 398/107/770
f 190/109/720 785/515/725 399/111/774 808/108/771
f 785/515/725 191/113/724 810/527/775 399/111/774
f 204/53/776 811/54/777 399/111/774 810/527/775
f 811/54/777 203/47/772 808/108/771 399/111/774
f 191/113/724 787/118/729 400/528/778 810/527/775
f 787/118/729 192/516/728 812/529/779 400/528/778
f 205/59/780 813/60/781 400/528/778 812/529/779
f 813/60/781 204/53/776 810/527/775 400/528/778
f 192/516/728 789/122/733 401/119/782 812/529/779
f 789/122/733 193/121/732 814/530/783 401/119/782
f 206/65/784 815/66/785 401/119/782 814/530/783
f 815/66/785 205/59/780 812/529/779 401/119/782
f 193/121/732 791/519/737 402/123/786 814/530/783
f 791/519/737 194/125/736 816/124/736 402/123/786
f 207/71/736 817/72/787 402/123/786 816/124/736
f 817/72/787 206/65/784 814/530/783 402/123/786
f 194/125/736 793/520/741 403/531/788 816/124/736
f 793/520/741 195/129/740 818/128/789 403/531/788
f 208/77/790 819/78/791 403/531/788 818/128/789
f 819/78/791 207/71/736 816/124/736 403/531/788
f 795/6/745 196/5/744 820/3/792 404/4/793
f 1/2/2 417/1/1 404/4/793 820/3/792
f 196/5/744 797/12/749 405/8/794 820/3/792
f 797/12/749 197/11/748 821/10/795 405/8/794
f 2/9/9 420/7/7 405/8/794 821/10/795
f 420/7/7 1/2/2 820/3/792 405/8/794
f 197/11/748 799/18/753 406/14/796 821/10/795
f 799/18/753 198/523/752 822/16/797 406/14/796
f 3/15/15 423/13/13 406/14/796 822/16/797
f 423/13/13 2/9/9 821/10/795 406/14/796
f 198/523/752 801/24/757 407/20/798 822/16/797
f 801/24/757 199/23/756 823/22/799 407/20/798
f 4/21/21 426/19/19 407/20/798 823/22/799
f 426/19/19 3/15/15 822/16/797 407/20/798
f 199/23/756 803/30/761 408/26/800 823/22/799
f 803/30/761 200/29/760 824/28/801 408/26/800
f 5/27/27 429/25/25 408/26/800 824/28/801
f 429/25/25 4/21/21 823/22/799 408/26/800
f 200/29/760 805/36/765 409/32/802 824/28/801
f 805/36/765 201/525/764 825/34/803 409/32/802
f 6/33/33 432/31/31 409/32/802 825/34/803
f 432/31/31 5/27/27 824/28/801 409/32/802
f 201/525/764 807/526/769 410/38/804 825/34/803
f 807/526/769 202/41/768 826/40/805 410/38/804
f 7/39/39 435/37/37 410/38/804 826/40/805
f 435/37/37 6/33/33 825/34/803 410/38/804
f 202/41/768 809/48/773 411/44/806 826/40/805
f 809/48/773 203/47/772 827/46/807 411/44/806
f 8/45/45 438/43/43 411/44/806 827/46/807
f 438/43/43 7/39/39 826/40/805 411/44/806
f 203/47/772 811/54/777 412/50/808 827/46/807
f 811/54/777 204/53/776 828/52/809 412/50/808
f 9/51/51 441/49/49 412/50/808 828/52/809
f 441/49/49 8/45/45 827/46/807 412/50/808
f 204/53/776 813/60/781 413/56/810 828/52/809
f 813/60/781 205/59/780 829/58/811 413/56/810
f 10/57/57 444/55/55 413/56/810 829/58/811
f 444/55/55 9/51/51 828/52/809 413/56/810
f 205/59/780 815/66/785 414/62/812 829/58/811
f 815/66/785 206/65/784 830/64/813 414/62/812
f 11/63/63 447/61/61 414/62/812 830/64/813
f 447/61/61 10/57/57 829/58/811 414/62/812
f 206/65/784 817/72/787 415/68/814 830/64/813
f 817/72/787 207/71/736 831/532/69 415/68/814
f 12/69/69 450/67/67 415/68/814 831/532/69
f 450/67/67 11/63/63 830/64/813 415/68/814
f 207/71/736 819/78/791 416/74/815 831/532/69
f 819/78/791 208/77/790 832/76/816 416/74/815
f 13/75/74 453/73/72 416/74/815 832/76/816
f 453/73/72 12/69/69 831/532/69 416/74/815
o TC4.001
v 0.203150 0.368672 0.149363
v 0.203028 0.367542 0.148545
v 0.202932 0.366768 0.147902
v 0.202861 0.366217 0.147426
v 0.202807 0.365699 0.147063
v 0.202761 0.365023 0.146759
v 0.202716 0.363996 0.146459
v 0.202667 0.362440 0.146128
v 0.202623 0.360286 0.145837
v 0.202601 0.357689 0.145684
v 0.202599 0.354872 0.145675
v 0.202617 0.352065 0.145796
v 0.202653 0.349496 0.146037
v 0.202705 0.347391 0.146387
v 0.202772 0.345917 0.146833
v 0.202852 0.344840 0.147369
v 0.202953 0.343805 0.148040
v 0.203086 0.342757 0.148931
v 0.203265 0.341696 0.150131
v 0.203503 0.340623 0.151726
v 0.203814 0.339537 0.153807
v 0.204215 0.338449 0.156489
v 0.204746 0.337421 0.160038
v 0.205423 0.336426 0.164567
v 0.206224 0.335313 0.169927
v 0.207120 0.333917 0.175927
v 0.208084 0.332072 0.182377
v 0.209087 0.329612 0.189087
v 0.210096 0.326443 0.195836
v 0.211053 0.322910 0.202238
v 0.211920 0.319344 0.208045
v 0.212702 0.315622 0.213277
v 0.213408 0.311549 0.217996
v 0.214045 0.306928 0.222262
v 0.214624 0.301565 0.226138
v 0.215158 0.295199 0.229708
v 0.215672 0.287222 0.233145
v 0.216154 0.277199 0.236372
v 0.216550 0.265187 0.239025
v 0.216800 0.251317 0.240696
v 0.216843 0.235721 0.240982
v 0.216618 0.218530 0.239475
v 0.216086 0.199964 0.235916
v 0.215348 0.180810 0.230979
v 0.214563 0.162075 0.225730
v 0.213797 0.144372 0.220604
v 0.213097 0.128243 0.215919
v 0.212510 0.114227 0.211994
v 0.212085 0.102866 0.209146
v 0.211716 0.087014 0.206677
v 0.210765 0.029728 0.200313
v 0.210365 -0.019225 0.197641
v 0.198668 -0.038686 0.119371
v 0.197751 -0.038571 0.113237
v 0.213393 0.368672 0.145685
v 0.212967 0.367542 0.144976
v 0.212632 0.366768 0.144419
v 0.212385 0.366217 0.144007
v 0.212196 0.365699 0.143692
v 0.212037 0.365023 0.143429
v 0.211881 0.363996 0.143169
v 0.211708 0.362440 0.142881
v 0.211557 0.360286 0.142629
v 0.211478 0.357689 0.142497
v 0.211472 0.354872 0.142489
v 0.211536 0.352065 0.142594
v 0.211661 0.349496 0.142803
v 0.211843 0.347391 0.143106
v 0.212076 0.345917 0.143493
v 0.212355 0.344840 0.143957
v 0.212704 0.343805 0.144539
v 0.213169 0.342757 0.145311
v 0.213793 0.341696 0.146351
v 0.214624 0.340623 0.147734
v 0.215708 0.339537 0.149537
v 0.217104 0.338449 0.151862
v 0.218952 0.337421 0.154937
v 0.221311 0.336426 0.158863
v 0.224102 0.335313 0.163508
v 0.227227 0.333917 0.168708
v 0.230586 0.332072 0.174298
v 0.234080 0.329612 0.180114
v 0.237594 0.326443 0.185963
v 0.240928 0.322910 0.191512
v 0.243953 0.319344 0.196545
v 0.246677 0.315622 0.201079
v 0.249134 0.311549 0.205168
v 0.251356 0.306928 0.208866
v 0.253375 0.301565 0.212226
v 0.255233 0.295199 0.215319
v 0.257023 0.287222 0.218298
v 0.258704 0.277199 0.221095
v 0.260085 0.265187 0.223394
v 0.260956 0.251317 0.224843
v 0.261105 0.235721 0.225090
v 0.260320 0.218530 0.223785
v 0.258467 0.199964 0.220700
v 0.255895 0.180810 0.216421
v 0.253162 0.162075 0.211872
v 0.250493 0.144372 0.207429
v 0.248053 0.128243 0.203369
v 0.246009 0.114227 0.199967
v 0.244526 0.102866 0.197499
v 0.243240 0.087014 0.195359
v 0.239926 0.029728 0.189843
v 0.238534 -0.019225 0.187527
v 0.197775 -0.038686 0.119691
v 0.194580 -0.038571 0.114375
v 0.221449 0.368672 0.138368
v 0.220784 0.367542 0.137876
v 0.220262 0.366768 0.137489
v 0.219875 0.366217 0.137203
v 0.219580 0.365699 0.136985
v 0.219333 0.365023 0.136802
v 0.219089 0.363996 0.136622
v 0.218820 0.362440 0.136422
v 0.218583 0.360286 0.136247
v 0.218459 0.357689 0.136155
v 0.218451 0.354872 0.136150
v 0.218550 0.352065 0.136223
v 0.218746 0.349495 0.136368
v 0.219030 0.347391 0.136578
v 0.219393 0.345917 0.136846
v 0.219828 0.344840 0.137168
v 0.220374 0.343805 0.137572
v 0.221099 0.342757 0.138108
v 0.222073 0.341696 0.138830
v 0.223370 0.340623 0.139789
v 0.225061 0.339537 0.141041
v 0.227241 0.338449 0.142654
v 0.230126 0.337421 0.144788
v 0.233807 0.336426 0.147512
v 0.238163 0.335313 0.150736
v 0.243040 0.333917 0.154344
v 0.248283 0.332072 0.158223
v 0.253736 0.329612 0.162259
v 0.259222 0.326443 0.166318
v 0.264425 0.322910 0.170169
v 0.269145 0.319344 0.173661
v 0.273398 0.315622 0.176808
v 0.277233 0.311549 0.179646
v 0.280701 0.306928 0.182212
v 0.283851 0.301565 0.184543
v 0.286752 0.295199 0.186690
v 0.289546 0.287222 0.188757
v 0.292169 0.277199 0.190698
v 0.294325 0.265187 0.192293
v 0.295684 0.251317 0.193298
v 0.295916 0.235721 0.193470
v 0.294691 0.218530 0.192564
v 0.291798 0.199964 0.190423
v 0.287785 0.180810 0.187454
v 0.283519 0.162075 0.184297
v 0.279353 0.144372 0.181214
v 0.275545 0.128243 0.178397
v 0.272355 0.114227 0.176036
v 0.270040 0.102866 0.174323
v 0.268033 0.087014 0.172838
v 0.262860 0.029728 0.169011
v 0.260689 -0.019225 0.167403
v 0.197072 -0.038686 0.120330
v 0.192086 -0.038571 0.116641
v 0.226092 0.368672 0.128524
v 0.225289 0.367542 0.128324
v 0.224658 0.366768 0.128167
v 0.224192 0.366217 0.128051
v 0.223836 0.365699 0.127962
v 0.223537 0.365023 0.127888
v 0.223243 0.363996 0.127814
v 0.222917 0.362440 0.127733
v 0.222632 0.360286 0.127662
v 0.222483 0.357689 0.127625
v 0.222473 0.354872 0.127622
v 0.222592 0.352065 0.127652
v 0.222829 0.349495 0.127711
v 0.223172 0.347391 0.127797
v 0.223610 0.345917 0.127906
v 0.224135 0.344840 0.128037
v 0.224794 0.343805 0.128201
v 0.225668 0.342757 0.128419
v 0.226845 0.341696 0.128712
v 0.228410 0.340623 0.129103
v 0.230452 0.339537 0.129612
v 0.233083 0.338449 0.130268
v 0.236565 0.337421 0.131136
v 0.241008 0.336426 0.132244
v 0.246266 0.335313 0.133555
v 0.252153 0.333917 0.135022
v 0.258481 0.332072 0.136600
v 0.265064 0.329612 0.138241
v 0.271685 0.326443 0.139892
v 0.277966 0.322910 0.141458
v 0.283663 0.319344 0.142879
v 0.288796 0.315622 0.144158
v 0.293425 0.311549 0.145313
v 0.297611 0.306928 0.146356
v 0.301414 0.301565 0.147304
v 0.304916 0.295199 0.148178
v 0.308288 0.287222 0.149018
v 0.311454 0.277199 0.149808
v 0.314056 0.265187 0.150457
v 0.315696 0.251317 0.150865
v 0.315976 0.235721 0.150935
v 0.314498 0.218530 0.150567
v 0.311007 0.199964 0.149696
v 0.306163 0.180810 0.148488
v 0.301014 0.162075 0.147205
v 0.295984 0.144372 0.145951
v 0.291388 0.128243 0.144805
v 0.287537 0.114227 0.143845
v 0.284743 0.102866 0.143148
v 0.282321 0.087014 0.142544
v 0.276077 0.029728 0.140987
v 0.273455 -0.019225 0.140334
v 0.196667 -0.038686 0.121188
v 0.190649 -0.038571 0.119688
v 0.226614 0.368672 0.117654
v 0.225796 0.367542 0.117776
v 0.225153 0.366768 0.117872
v 0.224677 0.366217 0.117943
v 0.224314 0.365699 0.117998
v 0.224010 0.365023 0.118043
v 0.223710 0.363996 0.118088
v 0.223378 0.362440 0.118137
v 0.223088 0.360286 0.118181
v 0.222935 0.357689 0.118204
v 0.222925 0.354872 0.118205
v 0.223047 0.352065 0.118187
v 0.223288 0.349495 0.118151
v 0.223638 0.347391 0.118099
v 0.224084 0.345917 0.118032
v 0.224620 0.344840 0.117952
v 0.225291 0.343805 0.117852
v 0.226182 0.342757 0.117718
v 0.227382 0.341696 0.117539
v 0.228977 0.340623 0.117301
v 0.231058 0.339537 0.116990
v 0.233740 0.338449 0.116589
v 0.237289 0.337421 0.116058
v 0.241818 0.336426 0.115382
v 0.247178 0.335313 0.114581
v 0.253178 0.333917 0.113684
v 0.259628 0.332072 0.112720
v 0.266338 0.329612 0.111717
v 0.273087 0.326443 0.110708
v 0.279489 0.322910 0.109752
v 0.285296 0.319344 0.108884
v 0.290528 0.315622 0.108102
v 0.295247 0.311549 0.107397
v 0.299513 0.306928 0.106759
v 0.303389 0.301565 0.106180
v 0.306959 0.295199 0.105646
v 0.310396 0.287222 0.105133
v 0.313623 0.277199 0.104650
v 0.316275 0.265187 0.104254
v 0.317947 0.251317 0.104004
v 0.318233 0.235721 0.103961
v 0.316726 0.218530 0.104186
v 0.313167 0.199964 0.104718
v 0.308230 0.180810 0.105456
v 0.302981 0.162075 0.106241
v 0.297855 0.144372 0.107007
v 0.293170 0.128243 0.107707
v 0.289245 0.114227 0.108294
v 0.286397 0.102866 0.108719
v 0.283928 0.087014 0.109088
v 0.277564 0.029728 0.110039
v 0.274891 -0.019225 0.110439
v 0.196621 -0.038686 0.122136
v 0.190488 -0.038571 0.123053
v 0.222936 0.368672 0.107411
v 0.222227 0.367542 0.107837
v 0.221670 0.366768 0.108172
v 0.221258 0.366217 0.108419
v 0.220943 0.365699 0.108608
v 0.220680 0.365023 0.108767
v 0.220420 0.363996 0.108923
v 0.220132 0.362440 0.109096
v 0.219880 0.360286 0.109247
v 0.219748 0.357689 0.109326
v 0.219739 0.354872 0.109332
v 0.219845 0.352065 0.109268
v 0.220054 0.349495 0.109143
v 0.220357 0.347391 0.108961
v 0.220744 0.345917 0.108728
v 0.221208 0.344840 0.108449
v 0.221790 0.343805 0.108100
v 0.222562 0.342757 0.107636
v 0.223602 0.341696 0.107011
v 0.224985 0.340623 0.106180
v 0.226788 0.339537 0.105097
v 0.229112 0.338449 0.103700
v 0.232188 0.337421 0.101852
v 0.236113 0.336426 0.099493
v 0.240759 0.335313 0.096702
v 0.245959 0.333917 0.093577
v 0.251549 0.332072 0.090218
v 0.257365 0.329612 0.086724
v 0.263214 0.326443 0.083210
v 0.268763 0.322910 0.079876
v 0.273795 0.319344 0.076852
v 0.278330 0.315622 0.074127
v 0.282419 0.311549 0.071670
v 0.286117 0.306928 0.069448
v 0.289477 0.301565 0.067429
v 0.292570 0.295199 0.065571
v 0.295549 0.287222 0.063781
v 0.298346 0.277199 0.062100
v 0.300645 0.265187 0.060719
v 0.302094 0.251317 0.059848
v 0.302341 0.235721 0.059700
v 0.301035 0.218530 0.060484
v 0.297951 0.199964 0.062338
v 0.293672 0.180810 0.064909
v 0.289123 0.162075 0.067642
v 0.284680 0.144372 0.070311
v 0.280620 0.128242 0.072751
v 0.277217 0.114227 0.074795
v 0.274750 0.102866 0.076278
v 0.272610 0.087014 0.077564
v 0.267094 0.029728 0.080878
v 0.264778 -0.019225 0.082270
v 0.196942 -0.038686 0.123030
v 0.191626 -0.038571 0.126224
v 0.215619 0.368672 0.099355
v 0.215127 0.367542 0.100020
v 0.214740 0.366768 0.100542
v 0.214454 0.366217 0.100929
v 0.214236 0.365699 0.101224
v 0.214053 0.365023 0.101471
v 0.213872 0.363996 0.101715
v 0.213673 0.362440 0.101985
v 0.213498 0.360286 0.102221
v 0.213406 0.357689 0.102345
v 0.213400 0.354872 0.102353
v 0.213473 0.352065 0.102254
v 0.213618 0.349496 0.102058
v 0.213829 0.347391 0.101774
v 0.214097 0.345917 0.101411
v 0.214419 0.344840 0.100976
v 0.214823 0.343805 0.100430
v 0.215359 0.342757 0.099706
v 0.216081 0.341696 0.098731
v 0.217040 0.340623 0.097434
v 0.218291 0.339537 0.095743
v 0.219905 0.338449 0.093563
v 0.222039 0.337421 0.090678
v 0.224763 0.336426 0.086997
v 0.227986 0.335313 0.082641
v 0.231595 0.333917 0.077764
v 0.235474 0.332072 0.072522
v 0.239510 0.329612 0.067068
v 0.243569 0.326443 0.061582
v 0.247419 0.322910 0.056379
v 0.250912 0.319344 0.051659
v 0.254059 0.315622 0.047406
v 0.256896 0.311549 0.043571
v 0.259462 0.306928 0.040103
v 0.261794 0.301565 0.036953
v 0.263940 0.295199 0.034052
v 0.266008 0.287222 0.031258
v 0.267949 0.277199 0.028635
v 0.269544 0.265187 0.026479
v 0.270549 0.251317 0.025120
v 0.270721 0.235721 0.024888
v 0.269815 0.218530 0.026113
v 0.267674 0.199964 0.029006
v 0.264705 0.180810 0.033019
v 0.261548 0.162075 0.037285
v 0.258465 0.144372 0.041451
v 0.255648 0.128242 0.045259
v 0.253287 0.114227 0.048450
v 0.251574 0.102866 0.050764
v 0.250089 0.087014 0.052771
v 0.246261 0.029728 0.057944
v 0.244654 -0.019225 0.060116
v 0.197580 -0.038686 0.123732
v 0.193891 -0.038571 0.128718
v 0.205775 0.368672 0.094713
v 0.205575 0.367542 0.095515
v 0.205418 0.366768 0.096146
v 0.205302 0.366217 0.096613
v 0.205213 0.365699 0.096968
v 0.205138 0.365023 0.097267
v 0.205065 0.363996 0.097561
v 0.204984 0.362440 0.097887
v 0.204913 0.360286 0.098172
v 0.204876 0.357689 0.098321
v 0.204873 0.354872 0.098331
v 0.204903 0.352065 0.098212
v 0.204962 0.349496 0.097975
v 0.205047 0.347391 0.097632
v 0.205157 0.345917 0.097194
v 0.205288 0.344840 0.096669
v 0.205452 0.343805 0.096010
v 0.205670 0.342757 0.095136
v 0.205963 0.341696 0.093959
v 0.206353 0.340623 0.092394
v 0.206862 0.339537 0.090353
v 0.207518 0.338449 0.087721
v 0.208387 0.337421 0.084240
v 0.209494 0.336426 0.079796
v 0.210805 0.335313 0.074538
v 0.212273 0.333917 0.068651
v 0.213851 0.332072 0.062323
v 0.215492 0.329612 0.055740
v 0.217143 0.326443 0.049119
v 0.218709 0.322910 0.042838
v 0.220130 0.319344 0.037141
v 0.221409 0.315622 0.032008
v 0.222564 0.311549 0.027379
v 0.223607 0.306928 0.023193
v 0.224555 0.301565 0.019390
v 0.225428 0.295199 0.015888
v 0.226269 0.287222 0.012516
v 0.227059 0.277199 0.009350
v 0.227707 0.265187 0.006748
v 0.228116 0.251317 0.005108
v 0.228186 0.235721 0.004828
v 0.227818 0.218530 0.006306
v 0.226947 0.199964 0.009798
v 0.225739 0.180810 0.014641
v 0.224455 0.162075 0.019791
v 0.223202 0.144372 0.024820
v 0.222056 0.128242 0.029416
v 0.221095 0.114227 0.033267
v 0.220399 0.102866 0.036061
v 0.219795 0.087014 0.038483
v 0.218238 0.029728 0.044727
v 0.217584 -0.019225 0.047349
v 0.198439 -0.038686 0.124137
v 0.196938 -0.038571 0.130155
v 0.194905 0.368672 0.094190
v 0.195027 0.367542 0.095008
v 0.195123 0.366768 0.095651
v 0.195194 0.366217 0.096127
v 0.195248 0.365699 0.096490
v 0.195294 0.365023 0.096794
v 0.195339 0.363996 0.097094
v 0.195388 0.362440 0.097426
v 0.195432 0.360286 0.097716
v 0.195454 0.357689 0.097869
v 0.195456 0.354872 0.097879
v 0.195438 0.352065 0.097757
v 0.195402 0.349496 0.097516
v 0.195349 0.347391 0.097166
v 0.195283 0.345917 0.096720
v 0.195203 0.344840 0.096185
v 0.195102 0.343805 0.095513
v 0.194969 0.342757 0.094622
v 0.194790 0.341696 0.093422
v 0.194551 0.340623 0.091827
v 0.194241 0.339537 0.089746
v 0.193840 0.338449 0.087064
v 0.193309 0.337421 0.083515
v 0.192632 0.336426 0.078986
v 0.191831 0.335313 0.073626
v 0.190935 0.333917 0.067626
v 0.189971 0.332072 0.061176
v 0.188968 0.329612 0.054466
v 0.187959 0.326443 0.047717
v 0.187002 0.322910 0.041315
v 0.186135 0.319344 0.035508
v 0.185353 0.315622 0.030276
v 0.184647 0.311549 0.025558
v 0.184010 0.306928 0.021291
v 0.183431 0.301565 0.017415
v 0.182897 0.295199 0.013846
v 0.182383 0.287222 0.010408
v 0.181901 0.277199 0.007181
v 0.181505 0.265187 0.004529
v 0.181255 0.251317 0.002857
v 0.181212 0.235721 0.002571
v 0.181437 0.218530 0.004078
v 0.181969 0.199964 0.007637
v 0.182707 0.180810 0.012574
v 0.183491 0.162075 0.017823
v 0.184258 0.144372 0.022949
v 0.184958 0.128242 0.027634
v 0.185544 0.114227 0.031560
v 0.185970 0.102866 0.034407
v 0.186339 0.087014 0.036876
v 0.187290 0.029728 0.043240
v 0.187689 -0.019225 0.045913
v 0.199387 -0.038686 0.124183
v 0.200304 -0.038571 0.130316
v 0.184662 0.368672 0.097868
v 0.185088 0.367542 0.098577
v 0.185423 0.366768 0.099134
v 0.185670 0.366217 0.099546
v 0.185859 0.365699 0.099861
v 0.186018 0.365023 0.100125
v 0.186174 0.363996 0.100384
v 0.186347 0.362440 0.100672
v 0.186498 0.360286 0.100924
v 0.186577 0.357689 0.101056
v 0.186582 0.354872 0.101065
v 0.186519 0.352065 0.100959
v 0.186394 0.349496 0.100750
v 0.186212 0.347391 0.100447
v 0.185979 0.345917 0.100060
v 0.185700 0.344840 0.099596
v 0.185351 0.343805 0.099014
v 0.184886 0.342757 0.098242
v 0.184262 0.341696 0.097202
v 0.183431 0.340623 0.095819
v 0.182347 0.339537 0.094016
v 0.180951 0.338449 0.091692
v 0.179103 0.337421 0.088616
v 0.176744 0.336426 0.084691
v 0.173953 0.335313 0.080045
v 0.170828 0.333917 0.074845
v 0.167469 0.332072 0.069255
v 0.163975 0.329612 0.063440
v 0.160461 0.326443 0.057590
v 0.157126 0.322910 0.052042
v 0.154102 0.319344 0.047009
v 0.151378 0.315622 0.042474
v 0.148921 0.311549 0.038385
v 0.146699 0.306928 0.034687
v 0.144680 0.301565 0.031328
v 0.142822 0.295199 0.028234
v 0.141032 0.287222 0.025255
v 0.139351 0.277199 0.022458
v 0.137970 0.265187 0.020159
v 0.137099 0.251317 0.018710
v 0.136950 0.235721 0.018463
v 0.137735 0.218530 0.019769
v 0.139588 0.199964 0.022853
v 0.142159 0.180810 0.027132
v 0.144893 0.162075 0.031681
v 0.147562 0.144372 0.036124
v 0.150002 0.128242 0.040185
v 0.152046 0.114227 0.043587
v 0.153529 0.102866 0.046054
v 0.154815 0.087014 0.048195
v 0.158129 0.029728 0.053710
v 0.159521 -0.019225 0.056026
v 0.200280 -0.038686 0.123862
v 0.203475 -0.038571 0.129178
v 0.176606 0.368672 0.105185
v 0.177271 0.367542 0.105677
v 0.177793 0.366768 0.106064
v 0.178180 0.366217 0.106350
v 0.178475 0.365699 0.106568
v 0.178722 0.365023 0.106751
v 0.178966 0.363996 0.106932
v 0.179235 0.362440 0.107131
v 0.179472 0.360286 0.107306
v 0.179596 0.357689 0.107398
v 0.179604 0.354872 0.107404
v 0.179505 0.352065 0.107331
v 0.179309 0.349496 0.107186
v 0.179025 0.347391 0.106975
v 0.178662 0.345917 0.106707
v 0.178227 0.344840 0.106385
v 0.177681 0.343805 0.105981
v 0.176956 0.342757 0.105445
v 0.175982 0.341696 0.104724
v 0.174685 0.340623 0.103764
v 0.172994 0.339537 0.102513
v 0.170814 0.338449 0.100899
v 0.167929 0.337421 0.098765
v 0.164248 0.336426 0.096041
v 0.159892 0.335313 0.092818
v 0.155015 0.333917 0.089209
v 0.149772 0.332072 0.085330
v 0.144319 0.329612 0.081294
v 0.138833 0.326443 0.077235
v 0.133630 0.322910 0.073385
v 0.128910 0.319344 0.069892
v 0.124657 0.315622 0.066745
v 0.120822 0.311549 0.063908
v 0.117354 0.306928 0.061342
v 0.114204 0.301565 0.059010
v 0.111303 0.295199 0.056864
v 0.108509 0.287222 0.054796
v 0.105886 0.277199 0.052856
v 0.103730 0.265187 0.051260
v 0.102371 0.251317 0.050255
v 0.102139 0.235721 0.050083
v 0.103364 0.218530 0.050989
v 0.106257 0.199964 0.053130
v 0.110269 0.180810 0.056099
v 0.114535 0.162075 0.059256
v 0.118702 0.144372 0.062339
v 0.122510 0.128243 0.065157
v 0.125700 0.114227 0.067518
v 0.128015 0.102866 0.069230
v 0.130022 0.087014 0.070715
v 0.135194 0.029728 0.074543
v 0.137366 -0.019225 0.076150
v 0.200983 -0.038686 0.123224
v 0.205968 -0.038571 0.126913
v 0.171963 0.368672 0.115029
v 0.172766 0.367542 0.115229
v 0.173397 0.366768 0.115386
v 0.173863 0.366217 0.115502
v 0.174219 0.365699 0.115591
v 0.174518 0.365023 0.115666
v 0.174812 0.363996 0.115739
v 0.175137 0.362440 0.115820
v 0.175423 0.360286 0.115891
v 0.175572 0.357689 0.115929
v 0.175582 0.354872 0.115931
v 0.175463 0.352065 0.115901
v 0.175226 0.349496 0.115842
v 0.174883 0.347391 0.115757
v 0.174445 0.345917 0.115648
v 0.173920 0.344840 0.115517
v 0.173261 0.343805 0.115352
v 0.172387 0.342757 0.115134
v 0.171210 0.341696 0.114841
v 0.169645 0.340623 0.114451
v 0.167603 0.339537 0.113942
v 0.164972 0.338449 0.113286
v 0.161490 0.337421 0.112418
v 0.157047 0.336426 0.111310
v 0.151789 0.335313 0.109999
v 0.145902 0.333917 0.108531
v 0.139574 0.332072 0.106953
v 0.132991 0.329612 0.105312
v 0.126370 0.326443 0.103661
v 0.120089 0.322910 0.102095
v 0.114392 0.319344 0.100675
v 0.109259 0.315622 0.099395
v 0.104630 0.311549 0.098241
v 0.100444 0.306928 0.097197
v 0.096641 0.301565 0.096249
v 0.093139 0.295199 0.095376
v 0.089767 0.287222 0.094535
v 0.086601 0.277199 0.093746
v 0.083999 0.265187 0.093097
v 0.082359 0.251317 0.092688
v 0.082078 0.235721 0.092618
v 0.083557 0.218530 0.092987
v 0.087048 0.199964 0.093857
v 0.091892 0.180810 0.095065
v 0.097041 0.162075 0.096349
v 0.102070 0.144372 0.097603
v 0.106667 0.128243 0.098749
v 0.110518 0.114227 0.099709
v 0.113311 0.102866 0.100405
v 0.115734 0.087014 0.101009
v 0.121978 0.029728 0.102566
v 0.124599 -0.019225 0.103220
v 0.201388 -0.038686 0.122365
v 0.207406 -0.038571 0.123866
v 0.171441 0.368672 0.125899
v 0.172259 0.367542 0.125777
v 0.172902 0.366768 0.125681
v 0.173378 0.366217 0.125610
v 0.173741 0.365699 0.125556
v 0.174045 0.365023 0.125510
v 0.174345 0.363996 0.125465
v 0.174677 0.362440 0.125416
v 0.174967 0.360286 0.125372
v 0.175120 0.357689 0.125350
v 0.175130 0.354872 0.125348
v 0.175008 0.352065 0.125366
v 0.174767 0.349496 0.125402
v 0.174417 0.347391 0.125455
v 0.173971 0.345917 0.125521
v 0.173435 0.344840 0.125601
v 0.172764 0.343805 0.125702
v 0.171873 0.342757 0.125835
v 0.170673 0.341696 0.126014
v 0.169078 0.340623 0.126253
v 0.166997 0.339537 0.126564
v 0.164315 0.338449 0.126964
v 0.160766 0.337421 0.127495
v 0.156237 0.336426 0.128172
v 0.150877 0.335313 0.128973
v 0.144877 0.333917 0.129869
v 0.138427 0.332072 0.130833
v 0.131717 0.329612 0.131836
v 0.124968 0.326443 0.132845
v 0.118566 0.322910 0.133802
v 0.112759 0.319344 0.134670
v 0.107527 0.315622 0.135451
v 0.102808 0.311549 0.136157
v 0.098542 0.306928 0.136794
v 0.094666 0.301565 0.137374
v 0.091096 0.295199 0.137907
v 0.087659 0.287222 0.138421
v 0.084432 0.277199 0.138903
v 0.081780 0.265187 0.139299
v 0.080108 0.251317 0.139549
v 0.079822 0.235721 0.139592
v 0.081329 0.218530 0.139367
v 0.084888 0.199964 0.138835
v 0.089825 0.180810 0.138097
v 0.095074 0.162075 0.137313
v 0.100200 0.144372 0.136547
v 0.104885 0.128243 0.135846
v 0.108810 0.114227 0.135260
v 0.111658 0.102866 0.134834
v 0.114127 0.087014 0.134465
v 0.120491 0.029728 0.133514
v 0.123163 -0.019225 0.133115
v 0.201433 -0.038686 0.121417
v 0.207567 -0.038571 0.120500
v 0.175119 0.368672 0.136142
v 0.175828 0.367542 0.135716
v 0.176385 0.366768 0.135382
v 0.176797 0.366217 0.135134
v 0.177112 0.365699 0.134945
v 0.177375 0.365023 0.134787
v 0.177635 0.363996 0.134630
v 0.177923 0.362440 0.134458
v 0.178175 0.360286 0.134306
v 0.178307 0.357689 0.134227
v 0.178315 0.354872 0.134222
v 0.178210 0.352065 0.134285
v 0.178001 0.349496 0.134410
v 0.177698 0.347391 0.134593
v 0.177311 0.345917 0.134825
v 0.176847 0.344840 0.135104
v 0.176265 0.343805 0.135454
v 0.175493 0.342757 0.135918
v 0.174453 0.341696 0.136542
v 0.173070 0.340623 0.137373
v 0.171267 0.339537 0.138457
v 0.168943 0.338449 0.139853
v 0.165867 0.337421 0.141701
v 0.161941 0.336426 0.144060
v 0.157296 0.335313 0.146851
v 0.152096 0.333917 0.149976
v 0.146506 0.332072 0.153335
v 0.140690 0.329612 0.156829
v 0.134841 0.326443 0.160344
v 0.129292 0.322910 0.163678
v 0.124260 0.319344 0.166702
v 0.119725 0.315622 0.169426
v 0.115636 0.311549 0.171884
v 0.111938 0.306928 0.174105
v 0.108578 0.301565 0.176124
v 0.105485 0.295199 0.177983
v 0.102506 0.287222 0.179773
v 0.099709 0.277199 0.181453
v 0.097410 0.265187 0.182834
v 0.095961 0.251317 0.183705
v 0.095714 0.235721 0.183854
v 0.097020 0.218530 0.183069
v 0.100104 0.199964 0.181216
v 0.104383 0.180810 0.178645
v 0.108932 0.162075 0.175911
v 0.113375 0.144372 0.173242
v 0.117435 0.128243 0.170802
v 0.120837 0.114227 0.168758
v 0.123305 0.102866 0.167275
v 0.125445 0.087014 0.165989
v 0.130961 0.029728 0.162675
v 0.133277 -0.019225 0.161284
v 0.201113 -0.038686 0.120524
v 0.206429 -0.038571 0.117330
v 0.182436 0.368672 0.144198
v 0.182928 0.367542 0.143533
v 0.183315 0.366768 0.143011
v 0.183601 0.366217 0.142624
v 0.183819 0.365699 0.142329
v 0.184002 0.365023 0.142082
v 0.184182 0.363996 0.141838
v 0.184382 0.362440 0.141569
v 0.184557 0.360286 0.141332
v 0.184649 0.357689 0.141208
v 0.184655 0.354872 0.141200
v 0.184582 0.352065 0.141299
v 0.184437 0.349496 0.141495
v 0.184226 0.347391 0.141779
v 0.183958 0.345917 0.142142
v 0.183636 0.344840 0.142577
v 0.183232 0.343805 0.143123
v 0.182696 0.342757 0.143848
v 0.181974 0.341696 0.144822
v 0.181015 0.340623 0.146119
v 0.179763 0.339537 0.147810
v 0.178150 0.338449 0.149990
v 0.176016 0.337421 0.152875
v 0.173292 0.336426 0.156556
v 0.170069 0.335313 0.160912
v 0.166460 0.333917 0.165789
v 0.162581 0.332072 0.171032
v 0.158545 0.329612 0.176485
v 0.154486 0.326443 0.181971
v 0.150636 0.322910 0.187175
v 0.147143 0.319344 0.191894
v 0.143996 0.315622 0.196147
v 0.141159 0.311549 0.199982
v 0.138593 0.306928 0.203450
v 0.136261 0.301565 0.206600
v 0.134115 0.295199 0.209501
v 0.132047 0.287222 0.212295
v 0.130106 0.277199 0.214918
v 0.128511 0.265187 0.217074
v 0.127506 0.251317 0.218433
v 0.127334 0.235721 0.218665
v 0.128240 0.218530 0.217440
v 0.130381 0.199964 0.214548
v 0.133350 0.180810 0.210535
v 0.136507 0.162075 0.206269
v 0.139590 0.144372 0.202102
v 0.142407 0.128243 0.198294
v 0.144768 0.114227 0.195104
v 0.146481 0.102866 0.192789
v 0.147966 0.087014 0.190782
v 0.151794 0.029728 0.185610
v 0.153401 -0.019225 0.183438
v 0.200475 -0.038686 0.119821
v 0.204164 -0.038571 0.114836
v 0.192280 0.368672 0.148841
v 0.192480 0.367542 0.148038
v 0.192637 0.366768 0.147407
v 0.192753 0.366217 0.146941
v 0.192842 0.365699 0.146585
v 0.192916 0.365023 0.146286
v 0.192990 0.363996 0.145992
v 0.193071 0.362440 0.145667
v 0.193142 0.360286 0.145382
v 0.193179 0.357689 0.145232
v 0.193182 0.354872 0.145222
v 0.193152 0.352065 0.145341
v 0.193093 0.349496 0.145578
v 0.193008 0.347391 0.145921
v 0.192898 0.345917 0.146359
v 0.192767 0.344840 0.146884
v 0.192603 0.343805 0.147543
v 0.192385 0.342757 0.148417
v 0.192092 0.341696 0.149594
v 0.191701 0.340623 0.151160
v 0.191193 0.339537 0.153201
v 0.190536 0.338449 0.155832
v 0.189668 0.337421 0.159314
v 0.188561 0.336426 0.163757
v 0.187249 0.335313 0.169015
v 0.185782 0.333917 0.174902
v 0.184204 0.332072 0.181230
v 0.182563 0.329612 0.187813
v 0.180912 0.326443 0.194434
v 0.179346 0.322910 0.200715
v 0.177925 0.319344 0.206412
v 0.176646 0.315622 0.211545
v 0.175491 0.311549 0.216174
v 0.174448 0.306928 0.220360
v 0.173500 0.301565 0.224163
v 0.172627 0.295199 0.227665
v 0.171786 0.287222 0.231037
v 0.170996 0.277199 0.234203
v 0.170348 0.265187 0.236805
v 0.169939 0.251317 0.238446
v 0.169869 0.235721 0.238726
v 0.170237 0.218530 0.237247
v 0.171108 0.199964 0.233756
v 0.172316 0.180810 0.228912
v 0.173599 0.162075 0.223763
v 0.174853 0.144372 0.218734
v 0.175999 0.128243 0.214137
v 0.176960 0.114227 0.210286
v 0.177656 0.102866 0.207493
v 0.178260 0.087014 0.205070
v 0.179817 0.029728 0.198826
v 0.180470 -0.019225 0.196205
v 0.199616 -0.038686 0.119416
v 0.201116 -0.038571 0.113399
v 0.208586 0.369304 0.148398
v 0.208309 0.368073 0.147627
v 0.208053 0.367115 0.146916
v 0.207865 0.366477 0.146391
v 0.207724 0.365966 0.145998
v 0.207612 0.365393 0.145687
v 0.207511 0.364565 0.145406
v 0.207403 0.363292 0.145104
v 0.207292 0.361430 0.144796
v 0.207214 0.359029 0.144579
v 0.207187 0.356294 0.144503
v 0.207206 0.353453 0.144557
v 0.207269 0.350736 0.144731
v 0.207370 0.348371 0.145013
v 0.207507 0.346585 0.145394
v 0.207674 0.345353 0.145859
v 0.207877 0.344324 0.146425
v 0.208140 0.343283 0.147158
v 0.208494 0.342228 0.148142
v 0.208967 0.341161 0.149461
v 0.209591 0.340081 0.151199
v 0.210396 0.338989 0.153441
v 0.211451 0.337928 0.156378
v 0.212832 0.336928 0.160225
v 0.214529 0.335894 0.164952
v 0.216477 0.334661 0.170379
v 0.218612 0.333062 0.176324
v 0.220868 0.330930 0.182607
v 0.223180 0.328099 0.189047
v 0.225441 0.324696 0.195346
v 0.227531 0.321134 0.201166
v 0.229414 0.317514 0.206411
v 0.231111 0.313641 0.211137
v 0.232643 0.309319 0.215404
v 0.234031 0.304352 0.219270
v 0.235297 0.298543 0.222795
v 0.236490 0.291446 0.226118
v 0.237639 0.282468 0.229317
v 0.238660 0.271434 0.232163
v 0.239416 0.258476 0.234268
v 0.239768 0.243727 0.235248
v 0.239576 0.227316 0.234715
v 0.238704 0.209377 0.232284
v 0.237210 0.190396 0.228123
v 0.235437 0.171348 0.223185
v 0.233651 0.153061 0.218211
v 0.231962 0.136077 0.213506
v 0.230477 0.120937 0.209372
v 0.229307 0.108181 0.206112
v 0.228559 0.098351 0.204029
v 0.226951 0.061232 0.199550
v 0.225277 0.001223 0.194888
v 0.224582 -0.026556 0.192951
v 0.197155 -0.038632 0.116560
v 0.218046 0.369304 0.142714
v 0.217495 0.368073 0.142107
v 0.216987 0.367115 0.141548
v 0.216611 0.366477 0.141135
v 0.216331 0.365966 0.140826
v 0.216109 0.365393 0.140582
v 0.215908 0.364565 0.140361
v 0.215692 0.363292 0.140123
v 0.215472 0.361430 0.139881
v 0.215317 0.359029 0.139710
v 0.215263 0.356294 0.139650
v 0.215302 0.353453 0.139693
v 0.215426 0.350736 0.139830
v 0.215628 0.348371 0.140052
v 0.215899 0.346585 0.140351
v 0.216231 0.345353 0.140717
v 0.216636 0.344324 0.141162
v 0.217159 0.343283 0.141738
v 0.217862 0.342228 0.142512
v 0.218805 0.341161 0.143550
v 0.220047 0.340081 0.144917
v 0.221648 0.338989 0.146680
v 0.223747 0.337928 0.148990
v 0.226495 0.336928 0.152016
v 0.229871 0.335894 0.155733
v 0.233748 0.334661 0.160001
v 0.237996 0.333062 0.164677
v 0.242484 0.330930 0.169619
v 0.247085 0.328099 0.174684
v 0.251585 0.324696 0.179637
v 0.255743 0.321134 0.184215
v 0.259489 0.317514 0.188340
v 0.262866 0.313641 0.192057
v 0.265914 0.309319 0.195413
v 0.268676 0.304352 0.198454
v 0.271194 0.298543 0.201226
v 0.273568 0.291446 0.203840
v 0.275854 0.282468 0.206356
v 0.277886 0.271434 0.208593
v 0.279390 0.258476 0.210249
v 0.280090 0.243727 0.211020
v 0.279710 0.227316 0.210601
v 0.277973 0.209377 0.208689
v 0.275000 0.190396 0.205416
v 0.271472 0.171348 0.201532
v 0.267919 0.153061 0.197621
v 0.264558 0.136077 0.193920
v 0.261605 0.120937 0.190669
v 0.259276 0.108181 0.188105
v 0.257788 0.098351 0.186467
v 0.254588 0.061232 0.182944
v 0.251258 0.001223 0.179277
v 0.249873 -0.026556 0.177754
v 0.195301 -0.038632 0.117674
v 0.224610 0.369304 0.133842
v 0.223869 0.368073 0.133493
v 0.223186 0.367115 0.133171
v 0.222681 0.366477 0.132932
v 0.222304 0.365966 0.132755
v 0.222005 0.365393 0.132614
v 0.221735 0.364565 0.132486
v 0.221445 0.363292 0.132349
v 0.221148 0.361430 0.132210
v 0.220940 0.359029 0.132111
v 0.220867 0.356294 0.132077
v 0.220919 0.353453 0.132101
v 0.221086 0.350736 0.132180
v 0.221358 0.348371 0.132308
v 0.221723 0.346585 0.132481
v 0.222170 0.345353 0.132691
v 0.222714 0.344324 0.132948
v 0.223418 0.343283 0.133280
v 0.224364 0.342228 0.133726
v 0.225632 0.341161 0.134324
v 0.227302 0.340081 0.135112
v 0.229456 0.338989 0.136128
v 0.232279 0.337928 0.137459
v 0.235976 0.336928 0.139203
v 0.240518 0.335894 0.141345
v 0.245733 0.334661 0.143805
v 0.251447 0.333062 0.146499
v 0.257485 0.330930 0.149347
v 0.263674 0.328099 0.152266
v 0.269726 0.324696 0.155120
v 0.275320 0.321134 0.157758
v 0.280359 0.317514 0.160135
v 0.284901 0.313641 0.162277
v 0.289002 0.309319 0.164211
v 0.292717 0.304352 0.165964
v 0.296104 0.298543 0.167561
v 0.299298 0.291446 0.169067
v 0.302372 0.282468 0.170517
v 0.305107 0.271434 0.171807
v 0.307130 0.258476 0.172761
v 0.308071 0.243727 0.173205
v 0.307559 0.227316 0.172964
v 0.305223 0.209377 0.171862
v 0.301225 0.190396 0.169976
v 0.296479 0.171348 0.167738
v 0.291700 0.153061 0.165484
v 0.287178 0.136077 0.163351
v 0.283205 0.120937 0.161477
v 0.280072 0.108181 0.160000
v 0.278071 0.098351 0.159056
v 0.273767 0.061232 0.157026
v 0.269286 0.001223 0.154913
v 0.267424 -0.026556 0.154035
v 0.194015 -0.038632 0.119412
v 0.227280 0.369304 0.123134
v 0.226462 0.368073 0.123094
v 0.225708 0.367115 0.123058
v 0.225150 0.366477 0.123031
v 0.224733 0.365966 0.123011
v 0.224403 0.365393 0.122996
v 0.224105 0.364565 0.122981
v 0.223784 0.363292 0.122966
v 0.223457 0.361430 0.122950
v 0.223227 0.359029 0.122939
v 0.223146 0.356294 0.122935
v 0.223204 0.353453 0.122938
v 0.223388 0.350736 0.122947
v 0.223688 0.348371 0.122961
v 0.224092 0.346585 0.122981
v 0.224585 0.345353 0.123004
v 0.225186 0.344324 0.123033
v 0.225964 0.343283 0.123070
v 0.227008 0.342228 0.123121
v 0.228408 0.341161 0.123188
v 0.230253 0.340081 0.123277
v 0.232632 0.338989 0.123391
v 0.235750 0.337928 0.123541
v 0.239832 0.336928 0.123737
v 0.244848 0.335894 0.123978
v 0.250608 0.334661 0.124254
v 0.256918 0.333062 0.124557
v 0.263586 0.330930 0.124878
v 0.270420 0.328099 0.125206
v 0.277105 0.324696 0.125527
v 0.283282 0.321134 0.125824
v 0.288848 0.317514 0.126091
v 0.293864 0.313641 0.126332
v 0.298392 0.309319 0.126549
v 0.302495 0.304352 0.126747
v 0.306236 0.298543 0.126926
v 0.309763 0.291446 0.127096
v 0.313158 0.282468 0.127259
v 0.316178 0.271434 0.127404
v 0.318412 0.258476 0.127511
v 0.319452 0.243727 0.127561
v 0.318886 0.227316 0.127534
v 0.316306 0.209377 0.127410
v 0.311891 0.190396 0.127198
v 0.306649 0.171348 0.126946
v 0.301371 0.153061 0.126693
v 0.296378 0.136077 0.126453
v 0.291990 0.120937 0.126242
v 0.288531 0.108181 0.126076
v 0.286320 0.098351 0.125970
v 0.281567 0.061232 0.125741
v 0.276619 0.001223 0.125504
v 0.274563 -0.026556 0.125405
v 0.193491 -0.038632 0.121511
v 0.225649 0.369304 0.112219
v 0.224878 0.368073 0.112495
v 0.224167 0.367115 0.112751
v 0.223641 0.366477 0.112939
v 0.223249 0.365966 0.113080
v 0.222938 0.365393 0.113192
v 0.222657 0.364565 0.113293
v 0.222355 0.363292 0.113401
v 0.222047 0.361430 0.113512
v 0.221829 0.359029 0.113590
v 0.221754 0.356294 0.113617
v 0.221808 0.353453 0.113598
v 0.221982 0.350736 0.113535
v 0.222264 0.348371 0.113434
v 0.222645 0.346585 0.113297
v 0.223110 0.345353 0.113130
v 0.223676 0.344324 0.112927
v 0.224409 0.343283 0.112664
v 0.225393 0.342228 0.112311
v 0.226712 0.341161 0.111837
v 0.228450 0.340081 0.111213
v 0.230692 0.338989 0.110408
v 0.233629 0.337928 0.109353
v 0.237476 0.336928 0.107972
v 0.242203 0.335894 0.106275
v 0.247630 0.334661 0.104327
v 0.253575 0.333062 0.102192
v 0.259858 0.330930 0.099936
v 0.266298 0.328099 0.097624
v 0.272597 0.324696 0.095363
v 0.278417 0.321134 0.093273
v 0.283661 0.317514 0.091390
v 0.288388 0.313641 0.089693
v 0.292655 0.309319 0.088161
v 0.296521 0.304352 0.086773
v 0.300046 0.298543 0.085507
v 0.303369 0.291446 0.084314
v 0.306568 0.282468 0.083166
v 0.309414 0.271434 0.082144
v 0.311519 0.258476 0.081388
v 0.312499 0.243727 0.081036
v 0.311966 0.227316 0.081228
v 0.309535 0.209377 0.082100
v 0.305374 0.190396 0.083594
v 0.300435 0.171348 0.085367
v 0.295462 0.153061 0.087153
v 0.290757 0.136077 0.088842
v 0.286623 0.120937 0.090327
v 0.283363 0.108181 0.091497
v 0.281280 0.098351 0.092245
v 0.276801 0.061232 0.093853
v 0.272139 0.001223 0.095527
v 0.270201 -0.026556 0.096223
v 0.193811 -0.038632 0.123650
v 0.219965 0.369304 0.102759
v 0.219358 0.368073 0.103310
v 0.218799 0.367115 0.103817
v 0.218386 0.366477 0.104193
v 0.218077 0.365966 0.104473
v 0.217833 0.365393 0.104695
v 0.217612 0.364565 0.104896
v 0.217374 0.363292 0.105112
v 0.217132 0.361430 0.105332
v 0.216961 0.359029 0.105487
v 0.216901 0.356294 0.105541
v 0.216944 0.353453 0.105503
v 0.217081 0.350736 0.105378
v 0.217303 0.348371 0.105177
v 0.217602 0.346585 0.104905
v 0.217968 0.345353 0.104573
v 0.218413 0.344324 0.104168
v 0.218989 0.343283 0.103645
v 0.219763 0.342228 0.102942
v 0.220801 0.341161 0.101999
v 0.222168 0.340081 0.100757
v 0.223931 0.338989 0.099156
v 0.226241 0.337928 0.097057
v 0.229266 0.336928 0.094310
v 0.232984 0.335894 0.090933
v 0.237252 0.334661 0.087056
v 0.241928 0.333062 0.082808
v 0.246870 0.330930 0.078320
v 0.251935 0.328099 0.073719
v 0.256888 0.324696 0.069220
v 0.261466 0.321134 0.065061
v 0.265591 0.317514 0.061315
v 0.269308 0.313641 0.057938
v 0.272664 0.309319 0.054890
v 0.275705 0.304352 0.052128
v 0.278476 0.298543 0.049610
v 0.281090 0.291446 0.047236
v 0.283606 0.282468 0.044951
v 0.285844 0.271434 0.042918
v 0.287500 0.258476 0.041414
v 0.288270 0.243727 0.040714
v 0.287851 0.227316 0.041095
v 0.285940 0.209377 0.042831
v 0.282667 0.190396 0.045804
v 0.278783 0.171348 0.049332
v 0.274872 0.153061 0.052885
v 0.271171 0.136077 0.056246
v 0.267920 0.120937 0.059200
v 0.265356 0.108181 0.061528
v 0.263718 0.098351 0.063016
v 0.260195 0.061232 0.066216
v 0.256528 0.001223 0.069547
v 0.255004 -0.026556 0.070931
v 0.194925 -0.038632 0.125503
v 0.211093 0.369304 0.096194
v 0.210744 0.368073 0.096935
v 0.210422 0.367115 0.097618
v 0.210183 0.366477 0.098123
v 0.210005 0.365966 0.098500
v 0.209865 0.365393 0.098799
v 0.209737 0.364565 0.099069
v 0.209600 0.363292 0.099359
v 0.209460 0.361430 0.099656
v 0.209362 0.359029 0.099864
v 0.209328 0.356294 0.099937
v 0.209352 0.353453 0.099885
v 0.209431 0.350736 0.099718
v 0.209559 0.348371 0.099446
v 0.209731 0.346585 0.099081
v 0.209942 0.345353 0.098634
v 0.210199 0.344324 0.098090
v 0.210531 0.343283 0.097386
v 0.210977 0.342228 0.096440
v 0.211575 0.341161 0.095173
v 0.212363 0.340081 0.093502
v 0.213379 0.338989 0.091348
v 0.214710 0.337928 0.088525
v 0.216453 0.336928 0.084828
v 0.218596 0.335894 0.080286
v 0.221055 0.334661 0.075071
v 0.223750 0.333062 0.069357
v 0.226598 0.330930 0.063319
v 0.229517 0.328099 0.057131
v 0.232371 0.324696 0.051078
v 0.235009 0.321134 0.045484
v 0.237386 0.317514 0.040445
v 0.239528 0.313641 0.035903
v 0.241462 0.309319 0.031802
v 0.243215 0.304352 0.028087
v 0.244812 0.298543 0.024700
v 0.246318 0.291446 0.021506
v 0.247768 0.282467 0.018432
v 0.249058 0.271434 0.015697
v 0.250012 0.258476 0.013674
v 0.250456 0.243727 0.012733
v 0.250214 0.227316 0.013245
v 0.249113 0.209377 0.015581
v 0.247227 0.190396 0.019579
v 0.244989 0.171348 0.024325
v 0.242734 0.153061 0.029105
v 0.240602 0.136077 0.033626
v 0.238728 0.120937 0.037599
v 0.237251 0.108181 0.040732
v 0.236307 0.098351 0.042733
v 0.234277 0.061232 0.047037
v 0.232164 0.001223 0.051518
v 0.231286 -0.026556 0.053380
v 0.196663 -0.038632 0.126789
v 0.200385 0.369304 0.093524
v 0.200345 0.368073 0.094342
v 0.200309 0.367115 0.095097
v 0.200282 0.366477 0.095654
v 0.200262 0.365966 0.096071
v 0.200246 0.365393 0.096401
v 0.200232 0.364565 0.096699
v 0.200217 0.363292 0.097020
v 0.200201 0.361430 0.097347
v 0.200190 0.359029 0.097577
v 0.200186 0.356294 0.097658
v 0.200189 0.353453 0.097600
v 0.200198 0.350736 0.097416
v 0.200212 0.348371 0.097116
v 0.200231 0.346585 0.096712
v 0.200255 0.345353 0.096219
v 0.200284 0.344324 0.095618
v 0.200321 0.343283 0.094840
v 0.200372 0.342228 0.093796
v 0.200439 0.341161 0.092396
v 0.200527 0.340081 0.090551
v 0.200642 0.338989 0.088172
v 0.200791 0.337928 0.085055
v 0.200987 0.336928 0.080972
v 0.201228 0.335894 0.075956
v 0.201505 0.334661 0.070196
v 0.201808 0.333062 0.063887
v 0.202128 0.330930 0.057218
v 0.202457 0.328099 0.050384
v 0.202778 0.324696 0.043699
v 0.203075 0.321134 0.037522
v 0.203342 0.317514 0.031956
v 0.203583 0.313641 0.026941
v 0.203800 0.309319 0.022412
v 0.203997 0.304352 0.018309
v 0.204177 0.298543 0.014568
v 0.204346 0.291446 0.011041
v 0.204510 0.282468 0.007646
v 0.204655 0.271434 0.004626
v 0.204762 0.258476 0.002392
v 0.204812 0.243727 0.001352
v 0.204785 0.227316 0.001918
v 0.204661 0.209377 0.004498
v 0.204449 0.190396 0.008914
v 0.204197 0.171348 0.014155
v 0.203943 0.153061 0.019433
v 0.203704 0.136077 0.024426
v 0.203493 0.120937 0.028814
v 0.203327 0.108181 0.032274
v 0.203220 0.098351 0.034484
v 0.202992 0.061232 0.039237
v 0.202754 0.001223 0.044185
v 0.202656 -0.026556 0.046241
v 0.198761 -0.038632 0.127313
v 0.189469 0.369304 0.095155
v 0.189746 0.368073 0.095926
v 0.190001 0.367115 0.096637
v 0.190190 0.366477 0.097163
v 0.190331 0.365966 0.097555
v 0.190443 0.365393 0.097866
v 0.190544 0.364565 0.098147
v 0.190652 0.363292 0.098449
v 0.190763 0.361430 0.098758
v 0.190841 0.359029 0.098975
v 0.190868 0.356294 0.099051
v 0.190848 0.353453 0.098996
v 0.190786 0.350736 0.098822
v 0.190685 0.348371 0.098540
v 0.190548 0.346585 0.098160
v 0.190381 0.345353 0.097694
v 0.190178 0.344324 0.097128
v 0.189915 0.343283 0.096396
v 0.189561 0.342228 0.095411
v 0.189088 0.341161 0.094092
v 0.188464 0.340081 0.092354
v 0.187659 0.338989 0.090112
v 0.186604 0.337928 0.087175
v 0.185223 0.336928 0.083328
v 0.183526 0.335894 0.078601
v 0.181578 0.334661 0.073175
v 0.179443 0.333062 0.067229
v 0.177187 0.330930 0.060946
v 0.174875 0.328099 0.054506
v 0.172613 0.324696 0.048208
v 0.170524 0.321134 0.042387
v 0.168641 0.317514 0.037143
v 0.166944 0.313641 0.032416
v 0.165412 0.309319 0.028149
v 0.164024 0.304352 0.024283
v 0.162758 0.298543 0.020759
v 0.161565 0.291446 0.017435
v 0.160416 0.282468 0.014236
v 0.159395 0.271434 0.011390
v 0.158639 0.258476 0.009285
v 0.158287 0.243727 0.008306
v 0.158478 0.227316 0.008838
v 0.159351 0.209377 0.011269
v 0.160845 0.190396 0.015430
v 0.162618 0.171348 0.020369
v 0.164404 0.153061 0.025342
v 0.166093 0.136077 0.030047
v 0.167578 0.120937 0.034181
v 0.168748 0.108181 0.037441
v 0.169496 0.098351 0.039524
v 0.171104 0.061232 0.044003
v 0.172778 0.001223 0.048665
v 0.173473 -0.026556 0.050603
v 0.200900 -0.038632 0.126993
v 0.180009 0.369304 0.100839
v 0.180560 0.368073 0.101446
v 0.181068 0.367115 0.102005
v 0.181444 0.366477 0.102418
v 0.181724 0.365966 0.102727
v 0.181946 0.365393 0.102971
v 0.182147 0.364565 0.103192
v 0.182363 0.363292 0.103430
v 0.182583 0.361430 0.103673
v 0.182738 0.359029 0.103843
v 0.182792 0.356294 0.103903
v 0.182753 0.353453 0.103860
v 0.182629 0.350736 0.103723
v 0.182427 0.348371 0.103501
v 0.182156 0.346585 0.103202
v 0.181823 0.345353 0.102836
v 0.181419 0.344324 0.102391
v 0.180895 0.343283 0.101815
v 0.180193 0.342228 0.101041
v 0.179250 0.341161 0.100003
v 0.178008 0.340081 0.098636
v 0.176407 0.338989 0.096873
v 0.174308 0.337928 0.094563
v 0.171560 0.336928 0.091538
v 0.168183 0.335894 0.087820
v 0.164307 0.334661 0.083552
v 0.160059 0.333062 0.078876
v 0.155571 0.330930 0.073934
v 0.150970 0.328099 0.068869
v 0.146470 0.324696 0.063916
v 0.142312 0.321134 0.059338
v 0.138566 0.317514 0.055213
v 0.135189 0.313641 0.051496
v 0.132141 0.309319 0.048140
v 0.129379 0.304352 0.045099
v 0.126861 0.298543 0.042328
v 0.124487 0.291446 0.039714
v 0.122201 0.282468 0.037198
v 0.120169 0.271434 0.034960
v 0.118665 0.258476 0.033304
v 0.117965 0.243727 0.032534
v 0.118345 0.227316 0.032953
v 0.120082 0.209377 0.034865
v 0.123055 0.190396 0.038137
v 0.126583 0.171348 0.042021
v 0.130136 0.153061 0.045933
v 0.133497 0.136077 0.049633
v 0.136450 0.120937 0.052885
v 0.138779 0.108181 0.055448
v 0.140267 0.098351 0.057086
v 0.143467 0.061232 0.060609
v 0.146797 0.001223 0.064276
v 0.148181 -0.026556 0.065800
v 0.202754 -0.038632 0.125879
v 0.173445 0.369304 0.109711
v 0.174186 0.368073 0.110061
v 0.174869 0.367115 0.110383
v 0.175374 0.366477 0.110621
v 0.175751 0.365966 0.110799
v 0.176050 0.365393 0.110940
v 0.176320 0.364565 0.111067
v 0.176610 0.363292 0.111204
v 0.176907 0.361430 0.111344
v 0.177115 0.359029 0.111442
v 0.177188 0.356294 0.111476
v 0.177136 0.353453 0.111452
v 0.176969 0.350737 0.111373
v 0.176697 0.348371 0.111245
v 0.176332 0.346585 0.111073
v 0.175885 0.345353 0.110862
v 0.175341 0.344324 0.110605
v 0.174637 0.343283 0.110273
v 0.173691 0.342228 0.109827
v 0.172423 0.341161 0.109229
v 0.170753 0.340081 0.108441
v 0.168599 0.338989 0.107425
v 0.165776 0.337928 0.106094
v 0.162079 0.336928 0.104351
v 0.157537 0.335894 0.102208
v 0.152322 0.334661 0.099749
v 0.146608 0.333062 0.097054
v 0.140570 0.330930 0.094206
v 0.134381 0.328099 0.091288
v 0.128329 0.324696 0.088433
v 0.122735 0.321134 0.085795
v 0.117696 0.317514 0.083418
v 0.113154 0.313641 0.081276
v 0.109053 0.309319 0.079342
v 0.105337 0.304352 0.077590
v 0.101951 0.298543 0.075992
v 0.098757 0.291446 0.074486
v 0.095682 0.282468 0.073036
v 0.092948 0.271434 0.071746
v 0.090925 0.258476 0.070792
v 0.089984 0.243727 0.070348
v 0.090495 0.227316 0.070590
v 0.092832 0.209377 0.071691
v 0.096830 0.190396 0.073577
v 0.101576 0.171348 0.075816
v 0.106355 0.153061 0.078070
v 0.110877 0.136077 0.080202
v 0.114850 0.120937 0.082076
v 0.117983 0.108181 0.083553
v 0.119984 0.098351 0.084497
v 0.124288 0.061232 0.086527
v 0.128769 0.001223 0.088640
v 0.130630 -0.026556 0.089519
v 0.204040 -0.038632 0.124141
v 0.170775 0.369304 0.120420
v 0.171593 0.368073 0.120459
v 0.172347 0.367115 0.120495
v 0.172905 0.366477 0.120522
v 0.173322 0.365966 0.120542
v 0.173652 0.365393 0.120558
v 0.173950 0.364565 0.120572
v 0.174271 0.363292 0.120587
v 0.174598 0.361431 0.120603
v 0.174828 0.359029 0.120614
v 0.174909 0.356294 0.120618
v 0.174851 0.353453 0.120615
v 0.174667 0.350737 0.120606
v 0.174367 0.348371 0.120592
v 0.173963 0.346585 0.120573
v 0.173470 0.345353 0.120549
v 0.172869 0.344324 0.120520
v 0.172091 0.343283 0.120483
v 0.171047 0.342228 0.120433
v 0.169647 0.341161 0.120365
v 0.167802 0.340081 0.120277
v 0.165423 0.338989 0.120162
v 0.162305 0.337928 0.120013
v 0.158223 0.336928 0.119817
v 0.153206 0.335894 0.119576
v 0.147447 0.334661 0.119299
v 0.141137 0.333062 0.118996
v 0.134469 0.330930 0.118676
v 0.127635 0.328099 0.118347
v 0.120950 0.324696 0.118026
v 0.114773 0.321134 0.117730
v 0.109207 0.317514 0.117462
v 0.104191 0.313641 0.117221
v 0.099663 0.309319 0.117004
v 0.095560 0.304352 0.116807
v 0.091819 0.298543 0.116627
v 0.088292 0.291446 0.116458
v 0.084897 0.282468 0.116295
v 0.081877 0.271434 0.116150
v 0.079643 0.258476 0.116042
v 0.078603 0.243727 0.115992
v 0.079169 0.227316 0.116019
v 0.081748 0.209377 0.116143
v 0.086164 0.190396 0.116355
v 0.091405 0.171348 0.116607
v 0.096684 0.153061 0.116861
v 0.101677 0.136077 0.117101
v 0.106065 0.120937 0.117311
v 0.109524 0.108181 0.117478
v 0.111734 0.098351 0.117584
v 0.116488 0.061232 0.117812
v 0.121436 0.001223 0.118050
v 0.123492 -0.026556 0.118149
v 0.204563 -0.038632 0.122043
v 0.172406 0.369304 0.131335
v 0.173177 0.368073 0.131058
v 0.173888 0.367115 0.130803
v 0.174414 0.366477 0.130614
v 0.174806 0.365966 0.130473
v 0.175117 0.365393 0.130361
v 0.175398 0.364565 0.130261
v 0.175700 0.363292 0.130152
v 0.176008 0.361431 0.130041
v 0.176225 0.359029 0.129963
v 0.176301 0.356294 0.129936
v 0.176247 0.353453 0.129956
v 0.176073 0.350737 0.130018
v 0.175791 0.348371 0.130119
v 0.175410 0.346585 0.130256
v 0.174945 0.345353 0.130423
v 0.174379 0.344324 0.130626
v 0.173646 0.343283 0.130889
v 0.172662 0.342228 0.131243
v 0.171343 0.341161 0.131716
v 0.169605 0.340081 0.132340
v 0.167363 0.338989 0.133145
v 0.164426 0.337928 0.134200
v 0.160579 0.336928 0.135581
v 0.155852 0.335894 0.137278
v 0.150425 0.334661 0.139227
v 0.144480 0.333062 0.141361
v 0.138197 0.330930 0.143617
v 0.131757 0.328099 0.145929
v 0.125458 0.324696 0.148191
v 0.119638 0.321134 0.150280
v 0.114393 0.317514 0.152163
v 0.109667 0.313641 0.153860
v 0.105400 0.309319 0.155392
v 0.101534 0.304352 0.156780
v 0.098009 0.298543 0.158046
v 0.094686 0.291446 0.159239
v 0.091487 0.282468 0.160388
v 0.088641 0.271434 0.161409
v 0.086536 0.258476 0.162165
v 0.085556 0.243727 0.162517
v 0.086089 0.227316 0.162326
v 0.088520 0.209377 0.161453
v 0.092681 0.190396 0.159959
v 0.097619 0.171348 0.158186
v 0.102593 0.153061 0.156400
v 0.107298 0.136077 0.154711
v 0.111432 0.120937 0.153227
v 0.114692 0.108181 0.152056
v 0.116775 0.098351 0.151308
v 0.121254 0.061232 0.149700
v 0.125916 0.001223 0.148026
v 0.127854 -0.026556 0.147331
v 0.204244 -0.038632 0.119904
v 0.178090 0.369304 0.140795
v 0.178697 0.368073 0.140244
v 0.179256 0.367115 0.139736
v 0.179669 0.366477 0.139361
v 0.179978 0.365966 0.139080
v 0.180222 0.365393 0.138858
v 0.180443 0.364565 0.138657
v 0.180681 0.363292 0.138441
v 0.180923 0.361431 0.138221
v 0.181094 0.359029 0.138066
v 0.181154 0.356294 0.138012
v 0.181111 0.353453 0.138051
v 0.180974 0.350736 0.138175
v 0.180752 0.348371 0.138377
v 0.180453 0.346585 0.138648
v 0.180087 0.345353 0.138981
v 0.179642 0.344324 0.139385
v 0.179066 0.343283 0.139909
v 0.178292 0.342228 0.140612
v 0.177254 0.341161 0.141554
v 0.175887 0.340081 0.142796
v 0.174124 0.338989 0.144397
v 0.171814 0.337928 0.146496
v 0.168789 0.336928 0.149244
v 0.165071 0.335894 0.152621
v 0.160803 0.334661 0.156497
v 0.156127 0.333062 0.160745
v 0.151185 0.330930 0.165233
v 0.146120 0.328099 0.169834
v 0.141167 0.324696 0.174334
v 0.136589 0.321134 0.178492
v 0.132464 0.317514 0.182238
v 0.128747 0.313641 0.185615
v 0.125391 0.309319 0.188663
v 0.122350 0.304352 0.191425
v 0.119579 0.298543 0.193943
v 0.116965 0.291446 0.196317
v 0.114449 0.282468 0.198603
v 0.112211 0.271434 0.200635
v 0.110555 0.258476 0.202140
v 0.109785 0.243727 0.202839
v 0.110203 0.227316 0.202459
v 0.112115 0.209377 0.200722
v 0.115388 0.190396 0.197750
v 0.119272 0.171348 0.194222
v 0.123183 0.153061 0.190669
v 0.126884 0.136077 0.187307
v 0.130135 0.120937 0.184354
v 0.132699 0.108181 0.182025
v 0.134337 0.098351 0.180537
v 0.137860 0.061232 0.177338
v 0.141527 0.001223 0.174007
v 0.143050 -0.026556 0.172623
v 0.203130 -0.038632 0.118050
v 0.186962 0.369304 0.147359
v 0.187311 0.368073 0.146618
v 0.187633 0.367115 0.145935
v 0.187872 0.366477 0.145430
v 0.188050 0.365966 0.145053
v 0.188190 0.365393 0.144754
v 0.188318 0.364565 0.144484
v 0.188455 0.363292 0.144194
v 0.188595 0.361430 0.143898
v 0.188693 0.359029 0.143689
v 0.188727 0.356294 0.143616
v 0.188703 0.353453 0.143668
v 0.188624 0.350736 0.143835
v 0.188496 0.348371 0.144107
v 0.188323 0.346585 0.144472
v 0.188113 0.345353 0.144919
v 0.187856 0.344324 0.145463
v 0.187524 0.343283 0.146167
v 0.187078 0.342228 0.147113
v 0.186480 0.341161 0.148381
v 0.185692 0.340081 0.150051
v 0.184676 0.338989 0.152205
v 0.183345 0.337928 0.155028
v 0.181602 0.336928 0.158725
v 0.179459 0.335894 0.163267
v 0.177000 0.334661 0.168482
v 0.174305 0.333062 0.174196
v 0.171457 0.330930 0.180234
v 0.168538 0.328099 0.186423
v 0.165684 0.324696 0.192475
v 0.163046 0.321134 0.198069
v 0.160669 0.317514 0.203109
v 0.158527 0.313641 0.207651
v 0.156593 0.309319 0.211751
v 0.154840 0.304352 0.215467
v 0.153243 0.298543 0.218853
v 0.151737 0.291446 0.222047
v 0.150287 0.282468 0.225122
v 0.148997 0.271434 0.227856
v 0.148043 0.258476 0.229879
v 0.147599 0.243727 0.230821
v 0.147840 0.227316 0.230309
v 0.148942 0.209377 0.227973
v 0.150828 0.190396 0.223974
v 0.153066 0.171348 0.219228
v 0.155320 0.153061 0.214449
v 0.157453 0.136077 0.209927
v 0.159327 0.120937 0.205954
v 0.160804 0.108181 0.202822
v 0.161748 0.098351 0.200820
v 0.163778 0.061232 0.196516
v 0.165891 0.001223 0.192036
v 0.166769 -0.026556 0.190174
v 0.201392 -0.038632 0.116764
v 0.197670 0.369304 0.150029
v 0.197710 0.368073 0.149211
v 0.197746 0.367115 0.148457
v 0.197773 0.366477 0.147899
v 0.197793 0.365966 0.147482
v 0.197809 0.365393 0.147152
v 0.197823 0.364565 0.146854
v 0.197838 0.363292 0.146533
v 0.197854 0.361430 0.146206
v 0.197865 0.359029 0.145976
v 0.197869 0.356294 0.145895
v 0.197866 0.353453 0.145953
v 0.197857 0.350736 0.146137
v 0.197843 0.348371 0.146437
v 0.197824 0.346585 0.146841
v 0.197800 0.345353 0.147334
v 0.197771 0.344324 0.147935
v 0.197734 0.343283 0.148713
v 0.197683 0.342228 0.149757
v 0.197616 0.341161 0.151157
v 0.197528 0.340081 0.153002
v 0.197413 0.338989 0.155381
v 0.197264 0.337928 0.158499
v 0.197067 0.336928 0.162581
v 0.196827 0.335894 0.167598
v 0.196550 0.334661 0.173357
v 0.196247 0.333062 0.179667
v 0.195927 0.330930 0.186335
v 0.195598 0.328099 0.193170
v 0.195277 0.324696 0.199854
v 0.194980 0.321134 0.206031
v 0.194713 0.317514 0.211597
v 0.194472 0.313641 0.216613
v 0.194255 0.309319 0.221141
v 0.194058 0.304352 0.225245
v 0.193878 0.298543 0.228985
v 0.193708 0.291446 0.232512
v 0.193545 0.282468 0.235907
v 0.193400 0.271434 0.238927
v 0.193293 0.258476 0.241161
v 0.193243 0.243727 0.242201
v 0.193270 0.227316 0.241636
v 0.193394 0.209377 0.239056
v 0.193606 0.190396 0.234640
v 0.193858 0.171348 0.229399
v 0.194112 0.153061 0.224120
v 0.194351 0.136077 0.219127
v 0.194562 0.120937 0.214739
v 0.194728 0.108181 0.211280
v 0.194834 0.098351 0.209070
v 0.195063 0.061232 0.204316
v 0.195300 0.001223 0.199368
v 0.195399 -0.026556 0.197312
v 0.199293 -0.038632 0.116241
v 0.203209 0.369304 0.149756
v 0.208451 0.368672 0.148024
v 0.213598 0.369304 0.146026
v 0.203088 0.368073 0.148946
v 0.208172 0.367542 0.147245
v 0.213176 0.368073 0.145324
v 0.202976 0.367115 0.148199
v 0.207952 0.366768 0.146634
v 0.212787 0.367115 0.144677
v 0.202894 0.366477 0.147647
v 0.207789 0.366217 0.146181
v 0.212499 0.366477 0.144198
v 0.202832 0.365966 0.147234
v 0.207666 0.365699 0.145836
v 0.212285 0.365966 0.143840
v 0.202783 0.365393 0.146907
v 0.207562 0.365023 0.145546
v 0.212115 0.365393 0.143557
v 0.202739 0.364565 0.146612
v 0.207459 0.363996 0.145261
v 0.211961 0.364565 0.143301
v 0.202692 0.363292 0.146294
v 0.207346 0.362440 0.144945
v 0.211795 0.363292 0.143026
v 0.202643 0.361430 0.145970
v 0.207247 0.360286 0.144669
v 0.211626 0.361430 0.142745
v 0.202609 0.359029 0.145742
v 0.207194 0.357689 0.144524
v 0.211508 0.359029 0.142547
v 0.202597 0.356294 0.145662
v 0.207191 0.354872 0.144514
v 0.211466 0.356294 0.142478
v 0.202606 0.353453 0.145719
v 0.207233 0.352065 0.144630
v 0.211496 0.353453 0.142528
v 0.202633 0.350736 0.145902
v 0.207315 0.349495 0.144859
v 0.211591 0.350736 0.142686
v 0.202677 0.348371 0.146199
v 0.207434 0.347391 0.145192
v 0.211746 0.348371 0.142943
v 0.202737 0.346585 0.146599
v 0.207587 0.345917 0.145617
v 0.211954 0.346585 0.143290
v 0.202810 0.345353 0.147088
v 0.207770 0.344840 0.146126
v 0.212208 0.345353 0.143713
v 0.202899 0.344324 0.147683
v 0.207999 0.343805 0.146765
v 0.212518 0.344324 0.144229
v 0.203014 0.343283 0.148453
v 0.208304 0.342757 0.147613
v 0.212919 0.343283 0.144897
v 0.203169 0.342228 0.149487
v 0.208713 0.341696 0.148754
v 0.213458 0.342228 0.145793
v 0.203376 0.341161 0.150874
v 0.209258 0.340623 0.150272
v 0.214180 0.341161 0.146995
v 0.203649 0.340081 0.152701
v 0.209969 0.339537 0.152252
v 0.215131 0.340081 0.148578
v 0.204001 0.338989 0.155057
v 0.210885 0.338449 0.154804
v 0.216358 0.338989 0.150620
v 0.204463 0.337928 0.158144
v 0.212098 0.337421 0.158180
v 0.217966 0.337928 0.153296
v 0.205067 0.336928 0.162187
v 0.213645 0.336426 0.162490
v 0.220071 0.336928 0.156800
v 0.205809 0.335894 0.167155
v 0.215476 0.335313 0.167589
v 0.222659 0.335894 0.161106
v 0.206662 0.334661 0.172859
v 0.217525 0.333917 0.173298
v 0.225629 0.334661 0.166049
v 0.207596 0.333062 0.179108
v 0.219729 0.332072 0.179435
v 0.228883 0.333062 0.171465
v 0.208583 0.330930 0.185711
v 0.222021 0.329612 0.185819
v 0.232322 0.330930 0.177188
v 0.209594 0.328099 0.192480
v 0.224326 0.326443 0.192240
v 0.235847 0.328099 0.183054
v 0.210583 0.324696 0.199100
v 0.226514 0.322910 0.198332
v 0.239294 0.324696 0.188792
v 0.211498 0.321134 0.205217
v 0.228497 0.319344 0.203857
v 0.242480 0.321134 0.194094
v 0.212322 0.317514 0.210729
v 0.230285 0.315622 0.208835
v 0.245350 0.317514 0.198871
v 0.213064 0.313641 0.215697
v 0.231896 0.311549 0.213324
v 0.247937 0.313641 0.203176
v 0.213734 0.309319 0.220182
v 0.233354 0.306928 0.217384
v 0.250273 0.309319 0.207063
v 0.214342 0.304352 0.224245
v 0.234678 0.301565 0.221072
v 0.252389 0.304352 0.210585
v 0.214895 0.298543 0.227949
v 0.235897 0.295199 0.224468
v 0.254318 0.298543 0.213795
v 0.215417 0.291446 0.231443
v 0.237071 0.287222 0.227738
v 0.256137 0.291446 0.216823
v 0.215920 0.282468 0.234805
v 0.238174 0.277199 0.230808
v 0.257888 0.282468 0.219737
v 0.216367 0.271434 0.237796
v 0.239080 0.265187 0.233332
v 0.259445 0.271434 0.222329
v 0.216697 0.258476 0.240008
v 0.239651 0.251317 0.234923
v 0.260598 0.258476 0.224247
v 0.216851 0.243727 0.241038
v 0.239749 0.235721 0.235195
v 0.261134 0.243727 0.225139
v 0.216767 0.227316 0.240478
v 0.239234 0.218530 0.233761
v 0.260842 0.227316 0.224654
v 0.216386 0.209377 0.237923
v 0.238018 0.199964 0.230375
v 0.259512 0.209377 0.222439
v 0.215732 0.190396 0.233550
v 0.236332 0.180810 0.225677
v 0.257234 0.190396 0.218649
v 0.214956 0.171348 0.228359
v 0.234539 0.162075 0.220683
v 0.254531 0.171348 0.214150
v 0.214175 0.153061 0.223132
v 0.232788 0.144372 0.215806
v 0.251809 0.153061 0.209620
v 0.213436 0.136077 0.218187
v 0.231187 0.128243 0.211349
v 0.249234 0.136077 0.205334
v 0.212787 0.120937 0.213842
v 0.229846 0.114227 0.207614
v 0.246971 0.120937 0.201568
v 0.212275 0.108181 0.210415
v 0.228873 0.102866 0.204905
v 0.245187 0.108181 0.198599
v 0.211948 0.098351 0.208227
v 0.228030 0.087014 0.202555
v 0.244047 0.098351 0.196702
v 0.211244 0.061232 0.203519
v 0.225856 0.029728 0.196500
v 0.241596 0.061232 0.192622
v 0.210512 0.001223 0.198619
v 0.224943 -0.019225 0.193957
v 0.239044 0.001223 0.188375
v 0.210207 -0.026556 0.196582
v 0.237983 -0.026556 0.186610
v 0.198206 -0.038686 0.119488
v 0.198208 -0.038632 0.116294
v 0.196110 -0.038571 0.113652
v 0.196172 -0.038632 0.117025
v 0.217778 0.368672 0.142419
v 0.221769 0.369304 0.138605
v 0.217222 0.367542 0.141807
v 0.221110 0.368073 0.138117
v 0.216785 0.366768 0.141326
v 0.220503 0.367115 0.137668
v 0.216462 0.366217 0.140970
v 0.220054 0.366477 0.137336
v 0.216215 0.365699 0.140699
v 0.219719 0.365966 0.137087
v 0.216008 0.365023 0.140471
v 0.219453 0.365393 0.136891
v 0.215805 0.363996 0.140247
v 0.219213 0.364565 0.136713
v 0.215579 0.362440 0.139998
v 0.218955 0.363292 0.136522
v 0.215381 0.360286 0.139781
v 0.218692 0.361430 0.136327
v 0.215278 0.357689 0.139667
v 0.218506 0.359029 0.136190
v 0.215271 0.354872 0.139659
v 0.218441 0.356294 0.136142
v 0.215353 0.352065 0.139750
v 0.218488 0.353453 0.136177
v 0.215517 0.349495 0.139931
v 0.218636 0.350736 0.136286
v 0.215755 0.347391 0.140192
v 0.218878 0.348371 0.136465
v 0.216059 0.345917 0.140526
v 0.219203 0.346585 0.136705
v 0.216423 0.344840 0.140927
v 0.219600 0.345353 0.136999
v 0.216879 0.343805 0.141430
v 0.220083 0.344324 0.137357
v 0.217485 0.342757 0.142097
v 0.220710 0.343283 0.137821
v 0.218300 0.341696 0.142994
v 0.221550 0.342228 0.138443
v 0.219385 0.340623 0.144188
v 0.222677 0.341161 0.139276
v 0.220799 0.339537 0.145745
v 0.224162 0.340081 0.140375
v 0.222622 0.338449 0.147752
v 0.226077 0.338989 0.141792
v 0.225034 0.337421 0.150407
v 0.228586 0.337928 0.143649
v 0.228112 0.336426 0.153797
v 0.231872 0.336928 0.146080
v 0.231756 0.335313 0.157807
v 0.235910 0.335894 0.149069
v 0.235834 0.333917 0.162297
v 0.240546 0.334661 0.152499
v 0.240218 0.332072 0.167124
v 0.245625 0.333062 0.156257
v 0.244779 0.329612 0.172145
v 0.250993 0.330930 0.160229
v 0.249366 0.326443 0.177195
v 0.256494 0.328099 0.164300
v 0.253718 0.322910 0.181986
v 0.261875 0.324696 0.168281
v 0.257665 0.319344 0.186331
v 0.266847 0.321134 0.171960
v 0.261221 0.315622 0.190246
v 0.271327 0.317514 0.175275
v 0.264428 0.311549 0.193777
v 0.275364 0.313641 0.178263
v 0.267328 0.306928 0.196970
v 0.279010 0.309319 0.180960
v 0.269963 0.301565 0.199870
v 0.282312 0.304352 0.183404
v 0.272389 0.295199 0.202541
v 0.285323 0.298543 0.185632
v 0.274725 0.287222 0.205113
v 0.288162 0.291446 0.187733
v 0.276919 0.277199 0.207528
v 0.290895 0.282468 0.189755
v 0.278722 0.265187 0.209513
v 0.293326 0.271434 0.191554
v 0.279858 0.251317 0.210764
v 0.295124 0.258476 0.192885
v 0.280052 0.235721 0.210978
v 0.295961 0.243727 0.193504
v 0.279028 0.218530 0.209850
v 0.295506 0.227316 0.193167
v 0.276609 0.199964 0.207187
v 0.293429 0.209377 0.191630
v 0.273253 0.180810 0.203493
v 0.289875 0.190396 0.189000
v 0.269685 0.162075 0.199565
v 0.285656 0.171348 0.185879
v 0.266201 0.144372 0.195729
v 0.281408 0.153061 0.182735
v 0.263017 0.128243 0.192223
v 0.277388 0.136077 0.179760
v 0.260349 0.114227 0.189286
v 0.273856 0.120937 0.177147
v 0.258413 0.102866 0.187155
v 0.271072 0.108181 0.175087
v 0.256735 0.087014 0.185308
v 0.269293 0.098351 0.173770
v 0.252409 0.029728 0.180545
v 0.265466 0.061232 0.170939
v 0.250593 -0.019225 0.178546
v 0.261484 0.001223 0.167992
v 0.259828 -0.026556 0.166767
v 0.197392 -0.038686 0.119976
v 0.193223 -0.038571 0.115386
v 0.194571 -0.038632 0.118479
v 0.224250 0.368672 0.133673
v 0.226478 0.369304 0.128621
v 0.223502 0.367542 0.133320
v 0.225682 0.368073 0.128422
v 0.222915 0.366768 0.133043
v 0.224950 0.367115 0.128240
v 0.222480 0.366217 0.132837
v 0.224408 0.366477 0.128105
v 0.222148 0.365699 0.132681
v 0.224003 0.365966 0.128004
v 0.221870 0.365023 0.132550
v 0.223683 0.365393 0.127924
v 0.221596 0.363996 0.132420
v 0.223393 0.364565 0.127852
v 0.221292 0.362440 0.132277
v 0.223081 0.363292 0.127774
v 0.221027 0.360286 0.132152
v 0.222763 0.361430 0.127695
v 0.220887 0.357689 0.132086
v 0.222539 0.359029 0.127639
v 0.220878 0.354872 0.132082
v 0.222461 0.356294 0.127619
v 0.220989 0.352065 0.132134
v 0.222517 0.353453 0.127633
v 0.221209 0.349495 0.132238
v 0.222696 0.350736 0.127678
v 0.221529 0.347391 0.132389
v 0.222988 0.348371 0.127751
v 0.221937 0.345917 0.132582
v 0.223380 0.346585 0.127848
v 0.222427 0.344840 0.132813
v 0.223859 0.345353 0.127968
v 0.223041 0.343805 0.133102
v 0.224443 0.344324 0.128113
v 0.223856 0.342757 0.133486
v 0.225199 0.343283 0.128302
v 0.224952 0.341696 0.134004
v 0.226213 0.342228 0.128555
v 0.226411 0.340623 0.134692
v 0.227574 0.341161 0.128894
v 0.228314 0.339537 0.135589
v 0.229366 0.340081 0.129341
v 0.230766 0.338449 0.136746
v 0.231678 0.338989 0.129917
v 0.234011 0.337421 0.138276
v 0.234707 0.337928 0.130672
v 0.238152 0.336426 0.140229
v 0.238673 0.336928 0.131661
v 0.243053 0.335313 0.142540
v 0.243547 0.335894 0.132877
v 0.248539 0.333917 0.145128
v 0.249143 0.334661 0.134272
v 0.254436 0.332072 0.147909
v 0.255273 0.333062 0.135800
v 0.260571 0.329612 0.150803
v 0.261752 0.330930 0.137416
v 0.266742 0.326443 0.153713
v 0.268393 0.328099 0.139071
v 0.272596 0.322910 0.156474
v 0.274887 0.324696 0.140691
v 0.277905 0.319344 0.158978
v 0.280889 0.321134 0.142187
v 0.282689 0.315622 0.161234
v 0.286296 0.317514 0.143535
v 0.287003 0.311549 0.163269
v 0.291170 0.313641 0.144750
v 0.290904 0.306928 0.165109
v 0.295570 0.309319 0.145847
v 0.294448 0.301565 0.166780
v 0.299557 0.304352 0.146841
v 0.297712 0.295199 0.168319
v 0.303191 0.298543 0.147747
v 0.300855 0.287222 0.169801
v 0.306618 0.291446 0.148602
v 0.303805 0.277199 0.171193
v 0.309916 0.282468 0.149424
v 0.306230 0.265187 0.172337
v 0.312850 0.271434 0.150156
v 0.307759 0.251317 0.173058
v 0.315021 0.258476 0.150697
v 0.308020 0.235721 0.173181
v 0.316031 0.243727 0.150949
v 0.306643 0.218530 0.172531
v 0.315482 0.227316 0.150812
v 0.303388 0.199964 0.170996
v 0.312975 0.209377 0.150187
v 0.298874 0.180810 0.168867
v 0.308685 0.190396 0.149117
v 0.294075 0.162075 0.166604
v 0.303593 0.171348 0.147848
v 0.289388 0.144372 0.164394
v 0.298464 0.153061 0.146569
v 0.285105 0.128243 0.162373
v 0.293613 0.136077 0.145359
v 0.281515 0.114227 0.160681
v 0.289350 0.120937 0.144297
v 0.278912 0.102866 0.159453
v 0.285988 0.108181 0.143458
v 0.276654 0.087014 0.158388
v 0.283841 0.098351 0.142923
v 0.270835 0.029728 0.155643
v 0.279223 0.061232 0.141772
v 0.268392 -0.019225 0.154491
v 0.274415 0.001223 0.140573
v 0.272417 -0.026556 0.140075
v 0.196828 -0.038686 0.120739
v 0.191219 -0.038571 0.118094
v 0.193649 -0.038632 0.120436
v 0.226883 0.368672 0.123115
v 0.227007 0.369304 0.117595
v 0.226057 0.367542 0.123075
v 0.226197 0.368073 0.117716
v 0.225408 0.366768 0.123044
v 0.225450 0.367115 0.117828
v 0.224927 0.366217 0.123021
v 0.224897 0.366477 0.117910
v 0.224561 0.365699 0.123003
v 0.224485 0.365966 0.117972
v 0.224254 0.365023 0.122988
v 0.224158 0.365393 0.118021
v 0.223951 0.363996 0.122974
v 0.223863 0.364565 0.118065
v 0.223616 0.362440 0.122958
v 0.223545 0.363292 0.118112
v 0.223322 0.360286 0.122944
v 0.223221 0.361430 0.118161
v 0.223168 0.357689 0.122936
v 0.222993 0.359029 0.118195
v 0.223158 0.354872 0.122936
v 0.222913 0.356294 0.118207
v 0.223281 0.352065 0.122942
v 0.222970 0.353453 0.118198
v 0.223525 0.349495 0.122953
v 0.223153 0.350736 0.118171
v 0.223878 0.347391 0.122970
v 0.223450 0.348371 0.118127
v 0.224328 0.345917 0.122992
v 0.223850 0.346585 0.118067
v 0.224869 0.344840 0.123018
v 0.224338 0.345353 0.117994
v 0.225547 0.343805 0.123050
v 0.224933 0.344324 0.117905
v 0.226447 0.342757 0.123094
v 0.225704 0.343283 0.117790
v 0.227658 0.341696 0.123152
v 0.226738 0.342228 0.117635
v 0.229269 0.340623 0.123229
v 0.228124 0.341161 0.117428
v 0.231370 0.339537 0.123330
v 0.229951 0.340081 0.117155
v 0.234078 0.338449 0.123460
v 0.232307 0.338989 0.116803
v 0.237662 0.337421 0.123632
v 0.235395 0.337928 0.116341
v 0.242235 0.336426 0.123852
v 0.239438 0.336928 0.115737
v 0.247647 0.335313 0.124112
v 0.244406 0.335894 0.114995
v 0.253706 0.333917 0.124403
v 0.250110 0.334661 0.114142
v 0.260219 0.332072 0.124716
v 0.256358 0.333062 0.113208
v 0.266994 0.329612 0.125041
v 0.262962 0.330930 0.112222
v 0.273809 0.326443 0.125369
v 0.269731 0.328099 0.111210
v 0.280274 0.322910 0.125679
v 0.276351 0.324696 0.110221
v 0.286137 0.319344 0.125961
v 0.282468 0.321134 0.109306
v 0.291420 0.315622 0.126215
v 0.287980 0.317514 0.108483
v 0.296185 0.311549 0.126443
v 0.292948 0.313641 0.107740
v 0.300493 0.306928 0.126650
v 0.297432 0.309319 0.107070
v 0.304407 0.301565 0.126838
v 0.301496 0.304352 0.106463
v 0.308011 0.295199 0.127012
v 0.305200 0.298543 0.105909
v 0.311482 0.287222 0.127178
v 0.308694 0.291446 0.105387
v 0.314740 0.277199 0.127335
v 0.312056 0.282468 0.104884
v 0.317419 0.265187 0.127463
v 0.315046 0.271434 0.104437
v 0.319107 0.251317 0.127544
v 0.317259 0.258476 0.104107
v 0.319395 0.235721 0.127558
v 0.318289 0.243727 0.103953
v 0.317874 0.218530 0.127485
v 0.317729 0.227316 0.104037
v 0.314280 0.199964 0.127313
v 0.315174 0.209377 0.104418
v 0.309295 0.180810 0.127073
v 0.310801 0.190396 0.105072
v 0.303995 0.162075 0.126819
v 0.305610 0.171348 0.105848
v 0.298819 0.144372 0.126570
v 0.300383 0.153061 0.106629
v 0.294088 0.128243 0.126343
v 0.295437 0.136077 0.107368
v 0.290124 0.114227 0.126152
v 0.291092 0.120937 0.108017
v 0.287249 0.102866 0.126014
v 0.287666 0.108181 0.108529
v 0.284756 0.087014 0.125894
v 0.285477 0.098351 0.108857
v 0.278330 0.029728 0.125586
v 0.280770 0.061232 0.109560
v 0.275631 -0.019225 0.125456
v 0.275870 0.001223 0.110293
v 0.273833 -0.026556 0.110597
v 0.196598 -0.038686 0.121660
v 0.190404 -0.038571 0.121362
v 0.193545 -0.038632 0.122596
v 0.225274 0.368672 0.112353
v 0.223277 0.369304 0.107206
v 0.224496 0.367542 0.112632
v 0.222575 0.368073 0.107628
v 0.223884 0.366768 0.112852
v 0.221927 0.367115 0.108017
v 0.223432 0.366217 0.113015
v 0.221449 0.366477 0.108305
v 0.223087 0.365699 0.113139
v 0.221091 0.365966 0.108519
v 0.222797 0.365023 0.113242
v 0.220808 0.365393 0.108690
v 0.222512 0.363996 0.113345
v 0.220552 0.364565 0.108843
v 0.222196 0.362440 0.113458
v 0.220277 0.363292 0.109009
v 0.221920 0.360286 0.113557
v 0.219996 0.361430 0.109178
v 0.221775 0.357689 0.113610
v 0.219798 0.359029 0.109296
v 0.221765 0.354872 0.113613
v 0.219729 0.356294 0.109338
v 0.221881 0.352065 0.113572
v 0.219778 0.353453 0.109308
v 0.222110 0.349495 0.113489
v 0.219937 0.350736 0.109213
v 0.222443 0.347391 0.113370
v 0.220194 0.348371 0.109058
v 0.222867 0.345917 0.113217
v 0.220541 0.346585 0.108850
v 0.223377 0.344840 0.113034
v 0.220964 0.345353 0.108596
v 0.224016 0.343805 0.112805
v 0.221480 0.344324 0.108286
v 0.224864 0.342757 0.112500
v 0.222147 0.343283 0.107885
v 0.226005 0.341696 0.112091
v 0.223044 0.342228 0.107346
v 0.227523 0.340623 0.111546
v 0.224245 0.341161 0.106624
v 0.229503 0.339537 0.110835
v 0.225829 0.340081 0.105673
v 0.232055 0.338449 0.109919
v 0.227871 0.338989 0.104446
v 0.235431 0.337421 0.108706
v 0.230547 0.337928 0.102838
v 0.239741 0.336426 0.107159
v 0.234050 0.336928 0.100733
v 0.244840 0.335313 0.105328
v 0.238356 0.335894 0.098145
v 0.250549 0.333917 0.103279
v 0.243300 0.334661 0.095175
v 0.256686 0.332072 0.101075
v 0.248716 0.333062 0.091921
v 0.263070 0.329612 0.098783
v 0.254439 0.330930 0.088482
v 0.269491 0.326443 0.096478
v 0.260305 0.328099 0.084957
v 0.275583 0.322910 0.094291
v 0.266042 0.324696 0.081510
v 0.281108 0.319344 0.092307
v 0.271345 0.321134 0.078324
v 0.286086 0.315622 0.090520
v 0.276122 0.317514 0.075454
v 0.290575 0.311549 0.088908
v 0.280427 0.313641 0.072867
v 0.294635 0.306928 0.087450
v 0.284314 0.309319 0.070531
v 0.298323 0.301565 0.086126
v 0.287836 0.304352 0.068415
v 0.301718 0.295199 0.084907
v 0.291046 0.298543 0.066486
v 0.304989 0.287222 0.083733
v 0.294074 0.291446 0.064667
v 0.308059 0.277199 0.082630
v 0.296988 0.282468 0.062916
v 0.310583 0.265187 0.081724
v 0.299580 0.271434 0.061359
v 0.312174 0.251317 0.081153
v 0.301497 0.258476 0.060206
v 0.312445 0.235721 0.081055
v 0.302390 0.243727 0.059670
v 0.311012 0.218530 0.081570
v 0.301904 0.227316 0.059962
v 0.307626 0.199964 0.082786
v 0.299690 0.209377 0.061292
v 0.302928 0.180810 0.084473
v 0.295900 0.190396 0.063570
v 0.297934 0.162075 0.086265
v 0.291401 0.171348 0.066273
v 0.293057 0.144372 0.088017
v 0.286871 0.153061 0.068995
v 0.288599 0.128243 0.089617
v 0.282585 0.136077 0.071570
v 0.284864 0.114227 0.090958
v 0.278819 0.120937 0.073833
v 0.282155 0.102866 0.091931
v 0.275850 0.108181 0.075617
v 0.279806 0.087014 0.092774
v 0.273952 0.098351 0.076757
v 0.273751 0.029728 0.094948
v 0.269873 0.061232 0.079209
v 0.271208 -0.019225 0.095861
v 0.265626 0.001223 0.081760
v 0.263861 -0.026556 0.082821
v 0.196738 -0.038686 0.122599
v 0.190902 -0.038571 0.124694
v 0.194276 -0.038632 0.124632
v 0.219670 0.368672 0.103026
v 0.215855 0.369304 0.099035
v 0.219058 0.367542 0.103582
v 0.215368 0.368073 0.099694
v 0.218577 0.366768 0.104019
v 0.214919 0.367115 0.100301
v 0.218221 0.366217 0.104342
v 0.214586 0.366477 0.100750
v 0.217950 0.365699 0.104589
v 0.214338 0.365966 0.101085
v 0.217722 0.365023 0.104796
v 0.214142 0.365393 0.101351
v 0.217498 0.363996 0.105000
v 0.213964 0.364565 0.101591
v 0.217249 0.362440 0.105225
v 0.213773 0.363292 0.101849
v 0.217032 0.360286 0.105423
v 0.213578 0.361430 0.102112
v 0.216918 0.357689 0.105526
v 0.213441 0.359029 0.102298
v 0.216910 0.354872 0.105533
v 0.213393 0.356294 0.102363
v 0.217001 0.352065 0.105451
v 0.213427 0.353453 0.102316
v 0.217182 0.349495 0.105287
v 0.213537 0.350736 0.102168
v 0.217443 0.347391 0.105049
v 0.213716 0.348371 0.101926
v 0.217777 0.345917 0.104746
v 0.213956 0.346585 0.101602
v 0.218178 0.344840 0.104382
v 0.214250 0.345353 0.101204
v 0.218681 0.343805 0.103925
v 0.214608 0.344324 0.100721
v 0.219347 0.342757 0.103319
v 0.215071 0.343283 0.100095
v 0.220245 0.341696 0.102504
v 0.215693 0.342228 0.099254
v 0.221439 0.340623 0.101420
v 0.216527 0.341161 0.098127
v 0.222996 0.339537 0.100005
v 0.217626 0.340081 0.096642
v 0.225003 0.338449 0.098182
v 0.219043 0.338989 0.094727
v 0.227658 0.337421 0.095770
v 0.220900 0.337928 0.092218
v 0.231048 0.336426 0.092692
v 0.223331 0.336928 0.088932
v 0.235058 0.335313 0.089049
v 0.226319 0.335894 0.084894
v 0.239548 0.333917 0.084970
v 0.229750 0.334661 0.080258
v 0.244375 0.332072 0.080586
v 0.233508 0.333062 0.075179
v 0.249396 0.329612 0.076025
v 0.237480 0.330930 0.069811
v 0.254446 0.326443 0.071438
v 0.241551 0.328099 0.064310
v 0.259237 0.322910 0.067086
v 0.245532 0.324696 0.058930
v 0.263582 0.319344 0.063139
v 0.249211 0.321134 0.053957
v 0.267497 0.315622 0.059583
v 0.252526 0.317514 0.049477
v 0.271028 0.311549 0.056376
v 0.255514 0.313641 0.045440
v 0.274221 0.306928 0.053476
v 0.258211 0.309319 0.041795
v 0.277121 0.301565 0.050841
v 0.260655 0.304352 0.038492
v 0.279792 0.295199 0.048415
v 0.262883 0.298543 0.035481
v 0.282364 0.287222 0.046079
v 0.264984 0.291446 0.032642
v 0.284779 0.277199 0.043885
v 0.267006 0.282467 0.029909
v 0.286764 0.265187 0.042083
v 0.268805 0.271434 0.027478
v 0.288015 0.251317 0.040946
v 0.270135 0.258476 0.025680
v 0.288229 0.235721 0.040752
v 0.270755 0.243727 0.024843
v 0.287101 0.218530 0.041776
v 0.270418 0.227316 0.025298
v 0.284438 0.199964 0.044195
v 0.268881 0.209377 0.027375
v 0.280743 0.180810 0.047551
v 0.266251 0.190396 0.030929
v 0.276816 0.162075 0.051119
v 0.263129 0.171348 0.035148
v 0.272980 0.144372 0.054603
v 0.259986 0.153061 0.039397
v 0.269474 0.128242 0.057787
v 0.257011 0.136077 0.043416
v 0.266537 0.114227 0.060456
v 0.254398 0.120937 0.046948
v 0.264406 0.102866 0.062391
v 0.252337 0.108181 0.049732
v 0.262558 0.087014 0.064069
v 0.251021 0.098351 0.051511
v 0.257796 0.029728 0.068395
v 0.248190 0.061232 0.055338
v 0.255796 -0.019225 0.070211
v 0.245242 0.001223 0.059321
v 0.244018 -0.026556 0.060976
v 0.197227 -0.038686 0.123412
v 0.192637 -0.038571 0.127581
v 0.195730 -0.038632 0.126233
v 0.210923 0.368672 0.096554
v 0.205872 0.369304 0.094326
v 0.210571 0.367542 0.097302
v 0.205673 0.368073 0.095122
v 0.210293 0.366768 0.097890
v 0.205491 0.367115 0.095854
v 0.210088 0.366217 0.098324
v 0.205356 0.366477 0.096396
v 0.209932 0.365699 0.098656
v 0.205255 0.365966 0.096801
v 0.209801 0.365023 0.098934
v 0.205175 0.365393 0.097122
v 0.209671 0.363996 0.099208
v 0.205103 0.364565 0.097411
v 0.209528 0.362440 0.099512
v 0.205025 0.363292 0.097723
v 0.209403 0.360286 0.099778
v 0.204945 0.361430 0.098041
v 0.209337 0.357689 0.099917
v 0.204890 0.359029 0.098265
v 0.209333 0.354872 0.099926
v 0.204870 0.356294 0.098343
v 0.209385 0.352065 0.099815
v 0.204884 0.353453 0.098287
v 0.209489 0.349495 0.099595
v 0.204929 0.350736 0.098108
v 0.209640 0.347391 0.099275
v 0.205001 0.348371 0.097816
v 0.209832 0.345917 0.098867
v 0.205099 0.346585 0.097424
v 0.210063 0.344840 0.098377
v 0.205219 0.345353 0.096945
v 0.210353 0.343805 0.097763
v 0.205364 0.344324 0.096361
v 0.210737 0.342757 0.096948
v 0.205553 0.343283 0.095605
v 0.211255 0.341696 0.095852
v 0.205806 0.342228 0.094591
v 0.211943 0.340623 0.094393
v 0.206145 0.341161 0.093230
v 0.212840 0.339537 0.092490
v 0.206592 0.340081 0.091438
v 0.213996 0.338449 0.090038
v 0.207168 0.338989 0.089127
v 0.215527 0.337421 0.086793
v 0.207923 0.337928 0.086098
v 0.217480 0.336426 0.082652
v 0.208912 0.336928 0.082131
v 0.219791 0.335313 0.077751
v 0.210127 0.335894 0.077257
v 0.222378 0.333917 0.072266
v 0.211523 0.334661 0.071661
v 0.225160 0.332072 0.066368
v 0.213051 0.333062 0.065531
v 0.228053 0.329612 0.060233
v 0.214667 0.330930 0.059052
v 0.230964 0.326443 0.054062
v 0.216322 0.328099 0.052411
v 0.233725 0.322910 0.048208
v 0.217941 0.324696 0.045917
v 0.236229 0.319344 0.042899
v 0.219438 0.321134 0.039915
v 0.238485 0.315622 0.038115
v 0.220786 0.317514 0.034508
v 0.240520 0.311549 0.033801
v 0.222001 0.313641 0.029634
v 0.242359 0.306928 0.029900
v 0.223098 0.309319 0.025234
v 0.244031 0.301565 0.026356
v 0.224092 0.304352 0.021247
v 0.245570 0.295199 0.023092
v 0.224998 0.298543 0.017613
v 0.247052 0.287222 0.019949
v 0.225853 0.291446 0.014186
v 0.248444 0.277199 0.016999
v 0.226675 0.282468 0.010888
v 0.249588 0.265187 0.014574
v 0.227407 0.271434 0.007954
v 0.250309 0.251317 0.013045
v 0.227948 0.258476 0.005783
v 0.250432 0.235721 0.012784
v 0.228200 0.243727 0.004773
v 0.249782 0.218530 0.014161
v 0.228063 0.227316 0.005322
v 0.248247 0.199964 0.017416
v 0.227438 0.209377 0.007829
v 0.246118 0.180810 0.021930
v 0.226368 0.190396 0.012119
v 0.243855 0.162075 0.026729
v 0.225098 0.171348 0.017211
v 0.241644 0.144372 0.031416
v 0.223820 0.153061 0.022340
v 0.239624 0.128242 0.035699
v 0.222610 0.136077 0.027191
v 0.237931 0.114227 0.039289
v 0.221547 0.120937 0.031454
v 0.236703 0.102866 0.041892
v 0.220709 0.108181 0.034816
v 0.235639 0.087014 0.044150
v 0.220174 0.098351 0.036963
v 0.232894 0.029728 0.049969
v 0.219022 0.061232 0.041581
v 0.231742 -0.019225 0.052412
v 0.217824 0.001223 0.046389
v 0.217326 -0.026556 0.048387
v 0.197990 -0.038686 0.123977
v 0.195345 -0.038571 0.129585
v 0.197686 -0.038632 0.127155
v 0.200365 0.368672 0.093921
v 0.194846 0.369304 0.093797
v 0.200326 0.367542 0.094747
v 0.194967 0.368073 0.094607
v 0.200295 0.366768 0.095397
v 0.195079 0.367115 0.095354
v 0.200272 0.366217 0.095877
v 0.195161 0.366477 0.095907
v 0.200254 0.365699 0.096243
v 0.195223 0.365966 0.096319
v 0.200239 0.365023 0.096550
v 0.195272 0.365393 0.096646
v 0.200225 0.363996 0.096853
v 0.195316 0.364565 0.096941
v 0.200209 0.362440 0.097188
v 0.195363 0.363292 0.097259
v 0.200194 0.360286 0.097482
v 0.195412 0.361430 0.097583
v 0.200187 0.357689 0.097636
v 0.195446 0.359029 0.097811
v 0.200187 0.354872 0.097646
v 0.195458 0.356294 0.097891
v 0.200192 0.352065 0.097523
v 0.195449 0.353453 0.097834
v 0.200204 0.349495 0.097280
v 0.195422 0.350736 0.097651
v 0.200221 0.347391 0.096926
v 0.195378 0.348371 0.097354
v 0.200243 0.345917 0.096476
v 0.195318 0.346585 0.096954
v 0.200269 0.344840 0.095935
v 0.195245 0.345353 0.096466
v 0.200301 0.343805 0.095257
v 0.195156 0.344324 0.095871
v 0.200345 0.342757 0.094357
v 0.195041 0.343283 0.095100
v 0.200403 0.341696 0.093146
v 0.194886 0.342228 0.094066
v 0.200480 0.340623 0.091535
v 0.194679 0.341161 0.092680
v 0.200581 0.339537 0.089434
v 0.194406 0.340081 0.090853
v 0.200711 0.338449 0.086726
v 0.194054 0.338989 0.088497
v 0.200883 0.337421 0.083142
v 0.193592 0.337928 0.085409
v 0.201103 0.336426 0.078569
v 0.192988 0.336928 0.081366
v 0.201363 0.335313 0.073157
v 0.192246 0.335894 0.076398
v 0.201654 0.333917 0.067098
v 0.191393 0.334661 0.070694
v 0.201967 0.332072 0.060585
v 0.190459 0.333062 0.064446
v 0.202292 0.329612 0.053810
v 0.189472 0.330930 0.057842
v 0.202619 0.326443 0.046995
v 0.188461 0.328099 0.051073
v 0.202930 0.322910 0.040530
v 0.187471 0.324696 0.044453
v 0.203212 0.319344 0.034667
v 0.186557 0.321134 0.038336
v 0.203465 0.315622 0.029384
v 0.185733 0.317514 0.032824
v 0.203694 0.311549 0.024619
v 0.184991 0.313641 0.027856
v 0.203901 0.306928 0.020311
v 0.184321 0.309319 0.023372
v 0.204089 0.301565 0.016397
v 0.183713 0.304352 0.019308
v 0.204262 0.295199 0.012793
v 0.183160 0.298543 0.015604
v 0.204429 0.287222 0.009322
v 0.182638 0.291446 0.012111
v 0.204586 0.277199 0.006064
v 0.182135 0.282468 0.008748
v 0.204714 0.265187 0.003385
v 0.181688 0.271434 0.005758
v 0.204795 0.251317 0.001697
v 0.181358 0.258476 0.003545
v 0.204809 0.235721 0.001409
v 0.181204 0.243727 0.002515
v 0.204736 0.218530 0.002930
v 0.181287 0.227316 0.003075
v 0.204563 0.199964 0.006524
v 0.181669 0.209377 0.005630
v 0.204324 0.180810 0.011509
v 0.182323 0.190396 0.010004
v 0.204069 0.162075 0.016809
v 0.183099 0.171348 0.015194
v 0.203821 0.144372 0.021985
v 0.183880 0.153061 0.020421
v 0.203594 0.128242 0.026716
v 0.184619 0.136077 0.025367
v 0.203403 0.114227 0.030680
v 0.185268 0.120937 0.029712
v 0.203265 0.102866 0.033555
v 0.185780 0.108181 0.033138
v 0.203145 0.087014 0.036048
v 0.186107 0.098351 0.035327
v 0.202837 0.029728 0.042475
v 0.186811 0.061232 0.040034
v 0.202707 -0.019225 0.045173
v 0.187543 0.001223 0.044935
v 0.187848 -0.026556 0.046971
v 0.198911 -0.038686 0.124206
v 0.198613 -0.038571 0.130400
v 0.199847 -0.038632 0.127259
v 0.189604 0.368672 0.095530
v 0.184457 0.369304 0.097527
v 0.189883 0.367542 0.096308
v 0.184879 0.368073 0.098229
v 0.190103 0.366768 0.096920
v 0.185268 0.367115 0.098877
v 0.190265 0.366217 0.097372
v 0.185556 0.366477 0.099355
v 0.190389 0.365699 0.097718
v 0.185770 0.365966 0.099713
v 0.190493 0.365023 0.098007
v 0.185940 0.365393 0.099996
v 0.190596 0.363996 0.098292
v 0.186094 0.364565 0.100252
v 0.190709 0.362440 0.098608
v 0.186260 0.363292 0.100527
v 0.190808 0.360286 0.098884
v 0.186428 0.361430 0.100808
v 0.190860 0.357689 0.099030
v 0.186547 0.359029 0.101006
v 0.190864 0.354872 0.099039
v 0.186589 0.356294 0.101075
v 0.190822 0.352065 0.098924
v 0.186559 0.353453 0.101026
v 0.190740 0.349495 0.098694
v 0.186464 0.350736 0.100867
v 0.190621 0.347391 0.098361
v 0.186309 0.348371 0.100610
v 0.190468 0.345917 0.097937
v 0.186101 0.346585 0.100264
v 0.190285 0.344840 0.097427
v 0.185847 0.345353 0.099840
v 0.190056 0.343805 0.096788
v 0.185537 0.344324 0.099324
v 0.189751 0.342757 0.095940
v 0.185136 0.343283 0.098657
v 0.189342 0.341696 0.094799
v 0.184597 0.342228 0.097760
v 0.188796 0.340623 0.093281
v 0.183875 0.341161 0.096559
v 0.188086 0.339537 0.091301
v 0.182924 0.340081 0.094975
v 0.187170 0.338449 0.088749
v 0.181697 0.338989 0.092933
v 0.185957 0.337421 0.085373
v 0.180089 0.337928 0.090257
v 0.184410 0.336426 0.081064
v 0.177984 0.336928 0.086754
v 0.182579 0.335313 0.075964
v 0.175396 0.335894 0.082448
v 0.180529 0.333917 0.070255
v 0.172426 0.334661 0.077504
v 0.178326 0.332072 0.064118
v 0.169172 0.333062 0.072089
v 0.176034 0.329612 0.057734
v 0.165733 0.330930 0.066365
v 0.173728 0.326443 0.051313
v 0.162208 0.328099 0.060499
v 0.171541 0.322910 0.045221
v 0.158761 0.324696 0.054762
v 0.169558 0.319344 0.039696
v 0.155575 0.321134 0.049459
v 0.167770 0.315622 0.034718
v 0.152705 0.317514 0.044682
v 0.166159 0.311549 0.030229
v 0.150118 0.313641 0.040377
v 0.164701 0.306928 0.026170
v 0.147782 0.309319 0.036490
v 0.163377 0.301565 0.022482
v 0.145666 0.304352 0.032968
v 0.162158 0.295199 0.019086
v 0.143737 0.298543 0.029758
v 0.160983 0.287222 0.015815
v 0.141918 0.291446 0.026730
v 0.159881 0.277199 0.012745
v 0.140167 0.282468 0.023816
v 0.158975 0.265187 0.010221
v 0.138610 0.271434 0.021225
v 0.158404 0.251317 0.008630
v 0.137457 0.258476 0.019307
v 0.158306 0.235721 0.008359
v 0.136921 0.243727 0.018414
v 0.158821 0.218530 0.009792
v 0.137213 0.227316 0.018900
v 0.160037 0.199964 0.013179
v 0.138543 0.209377 0.021114
v 0.161723 0.180810 0.017876
v 0.140821 0.190396 0.024904
v 0.163516 0.162075 0.022870
v 0.143524 0.171348 0.029403
v 0.165267 0.144372 0.027747
v 0.146246 0.153061 0.033933
v 0.166868 0.128242 0.032205
v 0.148821 0.136077 0.038219
v 0.168209 0.114227 0.035940
v 0.151084 0.120937 0.041985
v 0.169181 0.102866 0.038649
v 0.152868 0.108181 0.044955
v 0.170025 0.087014 0.040998
v 0.154008 0.098351 0.046852
v 0.172199 0.029728 0.047053
v 0.156459 0.061232 0.050932
v 0.173112 -0.019225 0.049596
v 0.159011 0.001223 0.055179
v 0.160072 -0.026556 0.056943
v 0.199849 -0.038686 0.124066
v 0.201945 -0.038571 0.129902
v 0.201882 -0.038632 0.126528
v 0.180277 0.368672 0.101134
v 0.176286 0.369304 0.104949
v 0.180833 0.367542 0.101746
v 0.176945 0.368073 0.105436
v 0.181270 0.366768 0.102227
v 0.177552 0.367115 0.105885
v 0.181593 0.366217 0.102583
v 0.178001 0.366477 0.106218
v 0.181840 0.365699 0.102855
v 0.178336 0.365966 0.106466
v 0.182047 0.365023 0.103082
v 0.178602 0.365393 0.106662
v 0.182250 0.363996 0.103306
v 0.178842 0.364565 0.106840
v 0.182476 0.362440 0.103555
v 0.179100 0.363292 0.107031
v 0.182674 0.360286 0.103772
v 0.179363 0.361430 0.107226
v 0.182777 0.357689 0.103886
v 0.179549 0.359029 0.107363
v 0.182784 0.354872 0.103894
v 0.179614 0.356294 0.107411
v 0.182701 0.352065 0.103803
v 0.179567 0.353453 0.107377
v 0.182537 0.349495 0.103623
v 0.179419 0.350736 0.107267
v 0.182300 0.347391 0.103361
v 0.179177 0.348371 0.107088
v 0.181996 0.345917 0.103027
v 0.178852 0.346585 0.106848
v 0.181632 0.344840 0.102626
v 0.178455 0.345353 0.106554
v 0.181176 0.343805 0.102124
v 0.177972 0.344324 0.106196
v 0.180570 0.342757 0.101457
v 0.177345 0.343283 0.105733
v 0.179755 0.341696 0.100559
v 0.176505 0.342228 0.105111
v 0.178670 0.340623 0.099365
v 0.175378 0.341161 0.104277
v 0.177256 0.339537 0.097808
v 0.173893 0.340081 0.103178
v 0.175433 0.338449 0.095801
v 0.171978 0.338989 0.101761
v 0.173021 0.337421 0.093146
v 0.169469 0.337928 0.099904
v 0.169942 0.336426 0.089757
v 0.166183 0.336928 0.097473
v 0.166299 0.335313 0.085746
v 0.162145 0.335894 0.094485
v 0.162221 0.333917 0.081256
v 0.157509 0.334661 0.091054
v 0.157837 0.332072 0.076429
v 0.152430 0.333062 0.087296
v 0.153276 0.329612 0.071408
v 0.147062 0.330930 0.083324
v 0.148689 0.326443 0.066358
v 0.141561 0.328099 0.079254
v 0.144337 0.322910 0.061567
v 0.136180 0.324696 0.075272
v 0.140390 0.319344 0.057222
v 0.131208 0.321134 0.071593
v 0.136834 0.315622 0.053307
v 0.126728 0.317514 0.068278
v 0.133627 0.311549 0.049776
v 0.122691 0.313641 0.065290
v 0.130727 0.306928 0.046583
v 0.119045 0.309319 0.062593
v 0.128092 0.301565 0.043683
v 0.115743 0.304352 0.060149
v 0.125666 0.295199 0.041012
v 0.112732 0.298543 0.057921
v 0.123330 0.287222 0.038440
v 0.109893 0.291446 0.055820
v 0.121136 0.277199 0.036025
v 0.107160 0.282468 0.053798
v 0.119333 0.265187 0.034040
v 0.104729 0.271434 0.052000
v 0.118197 0.251317 0.032789
v 0.102930 0.258476 0.050669
v 0.118003 0.235721 0.032576
v 0.102094 0.243727 0.050049
v 0.119027 0.218530 0.033703
v 0.102549 0.227316 0.050386
v 0.121446 0.199964 0.036366
v 0.104625 0.209377 0.051923
v 0.124802 0.180810 0.040061
v 0.108180 0.190396 0.054553
v 0.128369 0.162075 0.043988
v 0.112399 0.171348 0.057675
v 0.131854 0.144372 0.047824
v 0.116647 0.153061 0.060819
v 0.135038 0.128243 0.051330
v 0.120667 0.136077 0.063793
v 0.137706 0.114227 0.054267
v 0.124198 0.120937 0.066406
v 0.139642 0.102866 0.056398
v 0.126983 0.108181 0.068467
v 0.141320 0.087014 0.058246
v 0.128762 0.098351 0.069783
v 0.145646 0.029728 0.063008
v 0.132588 0.061232 0.072614
v 0.147462 -0.019225 0.065008
v 0.136571 0.001223 0.075562
v 0.138226 -0.026556 0.076786
v 0.200663 -0.038686 0.123577
v 0.204832 -0.038571 0.128167
v 0.203484 -0.038632 0.125074
v 0.173805 0.368672 0.109881
v 0.171577 0.369304 0.114932
v 0.174553 0.367542 0.110233
v 0.172373 0.368073 0.115131
v 0.175140 0.366768 0.110511
v 0.173105 0.367115 0.115313
v 0.175575 0.366217 0.110716
v 0.173647 0.366477 0.115449
v 0.175907 0.365699 0.110872
v 0.174052 0.365966 0.115549
v 0.176185 0.365023 0.111003
v 0.174372 0.365393 0.115629
v 0.176459 0.363996 0.111133
v 0.174662 0.364565 0.115702
v 0.176763 0.362440 0.111276
v 0.174974 0.363292 0.115779
v 0.177028 0.360286 0.111401
v 0.175292 0.361431 0.115859
v 0.177168 0.357689 0.111467
v 0.175516 0.359029 0.115914
v 0.177177 0.354872 0.111471
v 0.175594 0.356294 0.115934
v 0.177066 0.352065 0.111419
v 0.175538 0.353453 0.115920
v 0.176845 0.349496 0.111315
v 0.175359 0.350737 0.115875
v 0.176526 0.347391 0.111164
v 0.175067 0.348371 0.115803
v 0.176118 0.345917 0.110972
v 0.174675 0.346585 0.115705
v 0.175628 0.344840 0.110741
v 0.174196 0.345353 0.115585
v 0.175014 0.343805 0.110451
v 0.173612 0.344324 0.115440
v 0.174199 0.342757 0.110067
v 0.172856 0.343283 0.115251
v 0.173102 0.341696 0.109550
v 0.171842 0.342228 0.114998
v 0.171644 0.340623 0.108861
v 0.170481 0.341161 0.114659
v 0.169741 0.339537 0.107964
v 0.168689 0.340081 0.114212
v 0.167289 0.338449 0.106808
v 0.166377 0.338989 0.113636
v 0.164044 0.337421 0.105277
v 0.163348 0.337928 0.112881
v 0.159903 0.336426 0.103324
v 0.159382 0.336928 0.111892
v 0.155002 0.335313 0.101013
v 0.154508 0.335894 0.110677
v 0.149516 0.333917 0.098426
v 0.148912 0.334661 0.109281
v 0.143619 0.332072 0.095644
v 0.142782 0.333062 0.107753
v 0.137484 0.329612 0.092751
v 0.136303 0.330930 0.106138
v 0.131313 0.326443 0.089840
v 0.129662 0.328099 0.104482
v 0.125459 0.322910 0.087080
v 0.123168 0.324696 0.102863
v 0.120150 0.319344 0.084575
v 0.117166 0.321134 0.101366
v 0.115366 0.315622 0.082319
v 0.111758 0.317514 0.100018
v 0.111052 0.311549 0.080285
v 0.106885 0.313641 0.098803
v 0.107151 0.306928 0.078445
v 0.102485 0.309319 0.097706
v 0.103607 0.301565 0.076773
v 0.098498 0.304352 0.096712
v 0.100343 0.295199 0.075234
v 0.094864 0.298543 0.095806
v 0.097200 0.287222 0.073752
v 0.091437 0.291446 0.094951
v 0.094250 0.277199 0.072360
v 0.088138 0.282468 0.094129
v 0.091824 0.265187 0.071216
v 0.085205 0.271434 0.093397
v 0.090296 0.251317 0.070495
v 0.083034 0.258476 0.092856
v 0.090035 0.235721 0.070372
v 0.082024 0.243727 0.092604
v 0.091412 0.218530 0.071022
v 0.082573 0.227316 0.092741
v 0.094666 0.199964 0.072557
v 0.085080 0.209377 0.093366
v 0.099181 0.180810 0.074686
v 0.089370 0.190396 0.094436
v 0.103980 0.162075 0.076949
v 0.094462 0.171348 0.095706
v 0.108667 0.144372 0.079160
v 0.099590 0.153061 0.096984
v 0.112950 0.128243 0.081180
v 0.104442 0.136077 0.098194
v 0.116539 0.114227 0.082873
v 0.108705 0.120937 0.099257
v 0.119143 0.102866 0.084101
v 0.112066 0.108181 0.100095
v 0.121401 0.087014 0.085166
v 0.114214 0.098351 0.100630
v 0.127220 0.029728 0.087910
v 0.118832 0.061232 0.101782
v 0.129663 -0.019225 0.089062
v 0.123640 0.001223 0.102980
v 0.125638 -0.026556 0.103479
v 0.201227 -0.038686 0.122814
v 0.206836 -0.038571 0.125459
v 0.204406 -0.038632 0.123118
v 0.171172 0.368672 0.120439
v 0.171048 0.369304 0.125958
v 0.171998 0.367542 0.120478
v 0.171858 0.368073 0.125837
v 0.172647 0.366768 0.120509
v 0.172605 0.367115 0.125725
v 0.173128 0.366217 0.120533
v 0.173158 0.366477 0.125643
v 0.173494 0.365699 0.120550
v 0.173570 0.365966 0.125581
v 0.173801 0.365023 0.120565
v 0.173897 0.365393 0.125532
v 0.174104 0.363996 0.120579
v 0.174192 0.364565 0.125488
v 0.174439 0.362440 0.120596
v 0.174510 0.363292 0.125441
v 0.174733 0.360286 0.120610
v 0.174834 0.361431 0.125392
v 0.174887 0.357689 0.120617
v 0.175062 0.359029 0.125358
v 0.174897 0.354872 0.120618
v 0.175142 0.356294 0.125346
v 0.174774 0.352065 0.120612
v 0.175085 0.353453 0.125355
v 0.174530 0.349496 0.120600
v 0.174902 0.350737 0.125382
v 0.174177 0.347391 0.120583
v 0.174605 0.348371 0.125427
v 0.173727 0.345917 0.120561
v 0.174205 0.346585 0.125486
v 0.173186 0.344840 0.120535
v 0.173716 0.345353 0.125559
v 0.172508 0.343805 0.120503
v 0.173122 0.344324 0.125648
v 0.171608 0.342757 0.120460
v 0.172351 0.343283 0.125763
v 0.170397 0.341696 0.120401
v 0.171317 0.342228 0.125918
v 0.168786 0.340623 0.120324
v 0.169931 0.341161 0.126125
v 0.166685 0.339537 0.120223
v 0.168104 0.340081 0.126398
v 0.163976 0.338449 0.120093
v 0.165747 0.338989 0.126750
v 0.160393 0.337421 0.119921
v 0.162660 0.337928 0.127212
v 0.155820 0.336426 0.119701
v 0.158617 0.336928 0.127816
v 0.150408 0.335313 0.119441
v 0.153649 0.335894 0.128558
v 0.144349 0.333917 0.119150
v 0.147945 0.334661 0.129411
v 0.137836 0.332072 0.118837
v 0.141697 0.333062 0.130345
v 0.131061 0.329612 0.118512
v 0.135093 0.330930 0.131332
v 0.124246 0.326443 0.118185
v 0.128324 0.328099 0.132343
v 0.117781 0.322910 0.117874
v 0.121704 0.324696 0.133333
v 0.111918 0.319344 0.117592
v 0.115587 0.321134 0.134247
v 0.106635 0.315622 0.117339
v 0.110075 0.317514 0.135071
v 0.101870 0.311549 0.117110
v 0.105107 0.313641 0.135813
v 0.097562 0.306928 0.116903
v 0.100622 0.309319 0.136483
v 0.093648 0.301565 0.116715
v 0.096559 0.304352 0.137091
v 0.090044 0.295199 0.116542
v 0.092855 0.298543 0.137644
v 0.086573 0.287222 0.116375
v 0.089361 0.291446 0.138166
v 0.083314 0.277199 0.116219
v 0.085999 0.282468 0.138669
v 0.080636 0.265187 0.116090
v 0.083009 0.271434 0.139116
v 0.078948 0.251317 0.116009
v 0.080796 0.258476 0.139446
v 0.078660 0.235721 0.115995
v 0.079766 0.243727 0.139600
v 0.080181 0.218530 0.116068
v 0.080326 0.227316 0.139517
v 0.083775 0.199964 0.116241
v 0.082881 0.209377 0.139135
v 0.088760 0.180810 0.116480
v 0.087254 0.190396 0.138481
v 0.094060 0.162075 0.116735
v 0.092445 0.171348 0.137706
v 0.099236 0.144372 0.116983
v 0.097672 0.153061 0.136924
v 0.103967 0.128243 0.117211
v 0.102617 0.136077 0.136185
v 0.107931 0.114227 0.117401
v 0.106962 0.120937 0.135536
v 0.110806 0.102866 0.117539
v 0.110389 0.108181 0.135024
v 0.113299 0.087014 0.117659
v 0.112578 0.098351 0.134697
v 0.119725 0.029728 0.117968
v 0.117285 0.061232 0.133993
v 0.122424 -0.019225 0.118097
v 0.122185 0.001223 0.133261
v 0.124222 -0.026556 0.132957
v 0.201457 -0.038686 0.121893
v 0.207650 -0.038571 0.122191
v 0.204510 -0.038632 0.120957
v 0.172781 0.368672 0.131200
v 0.174778 0.369304 0.136347
v 0.173559 0.367542 0.130921
v 0.175480 0.368073 0.135925
v 0.174171 0.366768 0.130701
v 0.176127 0.367115 0.135536
v 0.174623 0.366217 0.130539
v 0.176606 0.366477 0.135249
v 0.174968 0.365699 0.130415
v 0.176964 0.365966 0.135034
v 0.175258 0.365023 0.130311
v 0.177247 0.365393 0.134864
v 0.175543 0.363996 0.130208
v 0.177503 0.364565 0.134710
v 0.175859 0.362440 0.130095
v 0.177778 0.363292 0.134544
v 0.176135 0.360286 0.129996
v 0.178059 0.361431 0.134376
v 0.176280 0.357689 0.129944
v 0.178257 0.359029 0.134257
v 0.176290 0.354872 0.129940
v 0.178326 0.356294 0.134215
v 0.176174 0.352065 0.129982
v 0.178276 0.353453 0.134245
v 0.175945 0.349496 0.130064
v 0.178118 0.350736 0.134340
v 0.175612 0.347391 0.130184
v 0.177861 0.348371 0.134495
v 0.175187 0.345917 0.130336
v 0.177514 0.346585 0.134703
v 0.174678 0.344840 0.130519
v 0.177091 0.345353 0.134958
v 0.174039 0.343805 0.130748
v 0.176575 0.344324 0.135267
v 0.173191 0.342757 0.131053
v 0.175908 0.343283 0.135668
v 0.172050 0.341696 0.131463
v 0.175011 0.342228 0.136207
v 0.170532 0.340623 0.132008
v 0.173810 0.341161 0.136929
v 0.168552 0.339537 0.132718
v 0.172226 0.340081 0.137881
v 0.166000 0.338449 0.133635
v 0.170184 0.338989 0.139107
v 0.162624 0.337421 0.134847
v 0.167508 0.337928 0.140715
v 0.158314 0.336426 0.136394
v 0.164004 0.336928 0.142821
v 0.153215 0.335313 0.138225
v 0.159699 0.335894 0.145408
v 0.147506 0.333917 0.140275
v 0.154755 0.334661 0.148378
v 0.141369 0.332072 0.142478
v 0.149339 0.333062 0.151632
v 0.134985 0.329612 0.144770
v 0.143616 0.330930 0.155071
v 0.128564 0.326443 0.147076
v 0.137750 0.328099 0.158596
v 0.122472 0.322910 0.149263
v 0.132012 0.324696 0.162043
v 0.116947 0.319344 0.151246
v 0.126710 0.321134 0.165229
v 0.111969 0.315622 0.153034
v 0.121933 0.317514 0.168099
v 0.107480 0.311549 0.154646
v 0.117628 0.313641 0.170686
v 0.103420 0.306928 0.156103
v 0.113741 0.309319 0.173022
v 0.099732 0.301565 0.157427
v 0.110219 0.304352 0.175138
v 0.096336 0.295199 0.158646
v 0.107009 0.298543 0.177067
v 0.093066 0.287222 0.159821
v 0.103981 0.291446 0.178886
v 0.089996 0.277199 0.160923
v 0.101067 0.282468 0.180637
v 0.087472 0.265187 0.161829
v 0.098475 0.271434 0.182194
v 0.085881 0.251317 0.162400
v 0.096558 0.258476 0.183347
v 0.085610 0.235721 0.162498
v 0.095665 0.243727 0.183883
v 0.087043 0.218530 0.161983
v 0.096151 0.227316 0.183591
v 0.090429 0.199964 0.160767
v 0.098365 0.209377 0.182261
v 0.095127 0.180810 0.159081
v 0.102155 0.190396 0.179983
v 0.100121 0.162075 0.157288
v 0.106654 0.171348 0.177280
v 0.104998 0.144372 0.155537
v 0.111184 0.153061 0.174558
v 0.109456 0.128243 0.153936
v 0.115470 0.136077 0.171983
v 0.113190 0.114227 0.152595
v 0.119236 0.120937 0.169720
v 0.115900 0.102866 0.151623
v 0.122205 0.108181 0.167936
v 0.118249 0.087014 0.150779
v 0.124102 0.098351 0.166796
v 0.124304 0.029728 0.148605
v 0.128182 0.061232 0.164345
v 0.126847 -0.019225 0.147692
v 0.132429 0.001223 0.161793
v 0.134194 -0.026556 0.160732
v 0.201317 -0.038686 0.120955
v 0.207153 -0.038571 0.118859
v 0.203779 -0.038632 0.118922
v 0.178385 0.368672 0.140527
v 0.182200 0.369304 0.144518
v 0.178997 0.367542 0.139971
v 0.182687 0.368073 0.143859
v 0.179478 0.366768 0.139534
v 0.183136 0.367115 0.143252
v 0.179834 0.366217 0.139211
v 0.183469 0.366477 0.142803
v 0.180105 0.365699 0.138964
v 0.183717 0.365966 0.142468
v 0.180333 0.365023 0.138757
v 0.183913 0.365393 0.142202
v 0.180557 0.363996 0.138554
v 0.184091 0.364565 0.141963
v 0.180806 0.362440 0.138328
v 0.184282 0.363292 0.141704
v 0.181023 0.360286 0.138131
v 0.184477 0.361431 0.141441
v 0.181137 0.357689 0.138027
v 0.184614 0.359029 0.141255
v 0.181145 0.354872 0.138020
v 0.184662 0.356294 0.141191
v 0.181054 0.352065 0.138103
v 0.184628 0.353453 0.141237
v 0.180873 0.349495 0.138267
v 0.184518 0.350736 0.141386
v 0.180612 0.347391 0.138504
v 0.184339 0.348371 0.141627
v 0.180278 0.345917 0.138808
v 0.184099 0.346585 0.141952
v 0.179877 0.344840 0.139172
v 0.183805 0.345353 0.142349
v 0.179374 0.343805 0.139628
v 0.183447 0.344324 0.142833
v 0.178708 0.342757 0.140234
v 0.182984 0.343283 0.143459
v 0.177810 0.341696 0.141049
v 0.182362 0.342228 0.144299
v 0.176616 0.340623 0.142134
v 0.181528 0.341161 0.145426
v 0.175059 0.339537 0.143548
v 0.180429 0.340081 0.146911
v 0.173052 0.338449 0.145371
v 0.179012 0.338989 0.148826
v 0.170397 0.337421 0.147783
v 0.177155 0.337928 0.151336
v 0.167007 0.336426 0.150862
v 0.174724 0.336928 0.154621
v 0.162997 0.335313 0.154505
v 0.171736 0.335894 0.158660
v 0.158507 0.333917 0.158583
v 0.168305 0.334661 0.163295
v 0.153680 0.332072 0.162967
v 0.164547 0.333062 0.168374
v 0.148659 0.329612 0.167528
v 0.160575 0.330930 0.173742
v 0.143609 0.326443 0.172115
v 0.156504 0.328099 0.179243
v 0.138818 0.322910 0.176467
v 0.152523 0.324696 0.184624
v 0.134473 0.319344 0.180414
v 0.148844 0.321134 0.189596
v 0.130558 0.315622 0.183970
v 0.145529 0.317514 0.194076
v 0.127027 0.311549 0.187177
v 0.142541 0.313641 0.198114
v 0.123834 0.306928 0.190077
v 0.139844 0.309319 0.201759
v 0.120934 0.301565 0.192712
v 0.137400 0.304352 0.205062
v 0.118263 0.295199 0.195138
v 0.135172 0.298543 0.208072
v 0.115691 0.287222 0.197474
v 0.133071 0.291446 0.210912
v 0.113276 0.277199 0.199668
v 0.131049 0.282468 0.213644
v 0.111291 0.265187 0.201471
v 0.129250 0.271434 0.216075
v 0.110040 0.251317 0.202607
v 0.127919 0.258476 0.217874
v 0.109826 0.235721 0.202801
v 0.127300 0.243727 0.218710
v 0.110954 0.218530 0.201777
v 0.127637 0.227316 0.218255
v 0.113617 0.199964 0.199358
v 0.129174 0.209377 0.216179
v 0.117312 0.180810 0.196002
v 0.131804 0.190396 0.212624
v 0.121239 0.162075 0.192435
v 0.134926 0.171348 0.208405
v 0.125075 0.144372 0.188950
v 0.138069 0.153061 0.204157
v 0.128581 0.128243 0.185766
v 0.141044 0.136077 0.200137
v 0.131518 0.114227 0.183098
v 0.143657 0.120937 0.196606
v 0.133649 0.102866 0.181162
v 0.145718 0.108181 0.193821
v 0.135497 0.087014 0.179484
v 0.147034 0.098351 0.192042
v 0.140259 0.029728 0.175158
v 0.149865 0.061232 0.188216
v 0.142259 -0.019225 0.173342
v 0.152812 0.001223 0.184233
v 0.154037 -0.026556 0.182578
v 0.200828 -0.038686 0.120141
v 0.205418 -0.038571 0.115972
v 0.202325 -0.038632 0.117321
v 0.187132 0.368672 0.146999
v 0.192183 0.369304 0.149227
v 0.187484 0.367542 0.146251
v 0.192382 0.368073 0.148432
v 0.187762 0.366768 0.145664
v 0.192564 0.367115 0.147699
v 0.187967 0.366217 0.145229
v 0.192699 0.366477 0.147157
v 0.188123 0.365699 0.144897
v 0.192800 0.365966 0.146752
v 0.188254 0.365023 0.144619
v 0.192880 0.365393 0.146432
v 0.188384 0.363996 0.144345
v 0.192952 0.364565 0.146142
v 0.188527 0.362440 0.144041
v 0.193030 0.363292 0.145830
v 0.188652 0.360286 0.143776
v 0.193109 0.361430 0.145512
v 0.188718 0.357689 0.143636
v 0.193165 0.359029 0.145289
v 0.188722 0.354872 0.143627
v 0.193185 0.356294 0.145210
v 0.188670 0.352065 0.143738
v 0.193171 0.353453 0.145266
v 0.188566 0.349495 0.143959
v 0.193126 0.350736 0.145446
v 0.188415 0.347391 0.144278
v 0.193053 0.348371 0.145737
v 0.188222 0.345917 0.144686
v 0.192956 0.346585 0.146129
v 0.187992 0.344840 0.145176
v 0.192836 0.345353 0.146609
v 0.187702 0.343805 0.145790
v 0.192691 0.344324 0.147192
v 0.187318 0.342757 0.146605
v 0.192502 0.343283 0.147948
v 0.186800 0.341696 0.147702
v 0.192249 0.342228 0.148963
v 0.186112 0.340623 0.149161
v 0.191910 0.341161 0.150323
v 0.185215 0.339537 0.151063
v 0.191463 0.340081 0.152115
v 0.184059 0.338449 0.153515
v 0.190887 0.338989 0.154427
v 0.182528 0.337421 0.156760
v 0.190132 0.337928 0.157456
v 0.180575 0.336426 0.160901
v 0.189143 0.336928 0.161422
v 0.178264 0.335313 0.165802
v 0.187927 0.335894 0.166296
v 0.175676 0.333917 0.171288
v 0.186532 0.334661 0.171892
v 0.172895 0.332072 0.177185
v 0.185004 0.333062 0.178022
v 0.170002 0.329612 0.183320
v 0.183388 0.330930 0.184501
v 0.167091 0.326443 0.189491
v 0.181733 0.328099 0.191142
v 0.164330 0.322910 0.195345
v 0.180114 0.324696 0.197636
v 0.161826 0.319344 0.200654
v 0.178617 0.321134 0.203638
v 0.159570 0.315622 0.205438
v 0.177269 0.317514 0.209046
v 0.157535 0.311549 0.209752
v 0.176054 0.313641 0.213919
v 0.155696 0.306928 0.213653
v 0.174957 0.309319 0.218319
v 0.154024 0.301565 0.217198
v 0.173963 0.304352 0.222306
v 0.152485 0.295199 0.220461
v 0.173057 0.298543 0.225940
v 0.151003 0.287222 0.223604
v 0.172202 0.291446 0.229367
v 0.149611 0.277199 0.226554
v 0.171380 0.282468 0.232666
v 0.148467 0.265187 0.228980
v 0.170648 0.271434 0.235600
v 0.147746 0.251317 0.230508
v 0.170107 0.258476 0.237771
v 0.147623 0.235721 0.230769
v 0.169855 0.243727 0.238780
v 0.148273 0.218530 0.229392
v 0.169992 0.227316 0.238231
v 0.149808 0.199964 0.226138
v 0.170617 0.209377 0.235725
v 0.151937 0.180810 0.221623
v 0.171687 0.190396 0.231434
v 0.154200 0.162075 0.216824
v 0.172956 0.171348 0.226342
v 0.156411 0.144372 0.212138
v 0.174235 0.153061 0.221214
v 0.158431 0.128243 0.207854
v 0.175445 0.136077 0.216362
v 0.160124 0.114227 0.204265
v 0.176508 0.120937 0.212099
v 0.161351 0.102866 0.201661
v 0.177346 0.108181 0.208738
v 0.162416 0.087014 0.199404
v 0.177881 0.098351 0.206590
v 0.165161 0.029728 0.193585
v 0.179033 0.061232 0.201972
v 0.166313 -0.019225 0.191141
v 0.180231 0.001223 0.197164
v 0.180729 -0.026556 0.195167
v 0.200065 -0.038686 0.119577
v 0.202710 -0.038571 0.113969
v 0.200369 -0.038632 0.116398
v 0.197689 0.368672 0.149632
v 0.197729 0.367542 0.148806
v 0.197760 0.366768 0.148157
v 0.197783 0.366217 0.147676
v 0.197801 0.365699 0.147310
v 0.197816 0.365023 0.147003
v 0.197830 0.363996 0.146700
v 0.197846 0.362440 0.146365
v 0.197860 0.360286 0.146072
v 0.197868 0.357689 0.145918
v 0.197868 0.354872 0.145908
v 0.197862 0.352065 0.146030
v 0.197851 0.349495 0.146274
v 0.197834 0.347391 0.146627
v 0.197812 0.345917 0.147077
v 0.197786 0.344840 0.147618
v 0.197754 0.343805 0.148296
v 0.197710 0.342757 0.149196
v 0.197652 0.341696 0.150407
v 0.197575 0.340623 0.152019
v 0.197474 0.339537 0.154119
v 0.197344 0.338449 0.156828
v 0.197172 0.337421 0.160411
v 0.196952 0.336426 0.164984
v 0.196692 0.335313 0.170396
v 0.196401 0.333917 0.176455
v 0.196088 0.332072 0.182968
v 0.195763 0.329612 0.189743
v 0.195435 0.326443 0.196558
v 0.195125 0.322910 0.203023
v 0.194843 0.319344 0.208887
v 0.194590 0.315622 0.214170
v 0.194361 0.311549 0.218934
v 0.194154 0.306928 0.223242
v 0.193966 0.301565 0.227156
v 0.193793 0.295199 0.230760
v 0.193626 0.287222 0.234231
v 0.193469 0.277199 0.237490
v 0.193341 0.265187 0.240168
v 0.193260 0.251317 0.241856
v 0.193246 0.235721 0.242144
v 0.193319 0.218530 0.240623
v 0.193491 0.199964 0.237029
v 0.193731 0.180810 0.232044
v 0.193986 0.162075 0.226744
v 0.194234 0.144372 0.221568
v 0.194461 0.128243 0.216837
v 0.194652 0.114227 0.212874
v 0.194790 0.102866 0.209998
v 0.194910 0.087014 0.207505
v 0.195218 0.029728 0.201079
v 0.195348 -0.019225 0.198380
v 0.199144 -0.038686 0.119347
v 0.199442 -0.038571 0.113154
vn 0.1251 -0.5328 0.8369
vn 0.1231 -0.5534 0.8238
vn 0.2814 -0.5534 0.7839
vn 0.2861 -0.5325 0.7966
vn 0.4289 -0.5536 0.7138
vn 0.4358 -0.5329 0.7253
vn 0.1193 -0.5908 0.7979
vn 0.2727 -0.5908 0.7593
vn 0.1160 -0.6199 0.7760
vn 0.2652 -0.6199 0.7385
vn 0.4042 -0.6199 0.6726
vn 0.4156 -0.5908 0.6916
vn 0.1131 -0.6436 0.7570
vn 0.2586 -0.6434 0.7205
vn 0.1112 -0.6587 0.7442
vn 0.2543 -0.6585 0.7083
vn 0.3875 -0.6589 0.6448
vn 0.3942 -0.6436 0.6561
vn 0.1113 -0.6578 0.7449
vn 0.2546 -0.6579 0.7088
vn 0.1145 -0.6328 0.7658
vn 0.2616 -0.6326 0.7289
vn 0.3988 -0.6329 0.6637
vn 0.3879 -0.6578 0.6456
vn 0.1204 -0.5791 0.8063
vn 0.2755 -0.5791 0.7673
vn 0.1278 -0.5022 0.8552
vn 0.2922 -0.5021 0.8139
vn 0.4454 -0.5023 0.7412
vn 0.4198 -0.5791 0.6989
vn 0.1343 -0.4178 0.8986
vn 0.3070 -0.4179 0.8551
vn 0.1389 -0.3428 0.9291
vn 0.3175 -0.3429 0.8841
vn 0.4838 -0.3429 0.8052
vn 0.4679 -0.4178 0.7788
vn 0.1417 -0.2860 0.9477
vn 0.3237 -0.2859 0.9019
vn 0.1432 -0.2466 0.9585
vn 0.3275 -0.2466 0.9121
vn 0.4991 -0.2464 0.8308
vn 0.4936 -0.2858 0.8214
vn 0.1444 -0.2128 0.9664
vn 0.3302 -0.2126 0.9197
vn 0.1455 -0.1750 0.9738
vn 0.3327 -0.1751 0.9266
vn 0.5071 -0.1751 0.8439
vn 0.5032 -0.2125 0.8376
vn 0.1464 -0.1365 0.9798
vn 0.3348 -0.1364 0.9324
vn 0.1471 -0.0966 0.9844
vn 0.3364 -0.0966 0.9368
vn 0.5127 -0.0967 0.8531
vn 0.5102 -0.1364 0.8492
vn 0.1475 -0.0599 0.9872
vn 0.3373 -0.0599 0.9395
vn 0.1478 -0.0299 0.9886
vn 0.3377 -0.0298 0.9408
vn 0.5148 -0.0298 0.8568
vn 0.5141 -0.0597 0.8556
vn 0.1478 -0.0036 0.9890
vn 0.3379 -0.0037 0.9412
vn 0.1478 0.0203 0.9888
vn 0.3378 0.0203 0.9410
vn 0.5149 0.0204 0.8570
vn 0.5150 -0.0038 0.8572
vn 0.1477 0.0438 0.9881
vn 0.3375 0.0439 0.9403
vn 0.1474 0.0682 0.9867
vn 0.3371 0.0682 0.9390
vn 0.5139 0.0681 0.8552
vn 0.5145 0.0439 0.8563
vn 0.1471 0.0950 0.9845
vn 0.3364 0.0949 0.9369
vn 0.1466 0.1268 0.9810
vn 0.3352 0.1267 0.9336
vn 0.5108 0.1268 0.8503
vn 0.5127 0.0950 0.8533
vn 0.1456 0.1672 0.9751
vn 0.3331 0.1674 0.9279
vn 0.1440 0.2244 0.9638
vn 0.3293 0.2240 0.9173
vn 0.5019 0.2244 0.8353
vn 0.5078 0.1674 0.8451
vn 0.1411 0.2965 0.9446
vn 0.3227 0.2967 0.8988
vn 0.1369 0.3760 0.9165
vn 0.3131 0.3762 0.8720
vn 0.4772 0.3763 0.7942
vn 0.4919 0.2969 0.8185
vn 0.1318 0.4512 0.8826
vn 0.3016 0.4510 0.8400
vn 0.1275 0.5050 0.8536
vn 0.2917 0.5049 0.8124
vn 0.4445 0.5051 0.7398
vn 0.4596 0.4514 0.7649
vn 0.1235 0.5487 0.8268
vn 0.2825 0.5486 0.7869
vn 0.1184 0.5993 0.7917
vn 0.2705 0.5993 0.7535
vn 0.4123 0.5993 0.6862
vn 0.4305 0.5487 0.7166
vn 0.1120 0.6521 0.7498
vn 0.2561 0.6521 0.7135
vn 0.1050 0.7041 0.7023
vn 0.2400 0.7041 0.6684
vn 0.3655 0.7044 0.6085
vn 0.3904 0.6522 0.6498
vn 0.0973 0.7528 0.6510
vn 0.2225 0.7526 0.6197
vn 0.0895 0.7958 0.5988
vn 0.2046 0.7957 0.5700
vn 0.3118 0.7959 0.5190
vn 0.3391 0.7527 0.5643
vn 0.0819 0.8327 0.5476
vn 0.1871 0.8326 0.5213
vn 0.0746 0.8633 0.4991
vn 0.1706 0.8632 0.4751
vn 0.2599 0.8633 0.4326
vn 0.2851 0.8327 0.4746
vn 0.0678 0.8887 0.4535
vn 0.1550 0.8886 0.4316
vn 0.0616 0.9091 0.4120
vn 0.1408 0.9091 0.3921
vn 0.2146 0.9091 0.3571
vn 0.2362 0.8887 0.3931
vn 0.0550 0.9281 0.3682
vn 0.1258 0.9281 0.3505
vn 0.0476 0.9468 0.3184
vn 0.1088 0.9467 0.3030
vn 0.1658 0.9468 0.2759
vn 0.1918 0.9281 0.3192
vn 0.0407 0.9613 0.2724
vn 0.0931 0.9613 0.2593
vn 0.0351 0.9714 0.2350
vn 0.0803 0.9714 0.2237
vn 0.1224 0.9714 0.2036
vn 0.1419 0.9613 0.2361
vn 0.0314 0.9772 0.2099
vn 0.0719 0.9771 0.2000
vn 0.0298 0.9795 0.1994
vn 0.0681 0.9795 0.1897
vn 0.1038 0.9795 0.1728
vn 0.1093 0.9772 0.1819
vn 0.0297 0.9795 0.1990
vn 0.0680 0.9795 0.1894
vn 0.0309 0.9779 0.2070
vn 0.0707 0.9779 0.1970
vn 0.1078 0.9779 0.1794
vn 0.1036 0.9795 0.1725
vn 0.0332 0.9745 0.2221
vn 0.0759 0.9744 0.2114
vn 0.0363 0.9693 0.2431
vn 0.0831 0.9693 0.2314
vn 0.1266 0.9693 0.2107
vn 0.1157 0.9745 0.1925
vn 0.0403 0.9621 0.2699
vn 0.0922 0.9620 0.2568
vn 0.0451 0.9524 0.3016
vn 0.1031 0.9524 0.2870
vn 0.1571 0.9524 0.2614
vn 0.1405 0.9621 0.2339
vn 0.0505 0.9398 0.3380
vn 0.1155 0.9398 0.3217
vn 0.0566 0.9237 0.3790
vn 0.1295 0.9236 0.3607
vn 0.1974 0.9236 0.3285
vn 0.1760 0.9398 0.2929
vn 0.0624 0.9065 0.4175
vn 0.1427 0.9065 0.3974
vn 0.0671 0.8910 0.4491
vn 0.1535 0.8909 0.4274
vn 0.2339 0.8910 0.3892
vn 0.2174 0.9065 0.3619
vn 0.0709 0.8774 0.4746
vn 0.1621 0.8773 0.4516
vn 0.0739 0.8662 0.4942
vn 0.1689 0.8662 0.4704
vn 0.2574 0.8662 0.4283
vn 0.2471 0.8774 0.4113
vn 0.0769 0.8542 0.5142
vn 0.1757 0.8542 0.4894
vn 0.0806 0.8380 0.5397
vn 0.1844 0.8380 0.5136
vn 0.2811 0.8380 0.4677
vn 0.2678 0.8542 0.4456
vn 0.0852 0.8171 0.5701
vn 0.1948 0.8171 0.5426
vn 0.0904 0.7911 0.6050
vn 0.2067 0.7910 0.5758
vn 0.3151 0.7911 0.5243
vn 0.2969 0.8171 0.4942
vn 0.0961 0.7597 0.6432
vn 0.2198 0.7596 0.6121
vn 0.1021 0.7230 0.6832
vn 0.2335 0.7230 0.6502
vn 0.3558 0.7230 0.5921
vn 0.3349 0.7596 0.5574
vn 0.1081 0.6816 0.7237
vn 0.2473 0.6816 0.6887
vn 0.1140 0.6367 0.7626
vn 0.2606 0.6367 0.7258
vn 0.3971 0.6367 0.6609
vn 0.3768 0.6817 0.6272
vn 0.1194 0.5895 0.7989
vn 0.2729 0.5895 0.7602
vn 0.1242 0.5416 0.8314
vn 0.2841 0.5416 0.7912
vn 0.4330 0.5416 0.7206
vn 0.4160 0.5896 0.6923
vn 0.1286 0.4933 0.8603
vn 0.2940 0.4932 0.8187
vn 0.1323 0.4459 0.8852
vn 0.3025 0.4459 0.8424
vn 0.4610 0.4459 0.7672
vn 0.4480 0.4932 0.7456
vn 0.1355 0.3999 0.9065
vn 0.3097 0.3999 0.8627
vn 0.1382 0.3547 0.9247
vn 0.3159 0.3547 0.8800
vn 0.4815 0.3547 0.8014
vn 0.4721 0.3999 0.7856
vn 0.1405 0.3101 0.9403
vn 0.3213 0.3100 0.8948
vn 0.1425 0.2648 0.9537
vn 0.3259 0.2648 0.9076
vn 0.4967 0.2648 0.8266
vn 0.4896 0.3101 0.8149
vn 0.1442 0.2184 0.9651
vn 0.3298 0.2184 0.9185
vn 0.1456 0.1706 0.9745
vn 0.3330 0.1706 0.9274
vn 0.5075 0.1707 0.8446
vn 0.5026 0.2184 0.8365
vn 0.1467 0.1215 0.9817
vn 0.3354 0.1215 0.9342
vn 0.1474 0.0710 0.9865
vn 0.3371 0.0710 0.9388
vn 0.5137 0.0710 0.8550
vn 0.5112 0.1215 0.8508
vn 0.1478 0.0192 0.9888
vn 0.3379 0.0192 0.9410
vn 0.1477 -0.0338 0.9885
vn 0.3377 -0.0338 0.9406
vn 0.5148 -0.0337 0.8567
vn 0.5149 0.0192 0.8570
vn 0.1472 -0.0875 0.9852
vn 0.3366 -0.0875 0.9376
vn 0.1463 -0.1416 0.9790
vn 0.3345 -0.1416 0.9317
vn 0.5098 -0.1416 0.8485
vn 0.5131 -0.0875 0.8539
vn 0.1451 -0.1897 0.9711
vn 0.3318 -0.1896 0.9241
vn 0.1440 -0.2265 0.9633
vn 0.3291 -0.2264 0.9167
vn 0.5017 -0.2265 0.8349
vn 0.5057 -0.1897 0.8416
vn 0.1430 -0.2520 0.9571
vn 0.3270 -0.2520 0.9108
vn 0.1425 -0.2656 0.9535
vn 0.3258 -0.2655 0.9074
vn 0.4965 -0.2656 0.8264
vn 0.4984 -0.2520 0.8295
vn 0.1422 -0.2725 0.9516
vn 0.3251 -0.2725 0.9056
vn 0.1420 -0.2777 0.9501
vn 0.3246 -0.2776 0.9042
vn 0.4948 -0.2776 0.8235
vn 0.4956 -0.2725 0.8247
vn 0.1419 -0.2810 0.9492
vn 0.3243 -0.2809 0.9033
vn 0.1418 -0.2824 0.9488
vn 0.3242 -0.2824 0.9029
vn 0.4941 -0.2824 0.8223
vn 0.4943 -0.2810 0.8226
vn 0.1418 -0.2818 0.9489
vn 0.3242 -0.2817 0.9031
vn 0.1419 -0.2786 0.9498
vn 0.3245 -0.2786 0.9039
vn 0.4946 -0.2786 0.8232
vn 0.4942 -0.2818 0.8224
vn 0.1422 -0.2723 0.9516
vn 0.3251 -0.2723 0.9056
vn 0.1426 -0.2619 0.9545
vn 0.3261 -0.2618 0.9084
vn 0.4971 -0.2618 0.8273
vn 0.4956 -0.2723 0.8248
vn 0.1433 -0.2452 0.9588
vn 0.3276 -0.2451 0.9125
vn 0.1442 -0.2184 0.9651
vn 0.3297 -0.2184 0.9185
vn 0.5026 -0.2185 0.8365
vn 0.4993 -0.2451 0.8310
vn 0.1457 -0.1697 0.9747
vn 0.3330 -0.1697 0.9275
vn 0.1466 -0.1300 0.9806
vn 0.3350 -0.1299 0.9332
vn 0.5107 -0.1300 0.8499
vn 0.5076 -0.1698 0.8447
vn 0.1469 -0.1127 0.9827
vn 0.3358 -0.1127 0.9352
vn 0.1473 -0.0813 0.9857
vn 0.3368 -0.0813 0.9381
vn 0.5133 -0.0813 0.8543
vn 0.5118 -0.1127 0.8517
vn 0.1476 -0.0542 0.9876
vn 0.3374 -0.0542 0.9398
vn 0.1471 -0.0962 0.9844
vn 0.3364 -0.0962 0.9368
vn 0.5126 -0.0962 0.8532
vn 0.5143 -0.0542 0.8559
vn 0.1463 -0.1444 0.9786
vn 0.3344 -0.1443 0.9313
vn 0.5096 -0.1444 0.8482
vn 0.0026 0.9998 0.0172
vn 0.0028 0.9998 0.0184
vn 0.0063 0.9998 0.0175
vn 0.0059 0.9998 0.0163
vn 0.0029 0.9998 0.0195
vn 0.0067 0.9998 0.0186
vn 0.0102 0.9998 0.0169
vn 0.0096 0.9998 0.0160
vn 0.0089 0.9998 0.0149
vn 0.5599 -0.5537 0.6164
vn 0.5689 -0.5329 0.6264
vn 0.6694 -0.5538 0.4953
vn 0.6801 -0.5331 0.5033
vn 0.5425 -0.5907 0.5973
vn 0.5276 -0.6198 0.5809
vn 0.6308 -0.6198 0.4668
vn 0.6486 -0.5908 0.4799
vn 0.5146 -0.6436 0.5665
vn 0.5060 -0.6585 0.5570
vn 0.6047 -0.6589 0.4474
vn 0.6153 -0.6435 0.4554
vn 0.5065 -0.6577 0.5576
vn 0.5209 -0.6323 0.5734
vn 0.6224 -0.6329 0.4606
vn 0.6055 -0.6576 0.4482
vn 0.5481 -0.5792 0.6034
vn 0.5814 -0.5021 0.6402
vn 0.6950 -0.5025 0.5143
vn 0.6553 -0.5792 0.4848
vn 0.6109 -0.4179 0.6725
vn 0.6315 -0.3432 0.6953
vn 0.7552 -0.3429 0.5587
vn 0.7303 -0.4180 0.5404
vn 0.6443 -0.2861 0.7093
vn 0.6515 -0.2467 0.7174
vn 0.7790 -0.2466 0.5765
vn 0.7703 -0.2859 0.5700
vn 0.6569 -0.2130 0.7233
vn 0.6620 -0.1749 0.7288
vn 0.7915 -0.1750 0.5856
vn 0.7855 -0.2128 0.5812
vn 0.6660 -0.1365 0.7333
vn 0.6692 -0.0967 0.7368
vn 0.8002 -0.0964 0.5920
vn 0.7963 -0.1366 0.5892
vn 0.6712 -0.0597 0.7389
vn 0.6721 -0.0298 0.7399
vn 0.8035 -0.0298 0.5945
vn 0.8024 -0.0599 0.5938
vn 0.6724 -0.0037 0.7402
vn 0.6722 0.0205 0.7401
vn 0.8037 0.0205 0.5947
vn 0.8038 -0.0036 0.5948
vn 0.6717 0.0438 0.7395
vn 0.6708 0.0680 0.7385
vn 0.8020 0.0680 0.5934
vn 0.8031 0.0438 0.5942
vn 0.6693 0.0951 0.7368
vn 0.6669 0.1269 0.7343
vn 0.7973 0.1271 0.5900
vn 0.8003 0.0950 0.5921
vn 0.6629 0.1673 0.7298
vn 0.6553 0.2240 0.7214
vn 0.7834 0.2241 0.5797
vn 0.7925 0.1674 0.5864
vn 0.6421 0.2967 0.7069
vn 0.6232 0.3757 0.6859
vn 0.7449 0.3759 0.5512
vn 0.7677 0.2967 0.5680
vn 0.6000 0.4511 0.6607
vn 0.5804 0.5050 0.6388
vn 0.6938 0.5050 0.5134
vn 0.7174 0.4511 0.5308
vn 0.5622 0.5485 0.6189
vn 0.5382 0.5993 0.5926
vn 0.6435 0.5992 0.4762
vn 0.6720 0.5488 0.4972
vn 0.5097 0.6522 0.5611
vn 0.4774 0.7044 0.5254
vn 0.5709 0.7041 0.4223
vn 0.6093 0.6523 0.4509
vn 0.4428 0.7526 0.4875
vn 0.4072 0.7958 0.4482
vn 0.4867 0.7958 0.3602
vn 0.5293 0.7526 0.3917
vn 0.3723 0.8327 0.4099
vn 0.3394 0.8633 0.3736
vn 0.4057 0.8633 0.3002
vn 0.4451 0.8327 0.3293
vn 0.3084 0.8886 0.3395
vn 0.2802 0.9091 0.3084
vn 0.3349 0.9091 0.2478
vn 0.3686 0.8887 0.2727
vn 0.2504 0.9281 0.2757
vn 0.2165 0.9468 0.2383
vn 0.2587 0.9468 0.1915
vn 0.2993 0.9281 0.2215
vn 0.1853 0.9613 0.2039
vn 0.1598 0.9714 0.1759
vn 0.1910 0.9714 0.1413
vn 0.2214 0.9613 0.1638
vn 0.1427 0.9772 0.1571
vn 0.1356 0.9795 0.1492
vn 0.1620 0.9795 0.1199
vn 0.1710 0.9771 0.1265
vn 0.1353 0.9795 0.1490
vn 0.1407 0.9779 0.1549
vn 0.1682 0.9779 0.1245
vn 0.1618 0.9795 0.1197
vn 0.1510 0.9744 0.1663
vn 0.1653 0.9693 0.1820
vn 0.1976 0.9693 0.1462
vn 0.1805 0.9745 0.1336
vn 0.1835 0.9620 0.2020
vn 0.2050 0.9524 0.2257
vn 0.2451 0.9524 0.1814
vn 0.2193 0.9621 0.1623
vn 0.2298 0.9398 0.2530
vn 0.2577 0.9236 0.2837
vn 0.3081 0.9237 0.2280
vn 0.2747 0.9398 0.2033
vn 0.2839 0.9065 0.3125
vn 0.3054 0.8909 0.3362
vn 0.3650 0.8909 0.2701
vn 0.3393 0.9065 0.2511
vn 0.3227 0.8773 0.3552
vn 0.3360 0.8662 0.3699
vn 0.4017 0.8662 0.2972
vn 0.3857 0.8774 0.2854
vn 0.3496 0.8542 0.3849
vn 0.3670 0.8379 0.4040
vn 0.4387 0.8380 0.3246
vn 0.4180 0.8542 0.3093
vn 0.3876 0.8171 0.4268
vn 0.4113 0.7910 0.4528
vn 0.4917 0.7911 0.3639
vn 0.4634 0.8171 0.3429
vn 0.4373 0.7596 0.4814
vn 0.4645 0.7230 0.5114
vn 0.5553 0.7230 0.4109
vn 0.5227 0.7597 0.3868
vn 0.4920 0.6816 0.5416
vn 0.5185 0.6367 0.5708
vn 0.6198 0.6367 0.4587
vn 0.5882 0.6816 0.4352
vn 0.5431 0.5895 0.5979
vn 0.5652 0.5416 0.6223
vn 0.6757 0.5416 0.5000
vn 0.6493 0.5895 0.4805
vn 0.5849 0.4932 0.6439
vn 0.6018 0.4459 0.6626
vn 0.7195 0.4459 0.5324
vn 0.6993 0.4933 0.5174
vn 0.6163 0.3999 0.6785
vn 0.6286 0.3547 0.6921
vn 0.7516 0.3547 0.5561
vn 0.7368 0.3999 0.5452
vn 0.6392 0.3101 0.7037
vn 0.6484 0.2647 0.7138
vn 0.7752 0.2648 0.5736
vn 0.7642 0.3101 0.5655
vn 0.6561 0.2184 0.7224
vn 0.6625 0.1706 0.7294
vn 0.7921 0.1706 0.5861
vn 0.7845 0.2184 0.5805
vn 0.6674 0.1215 0.7347
vn 0.6707 0.0710 0.7383
vn 0.8018 0.0710 0.5933
vn 0.7979 0.1215 0.5904
vn 0.6722 0.0192 0.7401
vn 0.6720 -0.0337 0.7398
vn 0.8034 -0.0337 0.5945
vn 0.8037 0.0192 0.5947
vn 0.6698 -0.0874 0.7374
vn 0.6656 -0.1416 0.7327
vn 0.7958 -0.1417 0.5888
vn 0.8008 -0.0875 0.5925
vn 0.6602 -0.1896 0.7268
vn 0.6549 -0.2264 0.7210
vn 0.7830 -0.2265 0.5794
vn 0.7893 -0.1897 0.5840
vn 0.6507 -0.2520 0.7163
vn 0.6482 -0.2655 0.7136
vn 0.7750 -0.2656 0.5735
vn 0.7779 -0.2520 0.5756
vn 0.6469 -0.2725 0.7122
vn 0.6459 -0.2776 0.7111
vn 0.7723 -0.2776 0.5714
vn 0.7734 -0.2725 0.5723
vn 0.6453 -0.2809 0.7104
vn 0.6450 -0.2824 0.7101
vn 0.7711 -0.2825 0.5706
vn 0.7715 -0.2810 0.5709
vn 0.6451 -0.2817 0.7102
vn 0.6458 -0.2786 0.7109
vn 0.7720 -0.2786 0.5713
vn 0.7713 -0.2818 0.5707
vn 0.6470 -0.2723 0.7122
vn 0.6489 -0.2618 0.7144
vn 0.7758 -0.2618 0.5741
vn 0.7735 -0.2723 0.5723
vn 0.6519 -0.2451 0.7176
vn 0.6561 -0.2184 0.7223
vn 0.7844 -0.2185 0.5805
vn 0.7793 -0.2452 0.5767
vn 0.6626 -0.1697 0.7295
vn 0.6667 -0.1299 0.7339
vn 0.7970 -0.1300 0.5898
vn 0.7922 -0.1697 0.5862
vn 0.6681 -0.1127 0.7355
vn 0.6701 -0.0813 0.7378
vn 0.8012 -0.0813 0.5929
vn 0.7987 -0.1127 0.5910
vn 0.6714 -0.0542 0.7391
vn 0.6692 -0.0962 0.7368
vn 0.8001 -0.0962 0.5920
vn 0.8027 -0.0542 0.5939
vn 0.6653 -0.1444 0.7325
vn 0.7954 -0.1445 0.5886
vn 0.0125 0.9998 0.0138
vn 0.0117 0.9998 0.0128
vn 0.0133 0.9998 0.0146
vn 0.0159 0.9998 0.0117
vn 0.0150 0.9998 0.0111
vn 0.0140 0.9998 0.0103
vn 0.7532 -0.5537 0.3553
vn 0.7654 -0.5328 0.3610
vn 0.8079 -0.5538 0.2014
vn 0.8211 -0.5327 0.2048
vn 0.7297 -0.5908 0.3441
vn 0.7099 -0.6196 0.3348
vn 0.7614 -0.6198 0.1898
vn 0.7828 -0.5909 0.1952
vn 0.6924 -0.6433 0.3266
vn 0.6805 -0.6587 0.3210
vn 0.7301 -0.6587 0.1820
vn 0.7426 -0.6436 0.1852
vn 0.6813 -0.6577 0.3213
vn 0.7004 -0.6327 0.3303
vn 0.7516 -0.6325 0.1874
vn 0.7309 -0.6577 0.1822
vn 0.7375 -0.5790 0.3477
vn 0.7820 -0.5024 0.3688
vn 0.8390 -0.5023 0.2091
vn 0.7909 -0.5792 0.1972
vn 0.8217 -0.4179 0.3876
vn 0.8496 -0.3428 0.4007
vn 0.9114 -0.3432 0.2273
vn 0.8815 -0.4179 0.2198
vn 0.8667 -0.2860 0.4088
vn 0.8766 -0.2463 0.4134
vn 0.9404 -0.2466 0.2344
vn 0.9298 -0.2860 0.2318
vn 0.8838 -0.2128 0.4168
vn 0.8905 -0.1751 0.4199
vn 0.9553 -0.1751 0.2382
vn 0.9481 -0.2129 0.2364
vn 0.8960 -0.1363 0.4226
vn 0.9002 -0.0967 0.4246
vn 0.9658 -0.0967 0.2407
vn 0.9612 -0.1364 0.2397
vn 0.9028 -0.0599 0.4258
vn 0.9040 -0.0298 0.4264
vn 0.9699 -0.0298 0.2418
vn 0.9686 -0.0598 0.2415
vn 0.9044 -0.0036 0.4266
vn 0.9043 0.0203 0.4265
vn 0.9701 0.0203 0.2419
vn 0.9703 -0.0037 0.2419
vn 0.9036 0.0438 0.4261
vn 0.9024 0.0681 0.4255
vn 0.9680 0.0681 0.2414
vn 0.9694 0.0439 0.2417
vn 0.9004 0.0949 0.4246
vn 0.8972 0.1267 0.4231
vn 0.9624 0.1271 0.2400
vn 0.9659 0.0951 0.2409
vn 0.8917 0.1674 0.4206
vn 0.8815 0.2241 0.4157
vn 0.9456 0.2241 0.2358
vn 0.9566 0.1675 0.2385
vn 0.8637 0.2966 0.4074
vn 0.8380 0.3760 0.3953
vn 0.8989 0.3764 0.2241
vn 0.9267 0.2965 0.2310
vn 0.8072 0.4511 0.3807
vn 0.7809 0.5047 0.3681
vn 0.8374 0.5051 0.2088
vn 0.8659 0.4511 0.2159
vn 0.7563 0.5485 0.3566
vn 0.7243 0.5989 0.3416
vn 0.7770 0.5990 0.1937
vn 0.8111 0.5488 0.2022
vn 0.6857 0.6521 0.3234
vn 0.6419 0.7044 0.3029
vn 0.6888 0.7043 0.1717
vn 0.7356 0.6521 0.1834
vn 0.5956 0.7526 0.2809
vn 0.5477 0.7958 0.2584
vn 0.5874 0.7959 0.1464
vn 0.6388 0.7527 0.1593
vn 0.5009 0.8327 0.2362
vn 0.4565 0.8633 0.2153
vn 0.4897 0.8633 0.1221
vn 0.5373 0.8327 0.1339
vn 0.4148 0.8886 0.1956
vn 0.3768 0.9091 0.1777
vn 0.4046 0.9089 0.1009
vn 0.4452 0.8885 0.1109
vn 0.3368 0.9281 0.1589
vn 0.2912 0.9468 0.1374
vn 0.3123 0.9468 0.0779
vn 0.3613 0.9281 0.0901
vn 0.2492 0.9613 0.1175
vn 0.2149 0.9714 0.1014
vn 0.2305 0.9714 0.0575
vn 0.2672 0.9613 0.0666
vn 0.1920 0.9772 0.0906
vn 0.1823 0.9795 0.0860
vn 0.1956 0.9795 0.0488
vn 0.2062 0.9771 0.0515
vn 0.1820 0.9795 0.0859
vn 0.1893 0.9779 0.0893
vn 0.2030 0.9779 0.0506
vn 0.1953 0.9795 0.0487
vn 0.2031 0.9744 0.0958
vn 0.2224 0.9693 0.1049
vn 0.2385 0.9693 0.0595
vn 0.2179 0.9745 0.0543
vn 0.2468 0.9620 0.1164
vn 0.2758 0.9524 0.1301
vn 0.2959 0.9524 0.0738
vn 0.2648 0.9621 0.0660
vn 0.3092 0.9398 0.1458
vn 0.3466 0.9236 0.1635
vn 0.3719 0.9237 0.0927
vn 0.3316 0.9398 0.0827
vn 0.3818 0.9065 0.1801
vn 0.4108 0.8909 0.1937
vn 0.4406 0.8909 0.1099
vn 0.4096 0.9065 0.1021
vn 0.4340 0.8773 0.2047
vn 0.4520 0.8662 0.2132
vn 0.4848 0.8662 0.1209
vn 0.4656 0.8774 0.1161
vn 0.4703 0.8542 0.2218
vn 0.4936 0.8379 0.2328
vn 0.5295 0.8380 0.1320
vn 0.5045 0.8542 0.1258
vn 0.5214 0.8171 0.2459
vn 0.5533 0.7910 0.2610
vn 0.5935 0.7911 0.1480
vn 0.5593 0.8171 0.1395
vn 0.5882 0.7596 0.2774
vn 0.6248 0.7230 0.2947
vn 0.6703 0.7230 0.1671
vn 0.6310 0.7597 0.1573
vn 0.6618 0.6816 0.3121
vn 0.6974 0.6367 0.3289
vn 0.7482 0.6368 0.1865
vn 0.7100 0.6816 0.1770
vn 0.7306 0.5895 0.3446
vn 0.7604 0.5415 0.3586
vn 0.8157 0.5416 0.2034
vn 0.7837 0.5896 0.1954
vn 0.7868 0.4932 0.3711
vn 0.8096 0.4459 0.3818
vn 0.8685 0.4459 0.2165
vn 0.8440 0.4933 0.2104
vn 0.8290 0.3999 0.3910
vn 0.8457 0.3547 0.3988
vn 0.9072 0.3547 0.2262
vn 0.8893 0.3999 0.2217
vn 0.8599 0.3100 0.4055
vn 0.8722 0.2648 0.4113
vn 0.9357 0.2648 0.2333
vn 0.9225 0.3101 0.2300
vn 0.8826 0.2184 0.4163
vn 0.8912 0.1706 0.4203
vn 0.9561 0.1706 0.2384
vn 0.9469 0.2184 0.2361
vn 0.8978 0.1215 0.4234
vn 0.9022 0.0710 0.4255
vn 0.9678 0.0710 0.2413
vn 0.9631 0.1215 0.2401
vn 0.9043 0.0192 0.4265
vn 0.9039 -0.0337 0.4263
vn 0.9697 -0.0337 0.2418
vn 0.9701 0.0192 0.2419
vn 0.9010 -0.0874 0.4249
vn 0.8953 -0.1416 0.4223
vn 0.9605 -0.1416 0.2395
vn 0.9666 -0.0874 0.2410
vn 0.8880 -0.1897 0.4188
vn 0.8810 -0.2264 0.4155
vn 0.9451 -0.2264 0.2356
vn 0.9527 -0.1897 0.2375
vn 0.8753 -0.2520 0.4128
vn 0.8720 -0.2655 0.4113
vn 0.9355 -0.2656 0.2332
vn 0.9390 -0.2520 0.2341
vn 0.8702 -0.2725 0.4104
vn 0.8689 -0.2776 0.4098
vn 0.9321 -0.2777 0.2324
vn 0.9336 -0.2725 0.2328
vn 0.8680 -0.2809 0.4094
vn 0.8676 -0.2824 0.4092
vn 0.9308 -0.2824 0.2321
vn 0.9312 -0.2810 0.2322
vn 0.8678 -0.2817 0.4093
vn 0.8686 -0.2786 0.4097
vn 0.9319 -0.2787 0.2323
vn 0.9310 -0.2818 0.2321
vn 0.8703 -0.2723 0.4105
vn 0.8729 -0.2618 0.4117
vn 0.9364 -0.2619 0.2335
vn 0.9336 -0.2724 0.2328
vn 0.8769 -0.2451 0.4135
vn 0.8826 -0.2184 0.4163
vn 0.9469 -0.2185 0.2361
vn 0.9407 -0.2451 0.2345
vn 0.8913 -0.1697 0.4204
vn 0.8968 -0.1299 0.4230
vn 0.9621 -0.1300 0.2399
vn 0.9562 -0.1697 0.2384
vn 0.8987 -0.1127 0.4239
vn 0.9015 -0.0813 0.4252
vn 0.9671 -0.0813 0.2411
vn 0.9641 -0.1127 0.2404
vn 0.9031 -0.0542 0.4259
vn 0.9003 -0.0962 0.4246
vn 0.9658 -0.0962 0.2408
vn 0.9689 -0.0542 0.2416
vn 0.8950 -0.1444 0.4221
vn 0.9601 -0.1444 0.2394
vn 0.0168 0.9998 0.0079
vn 0.0157 0.9998 0.0074
vn 0.0178 0.9998 0.0084
vn 0.0191 0.9998 0.0048
vn 0.0181 0.9998 0.0045
vn 0.0168 0.9998 0.0042
vn 0.8319 -0.5535 0.0400
vn 0.8455 -0.5324 0.0406
vn 0.8236 -0.5537 -0.1231
vn 0.8371 -0.5326 -0.1251
vn 0.8059 -0.5908 0.0387
vn 0.7840 -0.6196 0.0377
vn 0.7760 -0.6199 -0.1160
vn 0.7978 -0.5911 -0.1191
vn 0.7645 -0.6436 0.0367
vn 0.7516 -0.6586 0.0361
vn 0.7441 -0.6588 -0.1112
vn 0.7569 -0.6437 -0.1131
vn 0.7525 -0.6576 0.0361
vn 0.7737 -0.6324 0.0372
vn 0.7658 -0.6328 -0.1144
vn 0.7448 -0.6580 -0.1112
vn 0.8144 -0.5790 0.0390
vn 0.8638 -0.5021 0.0415
vn 0.8552 -0.5022 -0.1278
vn 0.8062 -0.5792 -0.1205
vn 0.9074 -0.4179 0.0436
vn 0.9383 -0.3429 0.0450
vn 0.9291 -0.3428 -0.1389
vn 0.8985 -0.4179 -0.1343
vn 0.9572 -0.2857 0.0461
vn 0.9680 -0.2466 0.0465
vn 0.9585 -0.2466 -0.1432
vn 0.9477 -0.2861 -0.1417
vn 0.9760 -0.2127 0.0469
vn 0.9834 -0.1750 0.0473
vn 0.9737 -0.1750 -0.1455
vn 0.9664 -0.2127 -0.1444
vn 0.9895 -0.1365 0.0475
vn 0.9942 -0.0966 0.0478
vn 0.9844 -0.0967 -0.1471
vn 0.9798 -0.1364 -0.1464
vn 0.9971 -0.0598 0.0479
vn 0.9984 -0.0299 0.0479
vn 0.9886 -0.0298 -0.1477
vn 0.9872 -0.0599 -0.1475
vn 0.9988 -0.0037 0.0479
vn 0.9986 0.0204 0.0480
vn 0.9888 0.0203 -0.1478
vn 0.9890 -0.0037 -0.1478
vn 0.9979 0.0440 0.0479
vn 0.9965 0.0681 0.0479
vn 0.9867 0.0682 -0.1474
vn 0.9881 0.0437 -0.1477
vn 0.9943 0.0951 0.0478
vn 0.9908 0.1270 0.0476
vn 0.9810 0.1269 -0.1466
vn 0.9845 0.0950 -0.1471
vn 0.9847 0.1674 0.0473
vn 0.9734 0.2242 0.0467
vn 0.9638 0.2244 -0.1440
vn 0.9750 0.1675 -0.1457
vn 0.9540 0.2963 0.0459
vn 0.9256 0.3759 0.0445
vn 0.9164 0.3761 -0.1369
vn 0.9446 0.2963 -0.1412
vn 0.8914 0.4512 0.0428
vn 0.8621 0.5050 0.0414
vn 0.8536 0.5050 -0.1275
vn 0.8825 0.4514 -0.1319
vn 0.8351 0.5487 0.0401
vn 0.7997 0.5991 0.0384
vn 0.7919 0.5991 -0.1183
vn 0.8269 0.5487 -0.1236
vn 0.7573 0.6521 0.0363
vn 0.7092 0.7042 0.0341
vn 0.7021 0.7043 -0.1049
vn 0.7497 0.6522 -0.1120
vn 0.6576 0.7527 0.0316
vn 0.6049 0.7958 0.0291
vn 0.5990 0.7958 -0.0895
vn 0.6510 0.7528 -0.0973
vn 0.5532 0.8326 0.0266
vn 0.5041 0.8633 0.0242
vn 0.4988 0.8635 -0.0746
vn 0.5477 0.8327 -0.0819
vn 0.4581 0.8886 0.0220
vn 0.4162 0.9091 0.0200
vn 0.4120 0.9091 -0.0616
vn 0.4535 0.8887 -0.0678
vn 0.3720 0.9281 0.0179
vn 0.3216 0.9468 0.0154
vn 0.3183 0.9468 -0.0476
vn 0.3683 0.9281 -0.0550
vn 0.2751 0.9613 0.0132
vn 0.2374 0.9714 0.0114
vn 0.2350 0.9714 -0.0351
vn 0.2724 0.9613 -0.0407
vn 0.2120 0.9772 0.0102
vn 0.2014 0.9795 0.0097
vn 0.1994 0.9795 -0.0298
vn 0.2102 0.9772 -0.0315
vn 0.2010 0.9795 0.0097
vn 0.2090 0.9779 0.0100
vn 0.2070 0.9779 -0.0309
vn 0.1990 0.9795 -0.0297
vn 0.2243 0.9744 0.0108
vn 0.2456 0.9693 0.0118
vn 0.2431 0.9693 -0.0363
vn 0.2221 0.9745 -0.0332
vn 0.2726 0.9620 0.0131
vn 0.3046 0.9524 0.0146
vn 0.3016 0.9524 -0.0451
vn 0.2699 0.9621 -0.0403
vn 0.3414 0.9398 0.0164
vn 0.3828 0.9236 0.0184
vn 0.3790 0.9236 -0.0566
vn 0.3380 0.9398 -0.0505
vn 0.4217 0.9065 0.0203
vn 0.4536 0.8909 0.0218
vn 0.4491 0.8910 -0.0671
vn 0.4175 0.9065 -0.0624
vn 0.4793 0.8773 0.0230
vn 0.4992 0.8662 0.0240
vn 0.4942 0.8662 -0.0739
vn 0.4746 0.8774 -0.0709
vn 0.5194 0.8542 0.0249
vn 0.5451 0.8380 0.0262
vn 0.5397 0.8380 -0.0807
vn 0.5142 0.8542 -0.0769
vn 0.5759 0.8171 0.0277
vn 0.6110 0.7911 0.0294
vn 0.6050 0.7911 -0.0904
vn 0.5701 0.8171 -0.0852
vn 0.6496 0.7596 0.0312
vn 0.6901 0.7229 0.0331
vn 0.6833 0.7230 -0.1021
vn 0.6431 0.7597 -0.0961
vn 0.7309 0.6816 0.0351
vn 0.7702 0.6367 0.0370
vn 0.7626 0.6367 -0.1140
vn 0.7237 0.6816 -0.1082
vn 0.8068 0.5895 0.0388
vn 0.8397 0.5416 0.0403
vn 0.8314 0.5416 -0.1242
vn 0.7989 0.5895 -0.1194
vn 0.8689 0.4932 0.0417
vn 0.8941 0.4459 0.0430
vn 0.8852 0.4459 -0.1323
vn 0.8603 0.4933 -0.1286
vn 0.9155 0.3999 0.0440
vn 0.9339 0.3547 0.0449
vn 0.9247 0.3547 -0.1382
vn 0.9065 0.4000 -0.1355
vn 0.9496 0.3100 0.0456
vn 0.9632 0.2648 0.0463
vn 0.9537 0.2648 -0.1425
vn 0.9403 0.3101 -0.1405
vn 0.9747 0.2184 0.0468
vn 0.9842 0.1706 0.0473
vn 0.9745 0.1706 -0.1456
vn 0.9651 0.2184 -0.1442
vn 0.9914 0.1215 0.0476
vn 0.9963 0.0710 0.0479
vn 0.9865 0.0710 -0.1474
vn 0.9817 0.1215 -0.1467
vn 0.9987 0.0192 0.0480
vn 0.9983 -0.0338 0.0480
vn 0.9885 -0.0338 -0.1477
vn 0.9888 0.0192 -0.1478
vn 0.9950 -0.0874 0.0478
vn 0.9888 -0.1416 0.0475
vn 0.9790 -0.1416 -0.1463
vn 0.9852 -0.0875 -0.1472
vn 0.9807 -0.1896 0.0471
vn 0.9729 -0.2264 0.0467
vn 0.9633 -0.2265 -0.1440
vn 0.9711 -0.1897 -0.1451
vn 0.9666 -0.2520 0.0464
vn 0.9630 -0.2656 0.0463
vn 0.9535 -0.2656 -0.1425
vn 0.9571 -0.2520 -0.1430
vn 0.9611 -0.2725 0.0462
vn 0.9596 -0.2776 0.0461
vn 0.9501 -0.2776 -0.1420
vn 0.9516 -0.2725 -0.1422
vn 0.9586 -0.2809 0.0461
vn 0.9582 -0.2824 0.0460
vn 0.9488 -0.2824 -0.1418
vn 0.9492 -0.2810 -0.1419
vn 0.9584 -0.2817 0.0460
vn 0.9593 -0.2786 0.0461
vn 0.9498 -0.2786 -0.1420
vn 0.9489 -0.2818 -0.1418
vn 0.9611 -0.2723 0.0462
vn 0.9640 -0.2618 0.0463
vn 0.9545 -0.2618 -0.1426
vn 0.9516 -0.2724 -0.1422
vn 0.9684 -0.2451 0.0465
vn 0.9747 -0.2185 0.0468
vn 0.9651 -0.2185 -0.1442
vn 0.9588 -0.2451 -0.1433
vn 0.9844 -0.1697 0.0473
vn 0.9904 -0.1299 0.0476
vn 0.9806 -0.1299 -0.1466
vn 0.9747 -0.1698 -0.1457
vn 0.9925 -0.1127 0.0477
vn 0.9955 -0.0813 0.0478
vn 0.9857 -0.0813 -0.1473
vn 0.9827 -0.1127 -0.1469
vn 0.9974 -0.0542 0.0479
vn 0.9942 -0.0962 0.0478
vn 0.9844 -0.0962 -0.1471
vn 0.9876 -0.0542 -0.1476
vn 0.9884 -0.1443 0.0475
vn 0.9786 -0.1444 -0.1463
vn 0.0186 0.9998 0.0009
vn 0.0173 0.9998 0.0008
vn 0.0197 0.9998 0.0009
vn 0.0195 0.9998 -0.0029
vn 0.0184 0.9998 -0.0028
vn 0.0172 0.9998 -0.0026
vn 0.7839 -0.5533 -0.2815
vn 0.7965 -0.5328 -0.2859
vn 0.7139 -0.5535 -0.4289
vn 0.7253 -0.5329 -0.4358
vn 0.7595 -0.5906 -0.2727
vn 0.7384 -0.6200 -0.2652
vn 0.6725 -0.6200 -0.4041
vn 0.6916 -0.5907 -0.4156
vn 0.7204 -0.6435 -0.2587
vn 0.7080 -0.6589 -0.2543
vn 0.6449 -0.6587 -0.3875
vn 0.6559 -0.6437 -0.3942
vn 0.7089 -0.6578 -0.2545
vn 0.7287 -0.6328 -0.2617
vn 0.6637 -0.6328 -0.3988
vn 0.6457 -0.6577 -0.3879
vn 0.7671 -0.5793 -0.2755
vn 0.8139 -0.5021 -0.2922
vn 0.7412 -0.5023 -0.4454
vn 0.6986 -0.5794 -0.4198
vn 0.8551 -0.4179 -0.3070
vn 0.8841 -0.3428 -0.3175
vn 0.8052 -0.3429 -0.4838
vn 0.7788 -0.4179 -0.4679
vn 0.9019 -0.2859 -0.3237
vn 0.9122 -0.2463 -0.3275
vn 0.8307 -0.2465 -0.4991
vn 0.8213 -0.2859 -0.4936
vn 0.9196 -0.2127 -0.3302
vn 0.9266 -0.1751 -0.3327
vn 0.8439 -0.1751 -0.5071
vn 0.8375 -0.2129 -0.5032
vn 0.9324 -0.1363 -0.3347
vn 0.9367 -0.0968 -0.3364
vn 0.8531 -0.0968 -0.5126
vn 0.8492 -0.1364 -0.5102
vn 0.9395 -0.0599 -0.3373
vn 0.9407 -0.0299 -0.3378
vn 0.8568 -0.0297 -0.5148
vn 0.8556 -0.0597 -0.5141
vn 0.9412 -0.0035 -0.3379
vn 0.9410 0.0202 -0.3379
vn 0.8570 0.0206 -0.5149
vn 0.8572 -0.0039 -0.5150
vn 0.9403 0.0440 -0.3376
vn 0.9390 0.0683 -0.3371
vn 0.8551 0.0683 -0.5139
vn 0.8563 0.0440 -0.5146
vn 0.9369 0.0949 -0.3364
vn 0.9336 0.1267 -0.3352
vn 0.8503 0.1267 -0.5108
vn 0.8533 0.0950 -0.5127
vn 0.9279 0.1675 -0.3331
vn 0.9172 0.2241 -0.3293
vn 0.8354 0.2240 -0.5019
vn 0.8451 0.1674 -0.5078
vn 0.8989 0.2964 -0.3227
vn 0.8721 0.3761 -0.3131
vn 0.7942 0.3763 -0.4772
vn 0.8186 0.2966 -0.4919
vn 0.8399 0.4513 -0.3015
vn 0.8124 0.5049 -0.2917
vn 0.7398 0.5051 -0.4445
vn 0.7649 0.4512 -0.4596
vn 0.7869 0.5486 -0.2825
vn 0.7537 0.5990 -0.2706
vn 0.6863 0.5991 -0.4123
vn 0.7166 0.5488 -0.4305
vn 0.7135 0.6521 -0.2562
vn 0.6681 0.7044 -0.2398
vn 0.6085 0.7043 -0.3657
vn 0.6499 0.6520 -0.3905
vn 0.6197 0.7527 -0.2225
vn 0.5701 0.7957 -0.2047
vn 0.5191 0.7958 -0.3119
vn 0.5642 0.7528 -0.3390
vn 0.5213 0.8326 -0.1871
vn 0.4751 0.8633 -0.1705
vn 0.4325 0.8633 -0.2599
vn 0.4746 0.8327 -0.2852
vn 0.4317 0.8886 -0.1550
vn 0.3921 0.9091 -0.1408
vn 0.3571 0.9091 -0.2145
vn 0.3931 0.8886 -0.2362
vn 0.3505 0.9281 -0.1258
vn 0.3033 0.9466 -0.1090
vn 0.2759 0.9468 -0.1658
vn 0.3192 0.9281 -0.1918
vn 0.2593 0.9613 -0.0931
vn 0.2237 0.9714 -0.0803
vn 0.2037 0.9714 -0.1224
vn 0.2361 0.9613 -0.1419
vn 0.1998 0.9772 -0.0717
vn 0.1897 0.9795 -0.0681
vn 0.1728 0.9795 -0.1038
vn 0.1819 0.9772 -0.1093
vn 0.1894 0.9795 -0.0680
vn 0.1970 0.9779 -0.0707
vn 0.1794 0.9779 -0.1078
vn 0.1725 0.9795 -0.1036
vn 0.2114 0.9744 -0.0759
vn 0.2314 0.9693 -0.0831
vn 0.2107 0.9693 -0.1266
vn 0.1925 0.9745 -0.1157
vn 0.2568 0.9620 -0.0922
vn 0.2870 0.9524 -0.1030
vn 0.2614 0.9524 -0.1571
vn 0.2339 0.9621 -0.1405
vn 0.3217 0.9398 -0.1155
vn 0.3607 0.9236 -0.1295
vn 0.3285 0.9236 -0.1974
vn 0.2930 0.9398 -0.1760
vn 0.3974 0.9065 -0.1427
vn 0.4274 0.8909 -0.1535
vn 0.3893 0.8909 -0.2339
vn 0.3619 0.9065 -0.2174
vn 0.4516 0.8773 -0.1622
vn 0.4704 0.8662 -0.1689
vn 0.4283 0.8662 -0.2573
vn 0.4113 0.8774 -0.2471
vn 0.4894 0.8542 -0.1757
vn 0.5137 0.8379 -0.1844
vn 0.4678 0.8380 -0.2810
vn 0.4457 0.8542 -0.2678
vn 0.5426 0.8171 -0.1948
vn 0.5758 0.7911 -0.2067
vn 0.5243 0.7911 -0.3150
vn 0.4941 0.8171 -0.2969
vn 0.6121 0.7596 -0.2198
vn 0.6503 0.7230 -0.2335
vn 0.5922 0.7230 -0.3558
vn 0.5574 0.7597 -0.3349
vn 0.6887 0.6816 -0.2473
vn 0.7258 0.6367 -0.2606
vn 0.6609 0.6367 -0.3971
vn 0.6272 0.6817 -0.3768
vn 0.7602 0.5895 -0.2729
vn 0.7912 0.5416 -0.2841
vn 0.7206 0.5416 -0.4330
vn 0.6923 0.5896 -0.4160
vn 0.8188 0.4932 -0.2940
vn 0.8424 0.4459 -0.3025
vn 0.7672 0.4459 -0.4610
vn 0.7457 0.4932 -0.4481
vn 0.8626 0.3999 -0.3097
vn 0.8800 0.3547 -0.3159
vn 0.8014 0.3547 -0.4815
vn 0.7856 0.4000 -0.4721
vn 0.8948 0.3101 -0.3213
vn 0.9076 0.2648 -0.3259
vn 0.8266 0.2648 -0.4967
vn 0.8149 0.3101 -0.4896
vn 0.9185 0.2184 -0.3297
vn 0.9274 0.1706 -0.3330
vn 0.8446 0.1706 -0.5075
vn 0.8365 0.2184 -0.5026
vn 0.9342 0.1215 -0.3354
vn 0.9388 0.0710 -0.3371
vn 0.8550 0.0710 -0.5137
vn 0.8508 0.1215 -0.5112
vn 0.9410 0.0191 -0.3379
vn 0.9406 -0.0338 -0.3377
vn 0.8567 -0.0338 -0.5147
vn 0.8570 0.0191 -0.5150
vn 0.9376 -0.0874 -0.3366
vn 0.9317 -0.1416 -0.3345
vn 0.8485 -0.1416 -0.5099
vn 0.8539 -0.0875 -0.5131
vn 0.9241 -0.1896 -0.3318
vn 0.9167 -0.2264 -0.3291
vn 0.8349 -0.2265 -0.5017
vn 0.8416 -0.1896 -0.5057
vn 0.9108 -0.2520 -0.3270
vn 0.9074 -0.2656 -0.3258
vn 0.8264 -0.2656 -0.4965
vn 0.8295 -0.2520 -0.4984
vn 0.9056 -0.2725 -0.3251
vn 0.9042 -0.2776 -0.3246
vn 0.8235 -0.2776 -0.4948
vn 0.8247 -0.2725 -0.4955
vn 0.9033 -0.2809 -0.3243
vn 0.9029 -0.2824 -0.3242
vn 0.8223 -0.2824 -0.4941
vn 0.8226 -0.2810 -0.4943
vn 0.9031 -0.2817 -0.3242
vn 0.9039 -0.2786 -0.3245
vn 0.8232 -0.2787 -0.4946
vn 0.8224 -0.2818 -0.4942
vn 0.9056 -0.2723 -0.3251
vn 0.9084 -0.2618 -0.3261
vn 0.8273 -0.2618 -0.4971
vn 0.8248 -0.2724 -0.4956
vn 0.9125 -0.2451 -0.3276
vn 0.9184 -0.2185 -0.3297
vn 0.8365 -0.2185 -0.5026
vn 0.8310 -0.2451 -0.4993
vn 0.9275 -0.1697 -0.3330
vn 0.9332 -0.1299 -0.3350
vn 0.8499 -0.1300 -0.5107
vn 0.8447 -0.1698 -0.5076
vn 0.9352 -0.1127 -0.3358
vn 0.9381 -0.0813 -0.3368
vn 0.8543 -0.0813 -0.5133
vn 0.8517 -0.1127 -0.5118
vn 0.9398 -0.0542 -0.3374
vn 0.9368 -0.0962 -0.3363
vn 0.8532 -0.0962 -0.5127
vn 0.8559 -0.0542 -0.5143
vn 0.9313 -0.1444 -0.3344
vn 0.8482 -0.1444 -0.5096
vn 0.0175 0.9998 -0.0063
vn 0.0163 0.9998 -0.0059
vn 0.0189 0.9998 -0.0068
vn 0.0169 0.9998 -0.0102
vn 0.0160 0.9998 -0.0096
vn 0.0149 0.9998 -0.0089
vn 0.6166 -0.5533 -0.5601
vn 0.6265 -0.5327 -0.5690
vn 0.4954 -0.5536 -0.6694
vn 0.5034 -0.5327 -0.6803
vn 0.5973 -0.5907 -0.5425
vn 0.5809 -0.6197 -0.5277
vn 0.4669 -0.6197 -0.6309
vn 0.4798 -0.5911 -0.6483
vn 0.5666 -0.6436 -0.5146
vn 0.5570 -0.6586 -0.5060
vn 0.4476 -0.6586 -0.6048
vn 0.4552 -0.6437 -0.6152
vn 0.5576 -0.6577 -0.5065
vn 0.5732 -0.6327 -0.5207
vn 0.4607 -0.6327 -0.6225
vn 0.4480 -0.6577 -0.6056
vn 0.6034 -0.5792 -0.5482
vn 0.6401 -0.5022 -0.5814
vn 0.5144 -0.5023 -0.6950
vn 0.4848 -0.5792 -0.6553
vn 0.6725 -0.4179 -0.6109
vn 0.6953 -0.3430 -0.6316
vn 0.5587 -0.3428 -0.7552
vn 0.5404 -0.4178 -0.7303
vn 0.7093 -0.2860 -0.6443
vn 0.7174 -0.2465 -0.6516
vn 0.5765 -0.2467 -0.7790
vn 0.5699 -0.2863 -0.7702
vn 0.7233 -0.2127 -0.6570
vn 0.7288 -0.1749 -0.6620
vn 0.5857 -0.1751 -0.7914
vn 0.5812 -0.2127 -0.7855
vn 0.7333 -0.1364 -0.6661
vn 0.7368 -0.0967 -0.6692
vn 0.5920 -0.0967 -0.8001
vn 0.5892 -0.1365 -0.7964
vn 0.7389 -0.0597 -0.6712
vn 0.7399 -0.0298 -0.6721
vn 0.5945 -0.0298 -0.8035
vn 0.5938 -0.0598 -0.8024
vn 0.7402 -0.0035 -0.6724
vn 0.7401 0.0203 -0.6722
vn 0.5947 0.0203 -0.8037
vn 0.5948 -0.0037 -0.8038
vn 0.7395 0.0439 -0.6717
vn 0.7385 0.0683 -0.6708
vn 0.5934 0.0682 -0.8020
vn 0.5943 0.0438 -0.8031
vn 0.7368 0.0950 -0.6694
vn 0.7342 0.1268 -0.6669
vn 0.5900 0.1270 -0.7974
vn 0.5921 0.0950 -0.8002
vn 0.7298 0.1673 -0.6629
vn 0.7214 0.2241 -0.6553
vn 0.5798 0.2239 -0.7834
vn 0.5864 0.1675 -0.7925
vn 0.7069 0.2965 -0.6422
vn 0.6859 0.3759 -0.6231
vn 0.5511 0.3762 -0.7448
vn 0.5681 0.2965 -0.7677
vn 0.6606 0.4511 -0.6001
vn 0.6389 0.5050 -0.5803
vn 0.5134 0.5050 -0.6938
vn 0.5308 0.4511 -0.7174
vn 0.6187 0.5489 -0.5621
vn 0.5928 0.5990 -0.5384
vn 0.4762 0.5991 -0.6436
vn 0.4972 0.5490 -0.6719
vn 0.5613 0.6519 -0.5098
vn 0.5256 0.7041 -0.4775
vn 0.4223 0.7042 -0.5707
vn 0.4510 0.6521 -0.6095
vn 0.4873 0.7527 -0.4426
vn 0.4482 0.7958 -0.4072
vn 0.3602 0.7958 -0.4867
vn 0.3915 0.7528 -0.5292
vn 0.4100 0.8326 -0.3724
vn 0.3736 0.8633 -0.3393
vn 0.3001 0.8634 -0.4056
vn 0.3294 0.8327 -0.4452
vn 0.3395 0.8886 -0.3084
vn 0.3084 0.9091 -0.2802
vn 0.2478 0.9091 -0.3349
vn 0.2728 0.8887 -0.3686
vn 0.2757 0.9281 -0.2504
vn 0.2383 0.9468 -0.2165
vn 0.1915 0.9468 -0.2588
vn 0.2214 0.9281 -0.2993
vn 0.2039 0.9613 -0.1852
vn 0.1759 0.9713 -0.1598
vn 0.1413 0.9714 -0.1910
vn 0.1638 0.9613 -0.2214
vn 0.1571 0.9772 -0.1427
vn 0.1492 0.9795 -0.1355
vn 0.1199 0.9795 -0.1620
vn 0.1262 0.9772 -0.1706
vn 0.1490 0.9795 -0.1353
vn 0.1549 0.9779 -0.1407
vn 0.1245 0.9779 -0.1682
vn 0.1197 0.9795 -0.1618
vn 0.1663 0.9745 -0.1510
vn 0.1820 0.9693 -0.1653
vn 0.1462 0.9693 -0.1976
vn 0.1336 0.9745 -0.1805
vn 0.2020 0.9620 -0.1835
vn 0.2257 0.9524 -0.2050
vn 0.1814 0.9524 -0.2451
vn 0.1623 0.9621 -0.2193
vn 0.2530 0.9398 -0.2298
vn 0.2837 0.9236 -0.2577
vn 0.2280 0.9236 -0.3081
vn 0.2033 0.9398 -0.2747
vn 0.3125 0.9065 -0.2839
vn 0.3362 0.8909 -0.3054
vn 0.2701 0.8909 -0.3651
vn 0.2511 0.9065 -0.3393
vn 0.3552 0.8773 -0.3227
vn 0.3699 0.8662 -0.3360
vn 0.2972 0.8662 -0.4017
vn 0.2854 0.8774 -0.3857
vn 0.3849 0.8542 -0.3496
vn 0.4040 0.8380 -0.3669
vn 0.3246 0.8380 -0.4387
vn 0.3093 0.8542 -0.4179
vn 0.4267 0.8171 -0.3876
vn 0.4528 0.7910 -0.4113
vn 0.3639 0.7911 -0.4917
vn 0.3429 0.8171 -0.4634
vn 0.4814 0.7596 -0.4373
vn 0.5114 0.7230 -0.4645
vn 0.4109 0.7230 -0.5553
vn 0.3868 0.7597 -0.5228
vn 0.5416 0.6816 -0.4920
vn 0.5708 0.6367 -0.5185
vn 0.4586 0.6368 -0.6198
vn 0.4352 0.6816 -0.5882
vn 0.5979 0.5895 -0.5431
vn 0.6223 0.5415 -0.5653
vn 0.5000 0.5416 -0.6758
vn 0.4804 0.5896 -0.6493
vn 0.6439 0.4932 -0.5849
vn 0.6626 0.4459 -0.6018
vn 0.5324 0.4459 -0.7195
vn 0.5174 0.4932 -0.6993
vn 0.6785 0.3999 -0.6163
vn 0.6921 0.3547 -0.6287
vn 0.5561 0.3547 -0.7516
vn 0.5452 0.4000 -0.7368
vn 0.7037 0.3101 -0.6392
vn 0.7138 0.2648 -0.6484
vn 0.5736 0.2649 -0.7751
vn 0.5655 0.3101 -0.7642
vn 0.7224 0.2183 -0.6561
vn 0.7294 0.1706 -0.6625
vn 0.5861 0.1706 -0.7921
vn 0.5805 0.2184 -0.7844
vn 0.7347 0.1215 -0.6674
vn 0.7383 0.0710 -0.6707
vn 0.5933 0.0710 -0.8018
vn 0.5904 0.1215 -0.7979
vn 0.7401 0.0192 -0.6722
vn 0.7398 -0.0338 -0.6720
vn 0.5945 -0.0338 -0.8034
vn 0.5947 0.0192 -0.8037
vn 0.7374 -0.0875 -0.6698
vn 0.7328 -0.1416 -0.6656
vn 0.5888 -0.1416 -0.7958
vn 0.5925 -0.0875 -0.8008
vn 0.7268 -0.1896 -0.6602
vn 0.7210 -0.2264 -0.6549
vn 0.5794 -0.2265 -0.7830
vn 0.5840 -0.1897 -0.7893
vn 0.7163 -0.2520 -0.6507
vn 0.7136 -0.2655 -0.6482
vn 0.5735 -0.2656 -0.7750
vn 0.5756 -0.2520 -0.7779
vn 0.7122 -0.2725 -0.6469
vn 0.7111 -0.2776 -0.6459
vn 0.5714 -0.2776 -0.7723
vn 0.5723 -0.2725 -0.7734
vn 0.7104 -0.2809 -0.6453
vn 0.7101 -0.2824 -0.6450
vn 0.5706 -0.2824 -0.7711
vn 0.5709 -0.2810 -0.7715
vn 0.7102 -0.2817 -0.6451
vn 0.7109 -0.2786 -0.6458
vn 0.5713 -0.2787 -0.7720
vn 0.5707 -0.2817 -0.7713
vn 0.7122 -0.2724 -0.6469
vn 0.7144 -0.2618 -0.6489
vn 0.5741 -0.2618 -0.7758
vn 0.5723 -0.2724 -0.7735
vn 0.7176 -0.2451 -0.6519
vn 0.7223 -0.2184 -0.6561
vn 0.5805 -0.2185 -0.7844
vn 0.5767 -0.2451 -0.7793
vn 0.7295 -0.1697 -0.6626
vn 0.7339 -0.1299 -0.6667
vn 0.5898 -0.1300 -0.7970
vn 0.5862 -0.1697 -0.7922
vn 0.7355 -0.1127 -0.6681
vn 0.7378 -0.0813 -0.6702
vn 0.5929 -0.0813 -0.8012
vn 0.5910 -0.1127 -0.7987
vn 0.7391 -0.0542 -0.6714
vn 0.7368 -0.0962 -0.6693
vn 0.5921 -0.0962 -0.8001
vn 0.5940 -0.0542 -0.8027
vn 0.7324 -0.1444 -0.6653
vn 0.5886 -0.1444 -0.7954
vn 0.0138 0.9998 -0.0125
vn 0.0129 0.9998 -0.0117
vn 0.0146 0.9998 -0.0133
vn 0.0117 0.9998 -0.0159
vn 0.0111 0.9998 -0.0150
vn 0.0103 0.9998 -0.0139
vn 0.3552 -0.5536 -0.7532
vn 0.3609 -0.5331 -0.7652
vn 0.2015 -0.5538 -0.8079
vn 0.2047 -0.5328 -0.8211
vn 0.3442 -0.5906 -0.7299
vn 0.3348 -0.6196 -0.7099
vn 0.1899 -0.6197 -0.7615
vn 0.1952 -0.5910 -0.7827
vn 0.3265 -0.6435 -0.6923
vn 0.3210 -0.6586 -0.6806
vn 0.1820 -0.6588 -0.7300
vn 0.1852 -0.6434 -0.7428
vn 0.3213 -0.6577 -0.6813
vn 0.3303 -0.6326 -0.7005
vn 0.1874 -0.6326 -0.7515
vn 0.1823 -0.6576 -0.7310
vn 0.3478 -0.5790 -0.7375
vn 0.3689 -0.5022 -0.7821
vn 0.2092 -0.5022 -0.8390
vn 0.1972 -0.5792 -0.7910
vn 0.3876 -0.4177 -0.8218
vn 0.4007 -0.3429 -0.8496
vn 0.2272 -0.3426 -0.9116
vn 0.2198 -0.4178 -0.8815
vn 0.4088 -0.2861 -0.8666
vn 0.4134 -0.2463 -0.8766
vn 0.2344 -0.2466 -0.9404
vn 0.2319 -0.2859 -0.9298
vn 0.4168 -0.2128 -0.8837
vn 0.4200 -0.1753 -0.8905
vn 0.2382 -0.1752 -0.9553
vn 0.2364 -0.2129 -0.9481
vn 0.4225 -0.1364 -0.8960
vn 0.4246 -0.0966 -0.9002
vn 0.2408 -0.0966 -0.9658
vn 0.2397 -0.1365 -0.9612
vn 0.4258 -0.0597 -0.9028
vn 0.4264 -0.0298 -0.9040
vn 0.2418 -0.0298 -0.9699
vn 0.2415 -0.0597 -0.9686
vn 0.4266 -0.0037 -0.9044
vn 0.4265 0.0203 -0.9043
vn 0.2418 0.0203 -0.9701
vn 0.2419 -0.0037 -0.9703
vn 0.4262 0.0438 -0.9036
vn 0.4256 0.0681 -0.9024
vn 0.2414 0.0681 -0.9680
vn 0.2417 0.0439 -0.9694
vn 0.4247 0.0950 -0.9004
vn 0.4231 0.1271 -0.8971
vn 0.2400 0.1271 -0.9624
vn 0.2408 0.0950 -0.9659
vn 0.4205 0.1674 -0.8917
vn 0.4158 0.2239 -0.8815
vn 0.2358 0.2241 -0.9456
vn 0.2385 0.1675 -0.9566
vn 0.4074 0.2965 -0.8638
vn 0.3953 0.3760 -0.8381
vn 0.2241 0.3763 -0.8990
vn 0.2311 0.2966 -0.9266
vn 0.3807 0.4511 -0.8072
vn 0.3682 0.5049 -0.7807
vn 0.2088 0.5051 -0.8374
vn 0.2159 0.4511 -0.8660
vn 0.3566 0.5486 -0.7562
vn 0.3415 0.5992 -0.7241
vn 0.1937 0.5990 -0.7769
vn 0.2022 0.5489 -0.8111
vn 0.3235 0.6520 -0.6857
vn 0.3029 0.7041 -0.6423
vn 0.1717 0.7043 -0.6889
vn 0.1834 0.6521 -0.7356
vn 0.2809 0.7526 -0.5955
vn 0.2584 0.7957 -0.5478
vn 0.1465 0.7959 -0.5875
vn 0.1593 0.7527 -0.6388
vn 0.2363 0.8326 -0.5009
vn 0.2153 0.8633 -0.4565
vn 0.1219 0.8635 -0.4894
vn 0.1340 0.8327 -0.5373
vn 0.1956 0.8886 -0.4148
vn 0.1777 0.9090 -0.3769
vn 0.1008 0.9091 -0.4043
vn 0.1109 0.8887 -0.4449
vn 0.1589 0.9281 -0.3368
vn 0.1373 0.9468 -0.2912
vn 0.0779 0.9468 -0.3123
vn 0.0901 0.9281 -0.3613
vn 0.1175 0.9613 -0.2492
vn 0.1014 0.9714 -0.2149
vn 0.0575 0.9714 -0.2305
vn 0.0666 0.9613 -0.2672
vn 0.0905 0.9772 -0.1920
vn 0.0860 0.9795 -0.1823
vn 0.0488 0.9795 -0.1956
vn 0.0514 0.9772 -0.2062
vn 0.0859 0.9795 -0.1820
vn 0.0893 0.9779 -0.1893
vn 0.0506 0.9779 -0.2030
vn 0.0487 0.9795 -0.1953
vn 0.0958 0.9744 -0.2032
vn 0.1049 0.9693 -0.2224
vn 0.0595 0.9693 -0.2385
vn 0.0543 0.9745 -0.2179
vn 0.1164 0.9620 -0.2468
vn 0.1301 0.9524 -0.2758
vn 0.0738 0.9524 -0.2959
vn 0.0660 0.9621 -0.2647
vn 0.1458 0.9398 -0.3092
vn 0.1635 0.9236 -0.3467
vn 0.0927 0.9236 -0.3719
vn 0.0827 0.9398 -0.3316
vn 0.1801 0.9065 -0.3818
vn 0.1937 0.8909 -0.4108
vn 0.1099 0.8909 -0.4406
vn 0.1021 0.9065 -0.4096
vn 0.2047 0.8773 -0.4340
vn 0.2132 0.8662 -0.4520
vn 0.1209 0.8662 -0.4848
vn 0.1161 0.8774 -0.4656
vn 0.2218 0.8542 -0.4703
vn 0.2328 0.8379 -0.4936
vn 0.1320 0.8380 -0.5295
vn 0.1258 0.8542 -0.5045
vn 0.2459 0.8171 -0.5214
vn 0.2610 0.7910 -0.5533
vn 0.1480 0.7911 -0.5935
vn 0.1395 0.8171 -0.5593
vn 0.2774 0.7596 -0.5882
vn 0.2947 0.7230 -0.6249
vn 0.1671 0.7230 -0.6703
vn 0.1573 0.7597 -0.6310
vn 0.3121 0.6816 -0.6618
vn 0.3289 0.6367 -0.6974
vn 0.1865 0.6368 -0.7482
vn 0.1770 0.6816 -0.7100
vn 0.3446 0.5895 -0.7306
vn 0.3586 0.5415 -0.7603
vn 0.2034 0.5416 -0.8157
vn 0.1954 0.5896 -0.7837
vn 0.3711 0.4932 -0.7868
vn 0.3818 0.4459 -0.8096
vn 0.2165 0.4459 -0.8685
vn 0.2104 0.4933 -0.8440
vn 0.3910 0.3999 -0.8290
vn 0.3988 0.3546 -0.8457
vn 0.2262 0.3547 -0.9072
vn 0.2217 0.4000 -0.8893
vn 0.4055 0.3100 -0.8599
vn 0.4113 0.2648 -0.8722
vn 0.2333 0.2648 -0.9356
vn 0.2300 0.3101 -0.9225
vn 0.4163 0.2184 -0.8826
vn 0.4203 0.1706 -0.8912
vn 0.2384 0.1706 -0.9561
vn 0.2361 0.2184 -0.9469
vn 0.4234 0.1215 -0.8978
vn 0.4255 0.0710 -0.9022
vn 0.2413 0.0710 -0.9678
vn 0.2401 0.1215 -0.9631
vn 0.4265 0.0192 -0.9043
vn 0.4263 -0.0337 -0.9039
vn 0.2418 -0.0338 -0.9697
vn 0.2419 0.0192 -0.9701
vn 0.4249 -0.0874 -0.9010
vn 0.4223 -0.1416 -0.8953
vn 0.2395 -0.1416 -0.9605
vn 0.2410 -0.0874 -0.9666
vn 0.4188 -0.1897 -0.8880
vn 0.4155 -0.2264 -0.8810
vn 0.2356 -0.2265 -0.9451
vn 0.2375 -0.1897 -0.9527
vn 0.4128 -0.2520 -0.8753
vn 0.4113 -0.2655 -0.8720
vn 0.2332 -0.2656 -0.9355
vn 0.2341 -0.2520 -0.9390
vn 0.4104 -0.2725 -0.8702
vn 0.4098 -0.2776 -0.8689
vn 0.2324 -0.2777 -0.9321
vn 0.2328 -0.2725 -0.9336
vn 0.4094 -0.2809 -0.8680
vn 0.4092 -0.2823 -0.8677
vn 0.2321 -0.2824 -0.9308
vn 0.2322 -0.2810 -0.9312
vn 0.4093 -0.2817 -0.8678
vn 0.4097 -0.2786 -0.8686
vn 0.2323 -0.2787 -0.9319
vn 0.2321 -0.2818 -0.9310
vn 0.4104 -0.2724 -0.8703
vn 0.4117 -0.2618 -0.8729
vn 0.2335 -0.2619 -0.9364
vn 0.2328 -0.2724 -0.9336
vn 0.4136 -0.2451 -0.8769
vn 0.4163 -0.2184 -0.8826
vn 0.2361 -0.2184 -0.9469
vn 0.2345 -0.2451 -0.9407
vn 0.4204 -0.1697 -0.8913
vn 0.4230 -0.1299 -0.8968
vn 0.2399 -0.1300 -0.9621
vn 0.2384 -0.1697 -0.9562
vn 0.4239 -0.1127 -0.8987
vn 0.4252 -0.0813 -0.9015
vn 0.2411 -0.0813 -0.9671
vn 0.2404 -0.1127 -0.9641
vn 0.4260 -0.0542 -0.9031
vn 0.4246 -0.0962 -0.9003
vn 0.2408 -0.0962 -0.9658
vn 0.2416 -0.0542 -0.9689
vn 0.4221 -0.1444 -0.8950
vn 0.2394 -0.1444 -0.9601
vn 0.0079 0.9998 -0.0168
vn 0.0074 0.9998 -0.0157
vn 0.0084 0.9998 -0.0178
vn 0.0048 0.9998 -0.0191
vn 0.0045 0.9998 -0.0181
vn 0.0042 0.9998 -0.0168
vn 0.0399 -0.5535 -0.8319
vn 0.0407 -0.5327 -0.8453
vn -0.1231 -0.5534 -0.8237
vn -0.1251 -0.5326 -0.8370
vn 0.0388 -0.5906 -0.8060
vn 0.0377 -0.6199 -0.7838
vn -0.1160 -0.6197 -0.7762
vn -0.1191 -0.5911 -0.7978
vn 0.0367 -0.6434 -0.7646
vn 0.0362 -0.6587 -0.7516
vn -0.1112 -0.6590 -0.7439
vn -0.1130 -0.6439 -0.7567
vn 0.0361 -0.6574 -0.7527
vn 0.0372 -0.6328 -0.7734
vn -0.1144 -0.6329 -0.7658
vn -0.1113 -0.6578 -0.7449
vn 0.0391 -0.5792 -0.8143
vn 0.0415 -0.5020 -0.8639
vn -0.1278 -0.5024 -0.8552
vn -0.1204 -0.5794 -0.8061
vn 0.0436 -0.4179 -0.9074
vn 0.0451 -0.3426 -0.9384
vn -0.1389 -0.3428 -0.9291
vn -0.1342 -0.4181 -0.8984
vn 0.0460 -0.2859 -0.9571
vn 0.0465 -0.2466 -0.9680
vn -0.1432 -0.2466 -0.9585
vn -0.1417 -0.2860 -0.9477
vn 0.0469 -0.2127 -0.9760
vn 0.0473 -0.1750 -0.9834
vn -0.1456 -0.1752 -0.9737
vn -0.1444 -0.2127 -0.9664
vn 0.0476 -0.1365 -0.9895
vn 0.0478 -0.0966 -0.9942
vn -0.1471 -0.0966 -0.9844
vn -0.1464 -0.1364 -0.9798
vn 0.0479 -0.0598 -0.9971
vn 0.0479 -0.0299 -0.9984
vn -0.1474 -0.0296 -0.9886
vn -0.1476 -0.0600 -0.9872
vn 0.0479 -0.0037 -0.9988
vn 0.0480 0.0204 -0.9986
vn -0.1478 0.0204 -0.9888
vn -0.1478 -0.0037 -0.9890
vn 0.0479 0.0439 -0.9979
vn 0.0479 0.0681 -0.9965
vn -0.1475 0.0682 -0.9867
vn -0.1477 0.0436 -0.9881
vn 0.0478 0.0949 -0.9943
vn 0.0476 0.1266 -0.9908
vn -0.1466 0.1268 -0.9810
vn -0.1471 0.0950 -0.9845
vn 0.0473 0.1676 -0.9847
vn 0.0468 0.2242 -0.9734
vn -0.1441 0.2243 -0.9638
vn -0.1457 0.1672 -0.9751
vn 0.0458 0.2963 -0.9540
vn 0.0445 0.3760 -0.9256
vn -0.1369 0.3761 -0.9164
vn -0.1412 0.2966 -0.9445
vn 0.0428 0.4510 -0.8915
vn 0.0414 0.5050 -0.8621
vn -0.1275 0.5050 -0.8536
vn -0.1319 0.4511 -0.8827
vn 0.0401 0.5488 -0.8350
vn 0.0384 0.5994 -0.7995
vn -0.1183 0.5990 -0.7919
vn -0.1235 0.5490 -0.8267
vn 0.0363 0.6520 -0.7573
vn 0.0341 0.7039 -0.7095
vn -0.1050 0.7042 -0.7022
vn -0.1120 0.6521 -0.7498
vn 0.0316 0.7527 -0.6576
vn 0.0291 0.7957 -0.6049
vn -0.0895 0.7958 -0.5990
vn -0.0973 0.7528 -0.6510
vn 0.0266 0.8326 -0.5532
vn 0.0242 0.8633 -0.5041
vn -0.0746 0.8633 -0.4991
vn -0.0818 0.8327 -0.5477
vn 0.0220 0.8886 -0.4581
vn 0.0200 0.9091 -0.4162
vn -0.0616 0.9091 -0.4120
vn -0.0678 0.8887 -0.4535
vn 0.0179 0.9281 -0.3720
vn 0.0155 0.9466 -0.3219
vn -0.0476 0.9468 -0.3183
vn -0.0550 0.9281 -0.3683
vn 0.0132 0.9613 -0.2752
vn 0.0114 0.9714 -0.2373
vn -0.0351 0.9714 -0.2350
vn -0.0407 0.9613 -0.2724
vn 0.0102 0.9772 -0.2120
vn 0.0097 0.9795 -0.2014
vn -0.0298 0.9795 -0.1994
vn -0.0314 0.9772 -0.2099
vn 0.0097 0.9795 -0.2010
vn 0.0100 0.9779 -0.2090
vn -0.0309 0.9779 -0.2070
vn -0.0297 0.9795 -0.1990
vn 0.0108 0.9745 -0.2243
vn 0.0118 0.9693 -0.2456
vn -0.0363 0.9693 -0.2431
vn -0.0332 0.9745 -0.2221
vn 0.0131 0.9620 -0.2726
vn 0.0146 0.9524 -0.3046
vn -0.0451 0.9524 -0.3016
vn -0.0403 0.9621 -0.2699
vn 0.0164 0.9398 -0.3414
vn 0.0184 0.9236 -0.3828
vn -0.0566 0.9236 -0.3790
vn -0.0505 0.9398 -0.3380
vn 0.0203 0.9065 -0.4217
vn 0.0218 0.8909 -0.4536
vn -0.0671 0.8910 -0.4491
vn -0.0624 0.9065 -0.4175
vn 0.0230 0.8773 -0.4793
vn 0.0240 0.8662 -0.4992
vn -0.0739 0.8662 -0.4942
vn -0.0709 0.8774 -0.4746
vn 0.0249 0.8542 -0.5194
vn 0.0262 0.8380 -0.5451
vn -0.0807 0.8380 -0.5397
vn -0.0769 0.8542 -0.5142
vn 0.0277 0.8171 -0.5759
vn 0.0293 0.7910 -0.6111
vn -0.0904 0.7911 -0.6050
vn -0.0852 0.8171 -0.5701
vn 0.0312 0.7596 -0.6496
vn 0.0331 0.7230 -0.6901
vn -0.1021 0.7230 -0.6833
vn -0.0961 0.7597 -0.6432
vn 0.0351 0.6816 -0.7309
vn 0.0370 0.6367 -0.7702
vn -0.1140 0.6368 -0.7626
vn -0.1081 0.6816 -0.7237
vn 0.0387 0.5895 -0.8068
vn 0.0403 0.5416 -0.8397
vn -0.1243 0.5416 -0.8314
vn -0.1194 0.5895 -0.7989
vn 0.0417 0.4932 -0.8689
vn 0.0429 0.4459 -0.8941
vn -0.1323 0.4459 -0.8852
vn -0.1286 0.4932 -0.8603
vn 0.0440 0.3999 -0.9155
vn 0.0449 0.3547 -0.9339
vn -0.1382 0.3548 -0.9247
vn -0.1355 0.4000 -0.9064
vn 0.0456 0.3100 -0.9496
vn 0.0463 0.2648 -0.9632
vn -0.1425 0.2648 -0.9537
vn -0.1405 0.3101 -0.9403
vn 0.0468 0.2184 -0.9747
vn 0.0473 0.1706 -0.9842
vn -0.1456 0.1706 -0.9745
vn -0.1442 0.2184 -0.9651
vn 0.0476 0.1215 -0.9914
vn 0.0479 0.0710 -0.9963
vn -0.1474 0.0710 -0.9865
vn -0.1467 0.1215 -0.9817
vn 0.0480 0.0192 -0.9987
vn 0.0480 -0.0338 -0.9983
vn -0.1477 -0.0337 -0.9885
vn -0.1478 0.0192 -0.9888
vn 0.0478 -0.0874 -0.9950
vn 0.0475 -0.1416 -0.9888
vn -0.1463 -0.1416 -0.9790
vn -0.1472 -0.0875 -0.9852
vn 0.0471 -0.1896 -0.9807
vn 0.0467 -0.2264 -0.9729
vn -0.1440 -0.2265 -0.9633
vn -0.1451 -0.1897 -0.9711
vn 0.0464 -0.2520 -0.9666
vn 0.0463 -0.2655 -0.9630
vn -0.1425 -0.2656 -0.9535
vn -0.1430 -0.2520 -0.9571
vn 0.0462 -0.2725 -0.9611
vn 0.0461 -0.2776 -0.9596
vn -0.1420 -0.2776 -0.9501
vn -0.1422 -0.2725 -0.9516
vn 0.0461 -0.2809 -0.9586
vn 0.0460 -0.2824 -0.9582
vn -0.1418 -0.2824 -0.9488
vn -0.1419 -0.2810 -0.9492
vn 0.0460 -0.2817 -0.9584
vn 0.0461 -0.2786 -0.9593
vn -0.1420 -0.2786 -0.9498
vn -0.1418 -0.2818 -0.9489
vn 0.0462 -0.2723 -0.9611
vn 0.0463 -0.2618 -0.9640
vn -0.1427 -0.2618 -0.9545
vn -0.1422 -0.2724 -0.9516
vn 0.0465 -0.2451 -0.9684
vn 0.0468 -0.2184 -0.9747
vn -0.1442 -0.2185 -0.9651
vn -0.1433 -0.2451 -0.9589
vn 0.0473 -0.1697 -0.9844
vn 0.0476 -0.1299 -0.9904
vn -0.1466 -0.1299 -0.9806
vn -0.1457 -0.1698 -0.9747
vn 0.0477 -0.1127 -0.9925
vn 0.0478 -0.0813 -0.9955
vn -0.1473 -0.0813 -0.9857
vn -0.1469 -0.1127 -0.9827
vn 0.0479 -0.0542 -0.9974
vn 0.0478 -0.0962 -0.9942
vn -0.1471 -0.0962 -0.9844
vn -0.1476 -0.0542 -0.9876
vn 0.0475 -0.1443 -0.9884
vn -0.1463 -0.1444 -0.9787
vn 0.0009 0.9998 -0.0186
vn 0.0008 0.9998 -0.0173
vn 0.0009 0.9998 -0.0197
vn -0.0029 0.9998 -0.0195
vn -0.0028 0.9998 -0.0184
vn -0.0026 0.9998 -0.0172
vn -0.2814 -0.5534 -0.7839
vn -0.2860 -0.5330 -0.7963
vn -0.4289 -0.5536 -0.7138
vn -0.4359 -0.5327 -0.7254
vn -0.2727 -0.5906 -0.7595
vn -0.2652 -0.6199 -0.7385
vn -0.4041 -0.6200 -0.6725
vn -0.4156 -0.5907 -0.6916
vn -0.2587 -0.6437 -0.7202
vn -0.2543 -0.6586 -0.7082
vn -0.3874 -0.6588 -0.6449
vn -0.3942 -0.6437 -0.6559
vn -0.2545 -0.6577 -0.7090
vn -0.2617 -0.6326 -0.7289
vn -0.3987 -0.6329 -0.6636
vn -0.3879 -0.6578 -0.6456
vn -0.2755 -0.5792 -0.7673
vn -0.2922 -0.5022 -0.8139
vn -0.4453 -0.5024 -0.7412
vn -0.4199 -0.5792 -0.6987
vn -0.3068 -0.4181 -0.8550
vn -0.3175 -0.3430 -0.8840
vn -0.4838 -0.3428 -0.8052
vn -0.4679 -0.4179 -0.7788
vn -0.3238 -0.2857 -0.9020
vn -0.3275 -0.2463 -0.9122
vn -0.4991 -0.2464 -0.8308
vn -0.4935 -0.2859 -0.8214
vn -0.3302 -0.2127 -0.9196
vn -0.3327 -0.1752 -0.9266
vn -0.5071 -0.1752 -0.8439
vn -0.5032 -0.2130 -0.8375
vn -0.3347 -0.1363 -0.9324
vn -0.3364 -0.0967 -0.9368
vn -0.5126 -0.0967 -0.8532
vn -0.5103 -0.1364 -0.8491
vn -0.3373 -0.0600 -0.9395
vn -0.3378 -0.0298 -0.9408
vn -0.5148 -0.0298 -0.8568
vn -0.5141 -0.0598 -0.8556
vn -0.3379 -0.0037 -0.9412
vn -0.3378 0.0205 -0.9410
vn -0.5149 0.0204 -0.8570
vn -0.5150 -0.0038 -0.8572
vn -0.3376 0.0439 -0.9403
vn -0.3370 0.0679 -0.9390
vn -0.5138 0.0682 -0.8552
vn -0.5145 0.0440 -0.8563
vn -0.3364 0.0950 -0.9369
vn -0.3352 0.1267 -0.9336
vn -0.5108 0.1268 -0.8503
vn -0.5127 0.0950 -0.8533
vn -0.3331 0.1675 -0.9279
vn -0.3293 0.2240 -0.9172
vn -0.5019 0.2240 -0.8354
vn -0.5078 0.1674 -0.8451
vn -0.3228 0.2964 -0.8989
vn -0.3131 0.3761 -0.8721
vn -0.4772 0.3762 -0.7942
vn -0.4919 0.2965 -0.8186
vn -0.3015 0.4511 -0.8400
vn -0.2916 0.5049 -0.8124
vn -0.4445 0.5050 -0.7398
vn -0.4596 0.4512 -0.7650
vn -0.2824 0.5488 -0.7868
vn -0.2706 0.5990 -0.7536
vn -0.4124 0.5991 -0.6863
vn -0.4306 0.5486 -0.7167
vn -0.2562 0.6521 -0.7135
vn -0.2399 0.7043 -0.6681
vn -0.3657 0.7043 -0.6085
vn -0.3904 0.6522 -0.6498
vn -0.2225 0.7526 -0.6197
vn -0.2047 0.7956 -0.5701
vn -0.3119 0.7958 -0.5191
vn -0.3391 0.7527 -0.5643
vn -0.1871 0.8327 -0.5212
vn -0.1706 0.8633 -0.4750
vn -0.2599 0.8634 -0.4325
vn -0.2852 0.8326 -0.4748
vn -0.1550 0.8886 -0.4317
vn -0.1408 0.9091 -0.3921
vn -0.2146 0.9091 -0.3571
vn -0.2362 0.8887 -0.3931
vn -0.1258 0.9281 -0.3505
vn -0.1088 0.9468 -0.3030
vn -0.1658 0.9468 -0.2759
vn -0.1918 0.9281 -0.3192
vn -0.0931 0.9613 -0.2593
vn -0.0803 0.9714 -0.2237
vn -0.1224 0.9714 -0.2037
vn -0.1419 0.9613 -0.2361
vn -0.0719 0.9771 -0.2001
vn -0.0681 0.9795 -0.1897
vn -0.1038 0.9795 -0.1728
vn -0.1093 0.9772 -0.1819
vn -0.0680 0.9795 -0.1894
vn -0.0707 0.9779 -0.1970
vn -0.1078 0.9779 -0.1794
vn -0.1036 0.9795 -0.1725
vn -0.0759 0.9744 -0.2114
vn -0.0831 0.9693 -0.2314
vn -0.1266 0.9693 -0.2107
vn -0.1157 0.9745 -0.1925
vn -0.0922 0.9620 -0.2568
vn -0.1030 0.9524 -0.2870
vn -0.1570 0.9524 -0.2614
vn -0.1405 0.9621 -0.2339
vn -0.1155 0.9398 -0.3217
vn -0.1295 0.9236 -0.3607
vn -0.1974 0.9236 -0.3285
vn -0.1760 0.9398 -0.2930
vn -0.1427 0.9065 -0.3973
vn -0.1535 0.8909 -0.4274
vn -0.2339 0.8909 -0.3893
vn -0.2174 0.9065 -0.3618
vn -0.1622 0.8773 -0.4516
vn -0.1689 0.8662 -0.4703
vn -0.2573 0.8662 -0.4283
vn -0.2471 0.8774 -0.4113
vn -0.1757 0.8542 -0.4894
vn -0.1844 0.8379 -0.5137
vn -0.2811 0.8380 -0.4678
vn -0.2678 0.8542 -0.4457
vn -0.1948 0.8171 -0.5426
vn -0.2067 0.7911 -0.5758
vn -0.3151 0.7911 -0.5243
vn -0.2969 0.8171 -0.4941
vn -0.2198 0.7596 -0.6121
vn -0.2335 0.7230 -0.6503
vn -0.3558 0.7230 -0.5922
vn -0.3349 0.7596 -0.5575
vn -0.2473 0.6816 -0.6887
vn -0.2606 0.6367 -0.7258
vn -0.3971 0.6367 -0.6609
vn -0.3768 0.6816 -0.6272
vn -0.2730 0.5895 -0.7603
vn -0.2841 0.5415 -0.7912
vn -0.4330 0.5416 -0.7206
vn -0.4160 0.5895 -0.6924
vn -0.2940 0.4932 -0.8187
vn -0.3024 0.4459 -0.8424
vn -0.4610 0.4460 -0.7672
vn -0.4480 0.4933 -0.7456
vn -0.3097 0.4000 -0.8626
vn -0.3159 0.3547 -0.8800
vn -0.4815 0.3548 -0.8014
vn -0.4721 0.4000 -0.7856
vn -0.3213 0.3100 -0.8948
vn -0.3259 0.2647 -0.9076
vn -0.4967 0.2648 -0.8266
vn -0.4896 0.3101 -0.8149
vn -0.3298 0.2184 -0.9185
vn -0.3330 0.1706 -0.9274
vn -0.5075 0.1707 -0.8446
vn -0.5026 0.2184 -0.8365
vn -0.3354 0.1215 -0.9342
vn -0.3371 0.0710 -0.9388
vn -0.5137 0.0710 -0.8550
vn -0.5112 0.1215 -0.8508
vn -0.3379 0.0191 -0.9410
vn -0.3377 -0.0337 -0.9406
vn -0.5148 -0.0338 -0.8567
vn -0.5149 0.0191 -0.8570
vn -0.3366 -0.0874 -0.9376
vn -0.3345 -0.1416 -0.9317
vn -0.5099 -0.1416 -0.8485
vn -0.5131 -0.0875 -0.8539
vn -0.3318 -0.1896 -0.9241
vn -0.3291 -0.2264 -0.9167
vn -0.5017 -0.2265 -0.8349
vn -0.5057 -0.1896 -0.8416
vn -0.3270 -0.2520 -0.9108
vn -0.3258 -0.2655 -0.9074
vn -0.4965 -0.2656 -0.8264
vn -0.4984 -0.2520 -0.8295
vn -0.3251 -0.2725 -0.9056
vn -0.3246 -0.2776 -0.9042
vn -0.4948 -0.2776 -0.8235
vn -0.4955 -0.2725 -0.8247
vn -0.3243 -0.2809 -0.9033
vn -0.3242 -0.2824 -0.9029
vn -0.4941 -0.2824 -0.8223
vn -0.4943 -0.2810 -0.8226
vn -0.3242 -0.2817 -0.9031
vn -0.3245 -0.2786 -0.9039
vn -0.4946 -0.2787 -0.8232
vn -0.4942 -0.2818 -0.8224
vn -0.3251 -0.2723 -0.9056
vn -0.3261 -0.2618 -0.9084
vn -0.4971 -0.2618 -0.8273
vn -0.4956 -0.2724 -0.8248
vn -0.3276 -0.2450 -0.9125
vn -0.3298 -0.2185 -0.9184
vn -0.5026 -0.2185 -0.8365
vn -0.4993 -0.2451 -0.8310
vn -0.3330 -0.1697 -0.9275
vn -0.3351 -0.1299 -0.9332
vn -0.5107 -0.1300 -0.8499
vn -0.5076 -0.1698 -0.8447
vn -0.3358 -0.1127 -0.9352
vn -0.3368 -0.0813 -0.9381
vn -0.5133 -0.0813 -0.8543
vn -0.5118 -0.1127 -0.8517
vn -0.3374 -0.0542 -0.9398
vn -0.3363 -0.0962 -0.9368
vn -0.5126 -0.0962 -0.8532
vn -0.5143 -0.0542 -0.8559
vn -0.3344 -0.1444 -0.9313
vn -0.5096 -0.1444 -0.8482
vn -0.0063 0.9998 -0.0175
vn -0.0059 0.9998 -0.0163
vn -0.0067 0.9998 -0.0186
vn -0.0102 0.9998 -0.0169
vn -0.0096 0.9998 -0.0160
vn -0.0089 0.9998 -0.0149
vn -0.5599 -0.5536 -0.6164
vn -0.5689 -0.5330 -0.6263
vn -0.6694 -0.5537 -0.4953
vn -0.6803 -0.5329 -0.5032
vn -0.5425 -0.5907 -0.5973
vn -0.5276 -0.6199 -0.5809
vn -0.6308 -0.6198 -0.4668
vn -0.6486 -0.5908 -0.4799
vn -0.5146 -0.6436 -0.5666
vn -0.5058 -0.6589 -0.5568
vn -0.6046 -0.6591 -0.4473
vn -0.6153 -0.6435 -0.4553
vn -0.5065 -0.6577 -0.5576
vn -0.5207 -0.6326 -0.5732
vn -0.6224 -0.6328 -0.4606
vn -0.6057 -0.6575 -0.4482
vn -0.5482 -0.5791 -0.6034
vn -0.5815 -0.5021 -0.6401
vn -0.6949 -0.5025 -0.5143
vn -0.6552 -0.5794 -0.4847
vn -0.6108 -0.4181 -0.6724
vn -0.6315 -0.3432 -0.6953
vn -0.7551 -0.3431 -0.5587
vn -0.7302 -0.4181 -0.5404
vn -0.6443 -0.2860 -0.7093
vn -0.6515 -0.2467 -0.7174
vn -0.7789 -0.2468 -0.5765
vn -0.7702 -0.2862 -0.5700
vn -0.6569 -0.2129 -0.7233
vn -0.6620 -0.1750 -0.7288
vn -0.7914 -0.1751 -0.5856
vn -0.7855 -0.2126 -0.5812
vn -0.6661 -0.1365 -0.7333
vn -0.6692 -0.0966 -0.7368
vn -0.8001 -0.0966 -0.5921
vn -0.7963 -0.1366 -0.5892
vn -0.6712 -0.0597 -0.7389
vn -0.6721 -0.0298 -0.7399
vn -0.8035 -0.0298 -0.5945
vn -0.8024 -0.0599 -0.5938
vn -0.6724 -0.0035 -0.7402
vn -0.6722 0.0204 -0.7400
vn -0.8037 0.0204 -0.5947
vn -0.8038 -0.0037 -0.5948
vn -0.6717 0.0440 -0.7395
vn -0.6709 0.0682 -0.7385
vn -0.8020 0.0681 -0.5934
vn -0.8031 0.0439 -0.5942
vn -0.6694 0.0949 -0.7369
vn -0.6670 0.1269 -0.7342
vn -0.7973 0.1271 -0.5900
vn -0.8002 0.0951 -0.5921
vn -0.6629 0.1673 -0.7298
vn -0.6553 0.2239 -0.7214
vn -0.7834 0.2240 -0.5797
vn -0.7925 0.1673 -0.5864
vn -0.6422 0.2963 -0.7069
vn -0.6230 0.3761 -0.6858
vn -0.7449 0.3761 -0.5511
vn -0.7677 0.2966 -0.5680
vn -0.5999 0.4514 -0.6606
vn -0.5805 0.5048 -0.6389
vn -0.6939 0.5049 -0.5134
vn -0.7175 0.4511 -0.5308
vn -0.5622 0.5485 -0.6189
vn -0.5383 0.5992 -0.5926
vn -0.6436 0.5992 -0.4763
vn -0.6720 0.5488 -0.4973
vn -0.5097 0.6522 -0.5611
vn -0.4774 0.7043 -0.5254
vn -0.5709 0.7040 -0.4224
vn -0.6093 0.6523 -0.4508
vn -0.4427 0.7526 -0.4874
vn -0.4072 0.7958 -0.4482
vn -0.4867 0.7959 -0.3601
vn -0.5291 0.7528 -0.3915
vn -0.3723 0.8327 -0.4099
vn -0.3393 0.8633 -0.3736
vn -0.4057 0.8633 -0.3002
vn -0.4453 0.8326 -0.3295
vn -0.3084 0.8886 -0.3395
vn -0.2802 0.9091 -0.3084
vn -0.3349 0.9091 -0.2478
vn -0.3687 0.8886 -0.2728
vn -0.2504 0.9281 -0.2757
vn -0.2167 0.9467 -0.2385
vn -0.2588 0.9468 -0.1915
vn -0.2993 0.9281 -0.2215
vn -0.1852 0.9613 -0.2039
vn -0.1598 0.9713 -0.1759
vn -0.1910 0.9714 -0.1413
vn -0.2214 0.9613 -0.1638
vn -0.1427 0.9772 -0.1571
vn -0.1355 0.9795 -0.1492
vn -0.1620 0.9795 -0.1199
vn -0.1709 0.9772 -0.1264
vn -0.1353 0.9795 -0.1490
vn -0.1407 0.9779 -0.1549
vn -0.1682 0.9779 -0.1245
vn -0.1618 0.9795 -0.1197
vn -0.1510 0.9744 -0.1663
vn -0.1653 0.9693 -0.1820
vn -0.1976 0.9693 -0.1462
vn -0.1805 0.9745 -0.1336
vn -0.1835 0.9620 -0.2020
vn -0.2050 0.9524 -0.2257
vn -0.2451 0.9524 -0.1814
vn -0.2193 0.9621 -0.1623
vn -0.2298 0.9398 -0.2530
vn -0.2577 0.9236 -0.2837
vn -0.3081 0.9236 -0.2280
vn -0.2747 0.9398 -0.2033
vn -0.2839 0.9065 -0.3125
vn -0.3054 0.8909 -0.3362
vn -0.3650 0.8910 -0.2701
vn -0.3393 0.9065 -0.2511
vn -0.3227 0.8773 -0.3552
vn -0.3360 0.8662 -0.3699
vn -0.4017 0.8662 -0.2972
vn -0.3857 0.8773 -0.2854
vn -0.3496 0.8542 -0.3849
vn -0.3669 0.8379 -0.4040
vn -0.4387 0.8380 -0.3246
vn -0.4179 0.8542 -0.3093
vn -0.3876 0.8171 -0.4268
vn -0.4113 0.7910 -0.4528
vn -0.4917 0.7911 -0.3639
vn -0.4634 0.8171 -0.3429
vn -0.4373 0.7596 -0.4814
vn -0.4645 0.7230 -0.5114
vn -0.5553 0.7230 -0.4109
vn -0.5228 0.7596 -0.3868
vn -0.4920 0.6816 -0.5416
vn -0.5185 0.6367 -0.5708
vn -0.6199 0.6367 -0.4586
vn -0.5882 0.6816 -0.4352
vn -0.5431 0.5895 -0.5979
vn -0.5653 0.5415 -0.6223
vn -0.6758 0.5416 -0.5000
vn -0.6493 0.5896 -0.4805
vn -0.5849 0.4932 -0.6439
vn -0.6018 0.4459 -0.6626
vn -0.7195 0.4459 -0.5324
vn -0.6993 0.4932 -0.5174
vn -0.6163 0.3999 -0.6785
vn -0.6286 0.3547 -0.6921
vn -0.7516 0.3548 -0.5561
vn -0.7368 0.4000 -0.5452
vn -0.6392 0.3101 -0.7037
vn -0.6484 0.2647 -0.7138
vn -0.7752 0.2648 -0.5736
vn -0.7642 0.3101 -0.5655
vn -0.6561 0.2184 -0.7224
vn -0.6625 0.1706 -0.7294
vn -0.7921 0.1707 -0.5861
vn -0.7844 0.2184 -0.5805
vn -0.6674 0.1215 -0.7347
vn -0.6707 0.0710 -0.7383
vn -0.8018 0.0710 -0.5933
vn -0.7979 0.1215 -0.5904
vn -0.6722 0.0191 -0.7401
vn -0.6720 -0.0337 -0.7398
vn -0.8034 -0.0337 -0.5945
vn -0.8037 0.0192 -0.5947
vn -0.6698 -0.0874 -0.7374
vn -0.6656 -0.1416 -0.7328
vn -0.7957 -0.1416 -0.5888
vn -0.8008 -0.0875 -0.5925
vn -0.6602 -0.1896 -0.7268
vn -0.6549 -0.2264 -0.7210
vn -0.7830 -0.2265 -0.5794
vn -0.7893 -0.1897 -0.5840
vn -0.6507 -0.2520 -0.7163
vn -0.6482 -0.2655 -0.7136
vn -0.7750 -0.2656 -0.5735
vn -0.7779 -0.2520 -0.5756
vn -0.6469 -0.2725 -0.7122
vn -0.6459 -0.2776 -0.7111
vn -0.7723 -0.2776 -0.5714
vn -0.7734 -0.2725 -0.5723
vn -0.6453 -0.2810 -0.7104
vn -0.6450 -0.2824 -0.7101
vn -0.7711 -0.2824 -0.5706
vn -0.7715 -0.2810 -0.5709
vn -0.6451 -0.2817 -0.7102
vn -0.6458 -0.2786 -0.7109
vn -0.7720 -0.2786 -0.5713
vn -0.7713 -0.2818 -0.5707
vn -0.6470 -0.2723 -0.7122
vn -0.6489 -0.2618 -0.7144
vn -0.7758 -0.2619 -0.5741
vn -0.7735 -0.2723 -0.5723
vn -0.6519 -0.2451 -0.7176
vn -0.6561 -0.2184 -0.7223
vn -0.7844 -0.2185 -0.5805
vn -0.7793 -0.2452 -0.5767
vn -0.6626 -0.1697 -0.7295
vn -0.6667 -0.1299 -0.7340
vn -0.7970 -0.1300 -0.5898
vn -0.7922 -0.1697 -0.5862
vn -0.6681 -0.1127 -0.7355
vn -0.6701 -0.0813 -0.7378
vn -0.8012 -0.0813 -0.5928
vn -0.7987 -0.1127 -0.5910
vn -0.6714 -0.0542 -0.7391
vn -0.6692 -0.0962 -0.7368
vn -0.8001 -0.0962 -0.5921
vn -0.8027 -0.0542 -0.5939
vn -0.6653 -0.1444 -0.7325
vn -0.7954 -0.1444 -0.5886
vn -0.0125 0.9998 -0.0138
vn -0.0117 0.9998 -0.0129
vn -0.0133 0.9998 -0.0146
vn -0.0159 0.9998 -0.0117
vn -0.0150 0.9998 -0.0111
vn -0.0140 0.9998 -0.0103
vn -0.7531 -0.5537 -0.3552
vn -0.7653 -0.5328 -0.3610
vn -0.8081 -0.5535 -0.2015
vn -0.8211 -0.5328 -0.2048
vn -0.7298 -0.5907 -0.3441
vn -0.7096 -0.6200 -0.3347
vn -0.7613 -0.6200 -0.1898
vn -0.7828 -0.5908 -0.1952
vn -0.6924 -0.6435 -0.3265
vn -0.6804 -0.6589 -0.3208
vn -0.7298 -0.6590 -0.1820
vn -0.7426 -0.6436 -0.1852
vn -0.6813 -0.6577 -0.3213
vn -0.7003 -0.6328 -0.3303
vn -0.7516 -0.6325 -0.1874
vn -0.7308 -0.6578 -0.1822
vn -0.7373 -0.5792 -0.3477
vn -0.7821 -0.5022 -0.3689
vn -0.8392 -0.5019 -0.2093
vn -0.7910 -0.5792 -0.1972
vn -0.8218 -0.4177 -0.3876
vn -0.8496 -0.3430 -0.4008
vn -0.9114 -0.3432 -0.2272
vn -0.8815 -0.4179 -0.2198
vn -0.8666 -0.2861 -0.4088
vn -0.8766 -0.2463 -0.4134
vn -0.9404 -0.2465 -0.2344
vn -0.9298 -0.2859 -0.2318
vn -0.8838 -0.2126 -0.4168
vn -0.8905 -0.1753 -0.4200
vn -0.9553 -0.1753 -0.2382
vn -0.9481 -0.2126 -0.2364
vn -0.8960 -0.1365 -0.4225
vn -0.9002 -0.0965 -0.4246
vn -0.9658 -0.0965 -0.2408
vn -0.9612 -0.1367 -0.2396
vn -0.9028 -0.0599 -0.4258
vn -0.9040 -0.0298 -0.4264
vn -0.9699 -0.0298 -0.2418
vn -0.9686 -0.0598 -0.2415
vn -0.9044 -0.0037 -0.4266
vn -0.9043 0.0203 -0.4265
vn -0.9701 0.0203 -0.2418
vn -0.9703 -0.0037 -0.2419
vn -0.9036 0.0438 -0.4262
vn -0.9024 0.0681 -0.4256
vn -0.9680 0.0681 -0.2414
vn -0.9694 0.0439 -0.2417
vn -0.9005 0.0947 -0.4245
vn -0.8971 0.1270 -0.4231
vn -0.9624 0.1270 -0.2400
vn -0.9659 0.0952 -0.2408
vn -0.8917 0.1672 -0.4206
vn -0.8815 0.2240 -0.4158
vn -0.9456 0.2241 -0.2358
vn -0.9566 0.1673 -0.2385
vn -0.8638 0.2964 -0.4074
vn -0.8380 0.3762 -0.3953
vn -0.8990 0.3762 -0.2242
vn -0.9267 0.2965 -0.2311
vn -0.8072 0.4511 -0.3807
vn -0.7809 0.5046 -0.3682
vn -0.8374 0.5051 -0.2087
vn -0.8659 0.4511 -0.2160
vn -0.7563 0.5485 -0.3566
vn -0.7240 0.5993 -0.3415
vn -0.7769 0.5991 -0.1937
vn -0.8110 0.5489 -0.2022
vn -0.6857 0.6521 -0.3234
vn -0.6420 0.7043 -0.3029
vn -0.6887 0.7044 -0.1717
vn -0.7356 0.6521 -0.1834
vn -0.5955 0.7526 -0.2809
vn -0.5477 0.7958 -0.2583
vn -0.5877 0.7957 -0.1465
vn -0.6387 0.7528 -0.1593
vn -0.5009 0.8326 -0.2363
vn -0.4563 0.8634 -0.2151
vn -0.4897 0.8633 -0.1221
vn -0.5373 0.8327 -0.1340
vn -0.4148 0.8886 -0.1956
vn -0.3768 0.9091 -0.1777
vn -0.4042 0.9091 -0.1008
vn -0.4452 0.8886 -0.1109
vn -0.3368 0.9281 -0.1589
vn -0.2912 0.9467 -0.1373
vn -0.3126 0.9467 -0.0779
vn -0.3613 0.9281 -0.0901
vn -0.2491 0.9613 -0.1175
vn -0.2149 0.9714 -0.1014
vn -0.2305 0.9714 -0.0575
vn -0.2672 0.9613 -0.0666
vn -0.1923 0.9771 -0.0907
vn -0.1823 0.9795 -0.0860
vn -0.1956 0.9795 -0.0488
vn -0.2062 0.9771 -0.0514
vn -0.1820 0.9795 -0.0859
vn -0.1893 0.9779 -0.0893
vn -0.2030 0.9779 -0.0506
vn -0.1953 0.9795 -0.0487
vn -0.2031 0.9744 -0.0958
vn -0.2224 0.9693 -0.1049
vn -0.2385 0.9693 -0.0595
vn -0.2179 0.9745 -0.0543
vn -0.2468 0.9620 -0.1164
vn -0.2758 0.9524 -0.1301
vn -0.2959 0.9524 -0.0738
vn -0.2647 0.9621 -0.0660
vn -0.3092 0.9398 -0.1458
vn -0.3467 0.9236 -0.1635
vn -0.3718 0.9237 -0.0927
vn -0.3316 0.9398 -0.0827
vn -0.3818 0.9065 -0.1801
vn -0.4108 0.8909 -0.1937
vn -0.4406 0.8909 -0.1099
vn -0.4096 0.9065 -0.1021
vn -0.4341 0.8773 -0.2047
vn -0.4520 0.8662 -0.2132
vn -0.4848 0.8662 -0.1209
vn -0.4656 0.8774 -0.1161
vn -0.4703 0.8542 -0.2218
vn -0.4936 0.8379 -0.2328
vn -0.5295 0.8380 -0.1320
vn -0.5045 0.8542 -0.1258
vn -0.5214 0.8171 -0.2459
vn -0.5533 0.7910 -0.2610
vn -0.5936 0.7911 -0.1480
vn -0.5593 0.8171 -0.1395
vn -0.5882 0.7596 -0.2774
vn -0.6248 0.7230 -0.2947
vn -0.6703 0.7230 -0.1671
vn -0.6310 0.7597 -0.1573
vn -0.6618 0.6816 -0.3121
vn -0.6974 0.6367 -0.3289
vn -0.7481 0.6368 -0.1865
vn -0.7100 0.6816 -0.1770
vn -0.7306 0.5895 -0.3446
vn -0.7604 0.5415 -0.3586
vn -0.8157 0.5416 -0.2034
vn -0.7837 0.5896 -0.1954
vn -0.7868 0.4932 -0.3711
vn -0.8096 0.4459 -0.3818
vn -0.8685 0.4459 -0.2165
vn -0.8440 0.4933 -0.2104
vn -0.8290 0.3999 -0.3910
vn -0.8456 0.3547 -0.3988
vn -0.9072 0.3548 -0.2262
vn -0.8893 0.4000 -0.2217
vn -0.8599 0.3100 -0.4056
vn -0.8722 0.2647 -0.4114
vn -0.9357 0.2648 -0.2333
vn -0.9225 0.3101 -0.2300
vn -0.8826 0.2184 -0.4163
vn -0.8912 0.1706 -0.4203
vn -0.9561 0.1706 -0.2384
vn -0.9469 0.2184 -0.2361
vn -0.8978 0.1215 -0.4234
vn -0.9022 0.0710 -0.4255
vn -0.9678 0.0710 -0.2413
vn -0.9631 0.1215 -0.2401
vn -0.9043 0.0192 -0.4265
vn -0.9039 -0.0337 -0.4263
vn -0.9697 -0.0337 -0.2418
vn -0.9701 0.0192 -0.2419
vn -0.9010 -0.0874 -0.4249
vn -0.8953 -0.1416 -0.4223
vn -0.9605 -0.1416 -0.2395
vn -0.9666 -0.0875 -0.2410
vn -0.8880 -0.1896 -0.4188
vn -0.8810 -0.2264 -0.4155
vn -0.9451 -0.2265 -0.2356
vn -0.9527 -0.1896 -0.2375
vn -0.8753 -0.2520 -0.4128
vn -0.8720 -0.2655 -0.4113
vn -0.9354 -0.2656 -0.2332
vn -0.9390 -0.2520 -0.2341
vn -0.8702 -0.2725 -0.4104
vn -0.8689 -0.2776 -0.4098
vn -0.9321 -0.2776 -0.2324
vn -0.9336 -0.2725 -0.2328
vn -0.8680 -0.2809 -0.4094
vn -0.8676 -0.2824 -0.4092
vn -0.9308 -0.2824 -0.2321
vn -0.9312 -0.2810 -0.2322
vn -0.8678 -0.2817 -0.4093
vn -0.8686 -0.2786 -0.4097
vn -0.9319 -0.2787 -0.2323
vn -0.9310 -0.2818 -0.2321
vn -0.8703 -0.2723 -0.4104
vn -0.8729 -0.2618 -0.4117
vn -0.9364 -0.2618 -0.2335
vn -0.9336 -0.2724 -0.2328
vn -0.8769 -0.2451 -0.4136
vn -0.8826 -0.2184 -0.4163
vn -0.9469 -0.2185 -0.2361
vn -0.9407 -0.2451 -0.2345
vn -0.8913 -0.1697 -0.4204
vn -0.8968 -0.1299 -0.4229
vn -0.9621 -0.1300 -0.2399
vn -0.9562 -0.1698 -0.2384
vn -0.8987 -0.1127 -0.4238
vn -0.9015 -0.0813 -0.4251
vn -0.9671 -0.0813 -0.2411
vn -0.9641 -0.1127 -0.2404
vn -0.9031 -0.0541 -0.4259
vn -0.9003 -0.0962 -0.4246
vn -0.9658 -0.0962 -0.2408
vn -0.9689 -0.0542 -0.2416
vn -0.8950 -0.1444 -0.4221
vn -0.9601 -0.1445 -0.2394
vn -0.0168 0.9998 -0.0079
vn -0.0157 0.9998 -0.0074
vn -0.0178 0.9998 -0.0084
vn -0.0191 0.9998 -0.0048
vn -0.0181 0.9998 -0.0045
vn -0.0168 0.9998 -0.0042
vn -0.8319 -0.5535 -0.0399
vn -0.8452 -0.5328 -0.0406
vn -0.8236 -0.5537 0.1231
vn -0.8370 -0.5326 0.1251
vn -0.8059 -0.5908 -0.0387
vn -0.7840 -0.6196 -0.0377
vn -0.7761 -0.6199 0.1160
vn -0.7978 -0.5911 0.1191
vn -0.7648 -0.6432 -0.0367
vn -0.7516 -0.6586 -0.0361
vn -0.7439 -0.6589 0.1112
vn -0.7568 -0.6437 0.1131
vn -0.7525 -0.6576 -0.0361
vn -0.7738 -0.6324 -0.0371
vn -0.7658 -0.6328 0.1144
vn -0.7448 -0.6579 0.1113
vn -0.8144 -0.5790 -0.0391
vn -0.8639 -0.5019 -0.0415
vn -0.8552 -0.5022 0.1278
vn -0.8063 -0.5792 0.1204
vn -0.9075 -0.4179 -0.0436
vn -0.9383 -0.3429 -0.0451
vn -0.9291 -0.3428 0.1389
vn -0.8986 -0.4178 0.1343
vn -0.9571 -0.2859 -0.0460
vn -0.9680 -0.2466 -0.0465
vn -0.9585 -0.2466 0.1432
vn -0.9478 -0.2857 0.1415
vn -0.9760 -0.2126 -0.0469
vn -0.9834 -0.1751 -0.0471
vn -0.9737 -0.1751 0.1455
vn -0.9664 -0.2127 0.1444
vn -0.9895 -0.1363 -0.0475
vn -0.9942 -0.0965 -0.0478
vn -0.9844 -0.0966 0.1470
vn -0.9798 -0.1364 0.1464
vn -0.9971 -0.0598 -0.0479
vn -0.9984 -0.0299 -0.0479
vn -0.9886 -0.0299 0.1477
vn -0.9873 -0.0599 0.1475
vn -0.9988 -0.0037 -0.0480
vn -0.9986 0.0204 -0.0479
vn -0.9888 0.0203 0.1477
vn -0.9890 -0.0038 0.1477
vn -0.9979 0.0440 -0.0480
vn -0.9965 0.0681 -0.0479
vn -0.9867 0.0682 0.1474
vn -0.9881 0.0440 0.1477
vn -0.9943 0.0948 -0.0478
vn -0.9908 0.1269 -0.0476
vn -0.9810 0.1268 0.1466
vn -0.9845 0.0950 0.1471
vn -0.9848 0.1674 -0.0473
vn -0.9734 0.2242 -0.0468
vn -0.9638 0.2244 0.1441
vn -0.9751 0.1671 0.1455
vn -0.9540 0.2963 -0.0458
vn -0.9255 0.3760 -0.0445
vn -0.9165 0.3760 0.1369
vn -0.9446 0.2964 0.1411
vn -0.8914 0.4511 -0.0428
vn -0.8622 0.5049 -0.0415
vn -0.8538 0.5047 0.1276
vn -0.8826 0.4512 0.1318
vn -0.8351 0.5487 -0.0401
vn -0.7998 0.5990 -0.0384
vn -0.7919 0.5991 0.1183
vn -0.8268 0.5487 0.1235
vn -0.7573 0.6520 -0.0364
vn -0.7092 0.7041 -0.0341
vn -0.7023 0.7041 0.1050
vn -0.7498 0.6522 0.1120
vn -0.6576 0.7527 -0.0316
vn -0.6049 0.7958 -0.0291
vn -0.5990 0.7958 0.0895
vn -0.6510 0.7528 0.0973
vn -0.5532 0.8326 -0.0266
vn -0.5041 0.8633 -0.0242
vn -0.4988 0.8635 0.0746
vn -0.5477 0.8327 0.0818
vn -0.4584 0.8885 -0.0220
vn -0.4161 0.9091 -0.0200
vn -0.4119 0.9091 0.0616
vn -0.4538 0.8885 0.0679
vn -0.3720 0.9281 -0.0179
vn -0.3216 0.9468 -0.0154
vn -0.3184 0.9468 0.0476
vn -0.3682 0.9281 0.0550
vn -0.2752 0.9613 -0.0132
vn -0.2374 0.9714 -0.0114
vn -0.2350 0.9714 0.0351
vn -0.2724 0.9613 0.0407
vn -0.2120 0.9772 -0.0102
vn -0.2014 0.9795 -0.0097
vn -0.1994 0.9795 0.0298
vn -0.2099 0.9772 0.0314
vn -0.2010 0.9795 -0.0097
vn -0.2090 0.9779 -0.0100
vn -0.2070 0.9779 0.0309
vn -0.1990 0.9795 0.0297
vn -0.2243 0.9745 -0.0108
vn -0.2456 0.9693 -0.0118
vn -0.2431 0.9693 0.0363
vn -0.2221 0.9745 0.0332
vn -0.2726 0.9620 -0.0131
vn -0.3046 0.9524 -0.0146
vn -0.3016 0.9524 0.0451
vn -0.2699 0.9621 0.0403
vn -0.3414 0.9398 -0.0164
vn -0.3828 0.9236 -0.0184
vn -0.3790 0.9236 0.0566
vn -0.3380 0.9398 0.0505
vn -0.4217 0.9065 -0.0203
vn -0.4536 0.8909 -0.0218
vn -0.4491 0.8910 0.0671
vn -0.4175 0.9065 0.0624
vn -0.4793 0.8773 -0.0230
vn -0.4992 0.8662 -0.0240
vn -0.4942 0.8662 0.0739
vn -0.4746 0.8774 0.0709
vn -0.5194 0.8542 -0.0249
vn -0.5451 0.8380 -0.0262
vn -0.5397 0.8380 0.0807
vn -0.5142 0.8542 0.0768
vn -0.5759 0.8171 -0.0277
vn -0.6111 0.7910 -0.0293
vn -0.6050 0.7911 0.0904
vn -0.5701 0.8171 0.0852
vn -0.6496 0.7596 -0.0312
vn -0.6901 0.7230 -0.0332
vn -0.6832 0.7230 0.1021
vn -0.6431 0.7597 0.0961
vn -0.7309 0.6816 -0.0351
vn -0.7702 0.6367 -0.0370
vn -0.7626 0.6367 0.1140
vn -0.7237 0.6816 0.1081
vn -0.8068 0.5895 -0.0387
vn -0.8397 0.5416 -0.0403
vn -0.8314 0.5416 0.1243
vn -0.7989 0.5896 0.1194
vn -0.8689 0.4932 -0.0417
vn -0.8941 0.4459 -0.0429
vn -0.8852 0.4459 0.1323
vn -0.8603 0.4933 0.1286
vn -0.9155 0.3999 -0.0440
vn -0.9339 0.3547 -0.0449
vn -0.9247 0.3547 0.1382
vn -0.9065 0.3999 0.1355
vn -0.9496 0.3101 -0.0456
vn -0.9632 0.2647 -0.0463
vn -0.9537 0.2648 0.1425
vn -0.9403 0.3101 0.1405
vn -0.9747 0.2183 -0.0468
vn -0.9842 0.1706 -0.0473
vn -0.9745 0.1706 0.1456
vn -0.9651 0.2184 0.1443
vn -0.9914 0.1215 -0.0476
vn -0.9963 0.0710 -0.0479
vn -0.9865 0.0710 0.1474
vn -0.9817 0.1215 0.1467
vn -0.9987 0.0192 -0.0480
vn -0.9983 -0.0338 -0.0479
vn -0.9885 -0.0338 0.1477
vn -0.9888 0.0192 0.1478
vn -0.9950 -0.0875 -0.0478
vn -0.9888 -0.1416 -0.0475
vn -0.9790 -0.1416 0.1463
vn -0.9852 -0.0875 0.1472
vn -0.9807 -0.1896 -0.0471
vn -0.9729 -0.2264 -0.0467
vn -0.9633 -0.2265 0.1440
vn -0.9711 -0.1897 0.1451
vn -0.9666 -0.2520 -0.0464
vn -0.9630 -0.2655 -0.0463
vn -0.9535 -0.2656 0.1425
vn -0.9571 -0.2520 0.1430
vn -0.9611 -0.2725 -0.0462
vn -0.9596 -0.2776 -0.0461
vn -0.9501 -0.2777 0.1420
vn -0.9516 -0.2725 0.1422
vn -0.9586 -0.2809 -0.0460
vn -0.9582 -0.2824 -0.0460
vn -0.9488 -0.2824 0.1418
vn -0.9492 -0.2810 0.1419
vn -0.9584 -0.2818 -0.0460
vn -0.9593 -0.2786 -0.0461
vn -0.9498 -0.2786 0.1420
vn -0.9489 -0.2818 0.1418
vn -0.9611 -0.2723 -0.0462
vn -0.9640 -0.2618 -0.0463
vn -0.9545 -0.2619 0.1426
vn -0.9516 -0.2723 0.1422
vn -0.9684 -0.2451 -0.0465
vn -0.9747 -0.2184 -0.0468
vn -0.9651 -0.2185 0.1442
vn -0.9588 -0.2452 0.1433
vn -0.9844 -0.1697 -0.0473
vn -0.9904 -0.1299 -0.0476
vn -0.9806 -0.1300 0.1466
vn -0.9747 -0.1697 0.1457
vn -0.9925 -0.1127 -0.0477
vn -0.9955 -0.0813 -0.0478
vn -0.9857 -0.0813 0.1473
vn -0.9827 -0.1127 0.1469
vn -0.9974 -0.0542 -0.0479
vn -0.9942 -0.0962 -0.0478
vn -0.9844 -0.0962 0.1471
vn -0.9876 -0.0542 0.1476
vn -0.9884 -0.1444 -0.0475
vn -0.9786 -0.1445 0.1463
vn -0.0186 0.9998 -0.0009
vn -0.0173 0.9998 -0.0008
vn -0.0197 0.9998 -0.0009
vn -0.0195 0.9998 0.0029
vn -0.0184 0.9998 0.0027
vn -0.0172 0.9998 0.0026
vn -0.7839 -0.5534 0.2815
vn -0.7966 -0.5325 0.2860
vn -0.7139 -0.5536 0.4289
vn -0.7254 -0.5327 0.4359
vn -0.7595 -0.5906 0.2727
vn -0.7386 -0.6198 0.2652
vn -0.6726 -0.6198 0.4042
vn -0.6916 -0.5907 0.4156
vn -0.7203 -0.6437 0.2586
vn -0.7082 -0.6587 0.2543
vn -0.6448 -0.6588 0.3875
vn -0.6561 -0.6436 0.3942
vn -0.7090 -0.6576 0.2546
vn -0.7288 -0.6327 0.2617
vn -0.6639 -0.6326 0.3988
vn -0.6457 -0.6578 0.3879
vn -0.7672 -0.5792 0.2754
vn -0.8139 -0.5021 0.2922
vn -0.7412 -0.5023 0.4454
vn -0.6986 -0.5794 0.4198
vn -0.8551 -0.4178 0.3070
vn -0.8842 -0.3428 0.3174
vn -0.8052 -0.3430 0.4838
vn -0.7788 -0.4177 0.4679
vn -0.9019 -0.2860 0.3238
vn -0.9122 -0.2465 0.3274
vn -0.8307 -0.2465 0.4991
vn -0.8213 -0.2860 0.4935
vn -0.9197 -0.2127 0.3302
vn -0.9266 -0.1751 0.3327
vn -0.8439 -0.1750 0.5071
vn -0.8376 -0.2128 0.5032
vn -0.9324 -0.1363 0.3347
vn -0.9368 -0.0966 0.3364
vn -0.8531 -0.0967 0.5126
vn -0.8491 -0.1364 0.5102
vn -0.9395 -0.0598 0.3373
vn -0.9408 -0.0298 0.3378
vn -0.8568 -0.0298 0.5148
vn -0.8556 -0.0598 0.5141
vn -0.9412 -0.0038 0.3379
vn -0.9410 0.0204 0.3378
vn -0.8570 0.0205 0.5150
vn -0.8572 -0.0037 0.5150
vn -0.9403 0.0436 0.3376
vn -0.9390 0.0681 0.3371
vn -0.8552 0.0681 0.5139
vn -0.8563 0.0439 0.5145
vn -0.9369 0.0952 0.3365
vn -0.9336 0.1267 0.3352
vn -0.8503 0.1268 0.5108
vn -0.8533 0.0950 0.5127
vn -0.9279 0.1676 0.3331
vn -0.9172 0.2244 0.3293
vn -0.8354 0.2240 0.5019
vn -0.8451 0.1675 0.5078
vn -0.8989 0.2965 0.3227
vn -0.8720 0.3763 0.3131
vn -0.7942 0.3763 0.4772
vn -0.8186 0.2967 0.4919
vn -0.8400 0.4509 0.3016
vn -0.8125 0.5047 0.2917
vn -0.7399 0.5049 0.4446
vn -0.7650 0.4511 0.4597
vn -0.7869 0.5487 0.2825
vn -0.7537 0.5989 0.2707
vn -0.6862 0.5992 0.4124
vn -0.7165 0.5489 0.4305
vn -0.7136 0.6521 0.2562
vn -0.6683 0.7041 0.2400
vn -0.6085 0.7043 0.3657
vn -0.6497 0.6523 0.3903
vn -0.6197 0.7527 0.2225
vn -0.5701 0.7956 0.2047
vn -0.5191 0.7957 0.3119
vn -0.5643 0.7528 0.3390
vn -0.5213 0.8326 0.1871
vn -0.4750 0.8633 0.1706
vn -0.4325 0.8634 0.2598
vn -0.4746 0.8327 0.2852
vn -0.4317 0.8886 0.1550
vn -0.3921 0.9091 0.1408
vn -0.3571 0.9091 0.2146
vn -0.3931 0.8887 0.2362
vn -0.3505 0.9281 0.1259
vn -0.3030 0.9467 0.1088
vn -0.2759 0.9468 0.1658
vn -0.3192 0.9281 0.1918
vn -0.2593 0.9613 0.0931
vn -0.2236 0.9714 0.0803
vn -0.2036 0.9714 0.1224
vn -0.2361 0.9613 0.1419
vn -0.1998 0.9772 0.0717
vn -0.1898 0.9795 0.0681
vn -0.1728 0.9795 0.1038
vn -0.1821 0.9772 0.1095
vn -0.1894 0.9795 0.0680
vn -0.1970 0.9779 0.0707
vn -0.1794 0.9779 0.1078
vn -0.1722 0.9796 0.1035
vn -0.2114 0.9744 0.0759
vn -0.2314 0.9693 0.0831
vn -0.2107 0.9693 0.1266
vn -0.1925 0.9745 0.1157
vn -0.2568 0.9620 0.0922
vn -0.2870 0.9524 0.1031
vn -0.2614 0.9524 0.1571
vn -0.2339 0.9621 0.1405
vn -0.3217 0.9398 0.1155
vn -0.3607 0.9236 0.1295
vn -0.3285 0.9236 0.1974
vn -0.2930 0.9398 0.1760
vn -0.3973 0.9065 0.1427
vn -0.4274 0.8909 0.1535
vn -0.3892 0.8910 0.2339
vn -0.3618 0.9065 0.2174
vn -0.4517 0.8773 0.1622
vn -0.4704 0.8662 0.1689
vn -0.4283 0.8662 0.2574
vn -0.4113 0.8774 0.2471
vn -0.4894 0.8542 0.1757
vn -0.5136 0.8380 0.1844
vn -0.4677 0.8380 0.2811
vn -0.4457 0.8542 0.2678
vn -0.5426 0.8171 0.1948
vn -0.5758 0.7910 0.2067
vn -0.5243 0.7911 0.3151
vn -0.4941 0.8171 0.2969
vn -0.6121 0.7596 0.2198
vn -0.6502 0.7230 0.2335
vn -0.5921 0.7230 0.3558
vn -0.5574 0.7597 0.3349
vn -0.6887 0.6816 0.2473
vn -0.7258 0.6367 0.2606
vn -0.6609 0.6367 0.3971
vn -0.6272 0.6816 0.3769
vn -0.7602 0.5895 0.2729
vn -0.7912 0.5416 0.2841
vn -0.7206 0.5416 0.4330
vn -0.6923 0.5896 0.4160
vn -0.8187 0.4932 0.2940
vn -0.8424 0.4459 0.3025
vn -0.7672 0.4459 0.4610
vn -0.7456 0.4932 0.4480
vn -0.8626 0.3999 0.3097
vn -0.8800 0.3547 0.3159
vn -0.8014 0.3548 0.4816
vn -0.7856 0.3999 0.4721
vn -0.8948 0.3100 0.3213
vn -0.9076 0.2648 0.3259
vn -0.8266 0.2648 0.4967
vn -0.8149 0.3101 0.4896
vn -0.9185 0.2184 0.3297
vn -0.9274 0.1706 0.3330
vn -0.8446 0.1706 0.5075
vn -0.8365 0.2184 0.5026
vn -0.9342 0.1215 0.3354
vn -0.9388 0.0710 0.3371
vn -0.8550 0.0710 0.5137
vn -0.8508 0.1215 0.5112
vn -0.9410 0.0192 0.3379
vn -0.9406 -0.0338 0.3377
vn -0.8567 -0.0338 0.5147
vn -0.8570 0.0192 0.5150
vn -0.9376 -0.0874 0.3366
vn -0.9317 -0.1416 0.3345
vn -0.8485 -0.1416 0.5098
vn -0.8539 -0.0875 0.5131
vn -0.9241 -0.1896 0.3318
vn -0.9167 -0.2264 0.3291
vn -0.8349 -0.2265 0.5017
vn -0.8416 -0.1896 0.5057
vn -0.9108 -0.2520 0.3270
vn -0.9074 -0.2655 0.3258
vn -0.8264 -0.2656 0.4965
vn -0.8295 -0.2520 0.4984
vn -0.9056 -0.2725 0.3251
vn -0.9042 -0.2776 0.3246
vn -0.8235 -0.2776 0.4948
vn -0.8247 -0.2725 0.4955
vn -0.9033 -0.2809 0.3243
vn -0.9029 -0.2824 0.3242
vn -0.8223 -0.2824 0.4941
vn -0.8226 -0.2810 0.4943
vn -0.9030 -0.2818 0.3242
vn -0.9039 -0.2786 0.3245
vn -0.8232 -0.2786 0.4946
vn -0.8224 -0.2818 0.4942
vn -0.9056 -0.2723 0.3252
vn -0.9083 -0.2618 0.3261
vn -0.8273 -0.2618 0.4971
vn -0.8248 -0.2723 0.4956
vn -0.9125 -0.2451 0.3276
vn -0.9184 -0.2185 0.3298
vn -0.8365 -0.2185 0.5026
vn -0.8310 -0.2452 0.4993
vn -0.9275 -0.1697 0.3330
vn -0.9332 -0.1299 0.3350
vn -0.8499 -0.1300 0.5107
vn -0.8447 -0.1697 0.5076
vn -0.9352 -0.1127 0.3358
vn -0.9381 -0.0813 0.3368
vn -0.8543 -0.0813 0.5133
vn -0.8517 -0.1127 0.5118
vn -0.9398 -0.0542 0.3374
vn -0.9368 -0.0962 0.3363
vn -0.8532 -0.0962 0.5126
vn -0.8559 -0.0542 0.5143
vn -0.9313 -0.1444 0.3344
vn -0.8482 -0.1444 0.5096
vn -0.0175 0.9998 0.0063
vn -0.0163 0.9998 0.0059
vn -0.0189 0.9998 0.0067
vn -0.0169 0.9998 0.0102
vn -0.0160 0.9998 0.0096
vn -0.0149 0.9998 0.0089
vn -0.6165 -0.5536 0.5599
vn -0.6265 -0.5326 0.5691
vn -0.4954 -0.5536 0.6694
vn -0.5033 -0.5329 0.6802
vn -0.5973 -0.5907 0.5426
vn -0.5809 -0.6198 0.5276
vn -0.4668 -0.6198 0.6308
vn -0.4799 -0.5911 0.6483
vn -0.5666 -0.6435 0.5147
vn -0.5570 -0.6587 0.5059
vn -0.4476 -0.6587 0.6048
vn -0.4553 -0.6435 0.6153
vn -0.5576 -0.6577 0.5065
vn -0.5731 -0.6329 0.5206
vn -0.4606 -0.6327 0.6225
vn -0.4481 -0.6575 0.6057
vn -0.6034 -0.5792 0.5482
vn -0.6402 -0.5021 0.5814
vn -0.5144 -0.5024 0.6950
vn -0.4848 -0.5792 0.6553
vn -0.6723 -0.4182 0.6108
vn -0.6953 -0.3430 0.6316
vn -0.5588 -0.3429 0.7551
vn -0.5404 -0.4180 0.7303
vn -0.7093 -0.2860 0.6443
vn -0.7173 -0.2466 0.6516
vn -0.5765 -0.2466 0.7790
vn -0.5699 -0.2858 0.7704
vn -0.7233 -0.2125 0.6570
vn -0.7288 -0.1749 0.6620
vn -0.5857 -0.1750 0.7914
vn -0.5812 -0.2128 0.7855
vn -0.7333 -0.1365 0.6661
vn -0.7367 -0.0967 0.6693
vn -0.5920 -0.0964 0.8002
vn -0.5892 -0.1365 0.7963
vn -0.7389 -0.0598 0.6712
vn -0.7399 -0.0297 0.6721
vn -0.5945 -0.0297 0.8035
vn -0.5937 -0.0600 0.8024
vn -0.7402 -0.0037 0.6724
vn -0.7400 0.0204 0.6723
vn -0.5947 0.0202 0.8037
vn -0.5948 -0.0037 0.8039
vn -0.7394 0.0439 0.6718
vn -0.7385 0.0682 0.6709
vn -0.5934 0.0682 0.8020
vn -0.5942 0.0439 0.8031
vn -0.7369 0.0951 0.6693
vn -0.7342 0.1269 0.6669
vn -0.5900 0.1269 0.7974
vn -0.5921 0.0951 0.8003
vn -0.7298 0.1672 0.6629
vn -0.7214 0.2240 0.6553
vn -0.5797 0.2241 0.7834
vn -0.5864 0.1673 0.7925
vn -0.7069 0.2966 0.6421
vn -0.6858 0.3761 0.6231
vn -0.5512 0.3760 0.7449
vn -0.5680 0.2967 0.7677
vn -0.6606 0.4511 0.6001
vn -0.6389 0.5048 0.5804
vn -0.5134 0.5048 0.6940
vn -0.5308 0.4510 0.7175
vn -0.6189 0.5485 0.5622
vn -0.5927 0.5992 0.5383
vn -0.4762 0.5992 0.6435
vn -0.4972 0.5489 0.6720
vn -0.5613 0.6520 0.5098
vn -0.5256 0.7041 0.4775
vn -0.4223 0.7044 0.5705
vn -0.4509 0.6522 0.6094
vn -0.4873 0.7527 0.4427
vn -0.4483 0.7957 0.4072
vn -0.3602 0.7959 0.4867
vn -0.3916 0.7527 0.5292
vn -0.4099 0.8327 0.3723
vn -0.3735 0.8633 0.3393
vn -0.3002 0.8633 0.4056
vn -0.3294 0.8327 0.4451
vn -0.3395 0.8886 0.3084
vn -0.3084 0.9090 0.2802
vn -0.2478 0.9091 0.3349
vn -0.2728 0.8886 0.3686
vn -0.2757 0.9281 0.2504
vn -0.2383 0.9468 0.2165
vn -0.1914 0.9468 0.2587
vn -0.2213 0.9282 0.2990
vn -0.2039 0.9613 0.1852
vn -0.1759 0.9713 0.1598
vn -0.1413 0.9714 0.1910
vn -0.1638 0.9613 0.2214
vn -0.1571 0.9772 0.1427
vn -0.1492 0.9795 0.1356
vn -0.1199 0.9795 0.1620
vn -0.1262 0.9772 0.1706
vn -0.1490 0.9795 0.1353
vn -0.1549 0.9779 0.1407
vn -0.1245 0.9779 0.1682
vn -0.1197 0.9795 0.1618
vn -0.1663 0.9744 0.1510
vn -0.1820 0.9693 0.1653
vn -0.1462 0.9693 0.1976
vn -0.1336 0.9745 0.1805
vn -0.2020 0.9620 0.1835
vn -0.2257 0.9524 0.2050
vn -0.1814 0.9524 0.2451
vn -0.1623 0.9621 0.2193
vn -0.2530 0.9398 0.2298
vn -0.2837 0.9236 0.2577
vn -0.2280 0.9237 0.3081
vn -0.2033 0.9398 0.2747
vn -0.3125 0.9065 0.2839
vn -0.3362 0.8909 0.3054
vn -0.2701 0.8909 0.3650
vn -0.2511 0.9065 0.3393
vn -0.3552 0.8773 0.3227
vn -0.3699 0.8662 0.3360
vn -0.2972 0.8662 0.4017
vn -0.2854 0.8774 0.3857
vn -0.3849 0.8542 0.3496
vn -0.4040 0.8379 0.3669
vn -0.3246 0.8380 0.4386
vn -0.3093 0.8542 0.4180
vn -0.4268 0.8171 0.3876
vn -0.4528 0.7911 0.4113
vn -0.3638 0.7911 0.4917
vn -0.3429 0.8171 0.4634
vn -0.4814 0.7596 0.4373
vn -0.5114 0.7230 0.4645
vn -0.4109 0.7230 0.5554
vn -0.3868 0.7596 0.5228
vn -0.5416 0.6816 0.4920
vn -0.5708 0.6367 0.5185
vn -0.4586 0.6368 0.6198
vn -0.4352 0.6816 0.5882
vn -0.5979 0.5895 0.5431
vn -0.6223 0.5415 0.5653
vn -0.5001 0.5415 0.6758
vn -0.4804 0.5896 0.6493
vn -0.6439 0.4932 0.5849
vn -0.6626 0.4459 0.6018
vn -0.5324 0.4460 0.7195
vn -0.5174 0.4932 0.6993
vn -0.6785 0.3999 0.6163
vn -0.6921 0.3547 0.6286
vn -0.5561 0.3547 0.7516
vn -0.5452 0.4000 0.7368
vn -0.7037 0.3101 0.6392
vn -0.7138 0.2648 0.6484
vn -0.5736 0.2648 0.7752
vn -0.5655 0.3101 0.7642
vn -0.7224 0.2184 0.6561
vn -0.7294 0.1707 0.6625
vn -0.5861 0.1707 0.7921
vn -0.5805 0.2184 0.7844
vn -0.7347 0.1215 0.6674
vn -0.7384 0.0709 0.6707
vn -0.5933 0.0710 0.8018
vn -0.5904 0.1215 0.7979
vn -0.7401 0.0192 0.6722
vn -0.7398 -0.0337 0.6720
vn -0.5945 -0.0337 0.8034
vn -0.5947 0.0192 0.8037
vn -0.7374 -0.0875 0.6698
vn -0.7328 -0.1416 0.6656
vn -0.5888 -0.1416 0.7957
vn -0.5925 -0.0875 0.8008
vn -0.7268 -0.1896 0.6602
vn -0.7210 -0.2264 0.6549
vn -0.5794 -0.2265 0.7830
vn -0.5840 -0.1896 0.7893
vn -0.7163 -0.2520 0.6507
vn -0.7136 -0.2655 0.6482
vn -0.5735 -0.2656 0.7750
vn -0.5756 -0.2520 0.7779
vn -0.7122 -0.2725 0.6469
vn -0.7111 -0.2776 0.6459
vn -0.5714 -0.2776 0.7723
vn -0.5723 -0.2725 0.7734
vn -0.7104 -0.2810 0.6453
vn -0.7101 -0.2824 0.6450
vn -0.5706 -0.2825 0.7711
vn -0.5709 -0.2810 0.7715
vn -0.7102 -0.2817 0.6451
vn -0.7109 -0.2786 0.6458
vn -0.5713 -0.2786 0.7720
vn -0.5707 -0.2818 0.7713
vn -0.7123 -0.2723 0.6470
vn -0.7144 -0.2618 0.6489
vn -0.5741 -0.2618 0.7758
vn -0.5723 -0.2723 0.7735
vn -0.7176 -0.2451 0.6519
vn -0.7223 -0.2184 0.6561
vn -0.5805 -0.2185 0.7844
vn -0.5767 -0.2452 0.7793
vn -0.7295 -0.1697 0.6626
vn -0.7339 -0.1299 0.6667
vn -0.5898 -0.1300 0.7970
vn -0.5862 -0.1697 0.7922
vn -0.7355 -0.1127 0.6681
vn -0.7378 -0.0813 0.6701
vn -0.5929 -0.0813 0.8012
vn -0.5910 -0.1127 0.7987
vn -0.7391 -0.0542 0.6714
vn -0.7368 -0.0962 0.6693
vn -0.5921 -0.0962 0.8001
vn -0.5940 -0.0542 0.8027
vn -0.7325 -0.1443 0.6653
vn -0.5886 -0.1444 0.7954
vn -0.0138 0.9998 0.0125
vn -0.0129 0.9998 0.0117
vn -0.0146 0.9998 0.0133
vn -0.0117 0.9998 0.0159
vn -0.0111 0.9998 0.0150
vn -0.0103 0.9998 0.0140
vn -0.3553 -0.5535 0.7533
vn -0.3610 -0.5329 0.7653
vn -0.2015 -0.5536 0.8081
vn -0.2048 -0.5328 0.8211
vn -0.3441 -0.5910 0.7296
vn -0.3348 -0.6197 0.7098
vn -0.1899 -0.6198 0.7614
vn -0.1952 -0.5909 0.7828
vn -0.3266 -0.6435 0.6923
vn -0.3210 -0.6586 0.6806
vn -0.1820 -0.6590 0.7298
vn -0.1852 -0.6436 0.7426
vn -0.3214 -0.6575 0.6814
vn -0.3303 -0.6327 0.7004
vn -0.1874 -0.6326 0.7515
vn -0.1822 -0.6578 0.7308
vn -0.3477 -0.5792 0.7373
vn -0.3689 -0.5022 0.7821
vn -0.2092 -0.5022 0.8391
vn -0.1972 -0.5793 0.7909
vn -0.3876 -0.4178 0.8217
vn -0.4007 -0.3429 0.8496
vn -0.2273 -0.3431 0.9114
vn -0.2198 -0.4179 0.8815
vn -0.4087 -0.2860 0.8667
vn -0.4134 -0.2465 0.8766
vn -0.2344 -0.2466 0.9404
vn -0.2318 -0.2860 0.9298
vn -0.4168 -0.2127 0.8838
vn -0.4200 -0.1750 0.8905
vn -0.2382 -0.1750 0.9553
vn -0.2364 -0.2126 0.9481
vn -0.4226 -0.1363 0.8960
vn -0.4246 -0.0966 0.9002
vn -0.2408 -0.0965 0.9658
vn -0.2397 -0.1363 0.9612
vn -0.4259 -0.0600 0.9028
vn -0.4264 -0.0298 0.9040
vn -0.2419 -0.0300 0.9698
vn -0.2415 -0.0600 0.9685
vn -0.4266 -0.0037 0.9044
vn -0.4265 0.0202 0.9043
vn -0.2419 0.0203 0.9701
vn -0.2419 -0.0037 0.9703
vn -0.4262 0.0438 0.9036
vn -0.4256 0.0683 0.9023
vn -0.2414 0.0683 0.9680
vn -0.2417 0.0438 0.9694
vn -0.4247 0.0951 0.9003
vn -0.4231 0.1269 0.8971
vn -0.2400 0.1269 0.9625
vn -0.2408 0.0952 0.9659
vn -0.4206 0.1672 0.8917
vn -0.4157 0.2241 0.8815
vn -0.2358 0.2241 0.9456
vn -0.2385 0.1673 0.9566
vn -0.4074 0.2966 0.8637
vn -0.3954 0.3759 0.8381
vn -0.2242 0.3765 0.8989
vn -0.2310 0.2966 0.9266
vn -0.3808 0.4509 0.8073
vn -0.3682 0.5049 0.7807
vn -0.2089 0.5048 0.8376
vn -0.2159 0.4511 0.8660
vn -0.3566 0.5484 0.7563
vn -0.3415 0.5992 0.7241
vn -0.1937 0.5990 0.7769
vn -0.2022 0.5489 0.8111
vn -0.3234 0.6521 0.6857
vn -0.3029 0.7044 0.6419
vn -0.1716 0.7044 0.6887
vn -0.1834 0.6521 0.7356
vn -0.2809 0.7527 0.5954
vn -0.2583 0.7958 0.5477
vn -0.1465 0.7958 0.5876
vn -0.1592 0.7528 0.6387
vn -0.2362 0.8327 0.5008
vn -0.2151 0.8634 0.4563
vn -0.1221 0.8633 0.4897
vn -0.1339 0.8328 0.5371
vn -0.1957 0.8886 0.4149
vn -0.1777 0.9091 0.3768
vn -0.1008 0.9091 0.4042
vn -0.1110 0.8886 0.4451
vn -0.1589 0.9281 0.3369
vn -0.1373 0.9468 0.2912
vn -0.0779 0.9468 0.3123
vn -0.0901 0.9281 0.3613
vn -0.1175 0.9613 0.2491
vn -0.1014 0.9714 0.2149
vn -0.0575 0.9714 0.2305
vn -0.0666 0.9613 0.2672
vn -0.0906 0.9772 0.1920
vn -0.0858 0.9795 0.1821
vn -0.0488 0.9795 0.1956
vn -0.0515 0.9771 0.2062
vn -0.0859 0.9795 0.1820
vn -0.0893 0.9779 0.1893
vn -0.0506 0.9779 0.2030
vn -0.0487 0.9795 0.1952
vn -0.0958 0.9745 0.2031
vn -0.1049 0.9693 0.2224
vn -0.0595 0.9693 0.2385
vn -0.0543 0.9745 0.2179
vn -0.1164 0.9620 0.2468
vn -0.1301 0.9524 0.2758
vn -0.0738 0.9524 0.2959
vn -0.0660 0.9621 0.2648
vn -0.1458 0.9398 0.3092
vn -0.1635 0.9236 0.3466
vn -0.0927 0.9237 0.3718
vn -0.0827 0.9398 0.3316
vn -0.1801 0.9065 0.3818
vn -0.1937 0.8909 0.4108
vn -0.1099 0.8909 0.4406
vn -0.1021 0.9065 0.4096
vn -0.2047 0.8773 0.4340
vn -0.2132 0.8662 0.4520
vn -0.1209 0.8662 0.4848
vn -0.1161 0.8774 0.4656
vn -0.2218 0.8542 0.4703
vn -0.2328 0.8380 0.4936
vn -0.1320 0.8380 0.5294
vn -0.1258 0.8542 0.5045
vn -0.2459 0.8171 0.5214
vn -0.2610 0.7910 0.5533
vn -0.1480 0.7911 0.5936
vn -0.1395 0.8171 0.5594
vn -0.2774 0.7596 0.5882
vn -0.2947 0.7229 0.6249
vn -0.1671 0.7230 0.6703
vn -0.1573 0.7597 0.6310
vn -0.3121 0.6816 0.6619
vn -0.3289 0.6367 0.6974
vn -0.1865 0.6368 0.7481
vn -0.1770 0.6816 0.7100
vn -0.3446 0.5895 0.7306
vn -0.3586 0.5415 0.7604
vn -0.2034 0.5416 0.8157
vn -0.1954 0.5896 0.7837
vn -0.3711 0.4932 0.7868
vn -0.3818 0.4459 0.8096
vn -0.2165 0.4459 0.8685
vn -0.2104 0.4933 0.8440
vn -0.3910 0.3999 0.8290
vn -0.3988 0.3547 0.8456
vn -0.2262 0.3548 0.9072
vn -0.2217 0.4000 0.8893
vn -0.4056 0.3100 0.8599
vn -0.4114 0.2648 0.8722
vn -0.2333 0.2648 0.9357
vn -0.2300 0.3101 0.9225
vn -0.4163 0.2184 0.8826
vn -0.4203 0.1706 0.8912
vn -0.2384 0.1706 0.9561
vn -0.2361 0.2184 0.9469
vn -0.4234 0.1215 0.8978
vn -0.4255 0.0710 0.9022
vn -0.2413 0.0710 0.9678
vn -0.2401 0.1215 0.9631
vn -0.4265 0.0192 0.9043
vn -0.4263 -0.0337 0.9039
vn -0.2418 -0.0337 0.9697
vn -0.2419 0.0192 0.9701
vn -0.4249 -0.0874 0.9010
vn -0.4223 -0.1416 0.8953
vn -0.2395 -0.1416 0.9605
vn -0.2410 -0.0875 0.9666
vn -0.4188 -0.1896 0.8880
vn -0.4155 -0.2265 0.8810
vn -0.2356 -0.2265 0.9451
vn -0.2375 -0.1896 0.9527
vn -0.4128 -0.2520 0.8753
vn -0.4113 -0.2655 0.8720
vn -0.2332 -0.2656 0.9355
vn -0.2341 -0.2520 0.9390
vn -0.4104 -0.2725 0.8702
vn -0.4098 -0.2776 0.8689
vn -0.2324 -0.2776 0.9321
vn -0.2328 -0.2725 0.9336
vn -0.4094 -0.2809 0.8680
vn -0.4092 -0.2824 0.8676
vn -0.2321 -0.2824 0.9308
vn -0.2322 -0.2810 0.9312
vn -0.4093 -0.2817 0.8678
vn -0.4097 -0.2786 0.8686
vn -0.2323 -0.2787 0.9319
vn -0.2321 -0.2818 0.9310
vn -0.4104 -0.2723 0.8703
vn -0.4117 -0.2618 0.8729
vn -0.2335 -0.2618 0.9365
vn -0.2328 -0.2723 0.9336
vn -0.4136 -0.2451 0.8769
vn -0.4163 -0.2185 0.8826
vn -0.2361 -0.2185 0.9469
vn -0.2345 -0.2451 0.9407
vn -0.4204 -0.1697 0.8913
vn -0.4230 -0.1299 0.8968
vn -0.2399 -0.1300 0.9621
vn -0.2384 -0.1698 0.9562
vn -0.4238 -0.1127 0.8987
vn -0.4251 -0.0813 0.9015
vn -0.2411 -0.0813 0.9671
vn -0.2404 -0.1127 0.9641
vn -0.4259 -0.0542 0.9031
vn -0.4246 -0.0962 0.9003
vn -0.2408 -0.0962 0.9658
vn -0.2416 -0.0542 0.9689
vn -0.4221 -0.1443 0.8950
vn -0.2394 -0.1444 0.9601
vn -0.0079 0.9998 0.0168
vn -0.0074 0.9998 0.0157
vn -0.0084 0.9998 0.0179
vn -0.0048 0.9998 0.0191
vn -0.0045 0.9998 0.0181
vn -0.0042 0.9998 0.0168
vn -0.0400 -0.5534 0.8319
vn -0.0406 -0.5324 0.8455
vn -0.0387 -0.5908 0.8059
vn -0.0377 -0.6197 0.7839
vn -0.0367 -0.6436 0.7645
vn -0.0362 -0.6588 0.7514
vn -0.0361 -0.6576 0.7525
vn -0.0372 -0.6327 0.7735
vn -0.0390 -0.5790 0.8144
vn -0.0415 -0.5021 0.8638
vn -0.0435 -0.4183 0.9073
vn -0.0450 -0.3428 0.9383
vn -0.0460 -0.2860 0.9571
vn -0.0465 -0.2466 0.9680
vn -0.0469 -0.2128 0.9760
vn -0.0473 -0.1750 0.9834
vn -0.0475 -0.1364 0.9895
vn -0.0477 -0.0965 0.9942
vn -0.0480 -0.0596 0.9971
vn -0.0479 -0.0299 0.9984
vn -0.0480 -0.0036 0.9988
vn -0.0480 0.0204 0.9986
vn -0.0479 0.0437 0.9979
vn -0.0479 0.0681 0.9965
vn -0.0477 0.0951 0.9943
vn -0.0475 0.1269 0.9908
vn -0.0473 0.1674 0.9848
vn -0.0468 0.2242 0.9734
vn -0.0458 0.2963 0.9540
vn -0.0445 0.3759 0.9256
vn -0.0428 0.4511 0.8914
vn -0.0415 0.5049 0.8622
vn -0.0401 0.5487 0.8351
vn -0.0384 0.5993 0.7996
vn -0.0363 0.6520 0.7573
vn -0.0341 0.7040 0.7094
vn -0.0316 0.7527 0.6576
vn -0.0291 0.7957 0.6049
vn -0.0266 0.8327 0.5531
vn -0.0242 0.8633 0.5041
vn -0.0220 0.8886 0.4582
vn -0.0200 0.9091 0.4162
vn -0.0179 0.9281 0.3720
vn -0.0154 0.9468 0.3216
vn -0.0132 0.9613 0.2752
vn -0.0114 0.9714 0.2374
vn -0.0102 0.9772 0.2120
vn -0.0097 0.9795 0.2014
vn -0.0097 0.9795 0.2010
vn -0.0100 0.9779 0.2091
vn -0.0108 0.9745 0.2243
vn -0.0118 0.9693 0.2456
vn -0.0131 0.9620 0.2726
vn -0.0146 0.9524 0.3046
vn -0.0164 0.9398 0.3414
vn -0.0184 0.9236 0.3828
vn -0.0203 0.9065 0.4217
vn -0.0218 0.8909 0.4536
vn -0.0230 0.8773 0.4793
vn -0.0240 0.8662 0.4992
vn -0.0249 0.8542 0.5194
vn -0.0262 0.8380 0.5451
vn -0.0277 0.8171 0.5759
vn -0.0293 0.7910 0.6111
vn -0.0312 0.7596 0.6496
vn -0.0332 0.7230 0.6901
vn -0.0351 0.6816 0.7309
vn -0.0370 0.6367 0.7702
vn -0.0387 0.5895 0.8068
vn -0.0403 0.5415 0.8397
vn -0.0417 0.4932 0.8689
vn -0.0429 0.4459 0.8941
vn -0.0440 0.3999 0.9155
vn -0.0449 0.3547 0.9339
vn -0.0456 0.3101 0.9496
vn -0.0463 0.2648 0.9632
vn -0.0468 0.2184 0.9747
vn -0.0473 0.1706 0.9842
vn -0.0476 0.1215 0.9914
vn -0.0478 0.0710 0.9963
vn -0.0480 0.0192 0.9987
vn -0.0479 -0.0337 0.9983
vn -0.0478 -0.0874 0.9950
vn -0.0475 -0.1416 0.9888
vn -0.0471 -0.1896 0.9807
vn -0.0467 -0.2264 0.9729
vn -0.0464 -0.2520 0.9666
vn -0.0463 -0.2655 0.9630
vn -0.0462 -0.2725 0.9611
vn -0.0461 -0.2776 0.9596
vn -0.0460 -0.2809 0.9586
vn -0.0460 -0.2824 0.9582
vn -0.0460 -0.2818 0.9584
vn -0.0461 -0.2786 0.9593
vn -0.0462 -0.2723 0.9611
vn -0.0463 -0.2618 0.9640
vn -0.0465 -0.2451 0.9684
vn -0.0468 -0.2184 0.9747
vn -0.0473 -0.1697 0.9844
vn -0.0476 -0.1300 0.9904
vn -0.0477 -0.1127 0.9925
vn -0.0478 -0.0813 0.9955
vn -0.0479 -0.0542 0.9974
vn -0.0478 -0.0962 0.9942
vn -0.0475 -0.1444 0.9884
vn -0.0009 0.9998 0.0186
vn -0.0008 0.9998 0.0173
vn -0.0009 0.9998 0.0197
vt 0.617188 0.988277
vt 0.615539 0.986746
vt 0.613298 0.986746
vt 0.614915 0.988277
vt 0.606744 0.986746
vt 0.608268 0.988277
vt 0.613793 0.985296
vt 0.611585 0.985296
vt 0.612113 0.984011
vt 0.609938 0.984011
vt 0.603579 0.984011
vt 0.605131 0.985296
vt 0.610665 0.982977
vt 0.608518 0.982977
vt 0.609420 0.982137
vt 0.607298 0.982137
vt 0.601091 0.982137
vt 0.602241 0.982977
vt 0.608351 0.981432
vt 0.606249 0.981432
vt 0.607428 0.980804
vt 0.605344 0.980804
vt 0.599251 0.980804
vt 0.600103 0.981432
vt 0.606623 0.980196
vt 0.604555 0.980196
vt 0.605909 0.979550
vt 0.603854 0.979550
vt 0.597847 0.979550
vt 0.598507 0.980196
vt 0.605255 0.978808
vt 0.603213 0.978808
vt 0.604635 0.977912
vt 0.602605 0.977912
vt 0.596670 0.977912
vt 0.597243 0.978808
vt 0.604019 0.976804
vt 0.602001 0.976804
vt 0.603379 0.975426
vt 0.601373 0.975426
vt 0.595510 0.975426
vt 0.596101 0.976804
vt 0.602687 0.973721
vt 0.600695 0.973721
vt 0.601989 0.971661
vt 0.600010 0.971661
vt 0.594225 0.971661
vt 0.594871 0.973721
vt 0.601330 0.969216
vt 0.599364 0.969216
vt 0.600772 0.966445
vt 0.598817 0.966445
vt 0.593101 0.966445
vt 0.593617 0.969216
vt 0.600375 0.963402
vt 0.598427 0.963402
vt 0.600133 0.960158
vt 0.598190 0.960158
vt 0.592511 0.960158
vt 0.592734 0.963402
vt 0.600040 0.956781
vt 0.598100 0.956781
vt 0.600091 0.953341
vt 0.598150 0.953341
vt 0.592472 0.953341
vt 0.592425 0.956781
vt 0.600280 0.949906
vt 0.598334 0.949906
vt 0.600600 0.946546
vt 0.598648 0.946546
vt 0.592942 0.946546
vt 0.592646 0.949906
vt 0.601045 0.943329
vt 0.599085 0.943329
vt 0.601610 0.940324
vt 0.599639 0.940324
vt 0.593875 0.940324
vt 0.593354 0.943329
vt 0.602289 0.937602
vt 0.600304 0.937602
vt 0.603075 0.935230
vt 0.601075 0.935230
vt 0.595229 0.935230
vt 0.594502 0.937602
vt 0.603963 0.933278
vt 0.601946 0.933278
vt 0.604944 0.931662
vt 0.602908 0.931662
vt 0.596956 0.931662
vt 0.596049 0.933278
vt 0.606010 0.930298
vt 0.603953 0.930298
vt 0.607187 0.929056
vt 0.605108 0.929056
vt 0.599028 0.929056
vt 0.597940 0.930298
vt 0.608501 0.927806
vt 0.606397 0.927806
vt 0.610000 0.926549
vt 0.607866 0.926549
vt 0.601627 0.926549
vt 0.600242 0.927806
vt 0.611728 0.925284
vt 0.609561 0.925284
vt 0.613733 0.924012
vt 0.611526 0.924012
vt 0.605075 0.924012
vt 0.603223 0.925285
vt 0.616060 0.922732
vt 0.613808 0.922732
vt 0.618755 0.921444
vt 0.616452 0.921444
vt 0.609716 0.921444
vt 0.607225 0.922732
vt 0.621866 0.920149
vt 0.619502 0.920149
vt 0.625439 0.918846
vt 0.623005 0.918846
vt 0.615890 0.918846
vt 0.612590 0.920149
vt 0.629519 0.917535
vt 0.627006 0.917535
vt 0.634152 0.916217
vt 0.631550 0.916217
vt 0.623941 0.916217
vt 0.619660 0.917535
vt 0.639386 0.914891
vt 0.636682 0.914891
vt 0.645386 0.913584
vt 0.642566 0.913584
vt 0.634319 0.913584
vt 0.628776 0.914891
vt 0.652318 0.912321
vt 0.649363 0.912321
vt 0.660249 0.911096
vt 0.657141 0.911096
vt 0.648051 0.911096
vt 0.640723 0.912321
vt 0.669250 0.909901
vt 0.665966 0.909901
vt 0.679219 0.908686
vt 0.675743 0.908686
vt 0.665577 0.908686
vt 0.656366 0.909901
vt 0.690058 0.907399
vt 0.686371 0.907399
vt 0.701667 0.905992
vt 0.697755 0.905992
vt 0.686316 0.905992
vt 0.675591 0.907399
vt 0.713947 0.904414
vt 0.709796 0.904414
vt 0.726797 0.902614
vt 0.722398 0.902614
vt 0.709533 0.902614
vt 0.697661 0.904414
vt 0.740119 0.900542
vt 0.735461 0.900542
vt 0.753812 0.898148
vt 0.748888 0.898148
vt 0.734492 0.898148
vt 0.721841 0.900542
vt 0.767778 0.895381
vt 0.762583 0.895381
vt 0.781915 0.892191
vt 0.776447 0.892191
vt 0.760456 0.892191
vt 0.747394 0.895381
vt 0.796126 0.888528
vt 0.790382 0.888528
vt 0.810181 0.884519
vt 0.804164 0.884519
vt 0.786570 0.884519
vt 0.773585 0.888528
vt 0.823852 0.880292
vt 0.817569 0.880292
vt 0.836996 0.875968
vt 0.830459 0.875968
vt 0.811344 0.875968
vt 0.799200 0.880292
vt 0.849475 0.871669
vt 0.842695 0.871669
vt 0.861318 0.867334
vt 0.854309 0.867334
vt 0.833815 0.867334
vt 0.822872 0.871669
vt 0.872560 0.862906
vt 0.865332 0.862906
vt 0.883231 0.858325
vt 0.875797 0.858325
vt 0.854059 0.858325
vt 0.844200 0.862906
vt 0.893365 0.853531
vt 0.885734 0.853531
vt 0.902993 0.848465
vt 0.895176 0.848465
vt 0.872317 0.848465
vt 0.863422 0.853531
vt 0.912149 0.843068
vt 0.904153 0.843068
vt 0.920863 0.837280
vt 0.912699 0.837280
vt 0.888827 0.837280
vt 0.880776 0.843068
vt 0.929169 0.831043
vt 0.920843 0.831043
vt 0.937098 0.824297
vt 0.928618 0.824297
vt 0.903826 0.824297
vt 0.896500 0.831043
vt 0.944683 0.816982
vt 0.936056 0.816982
vt 0.952047 0.808887
vt 0.943277 0.808887
vt 0.917637 0.808887
vt 0.910833 0.816982
vt 0.959313 0.799800
vt 0.950403 0.799800
vt 0.966443 0.789575
vt 0.957394 0.789575
vt 0.930937 0.789575
vt 0.924350 0.799800
vt 0.973396 0.778066
vt 0.964212 0.778066
vt 0.979959 0.765314
vt 0.970648 0.765314
vt 0.943424 0.765314
vt 0.937360 0.778066
vt 0.985921 0.751357
vt 0.976494 0.751357
vt 0.991068 0.736235
vt 0.981542 0.736235
vt 0.953688 0.736235
vt 0.948932 0.751357
vt 0.995189 0.719990
vt 0.985583 0.719990
vt 0.998070 0.702659
vt 0.988408 0.702659
vt 0.960157 0.702659
vt 0.957495 0.719990
vt 0.999500 0.684284
vt 0.989811 0.684284
vt 0.999266 0.664904
vt 0.989581 0.664904
vt 0.961262 0.664904
vt 0.961478 0.684284
vt 0.997156 0.644560
vt 0.987511 0.644560
vt 0.992956 0.623289
vt 0.983393 0.623289
vt 0.955432 0.623289
vt 0.959312 0.644560
vt 0.986454 0.601134
vt 0.977018 0.601134
vt 0.978049 0.578347
vt 0.968776 0.578347
vt 0.941660 0.578347
vt 0.949425 0.601134
vt 0.968138 0.555183
vt 0.959056 0.555183
vt 0.957371 0.531980
vt 0.948498 0.531980
vt 0.922556 0.531980
vt 0.932503 0.555183
vt 0.946399 0.509073
vt 0.937739 0.509073
vt 0.935388 0.486627
vt 0.926942 0.486627
vt 0.902246 0.486627
vt 0.912419 0.509073
vt 0.924506 0.464806
vt 0.916271 0.464806
vt 0.913918 0.443773
vt 0.905889 0.443773
vt 0.882411 0.443773
vt 0.892192 0.464806
vt 0.903793 0.423692
vt 0.895960 0.423692
vt 0.894296 0.404726
vt 0.886647 0.404726
vt 0.864282 0.404726
vt 0.873056 0.423692
vt 0.885595 0.387040
vt 0.878114 0.387040
vt 0.877855 0.370798
vt 0.870525 0.370798
vt 0.849093 0.370798
vt 0.856243 0.387040
vt 0.871245 0.356162
vt 0.864043 0.356162
vt 0.865930 0.343297
vt 0.858831 0.343297
vt 0.838075 0.343297
vt 0.842985 0.356162
vt 0.862077 0.332367
vt 0.855053 0.332367
vt 0.855587 0.304921
vt 0.848689 0.304921
vt 0.828520 0.304921
vt 0.834516 0.332367
vt 0.842361 0.242511
vt 0.835719 0.242511
vt 0.828932 0.166248
vt 0.822551 0.166248
vt 0.803894 0.166248
vt 0.816300 0.242511
vt 0.821837 0.097244
vt 0.815593 0.097244
vt 0.817740 0.047745
vt 0.811576 0.047745
vt 0.793553 0.047745
vt 0.797338 0.097244
vt 0.813308 0.029998
vt 0.807230 0.029998
vt 0.789459 0.029998
vt 0.489923 0.000634
vt 0.477037 0.000765
vt 0.477483 0.000765
vt 0.490118 0.000634
vt 0.464233 0.000913
vt 0.464927 0.000913
vt 0.466955 0.000913
vt 0.478785 0.000765
vt 0.490690 0.000634
vt 0.596049 0.986746
vt 0.597420 0.988277
vt 0.581699 0.986746
vt 0.582864 0.988277
vt 0.594597 0.985296
vt 0.593201 0.984011
vt 0.579276 0.984011
vt 0.580464 0.985296
vt 0.591997 0.982977
vt 0.590963 0.982137
vt 0.577372 0.982137
vt 0.578252 0.982977
vt 0.590074 0.981432
vt 0.589306 0.980804
vt 0.575963 0.980804
vt 0.576616 0.981432
vt 0.588638 0.980196
vt 0.588043 0.979550
vt 0.574889 0.979550
vt 0.575394 0.980196
vt 0.587500 0.978808
vt 0.586984 0.977912
vt 0.573988 0.977912
vt 0.574427 0.978808
vt 0.586472 0.976804
vt 0.585940 0.975426
vt 0.573100 0.975426
vt 0.573552 0.976804
vt 0.585365 0.973721
vt 0.584785 0.971661
vt 0.572117 0.971661
vt 0.572611 0.973721
vt 0.584237 0.969216
vt 0.583773 0.966445
vt 0.571257 0.966445
vt 0.571651 0.969216
vt 0.583443 0.963402
vt 0.583242 0.960158
vt 0.570805 0.960158
vt 0.570976 0.963402
vt 0.583165 0.956781
vt 0.583207 0.953341
vt 0.570775 0.953341
vt 0.570739 0.956781
vt 0.583364 0.949906
vt 0.583630 0.946546
vt 0.571135 0.946546
vt 0.570909 0.949906
vt 0.584000 0.943329
vt 0.584470 0.940324
vt 0.571849 0.940324
vt 0.571450 0.943329
vt 0.585034 0.937602
vt 0.585688 0.935230
vt 0.572885 0.935230
vt 0.572329 0.937602
vt 0.586426 0.933278
vt 0.587241 0.931662
vt 0.574207 0.931662
vt 0.573513 0.933278
vt 0.588127 0.930298
vt 0.589106 0.929056
vt 0.575793 0.929056
vt 0.574960 0.930298
vt 0.590199 0.927806
vt 0.591444 0.926549
vt 0.577782 0.926549
vt 0.576722 0.927806
vt 0.592881 0.925284
vt 0.594547 0.924012
vt 0.580421 0.924012
vt 0.579004 0.925284
vt 0.596482 0.922732
vt 0.598723 0.921444
vt 0.583973 0.921444
vt 0.582067 0.922732
vt 0.601309 0.920149
vt 0.604279 0.918846
vt 0.588699 0.918846
vt 0.586173 0.920149
vt 0.607671 0.917535
vt 0.611523 0.916217
vt 0.594860 0.916217
vt 0.591584 0.917535
vt 0.615874 0.914891
vt 0.620861 0.913584
vt 0.602804 0.913584
vt 0.598561 0.914891
vt 0.626624 0.912321
vt 0.633217 0.911096
vt 0.613313 0.911096
vt 0.607705 0.912321
vt 0.640700 0.909901
vt 0.648987 0.908686
vt 0.626727 0.908686
vt 0.619678 0.909901
vt 0.657998 0.907399
vt 0.667649 0.905992
vt 0.642600 0.905992
vt 0.634392 0.907399
vt 0.677857 0.904414
vt 0.688540 0.902614
vt 0.660370 0.902614
vt 0.651283 0.904414
vt 0.699614 0.900542
vt 0.710997 0.898148
vt 0.679472 0.898148
vt 0.669790 0.900542
vt 0.722607 0.895381
vt 0.734360 0.892191
vt 0.699344 0.892191
vt 0.689347 0.895381
vt 0.746174 0.888528
vt 0.757858 0.884519
vt 0.719332 0.884519
vt 0.709393 0.888528
vt 0.769222 0.880292
vt 0.780150 0.875968
vt 0.738293 0.875968
vt 0.728998 0.880292
vt 0.790523 0.871669
vt 0.800369 0.867334
vt 0.755491 0.867334
vt 0.747116 0.871669
vt 0.809714 0.862906
vt 0.818585 0.858325
vt 0.770985 0.858325
vt 0.763440 0.862906
vt 0.827010 0.853531
vt 0.835014 0.848465
vt 0.784959 0.848465
vt 0.778151 0.853531
vt 0.842625 0.843068
vt 0.849869 0.837280
vt 0.797595 0.837280
vt 0.791433 0.843068
vt 0.856773 0.831043
vt 0.863365 0.824297
vt 0.809075 0.824297
vt 0.803468 0.831043
vt 0.869670 0.816982
vt 0.875792 0.808887
vt 0.819645 0.808887
vt 0.814438 0.816982
vt 0.881833 0.799800
vt 0.887760 0.789575
vt 0.829825 0.789575
vt 0.824784 0.799800
vt 0.893540 0.778066
vt 0.898996 0.765314
vt 0.839382 0.765314
vt 0.834741 0.778066
vt 0.903952 0.751357
vt 0.908231 0.736235
vt 0.847238 0.736235
vt 0.843598 0.751357
vt 0.911657 0.719990
vt 0.914053 0.702659
vt 0.852189 0.702659
vt 0.850151 0.719990
vt 0.915241 0.684284
vt 0.915047 0.664904
vt 0.853035 0.664904
vt 0.853200 0.684284
vt 0.913292 0.644560
vt 0.909801 0.623289
vt 0.848572 0.623289
vt 0.851542 0.644560
vt 0.904396 0.601134
vt 0.897409 0.578347
vt 0.838032 0.578347
vt 0.843975 0.601134
vt 0.889169 0.555183
vt 0.880219 0.531980
vt 0.823410 0.531980
vt 0.831024 0.555183
vt 0.871097 0.509073
vt 0.861944 0.486627
vt 0.807866 0.486627
vt 0.815652 0.509073
vt 0.852897 0.464806
vt 0.844096 0.443773
vt 0.792684 0.443773
vt 0.800171 0.464806
vt 0.835678 0.423692
vt 0.827784 0.404726
vt 0.778809 0.404726
vt 0.785525 0.423692
vt 0.820550 0.387040
vt 0.814116 0.370798
vt 0.767184 0.370798
vt 0.772657 0.387040
vt 0.808620 0.356162
vt 0.804202 0.343297
vt 0.758751 0.343297
vt 0.762510 0.356162
vt 0.800999 0.332367
vt 0.795604 0.304921
vt 0.751438 0.304921
vt 0.756027 0.332367
vt 0.784609 0.242511
vt 0.773446 0.166248
vt 0.732590 0.166248
vt 0.742085 0.242511
vt 0.767547 0.097244
vt 0.764141 0.047745
vt 0.724676 0.047745
vt 0.727573 0.097244
vt 0.760457 0.029998
vt 0.721542 0.029998
vt 0.480911 0.000765
vt 0.491623 0.000634
vt 0.470266 0.000913
vt 0.474708 0.000913
vt 0.483763 0.000765
vt 0.492874 0.000634
vt 0.564178 0.986746
vt 0.565094 0.988277
vt 0.544215 0.986746
vt 0.544846 0.988277
vt 0.563208 0.985296
vt 0.562275 0.984011
vt 0.542904 0.984011
vt 0.543547 0.985296
vt 0.561471 0.982977
vt 0.560779 0.982137
vt 0.541874 0.982137
vt 0.542350 0.982977
vt 0.560185 0.981432
vt 0.559673 0.980804
vt 0.541111 0.980804
vt 0.541464 0.981432
vt 0.559226 0.980196
vt 0.558829 0.979550
vt 0.540530 0.979550
vt 0.540803 0.980196
vt 0.558466 0.978808
vt 0.558121 0.977912
vt 0.540042 0.977912
vt 0.540280 0.978808
vt 0.557779 0.976804
vt 0.557424 0.975426
vt 0.539562 0.975426
vt 0.539806 0.976804
vt 0.557039 0.973721
vt 0.556651 0.971661
vt 0.539030 0.971661
vt 0.539297 0.973721
vt 0.556286 0.969216
vt 0.555975 0.966445
vt 0.538564 0.966444
vt 0.538777 0.969216
vt 0.555755 0.963402
vt 0.555620 0.960158
vt 0.538319 0.960158
vt 0.538412 0.963402
vt 0.555569 0.956781
vt 0.555597 0.953341
vt 0.538303 0.953341
vt 0.538284 0.956781
vt 0.555702 0.949906
vt 0.555880 0.946545
vt 0.538498 0.946545
vt 0.538376 0.949906
vt 0.556127 0.943329
vt 0.556441 0.940324
vt 0.538885 0.940324
vt 0.538668 0.943329
vt 0.556818 0.937602
vt 0.557255 0.935230
vt 0.539445 0.935230
vt 0.539144 0.937602
vt 0.557748 0.933278
vt 0.558293 0.931662
vt 0.540160 0.931662
vt 0.539785 0.933278
vt 0.558885 0.930298
vt 0.559539 0.929056
vt 0.541019 0.929056
vt 0.540568 0.930298
vt 0.560269 0.927806
vt 0.561101 0.926549
vt 0.542095 0.926549
vt 0.541522 0.927806
vt 0.562061 0.925284
vt 0.563175 0.924012
vt 0.543524 0.924012
vt 0.542757 0.925285
vt 0.564467 0.922732
vt 0.565965 0.921444
vt 0.545446 0.921444
vt 0.544414 0.922732
vt 0.567693 0.920149
vt 0.569677 0.918846
vt 0.548003 0.918846
vt 0.546636 0.920149
vt 0.571943 0.917535
vt 0.574517 0.916217
vt 0.551338 0.916217
vt 0.549565 0.917535
vt 0.577424 0.914891
vt 0.580757 0.913584
vt 0.555637 0.913584
vt 0.553341 0.914891
vt 0.584607 0.912321
vt 0.589013 0.911096
vt 0.561325 0.911096
vt 0.558290 0.912321
vt 0.594012 0.909901
vt 0.599550 0.908686
vt 0.568584 0.908686
vt 0.564769 0.909901
vt 0.605571 0.907399
vt 0.612019 0.905992
vt 0.577175 0.905992
vt 0.572732 0.907399
vt 0.618840 0.904414
vt 0.625978 0.902614
vt 0.586792 0.902614
vt 0.581874 0.904414
vt 0.633378 0.900542
vt 0.640984 0.898148
vt 0.597130 0.898148
vt 0.591890 0.900542
vt 0.648741 0.895381
vt 0.656594 0.892191
vt 0.607885 0.892191
vt 0.602474 0.895381
vt 0.664488 0.888528
vt 0.672295 0.884519
vt 0.618701 0.884519
vt 0.613323 0.888528
vt 0.679889 0.880292
vt 0.687190 0.875968
vt 0.628963 0.875968
vt 0.623933 0.880292
vt 0.694121 0.871669
vt 0.700700 0.867334
vt 0.638271 0.867334
vt 0.633738 0.871669
vt 0.706944 0.862906
vt 0.712872 0.858325
vt 0.646656 0.858325
vt 0.642573 0.862906
vt 0.718501 0.853531
vt 0.723849 0.848465
vt 0.654219 0.848465
vt 0.650534 0.853531
vt 0.728935 0.843068
vt 0.733775 0.837280
vt 0.661057 0.837280
vt 0.657723 0.843068
vt 0.738388 0.831043
vt 0.742793 0.824297
vt 0.667270 0.824297
vt 0.664236 0.831043
vt 0.747006 0.816982
vt 0.751096 0.808887
vt 0.672991 0.808887
vt 0.670173 0.816982
vt 0.755133 0.799800
vt 0.759093 0.789575
vt 0.678500 0.789575
vt 0.675772 0.799800
vt 0.762955 0.778066
vt 0.766601 0.765314
vt 0.683672 0.765314
vt 0.681161 0.778066
vt 0.769912 0.751357
vt 0.772772 0.736235
vt 0.687924 0.736235
vt 0.685954 0.751357
vt 0.775060 0.719990
vt 0.776661 0.702659
vt 0.690603 0.702659
vt 0.689501 0.719990
vt 0.777455 0.684284
vt 0.777325 0.664904
vt 0.691061 0.664904
vt 0.691151 0.684284
vt 0.776153 0.644560
vt 0.773820 0.623289
vt 0.688646 0.623289
vt 0.690253 0.644560
vt 0.770209 0.601134
vt 0.765540 0.578347
vt 0.682942 0.578347
vt 0.686158 0.601134
vt 0.760035 0.555183
vt 0.754054 0.531980
vt 0.675028 0.531980
vt 0.679149 0.555183
vt 0.747959 0.509073
vt 0.741843 0.486627
vt 0.666616 0.486627
vt 0.670829 0.509073
vt 0.735798 0.464806
vt 0.729917 0.443773
vt 0.658400 0.443773
vt 0.662451 0.464806
vt 0.724293 0.423692
vt 0.719018 0.404726
vt 0.650890 0.404726
vt 0.654525 0.423692
vt 0.714184 0.387040
vt 0.709885 0.370798
vt 0.644599 0.370798
vt 0.647561 0.387040
vt 0.706214 0.356162
vt 0.703261 0.343297
vt 0.640035 0.343297
vt 0.642069 0.356162
vt 0.701121 0.332367
vt 0.697516 0.304921
vt 0.636077 0.304921
vt 0.638561 0.332367
vt 0.690169 0.242511
vt 0.682710 0.166248
vt 0.625877 0.166248
vt 0.631016 0.242511
vt 0.678769 0.097244
vt 0.676493 0.047745
vt 0.621594 0.047745
vt 0.623161 0.097244
vt 0.674032 0.029998
vt 0.619897 0.029998
vt 0.487245 0.000765
vt 0.494402 0.000634
vt 0.480132 0.000913
vt 0.486312 0.000913
vt 0.491212 0.000765
vt 0.496143 0.000634
vt 0.522537 0.986746
vt 0.522858 0.988277
vt 0.500000 0.986746
vt 0.500000 0.988277
vt 0.522196 0.985296
vt 0.521868 0.984011
vt 0.500000 0.984011
vt 0.500000 0.985296
vt 0.521586 0.982977
vt 0.521343 0.982137
vt 0.500000 0.982137
vt 0.500000 0.982977
vt 0.521134 0.981432
vt 0.520954 0.980804
vt 0.500000 0.980804
vt 0.500000 0.981432
vt 0.520797 0.980196
vt 0.520658 0.979550
vt 0.500000 0.979550
vt 0.500000 0.980196
vt 0.520531 0.978808
vt 0.520410 0.977912
vt 0.500000 0.977912
vt 0.500000 0.978808
vt 0.520289 0.976804
vt 0.520165 0.975426
vt 0.500000 0.975426
vt 0.500000 0.976804
vt 0.520030 0.973721
vt 0.519893 0.971661
vt 0.500000 0.971661
vt 0.500000 0.973721
vt 0.519765 0.969216
vt 0.519656 0.966444
vt 0.500000 0.966444
vt 0.500000 0.969216
vt 0.519579 0.963402
vt 0.519531 0.960158
vt 0.500000 0.960158
vt 0.500000 0.963402
vt 0.519513 0.956781
vt 0.519523 0.953341
vt 0.500000 0.953341
vt 0.500000 0.956781
vt 0.519560 0.949906
vt 0.519623 0.946545
vt 0.500000 0.946545
vt 0.500000 0.949906
vt 0.519709 0.943329
vt 0.519820 0.940324
vt 0.500000 0.940324
vt 0.500000 0.943329
vt 0.519952 0.937602
vt 0.520105 0.935230
vt 0.500000 0.935230
vt 0.500000 0.937602
vt 0.520278 0.933278
vt 0.520470 0.931662
vt 0.500000 0.931662
vt 0.500000 0.933278
vt 0.520678 0.930298
vt 0.520907 0.929056
vt 0.500000 0.929056
vt 0.500000 0.930298
vt 0.521164 0.927806
vt 0.521456 0.926549
vt 0.500000 0.926549
vt 0.500000 0.927806
vt 0.521793 0.925285
vt 0.522184 0.924012
vt 0.500000 0.924012
vt 0.500000 0.925285
vt 0.522638 0.922732
vt 0.523164 0.921444
vt 0.500000 0.921444
vt 0.500000 0.922732
vt 0.523771 0.920149
vt 0.524467 0.918846
vt 0.500000 0.918846
vt 0.500000 0.920149
vt 0.525263 0.917535
vt 0.526167 0.916217
vt 0.500000 0.916217
vt 0.500000 0.917535
vt 0.527188 0.914891
vt 0.528358 0.913584
vt 0.500000 0.913584
vt 0.500000 0.914891
vt 0.529710 0.912321
vt 0.531257 0.911096
vt 0.500000 0.911096
vt 0.500000 0.912321
vt 0.533013 0.909901
vt 0.534958 0.908686
vt 0.500000 0.908686
vt 0.500000 0.909901
vt 0.537072 0.907399
vt 0.539336 0.905992
vt 0.500000 0.905992
vt 0.500000 0.907399
vt 0.541731 0.904414
vt 0.544238 0.902614
vt 0.500000 0.902614
vt 0.500000 0.904414
vt 0.546836 0.900542
vt 0.549507 0.898148
vt 0.500000 0.898148
vt 0.500000 0.900542
vt 0.552231 0.895381
vt 0.554989 0.892191
vt 0.500000 0.892191
vt 0.500000 0.895381
vt 0.557761 0.888528
vt 0.560502 0.884519
vt 0.500000 0.884519
vt 0.500000 0.888528
vt 0.563169 0.880292
vt 0.565732 0.875968
vt 0.500000 0.875968
vt 0.500000 0.880292
vt 0.568166 0.871669
vt 0.570477 0.867334
vt 0.500000 0.867334
vt 0.500000 0.871669
vt 0.572669 0.862906
vt 0.574751 0.858325
vt 0.500000 0.858325
vt 0.500000 0.862906
vt 0.576727 0.853531
vt 0.578605 0.848465
vt 0.500000 0.848465
vt 0.500000 0.853531
vt 0.580391 0.843068
vt 0.582091 0.837280
vt 0.500000 0.837280
vt 0.500000 0.843068
vt 0.583711 0.831043
vt 0.585258 0.824297
vt 0.500000 0.824297
vt 0.500000 0.831043
vt 0.586737 0.816982
vt 0.588173 0.808887
vt 0.500000 0.808887
vt 0.500000 0.816982
vt 0.589591 0.799800
vt 0.590981 0.789575
vt 0.500000 0.789575
vt 0.500000 0.799800
vt 0.592338 0.778066
vt 0.593618 0.765314
vt 0.500000 0.765314
vt 0.500000 0.778066
vt 0.594781 0.751357
vt 0.595785 0.736235
vt 0.500000 0.736235
vt 0.500000 0.751357
vt 0.596588 0.719990
vt 0.597150 0.702659
vt 0.500000 0.702659
vt 0.500000 0.719990
vt 0.597429 0.684284
vt 0.597384 0.664905
vt 0.500000 0.664905
vt 0.500000 0.684284
vt 0.596972 0.644560
vt 0.596153 0.623289
vt 0.500000 0.623289
vt 0.500000 0.644560
vt 0.594885 0.601134
vt 0.593245 0.578347
vt 0.500000 0.578347
vt 0.500000 0.601134
vt 0.591312 0.555183
vt 0.589212 0.531980
vt 0.500000 0.531980
vt 0.500000 0.555183
vt 0.587072 0.509073
vt 0.584924 0.486627
vt 0.500000 0.486627
vt 0.500000 0.509073
vt 0.582801 0.464806
vt 0.580736 0.443773
vt 0.500000 0.443773
vt 0.500000 0.464806
vt 0.578761 0.423692
vt 0.576909 0.404726
vt 0.500000 0.404726
vt 0.500000 0.423692
vt 0.575211 0.387040
vt 0.573702 0.370798
vt 0.500000 0.370798
vt 0.500000 0.387040
vt 0.572412 0.356162
vt 0.571376 0.343297
vt 0.500000 0.343297
vt 0.500000 0.356162
vt 0.570624 0.332367
vt 0.569358 0.304921
vt 0.500000 0.304921
vt 0.500000 0.332367
vt 0.566778 0.242511
vt 0.564159 0.166248
vt 0.500000 0.166248
vt 0.500000 0.242511
vt 0.562775 0.097244
vt 0.561976 0.047745
vt 0.500000 0.047745
vt 0.500000 0.097244
vt 0.561111 0.029998
vt 0.500000 0.029998
vt 0.495521 0.000765
vt 0.498034 0.000634
vt 0.493023 0.000913
vt 0.500000 0.000913
vt 0.500000 0.000765
vt 0.500000 0.000634
vt 0.477464 0.986746
vt 0.477142 0.988277
vt 0.455785 0.986746
vt 0.455154 0.988277
vt 0.477805 0.985296
vt 0.478132 0.984011
vt 0.457097 0.984011
vt 0.456454 0.985296
vt 0.478415 0.982977
vt 0.478657 0.982137
vt 0.458127 0.982137
vt 0.457651 0.982977
vt 0.478866 0.981432
vt 0.479046 0.980804
vt 0.458889 0.980804
vt 0.458536 0.981432
vt 0.479203 0.980196
vt 0.479342 0.979550
vt 0.459471 0.979550
vt 0.459197 0.980196
vt 0.479470 0.978808
vt 0.479591 0.977912
vt 0.459958 0.977912
vt 0.459721 0.978808
vt 0.479711 0.976804
vt 0.479836 0.975426
vt 0.460439 0.975426
vt 0.460194 0.976804
vt 0.479971 0.973721
vt 0.480107 0.971661
vt 0.460971 0.971661
vt 0.460704 0.973721
vt 0.480235 0.969216
vt 0.480344 0.966444
vt 0.461437 0.966444
vt 0.461223 0.969216
vt 0.480422 0.963402
vt 0.480469 0.960158
vt 0.461681 0.960158
vt 0.461589 0.963402
vt 0.480487 0.956781
vt 0.480477 0.953341
vt 0.461697 0.953341
vt 0.461716 0.956781
vt 0.480440 0.949906
vt 0.480378 0.946545
vt 0.461502 0.946545
vt 0.461625 0.949906
vt 0.480291 0.943329
vt 0.480181 0.940324
vt 0.461116 0.940324
vt 0.461332 0.943329
vt 0.480048 0.937602
vt 0.479895 0.935230
vt 0.460555 0.935230
vt 0.460856 0.937602
vt 0.479722 0.933278
vt 0.479531 0.931662
vt 0.459840 0.931662
vt 0.460215 0.933278
vt 0.479323 0.930298
vt 0.479093 0.929056
vt 0.458982 0.929056
vt 0.459432 0.930298
vt 0.478837 0.927806
vt 0.478544 0.926549
vt 0.457905 0.926549
vt 0.458479 0.927806
vt 0.478207 0.925284
vt 0.477816 0.924012
vt 0.456477 0.924012
vt 0.457244 0.925284
vt 0.477362 0.922732
vt 0.476837 0.921444
vt 0.454554 0.921444
vt 0.455586 0.922732
vt 0.476230 0.920149
vt 0.475533 0.918846
vt 0.451997 0.918846
vt 0.453364 0.920149
vt 0.474737 0.917535
vt 0.473833 0.916217
vt 0.448662 0.916217
vt 0.450436 0.917535
vt 0.472812 0.914891
vt 0.471642 0.913584
vt 0.444363 0.913584
vt 0.446659 0.914891
vt 0.470290 0.912321
vt 0.468743 0.911096
vt 0.438675 0.911096
vt 0.441711 0.912321
vt 0.466987 0.909901
vt 0.465043 0.908686
vt 0.431416 0.908686
vt 0.435231 0.909901
vt 0.462929 0.907399
vt 0.460664 0.905992
vt 0.422825 0.905992
vt 0.427268 0.907399
vt 0.458269 0.904414
vt 0.455763 0.902614
vt 0.413209 0.902614
vt 0.418126 0.904414
vt 0.453164 0.900542
vt 0.450493 0.898148
vt 0.402871 0.898148
vt 0.408111 0.900542
vt 0.447769 0.895381
vt 0.445012 0.892191
vt 0.392116 0.892191
vt 0.397526 0.895381
vt 0.442240 0.888528
vt 0.439498 0.884519
vt 0.381299 0.884519
vt 0.386678 0.888528
vt 0.436832 0.880292
vt 0.434268 0.875968
vt 0.371037 0.875968
vt 0.376068 0.880292
vt 0.431834 0.871669
vt 0.429524 0.867334
vt 0.361730 0.867334
vt 0.366262 0.871669
vt 0.427331 0.862906
vt 0.425250 0.858325
vt 0.353344 0.858325
vt 0.357428 0.862906
vt 0.423273 0.853531
vt 0.421395 0.848465
vt 0.345781 0.848465
vt 0.349466 0.853531
vt 0.419609 0.843068
vt 0.417909 0.837280
vt 0.338943 0.837280
vt 0.342278 0.843068
vt 0.416289 0.831043
vt 0.414743 0.824297
vt 0.332730 0.824297
vt 0.335764 0.831043
vt 0.413263 0.816982
vt 0.411827 0.808887
vt 0.327009 0.808887
vt 0.329827 0.816982
vt 0.410409 0.799800
vt 0.409019 0.789575
vt 0.321500 0.789575
vt 0.324229 0.799800
vt 0.407663 0.778067
vt 0.406382 0.765314
vt 0.316328 0.765314
vt 0.318839 0.778067
vt 0.405219 0.751357
vt 0.404215 0.736235
vt 0.312076 0.736235
vt 0.314046 0.751357
vt 0.403412 0.719990
vt 0.402850 0.702660
vt 0.309397 0.702660
vt 0.310499 0.719990
vt 0.402571 0.684285
vt 0.402616 0.664905
vt 0.308939 0.664905
vt 0.308849 0.684285
vt 0.403028 0.644560
vt 0.403847 0.623289
vt 0.311354 0.623289
vt 0.309747 0.644560
vt 0.405115 0.601134
vt 0.406755 0.578347
vt 0.317058 0.578347
vt 0.313842 0.601134
vt 0.408688 0.555183
vt 0.410788 0.531980
vt 0.324972 0.531980
vt 0.320851 0.555183
vt 0.412928 0.509073
vt 0.415076 0.486627
vt 0.333384 0.486627
vt 0.329170 0.509073
vt 0.417198 0.464806
vt 0.419264 0.443773
vt 0.341600 0.443773
vt 0.337548 0.464806
vt 0.421238 0.423692
vt 0.423091 0.404726
vt 0.349109 0.404726
vt 0.345475 0.423692
vt 0.424788 0.387040
vt 0.426298 0.370798
vt 0.355401 0.370798
vt 0.352439 0.387040
vt 0.427587 0.356162
vt 0.428624 0.343297
vt 0.359964 0.343297
vt 0.357931 0.356162
vt 0.429375 0.332367
vt 0.430641 0.304921
vt 0.363922 0.304921
vt 0.361439 0.332367
vt 0.433221 0.242511
vt 0.435840 0.166248
vt 0.374123 0.166248
vt 0.368984 0.242511
vt 0.437224 0.097244
vt 0.438023 0.047745
vt 0.378406 0.047745
vt 0.376838 0.097244
vt 0.438888 0.029998
vt 0.380102 0.029998
vt 0.504478 0.000765
vt 0.501965 0.000634
vt 0.506976 0.000913
vt 0.513687 0.000913
vt 0.508787 0.000765
vt 0.503856 0.000634
vt 0.435822 0.986746
vt 0.434906 0.988277
vt 0.418302 0.986746
vt 0.417136 0.988277
vt 0.436792 0.985296
vt 0.437725 0.984011
vt 0.420725 0.984011
vt 0.419537 0.985296
vt 0.438530 0.982977
vt 0.439221 0.982137
vt 0.422628 0.982137
vt 0.421748 0.982977
vt 0.439815 0.981432
vt 0.440328 0.980804
vt 0.424037 0.980804
vt 0.423385 0.981432
vt 0.440775 0.980196
vt 0.441172 0.979550
vt 0.425112 0.979550
vt 0.424606 0.980196
vt 0.441535 0.978808
vt 0.441879 0.977912
vt 0.426013 0.977912
vt 0.425574 0.978808
vt 0.442222 0.976804
vt 0.442577 0.975426
vt 0.426900 0.975426
vt 0.426448 0.976804
vt 0.442961 0.973721
vt 0.443349 0.971661
vt 0.427883 0.971661
vt 0.427390 0.973721
vt 0.443715 0.969216
vt 0.444025 0.966444
vt 0.428744 0.966445
vt 0.428349 0.969216
vt 0.444246 0.963402
vt 0.444380 0.960158
vt 0.429196 0.960158
vt 0.429025 0.963402
vt 0.444431 0.956781
vt 0.444403 0.953341
vt 0.429225 0.953341
vt 0.429261 0.956781
vt 0.444298 0.949906
vt 0.444121 0.946545
vt 0.428866 0.946546
vt 0.429092 0.949906
vt 0.443873 0.943329
vt 0.443559 0.940324
vt 0.428151 0.940324
vt 0.428551 0.943329
vt 0.443182 0.937602
vt 0.442746 0.935230
vt 0.427115 0.935230
vt 0.427671 0.937602
vt 0.442253 0.933278
vt 0.441707 0.931662
vt 0.425794 0.931662
vt 0.426488 0.933278
vt 0.441115 0.930298
vt 0.440462 0.929056
vt 0.424208 0.929056
vt 0.425040 0.930298
vt 0.439731 0.927806
vt 0.438899 0.926549
vt 0.422219 0.926549
vt 0.423278 0.927806
vt 0.437939 0.925284
vt 0.436826 0.924012
vt 0.419579 0.924012
vt 0.420997 0.925285
vt 0.435533 0.922732
vt 0.434036 0.921444
vt 0.416027 0.921444
vt 0.417934 0.922732
vt 0.432308 0.920149
vt 0.430323 0.918846
vt 0.411302 0.918846
vt 0.413828 0.920149
vt 0.428057 0.917535
vt 0.425483 0.916217
vt 0.405140 0.916217
vt 0.408417 0.917535
vt 0.422576 0.914891
vt 0.419243 0.913584
vt 0.397197 0.913584
vt 0.401439 0.914891
vt 0.415393 0.912321
vt 0.410987 0.911096
vt 0.386687 0.911096
vt 0.392295 0.912321
vt 0.405988 0.909901
vt 0.400450 0.908686
vt 0.373273 0.908686
vt 0.380323 0.909901
vt 0.394429 0.907399
vt 0.387981 0.905992
vt 0.357400 0.905992
vt 0.365609 0.907399
vt 0.381160 0.904414
vt 0.374022 0.902614
vt 0.339630 0.902614
vt 0.348717 0.904414
vt 0.366622 0.900542
vt 0.359016 0.898148
vt 0.320528 0.898148
vt 0.330211 0.900542
vt 0.351259 0.895381
vt 0.343406 0.892191
vt 0.300656 0.892191
vt 0.310653 0.895381
vt 0.335512 0.888528
vt 0.327705 0.884519
vt 0.280669 0.884519
vt 0.290607 0.888528
vt 0.320112 0.880292
vt 0.312810 0.875968
vt 0.261708 0.875968
vt 0.271002 0.880292
vt 0.305879 0.871669
vt 0.299300 0.867334
vt 0.244510 0.867334
vt 0.252884 0.871669
vt 0.293056 0.862906
vt 0.287128 0.858325
vt 0.229015 0.858325
vt 0.236561 0.862906
vt 0.281499 0.853531
vt 0.276151 0.848465
vt 0.215041 0.848465
vt 0.221849 0.853531
vt 0.271066 0.843068
vt 0.266225 0.837280
vt 0.202405 0.837280
vt 0.208567 0.843068
vt 0.261612 0.831043
vt 0.257207 0.824297
vt 0.190925 0.824297
vt 0.196532 0.831043
vt 0.252994 0.816982
vt 0.248904 0.808887
vt 0.180355 0.808887
vt 0.185562 0.816982
vt 0.244867 0.799800
vt 0.240907 0.789575
vt 0.170175 0.789575
vt 0.175217 0.799800
vt 0.237045 0.778067
vt 0.233399 0.765314
vt 0.160618 0.765314
vt 0.165259 0.778067
vt 0.230088 0.751357
vt 0.227229 0.736235
vt 0.152762 0.736236
vt 0.156402 0.751357
vt 0.224940 0.719990
vt 0.223339 0.702660
vt 0.147811 0.702660
vt 0.149849 0.719990
vt 0.222545 0.684285
vt 0.222675 0.664905
vt 0.146965 0.664905
vt 0.146800 0.684285
vt 0.223847 0.644560
vt 0.226180 0.623289
vt 0.151428 0.623289
vt 0.148458 0.644560
vt 0.229791 0.601134
vt 0.234460 0.578347
vt 0.161968 0.578347
vt 0.156025 0.601134
vt 0.239965 0.555183
vt 0.245946 0.531980
vt 0.176590 0.531980
vt 0.168976 0.555183
vt 0.252041 0.509073
vt 0.258157 0.486627
vt 0.192134 0.486627
vt 0.184348 0.509073
vt 0.264201 0.464806
vt 0.270082 0.443773
vt 0.207315 0.443773
vt 0.199829 0.464806
vt 0.275707 0.423692
vt 0.280982 0.404726
vt 0.221190 0.404726
vt 0.214475 0.423692
vt 0.285815 0.387040
vt 0.290114 0.370798
vt 0.232816 0.370798
vt 0.227343 0.387040
vt 0.293786 0.356162
vt 0.296738 0.343297
vt 0.241248 0.343297
vt 0.237490 0.356162
vt 0.298878 0.332367
vt 0.302483 0.304921
vt 0.248561 0.304921
vt 0.243972 0.332367
vt 0.309830 0.242511
vt 0.317289 0.166248
vt 0.267409 0.166248
vt 0.257914 0.242511
vt 0.321230 0.097244
vt 0.323506 0.047745
vt 0.275323 0.047745
vt 0.272427 0.097244
vt 0.325968 0.029998
vt 0.278457 0.029998
vt 0.512754 0.000765
vt 0.505597 0.000634
vt 0.519867 0.000913
vt 0.525291 0.000913
vt 0.516236 0.000765
vt 0.507125 0.000634
vt 0.403951 0.986746
vt 0.402580 0.988277
vt 0.393256 0.986746
vt 0.391733 0.988277
vt 0.405403 0.985296
vt 0.406799 0.984011
vt 0.396421 0.984011
vt 0.394870 0.985296
vt 0.408003 0.982977
vt 0.409038 0.982137
vt 0.398909 0.982137
vt 0.397759 0.982977
vt 0.409927 0.981432
vt 0.410694 0.980804
vt 0.400750 0.980804
vt 0.399897 0.981432
vt 0.411363 0.980196
vt 0.411957 0.979550
vt 0.402154 0.979550
vt 0.401493 0.980196
vt 0.412500 0.978808
vt 0.413016 0.977912
vt 0.403331 0.977912
vt 0.402757 0.978808
vt 0.413528 0.976804
vt 0.414060 0.975426
vt 0.404491 0.975426
vt 0.403900 0.976804
vt 0.414635 0.973721
vt 0.415216 0.971661
vt 0.405775 0.971661
vt 0.405130 0.973721
vt 0.415763 0.969216
vt 0.416227 0.966445
vt 0.406899 0.966445
vt 0.406384 0.969216
vt 0.416557 0.963402
vt 0.416758 0.960158
vt 0.407490 0.960158
vt 0.407266 0.963402
vt 0.416835 0.956781
vt 0.416793 0.953341
vt 0.407528 0.953341
vt 0.407575 0.956781
vt 0.416636 0.949906
vt 0.416371 0.946546
vt 0.407058 0.946546
vt 0.407354 0.949906
vt 0.416000 0.943329
vt 0.415531 0.940324
vt 0.406125 0.940324
vt 0.406647 0.943329
vt 0.414966 0.937602
vt 0.414313 0.935230
vt 0.404772 0.935230
vt 0.405498 0.937602
vt 0.413575 0.933278
vt 0.412759 0.931662
vt 0.403045 0.931662
vt 0.403951 0.933278
vt 0.411873 0.930298
vt 0.410894 0.929056
vt 0.400972 0.929056
vt 0.402060 0.930298
vt 0.409802 0.927806
vt 0.408556 0.926549
vt 0.398374 0.926549
vt 0.399758 0.927806
vt 0.407119 0.925285
vt 0.405453 0.924012
vt 0.394925 0.924012
vt 0.396777 0.925285
vt 0.403518 0.922732
vt 0.401277 0.921444
vt 0.390284 0.921444
vt 0.392775 0.922732
vt 0.398691 0.920149
vt 0.395721 0.918846
vt 0.384110 0.918846
vt 0.387410 0.920149
vt 0.392330 0.917535
vt 0.388478 0.916217
vt 0.376060 0.916217
vt 0.380341 0.917535
vt 0.384127 0.914891
vt 0.379139 0.913584
vt 0.365681 0.913584
vt 0.371224 0.914891
vt 0.373377 0.912322
vt 0.366783 0.911096
vt 0.351949 0.911096
vt 0.359277 0.912322
vt 0.359301 0.909901
vt 0.351013 0.908686
vt 0.334423 0.908686
vt 0.343634 0.909901
vt 0.342002 0.907399
vt 0.332352 0.905992
vt 0.313684 0.905992
vt 0.324409 0.907399
vt 0.322143 0.904414
vt 0.311461 0.902614
vt 0.290467 0.902614
vt 0.302339 0.904414
vt 0.300386 0.900542
vt 0.289003 0.898148
vt 0.265508 0.898148
vt 0.278159 0.900542
vt 0.277393 0.895381
vt 0.265640 0.892191
vt 0.239544 0.892191
vt 0.252606 0.895381
vt 0.253826 0.888528
vt 0.242142 0.884519
vt 0.213430 0.884519
vt 0.226415 0.888528
vt 0.230778 0.880292
vt 0.219851 0.875968
vt 0.188656 0.875968
vt 0.200800 0.880292
vt 0.209477 0.871669
vt 0.199632 0.867334
vt 0.166186 0.867334
vt 0.177128 0.871669
vt 0.190287 0.862906
vt 0.181415 0.858325
vt 0.145941 0.858325
vt 0.155800 0.862906
vt 0.172991 0.853531
vt 0.164986 0.848465
vt 0.127683 0.848465
vt 0.136578 0.853531
vt 0.157376 0.843068
vt 0.150131 0.837280
vt 0.111173 0.837280
vt 0.119224 0.843068
vt 0.143227 0.831043
vt 0.136635 0.824297
vt 0.096175 0.824297
vt 0.103500 0.831043
vt 0.130330 0.816982
vt 0.124208 0.808887
vt 0.082364 0.808887
vt 0.089167 0.816982
vt 0.118167 0.799800
vt 0.112240 0.789575
vt 0.069063 0.789575
vt 0.075650 0.799800
vt 0.106460 0.778067
vt 0.101004 0.765314
vt 0.056576 0.765314
vt 0.062640 0.778067
vt 0.096048 0.751357
vt 0.091769 0.736236
vt 0.046312 0.736236
vt 0.051068 0.751357
vt 0.088343 0.719990
vt 0.085948 0.702660
vt 0.039843 0.702660
vt 0.042505 0.719990
vt 0.084759 0.684285
vt 0.084953 0.664905
vt 0.038738 0.664905
vt 0.038522 0.684285
vt 0.086708 0.644560
vt 0.090199 0.623289
vt 0.044568 0.623289
vt 0.040688 0.644560
vt 0.095604 0.601134
vt 0.102591 0.578347
vt 0.058340 0.578347
vt 0.050575 0.601134
vt 0.110831 0.555183
vt 0.119781 0.531980
vt 0.077444 0.531980
vt 0.067497 0.555183
vt 0.128903 0.509073
vt 0.138056 0.486627
vt 0.097754 0.486627
vt 0.087581 0.509073
vt 0.147103 0.464806
vt 0.155904 0.443773
vt 0.117589 0.443773
vt 0.107808 0.464806
vt 0.164321 0.423692
vt 0.172216 0.404726
vt 0.135718 0.404726
vt 0.126944 0.423692
vt 0.179450 0.387040
vt 0.185884 0.370798
vt 0.150907 0.370798
vt 0.143757 0.387040
vt 0.191379 0.356162
vt 0.195798 0.343297
vt 0.161925 0.343297
vt 0.157014 0.356162
vt 0.199000 0.332367
vt 0.204395 0.304921
vt 0.171480 0.304921
vt 0.165484 0.332367
vt 0.215391 0.242511
vt 0.226554 0.166248
vt 0.196106 0.166248
vt 0.183699 0.242511
vt 0.232452 0.097244
vt 0.235858 0.047745
vt 0.206446 0.047745
vt 0.202661 0.097244
vt 0.239542 0.029998
vt 0.210541 0.029998
vt 0.519089 0.000765
vt 0.508377 0.000634
vt 0.529733 0.000913
vt 0.533044 0.000913
vt 0.521214 0.000765
vt 0.509310 0.000634
vt 0.386702 0.986746
vt 0.385086 0.988277
vt 0.384461 0.986746
vt 0.382812 0.988277
vt 0.388415 0.985296
vt 0.390062 0.984011
vt 0.387887 0.984011
vt 0.386208 0.985296
vt 0.391482 0.982977
vt 0.392703 0.982137
vt 0.390580 0.982137
vt 0.389335 0.982977
vt 0.393751 0.981432
vt 0.394656 0.980804
vt 0.392572 0.980804
vt 0.391649 0.981432
vt 0.395445 0.980196
vt 0.396146 0.979550
vt 0.394092 0.979550
vt 0.393377 0.980196
vt 0.396787 0.978808
vt 0.397396 0.977912
vt 0.395366 0.977912
vt 0.394745 0.978808
vt 0.398000 0.976804
vt 0.398627 0.975426
vt 0.396621 0.975426
vt 0.395982 0.976804
vt 0.399305 0.973721
vt 0.399990 0.971661
vt 0.398012 0.971661
vt 0.397313 0.973721
vt 0.400636 0.969216
vt 0.401183 0.966445
vt 0.399229 0.966445
vt 0.398670 0.969216
vt 0.401573 0.963402
vt 0.401810 0.960158
vt 0.399867 0.960158
vt 0.399626 0.963402
vt 0.401901 0.956781
vt 0.401851 0.953341
vt 0.399909 0.953341
vt 0.399960 0.956781
vt 0.401666 0.949906
vt 0.401352 0.946546
vt 0.399401 0.946546
vt 0.399720 0.949906
vt 0.400915 0.943329
vt 0.400361 0.940324
vt 0.398390 0.940324
vt 0.398955 0.943329
vt 0.399696 0.937602
vt 0.398925 0.935230
vt 0.396925 0.935230
vt 0.397712 0.937602
vt 0.398054 0.933278
vt 0.397092 0.931662
vt 0.395056 0.931662
vt 0.396038 0.933278
vt 0.396047 0.930298
vt 0.394893 0.929056
vt 0.392813 0.929056
vt 0.393990 0.930298
vt 0.393604 0.927806
vt 0.392134 0.926549
vt 0.390001 0.926549
vt 0.391499 0.927806
vt 0.390440 0.925285
vt 0.388474 0.924012
vt 0.386268 0.924012
vt 0.388272 0.925285
vt 0.386192 0.922732
vt 0.383549 0.921444
vt 0.381245 0.921444
vt 0.383941 0.922732
vt 0.380498 0.920149
vt 0.376995 0.918846
vt 0.374562 0.918846
vt 0.378134 0.920149
vt 0.372994 0.917535
vt 0.368450 0.916217
vt 0.365848 0.916217
vt 0.370482 0.917535
vt 0.363318 0.914891
vt 0.357435 0.913584
vt 0.354614 0.913584
vt 0.360614 0.914891
vt 0.350637 0.912322
vt 0.342860 0.911096
vt 0.339751 0.911096
vt 0.347683 0.912322
vt 0.334034 0.909901
vt 0.324258 0.908686
vt 0.320781 0.908686
vt 0.330751 0.909901
vt 0.313629 0.907399
vt 0.302245 0.905992
vt 0.298333 0.905992
vt 0.309942 0.907399
vt 0.290204 0.904414
vt 0.277603 0.902614
vt 0.273203 0.902614
vt 0.286053 0.904414
vt 0.264540 0.900542
vt 0.251112 0.898148
vt 0.246188 0.898148
vt 0.259881 0.900542
vt 0.237417 0.895381
vt 0.223554 0.892191
vt 0.218085 0.892191
vt 0.232223 0.895381
vt 0.209618 0.888528
vt 0.195836 0.884519
vt 0.189819 0.884519
vt 0.203874 0.888528
vt 0.182431 0.880292
vt 0.169541 0.875968
vt 0.163004 0.875968
vt 0.176148 0.880292
vt 0.157305 0.871669
vt 0.145691 0.867335
vt 0.138682 0.867334
vt 0.150526 0.871669
vt 0.134668 0.862906
vt 0.124203 0.858325
vt 0.116769 0.858325
vt 0.127441 0.862906
vt 0.114266 0.853531
vt 0.104824 0.848465
vt 0.097007 0.848465
vt 0.106635 0.853531
vt 0.095847 0.843068
vt 0.087302 0.837280
vt 0.079137 0.837280
vt 0.087851 0.843068
vt 0.079157 0.831043
vt 0.071382 0.824297
vt 0.062902 0.824297
vt 0.070831 0.831043
vt 0.063944 0.816982
vt 0.056723 0.808887
vt 0.047954 0.808887
vt 0.055318 0.816982
vt 0.049597 0.799800
vt 0.042606 0.789575
vt 0.033557 0.789575
vt 0.040687 0.799800
vt 0.035788 0.778067
vt 0.029352 0.765314
vt 0.020041 0.765314
vt 0.026605 0.778067
vt 0.023506 0.751357
vt 0.018458 0.736236
vt 0.008932 0.736236
vt 0.014079 0.751357
vt 0.014417 0.719990
vt 0.011592 0.702660
vt 0.001930 0.702660
vt 0.004811 0.719990
vt 0.010189 0.684285
vt 0.010419 0.664905
vt 0.000734 0.664905
vt 0.000500 0.684285
vt 0.012489 0.644560
vt 0.016607 0.623289
vt 0.007044 0.623289
vt 0.002844 0.644560
vt 0.022982 0.601134
vt 0.031224 0.578347
vt 0.021951 0.578347
vt 0.013545 0.601134
vt 0.040943 0.555183
vt 0.051501 0.531980
vt 0.042629 0.531980
vt 0.031862 0.555183
vt 0.062261 0.509073
vt 0.073058 0.486627
vt 0.064612 0.486627
vt 0.053601 0.509073
vt 0.083729 0.464806
vt 0.094111 0.443773
vt 0.086081 0.443773
vt 0.075494 0.464806
vt 0.104040 0.423692
vt 0.113353 0.404726
vt 0.105704 0.404726
vt 0.096207 0.423692
vt 0.121885 0.387040
vt 0.129475 0.370798
vt 0.122145 0.370798
vt 0.114405 0.387040
vt 0.135957 0.356162
vt 0.141169 0.343297
vt 0.134070 0.343297
vt 0.128755 0.356162
vt 0.144947 0.332367
vt 0.151310 0.304921
vt 0.144412 0.304921
vt 0.137923 0.332367
vt 0.164280 0.242511
vt 0.177448 0.166248
vt 0.171067 0.166248
vt 0.157639 0.242511
vt 0.184406 0.097244
vt 0.188423 0.047745
vt 0.182259 0.047745
vt 0.178163 0.097244
vt 0.192769 0.029998
vt 0.186691 0.029998
vt 0.522517 0.000765
vt 0.509881 0.000634
vt 0.535073 0.000913
vt 0.535767 0.000913
vt 0.522962 0.000765
vt 0.510077 0.000634
vt 0.392702 0.982137
vt 0.402153 0.979550
vt 0.397999 0.976804
vt 0.403899 0.976804
vt 0.406383 0.969216
vt 0.407489 0.960158
vt 0.401900 0.956781
vt 0.383548 0.921444
vt 0.357434 0.913584
vt 0.040944 0.555183
vt 0.051502 0.531980
vt 0.151311 0.304921
vt 0.177449 0.166248
vt 0.183700 0.242511
vt 0.420724 0.984011
vt 0.423384 0.981432
vt 0.426012 0.977912
vt 0.427389 0.973721
vt 0.429195 0.960158
vt 0.416370 0.946546
vt 0.428865 0.946546
vt 0.415530 0.940324
vt 0.426487 0.933278
vt 0.409801 0.927806
vt 0.384126 0.914891
vt 0.392295 0.912322
vt 0.332351 0.905992
vt 0.365609 0.907400
vt 0.190286 0.862906
vt 0.157375 0.843068
vt 0.248562 0.304921
vt 0.243973 0.332367
vt 0.267410 0.166248
vt 0.232453 0.097244
vt 0.275324 0.047745
vt 0.239543 0.029998
vt 0.278458 0.029998
vt 0.516237 0.000765
vt 0.457096 0.984011
vt 0.457650 0.982978
vt 0.442221 0.976804
vt 0.460439 0.975427
vt 0.460703 0.973721
vt 0.444025 0.966445
vt 0.461436 0.966445
vt 0.444245 0.963402
vt 0.461588 0.963402
vt 0.444120 0.946546
vt 0.461502 0.946546
vt 0.442252 0.933278
vt 0.440461 0.929056
vt 0.458981 0.929056
vt 0.458478 0.927806
vt 0.437939 0.925285
vt 0.457244 0.925285
vt 0.434035 0.921444
vt 0.432307 0.920149
vt 0.450435 0.917535
vt 0.394429 0.907400
vt 0.402870 0.898148
vt 0.376067 0.880292
vt 0.299300 0.867335
vt 0.227229 0.736236
vt 0.312077 0.736236
vt 0.310500 0.719990
vt 0.308850 0.684285
vt 0.317059 0.578347
vt 0.329171 0.509073
vt 0.264202 0.464806
vt 0.337549 0.464806
vt 0.296739 0.343297
vt 0.359965 0.343297
vt 0.363923 0.304921
vt 0.321231 0.097244
vt 0.512755 0.000765
vt 0.477804 0.985296
vt 0.478414 0.982978
vt 0.500000 0.982978
vt 0.479836 0.975427
vt 0.500000 0.975427
vt 0.480344 0.966445
vt 0.500000 0.966445
vt 0.480378 0.946546
vt 0.500000 0.946546
vt 0.479530 0.931662
vt 0.479322 0.930298
vt 0.478836 0.927806
vt 0.478207 0.925285
vt 0.476836 0.921444
vt 0.455762 0.902614
vt 0.445011 0.892191
vt 0.425249 0.858325
vt 0.500000 0.778067
vt 0.404215 0.736236
vt 0.500000 0.736236
vt 0.500000 0.702660
vt 0.500000 0.684285
vt 0.417199 0.464806
vt 0.421239 0.423692
vt 0.437225 0.097244
vt 0.438024 0.047745
vt 0.504479 0.000765
vt 0.522536 0.986746
vt 0.521586 0.982978
vt 0.541873 0.982137
vt 0.542350 0.982978
vt 0.540529 0.979550
vt 0.520530 0.978808
vt 0.520409 0.977912
vt 0.540279 0.978808
vt 0.520164 0.975427
vt 0.539561 0.975426
vt 0.520029 0.973721
vt 0.539029 0.971661
vt 0.519656 0.966445
vt 0.538564 0.966445
vt 0.519578 0.963402
vt 0.519622 0.946546
vt 0.538498 0.946546
vt 0.538375 0.949906
vt 0.519819 0.940324
vt 0.538884 0.940324
vt 0.542756 0.925285
vt 0.558289 0.912321
vt 0.534957 0.908686
vt 0.607884 0.892191
vt 0.570476 0.867334
vt 0.638270 0.867334
vt 0.642572 0.862906
vt 0.592338 0.778067
vt 0.681161 0.778067
vt 0.595785 0.736236
vt 0.687924 0.736236
vt 0.597151 0.702660
vt 0.690603 0.702660
vt 0.597429 0.684285
vt 0.691061 0.664905
vt 0.691151 0.684285
vt 0.650891 0.404726
vt 0.575212 0.387040
vt 0.572413 0.356162
vt 0.569359 0.304921
vt 0.566779 0.242511
vt 0.623162 0.097244
vt 0.561112 0.029998
vt 0.619898 0.029998
vt 0.491213 0.000765
vt 0.496144 0.000634
vt 0.557423 0.975426
vt 0.556285 0.969216
vt 0.571256 0.966445
vt 0.555880 0.946546
vt 0.557254 0.935230
vt 0.562061 0.925285
vt 0.563174 0.924012
vt 0.579004 0.925285
vt 0.591583 0.917535
vt 0.719331 0.884519
vt 0.762955 0.778067
vt 0.834741 0.778067
vt 0.775061 0.719990
vt 0.776661 0.702660
vt 0.852189 0.702660
vt 0.850152 0.719990
vt 0.777455 0.684285
vt 0.777325 0.664905
vt 0.853035 0.664905
vt 0.853200 0.684285
vt 0.729918 0.443773
vt 0.792685 0.443773
vt 0.778810 0.404726
vt 0.714185 0.387040
vt 0.709886 0.370798
vt 0.701122 0.332367
vt 0.697517 0.304921
vt 0.690170 0.242511
vt 0.682711 0.166248
vt 0.742086 0.242511
vt 0.676494 0.047745
vt 0.480133 0.000913
vt 0.474709 0.000913
vt 0.608267 0.988277
vt 0.588637 0.980196
vt 0.594870 0.973721
vt 0.593353 0.943329
vt 0.585687 0.935230
vt 0.601626 0.926549
vt 0.592881 0.925285
vt 0.607670 0.917535
vt 0.640699 0.909901
vt 0.893540 0.778067
vt 0.937360 0.778067
vt 0.914053 0.702660
vt 0.915241 0.684285
vt 0.915047 0.664905
vt 0.961262 0.664905
vt 0.808621 0.356162
vt 0.801000 0.332367
vt 0.795605 0.304921
vt 0.764142 0.047745
vt 0.793554 0.047745
vt 0.614914 0.988277
vt 0.609560 0.925284
vt 0.675742 0.908686
vt 0.722397 0.902614
vt 0.776446 0.892191
vt 0.989810 0.684284
vt 0.989581 0.664905
s 1
usemtl Material.001
f 2561/533/817 833/534/818 2562/535/819 1697/536/820
f 887/537/821 2563/538/822 1697/536/820 2562/535/819
f 833/534/818 2564/539/823 1698/540/824 2562/535/819
f 2564/539/823 834/541/825 2565/542/826 1698/540/824
f 888/543/827 2566/544/828 1698/540/824 2565/542/826
f 2566/544/828 887/537/821 2562/535/819 1698/540/824
f 834/541/825 2567/545/829 1699/546/830 2565/542/826
f 2567/545/829 835/547/831 2568/548/832 1699/546/830
f 889/549/833 2569/550/834 1699/546/830 2568/548/832
f 2569/550/834 888/543/827 2565/542/826 1699/546/830
f 835/547/831 2570/551/835 1700/552/836 2568/548/832
f 2570/551/835 836/553/837 2571/554/838 1700/552/836
f 890/555/839 2572/556/840 1700/552/836 2571/554/838
f 2572/556/840 889/549/833 2568/548/832 1700/552/836
f 836/553/837 2573/557/841 1701/558/842 2571/554/838
f 2573/557/841 837/559/843 2574/560/844 1701/558/842
f 891/561/845 2575/562/846 1701/558/842 2574/560/844
f 2575/562/846 890/555/839 2571/554/838 1701/558/842
f 837/559/843 2576/563/847 1702/564/848 2574/560/844
f 2576/563/847 838/565/849 2577/566/850 1702/564/848
f 892/567/851 2578/568/852 1702/564/848 2577/566/850
f 2578/568/852 891/561/845 2574/560/844 1702/564/848
f 838/565/849 2579/569/853 1703/570/854 2577/566/850
f 2579/569/853 839/571/855 2580/572/856 1703/570/854
f 893/573/857 2581/574/858 1703/570/854 2580/572/856
f 2581/574/858 892/567/851 2577/566/850 1703/570/854
f 839/571/855 2582/575/859 1704/576/860 2580/572/856
f 2582/575/859 840/577/861 2583/578/862 1704/576/860
f 894/579/863 2584/580/864 1704/576/860 2583/578/862
f 2584/580/864 893/573/857 2580/572/856 1704/576/860
f 840/577/861 2585/581/865 1705/582/866 2583/578/862
f 2585/581/865 841/583/867 2586/584/868 1705/582/866
f 895/585/869 2587/586/870 1705/582/866 2586/584/868
f 2587/586/870 894/579/863 2583/578/862 1705/582/866
f 841/583/867 2588/587/871 1706/588/872 2586/584/868
f 2588/587/871 842/589/873 2589/590/874 1706/588/872
f 896/591/875 2590/592/876 1706/588/872 2589/590/874
f 2590/592/876 895/585/869 2586/584/868 1706/588/872
f 842/589/873 2591/593/877 1707/594/878 2589/590/874
f 2591/593/877 843/595/879 2592/596/880 1707/594/878
f 897/597/881 2593/598/882 1707/594/878 2592/596/880
f 2593/598/882 896/591/875 2589/590/874 1707/594/878
f 843/595/879 2594/599/883 1708/600/884 2592/596/880
f 2594/599/883 844/601/885 2595/602/886 1708/600/884
f 898/603/887 2596/604/888 1708/600/884 2595/602/886
f 2596/604/888 897/597/881 2592/596/880 1708/600/884
f 844/601/885 2597/605/889 1709/606/890 2595/602/886
f 2597/605/889 845/607/891 2598/608/892 1709/606/890
f 899/609/893 2599/610/894 1709/606/890 2598/608/892
f 2599/610/894 898/603/887 2595/602/886 1709/606/890
f 845/607/891 2600/611/895 1710/612/896 2598/608/892
f 2600/611/895 846/613/897 2601/614/898 1710/612/896
f 900/615/899 2602/616/900 1710/612/896 2601/614/898
f 2602/616/900 899/609/893 2598/608/892 1710/612/896
f 846/613/897 2603/617/901 1711/618/902 2601/614/898
f 2603/617/901 847/619/903 2604/620/904 1711/618/902
f 901/621/905 2605/622/906 1711/618/902 2604/620/904
f 2605/622/906 900/615/899 2601/614/898 1711/618/902
f 847/619/903 2606/623/907 1712/624/908 2604/620/904
f 2606/623/907 848/625/909 2607/626/910 1712/624/908
f 902/627/911 2608/628/912 1712/624/908 2607/626/910
f 2608/628/912 901/621/905 2604/620/904 1712/624/908
f 848/625/909 2609/629/913 1713/630/914 2607/626/910
f 2609/629/913 849/631/915 2610/632/916 1713/630/914
f 903/633/917 2611/634/918 1713/630/914 2610/632/916
f 2611/634/918 902/627/911 2607/626/910 1713/630/914
f 849/631/915 2612/635/919 1714/636/920 2610/632/916
f 2612/635/919 850/637/921 2613/638/922 1714/636/920
f 904/639/923 2614/640/924 1714/636/920 2613/638/922
f 2614/640/924 903/633/917 2610/632/916 1714/636/920
f 850/637/921 2615/641/925 1715/642/926 2613/638/922
f 2615/641/925 851/643/927 2616/644/928 1715/642/926
f 905/645/929 2617/646/930 1715/642/926 2616/644/928
f 2617/646/930 904/639/923 2613/638/922 1715/642/926
f 851/643/927 2618/647/931 1716/648/932 2616/644/928
f 2618/647/931 852/649/933 2619/650/934 1716/648/932
f 906/651/935 2620/652/936 1716/648/932 2619/650/934
f 2620/652/936 905/645/929 2616/644/928 1716/648/932
f 852/649/933 2621/653/937 1717/654/938 2619/650/934
f 2621/653/937 853/655/939 2622/656/940 1717/654/938
f 907/657/941 2623/658/942 1717/654/938 2622/656/940
f 2623/658/942 906/651/935 2619/650/934 1717/654/938
f 853/655/939 2624/659/943 1718/660/944 2622/656/940
f 2624/659/943 854/661/945 2625/662/946 1718/660/944
f 908/663/947 2626/664/948 1718/660/944 2625/662/946
f 2626/664/948 907/657/941 2622/656/940 1718/660/944
f 854/661/945 2627/665/949 1719/666/950 2625/662/946
f 2627/665/949 855/667/951 2628/668/952 1719/666/950
f 909/669/953 2629/670/954 1719/666/950 2628/668/952
f 2629/670/954 908/663/947 2625/662/946 1719/666/950
f 855/667/951 2630/671/955 1720/672/956 2628/668/952
f 2630/671/955 856/673/957 2631/674/958 1720/672/956
f 910/675/959 2632/676/960 1720/672/956 2631/674/958
f 2632/676/960 909/669/953 2628/668/952 1720/672/956
f 856/673/957 2633/677/961 1721/678/962 2631/674/958
f 2633/677/961 857/679/963 2634/680/964 1721/678/962
f 911/681/965 2635/682/966 1721/678/962 2634/680/964
f 2635/682/966 910/675/959 2631/674/958 1721/678/962
f 857/679/963 2636/683/967 1722/684/968 2634/680/964
f 2636/683/967 858/685/969 2637/686/970 1722/684/968
f 912/687/971 2638/688/972 1722/684/968 2637/686/970
f 2638/688/972 911/681/965 2634/680/964 1722/684/968
f 858/685/969 2639/689/973 1723/690/974 2637/686/970
f 2639/689/973 859/691/975 2640/692/976 1723/690/974
f 913/693/977 2641/694/978 1723/690/974 2640/692/976
f 2641/694/978 912/687/971 2637/686/970 1723/690/974
f 859/691/975 2642/695/979 1724/696/980 2640/692/976
f 2642/695/979 860/697/981 2643/698/982 1724/696/980
f 914/699/983 2644/700/984 1724/696/980 2643/698/982
f 2644/700/984 913/693/977 2640/692/976 1724/696/980
f 860/697/981 2645/701/985 1725/702/986 2643/698/982
f 2645/701/985 861/703/987 2646/704/988 1725/702/986
f 915/705/989 2647/706/990 1725/702/986 2646/704/988
f 2647/706/990 914/699/983 2643/698/982 1725/702/986
f 861/703/987 2648/707/991 1726/708/992 2646/704/988
f 2648/707/991 862/709/993 2649/710/994 1726/708/992
f 916/711/995 2650/712/996 1726/708/992 2649/710/994
f 2650/712/996 915/705/989 2646/704/988 1726/708/992
f 862/709/993 2651/713/997 1727/714/998 2649/710/994
f 2651/713/997 863/715/999 2652/716/1000 1727/714/998
f 917/717/1001 2653/718/1002 1727/714/998 2652/716/1000
f 2653/718/1002 916/711/995 2649/710/994 1727/714/998
f 863/715/999 2654/719/1003 1728/720/1004 2652/716/1000
f 2654/719/1003 864/721/1005 2655/722/1006 1728/720/1004
f 918/723/1007 2656/724/1008 1728/720/1004 2655/722/1006
f 2656/724/1008 917/717/1001 2652/716/1000 1728/720/1004
f 864/721/1005 2657/725/1009 1729/726/1010 2655/722/1006
f 2657/725/1009 865/727/1011 2658/728/1012 1729/726/1010
f 919/729/1013 2659/730/1014 1729/726/1010 2658/728/1012
f 2659/730/1014 918/723/1007 2655/722/1006 1729/726/1010
f 865/727/1011 2660/731/1015 1730/732/1016 2658/728/1012
f 2660/731/1015 866/733/1017 2661/734/1018 1730/732/1016
f 920/735/1019 2662/736/1020 1730/732/1016 2661/734/1018
f 2662/736/1020 919/729/1013 2658/728/1012 1730/732/1016
f 866/733/1017 2663/737/1021 1731/738/1022 2661/734/1018
f 2663/737/1021 867/739/1023 2664/740/1024 1731/738/1022
f 921/741/1025 2665/742/1026 1731/738/1022 2664/740/1024
f 2665/742/1026 920/735/1019 2661/734/1018 1731/738/1022
f 867/739/1023 2666/743/1027 1732/744/1028 2664/740/1024
f 2666/743/1027 868/745/1029 2667/746/1030 1732/744/1028
f 922/747/1031 2668/748/1032 1732/744/1028 2667/746/1030
f 2668/748/1032 921/741/1025 2664/740/1024 1732/744/1028
f 868/745/1029 2669/749/1033 1733/750/1034 2667/746/1030
f 2669/749/1033 869/751/1035 2670/752/1036 1733/750/1034
f 923/753/1037 2671/754/1038 1733/750/1034 2670/752/1036
f 2671/754/1038 922/747/1031 2667/746/1030 1733/750/1034
f 869/751/1035 2672/755/1039 1734/756/1040 2670/752/1036
f 2672/755/1039 870/757/1041 2673/758/1042 1734/756/1040
f 924/759/1043 2674/760/1044 1734/756/1040 2673/758/1042
f 2674/760/1044 923/753/1037 2670/752/1036 1734/756/1040
f 870/757/1041 2675/761/1045 1735/762/1046 2673/758/1042
f 2675/761/1045 871/763/1047 2676/764/1048 1735/762/1046
f 925/765/1049 2677/766/1050 1735/762/1046 2676/764/1048
f 2677/766/1050 924/759/1043 2673/758/1042 1735/762/1046
f 871/763/1047 2678/767/1051 1736/768/1052 2676/764/1048
f 2678/767/1051 872/769/1053 2679/770/1054 1736/768/1052
f 926/771/1055 2680/772/1056 1736/768/1052 2679/770/1054
f 2680/772/1056 925/765/1049 2676/764/1048 1736/768/1052
f 872/769/1053 2681/773/1057 1737/774/1058 2679/770/1054
f 2681/773/1057 873/775/1059 2682/776/1060 1737/774/1058
f 927/777/1061 2683/778/1062 1737/774/1058 2682/776/1060
f 2683/778/1062 926/771/1055 2679/770/1054 1737/774/1058
f 873/775/1059 2684/779/1063 1738/780/1064 2682/776/1060
f 2684/779/1063 874/781/1065 2685/782/1066 1738/780/1064
f 928/783/1067 2686/784/1068 1738/780/1064 2685/782/1066
f 2686/784/1068 927/777/1061 2682/776/1060 1738/780/1064
f 874/781/1065 2687/785/1069 1739/786/1070 2685/782/1066
f 2687/785/1069 875/787/1071 2688/788/1072 1739/786/1070
f 929/789/1073 2689/790/1074 1739/786/1070 2688/788/1072
f 2689/790/1074 928/783/1067 2685/782/1066 1739/786/1070
f 875/787/1071 2690/791/1075 1740/792/1076 2688/788/1072
f 2690/791/1075 876/793/1077 2691/794/1078 1740/792/1076
f 930/795/1079 2692/796/1080 1740/792/1076 2691/794/1078
f 2692/796/1080 929/789/1073 2688/788/1072 1740/792/1076
f 876/793/1077 2693/797/1081 1741/798/1082 2691/794/1078
f 2693/797/1081 877/799/1083 2694/800/1084 1741/798/1082
f 931/801/1085 2695/802/1086 1741/798/1082 2694/800/1084
f 2695/802/1086 930/795/1079 2691/794/1078 1741/798/1082
f 877/799/1083 2696/803/1087 1742/804/1088 2694/800/1084
f 2696/803/1087 878/805/1089 2697/806/1090 1742/804/1088
f 932/807/1091 2698/808/1092 1742/804/1088 2697/806/1090
f 2698/808/1092 931/801/1085 2694/800/1084 1742/804/1088
f 878/805/1089 2699/809/1093 1743/810/1094 2697/806/1090
f 2699/809/1093 879/811/1095 2700/812/1096 1743/810/1094
f 933/813/1097 2701/814/1098 1743/810/1094 2700/812/1096
f 2701/814/1098 932/807/1091 2697/806/1090 1743/810/1094
f 879/811/1095 2702/815/1099 1744/816/1100 2700/812/1096
f 2702/815/1099 880/817/1101 2703/818/1102 1744/816/1100
f 934/819/1103 2704/820/1104 1744/816/1100 2703/818/1102
f 2704/820/1104 933/813/1097 2700/812/1096 1744/816/1100
f 880/817/1101 2705/821/1105 1745/822/1106 2703/818/1102
f 2705/821/1105 881/823/1107 2706/824/1108 1745/822/1106
f 935/825/1109 2707/826/1110 1745/822/1106 2706/824/1108
f 2707/826/1110 934/819/1103 2703/818/1102 1745/822/1106
f 881/823/1107 2708/827/1111 1746/828/1112 2706/824/1108
f 2708/827/1111 882/829/1113 2709/830/1114 1746/828/1112
f 936/831/1115 2710/832/1116 1746/828/1112 2709/830/1114
f 2710/832/1116 935/825/1109 2706/824/1108 1746/828/1112
f 882/829/1113 2711/833/1117 1747/834/1118 2709/830/1114
f 2711/833/1117 883/835/1119 2712/836/1120 1747/834/1118
f 937/837/1121 2713/838/1122 1747/834/1118 2712/836/1120
f 2713/838/1122 936/831/1115 2709/830/1114 1747/834/1118
f 883/835/1119 2714/839/1123 1748/840/1124 2712/836/1120
f 2714/839/1123 884/841/1125 2715/842/1126 1748/840/1124
f 938/843/1127 2716/844/1128 1748/840/1124 2715/842/1126
f 2716/844/1128 937/837/1121 2712/836/1120 1748/840/1124
f 884/841/1125 2717/845/1129 1749/846/1130 2715/842/1126
f 2718/847/1131 938/843/1127 2715/842/1126 1749/846/1130
f 885/848/1132 2720/849/1133 1750/850/1134 2719/851/1135
f 2720/849/1133 886/852/1136 2721/853/1137 1750/850/1134
f 940/854/1138 2722/855/1139 1750/850/1134 2721/853/1137
f 2722/855/1139 939/856/1140 2719/851/1135 1750/850/1134
f 2563/538/822 887/537/821 2723/857/1141 1751/858/1142
f 941/859/1143 2724/860/1144 1751/858/1142 2723/857/1141
f 887/537/821 2566/544/828 1752/861/1145 2723/857/1141
f 2566/544/828 888/543/827 2725/862/1146 1752/861/1145
f 942/863/1147 2726/864/1148 1752/861/1145 2725/862/1146
f 2726/864/1148 941/859/1143 2723/857/1141 1752/861/1145
f 888/543/827 2569/550/834 1753/865/1149 2725/862/1146
f 2569/550/834 889/549/833 2727/866/1150 1753/865/1149
f 943/867/1151 2728/868/1152 1753/865/1149 2727/866/1150
f 2728/868/1152 942/863/1147 2725/862/1146 1753/865/1149
f 889/549/833 2572/556/840 1754/869/1153 2727/866/1150
f 2572/556/840 890/555/839 2729/870/1154 1754/869/1153
f 944/871/1155 2730/872/1156 1754/869/1153 2729/870/1154
f 2730/872/1156 943/867/1151 2727/866/1150 1754/869/1153
f 890/555/839 2575/562/846 1755/873/1157 2729/870/1154
f 2575/562/846 891/561/845 2731/874/1158 1755/873/1157
f 945/875/1159 2732/876/1160 1755/873/1157 2731/874/1158
f 2732/876/1160 944/871/1155 2729/870/1154 1755/873/1157
f 891/561/845 2578/568/852 1756/877/1161 2731/874/1158
f 2578/568/852 892/567/851 2733/878/1162 1756/877/1161
f 946/879/1163 2734/880/1164 1756/877/1161 2733/878/1162
f 2734/880/1164 945/875/1159 2731/874/1158 1756/877/1161
f 892/567/851 2581/574/858 1757/881/1165 2733/878/1162
f 2581/574/858 893/573/857 2735/882/1166 1757/881/1165
f 947/883/1167 2736/884/1168 1757/881/1165 2735/882/1166
f 2736/884/1168 946/879/1163 2733/878/1162 1757/881/1165
f 893/573/857 2584/580/864 1758/885/1169 2735/882/1166
f 2584/580/864 894/579/863 2737/886/1170 1758/885/1169
f 948/887/1171 2738/888/1172 1758/885/1169 2737/886/1170
f 2738/888/1172 947/883/1167 2735/882/1166 1758/885/1169
f 894/579/863 2587/586/870 1759/889/1173 2737/886/1170
f 2587/586/870 895/585/869 2739/890/1174 1759/889/1173
f 949/891/1175 2740/892/1176 1759/889/1173 2739/890/1174
f 2740/892/1176 948/887/1171 2737/886/1170 1759/889/1173
f 895/585/869 2590/592/876 1760/893/1177 2739/890/1174
f 2590/592/876 896/591/875 2741/894/1178 1760/893/1177
f 950/895/1179 2742/896/1180 1760/893/1177 2741/894/1178
f 2742/896/1180 949/891/1175 2739/890/1174 1760/893/1177
f 896/591/875 2593/598/882 1761/897/1181 2741/894/1178
f 2593/598/882 897/597/881 2743/898/1182 1761/897/1181
f 951/899/1183 2744/900/1184 1761/897/1181 2743/898/1182
f 2744/900/1184 950/895/1179 2741/894/1178 1761/897/1181
f 897/597/881 2596/604/888 1762/901/1185 2743/898/1182
f 2596/604/888 898/603/887 2745/902/1186 1762/901/1185
f 952/903/1187 2746/904/1188 1762/901/1185 2745/902/1186
f 2746/904/1188 951/899/1183 2743/898/1182 1762/901/1185
f 898/603/887 2599/610/894 1763/905/1189 2745/902/1186
f 2599/610/894 899/609/893 2747/906/1190 1763/905/1189
f 953/907/1191 2748/908/1192 1763/905/1189 2747/906/1190
f 2748/908/1192 952/903/1187 2745/902/1186 1763/905/1189
f 899/609/893 2602/616/900 1764/909/1193 2747/906/1190
f 2602/616/900 900/615/899 2749/910/1194 1764/909/1193
f 954/911/1195 2750/912/1196 1764/909/1193 2749/910/1194
f 2750/912/1196 953/907/1191 2747/906/1190 1764/909/1193
f 900/615/899 2605/622/906 1765/913/1197 2749/910/1194
f 2605/622/906 901/621/905 2751/914/1198 1765/913/1197
f 955/915/1199 2752/916/1200 1765/913/1197 2751/914/1198
f 2752/916/1200 954/911/1195 2749/910/1194 1765/913/1197
f 901/621/905 2608/628/912 1766/917/1201 2751/914/1198
f 2608/628/912 902/627/911 2753/918/1202 1766/917/1201
f 956/919/1203 2754/920/1204 1766/917/1201 2753/918/1202
f 2754/920/1204 955/915/1199 2751/914/1198 1766/917/1201
f 902/627/911 2611/634/918 1767/921/1205 2753/918/1202
f 2611/634/918 903/633/917 2755/922/1206 1767/921/1205
f 957/923/1207 2756/924/1208 1767/921/1205 2755/922/1206
f 2756/924/1208 956/919/1203 2753/918/1202 1767/921/1205
f 903/633/917 2614/640/924 1768/925/1209 2755/922/1206
f 2614/640/924 904/639/923 2757/926/1210 1768/925/1209
f 958/927/1211 2758/928/1212 1768/925/1209 2757/926/1210
f 2758/928/1212 957/923/1207 2755/922/1206 1768/925/1209
f 904/639/923 2617/646/930 1769/929/1213 2757/926/1210
f 2617/646/930 905/645/929 2759/930/1214 1769/929/1213
f 959/931/1215 2760/932/1216 1769/929/1213 2759/930/1214
f 2760/932/1216 958/927/1211 2757/926/1210 1769/929/1213
f 905/645/929 2620/652/936 1770/933/1217 2759/930/1214
f 2620/652/936 906/651/935 2761/934/1218 1770/933/1217
f 960/935/1219 2762/936/1220 1770/933/1217 2761/934/1218
f 2762/936/1220 959/931/1215 2759/930/1214 1770/933/1217
f 906/651/935 2623/658/942 1771/937/1221 2761/934/1218
f 2623/658/942 907/657/941 2763/938/1222 1771/937/1221
f 961/939/1223 2764/940/1224 1771/937/1221 2763/938/1222
f 2764/940/1224 960/935/1219 2761/934/1218 1771/937/1221
f 907/657/941 2626/664/948 1772/941/1225 2763/938/1222
f 2626/664/948 908/663/947 2765/942/1226 1772/941/1225
f 962/943/1227 2766/944/1228 1772/941/1225 2765/942/1226
f 2766/944/1228 961/939/1223 2763/938/1222 1772/941/1225
f 908/663/947 2629/670/954 1773/945/1229 2765/942/1226
f 2629/670/954 909/669/953 2767/946/1230 1773/945/1229
f 963/947/1231 2768/948/1232 1773/945/1229 2767/946/1230
f 2768/948/1232 962/943/1227 2765/942/1226 1773/945/1229
f 909/669/953 2632/676/960 1774/949/1233 2767/946/1230
f 2632/676/960 910/675/959 2769/950/1234 1774/949/1233
f 964/951/1235 2770/952/1236 1774/949/1233 2769/950/1234
f 2770/952/1236 963/947/1231 2767/946/1230 1774/949/1233
f 910/675/959 2635/682/966 1775/953/1237 2769/950/1234
f 2635/682/966 911/681/965 2771/954/1238 1775/953/1237
f 965/955/1239 2772/956/1240 1775/953/1237 2771/954/1238
f 2772/956/1240 964/951/1235 2769/950/1234 1775/953/1237
f 911/681/965 2638/688/972 1776/957/1241 2771/954/1238
f 2638/688/972 912/687/971 2773/958/1242 1776/957/1241
f 966/959/1243 2774/960/1244 1776/957/1241 2773/958/1242
f 2774/960/1244 965/955/1239 2771/954/1238 1776/957/1241
f 912/687/971 2641/694/978 1777/961/1245 2773/958/1242
f 2641/694/978 913/693/977 2775/962/1246 1777/961/1245
f 967/963/1247 2776/964/1248 1777/961/1245 2775/962/1246
f 2776/964/1248 966/959/1243 2773/958/1242 1777/961/1245
f 913/693/977 2644/700/984 1778/965/1249 2775/962/1246
f 2644/700/984 914/699/983 2777/966/1250 1778/965/1249
f 968/967/1251 2778/968/1252 1778/965/1249 2777/966/1250
f 2778/968/1252 967/963/1247 2775/962/1246 1778/965/1249
f 914/699/983 2647/706/990 1779/969/1253 2777/966/1250
f 2647/706/990 915/705/989 2779/970/1254 1779/969/1253
f 969/971/1255 2780/972/1256 1779/969/1253 2779/970/1254
f 2780/972/1256 968/967/1251 2777/966/1250 1779/969/1253
f 915/705/989 2650/712/996 1780/973/1257 2779/970/1254
f 2650/712/996 916/711/995 2781/974/1258 1780/973/1257
f 970/975/1259 2782/976/1260 1780/973/1257 2781/974/1258
f 2782/976/1260 969/971/1255 2779/970/1254 1780/973/1257
f 916/711/995 2653/718/1002 1781/977/1261 2781/974/1258
f 2653/718/1002 917/717/1001 2783/978/1262 1781/977/1261
f 971/979/1263 2784/980/1264 1781/977/1261 2783/978/1262
f 2784/980/1264 970/975/1259 2781/974/1258 1781/977/1261
f 917/717/1001 2656/724/1008 1782/981/1265 2783/978/1262
f 2656/724/1008 918/723/1007 2785/982/1266 1782/981/1265
f 972/983/1267 2786/984/1268 1782/981/1265 2785/982/1266
f 2786/984/1268 971/979/1263 2783/978/1262 1782/981/1265
f 918/723/1007 2659/730/1014 1783/985/1269 2785/982/1266
f 2659/730/1014 919/729/1013 2787/986/1270 1783/985/1269
f 973/987/1271 2788/988/1272 1783/985/1269 2787/986/1270
f 2788/988/1272 972/983/1267 2785/982/1266 1783/985/1269
f 919/729/1013 2662/736/1020 1784/989/1273 2787/986/1270
f 2662/736/1020 920/735/1019 2789/990/1274 1784/989/1273
f 974/991/1275 2790/992/1276 1784/989/1273 2789/990/1274
f 2790/992/1276 973/987/1271 2787/986/1270 1784/989/1273
f 920/735/1019 2665/742/1026 1785/993/1277 2789/990/1274
f 2665/742/1026 921/741/1025 2791/994/1278 1785/993/1277
f 975/995/1279 2792/996/1280 1785/993/1277 2791/994/1278
f 2792/996/1280 974/991/1275 2789/990/1274 1785/993/1277
f 921/741/1025 2668/748/1032 1786/997/1281 2791/994/1278
f 2668/748/1032 922/747/1031 2793/998/1282 1786/997/1281
f 976/999/1283 2794/1000/1284 1786/997/1281 2793/998/1282
f 2794/1000/1284 975/995/1279 2791/994/1278 1786/997/1281
f 922/747/1031 2671/754/1038 1787/1001/1285 2793/998/1282
f 2671/754/1038 923/753/1037 2795/1002/1286 1787/1001/1285
f 977/1003/1287 2796/1004/1288 1787/1001/1285 2795/1002/1286
f 2796/1004/1288 976/999/1283 2793/998/1282 1787/1001/1285
f 923/753/1037 2674/760/1044 1788/1005/1289 2795/1002/1286
f 2674/760/1044 924/759/1043 2797/1006/1290 1788/1005/1289
f 978/1007/1291 2798/1008/1292 1788/1005/1289 2797/1006/1290
f 2798/1008/1292 977/1003/1287 2795/1002/1286 1788/1005/1289
f 924/759/1043 2677/766/1050 1789/1009/1293 2797/1006/1290
f 2677/766/1050 925/765/1049 2799/1010/1294 1789/1009/1293
f 979/1011/1295 2800/1012/1296 1789/1009/1293 2799/1010/1294
f 2800/1012/1296 978/1007/1291 2797/1006/1290 1789/1009/1293
f 925/765/1049 2680/772/1056 1790/1013/1297 2799/1010/1294
f 2680/772/1056 926/771/1055 2801/1014/1298 1790/1013/1297
f 980/1015/1299 2802/1016/1300 1790/1013/1297 2801/1014/1298
f 2802/1016/1300 979/1011/1295 2799/1010/1294 1790/1013/1297
f 926/771/1055 2683/778/1062 1791/1017/1301 2801/1014/1298
f 2683/778/1062 927/777/1061 2803/1018/1302 1791/1017/1301
f 981/1019/1303 2804/1020/1304 1791/1017/1301 2803/1018/1302
f 2804/1020/1304 980/1015/1299 2801/1014/1298 1791/1017/1301
f 927/777/1061 2686/784/1068 1792/1021/1305 2803/1018/1302
f 2686/784/1068 928/783/1067 2805/1022/1306 1792/1021/1305
f 982/1023/1307 2806/1024/1308 1792/1021/1305 2805/1022/1306
f 2806/1024/1308 981/1019/1303 2803/1018/1302 1792/1021/1305
f 928/783/1067 2689/790/1074 1793/1025/1309 2805/1022/1306
f 2689/790/1074 929/789/1073 2807/1026/1310 1793/1025/1309
f 983/1027/1311 2808/1028/1312 1793/1025/1309 2807/1026/1310
f 2808/1028/1312 982/1023/1307 2805/1022/1306 1793/1025/1309
f 929/789/1073 2692/796/1080 1794/1029/1313 2807/1026/1310
f 2692/796/1080 930/795/1079 2809/1030/1314 1794/1029/1313
f 984/1031/1315 2810/1032/1316 1794/1029/1313 2809/1030/1314
f 2810/1032/1316 983/1027/1311 2807/1026/1310 1794/1029/1313
f 930/795/1079 2695/802/1086 1795/1033/1317 2809/1030/1314
f 2695/802/1086 931/801/1085 2811/1034/1318 1795/1033/1317
f 985/1035/1319 2812/1036/1320 1795/1033/1317 2811/1034/1318
f 2812/1036/1320 984/1031/1315 2809/1030/1314 1795/1033/1317
f 931/801/1085 2698/808/1092 1796/1037/1321 2811/1034/1318
f 2698/808/1092 932/807/1091 2813/1038/1322 1796/1037/1321
f 986/1039/1323 2814/1040/1324 1796/1037/1321 2813/1038/1322
f 2814/1040/1324 985/1035/1319 2811/1034/1318 1796/1037/1321
f 932/807/1091 2701/814/1098 1797/1041/1325 2813/1038/1322
f 2701/814/1098 933/813/1097 2815/1042/1326 1797/1041/1325
f 987/1043/1327 2816/1044/1328 1797/1041/1325 2815/1042/1326
f 2816/1044/1328 986/1039/1323 2813/1038/1322 1797/1041/1325
f 933/813/1097 2704/820/1104 1798/1045/1329 2815/1042/1326
f 2704/820/1104 934/819/1103 2817/1046/1330 1798/1045/1329
f 988/1047/1331 2818/1048/1332 1798/1045/1329 2817/1046/1330
f 2818/1048/1332 987/1043/1327 2815/1042/1326 1798/1045/1329
f 934/819/1103 2707/826/1110 1799/1049/1333 2817/1046/1330
f 2707/826/1110 935/825/1109 2819/1050/1334 1799/1049/1333
f 989/1051/1335 2820/1052/1336 1799/1049/1333 2819/1050/1334
f 2820/1052/1336 988/1047/1331 2817/1046/1330 1799/1049/1333
f 935/825/1109 2710/832/1116 1800/1053/1337 2819/1050/1334
f 2710/832/1116 936/831/1115 2821/1054/1338 1800/1053/1337
f 990/1055/1339 2822/1056/1340 1800/1053/1337 2821/1054/1338
f 2822/1056/1340 989/1051/1335 2819/1050/1334 1800/1053/1337
f 936/831/1115 2713/838/1122 1801/1057/1341 2821/1054/1338
f 2713/838/1122 937/837/1121 2823/1058/1342 1801/1057/1341
f 991/1059/1343 2824/1060/1344 1801/1057/1341 2823/1058/1342
f 2824/1060/1344 990/1055/1339 2821/1054/1338 1801/1057/1341
f 937/837/1121 2716/844/1128 1802/1061/1345 2823/1058/1342
f 2716/844/1128 938/843/1127 2825/1062/1346 1802/1061/1345
f 992/1063/1347 2826/1064/1348 1802/1061/1345 2825/1062/1346
f 2826/1064/1348 991/1059/1343 2823/1058/1342 1802/1061/1345
f 938/843/1127 2718/847/1131 1803/1065/1349 2825/1062/1346
f 2827/1066/1350 992/1063/1347 2825/1062/1346 1803/1065/1349
f 939/856/1140 2722/855/1139 1804/1067/1351 2828/1068/1352
f 2722/855/1139 940/854/1138 2829/1069/1353 1804/1067/1351
f 994/1070/1354 2830/1071/1355 1804/1067/1351 2829/1069/1353
f 2830/1071/1355 993/1072/1356 2828/1068/1352 1804/1067/1351
f 2724/860/1144 941/859/1143 2831/1073/1357 1805/1074/1358
f 995/1075/1359 2832/1076/1360 1805/1074/1358 2831/1073/1357
f 941/859/1143 2726/864/1148 1806/1077/1361 2831/1073/1357
f 2726/864/1148 942/863/1147 2833/1078/1362 1806/1077/1361
f 996/1079/1363 2834/1080/1364 1806/1077/1361 2833/1078/1362
f 2834/1080/1364 995/1075/1359 2831/1073/1357 1806/1077/1361
f 942/863/1147 2728/868/1152 1807/1081/1365 2833/1078/1362
f 2728/868/1152 943/867/1151 2835/1082/1366 1807/1081/1365
f 997/1083/1367 2836/1084/1368 1807/1081/1365 2835/1082/1366
f 2836/1084/1368 996/1079/1363 2833/1078/1362 1807/1081/1365
f 943/867/1151 2730/872/1156 1808/1085/1369 2835/1082/1366
f 2730/872/1156 944/871/1155 2837/1086/1370 1808/1085/1369
f 998/1087/1371 2838/1088/1372 1808/1085/1369 2837/1086/1370
f 2838/1088/1372 997/1083/1367 2835/1082/1366 1808/1085/1369
f 944/871/1155 2732/876/1160 1809/1089/1373 2837/1086/1370
f 2732/876/1160 945/875/1159 2839/1090/1374 1809/1089/1373
f 999/1091/1375 2840/1092/1376 1809/1089/1373 2839/1090/1374
f 2840/1092/1376 998/1087/1371 2837/1086/1370 1809/1089/1373
f 945/875/1159 2734/880/1164 1810/1093/1377 2839/1090/1374
f 2734/880/1164 946/879/1163 2841/1094/1378 1810/1093/1377
f 1000/1095/1379 2842/1096/1380 1810/1093/1377 2841/1094/1378
f 2842/1096/1380 999/1091/1375 2839/1090/1374 1810/1093/1377
f 946/879/1163 2736/884/1168 1811/1097/1381 2841/1094/1378
f 2736/884/1168 947/883/1167 2843/1098/1382 1811/1097/1381
f 1001/1099/1383 2844/1100/1384 1811/1097/1381 2843/1098/1382
f 2844/1100/1384 1000/1095/1379 2841/1094/1378 1811/1097/1381
f 947/883/1167 2738/888/1172 1812/1101/1385 2843/1098/1382
f 2738/888/1172 948/887/1171 2845/1102/1386 1812/1101/1385
f 1002/1103/1387 2846/1104/1388 1812/1101/1385 2845/1102/1386
f 2846/1104/1388 1001/1099/1383 2843/1098/1382 1812/1101/1385
f 948/887/1171 2740/892/1176 1813/1105/1389 2845/1102/1386
f 2740/892/1176 949/891/1175 2847/1106/1390 1813/1105/1389
f 1003/1107/1391 2848/1108/1392 1813/1105/1389 2847/1106/1390
f 2848/1108/1392 1002/1103/1387 2845/1102/1386 1813/1105/1389
f 949/891/1175 2742/896/1180 1814/1109/1393 2847/1106/1390
f 2742/896/1180 950/895/1179 2849/1110/1394 1814/1109/1393
f 1004/1111/1395 2850/1112/1396 1814/1109/1393 2849/1110/1394
f 2850/1112/1396 1003/1107/1391 2847/1106/1390 1814/1109/1393
f 950/895/1179 2744/900/1184 1815/1113/1397 2849/1110/1394
f 2744/900/1184 951/899/1183 2851/1114/1398 1815/1113/1397
f 1005/1115/1399 2852/1116/1400 1815/1113/1397 2851/1114/1398
f 2852/1116/1400 1004/1111/1395 2849/1110/1394 1815/1113/1397
f 951/899/1183 2746/904/1188 1816/1117/1401 2851/1114/1398
f 2746/904/1188 952/903/1187 2853/1118/1402 1816/1117/1401
f 1006/1119/1403 2854/1120/1404 1816/1117/1401 2853/1118/1402
f 2854/1120/1404 1005/1115/1399 2851/1114/1398 1816/1117/1401
f 952/903/1187 2748/908/1192 1817/1121/1405 2853/1118/1402
f 2748/908/1192 953/907/1191 2855/1122/1406 1817/1121/1405
f 1007/1123/1407 2856/1124/1408 1817/1121/1405 2855/1122/1406
f 2856/1124/1408 1006/1119/1403 2853/1118/1402 1817/1121/1405
f 953/907/1191 2750/912/1196 1818/1125/1409 2855/1122/1406
f 2750/912/1196 954/911/1195 2857/1126/1410 1818/1125/1409
f 1008/1127/1411 2858/1128/1412 1818/1125/1409 2857/1126/1410
f 2858/1128/1412 1007/1123/1407 2855/1122/1406 1818/1125/1409
f 954/911/1195 2752/916/1200 1819/1129/1413 2857/1126/1410
f 2752/916/1200 955/915/1199 2859/1130/1414 1819/1129/1413
f 1009/1131/1415 2860/1132/1416 1819/1129/1413 2859/1130/1414
f 2860/1132/1416 1008/1127/1411 2857/1126/1410 1819/1129/1413
f 955/915/1199 2754/920/1204 1820/1133/1417 2859/1130/1414
f 2754/920/1204 956/919/1203 2861/1134/1418 1820/1133/1417
f 1010/1135/1419 2862/1136/1420 1820/1133/1417 2861/1134/1418
f 2862/1136/1420 1009/1131/1415 2859/1130/1414 1820/1133/1417
f 956/919/1203 2756/924/1208 1821/1137/1421 2861/1134/1418
f 2756/924/1208 957/923/1207 2863/1138/1422 1821/1137/1421
f 1011/1139/1423 2864/1140/1424 1821/1137/1421 2863/1138/1422
f 2864/1140/1424 1010/1135/1419 2861/1134/1418 1821/1137/1421
f 957/923/1207 2758/928/1212 1822/1141/1425 2863/1138/1422
f 2758/928/1212 958/927/1211 2865/1142/1426 1822/1141/1425
f 1012/1143/1427 2866/1144/1428 1822/1141/1425 2865/1142/1426
f 2866/1144/1428 1011/1139/1423 2863/1138/1422 1822/1141/1425
f 958/927/1211 2760/932/1216 1823/1145/1429 2865/1142/1426
f 2760/932/1216 959/931/1215 2867/1146/1430 1823/1145/1429
f 1013/1147/1431 2868/1148/1432 1823/1145/1429 2867/1146/1430
f 2868/1148/1432 1012/1143/1427 2865/1142/1426 1823/1145/1429
f 959/931/1215 2762/936/1220 1824/1149/1433 2867/1146/1430
f 2762/936/1220 960/935/1219 2869/1150/1434 1824/1149/1433
f 1014/1151/1435 2870/1152/1436 1824/1149/1433 2869/1150/1434
f 2870/1152/1436 1013/1147/1431 2867/1146/1430 1824/1149/1433
f 960/935/1219 2764/940/1224 1825/1153/1437 2869/1150/1434
f 2764/940/1224 961/939/1223 2871/1154/1438 1825/1153/1437
f 1015/1155/1439 2872/1156/1440 1825/1153/1437 2871/1154/1438
f 2872/1156/1440 1014/1151/1435 2869/1150/1434 1825/1153/1437
f 961/939/1223 2766/944/1228 1826/1157/1441 2871/1154/1438
f 2766/944/1228 962/943/1227 2873/1158/1442 1826/1157/1441
f 1016/1159/1443 2874/1160/1444 1826/1157/1441 2873/1158/1442
f 2874/1160/1444 1015/1155/1439 2871/1154/1438 1826/1157/1441
f 962/943/1227 2768/948/1232 1827/1161/1445 2873/1158/1442
f 2768/948/1232 963/947/1231 2875/1162/1446 1827/1161/1445
f 1017/1163/1447 2876/1164/1448 1827/1161/1445 2875/1162/1446
f 2876/1164/1448 1016/1159/1443 2873/1158/1442 1827/1161/1445
f 963/947/1231 2770/952/1236 1828/1165/1449 2875/1162/1446
f 2770/952/1236 964/951/1235 2877/1166/1450 1828/1165/1449
f 1018/1167/1451 2878/1168/1452 1828/1165/1449 2877/1166/1450
f 2878/1168/1452 1017/1163/1447 2875/1162/1446 1828/1165/1449
f 964/951/1235 2772/956/1240 1829/1169/1453 2877/1166/1450
f 2772/956/1240 965/955/1239 2879/1170/1454 1829/1169/1453
f 1019/1171/1455 2880/1172/1456 1829/1169/1453 2879/1170/1454
f 2880/1172/1456 1018/1167/1451 2877/1166/1450 1829/1169/1453
f 965/955/1239 2774/960/1244 1830/1173/1457 2879/1170/1454
f 2774/960/1244 966/959/1243 2881/1174/1458 1830/1173/1457
f 1020/1175/1459 2882/1176/1460 1830/1173/1457 2881/1174/1458
f 2882/1176/1460 1019/1171/1455 2879/1170/1454 1830/1173/1457
f 966/959/1243 2776/964/1248 1831/1177/1461 2881/1174/1458
f 2776/964/1248 967/963/1247 2883/1178/1462 1831/1177/1461
f 1021/1179/1463 2884/1180/1464 1831/1177/1461 2883/1178/1462
f 2884/1180/1464 1020/1175/1459 2881/1174/1458 1831/1177/1461
f 967/963/1247 2778/968/1252 1832/1181/1465 2883/1178/1462
f 2778/968/1252 968/967/1251 2885/1182/1466 1832/1181/1465
f 1022/1183/1467 2886/1184/1468 1832/1181/1465 2885/1182/1466
f 2886/1184/1468 1021/1179/1463 2883/1178/1462 1832/1181/1465
f 968/967/1251 2780/972/1256 1833/1185/1469 2885/1182/1466
f 2780/972/1256 969/971/1255 2887/1186/1470 1833/1185/1469
f 1023/1187/1471 2888/1188/1472 1833/1185/1469 2887/1186/1470
f 2888/1188/1472 1022/1183/1467 2885/1182/1466 1833/1185/1469
f 969/971/1255 2782/976/1260 1834/1189/1473 2887/1186/1470
f 2782/976/1260 970/975/1259 2889/1190/1474 1834/1189/1473
f 1024/1191/1475 2890/1192/1476 1834/1189/1473 2889/1190/1474
f 2890/1192/1476 1023/1187/1471 2887/1186/1470 1834/1189/1473
f 970/975/1259 2784/980/1264 1835/1193/1477 2889/1190/1474
f 2784/980/1264 971/979/1263 2891/1194/1478 1835/1193/1477
f 1025/1195/1479 2892/1196/1480 1835/1193/1477 2891/1194/1478
f 2892/1196/1480 1024/1191/1475 2889/1190/1474 1835/1193/1477
f 971/979/1263 2786/984/1268 1836/1197/1481 2891/1194/1478
f 2786/984/1268 972/983/1267 2893/1198/1482 1836/1197/1481
f 1026/1199/1483 2894/1200/1484 1836/1197/1481 2893/1198/1482
f 2894/1200/1484 1025/1195/1479 2891/1194/1478 1836/1197/1481
f 972/983/1267 2788/988/1272 1837/1201/1485 2893/1198/1482
f 2788/988/1272 973/987/1271 2895/1202/1486 1837/1201/1485
f 1027/1203/1487 2896/1204/1488 1837/1201/1485 2895/1202/1486
f 2896/1204/1488 1026/1199/1483 2893/1198/1482 1837/1201/1485
f 973/987/1271 2790/992/1276 1838/1205/1489 2895/1202/1486
f 2790/992/1276 974/991/1275 2897/1206/1490 1838/1205/1489
f 1028/1207/1491 2898/1208/1492 1838/1205/1489 2897/1206/1490
f 2898/1208/1492 1027/1203/1487 2895/1202/1486 1838/1205/1489
f 974/991/1275 2792/996/1280 1839/1209/1493 2897/1206/1490
f 2792/996/1280 975/995/1279 2899/1210/1494 1839/1209/1493
f 1029/1211/1495 2900/1212/1496 1839/1209/1493 2899/1210/1494
f 2900/1212/1496 1028/1207/1491 2897/1206/1490 1839/1209/1493
f 975/995/1279 2794/1000/1284 1840/1213/1497 2899/1210/1494
f 2794/1000/1284 976/999/1283 2901/1214/1498 1840/1213/1497
f 1030/1215/1499 2902/1216/1500 1840/1213/1497 2901/1214/1498
f 2902/1216/1500 1029/1211/1495 2899/1210/1494 1840/1213/1497
f 976/999/1283 2796/1004/1288 1841/1217/1501 2901/1214/1498
f 2796/1004/1288 977/1003/1287 2903/1218/1502 1841/1217/1501
f 1031/1219/1503 2904/1220/1504 1841/1217/1501 2903/1218/1502
f 2904/1220/1504 1030/1215/1499 2901/1214/1498 1841/1217/1501
f 977/1003/1287 2798/1008/1292 1842/1221/1505 2903/1218/1502
f 2798/1008/1292 978/1007/1291 2905/1222/1506 1842/1221/1505
f 1032/1223/1507 2906/1224/1508 1842/1221/1505 2905/1222/1506
f 2906/1224/1508 1031/1219/1503 2903/1218/1502 1842/1221/1505
f 978/1007/1291 2800/1012/1296 1843/1225/1509 2905/1222/1506
f 2800/1012/1296 979/1011/1295 2907/1226/1510 1843/1225/1509
f 1033/1227/1511 2908/1228/1512 1843/1225/1509 2907/1226/1510
f 2908/1228/1512 1032/1223/1507 2905/1222/1506 1843/1225/1509
f 979/1011/1295 2802/1016/1300 1844/1229/1513 2907/1226/1510
f 2802/1016/1300 980/1015/1299 2909/1230/1514 1844/1229/1513
f 1034/1231/1515 2910/1232/1516 1844/1229/1513 2909/1230/1514
f 2910/1232/1516 1033/1227/1511 2907/1226/1510 1844/1229/1513
f 980/1015/1299 2804/1020/1304 1845/1233/1517 2909/1230/1514
f 2804/1020/1304 981/1019/1303 2911/1234/1518 1845/1233/1517
f 1035/1235/1519 2912/1236/1520 1845/1233/1517 2911/1234/1518
f 2912/1236/1520 1034/1231/1515 2909/1230/1514 1845/1233/1517
f 981/1019/1303 2806/1024/1308 1846/1237/1521 2911/1234/1518
f 2806/1024/1308 982/1023/1307 2913/1238/1522 1846/1237/1521
f 1036/1239/1523 2914/1240/1524 1846/1237/1521 2913/1238/1522
f 2914/1240/1524 1035/1235/1519 2911/1234/1518 1846/1237/1521
f 982/1023/1307 2808/1028/1312 1847/1241/1525 2913/1238/1522
f 2808/1028/1312 983/1027/1311 2915/1242/1526 1847/1241/1525
f 1037/1243/1527 2916/1244/1528 1847/1241/1525 2915/1242/1526
f 2916/1244/1528 1036/1239/1523 2913/1238/1522 1847/1241/1525
f 983/1027/1311 2810/1032/1316 1848/1245/1529 2915/1242/1526
f 2810/1032/1316 984/1031/1315 2917/1246/1530 1848/1245/1529
f 1038/1247/1531 2918/1248/1532 1848/1245/1529 2917/1246/1530
f 2918/1248/1532 1037/1243/1527 2915/1242/1526 1848/1245/1529
f 984/1031/1315 2812/1036/1320 1849/1249/1533 2917/1246/1530
f 2812/1036/1320 985/1035/1319 2919/1250/1534 1849/1249/1533
f 1039/1251/1535 2920/1252/1536 1849/1249/1533 2919/1250/1534
f 2920/1252/1536 1038/1247/1531 2917/1246/1530 1849/1249/1533
f 985/1035/1319 2814/1040/1324 1850/1253/1537 2919/1250/1534
f 2814/1040/1324 986/1039/1323 2921/1254/1538 1850/1253/1537
f 1040/1255/1539 2922/1256/1540 1850/1253/1537 2921/1254/1538
f 2922/1256/1540 1039/1251/1535 2919/1250/1534 1850/1253/1537
f 986/1039/1323 2816/1044/1328 1851/1257/1541 2921/1254/1538
f 2816/1044/1328 987/1043/1327 2923/1258/1542 1851/1257/1541
f 1041/1259/1543 2924/1260/1544 1851/1257/1541 2923/1258/1542
f 2924/1260/1544 1040/1255/1539 2921/1254/1538 1851/1257/1541
f 987/1043/1327 2818/1048/1332 1852/1261/1545 2923/1258/1542
f 2818/1048/1332 988/1047/1331 2925/1262/1546 1852/1261/1545
f 1042/1263/1547 2926/1264/1548 1852/1261/1545 2925/1262/1546
f 2926/1264/1548 1041/1259/1543 2923/1258/1542 1852/1261/1545
f 988/1047/1331 2820/1052/1336 1853/1265/1549 2925/1262/1546
f 2820/1052/1336 989/1051/1335 2927/1266/1550 1853/1265/1549
f 1043/1267/1551 2928/1268/1552 1853/1265/1549 2927/1266/1550
f 2928/1268/1552 1042/1263/1547 2925/1262/1546 1853/1265/1549
f 989/1051/1335 2822/1056/1340 1854/1269/1553 2927/1266/1550
f 2822/1056/1340 990/1055/1339 2929/1270/1554 1854/1269/1553
f 1044/1271/1555 2930/1272/1556 1854/1269/1553 2929/1270/1554
f 2930/1272/1556 1043/1267/1551 2927/1266/1550 1854/1269/1553
f 990/1055/1339 2824/1060/1344 1855/1273/1557 2929/1270/1554
f 2824/1060/1344 991/1059/1343 2931/1274/1558 1855/1273/1557
f 1045/1275/1559 2932/1276/1560 1855/1273/1557 2931/1274/1558
f 2932/1276/1560 1044/1271/1555 2929/1270/1554 1855/1273/1557
f 991/1059/1343 2826/1064/1348 1856/1277/1561 2931/1274/1558
f 2826/1064/1348 992/1063/1347 2933/1278/1562 1856/1277/1561
f 1046/1279/1563 2934/1280/1564 1856/1277/1561 2933/1278/1562
f 2934/1280/1564 1045/1275/1559 2931/1274/1558 1856/1277/1561
f 992/1063/1347 2827/1066/1350 1857/1281/1565 2933/1278/1562
f 2935/1282/1566 1046/1279/1563 2933/1278/1562 1857/1281/1565
f 993/1072/1356 2830/1071/1355 1858/1283/1567 2936/1284/1568
f 2830/1071/1355 994/1070/1354 2937/1285/1569 1858/1283/1567
f 1048/1286/1570 2938/1287/1571 1858/1283/1567 2937/1285/1569
f 2938/1287/1571 1047/1288/1572 2936/1284/1568 1858/1283/1567
f 2832/1076/1360 995/1075/1359 2939/1289/1573 1859/1290/1574
f 1049/1291/1575 2940/1292/1576 1859/1290/1574 2939/1289/1573
f 995/1075/1359 2834/1080/1364 1860/1293/1577 2939/1289/1573
f 2834/1080/1364 996/1079/1363 2941/1294/1578 1860/1293/1577
f 1050/1295/1579 2942/1296/1580 1860/1293/1577 2941/1294/1578
f 2942/1296/1580 1049/1291/1575 2939/1289/1573 1860/1293/1577
f 996/1079/1363 2836/1084/1368 1861/1297/1581 2941/1294/1578
f 2836/1084/1368 997/1083/1367 2943/1298/1582 1861/1297/1581
f 1051/1299/1583 2944/1300/1584 1861/1297/1581 2943/1298/1582
f 2944/1300/1584 1050/1295/1579 2941/1294/1578 1861/1297/1581
f 997/1083/1367 2838/1088/1372 1862/1301/1585 2943/1298/1582
f 2838/1088/1372 998/1087/1371 2945/1302/1586 1862/1301/1585
f 1052/1303/1587 2946/1304/1588 1862/1301/1585 2945/1302/1586
f 2946/1304/1588 1051/1299/1583 2943/1298/1582 1862/1301/1585
f 998/1087/1371 2840/1092/1376 1863/1305/1589 2945/1302/1586
f 2840/1092/1376 999/1091/1375 2947/1306/1590 1863/1305/1589
f 1053/1307/1591 2948/1308/1592 1863/1305/1589 2947/1306/1590
f 2948/1308/1592 1052/1303/1587 2945/1302/1586 1863/1305/1589
f 999/1091/1375 2842/1096/1380 1864/1309/1593 2947/1306/1590
f 2842/1096/1380 1000/1095/1379 2949/1310/1594 1864/1309/1593
f 1054/1311/1595 2950/1312/1596 1864/1309/1593 2949/1310/1594
f 2950/1312/1596 1053/1307/1591 2947/1306/1590 1864/1309/1593
f 1000/1095/1379 2844/1100/1384 1865/1313/1597 2949/1310/1594
f 2844/1100/1384 1001/1099/1383 2951/1314/1598 1865/1313/1597
f 1055/1315/1599 2952/1316/1600 1865/1313/1597 2951/1314/1598
f 2952/1316/1600 1054/1311/1595 2949/1310/1594 1865/1313/1597
f 1001/1099/1383 2846/1104/1388 1866/1317/1601 2951/1314/1598
f 2846/1104/1388 1002/1103/1387 2953/1318/1602 1866/1317/1601
f 1056/1319/1603 2954/1320/1604 1866/1317/1601 2953/1318/1602
f 2954/1320/1604 1055/1315/1599 2951/1314/1598 1866/1317/1601
f 1002/1103/1387 2848/1108/1392 1867/1321/1605 2953/1318/1602
f 2848/1108/1392 1003/1107/1391 2955/1322/1606 1867/1321/1605
f 1057/1323/1607 2956/1324/1608 1867/1321/1605 2955/1322/1606
f 2956/1324/1608 1056/1319/1603 2953/1318/1602 1867/1321/1605
f 1003/1107/1391 2850/1112/1396 1868/1325/1609 2955/1322/1606
f 2850/1112/1396 1004/1111/1395 2957/1326/1610 1868/1325/1609
f 1058/1327/1611 2958/1328/1612 1868/1325/1609 2957/1326/1610
f 2958/1328/1612 1057/1323/1607 2955/1322/1606 1868/1325/1609
f 1004/1111/1395 2852/1116/1400 1869/1329/1613 2957/1326/1610
f 2852/1116/1400 1005/1115/1399 2959/1330/1614 1869/1329/1613
f 1059/1331/1615 2960/1332/1616 1869/1329/1613 2959/1330/1614
f 2960/1332/1616 1058/1327/1611 2957/1326/1610 1869/1329/1613
f 1005/1115/1399 2854/1120/1404 1870/1333/1617 2959/1330/1614
f 2854/1120/1404 1006/1119/1403 2961/1334/1618 1870/1333/1617
f 1060/1335/1619 2962/1336/1620 1870/1333/1617 2961/1334/1618
f 2962/1336/1620 1059/1331/1615 2959/1330/1614 1870/1333/1617
f 1006/1119/1403 2856/1124/1408 1871/1337/1621 2961/1334/1618
f 2856/1124/1408 1007/1123/1407 2963/1338/1622 1871/1337/1621
f 1061/1339/1623 2964/1340/1624 1871/1337/1621 2963/1338/1622
f 2964/1340/1624 1060/1335/1619 2961/1334/1618 1871/1337/1621
f 1007/1123/1407 2858/1128/1412 1872/1341/1625 2963/1338/1622
f 2858/1128/1412 1008/1127/1411 2965/1342/1626 1872/1341/1625
f 1062/1343/1627 2966/1344/1628 1872/1341/1625 2965/1342/1626
f 2966/1344/1628 1061/1339/1623 2963/1338/1622 1872/1341/1625
f 1008/1127/1411 2860/1132/1416 1873/1345/1629 2965/1342/1626
f 2860/1132/1416 1009/1131/1415 2967/1346/1630 1873/1345/1629
f 1063/1347/1631 2968/1348/1632 1873/1345/1629 2967/1346/1630
f 2968/1348/1632 1062/1343/1627 2965/1342/1626 1873/1345/1629
f 1009/1131/1415 2862/1136/1420 1874/1349/1633 2967/1346/1630
f 2862/1136/1420 1010/1135/1419 2969/1350/1634 1874/1349/1633
f 1064/1351/1635 2970/1352/1636 1874/1349/1633 2969/1350/1634
f 2970/1352/1636 1063/1347/1631 2967/1346/1630 1874/1349/1633
f 1010/1135/1419 2864/1140/1424 1875/1353/1637 2969/1350/1634
f 2864/1140/1424 1011/1139/1423 2971/1354/1638 1875/1353/1637
f 1065/1355/1639 2972/1356/1640 1875/1353/1637 2971/1354/1638
f 2972/1356/1640 1064/1351/1635 2969/1350/1634 1875/1353/1637
f 1011/1139/1423 2866/1144/1428 1876/1357/1641 2971/1354/1638
f 2866/1144/1428 1012/1143/1427 2973/1358/1642 1876/1357/1641
f 1066/1359/1643 2974/1360/1644 1876/1357/1641 2973/1358/1642
f 2974/1360/1644 1065/1355/1639 2971/1354/1638 1876/1357/1641
f 1012/1143/1427 2868/1148/1432 1877/1361/1645 2973/1358/1642
f 2868/1148/1432 1013/1147/1431 2975/1362/1646 1877/1361/1645
f 1067/1363/1647 2976/1364/1648 1877/1361/1645 2975/1362/1646
f 2976/1364/1648 1066/1359/1643 2973/1358/1642 1877/1361/1645
f 1013/1147/1431 2870/1152/1436 1878/1365/1649 2975/1362/1646
f 2870/1152/1436 1014/1151/1435 2977/1366/1650 1878/1365/1649
f 1068/1367/1651 2978/1368/1652 1878/1365/1649 2977/1366/1650
f 2978/1368/1652 1067/1363/1647 2975/1362/1646 1878/1365/1649
f 1014/1151/1435 2872/1156/1440 1879/1369/1653 2977/1366/1650
f 2872/1156/1440 1015/1155/1439 2979/1370/1654 1879/1369/1653
f 1069/1371/1655 2980/1372/1656 1879/1369/1653 2979/1370/1654
f 2980/1372/1656 1068/1367/1651 2977/1366/1650 1879/1369/1653
f 1015/1155/1439 2874/1160/1444 1880/1373/1657 2979/1370/1654
f 2874/1160/1444 1016/1159/1443 2981/1374/1658 1880/1373/1657
f 1070/1375/1659 2982/1376/1660 1880/1373/1657 2981/1374/1658
f 2982/1376/1660 1069/1371/1655 2979/1370/1654 1880/1373/1657
f 1016/1159/1443 2876/1164/1448 1881/1377/1661 2981/1374/1658
f 2876/1164/1448 1017/1163/1447 2983/1378/1662 1881/1377/1661
f 1071/1379/1663 2984/1380/1664 1881/1377/1661 2983/1378/1662
f 2984/1380/1664 1070/1375/1659 2981/1374/1658 1881/1377/1661
f 1017/1163/1447 2878/1168/1452 1882/1381/1665 2983/1378/1662
f 2878/1168/1452 1018/1167/1451 2985/1382/1666 1882/1381/1665
f 1072/1383/1667 2986/1384/1668 1882/1381/1665 2985/1382/1666
f 2986/1384/1668 1071/1379/1663 2983/1378/1662 1882/1381/1665
f 1018/1167/1451 2880/1172/1456 1883/1385/1669 2985/1382/1666
f 2880/1172/1456 1019/1171/1455 2987/1386/1670 1883/1385/1669
f 1073/1387/1671 2988/1388/1672 1883/1385/1669 2987/1386/1670
f 2988/1388/1672 1072/1383/1667 2985/1382/1666 1883/1385/1669
f 1019/1171/1455 2882/1176/1460 1884/1389/1673 2987/1386/1670
f 2882/1176/1460 1020/1175/1459 2989/1390/1674 1884/1389/1673
f 1074/1391/1675 2990/1392/1676 1884/1389/1673 2989/1390/1674
f 2990/1392/1676 1073/1387/1671 2987/1386/1670 1884/1389/1673
f 1020/1175/1459 2884/1180/1464 1885/1393/1677 2989/1390/1674
f 2884/1180/1464 1021/1179/1463 2991/1394/1678 1885/1393/1677
f 1075/1395/1679 2992/1396/1680 1885/1393/1677 2991/1394/1678
f 2992/1396/1680 1074/1391/1675 2989/1390/1674 1885/1393/1677
f 1021/1179/1463 2886/1184/1468 1886/1397/1681 2991/1394/1678
f 2886/1184/1468 1022/1183/1467 2993/1398/1682 1886/1397/1681
f 1076/1399/1683 2994/1400/1684 1886/1397/1681 2993/1398/1682
f 2994/1400/1684 1075/1395/1679 2991/1394/1678 1886/1397/1681
f 1022/1183/1467 2888/1188/1472 1887/1401/1685 2993/1398/1682
f 2888/1188/1472 1023/1187/1471 2995/1402/1686 1887/1401/1685
f 1077/1403/1687 2996/1404/1688 1887/1401/1685 2995/1402/1686
f 2996/1404/1688 1076/1399/1683 2993/1398/1682 1887/1401/1685
f 1023/1187/1471 2890/1192/1476 1888/1405/1689 2995/1402/1686
f 2890/1192/1476 1024/1191/1475 2997/1406/1690 1888/1405/1689
f 1078/1407/1691 2998/1408/1692 1888/1405/1689 2997/1406/1690
f 2998/1408/1692 1077/1403/1687 2995/1402/1686 1888/1405/1689
f 1024/1191/1475 2892/1196/1480 1889/1409/1693 2997/1406/1690
f 2892/1196/1480 1025/1195/1479 2999/1410/1694 1889/1409/1693
f 1079/1411/1695 3000/1412/1696 1889/1409/1693 2999/1410/1694
f 3000/1412/1696 1078/1407/1691 2997/1406/1690 1889/1409/1693
f 1025/1195/1479 2894/1200/1484 1890/1413/1697 2999/1410/1694
f 2894/1200/1484 1026/1199/1483 3001/1414/1698 1890/1413/1697
f 1080/1415/1699 3002/1416/1700 1890/1413/1697 3001/1414/1698
f 3002/1416/1700 1079/1411/1695 2999/1410/1694 1890/1413/1697
f 1026/1199/1483 2896/1204/1488 1891/1417/1701 3001/1414/1698
f 2896/1204/1488 1027/1203/1487 3003/1418/1702 1891/1417/1701
f 1081/1419/1703 3004/1420/1704 1891/1417/1701 3003/1418/1702
f 3004/1420/1704 1080/1415/1699 3001/1414/1698 1891/1417/1701
f 1027/1203/1487 2898/1208/1492 1892/1421/1705 3003/1418/1702
f 2898/1208/1492 1028/1207/1491 3005/1422/1706 1892/1421/1705
f 1082/1423/1707 3006/1424/1708 1892/1421/1705 3005/1422/1706
f 3006/1424/1708 1081/1419/1703 3003/1418/1702 1892/1421/1705
f 1028/1207/1491 2900/1212/1496 1893/1425/1709 3005/1422/1706
f 2900/1212/1496 1029/1211/1495 3007/1426/1710 1893/1425/1709
f 1083/1427/1711 3008/1428/1712 1893/1425/1709 3007/1426/1710
f 3008/1428/1712 1082/1423/1707 3005/1422/1706 1893/1425/1709
f 1029/1211/1495 2902/1216/1500 1894/1429/1713 3007/1426/1710
f 2902/1216/1500 1030/1215/1499 3009/1430/1714 1894/1429/1713
f 1084/1431/1715 3010/1432/1716 1894/1429/1713 3009/1430/1714
f 3010/1432/1716 1083/1427/1711 3007/1426/1710 1894/1429/1713
f 1030/1215/1499 2904/1220/1504 1895/1433/1717 3009/1430/1714
f 2904/1220/1504 1031/1219/1503 3011/1434/1718 1895/1433/1717
f 1085/1435/1719 3012/1436/1720 1895/1433/1717 3011/1434/1718
f 3012/1436/1720 1084/1431/1715 3009/1430/1714 1895/1433/1717
f 1031/1219/1503 2906/1224/1508 1896/1437/1721 3011/1434/1718
f 2906/1224/1508 1032/1223/1507 3013/1438/1722 1896/1437/1721
f 1086/1439/1723 3014/1440/1724 1896/1437/1721 3013/1438/1722
f 3014/1440/1724 1085/1435/1719 3011/1434/1718 1896/1437/1721
f 1032/1223/1507 2908/1228/1512 1897/1441/1725 3013/1438/1722
f 2908/1228/1512 1033/1227/1511 3015/1442/1726 1897/1441/1725
f 1087/1443/1727 3016/1444/1728 1897/1441/1725 3015/1442/1726
f 3016/1444/1728 1086/1439/1723 3013/1438/1722 1897/1441/1725
f 1033/1227/1511 2910/1232/1516 1898/1445/1729 3015/1442/1726
f 2910/1232/1516 1034/1231/1515 3017/1446/1730 1898/1445/1729
f 1088/1447/1731 3018/1448/1732 1898/1445/1729 3017/1446/1730
f 3018/1448/1732 1087/1443/1727 3015/1442/1726 1898/1445/1729
f 1034/1231/1515 2912/1236/1520 1899/1449/1733 3017/1446/1730
f 2912/1236/1520 1035/1235/1519 3019/1450/1734 1899/1449/1733
f 1089/1451/1735 3020/1452/1736 1899/1449/1733 3019/1450/1734
f 3020/1452/1736 1088/1447/1731 3017/1446/1730 1899/1449/1733
f 1035/1235/1519 2914/1240/1524 1900/1453/1737 3019/1450/1734
f 2914/1240/1524 1036/1239/1523 3021/1454/1738 1900/1453/1737
f 1090/1455/1739 3022/1456/1740 1900/1453/1737 3021/1454/1738
f 3022/1456/1740 1089/1451/1735 3019/1450/1734 1900/1453/1737
f 1036/1239/1523 2916/1244/1528 1901/1457/1741 3021/1454/1738
f 2916/1244/1528 1037/1243/1527 3023/1458/1742 1901/1457/1741
f 1091/1459/1743 3024/1460/1744 1901/1457/1741 3023/1458/1742
f 3024/1460/1744 1090/1455/1739 3021/1454/1738 1901/1457/1741
f 1037/1243/1527 2918/1248/1532 1902/1461/1745 3023/1458/1742
f 2918/1248/1532 1038/1247/1531 3025/1462/1746 1902/1461/1745
f 1092/1463/1747 3026/1464/1748 1902/1461/1745 3025/1462/1746
f 3026/1464/1748 1091/1459/1743 3023/1458/1742 1902/1461/1745
f 1038/1247/1531 2920/1252/1536 1903/1465/1749 3025/1462/1746
f 2920/1252/1536 1039/1251/1535 3027/1466/1750 1903/1465/1749
f 1093/1467/1751 3028/1468/1752 1903/1465/1749 3027/1466/1750
f 3028/1468/1752 1092/1463/1747 3025/1462/1746 1903/1465/1749
f 1039/1251/1535 2922/1256/1540 1904/1469/1753 3027/1466/1750
f 2922/1256/1540 1040/1255/1539 3029/1470/1754 1904/1469/1753
f 1094/1471/1755 3030/1472/1756 1904/1469/1753 3029/1470/1754
f 3030/1472/1756 1093/1467/1751 3027/1466/1750 1904/1469/1753
f 1040/1255/1539 2924/1260/1544 1905/1473/1757 3029/1470/1754
f 2924/1260/1544 1041/1259/1543 3031/1474/1758 1905/1473/1757
f 1095/1475/1759 3032/1476/1760 1905/1473/1757 3031/1474/1758
f 3032/1476/1760 1094/1471/1755 3029/1470/1754 1905/1473/1757
f 1041/1259/1543 2926/1264/1548 1906/1477/1761 3031/1474/1758
f 2926/1264/1548 1042/1263/1547 3033/1478/1762 1906/1477/1761
f 1096/1479/1763 3034/1480/1764 1906/1477/1761 3033/1478/1762
f 3034/1480/1764 1095/1475/1759 3031/1474/1758 1906/1477/1761
f 1042/1263/1547 2928/1268/1552 1907/1481/1765 3033/1478/1762
f 2928/1268/1552 1043/1267/1551 3035/1482/1766 1907/1481/1765
f 1097/1483/1767 3036/1484/1768 1907/1481/1765 3035/1482/1766
f 3036/1484/1768 1096/1479/1763 3033/1478/1762 1907/1481/1765
f 1043/1267/1551 2930/1272/1556 1908/1485/1769 3035/1482/1766
f 2930/1272/1556 1044/1271/1555 3037/1486/1770 1908/1485/1769
f 1098/1487/1771 3038/1488/1772 1908/1485/1769 3037/1486/1770
f 3038/1488/1772 1097/1483/1767 3035/1482/1766 1908/1485/1769
f 1044/1271/1555 2932/1276/1560 1909/1489/1773 3037/1486/1770
f 2932/1276/1560 1045/1275/1559 3039/1490/1774 1909/1489/1773
f 1099/1491/1775 3040/1492/1776 1909/1489/1773 3039/1490/1774
f 3040/1492/1776 1098/1487/1771 3037/1486/1770 1909/1489/1773
f 1045/1275/1559 2934/1280/1564 1910/1493/1777 3039/1490/1774
f 2934/1280/1564 1046/1279/1563 3041/1494/1778 1910/1493/1777
f 1100/1495/1779 3042/1496/1780 1910/1493/1777 3041/1494/1778
f 3042/1496/1780 1099/1491/1775 3039/1490/1774 1910/1493/1777
f 1046/1279/1563 2935/1282/1566 1911/1497/1781 3041/1494/1778
f 3043/1498/1782 1100/1495/1779 3041/1494/1778 1911/1497/1781
f 1047/1288/1572 2938/1287/1571 1912/1499/1783 3044/1500/1784
f 2938/1287/1571 1048/1286/1570 3045/1501/1785 1912/1499/1783
f 1102/1502/1786 3046/1503/1787 1912/1499/1783 3045/1501/1785
f 3046/1503/1787 1101/1504/1788 3044/1500/1784 1912/1499/1783
f 2940/1292/1576 1049/1291/1575 3047/1505/1789 1913/1506/1790
f 1103/1507/1791 3048/1508/1792 1913/1506/1790 3047/1505/1789
f 1049/1291/1575 2942/1296/1580 1914/1509/1793 3047/1505/1789
f 2942/1296/1580 1050/1295/1579 3049/1510/1794 1914/1509/1793
f 1104/1511/1795 3050/1512/1796 1914/1509/1793 3049/1510/1794
f 3050/1512/1796 1103/1507/1791 3047/1505/1789 1914/1509/1793
f 1050/1295/1579 2944/1300/1584 1915/1513/1797 3049/1510/1794
f 2944/1300/1584 1051/1299/1583 3051/1514/1798 1915/1513/1797
f 1105/1515/1799 3052/1516/1800 1915/1513/1797 3051/1514/1798
f 3052/1516/1800 1104/1511/1795 3049/1510/1794 1915/1513/1797
f 1051/1299/1583 2946/1304/1588 1916/1517/1801 3051/1514/1798
f 2946/1304/1588 1052/1303/1587 3053/1518/1802 1916/1517/1801
f 1106/1519/1803 3054/1520/1804 1916/1517/1801 3053/1518/1802
f 3054/1520/1804 1105/1515/1799 3051/1514/1798 1916/1517/1801
f 1052/1303/1587 2948/1308/1592 1917/1521/1805 3053/1518/1802
f 2948/1308/1592 1053/1307/1591 3055/1522/1806 1917/1521/1805
f 1107/1523/1807 3056/1524/1808 1917/1521/1805 3055/1522/1806
f 3056/1524/1808 1106/1519/1803 3053/1518/1802 1917/1521/1805
f 1053/1307/1591 2950/1312/1596 1918/1525/1809 3055/1522/1806
f 2950/1312/1596 1054/1311/1595 3057/1526/1810 1918/1525/1809
f 1108/1527/1811 3058/1528/1812 1918/1525/1809 3057/1526/1810
f 3058/1528/1812 1107/1523/1807 3055/1522/1806 1918/1525/1809
f 1054/1311/1595 2952/1316/1600 1919/1529/1813 3057/1526/1810
f 2952/1316/1600 1055/1315/1599 3059/1530/1814 1919/1529/1813
f 1109/1531/1815 3060/1532/1816 1919/1529/1813 3059/1530/1814
f 3060/1532/1816 1108/1527/1811 3057/1526/1810 1919/1529/1813
f 1055/1315/1599 2954/1320/1604 1920/1533/1817 3059/1530/1814
f 2954/1320/1604 1056/1319/1603 3061/1534/1818 1920/1533/1817
f 1110/1535/1819 3062/1536/1820 1920/1533/1817 3061/1534/1818
f 3062/1536/1820 1109/1531/1815 3059/1530/1814 1920/1533/1817
f 1056/1319/1603 2956/1324/1608 1921/1537/1821 3061/1534/1818
f 2956/1324/1608 1057/1323/1607 3063/1538/1822 1921/1537/1821
f 1111/1539/1823 3064/1540/1824 1921/1537/1821 3063/1538/1822
f 3064/1540/1824 1110/1535/1819 3061/1534/1818 1921/1537/1821
f 1057/1323/1607 2958/1328/1612 1922/1541/1825 3063/1538/1822
f 2958/1328/1612 1058/1327/1611 3065/1542/1826 1922/1541/1825
f 1112/1543/1827 3066/1544/1828 1922/1541/1825 3065/1542/1826
f 3066/1544/1828 1111/1539/1823 3063/1538/1822 1922/1541/1825
f 1058/1327/1611 2960/1332/1616 1923/1545/1829 3065/1542/1826
f 2960/1332/1616 1059/1331/1615 3067/1546/1830 1923/1545/1829
f 1113/1547/1831 3068/1548/1832 1923/1545/1829 3067/1546/1830
f 3068/1548/1832 1112/1543/1827 3065/1542/1826 1923/1545/1829
f 1059/1331/1615 2962/1336/1620 1924/1549/1833 3067/1546/1830
f 2962/1336/1620 1060/1335/1619 3069/1550/1834 1924/1549/1833
f 1114/1551/1835 3070/1552/1836 1924/1549/1833 3069/1550/1834
f 3070/1552/1836 1113/1547/1831 3067/1546/1830 1924/1549/1833
f 1060/1335/1619 2964/1340/1624 1925/1553/1837 3069/1550/1834
f 2964/1340/1624 1061/1339/1623 3071/1554/1838 1925/1553/1837
f 1115/1555/1839 3072/1556/1840 1925/1553/1837 3071/1554/1838
f 3072/1556/1840 1114/1551/1835 3069/1550/1834 1925/1553/1837
f 1061/1339/1623 2966/1344/1628 1926/1557/1841 3071/1554/1838
f 2966/1344/1628 1062/1343/1627 3073/1558/1842 1926/1557/1841
f 1116/1559/1843 3074/1560/1844 1926/1557/1841 3073/1558/1842
f 3074/1560/1844 1115/1555/1839 3071/1554/1838 1926/1557/1841
f 1062/1343/1627 2968/1348/1632 1927/1561/1845 3073/1558/1842
f 2968/1348/1632 1063/1347/1631 3075/1562/1846 1927/1561/1845
f 1117/1563/1847 3076/1564/1848 1927/1561/1845 3075/1562/1846
f 3076/1564/1848 1116/1559/1843 3073/1558/1842 1927/1561/1845
f 1063/1347/1631 2970/1352/1636 1928/1565/1849 3075/1562/1846
f 2970/1352/1636 1064/1351/1635 3077/1566/1850 1928/1565/1849
f 1118/1567/1851 3078/1568/1852 1928/1565/1849 3077/1566/1850
f 3078/1568/1852 1117/1563/1847 3075/1562/1846 1928/1565/1849
f 1064/1351/1635 2972/1356/1640 1929/1569/1853 3077/1566/1850
f 2972/1356/1640 1065/1355/1639 3079/1570/1854 1929/1569/1853
f 1119/1571/1855 3080/1572/1856 1929/1569/1853 3079/1570/1854
f 3080/1572/1856 1118/1567/1851 3077/1566/1850 1929/1569/1853
f 1065/1355/1639 2974/1360/1644 1930/1573/1857 3079/1570/1854
f 2974/1360/1644 1066/1359/1643 3081/1574/1858 1930/1573/1857
f 1120/1575/1859 3082/1576/1860 1930/1573/1857 3081/1574/1858
f 3082/1576/1860 1119/1571/1855 3079/1570/1854 1930/1573/1857
f 1066/1359/1643 2976/1364/1648 1931/1577/1861 3081/1574/1858
f 2976/1364/1648 1067/1363/1647 3083/1578/1862 1931/1577/1861
f 1121/1579/1863 3084/1580/1864 1931/1577/1861 3083/1578/1862
f 3084/1580/1864 1120/1575/1859 3081/1574/1858 1931/1577/1861
f 1067/1363/1647 2978/1368/1652 1932/1581/1865 3083/1578/1862
f 2978/1368/1652 1068/1367/1651 3085/1582/1866 1932/1581/1865
f 1122/1583/1867 3086/1584/1868 1932/1581/1865 3085/1582/1866
f 3086/1584/1868 1121/1579/1863 3083/1578/1862 1932/1581/1865
f 1068/1367/1651 2980/1372/1656 1933/1585/1869 3085/1582/1866
f 2980/1372/1656 1069/1371/1655 3087/1586/1870 1933/1585/1869
f 1123/1587/1871 3088/1588/1872 1933/1585/1869 3087/1586/1870
f 3088/1588/1872 1122/1583/1867 3085/1582/1866 1933/1585/1869
f 1069/1371/1655 2982/1376/1660 1934/1589/1873 3087/1586/1870
f 2982/1376/1660 1070/1375/1659 3089/1590/1874 1934/1589/1873
f 1124/1591/1875 3090/1592/1876 1934/1589/1873 3089/1590/1874
f 3090/1592/1876 1123/1587/1871 3087/1586/1870 1934/1589/1873
f 1070/1375/1659 2984/1380/1664 1935/1593/1877 3089/1590/1874
f 2984/1380/1664 1071/1379/1663 3091/1594/1878 1935/1593/1877
f 1125/1595/1879 3092/1596/1880 1935/1593/1877 3091/1594/1878
f 3092/1596/1880 1124/1591/1875 3089/1590/1874 1935/1593/1877
f 1071/1379/1663 2986/1384/1668 1936/1597/1881 3091/1594/1878
f 2986/1384/1668 1072/1383/1667 3093/1598/1882 1936/1597/1881
f 1126/1599/1883 3094/1600/1884 1936/1597/1881 3093/1598/1882
f 3094/1600/1884 1125/1595/1879 3091/1594/1878 1936/1597/1881
f 1072/1383/1667 2988/1388/1672 1937/1601/1885 3093/1598/1882
f 2988/1388/1672 1073/1387/1671 3095/1602/1886 1937/1601/1885
f 1127/1603/1887 3096/1604/1888 1937/1601/1885 3095/1602/1886
f 3096/1604/1888 1126/1599/1883 3093/1598/1882 1937/1601/1885
f 1073/1387/1671 2990/1392/1676 1938/1605/1889 3095/1602/1886
f 2990/1392/1676 1074/1391/1675 3097/1606/1890 1938/1605/1889
f 1128/1607/1891 3098/1608/1892 1938/1605/1889 3097/1606/1890
f 3098/1608/1892 1127/1603/1887 3095/1602/1886 1938/1605/1889
f 1074/1391/1675 2992/1396/1680 1939/1609/1893 3097/1606/1890
f 2992/1396/1680 1075/1395/1679 3099/1610/1894 1939/1609/1893
f 1129/1611/1895 3100/1612/1896 1939/1609/1893 3099/1610/1894
f 3100/1612/1896 1128/1607/1891 3097/1606/1890 1939/1609/1893
f 1075/1395/1679 2994/1400/1684 1940/1613/1897 3099/1610/1894
f 2994/1400/1684 1076/1399/1683 3101/1614/1898 1940/1613/1897
f 1130/1615/1899 3102/1616/1900 1940/1613/1897 3101/1614/1898
f 3102/1616/1900 1129/1611/1895 3099/1610/1894 1940/1613/1897
f 1076/1399/1683 2996/1404/1688 1941/1617/1901 3101/1614/1898
f 2996/1404/1688 1077/1403/1687 3103/1618/1902 1941/1617/1901
f 1131/1619/1903 3104/1620/1904 1941/1617/1901 3103/1618/1902
f 3104/1620/1904 1130/1615/1899 3101/1614/1898 1941/1617/1901
f 1077/1403/1687 2998/1408/1692 1942/1621/1905 3103/1618/1902
f 2998/1408/1692 1078/1407/1691 3105/1622/1906 1942/1621/1905
f 1132/1623/1907 3106/1624/1908 1942/1621/1905 3105/1622/1906
f 3106/1624/1908 1131/1619/1903 3103/1618/1902 1942/1621/1905
f 1078/1407/1691 3000/1412/1696 1943/1625/1909 3105/1622/1906
f 3000/1412/1696 1079/1411/1695 3107/1626/1910 1943/1625/1909
f 1133/1627/1911 3108/1628/1912 1943/1625/1909 3107/1626/1910
f 3108/1628/1912 1132/1623/1907 3105/1622/1906 1943/1625/1909
f 1079/1411/1695 3002/1416/1700 1944/1629/1913 3107/1626/1910
f 3002/1416/1700 1080/1415/1699 3109/1630/1914 1944/1629/1913
f 1134/1631/1915 3110/1632/1916 1944/1629/1913 3109/1630/1914
f 3110/1632/1916 1133/1627/1911 3107/1626/1910 1944/1629/1913
f 1080/1415/1699 3004/1420/1704 1945/1633/1917 3109/1630/1914
f 3004/1420/1704 1081/1419/1703 3111/1634/1918 1945/1633/1917
f 1135/1635/1919 3112/1636/1920 1945/1633/1917 3111/1634/1918
f 3112/1636/1920 1134/1631/1915 3109/1630/1914 1945/1633/1917
f 1081/1419/1703 3006/1424/1708 1946/1637/1921 3111/1634/1918
f 3006/1424/1708 1082/1423/1707 3113/1638/1922 1946/1637/1921
f 1136/1639/1923 3114/1640/1924 1946/1637/1921 3113/1638/1922
f 3114/1640/1924 1135/1635/1919 3111/1634/1918 1946/1637/1921
f 1082/1423/1707 3008/1428/1712 1947/1641/1925 3113/1638/1922
f 3008/1428/1712 1083/1427/1711 3115/1642/1926 1947/1641/1925
f 1137/1643/1927 3116/1644/1928 1947/1641/1925 3115/1642/1926
f 3116/1644/1928 1136/1639/1923 3113/1638/1922 1947/1641/1925
f 1083/1427/1711 3010/1432/1716 1948/1645/1929 3115/1642/1926
f 3010/1432/1716 1084/1431/1715 3117/1646/1930 1948/1645/1929
f 1138/1647/1931 3118/1648/1932 1948/1645/1929 3117/1646/1930
f 3118/1648/1932 1137/1643/1927 3115/1642/1926 1948/1645/1929
f 1084/1431/1715 3012/1436/1720 1949/1649/1933 3117/1646/1930
f 3012/1436/1720 1085/1435/1719 3119/1650/1934 1949/1649/1933
f 1139/1651/1935 3120/1652/1936 1949/1649/1933 3119/1650/1934
f 3120/1652/1936 1138/1647/1931 3117/1646/1930 1949/1649/1933
f 1085/1435/1719 3014/1440/1724 1950/1653/1937 3119/1650/1934
f 3014/1440/1724 1086/1439/1723 3121/1654/1938 1950/1653/1937
f 1140/1655/1939 3122/1656/1940 1950/1653/1937 3121/1654/1938
f 3122/1656/1940 1139/1651/1935 3119/1650/1934 1950/1653/1937
f 1086/1439/1723 3016/1444/1728 1951/1657/1941 3121/1654/1938
f 3016/1444/1728 1087/1443/1727 3123/1658/1942 1951/1657/1941
f 1141/1659/1943 3124/1660/1944 1951/1657/1941 3123/1658/1942
f 3124/1660/1944 1140/1655/1939 3121/1654/1938 1951/1657/1941
f 1087/1443/1727 3018/1448/1732 1952/1661/1945 3123/1658/1942
f 3018/1448/1732 1088/1447/1731 3125/1662/1946 1952/1661/1945
f 1142/1663/1947 3126/1664/1948 1952/1661/1945 3125/1662/1946
f 3126/1664/1948 1141/1659/1943 3123/1658/1942 1952/1661/1945
f 1088/1447/1731 3020/1452/1736 1953/1665/1949 3125/1662/1946
f 3020/1452/1736 1089/1451/1735 3127/1666/1950 1953/1665/1949
f 1143/1667/1951 3128/1668/1952 1953/1665/1949 3127/1666/1950
f 3128/1668/1952 1142/1663/1947 3125/1662/1946 1953/1665/1949
f 1089/1451/1735 3022/1456/1740 1954/1669/1953 3127/1666/1950
f 3022/1456/1740 1090/1455/1739 3129/1670/1954 1954/1669/1953
f 1144/1671/1955 3130/1672/1956 1954/1669/1953 3129/1670/1954
f 3130/1672/1956 1143/1667/1951 3127/1666/1950 1954/1669/1953
f 1090/1455/1739 3024/1460/1744 1955/1673/1957 3129/1670/1954
f 3024/1460/1744 1091/1459/1743 3131/1674/1958 1955/1673/1957
f 1145/1675/1959 3132/1676/1960 1955/1673/1957 3131/1674/1958
f 3132/1676/1960 1144/1671/1955 3129/1670/1954 1955/1673/1957
f 1091/1459/1743 3026/1464/1748 1956/1677/1961 3131/1674/1958
f 3026/1464/1748 1092/1463/1747 3133/1678/1962 1956/1677/1961
f 1146/1679/1963 3134/1680/1964 1956/1677/1961 3133/1678/1962
f 3134/1680/1964 1145/1675/1959 3131/1674/1958 1956/1677/1961
f 1092/1463/1747 3028/1468/1752 1957/1681/1965 3133/1678/1962
f 3028/1468/1752 1093/1467/1751 3135/1682/1966 1957/1681/1965
f 1147/1683/1967 3136/1684/1968 1957/1681/1965 3135/1682/1966
f 3136/1684/1968 1146/1679/1963 3133/1678/1962 1957/1681/1965
f 1093/1467/1751 3030/1472/1756 1958/1685/1969 3135/1682/1966
f 3030/1472/1756 1094/1471/1755 3137/1686/1970 1958/1685/1969
f 1148/1687/1971 3138/1688/1972 1958/1685/1969 3137/1686/1970
f 3138/1688/1972 1147/1683/1967 3135/1682/1966 1958/1685/1969
f 1094/1471/1755 3032/1476/1760 1959/1689/1973 3137/1686/1970
f 3032/1476/1760 1095/1475/1759 3139/1690/1974 1959/1689/1973
f 1149/1691/1975 3140/1692/1976 1959/1689/1973 3139/1690/1974
f 3140/1692/1976 1148/1687/1971 3137/1686/1970 1959/1689/1973
f 1095/1475/1759 3034/1480/1764 1960/1693/1977 3139/1690/1974
f 3034/1480/1764 1096/1479/1763 3141/1694/1978 1960/1693/1977
f 1150/1695/1979 3142/1696/1980 1960/1693/1977 3141/1694/1978
f 3142/1696/1980 1149/1691/1975 3139/1690/1974 1960/1693/1977
f 1096/1479/1763 3036/1484/1768 1961/1697/1981 3141/1694/1978
f 3036/1484/1768 1097/1483/1767 3143/1698/1982 1961/1697/1981
f 1151/1699/1983 3144/1700/1984 1961/1697/1981 3143/1698/1982
f 3144/1700/1984 1150/1695/1979 3141/1694/1978 1961/1697/1981
f 1097/1483/1767 3038/1488/1772 1962/1701/1985 3143/1698/1982
f 3038/1488/1772 1098/1487/1771 3145/1702/1986 1962/1701/1985
f 1152/1703/1987 3146/1704/1988 1962/1701/1985 3145/1702/1986
f 3146/1704/1988 1151/1699/1983 3143/1698/1982 1962/1701/1985
f 1098/1487/1771 3040/1492/1776 1963/1705/1989 3145/1702/1986
f 3040/1492/1776 1099/1491/1775 3147/1706/1990 1963/1705/1989
f 1153/1707/1991 3148/1708/1992 1963/1705/1989 3147/1706/1990
f 3148/1708/1992 1152/1703/1987 3145/1702/1986 1963/1705/1989
f 1099/1491/1775 3042/1496/1780 1964/1709/1993 3147/1706/1990
f 3042/1496/1780 1100/1495/1779 3149/1710/1994 1964/1709/1993
f 1154/1711/1995 3150/1712/1996 1964/1709/1993 3149/1710/1994
f 3150/1712/1996 1153/1707/1991 3147/1706/1990 1964/1709/1993
f 1100/1495/1779 3043/1498/1782 1965/1713/1997 3149/1710/1994
f 3151/1714/1998 1154/1711/1995 3149/1710/1994 1965/1713/1997
f 1101/1504/1788 3046/1503/1787 1966/1715/1999 3152/1716/2000
f 3046/1503/1787 1102/1502/1786 3153/1717/2001 1966/1715/1999
f 1156/1718/2002 3154/1719/2003 1966/1715/1999 3153/1717/2001
f 3154/1719/2003 1155/1720/2004 3152/1716/2000 1966/1715/1999
f 3048/1508/1792 1103/1507/1791 3155/1721/2005 1967/1722/2006
f 1157/1723/2007 3156/1724/2008 1967/1722/2006 3155/1721/2005
f 1103/1507/1791 3050/1512/1796 1968/1725/2009 3155/1721/2005
f 3050/1512/1796 1104/1511/1795 3157/1726/2010 1968/1725/2009
f 1158/1727/2011 3158/1728/2012 1968/1725/2009 3157/1726/2010
f 3158/1728/2012 1157/1723/2007 3155/1721/2005 1968/1725/2009
f 1104/1511/1795 3052/1516/1800 1969/1729/2013 3157/1726/2010
f 3052/1516/1800 1105/1515/1799 3159/1730/2014 1969/1729/2013
f 1159/1731/2015 3160/1732/2016 1969/1729/2013 3159/1730/2014
f 3160/1732/2016 1158/1727/2011 3157/1726/2010 1969/1729/2013
f 1105/1515/1799 3054/1520/1804 1970/1733/2017 3159/1730/2014
f 3054/1520/1804 1106/1519/1803 3161/1734/2018 1970/1733/2017
f 1160/1735/2019 3162/1736/2020 1970/1733/2017 3161/1734/2018
f 3162/1736/2020 1159/1731/2015 3159/1730/2014 1970/1733/2017
f 1106/1519/1803 3056/1524/1808 1971/1737/2021 3161/1734/2018
f 3056/1524/1808 1107/1523/1807 3163/1738/2022 1971/1737/2021
f 1161/1739/2023 3164/1740/2024 1971/1737/2021 3163/1738/2022
f 3164/1740/2024 1160/1735/2019 3161/1734/2018 1971/1737/2021
f 1107/1523/1807 3058/1528/1812 1972/1741/2025 3163/1738/2022
f 3058/1528/1812 1108/1527/1811 3165/1742/2026 1972/1741/2025
f 1162/1743/2027 3166/1744/2028 1972/1741/2025 3165/1742/2026
f 3166/1744/2028 1161/1739/2023 3163/1738/2022 1972/1741/2025
f 1108/1527/1811 3060/1532/1816 1973/1745/2029 3165/1742/2026
f 3060/1532/1816 1109/1531/1815 3167/1746/2030 1973/1745/2029
f 1163/1747/2031 3168/1748/2032 1973/1745/2029 3167/1746/2030
f 3168/1748/2032 1162/1743/2027 3165/1742/2026 1973/1745/2029
f 1109/1531/1815 3062/1536/1820 1974/1749/2033 3167/1746/2030
f 3062/1536/1820 1110/1535/1819 3169/1750/2034 1974/1749/2033
f 1164/1751/2035 3170/1752/2036 1974/1749/2033 3169/1750/2034
f 3170/1752/2036 1163/1747/2031 3167/1746/2030 1974/1749/2033
f 1110/1535/1819 3064/1540/1824 1975/1753/2037 3169/1750/2034
f 3064/1540/1824 1111/1539/1823 3171/1754/2038 1975/1753/2037
f 1165/1755/2039 3172/1756/2040 1975/1753/2037 3171/1754/2038
f 3172/1756/2040 1164/1751/2035 3169/1750/2034 1975/1753/2037
f 1111/1539/1823 3066/1544/1828 1976/1757/2041 3171/1754/2038
f 3066/1544/1828 1112/1543/1827 3173/1758/2042 1976/1757/2041
f 1166/1759/2043 3174/1760/2044 1976/1757/2041 3173/1758/2042
f 3174/1760/2044 1165/1755/2039 3171/1754/2038 1976/1757/2041
f 1112/1543/1827 3068/1548/1832 1977/1761/2045 3173/1758/2042
f 3068/1548/1832 1113/1547/1831 3175/1762/2046 1977/1761/2045
f 1167/1763/2047 3176/1764/2048 1977/1761/2045 3175/1762/2046
f 3176/1764/2048 1166/1759/2043 3173/1758/2042 1977/1761/2045
f 1113/1547/1831 3070/1552/1836 1978/1765/2049 3175/1762/2046
f 3070/1552/1836 1114/1551/1835 3177/1766/2050 1978/1765/2049
f 1168/1767/2051 3178/1768/2052 1978/1765/2049 3177/1766/2050
f 3178/1768/2052 1167/1763/2047 3175/1762/2046 1978/1765/2049
f 1114/1551/1835 3072/1556/1840 1979/1769/2053 3177/1766/2050
f 3072/1556/1840 1115/1555/1839 3179/1770/2054 1979/1769/2053
f 1169/1771/2055 3180/1772/2056 1979/1769/2053 3179/1770/2054
f 3180/1772/2056 1168/1767/2051 3177/1766/2050 1979/1769/2053
f 1115/1555/1839 3074/1560/1844 1980/1773/2057 3179/1770/2054
f 3074/1560/1844 1116/1559/1843 3181/1774/2058 1980/1773/2057
f 1170/1775/2059 3182/1776/2060 1980/1773/2057 3181/1774/2058
f 3182/1776/2060 1169/1771/2055 3179/1770/2054 1980/1773/2057
f 1116/1559/1843 3076/1564/1848 1981/1777/2061 3181/1774/2058
f 3076/1564/1848 1117/1563/1847 3183/1778/2062 1981/1777/2061
f 1171/1779/2063 3184/1780/2064 1981/1777/2061 3183/1778/2062
f 3184/1780/2064 1170/1775/2059 3181/1774/2058 1981/1777/2061
f 1117/1563/1847 3078/1568/1852 1982/1781/2065 3183/1778/2062
f 3078/1568/1852 1118/1567/1851 3185/1782/2066 1982/1781/2065
f 1172/1783/2067 3186/1784/2068 1982/1781/2065 3185/1782/2066
f 3186/1784/2068 1171/1779/2063 3183/1778/2062 1982/1781/2065
f 1118/1567/1851 3080/1572/1856 1983/1785/2069 3185/1782/2066
f 3080/1572/1856 1119/1571/1855 3187/1786/2070 1983/1785/2069
f 1173/1787/2071 3188/1788/2072 1983/1785/2069 3187/1786/2070
f 3188/1788/2072 1172/1783/2067 3185/1782/2066 1983/1785/2069
f 1119/1571/1855 3082/1576/1860 1984/1789/2073 3187/1786/2070
f 3082/1576/1860 1120/1575/1859 3189/1790/2074 1984/1789/2073
f 1174/1791/2075 3190/1792/2076 1984/1789/2073 3189/1790/2074
f 3190/1792/2076 1173/1787/2071 3187/1786/2070 1984/1789/2073
f 1120/1575/1859 3084/1580/1864 1985/1793/2077 3189/1790/2074
f 3084/1580/1864 1121/1579/1863 3191/1794/2078 1985/1793/2077
f 1175/1795/2079 3192/1796/2080 1985/1793/2077 3191/1794/2078
f 3192/1796/2080 1174/1791/2075 3189/1790/2074 1985/1793/2077
f 1121/1579/1863 3086/1584/1868 1986/1797/2081 3191/1794/2078
f 3086/1584/1868 1122/1583/1867 3193/1798/2082 1986/1797/2081
f 1176/1799/2083 3194/1800/2084 1986/1797/2081 3193/1798/2082
f 3194/1800/2084 1175/1795/2079 3191/1794/2078 1986/1797/2081
f 1122/1583/1867 3088/1588/1872 1987/1801/2085 3193/1798/2082
f 3088/1588/1872 1123/1587/1871 3195/1802/2086 1987/1801/2085
f 1177/1803/2087 3196/1804/2088 1987/1801/2085 3195/1802/2086
f 3196/1804/2088 1176/1799/2083 3193/1798/2082 1987/1801/2085
f 1123/1587/1871 3090/1592/1876 1988/1805/2089 3195/1802/2086
f 3090/1592/1876 1124/1591/1875 3197/1806/2090 1988/1805/2089
f 1178/1807/2091 3198/1808/2092 1988/1805/2089 3197/1806/2090
f 3198/1808/2092 1177/1803/2087 3195/1802/2086 1988/1805/2089
f 1124/1591/1875 3092/1596/1880 1989/1809/2093 3197/1806/2090
f 3092/1596/1880 1125/1595/1879 3199/1810/2094 1989/1809/2093
f 1179/1811/2095 3200/1812/2096 1989/1809/2093 3199/1810/2094
f 3200/1812/2096 1178/1807/2091 3197/1806/2090 1989/1809/2093
f 1125/1595/1879 3094/1600/1884 1990/1813/2097 3199/1810/2094
f 3094/1600/1884 1126/1599/1883 3201/1814/2098 1990/1813/2097
f 1180/1815/2099 3202/1816/2100 1990/1813/2097 3201/1814/2098
f 3202/1816/2100 1179/1811/2095 3199/1810/2094 1990/1813/2097
f 1126/1599/1883 3096/1604/1888 1991/1817/2101 3201/1814/2098
f 3096/1604/1888 1127/1603/1887 3203/1818/2102 1991/1817/2101
f 1181/1819/2103 3204/1820/2104 1991/1817/2101 3203/1818/2102
f 3204/1820/2104 1180/1815/2099 3201/1814/2098 1991/1817/2101
f 1127/1603/1887 3098/1608/1892 1992/1821/2105 3203/1818/2102
f 3098/1608/1892 1128/1607/1891 3205/1822/2106 1992/1821/2105
f 1182/1823/2107 3206/1824/2108 1992/1821/2105 3205/1822/2106
f 3206/1824/2108 1181/1819/2103 3203/1818/2102 1992/1821/2105
f 1128/1607/1891 3100/1612/1896 1993/1825/2109 3205/1822/2106
f 3100/1612/1896 1129/1611/1895 3207/1826/2110 1993/1825/2109
f 1183/1827/2111 3208/1828/2112 1993/1825/2109 3207/1826/2110
f 3208/1828/2112 1182/1823/2107 3205/1822/2106 1993/1825/2109
f 1129/1611/1895 3102/1616/1900 1994/1829/2113 3207/1826/2110
f 3102/1616/1900 1130/1615/1899 3209/1830/2114 1994/1829/2113
f 1184/1831/2115 3210/1832/2116 1994/1829/2113 3209/1830/2114
f 3210/1832/2116 1183/1827/2111 3207/1826/2110 1994/1829/2113
f 1130/1615/1899 3104/1620/1904 1995/1833/2117 3209/1830/2114
f 3104/1620/1904 1131/1619/1903 3211/1834/2118 1995/1833/2117
f 1185/1835/2119 3212/1836/2120 1995/1833/2117 3211/1834/2118
f 3212/1836/2120 1184/1831/2115 3209/1830/2114 1995/1833/2117
f 1131/1619/1903 3106/1624/1908 1996/1837/2121 3211/1834/2118
f 3106/1624/1908 1132/1623/1907 3213/1838/2122 1996/1837/2121
f 1186/1839/2123 3214/1840/2124 1996/1837/2121 3213/1838/2122
f 3214/1840/2124 1185/1835/2119 3211/1834/2118 1996/1837/2121
f 1132/1623/1907 3108/1628/1912 1997/1841/2125 3213/1838/2122
f 3108/1628/1912 1133/1627/1911 3215/1842/2126 1997/1841/2125
f 1187/1843/2127 3216/1844/2128 1997/1841/2125 3215/1842/2126
f 3216/1844/2128 1186/1839/2123 3213/1838/2122 1997/1841/2125
f 1133/1627/1911 3110/1632/1916 1998/1845/2129 3215/1842/2126
f 3110/1632/1916 1134/1631/1915 3217/1846/2130 1998/1845/2129
f 1188/1847/2131 3218/1848/2132 1998/1845/2129 3217/1846/2130
f 3218/1848/2132 1187/1843/2127 3215/1842/2126 1998/1845/2129
f 1134/1631/1915 3112/1636/1920 1999/1849/2133 3217/1846/2130
f 3112/1636/1920 1135/1635/1919 3219/1850/2134 1999/1849/2133
f 1189/1851/2135 3220/1852/2136 1999/1849/2133 3219/1850/2134
f 3220/1852/2136 1188/1847/2131 3217/1846/2130 1999/1849/2133
f 1135/1635/1919 3114/1640/1924 2000/1853/2137 3219/1850/2134
f 3114/1640/1924 1136/1639/1923 3221/1854/2138 2000/1853/2137
f 1190/1855/2139 3222/1856/2140 2000/1853/2137 3221/1854/2138
f 3222/1856/2140 1189/1851/2135 3219/1850/2134 2000/1853/2137
f 1136/1639/1923 3116/1644/1928 2001/1857/2141 3221/1854/2138
f 3116/1644/1928 1137/1643/1927 3223/1858/2142 2001/1857/2141
f 1191/1859/2143 3224/1860/2144 2001/1857/2141 3223/1858/2142
f 3224/1860/2144 1190/1855/2139 3221/1854/2138 2001/1857/2141
f 1137/1643/1927 3118/1648/1932 2002/1861/2145 3223/1858/2142
f 3118/1648/1932 1138/1647/1931 3225/1862/2146 2002/1861/2145
f 1192/1863/2147 3226/1864/2148 2002/1861/2145 3225/1862/2146
f 3226/1864/2148 1191/1859/2143 3223/1858/2142 2002/1861/2145
f 1138/1647/1931 3120/1652/1936 2003/1865/2149 3225/1862/2146
f 3120/1652/1936 1139/1651/1935 3227/1866/2150 2003/1865/2149
f 1193/1867/2151 3228/1868/2152 2003/1865/2149 3227/1866/2150
f 3228/1868/2152 1192/1863/2147 3225/1862/2146 2003/1865/2149
f 1139/1651/1935 3122/1656/1940 2004/1869/2153 3227/1866/2150
f 3122/1656/1940 1140/1655/1939 3229/1870/2154 2004/1869/2153
f 1194/1871/2155 3230/1872/2156 2004/1869/2153 3229/1870/2154
f 3230/1872/2156 1193/1867/2151 3227/1866/2150 2004/1869/2153
f 1140/1655/1939 3124/1660/1944 2005/1873/2157 3229/1870/2154
f 3124/1660/1944 1141/1659/1943 3231/1874/2158 2005/1873/2157
f 1195/1875/2159 3232/1876/2160 2005/1873/2157 3231/1874/2158
f 3232/1876/2160 1194/1871/2155 3229/1870/2154 2005/1873/2157
f 1141/1659/1943 3126/1664/1948 2006/1877/2161 3231/1874/2158
f 3126/1664/1948 1142/1663/1947 3233/1878/2162 2006/1877/2161
f 1196/1879/2163 3234/1880/2164 2006/1877/2161 3233/1878/2162
f 3234/1880/2164 1195/1875/2159 3231/1874/2158 2006/1877/2161
f 1142/1663/1947 3128/1668/1952 2007/1881/2165 3233/1878/2162
f 3128/1668/1952 1143/1667/1951 3235/1882/2166 2007/1881/2165
f 1197/1883/2167 3236/1884/2168 2007/1881/2165 3235/1882/2166
f 3236/1884/2168 1196/1879/2163 3233/1878/2162 2007/1881/2165
f 1143/1667/1951 3130/1672/1956 2008/1885/2169 3235/1882/2166
f 3130/1672/1956 1144/1671/1955 3237/1886/2170 2008/1885/2169
f 1198/1887/2171 3238/1888/2172 2008/1885/2169 3237/1886/2170
f 3238/1888/2172 1197/1883/2167 3235/1882/2166 2008/1885/2169
f 1144/1671/1955 3132/1676/1960 2009/1889/2173 3237/1886/2170
f 3132/1676/1960 1145/1675/1959 3239/1890/2174 2009/1889/2173
f 1199/1891/2175 3240/1892/2176 2009/1889/2173 3239/1890/2174
f 3240/1892/2176 1198/1887/2171 3237/1886/2170 2009/1889/2173
f 1145/1675/1959 3134/1680/1964 2010/1893/2177 3239/1890/2174
f 3134/1680/1964 1146/1679/1963 3241/1894/2178 2010/1893/2177
f 1200/1895/2179 3242/1896/2180 2010/1893/2177 3241/1894/2178
f 3242/1896/2180 1199/1891/2175 3239/1890/2174 2010/1893/2177
f 1146/1679/1963 3136/1684/1968 2011/1897/2181 3241/1894/2178
f 3136/1684/1968 1147/1683/1967 3243/1898/2182 2011/1897/2181
f 1201/1899/2183 3244/1900/2184 2011/1897/2181 3243/1898/2182
f 3244/1900/2184 1200/1895/2179 3241/1894/2178 2011/1897/2181
f 1147/1683/1967 3138/1688/1972 2012/1901/2185 3243/1898/2182
f 3138/1688/1972 1148/1687/1971 3245/1902/2186 2012/1901/2185
f 1202/1903/2187 3246/1904/2188 2012/1901/2185 3245/1902/2186
f 3246/1904/2188 1201/1899/2183 3243/1898/2182 2012/1901/2185
f 1148/1687/1971 3140/1692/1976 2013/1905/2189 3245/1902/2186
f 3140/1692/1976 1149/1691/1975 3247/1906/2190 2013/1905/2189
f 1203/1907/2191 3248/1908/2192 2013/1905/2189 3247/1906/2190
f 3248/1908/2192 1202/1903/2187 3245/1902/2186 2013/1905/2189
f 1149/1691/1975 3142/1696/1980 2014/1909/2193 3247/1906/2190
f 3142/1696/1980 1150/1695/1979 3249/1910/2194 2014/1909/2193
f 1204/1911/2195 3250/1912/2196 2014/1909/2193 3249/1910/2194
f 3250/1912/2196 1203/1907/2191 3247/1906/2190 2014/1909/2193
f 1150/1695/1979 3144/1700/1984 2015/1913/2197 3249/1910/2194
f 3144/1700/1984 1151/1699/1983 3251/1914/2198 2015/1913/2197
f 1205/1915/2199 3252/1916/2200 2015/1913/2197 3251/1914/2198
f 3252/1916/2200 1204/1911/2195 3249/1910/2194 2015/1913/2197
f 1151/1699/1983 3146/1704/1988 2016/1917/2201 3251/1914/2198
f 3146/1704/1988 1152/1703/1987 3253/1918/2202 2016/1917/2201
f 1206/1919/2203 3254/1920/2204 2016/1917/2201 3253/1918/2202
f 3254/1920/2204 1205/1915/2199 3251/1914/2198 2016/1917/2201
f 1152/1703/1987 3148/1708/1992 2017/1921/2205 3253/1918/2202
f 3148/1708/1992 1153/1707/1991 3255/1922/2206 2017/1921/2205
f 1207/1923/2207 3256/1924/2208 2017/1921/2205 3255/1922/2206
f 3256/1924/2208 1206/1919/2203 3253/1918/2202 2017/1921/2205
f 1153/1707/1991 3150/1712/1996 2018/1925/2209 3255/1922/2206
f 3150/1712/1996 1154/1711/1995 3257/1926/2210 2018/1925/2209
f 1208/1927/2211 3258/1928/2212 2018/1925/2209 3257/1926/2210
f 3258/1928/2212 1207/1923/2207 3255/1922/2206 2018/1925/2209
f 1154/1711/1995 3151/1714/1998 2019/1929/2213 3257/1926/2210
f 3259/1930/2214 1208/1927/2211 3257/1926/2210 2019/1929/2213
f 1155/1720/2004 3154/1719/2003 2020/1931/2215 3260/1932/2216
f 3154/1719/2003 1156/1718/2002 3261/1933/2217 2020/1931/2215
f 1210/1934/2218 3262/1935/2219 2020/1931/2215 3261/1933/2217
f 3262/1935/2219 1209/1936/2220 3260/1932/2216 2020/1931/2215
f 3156/1724/2008 1157/1723/2007 3263/1937/2221 2021/1938/2222
f 1211/1939/2223 3264/1940/2224 2021/1938/2222 3263/1937/2221
f 1157/1723/2007 3158/1728/2012 2022/1941/2225 3263/1937/2221
f 3158/1728/2012 1158/1727/2011 3265/1942/2226 2022/1941/2225
f 1212/1943/2227 3266/1944/2228 2022/1941/2225 3265/1942/2226
f 3266/1944/2228 1211/1939/2223 3263/1937/2221 2022/1941/2225
f 1158/1727/2011 3160/1732/2016 2023/1945/2229 3265/1942/2226
f 3160/1732/2016 1159/1731/2015 3267/1946/2230 2023/1945/2229
f 1213/1947/2231 3268/1948/2232 2023/1945/2229 3267/1946/2230
f 3268/1948/2232 1212/1943/2227 3265/1942/2226 2023/1945/2229
f 1159/1731/2015 3162/1736/2020 2024/1949/2233 3267/1946/2230
f 3162/1736/2020 1160/1735/2019 3269/1950/2234 2024/1949/2233
f 1214/1951/2235 3270/1952/2236 2024/1949/2233 3269/1950/2234
f 3270/1952/2236 1213/1947/2231 3267/1946/2230 2024/1949/2233
f 1160/1735/2019 3164/1740/2024 2025/1953/2237 3269/1950/2234
f 3164/1740/2024 1161/1739/2023 3271/1954/2238 2025/1953/2237
f 1215/1955/2239 3272/1956/2240 2025/1953/2237 3271/1954/2238
f 3272/1956/2240 1214/1951/2235 3269/1950/2234 2025/1953/2237
f 1161/1739/2023 3166/1744/2028 2026/1957/2241 3271/1954/2238
f 3166/1744/2028 1162/1743/2027 3273/1958/2242 2026/1957/2241
f 1216/1959/2243 3274/1960/2244 2026/1957/2241 3273/1958/2242
f 3274/1960/2244 1215/1955/2239 3271/1954/2238 2026/1957/2241
f 1162/1743/2027 3168/1748/2032 2027/1961/2245 3273/1958/2242
f 3168/1748/2032 1163/1747/2031 3275/1962/2246 2027/1961/2245
f 1217/1963/2247 3276/1964/2248 2027/1961/2245 3275/1962/2246
f 3276/1964/2248 1216/1959/2243 3273/1958/2242 2027/1961/2245
f 1163/1747/2031 3170/1752/2036 2028/1965/2249 3275/1962/2246
f 3170/1752/2036 1164/1751/2035 3277/1966/2250 2028/1965/2249
f 1218/1967/2251 3278/1968/2252 2028/1965/2249 3277/1966/2250
f 3278/1968/2252 1217/1963/2247 3275/1962/2246 2028/1965/2249
f 1164/1751/2035 3172/1756/2040 2029/1969/2253 3277/1966/2250
f 3172/1756/2040 1165/1755/2039 3279/1970/2254 2029/1969/2253
f 1219/1971/2255 3280/1972/2256 2029/1969/2253 3279/1970/2254
f 3280/1972/2256 1218/1967/2251 3277/1966/2250 2029/1969/2253
f 1165/1755/2039 3174/1760/2044 2030/1973/2257 3279/1970/2254
f 3174/1760/2044 1166/1759/2043 3281/1974/2258 2030/1973/2257
f 1220/1975/2259 3282/1976/2260 2030/1973/2257 3281/1974/2258
f 3282/1976/2260 1219/1971/2255 3279/1970/2254 2030/1973/2257
f 1166/1759/2043 3176/1764/2048 2031/1977/2261 3281/1974/2258
f 3176/1764/2048 1167/1763/2047 3283/1978/2262 2031/1977/2261
f 1221/1979/2263 3284/1980/2264 2031/1977/2261 3283/1978/2262
f 3284/1980/2264 1220/1975/2259 3281/1974/2258 2031/1977/2261
f 1167/1763/2047 3178/1768/2052 2032/1981/2265 3283/1978/2262
f 3178/1768/2052 1168/1767/2051 3285/1982/2266 2032/1981/2265
f 1222/1983/2267 3286/1984/2268 2032/1981/2265 3285/1982/2266
f 3286/1984/2268 1221/1979/2263 3283/1978/2262 2032/1981/2265
f 1168/1767/2051 3180/1772/2056 2033/1985/2269 3285/1982/2266
f 3180/1772/2056 1169/1771/2055 3287/1986/2270 2033/1985/2269
f 1223/1987/2271 3288/1988/2272 2033/1985/2269 3287/1986/2270
f 3288/1988/2272 1222/1983/2267 3285/1982/2266 2033/1985/2269
f 1169/1771/2055 3182/1776/2060 2034/1989/2273 3287/1986/2270
f 3182/1776/2060 1170/1775/2059 3289/1990/2274 2034/1989/2273
f 1224/1991/2275 3290/1992/2276 2034/1989/2273 3289/1990/2274
f 3290/1992/2276 1223/1987/2271 3287/1986/2270 2034/1989/2273
f 1170/1775/2059 3184/1780/2064 2035/1993/2277 3289/1990/2274
f 3184/1780/2064 1171/1779/2063 3291/1994/2278 2035/1993/2277
f 1225/1995/2279 3292/1996/2280 2035/1993/2277 3291/1994/2278
f 3292/1996/2280 1224/1991/2275 3289/1990/2274 2035/1993/2277
f 1171/1779/2063 3186/1784/2068 2036/1997/2281 3291/1994/2278
f 3186/1784/2068 1172/1783/2067 3293/1998/2282 2036/1997/2281
f 1226/1999/2283 3294/2000/2284 2036/1997/2281 3293/1998/2282
f 3294/2000/2284 1225/1995/2279 3291/1994/2278 2036/1997/2281
f 1172/1783/2067 3188/1788/2072 2037/2001/2285 3293/1998/2282
f 3188/1788/2072 1173/1787/2071 3295/2002/2286 2037/2001/2285
f 1227/2003/2287 3296/2004/2288 2037/2001/2285 3295/2002/2286
f 3296/2004/2288 1226/1999/2283 3293/1998/2282 2037/2001/2285
f 1173/1787/2071 3190/1792/2076 2038/2005/2289 3295/2002/2286
f 3190/1792/2076 1174/1791/2075 3297/2006/2290 2038/2005/2289
f 1228/2007/2291 3298/2008/2292 2038/2005/2289 3297/2006/2290
f 3298/2008/2292 1227/2003/2287 3295/2002/2286 2038/2005/2289
f 1174/1791/2075 3192/1796/2080 2039/2009/2293 3297/2006/2290
f 3192/1796/2080 1175/1795/2079 3299/2010/2294 2039/2009/2293
f 1229/2011/2295 3300/2012/2296 2039/2009/2293 3299/2010/2294
f 3300/2012/2296 1228/2007/2291 3297/2006/2290 2039/2009/2293
f 1175/1795/2079 3194/1800/2084 2040/2013/2297 3299/2010/2294
f 3194/1800/2084 1176/1799/2083 3301/2014/2298 2040/2013/2297
f 1230/2015/2299 3302/2016/2300 2040/2013/2297 3301/2014/2298
f 3302/2016/2300 1229/2011/2295 3299/2010/2294 2040/2013/2297
f 1176/1799/2083 3196/1804/2088 2041/2017/2301 3301/2014/2298
f 3196/1804/2088 1177/1803/2087 3303/2018/2302 2041/2017/2301
f 1231/2019/2303 3304/2020/2304 2041/2017/2301 3303/2018/2302
f 3304/2020/2304 1230/2015/2299 3301/2014/2298 2041/2017/2301
f 1177/1803/2087 3198/1808/2092 2042/2021/2305 3303/2018/2302
f 3198/1808/2092 1178/1807/2091 3305/2022/2306 2042/2021/2305
f 1232/2023/2307 3306/2024/2308 2042/2021/2305 3305/2022/2306
f 3306/2024/2308 1231/2019/2303 3303/2018/2302 2042/2021/2305
f 1178/1807/2091 3200/1812/2096 2043/2025/2309 3305/2022/2306
f 3200/1812/2096 1179/1811/2095 3307/2026/2310 2043/2025/2309
f 1233/2027/2311 3308/2028/2312 2043/2025/2309 3307/2026/2310
f 3308/2028/2312 1232/2023/2307 3305/2022/2306 2043/2025/2309
f 1179/1811/2095 3202/1816/2100 2044/2029/2313 3307/2026/2310
f 3202/1816/2100 1180/1815/2099 3309/2030/2314 2044/2029/2313
f 1234/2031/2315 3310/2032/2316 2044/2029/2313 3309/2030/2314
f 3310/2032/2316 1233/2027/2311 3307/2026/2310 2044/2029/2313
f 1180/1815/2099 3204/1820/2104 2045/2033/2317 3309/2030/2314
f 3204/1820/2104 1181/1819/2103 3311/2034/2318 2045/2033/2317
f 1235/2035/2319 3312/2036/2320 2045/2033/2317 3311/2034/2318
f 3312/2036/2320 1234/2031/2315 3309/2030/2314 2045/2033/2317
f 1181/1819/2103 3206/1824/2108 2046/2037/2321 3311/2034/2318
f 3206/1824/2108 1182/1823/2107 3313/2038/2322 2046/2037/2321
f 1236/2039/2323 3314/2040/2324 2046/2037/2321 3313/2038/2322
f 3314/2040/2324 1235/2035/2319 3311/2034/2318 2046/2037/2321
f 1182/1823/2107 3208/1828/2112 2047/2041/2325 3313/2038/2322
f 3208/1828/2112 1183/1827/2111 3315/2042/2326 2047/2041/2325
f 1237/2043/2327 3316/2044/2328 2047/2041/2325 3315/2042/2326
f 3316/2044/2328 1236/2039/2323 3313/2038/2322 2047/2041/2325
f 1183/1827/2111 3210/1832/2116 2048/2045/2329 3315/2042/2326
f 3210/1832/2116 1184/1831/2115 3317/2046/2330 2048/2045/2329
f 1238/2047/2331 3318/2048/2332 2048/2045/2329 3317/2046/2330
f 3318/2048/2332 1237/2043/2327 3315/2042/2326 2048/2045/2329
f 1184/1831/2115 3212/1836/2120 2049/2049/2333 3317/2046/2330
f 3212/1836/2120 1185/1835/2119 3319/2050/2334 2049/2049/2333
f 1239/2051/2335 3320/2052/2336 2049/2049/2333 3319/2050/2334
f 3320/2052/2336 1238/2047/2331 3317/2046/2330 2049/2049/2333
f 1185/1835/2119 3214/1840/2124 2050/2053/2337 3319/2050/2334
f 3214/1840/2124 1186/1839/2123 3321/2054/2338 2050/2053/2337
f 1240/2055/2339 3322/2056/2340 2050/2053/2337 3321/2054/2338
f 3322/2056/2340 1239/2051/2335 3319/2050/2334 2050/2053/2337
f 1186/1839/2123 3216/1844/2128 2051/2057/2341 3321/2054/2338
f 3216/1844/2128 1187/1843/2127 3323/2058/2342 2051/2057/2341
f 1241/2059/2343 3324/2060/2344 2051/2057/2341 3323/2058/2342
f 3324/2060/2344 1240/2055/2339 3321/2054/2338 2051/2057/2341
f 1187/1843/2127 3218/1848/2132 2052/2061/2345 3323/2058/2342
f 3218/1848/2132 1188/1847/2131 3325/2062/2346 2052/2061/2345
f 1242/2063/2347 3326/2064/2348 2052/2061/2345 3325/2062/2346
f 3326/2064/2348 1241/2059/2343 3323/2058/2342 2052/2061/2345
f 1188/1847/2131 3220/1852/2136 2053/2065/2349 3325/2062/2346
f 3220/1852/2136 1189/1851/2135 3327/2066/2350 2053/2065/2349
f 1243/2067/2351 3328/2068/2352 2053/2065/2349 3327/2066/2350
f 3328/2068/2352 1242/2063/2347 3325/2062/2346 2053/2065/2349
f 1189/1851/2135 3222/1856/2140 2054/2069/2353 3327/2066/2350
f 3222/1856/2140 1190/1855/2139 3329/2070/2354 2054/2069/2353
f 1244/2071/2355 3330/2072/2356 2054/2069/2353 3329/2070/2354
f 3330/2072/2356 1243/2067/2351 3327/2066/2350 2054/2069/2353
f 1190/1855/2139 3224/1860/2144 2055/2073/2357 3329/2070/2354
f 3224/1860/2144 1191/1859/2143 3331/2074/2358 2055/2073/2357
f 1245/2075/2359 3332/2076/2360 2055/2073/2357 3331/2074/2358
f 3332/2076/2360 1244/2071/2355 3329/2070/2354 2055/2073/2357
f 1191/1859/2143 3226/1864/2148 2056/2077/2361 3331/2074/2358
f 3226/1864/2148 1192/1863/2147 3333/2078/2362 2056/2077/2361
f 1246/2079/2363 3334/2080/2364 2056/2077/2361 3333/2078/2362
f 3334/2080/2364 1245/2075/2359 3331/2074/2358 2056/2077/2361
f 1192/1863/2147 3228/1868/2152 2057/2081/2365 3333/2078/2362
f 3228/1868/2152 1193/1867/2151 3335/2082/2366 2057/2081/2365
f 1247/2083/2367 3336/2084/2368 2057/2081/2365 3335/2082/2366
f 3336/2084/2368 1246/2079/2363 3333/2078/2362 2057/2081/2365
f 1193/1867/2151 3230/1872/2156 2058/2085/2369 3335/2082/2366
f 3230/1872/2156 1194/1871/2155 3337/2086/2370 2058/2085/2369
f 1248/2087/2371 3338/2088/2372 2058/2085/2369 3337/2086/2370
f 3338/2088/2372 1247/2083/2367 3335/2082/2366 2058/2085/2369
f 1194/1871/2155 3232/1876/2160 2059/2089/2373 3337/2086/2370
f 3232/1876/2160 1195/1875/2159 3339/2090/2374 2059/2089/2373
f 1249/2091/2375 3340/2092/2376 2059/2089/2373 3339/2090/2374
f 3340/2092/2376 1248/2087/2371 3337/2086/2370 2059/2089/2373
f 1195/1875/2159 3234/1880/2164 2060/2093/2377 3339/2090/2374
f 3234/1880/2164 1196/1879/2163 3341/2094/2378 2060/2093/2377
f 1250/2095/2379 3342/2096/2380 2060/2093/2377 3341/2094/2378
f 3342/2096/2380 1249/2091/2375 3339/2090/2374 2060/2093/2377
f 1196/1879/2163 3236/1884/2168 2061/2097/2381 3341/2094/2378
f 3236/1884/2168 1197/1883/2167 3343/2098/2382 2061/2097/2381
f 1251/2099/2383 3344/2100/2384 2061/2097/2381 3343/2098/2382
f 3344/2100/2384 1250/2095/2379 3341/2094/2378 2061/2097/2381
f 1197/1883/2167 3238/1888/2172 2062/2101/2385 3343/2098/2382
f 3238/1888/2172 1198/1887/2171 3345/2102/2386 2062/2101/2385
f 1252/2103/2387 3346/2104/2388 2062/2101/2385 3345/2102/2386
f 3346/2104/2388 1251/2099/2383 3343/2098/2382 2062/2101/2385
f 1198/1887/2171 3240/1892/2176 2063/2105/2389 3345/2102/2386
f 3240/1892/2176 1199/1891/2175 3347/2106/2390 2063/2105/2389
f 1253/2107/2391 3348/2108/2392 2063/2105/2389 3347/2106/2390
f 3348/2108/2392 1252/2103/2387 3345/2102/2386 2063/2105/2389
f 1199/1891/2175 3242/1896/2180 2064/2109/2393 3347/2106/2390
f 3242/1896/2180 1200/1895/2179 3349/2110/2394 2064/2109/2393
f 1254/2111/2395 3350/2112/2396 2064/2109/2393 3349/2110/2394
f 3350/2112/2396 1253/2107/2391 3347/2106/2390 2064/2109/2393
f 1200/1895/2179 3244/1900/2184 2065/2113/2397 3349/2110/2394
f 3244/1900/2184 1201/1899/2183 3351/2114/2398 2065/2113/2397
f 1255/2115/2399 3352/2116/2400 2065/2113/2397 3351/2114/2398
f 3352/2116/2400 1254/2111/2395 3349/2110/2394 2065/2113/2397
f 1201/1899/2183 3246/1904/2188 2066/2117/2401 3351/2114/2398
f 3246/1904/2188 1202/1903/2187 3353/2118/2402 2066/2117/2401
f 1256/2119/2403 3354/2120/2404 2066/2117/2401 3353/2118/2402
f 3354/2120/2404 1255/2115/2399 3351/2114/2398 2066/2117/2401
f 1202/1903/2187 3248/1908/2192 2067/2121/2405 3353/2118/2402
f 3248/1908/2192 1203/1907/2191 3355/2122/2406 2067/2121/2405
f 1257/2123/2407 3356/2124/2408 2067/2121/2405 3355/2122/2406
f 3356/2124/2408 1256/2119/2403 3353/2118/2402 2067/2121/2405
f 1203/1907/2191 3250/1912/2196 2068/2125/2409 3355/2122/2406
f 3250/1912/2196 1204/1911/2195 3357/2126/2410 2068/2125/2409
f 1258/2127/2411 3358/2128/2412 2068/2125/2409 3357/2126/2410
f 3358/2128/2412 1257/2123/2407 3355/2122/2406 2068/2125/2409
f 1204/1911/2195 3252/1916/2200 2069/2129/2413 3357/2126/2410
f 3252/1916/2200 1205/1915/2199 3359/2130/2414 2069/2129/2413
f 1259/2131/2415 3360/2132/2416 2069/2129/2413 3359/2130/2414
f 3360/2132/2416 1258/2127/2411 3357/2126/2410 2069/2129/2413
f 1205/1915/2199 3254/1920/2204 2070/2133/2417 3359/2130/2414
f 3254/1920/2204 1206/1919/2203 3361/2134/2418 2070/2133/2417
f 1260/2135/2419 3362/2136/2420 2070/2133/2417 3361/2134/2418
f 3362/2136/2420 1259/2131/2415 3359/2130/2414 2070/2133/2417
f 1206/1919/2203 3256/1924/2208 2071/2137/2421 3361/2134/2418
f 3256/1924/2208 1207/1923/2207 3363/2138/2422 2071/2137/2421
f 1261/2139/2423 3364/2140/2424 2071/2137/2421 3363/2138/2422
f 3364/2140/2424 1260/2135/2419 3361/2134/2418 2071/2137/2421
f 1207/1923/2207 3258/1928/2212 2072/2141/2425 3363/2138/2422
f 3258/1928/2212 1208/1927/2211 3365/2142/2426 2072/2141/2425
f 1262/2143/2427 3366/2144/2428 2072/2141/2425 3365/2142/2426
f 3366/2144/2428 1261/2139/2423 3363/2138/2422 2072/2141/2425
f 1208/1927/2211 3259/1930/2214 2073/2145/2429 3365/2142/2426
f 3367/2146/2430 1262/2143/2427 3365/2142/2426 2073/2145/2429
f 1209/1936/2220 3262/1935/2219 2074/2147/2431 3368/2148/2432
f 3262/1935/2219 1210/1934/2218 3369/2149/2433 2074/2147/2431
f 1264/2150/2434 3370/2151/2435 2074/2147/2431 3369/2149/2433
f 3370/2151/2435 1263/2152/2436 3368/2148/2432 2074/2147/2431
f 3264/1940/2224 1211/1939/2223 3371/2153/2437 2075/2154/2438
f 1265/2155/2439 3372/2156/2440 2075/2154/2438 3371/2153/2437
f 1211/1939/2223 3266/1944/2228 2076/2157/2441 3371/2153/2437
f 3266/1944/2228 1212/1943/2227 3373/2158/2442 2076/2157/2441
f 1266/2159/2443 3374/2160/2444 2076/2157/2441 3373/2158/2442
f 3374/2160/2444 1265/2155/2439 3371/2153/2437 2076/2157/2441
f 1212/1943/2227 3268/1948/2232 2077/2161/2445 3373/2158/2442
f 3268/1948/2232 1213/1947/2231 3375/2162/2446 2077/2161/2445
f 1267/2163/2447 3376/2164/2448 2077/2161/2445 3375/2162/2446
f 3376/2164/2448 1266/2159/2443 3373/2158/2442 2077/2161/2445
f 1213/1947/2231 3270/1952/2236 2078/2165/2449 3375/2162/2446
f 3270/1952/2236 1214/1951/2235 3377/2166/2450 2078/2165/2449
f 1268/2167/2451 3378/2168/2452 2078/2165/2449 3377/2166/2450
f 3378/2168/2452 1267/2163/2447 3375/2162/2446 2078/2165/2449
f 1214/1951/2235 3272/1956/2240 2079/2169/2453 3377/2166/2450
f 3272/1956/2240 1215/1955/2239 3379/2170/2454 2079/2169/2453
f 1269/2171/2455 3380/2172/2456 2079/2169/2453 3379/2170/2454
f 3380/2172/2456 1268/2167/2451 3377/2166/2450 2079/2169/2453
f 1215/1955/2239 3274/1960/2244 2080/2173/2457 3379/2170/2454
f 3274/1960/2244 1216/1959/2243 3381/2174/2458 2080/2173/2457
f 1270/2175/2459 3382/2176/2460 2080/2173/2457 3381/2174/2458
f 3382/2176/2460 1269/2171/2455 3379/2170/2454 2080/2173/2457
f 1216/1959/2243 3276/1964/2248 2081/2177/2461 3381/2174/2458
f 3276/1964/2248 1217/1963/2247 3383/2178/2462 2081/2177/2461
f 1271/2179/2463 3384/2180/2464 2081/2177/2461 3383/2178/2462
f 3384/2180/2464 1270/2175/2459 3381/2174/2458 2081/2177/2461
f 1217/1963/2247 3278/1968/2252 2082/2181/2465 3383/2178/2462
f 3278/1968/2252 1218/1967/2251 3385/2182/2466 2082/2181/2465
f 1272/2183/2467 3386/2184/2468 2082/2181/2465 3385/2182/2466
f 3386/2184/2468 1271/2179/2463 3383/2178/2462 2082/2181/2465
f 1218/1967/2251 3280/1972/2256 2083/2185/2469 3385/2182/2466
f 3280/1972/2256 1219/1971/2255 3387/2186/2470 2083/2185/2469
f 1273/2187/2471 3388/2188/2472 2083/2185/2469 3387/2186/2470
f 3388/2188/2472 1272/2183/2467 3385/2182/2466 2083/2185/2469
f 1219/1971/2255 3282/1976/2260 2084/2189/2473 3387/2186/2470
f 3282/1976/2260 1220/1975/2259 3389/2190/2474 2084/2189/2473
f 1274/2191/2475 3390/2192/2476 2084/2189/2473 3389/2190/2474
f 3390/2192/2476 1273/2187/2471 3387/2186/2470 2084/2189/2473
f 1220/1975/2259 3284/1980/2264 2085/2193/2477 3389/2190/2474
f 3284/1980/2264 1221/1979/2263 3391/2194/2478 2085/2193/2477
f 1275/2195/2479 3392/2196/2480 2085/2193/2477 3391/2194/2478
f 3392/2196/2480 1274/2191/2475 3389/2190/2474 2085/2193/2477
f 1221/1979/2263 3286/1984/2268 2086/2197/2481 3391/2194/2478
f 3286/1984/2268 1222/1983/2267 3393/2198/2482 2086/2197/2481
f 1276/2199/2483 3394/2200/2484 2086/2197/2481 3393/2198/2482
f 3394/2200/2484 1275/2195/2479 3391/2194/2478 2086/2197/2481
f 1222/1983/2267 3288/1988/2272 2087/2201/2485 3393/2198/2482
f 3288/1988/2272 1223/1987/2271 3395/2202/2486 2087/2201/2485
f 1277/2203/2487 3396/2204/2488 2087/2201/2485 3395/2202/2486
f 3396/2204/2488 1276/2199/2483 3393/2198/2482 2087/2201/2485
f 1223/1987/2271 3290/1992/2276 2088/2205/2489 3395/2202/2486
f 3290/1992/2276 1224/1991/2275 3397/2206/2490 2088/2205/2489
f 1278/2207/2491 3398/2208/2492 2088/2205/2489 3397/2206/2490
f 3398/2208/2492 1277/2203/2487 3395/2202/2486 2088/2205/2489
f 1224/1991/2275 3292/1996/2280 2089/2209/2493 3397/2206/2490
f 3292/1996/2280 1225/1995/2279 3399/2210/2494 2089/2209/2493
f 1279/2211/2495 3400/2212/2496 2089/2209/2493 3399/2210/2494
f 3400/2212/2496 1278/2207/2491 3397/2206/2490 2089/2209/2493
f 1225/1995/2279 3294/2000/2284 2090/2213/2497 3399/2210/2494
f 3294/2000/2284 1226/1999/2283 3401/2214/2498 2090/2213/2497
f 1280/2215/2499 3402/2216/2500 2090/2213/2497 3401/2214/2498
f 3402/2216/2500 1279/2211/2495 3399/2210/2494 2090/2213/2497
f 1226/1999/2283 3296/2004/2288 2091/2217/2501 3401/2214/2498
f 3296/2004/2288 1227/2003/2287 3403/2218/2502 2091/2217/2501
f 1281/2219/2503 3404/2220/2504 2091/2217/2501 3403/2218/2502
f 3404/2220/2504 1280/2215/2499 3401/2214/2498 2091/2217/2501
f 1227/2003/2287 3298/2008/2292 2092/2221/2505 3403/2218/2502
f 3298/2008/2292 1228/2007/2291 3405/2222/2506 2092/2221/2505
f 1282/2223/2507 3406/2224/2508 2092/2221/2505 3405/2222/2506
f 3406/2224/2508 1281/2219/2503 3403/2218/2502 2092/2221/2505
f 1228/2007/2291 3300/2012/2296 2093/2225/2509 3405/2222/2506
f 3300/2012/2296 1229/2011/2295 3407/2226/2510 2093/2225/2509
f 1283/2227/2511 3408/2228/2512 2093/2225/2509 3407/2226/2510
f 3408/2228/2512 1282/2223/2507 3405/2222/2506 2093/2225/2509
f 1229/2011/2295 3302/2016/2300 2094/2229/2513 3407/2226/2510
f 3302/2016/2300 1230/2015/2299 3409/2230/2514 2094/2229/2513
f 1284/2231/2515 3410/2232/2516 2094/2229/2513 3409/2230/2514
f 3410/2232/2516 1283/2227/2511 3407/2226/2510 2094/2229/2513
f 1230/2015/2299 3304/2020/2304 2095/2233/2517 3409/2230/2514
f 3304/2020/2304 1231/2019/2303 3411/2234/2518 2095/2233/2517
f 1285/2235/2519 3412/2236/2520 2095/2233/2517 3411/2234/2518
f 3412/2236/2520 1284/2231/2515 3409/2230/2514 2095/2233/2517
f 1231/2019/2303 3306/2024/2308 2096/2237/2521 3411/2234/2518
f 3306/2024/2308 1232/2023/2307 3413/2238/2522 2096/2237/2521
f 1286/2239/2523 3414/2240/2524 2096/2237/2521 3413/2238/2522
f 3414/2240/2524 1285/2235/2519 3411/2234/2518 2096/2237/2521
f 1232/2023/2307 3308/2028/2312 2097/2241/2525 3413/2238/2522
f 3308/2028/2312 1233/2027/2311 3415/2242/2526 2097/2241/2525
f 1287/2243/2527 3416/2244/2528 2097/2241/2525 3415/2242/2526
f 3416/2244/2528 1286/2239/2523 3413/2238/2522 2097/2241/2525
f 1233/2027/2311 3310/2032/2316 2098/2245/2529 3415/2242/2526
f 3310/2032/2316 1234/2031/2315 3417/2246/2530 2098/2245/2529
f 1288/2247/2531 3418/2248/2532 2098/2245/2529 3417/2246/2530
f 3418/2248/2532 1287/2243/2527 3415/2242/2526 2098/2245/2529
f 1234/2031/2315 3312/2036/2320 2099/2249/2533 3417/2246/2530
f 3312/2036/2320 1235/2035/2319 3419/2250/2534 2099/2249/2533
f 1289/2251/2535 3420/2252/2536 2099/2249/2533 3419/2250/2534
f 3420/2252/2536 1288/2247/2531 3417/2246/2530 2099/2249/2533
f 1235/2035/2319 3314/2040/2324 2100/2253/2537 3419/2250/2534
f 3314/2040/2324 1236/2039/2323 3421/2254/2538 2100/2253/2537
f 1290/2255/2539 3422/2256/2540 2100/2253/2537 3421/2254/2538
f 3422/2256/2540 1289/2251/2535 3419/2250/2534 2100/2253/2537
f 1236/2039/2323 3316/2044/2328 2101/2257/2541 3421/2254/2538
f 3316/2044/2328 1237/2043/2327 3423/2258/2542 2101/2257/2541
f 1291/2259/2543 3424/2260/2544 2101/2257/2541 3423/2258/2542
f 3424/2260/2544 1290/2255/2539 3421/2254/2538 2101/2257/2541
f 1237/2043/2327 3318/2048/2332 2102/2261/2545 3423/2258/2542
f 3318/2048/2332 1238/2047/2331 3425/2262/2546 2102/2261/2545
f 1292/2263/2547 3426/2264/2548 2102/2261/2545 3425/2262/2546
f 3426/2264/2548 1291/2259/2543 3423/2258/2542 2102/2261/2545
f 1238/2047/2331 3320/2052/2336 2103/2265/2549 3425/2262/2546
f 3320/2052/2336 1239/2051/2335 3427/2266/2550 2103/2265/2549
f 1293/2267/2551 3428/2268/2552 2103/2265/2549 3427/2266/2550
f 3428/2268/2552 1292/2263/2547 3425/2262/2546 2103/2265/2549
f 1239/2051/2335 3322/2056/2340 2104/2269/2553 3427/2266/2550
f 3322/2056/2340 1240/2055/2339 3429/2270/2554 2104/2269/2553
f 1294/2271/2555 3430/2272/2556 2104/2269/2553 3429/2270/2554
f 3430/2272/2556 1293/2267/2551 3427/2266/2550 2104/2269/2553
f 1240/2055/2339 3324/2060/2344 2105/2273/2557 3429/2270/2554
f 3324/2060/2344 1241/2059/2343 3431/2274/2558 2105/2273/2557
f 1295/2275/2559 3432/2276/2560 2105/2273/2557 3431/2274/2558
f 3432/2276/2560 1294/2271/2555 3429/2270/2554 2105/2273/2557
f 1241/2059/2343 3326/2064/2348 2106/2277/2561 3431/2274/2558
f 3326/2064/2348 1242/2063/2347 3433/2278/2562 2106/2277/2561
f 1296/2279/2563 3434/2280/2564 2106/2277/2561 3433/2278/2562
f 3434/2280/2564 1295/2275/2559 3431/2274/2558 2106/2277/2561
f 1242/2063/2347 3328/2068/2352 2107/2281/2565 3433/2278/2562
f 3328/2068/2352 1243/2067/2351 3435/2282/2566 2107/2281/2565
f 1297/2283/2567 3436/2284/2568 2107/2281/2565 3435/2282/2566
f 3436/2284/2568 1296/2279/2563 3433/2278/2562 2107/2281/2565
f 1243/2067/2351 3330/2072/2356 2108/2285/2569 3435/2282/2566
f 3330/2072/2356 1244/2071/2355 3437/2286/2570 2108/2285/2569
f 1298/2287/2571 3438/2288/2572 2108/2285/2569 3437/2286/2570
f 3438/2288/2572 1297/2283/2567 3435/2282/2566 2108/2285/2569
f 1244/2071/2355 3332/2076/2360 2109/2289/2573 3437/2286/2570
f 3332/2076/2360 1245/2075/2359 3439/2290/2574 2109/2289/2573
f 1299/2291/2575 3440/2292/2576 2109/2289/2573 3439/2290/2574
f 3440/2292/2576 1298/2287/2571 3437/2286/2570 2109/2289/2573
f 1245/2075/2359 3334/2080/2364 2110/2293/2577 3439/2290/2574
f 3334/2080/2364 1246/2079/2363 3441/2294/2578 2110/2293/2577
f 1300/2295/2579 3442/2296/2580 2110/2293/2577 3441/2294/2578
f 3442/2296/2580 1299/2291/2575 3439/2290/2574 2110/2293/2577
f 1246/2079/2363 3336/2084/2368 2111/2297/2581 3441/2294/2578
f 3336/2084/2368 1247/2083/2367 3443/2298/2582 2111/2297/2581
f 1301/2299/2583 3444/2300/2584 2111/2297/2581 3443/2298/2582
f 3444/2300/2584 1300/2295/2579 3441/2294/2578 2111/2297/2581
f 1247/2083/2367 3338/2088/2372 2112/2301/2585 3443/2298/2582
f 3338/2088/2372 1248/2087/2371 3445/2302/2586 2112/2301/2585
f 1302/2303/2587 3446/2304/2588 2112/2301/2585 3445/2302/2586
f 3446/2304/2588 1301/2299/2583 3443/2298/2582 2112/2301/2585
f 1248/2087/2371 3340/2092/2376 2113/2305/2589 3445/2302/2586
f 3340/2092/2376 1249/2091/2375 3447/2306/2590 2113/2305/2589
f 1303/2307/2591 3448/2308/2592 2113/2305/2589 3447/2306/2590
f 3448/2308/2592 1302/2303/2587 3445/2302/2586 2113/2305/2589
f 1249/2091/2375 3342/2096/2380 2114/2309/2593 3447/2306/2590
f 3342/2096/2380 1250/2095/2379 3449/2310/2594 2114/2309/2593
f 1304/2311/2595 3450/2312/2596 2114/2309/2593 3449/2310/2594
f 3450/2312/2596 1303/2307/2591 3447/2306/2590 2114/2309/2593
f 1250/2095/2379 3344/2100/2384 2115/2313/2597 3449/2310/2594
f 3344/2100/2384 1251/2099/2383 3451/2314/2598 2115/2313/2597
f 1305/2315/2599 3452/2316/2600 2115/2313/2597 3451/2314/2598
f 3452/2316/2600 1304/2311/2595 3449/2310/2594 2115/2313/2597
f 1251/2099/2383 3346/2104/2388 2116/2317/2601 3451/2314/2598
f 3346/2104/2388 1252/2103/2387 3453/2318/2602 2116/2317/2601
f 1306/2319/2603 3454/2320/2604 2116/2317/2601 3453/2318/2602
f 3454/2320/2604 1305/2315/2599 3451/2314/2598 2116/2317/2601
f 1252/2103/2387 3348/2108/2392 2117/2321/2605 3453/2318/2602
f 3348/2108/2392 1253/2107/2391 3455/2322/2606 2117/2321/2605
f 1307/2323/2607 3456/2324/2608 2117/2321/2605 3455/2322/2606
f 3456/2324/2608 1306/2319/2603 3453/2318/2602 2117/2321/2605
f 1253/2107/2391 3350/2112/2396 2118/2325/2609 3455/2322/2606
f 3350/2112/2396 1254/2111/2395 3457/2326/2610 2118/2325/2609
f 1308/2327/2611 3458/2328/2612 2118/2325/2609 3457/2326/2610
f 3458/2328/2612 1307/2323/2607 3455/2322/2606 2118/2325/2609
f 1254/2111/2395 3352/2116/2400 2119/2329/2613 3457/2326/2610
f 3352/2116/2400 1255/2115/2399 3459/2330/2614 2119/2329/2613
f 1309/2331/2615 3460/2332/2616 2119/2329/2613 3459/2330/2614
f 3460/2332/2616 1308/2327/2611 3457/2326/2610 2119/2329/2613
f 1255/2115/2399 3354/2120/2404 2120/2333/2617 3459/2330/2614
f 3354/2120/2404 1256/2119/2403 3461/2334/2618 2120/2333/2617
f 1310/2335/2619 3462/2336/2620 2120/2333/2617 3461/2334/2618
f 3462/2336/2620 1309/2331/2615 3459/2330/2614 2120/2333/2617
f 1256/2119/2403 3356/2124/2408 2121/2337/2621 3461/2334/2618
f 3356/2124/2408 1257/2123/2407 3463/2338/2622 2121/2337/2621
f 1311/2339/2623 3464/2340/2624 2121/2337/2621 3463/2338/2622
f 3464/2340/2624 1310/2335/2619 3461/2334/2618 2121/2337/2621
f 1257/2123/2407 3358/2128/2412 2122/2341/2625 3463/2338/2622
f 3358/2128/2412 1258/2127/2411 3465/2342/2626 2122/2341/2625
f 1312/2343/2627 3466/2344/2628 2122/2341/2625 3465/2342/2626
f 3466/2344/2628 1311/2339/2623 3463/2338/2622 2122/2341/2625
f 1258/2127/2411 3360/2132/2416 2123/2345/2629 3465/2342/2626
f 3360/2132/2416 1259/2131/2415 3467/2346/2630 2123/2345/2629
f 1313/2347/2631 3468/2348/2632 2123/2345/2629 3467/2346/2630
f 3468/2348/2632 1312/2343/2627 3465/2342/2626 2123/2345/2629
f 1259/2131/2415 3362/2136/2420 2124/2349/2633 3467/2346/2630
f 3362/2136/2420 1260/2135/2419 3469/2350/2634 2124/2349/2633
f 1314/2351/2635 3470/2352/2636 2124/2349/2633 3469/2350/2634
f 3470/2352/2636 1313/2347/2631 3467/2346/2630 2124/2349/2633
f 1260/2135/2419 3364/2140/2424 2125/2353/2637 3469/2350/2634
f 3364/2140/2424 1261/2139/2423 3471/2354/2638 2125/2353/2637
f 1315/2355/2639 3472/2356/2640 2125/2353/2637 3471/2354/2638
f 3472/2356/2640 1314/2351/2635 3469/2350/2634 2125/2353/2637
f 1261/2139/2423 3366/2144/2428 2126/2357/2641 3471/2354/2638
f 3366/2144/2428 1262/2143/2427 3473/2358/2642 2126/2357/2641
f 1316/2359/2643 3474/2360/2644 2126/2357/2641 3473/2358/2642
f 3474/2360/2644 1315/2355/2639 3471/2354/2638 2126/2357/2641
f 1262/2143/2427 3367/2146/2430 2127/2361/2645 3473/2358/2642
f 3475/2362/2646 1316/2359/2643 3473/2358/2642 2127/2361/2645
f 1263/2152/2436 3370/2151/2435 2128/2363/2647 3476/2364/2648
f 3370/2151/2435 1264/2150/2434 3477/2365/2649 2128/2363/2647
f 1318/2366/2650 3478/2367/2651 2128/2363/2647 3477/2365/2649
f 3478/2367/2651 1317/2368/2652 3476/2364/2648 2128/2363/2647
f 3372/2156/2440 1265/2155/2439 3479/2153/2653 2129/2154/2654
f 1319/1939/2655 3480/1940/2656 2129/2154/2654 3479/2153/2653
f 1265/2155/2439 3374/2160/2444 2130/2157/2657 3479/2153/2653
f 3374/2160/2444 1266/2159/2443 3481/2158/2658 2130/2157/2657
f 1320/1943/2659 3482/1944/2660 2130/2157/2657 3481/2158/2658
f 3482/1944/2660 1319/1939/2655 3479/2153/2653 2130/2157/2657
f 1266/2159/2443 3376/2164/2448 2131/2161/2661 3481/2158/2658
f 3376/2164/2448 1267/2163/2447 3483/2369/2662 2131/2161/2661
f 1321/1947/2663 3484/1948/2664 2131/2161/2661 3483/2369/2662
f 3484/1948/2664 1320/1943/2659 3481/2158/2658 2131/2161/2661
f 1267/2163/2447 3378/2168/2452 2132/2165/2665 3483/2369/2662
f 3378/2168/2452 1268/2167/2451 3485/2166/2666 2132/2165/2665
f 1322/1951/2667 3486/1952/2668 2132/2165/2665 3485/2166/2666
f 3486/1952/2668 1321/1947/2663 3483/2369/2662 2132/2165/2665
f 1268/2167/2451 3380/2172/2456 2133/2169/2669 3485/2166/2666
f 3380/2172/2456 1269/2171/2455 3487/2170/2670 2133/2169/2669
f 1323/2370/2671 3488/1956/2672 2133/2169/2669 3487/2170/2670
f 3488/1956/2672 1322/1951/2667 3485/2166/2666 2133/2169/2669
f 1269/2171/2455 3382/2176/2460 2134/2173/2673 3487/2170/2670
f 3382/2176/2460 1270/2175/2459 3489/2174/2674 2134/2173/2673
f 1324/1959/2675 3490/1960/2676 2134/2173/2673 3489/2174/2674
f 3490/1960/2676 1323/2370/2671 3487/2170/2670 2134/2173/2673
f 1270/2175/2459 3384/2180/2464 2135/2371/2677 3489/2174/2674
f 3384/2180/2464 1271/2179/2463 3491/2178/2678 2135/2371/2677
f 1325/1963/2679 3492/2372/2680 2135/2371/2677 3491/2178/2678
f 3492/2372/2680 1324/1959/2675 3489/2174/2674 2135/2371/2677
f 1271/2179/2463 3386/2184/2468 2136/2181/2681 3491/2178/2678
f 3386/2184/2468 1272/2183/2467 3493/2182/2682 2136/2181/2681
f 1326/1967/2683 3494/1968/2684 2136/2181/2681 3493/2182/2682
f 3494/1968/2684 1325/1963/2679 3491/2178/2678 2136/2181/2681
f 1272/2183/2467 3388/2188/2472 2137/2185/2685 3493/2182/2682
f 3388/2188/2472 1273/2187/2471 3495/2186/2686 2137/2185/2685
f 1327/1971/2687 3496/2373/2688 2137/2185/2685 3495/2186/2686
f 3496/2373/2688 1326/1967/2683 3493/2182/2682 2137/2185/2685
f 1273/2187/2471 3390/2192/2476 2138/2189/2689 3495/2186/2686
f 3390/2192/2476 1274/2191/2475 3497/2190/2690 2138/2189/2689
f 1328/2374/2691 3498/1976/2692 2138/2189/2689 3497/2190/2690
f 3498/1976/2692 1327/1971/2687 3495/2186/2686 2138/2189/2689
f 1274/2191/2475 3392/2196/2480 2139/2375/2693 3497/2190/2690
f 3392/2196/2480 1275/2195/2479 3499/2194/2694 2139/2375/2693
f 1329/1979/2695 3500/1980/2696 2139/2375/2693 3499/2194/2694
f 3500/1980/2696 1328/2374/2691 3497/2190/2690 2139/2375/2693
f 1275/2195/2479 3394/2200/2484 2140/2197/2697 3499/2194/2694
f 3394/2200/2484 1276/2199/2483 3501/2198/2698 2140/2197/2697
f 1330/1983/2699 3502/1984/2700 2140/2197/2697 3501/2198/2698
f 3502/1984/2700 1329/1979/2695 3499/2194/2694 2140/2197/2697
f 1276/2199/2483 3396/2204/2488 2141/2201/2701 3501/2198/2698
f 3396/2204/2488 1277/2203/2487 3503/2202/2702 2141/2201/2701
f 1331/1987/2703 3504/1988/2704 2141/2201/2701 3503/2202/2702
f 3504/1988/2704 1330/1983/2699 3501/2198/2698 2141/2201/2701
f 1277/2203/2487 3398/2208/2492 2142/2205/2705 3503/2202/2702
f 3398/2208/2492 1278/2207/2491 3505/2206/2706 2142/2205/2705
f 1332/1991/2707 3506/1992/2708 2142/2205/2705 3505/2206/2706
f 3506/1992/2708 1331/1987/2703 3503/2202/2702 2142/2205/2705
f 1278/2207/2491 3400/2212/2496 2143/2209/2709 3505/2206/2706
f 3400/2212/2496 1279/2211/2495 3507/2210/2710 2143/2209/2709
f 1333/1995/2711 3508/1996/2712 2143/2209/2709 3507/2210/2710
f 3508/1996/2712 1332/1991/2707 3505/2206/2706 2143/2209/2709
f 1279/2211/2495 3402/2216/2500 2144/2213/2713 3507/2210/2710
f 3402/2216/2500 1280/2215/2499 3509/2214/2714 2144/2213/2713
f 1334/1999/2715 3510/2000/2716 2144/2213/2713 3509/2214/2714
f 3510/2000/2716 1333/1995/2711 3507/2210/2710 2144/2213/2713
f 1280/2215/2499 3404/2220/2504 2145/2217/2717 3509/2214/2714
f 3404/2220/2504 1281/2219/2503 3511/2218/2718 2145/2217/2717
f 1335/2003/2719 3512/2004/2720 2145/2217/2717 3511/2218/2718
f 3512/2004/2720 1334/1999/2715 3509/2214/2714 2145/2217/2717
f 1281/2219/2503 3406/2224/2508 2146/2221/2721 3511/2218/2718
f 3406/2224/2508 1282/2223/2507 3513/2222/2722 2146/2221/2721
f 1336/2007/2723 3514/2008/2724 2146/2221/2721 3513/2222/2722
f 3514/2008/2724 1335/2003/2719 3511/2218/2718 2146/2221/2721
f 1282/2223/2507 3408/2228/2512 2147/2225/2725 3513/2222/2722
f 3408/2228/2512 1283/2227/2511 3515/2376/2726 2147/2225/2725
f 1337/2011/2727 3516/2012/2728 2147/2225/2725 3515/2376/2726
f 3516/2012/2728 1336/2007/2723 3513/2222/2722 2147/2225/2725
f 1283/2227/2511 3410/2232/2516 2148/2229/2729 3515/2376/2726
f 3410/2232/2516 1284/2231/2515 3517/2230/2730 2148/2229/2729
f 1338/2015/2731 3518/2016/2732 2148/2229/2729 3517/2230/2730
f 3518/2016/2732 1337/2011/2727 3515/2376/2726 2148/2229/2729
f 1284/2231/2515 3412/2236/2520 2149/2233/2733 3517/2230/2730
f 3412/2236/2520 1285/2235/2519 3519/2234/2734 2149/2233/2733
f 1339/2019/2735 3520/2020/2736 2149/2233/2733 3519/2234/2734
f 3520/2020/2736 1338/2015/2731 3517/2230/2730 2149/2233/2733
f 1285/2235/2519 3414/2240/2524 2150/2237/2737 3519/2234/2734
f 3414/2240/2524 1286/2239/2523 3521/2377/2738 2150/2237/2737
f 1340/2023/2739 3522/2024/2740 2150/2237/2737 3521/2377/2738
f 3522/2024/2740 1339/2019/2735 3519/2234/2734 2150/2237/2737
f 1286/2239/2523 3416/2244/2528 2151/2241/2741 3521/2377/2738
f 3416/2244/2528 1287/2243/2527 3523/2242/2742 2151/2241/2741
f 1341/2027/2743 3524/2028/2744 2151/2241/2741 3523/2242/2742
f 3524/2028/2744 1340/2023/2739 3521/2377/2738 2151/2241/2741
f 1287/2243/2527 3418/2248/2532 2152/2245/2745 3523/2242/2742
f 3418/2248/2532 1288/2247/2531 3525/2246/2746 2152/2245/2745
f 1342/2031/2747 3526/2032/2748 2152/2245/2745 3525/2246/2746
f 3526/2032/2748 1341/2027/2743 3523/2242/2742 2152/2245/2745
f 1288/2247/2531 3420/2252/2536 2153/2249/2749 3525/2246/2746
f 3420/2252/2536 1289/2251/2535 3527/2250/2750 2153/2249/2749
f 1343/2035/2751 3528/2036/2752 2153/2249/2749 3527/2250/2750
f 3528/2036/2752 1342/2031/2747 3525/2246/2746 2153/2249/2749
f 1289/2251/2535 3422/2256/2540 2154/2253/2753 3527/2250/2750
f 3422/2256/2540 1290/2255/2539 3529/2254/2754 2154/2253/2753
f 1344/2039/2755 3530/2040/2756 2154/2253/2753 3529/2254/2754
f 3530/2040/2756 1343/2035/2751 3527/2250/2750 2154/2253/2753
f 1290/2255/2539 3424/2260/2544 2155/2257/2757 3529/2254/2754
f 3424/2260/2544 1291/2259/2543 3531/2258/2758 2155/2257/2757
f 1345/2043/2759 3532/2044/2760 2155/2257/2757 3531/2258/2758
f 3532/2044/2760 1344/2039/2755 3529/2254/2754 2155/2257/2757
f 1291/2259/2543 3426/2264/2548 2156/2261/2761 3531/2258/2758
f 3426/2264/2548 1292/2263/2547 3533/2262/2762 2156/2261/2761
f 1346/2047/2763 3534/2048/2764 2156/2261/2761 3533/2262/2762
f 3534/2048/2764 1345/2043/2759 3531/2258/2758 2156/2261/2761
f 1292/2263/2547 3428/2268/2552 2157/2265/2765 3533/2262/2762
f 3428/2268/2552 1293/2267/2551 3535/2266/2766 2157/2265/2765
f 1347/2051/2767 3536/2052/2768 2157/2265/2765 3535/2266/2766
f 3536/2052/2768 1346/2047/2763 3533/2262/2762 2157/2265/2765
f 1293/2267/2551 3430/2272/2556 2158/2269/2769 3535/2266/2766
f 3430/2272/2556 1294/2271/2555 3537/2270/2770 2158/2269/2769
f 1348/2055/2771 3538/2056/2772 2158/2269/2769 3537/2270/2770
f 3538/2056/2772 1347/2051/2767 3535/2266/2766 2158/2269/2769
f 1294/2271/2555 3432/2276/2560 2159/2273/2773 3537/2270/2770
f 3432/2276/2560 1295/2275/2559 3539/2274/2774 2159/2273/2773
f 1349/2059/2775 3540/2060/2776 2159/2273/2773 3539/2274/2774
f 3540/2060/2776 1348/2055/2771 3537/2270/2770 2159/2273/2773
f 1295/2275/2559 3434/2280/2564 2160/2277/2777 3539/2274/2774
f 3434/2280/2564 1296/2279/2563 3541/2278/2778 2160/2277/2777
f 1350/2063/2779 3542/2064/2780 2160/2277/2777 3541/2278/2778
f 3542/2064/2780 1349/2059/2775 3539/2274/2774 2160/2277/2777
f 1296/2279/2563 3436/2284/2568 2161/2281/2781 3541/2278/2778
f 3436/2284/2568 1297/2283/2567 3543/2282/2782 2161/2281/2781
f 1351/2067/2783 3544/2068/2784 2161/2281/2781 3543/2282/2782
f 3544/2068/2784 1350/2063/2779 3541/2278/2778 2161/2281/2781
f 1297/2283/2567 3438/2288/2572 2162/2285/2785 3543/2282/2782
f 3438/2288/2572 1298/2287/2571 3545/2286/2786 2162/2285/2785
f 1352/2071/2787 3546/2072/2788 2162/2285/2785 3545/2286/2786
f 3546/2072/2788 1351/2067/2783 3543/2282/2782 2162/2285/2785
f 1298/2287/2571 3440/2292/2576 2163/2289/2789 3545/2286/2786
f 3440/2292/2576 1299/2291/2575 3547/2290/2790 2163/2289/2789
f 1353/2075/2791 3548/2076/2792 2163/2289/2789 3547/2290/2790
f 3548/2076/2792 1352/2071/2787 3545/2286/2786 2163/2289/2789
f 1299/2291/2575 3442/2296/2580 2164/2293/2793 3547/2290/2790
f 3442/2296/2580 1300/2295/2579 3549/2294/2794 2164/2293/2793
f 1354/2079/2795 3550/2080/2796 2164/2293/2793 3549/2294/2794
f 3550/2080/2796 1353/2075/2791 3547/2290/2790 2164/2293/2793
f 1300/2295/2579 3444/2300/2584 2165/2297/2797 3549/2294/2794
f 3444/2300/2584 1301/2299/2583 3551/2298/2798 2165/2297/2797
f 1355/2083/2799 3552/2084/2800 2165/2297/2797 3551/2298/2798
f 3552/2084/2800 1354/2079/2795 3549/2294/2794 2165/2297/2797
f 1301/2299/2583 3446/2304/2588 2166/2301/2801 3551/2298/2798
f 3446/2304/2588 1302/2303/2587 3553/2302/2802 2166/2301/2801
f 1356/2087/2803 3554/2088/2804 2166/2301/2801 3553/2302/2802
f 3554/2088/2804 1355/2083/2799 3551/2298/2798 2166/2301/2801
f 1302/2303/2587 3448/2308/2592 2167/2305/2805 3553/2302/2802
f 3448/2308/2592 1303/2307/2591 3555/2306/2806 2167/2305/2805
f 1357/2091/2807 3556/2092/2808 2167/2305/2805 3555/2306/2806
f 3556/2092/2808 1356/2087/2803 3553/2302/2802 2167/2305/2805
f 1303/2307/2591 3450/2312/2596 2168/2309/2809 3555/2306/2806
f 3450/2312/2596 1304/2311/2595 3557/2310/2810 2168/2309/2809
f 1358/2095/2811 3558/2096/2812 2168/2309/2809 3557/2310/2810
f 3558/2096/2812 1357/2091/2807 3555/2306/2806 2168/2309/2809
f 1304/2311/2595 3452/2316/2600 2169/2313/2813 3557/2310/2810
f 3452/2316/2600 1305/2315/2599 3559/2314/2814 2169/2313/2813
f 1359/2099/2815 3560/2100/2816 2169/2313/2813 3559/2314/2814
f 3560/2100/2816 1358/2095/2811 3557/2310/2810 2169/2313/2813
f 1305/2315/2599 3454/2320/2604 2170/2317/2817 3559/2314/2814
f 3454/2320/2604 1306/2319/2603 3561/2318/2818 2170/2317/2817
f 1360/2103/2819 3562/2104/2820 2170/2317/2817 3561/2318/2818
f 3562/2104/2820 1359/2099/2815 3559/2314/2814 2170/2317/2817
f 1306/2319/2603 3456/2324/2608 2171/2321/2821 3561/2318/2818
f 3456/2324/2608 1307/2323/2607 3563/2322/2822 2171/2321/2821
f 1361/2107/2823 3564/2108/2824 2171/2321/2821 3563/2322/2822
f 3564/2108/2824 1360/2103/2819 3561/2318/2818 2171/2321/2821
f 1307/2323/2607 3458/2328/2612 2172/2378/2825 3563/2322/2822
f 3458/2328/2612 1308/2327/2611 3565/2379/2826 2172/2378/2825
f 1362/2111/2827 3566/2112/2828 2172/2378/2825 3565/2379/2826
f 3566/2112/2828 1361/2107/2823 3563/2322/2822 2172/2378/2825
f 1308/2327/2611 3460/2332/2616 2173/2329/2829 3565/2379/2826
f 3460/2332/2616 1309/2331/2615 3567/2330/2830 2173/2329/2829
f 1363/2115/2831 3568/2116/2832 2173/2329/2829 3567/2330/2830
f 3568/2116/2832 1362/2111/2827 3565/2379/2826 2173/2329/2829
f 1309/2331/2615 3462/2336/2620 2174/2333/2833 3567/2330/2830
f 3462/2336/2620 1310/2335/2619 3569/2334/2834 2174/2333/2833
f 1364/2119/2835 3570/2120/2836 2174/2333/2833 3569/2334/2834
f 3570/2120/2836 1363/2115/2831 3567/2330/2830 2174/2333/2833
f 1310/2335/2619 3464/2340/2624 2175/2337/2837 3569/2334/2834
f 3464/2340/2624 1311/2339/2623 3571/2338/2838 2175/2337/2837
f 1365/2123/2839 3572/2124/2840 2175/2337/2837 3571/2338/2838
f 3572/2124/2840 1364/2119/2835 3569/2334/2834 2175/2337/2837
f 1311/2339/2623 3466/2344/2628 2176/2341/2841 3571/2338/2838
f 3466/2344/2628 1312/2343/2627 3573/2342/2842 2176/2341/2841
f 1366/2127/2843 3574/2128/2844 2176/2341/2841 3573/2342/2842
f 3574/2128/2844 1365/2123/2839 3571/2338/2838 2176/2341/2841
f 1312/2343/2627 3468/2348/2632 2177/2345/2845 3573/2342/2842
f 3468/2348/2632 1313/2347/2631 3575/2346/2846 2177/2345/2845
f 1367/2131/2847 3576/2132/2848 2177/2345/2845 3575/2346/2846
f 3576/2132/2848 1366/2127/2843 3573/2342/2842 2177/2345/2845
f 1313/2347/2631 3470/2352/2636 2178/2349/2849 3575/2346/2846
f 3470/2352/2636 1314/2351/2635 3577/2380/2850 2178/2349/2849
f 1368/2135/2851 3578/2136/2852 2178/2349/2849 3577/2380/2850
f 3578/2136/2852 1367/2131/2847 3575/2346/2846 2178/2349/2849
f 1314/2351/2635 3472/2356/2640 2179/2353/2853 3577/2380/2850
f 3472/2356/2640 1315/2355/2639 3579/2381/2854 2179/2353/2853
f 1369/2139/2855 3580/2382/2856 2179/2353/2853 3579/2381/2854
f 3580/2382/2856 1368/2135/2851 3577/2380/2850 2179/2353/2853
f 1315/2355/2639 3474/2360/2644 2180/2357/2857 3579/2381/2854
f 3474/2360/2644 1316/2359/2643 3581/2358/2858 2180/2357/2857
f 1370/2143/2859 3582/2144/2860 2180/2357/2857 3581/2358/2858
f 3582/2144/2860 1369/2139/2855 3579/2381/2854 2180/2357/2857
f 1316/2359/2643 3475/2362/2646 2181/2361/2861 3581/2358/2858
f 3583/2146/2862 1370/2143/2859 3581/2358/2858 2181/2361/2861
f 1317/2368/2652 3478/2367/2651 2182/2363/2863 3584/2364/2864
f 3478/2367/2651 1318/2366/2650 3585/2365/2865 2182/2363/2863
f 1372/2150/2866 3586/2151/2867 2182/2363/2863 3585/2365/2865
f 3586/2151/2867 1371/2152/2868 3584/2364/2864 2182/2363/2863
f 3480/1940/2656 1319/1939/2655 3587/1937/2869 2183/1938/2870
f 1373/1723/2871 3588/1724/2872 2183/1938/2870 3587/1937/2869
f 1319/1939/2655 3482/1944/2660 2184/1941/2873 3587/1937/2869
f 3482/1944/2660 1320/1943/2659 3589/1942/2874 2184/1941/2873
f 1374/2383/2875 3590/1728/2876 2184/1941/2873 3589/1942/2874
f 3590/1728/2876 1373/1723/2871 3587/1937/2869 2184/1941/2873
f 1320/1943/2659 3484/1948/2664 2185/1945/2877 3589/1942/2874
f 3484/1948/2664 1321/1947/2663 3591/1946/2878 2185/1945/2877
f 1375/1731/2879 3592/1732/2880 2185/1945/2877 3591/1946/2878
f 3592/1732/2880 1374/2383/2875 3589/1942/2874 2185/1945/2877
f 1321/1947/2663 3486/1952/2668 2186/1949/2881 3591/1946/2878
f 3486/1952/2668 1322/1951/2667 3593/1950/2882 2186/1949/2881
f 1376/1735/2883 3594/2384/2884 2186/1949/2881 3593/1950/2882
f 3594/2384/2884 1375/1731/2879 3591/1946/2878 2186/1949/2881
f 1322/1951/2667 3488/1956/2672 2187/1953/2885 3593/1950/2882
f 3488/1956/2672 1323/2370/2671 3595/1954/2886 2187/1953/2885
f 1377/1739/2887 3596/1740/2888 2187/1953/2885 3595/1954/2886
f 3596/1740/2888 1376/1735/2883 3593/1950/2882 2187/1953/2885
f 1323/2370/2671 3490/1960/2676 2188/1957/2889 3595/1954/2886
f 3490/1960/2676 1324/1959/2675 3597/1958/2890 2188/1957/2889
f 1378/2385/2891 3598/1744/2892 2188/1957/2889 3597/1958/2890
f 3598/1744/2892 1377/1739/2887 3595/1954/2886 2188/1957/2889
f 1324/1959/2675 3492/2372/2680 2189/1961/2893 3597/1958/2890
f 3492/2372/2680 1325/1963/2679 3599/1962/2894 2189/1961/2893
f 1379/1747/2895 3600/1748/2896 2189/1961/2893 3599/1962/2894
f 3600/1748/2896 1378/2385/2891 3597/1958/2890 2189/1961/2893
f 1325/1963/2679 3494/1968/2684 2190/1965/2897 3599/1962/2894
f 3494/1968/2684 1326/1967/2683 3601/1966/2898 2190/1965/2897
f 1380/1751/2899 3602/2386/2900 2190/1965/2897 3601/1966/2898
f 3602/2386/2900 1379/1747/2895 3599/1962/2894 2190/1965/2897
f 1326/1967/2683 3496/2373/2688 2191/1969/2901 3601/1966/2898
f 3496/2373/2688 1327/1971/2687 3603/1970/2902 2191/1969/2901
f 1381/1755/2903 3604/1756/2904 2191/1969/2901 3603/1970/2902
f 3604/1756/2904 1380/1751/2899 3601/1966/2898 2191/1969/2901
f 1327/1971/2687 3498/1976/2692 2192/1973/2905 3603/1970/2902
f 3498/1976/2692 1328/2374/2691 3605/1974/2906 2192/1973/2905
f 1382/2387/2907 3606/1760/2908 2192/1973/2905 3605/1974/2906
f 3606/1760/2908 1381/1755/2903 3603/1970/2902 2192/1973/2905
f 1328/2374/2691 3500/1980/2696 2193/1977/2909 3605/1974/2906
f 3500/1980/2696 1329/1979/2695 3607/1978/2910 2193/1977/2909
f 1383/1763/2911 3608/1764/2912 2193/1977/2909 3607/1978/2910
f 3608/1764/2912 1382/2387/2907 3605/1974/2906 2193/1977/2909
f 1329/1979/2695 3502/1984/2700 2194/1981/2913 3607/1978/2910
f 3502/1984/2700 1330/1983/2699 3609/2388/2914 2194/1981/2913
f 1384/2389/2915 3610/1768/2916 2194/1981/2913 3609/2388/2914
f 3610/1768/2916 1383/1763/2911 3607/1978/2910 2194/1981/2913
f 1330/1983/2699 3504/1988/2704 2195/1985/2917 3609/2388/2914
f 3504/1988/2704 1331/1987/2703 3611/2390/2918 2195/1985/2917
f 1385/1771/2919 3612/1772/2920 2195/1985/2917 3611/2390/2918
f 3612/1772/2920 1384/2389/2915 3609/2388/2914 2195/1985/2917
f 1331/1987/2703 3506/1992/2708 2196/1989/2921 3611/2390/2918
f 3506/1992/2708 1332/1991/2707 3613/1990/2922 2196/1989/2921
f 1386/1775/2923 3614/1776/2924 2196/1989/2921 3613/1990/2922
f 3614/1776/2924 1385/1771/2919 3611/2390/2918 2196/1989/2921
f 1332/1991/2707 3508/1996/2712 2197/1993/2925 3613/1990/2922
f 3508/1996/2712 1333/1995/2711 3615/1994/2926 2197/1993/2925
f 1387/1779/2927 3616/2391/2928 2197/1993/2925 3615/1994/2926
f 3616/2391/2928 1386/1775/2923 3613/1990/2922 2197/1993/2925
f 1333/1995/2711 3510/2000/2716 2198/1997/2929 3615/1994/2926
f 3510/2000/2716 1334/1999/2715 3617/1998/2930 2198/1997/2929
f 1388/1783/2931 3618/1784/2932 2198/1997/2929 3617/1998/2930
f 3618/1784/2932 1387/1779/2927 3615/1994/2926 2198/1997/2929
f 1334/1999/2715 3512/2004/2720 2199/2392/2933 3617/1998/2930
f 3512/2004/2720 1335/2003/2719 3619/2002/2934 2199/2392/2933
f 1389/1787/2935 3620/1788/2936 2199/2392/2933 3619/2002/2934
f 3620/1788/2936 1388/1783/2931 3617/1998/2930 2199/2392/2933
f 1335/2003/2719 3514/2008/2724 2200/2005/2937 3619/2002/2934
f 3514/2008/2724 1336/2007/2723 3621/2006/2938 2200/2005/2937
f 1390/1791/2939 3622/1792/2940 2200/2005/2937 3621/2006/2938
f 3622/1792/2940 1389/1787/2935 3619/2002/2934 2200/2005/2937
f 1336/2007/2723 3516/2012/2728 2201/2009/2941 3621/2006/2938
f 3516/2012/2728 1337/2011/2727 3623/2010/2942 2201/2009/2941
f 1391/1795/2943 3624/1796/2944 2201/2009/2941 3623/2010/2942
f 3624/1796/2944 1390/1791/2939 3621/2006/2938 2201/2009/2941
f 1337/2011/2727 3518/2016/2732 2202/2013/2945 3623/2010/2942
f 3518/2016/2732 1338/2015/2731 3625/2014/2946 2202/2013/2945
f 1392/1799/2947 3626/1800/2948 2202/2013/2945 3625/2014/2946
f 3626/1800/2948 1391/1795/2943 3623/2010/2942 2202/2013/2945
f 1338/2015/2731 3520/2020/2736 2203/2017/2949 3625/2014/2946
f 3520/2020/2736 1339/2019/2735 3627/2018/2950 2203/2017/2949
f 1393/1803/2951 3628/1804/2952 2203/2017/2949 3627/2018/2950
f 3628/1804/2952 1392/1799/2947 3625/2014/2946 2203/2017/2949
f 1339/2019/2735 3522/2024/2740 2204/2393/2953 3627/2018/2950
f 3522/2024/2740 1340/2023/2739 3629/2022/2954 2204/2393/2953
f 1394/1807/2955 3630/1808/2956 2204/2393/2953 3629/2022/2954
f 3630/1808/2956 1393/1803/2951 3627/2018/2950 2204/2393/2953
f 1340/2023/2739 3524/2028/2744 2205/2025/2957 3629/2022/2954
f 3524/2028/2744 1341/2027/2743 3631/2026/2958 2205/2025/2957
f 1395/1811/2959 3632/2394/2960 2205/2025/2957 3631/2026/2958
f 3632/2394/2960 1394/1807/2955 3629/2022/2954 2205/2025/2957
f 1341/2027/2743 3526/2032/2748 2206/2029/2961 3631/2026/2958
f 3526/2032/2748 1342/2031/2747 3633/2030/2962 2206/2029/2961
f 1396/1815/2963 3634/1816/2964 2206/2029/2961 3633/2030/2962
f 3634/1816/2964 1395/1811/2959 3631/2026/2958 2206/2029/2961
f 1342/2031/2747 3528/2036/2752 2207/2033/2965 3633/2030/2962
f 3528/2036/2752 1343/2035/2751 3635/2395/2966 2207/2033/2965
f 1397/1819/2967 3636/2396/2968 2207/2033/2965 3635/2395/2966
f 3636/2396/2968 1396/1815/2963 3633/2030/2962 2207/2033/2965
f 1343/2035/2751 3530/2040/2756 2208/2037/2969 3635/2395/2966
f 3530/2040/2756 1344/2039/2755 3637/2038/2970 2208/2037/2969
f 1398/1823/2971 3638/1824/2972 2208/2037/2969 3637/2038/2970
f 3638/1824/2972 1397/1819/2967 3635/2395/2966 2208/2037/2969
f 1344/2039/2755 3532/2044/2760 2209/2041/2973 3637/2038/2970
f 3532/2044/2760 1345/2043/2759 3639/2042/2974 2209/2041/2973
f 1399/1827/2975 3640/1828/2976 2209/2041/2973 3639/2042/2974
f 3640/1828/2976 1398/1823/2971 3637/2038/2970 2209/2041/2973
f 1345/2043/2759 3534/2048/2764 2210/2045/2977 3639/2042/2974
f 3534/2048/2764 1346/2047/2763 3641/2046/2978 2210/2045/2977
f 1400/1831/2979 3642/1832/2980 2210/2045/2977 3641/2046/2978
f 3642/1832/2980 1399/1827/2975 3639/2042/2974 2210/2045/2977
f 1346/2047/2763 3536/2052/2768 2211/2049/2981 3641/2046/2978
f 3536/2052/2768 1347/2051/2767 3643/2050/2982 2211/2049/2981
f 1401/1835/2983 3644/1836/2984 2211/2049/2981 3643/2050/2982
f 3644/1836/2984 1400/1831/2979 3641/2046/2978 2211/2049/2981
f 1347/2051/2767 3538/2056/2772 2212/2053/2985 3643/2050/2982
f 3538/2056/2772 1348/2055/2771 3645/2054/2986 2212/2053/2985
f 1402/1839/2987 3646/1840/2988 2212/2053/2985 3645/2054/2986
f 3646/1840/2988 1401/1835/2983 3643/2050/2982 2212/2053/2985
f 1348/2055/2771 3540/2060/2776 2213/2057/2989 3645/2054/2986
f 3540/2060/2776 1349/2059/2775 3647/2058/2990 2213/2057/2989
f 1403/1843/2991 3648/1844/2992 2213/2057/2989 3647/2058/2990
f 3648/1844/2992 1402/1839/2987 3645/2054/2986 2213/2057/2989
f 1349/2059/2775 3542/2064/2780 2214/2397/2993 3647/2058/2990
f 3542/2064/2780 1350/2063/2779 3649/2062/2994 2214/2397/2993
f 1404/1847/2995 3650/1848/2996 2214/2397/2993 3649/2062/2994
f 3650/1848/2996 1403/1843/2991 3647/2058/2990 2214/2397/2993
f 1350/2063/2779 3544/2068/2784 2215/2065/2997 3649/2062/2994
f 3544/2068/2784 1351/2067/2783 3651/2066/2998 2215/2065/2997
f 1405/1851/2999 3652/1852/3000 2215/2065/2997 3651/2066/2998
f 3652/1852/3000 1404/1847/2995 3649/2062/2994 2215/2065/2997
f 1351/2067/2783 3546/2072/2788 2216/2398/3001 3651/2066/2998
f 3546/2072/2788 1352/2071/2787 3653/2070/3002 2216/2398/3001
f 1406/1855/3003 3654/1856/3004 2216/2398/3001 3653/2070/3002
f 3654/1856/3004 1405/1851/2999 3651/2066/2998 2216/2398/3001
f 1352/2071/2787 3548/2076/2792 2217/2073/3005 3653/2070/3002
f 3548/2076/2792 1353/2075/2791 3655/2074/3006 2217/2073/3005
f 1407/1859/3007 3656/1860/3008 2217/2073/3005 3655/2074/3006
f 3656/1860/3008 1406/1855/3003 3653/2070/3002 2217/2073/3005
f 1353/2075/2791 3550/2080/2796 2218/2077/3009 3655/2074/3006
f 3550/2080/2796 1354/2079/2795 3657/2078/3010 2218/2077/3009
f 1408/1863/3011 3658/1864/3012 2218/2077/3009 3657/2078/3010
f 3658/1864/3012 1407/1859/3007 3655/2074/3006 2218/2077/3009
f 1354/2079/2795 3552/2084/2800 2219/2081/3013 3657/2078/3010
f 3552/2084/2800 1355/2083/2799 3659/2082/3014 2219/2081/3013
f 1409/1867/3015 3660/1868/3016 2219/2081/3013 3659/2082/3014
f 3660/1868/3016 1408/1863/3011 3657/2078/3010 2219/2081/3013
f 1355/2083/2799 3554/2088/2804 2220/2085/3017 3659/2082/3014
f 3554/2088/2804 1356/2087/2803 3661/2086/3018 2220/2085/3017
f 1410/1871/3019 3662/1872/3020 2220/2085/3017 3661/2086/3018
f 3662/1872/3020 1409/1867/3015 3659/2082/3014 2220/2085/3017
f 1356/2087/2803 3556/2092/2808 2221/2089/3021 3661/2086/3018
f 3556/2092/2808 1357/2091/2807 3663/2090/3022 2221/2089/3021
f 1411/1875/3023 3664/1876/3024 2221/2089/3021 3663/2090/3022
f 3664/1876/3024 1410/1871/3019 3661/2086/3018 2221/2089/3021
f 1357/2091/2807 3558/2096/2812 2222/2093/3025 3663/2090/3022
f 3558/2096/2812 1358/2095/2811 3665/2094/3026 2222/2093/3025
f 1412/1879/3027 3666/1880/3028 2222/2093/3025 3665/2094/3026
f 3666/1880/3028 1411/1875/3023 3663/2090/3022 2222/2093/3025
f 1358/2095/2811 3560/2100/2816 2223/2097/3029 3665/2094/3026
f 3560/2100/2816 1359/2099/2815 3667/2098/3030 2223/2097/3029
f 1413/1883/3031 3668/1884/3032 2223/2097/3029 3667/2098/3030
f 3668/1884/3032 1412/1879/3027 3665/2094/3026 2223/2097/3029
f 1359/2099/2815 3562/2104/2820 2224/2101/3033 3667/2098/3030
f 3562/2104/2820 1360/2103/2819 3669/2102/3034 2224/2101/3033
f 1414/1887/3035 3670/1888/3036 2224/2101/3033 3669/2102/3034
f 3670/1888/3036 1413/1883/3031 3667/2098/3030 2224/2101/3033
f 1360/2103/2819 3564/2108/2824 2225/2105/3037 3669/2102/3034
f 3564/2108/2824 1361/2107/2823 3671/2106/3038 2225/2105/3037
f 1415/1891/3039 3672/1892/3040 2225/2105/3037 3671/2106/3038
f 3672/1892/3040 1414/1887/3035 3669/2102/3034 2225/2105/3037
f 1361/2107/2823 3566/2112/2828 2226/2109/3041 3671/2106/3038
f 3566/2112/2828 1362/2111/2827 3673/2110/3042 2226/2109/3041
f 1416/1895/3043 3674/1896/3044 2226/2109/3041 3673/2110/3042
f 3674/1896/3044 1415/1891/3039 3671/2106/3038 2226/2109/3041
f 1362/2111/2827 3568/2116/2832 2227/2113/3045 3673/2110/3042
f 3568/2116/2832 1363/2115/2831 3675/2114/3046 2227/2113/3045
f 1417/1899/3047 3676/1900/3048 2227/2113/3045 3675/2114/3046
f 3676/1900/3048 1416/1895/3043 3673/2110/3042 2227/2113/3045
f 1363/2115/2831 3570/2120/2836 2228/2117/3049 3675/2114/3046
f 3570/2120/2836 1364/2119/2835 3677/2118/3050 2228/2117/3049
f 1418/1903/3051 3678/1904/3052 2228/2117/3049 3677/2118/3050
f 3678/1904/3052 1417/1899/3047 3675/2114/3046 2228/2117/3049
f 1364/2119/2835 3572/2124/2840 2229/2121/3053 3677/2118/3050
f 3572/2124/2840 1365/2123/2839 3679/2122/3054 2229/2121/3053
f 1419/1907/3055 3680/1908/3056 2229/2121/3053 3679/2122/3054
f 3680/1908/3056 1418/1903/3051 3677/2118/3050 2229/2121/3053
f 1365/2123/2839 3574/2128/2844 2230/2125/3057 3679/2122/3054
f 3574/2128/2844 1366/2127/2843 3681/2126/3058 2230/2125/3057
f 1420/1911/3059 3682/1912/3060 2230/2125/3057 3681/2126/3058
f 3682/1912/3060 1419/1907/3055 3679/2122/3054 2230/2125/3057
f 1366/2127/2843 3576/2132/2848 2231/2129/3061 3681/2126/3058
f 3576/2132/2848 1367/2131/2847 3683/2130/3062 2231/2129/3061
f 1421/1915/3063 3684/1916/3064 2231/2129/3061 3683/2130/3062
f 3684/1916/3064 1420/1911/3059 3681/2126/3058 2231/2129/3061
f 1367/2131/2847 3578/2136/2852 2232/2133/3065 3683/2130/3062
f 3578/2136/2852 1368/2135/2851 3685/2134/3066 2232/2133/3065
f 1422/2399/3067 3686/2400/3068 2232/2133/3065 3685/2134/3066
f 3686/2400/3068 1421/1915/3063 3683/2130/3062 2232/2133/3065
f 1368/2135/2851 3580/2382/2856 2233/2137/3069 3685/2134/3066
f 3580/2382/2856 1369/2139/2855 3687/2138/3070 2233/2137/3069
f 1423/2401/3071 3688/1924/3072 2233/2137/3069 3687/2138/3070
f 3688/1924/3072 1422/2399/3067 3685/2134/3066 2233/2137/3069
f 1369/2139/2855 3582/2144/2860 2234/2402/3073 3687/2138/3070
f 3582/2144/2860 1370/2143/2859 3689/2142/3074 2234/2402/3073
f 1424/2403/3075 3690/1928/3076 2234/2402/3073 3689/2142/3074
f 3690/1928/3076 1423/2401/3071 3687/2138/3070 2234/2402/3073
f 1370/2143/2859 3583/2146/2862 2235/2404/3077 3689/2142/3074
f 3691/2405/3078 1424/2403/3075 3689/2142/3074 2235/2404/3077
f 1371/2152/2868 3586/2151/2867 2236/2147/3079 3692/2148/3080
f 3586/2151/2867 1372/2150/2866 3693/2149/3081 2236/2147/3079
f 1426/1934/3082 3694/2406/3083 2236/2147/3079 3693/2149/3081
f 3694/2406/3083 1425/1936/3084 3692/2148/3080 2236/2147/3079
f 3588/1724/2872 1373/1723/2871 3695/1721/3085 2237/1722/3086
f 1427/1507/3087 3696/1508/3088 2237/1722/3086 3695/1721/3085
f 1373/1723/2871 3590/1728/2876 2238/1725/3089 3695/1721/3085
f 3590/1728/2876 1374/2383/2875 3697/1726/3090 2238/1725/3089
f 1428/2407/3091 3698/1512/3092 2238/1725/3089 3697/1726/3090
f 3698/1512/3092 1427/1507/3087 3695/1721/3085 2238/1725/3089
f 1374/2383/2875 3592/1732/2880 2239/1729/3093 3697/1726/3090
f 3592/1732/2880 1375/1731/2879 3699/1730/3094 2239/1729/3093
f 1429/1515/3095 3700/2408/3096 2239/1729/3093 3699/1730/3094
f 3700/2408/3096 1428/2407/3091 3697/1726/3090 2239/1729/3093
f 1375/1731/2879 3594/2384/2884 2240/1733/3097 3699/1730/3094
f 3594/2384/2884 1376/1735/2883 3701/1734/3098 2240/1733/3097
f 1430/1519/3099 3702/1520/3100 2240/1733/3097 3701/1734/3098
f 3702/1520/3100 1429/1515/3095 3699/1730/3094 2240/1733/3097
f 1376/1735/2883 3596/1740/2888 2241/1737/3101 3701/1734/3098
f 3596/1740/2888 1377/1739/2887 3703/1738/3102 2241/1737/3101
f 1431/1523/3103 3704/1524/3104 2241/1737/3101 3703/1738/3102
f 3704/1524/3104 1430/1519/3099 3701/1734/3098 2241/1737/3101
f 1377/1739/2887 3598/1744/2892 2242/1741/3105 3703/1738/3102
f 3598/1744/2892 1378/2385/2891 3705/1742/3106 2242/1741/3105
f 1432/1527/3107 3706/1528/3108 2242/1741/3105 3705/1742/3106
f 3706/1528/3108 1431/1523/3103 3703/1738/3102 2242/1741/3105
f 1378/2385/2891 3600/1748/2896 2243/2409/3109 3705/1742/3106
f 3600/1748/2896 1379/1747/2895 3707/1746/3110 2243/2409/3109
f 1433/2410/3111 3708/1532/3112 2243/2409/3109 3707/1746/3110
f 3708/1532/3112 1432/1527/3107 3705/1742/3106 2243/2409/3109
f 1379/1747/2895 3602/2386/2900 2244/1749/3113 3707/1746/3110
f 3602/2386/2900 1380/1751/2899 3709/1750/3114 2244/1749/3113
f 1434/1535/3115 3710/2411/3116 2244/1749/3113 3709/1750/3114
f 3710/2411/3116 1433/2410/3111 3707/1746/3110 2244/1749/3113
f 1380/1751/2899 3604/1756/2904 2245/1753/3117 3709/1750/3114
f 3604/1756/2904 1381/1755/2903 3711/2412/3118 2245/1753/3117
f 1435/2413/3119 3712/1540/3120 2245/1753/3117 3711/2412/3118
f 3712/1540/3120 1434/1535/3115 3709/1750/3114 2245/1753/3117
f 1381/1755/2903 3606/1760/2908 2246/2414/3121 3711/2412/3118
f 3606/1760/2908 1382/2387/2907 3713/1758/3122 2246/2414/3121
f 1436/1543/3123 3714/2415/3124 2246/2414/3121 3713/1758/3122
f 3714/2415/3124 1435/2413/3119 3711/2412/3118 2246/2414/3121
f 1382/2387/2907 3608/1764/2912 2247/1761/3125 3713/1758/3122
f 3608/1764/2912 1383/1763/2911 3715/1762/3126 2247/1761/3125
f 1437/1547/3127 3716/1548/3128 2247/1761/3125 3715/1762/3126
f 3716/1548/3128 1436/1543/3123 3713/1758/3122 2247/1761/3125
f 1383/1763/2911 3610/1768/2916 2248/1765/3129 3715/1762/3126
f 3610/1768/2916 1384/2389/2915 3717/2416/3130 2248/1765/3129
f 1438/2417/3131 3718/1552/3132 2248/1765/3129 3717/2416/3130
f 3718/1552/3132 1437/1547/3127 3715/1762/3126 2248/1765/3129
f 1384/2389/2915 3612/1772/2920 2249/1769/3133 3717/2416/3130
f 3612/1772/2920 1385/1771/2919 3719/1770/3134 2249/1769/3133
f 1439/1555/3135 3720/1556/3136 2249/1769/3133 3719/1770/3134
f 3720/1556/3136 1438/2417/3131 3717/2416/3130 2249/1769/3133
f 1385/1771/2919 3614/1776/2924 2250/1773/3137 3719/1770/3134
f 3614/1776/2924 1386/1775/2923 3721/1774/3138 2250/1773/3137
f 1440/1559/3139 3722/1560/3140 2250/1773/3137 3721/1774/3138
f 3722/1560/3140 1439/1555/3135 3719/1770/3134 2250/1773/3137
f 1386/1775/2923 3616/2391/2928 2251/2418/3141 3721/1774/3138
f 3616/2391/2928 1387/1779/2927 3723/1778/3142 2251/2418/3141
f 1441/1563/3143 3724/1564/3144 2251/2418/3141 3723/1778/3142
f 3724/1564/3144 1440/1559/3139 3721/1774/3138 2251/2418/3141
f 1387/1779/2927 3618/1784/2932 2252/1781/3145 3723/1778/3142
f 3618/1784/2932 1388/1783/2931 3725/2419/3146 2252/1781/3145
f 1442/2420/3147 3726/1568/3148 2252/1781/3145 3725/2419/3146
f 3726/1568/3148 1441/1563/3143 3723/1778/3142 2252/1781/3145
f 1388/1783/2931 3620/1788/2936 2253/1785/3149 3725/2419/3146
f 3620/1788/2936 1389/1787/2935 3727/1786/3150 2253/1785/3149
f 1443/1571/3151 3728/2421/3152 2253/1785/3149 3727/1786/3150
f 3728/2421/3152 1442/2420/3147 3725/2419/3146 2253/1785/3149
f 1389/1787/2935 3622/1792/2940 2254/2422/3153 3727/1786/3150
f 3622/1792/2940 1390/1791/2939 3729/1790/3154 2254/2422/3153
f 1444/1575/3155 3730/2423/3156 2254/2422/3153 3729/1790/3154
f 3730/2423/3156 1443/1571/3151 3727/1786/3150 2254/2422/3153
f 1390/1791/2939 3624/1796/2944 2255/1793/3157 3729/1790/3154
f 3624/1796/2944 1391/1795/2943 3731/2424/3158 2255/1793/3157
f 1445/1579/3159 3732/1580/3160 2255/1793/3157 3731/2424/3158
f 3732/1580/3160 1444/1575/3155 3729/1790/3154 2255/1793/3157
f 1391/1795/2943 3626/1800/2948 2256/2425/3161 3731/2424/3158
f 3626/1800/2948 1392/1799/2947 3733/1798/3162 2256/2425/3161
f 1446/1583/3163 3734/1584/3164 2256/2425/3161 3733/1798/3162
f 3734/1584/3164 1445/1579/3159 3731/2424/3158 2256/2425/3161
f 1392/1799/2947 3628/1804/2952 2257/1801/3165 3733/1798/3162
f 3628/1804/2952 1393/1803/2951 3735/1802/3166 2257/1801/3165
f 1447/1587/3167 3736/2426/3168 2257/1801/3165 3735/1802/3166
f 3736/2426/3168 1446/1583/3163 3733/1798/3162 2257/1801/3165
f 1393/1803/2951 3630/1808/2956 2258/1805/3169 3735/1802/3166
f 3630/1808/2956 1394/1807/2955 3737/1806/3170 2258/1805/3169
f 1448/1591/3171 3738/1592/3172 2258/1805/3169 3737/1806/3170
f 3738/1592/3172 1447/1587/3167 3735/1802/3166 2258/1805/3169
f 1394/1807/2955 3632/2394/2960 2259/1809/3173 3737/1806/3170
f 3632/2394/2960 1395/1811/2959 3739/1810/3174 2259/1809/3173
f 1449/1595/3175 3740/1596/3176 2259/1809/3173 3739/1810/3174
f 3740/1596/3176 1448/1591/3171 3737/1806/3170 2259/1809/3173
f 1395/1811/2959 3634/1816/2964 2260/1813/3177 3739/1810/3174
f 3634/1816/2964 1396/1815/2963 3741/1814/3178 2260/1813/3177
f 1450/1599/3179 3742/1600/3180 2260/1813/3177 3741/1814/3178
f 3742/1600/3180 1449/1595/3175 3739/1810/3174 2260/1813/3177
f 1396/1815/2963 3636/2396/2968 2261/2427/3181 3741/1814/3178
f 3636/2396/2968 1397/1819/2967 3743/1818/3182 2261/2427/3181
f 1451/1603/3183 3744/1604/3184 2261/2427/3181 3743/1818/3182
f 3744/1604/3184 1450/1599/3179 3741/1814/3178 2261/2427/3181
f 1397/1819/2967 3638/1824/2972 2262/1821/3185 3743/1818/3182
f 3638/1824/2972 1398/1823/2971 3745/1822/3186 2262/1821/3185
f 1452/1607/3187 3746/1608/3188 2262/1821/3185 3745/1822/3186
f 3746/1608/3188 1451/1603/3183 3743/1818/3182 2262/1821/3185
f 1398/1823/2971 3640/1828/2976 2263/1825/3189 3745/1822/3186
f 3640/1828/2976 1399/1827/2975 3747/1826/3190 2263/1825/3189
f 1453/2428/3191 3748/1612/3192 2263/1825/3189 3747/1826/3190
f 3748/1612/3192 1452/1607/3187 3745/1822/3186 2263/1825/3189
f 1399/1827/2975 3642/1832/2980 2264/1829/3193 3747/1826/3190
f 3642/1832/2980 1400/1831/2979 3749/1830/3194 2264/1829/3193
f 1454/1615/3195 3750/1616/3196 2264/1829/3193 3749/1830/3194
f 3750/1616/3196 1453/2428/3191 3747/1826/3190 2264/1829/3193
f 1400/1831/2979 3644/1836/2984 2265/1833/3197 3749/1830/3194
f 3644/1836/2984 1401/1835/2983 3751/1834/3198 2265/1833/3197
f 1455/1619/3199 3752/1620/3200 2265/1833/3197 3751/1834/3198
f 3752/1620/3200 1454/1615/3195 3749/1830/3194 2265/1833/3197
f 1401/1835/2983 3646/1840/2988 2266/1837/3201 3751/1834/3198
f 3646/1840/2988 1402/1839/2987 3753/1838/3202 2266/1837/3201
f 1456/1623/3203 3754/2429/3204 2266/1837/3201 3753/1838/3202
f 3754/2429/3204 1455/1619/3199 3751/1834/3198 2266/1837/3201
f 1402/1839/2987 3648/1844/2992 2267/1841/3205 3753/1838/3202
f 3648/1844/2992 1403/1843/2991 3755/2430/3206 2267/1841/3205
f 1457/1627/3207 3756/1628/3208 2267/1841/3205 3755/2430/3206
f 3756/1628/3208 1456/1623/3203 3753/1838/3202 2267/1841/3205
f 1403/1843/2991 3650/1848/2996 2268/1845/3209 3755/2430/3206
f 3650/1848/2996 1404/1847/2995 3757/1846/3210 2268/1845/3209
f 1458/1631/3211 3758/1632/3212 2268/1845/3209 3757/1846/3210
f 3758/1632/3212 1457/1627/3207 3755/2430/3206 2268/1845/3209
f 1404/1847/2995 3652/1852/3000 2269/1849/3213 3757/1846/3210
f 3652/1852/3000 1405/1851/2999 3759/1850/3214 2269/1849/3213
f 1459/1635/3215 3760/1636/3216 2269/1849/3213 3759/1850/3214
f 3760/1636/3216 1458/1631/3211 3757/1846/3210 2269/1849/3213
f 1405/1851/2999 3654/1856/3004 2270/1853/3217 3759/1850/3214
f 3654/1856/3004 1406/1855/3003 3761/1854/3218 2270/1853/3217
f 1460/1639/3219 3762/1640/3220 2270/1853/3217 3761/1854/3218
f 3762/1640/3220 1459/1635/3215 3759/1850/3214 2270/1853/3217
f 1406/1855/3003 3656/1860/3008 2271/1857/3221 3761/1854/3218
f 3656/1860/3008 1407/1859/3007 3763/1858/3222 2271/1857/3221
f 1461/1643/3223 3764/1644/3224 2271/1857/3221 3763/1858/3222
f 3764/1644/3224 1460/1639/3219 3761/1854/3218 2271/1857/3221
f 1407/1859/3007 3658/1864/3012 2272/1861/3225 3763/1858/3222
f 3658/1864/3012 1408/1863/3011 3765/1862/3226 2272/1861/3225
f 1462/1647/3227 3766/1648/3228 2272/1861/3225 3765/1862/3226
f 3766/1648/3228 1461/1643/3223 3763/1858/3222 2272/1861/3225
f 1408/1863/3011 3660/1868/3016 2273/1865/3229 3765/1862/3226
f 3660/1868/3016 1409/1867/3015 3767/1866/3230 2273/1865/3229
f 1463/1651/3231 3768/1652/3232 2273/1865/3229 3767/1866/3230
f 3768/1652/3232 1462/1647/3227 3765/1862/3226 2273/1865/3229
f 1409/1867/3015 3662/1872/3020 2274/1869/3233 3767/1866/3230
f 3662/1872/3020 1410/1871/3019 3769/1870/3234 2274/1869/3233
f 1464/1655/3235 3770/1656/3236 2274/1869/3233 3769/1870/3234
f 3770/1656/3236 1463/1651/3231 3767/1866/3230 2274/1869/3233
f 1410/1871/3019 3664/1876/3024 2275/1873/3237 3769/1870/3234
f 3664/1876/3024 1411/1875/3023 3771/2431/3238 2275/1873/3237
f 1465/2432/3239 3772/1660/3240 2275/1873/3237 3771/2431/3238
f 3772/1660/3240 1464/1655/3235 3769/1870/3234 2275/1873/3237
f 1411/1875/3023 3666/1880/3028 2276/1877/3241 3771/2431/3238
f 3666/1880/3028 1412/1879/3027 3773/1878/3242 2276/1877/3241
f 1466/1663/3243 3774/2433/3244 2276/1877/3241 3773/1878/3242
f 3774/2433/3244 1465/2432/3239 3771/2431/3238 2276/1877/3241
f 1412/1879/3027 3668/1884/3032 2277/1881/3245 3773/1878/3242
f 3668/1884/3032 1413/1883/3031 3775/1882/3246 2277/1881/3245
f 1467/1667/3247 3776/2434/3248 2277/1881/3245 3775/1882/3246
f 3776/2434/3248 1466/1663/3243 3773/1878/3242 2277/1881/3245
f 1413/1883/3031 3670/1888/3036 2278/1885/3249 3775/1882/3246
f 3670/1888/3036 1414/1887/3035 3777/1886/3250 2278/1885/3249
f 1468/1671/3251 3778/1672/3252 2278/1885/3249 3777/1886/3250
f 3778/1672/3252 1467/1667/3247 3775/1882/3246 2278/1885/3249
f 1414/1887/3035 3672/1892/3040 2279/1889/3253 3777/1886/3250
f 3672/1892/3040 1415/1891/3039 3779/1890/3254 2279/1889/3253
f 1469/2435/3255 3780/1676/3256 2279/1889/3253 3779/1890/3254
f 3780/1676/3256 1468/1671/3251 3777/1886/3250 2279/1889/3253
f 1415/1891/3039 3674/1896/3044 2280/1893/3257 3779/1890/3254
f 3674/1896/3044 1416/1895/3043 3781/1894/3258 2280/1893/3257
f 1470/1679/3259 3782/1680/3260 2280/1893/3257 3781/1894/3258
f 3782/1680/3260 1469/2435/3255 3779/1890/3254 2280/1893/3257
f 1416/1895/3043 3676/1900/3048 2281/1897/3261 3781/1894/3258
f 3676/1900/3048 1417/1899/3047 3783/1898/3262 2281/1897/3261
f 1471/1683/3263 3784/2436/3264 2281/1897/3261 3783/1898/3262
f 3784/2436/3264 1470/1679/3259 3781/1894/3258 2281/1897/3261
f 1417/1899/3047 3678/1904/3052 2282/2437/3265 3783/1898/3262
f 3678/1904/3052 1418/1903/3051 3785/1902/3266 2282/2437/3265
f 1472/1687/3267 3786/2438/3268 2282/2437/3265 3785/1902/3266
f 3786/2438/3268 1471/1683/3263 3783/1898/3262 2282/2437/3265
f 1418/1903/3051 3680/1908/3056 2283/1905/3269 3785/1902/3266
f 3680/1908/3056 1419/1907/3055 3787/1906/3270 2283/1905/3269
f 1473/1691/3271 3788/1692/3272 2283/1905/3269 3787/1906/3270
f 3788/1692/3272 1472/1687/3267 3785/1902/3266 2283/1905/3269
f 1419/1907/3055 3682/1912/3060 2284/1909/3273 3787/1906/3270
f 3682/1912/3060 1420/1911/3059 3789/1910/3274 2284/1909/3273
f 1474/1695/3275 3790/1696/3276 2284/1909/3273 3789/1910/3274
f 3790/1696/3276 1473/1691/3271 3787/1906/3270 2284/1909/3273
f 1420/1911/3059 3684/1916/3064 2285/1913/3277 3789/1910/3274
f 3684/1916/3064 1421/1915/3063 3791/2439/3278 2285/1913/3277
f 1475/2440/3279 3792/1700/3280 2285/1913/3277 3791/2439/3278
f 3792/1700/3280 1474/1695/3275 3789/1910/3274 2285/1913/3277
f 1421/1915/3063 3686/2400/3068 2286/1917/3281 3791/2439/3278
f 3686/2400/3068 1422/2399/3067 3793/1918/3282 2286/1917/3281
f 1476/2441/3283 3794/1704/3284 2286/1917/3281 3793/1918/3282
f 3794/1704/3284 1475/2440/3279 3791/2439/3278 2286/1917/3281
f 1422/2399/3067 3688/1924/3072 2287/1921/3285 3793/1918/3282
f 3688/1924/3072 1423/2401/3071 3795/1922/3286 2287/1921/3285
f 1477/1707/3287 3796/1708/3288 2287/1921/3285 3795/1922/3286
f 3796/1708/3288 1476/2441/3283 3793/1918/3282 2287/1921/3285
f 1423/2401/3071 3690/1928/3076 2288/2442/3289 3795/1922/3286
f 3690/1928/3076 1424/2403/3075 3797/1926/3290 2288/2442/3289
f 1478/1711/3291 3798/1712/3292 2288/2442/3289 3797/1926/3290
f 3798/1712/3292 1477/1707/3287 3795/1922/3286 2288/2442/3289
f 1424/2403/3075 3691/2405/3078 2289/1929/3293 3797/1926/3290
f 3799/1714/3294 1478/1711/3291 3797/1926/3290 2289/1929/3293
f 1425/1936/3084 3694/2406/3083 2290/2443/3295 3800/1932/3296
f 3694/2406/3083 1426/1934/3082 3801/1933/3297 2290/2443/3295
f 1480/1718/3298 3802/1719/3299 2290/2443/3295 3801/1933/3297
f 3802/1719/3299 1479/1720/3300 3800/1932/3296 2290/2443/3295
f 3696/1508/3088 1427/1507/3087 3803/1505/3301 2291/1506/3302
f 1481/1291/3303 3804/1292/3304 2291/1506/3302 3803/1505/3301
f 1427/1507/3087 3698/1512/3092 2292/2444/3305 3803/1505/3301
f 3698/1512/3092 1428/2407/3091 3805/1510/3306 2292/2444/3305
f 1482/1295/3307 3806/1296/3308 2292/2444/3305 3805/1510/3306
f 3806/1296/3308 1481/1291/3303 3803/1505/3301 2292/2444/3305
f 1428/2407/3091 3700/2408/3096 2293/2445/3309 3805/1510/3306
f 3700/2408/3096 1429/1515/3095 3807/1514/3310 2293/2445/3309
f 1483/1299/3311 3808/2446/3312 2293/2445/3309 3807/1514/3310
f 3808/2446/3312 1482/1295/3307 3805/1510/3306 2293/2445/3309
f 1429/1515/3095 3702/1520/3100 2294/1517/3313 3807/1514/3310
f 3702/1520/3100 1430/1519/3099 3809/1518/3314 2294/1517/3313
f 1484/1303/3315 3810/1304/3316 2294/1517/3313 3809/1518/3314
f 3810/1304/3316 1483/1299/3311 3807/1514/3310 2294/1517/3313
f 1430/1519/3099 3704/1524/3104 2295/1521/3317 3809/1518/3314
f 3704/1524/3104 1431/1523/3103 3811/1522/3318 2295/1521/3317
f 1485/1307/3319 3812/1308/3320 2295/1521/3317 3811/1522/3318
f 3812/1308/3320 1484/1303/3315 3809/1518/3314 2295/1521/3317
f 1431/1523/3103 3706/1528/3108 2296/1525/3321 3811/1522/3318
f 3706/1528/3108 1432/1527/3107 3813/1526/3322 2296/1525/3321
f 1486/1311/3323 3814/1312/3324 2296/1525/3321 3813/1526/3322
f 3814/1312/3324 1485/1307/3319 3811/1522/3318 2296/1525/3321
f 1432/1527/3107 3708/1532/3112 2297/1529/3325 3813/1526/3322
f 3708/1532/3112 1433/2410/3111 3815/2447/3326 2297/1529/3325
f 1487/2448/3327 3816/1316/3328 2297/1529/3325 3815/2447/3326
f 3816/1316/3328 1486/1311/3323 3813/1526/3322 2297/1529/3325
f 1433/2410/3111 3710/2411/3116 2298/1533/3329 3815/2447/3326
f 3710/2411/3116 1434/1535/3115 3817/1534/3330 2298/1533/3329
f 1488/1319/3331 3818/1320/3332 2298/1533/3329 3817/1534/3330
f 3818/1320/3332 1487/2448/3327 3815/2447/3326 2298/1533/3329
f 1434/1535/3115 3712/1540/3120 2299/1537/3333 3817/1534/3330
f 3712/1540/3120 1435/2413/3119 3819/2449/3334 2299/1537/3333
f 1489/2450/3335 3820/1324/3336 2299/1537/3333 3819/2449/3334
f 3820/1324/3336 1488/1319/3331 3817/1534/3330 2299/1537/3333
f 1435/2413/3119 3714/2415/3124 2300/1541/3337 3819/2449/3334
f 3714/2415/3124 1436/1543/3123 3821/1542/3338 2300/1541/3337
f 1490/1327/3339 3822/1328/3340 2300/1541/3337 3821/1542/3338
f 3822/1328/3340 1489/2450/3335 3819/2449/3334 2300/1541/3337
f 1436/1543/3123 3716/1548/3128 2301/1545/3341 3821/1542/3338
f 3716/1548/3128 1437/1547/3127 3823/1546/3342 2301/1545/3341
f 1491/1331/3343 3824/1332/3344 2301/1545/3341 3823/1546/3342
f 3824/1332/3344 1490/1327/3339 3821/1542/3338 2301/1545/3341
f 1437/1547/3127 3718/1552/3132 2302/1549/3345 3823/1546/3342
f 3718/1552/3132 1438/2417/3131 3825/2451/3346 2302/1549/3345
f 1492/2452/3347 3826/1336/3348 2302/1549/3345 3825/2451/3346
f 3826/1336/3348 1491/1331/3343 3823/1546/3342 2302/1549/3345
f 1438/2417/3131 3720/1556/3136 2303/1553/3349 3825/2451/3346
f 3720/1556/3136 1439/1555/3135 3827/1554/3350 2303/1553/3349
f 1493/1339/3351 3828/1340/3352 2303/1553/3349 3827/1554/3350
f 3828/1340/3352 1492/2452/3347 3825/2451/3346 2303/1553/3349
f 1439/1555/3135 3722/1560/3140 2304/1557/3353 3827/1554/3350
f 3722/1560/3140 1440/1559/3139 3829/1558/3354 2304/1557/3353
f 1494/1343/3355 3830/1344/3356 2304/1557/3353 3829/1558/3354
f 3830/1344/3356 1493/1339/3351 3827/1554/3350 2304/1557/3353
f 1440/1559/3139 3724/1564/3144 2305/1561/3357 3829/1558/3354
f 3724/1564/3144 1441/1563/3143 3831/2453/3358 2305/1561/3357
f 1495/1347/3359 3832/1348/3360 2305/1561/3357 3831/2453/3358
f 3832/1348/3360 1494/1343/3355 3829/1558/3354 2305/1561/3357
f 1441/1563/3143 3726/1568/3148 2306/2454/3361 3831/2453/3358
f 3726/1568/3148 1442/2420/3147 3833/1566/3362 2306/2454/3361
f 1496/1351/3363 3834/1352/3364 2306/2454/3361 3833/1566/3362
f 3834/1352/3364 1495/1347/3359 3831/2453/3358 2306/2454/3361
f 1442/2420/3147 3728/2421/3152 2307/2455/3365 3833/1566/3362
f 3728/2421/3152 1443/1571/3151 3835/1570/3366 2307/2455/3365
f 1497/1355/3367 3836/1356/3368 2307/2455/3365 3835/1570/3366
f 3836/1356/3368 1496/1351/3363 3833/1566/3362 2307/2455/3365
f 1443/1571/3151 3730/2423/3156 2308/2456/3369 3835/1570/3366
f 3730/2423/3156 1444/1575/3155 3837/1574/3370 2308/2456/3369
f 1498/1359/3371 3838/1360/3372 2308/2456/3369 3837/1574/3370
f 3838/1360/3372 1497/1355/3367 3835/1570/3366 2308/2456/3369
f 1444/1575/3155 3732/1580/3160 2309/1577/3373 3837/1574/3370
f 3732/1580/3160 1445/1579/3159 3839/2457/3374 2309/1577/3373
f 1499/1363/3375 3840/1364/3376 2309/1577/3373 3839/2457/3374
f 3840/1364/3376 1498/1359/3371 3837/1574/3370 2309/1577/3373
f 1445/1579/3159 3734/1584/3164 2310/1581/3377 3839/2457/3374
f 3734/1584/3164 1446/1583/3163 3841/1582/3378 2310/1581/3377
f 1500/1367/3379 3842/1368/3380 2310/1581/3377 3841/1582/3378
f 3842/1368/3380 1499/1363/3375 3839/2457/3374 2310/1581/3377
f 1446/1583/3163 3736/2426/3168 2311/1585/3381 3841/1582/3378
f 3736/2426/3168 1447/1587/3167 3843/1586/3382 2311/1585/3381
f 1501/1371/3383 3844/1372/3384 2311/1585/3381 3843/1586/3382
f 3844/1372/3384 1500/1367/3379 3841/1582/3378 2311/1585/3381
f 1447/1587/3167 3738/1592/3172 2312/1589/3385 3843/1586/3382
f 3738/1592/3172 1448/1591/3171 3845/1590/3386 2312/1589/3385
f 1502/1375/3387 3846/1376/3388 2312/1589/3385 3845/1590/3386
f 3846/1376/3388 1501/1371/3383 3843/1586/3382 2312/1589/3385
f 1448/1591/3171 3740/1596/3176 2313/1593/3389 3845/1590/3386
f 3740/1596/3176 1449/1595/3175 3847/1594/3390 2313/1593/3389
f 1503/1379/3391 3848/1380/3392 2313/1593/3389 3847/1594/3390
f 3848/1380/3392 1502/1375/3387 3845/1590/3386 2313/1593/3389
f 1449/1595/3175 3742/1600/3180 2314/1597/3393 3847/1594/3390
f 3742/1600/3180 1450/1599/3179 3849/1598/3394 2314/1597/3393
f 1504/1383/3395 3850/1384/3396 2314/1597/3393 3849/1598/3394
f 3850/1384/3396 1503/1379/3391 3847/1594/3390 2314/1597/3393
f 1450/1599/3179 3744/1604/3184 2315/1601/3397 3849/1598/3394
f 3744/1604/3184 1451/1603/3183 3851/1602/3398 2315/1601/3397
f 1505/1387/3399 3852/1388/3400 2315/1601/3397 3851/1602/3398
f 3852/1388/3400 1504/1383/3395 3849/1598/3394 2315/1601/3397
f 1451/1603/3183 3746/1608/3188 2316/1605/3401 3851/1602/3398
f 3746/1608/3188 1452/1607/3187 3853/2458/3402 2316/1605/3401
f 1506/1391/3403 3854/1392/3404 2316/1605/3401 3853/2458/3402
f 3854/1392/3404 1505/1387/3399 3851/1602/3398 2316/1605/3401
f 1452/1607/3187 3748/1612/3192 2317/1609/3405 3853/2458/3402
f 3748/1612/3192 1453/2428/3191 3855/1610/3406 2317/1609/3405
f 1507/1395/3407 3856/1396/3408 2317/1609/3405 3855/1610/3406
f 3856/1396/3408 1506/1391/3403 3853/2458/3402 2317/1609/3405
f 1453/2428/3191 3750/1616/3196 2318/1613/3409 3855/1610/3406
f 3750/1616/3196 1454/1615/3195 3857/2459/3410 2318/1613/3409
f 1508/1399/3411 3858/1400/3412 2318/1613/3409 3857/2459/3410
f 3858/1400/3412 1507/1395/3407 3855/1610/3406 2318/1613/3409
f 1454/1615/3195 3752/1620/3200 2319/1617/3413 3857/2459/3410
f 3752/1620/3200 1455/1619/3199 3859/1618/3414 2319/1617/3413
f 1509/1403/3415 3860/1404/3416 2319/1617/3413 3859/1618/3414
f 3860/1404/3416 1508/1399/3411 3857/2459/3410 2319/1617/3413
f 1455/1619/3199 3754/2429/3204 2320/1621/3417 3859/1618/3414
f 3754/2429/3204 1456/1623/3203 3861/1622/3418 2320/1621/3417
f 1510/1407/3419 3862/1408/3420 2320/1621/3417 3861/1622/3418
f 3862/1408/3420 1509/1403/3415 3859/1618/3414 2320/1621/3417
f 1456/1623/3203 3756/1628/3208 2321/1625/3421 3861/1622/3418
f 3756/1628/3208 1457/1627/3207 3863/1626/3422 2321/1625/3421
f 1511/1411/3423 3864/1412/3424 2321/1625/3421 3863/1626/3422
f 3864/1412/3424 1510/1407/3419 3861/1622/3418 2321/1625/3421
f 1457/1627/3207 3758/1632/3212 2322/1629/3425 3863/1626/3422
f 3758/1632/3212 1458/1631/3211 3865/2460/3426 2322/1629/3425
f 1512/1415/3427 3866/1416/3428 2322/1629/3425 3865/2460/3426
f 3866/1416/3428 1511/1411/3423 3863/1626/3422 2322/1629/3425
f 1458/1631/3211 3760/1636/3216 2323/1633/3429 3865/2460/3426
f 3760/1636/3216 1459/1635/3215 3867/1634/3430 2323/1633/3429
f 1513/1419/3431 3868/1420/3432 2323/1633/3429 3867/1634/3430
f 3868/1420/3432 1512/1415/3427 3865/2460/3426 2323/1633/3429
f 1459/1635/3215 3762/1640/3220 2324/1637/3433 3867/1634/3430
f 3762/1640/3220 1460/1639/3219 3869/1638/3434 2324/1637/3433
f 1514/1423/3435 3870/1424/3436 2324/1637/3433 3869/1638/3434
f 3870/1424/3436 1513/1419/3431 3867/1634/3430 2324/1637/3433
f 1460/1639/3219 3764/1644/3224 2325/1641/3437 3869/1638/3434
f 3764/1644/3224 1461/1643/3223 3871/1642/3438 2325/1641/3437
f 1515/1427/3439 3872/1428/3440 2325/1641/3437 3871/1642/3438
f 3872/1428/3440 1514/1423/3435 3869/1638/3434 2325/1641/3437
f 1461/1643/3223 3766/1648/3228 2326/1645/3441 3871/1642/3438
f 3766/1648/3228 1462/1647/3227 3873/1646/3442 2326/1645/3441
f 1516/1431/3443 3874/1432/3444 2326/1645/3441 3873/1646/3442
f 3874/1432/3444 1515/1427/3439 3871/1642/3438 2326/1645/3441
f 1462/1647/3227 3768/1652/3232 2327/1649/3445 3873/1646/3442
f 3768/1652/3232 1463/1651/3231 3875/1650/3446 2327/1649/3445
f 1517/1435/3447 3876/1436/3448 2327/1649/3445 3875/1650/3446
f 3876/1436/3448 1516/1431/3443 3873/1646/3442 2327/1649/3445
f 1463/1651/3231 3770/1656/3236 2328/1653/3449 3875/1650/3446
f 3770/1656/3236 1464/1655/3235 3877/1654/3450 2328/1653/3449
f 1518/1439/3451 3878/2461/3452 2328/1653/3449 3877/1654/3450
f 3878/2461/3452 1517/1435/3447 3875/1650/3446 2328/1653/3449
f 1464/1655/3235 3772/1660/3240 2329/1657/3453 3877/1654/3450
f 3772/1660/3240 1465/2432/3239 3879/2462/3454 2329/1657/3453
f 1519/2463/3455 3880/1444/3456 2329/1657/3453 3879/2462/3454
f 3880/1444/3456 1518/1439/3451 3877/1654/3450 2329/1657/3453
f 1465/2432/3239 3774/2433/3244 2330/1661/3457 3879/2462/3454
f 3774/2433/3244 1466/1663/3243 3881/1662/3458 2330/1661/3457
f 1520/2464/3459 3882/1448/3460 2330/1661/3457 3881/1662/3458
f 3882/1448/3460 1519/2463/3455 3879/2462/3454 2330/1661/3457
f 1466/1663/3243 3776/2434/3248 2331/1665/3461 3881/1662/3458
f 3776/2434/3248 1467/1667/3247 3883/1666/3462 2331/1665/3461
f 1521/1451/3463 3884/2465/3464 2331/1665/3461 3883/1666/3462
f 3884/2465/3464 1520/2464/3459 3881/1662/3458 2331/1665/3461
f 1467/1667/3247 3778/1672/3252 2332/1669/3465 3883/1666/3462
f 3778/1672/3252 1468/1671/3251 3885/1670/3466 2332/1669/3465
f 1522/1455/3467 3886/1456/3468 2332/1669/3465 3885/1670/3466
f 3886/1456/3468 1521/1451/3463 3883/1666/3462 2332/1669/3465
f 1468/1671/3251 3780/1676/3256 2333/1673/3469 3885/1670/3466
f 3780/1676/3256 1469/2435/3255 3887/1674/3470 2333/1673/3469
f 1523/1459/3471 3888/1460/3472 2333/1673/3469 3887/1674/3470
f 3888/1460/3472 1522/1455/3467 3885/1670/3466 2333/1673/3469
f 1469/2435/3255 3782/1680/3260 2334/1677/3473 3887/1674/3470
f 3782/1680/3260 1470/1679/3259 3889/1678/3474 2334/1677/3473
f 1524/1463/3475 3890/1464/3476 2334/1677/3473 3889/1678/3474
f 3890/1464/3476 1523/1459/3471 3887/1674/3470 2334/1677/3473
f 1470/1679/3259 3784/2436/3264 2335/1681/3477 3889/1678/3474
f 3784/2436/3264 1471/1683/3263 3891/1682/3478 2335/1681/3477
f 1525/1467/3479 3892/1468/3480 2335/1681/3477 3891/1682/3478
f 3892/1468/3480 1524/1463/3475 3889/1678/3474 2335/1681/3477
f 1471/1683/3263 3786/2438/3268 2336/2466/3481 3891/1682/3478
f 3786/2438/3268 1472/1687/3267 3893/1686/3482 2336/2466/3481
f 1526/1471/3483 3894/1472/3484 2336/2466/3481 3893/1686/3482
f 3894/1472/3484 1525/1467/3479 3891/1682/3478 2336/2466/3481
f 1472/1687/3267 3788/1692/3272 2337/2467/3485 3893/1686/3482
f 3788/1692/3272 1473/1691/3271 3895/1690/3486 2337/2467/3485
f 1527/1475/3487 3896/1476/3488 2337/2467/3485 3895/1690/3486
f 3896/1476/3488 1526/1471/3483 3893/1686/3482 2337/2467/3485
f 1473/1691/3271 3790/1696/3276 2338/1693/3489 3895/1690/3486
f 3790/1696/3276 1474/1695/3275 3897/1694/3490 2338/1693/3489
f 1528/1479/3491 3898/1480/3492 2338/1693/3489 3897/1694/3490
f 3898/1480/3492 1527/1475/3487 3895/1690/3486 2338/1693/3489
f 1474/1695/3275 3792/1700/3280 2339/1697/3493 3897/1694/3490
f 3792/1700/3280 1475/2440/3279 3899/1698/3494 2339/1697/3493
f 1529/1483/3495 3900/1484/3496 2339/1697/3493 3899/1698/3494
f 3900/1484/3496 1528/1479/3491 3897/1694/3490 2339/1697/3493
f 1475/2440/3279 3794/1704/3284 2340/1701/3497 3899/1698/3494
f 3794/1704/3284 1476/2441/3283 3901/1702/3498 2340/1701/3497
f 1530/1487/3499 3902/1488/3500 2340/1701/3497 3901/1702/3498
f 3902/1488/3500 1529/1483/3495 3899/1698/3494 2340/1701/3497
f 1476/2441/3283 3796/1708/3288 2341/1705/3501 3901/1702/3498
f 3796/1708/3288 1477/1707/3287 3903/1706/3502 2341/1705/3501
f 1531/1491/3503 3904/1492/3504 2341/1705/3501 3903/1706/3502
f 3904/1492/3504 1530/1487/3499 3901/1702/3498 2341/1705/3501
f 1477/1707/3287 3798/1712/3292 2342/2468/3505 3903/1706/3502
f 3798/1712/3292 1478/1711/3291 3905/2469/3506 2342/2468/3505
f 1532/1495/3507 3906/1496/3508 2342/2468/3505 3905/2469/3506
f 3906/1496/3508 1531/1491/3503 3903/1706/3502 2342/2468/3505
f 1478/1711/3291 3799/1714/3294 2343/1713/3509 3905/2469/3506
f 3907/1498/3510 1532/1495/3507 3905/2469/3506 2343/1713/3509
f 1479/1720/3300 3802/1719/3299 2344/2470/3511 3908/1716/3512
f 3802/1719/3299 1480/1718/3298 3909/1717/3513 2344/2470/3511
f 1534/1502/3514 3910/1503/3515 2344/2470/3511 3909/1717/3513
f 3910/1503/3515 1533/1504/3516 3908/1716/3512 2344/2470/3511
f 3804/1292/3304 1481/1291/3303 3911/2471/3517 2345/1290/3518
f 1535/1075/3519 3912/1076/3520 2345/1290/3518 3911/2471/3517
f 1481/1291/3303 3806/1296/3308 2346/1293/3521 3911/2471/3517
f 3806/1296/3308 1482/1295/3307 3913/1294/3522 2346/1293/3521
f 1536/1079/3523 3914/1080/3524 2346/1293/3521 3913/1294/3522
f 3914/1080/3524 1535/1075/3519 3911/2471/3517 2346/1293/3521
f 1482/1295/3307 3808/2446/3312 2347/2472/3525 3913/1294/3522
f 3808/2446/3312 1483/1299/3311 3915/1298/3526 2347/2472/3525
f 1537/2473/3527 3916/2474/3528 2347/2472/3525 3915/1298/3526
f 3916/2474/3528 1536/1079/3523 3913/1294/3522 2347/2472/3525
f 1483/1299/3311 3810/1304/3316 2348/1301/3529 3915/1298/3526
f 3810/1304/3316 1484/1303/3315 3917/1302/3530 2348/1301/3529
f 1538/1087/3531 3918/1088/3532 2348/1301/3529 3917/1302/3530
f 3918/1088/3532 1537/2473/3527 3915/1298/3526 2348/1301/3529
f 1484/1303/3315 3812/1308/3320 2349/1305/3533 3917/1302/3530
f 3812/1308/3320 1485/1307/3319 3919/1306/3534 2349/1305/3533
f 1539/2475/3535 3920/1092/3536 2349/1305/3533 3919/1306/3534
f 3920/1092/3536 1538/1087/3531 3917/1302/3530 2349/1305/3533
f 1485/1307/3319 3814/1312/3324 2350/2476/3537 3919/1306/3534
f 3814/1312/3324 1486/1311/3323 3921/2477/3538 2350/2476/3537
f 1540/1095/3539 3922/2478/3540 2350/2476/3537 3921/2477/3538
f 3922/2478/3540 1539/2475/3535 3919/1306/3534 2350/2476/3537
f 1486/1311/3323 3816/1316/3328 2351/1313/3541 3921/2477/3538
f 3816/1316/3328 1487/2448/3327 3923/2479/3542 2351/1313/3541
f 1541/2480/3543 3924/1100/3544 2351/1313/3541 3923/2479/3542
f 3924/1100/3544 1540/1095/3539 3921/2477/3538 2351/1313/3541
f 1487/2448/3327 3818/1320/3332 2352/2481/3545 3923/2479/3542
f 3818/1320/3332 1488/1319/3331 3925/1318/3546 2352/2481/3545
f 1542/2482/3547 3926/1104/3548 2352/2481/3545 3925/1318/3546
f 3926/1104/3548 1541/2480/3543 3923/2479/3542 2352/2481/3545
f 1488/1319/3331 3820/1324/3336 2353/1321/3549 3925/1318/3546
f 3820/1324/3336 1489/2450/3335 3927/2483/3550 2353/1321/3549
f 1543/2484/3551 3928/1108/3552 2353/1321/3549 3927/2483/3550
f 3928/1108/3552 1542/2482/3547 3925/1318/3546 2353/1321/3549
f 1489/2450/3335 3822/1328/3340 2354/2485/3553 3927/2483/3550
f 3822/1328/3340 1490/1327/3339 3929/1326/3554 2354/2485/3553
f 1544/1111/3555 3930/1112/3556 2354/2485/3553 3929/1326/3554
f 3930/1112/3556 1543/2484/3551 3927/2483/3550 2354/2485/3553
f 1490/1327/3339 3824/1332/3344 2355/1329/3557 3929/1326/3554
f 3824/1332/3344 1491/1331/3343 3931/1330/3558 2355/1329/3557
f 1545/1115/3559 3932/1116/3560 2355/1329/3557 3931/1330/3558
f 3932/1116/3560 1544/1111/3555 3929/1326/3554 2355/1329/3557
f 1491/1331/3343 3826/1336/3348 2356/1333/3561 3931/1330/3558
f 3826/1336/3348 1492/2452/3347 3933/2486/3562 2356/1333/3561
f 1546/2487/3563 3934/2488/3564 2356/1333/3561 3933/2486/3562
f 3934/2488/3564 1545/1115/3559 3931/1330/3558 2356/1333/3561
f 1492/2452/3347 3828/1340/3352 2357/1337/3565 3933/2486/3562
f 3828/1340/3352 1493/1339/3351 3935/2489/3566 2357/1337/3565
f 1547/2490/3567 3936/1124/3568 2357/1337/3565 3935/2489/3566
f 3936/1124/3568 1546/2487/3563 3933/2486/3562 2357/1337/3565
f 1493/1339/3351 3830/1344/3356 2358/1341/3569 3935/2489/3566
f 3830/1344/3356 1494/1343/3355 3937/1342/3570 2358/1341/3569
f 1548/1127/3571 3938/1128/3572 2358/1341/3569 3937/1342/3570
f 3938/1128/3572 1547/2490/3567 3935/2489/3566 2358/1341/3569
f 1494/1343/3355 3832/1348/3360 2359/1345/3573 3937/1342/3570
f 3832/1348/3360 1495/1347/3359 3939/1346/3574 2359/1345/3573
f 1549/1131/3575 3940/1132/3576 2359/1345/3573 3939/1346/3574
f 3940/1132/3576 1548/1127/3571 3937/1342/3570 2359/1345/3573
f 1495/1347/3359 3834/1352/3364 2360/1349/3577 3939/1346/3574
f 3834/1352/3364 1496/1351/3363 3941/1350/3578 2360/1349/3577
f 1550/1135/3579 3942/1136/3580 2360/1349/3577 3941/1350/3578
f 3942/1136/3580 1549/1131/3575 3939/1346/3574 2360/1349/3577
f 1496/1351/3363 3836/1356/3368 2361/1353/3581 3941/1350/3578
f 3836/1356/3368 1497/1355/3367 3943/1354/3582 2361/1353/3581
f 1551/1139/3583 3944/1140/3584 2361/1353/3581 3943/1354/3582
f 3944/1140/3584 1550/1135/3579 3941/1350/3578 2361/1353/3581
f 1497/1355/3367 3838/1360/3372 2362/1357/3585 3943/1354/3582
f 3838/1360/3372 1498/1359/3371 3945/1358/3586 2362/1357/3585
f 1552/1143/3587 3946/2491/3588 2362/1357/3585 3945/1358/3586
f 3946/2491/3588 1551/1139/3583 3943/1354/3582 2362/1357/3585
f 1498/1359/3371 3840/1364/3376 2363/1361/3589 3945/1358/3586
f 3840/1364/3376 1499/1363/3375 3947/1362/3590 2363/1361/3589
f 1553/1147/3591 3948/1148/3592 2363/1361/3589 3947/1362/3590
f 3948/1148/3592 1552/1143/3587 3945/1358/3586 2363/1361/3589
f 1499/1363/3375 3842/1368/3380 2364/1365/3593 3947/1362/3590
f 3842/1368/3380 1500/1367/3379 3949/1366/3594 2364/1365/3593
f 1554/1151/3595 3950/1152/3596 2364/1365/3593 3949/1366/3594
f 3950/1152/3596 1553/1147/3591 3947/1362/3590 2364/1365/3593
f 1500/1367/3379 3844/1372/3384 2365/1369/3597 3949/1366/3594
f 3844/1372/3384 1501/1371/3383 3951/1370/3598 2365/1369/3597
f 1555/1155/3599 3952/1156/3600 2365/1369/3597 3951/1370/3598
f 3952/1156/3600 1554/1151/3595 3949/1366/3594 2365/1369/3597
f 1501/1371/3383 3846/1376/3388 2366/1373/3601 3951/1370/3598
f 3846/1376/3388 1502/1375/3387 3953/1374/3602 2366/1373/3601
f 1556/1159/3603 3954/1160/3604 2366/1373/3601 3953/1374/3602
f 3954/1160/3604 1555/1155/3599 3951/1370/3598 2366/1373/3601
f 1502/1375/3387 3848/1380/3392 2367/1377/3605 3953/1374/3602
f 3848/1380/3392 1503/1379/3391 3955/1378/3606 2367/1377/3605
f 1557/1163/3607 3956/2492/3608 2367/1377/3605 3955/1378/3606
f 3956/2492/3608 1556/1159/3603 3953/1374/3602 2367/1377/3605
f 1503/1379/3391 3850/1384/3396 2368/1381/3609 3955/1378/3606
f 3850/1384/3396 1504/1383/3395 3957/2493/3610 2368/1381/3609
f 1558/1167/3611 3958/1168/3612 2368/1381/3609 3957/2493/3610
f 3958/1168/3612 1557/1163/3607 3955/1378/3606 2368/1381/3609
f 1504/1383/3395 3852/1388/3400 2369/1385/3613 3957/2493/3610
f 3852/1388/3400 1505/1387/3399 3959/1386/3614 2369/1385/3613
f 1559/1171/3615 3960/1172/3616 2369/1385/3613 3959/1386/3614
f 3960/1172/3616 1558/1167/3611 3957/2493/3610 2369/1385/3613
f 1505/1387/3399 3854/1392/3404 2370/1389/3617 3959/1386/3614
f 3854/1392/3404 1506/1391/3403 3961/1390/3618 2370/1389/3617
f 1560/1175/3619 3962/1176/3620 2370/1389/3617 3961/1390/3618
f 3962/1176/3620 1559/1171/3615 3959/1386/3614 2370/1389/3617
f 1506/1391/3403 3856/1396/3408 2371/1393/3621 3961/1390/3618
f 3856/1396/3408 1507/1395/3407 3963/1394/3622 2371/1393/3621
f 1561/1179/3623 3964/1180/3624 2371/1393/3621 3963/1394/3622
f 3964/1180/3624 1560/1175/3619 3961/1390/3618 2371/1393/3621
f 1507/1395/3407 3858/1400/3412 2372/1397/3625 3963/1394/3622
f 3858/1400/3412 1508/1399/3411 3965/1398/3626 2372/1397/3625
f 1562/2494/3627 3966/1184/3628 2372/1397/3625 3965/1398/3626
f 3966/1184/3628 1561/1179/3623 3963/1394/3622 2372/1397/3625
f 1508/1399/3411 3860/1404/3416 2373/1401/3629 3965/1398/3626
f 3860/1404/3416 1509/1403/3415 3967/1402/3630 2373/1401/3629
f 1563/1187/3631 3968/1188/3632 2373/1401/3629 3967/1402/3630
f 3968/1188/3632 1562/2494/3627 3965/1398/3626 2373/1401/3629
f 1509/1403/3415 3862/1408/3420 2374/1405/3633 3967/1402/3630
f 3862/1408/3420 1510/1407/3419 3969/1406/3634 2374/1405/3633
f 1564/1191/3635 3970/1192/3636 2374/1405/3633 3969/1406/3634
f 3970/1192/3636 1563/1187/3631 3967/1402/3630 2374/1405/3633
f 1510/1407/3419 3864/1412/3424 2375/1409/3637 3969/1406/3634
f 3864/1412/3424 1511/1411/3423 3971/2495/3638 2375/1409/3637
f 1565/2496/3639 3972/1196/3640 2375/1409/3637 3971/2495/3638
f 3972/1196/3640 1564/1191/3635 3969/1406/3634 2375/1409/3637
f 1511/1411/3423 3866/1416/3428 2376/1413/3641 3971/2495/3638
f 3866/1416/3428 1512/1415/3427 3973/1414/3642 2376/1413/3641
f 1566/1199/3643 3974/2497/3644 2376/1413/3641 3973/1414/3642
f 3974/2497/3644 1565/2496/3639 3971/2495/3638 2376/1413/3641
f 1512/1415/3427 3868/1420/3432 2377/1417/3645 3973/1414/3642
f 3868/1420/3432 1513/1419/3431 3975/1418/3646 2377/1417/3645
f 1567/1203/3647 3976/1204/3648 2377/1417/3645 3975/1418/3646
f 3976/1204/3648 1566/1199/3643 3973/1414/3642 2377/1417/3645
f 1513/1419/3431 3870/1424/3436 2378/1421/3649 3975/1418/3646
f 3870/1424/3436 1514/1423/3435 3977/1422/3650 2378/1421/3649
f 1568/1207/3651 3978/1208/3652 2378/1421/3649 3977/1422/3650
f 3978/1208/3652 1567/1203/3647 3975/1418/3646 2378/1421/3649
f 1514/1423/3435 3872/1428/3440 2379/1425/3653 3977/1422/3650
f 3872/1428/3440 1515/1427/3439 3979/1426/3654 2379/1425/3653
f 1569/1211/3655 3980/1212/3656 2379/1425/3653 3979/1426/3654
f 3980/1212/3656 1568/1207/3651 3977/1422/3650 2379/1425/3653
f 1515/1427/3439 3874/1432/3444 2380/1429/3657 3979/1426/3654
f 3874/1432/3444 1516/1431/3443 3981/1430/3658 2380/1429/3657
f 1570/1215/3659 3982/1216/3660 2380/1429/3657 3981/1430/3658
f 3982/1216/3660 1569/1211/3655 3979/1426/3654 2380/1429/3657
f 1516/1431/3443 3876/1436/3448 2381/1433/3661 3981/1430/3658
f 3876/1436/3448 1517/1435/3447 3983/1434/3662 2381/1433/3661
f 1571/1219/3663 3984/1220/3664 2381/1433/3661 3983/1434/3662
f 3984/1220/3664 1570/1215/3659 3981/1430/3658 2381/1433/3661
f 1517/1435/3447 3878/2461/3452 2382/2498/3665 3983/1434/3662
f 3878/2461/3452 1518/1439/3451 3985/1438/3666 2382/2498/3665
f 1572/1223/3667 3986/2499/3668 2382/2498/3665 3985/1438/3666
f 3986/2499/3668 1571/1219/3663 3983/1434/3662 2382/2498/3665
f 1518/1439/3451 3880/1444/3456 2383/1441/3669 3985/1438/3666
f 3880/1444/3456 1519/2463/3455 3987/2500/3670 2383/1441/3669
f 1573/2501/3671 3988/1228/3672 2383/1441/3669 3987/2500/3670
f 3988/1228/3672 1572/1223/3667 3985/1438/3666 2383/1441/3669
f 1519/2463/3455 3882/1448/3460 2384/1445/3673 3987/2500/3670
f 3882/1448/3460 1520/2464/3459 3989/2502/3674 2384/1445/3673
f 1574/2503/3675 3990/1232/3676 2384/1445/3673 3989/2502/3674
f 3990/1232/3676 1573/2501/3671 3987/2500/3670 2384/1445/3673
f 1520/2464/3459 3884/2465/3464 2385/2504/3677 3989/2502/3674
f 3884/2465/3464 1521/1451/3463 3991/1450/3678 2385/2504/3677
f 1575/2505/3679 3992/2506/3680 2385/2504/3677 3991/1450/3678
f 3992/2506/3680 1574/2503/3675 3989/2502/3674 2385/2504/3677
f 1521/1451/3463 3886/1456/3468 2386/1453/3681 3991/1450/3678
f 3886/1456/3468 1522/1455/3467 3993/1454/3682 2386/1453/3681
f 1576/1239/3683 3994/1240/3684 2386/1453/3681 3993/1454/3682
f 3994/1240/3684 1575/2505/3679 3991/1450/3678 2386/1453/3681
f 1522/1455/3467 3888/1460/3472 2387/1457/3685 3993/1454/3682
f 3888/1460/3472 1523/1459/3471 3995/1458/3686 2387/1457/3685
f 1577/1243/3687 3996/1244/3688 2387/1457/3685 3995/1458/3686
f 3996/1244/3688 1576/1239/3683 3993/1454/3682 2387/1457/3685
f 1523/1459/3471 3890/1464/3476 2388/1461/3689 3995/1458/3686
f 3890/1464/3476 1524/1463/3475 3997/1462/3690 2388/1461/3689
f 1578/1247/3691 3998/1248/3692 2388/1461/3689 3997/1462/3690
f 3998/1248/3692 1577/1243/3687 3995/1458/3686 2388/1461/3689
f 1524/1463/3475 3892/1468/3480 2389/1465/3693 3997/1462/3690
f 3892/1468/3480 1525/1467/3479 3999/1466/3694 2389/1465/3693
f 1579/1251/3695 4000/1252/3696 2389/1465/3693 3999/1466/3694
f 4000/1252/3696 1578/1247/3691 3997/1462/3690 2389/1465/3693
f 1525/1467/3479 3894/1472/3484 2390/1469/3697 3999/1466/3694
f 3894/1472/3484 1526/1471/3483 4001/1470/3698 2390/1469/3697
f 1580/1255/3699 4002/1256/3700 2390/1469/3697 4001/1470/3698
f 4002/1256/3700 1579/1251/3695 3999/1466/3694 2390/1469/3697
f 1526/1471/3483 3896/1476/3488 2391/1473/3701 4001/1470/3698
f 3896/1476/3488 1527/1475/3487 4003/1474/3702 2391/1473/3701
f 1581/2507/3703 4004/1260/3704 2391/1473/3701 4003/1474/3702
f 4004/1260/3704 1580/1255/3699 4001/1470/3698 2391/1473/3701
f 1527/1475/3487 3898/1480/3492 2392/2508/3705 4003/1474/3702
f 3898/1480/3492 1528/1479/3491 4005/1478/3706 2392/2508/3705
f 1582/1263/3707 4006/1264/3708 2392/2508/3705 4005/1478/3706
f 4006/1264/3708 1581/2507/3703 4003/1474/3702 2392/2508/3705
f 1528/1479/3491 3900/1484/3496 2393/2509/3709 4005/1478/3706
f 3900/1484/3496 1529/1483/3495 4007/1482/3710 2393/2509/3709
f 1583/1267/3711 4008/1268/3712 2393/2509/3709 4007/1482/3710
f 4008/1268/3712 1582/1263/3707 4005/1478/3706 2393/2509/3709
f 1529/1483/3495 3902/1488/3500 2394/1485/3713 4007/1482/3710
f 3902/1488/3500 1530/1487/3499 4009/2510/3714 2394/1485/3713
f 1584/1271/3715 4010/1272/3716 2394/1485/3713 4009/2510/3714
f 4010/1272/3716 1583/1267/3711 4007/1482/3710 2394/1485/3713
f 1530/1487/3499 3904/1492/3504 2395/2511/3717 4009/2510/3714
f 3904/1492/3504 1531/1491/3503 4011/1490/3718 2395/2511/3717
f 1585/1275/3719 4012/1276/3720 2395/2511/3717 4011/1490/3718
f 4012/1276/3720 1584/1271/3715 4009/2510/3714 2395/2511/3717
f 1531/1491/3503 3906/1496/3508 2396/1493/3721 4011/1490/3718
f 3906/1496/3508 1532/1495/3507 4013/1494/3722 2396/1493/3721
f 1586/1279/3723 4014/2512/3724 2396/1493/3721 4013/1494/3722
f 4014/2512/3724 1585/1275/3719 4011/1490/3718 2396/1493/3721
f 1532/1495/3507 3907/1498/3510 2397/2513/3725 4013/1494/3722
f 4015/2514/3726 1586/1279/3723 4013/1494/3722 2397/2513/3725
f 1533/1504/3516 3910/1503/3515 2398/1499/3727 4016/1500/3728
f 3910/1503/3515 1534/1502/3514 4017/1501/3729 2398/1499/3727
f 1588/1286/3730 4018/2515/3731 2398/1499/3727 4017/1501/3729
f 4018/2515/3731 1587/2516/3732 4016/1500/3728 2398/1499/3727
f 3912/1076/3520 1535/1075/3519 4019/1073/3733 2399/1074/3734
f 1589/859/3735 4020/860/3736 2399/1074/3734 4019/1073/3733
f 1535/1075/3519 3914/1080/3524 2400/1077/3737 4019/1073/3733
f 3914/1080/3524 1536/1079/3523 4021/1078/3738 2400/1077/3737
f 1590/863/3739 4022/864/3740 2400/1077/3737 4021/1078/3738
f 4022/864/3740 1589/859/3735 4019/1073/3733 2400/1077/3737
f 1536/1079/3523 3916/2474/3528 2401/1081/3741 4021/1078/3738
f 3916/2474/3528 1537/2473/3527 4023/1082/3742 2401/1081/3741
f 1591/867/3743 4024/868/3744 2401/1081/3741 4023/1082/3742
f 4024/868/3744 1590/863/3739 4021/1078/3738 2401/1081/3741
f 1537/2473/3527 3918/1088/3532 2402/1085/3745 4023/1082/3742
f 3918/1088/3532 1538/1087/3531 4025/1086/3746 2402/1085/3745
f 1592/871/3747 4026/872/3748 2402/1085/3745 4025/1086/3746
f 4026/872/3748 1591/867/3743 4023/1082/3742 2402/1085/3745
f 1538/1087/3531 3920/1092/3536 2403/1089/3749 4025/1086/3746
f 3920/1092/3536 1539/2475/3535 4027/1090/3750 2403/1089/3749
f 1593/875/3751 4028/876/3752 2403/1089/3749 4027/1090/3750
f 4028/876/3752 1592/871/3747 4025/1086/3746 2403/1089/3749
f 1539/2475/3535 3922/2478/3540 2404/1093/3753 4027/1090/3750
f 3922/2478/3540 1540/1095/3539 4029/1094/3754 2404/1093/3753
f 1594/879/3755 4030/880/3756 2404/1093/3753 4029/1094/3754
f 4030/880/3756 1593/875/3751 4027/1090/3750 2404/1093/3753
f 1540/1095/3539 3924/1100/3544 2405/1097/3757 4029/1094/3754
f 3924/1100/3544 1541/2480/3543 4031/2517/3758 2405/1097/3757
f 1595/883/3759 4032/884/3760 2405/1097/3757 4031/2517/3758
f 4032/884/3760 1594/879/3755 4029/1094/3754 2405/1097/3757
f 1541/2480/3543 3926/1104/3548 2406/1101/3761 4031/2517/3758
f 3926/1104/3548 1542/2482/3547 4033/1102/3762 2406/1101/3761
f 1596/887/3763 4034/888/3764 2406/1101/3761 4033/1102/3762
f 4034/888/3764 1595/883/3759 4031/2517/3758 2406/1101/3761
f 1542/2482/3547 3928/1108/3552 2407/2518/3765 4033/1102/3762
f 3928/1108/3552 1543/2484/3551 4035/1106/3766 2407/2518/3765
f 1597/2519/3767 4036/892/3768 2407/2518/3765 4035/1106/3766
f 4036/892/3768 1596/887/3763 4033/1102/3762 2407/2518/3765
f 1543/2484/3551 3930/1112/3556 2408/1109/3769 4035/1106/3766
f 3930/1112/3556 1544/1111/3555 4037/1110/3770 2408/1109/3769
f 1598/895/3771 4038/896/3772 2408/1109/3769 4037/1110/3770
f 4038/896/3772 1597/2519/3767 4035/1106/3766 2408/1109/3769
f 1544/1111/3555 3932/1116/3560 2409/1113/3773 4037/1110/3770
f 3932/1116/3560 1545/1115/3559 4039/1114/3774 2409/1113/3773
f 1599/899/3775 4040/900/3776 2409/1113/3773 4039/1114/3774
f 4040/900/3776 1598/895/3771 4037/1110/3770 2409/1113/3773
f 1545/1115/3559 3934/2488/3564 2410/1117/3777 4039/1114/3774
f 3934/2488/3564 1546/2487/3563 4041/2520/3778 2410/1117/3777
f 1600/903/3779 4042/904/3780 2410/1117/3777 4041/2520/3778
f 4042/904/3780 1599/899/3775 4039/1114/3774 2410/1117/3777
f 1546/2487/3563 3936/1124/3568 2411/1121/3781 4041/2520/3778
f 3936/1124/3568 1547/2490/3567 4043/1122/3782 2411/1121/3781
f 1601/907/3783 4044/908/3784 2411/1121/3781 4043/1122/3782
f 4044/908/3784 1600/903/3779 4041/2520/3778 2411/1121/3781
f 1547/2490/3567 3938/1128/3572 2412/1125/3785 4043/1122/3782
f 3938/1128/3572 1548/1127/3571 4045/2521/3786 2412/1125/3785
f 1602/911/3787 4046/912/3788 2412/1125/3785 4045/2521/3786
f 4046/912/3788 1601/907/3783 4043/1122/3782 2412/1125/3785
f 1548/1127/3571 3940/1132/3576 2413/1129/3789 4045/2521/3786
f 3940/1132/3576 1549/1131/3575 4047/1130/3790 2413/1129/3789
f 1603/915/3791 4048/916/3792 2413/1129/3789 4047/1130/3790
f 4048/916/3792 1602/911/3787 4045/2521/3786 2413/1129/3789
f 1549/1131/3575 3942/1136/3580 2414/1133/3793 4047/1130/3790
f 3942/1136/3580 1550/1135/3579 4049/1134/3794 2414/1133/3793
f 1604/919/3795 4050/920/3796 2414/1133/3793 4049/1134/3794
f 4050/920/3796 1603/915/3791 4047/1130/3790 2414/1133/3793
f 1550/1135/3579 3944/1140/3584 2415/1137/3797 4049/1134/3794
f 3944/1140/3584 1551/1139/3583 4051/1138/3798 2415/1137/3797
f 1605/923/3799 4052/924/3800 2415/1137/3797 4051/1138/3798
f 4052/924/3800 1604/919/3795 4049/1134/3794 2415/1137/3797
f 1551/1139/3583 3946/2491/3588 2416/2522/3801 4051/1138/3798
f 3946/2491/3588 1552/1143/3587 4053/2523/3802 2416/2522/3801
f 1606/927/3803 4054/2524/3804 2416/2522/3801 4053/2523/3802
f 4054/2524/3804 1605/923/3799 4051/1138/3798 2416/2522/3801
f 1552/1143/3587 3948/1148/3592 2417/1145/3805 4053/2523/3802
f 3948/1148/3592 1553/1147/3591 4055/1146/3806 2417/1145/3805
f 1607/931/3807 4056/932/3808 2417/1145/3805 4055/1146/3806
f 4056/932/3808 1606/927/3803 4053/2523/3802 2417/1145/3805
f 1553/1147/3591 3950/1152/3596 2418/1149/3809 4055/1146/3806
f 3950/1152/3596 1554/1151/3595 4057/1150/3810 2418/1149/3809
f 1608/935/3811 4058/936/3812 2418/1149/3809 4057/1150/3810
f 4058/936/3812 1607/931/3807 4055/1146/3806 2418/1149/3809
f 1554/1151/3595 3952/1156/3600 2419/1153/3813 4057/1150/3810
f 3952/1156/3600 1555/1155/3599 4059/1154/3814 2419/1153/3813
f 1609/939/3815 4060/2525/3816 2419/1153/3813 4059/1154/3814
f 4060/2525/3816 1608/935/3811 4057/1150/3810 2419/1153/3813
f 1555/1155/3599 3954/1160/3604 2420/1157/3817 4059/1154/3814
f 3954/1160/3604 1556/1159/3603 4061/1158/3818 2420/1157/3817
f 1610/943/3819 4062/944/3820 2420/1157/3817 4061/1158/3818
f 4062/944/3820 1609/939/3815 4059/1154/3814 2420/1157/3817
f 1556/1159/3603 3956/2492/3608 2421/1161/3821 4061/1158/3818
f 3956/2492/3608 1557/1163/3607 4063/1162/3822 2421/1161/3821
f 1611/947/3823 4064/948/3824 2421/1161/3821 4063/1162/3822
f 4064/948/3824 1610/943/3819 4061/1158/3818 2421/1161/3821
f 1557/1163/3607 3958/1168/3612 2422/1165/3825 4063/1162/3822
f 3958/1168/3612 1558/1167/3611 4065/1166/3826 2422/1165/3825
f 1612/951/3827 4066/952/3828 2422/1165/3825 4065/1166/3826
f 4066/952/3828 1611/947/3823 4063/1162/3822 2422/1165/3825
f 1558/1167/3611 3960/1172/3616 2423/1169/3829 4065/1166/3826
f 3960/1172/3616 1559/1171/3615 4067/1170/3830 2423/1169/3829
f 1613/955/3831 4068/956/3832 2423/1169/3829 4067/1170/3830
f 4068/956/3832 1612/951/3827 4065/1166/3826 2423/1169/3829
f 1559/1171/3615 3962/1176/3620 2424/1173/3833 4067/1170/3830
f 3962/1176/3620 1560/1175/3619 4069/1174/3834 2424/1173/3833
f 1614/959/3835 4070/960/3836 2424/1173/3833 4069/1174/3834
f 4070/960/3836 1613/955/3831 4067/1170/3830 2424/1173/3833
f 1560/1175/3619 3964/1180/3624 2425/1177/3837 4069/1174/3834
f 3964/1180/3624 1561/1179/3623 4071/1178/3838 2425/1177/3837
f 1615/963/3839 4072/964/3840 2425/1177/3837 4071/1178/3838
f 4072/964/3840 1614/959/3835 4069/1174/3834 2425/1177/3837
f 1561/1179/3623 3966/1184/3628 2426/1181/3841 4071/1178/3838
f 3966/1184/3628 1562/2494/3627 4073/1182/3842 2426/1181/3841
f 1616/967/3843 4074/968/3844 2426/1181/3841 4073/1182/3842
f 4074/968/3844 1615/963/3839 4071/1178/3838 2426/1181/3841
f 1562/2494/3627 3968/1188/3632 2427/1185/3845 4073/1182/3842
f 3968/1188/3632 1563/1187/3631 4075/1186/3846 2427/1185/3845
f 1617/2526/3847 4076/972/3848 2427/1185/3845 4075/1186/3846
f 4076/972/3848 1616/967/3843 4073/1182/3842 2427/1185/3845
f 1563/1187/3631 3970/1192/3636 2428/1189/3849 4075/1186/3846
f 3970/1192/3636 1564/1191/3635 4077/1190/3850 2428/1189/3849
f 1618/975/3851 4078/976/3852 2428/1189/3849 4077/1190/3850
f 4078/976/3852 1617/2526/3847 4075/1186/3846 2428/1189/3849
f 1564/1191/3635 3972/1196/3640 2429/1193/3853 4077/1190/3850
f 3972/1196/3640 1565/2496/3639 4079/1194/3854 2429/1193/3853
f 1619/979/3855 4080/980/3856 2429/1193/3853 4079/1194/3854
f 4080/980/3856 1618/975/3851 4077/1190/3850 2429/1193/3853
f 1565/2496/3639 3974/2497/3644 2430/1197/3857 4079/1194/3854
f 3974/2497/3644 1566/1199/3643 4081/1198/3858 2430/1197/3857
f 1620/983/3859 4082/984/3860 2430/1197/3857 4081/1198/3858
f 4082/984/3860 1619/979/3855 4079/1194/3854 2430/1197/3857
f 1566/1199/3643 3976/1204/3648 2431/1201/3861 4081/1198/3858
f 3976/1204/3648 1567/1203/3647 4083/1202/3862 2431/1201/3861
f 1621/987/3863 4084/988/3864 2431/1201/3861 4083/1202/3862
f 4084/988/3864 1620/983/3859 4081/1198/3858 2431/1201/3861
f 1567/1203/3647 3978/1208/3652 2432/1205/3865 4083/1202/3862
f 3978/1208/3652 1568/1207/3651 4085/1206/3866 2432/1205/3865
f 1622/991/3867 4086/992/3868 2432/1205/3865 4085/1206/3866
f 4086/992/3868 1621/987/3863 4083/1202/3862 2432/1205/3865
f 1568/1207/3651 3980/1212/3656 2433/1209/3869 4085/1206/3866
f 3980/1212/3656 1569/1211/3655 4087/1210/3870 2433/1209/3869
f 1623/995/3871 4088/996/3872 2433/1209/3869 4087/1210/3870
f 4088/996/3872 1622/991/3867 4085/1206/3866 2433/1209/3869
f 1569/1211/3655 3982/1216/3660 2434/1213/3873 4087/1210/3870
f 3982/1216/3660 1570/1215/3659 4089/1214/3874 2434/1213/3873
f 1624/999/3875 4090/1000/3876 2434/1213/3873 4089/1214/3874
f 4090/1000/3876 1623/995/3871 4087/1210/3870 2434/1213/3873
f 1570/1215/3659 3984/1220/3664 2435/1217/3877 4089/1214/3874
f 3984/1220/3664 1571/1219/3663 4091/1218/3878 2435/1217/3877
f 1625/1003/3879 4092/1004/3880 2435/1217/3877 4091/1218/3878
f 4092/1004/3880 1624/999/3875 4089/1214/3874 2435/1217/3877
f 1571/1219/3663 3986/2499/3668 2436/2527/3881 4091/1218/3878
f 3986/2499/3668 1572/1223/3667 4093/1222/3882 2436/2527/3881
f 1626/1007/3883 4094/2528/3884 2436/2527/3881 4093/1222/3882
f 4094/2528/3884 1625/1003/3879 4091/1218/3878 2436/2527/3881
f 1572/1223/3667 3988/1228/3672 2437/1225/3885 4093/1222/3882
f 3988/1228/3672 1573/2501/3671 4095/1226/3886 2437/1225/3885
f 1627/1011/3887 4096/1012/3888 2437/1225/3885 4095/1226/3886
f 4096/1012/3888 1626/1007/3883 4093/1222/3882 2437/1225/3885
f 1573/2501/3671 3990/1232/3676 2438/2529/3889 4095/1226/3886
f 3990/1232/3676 1574/2503/3675 4097/2530/3890 2438/2529/3889
f 1628/2531/3891 4098/2532/3892 2438/2529/3889 4097/2530/3890
f 4098/2532/3892 1627/1011/3887 4095/1226/3886 2438/2529/3889
f 1574/2503/3675 3992/2506/3680 2439/2533/3893 4097/2530/3890
f 3992/2506/3680 1575/2505/3679 4099/2534/3894 2439/2533/3893
f 1629/2535/3895 4100/2536/3896 2439/2533/3893 4099/2534/3894
f 4100/2536/3896 1628/2531/3891 4097/2530/3890 2439/2533/3893
f 1575/2505/3679 3994/1240/3684 2440/1237/3897 4099/2534/3894
f 3994/1240/3684 1576/1239/3683 4101/1238/3898 2440/1237/3897
f 1630/1023/3899 4102/1024/3900 2440/1237/3897 4101/1238/3898
f 4102/1024/3900 1629/2535/3895 4099/2534/3894 2440/1237/3897
f 1576/1239/3683 3996/1244/3688 2441/1241/3901 4101/1238/3898
f 3996/1244/3688 1577/1243/3687 4103/1242/3902 2441/1241/3901
f 1631/1027/3903 4104/1028/3904 2441/1241/3901 4103/1242/3902
f 4104/1028/3904 1630/1023/3899 4101/1238/3898 2441/1241/3901
f 1577/1243/3687 3998/1248/3692 2442/1245/3905 4103/1242/3902
f 3998/1248/3692 1578/1247/3691 4105/1246/3906 2442/1245/3905
f 1632/1031/3907 4106/1032/3908 2442/1245/3905 4105/1246/3906
f 4106/1032/3908 1631/1027/3903 4103/1242/3902 2442/1245/3905
f 1578/1247/3691 4000/1252/3696 2443/1249/3909 4105/1246/3906
f 4000/1252/3696 1579/1251/3695 4107/1250/3910 2443/1249/3909
f 1633/1035/3911 4108/1036/3912 2443/1249/3909 4107/1250/3910
f 4108/1036/3912 1632/1031/3907 4105/1246/3906 2443/1249/3909
f 1579/1251/3695 4002/1256/3700 2444/1253/3913 4107/1250/3910
f 4002/1256/3700 1580/1255/3699 4109/2537/3914 2444/1253/3913
f 1634/2538/3915 4110/1040/3916 2444/1253/3913 4109/2537/3914
f 4110/1040/3916 1633/1035/3911 4107/1250/3910 2444/1253/3913
f 1580/1255/3699 4004/1260/3704 2445/1257/3917 4109/2537/3914
f 4004/1260/3704 1581/2507/3703 4111/1258/3918 2445/1257/3917
f 1635/2539/3919 4112/1044/3920 2445/1257/3917 4111/1258/3918
f 4112/1044/3920 1634/2538/3915 4109/2537/3914 2445/1257/3917
f 1581/2507/3703 4006/1264/3708 2446/2540/3921 4111/1258/3918
f 4006/1264/3708 1582/1263/3707 4113/2541/3922 2446/2540/3921
f 1636/1047/3923 4114/1048/3924 2446/2540/3921 4113/2541/3922
f 4114/1048/3924 1635/2539/3919 4111/1258/3918 2446/2540/3921
f 1582/1263/3707 4008/1268/3712 2447/1265/3925 4113/2541/3922
f 4008/1268/3712 1583/1267/3711 4115/1266/3926 2447/1265/3925
f 1637/1051/3927 4116/1052/3928 2447/1265/3925 4115/1266/3926
f 4116/1052/3928 1636/1047/3923 4113/2541/3922 2447/1265/3925
f 1583/1267/3711 4010/1272/3716 2448/2542/3929 4115/1266/3926
f 4010/1272/3716 1584/1271/3715 4117/2543/3930 2448/2542/3929
f 1638/1055/3931 4118/1056/3932 2448/2542/3929 4117/2543/3930
f 4118/1056/3932 1637/1051/3927 4115/1266/3926 2448/2542/3929
f 1584/1271/3715 4012/1276/3720 2449/2544/3933 4117/2543/3930
f 4012/1276/3720 1585/1275/3719 4119/2545/3934 2449/2544/3933
f 1639/1059/3935 4120/2546/3936 2449/2544/3933 4119/2545/3934
f 4120/2546/3936 1638/1055/3931 4117/2543/3930 2449/2544/3933
f 1585/1275/3719 4014/2512/3724 2450/1277/3937 4119/2545/3934
f 4014/2512/3724 1586/1279/3723 4121/2547/3938 2450/1277/3937
f 1640/1063/3939 4122/1064/3940 2450/1277/3937 4121/2547/3938
f 4122/1064/3940 1639/1059/3935 4119/2545/3934 2450/1277/3937
f 1586/1279/3723 4015/2514/3726 2451/1281/3941 4121/2547/3938
f 4123/1066/3942 1640/1063/3939 4121/2547/3938 2451/1281/3941
f 1587/2516/3732 4018/2515/3731 2452/1283/3943 4124/1284/3944
f 4018/2515/3731 1588/1286/3730 4125/2548/3945 2452/1283/3943
f 1642/2549/3946 4126/1071/3947 2452/1283/3943 4125/2548/3945
f 4126/1071/3947 1641/1072/3948 4124/1284/3944 2452/1283/3943
f 4020/860/3736 1589/859/3735 4127/857/3949 2453/858/3950
f 1643/537/3951 4128/2550/3952 2453/858/3950 4127/857/3949
f 1589/859/3735 4022/864/3740 2454/861/3953 4127/857/3949
f 4022/864/3740 1590/863/3739 4129/862/3954 2454/861/3953
f 1644/543/3955 4130/544/3956 2454/861/3953 4129/862/3954
f 4130/544/3956 1643/537/3951 4127/857/3949 2454/861/3953
f 1590/863/3739 4024/868/3744 2455/865/3957 4129/862/3954
f 4024/868/3744 1591/867/3743 4131/866/3958 2455/865/3957
f 1645/549/3959 4132/550/3960 2455/865/3957 4131/866/3958
f 4132/550/3960 1644/543/3955 4129/862/3954 2455/865/3957
f 1591/867/3743 4026/872/3748 2456/869/3961 4131/866/3958
f 4026/872/3748 1592/871/3747 4133/870/3962 2456/869/3961
f 1646/555/3963 4134/556/3964 2456/869/3961 4133/870/3962
f 4134/556/3964 1645/549/3959 4131/866/3958 2456/869/3961
f 1592/871/3747 4028/876/3752 2457/2551/3965 4133/870/3962
f 4028/876/3752 1593/875/3751 4135/874/3966 2457/2551/3965
f 1647/561/3967 4136/562/3968 2457/2551/3965 4135/874/3966
f 4136/562/3968 1646/555/3963 4133/870/3962 2457/2551/3965
f 1593/875/3751 4030/880/3756 2458/877/3969 4135/874/3966
f 4030/880/3756 1594/879/3755 4137/878/3970 2458/877/3969
f 1648/567/3971 4138/568/3972 2458/877/3969 4137/878/3970
f 4138/568/3972 1647/561/3967 4135/874/3966 2458/877/3969
f 1594/879/3755 4032/884/3760 2459/881/3973 4137/878/3970
f 4032/884/3760 1595/883/3759 4139/882/3974 2459/881/3973
f 1649/573/3975 4140/574/3976 2459/881/3973 4139/882/3974
f 4140/574/3976 1648/567/3971 4137/878/3970 2459/881/3973
f 1595/883/3759 4034/888/3764 2460/885/3977 4139/882/3974
f 4034/888/3764 1596/887/3763 4141/886/3978 2460/885/3977
f 1650/579/3979 4142/2552/3980 2460/885/3977 4141/886/3978
f 4142/2552/3980 1649/573/3975 4139/882/3974 2460/885/3977
f 1596/887/3763 4036/892/3768 2461/889/3981 4141/886/3978
f 4036/892/3768 1597/2519/3767 4143/890/3982 2461/889/3981
f 1651/585/3983 4144/586/3984 2461/889/3981 4143/890/3982
f 4144/586/3984 1650/579/3979 4141/886/3978 2461/889/3981
f 1597/2519/3767 4038/896/3772 2462/893/3985 4143/890/3982
f 4038/896/3772 1598/895/3771 4145/894/3986 2462/893/3985
f 1652/591/3987 4146/592/3988 2462/893/3985 4145/894/3986
f 4146/592/3988 1651/585/3983 4143/890/3982 2462/893/3985
f 1598/895/3771 4040/900/3776 2463/897/3989 4145/894/3986
f 4040/900/3776 1599/899/3775 4147/898/3990 2463/897/3989
f 1653/597/3991 4148/598/3992 2463/897/3989 4147/898/3990
f 4148/598/3992 1652/591/3987 4145/894/3986 2463/897/3989
f 1599/899/3775 4042/904/3780 2464/901/3993 4147/898/3990
f 4042/904/3780 1600/903/3779 4149/902/3994 2464/901/3993
f 1654/603/3995 4150/604/3996 2464/901/3993 4149/902/3994
f 4150/604/3996 1653/597/3991 4147/898/3990 2464/901/3993
f 1600/903/3779 4044/908/3784 2465/905/3997 4149/902/3994
f 4044/908/3784 1601/907/3783 4151/906/3998 2465/905/3997
f 1655/609/3999 4152/2553/4000 2465/905/3997 4151/906/3998
f 4152/2553/4000 1654/603/3995 4149/902/3994 2465/905/3997
f 1601/907/3783 4046/912/3788 2466/909/4001 4151/906/3998
f 4046/912/3788 1602/911/3787 4153/2554/4002 2466/909/4001
f 1656/615/4003 4154/616/4004 2466/909/4001 4153/2554/4002
f 4154/616/4004 1655/609/3999 4151/906/3998 2466/909/4001
f 1602/911/3787 4048/916/3792 2467/913/4005 4153/2554/4002
f 4048/916/3792 1603/915/3791 4155/914/4006 2467/913/4005
f 1657/621/4007 4156/622/4008 2467/913/4005 4155/914/4006
f 4156/622/4008 1656/615/4003 4153/2554/4002 2467/913/4005
f 1603/915/3791 4050/920/3796 2468/917/4009 4155/914/4006
f 4050/920/3796 1604/919/3795 4157/918/4010 2468/917/4009
f 1658/627/4011 4158/628/4012 2468/917/4009 4157/918/4010
f 4158/628/4012 1657/621/4007 4155/914/4006 2468/917/4009
f 1604/919/3795 4052/924/3800 2469/921/4013 4157/918/4010
f 4052/924/3800 1605/923/3799 4159/922/4014 2469/921/4013
f 1659/2555/4015 4160/634/4016 2469/921/4013 4159/922/4014
f 4160/634/4016 1658/627/4011 4157/918/4010 2469/921/4013
f 1605/923/3799 4054/2524/3804 2470/2556/4017 4159/922/4014
f 4054/2524/3804 1606/927/3803 4161/926/4018 2470/2556/4017
f 1660/639/4019 4162/640/4020 2470/2556/4017 4161/926/4018
f 4162/640/4020 1659/2555/4015 4159/922/4014 2470/2556/4017
f 1606/927/3803 4056/932/3808 2471/929/4021 4161/926/4018
f 4056/932/3808 1607/931/3807 4163/930/4022 2471/929/4021
f 1661/645/4023 4164/646/4024 2471/929/4021 4163/930/4022
f 4164/646/4024 1660/639/4019 4161/926/4018 2471/929/4021
f 1607/931/3807 4058/936/3812 2472/933/4025 4163/930/4022
f 4058/936/3812 1608/935/3811 4165/934/4026 2472/933/4025
f 1662/651/4027 4166/652/4028 2472/933/4025 4165/934/4026
f 4166/652/4028 1661/645/4023 4163/930/4022 2472/933/4025
f 1608/935/3811 4060/2525/3816 2473/2557/4029 4165/934/4026
f 4060/2525/3816 1609/939/3815 4167/938/4030 2473/2557/4029
f 1663/657/4031 4168/658/4032 2473/2557/4029 4167/938/4030
f 4168/658/4032 1662/651/4027 4165/934/4026 2473/2557/4029
f 1609/939/3815 4062/944/3820 2474/941/4033 4167/938/4030
f 4062/944/3820 1610/943/3819 4169/942/4034 2474/941/4033
f 1664/663/4035 4170/664/4036 2474/941/4033 4169/942/4034
f 4170/664/4036 1663/657/4031 4167/938/4030 2474/941/4033
f 1610/943/3819 4064/948/3824 2475/945/4037 4169/942/4034
f 4064/948/3824 1611/947/3823 4171/946/4038 2475/945/4037
f 1665/669/4039 4172/670/4040 2475/945/4037 4171/946/4038
f 4172/670/4040 1664/663/4035 4169/942/4034 2475/945/4037
f 1611/947/3823 4066/952/3828 2476/2558/4041 4171/946/4038
f 4066/952/3828 1612/951/3827 4173/950/4042 2476/2558/4041
f 1666/675/4043 4174/676/4044 2476/2558/4041 4173/950/4042
f 4174/676/4044 1665/669/4039 4171/946/4038 2476/2558/4041
f 1612/951/3827 4068/956/3832 2477/953/4045 4173/950/4042
f 4068/956/3832 1613/955/3831 4175/954/4046 2477/953/4045
f 1667/681/4047 4176/682/4048 2477/953/4045 4175/954/4046
f 4176/682/4048 1666/675/4043 4173/950/4042 2477/953/4045
f 1613/955/3831 4070/960/3836 2478/957/4049 4175/954/4046
f 4070/960/3836 1614/959/3835 4177/958/4050 2478/957/4049
f 1668/687/4051 4178/688/4052 2478/957/4049 4177/958/4050
f 4178/688/4052 1667/681/4047 4175/954/4046 2478/957/4049
f 1614/959/3835 4072/964/3840 2479/961/4053 4177/958/4050
f 4072/964/3840 1615/963/3839 4179/962/4054 2479/961/4053
f 1669/693/4055 4180/694/4056 2479/961/4053 4179/962/4054
f 4180/694/4056 1668/687/4051 4177/958/4050 2479/961/4053
f 1615/963/3839 4074/968/3844 2480/965/4057 4179/962/4054
f 4074/968/3844 1616/967/3843 4181/966/4058 2480/965/4057
f 1670/699/4059 4182/700/4060 2480/965/4057 4181/966/4058
f 4182/700/4060 1669/693/4055 4179/962/4054 2480/965/4057
f 1616/967/3843 4076/972/3848 2481/969/4061 4181/966/4058
f 4076/972/3848 1617/2526/3847 4183/970/4062 2481/969/4061
f 1671/705/4063 4184/706/4064 2481/969/4061 4183/970/4062
f 4184/706/4064 1670/699/4059 4181/966/4058 2481/969/4061
f 1617/2526/3847 4078/976/3852 2482/973/4065 4183/970/4062
f 4078/976/3852 1618/975/3851 4185/974/4066 2482/973/4065
f 1672/711/4067 4186/712/4068 2482/973/4065 4185/974/4066
f 4186/712/4068 1671/705/4063 4183/970/4062 2482/973/4065
f 1618/975/3851 4080/980/3856 2483/977/4069 4185/974/4066
f 4080/980/3856 1619/979/3855 4187/978/4070 2483/977/4069
f 1673/717/4071 4188/718/4072 2483/977/4069 4187/978/4070
f 4188/718/4072 1672/711/4067 4185/974/4066 2483/977/4069
f 1619/979/3855 4082/984/3860 2484/981/4073 4187/978/4070
f 4082/984/3860 1620/983/3859 4189/982/4074 2484/981/4073
f 1674/723/4075 4190/724/4076 2484/981/4073 4189/982/4074
f 4190/724/4076 1673/717/4071 4187/978/4070 2484/981/4073
f 1620/983/3859 4084/988/3864 2485/985/4077 4189/982/4074
f 4084/988/3864 1621/987/3863 4191/986/4078 2485/985/4077
f 1675/729/4079 4192/730/4080 2485/985/4077 4191/986/4078
f 4192/730/4080 1674/723/4075 4189/982/4074 2485/985/4077
f 1621/987/3863 4086/992/3868 2486/989/4081 4191/986/4078
f 4086/992/3868 1622/991/3867 4193/990/4082 2486/989/4081
f 1676/735/4083 4194/736/4084 2486/989/4081 4193/990/4082
f 4194/736/4084 1675/729/4079 4191/986/4078 2486/989/4081
f 1622/991/3867 4088/996/3872 2487/993/4085 4193/990/4082
f 4088/996/3872 1623/995/3871 4195/994/4086 2487/993/4085
f 1677/741/4087 4196/742/4088 2487/993/4085 4195/994/4086
f 4196/742/4088 1676/735/4083 4193/990/4082 2487/993/4085
f 1623/995/3871 4090/1000/3876 2488/997/4089 4195/994/4086
f 4090/1000/3876 1624/999/3875 4197/998/4090 2488/997/4089
f 1678/747/4091 4198/748/4092 2488/997/4089 4197/998/4090
f 4198/748/4092 1677/741/4087 4195/994/4086 2488/997/4089
f 1624/999/3875 4092/1004/3880 2489/1001/4093 4197/998/4090
f 4092/1004/3880 1625/1003/3879 4199/1002/4094 2489/1001/4093
f 1679/753/4095 4200/754/4096 2489/1001/4093 4199/1002/4094
f 4200/754/4096 1678/747/4091 4197/998/4090 2489/1001/4093
f 1625/1003/3879 4094/2528/3884 2490/2559/4097 4199/1002/4094
f 4094/2528/3884 1626/1007/3883 4201/1006/4098 2490/2559/4097
f 1680/759/4099 4202/2560/4100 2490/2559/4097 4201/1006/4098
f 4202/2560/4100 1679/753/4095 4199/1002/4094 2490/2559/4097
f 1626/1007/3883 4096/1012/3888 2491/1009/4101 4201/1006/4098
f 4096/1012/3888 1627/1011/3887 4203/1010/4102 2491/1009/4101
f 1681/765/4103 4204/766/4104 2491/1009/4101 4203/1010/4102
f 4204/766/4104 1680/759/4099 4201/1006/4098 2491/1009/4101
f 1627/1011/3887 4098/2532/3892 2492/1013/4105 4203/1010/4102
f 4098/2532/3892 1628/2531/3891 4205/2561/4106 2492/1013/4105
f 1682/771/4107 4206/772/4108 2492/1013/4105 4205/2561/4106
f 4206/772/4108 1681/765/4103 4203/1010/4102 2492/1013/4105
f 1628/2531/3891 4100/2536/3896 2493/2562/4109 4205/2561/4106
f 4100/2536/3896 1629/2535/3895 4207/2563/4110 2493/2562/4109
f 1683/2564/4111 4208/778/4112 2493/2562/4109 4207/2563/4110
f 4208/778/4112 1682/771/4107 4205/2561/4106 2493/2562/4109
f 1629/2535/3895 4102/1024/3900 2494/1021/4113 4207/2563/4110
f 4102/1024/3900 1630/1023/3899 4209/1022/4114 2494/1021/4113
f 1684/783/4115 4210/784/4116 2494/1021/4113 4209/1022/4114
f 4210/784/4116 1683/2564/4111 4207/2563/4110 2494/1021/4113
f 1630/1023/3899 4104/1028/3904 2495/1025/4117 4209/1022/4114
f 4104/1028/3904 1631/1027/3903 4211/1026/4118 2495/1025/4117
f 1685/789/4119 4212/790/4120 2495/1025/4117 4211/1026/4118
f 4212/790/4120 1684/783/4115 4209/1022/4114 2495/1025/4117
f 1631/1027/3903 4106/1032/3908 2496/1029/4121 4211/1026/4118
f 4106/1032/3908 1632/1031/3907 4213/1030/4122 2496/1029/4121
f 1686/795/4123 4214/796/4124 2496/1029/4121 4213/1030/4122
f 4214/796/4124 1685/789/4119 4211/1026/4118 2496/1029/4121
f 1632/1031/3907 4108/1036/3912 2497/1033/4125 4213/1030/4122
f 4108/1036/3912 1633/1035/3911 4215/1034/4126 2497/1033/4125
f 1687/801/4127 4216/802/4128 2497/1033/4125 4215/1034/4126
f 4216/802/4128 1686/795/4123 4213/1030/4122 2497/1033/4125
f 1633/1035/3911 4110/1040/3916 2498/1037/4129 4215/1034/4126
f 4110/1040/3916 1634/2538/3915 4217/1038/4130 2498/1037/4129
f 1688/807/4131 4218/808/4132 2498/1037/4129 4217/1038/4130
f 4218/808/4132 1687/801/4127 4215/1034/4126 2498/1037/4129
f 1634/2538/3915 4112/1044/3920 2499/1041/4133 4217/1038/4130
f 4112/1044/3920 1635/2539/3919 4219/1042/4134 2499/1041/4133
f 1689/813/4135 4220/814/4136 2499/1041/4133 4219/1042/4134
f 4220/814/4136 1688/807/4131 4217/1038/4130 2499/1041/4133
f 1635/2539/3919 4114/1048/3924 2500/1045/4137 4219/1042/4134
f 4114/1048/3924 1636/1047/3923 4221/1046/4138 2500/1045/4137
f 1690/819/4139 4222/820/4140 2500/1045/4137 4221/1046/4138
f 4222/820/4140 1689/813/4135 4219/1042/4134 2500/1045/4137
f 1636/1047/3923 4116/1052/3928 2501/2565/4141 4221/1046/4138
f 4116/1052/3928 1637/1051/3927 4223/1050/4142 2501/2565/4141
f 1691/825/4143 4224/826/4144 2501/2565/4141 4223/1050/4142
f 4224/826/4144 1690/819/4139 4221/1046/4138 2501/2565/4141
f 1637/1051/3927 4118/1056/3932 2502/2566/4145 4223/1050/4142
f 4118/1056/3932 1638/1055/3931 4225/2567/4146 2502/2566/4145
f 1692/831/4147 4226/832/4148 2502/2566/4145 4225/2567/4146
f 4226/832/4148 1691/825/4143 4223/1050/4142 2502/2566/4145
f 1638/1055/3931 4120/2546/3936 2503/1057/4149 4225/2567/4146
f 4120/2546/3936 1639/1059/3935 4227/1058/4150 2503/1057/4149
f 1693/837/4151 4228/838/4152 2503/1057/4149 4227/1058/4150
f 4228/838/4152 1692/831/4147 4225/2567/4146 2503/1057/4149
f 1639/1059/3935 4122/1064/3940 2504/1061/4153 4227/1058/4150
f 4122/1064/3940 1640/1063/3939 4229/2568/4154 2504/1061/4153
f 1694/2569/4155 4230/844/4156 2504/1061/4153 4229/2568/4154
f 4230/844/4156 1693/837/4151 4227/1058/4150 2504/1061/4153
f 1640/1063/3939 4123/1066/3942 2505/1065/4157 4229/2568/4154
f 4231/847/4158 1694/2569/4155 4229/2568/4154 2505/1065/4157
f 1641/1072/3948 4126/1071/3947 2506/1067/4159 4232/1068/4160
f 4126/1071/3947 1642/2549/3946 4233/1069/4161 2506/1067/4159
f 1696/854/4162 4234/855/4163 2506/1067/4159 4233/1069/4161
f 4234/855/4163 1695/856/4164 4232/1068/4160 2506/1067/4159
f 4128/2550/3952 1643/537/3951 4235/535/4165 2507/2570/4166
f 833/534/818 2561/533/817 2507/2570/4166 4235/535/4165
f 1643/537/3951 4130/544/3956 2508/540/4167 4235/535/4165
f 4130/544/3956 1644/543/3955 4236/542/4168 2508/540/4167
f 834/541/825 2564/539/823 2508/540/4167 4236/542/4168
f 2564/539/823 833/534/818 4235/535/4165 2508/540/4167
f 1644/543/3955 4132/550/3960 2509/546/4169 4236/542/4168
f 4132/550/3960 1645/549/3959 4237/548/4170 2509/546/4169
f 835/547/831 2567/545/829 2509/546/4169 4237/548/4170
f 2567/545/829 834/541/825 4236/542/4168 2509/546/4169
f 1645/549/3959 4134/556/3964 2510/552/4171 4237/548/4170
f 4134/556/3964 1646/555/3963 4238/554/4172 2510/552/4171
f 836/553/837 2570/551/835 2510/552/4171 4238/554/4172
f 2570/551/835 835/547/831 4237/548/4170 2510/552/4171
f 1646/555/3963 4136/562/3968 2511/558/4173 4238/554/4172
f 4136/562/3968 1647/561/3967 4239/560/4174 2511/558/4173
f 837/559/843 2573/557/841 2511/558/4173 4239/560/4174
f 2573/557/841 836/553/837 4238/554/4172 2511/558/4173
f 1647/561/3967 4138/568/3972 2512/564/4175 4239/560/4174
f 4138/568/3972 1648/567/3971 4240/566/4176 2512/564/4175
f 838/565/849 2576/563/847 2512/564/4175 4240/566/4176
f 2576/563/847 837/559/843 4239/560/4174 2512/564/4175
f 1648/567/3971 4140/574/3976 2513/570/4177 4240/566/4176
f 4140/574/3976 1649/573/3975 4241/572/4178 2513/570/4177
f 839/571/855 2579/569/853 2513/570/4177 4241/572/4178
f 2579/569/853 838/565/849 4240/566/4176 2513/570/4177
f 1649/573/3975 4142/2552/3980 2514/576/4179 4241/572/4178
f 4142/2552/3980 1650/579/3979 4242/578/4180 2514/576/4179
f 840/577/861 2582/575/859 2514/576/4179 4242/578/4180
f 2582/575/859 839/571/855 4241/572/4178 2514/576/4179
f 1650/579/3979 4144/586/3984 2515/582/4181 4242/578/4180
f 4144/586/3984 1651/585/3983 4243/584/4182 2515/582/4181
f 841/583/867 2585/581/865 2515/582/4181 4243/584/4182
f 2585/581/865 840/577/861 4242/578/4180 2515/582/4181
f 1651/585/3983 4146/592/3988 2516/588/4183 4243/584/4182
f 4146/592/3988 1652/591/3987 4244/590/4184 2516/588/4183
f 842/589/873 2588/587/871 2516/588/4183 4244/590/4184
f 2588/587/871 841/583/867 4243/584/4182 2516/588/4183
f 1652/591/3987 4148/598/3992 2517/594/4185 4244/590/4184
f 4148/598/3992 1653/597/3991 4245/596/4186 2517/594/4185
f 843/595/879 2591/593/877 2517/594/4185 4245/596/4186
f 2591/593/877 842/589/873 4244/590/4184 2517/594/4185
f 1653/597/3991 4150/604/3996 2518/600/4187 4245/596/4186
f 4150/604/3996 1654/603/3995 4246/602/4188 2518/600/4187
f 844/601/885 2594/599/883 2518/600/4187 4246/602/4188
f 2594/599/883 843/595/879 4245/596/4186 2518/600/4187
f 1654/603/3995 4152/2553/4000 2519/606/4189 4246/602/4188
f 4152/2553/4000 1655/609/3999 4247/608/4190 2519/606/4189
f 845/607/891 2597/605/889 2519/606/4189 4247/608/4190
f 2597/605/889 844/601/885 4246/602/4188 2519/606/4189
f 1655/609/3999 4154/616/4004 2520/612/4191 4247/608/4190
f 4154/616/4004 1656/615/4003 4248/614/4192 2520/612/4191
f 846/613/897 2600/611/895 2520/612/4191 4248/614/4192
f 2600/611/895 845/607/891 4247/608/4190 2520/612/4191
f 1656/615/4003 4156/622/4008 2521/618/4193 4248/614/4192
f 4156/622/4008 1657/621/4007 4249/620/4194 2521/618/4193
f 847/619/903 2603/617/901 2521/618/4193 4249/620/4194
f 2603/617/901 846/613/897 4248/614/4192 2521/618/4193
f 1657/621/4007 4158/628/4012 2522/624/4195 4249/620/4194
f 4158/628/4012 1658/627/4011 4250/626/4196 2522/624/4195
f 848/625/909 2606/623/907 2522/624/4195 4250/626/4196
f 2606/623/907 847/619/903 4249/620/4194 2522/624/4195
f 1658/627/4011 4160/634/4016 2523/630/4197 4250/626/4196
f 4160/634/4016 1659/2555/4015 4251/632/4198 2523/630/4197
f 849/631/915 2609/629/913 2523/630/4197 4251/632/4198
f 2609/629/913 848/625/909 4250/626/4196 2523/630/4197
f 1659/2555/4015 4162/640/4020 2524/2571/4199 4251/632/4198
f 4162/640/4020 1660/639/4019 4252/638/4200 2524/2571/4199
f 850/637/921 2612/635/919 2524/2571/4199 4252/638/4200
f 2612/635/919 849/631/915 4251/632/4198 2524/2571/4199
f 1660/639/4019 4164/646/4024 2525/642/4201 4252/638/4200
f 4164/646/4024 1661/645/4023 4253/644/4202 2525/642/4201
f 851/643/927 2615/641/925 2525/642/4201 4253/644/4202
f 2615/641/925 850/637/921 4252/638/4200 2525/642/4201
f 1661/645/4023 4166/652/4028 2526/648/4203 4253/644/4202
f 4166/652/4028 1662/651/4027 4254/650/4204 2526/648/4203
f 852/649/933 2618/647/931 2526/648/4203 4254/650/4204
f 2618/647/931 851/643/927 4253/644/4202 2526/648/4203
f 1662/651/4027 4168/658/4032 2527/654/4205 4254/650/4204
f 4168/658/4032 1663/657/4031 4255/656/4206 2527/654/4205
f 853/655/939 2621/653/937 2527/654/4205 4255/656/4206
f 2621/653/937 852/649/933 4254/650/4204 2527/654/4205
f 1663/657/4031 4170/664/4036 2528/660/4207 4255/656/4206
f 4170/664/4036 1664/663/4035 4256/662/4208 2528/660/4207
f 854/661/945 2624/659/943 2528/660/4207 4256/662/4208
f 2624/659/943 853/655/939 4255/656/4206 2528/660/4207
f 1664/663/4035 4172/670/4040 2529/666/4209 4256/662/4208
f 4172/670/4040 1665/669/4039 4257/668/4210 2529/666/4209
f 855/667/951 2627/665/949 2529/666/4209 4257/668/4210
f 2627/665/949 854/661/945 4256/662/4208 2529/666/4209
f 1665/669/4039 4174/676/4044 2530/672/4211 4257/668/4210
f 4174/676/4044 1666/675/4043 4258/2572/4212 2530/672/4211
f 856/673/957 2630/671/955 2530/672/4211 4258/2572/4212
f 2630/671/955 855/667/951 4257/668/4210 2530/672/4211
f 1666/675/4043 4176/682/4048 2531/678/4213 4258/2572/4212
f 4176/682/4048 1667/681/4047 4259/680/4214 2531/678/4213
f 857/679/963 2633/677/961 2531/678/4213 4259/680/4214
f 2633/677/961 856/673/957 4258/2572/4212 2531/678/4213
f 1667/681/4047 4178/688/4052 2532/684/4215 4259/680/4214
f 4178/688/4052 1668/687/4051 4260/2573/4216 2532/684/4215
f 858/685/969 2636/683/967 2532/684/4215 4260/2573/4216
f 2636/683/967 857/679/963 4259/680/4214 2532/684/4215
f 1668/687/4051 4180/694/4056 2533/690/4217 4260/2573/4216
f 4180/694/4056 1669/693/4055 4261/692/4218 2533/690/4217
f 859/691/975 2639/689/973 2533/690/4217 4261/692/4218
f 2639/689/973 858/685/969 4260/2573/4216 2533/690/4217
f 1669/693/4055 4182/700/4060 2534/696/4219 4261/692/4218
f 4182/700/4060 1670/699/4059 4262/2574/4220 2534/696/4219
f 860/697/981 2642/695/979 2534/696/4219 4262/2574/4220
f 2642/695/979 859/691/975 4261/692/4218 2534/696/4219
f 1670/699/4059 4184/706/4064 2535/702/4221 4262/2574/4220
f 4184/706/4064 1671/705/4063 4263/704/4222 2535/702/4221
f 861/703/987 2645/701/985 2535/702/4221 4263/704/4222
f 2645/701/985 860/697/981 4262/2574/4220 2535/702/4221
f 1671/705/4063 4186/712/4068 2536/708/4223 4263/704/4222
f 4186/712/4068 1672/711/4067 4264/710/4224 2536/708/4223
f 862/709/993 2648/707/991 2536/708/4223 4264/710/4224
f 2648/707/991 861/703/987 4263/704/4222 2536/708/4223
f 1672/711/4067 4188/718/4072 2537/714/4225 4264/710/4224
f 4188/718/4072 1673/717/4071 4265/716/4226 2537/714/4225
f 863/715/999 2651/713/997 2537/714/4225 4265/716/4226
f 2651/713/997 862/709/993 4264/710/4224 2537/714/4225
f 1673/717/4071 4190/724/4076 2538/720/4227 4265/716/4226
f 4190/724/4076 1674/723/4075 4266/722/4228 2538/720/4227
f 864/721/1005 2654/719/1003 2538/720/4227 4266/722/4228
f 2654/719/1003 863/715/999 4265/716/4226 2538/720/4227
f 1674/723/4075 4192/730/4080 2539/726/4229 4266/722/4228
f 4192/730/4080 1675/729/4079 4267/728/4230 2539/726/4229
f 865/727/1011 2657/725/1009 2539/726/4229 4267/728/4230
f 2657/725/1009 864/721/1005 4266/722/4228 2539/726/4229
f 1675/729/4079 4194/736/4084 2540/732/4231 4267/728/4230
f 4194/736/4084 1676/735/4083 4268/734/4232 2540/732/4231
f 866/733/1017 2660/731/1015 2540/732/4231 4268/734/4232
f 2660/731/1015 865/727/1011 4267/728/4230 2540/732/4231
f 1676/735/4083 4196/742/4088 2541/738/4233 4268/734/4232
f 4196/742/4088 1677/741/4087 4269/740/4234 2541/738/4233
f 867/739/1023 2663/737/1021 2541/738/4233 4269/740/4234
f 2663/737/1021 866/733/1017 4268/734/4232 2541/738/4233
f 1677/741/4087 4198/748/4092 2542/744/4235 4269/740/4234
f 4198/748/4092 1678/747/4091 4270/746/4236 2542/744/4235
f 868/745/1029 2666/743/1027 2542/744/4235 4270/746/4236
f 2666/743/1027 867/739/1023 4269/740/4234 2542/744/4235
f 1678/747/4091 4200/754/4096 2543/750/4237 4270/746/4236
f 4200/754/4096 1679/753/4095 4271/752/4238 2543/750/4237
f 869/751/1035 2669/749/1033 2543/750/4237 4271/752/4238
f 2669/749/1033 868/745/1029 4270/746/4236 2543/750/4237
f 1679/753/4095 4202/2560/4100 2544/756/4239 4271/752/4238
f 4202/2560/4100 1680/759/4099 4272/758/4240 2544/756/4239
f 870/757/1041 2672/755/1039 2544/756/4239 4272/758/4240
f 2672/755/1039 869/751/1035 4271/752/4238 2544/756/4239
f 1680/759/4099 4204/766/4104 2545/762/4241 4272/758/4240
f 4204/766/4104 1681/765/4103 4273/764/4242 2545/762/4241
f 871/763/1047 2675/761/1045 2545/762/4241 4273/764/4242
f 2675/761/1045 870/757/1041 4272/758/4240 2545/762/4241
f 1681/765/4103 4206/772/4108 2546/768/4243 4273/764/4242
f 4206/772/4108 1682/771/4107 4274/770/4244 2546/768/4243
f 872/769/1053 2678/767/1051 2546/768/4243 4274/770/4244
f 2678/767/1051 871/763/1047 4273/764/4242 2546/768/4243
f 1682/771/4107 4208/778/4112 2547/2575/4245 4274/770/4244
f 4208/778/4112 1683/2564/4111 4275/2576/4246 2547/2575/4245
f 873/775/1059 2681/773/1057 2547/2575/4245 4275/2576/4246
f 2681/773/1057 872/769/1053 4274/770/4244 2547/2575/4245
f 1683/2564/4111 4210/784/4116 2548/780/4247 4275/2576/4246
f 4210/784/4116 1684/783/4115 4276/782/4248 2548/780/4247
f 874/781/1065 2684/779/1063 2548/780/4247 4276/782/4248
f 2684/779/1063 873/775/1059 4275/2576/4246 2548/780/4247
f 1684/783/4115 4212/790/4120 2549/786/4249 4276/782/4248
f 4212/790/4120 1685/789/4119 4277/788/4250 2549/786/4249
f 875/787/1071 2687/785/1069 2549/786/4249 4277/788/4250
f 2687/785/1069 874/781/1065 4276/782/4248 2549/786/4249
f 1685/789/4119 4214/796/4124 2550/792/4251 4277/788/4250
f 4214/796/4124 1686/795/4123 4278/794/4252 2550/792/4251
f 876/793/1077 2690/791/1075 2550/792/4251 4278/794/4252
f 2690/791/1075 875/787/1071 4277/788/4250 2550/792/4251
f 1686/795/4123 4216/802/4128 2551/798/4253 4278/794/4252
f 4216/802/4128 1687/801/4127 4279/800/4254 2551/798/4253
f 877/799/1083 2693/797/1081 2551/798/4253 4279/800/4254
f 2693/797/1081 876/793/1077 4278/794/4252 2551/798/4253
f 1687/801/4127 4218/808/4132 2552/804/4255 4279/800/4254
f 4218/808/4132 1688/807/4131 4280/806/4256 2552/804/4255
f 878/805/1089 2696/803/1087 2552/804/4255 4280/806/4256
f 2696/803/1087 877/799/1083 4279/800/4254 2552/804/4255
f 1688/807/4131 4220/814/4136 2553/810/4257 4280/806/4256
f 4220/814/4136 1689/813/4135 4281/812/4258 2553/810/4257
f 879/811/1095 2699/809/1093 2553/810/4257 4281/812/4258
f 2699/809/1093 878/805/1089 4280/806/4256 2553/810/4257
f 1689/813/4135 4222/820/4140 2554/816/4259 4281/812/4258
f 4222/820/4140 1690/819/4139 4282/818/4260 2554/816/4259
f 880/817/1101 2702/815/1099 2554/816/4259 4282/818/4260
f 2702/815/1099 879/811/1095 4281/812/4258 2554/816/4259
f 1690/819/4139 4224/826/4144 2555/822/4261 4282/818/4260
f 4224/826/4144 1691/825/4143 4283/824/4262 2555/822/4261
f 881/823/1107 2705/821/1105 2555/822/4261 4283/824/4262
f 2705/821/1105 880/817/1101 4282/818/4260 2555/822/4261
f 1691/825/4143 4226/832/4148 2556/828/4263 4283/824/4262
f 4226/832/4148 1692/831/4147 4284/830/4264 2556/828/4263
f 882/829/1113 2708/827/1111 2556/828/4263 4284/830/4264
f 2708/827/1111 881/823/1107 4283/824/4262 2556/828/4263
f 1692/831/4147 4228/838/4152 2557/834/4265 4284/830/4264
f 4228/838/4152 1693/837/4151 4285/836/4266 2557/834/4265
f 883/835/1119 2711/833/1117 2557/834/4265 4285/836/4266
f 2711/833/1117 882/829/1113 4284/830/4264 2557/834/4265
f 1693/837/4151 4230/844/4156 2558/840/4267 4285/836/4266
f 4230/844/4156 1694/2569/4155 4286/842/4268 2558/840/4267
f 884/841/1125 2714/839/1123 2558/840/4267 4286/842/4268
f 2714/839/1123 883/835/1119 4285/836/4266 2558/840/4267
f 1694/2569/4155 4231/847/4158 2559/846/4269 4286/842/4268
f 2717/845/1129 884/841/1125 4286/842/4268 2559/846/4269
f 1695/856/4164 4234/855/4163 2560/850/4270 4287/851/4271
f 4234/855/4163 1696/854/4162 4288/853/4272 2560/850/4270
f 886/852/1136 2720/849/1133 2560/850/4270 4288/853/4272
f 2720/849/1133 885/848/1132 4287/851/4271 2560/850/4270
o top
v 0.203314 0.370974 0.150460
v 0.203259 0.369922 0.150088
v 0.213965 0.370974 0.146636
v 0.213771 0.369922 0.146314
v 0.222341 0.370974 0.139028
v 0.222039 0.369922 0.138804
v 0.227168 0.370974 0.128793
v 0.226803 0.369922 0.128702
v 0.227711 0.370974 0.117490
v 0.227339 0.369922 0.117545
v 0.223887 0.370974 0.106839
v 0.223565 0.369922 0.107033
v 0.216279 0.370974 0.098463
v 0.216055 0.369922 0.098765
v 0.206044 0.370974 0.093636
v 0.205953 0.369922 0.094001
v 0.194741 0.370974 0.093093
v 0.194796 0.369922 0.093465
v 0.184090 0.370974 0.096917
v 0.184284 0.369922 0.097239
v 0.175714 0.370974 0.104525
v 0.176016 0.369922 0.104749
v 0.170887 0.370974 0.114760
v 0.171252 0.369922 0.114851
v 0.170344 0.370974 0.126063
v 0.170716 0.369922 0.126008
v 0.174168 0.370974 0.136714
v 0.174490 0.369922 0.136520
v 0.181776 0.370974 0.145090
v 0.182000 0.369922 0.144788
v 0.192011 0.370974 0.149917
v 0.192102 0.369922 0.149552
v 0.208778 0.370476 0.148934
v 0.208586 0.369304 0.148398
v 0.218429 0.370476 0.143136
v 0.218046 0.369304 0.142714
v 0.225126 0.370476 0.134085
v 0.224610 0.369304 0.133842
v 0.227849 0.370476 0.123161
v 0.227280 0.369304 0.123134
v 0.226185 0.370476 0.112026
v 0.225649 0.369304 0.112219
v 0.220387 0.370476 0.102375
v 0.219965 0.369304 0.102759
v 0.211336 0.370476 0.095679
v 0.211093 0.369304 0.096194
v 0.200412 0.370476 0.092955
v 0.200385 0.369304 0.093524
v 0.189277 0.370476 0.094619
v 0.189469 0.369304 0.095155
v 0.179626 0.370476 0.100418
v 0.180009 0.369304 0.100839
v 0.172929 0.370476 0.109468
v 0.173445 0.369304 0.109711
v 0.170206 0.370476 0.120392
v 0.170775 0.369304 0.120420
v 0.171870 0.370476 0.131527
v 0.172406 0.369304 0.131335
v 0.177668 0.370476 0.141178
v 0.178090 0.369304 0.140795
v 0.186719 0.370476 0.147875
v 0.186962 0.369304 0.147359
v 0.197643 0.370476 0.150598
v 0.197670 0.369304 0.150029
v 0.208826 0.370974 0.149068
v 0.203293 0.370476 0.150320
v 0.208699 0.369922 0.148714
v 0.213892 0.370476 0.146515
v 0.203209 0.369304 0.149756
v 0.213598 0.369304 0.146026
v 0.218524 0.370974 0.143240
v 0.218271 0.369922 0.142962
v 0.222227 0.370476 0.138944
v 0.221769 0.369304 0.138605
v 0.225254 0.370974 0.134146
v 0.224914 0.369922 0.133985
v 0.227031 0.370476 0.128759
v 0.226478 0.369304 0.128621
v 0.227991 0.370974 0.123168
v 0.227615 0.369922 0.123150
v 0.227571 0.370476 0.117511
v 0.227007 0.369304 0.117595
v 0.226318 0.370974 0.111978
v 0.225965 0.369922 0.112105
v 0.223766 0.370476 0.106912
v 0.223277 0.369304 0.107206
v 0.220491 0.370974 0.102280
v 0.220213 0.369922 0.102533
v 0.216194 0.370476 0.098577
v 0.215855 0.369304 0.099035
v 0.211397 0.370974 0.095550
v 0.211236 0.369922 0.095890
v 0.206009 0.370476 0.093773
v 0.205872 0.369304 0.094326
v 0.200419 0.370974 0.092813
v 0.200401 0.369922 0.093189
v 0.194762 0.370476 0.093233
v 0.194846 0.369304 0.093797
v 0.189229 0.370974 0.094486
v 0.189356 0.369922 0.094839
v 0.184163 0.370476 0.097038
v 0.184457 0.369304 0.097527
v 0.179531 0.370974 0.100313
v 0.179784 0.369922 0.100591
v 0.175828 0.370476 0.104610
v 0.176286 0.369304 0.104949
v 0.172801 0.370974 0.109408
v 0.173141 0.369922 0.109568
v 0.171024 0.370476 0.114795
v 0.171577 0.369304 0.114932
v 0.170064 0.370974 0.120385
v 0.170440 0.369922 0.120403
v 0.170484 0.370476 0.126042
v 0.171048 0.369304 0.125958
v 0.171737 0.370974 0.131575
v 0.172090 0.369922 0.131448
v 0.174289 0.370476 0.136641
v 0.174778 0.369304 0.136347
v 0.177564 0.370974 0.141273
v 0.177842 0.369922 0.141020
v 0.181861 0.370476 0.144976
v 0.182200 0.369304 0.144518
v 0.186658 0.370974 0.148003
v 0.186819 0.369922 0.147663
v 0.192045 0.370476 0.149780
v 0.192183 0.369304 0.149227
v 0.197636 0.370974 0.150740
v 0.197654 0.369922 0.150364
v 0.206675 0.376383 0.172950
v 0.225676 0.376383 0.166128
v 0.240620 0.376383 0.152554
v 0.249232 0.376383 0.134294
v 0.250201 0.376383 0.114129
v 0.243379 0.376383 0.095128
v 0.229805 0.376383 0.080184
v 0.211545 0.376383 0.071572
v 0.191380 0.376383 0.070603
v 0.172379 0.376383 0.077425
v 0.157435 0.376383 0.090999
v 0.148823 0.376383 0.109259
v 0.147854 0.376383 0.129424
v 0.154676 0.376383 0.148426
v 0.168250 0.376383 0.163370
v 0.186510 0.376383 0.171981
v 0.216509 0.376383 0.170466
v 0.233810 0.376383 0.160070
v 0.245817 0.376383 0.143844
v 0.250700 0.376383 0.124259
v 0.247716 0.376383 0.104296
v 0.237320 0.376383 0.086994
v 0.221095 0.376383 0.074987
v 0.201510 0.376383 0.070104
v 0.181546 0.376383 0.073088
v 0.164245 0.376383 0.083484
v 0.152238 0.376383 0.099709
v 0.147355 0.376383 0.119295
v 0.150339 0.376383 0.139258
v 0.160735 0.376383 0.156559
v 0.176960 0.376383 0.168566
v 0.196545 0.376383 0.173449
v 0.205827 0.379642 0.167275
v 0.222721 0.379642 0.161210
v 0.236008 0.379642 0.149141
v 0.243665 0.379642 0.132906
v 0.244526 0.379642 0.114977
v 0.238461 0.379642 0.098083
v 0.226392 0.379642 0.084796
v 0.210157 0.379642 0.077139
v 0.192228 0.379642 0.076278
v 0.175334 0.379642 0.082344
v 0.162047 0.379642 0.094412
v 0.154390 0.379643 0.110647
v 0.153529 0.379643 0.128576
v 0.159594 0.379643 0.145470
v 0.171663 0.379642 0.158757
v 0.187898 0.379642 0.166414
v 0.214570 0.379642 0.165066
v 0.229953 0.379642 0.155823
v 0.240628 0.379642 0.141397
v 0.244970 0.379642 0.123983
v 0.242317 0.379642 0.106234
v 0.233074 0.379642 0.090851
v 0.218648 0.379642 0.080176
v 0.201234 0.379642 0.075834
v 0.183485 0.379642 0.078487
v 0.168102 0.379642 0.087730
v 0.157427 0.379643 0.102156
v 0.153085 0.379643 0.119570
v 0.155738 0.379643 0.137319
v 0.164981 0.379643 0.152702
v 0.179407 0.379642 0.163377
v 0.196821 0.379642 0.167719
v 0.206070 0.370974 0.149764
v 0.211395 0.370974 0.147852
v 0.216244 0.370974 0.144938
v 0.220432 0.370974 0.141134
v 0.223797 0.370974 0.136587
v 0.226211 0.370974 0.131469
v 0.227579 0.370974 0.125980
v 0.227851 0.370974 0.120329
v 0.227015 0.370974 0.114734
v 0.225103 0.370974 0.109409
v 0.222189 0.370974 0.104560
v 0.218385 0.370974 0.100372
v 0.213838 0.370974 0.097007
v 0.208720 0.370974 0.094593
v 0.203231 0.370974 0.093225
v 0.197580 0.370974 0.092953
v 0.191985 0.370974 0.093789
v 0.186660 0.370974 0.095701
v 0.181811 0.370974 0.098615
v 0.177623 0.370974 0.102419
v 0.174258 0.370974 0.106967
v 0.171844 0.370974 0.112084
v 0.170476 0.370974 0.117573
v 0.170204 0.370974 0.123224
v 0.171040 0.370974 0.128819
v 0.172952 0.370974 0.134144
v 0.175866 0.370974 0.138993
v 0.179670 0.370974 0.143182
v 0.184217 0.370974 0.146546
v 0.189335 0.370974 0.148960
v 0.194824 0.370974 0.150329
v 0.200475 0.370974 0.150600
v 0.210199 0.379642 0.166171
v 0.218646 0.379642 0.163138
v 0.226337 0.379642 0.158516
v 0.232981 0.379642 0.152482
v 0.238318 0.379642 0.145269
v 0.242146 0.379642 0.137151
v 0.244317 0.379642 0.128445
v 0.244748 0.379642 0.119480
v 0.243422 0.379642 0.110605
v 0.240389 0.379642 0.102159
v 0.235767 0.379642 0.094467
v 0.229733 0.379642 0.087824
v 0.222520 0.379642 0.082486
v 0.214402 0.379642 0.078658
v 0.205696 0.379642 0.076487
v 0.196731 0.379642 0.076056
v 0.187856 0.379642 0.077383
v 0.179409 0.379642 0.080415
v 0.171718 0.379642 0.085037
v 0.165074 0.379642 0.091071
v 0.159737 0.379643 0.098284
v 0.155908 0.379643 0.106402
v 0.153738 0.379643 0.115109
v 0.153307 0.379643 0.124073
v 0.154633 0.379643 0.132948
v 0.157666 0.379643 0.141395
v 0.162288 0.379643 0.149086
v 0.168322 0.379643 0.155730
v 0.175535 0.379642 0.161067
v 0.183653 0.379642 0.164896
v 0.192359 0.379642 0.167066
v 0.201324 0.379642 0.167497
v 0.211698 0.375308 0.157067
v 0.218343 0.375308 0.153923
v 0.224238 0.375308 0.149532
v 0.229174 0.375308 0.144084
v 0.232941 0.375308 0.137771
v 0.235416 0.375308 0.130849
v 0.236480 0.375308 0.123576
v 0.236119 0.375308 0.116233
v 0.234318 0.375308 0.109106
v 0.231174 0.375308 0.102461
v 0.226783 0.375308 0.096566
v 0.221335 0.375308 0.091630
v 0.215022 0.375308 0.087863
v 0.208100 0.375308 0.085388
v 0.200826 0.375308 0.084324
v 0.193484 0.375308 0.084686
v 0.186357 0.375308 0.086486
v 0.179712 0.375308 0.089630
v 0.173817 0.375308 0.094021
v 0.168880 0.375308 0.099469
v 0.165114 0.375308 0.105782
v 0.162639 0.375308 0.112704
v 0.161575 0.375308 0.119978
v 0.161936 0.375308 0.127320
v 0.163737 0.375308 0.134447
v 0.166881 0.375308 0.141092
v 0.171272 0.375308 0.146988
v 0.176720 0.375308 0.151924
v 0.183033 0.375308 0.155690
v 0.189955 0.375308 0.158166
v 0.197228 0.375308 0.159229
v 0.204571 0.375308 0.158868
v 0.208134 0.375308 0.157967
v 0.200900 0.375308 0.159048
v 0.193592 0.375308 0.158697
v 0.186494 0.375308 0.156928
v 0.179876 0.375308 0.153807
v 0.173996 0.375308 0.149456
v 0.169077 0.375308 0.144040
v 0.165309 0.375308 0.137770
v 0.162837 0.375308 0.130883
v 0.161756 0.375308 0.123649
v 0.162107 0.375308 0.116341
v 0.163876 0.375308 0.109243
v 0.166997 0.375308 0.102625
v 0.171348 0.375308 0.096745
v 0.176764 0.375308 0.091826
v 0.183035 0.375308 0.088058
v 0.189921 0.375308 0.085586
v 0.197155 0.375308 0.084505
v 0.204463 0.375308 0.084856
v 0.211561 0.375308 0.086625
v 0.218179 0.375308 0.089746
v 0.224059 0.375308 0.094098
v 0.228978 0.375308 0.099513
v 0.232746 0.375308 0.105784
v 0.235218 0.375308 0.112670
v 0.236299 0.375308 0.119904
v 0.235948 0.375308 0.127213
v 0.234179 0.375308 0.134310
v 0.231058 0.375308 0.140928
v 0.226706 0.375308 0.146808
v 0.221291 0.375308 0.151727
v 0.215020 0.375308 0.155495
v 0.207448 0.370974 0.149416
v 0.212680 0.370974 0.147244
v 0.217384 0.370974 0.144089
v 0.221387 0.370974 0.140081
v 0.224525 0.370974 0.135366
v 0.226689 0.370974 0.130131
v 0.227785 0.370974 0.124574
v 0.227781 0.370974 0.118909
v 0.226667 0.370974 0.113356
v 0.224495 0.370974 0.108124
v 0.221340 0.370974 0.103420
v 0.217332 0.370974 0.099417
v 0.212617 0.370974 0.096279
v 0.207382 0.370974 0.094115
v 0.201825 0.370974 0.093019
v 0.196160 0.370974 0.093023
v 0.190607 0.370974 0.094138
v 0.185375 0.370974 0.096309
v 0.180671 0.370974 0.099464
v 0.176668 0.370974 0.103472
v 0.173530 0.370974 0.108187
v 0.171365 0.370974 0.113422
v 0.170270 0.370974 0.118979
v 0.170274 0.370974 0.124644
v 0.171388 0.370974 0.130197
v 0.173560 0.370974 0.135429
v 0.176715 0.370974 0.140133
v 0.180723 0.370974 0.144136
v 0.185438 0.370974 0.147275
v 0.190673 0.370974 0.149439
v 0.196230 0.370974 0.150534
v 0.201895 0.370974 0.150530
v 0.212384 0.379642 0.165618
v 0.220683 0.379642 0.162174
v 0.228145 0.379642 0.157170
v 0.234494 0.379642 0.150811
v 0.239473 0.379642 0.143333
v 0.242906 0.379642 0.135029
v 0.244644 0.379642 0.126214
v 0.244637 0.379642 0.117228
v 0.242869 0.379642 0.108420
v 0.239425 0.379642 0.100121
v 0.234421 0.379642 0.092659
v 0.228062 0.379642 0.086310
v 0.220584 0.379642 0.081331
v 0.212280 0.379642 0.077898
v 0.203465 0.379642 0.076161
v 0.194479 0.379642 0.076167
v 0.185671 0.379642 0.077935
v 0.177372 0.379642 0.081379
v 0.169910 0.379642 0.086383
v 0.163561 0.379642 0.092742
v 0.158582 0.379643 0.100220
v 0.155149 0.379643 0.108525
v 0.153411 0.379643 0.117339
v 0.153418 0.379643 0.126325
v 0.155186 0.379643 0.135133
v 0.158630 0.379643 0.143433
v 0.163634 0.379643 0.150894
v 0.169993 0.379643 0.157243
v 0.177471 0.379642 0.162222
v 0.185775 0.379642 0.165655
v 0.194590 0.379642 0.167393
v 0.203576 0.379642 0.167386
v 0.213134 0.377475 0.161067
v 0.216154 0.373141 0.150280
v 0.221381 0.373141 0.146386
v 0.225758 0.373141 0.141556
v 0.229097 0.373141 0.135958
v 0.231292 0.373141 0.129821
v 0.232235 0.373141 0.123372
v 0.231915 0.373141 0.116862
v 0.230318 0.373141 0.110542
v 0.227530 0.373141 0.104650
v 0.223637 0.373141 0.099423
v 0.218807 0.373141 0.095046
v 0.213209 0.373141 0.091707
v 0.207072 0.373141 0.089512
v 0.200623 0.373141 0.088569
v 0.194112 0.373141 0.088889
v 0.187793 0.373141 0.090486
v 0.181901 0.373141 0.093274
v 0.176674 0.373141 0.097167
v 0.172297 0.373141 0.101997
v 0.168958 0.373141 0.107595
v 0.166763 0.373141 0.113732
v 0.165819 0.373141 0.120181
v 0.166140 0.373141 0.126692
v 0.167737 0.373141 0.133011
v 0.170524 0.373141 0.138903
v 0.174418 0.373141 0.144130
v 0.179248 0.373141 0.148507
v 0.184846 0.373141 0.151846
v 0.190983 0.373141 0.154041
v 0.197432 0.373141 0.154985
v 0.203942 0.373141 0.154664
v 0.204692 0.370974 0.150112
v 0.210111 0.370974 0.148460
v 0.215104 0.370974 0.145787
v 0.219478 0.370974 0.142187
v 0.223069 0.370974 0.137807
v 0.225732 0.370974 0.132807
v 0.227374 0.370974 0.127387
v 0.227921 0.370974 0.121748
v 0.227363 0.370974 0.116112
v 0.225711 0.370974 0.110694
v 0.223038 0.370974 0.105700
v 0.219438 0.370974 0.101326
v 0.215058 0.370974 0.097735
v 0.210058 0.370974 0.095072
v 0.204637 0.370974 0.093430
v 0.198999 0.370974 0.092883
v 0.193363 0.370974 0.093441
v 0.187944 0.370974 0.095093
v 0.182951 0.370974 0.097766
v 0.178577 0.370974 0.101366
v 0.174986 0.370974 0.105746
v 0.172323 0.370974 0.110746
v 0.170681 0.370974 0.116167
v 0.170134 0.370974 0.121805
v 0.170692 0.370974 0.127441
v 0.172344 0.370974 0.132860
v 0.175017 0.370974 0.137854
v 0.178617 0.370974 0.142227
v 0.182997 0.370974 0.145818
v 0.187997 0.370974 0.148481
v 0.193417 0.370974 0.150123
v 0.199056 0.370974 0.150670
v 0.208013 0.379642 0.166723
v 0.216608 0.379642 0.164102
v 0.224529 0.379642 0.159863
v 0.231467 0.379642 0.154153
v 0.237163 0.379642 0.147205
v 0.241387 0.379642 0.139274
v 0.243991 0.379642 0.130675
v 0.244859 0.379642 0.121732
v 0.243974 0.379642 0.112791
v 0.241353 0.379642 0.104196
v 0.237114 0.379642 0.096275
v 0.231403 0.379642 0.089337
v 0.224456 0.379642 0.083641
v 0.216525 0.379642 0.079417
v 0.207926 0.379642 0.076813
v 0.198983 0.379642 0.075945
v 0.190042 0.379642 0.076830
v 0.181447 0.379642 0.079451
v 0.173526 0.379642 0.083690
v 0.166588 0.379642 0.089401
v 0.160892 0.379643 0.096348
v 0.156668 0.379643 0.104279
v 0.154064 0.379643 0.112878
v 0.153196 0.379643 0.121821
v 0.154081 0.379643 0.130762
v 0.156702 0.379643 0.139357
v 0.160941 0.379643 0.147278
v 0.166652 0.379643 0.154216
v 0.173599 0.379642 0.159912
v 0.181530 0.379642 0.164136
v 0.190129 0.379642 0.166740
v 0.199072 0.379642 0.167608
v 0.210262 0.373141 0.153067
v 0.220532 0.377475 0.157566
v 0.227096 0.377475 0.152677
v 0.232591 0.377475 0.146613
v 0.236784 0.377475 0.139584
v 0.239541 0.377475 0.131878
v 0.240725 0.377475 0.123780
v 0.240322 0.377475 0.115605
v 0.238317 0.377475 0.107670
v 0.234817 0.377475 0.100272
v 0.229928 0.377475 0.093708
v 0.223863 0.377475 0.088213
v 0.216835 0.377475 0.084020
v 0.209129 0.377475 0.081263
v 0.201030 0.377475 0.080079
v 0.192856 0.377475 0.080482
v 0.184921 0.377475 0.082487
v 0.177523 0.377475 0.085987
v 0.170959 0.377475 0.090876
v 0.165464 0.377475 0.096941
v 0.161270 0.377475 0.103969
v 0.158514 0.377475 0.111676
v 0.157330 0.377475 0.119774
v 0.157733 0.377475 0.127948
v 0.159738 0.377475 0.135883
v 0.163238 0.377475 0.143281
v 0.168127 0.377475 0.149845
v 0.174192 0.377475 0.155340
v 0.181220 0.377475 0.159534
v 0.188926 0.377475 0.162290
v 0.197025 0.377475 0.163474
v 0.205199 0.377475 0.163071
v 0.207102 0.373141 0.153866
v 0.209166 0.377475 0.162069
v 0.206353 0.375308 0.158417
v 0.209916 0.375308 0.157517
v 0.200687 0.373141 0.154824
v 0.201112 0.377475 0.163273
v 0.199064 0.375308 0.159139
v 0.202735 0.375308 0.158958
v 0.194208 0.373141 0.154513
v 0.192975 0.377475 0.162882
v 0.191773 0.375308 0.158432
v 0.195410 0.375308 0.158963
v 0.187914 0.373141 0.152944
v 0.185073 0.377475 0.160912
v 0.184763 0.375308 0.156309
v 0.188224 0.375308 0.157547
v 0.182047 0.373141 0.150177
v 0.177706 0.377475 0.157437
v 0.178298 0.375308 0.152865
v 0.181455 0.375308 0.154748
v 0.176833 0.373141 0.146319
v 0.171159 0.377475 0.152593
v 0.172634 0.375308 0.148222
v 0.175358 0.375308 0.150690
v 0.172471 0.373141 0.141517
v 0.165682 0.377475 0.146563
v 0.167979 0.375308 0.142566
v 0.170175 0.375308 0.145514
v 0.169131 0.373141 0.135957
v 0.161488 0.377475 0.139582
v 0.164523 0.375308 0.136108
v 0.166095 0.375308 0.139431
v 0.166939 0.373141 0.129851
v 0.158735 0.377475 0.131916
v 0.162387 0.375308 0.129102
v 0.163287 0.375308 0.132665
v 0.165980 0.373141 0.123437
v 0.157531 0.377475 0.123861
v 0.161665 0.375308 0.121813
v 0.161846 0.375308 0.125484
v 0.166291 0.373141 0.116957
v 0.157922 0.377475 0.115725
v 0.162373 0.375308 0.114522
v 0.161841 0.375308 0.118159
v 0.167860 0.373141 0.110663
v 0.159892 0.377475 0.107822
v 0.164495 0.375308 0.107512
v 0.163257 0.375308 0.110973
v 0.170627 0.373141 0.104796
v 0.163367 0.377475 0.100455
v 0.167939 0.375308 0.101047
v 0.166056 0.375308 0.104204
v 0.174486 0.373141 0.099582
v 0.168211 0.377475 0.093908
v 0.172582 0.375308 0.095383
v 0.170114 0.375308 0.098107
v 0.179288 0.373141 0.095220
v 0.174241 0.377475 0.088431
v 0.178238 0.375308 0.090728
v 0.175290 0.375308 0.092924
v 0.184847 0.373141 0.091880
v 0.181222 0.377475 0.084237
v 0.184696 0.375308 0.087272
v 0.181373 0.375308 0.088844
v 0.190953 0.373141 0.089688
v 0.188888 0.377475 0.081484
v 0.191702 0.375308 0.085136
v 0.188139 0.375308 0.086036
v 0.197368 0.373141 0.088729
v 0.196943 0.377475 0.080280
v 0.198991 0.375308 0.084414
v 0.195320 0.375308 0.084595
v 0.203847 0.373141 0.089040
v 0.205079 0.377475 0.080671
v 0.206282 0.375308 0.085122
v 0.202645 0.375308 0.084590
v 0.210141 0.373141 0.090609
v 0.212982 0.377475 0.082642
v 0.213292 0.375308 0.087244
v 0.209831 0.375308 0.086007
v 0.216008 0.373141 0.093377
v 0.220349 0.377475 0.086116
v 0.219757 0.375308 0.090688
v 0.216600 0.375308 0.088805
v 0.221222 0.373141 0.097235
v 0.226896 0.377475 0.090961
v 0.225421 0.375308 0.095332
v 0.222697 0.375308 0.092864
v 0.225584 0.373141 0.102037
v 0.232373 0.377475 0.096990
v 0.230076 0.375308 0.100987
v 0.227880 0.375308 0.098040
v 0.228924 0.373141 0.107596
v 0.236567 0.377475 0.103971
v 0.233532 0.375308 0.107445
v 0.231960 0.375308 0.104122
v 0.231116 0.373141 0.113702
v 0.239320 0.377475 0.111638
v 0.235668 0.375308 0.114452
v 0.234768 0.375308 0.110888
v 0.232075 0.373141 0.120117
v 0.240524 0.377475 0.119692
v 0.236390 0.375308 0.121740
v 0.236209 0.375308 0.118069
v 0.231764 0.373141 0.126596
v 0.240133 0.377475 0.127829
v 0.235682 0.375308 0.129031
v 0.236214 0.375308 0.125394
v 0.230195 0.373141 0.132890
v 0.238163 0.377475 0.135731
v 0.233560 0.375308 0.136041
v 0.234798 0.375308 0.132580
v 0.227427 0.373141 0.138757
v 0.234688 0.377475 0.143098
v 0.230116 0.375308 0.142506
v 0.231999 0.375308 0.139349
v 0.223569 0.373141 0.143971
v 0.229844 0.377475 0.149645
v 0.225472 0.375308 0.148170
v 0.227940 0.375308 0.145446
v 0.218767 0.373141 0.148333
v 0.223814 0.377475 0.155122
v 0.219817 0.375308 0.152825
v 0.222765 0.375308 0.150630
v 0.213208 0.373141 0.151673
v 0.216833 0.377475 0.159316
v 0.213359 0.375308 0.156281
v 0.216682 0.375308 0.154709
v 0.218683 0.377475 0.158441
v 0.214983 0.377475 0.160191
v 0.211735 0.373141 0.152370
v 0.225455 0.377475 0.153900
v 0.222173 0.377475 0.156344
v 0.217461 0.373141 0.149306
v 0.231217 0.377475 0.148129
v 0.228470 0.377475 0.151161
v 0.222475 0.373141 0.145179
v 0.235736 0.377475 0.141341
v 0.233640 0.377475 0.144855
v 0.226593 0.373141 0.140157
v 0.238852 0.377475 0.133804
v 0.237474 0.377475 0.137657
v 0.229646 0.373141 0.134424
v 0.240429 0.377475 0.125804
v 0.239837 0.377475 0.129853
v 0.231528 0.373141 0.128209
v 0.240423 0.377475 0.117649
v 0.240624 0.377475 0.121736
v 0.232155 0.373141 0.121744
v 0.238819 0.377475 0.109654
v 0.239821 0.377475 0.113621
v 0.231516 0.373141 0.115282
v 0.235692 0.377475 0.102122
v 0.237442 0.377475 0.105821
v 0.229621 0.373141 0.109069
v 0.231151 0.377475 0.095349
v 0.233595 0.377475 0.098631
v 0.226557 0.373141 0.103343
v 0.225380 0.377475 0.089587
v 0.228412 0.377475 0.092334
v 0.222429 0.373141 0.098329
v 0.218592 0.377475 0.085068
v 0.222106 0.377475 0.087165
v 0.217407 0.373141 0.094211
v 0.211055 0.377475 0.081952
v 0.214908 0.377475 0.083331
v 0.211675 0.373141 0.091158
v 0.203055 0.377475 0.080375
v 0.207104 0.377475 0.080967
v 0.205460 0.373141 0.089276
v 0.194900 0.377475 0.080381
v 0.198987 0.377475 0.080180
v 0.198995 0.373141 0.088649
v 0.186905 0.377475 0.081985
v 0.190872 0.377475 0.080983
v 0.192533 0.373141 0.089289
v 0.179372 0.377475 0.085112
v 0.183071 0.377475 0.083362
v 0.186320 0.373141 0.091183
v 0.172600 0.377475 0.089654
v 0.175882 0.377475 0.087209
v 0.180594 0.373141 0.094247
v 0.166838 0.377475 0.095424
v 0.169585 0.377475 0.092392
v 0.175580 0.373141 0.098375
v 0.162319 0.377475 0.102212
v 0.164415 0.377475 0.098698
v 0.171462 0.373141 0.103397
v 0.159203 0.377475 0.109749
v 0.160581 0.377475 0.105896
v 0.168409 0.373141 0.109129
v 0.157626 0.377475 0.117749
v 0.158218 0.377475 0.113700
v 0.166527 0.373141 0.115344
v 0.157632 0.377475 0.125905
v 0.157431 0.377475 0.121817
v 0.165900 0.373141 0.121809
v 0.159236 0.377475 0.133899
v 0.158234 0.377475 0.129932
v 0.166539 0.373141 0.128271
v 0.162363 0.377475 0.141432
v 0.160613 0.377475 0.137733
v 0.168434 0.373141 0.134484
v 0.166904 0.377475 0.148204
v 0.164460 0.377475 0.144922
v 0.171498 0.373141 0.140210
v 0.172675 0.377475 0.153967
v 0.169643 0.377475 0.151219
v 0.175626 0.373141 0.145224
v 0.179463 0.377475 0.158485
v 0.175949 0.377475 0.156389
v 0.180647 0.373141 0.149342
v 0.187000 0.377475 0.161601
v 0.183147 0.377475 0.160223
v 0.186380 0.373141 0.152395
v 0.195000 0.377475 0.163178
v 0.190951 0.377475 0.162586
v 0.192595 0.373141 0.154277
v 0.203155 0.377475 0.163172
v 0.199068 0.377475 0.163373
v 0.199060 0.373141 0.154904
v 0.211150 0.377475 0.161568
v 0.207183 0.377475 0.162570
v 0.205522 0.373141 0.154265
v 0.208682 0.373141 0.153466
v 0.202315 0.373141 0.154744
v 0.195820 0.373141 0.154749
v 0.189449 0.373141 0.153493
v 0.183446 0.373141 0.151011
v 0.178041 0.373141 0.147413
v 0.173445 0.373141 0.142823
v 0.169828 0.373141 0.137430
v 0.167338 0.373141 0.131431
v 0.166060 0.373141 0.125064
v 0.166055 0.373141 0.118569
v 0.167311 0.373141 0.112198
v 0.169793 0.373141 0.106195
v 0.173391 0.373141 0.100790
v 0.177981 0.373141 0.096194
v 0.183374 0.373141 0.092577
v 0.189373 0.373141 0.090087
v 0.195740 0.373141 0.088809
v 0.202235 0.373141 0.088804
v 0.208606 0.373141 0.090061
v 0.214609 0.373141 0.092542
v 0.220014 0.373141 0.096140
v 0.224610 0.373141 0.100730
v 0.228227 0.373141 0.106123
v 0.230717 0.373141 0.112122
v 0.231995 0.373141 0.118489
v 0.232000 0.373141 0.124984
v 0.230743 0.373141 0.131355
v 0.228262 0.373141 0.137358
v 0.224664 0.373141 0.142764
v 0.220074 0.373141 0.147360
v 0.214681 0.373141 0.150977
v 0.205979 0.369922 0.149401
v 0.211235 0.369922 0.147514
v 0.216021 0.369922 0.144638
v 0.220155 0.369922 0.140883
v 0.223476 0.369922 0.136395
v 0.225858 0.369922 0.131344
v 0.227209 0.369922 0.125926
v 0.227477 0.369922 0.120348
v 0.226652 0.369922 0.114825
v 0.224765 0.369922 0.109569
v 0.221889 0.369922 0.104783
v 0.218134 0.369922 0.100649
v 0.213646 0.369922 0.097328
v 0.208595 0.369922 0.094946
v 0.203177 0.369922 0.093595
v 0.197598 0.369922 0.093327
v 0.192076 0.369922 0.094152
v 0.186820 0.369922 0.096039
v 0.182034 0.369922 0.098915
v 0.177900 0.369922 0.102670
v 0.174579 0.369922 0.107158
v 0.172196 0.369922 0.112210
v 0.170846 0.369922 0.117627
v 0.170578 0.369922 0.123206
v 0.171403 0.369922 0.128728
v 0.173290 0.369922 0.133984
v 0.176166 0.369922 0.138770
v 0.179921 0.369922 0.142904
v 0.184409 0.369922 0.146225
v 0.189460 0.369922 0.148608
v 0.194878 0.369922 0.149958
v 0.200456 0.369922 0.150226
v 0.211592 0.376383 0.171708
v 0.221092 0.376383 0.168297
v 0.229743 0.376383 0.163099
v 0.237215 0.376383 0.156312
v 0.243219 0.376383 0.148199
v 0.247524 0.376383 0.139069
v 0.249966 0.376383 0.129276
v 0.250450 0.376383 0.119194
v 0.248959 0.376383 0.109212
v 0.245548 0.376383 0.099712
v 0.240350 0.376383 0.091061
v 0.233563 0.376383 0.083589
v 0.225450 0.376383 0.077586
v 0.216320 0.376383 0.073280
v 0.206527 0.376383 0.070838
v 0.196445 0.376383 0.070354
v 0.186463 0.376383 0.071845
v 0.176963 0.376383 0.075257
v 0.168312 0.376383 0.080454
v 0.160840 0.376383 0.087242
v 0.154836 0.376383 0.095354
v 0.150531 0.376383 0.104484
v 0.148089 0.376383 0.114277
v 0.147605 0.376383 0.124360
v 0.149096 0.376383 0.134341
v 0.152507 0.376383 0.143842
v 0.157705 0.376383 0.152492
v 0.164492 0.376383 0.159964
v 0.172605 0.376383 0.165968
v 0.181735 0.376383 0.170274
v 0.191528 0.376383 0.172715
v 0.201610 0.376383 0.173199
v 0.204967 0.373152 0.161519
v 0.197100 0.373152 0.161907
v 0.189306 0.373152 0.160767
v 0.181889 0.373152 0.158114
v 0.175125 0.373152 0.154079
v 0.169288 0.373152 0.148790
v 0.164583 0.373152 0.142473
v 0.161214 0.373152 0.135353
v 0.159285 0.373152 0.127716
v 0.158897 0.373152 0.119849
v 0.160037 0.373152 0.112055
v 0.162690 0.373152 0.104639
v 0.166725 0.373152 0.097874
v 0.172014 0.373152 0.092037
v 0.178331 0.373152 0.087332
v 0.185451 0.373152 0.083964
v 0.193088 0.373152 0.082034
v 0.200955 0.373152 0.081647
v 0.208749 0.373152 0.082786
v 0.216165 0.373152 0.085439
v 0.222930 0.373152 0.089474
v 0.228767 0.373152 0.094763
v 0.233472 0.373152 0.101080
v 0.236841 0.373152 0.108200
v 0.238770 0.373152 0.115837
v 0.239158 0.373152 0.123704
v 0.238018 0.373152 0.131498
v 0.235365 0.373152 0.138915
v 0.231330 0.373152 0.145679
v 0.226041 0.373152 0.151516
v 0.219724 0.373152 0.156221
v 0.212604 0.373152 0.159590
v 0.208785 0.373152 0.160554
v 0.216164 0.373152 0.157905
v 0.222882 0.373152 0.153868
v 0.228685 0.373152 0.148597
v 0.233347 0.373152 0.142297
v 0.236691 0.373152 0.135206
v 0.238588 0.373152 0.127601
v 0.238964 0.373152 0.119771
v 0.237805 0.373152 0.112019
v 0.235156 0.373152 0.104640
v 0.231119 0.373152 0.097922
v 0.225848 0.373152 0.092119
v 0.219548 0.373152 0.087457
v 0.212457 0.373152 0.084113
v 0.204852 0.373152 0.082216
v 0.197022 0.373152 0.081840
v 0.189270 0.373152 0.082999
v 0.181891 0.373152 0.085648
v 0.175173 0.373152 0.089685
v 0.169370 0.373152 0.094956
v 0.164708 0.373152 0.101256
v 0.161363 0.373152 0.108347
v 0.159467 0.373152 0.115952
v 0.159091 0.373152 0.123783
v 0.160250 0.373152 0.131534
v 0.162899 0.373152 0.138913
v 0.166936 0.373152 0.145631
v 0.172207 0.373152 0.151434
v 0.178507 0.373152 0.156097
v 0.185598 0.373152 0.159441
v 0.193203 0.373152 0.161337
v 0.201033 0.373152 0.161713
v 0.207339 0.369922 0.149057
v 0.212503 0.369922 0.146914
v 0.217146 0.369922 0.143800
v 0.221097 0.369922 0.139844
v 0.224195 0.369922 0.135190
v 0.226331 0.369922 0.130023
v 0.227412 0.369922 0.124538
v 0.227408 0.369922 0.118947
v 0.226308 0.369922 0.113465
v 0.224165 0.369922 0.108301
v 0.221051 0.369922 0.103658
v 0.217095 0.369922 0.099707
v 0.212441 0.369922 0.096609
v 0.207274 0.369922 0.094473
v 0.201789 0.369922 0.093392
v 0.196197 0.369922 0.093396
v 0.190716 0.369922 0.094496
v 0.185552 0.369922 0.096639
v 0.180909 0.369922 0.099753
v 0.176958 0.369922 0.103710
v 0.173860 0.369922 0.108363
v 0.171724 0.369922 0.113530
v 0.170643 0.369922 0.119015
v 0.170647 0.369922 0.124607
v 0.171747 0.369922 0.130088
v 0.173890 0.369922 0.135252
v 0.177004 0.369922 0.139895
v 0.180960 0.369922 0.143846
v 0.185614 0.369922 0.146944
v 0.190781 0.369922 0.149080
v 0.196266 0.369922 0.150161
v 0.201858 0.369922 0.150157
v 0.214050 0.376383 0.171087
v 0.223384 0.376383 0.167212
v 0.231777 0.376383 0.161584
v 0.238918 0.376383 0.154433
v 0.244518 0.376383 0.146021
v 0.248378 0.376383 0.136682
v 0.250333 0.376383 0.126768
v 0.250326 0.376383 0.116661
v 0.248337 0.376383 0.106754
v 0.244463 0.376383 0.097420
v 0.238835 0.376383 0.089027
v 0.231684 0.376383 0.081886
v 0.223272 0.376383 0.076286
v 0.213932 0.376383 0.072426
v 0.204018 0.376383 0.070471
v 0.193912 0.376383 0.070478
v 0.184005 0.376383 0.072467
v 0.174671 0.376383 0.076341
v 0.166278 0.376383 0.081969
v 0.159137 0.376383 0.089120
v 0.153537 0.376383 0.097532
v 0.149677 0.376383 0.106872
v 0.147722 0.376383 0.116786
v 0.147729 0.376383 0.126892
v 0.149717 0.376383 0.136799
v 0.153592 0.376383 0.146134
v 0.159220 0.376383 0.154526
v 0.166371 0.376383 0.161667
v 0.174783 0.376383 0.167267
v 0.184123 0.376383 0.171127
v 0.194037 0.376383 0.173082
v 0.204143 0.376383 0.173075
v 0.205821 0.374768 0.167235
v 0.197377 0.371537 0.156136
v 0.190704 0.371537 0.155160
v 0.184354 0.371537 0.152889
v 0.178563 0.371537 0.149433
v 0.173565 0.371537 0.144905
v 0.169537 0.371537 0.139497
v 0.166652 0.371537 0.133400
v 0.165000 0.371537 0.126862
v 0.164669 0.371537 0.120126
v 0.165644 0.371537 0.113453
v 0.167916 0.371537 0.107103
v 0.171371 0.371537 0.101312
v 0.175899 0.371537 0.096314
v 0.181308 0.371537 0.092286
v 0.187404 0.371537 0.089401
v 0.193942 0.371537 0.087749
v 0.200678 0.371537 0.087418
v 0.207351 0.371537 0.088394
v 0.213701 0.371537 0.090665
v 0.219492 0.371537 0.094120
v 0.224490 0.371537 0.098648
v 0.228518 0.371537 0.104057
v 0.231403 0.371537 0.110153
v 0.233055 0.371537 0.116691
v 0.233386 0.371537 0.123427
v 0.232411 0.371537 0.130100
v 0.230139 0.371537 0.136450
v 0.226684 0.371537 0.142242
v 0.222156 0.371537 0.147239
v 0.216747 0.371537 0.151268
v 0.210651 0.371537 0.154152
v 0.204619 0.369922 0.149745
v 0.209967 0.369922 0.148114
v 0.214896 0.369922 0.145476
v 0.219213 0.369922 0.141923
v 0.222758 0.369922 0.137599
v 0.225386 0.369922 0.132665
v 0.227006 0.369922 0.127314
v 0.227546 0.369922 0.121749
v 0.226996 0.369922 0.116185
v 0.225365 0.369922 0.110837
v 0.222727 0.369922 0.105908
v 0.219174 0.369922 0.101591
v 0.214850 0.369922 0.098047
v 0.209915 0.369922 0.095418
v 0.204565 0.369922 0.093798
v 0.199000 0.369922 0.093258
v 0.193436 0.369922 0.093809
v 0.188088 0.369922 0.095439
v 0.183159 0.369922 0.098077
v 0.178842 0.369922 0.101631
v 0.175297 0.369922 0.105954
v 0.172669 0.369922 0.110889
v 0.171049 0.369922 0.116239
v 0.170509 0.369922 0.121805
v 0.171059 0.369922 0.127368
v 0.172690 0.369922 0.132716
v 0.175328 0.369922 0.137645
v 0.178881 0.369922 0.141962
v 0.183205 0.369922 0.145507
v 0.188140 0.369922 0.148135
v 0.193490 0.369922 0.149755
v 0.199055 0.369922 0.150295
v 0.209134 0.376383 0.172329
v 0.218801 0.376383 0.169381
v 0.227710 0.376383 0.164613
v 0.235513 0.376383 0.158191
v 0.241919 0.376383 0.150376
v 0.246671 0.376383 0.141456
v 0.249599 0.376383 0.131785
v 0.250575 0.376383 0.121726
v 0.249580 0.376383 0.111670
v 0.246632 0.376383 0.102004
v 0.241864 0.376383 0.093094
v 0.235442 0.376383 0.085291
v 0.227627 0.376383 0.078885
v 0.218707 0.376383 0.074134
v 0.209036 0.376383 0.071205
v 0.198977 0.376383 0.070229
v 0.188921 0.376383 0.071224
v 0.179254 0.376383 0.074172
v 0.170345 0.376383 0.078940
v 0.162542 0.376383 0.085363
v 0.156135 0.376383 0.093177
v 0.151384 0.376383 0.102097
v 0.148456 0.376383 0.111768
v 0.147480 0.376383 0.121827
v 0.148475 0.376383 0.131883
v 0.151423 0.376383 0.141550
v 0.156191 0.376383 0.150459
v 0.162613 0.376383 0.158262
v 0.170428 0.376383 0.164669
v 0.179348 0.376383 0.169420
v 0.189019 0.376383 0.172348
v 0.199078 0.376383 0.173324
v 0.204113 0.371537 0.155804
v 0.196823 0.374768 0.167678
v 0.187908 0.374768 0.166374
v 0.179425 0.374768 0.163340
v 0.171688 0.374768 0.158724
v 0.165011 0.374768 0.152675
v 0.159630 0.374768 0.145449
v 0.155777 0.374768 0.137305
v 0.153570 0.374768 0.128570
v 0.153126 0.374768 0.119572
v 0.154430 0.374768 0.110657
v 0.157464 0.374768 0.102174
v 0.162080 0.374768 0.094437
v 0.168129 0.374768 0.087760
v 0.175355 0.374768 0.082379
v 0.183499 0.374768 0.078526
v 0.192234 0.374768 0.076319
v 0.201232 0.374768 0.075875
v 0.210147 0.374768 0.077179
v 0.218630 0.374768 0.080213
v 0.226367 0.374768 0.084829
v 0.233044 0.374768 0.090879
v 0.238425 0.374768 0.098104
v 0.242278 0.374768 0.106248
v 0.244485 0.374768 0.114983
v 0.244929 0.374768 0.123981
v 0.243625 0.374768 0.132896
v 0.240591 0.374768 0.141379
v 0.235975 0.374768 0.149116
v 0.229925 0.374768 0.155793
v 0.222700 0.374768 0.161174
v 0.214556 0.374768 0.165028
v 0.207382 0.371537 0.154978
v 0.210189 0.374768 0.166131
v 0.210695 0.373152 0.160072
v 0.206876 0.373152 0.161037
v 0.213699 0.371537 0.152710
v 0.218628 0.374768 0.163101
v 0.217944 0.373152 0.157063
v 0.214384 0.373152 0.158747
v 0.219452 0.371537 0.149253
v 0.226313 0.374768 0.158484
v 0.224461 0.373152 0.152692
v 0.221303 0.373152 0.155045
v 0.224420 0.371537 0.144740
v 0.232950 0.374768 0.152455
v 0.230007 0.373152 0.147138
v 0.227363 0.373152 0.150057
v 0.228412 0.371537 0.139346
v 0.238283 0.374768 0.145248
v 0.234356 0.373152 0.140606
v 0.232338 0.373152 0.143988
v 0.231275 0.371537 0.133275
v 0.242108 0.374768 0.137138
v 0.237355 0.373152 0.133352
v 0.236028 0.373152 0.137060
v 0.232898 0.371537 0.126763
v 0.244277 0.374768 0.128439
v 0.238873 0.373152 0.125653
v 0.238303 0.373152 0.129550
v 0.233221 0.371537 0.120059
v 0.244707 0.374768 0.119482
v 0.238867 0.373152 0.117804
v 0.239061 0.373152 0.121737
v 0.232229 0.371537 0.113422
v 0.243382 0.374768 0.110615
v 0.237323 0.373152 0.110110
v 0.238288 0.373152 0.113928
v 0.229960 0.371537 0.107105
v 0.240352 0.374768 0.102176
v 0.234314 0.373152 0.102860
v 0.235998 0.373152 0.106420
v 0.226504 0.371537 0.101352
v 0.235734 0.374768 0.094491
v 0.229943 0.373152 0.096343
v 0.232296 0.373152 0.099501
v 0.221991 0.371537 0.096384
v 0.229705 0.374768 0.087854
v 0.224389 0.373152 0.090797
v 0.227308 0.373152 0.093441
v 0.216597 0.371537 0.092392
v 0.222499 0.374768 0.082521
v 0.217857 0.373152 0.086448
v 0.221239 0.373152 0.088466
v 0.210526 0.371537 0.089529
v 0.214389 0.374768 0.078696
v 0.210603 0.373152 0.083449
v 0.214311 0.373152 0.084776
v 0.204014 0.371537 0.087906
v 0.205690 0.374768 0.076527
v 0.202904 0.373152 0.081931
v 0.206800 0.373152 0.082501
v 0.197310 0.371537 0.087584
v 0.196733 0.374768 0.076097
v 0.195055 0.373152 0.081937
v 0.198988 0.373152 0.081743
v 0.190673 0.371537 0.088575
v 0.187866 0.374768 0.077422
v 0.187360 0.373152 0.083481
v 0.191179 0.373152 0.082516
v 0.184356 0.371537 0.090844
v 0.179427 0.374768 0.080452
v 0.180111 0.373152 0.086490
v 0.183671 0.373152 0.084806
v 0.178603 0.371537 0.094300
v 0.171742 0.374768 0.085070
v 0.173594 0.373152 0.090861
v 0.176752 0.373152 0.088509
v 0.173635 0.371537 0.098813
v 0.165105 0.374768 0.091099
v 0.168048 0.373152 0.096415
v 0.170692 0.373152 0.093497
v 0.169643 0.371537 0.104207
v 0.159772 0.374768 0.098305
v 0.163699 0.373152 0.102948
v 0.165716 0.373152 0.099565
v 0.166780 0.371537 0.110278
v 0.155947 0.374768 0.106416
v 0.160700 0.373152 0.110201
v 0.162027 0.373152 0.106493
v 0.165156 0.371537 0.116790
v 0.153778 0.374768 0.115114
v 0.159182 0.373152 0.117901
v 0.159752 0.373152 0.114004
v 0.164834 0.371537 0.123494
v 0.153348 0.374768 0.124071
v 0.159188 0.373152 0.125749
v 0.158994 0.373152 0.121816
v 0.165826 0.371537 0.130131
v 0.154673 0.374768 0.132938
v 0.160732 0.373152 0.133444
v 0.159767 0.373152 0.129625
v 0.168094 0.371537 0.136448
v 0.157703 0.374768 0.141377
v 0.163741 0.373152 0.140693
v 0.162057 0.373152 0.137133
v 0.171551 0.371537 0.142201
v 0.162320 0.374768 0.149062
v 0.168112 0.373152 0.147211
v 0.165759 0.373152 0.144052
v 0.176064 0.371537 0.147169
v 0.168350 0.374768 0.155699
v 0.173666 0.373152 0.152756
v 0.170747 0.373152 0.150112
v 0.181458 0.371537 0.151161
v 0.175556 0.374768 0.161032
v 0.180198 0.373152 0.157105
v 0.176816 0.373152 0.155088
v 0.187529 0.371537 0.154024
v 0.183666 0.374768 0.164857
v 0.187452 0.373152 0.160104
v 0.183744 0.373152 0.158777
v 0.194041 0.371537 0.155648
v 0.192365 0.374768 0.167026
v 0.195151 0.373152 0.161622
v 0.191255 0.373152 0.161052
v 0.200745 0.371537 0.155970
v 0.201322 0.374768 0.167456
v 0.203000 0.373152 0.161616
v 0.199067 0.373152 0.161810
v 0.199072 0.374768 0.167567
v 0.203572 0.374768 0.167345
v 0.202429 0.371537 0.155887
v 0.190137 0.374768 0.166700
v 0.194594 0.374768 0.167352
v 0.195709 0.371537 0.155892
v 0.181546 0.374768 0.164099
v 0.185787 0.374768 0.165616
v 0.189117 0.371537 0.154592
v 0.173622 0.374768 0.159878
v 0.177491 0.374768 0.162186
v 0.182906 0.371537 0.152025
v 0.166680 0.374768 0.154187
v 0.170019 0.374768 0.157212
v 0.177313 0.371537 0.148301
v 0.160975 0.374768 0.147256
v 0.163666 0.374768 0.150868
v 0.172558 0.371537 0.143553
v 0.156740 0.374768 0.139341
v 0.158666 0.374768 0.143413
v 0.168816 0.371537 0.137972
v 0.154121 0.374768 0.130754
v 0.155225 0.374768 0.135122
v 0.166239 0.371537 0.131766
v 0.153237 0.374768 0.121821
v 0.153459 0.374768 0.126321
v 0.164917 0.371537 0.125178
v 0.154104 0.374768 0.112886
v 0.153452 0.374768 0.117343
v 0.164913 0.371537 0.118458
v 0.156705 0.374768 0.104295
v 0.155188 0.374768 0.108536
v 0.166212 0.371537 0.111866
v 0.160926 0.374768 0.096371
v 0.158618 0.374768 0.100240
v 0.168779 0.371537 0.105655
v 0.166617 0.374768 0.089430
v 0.163592 0.374768 0.092768
v 0.172503 0.371537 0.100062
v 0.173549 0.374768 0.083724
v 0.169936 0.374768 0.086415
v 0.177251 0.371537 0.095307
v 0.181463 0.374768 0.079489
v 0.177391 0.374768 0.081415
v 0.182832 0.371537 0.091565
v 0.190050 0.374768 0.076870
v 0.185683 0.374768 0.077974
v 0.189038 0.371537 0.088988
v 0.198983 0.374768 0.075986
v 0.194483 0.374768 0.076208
v 0.195626 0.371537 0.087667
v 0.207918 0.374768 0.076853
v 0.203461 0.374768 0.076201
v 0.202346 0.371537 0.087662
v 0.216509 0.374768 0.079455
v 0.212268 0.374768 0.077938
v 0.208938 0.371537 0.088961
v 0.224433 0.374768 0.083675
v 0.220564 0.374768 0.081367
v 0.215149 0.371537 0.091528
v 0.231375 0.374768 0.089366
v 0.228036 0.374768 0.086341
v 0.220742 0.371537 0.095252
v 0.237080 0.374768 0.096298
v 0.234389 0.374768 0.092685
v 0.225497 0.371537 0.100000
v 0.241315 0.374768 0.104212
v 0.239389 0.374768 0.100140
v 0.229239 0.371537 0.105581
v 0.243934 0.374768 0.112799
v 0.242830 0.374768 0.108432
v 0.231816 0.371537 0.111787
v 0.244818 0.374768 0.121732
v 0.244596 0.374768 0.117233
v 0.233138 0.371537 0.118375
v 0.243951 0.374768 0.130667
v 0.244603 0.374768 0.126210
v 0.233142 0.371537 0.125095
v 0.241349 0.374768 0.139258
v 0.242866 0.374768 0.135017
v 0.231843 0.371537 0.131687
v 0.237129 0.374768 0.147182
v 0.239437 0.374768 0.143314
v 0.229276 0.371537 0.137898
v 0.231438 0.374768 0.154124
v 0.234463 0.374768 0.150785
v 0.225552 0.371537 0.143491
v 0.224506 0.374768 0.159829
v 0.228119 0.374768 0.157138
v 0.220804 0.371537 0.148246
v 0.216592 0.374768 0.164064
v 0.220664 0.374768 0.162138
v 0.215223 0.371537 0.151989
v 0.208005 0.374768 0.166683
v 0.212372 0.374768 0.165579
v 0.209017 0.371537 0.154565
v 0.205747 0.371537 0.155391
v 0.212175 0.371537 0.153431
v 0.218100 0.371537 0.150260
v 0.223288 0.371537 0.145990
v 0.227548 0.371537 0.140794
v 0.230707 0.371537 0.134862
v 0.232655 0.371537 0.128432
v 0.233303 0.371537 0.121743
v 0.232642 0.371537 0.115057
v 0.230682 0.371537 0.108629
v 0.227511 0.371537 0.102705
v 0.223241 0.371537 0.097516
v 0.218045 0.371537 0.093256
v 0.212113 0.371537 0.090097
v 0.205683 0.371537 0.088150
v 0.198994 0.371537 0.087501
v 0.192308 0.371537 0.088162
v 0.185880 0.371537 0.090123
v 0.179955 0.371537 0.093293
v 0.174767 0.371537 0.097564
v 0.170507 0.371537 0.102760
v 0.167348 0.371537 0.108691
v 0.165400 0.371537 0.115121
v 0.164751 0.371537 0.121810
v 0.165413 0.371537 0.128497
v 0.167373 0.371537 0.134924
v 0.170544 0.371537 0.140849
v 0.174814 0.371537 0.146037
v 0.180010 0.371537 0.150297
v 0.185942 0.371537 0.153456
v 0.192372 0.371537 0.155404
v 0.199061 0.371537 0.156053
v 0.206282 0.379642 0.170316
v 0.206675 0.376992 0.172950
v 0.206403 0.379513 0.171130
v 0.206513 0.379136 0.171864
v 0.206600 0.378550 0.172447
v 0.206656 0.377811 0.172821
v 0.225676 0.376992 0.166128
v 0.224305 0.379642 0.163845
v 0.225609 0.377811 0.166016
v 0.225414 0.378550 0.165692
v 0.225111 0.379136 0.165187
v 0.224729 0.379513 0.164551
v 0.240620 0.376992 0.152554
v 0.238480 0.379642 0.150970
v 0.240516 0.377811 0.152476
v 0.240212 0.378550 0.152251
v 0.239738 0.379136 0.151901
v 0.239141 0.379513 0.151459
v 0.249232 0.376992 0.134294
v 0.246648 0.379642 0.133650
v 0.249106 0.377811 0.134263
v 0.248739 0.378550 0.134171
v 0.248167 0.379136 0.134029
v 0.247447 0.379513 0.133849
v 0.250201 0.376992 0.114129
v 0.247567 0.379642 0.114522
v 0.250072 0.377811 0.114148
v 0.249698 0.378550 0.114204
v 0.249115 0.379136 0.114291
v 0.248381 0.379513 0.114401
v 0.243379 0.376992 0.095128
v 0.241096 0.379642 0.096499
v 0.243267 0.377811 0.095195
v 0.242943 0.378550 0.095390
v 0.242438 0.379136 0.095693
v 0.241801 0.379513 0.096075
v 0.229805 0.376992 0.080184
v 0.228221 0.379642 0.082324
v 0.229727 0.377811 0.080288
v 0.229502 0.378550 0.080593
v 0.229152 0.379136 0.081066
v 0.228710 0.379513 0.081663
v 0.211545 0.376992 0.071572
v 0.210901 0.379642 0.074156
v 0.211513 0.377811 0.071698
v 0.211422 0.378550 0.072065
v 0.211279 0.379136 0.072637
v 0.211100 0.379513 0.073357
v 0.191380 0.376992 0.070603
v 0.191773 0.379642 0.073237
v 0.191399 0.377811 0.070732
v 0.191455 0.378550 0.071106
v 0.191542 0.379136 0.071689
v 0.191652 0.379513 0.072423
v 0.172379 0.376992 0.077425
v 0.173750 0.379642 0.079708
v 0.172446 0.377811 0.077537
v 0.172641 0.378550 0.077861
v 0.172944 0.379136 0.078366
v 0.173326 0.379513 0.079003
v 0.157435 0.376992 0.090999
v 0.159575 0.379642 0.092583
v 0.157539 0.377811 0.091077
v 0.157843 0.378550 0.091302
v 0.158317 0.379136 0.091652
v 0.158914 0.379513 0.092094
v 0.148823 0.376993 0.109259
v 0.151407 0.379643 0.109903
v 0.148949 0.377812 0.109291
v 0.149316 0.378550 0.109382
v 0.149888 0.379137 0.109525
v 0.150608 0.379513 0.109704
v 0.147854 0.376993 0.129424
v 0.150488 0.379643 0.129031
v 0.147983 0.377812 0.129405
v 0.148357 0.378550 0.129349
v 0.148940 0.379137 0.129262
v 0.149674 0.379513 0.129152
v 0.154676 0.376993 0.148426
v 0.156959 0.379643 0.147054
v 0.154788 0.377812 0.148358
v 0.155112 0.378550 0.148164
v 0.155617 0.379137 0.147860
v 0.156253 0.379513 0.147478
v 0.168250 0.376992 0.163370
v 0.169834 0.379642 0.161229
v 0.168328 0.377811 0.163265
v 0.168553 0.378550 0.162961
v 0.168903 0.379136 0.162487
v 0.169345 0.379513 0.161890
v 0.186510 0.376992 0.171981
v 0.187154 0.379642 0.169397
v 0.186542 0.377811 0.171855
v 0.186633 0.378550 0.171488
v 0.186776 0.379136 0.170916
v 0.186955 0.379513 0.170196
v 0.216509 0.376992 0.170466
v 0.215609 0.379642 0.167960
v 0.216465 0.377811 0.170343
v 0.216337 0.378550 0.169987
v 0.216138 0.379136 0.169433
v 0.215887 0.379513 0.168734
v 0.233810 0.376992 0.160070
v 0.232020 0.379642 0.158099
v 0.233723 0.377811 0.159973
v 0.233468 0.378550 0.159693
v 0.233072 0.379136 0.159257
v 0.232573 0.379513 0.158708
v 0.245817 0.376992 0.143844
v 0.243409 0.379642 0.142708
v 0.245699 0.377811 0.143788
v 0.245357 0.378550 0.143627
v 0.244824 0.379136 0.143376
v 0.244153 0.379513 0.143059
v 0.250700 0.376992 0.124259
v 0.248040 0.379642 0.124131
v 0.250570 0.377811 0.124252
v 0.250192 0.378550 0.124234
v 0.249604 0.379136 0.124206
v 0.248862 0.379513 0.124170
v 0.247716 0.376992 0.104296
v 0.245210 0.379642 0.105195
v 0.247594 0.377811 0.104340
v 0.247238 0.378550 0.104467
v 0.246683 0.379136 0.104666
v 0.245985 0.379513 0.104917
v 0.237320 0.376992 0.086994
v 0.235350 0.379642 0.088784
v 0.237224 0.377811 0.087081
v 0.236944 0.378550 0.087336
v 0.236508 0.379136 0.087732
v 0.235959 0.379513 0.088231
v 0.221095 0.376992 0.074987
v 0.219959 0.379642 0.077396
v 0.221039 0.377811 0.075105
v 0.220878 0.378550 0.075447
v 0.220627 0.379136 0.075980
v 0.220310 0.379513 0.076651
v 0.201510 0.376992 0.070104
v 0.201382 0.379642 0.072764
v 0.201503 0.377811 0.070234
v 0.201485 0.378550 0.070612
v 0.201457 0.379136 0.071201
v 0.201421 0.379513 0.071942
v 0.181546 0.376992 0.073088
v 0.182446 0.379642 0.075594
v 0.181590 0.377811 0.073210
v 0.181718 0.378550 0.073566
v 0.181917 0.379136 0.074121
v 0.182168 0.379513 0.074819
v 0.164245 0.376992 0.083484
v 0.166035 0.379642 0.085455
v 0.164332 0.377811 0.083580
v 0.164587 0.378550 0.083860
v 0.164983 0.379136 0.084296
v 0.165482 0.379513 0.084845
v 0.152238 0.376993 0.099709
v 0.154646 0.379643 0.100845
v 0.152356 0.377811 0.099765
v 0.152698 0.378550 0.099926
v 0.153231 0.379136 0.100178
v 0.153902 0.379513 0.100494
v 0.147355 0.376993 0.119295
v 0.150015 0.379643 0.119422
v 0.147485 0.377811 0.119301
v 0.147863 0.378550 0.119319
v 0.148451 0.379136 0.119347
v 0.149193 0.379513 0.119383
v 0.150339 0.376993 0.139258
v 0.152845 0.379643 0.138358
v 0.150461 0.377811 0.139214
v 0.150817 0.378550 0.139086
v 0.151372 0.379136 0.138887
v 0.152070 0.379513 0.138636
v 0.160735 0.376993 0.156559
v 0.162705 0.379643 0.154769
v 0.160831 0.377811 0.156472
v 0.161111 0.378550 0.156218
v 0.161547 0.379136 0.155821
v 0.162096 0.379513 0.155322
v 0.176960 0.376992 0.168566
v 0.178096 0.379642 0.166158
v 0.177016 0.377811 0.168448
v 0.177177 0.378550 0.168106
v 0.177428 0.379136 0.167573
v 0.177745 0.379513 0.166902
v 0.196545 0.376992 0.173449
v 0.196673 0.379642 0.170789
v 0.196552 0.377811 0.173319
v 0.196570 0.378550 0.172941
v 0.196598 0.379136 0.172353
v 0.196634 0.379513 0.171611
vn 0.1448 -0.2003 0.9690
vn 0.1395 -0.3309 0.9333
vn 0.3188 -0.3310 0.8881
vn 0.3311 -0.2003 0.9221
vn 0.2399 -0.2019 0.9496
vn 0.1362 -0.3890 0.9111
vn 0.2258 -0.3876 0.8937
vn 0.3113 -0.3890 0.8671
vn 0.4744 -0.3892 0.7896
vn 0.4860 -0.3308 0.8089
vn 0.3942 -0.3878 0.8332
vn 0.5046 -0.2003 0.8398
vn 0.4189 -0.2019 0.8853
vn 0.1299 -0.4776 0.8689
vn 0.2970 -0.4773 0.8270
vn 0.2969 -0.4773 0.8271
vn 0.2154 -0.4755 0.8529
vn 0.4526 -0.4772 0.7532
vn 0.3763 -0.4756 0.7951
vn 0.6345 -0.3307 0.6986
vn 0.6587 -0.2003 0.7252
vn 0.5851 -0.2019 0.7855
vn 0.5507 -0.3875 0.7393
vn 0.6194 -0.3890 0.6819
vn 0.7405 -0.3891 0.5479
vn 0.7586 -0.3307 0.5614
vn 0.6832 -0.3875 0.6190
vn 0.7876 -0.2003 0.5828
vn 0.7257 -0.2019 0.6577
vn 0.7258 -0.2019 0.6577
vn 0.5908 -0.4773 0.6504
vn 0.5254 -0.4758 0.7054
vn 0.7063 -0.4775 0.5226
vn 0.6518 -0.4758 0.5906
vn 0.8536 -0.3307 0.4025
vn 0.8861 -0.2003 0.4179
vn 0.8411 -0.2019 0.5018
vn 0.7916 -0.3877 0.4723
vn 0.8332 -0.3890 0.3930
vn 0.8938 -0.3891 0.2229
vn 0.9156 -0.3309 0.2283
vn 0.8680 -0.3876 0.3105
vn 0.9506 -0.2003 0.2370
vn 0.9222 -0.2019 0.3298
vn 0.7949 -0.4771 0.3749
vn 0.7947 -0.4774 0.3748
vn 0.7553 -0.4758 0.4507
vn 0.8526 -0.4774 0.2126
vn 0.8282 -0.4758 0.2962
vn 0.9426 -0.3308 0.0453
vn 0.9786 -0.2003 0.0470
vn 0.9691 -0.2019 0.1417
vn 0.9122 -0.3875 0.1334
vn 0.9202 -0.3890 0.0442
vn 0.9111 -0.3890 -0.1362
vn 0.9333 -0.3308 -0.1395
vn 0.9207 -0.3875 -0.0454
vn 0.9690 -0.2003 -0.1448
vn 0.9782 -0.2019 -0.0482
vn 0.8776 -0.4775 0.0422
vn 0.8777 -0.4773 0.0422
vn 0.8703 -0.4757 0.1273
vn 0.8691 -0.4773 -0.1298
vn 0.8691 -0.4773 -0.1299
vn 0.8787 -0.4754 -0.0433
vn 0.8882 -0.3309 -0.3189
vn 0.9221 -0.2003 -0.3311
vn 0.9496 -0.2019 -0.2399
vn 0.8938 -0.3876 -0.2258
vn 0.8670 -0.3892 -0.3112
vn 0.7896 -0.3891 -0.4744
vn 0.8089 -0.3307 -0.4860
vn 0.8332 -0.3877 -0.3942
vn 0.8398 -0.2003 -0.5046
vn 0.8853 -0.2019 -0.4189
vn 0.8269 -0.4775 -0.2968
vn 0.8269 -0.4775 -0.2969
vn 0.8528 -0.4757 -0.2154
vn 0.7531 -0.4775 -0.4526
vn 0.7950 -0.4759 -0.3762
vn 0.6986 -0.3307 -0.6345
vn 0.7252 -0.2003 -0.6587
vn 0.7855 -0.2019 -0.5850
vn 0.7393 -0.3875 -0.5507
vn 0.6819 -0.3891 -0.6194
vn 0.5479 -0.3893 -0.7405
vn 0.5613 -0.3309 -0.7586
vn 0.6191 -0.3874 -0.6831
vn 0.5828 -0.2003 -0.7876
vn 0.6577 -0.2019 -0.7258
vn 0.6504 -0.4774 -0.5907
vn 0.6504 -0.4774 -0.5908
vn 0.7055 -0.4756 -0.5255
vn 0.5226 -0.4775 -0.7063
vn 0.5227 -0.4775 -0.7063
vn 0.5907 -0.4754 -0.6520
vn 0.4026 -0.3310 -0.8535
vn 0.4179 -0.2003 -0.8861
vn 0.5018 -0.2019 -0.8411
vn 0.4723 -0.3874 -0.7917
vn 0.3929 -0.3891 -0.8332
vn 0.2229 -0.3892 -0.8938
vn 0.2282 -0.3310 -0.9156
vn 0.3105 -0.3874 -0.8680
vn 0.2370 -0.2003 -0.9506
vn 0.3298 -0.2019 -0.9222
vn 0.3749 -0.4771 -0.7949
vn 0.4507 -0.4755 -0.7555
vn 0.2125 -0.4775 -0.8525
vn 0.2125 -0.4774 -0.8526
vn 0.2962 -0.4757 -0.8282
vn 0.0453 -0.3308 -0.9426
vn 0.0470 -0.2003 -0.9786
vn 0.1417 -0.2019 -0.9691
vn 0.1334 -0.3875 -0.9122
vn 0.0442 -0.3889 -0.9202
vn -0.1362 -0.3892 -0.9110
vn -0.1394 -0.3311 -0.9332
vn -0.0454 -0.3876 -0.9207
vn -0.1448 -0.2003 -0.9690
vn -0.0482 -0.2019 -0.9782
vn 0.0422 -0.4774 -0.8777
vn 0.0422 -0.4773 -0.8777
vn 0.1273 -0.4755 -0.8704
vn -0.1299 -0.4776 -0.8689
vn -0.0433 -0.4754 -0.8787
vn -0.3188 -0.3309 -0.8882
vn -0.3311 -0.2003 -0.9221
vn -0.2399 -0.2019 -0.9496
vn -0.2258 -0.3875 -0.8938
vn -0.3112 -0.3894 -0.8669
vn -0.4745 -0.3892 -0.7896
vn -0.4860 -0.3308 -0.8089
vn -0.3942 -0.3878 -0.8332
vn -0.5046 -0.2003 -0.8398
vn -0.4189 -0.2019 -0.8853
vn -0.2970 -0.4772 -0.8271
vn -0.2969 -0.4772 -0.8271
vn -0.2155 -0.4756 -0.8529
vn -0.4525 -0.4775 -0.7531
vn -0.3763 -0.4756 -0.7951
vn -0.6345 -0.3309 -0.6985
vn -0.6587 -0.2003 -0.7252
vn -0.5850 -0.2019 -0.7855
vn -0.5507 -0.3876 -0.7393
vn -0.6194 -0.3890 -0.6819
vn -0.7405 -0.3891 -0.5480
vn -0.7586 -0.3309 -0.5613
vn -0.6830 -0.3879 -0.6189
vn -0.7876 -0.2003 -0.5828
vn -0.7258 -0.2019 -0.6576
vn -0.5908 -0.4773 -0.6504
vn -0.5254 -0.4757 -0.7054
vn -0.7064 -0.4772 -0.5227
vn -0.7063 -0.4776 -0.5225
vn -0.6519 -0.4756 -0.5906
vn -0.8535 -0.3308 -0.4026
vn -0.8861 -0.2002 -0.4179
vn -0.8411 -0.2019 -0.5018
vn -0.7917 -0.3874 -0.4723
vn -0.8332 -0.3890 -0.3930
vn -0.8938 -0.3892 -0.2229
vn -0.9156 -0.3310 -0.2282
vn -0.8680 -0.3875 -0.3105
vn -0.9506 -0.2003 -0.2370
vn -0.9222 -0.2019 -0.3298
vn -0.7948 -0.4773 -0.3749
vn -0.7948 -0.4773 -0.3748
vn -0.7554 -0.4758 -0.4506
vn -0.8525 -0.4775 -0.2126
vn -0.8526 -0.4774 -0.2126
vn -0.8282 -0.4758 -0.2962
vn -0.9426 -0.3308 -0.0453
vn -0.9786 -0.2002 -0.0470
vn -0.9691 -0.2018 -0.1417
vn -0.9122 -0.3875 -0.1334
vn -0.9202 -0.3890 -0.0442
vn -0.9111 -0.3890 0.1362
vn -0.9333 -0.3308 0.1395
vn -0.9207 -0.3876 0.0454
vn -0.9690 -0.2003 0.1448
vn -0.9782 -0.2019 0.0482
vn -0.8777 -0.4774 -0.0422
vn -0.8776 -0.4775 -0.0422
vn -0.8704 -0.4756 -0.1273
vn -0.8691 -0.4773 0.1298
vn -0.8689 -0.4776 0.1299
vn -0.8786 -0.4757 0.0433
vn -0.8882 -0.3309 0.3188
vn -0.9221 -0.2002 0.3311
vn -0.9496 -0.2018 0.2399
vn -0.8937 -0.3876 0.2258
vn -0.8670 -0.3893 0.3112
vn -0.7896 -0.3892 0.4745
vn -0.8089 -0.3309 0.4860
vn -0.8333 -0.3873 0.3944
vn -0.8398 -0.2003 0.5046
vn -0.8853 -0.2020 0.4188
vn -0.8853 -0.2019 0.4188
vn -0.8270 -0.4773 0.2970
vn -0.8270 -0.4773 0.2969
vn -0.8529 -0.4756 0.2154
vn -0.7532 -0.4772 0.4526
vn -0.7951 -0.4756 0.3763
vn -0.6985 -0.3309 0.6345
vn -0.7252 -0.2002 0.6588
vn -0.7855 -0.2018 0.5851
vn -0.7393 -0.3876 0.5507
vn -0.6819 -0.3890 0.6194
vn -0.5479 -0.3894 0.7404
vn -0.5613 -0.3310 0.7586
vn -0.6191 -0.3874 0.6831
vn -0.5828 -0.2003 0.7876
vn -0.6576 -0.2019 0.7258
vn -0.6504 -0.4774 0.5908
vn -0.7055 -0.4757 0.5254
vn -0.5226 -0.4774 0.7063
vn -0.5227 -0.4774 0.7063
vn -0.5907 -0.4754 0.6520
vn -0.4025 -0.3309 0.8535
vn -0.4180 -0.2003 0.8861
vn -0.5018 -0.2019 0.8411
vn -0.4723 -0.3877 0.7916
vn -0.3930 -0.3891 0.8332
vn -0.2229 -0.3892 0.8938
vn -0.2283 -0.3311 0.9156
vn -0.3105 -0.3875 0.8680
vn -0.2370 -0.2003 0.9506
vn -0.3298 -0.2019 0.9222
vn -0.3748 -0.4774 0.7947
vn -0.3748 -0.4774 0.7948
vn -0.4506 -0.4758 0.7554
vn -0.2126 -0.4774 0.8526
vn -0.2962 -0.4757 0.8282
vn -0.0453 -0.3308 0.9426
vn -0.0470 -0.2003 0.9786
vn -0.1417 -0.2019 0.9691
vn -0.1334 -0.3875 0.9122
vn -0.0442 -0.3890 0.9202
vn 0.0454 -0.3877 0.9207
vn 0.0482 -0.2019 0.9782
vn -0.0422 -0.4774 0.8777
vn -0.0422 -0.4773 0.8777
vn -0.1273 -0.4755 0.8704
vn 0.0433 -0.4758 0.8785
vn -0.0280 0.9966 -0.0779
vn -0.0425 0.9966 -0.0707
vn 0.1480 0.9740 0.1713
vn 0.1462 0.9708 0.1900
vn 0.1462 0.9709 0.1900
vn 0.1461 0.9709 0.1900
vn 0.0614 0.9833 0.1711
vn 0.0664 0.9966 0.0491
vn 0.0749 0.9966 0.0354
vn -0.2184 0.9740 -0.0603
vn -0.2272 0.9709 -0.0763
vn -0.2272 0.9708 -0.0763
vn -0.1459 0.9834 -0.1080
vn -0.0557 0.9966 -0.0613
vn 0.1787 0.9740 0.1393
vn 0.1807 0.9708 0.1575
vn 0.0804 0.9966 0.0201
vn -0.2257 0.9740 -0.0165
vn -0.2377 0.9708 -0.0310
vn 0.4824 -0.5611 0.6727
vn 0.6388 -0.5290 0.5586
vn 0.6486 -0.5252 0.5509
vn 0.6582 -0.5213 0.5432
vn 0.3317 -0.1910 0.9238
vn 0.3369 0.0784 0.9383
vn 0.1473 0.0784 0.9860
vn -0.0665 0.9966 -0.0492
vn 0.2023 0.9740 0.1016
vn 0.2078 0.9708 0.1196
vn 0.2077 0.9708 0.1196
vn 0.0823 0.9966 0.0040
vn -0.2249 0.9740 0.0279
vn -0.2391 0.9709 0.0164
vn -0.2392 0.9708 0.0164
vn -0.2391 0.9708 0.0164
vn -0.0750 0.9966 -0.0354
vn 0.2185 0.9740 0.0603
vn 0.2272 0.9708 0.0763
vn 0.2272 0.9708 0.0764
vn 0.0816 0.9966 -0.0122
vn -0.2149 0.9740 0.0712
vn -0.2314 0.9709 0.0623
vn -0.2315 0.9708 0.0623
vn -0.0807 0.9965 -0.0201
vn 0.2258 0.9740 0.0165
vn 0.2378 0.9708 0.0310
vn 0.2378 0.9708 0.0311
vn 0.0781 0.9966 -0.0280
vn -0.1971 0.9740 0.1118
vn -0.2147 0.9708 0.1067
vn -0.2146 0.9709 0.1067
vn -0.0830 0.9965 -0.0040
vn 0.2249 0.9740 -0.0279
vn 0.2392 0.9708 -0.0164
vn 0.0708 0.9966 -0.0425
vn -0.1713 0.9741 0.1480
vn -0.1900 0.9709 0.1461
vn -0.1900 0.9709 0.1462
vn -0.1899 0.9709 0.1462
vn -0.0817 0.9966 0.0123
vn 0.2150 0.9740 -0.0712
vn 0.2315 0.9708 -0.0623
vn 0.0613 0.9966 -0.0557
vn -0.1393 0.9740 0.1787
vn -0.1575 0.9708 0.1807
vn -0.1575 0.9709 0.1807
vn -0.0778 0.9966 0.0279
vn 0.1972 0.9740 -0.1118
vn 0.2147 0.9708 -0.1067
vn 0.0494 0.9965 -0.0668
vn -0.1016 0.9740 0.2023
vn -0.1196 0.9708 0.2077
vn -0.0712 0.9965 0.0428
vn 0.1713 0.9740 -0.1480
vn 0.1901 0.9708 -0.1461
vn 0.0354 0.9965 -0.0751
vn -0.0603 0.9740 0.2184
vn -0.0763 0.9709 0.2272
vn -0.0614 0.9966 0.0558
vn 0.1394 0.9740 -0.1787
vn 0.1576 0.9708 -0.1807
vn 0.0201 0.9966 -0.0805
vn -0.0165 0.9740 0.2258
vn -0.0310 0.9708 0.2377
vn -0.0310 0.9709 0.2377
vn -0.0492 0.9966 0.0665
vn 0.1016 0.9740 -0.2023
vn 0.1197 0.9708 -0.2077
vn 0.1196 0.9708 -0.2078
vn 0.0040 0.9966 -0.0823
vn 0.0279 0.9740 0.2248
vn 0.0164 0.9708 0.2392
vn 0.0164 0.9708 0.2391
vn -0.0040 0.9966 0.0824
vn 0.0123 0.9966 0.0820
vn -0.0712 0.9740 -0.2149
vn -0.0623 0.9709 -0.2314
vn -0.0623 0.9708 -0.2315
vn 0.0087 0.9833 -0.1816
vn -0.0354 0.9966 0.0749
vn 0.0603 0.9740 -0.2184
vn 0.0764 0.9709 -0.2272
vn -0.0123 0.9965 -0.0821
vn 0.0712 0.9740 0.2149
vn 0.0623 0.9709 0.2314
vn 0.0425 0.9966 0.0707
vn 0.0557 0.9966 0.0613
vn -0.1787 0.9740 -0.1393
vn -0.1807 0.9708 -0.1575
vn -0.1807 0.9709 -0.1575
vn -0.0935 0.9834 -0.1556
vn -0.0201 0.9965 0.0806
vn 0.0165 0.9740 -0.2257
vn 0.0310 0.9709 -0.2377
vn 0.0310 0.9708 -0.2377
vn 0.1067 0.9708 0.2147
vn 0.1066 0.9709 0.2147
vn -0.2078 0.9708 -0.1196
vn -0.0164 0.9708 -0.2391
vn -0.0164 0.9708 -0.2392
vn 0.8168 -0.5610 0.1346
vn 0.8434 -0.5364 -0.0322
vn 0.8434 -0.5364 -0.0325
vn 0.8787 -0.2370 0.4144
vn 0.9017 0.0783 0.4253
vn 0.8014 0.0784 0.5930
vn 0.0280 0.9966 0.0779
vn -0.1462 0.9709 -0.1900
vn -0.1461 0.9709 -0.1900
vn -0.0614 0.9833 -0.1711
vn -0.7313 -0.5520 -0.4005
vn -0.8070 -0.5270 -0.2665
vn -0.8010 -0.5307 -0.2770
vn -0.7948 -0.5344 -0.2876
vn -0.6532 -0.2370 -0.7191
vn -0.6703 0.0783 -0.7380
vn -0.5135 0.0783 -0.8545
vn 0.8197 -0.5291 -0.2193
vn 0.8188 -0.5254 -0.2314
vn 0.8178 -0.5215 -0.2434
vn 0.9524 -0.1910 0.2375
vn 0.9673 0.0782 0.2412
vn -0.8413 -0.5290 -0.1112
vn -0.8451 -0.5252 -0.0996
vn -0.8487 -0.5215 -0.0882
vn -0.7890 -0.1911 -0.5839
vn -0.8013 0.0784 -0.5930
vn 0.7590 -0.5272 -0.3822
vn 0.7621 -0.5308 -0.3706
vn 0.7653 -0.5345 -0.3588
vn 0.9704 -0.2369 0.0466
vn 0.9958 0.0783 0.0479
vn -0.8475 -0.5270 0.0626
vn -0.8460 -0.5308 0.0506
vn -0.8444 -0.5344 0.0386
vn -0.8787 -0.2371 -0.4144
vn -0.9017 0.0785 -0.4253
vn 0.6841 -0.5364 -0.4942
vn 0.6842 -0.5364 -0.4941
vn 0.6843 -0.5365 -0.4939
vn 0.9609 -0.2369 -0.1436
vn 0.9860 0.0784 -0.1474
vn -0.8211 -0.5366 0.1945
vn -0.8212 -0.5366 0.1944
vn -0.8212 -0.5366 0.1942
vn -0.9426 -0.2371 -0.2350
vn -0.9673 0.0783 -0.2412
vn 0.5737 -0.5362 -0.6192
vn 0.5735 -0.5363 -0.6193
vn 0.5734 -0.5362 -0.6194
vn 0.9144 -0.2369 -0.3283
vn 0.9383 0.0784 -0.3369
vn -0.7669 -0.5364 0.3524
vn -0.7668 -0.5363 0.3528
vn -0.7667 -0.5363 0.3529
vn -0.9704 -0.2368 -0.0466
vn -0.9958 0.0783 -0.0478
vn 0.4248 -0.5289 -0.7347
vn 0.4154 -0.5252 -0.7427
vn 0.4062 -0.5214 -0.7504
vn 0.8414 -0.1911 -0.5055
vn 0.8545 0.0784 -0.5134
vn -0.6734 -0.5291 0.5164
vn -0.6679 -0.5253 0.5272
vn -0.6623 -0.5216 0.5379
vn -0.9708 -0.1910 0.1451
vn -0.9860 0.0785 0.1474
vn 0.2665 -0.5270 -0.8070
vn 0.2769 -0.5307 -0.8011
vn 0.2875 -0.5344 -0.7948
vn 0.7191 -0.2370 -0.6532
vn 0.7379 0.0785 -0.6703
vn -0.5550 -0.5270 0.6436
vn -0.5623 -0.5306 0.6342
vn -0.5697 -0.5343 0.6244
vn -0.9144 -0.2369 0.3283
vn -0.9383 0.0786 0.3369
vn 0.1113 -0.5288 -0.8414
vn 0.0997 -0.5250 -0.8452
vn 0.0882 -0.5213 -0.8488
vn 0.5839 -0.1910 -0.7891
vn 0.5930 0.0784 -0.8013
vn -0.4430 -0.5362 0.7185
vn -0.4430 -0.5363 0.7184
vn -0.4433 -0.5364 0.7182
vn -0.8328 -0.2368 0.5004
vn -0.8545 0.0785 0.5135
vn -0.0627 -0.5273 -0.8474
vn -0.0508 -0.5309 -0.8459
vn -0.0386 -0.5346 -0.8442
vn 0.4144 -0.2370 -0.8787
vn 0.4253 0.0786 -0.9016
vn -0.2929 -0.5363 0.7916
vn -0.2927 -0.5362 0.7917
vn -0.2926 -0.5363 0.7917
vn -0.7192 -0.2369 0.6532
vn -0.7379 0.0785 0.6703
vn -0.2193 -0.5294 -0.8196
vn -0.2314 -0.5255 -0.8187
vn -0.2434 -0.5217 -0.8177
vn 0.2375 -0.1911 -0.9524
vn 0.2412 0.0782 -0.9673
vn 0.3422 -0.5610 0.7538
vn 0.4942 -0.5364 0.6841
vn 0.4941 -0.5364 0.6842
vn 0.4940 -0.5365 0.6842
vn -0.0479 0.0783 0.9958
vn -0.1111 -0.5290 0.8413
vn -0.0995 -0.5252 0.8451
vn -0.0882 -0.5214 0.8488
vn -0.5839 -0.1910 0.7890
vn -0.5930 0.0785 0.8013
vn -0.3822 -0.5272 -0.7589
vn -0.3706 -0.5309 -0.7621
vn -0.3587 -0.5346 -0.7652
vn 0.0466 -0.2370 -0.9704
vn 0.0479 0.0783 -0.9958
vn 0.7387 -0.5273 0.4198
vn 0.7306 -0.5311 0.4291
vn 0.7222 -0.5348 0.4385
vn 0.5004 -0.2369 0.8327
vn 0.5135 0.0784 0.8545
vn 0.0629 -0.5273 0.8474
vn 0.0508 -0.5310 0.8459
vn 0.0387 -0.5346 0.8442
vn -0.4144 -0.2369 0.8787
vn -0.4254 0.0781 0.9016
vn -0.4941 -0.5365 -0.6842
vn -0.4940 -0.5365 -0.6842
vn -0.4939 -0.5365 -0.6843
vn -0.1436 -0.2369 -0.9609
vn -0.1474 0.0783 -0.9860
vn 0.8039 -0.5291 0.2716
vn 0.8101 -0.5252 0.2607
vn 0.8160 -0.5213 0.2499
vn 0.6600 -0.1910 0.7266
vn 0.6703 0.0785 0.7380
vn 0.2193 -0.5290 0.8198
vn 0.2315 -0.5253 0.8188
vn 0.2435 -0.5215 0.8178
vn -0.2375 -0.1909 0.9524
vn -0.2412 0.0784 0.9673
vn -0.6191 -0.5363 -0.5736
vn -0.6193 -0.5363 -0.5734
vn -0.3283 -0.2370 -0.9144
vn -0.3369 0.0783 -0.9383
vn 0.8433 -0.5271 0.1053
vn 0.8394 -0.5308 0.1170
vn 0.8353 -0.5345 0.1289
vn 0.3823 -0.5272 0.7589
vn 0.3707 -0.5309 0.7621
vn 0.3588 -0.5345 0.7652
vn -0.7346 -0.5292 -0.4246
vn -0.7425 -0.5254 -0.4154
vn -0.7503 -0.5216 -0.4061
vn -0.1288 0.8876 -0.4422
vn -0.2662 0.8561 -0.4430
vn -0.2661 0.8562 -0.4428
vn -0.2222 0.8545 -0.4696
vn -0.2134 0.8876 -0.4081
vn -0.3476 0.8560 -0.3826
vn -0.3474 0.8562 -0.3824
vn -0.3103 0.8545 -0.4166
vn -0.2882 0.8876 -0.3592
vn -0.4155 0.8561 -0.3074
vn -0.4152 0.8563 -0.3073
vn -0.3850 0.8545 -0.3488
vn -0.3533 0.8876 -0.2954
vn -0.4676 0.8560 -0.2206
vn -0.4673 0.8562 -0.2204
vn -0.4461 0.8545 -0.2661
vn -0.4038 0.8877 -0.2215
vn -0.5015 0.8561 -0.1251
vn -0.5012 0.8563 -0.1250
vn -0.4891 0.8545 -0.1749
vn -0.4395 0.8876 -0.1377
vn -0.5164 0.8560 -0.0248
vn -0.5161 0.8562 -0.0248
vn -0.5140 0.8545 -0.0752
vn -0.4578 0.8876 -0.0502
vn -0.5112 0.8561 0.0764
vn -0.5109 0.8562 0.0764
vn -0.5188 0.8545 0.0256
vn -0.4587 0.8876 0.0410
vn -0.4865 0.8560 0.1747
vn -0.4863 0.8562 0.1746
vn -0.5036 0.8545 0.1273
vn -0.4422 0.8876 0.1288
vn -0.4430 0.8561 0.2662
vn -0.4428 0.8562 0.2661
vn -0.4696 0.8545 0.2222
vn -0.4081 0.8876 0.2134
vn -0.3827 0.8560 0.3476
vn -0.3824 0.8562 0.3474
vn -0.4166 0.8545 0.3103
vn -0.3592 0.8876 0.2882
vn -0.3074 0.8561 0.4155
vn -0.3073 0.8562 0.4153
vn -0.3488 0.8545 0.3849
vn -0.2954 0.8876 0.3533
vn -0.2206 0.8560 0.4676
vn -0.2204 0.8562 0.4673
vn -0.2661 0.8545 0.4461
vn -0.2215 0.8876 0.4037
vn -0.1251 0.8561 0.5015
vn -0.1250 0.8563 0.5012
vn -0.1749 0.8545 0.4891
vn -0.1377 0.8876 0.4395
vn -0.0248 0.8560 0.5164
vn -0.0248 0.8562 0.5161
vn -0.0752 0.8545 0.5140
vn -0.0502 0.8876 0.4578
vn 0.0765 0.8561 0.5112
vn 0.0764 0.8562 0.5109
vn 0.0256 0.8545 0.5188
vn 0.0410 0.8877 0.4587
vn 0.1746 0.8560 0.4865
vn 0.1746 0.8562 0.4863
vn 0.1273 0.8545 0.5036
vn 0.1288 0.8876 0.4421
vn 0.2662 0.8561 0.4430
vn 0.2661 0.8562 0.4428
vn 0.2222 0.8545 0.4696
vn 0.2134 0.8876 0.4081
vn 0.3476 0.8560 0.3827
vn 0.3474 0.8562 0.3824
vn 0.3103 0.8545 0.4166
vn 0.2882 0.8876 0.3592
vn 0.4155 0.8561 0.3074
vn 0.4153 0.8562 0.3073
vn 0.3849 0.8545 0.3488
vn 0.3533 0.8876 0.2954
vn 0.4676 0.8560 0.2206
vn 0.4673 0.8562 0.2204
vn 0.4461 0.8545 0.2661
vn 0.4038 0.8876 0.2215
vn 0.5015 0.8561 0.1250
vn 0.5012 0.8563 0.1250
vn 0.4891 0.8545 0.1749
vn 0.4395 0.8876 0.1377
vn 0.5164 0.8560 0.0248
vn 0.5161 0.8562 0.0248
vn 0.5140 0.8545 0.0752
vn 0.4578 0.8876 0.0501
vn 0.5112 0.8561 -0.0764
vn 0.5109 0.8563 -0.0764
vn 0.5188 0.8545 -0.0256
vn 0.4587 0.8876 -0.0410
vn 0.4865 0.8560 -0.1747
vn 0.4863 0.8562 -0.1746
vn 0.5036 0.8545 -0.1272
vn 0.4421 0.8877 -0.1289
vn 0.4430 0.8561 -0.2661
vn 0.4428 0.8563 -0.2660
vn 0.4695 0.8545 -0.2222
vn 0.4081 0.8877 -0.2134
vn 0.3827 0.8560 -0.3476
vn 0.3824 0.8562 -0.3474
vn 0.4166 0.8545 -0.3103
vn 0.3591 0.8876 -0.2883
vn 0.3074 0.8561 -0.4155
vn 0.3072 0.8563 -0.4152
vn 0.3488 0.8545 -0.3849
vn 0.2954 0.8876 -0.3534
vn 0.2205 0.8560 -0.4676
vn 0.2204 0.8562 -0.4673
vn 0.2662 0.8545 -0.4461
vn 0.2216 0.8876 -0.4038
vn 0.1250 0.8561 -0.5015
vn 0.1250 0.8562 -0.5012
vn 0.1749 0.8545 -0.4891
vn 0.1377 0.8876 -0.4395
vn 0.0248 0.8560 -0.5164
vn 0.0248 0.8562 -0.5161
vn 0.0752 0.8545 -0.5140
vn 0.0502 0.8876 -0.4578
vn -0.0764 0.8561 -0.5112
vn -0.0764 0.8562 -0.5109
vn -0.0256 0.8545 -0.5188
vn -0.0410 0.8876 -0.4587
vn -0.1747 0.8560 -0.4865
vn -0.1746 0.8562 -0.4863
vn -0.1273 0.8545 -0.5036
vn -0.1272 0.8545 -0.5037
vn -0.1818 0.8876 -0.4231
vn -0.0988 0.9207 -0.3775
vn -0.2222 0.8858 -0.4075
vn -0.0926 0.9207 -0.3791
vn 0.0502 0.8877 -0.4578
vn -0.0949 0.8877 -0.4506
vn -0.0223 0.9207 -0.3896
vn -0.1384 0.8857 -0.4431
vn -0.0159 0.9207 -0.3900
vn -0.0061 0.8877 -0.4605
vn 0.0532 0.9207 -0.3866
vn -0.0493 0.8857 -0.4615
vn 0.0596 0.9207 -0.3856
vn 0.2215 0.8876 -0.4037
vn 0.2216 0.8876 -0.4037
vn 0.0847 0.8876 -0.4527
vn 0.1285 0.9207 -0.3685
vn 0.0417 0.8857 -0.4623
vn 0.1345 0.9207 -0.3663
vn 0.2954 0.8876 -0.3533
vn 0.2661 0.8545 -0.4460
vn 0.2953 0.8876 -0.3534
vn 0.1707 0.8876 -0.4278
vn 0.1972 0.9207 -0.3368
vn 0.2953 0.8877 -0.3533
vn 0.2206 0.8560 -0.4676
vn 0.1311 0.8858 -0.4452
vn 0.2026 0.9207 -0.3336
vn 0.3591 0.8877 -0.2882
vn 0.3592 0.8876 -0.2883
vn 0.3487 0.8545 -0.3849
vn 0.2516 0.8876 -0.3857
vn 0.2597 0.9207 -0.2913
vn 0.3592 0.8876 -0.2884
vn 0.3075 0.8561 -0.4154
vn 0.2155 0.8857 -0.4111
vn 0.2644 0.9207 -0.2871
vn 0.4081 0.8876 -0.2134
vn 0.4165 0.8545 -0.3103
vn 0.4082 0.8876 -0.2135
vn 0.4166 0.8545 -0.3102
vn 0.3214 0.8876 -0.3299
vn 0.3110 0.9207 -0.2357
vn 0.2915 0.8858 -0.3612
vn 0.3148 0.9207 -0.2306
vn 0.4421 0.8876 -0.1289
vn 0.4422 0.8876 -0.1289
vn 0.3801 0.8876 -0.2601
vn 0.3514 0.9207 -0.1697
vn 0.4430 0.8561 -0.2662
vn 0.3564 0.8857 -0.2974
vn 0.3541 0.9207 -0.1639
vn 0.5036 0.8545 -0.1273
vn 0.4588 0.8876 -0.0410
vn 0.4231 0.8877 -0.1818
vn 0.3776 0.9207 -0.0988
vn 0.4075 0.8858 -0.2222
vn 0.3791 0.9207 -0.0926
vn 0.4579 0.8876 0.0501
vn 0.4506 0.8877 -0.0949
vn 0.3896 0.9207 -0.0223
vn 0.4431 0.8857 -0.1383
vn 0.3900 0.9207 -0.0159
vn 0.5139 0.8546 0.0752
vn 0.4396 0.8876 0.1377
vn 0.4605 0.8876 -0.0060
vn 0.3866 0.9207 0.0533
vn 0.4615 0.8857 -0.0493
vn 0.3857 0.9207 0.0596
vn 0.4038 0.8877 0.2215
vn 0.4039 0.8876 0.2215
vn 0.4527 0.8876 0.0848
vn 0.3685 0.9207 0.1285
vn 0.4622 0.8858 0.0418
vn 0.3664 0.9207 0.1344
vn 0.3533 0.8877 0.2954
vn 0.4461 0.8545 0.2662
vn 0.3534 0.8876 0.2954
vn 0.4278 0.8876 0.1706
vn 0.3368 0.9207 0.1972
vn 0.4452 0.8858 0.1311
vn 0.3336 0.9207 0.2026
vn 0.2882 0.8877 0.3592
vn 0.3850 0.8545 0.3488
vn 0.3858 0.8877 0.2515
vn 0.2912 0.9207 0.2597
vn 0.2883 0.8876 0.3592
vn 0.4112 0.8857 0.2155
vn 0.2870 0.9207 0.2644
vn 0.3102 0.8545 0.4166
vn 0.3299 0.8876 0.3213
vn 0.2357 0.9207 0.3110
vn 0.3612 0.8858 0.2915
vn 0.2306 0.9207 0.3148
vn 0.1288 0.8876 0.4422
vn 0.2222 0.8545 0.4695
vn 0.2602 0.8876 0.3800
vn 0.1697 0.9207 0.3514
vn 0.2974 0.8857 0.3564
vn 0.1639 0.9207 0.3541
vn 0.0410 0.8876 0.4587
vn 0.1272 0.8545 0.5037
vn 0.1818 0.8877 0.4231
vn 0.0987 0.9207 0.3775
vn 0.1747 0.8560 0.4865
vn 0.2222 0.8858 0.4075
vn 0.0926 0.9207 0.3791
vn -0.0502 0.8877 0.4578
vn 0.0949 0.8877 0.4506
vn 0.0223 0.9207 0.3896
vn 0.0764 0.8561 0.5112
vn 0.1384 0.8857 0.4431
vn 0.0160 0.9207 0.3899
vn 0.0061 0.8876 0.4605
vn -0.0533 0.9207 0.3866
vn 0.0493 0.8858 0.4615
vn -0.0595 0.9207 0.3856
vn -0.1748 0.8545 0.4891
vn -0.2216 0.8876 0.4038
vn -0.0847 0.8876 0.4527
vn -0.1285 0.9207 0.3685
vn -0.2216 0.8876 0.4037
vn -0.1250 0.8561 0.5015
vn -0.0417 0.8858 0.4623
vn -0.1344 0.9207 0.3664
vn -0.2662 0.8545 0.4461
vn -0.2954 0.8877 0.3533
vn -0.1706 0.8876 0.4278
vn -0.1972 0.9207 0.3368
vn -0.2205 0.8560 0.4676
vn -0.1311 0.8857 0.4453
vn -0.2026 0.9207 0.3336
vn -0.3488 0.8545 0.3850
vn -0.3487 0.8545 0.3850
vn -0.2515 0.8876 0.3858
vn -0.2597 0.9207 0.2913
vn -0.2155 0.8857 0.4111
vn -0.2644 0.9207 0.2870
vn -0.4165 0.8545 0.3102
vn -0.4166 0.8545 0.3102
vn -0.3213 0.8877 0.3299
vn -0.3110 0.9207 0.2357
vn -0.3826 0.8560 0.3476
vn -0.2915 0.8858 0.3612
vn -0.3148 0.9207 0.2306
vn -0.4695 0.8545 0.2222
vn -0.3800 0.8876 0.2602
vn -0.3514 0.9207 0.1697
vn -0.3564 0.8857 0.2974
vn -0.3541 0.9207 0.1640
vn -0.5037 0.8545 0.1272
vn -0.4231 0.8876 0.1819
vn -0.3775 0.9207 0.0988
vn -0.4075 0.8857 0.2222
vn -0.3791 0.9207 0.0926
vn -0.4578 0.8877 -0.0502
vn -0.4506 0.8877 0.0949
vn -0.3896 0.9207 0.0223
vn -0.4431 0.8857 0.1384
vn -0.3899 0.9207 0.0159
vn -0.5139 0.8546 -0.0752
vn -0.4605 0.8876 0.0060
vn -0.3866 0.9207 -0.0533
vn -0.4615 0.8858 0.0493
vn -0.3857 0.9207 -0.0595
vn -0.4891 0.8545 -0.1748
vn -0.4038 0.8876 -0.2215
vn -0.4526 0.8877 -0.0848
vn -0.3685 0.9207 -0.1286
vn -0.5015 0.8561 -0.1250
vn -0.4622 0.8858 -0.0418
vn -0.3665 0.9207 -0.1344
vn -0.4461 0.8545 -0.2662
vn -0.4278 0.8876 -0.1706
vn -0.3368 0.9207 -0.1972
vn -0.4453 0.8857 -0.1311
vn -0.3336 0.9207 -0.2026
vn -0.3849 0.8545 -0.3488
vn -0.2882 0.8877 -0.3592
vn -0.3850 0.8545 -0.3487
vn -0.3858 0.8876 -0.2515
vn -0.2912 0.9207 -0.2597
vn -0.4154 0.8561 -0.3075
vn -0.4112 0.8857 -0.2155
vn -0.2870 0.9207 -0.2644
vn -0.3102 0.8545 -0.4166
vn -0.3299 0.8876 -0.3213
vn -0.2357 0.9207 -0.3110
vn -0.2135 0.8876 -0.4081
vn -0.3612 0.8858 -0.2915
vn -0.2306 0.9207 -0.3148
vn -0.2222 0.8545 -0.4695
vn -0.2602 0.8876 -0.3800
vn -0.1698 0.9207 -0.3514
vn -0.2974 0.8857 -0.3564
vn -0.1639 0.9207 -0.3542
vn -0.0081 0.9708 -0.2396
vn -0.0717 0.9589 -0.2745
vn -0.0672 0.9589 -0.2756
vn -0.1434 -0.9509 0.2744
vn -0.0054 -0.9935 0.1133
vn -0.0129 -0.9631 0.2689
vn 0.0133 -0.9628 0.2700
vn -0.1940 -0.9508 0.2415
vn -0.0229 -0.9955 0.0917
vn -0.0651 -0.9631 0.2611
vn -0.0390 -0.9626 0.2680
vn -0.2550 -0.9478 0.1916
vn -0.0484 -0.9935 0.1027
vn -0.1151 -0.9630 0.2435
vn -0.0911 -0.9628 0.2546
vn -0.2715 -0.9508 0.1489
vn -0.0563 -0.9955 0.0760
vn -0.1601 -0.9631 0.2164
vn -0.1385 -0.9628 0.2322
vn -0.3087 -0.9478 0.0794
vn -0.0840 -0.9935 0.0763
vn -0.1993 -0.9631 0.1810
vn -0.1815 -0.9628 0.2004
vn -0.3079 -0.9508 0.0337
vn -0.0974 -0.9935 0.0585
vn -0.2307 -0.9631 0.1386
vn -0.2168 -0.9628 0.1615
vn -0.3084 -0.9508 -0.0275
vn -0.1068 -0.9935 0.0384
vn -0.2534 -0.9631 0.0909
vn -0.2444 -0.9628 0.1156
vn -0.2973 -0.9508 -0.0868
vn -0.0936 -0.9955 0.0140
vn -0.2662 -0.9631 0.0397
vn -0.2621 -0.9628 0.0662
vn -0.2744 -0.9478 -0.1622
vn -0.1133 -0.9935 -0.0055
vn -0.2689 -0.9631 -0.0130
vn -0.2700 -0.9628 0.0133
vn -0.2415 -0.9508 -0.1940
vn -0.1104 -0.9935 -0.0275
vn -0.2611 -0.9631 -0.0651
vn -0.2678 -0.9627 -0.0391
vn -0.1987 -0.9509 -0.2374
vn -0.1027 -0.9935 -0.0484
vn -0.2435 -0.9631 -0.1148
vn -0.2546 -0.9628 -0.0911
vn -0.1489 -0.9508 -0.2715
vn -0.0760 -0.9955 -0.0563
vn -0.2164 -0.9631 -0.1601
vn -0.2322 -0.9627 -0.1386
vn -0.0795 -0.9478 -0.3088
vn -0.0763 -0.9935 -0.0840
vn -0.1810 -0.9631 -0.1992
vn -0.2004 -0.9628 -0.1815
vn -0.0337 -0.9509 -0.3078
vn -0.0487 -0.9955 -0.0811
vn -0.1386 -0.9631 -0.2307
vn -0.1615 -0.9628 -0.2169
vn 0.0447 -0.9478 -0.3157
vn -0.0384 -0.9935 -0.1068
vn -0.0910 -0.9631 -0.2534
vn -0.1157 -0.9627 -0.2444
vn 0.0867 -0.9508 -0.2973
vn -0.0168 -0.9935 -0.1124
vn -0.0398 -0.9631 -0.2662
vn -0.0662 -0.9628 -0.2621
vn 0.1434 -0.9509 -0.2744
vn 0.0055 -0.9935 -0.1134
vn 0.0129 -0.9631 -0.2689
vn -0.0133 -0.9628 -0.2701
vn 0.1939 -0.9508 -0.2415
vn 0.0228 -0.9955 -0.0918
vn 0.0651 -0.9631 -0.2612
vn 0.0391 -0.9628 -0.2675
vn 0.2548 -0.9478 -0.1916
vn 0.0484 -0.9935 -0.1027
vn 0.1148 -0.9631 -0.2435
vn 0.0911 -0.9628 -0.2546
vn 0.2715 -0.9508 -0.1489
vn 0.0562 -0.9955 -0.0760
vn 0.1601 -0.9631 -0.2164
vn 0.1385 -0.9628 -0.2322
vn 0.3087 -0.9478 -0.0794
vn 0.0841 -0.9935 -0.0763
vn 0.1993 -0.9631 -0.1810
vn 0.1815 -0.9628 -0.2004
vn 0.3079 -0.9508 -0.0337
vn 0.0810 -0.9955 -0.0487
vn 0.2307 -0.9631 -0.1386
vn 0.2169 -0.9627 -0.1615
vn 0.3157 -0.9478 0.0448
vn 0.1068 -0.9935 -0.0383
vn 0.2534 -0.9631 -0.0909
vn 0.2447 -0.9627 -0.1157
vn 0.2973 -0.9508 0.0867
vn 0.1124 -0.9935 -0.0168
vn 0.2662 -0.9631 -0.0398
vn 0.2621 -0.9628 -0.0662
vn 0.2744 -0.9509 0.1434
vn 0.1134 -0.9935 0.0055
vn 0.2689 -0.9631 0.0129
vn 0.2701 -0.9628 -0.0133
vn 0.2415 -0.9508 0.1939
vn 0.0917 -0.9955 0.0229
vn 0.2611 -0.9631 0.0651
vn 0.2675 -0.9628 0.0391
vn 0.1916 -0.9478 0.2549
vn 0.1027 -0.9935 0.0484
vn 0.2435 -0.9631 0.1148
vn 0.2546 -0.9627 0.0911
vn 0.1489 -0.9508 0.2715
vn 0.0914 -0.9935 0.0676
vn 0.2164 -0.9631 0.1601
vn 0.2322 -0.9628 0.1385
vn 0.0926 -0.9509 0.2954
vn 0.0634 -0.9955 0.0699
vn 0.1810 -0.9631 0.1993
vn 0.2004 -0.9628 0.1815
vn 0.0181 -0.9478 0.3184
vn 0.0585 -0.9935 0.0974
vn 0.1386 -0.9631 0.2307
vn 0.1615 -0.9628 0.2168
vn -0.0274 -0.9509 0.3084
vn 0.0319 -0.9955 0.0888
vn 0.0909 -0.9631 0.2534
vn 0.1158 -0.9627 0.2447
vn -0.1052 -0.9478 0.3011
vn 0.0168 -0.9935 0.1124
vn 0.0398 -0.9631 0.2662
vn 0.0662 -0.9628 0.2621
vn 0.0239 -0.9953 0.0940
vn 0.0663 -0.9628 0.2621
vn -0.4331 -0.8306 0.3502
vn -0.0586 -0.9705 -0.2338
vn 0.3977 -0.9032 0.1613
vn 0.1592 -0.8098 0.5647
vn -0.4050 -0.8458 0.3474
vn -0.0299 -0.9793 -0.2002
vn 0.3409 -0.9229 0.1787
vn 0.1245 -0.8209 0.5573
vn 0.0496 -0.9932 0.1051
vn 0.1156 -0.9628 0.2444
vn -0.3083 -0.8573 0.4123
vn -0.0901 -0.9778 -0.1894
vn 0.3899 -0.9154 0.1001
vn 0.2508 -0.8318 0.4952
vn -0.3355 -0.8428 0.4208
vn -0.0875 -0.9659 -0.2437
vn 0.4014 -0.9114 0.0905
vn 0.2304 -0.8209 0.5225
vn 0.0581 -0.9953 0.0778
vn -0.2661 -0.8305 0.4893
vn -0.1436 -0.9705 -0.1936
vn 0.4291 -0.9032 -0.0032
vn 0.3633 -0.8098 0.4608
vn -0.2412 -0.8458 0.4759
vn -0.1042 -0.9793 -0.1735
vn 0.3834 -0.9230 0.0346
vn 0.3283 -0.8209 0.4673
vn 0.0927 -0.9509 0.2954
vn 0.0860 -0.9932 0.0781
vn 0.2004 -0.9628 0.1816
vn -0.1270 -0.8573 0.4989
vn -0.1556 -0.9778 -0.1405
vn 0.3985 -0.9154 -0.0568
vn 0.4212 -0.8318 0.3615
vn -0.1492 -0.8428 0.5171
vn -0.1741 -0.9659 -0.1917
vn 0.4056 -0.9114 -0.0699
vn 0.4128 -0.8209 0.3945
vn 0.0997 -0.9932 0.0594
vn -0.0266 -0.8571 0.5145
vn -0.1695 -0.9803 -0.1016
vn 0.3796 -0.9153 -0.1344
vn 0.4842 -0.8316 0.2721
vn -0.0264 -0.8572 0.5143
vn -0.1627 -0.9793 -0.1204
vn 0.3673 -0.9230 -0.1148
vn 0.4690 -0.8317 0.2972
vn 0.1916 -0.9478 0.2548
vn 0.0915 -0.9953 0.0330
vn 0.2546 -0.9628 0.0911
vn 0.0499 -0.8309 0.5541
vn -0.2267 -0.9706 -0.0806
vn 0.3555 -0.9034 -0.2398
vn 0.5574 -0.8101 0.1817
vn 0.0630 -0.8458 0.5298
vn -0.1834 -0.9792 -0.0865
vn 0.3385 -0.9227 -0.1843
vn 0.5323 -0.8210 0.2065
vn 0.1148 -0.9932 0.0166
vn 0.1724 -0.8571 0.4855
vn -0.2078 -0.9777 -0.0308
vn 0.2993 -0.9153 -0.2695
vn 0.5515 -0.8316 0.0661
vn 0.1644 -0.8429 0.5123
vn -0.2507 -0.9661 -0.0625
vn 0.2978 -0.9117 -0.2831
vn 0.5625 -0.8210 0.0982
vn 0.1161 -0.9932 -0.0055
vn 0.2700 -0.9628 -0.0133
vn 0.2630 -0.8573 0.4426
vn -0.1971 -0.9803 0.0102
vn 0.2416 -0.9154 -0.3220
vn 0.5535 -0.8318 -0.0422
vn 0.2630 -0.8572 0.4429
vn -0.2026 -0.9792 -0.0097
vn 0.2423 -0.9227 -0.2999
vn 0.5552 -0.8316 -0.0129
vn 0.1124 -0.9932 -0.0286
vn 0.3451 -0.8571 0.3826
vn -0.1917 -0.9803 0.0480
vn 0.1734 -0.9153 -0.3636
vn 0.5348 -0.8316 -0.1500
vn 0.3448 -0.8573 0.3823
vn -0.2001 -0.9793 0.0299
vn 0.1787 -0.9229 -0.3409
vn 0.5418 -0.8317 -0.1215
vn 0.0880 -0.9953 -0.0415
vn 0.2444 -0.9627 -0.1157
vn 0.2444 -0.9627 -0.1156
vn 0.4270 -0.8309 0.3567
vn -0.2173 -0.9706 0.1033
vn 0.0816 -0.9034 -0.4209
vn 0.5227 -0.8101 -0.2657
vn 0.4190 -0.8458 0.3302
vn -0.1909 -0.9792 0.0685
vn 0.1090 -0.9227 -0.3697
vn 0.5225 -0.8210 -0.2303
vn 0.3078 -0.9508 -0.0337
vn 0.0930 -0.9932 -0.0695
vn 0.2169 -0.9628 -0.1615
vn 0.2168 -0.9628 -0.1615
vn 0.4651 -0.8571 0.2214
vn -0.1687 -0.9777 0.1251
vn 0.0211 -0.9153 -0.4022
vn 0.4367 -0.8316 -0.3432
vn 0.4785 -0.8429 0.2461
vn -0.2214 -0.9661 0.1330
vn 0.0103 -0.9117 -0.4108
vn 0.4672 -0.8210 -0.3282
vn 0.3087 -0.9478 -0.0795
vn 0.0654 -0.9953 -0.0720
vn 0.1816 -0.9628 -0.2004
vn 0.5309 -0.8310 0.1662
vn -0.1612 -0.9706 0.1786
vn -0.0856 -0.9034 -0.4201
vn 0.3811 -0.8101 -0.4455
vn 0.5135 -0.8458 0.1447
vn -0.1501 -0.9792 0.1363
vn -0.0406 -0.9227 -0.3833
vn 0.3945 -0.8210 -0.4127
vn 0.2715 -0.9508 -0.1490
vn 0.0594 -0.9932 -0.0997
vn 0.1386 -0.9628 -0.2322
vn 0.5145 -0.8571 0.0265
vn -0.1079 -0.9777 0.1801
vn -0.1344 -0.9153 -0.3796
vn 0.2720 -0.8316 -0.4842
vn 0.5362 -0.8429 0.0442
vn -0.1537 -0.9660 0.2077
vn -0.1477 -0.9117 -0.3833
vn 0.3059 -0.8210 -0.4820
vn 0.2548 -0.9478 -0.1915
vn 0.0330 -0.9953 -0.0915
vn 0.0910 -0.9628 -0.2546
vn 0.5541 -0.8309 -0.0499
vn -0.0806 -0.9706 0.2267
vn -0.2398 -0.9034 -0.3555
vn 0.1817 -0.8101 -0.5574
vn 0.5298 -0.8458 -0.0630
vn -0.0865 -0.9792 0.1834
vn -0.1842 -0.9227 -0.3386
vn 0.2065 -0.8210 -0.5323
vn 0.0167 -0.9932 -0.1148
vn 0.0391 -0.9627 -0.2676
vn 0.0391 -0.9627 -0.2675
vn 0.4855 -0.8571 -0.1723
vn -0.0308 -0.9777 0.2077
vn -0.2695 -0.9153 -0.2993
vn 0.0661 -0.8316 -0.5514
vn 0.5123 -0.8429 -0.1644
vn -0.0625 -0.9661 0.2507
vn -0.2832 -0.9117 -0.2977
vn 0.0983 -0.8210 -0.5624
vn -0.0056 -0.9932 -0.1161
vn 0.4425 -0.8573 -0.2630
vn 0.0102 -0.9804 0.1970
vn -0.3218 -0.9154 -0.2416
vn -0.0423 -0.8318 -0.5534
vn 0.4428 -0.8572 -0.2630
vn -0.0097 -0.9792 0.2025
vn -0.2998 -0.9227 -0.2424
vn -0.0129 -0.8317 -0.5551
vn -0.0286 -0.9932 -0.1125
vn 0.3826 -0.8571 -0.3451
vn 0.0480 -0.9803 0.1917
vn -0.3635 -0.9153 -0.1735
vn -0.1499 -0.8316 -0.5348
vn 0.3823 -0.8573 -0.3448
vn 0.0299 -0.9793 0.2001
vn -0.3409 -0.9230 -0.1788
vn -0.1215 -0.8317 -0.5418
vn 0.0448 -0.9478 -0.3156
vn -0.0415 -0.9953 -0.0880
vn 0.3567 -0.8310 -0.4269
vn 0.1033 -0.9706 0.2173
vn -0.4209 -0.9034 -0.0817
vn -0.2657 -0.8101 -0.5227
vn 0.3302 -0.8458 -0.4190
vn 0.0685 -0.9792 0.1908
vn -0.3697 -0.9227 -0.1092
vn -0.2303 -0.8210 -0.5225
vn -0.0337 -0.9508 -0.3078
vn -0.0695 -0.9932 -0.0930
vn -0.1615 -0.9628 -0.2168
vn 0.2214 -0.8571 -0.4651
vn 0.1251 -0.9777 0.1687
vn -0.4022 -0.9153 -0.0211
vn -0.3432 -0.8316 -0.4367
vn 0.2461 -0.8429 -0.4785
vn 0.1330 -0.9661 0.2215
vn -0.4107 -0.9117 -0.0102
vn -0.3282 -0.8210 -0.4672
vn -0.0794 -0.9478 -0.3087
vn -0.0720 -0.9953 -0.0655
vn -0.2003 -0.9628 -0.1816
vn 0.1662 -0.8310 -0.5309
vn 0.1786 -0.9706 0.1612
vn -0.4201 -0.9034 0.0856
vn -0.4455 -0.8101 -0.3811
vn 0.1445 -0.8457 -0.5137
vn 0.1363 -0.9792 0.1501
vn -0.3832 -0.9227 0.0407
vn -0.4127 -0.8210 -0.3945
vn -0.1490 -0.9508 -0.2715
vn -0.0997 -0.9932 -0.0593
vn -0.2322 -0.9628 -0.1386
vn -0.2322 -0.9628 -0.1385
vn 0.0265 -0.8571 -0.5145
vn 0.1801 -0.9777 0.1080
vn -0.3796 -0.9153 0.1345
vn -0.4842 -0.8316 -0.2721
vn 0.0442 -0.8429 -0.5362
vn 0.2077 -0.9660 0.1537
vn -0.3834 -0.9117 0.1477
vn -0.4820 -0.8210 -0.3060
vn -0.1987 -0.9509 -0.2373
vn -0.1095 -0.9932 -0.0393
vn -0.0736 -0.8575 -0.5092
vn 0.1857 -0.9804 0.0660
vn -0.3464 -0.9155 0.2048
vn -0.5273 -0.8319 -0.1728
vn -0.0735 -0.8573 -0.5095
vn 0.1834 -0.9792 0.0865
vn -0.3386 -0.9227 0.1843
vn -0.5177 -0.8318 -0.2004
vn -0.2416 -0.9508 -0.1940
vn -0.1148 -0.9932 -0.0166
vn -0.2675 -0.9628 -0.0391
vn -0.1723 -0.8570 -0.4857
vn 0.1955 -0.9803 0.0290
vn -0.2993 -0.9153 0.2696
vn -0.5515 -0.8315 -0.0661
vn -0.1724 -0.8573 -0.4852
vn 0.1960 -0.9794 0.0489
vn -0.2955 -0.9230 0.2464
vn -0.5470 -0.8317 -0.0951
vn -0.2745 -0.9478 -0.1622
vn -0.0972 -0.9952 0.0047
vn -0.2580 -0.8309 -0.4930
vn 0.2404 -0.9706 -0.0123
vn -0.2365 -0.9034 0.3576
vn -0.5846 -0.8101 0.0456
vn -0.2609 -0.8457 -0.4655
vn 0.2027 -0.9792 0.0097
vn -0.2423 -0.9227 0.2999
vn -0.5709 -0.8209 0.0128
vn -0.1124 -0.9932 0.0286
vn -0.2621 -0.9628 0.0663
vn -0.3451 -0.8570 -0.3827
vn 0.2038 -0.9777 -0.0511
vn -0.1734 -0.9153 0.3636
vn -0.5349 -0.8315 0.1500
vn -0.3478 -0.8429 -0.4105
vn 0.2556 -0.9660 -0.0382
vn -0.1668 -0.9117 0.3756
vn -0.5573 -0.8209 0.1245
vn -0.3085 -0.9508 -0.0275
vn -0.1051 -0.9932 0.0496
vn -0.2447 -0.9627 0.1157
vn -0.2444 -0.9627 0.1157
vn -0.4123 -0.8573 -0.3083
vn 0.1782 -0.9803 -0.0848
vn -0.1001 -0.9154 0.3899
vn -0.4953 -0.8317 0.2509
vn -0.4123 -0.8572 -0.3086
vn 0.1910 -0.9792 -0.0686
vn -0.1090 -0.9227 0.3697
vn -0.5080 -0.8316 0.2244
vn -0.3079 -0.9508 0.0336
vn -0.0929 -0.9932 0.0694
vn -0.4653 -0.8570 -0.2215
vn 0.1588 -0.9803 -0.1177
vn -0.0211 -0.9153 0.4023
vn -0.4368 -0.8315 0.3432
vn -0.4650 -0.8572 -0.2214
vn 0.1735 -0.9793 -0.1043
vn -0.0346 -0.9229 0.3834
vn -0.4541 -0.8316 0.3196
vn -0.0655 -0.9952 0.0721
vn -0.1816 -0.9628 0.2004
vn -0.1816 -0.9627 0.2004
vn -0.5310 -0.8309 -0.1663
vn 0.1613 -0.9706 -0.1787
vn 0.0856 -0.9034 0.4201
vn -0.3812 -0.8100 0.4456
vn -0.5136 -0.8457 -0.1447
vn 0.1502 -0.9792 -0.1364
vn 0.0407 -0.9227 0.3834
vn -0.3945 -0.8209 0.4128
vn -0.2716 -0.9508 0.1489
vn -0.0593 -0.9932 0.0997
vn -0.5147 -0.8570 -0.0266
vn 0.1080 -0.9777 -0.1802
vn 0.1346 -0.9153 0.3796
vn -0.2721 -0.8315 0.4843
vn -0.5363 -0.8429 -0.0443
vn 0.1537 -0.9660 -0.2077
vn 0.1477 -0.9117 0.3835
vn -0.3061 -0.8209 0.4821
vn -0.2548 -0.9478 0.1915
vn -0.0330 -0.9953 0.0915
vn -0.0911 -0.9627 0.2546
vn -0.0910 -0.9628 0.2546
vn -0.5542 -0.8309 0.0496
vn 0.0807 -0.9706 -0.2268
vn 0.2400 -0.9034 0.3553
vn -0.1817 -0.8100 0.5575
vn -0.5299 -0.8458 0.0627
vn 0.0865 -0.9792 -0.1835
vn 0.1844 -0.9227 0.3386
vn -0.2066 -0.8209 0.5324
vn -0.0167 -0.9932 0.1148
vn -0.0391 -0.9628 0.2675
vn -0.4856 -0.8570 0.1723
vn 0.0309 -0.9777 -0.2079
vn 0.2696 -0.9153 0.2993
vn -0.0661 -0.8315 0.5516
vn -0.5125 -0.8428 0.1643
vn 0.0625 -0.9660 -0.2508
vn 0.2833 -0.9117 0.2977
vn -0.0983 -0.8209 0.5625
vn 0.0056 -0.9932 0.1161
vn -0.4426 -0.8573 0.2630
vn -0.0102 -0.9803 -0.1971
vn 0.3219 -0.9154 0.2416
vn 0.0423 -0.8318 0.5534
vn -0.4429 -0.8572 0.2630
vn 0.0097 -0.9792 -0.2027
vn 0.2999 -0.9227 0.2423
vn 0.0129 -0.8316 0.5552
vn 0.3216 0.3075 0.8956
vn 0.1406 0.3074 0.9411
vn 0.2741 0.5849 0.7634
vn 0.1199 0.5850 0.8022
vn 0.2002 0.8056 0.5577
vn 0.0876 0.8056 0.5860
vn 0.1069 0.9486 0.2978
vn 0.0468 0.9486 0.3130
vn 0.4901 0.3075 0.8156
vn 0.4177 0.5849 0.6952
vn 0.3050 0.8058 0.5077
vn 0.1631 0.9486 0.2713
vn 0.6398 0.3075 0.7043
vn 0.5453 0.5850 0.6003
vn 0.3984 0.8055 0.4386
vn 0.2128 0.9486 0.2342
vn 0.7650 0.3074 0.5660
vn 0.6520 0.5850 0.4824
vn 0.4763 0.8056 0.3525
vn 0.2544 0.9486 0.1883
vn 0.8606 0.3077 0.4059
vn 0.7335 0.5850 0.3460
vn 0.5355 0.8058 0.2527
vn 0.2862 0.9486 0.1350
vn 0.9233 0.3073 0.2303
vn 0.7870 0.5850 0.1962
vn 0.5749 0.8056 0.1434
vn 0.3071 0.9486 0.0766
vn 0.9504 0.3076 0.0458
vn 0.8101 0.5850 0.0389
vn 0.5918 0.8056 0.0284
vn 0.3160 0.9487 0.0152
vn 0.9412 0.3073 -0.1407
vn 0.8021 0.5850 -0.1199
vn 0.5860 0.8056 -0.0876
vn 0.3130 0.9486 -0.0468
vn 0.8956 0.3075 -0.3215
vn 0.7635 0.5847 -0.2741
vn 0.5576 0.8056 -0.2002
vn 0.2978 0.9486 -0.1069
vn 0.8157 0.3072 -0.4901
vn 0.6952 0.5850 -0.4177
vn 0.5076 0.8058 -0.3049
vn 0.2713 0.9486 -0.1630
vn 0.7044 0.3074 -0.6398
vn 0.6003 0.5851 -0.5453
vn 0.4384 0.8057 -0.3983
vn 0.2342 0.9486 -0.2128
vn 0.5660 0.3074 -0.7649
vn 0.4826 0.5847 -0.6521
vn 0.3525 0.8055 -0.4764
vn 0.1883 0.9486 -0.2544
vn 0.4059 0.3074 -0.8607
vn 0.3461 0.5847 -0.7337
vn 0.2528 0.8056 -0.5359
vn 0.1350 0.9486 -0.2862
vn 0.2302 0.3073 -0.9234
vn 0.1962 0.5851 -0.7869
vn 0.1433 0.8056 -0.5749
vn 0.0766 0.9486 -0.3072
vn 0.0456 0.3073 -0.9505
vn 0.0389 0.5852 -0.8100
vn 0.0284 0.8057 -0.5917
vn 0.0152 0.9486 -0.3161
vn -0.1405 0.3076 -0.9411
vn -0.1198 0.5851 -0.8020
vn -0.0876 0.8056 -0.5859
vn -0.0468 0.9486 -0.3131
vn -0.3216 0.3072 -0.8957
vn -0.2740 0.5851 -0.7633
vn -0.2002 0.8056 -0.5575
vn -0.1069 0.9486 -0.2978
vn -0.4902 0.3073 -0.8157
vn -0.4177 0.5850 -0.6952
vn -0.3049 0.8058 -0.5076
vn -0.1630 0.9486 -0.2713
vn -0.6398 0.3073 -0.7044
vn -0.5453 0.5851 -0.6003
vn -0.3984 0.8056 -0.4386
vn -0.2127 0.9486 -0.2342
vn -0.7650 0.3073 -0.5660
vn -0.6521 0.5848 -0.4826
vn -0.4762 0.8056 -0.3524
vn -0.2546 0.9485 -0.1884
vn -0.8604 0.3080 -0.4060
vn -0.7335 0.5850 -0.3460
vn -0.5358 0.8057 -0.2527
vn -0.2862 0.9486 -0.1350
vn -0.9233 0.3074 -0.2302
vn -0.7870 0.5850 -0.1962
vn -0.5749 0.8056 -0.1433
vn -0.3071 0.9486 -0.0766
vn -0.9505 0.3075 -0.0457
vn -0.8101 0.5850 -0.0389
vn -0.5917 0.8056 -0.0284
vn -0.3162 0.9486 -0.0152
vn -0.9411 0.3075 0.1407
vn -0.8021 0.5850 0.1199
vn -0.5859 0.8056 0.0876
vn -0.3133 0.9485 0.0468
vn -0.8956 0.3074 0.3216
vn -0.7633 0.5850 0.2740
vn -0.5575 0.8056 0.2002
vn -0.2981 0.9485 0.1070
vn -0.8157 0.3074 0.4901
vn -0.6952 0.5849 0.4178
vn -0.5078 0.8056 0.3051
vn -0.2713 0.9486 0.1630
vn -0.7044 0.3073 0.6398
vn -0.6003 0.5850 0.5454
vn -0.4385 0.8057 0.3983
vn -0.2344 0.9485 0.2129
vn -0.5660 0.3074 0.7649
vn -0.4824 0.5850 0.6520
vn -0.3524 0.8056 0.4762
vn -0.1884 0.9485 0.2545
vn -0.4060 0.3078 0.8605
vn -0.3460 0.5850 0.7336
vn -0.2527 0.8056 0.5358
vn -0.1350 0.9486 0.2862
vn -0.2302 0.3073 0.9234
vn -0.1962 0.5850 0.7869
vn -0.1433 0.8056 0.5749
vn -0.0766 0.9486 0.3071
vn -0.0456 0.3073 0.9505
vn -0.0389 0.5850 0.8101
vn -0.0284 0.8056 0.5918
vn -0.0152 0.9487 0.3160
vt 0.620135 0.992318
vt 0.619549 0.991114
vt 0.617229 0.991114
vt 0.617805 0.992318
vt 0.618387 0.992318
vt 0.618970 0.992318
vt 0.619552 0.992318
vt 0.618578 0.989771
vt 0.618003 0.989771
vt 0.617428 0.989771
vt 0.616853 0.989771
vt 0.616278 0.989771
vt 0.609552 0.989771
vt 0.610449 0.991114
vt 0.614596 0.989771
vt 0.612915 0.989771
vt 0.611233 0.989771
vt 0.610990 0.992318
vt 0.612694 0.992318
vt 0.614397 0.992318
vt 0.616101 0.992318
vt 0.617188 0.988277
vt 0.614915 0.988277
vt 0.608268 0.988277
vt 0.599382 0.991114
vt 0.599870 0.992318
vt 0.602650 0.992318
vt 0.605430 0.992318
vt 0.608210 0.992318
vt 0.606808 0.989771
vt 0.604064 0.989771
vt 0.601319 0.989771
vt 0.598575 0.989771
vt 0.583847 0.989771
vt 0.584534 0.991114
vt 0.594893 0.989771
vt 0.591211 0.989771
vt 0.587529 0.989771
vt 0.584948 0.992318
vt 0.588679 0.992318
vt 0.592409 0.992318
vt 0.596140 0.992318
vt 0.597420 0.988277
vt 0.582864 0.988277
vt 0.566405 0.991114
vt 0.566731 0.992318
vt 0.571285 0.992318
vt 0.575840 0.992318
vt 0.580394 0.992318
vt 0.579352 0.989771
vt 0.574857 0.989771
vt 0.570361 0.989771
vt 0.565866 0.989771
vt 0.545378 0.989771
vt 0.545749 0.991114
vt 0.560744 0.989771
vt 0.555622 0.989771
vt 0.550500 0.989771
vt 0.545974 0.992318
vt 0.551163 0.992318
vt 0.556352 0.992318
vt 0.561542 0.992318
vt 0.565094 0.988277
vt 0.544846 0.988277
vt 0.523319 0.991114
vt 0.523433 0.992318
vt 0.529068 0.992318
vt 0.534703 0.992318
vt 0.540339 0.992318
vt 0.539816 0.989771
vt 0.534254 0.989771
vt 0.528691 0.989771
vt 0.523129 0.989771
vt 0.500000 0.989771
vt 0.500000 0.991114
vt 0.517347 0.989771
vt 0.511565 0.989771
vt 0.505782 0.989771
vt 0.500000 0.992318
vt 0.505858 0.992318
vt 0.511717 0.992318
vt 0.517575 0.992318
vt 0.522858 0.988277
vt 0.500000 0.988277
vt 0.476682 0.991114
vt 0.476567 0.992318
vt 0.482426 0.992318
vt 0.488284 0.992318
vt 0.494142 0.992318
vt 0.494218 0.989771
vt 0.488436 0.989771
vt 0.482653 0.989771
vt 0.476871 0.989771
vt 0.454623 0.989771
vt 0.454251 0.991114
vt 0.471309 0.989771
vt 0.465747 0.989771
vt 0.460185 0.989771
vt 0.454027 0.992318
vt 0.459662 0.992318
vt 0.465297 0.992318
vt 0.470932 0.992318
vt 0.477142 0.988277
vt 0.455154 0.988277
vt 0.433595 0.991114
vt 0.433269 0.992318
vt 0.438459 0.992318
vt 0.443648 0.992318
vt 0.448837 0.992318
vt 0.449500 0.989771
vt 0.444378 0.989771
vt 0.439256 0.989771
vt 0.434134 0.989771
vt 0.416153 0.989771
vt 0.415467 0.991114
vt 0.429639 0.989771
vt 0.425144 0.989771
vt 0.420648 0.989771
vt 0.415052 0.992318
vt 0.419606 0.992318
vt 0.424161 0.992318
vt 0.428715 0.992318
vt 0.434906 0.988277
vt 0.417136 0.988277
vt 0.400618 0.991114
vt 0.400131 0.992318
vt 0.403861 0.992318
vt 0.407591 0.992318
vt 0.411322 0.992318
vt 0.412471 0.989771
vt 0.408789 0.989771
vt 0.405107 0.989771
vt 0.401425 0.989771
vt 0.390449 0.989771
vt 0.389552 0.991114
vt 0.398681 0.989771
vt 0.395937 0.989771
vt 0.393193 0.989771
vt 0.389010 0.992318
vt 0.391790 0.992318
vt 0.394570 0.992318
vt 0.397350 0.992318
vt 0.402580 0.988277
vt 0.391733 0.988277
vt 0.382771 0.991114
vt 0.382196 0.992318
vt 0.383899 0.992318
vt 0.385603 0.992318
vt 0.387306 0.992318
vt 0.388767 0.989771
vt 0.387086 0.989771
vt 0.385404 0.989771
vt 0.383723 0.989771
vt 0.381422 0.989771
vt 0.380452 0.991114
vt 0.383148 0.989771
vt 0.382573 0.989771
vt 0.381998 0.989771
vt 0.379865 0.992318
vt 0.380448 0.992318
vt 0.381031 0.992318
vt 0.381613 0.992318
vt 0.385086 0.988277
vt 0.382812 0.988277
vt 0.400130 0.992318
vt 0.454622 0.989771
vt 0.454026 0.992319
vt 0.448837 0.992319
vt 0.443648 0.992319
vt 0.438459 0.992319
vt 0.470932 0.992319
vt 0.465297 0.992319
vt 0.459662 0.992319
vt 0.500000 0.992319
vt 0.494142 0.992319
vt 0.488284 0.992319
vt 0.482425 0.992319
vt 0.523318 0.991114
vt 0.517575 0.992319
vt 0.511716 0.992319
vt 0.505858 0.992319
vt 0.511564 0.989771
vt 0.534253 0.989771
vt 0.545974 0.992319
vt 0.540338 0.992319
vt 0.534703 0.992319
vt 0.529068 0.992319
vt 0.561542 0.992319
vt 0.556352 0.992319
vt 0.551163 0.992319
vt 0.596139 0.992318
vt 0.610448 0.991114
vt 0.604063 0.989771
vt 0.608267 0.988277
vt 0.617804 0.992318
vt 0.616277 0.989771
vt 0.614914 0.988277
vt 0.389010 0.992319
vt 0.617236 0.990408
vt 0.616659 0.990408
vt 0.611598 0.990408
vt 0.609911 0.990408
vt 0.601652 0.990408
vt 0.598899 0.990408
vt 0.587817 0.990408
vt 0.584122 0.990408
vt 0.570592 0.990408
vt 0.566082 0.990408
vt 0.550666 0.990408
vt 0.545527 0.990408
vt 0.528785 0.990408
vt 0.523205 0.990408
vt 0.505801 0.990408
vt 0.500000 0.990408
vt 0.482596 0.990408
vt 0.476795 0.990408
vt 0.460054 0.990408
vt 0.454473 0.990408
vt 0.439057 0.990408
vt 0.433918 0.990408
vt 0.420388 0.990408
vt 0.415878 0.990408
vt 0.404795 0.990408
vt 0.401101 0.990408
vt 0.392842 0.990408
vt 0.390089 0.990408
vt 0.385028 0.990408
vt 0.383341 0.990408
vt 0.381610 0.990408
vt 0.381033 0.990408
vt 0.382764 0.990408
vt 0.388402 0.990408
vt 0.398348 0.990408
vt 0.412184 0.990408
vt 0.429408 0.990408
vt 0.449335 0.990408
vt 0.454474 0.990408
vt 0.471215 0.990408
vt 0.494199 0.990408
vt 0.517404 0.990408
vt 0.539946 0.990408
vt 0.560943 0.990408
vt 0.579612 0.990408
vt 0.584123 0.990408
vt 0.595205 0.990408
vt 0.607158 0.990408
vt 0.614972 0.990408
vt 0.618390 0.990408
vt 0.618967 0.990408
vt 0.617813 0.990408
vt 0.618003 0.991682
vt 0.618584 0.991682
vt 0.618199 0.991045
vt 0.617620 0.991045
vt 0.619165 0.991682
vt 0.619746 0.991682
vt 0.619356 0.991045
vt 0.618778 0.991045
vt 0.613285 0.990408
vt 0.612329 0.991682
vt 0.614027 0.991682
vt 0.613656 0.991045
vt 0.611964 0.991045
vt 0.615725 0.991682
vt 0.617423 0.991682
vt 0.617041 0.991045
vt 0.615348 0.991045
vt 0.604405 0.990408
vt 0.602317 0.991682
vt 0.605088 0.991682
vt 0.604747 0.991045
vt 0.601985 0.991045
vt 0.607860 0.991682
vt 0.610631 0.991682
vt 0.610271 0.991045
vt 0.607509 0.991045
vt 0.591511 0.990408
vt 0.588391 0.991682
vt 0.592110 0.991682
vt 0.591810 0.991045
vt 0.588104 0.991045
vt 0.595828 0.991682
vt 0.599546 0.991682
vt 0.599223 0.991045
vt 0.595516 0.991045
vt 0.575102 0.990408
vt 0.571054 0.991682
vt 0.575594 0.991682
vt 0.575348 0.991045
vt 0.570823 0.991045
vt 0.580134 0.991682
vt 0.584673 0.991682
vt 0.584398 0.991045
vt 0.579873 0.991045
vt 0.555805 0.990408
vt 0.550997 0.991682
vt 0.556170 0.991682
vt 0.555987 0.991045
vt 0.550832 0.991045
vt 0.561342 0.991682
vt 0.566515 0.991682
vt 0.566299 0.991045
vt 0.561143 0.991045
vt 0.528786 0.990408
vt 0.534366 0.990408
vt 0.528974 0.991682
vt 0.534591 0.991682
vt 0.534479 0.991045
vt 0.528880 0.991045
vt 0.540208 0.991682
vt 0.545825 0.991682
vt 0.545676 0.991045
vt 0.540077 0.991045
vt 0.511603 0.990408
vt 0.505839 0.991682
vt 0.511679 0.991682
vt 0.511641 0.991045
vt 0.505820 0.991045
vt 0.517518 0.991682
vt 0.523357 0.991682
vt 0.523281 0.991045
vt 0.517461 0.991045
vt 0.482597 0.990408
vt 0.488398 0.990408
vt 0.482483 0.991682
vt 0.488322 0.991682
vt 0.488360 0.991045
vt 0.482540 0.991045
vt 0.494161 0.991682
vt 0.500000 0.991682
vt 0.500000 0.991045
vt 0.494180 0.991045
vt 0.465634 0.990408
vt 0.459793 0.991682
vt 0.465410 0.991682
vt 0.465522 0.991045
vt 0.459923 0.991045
vt 0.471026 0.991682
vt 0.476643 0.991682
vt 0.476719 0.991045
vt 0.471121 0.991045
vt 0.444196 0.990408
vt 0.438658 0.991682
vt 0.443831 0.991682
vt 0.444013 0.991045
vt 0.438858 0.991045
vt 0.449003 0.991682
vt 0.454176 0.991682
vt 0.454325 0.991045
vt 0.449169 0.991045
vt 0.424898 0.990408
vt 0.419867 0.991682
vt 0.424406 0.991682
vt 0.424652 0.991045
vt 0.420127 0.991045
vt 0.428946 0.991682
vt 0.433486 0.991682
vt 0.433702 0.991045
vt 0.429177 0.991045
vt 0.408490 0.990408
vt 0.404172 0.991682
vt 0.407891 0.991682
vt 0.408190 0.991045
vt 0.404484 0.991045
vt 0.411609 0.991682
vt 0.415327 0.991682
vt 0.415603 0.991045
vt 0.411896 0.991045
vt 0.395595 0.990408
vt 0.392141 0.991682
vt 0.394912 0.991682
vt 0.395254 0.991045
vt 0.392491 0.991045
vt 0.397683 0.991682
vt 0.400454 0.991682
vt 0.400778 0.991045
vt 0.398016 0.991045
vt 0.386715 0.990408
vt 0.384276 0.991682
vt 0.385974 0.991682
vt 0.386344 0.991045
vt 0.384652 0.991045
vt 0.387672 0.991682
vt 0.389370 0.991682
vt 0.389729 0.991045
vt 0.388037 0.991045
vt 0.382187 0.990408
vt 0.380835 0.991682
vt 0.381416 0.991682
vt 0.381802 0.991045
vt 0.381223 0.991045
vt 0.381997 0.991682
vt 0.382578 0.991682
vt 0.382959 0.991045
vt 0.382380 0.991045
vt 0.380255 0.991682
vt 0.380644 0.991045
vt 0.395253 0.991045
vt 0.408489 0.990408
vt 0.415602 0.991045
vt 0.443830 0.991682
vt 0.438857 0.991045
vt 0.465409 0.991682
vt 0.471120 0.991045
vt 0.459792 0.991682
vt 0.454175 0.991682
vt 0.454324 0.991045
vt 0.482482 0.991682
vt 0.482539 0.991045
vt 0.511602 0.990408
vt 0.511678 0.991682
vt 0.511640 0.991045
vt 0.534478 0.991045
vt 0.555804 0.990408
vt 0.550831 0.991045
vt 0.580133 0.991682
vt 0.566298 0.991045
vt 0.607859 0.991682
vt 0.617802 0.992319
vt 0.620132 0.992318
vt 0.617794 0.992318
vt 0.620123 0.992318
vt 0.610988 0.992318
vt 0.610980 0.992319
vt 0.599868 0.992319
vt 0.599861 0.992319
vt 0.599870 0.992319
vt 0.584946 0.992319
vt 0.584940 0.992318
vt 0.566729 0.992319
vt 0.566725 0.992319
vt 0.566731 0.992319
vt 0.545973 0.992318
vt 0.545969 0.992319
vt 0.523432 0.992319
vt 0.523431 0.992318
vt 0.476568 0.992318
vt 0.476570 0.992318
vt 0.454028 0.992318
vt 0.454031 0.992318
vt 0.433271 0.992319
vt 0.433276 0.992319
vt 0.433269 0.992319
vt 0.415054 0.992319
vt 0.415060 0.992318
vt 0.400133 0.992319
vt 0.400140 0.992319
vt 0.400131 0.992319
vt 0.389013 0.992319
vt 0.389021 0.992318
vt 0.382199 0.992319
vt 0.382207 0.992318
vt 0.382196 0.992319
vt 0.379868 0.992319
vt 0.379877 0.992318
vt 0.379865 0.992319
vt 0.400130 0.992319
vt 0.415052 0.992319
vt 0.433275 0.992319
vt 0.454028 0.992319
vt 0.454031 0.992319
vt 0.476568 0.992319
vt 0.476569 0.992318
vt 0.476567 0.992319
vt 0.523433 0.992319
vt 0.545973 0.992319
vt 0.566725 0.992318
vt 0.599867 0.992319
vt 0.610980 0.992318
vt 0.617794 0.992319
s 1
usemtl Material
f 4289/2577/4273 4354/2578/4274 4321/2579/4275 4353/2580/4276 4609/2581/4277 4481/2582/4277 4705/2583/4277
f 4354/2578/4274 4290/2584/4278 5281/2585/4279 5057/2586/4279 5185/2587/4279 4355/2588/4280 4321/2579/4275
f 4292/2589/4281 4356/2590/4282 4321/2579/4275 4355/2588/4280 5282/2591/4283 5058/2592/4283 5186/2593/4283
f 4356/2590/4282 4291/2594/4284 4610/2595/4285 4482/2596/4285 4706/2597/4285 4353/2580/4276 4321/2579/4275
f 4290/2584/4286 4357/2598/4286 4322/2599/4287 4355/2588/4288 5185/2587/4289 5057/2586/4289 5281/2585/4289
f 4358/2600/4290 4292/2589/4290 5186/2593/4291 5058/2592/4291 5282/2591/4291 4355/2588/4288 4322/2599/4287
f 4291/2594/4284 4356/2590/4282 4323/2601/4292 4359/2602/4293 4611/2603/4294 4483/2604/4294 4707/2605/4294
f 4356/2590/4282 4292/2589/4281 5283/2606/4295 5059/2607/4295 5187/2608/4295 4360/2609/4296 4323/2601/4292
f 4294/2610/4297 4361/2611/4298 4323/2601/4292 4360/2609/4296 5284/2612/4299 5060/2613/4299 5188/2614/4299
f 4361/2611/4298 4293/2615/4300 4612/2616/4301 4484/2617/4302 4708/2618/4302 4359/2602/4293 4323/2601/4292
f 4292/2589/4290 4358/2600/4290 4324/2619/4303 4360/2609/4303 5187/2608/4304 5059/2607/4304 5283/2606/4304
f 4362/2620/4305 4294/2610/4305 5188/2614/4306 5060/2613/4306 5284/2612/4306 4360/2609/4303 4324/2619/4303
f 4293/2615/4300 4361/2611/4298 4325/2621/4307 4363/2622/4308 4613/2623/4309 4485/2624/4309 4709/2625/4309
f 4361/2611/4298 4294/2610/4297 5285/2626/4310 5061/2627/4310 5189/2628/4310 4364/2629/4311 4325/2621/4307
f 4296/2630/4312 4365/2631/4313 4325/2621/4307 4364/2629/4311 5286/2632/4314 5062/2633/4314 5190/2634/4314
f 4365/2631/4313 4295/2635/4315 4614/2636/4316 4486/2637/4316 4710/2638/4316 4363/2622/4308 4325/2621/4307
f 4294/2610/4305 4362/2620/4305 4326/2639/4317 4364/2629/4318 5189/2628/4319 5061/2627/4319 5285/2626/4319
f 4366/2640/4320 4296/2630/4320 5190/2634/4321 5062/2633/4321 5286/2632/4321 4364/2629/4318 4326/2639/4317
f 4295/2635/4315 4365/2631/4313 4327/2641/4322 4367/2642/4323 4615/2643/4324 4487/2644/4324 4711/2645/4324
f 4365/2631/4313 4296/2630/4312 5287/2646/4325 5063/2647/4325 5191/2648/4325 4368/2649/4326 4327/2641/4322
f 4298/2650/4327 4369/2651/4328 4327/2641/4322 4368/2649/4326 5288/2652/4329 5064/2653/4329 5192/2654/4329
f 4369/2651/4328 4297/2655/4330 4616/2656/4331 4488/2657/4331 4712/2658/4331 4367/2642/4323 4327/2641/4322
f 4296/2630/4320 4366/2640/4320 4328/2659/4332 4368/2649/4333 5191/2648/4334 5063/2647/4334 5287/2646/4334
f 4370/2660/4335 4298/2650/4336 5192/2654/4337 5064/2653/4337 5288/2652/4337 4368/2649/4333 4328/2659/4332
f 4297/2655/4330 4369/2651/4328 4329/2661/4338 4371/2662/4339 4617/2663/4340 4489/2664/4340 4713/2665/4340
f 4369/2651/4328 4298/2650/4327 5289/2666/4341 5065/2667/4341 5193/2668/4341 4372/2669/4342 4329/2661/4338
f 4300/2670/4343 4373/2671/4344 4329/2661/4338 4372/2669/4342 5290/2672/4345 5066/2673/4345 5194/2674/4345
f 4373/2671/4344 4299/2675/4346 4618/2676/4347 4490/2677/4347 4714/2678/4347 4371/2662/4339 4329/2661/4338
f 4298/2650/4336 4370/2660/4335 4330/2679/4348 4372/2669/4349 5193/2668/4350 5065/2667/4350 5289/2666/4350
f 4374/2680/4351 4300/2670/4351 5194/2674/4352 5066/2673/4352 5290/2672/4352 4372/2669/4349 4330/2679/4348
f 4299/2675/4346 4373/2671/4344 4331/2681/4353 4375/2682/4354 4619/2683/4355 4491/2684/4355 4715/2685/4355
f 4373/2671/4344 4300/2670/4343 5291/2686/4356 5067/2687/4356 5195/2688/4356 4376/2689/4357 4331/2681/4353
f 4302/2690/4358 4377/2691/4359 4331/2681/4353 4376/2689/4357 5292/2692/4360 5068/2693/4360 5196/2694/4360
f 4377/2691/4359 4301/2695/4361 4620/2696/4362 4492/2697/4362 4716/2698/4362 4375/2682/4354 4331/2681/4353
f 4300/2670/4351 4374/2680/4351 4332/2699/4363 4376/2689/4364 5195/2688/4365 5067/2687/4365 5291/2686/4365
f 4378/2700/4366 4302/2690/4367 5196/2694/4368 5068/2693/4368 5292/2692/4368 4376/2689/4364 4332/2699/4363
f 4301/2695/4361 4377/2691/4359 4333/2701/4369 4379/2702/4370 4621/2703/4371 4493/2704/4371 4717/2705/4371
f 4377/2691/4359 4302/2690/4358 5293/2706/4372 5069/2707/4372 5197/2708/4372 4380/2709/4373 4333/2701/4369
f 4304/2710/4374 4381/2711/4375 4333/2701/4369 4380/2709/4373 5294/2712/4376 5070/2713/4376 5198/2714/4376
f 4381/2711/4375 4303/2715/4377 4622/2716/4378 4494/2717/4378 4718/2718/4378 4379/2702/4370 4333/2701/4369
f 4302/2690/4367 4378/2700/4366 4334/2719/4379 4380/2709/4379 5197/2708/4380 5069/2707/4380 5293/2706/4380
f 4382/2720/4381 4304/2710/4382 5198/2714/4383 5070/2713/4383 5294/2712/4383 4380/2709/4379 4334/2719/4379
f 4303/2715/4377 4381/2711/4375 4335/2721/4384 4383/2722/4385 4623/2723/4386 4495/2724/4386 4719/2725/4386
f 4381/2711/4375 4304/2710/4374 5295/2726/4387 5071/2727/4387 5199/2728/4387 4384/2729/4388 4335/2721/4384
f 4306/2730/4389 4385/2731/4390 4335/2721/4384 4384/2729/4388 5296/2732/4391 5072/2733/4391 5200/2734/4391
f 4385/2731/4390 4305/2735/4392 4624/2736/4393 4496/2737/4393 4720/2738/4393 4383/2722/4385 4335/2721/4384
f 4304/2710/4382 4382/2720/4381 4336/2739/4394 4384/2729/4395 5199/2728/4396 5071/2727/4396 5295/2726/4396
f 4386/2740/4397 4306/2730/4397 5200/2734/4398 5072/2733/4398 5296/2732/4398 4384/2729/4395 4336/2739/4394
f 4305/2735/4392 4385/2731/4390 4337/2721/4399 4387/2722/4400 4625/2738/4401 4497/2737/4401 4721/2736/4401
f 4385/2731/4390 4306/2730/4389 5297/2734/4402 5073/2733/4402 5201/2732/4402 4388/2729/4403 4337/2721/4399
f 4308/2710/4404 4389/2711/4405 4337/2721/4399 4388/2729/4403 5298/2728/4406 5074/2727/4406 5202/2726/4406
f 4389/2711/4405 4307/2715/4407 4626/2725/4408 4498/2724/4408 4722/2723/4408 4387/2722/4400 4337/2721/4399
f 4306/2730/4397 4386/2740/4397 4338/2739/4409 4388/2729/4410 5201/2732/4411 5073/2733/4411 5297/2734/4411
f 4390/2720/4412 4308/2710/4412 5202/2726/4413 5074/2727/4413 5298/2728/4413 4388/2729/4410 4338/2739/4409
f 4307/2715/4407 4389/2711/4405 4339/2701/4414 4391/2741/4415 4627/2718/4416 4499/2717/4416 4723/2716/4416
f 4389/2711/4405 4308/2710/4404 5299/2714/4417 5075/2713/4417 5203/2712/4417 4392/2709/4418 4339/2701/4414
f 4310/2690/4419 4393/2691/4420 4339/2701/4414 4392/2709/4418 5300/2708/4421 5076/2707/4421 5204/2706/4421
f 4393/2691/4420 4309/2695/4422 4628/2705/4423 4500/2704/4423 4724/2703/4423 4391/2741/4415 4339/2701/4414
f 4308/2710/4412 4390/2720/4412 4340/2719/4424 4392/2709/4424 5203/2712/4425 5075/2713/4425 5299/2714/4425
f 4394/2700/4426 4310/2690/4427 5204/2706/4428 5076/2707/4428 5300/2708/4428 4392/2709/4424 4340/2719/4424
f 4309/2695/4422 4393/2691/4420 4341/2681/4429 4395/2682/4430 4629/2698/4431 4501/2697/4431 4725/2696/4431
f 4393/2691/4420 4310/2690/4419 5301/2694/4432 5077/2693/4432 5205/2692/4432 4396/2689/4433 4341/2681/4429
f 4312/2742/4434 4397/2671/4435 4341/2681/4429 4396/2689/4433 5302/2688/4436 5078/2687/4436 5206/2686/4436
f 4397/2671/4435 4311/2743/4437 4630/2744/4438 4502/2745/4438 4726/2746/4438 4395/2682/4430 4341/2681/4429
f 4310/2690/4427 4394/2700/4426 4342/2699/4439 4396/2689/4440 5205/2692/4441 5077/2693/4441 5301/2694/4441
f 4398/2680/4442 4312/2742/4443 5206/2686/4444 5078/2687/4444 5302/2688/4444 4396/2689/4440 4342/2699/4439
f 4311/2743/4437 4397/2671/4435 4343/2661/4445 4399/2662/4446 4631/2747/4447 4503/2748/4447 4727/2749/4447
f 4397/2671/4435 4312/2742/4434 5303/2674/4448 5079/2673/4448 5207/2672/4448 4400/2669/4449 4343/2661/4445
f 4314/2650/4450 4401/2651/4451 4343/2661/4445 4400/2669/4449 5304/2668/4452 5080/2667/4452 5208/2666/4452
f 4401/2651/4451 4313/2750/4453 4632/2751/4454 4504/2752/4454 4728/2753/4454 4399/2662/4446 4343/2661/4445
f 4312/2742/4443 4398/2680/4442 4344/2679/4455 4400/2669/4456 5207/2672/4457 5079/2673/4457 5303/2674/4457
f 4402/2660/4458 4314/2650/4459 5208/2666/4460 5080/2667/4460 5304/2668/4460 4400/2669/4456 4344/2679/4455
f 4313/2750/4453 4401/2651/4451 4345/2754/4461 4403/2642/4462 4633/2755/4463 4505/2756/4463 4729/2757/4463
f 4401/2651/4451 4314/2650/4450 5305/2654/4464 5081/2758/4464 5209/2652/4464 4404/2649/4465 4345/2754/4461
f 4316/2630/4466 4405/2631/4467 4345/2754/4461 4404/2649/4465 5306/2648/4468 5082/2759/4468 5210/2646/4468
f 4405/2631/4467 4315/2760/4469 4634/2761/4470 4506/2762/4471 4730/2763/4471 4403/2642/4462 4345/2754/4461
f 4314/2650/4459 4402/2660/4458 4346/2659/4472 4404/2649/4473 5209/2652/4474 5081/2758/4474 5305/2654/4474
f 4406/2640/4475 4316/2630/4475 5210/2646/4476 5082/2759/4476 5306/2648/4476 4404/2649/4473 4346/2659/4472
f 4315/2760/4469 4405/2631/4467 4347/2621/4477 4407/2622/4478 4635/2764/4479 4507/2765/4479 4731/2766/4479
f 4405/2631/4467 4316/2630/4466 5307/2634/4480 5083/2633/4480 5211/2632/4480 4408/2629/4481 4347/2621/4477
f 4318/2610/4482 4409/2611/4483 4347/2621/4477 4408/2629/4481 5308/2628/4484 5084/2627/4484 5212/2626/4484
f 4409/2611/4483 4317/2615/4485 4636/2625/4486 4508/2624/4486 4732/2623/4486 4407/2622/4478 4347/2621/4477
f 4316/2630/4475 4406/2640/4475 4348/2639/4487 4408/2629/4487 5211/2632/4488 5083/2633/4488 5307/2634/4488
f 4410/2620/4489 4318/2610/4490 5212/2626/4491 5084/2627/4491 5308/2628/4491 4408/2629/4487 4348/2639/4487
f 4317/2615/4485 4409/2611/4483 4349/2601/4492 4411/2602/4493 4637/2767/4494 4509/2617/4494 4733/2616/4494
f 4409/2611/4483 4318/2610/4482 5309/2614/4495 5085/2613/4495 5213/2612/4495 4412/2609/4496 4349/2601/4492
f 4320/2589/4497 4413/2768/4498 4349/2601/4492 4412/2609/4496 5310/2608/4499 5086/2769/4499 5214/2606/4499
f 4413/2768/4498 4319/2594/4500 4638/2605/4501 4510/2604/4501 4734/2603/4501 4411/2602/4493 4349/2601/4492
f 4318/2610/4490 4410/2620/4489 4350/2619/4502 4412/2609/4503 5213/2612/4504 5085/2613/4504 5309/2614/4504
f 4414/2770/4505 4320/2589/4505 5214/2606/4506 5086/2769/4506 5310/2608/4506 4412/2609/4503 4350/2619/4502
f 4319/2594/4500 4413/2768/4498 4351/2579/4507 4415/2771/4508 4639/2597/4509 4511/2596/4509 4735/2595/4509
f 4413/2768/4498 4320/2589/4497 5311/2593/4510 5087/2592/4510 5215/2591/4510 4416/2772/4511 4351/2579/4507
f 4290/2584/4278 4354/2578/4274 4351/2579/4507 4416/2772/4511 5312/2587/4512 5088/2586/4512 5216/2585/4512
f 4354/2578/4274 4289/2577/4273 4640/2583/4513 4512/2582/4513 4736/2581/4513 4415/2771/4508 4351/2579/4507
f 4320/2589/4505 4414/2770/4505 4352/2773/4514 4416/2772/4515 5215/2591/4516 5087/2592/4516 5311/2593/4516
f 4357/2598/4286 4290/2584/4286 5216/2585/4517 5088/2586/4517 5312/2587/4517 4416/2772/4515 4352/2773/4514
f 5778/2722/4518 5688/2715/4519 4458/2715/4520 4658/2725/4521 4530/2724/4522 4754/2723/4523 4473/2722/4524
f 5646/2615/4525 5742/2622/4526 4467/2622/4527 4645/2623/4528 4517/2624/4529 4741/2625/4529 4451/2615/4530
f 5688/2715/4519 5784/2741/4531 4474/2741/4532 4659/2718/4533 4531/2717/4533 4755/2716/4533 4458/2715/4520
f 5742/2622/4526 5652/2760/4534 4452/2635/4535 4646/2636/4536 4518/2637/4536 4742/2638/4536 4467/2622/4527
f 4417/2577/4537 5313/2583/4538 5089/2582/4539 5217/2581/4540 4433/2580/4541 5729/2580/4542 5634/2577/4543
f 5784/2741/4531 5694/2695/4544 4459/2695/4545 4660/2705/4546 4532/2704/4547 4756/2703/4547 4474/2741/4532
f 5652/2635/4534 5748/2642/4548 4468/2642/4549 4647/2643/4550 4519/2644/4551 4743/2645/4552 4452/2635/4535
f 5694/2695/4544 5790/2682/4553 4475/2682/4554 4661/2698/4555 4533/2697/4556 4757/2696/4555 4459/2695/4545
f 5748/2642/4548 5658/2655/4557 4453/2655/4558 4648/2656/4559 4520/2657/4560 4744/2658/4559 4468/2642/4549
f 5790/2682/4553 5700/2743/4561 4460/2743/4562 4662/2744/4563 4534/2745/4563 4758/2746/4564 4475/2682/4554
f 5658/2655/4557 5754/2662/4565 4469/2662/4566 4649/2663/4567 4521/2664/4568 4745/2665/4568 4453/2655/4558
f 5700/2743/4561 5796/2662/4569 4476/2662/4570 4663/2747/4571 4535/2748/4571 4759/2749/4571 4460/2743/4562
f 5754/2662/4565 5664/2675/4572 4454/2675/4573 4650/2676/4574 4522/2677/4575 4746/2678/4576 4469/2662/4566
f 5796/2662/4569 5706/2750/4577 4461/2750/4578 4664/2751/4579 4536/2752/4579 4760/2753/4579 4476/2662/4570
f 5664/2675/4572 5760/2682/4580 4470/2682/4581 4651/2683/4582 4523/2684/4582 4747/2685/4583 4454/2675/4573
f 5706/2750/4577 5802/2642/4584 4477/2642/4585 4665/2755/4586 4537/2756/4586 4761/2757/4586 4461/2750/4578
f 5760/2682/4580 5670/2695/4587 4455/2695/4588 4652/2696/4589 4524/2697/4589 4748/2698/4589 4470/2682/4581
f 5802/2642/4584 5712/2760/4590 4462/2760/4591 4666/2761/4592 4538/2762/4592 4762/2763/4592 4477/2642/4585
f 5670/2695/4587 5766/2702/4593 4471/2702/4594 4653/2703/4595 4525/2704/4595 4749/2705/4595 4455/2695/4588
f 5712/2760/4590 5808/2622/4596 4478/2622/4597 4667/2764/4598 4539/2765/4598 4763/2766/4598 4462/2760/4591
f 5766/2702/4593 5676/2774/4599 4456/2715/4600 4654/2716/4601 4526/2717/4601 4750/2718/4602 4471/2702/4594
f 5808/2622/4596 5718/2615/4603 4463/2615/4604 4668/2625/4605 4540/2624/4605 4764/2623/4606 4478/2622/4597
f 5676/2715/4599 5772/2722/4607 4472/2722/4608 4655/2723/4609 4527/2724/4609 4751/2725/4610 4456/2715/4600
f 5820/2771/4611 5633/2577/4612 4449/2577/4613 4672/2583/4614 4544/2582/4615 4768/2581/4614 4480/2771/4616
f 5718/2615/4603 5814/2602/4617 4479/2602/4618 4669/2767/4619 4541/2617/4619 4765/2616/4619 4463/2615/4604
f 5772/2722/4607 5682/2735/4620 4457/2735/4621 4656/2736/4622 4528/2737/4622 4752/2738/4622 4472/2722/4608
f 5640/2594/4623 5736/2602/4624 4466/2602/4625 4643/2603/4626 4515/2604/4626 4739/2605/4627 4450/2594/4628
f 5814/2602/4617 5724/2594/4629 4464/2594/4630 4670/2605/4631 4542/2604/4632 4766/2603/4632 4479/2602/4618
f 5682/2735/4620 5778/2722/4518 4473/2722/4524 4657/2738/4633 4529/2737/4633 4753/2736/4634 4457/2735/4621
f 5736/2602/4624 5646/2615/4525 4451/2615/4530 4644/2616/4635 4516/2617/4635 4740/2618/4635 4466/2602/4625
f 5724/2594/4629 5820/2771/4611 4480/2771/4616 4671/2597/4636 4543/2596/4637 4767/2595/4636 4464/2594/4630
f 4419/2615/4638 5317/2625/4639 5093/2624/4640 5221/2623/4640 4435/2622/4641 5741/2622/4642 5645/2615/4643
f 5730/2580/4644 5640/2594/4623 4450/2594/4628 4642/2595/4645 4514/2596/4646 4738/2597/4645 4465/2580/4647
f 4426/2715/4648 5331/2716/4649 5107/2717/4650 5235/2718/4651 4442/2741/4652 5783/2741/4653 5687/2715/4654
f 4435/2622/4641 5318/2638/4655 5094/2637/4656 5222/2636/4657 4420/2635/4658 5651/2635/4659 5741/2622/4642
f 4442/2741/4652 5332/2703/4660 5108/2704/4661 5236/2705/4662 4427/2695/4663 5693/2695/4664 5783/2741/4653
f 4420/2635/4658 5319/2645/4665 5095/2644/4666 5223/2643/4667 4436/2642/4668 5747/2642/4669 5651/2635/4659
f 4427/2695/4663 5333/2696/4670 5109/2697/4671 5237/2698/4672 4443/2682/4673 5789/2682/4674 5693/2695/4664
f 4436/2642/4668 5320/2658/4675 5096/2657/4676 5224/2656/4677 4421/2655/4678 5657/2655/4679 5747/2642/4669
f 4443/2682/4673 5334/2746/4680 5110/2745/4681 5238/2744/4682 4428/2743/4683 5699/2743/4684 5789/2682/4674
f 4421/2655/4678 5321/2665/4685 5097/2664/4686 5225/2663/4687 4437/2662/4688 5753/2662/4689 5657/2655/4679
f 4428/2743/4683 5335/2749/4690 5111/2748/4691 5239/2747/4692 4444/2662/4693 5795/2662/4694 5699/2743/4684
f 4437/2662/4688 5322/2678/4695 5098/2677/4696 5226/2676/4697 4422/2675/4698 5663/2675/4699 5753/2662/4689
f 4444/2662/4693 5336/2753/4700 5112/2752/4701 5240/2751/4702 4429/2750/4703 5705/2750/4704 5795/2662/4694
f 4422/2675/4698 5323/2685/4705 5099/2684/4706 5227/2683/4707 4438/2682/4708 5759/2682/4709 5663/2675/4699
f 4429/2750/4703 5337/2757/4710 5113/2756/4711 5241/2755/4712 4445/2642/4713 5801/2642/4714 5705/2750/4704
f 4438/2682/4708 5324/2698/4715 5100/2697/4716 5228/2696/4717 4423/2695/4718 5669/2695/4719 5759/2682/4709
f 4445/2642/4713 5338/2763/4720 5114/2762/4721 5242/2761/4722 4430/2760/4723 5711/2760/4724 5801/2642/4714
f 4423/2695/4718 5325/2705/4725 5101/2704/4726 5229/2703/4727 4439/2702/4728 5765/2702/4729 5669/2695/4719
f 4430/2760/4723 5339/2766/4730 5115/2765/4731 5243/2764/4732 4446/2622/4733 5807/2622/4734 5711/2760/4724
f 4439/2702/4728 5326/2718/4735 5102/2717/4736 5230/2716/4737 4424/2715/4738 5675/2715/4739 5765/2702/4729
f 4448/2771/4740 5344/2581/4741 5120/2582/4742 5248/2583/4743 4417/2577/4537 5634/2577/4543 5819/2580/4744
f 4446/2622/4733 5340/2623/4745 5116/2624/4746 5244/2625/4747 4431/2615/4748 5717/2615/4749 5807/2622/4734
f 4424/2715/4738 5327/2725/4750 5103/2724/4751 5231/2723/4752 4440/2722/4753 5771/2722/4754 5675/2715/4739
f 4433/2580/4541 5314/2597/4755 5090/2596/4756 5218/2595/4757 4418/2594/4758 5639/2594/4759 5729/2580/4542
f 4431/2615/4748 5341/2616/4760 5117/2617/4761 5245/2767/4762 4447/2602/4763 5813/2602/4764 5717/2615/4749
f 4440/2722/4753 5328/2738/4765 5104/2737/4766 5232/2736/4767 4425/2735/4768 5681/2735/4769 5771/2722/4754
f 4418/2594/4758 5315/2605/4770 5091/2604/4771 5219/2603/4772 4434/2602/4773 5735/2602/4774 5639/2594/4759
f 4447/2602/4763 5342/2603/4775 5118/2604/4776 5246/2605/4777 4432/2594/4778 5723/2594/4779 5813/2602/4764
f 4425/2735/4768 5329/2736/4780 5105/2737/4781 5233/2738/4781 4441/2722/4782 5777/2722/4783 5681/2735/4769
f 4434/2602/4773 5316/2618/4784 5092/2617/4785 5220/2616/4786 4419/2615/4638 5645/2615/4643 5735/2602/4774
f 4432/2594/4778 5343/2595/4787 5119/2596/4788 5247/2597/4789 4448/2771/4740 5819/2771/4744 5723/2594/4779
f 4441/2722/4782 5330/2723/4790 5106/2724/4791 5234/2725/4792 4426/2715/4648 5687/2715/4654 5777/2722/4783
f 5056/2595/4793 4674/2594/4794 4291/2594/4795 4610/2595/4796
f 5055/2603/4797 4675/2602/4798 4359/2602/4799 4611/2603/4800
f 5054/2616/4801 4676/2615/4802 4293/2615/4803 4612/2616/4804
f 5053/2623/4805 4677/2622/4806 4363/2622/4807 4613/2623/4808
f 5052/2636/4809 4678/2635/4810 4295/2635/4811 4614/2636/4812
f 5051/2643/4813 4679/2642/4814 4367/2642/4815 4615/2643/4816
f 5050/2656/4817 4680/2655/4818 4297/2655/4819 4616/2656/4820
f 5049/2663/4821 4681/2662/4822 4371/2662/4823 4617/2663/4824
f 5048/2676/4825 4682/2675/4826 4299/2675/4827 4618/2676/4828
f 5047/2683/4829 4683/2682/4830 4375/2682/4831 4619/2683/4832
f 5046/2696/4833 4684/2695/4834 4301/2695/4835 4620/2696/4836
f 5045/2703/4837 4685/2702/4838 4379/2702/4839 4621/2703/4840
f 5044/2716/4841 4686/2715/4842 4303/2715/4843 4622/2716/4844
f 5043/2723/4845 4687/2722/4846 4383/2722/4847 4623/2723/4848
f 5042/2736/4849 4688/2735/4850 4305/2735/4851 4624/2736/4852
f 5041/2738/4853 4689/2722/4854 4387/2722/4855 4625/2738/4856
f 5040/2725/4857 4690/2715/4858 4307/2715/4859 4626/2725/4860
f 5039/2718/4861 4691/2741/4862 4391/2741/4863 4627/2718/4864
f 5038/2705/4865 4692/2695/4866 4309/2695/4867 4628/2705/4868
f 5037/2698/4869 4693/2682/4870 4395/2682/4871 4629/2698/4872
f 5036/2744/4873 4694/2743/4874 4311/2743/4875 4630/2744/4876
f 5035/2747/4877 4695/2662/4878 4399/2662/4879 4631/2747/4880
f 5034/2751/4881 4696/2750/4882 4313/2750/4883 4632/2751/4884
f 5033/2755/4885 4697/2642/4886 4403/2642/4887 4633/2755/4888
f 5032/2761/4889 4698/2760/4890 4315/2760/4891 4634/2761/4892
f 5031/2764/4893 4699/2622/4894 4407/2622/4895 4635/2764/4896
f 5030/2625/4897 4700/2615/4898 4317/2615/4899 4636/2625/4900
f 5029/2767/4901 4701/2602/4902 4411/2602/4903 4637/2767/4904
f 5028/2605/4905 4702/2594/4906 4319/2594/4907 4638/2605/4908
f 5027/2597/4909 4703/2771/4910 4415/2771/4911 4639/2597/4912
f 5026/2583/4913 4704/2577/4914 4289/2577/4915 4640/2583/4916
f 5025/2581/4917 4769/2580/4918 4353/2580/4919 4609/2581/4920
f 5024/2583/4917 4801/2582/4921 4481/2582/4920 4705/2583/4920
f 5023/2583/4917 4802/2582/4921 4577/2582/4922 4803/2583/4923
f 5022/2581/4917 4673/2580/4918 4545/2580/4924 4804/2581/4925
f 5021/2581/4913 4805/2582/4916 4512/2582/4916 4736/2581/4916
f 5020/2581/4926 4806/2582/4916 4578/2582/4927 4807/2581/4928
f 5019/2583/4913 4800/2577/4914 4576/2577/4929 4808/2583/4930
f 5018/2595/4909 4809/2596/4912 4511/2596/4912 4735/2595/4912
f 5017/2595/4909 4810/2596/4912 4579/2596/4931 4811/2595/4932
f 5016/2597/4909 4799/2771/4910 4575/2771/4933 4812/2597/4934
f 5015/2603/4935 4813/2604/4908 4510/2604/4908 4734/2603/4908
f 5014/2603/4936 4814/2604/4908 4580/2604/4937 4815/2603/4938
f 5013/2605/4936 4798/2594/4906 4574/2594/4939 4816/2605/4940
f 5012/2616/4941 4817/2617/4942 4509/2617/4904 4733/2616/4904
f 5011/2616/4943 4818/2617/4942 4581/2617/4944 4819/2616/4945
f 5010/2767/4946 4797/2602/4947 4573/2602/4948 4820/2767/4949
f 5009/2623/4950 4821/2624/4900 4508/2624/4900 4732/2623/4900
f 5008/2623/4951 4822/2624/4952 4582/2624/4953 4823/2623/4954
f 5007/2625/4955 4796/2615/4956 4572/2615/4957 4824/2625/4958
f 5006/2766/4959 4825/2765/4960 4507/2765/4896 4731/2766/4896
f 5005/2766/4961 4826/2765/4962 4583/2765/4963 4827/2766/4964
f 5004/2764/4961 4795/2622/4894 4571/2622/4965 4828/2764/4966
f 5003/2763/4967 4829/2762/4892 4506/2762/4892 4730/2763/4892
f 5002/2763/4968 4830/2762/4892 4584/2762/4969 4831/2763/4970
f 5001/2761/4968 4794/2760/4971 4570/2760/4972 4832/2761/4973
f 5000/2757/4885 4833/2756/4888 4505/2756/4888 4729/2757/4974
f 4999/2757/4975 4834/2756/4888 4585/2756/4976 4835/2757/4977
f 4998/2755/4975 4793/2642/4886 4569/2642/4978 4836/2755/4979
f 4997/2753/4881 4837/2752/4884 4504/2752/4884 4728/2753/4884
f 4996/2753/4980 4838/2752/4884 4586/2752/4981 4839/2753/4982
f 4995/2751/4980 4792/2750/4882 4568/2750/4983 4840/2751/4984
f 4994/2749/4877 4841/2748/4985 4503/2748/4880 4727/2749/4880
f 4993/2749/4986 4842/2748/4880 4587/2748/4987 4843/2749/4988
f 4992/2747/4877 4791/2662/4878 4567/2662/4989 4844/2747/4990
f 4991/2746/4991 4845/2745/4876 4502/2745/4876 4726/2746/4876
f 4990/2746/4992 4846/2745/4876 4588/2745/4993 4847/2746/4994
f 4989/2744/4992 4790/2743/4874 4566/2743/4995 4848/2744/4996
f 4988/2696/4997 4849/2697/4998 4501/2697/4872 4725/2696/4872
f 4987/2696/4999 4850/2697/4998 4589/2697/5000 4851/2696/5001
f 4986/2698/4999 4789/2682/4870 4565/2682/5002 4852/2698/5003
f 4985/2703/5004 4853/2704/4868 4500/2704/5005 4724/2703/5005
f 4984/2703/4865 4854/2704/5005 4590/2704/5006 4855/2703/5007
f 4983/2705/5008 4788/2695/4866 4564/2695/5009 4856/2705/5010
f 4982/2716/4861 4857/2717/5011 4499/2717/4864 4723/2716/4864
f 4981/2716/4861 4858/2717/5011 4591/2717/5012 4859/2716/5013
f 4980/2718/4861 4787/2741/4862 4563/2741/5014 4860/2718/5015
f 4979/2723/5016 4861/2724/5017 4498/2724/4860 4722/2723/4860
f 4978/2723/5016 4862/2724/5017 4592/2724/5018 4863/2723/5019
f 4977/2725/5016 4786/2715/4858 4562/2715/5020 4864/2725/5021
f 4976/2736/5022 4865/2737/5023 4497/2737/4856 4721/2736/4856
f 4975/2736/4853 4866/2737/5023 4593/2737/5024 4867/2736/5025
f 4974/2738/5022 4785/2722/5026 4561/2722/5027 4868/2738/5028
f 4973/2738/4849 4869/2737/4852 4496/2737/4852 4720/2738/4852
f 4972/2738/5029 4870/2737/4852 4594/2737/5030 4871/2738/5031
f 4971/2736/4849 4784/2735/5032 4560/2735/5033 4872/2736/5034
f 4970/2725/4845 4873/2724/4848 4495/2724/4848 4719/2725/4848
f 4969/2725/4845 4874/2724/4848 4595/2724/5035 4875/2725/5036
f 4968/2723/4845 4783/2722/4846 4559/2722/5037 4876/2723/5038
f 4967/2718/4841 4877/2717/5039 4494/2717/4844 4718/2718/4844
f 4966/2718/5040 4878/2717/4844 4596/2717/5041 4879/2718/5042
f 4965/2716/5043 4782/2715/5044 4558/2715/5045 4880/2716/5046
f 4964/2705/4837 4881/2704/5047 4493/2704/5047 4717/2705/4840
f 4963/2705/5048 4882/2704/5047 4597/2704/5049 4883/2705/5050
f 4962/2703/4837 4781/2702/5051 4557/2702/5052 4884/2703/5053
f 4961/2698/4833 4885/2697/5054 4492/2697/4836 4716/2698/4836
f 4960/2698/4833 4886/2697/5055 4598/2697/5056 4887/2698/5057
f 4959/2696/4833 4780/2695/4834 4556/2695/5058 4888/2696/5059
f 4958/2685/4829 4889/2684/5060 4491/2684/4832 4715/2685/4832
f 4957/2685/4829 4890/2684/5061 4599/2684/5062 4891/2685/5063
f 4956/2683/4829 4779/2682/5064 4555/2682/5065 4892/2683/5066
f 4955/2678/4825 4893/2677/5067 4490/2677/4828 4714/2678/4828
f 4954/2678/4825 4894/2677/5067 4600/2677/5068 4895/2678/5069
f 4953/2676/4825 4778/2675/4826 4554/2675/5070 4896/2676/5071
f 4952/2665/4821 4897/2664/5072 4489/2664/4824 4713/2665/4824
f 4951/2665/4821 4898/2664/5072 4601/2664/5073 4899/2665/5074
f 4950/2663/4821 4777/2662/4822 4553/2662/5075 4900/2663/5076
f 4949/2658/4817 4901/2657/4820 4488/2657/4820 4712/2658/4820
f 4948/2658/5077 4902/2657/4820 4602/2657/5078 4903/2658/5079
f 4947/2656/4817 4776/2655/4818 4552/2655/5080 4904/2656/5081
f 4946/2645/4813 4905/2644/5082 4487/2644/4816 4711/2645/4816
f 4945/2645/4813 4906/2644/4816 4603/2644/5083 4907/2645/5084
f 4944/2643/4813 4775/2642/4814 4551/2642/5085 4908/2643/5086
f 4943/2638/4809 4909/2637/5087 4486/2637/4812 4710/2638/4812
f 4942/2638/5088 4910/2637/4812 4604/2637/5089 4911/2638/5090
f 4941/2636/5088 4774/2635/5091 4550/2635/5092 4912/2636/5093
f 4940/2625/4805 4913/2624/4808 4485/2624/4808 4709/2625/4808
f 4939/2625/4805 4914/2624/5094 4605/2624/5095 4915/2625/5096
f 4938/2623/4805 4773/2622/4806 4549/2622/5097 4916/2623/5098
f 4937/2618/4801 4917/2617/4804 4484/2617/5099 4708/2618/5099
f 4936/2618/5100 4918/2617/5101 4606/2617/5102 4919/2618/5103
f 4935/2616/4801 4772/2615/5104 4548/2615/5105 4920/2616/5106
f 4934/2605/4797 4921/2604/5107 4483/2604/4800 4707/2605/4800
f 4933/2605/4797 4922/2604/5107 4607/2604/5108 4923/2605/5109
f 4932/2603/5110 4771/2602/4798 4547/2602/5111 4924/2603/5112
f 4931/2597/4793 4925/2596/5113 4482/2596/4796 4706/2597/4796
f 4930/2597/4793 4926/2596/5113 4608/2596/5114 4927/2597/5115
f 4929/2595/4793 4770/2594/4794 4546/2594/5116 4928/2595/5117
f 4926/2596/5113 4929/2595/4793 4928/2595/5117 4608/2596/5114
f 4514/2596/4646 4642/2595/4645 4929/2595/4793 4926/2596/5113
f 4642/2595/4645 4450/2594/4628 4770/2594/4794 4929/2595/4793
f 4673/2580/4918 4930/2597/4793 4927/2597/5115 4545/2580/4924
f 4465/2580/4647 4738/2597/4645 4930/2597/4793 4673/2580/4918
f 4738/2597/4645 4514/2596/4646 4926/2596/5113 4930/2597/4793
f 4769/2580/4918 4931/2597/4793 4706/2597/4796 4353/2580/4919
f 4545/2580/4924 4927/2597/5115 4931/2597/4793 4769/2580/4918
f 4927/2597/5115 4608/2596/5114 4925/2596/5113 4931/2597/4793
f 4922/2604/5107 4932/2603/5110 4924/2603/5112 4607/2604/5108
f 4515/2604/4626 4643/2603/4626 4932/2603/5110 4922/2604/5107
f 4643/2603/4626 4466/2602/4625 4771/2602/4798 4932/2603/5110
f 4770/2594/4794 4933/2605/4797 4923/2605/5109 4546/2594/5116
f 4450/2594/4628 4739/2605/4627 4933/2605/4797 4770/2594/4794
f 4739/2605/4627 4515/2604/4626 4922/2604/5107 4933/2605/4797
f 4674/2594/4794 4934/2605/4797 4707/2605/4800 4291/2594/4795
f 4546/2594/5116 4923/2605/5109 4934/2605/4797 4674/2594/4794
f 4923/2605/5109 4607/2604/5108 4921/2604/5107 4934/2605/4797
f 4918/2617/5101 4935/2616/4801 4920/2616/5106 4606/2617/5102
f 4516/2617/4635 4644/2616/4635 4935/2616/4801 4918/2617/5101
f 4644/2616/4635 4451/2615/4530 4772/2615/5104 4935/2616/4801
f 4771/2602/4798 4936/2618/5100 4919/2618/5103 4547/2602/5111
f 4466/2602/4625 4740/2618/4635 4936/2618/5100 4771/2602/4798
f 4740/2618/4635 4516/2617/4635 4918/2617/5101 4936/2618/5100
f 4675/2602/4798 4937/2618/4801 4708/2618/5099 4359/2602/4799
f 4547/2602/5111 4919/2618/5103 4937/2618/4801 4675/2602/4798
f 4919/2618/5103 4606/2617/5102 4917/2617/4804 4937/2618/4801
f 4914/2624/5094 4938/2623/4805 4916/2623/5098 4605/2624/5095
f 4517/2624/4529 4645/2623/4528 4938/2623/4805 4914/2624/5094
f 4645/2623/4528 4467/2622/4527 4773/2622/4806 4938/2623/4805
f 4772/2615/5104 4939/2625/4805 4915/2625/5096 4548/2615/5105
f 4451/2615/4530 4741/2625/4529 4939/2625/4805 4772/2615/5104
f 4741/2625/4529 4517/2624/4529 4914/2624/5094 4939/2625/4805
f 4676/2615/4802 4940/2625/4805 4709/2625/4808 4293/2615/4803
f 4548/2615/5105 4915/2625/5096 4940/2625/4805 4676/2615/4802
f 4915/2625/5096 4605/2624/5095 4913/2624/4808 4940/2625/4805
f 4910/2637/4812 4941/2636/5088 4912/2636/5093 4604/2637/5089
f 4518/2637/4536 4646/2636/4536 4941/2636/5088 4910/2637/4812
f 4646/2636/4536 4452/2635/4535 4774/2635/5091 4941/2636/5088
f 4773/2622/4806 4942/2638/5088 4911/2638/5090 4549/2622/5097
f 4467/2622/4527 4742/2638/4536 4942/2638/5088 4773/2622/4806
f 4742/2638/4536 4518/2637/4536 4910/2637/4812 4942/2638/5088
f 4677/2622/4806 4943/2638/4809 4710/2638/4812 4363/2622/4807
f 4549/2622/5097 4911/2638/5090 4943/2638/4809 4677/2622/4806
f 4911/2638/5090 4604/2637/5089 4909/2637/5087 4943/2638/4809
f 4906/2644/4816 4944/2643/4813 4908/2643/5086 4603/2644/5083
f 4519/2644/4551 4647/2643/4550 4944/2643/4813 4906/2644/4816
f 4647/2643/4550 4468/2642/4549 4775/2642/4814 4944/2643/4813
f 4774/2635/5091 4945/2645/4813 4907/2645/5084 4550/2635/5092
f 4452/2635/4535 4743/2645/4552 4945/2645/4813 4774/2635/5091
f 4743/2645/4552 4519/2644/4551 4906/2644/4816 4945/2645/4813
f 4678/2635/4810 4946/2645/4813 4711/2645/4816 4295/2635/4811
f 4550/2635/5092 4907/2645/5084 4946/2645/4813 4678/2635/4810
f 4907/2645/5084 4603/2644/5083 4905/2644/5082 4946/2645/4813
f 4902/2657/4820 4947/2656/4817 4904/2656/5081 4602/2657/5078
f 4520/2657/4560 4648/2656/4559 4947/2656/4817 4902/2657/4820
f 4648/2656/4559 4453/2655/4558 4776/2655/4818 4947/2656/4817
f 4775/2642/4814 4948/2658/5077 4903/2658/5079 4551/2642/5085
f 4468/2642/4549 4744/2658/4559 4948/2658/5077 4775/2642/4814
f 4744/2658/4559 4520/2657/4560 4902/2657/4820 4948/2658/5077
f 4679/2642/4814 4949/2658/4817 4712/2658/4820 4367/2642/4815
f 4551/2642/5085 4903/2658/5079 4949/2658/4817 4679/2642/4814
f 4903/2658/5079 4602/2657/5078 4901/2657/4820 4949/2658/4817
f 4898/2664/5072 4950/2663/4821 4900/2663/5076 4601/2664/5073
f 4521/2664/4568 4649/2663/4567 4950/2663/4821 4898/2664/5072
f 4649/2663/4567 4469/2662/4566 4777/2662/4822 4950/2663/4821
f 4776/2655/4818 4951/2665/4821 4899/2665/5074 4552/2655/5080
f 4453/2655/4558 4745/2665/4568 4951/2665/4821 4776/2655/4818
f 4745/2665/4568 4521/2664/4568 4898/2664/5072 4951/2665/4821
f 4680/2655/4818 4952/2665/4821 4713/2665/4824 4297/2655/4819
f 4552/2655/5080 4899/2665/5074 4952/2665/4821 4680/2655/4818
f 4899/2665/5074 4601/2664/5073 4897/2664/5072 4952/2665/4821
f 4894/2677/5067 4953/2676/4825 4896/2676/5071 4600/2677/5068
f 4522/2677/4575 4650/2676/4574 4953/2676/4825 4894/2677/5067
f 4650/2676/4574 4454/2675/4573 4778/2675/4826 4953/2676/4825
f 4777/2662/4822 4954/2678/4825 4895/2678/5069 4553/2662/5075
f 4469/2662/4566 4746/2678/4576 4954/2678/4825 4777/2662/4822
f 4746/2678/4576 4522/2677/4575 4894/2677/5067 4954/2678/4825
f 4681/2662/4822 4955/2678/4825 4714/2678/4828 4371/2662/4823
f 4553/2662/5075 4895/2678/5069 4955/2678/4825 4681/2662/4822
f 4895/2678/5069 4600/2677/5068 4893/2677/5067 4955/2678/4825
f 4890/2684/5061 4956/2683/4829 4892/2683/5066 4599/2684/5062
f 4523/2684/4582 4651/2683/4582 4956/2683/4829 4890/2684/5061
f 4651/2683/4582 4470/2682/4581 4779/2682/5064 4956/2683/4829
f 4778/2675/4826 4957/2685/4829 4891/2685/5063 4554/2675/5070
f 4454/2675/4573 4747/2685/4583 4957/2685/4829 4778/2675/4826
f 4747/2685/4583 4523/2684/4582 4890/2684/5061 4957/2685/4829
f 4682/2675/4826 4958/2685/4829 4715/2685/4832 4299/2675/4827
f 4554/2675/5070 4891/2685/5063 4958/2685/4829 4682/2675/4826
f 4891/2685/5063 4599/2684/5062 4889/2684/5060 4958/2685/4829
f 4886/2697/5055 4959/2696/4833 4888/2696/5059 4598/2697/5056
f 4524/2697/4589 4652/2696/4589 4959/2696/4833 4886/2697/5055
f 4652/2696/4589 4455/2695/4588 4780/2695/4834 4959/2696/4833
f 4779/2682/5064 4960/2698/4833 4887/2698/5057 4555/2682/5065
f 4470/2682/4581 4748/2698/4589 4960/2698/4833 4779/2682/5064
f 4748/2698/4589 4524/2697/4589 4886/2697/5055 4960/2698/4833
f 4683/2682/4830 4961/2698/4833 4716/2698/4836 4375/2682/4831
f 4555/2682/5065 4887/2698/5057 4961/2698/4833 4683/2682/4830
f 4887/2698/5057 4598/2697/5056 4885/2697/5054 4961/2698/4833
f 4882/2704/5047 4962/2703/4837 4884/2703/5053 4597/2704/5049
f 4525/2704/4595 4653/2703/4595 4962/2703/4837 4882/2704/5047
f 4653/2703/4595 4471/2702/4594 4781/2702/5051 4962/2703/4837
f 4780/2695/4834 4963/2705/5048 4883/2705/5050 4556/2695/5058
f 4455/2695/4588 4749/2705/4595 4963/2705/5048 4780/2695/4834
f 4749/2705/4595 4525/2704/4595 4882/2704/5047 4963/2705/5048
f 4684/2695/4834 4964/2705/4837 4717/2705/4840 4301/2695/4835
f 4556/2695/5058 4883/2705/5050 4964/2705/4837 4684/2695/4834
f 4883/2705/5050 4597/2704/5049 4881/2704/5047 4964/2705/4837
f 4878/2717/4844 4965/2716/5043 4880/2716/5046 4596/2717/5041
f 4526/2717/4601 4654/2716/4601 4965/2716/5043 4878/2717/4844
f 4654/2716/4601 4456/2715/4600 4782/2715/5044 4965/2716/5043
f 4781/2702/5051 4966/2718/5040 4879/2718/5042 4557/2702/5052
f 4471/2702/4594 4750/2718/4602 4966/2718/5040 4781/2702/5051
f 4750/2718/4602 4526/2717/4601 4878/2717/4844 4966/2718/5040
f 4685/2702/4838 4967/2718/4841 4718/2718/4844 4379/2702/4839
f 4557/2702/5052 4879/2718/5042 4967/2718/4841 4685/2702/4838
f 4879/2718/5042 4596/2717/5041 4877/2717/5039 4967/2718/4841
f 4874/2724/4848 4968/2723/4845 4876/2723/5038 4595/2724/5035
f 4527/2724/4609 4655/2723/4609 4968/2723/4845 4874/2724/4848
f 4655/2723/4609 4472/2722/4608 4783/2722/4846 4968/2723/4845
f 4782/2715/5044 4969/2725/4845 4875/2725/5036 4558/2715/5045
f 4456/2715/4600 4751/2725/4610 4969/2725/4845 4782/2715/5044
f 4751/2725/4610 4527/2724/4609 4874/2724/4848 4969/2725/4845
f 4686/2715/4842 4970/2725/4845 4719/2725/4848 4303/2715/4843
f 4558/2715/5045 4875/2725/5036 4970/2725/4845 4686/2715/4842
f 4875/2725/5036 4595/2724/5035 4873/2724/4848 4970/2725/4845
f 4870/2737/4852 4971/2736/4849 4872/2736/5034 4594/2737/5030
f 4528/2737/4622 4656/2736/4622 4971/2736/4849 4870/2737/4852
f 4656/2736/4622 4457/2735/4621 4784/2735/5032 4971/2736/4849
f 4783/2722/4846 4972/2738/5029 4871/2738/5031 4559/2722/5037
f 4472/2722/4608 4752/2738/4622 4972/2738/5029 4783/2722/4846
f 4752/2738/4622 4528/2737/4622 4870/2737/4852 4972/2738/5029
f 4687/2722/4846 4973/2738/4849 4720/2738/4852 4383/2722/4847
f 4559/2722/5037 4871/2738/5031 4973/2738/4849 4687/2722/4846
f 4871/2738/5031 4594/2737/5030 4869/2737/4852 4973/2738/4849
f 4866/2737/5023 4974/2738/5022 4868/2738/5028 4593/2737/5024
f 4529/2737/4633 4657/2738/4633 4974/2738/5022 4866/2737/5023
f 4657/2738/4633 4473/2722/4524 4785/2722/5026 4974/2738/5022
f 4784/2735/5032 4975/2736/4853 4867/2736/5025 4560/2735/5033
f 4457/2735/4621 4753/2736/4634 4975/2736/4853 4784/2735/5032
f 4753/2736/4634 4529/2737/4633 4866/2737/5023 4975/2736/4853
f 4688/2735/4850 4976/2736/5022 4721/2736/4856 4305/2735/4851
f 4560/2735/5033 4867/2736/5025 4976/2736/5022 4688/2735/4850
f 4867/2736/5025 4593/2737/5024 4865/2737/5023 4976/2736/5022
f 4862/2724/5017 4977/2725/5016 4864/2725/5021 4592/2724/5018
f 4530/2724/4522 4658/2725/4521 4977/2725/5016 4862/2724/5017
f 4658/2725/4521 4458/2715/4520 4786/2715/4858 4977/2725/5016
f 4785/2722/5026 4978/2723/5016 4863/2723/5019 4561/2722/5027
f 4473/2722/4524 4754/2723/4523 4978/2723/5016 4785/2722/5026
f 4754/2723/4523 4530/2724/4522 4862/2724/5017 4978/2723/5016
f 4689/2722/4854 4979/2723/5016 4722/2723/4860 4387/2722/4855
f 4561/2722/5027 4863/2723/5019 4979/2723/5016 4689/2722/4854
f 4863/2723/5019 4592/2724/5018 4861/2724/5017 4979/2723/5016
f 4858/2717/5011 4980/2718/4861 4860/2718/5015 4591/2717/5012
f 4531/2717/4533 4659/2718/4533 4980/2718/4861 4858/2717/5011
f 4659/2718/4533 4474/2741/4532 4787/2741/4862 4980/2718/4861
f 4786/2715/4858 4981/2716/4861 4859/2716/5013 4562/2715/5020
f 4458/2715/4520 4755/2716/4533 4981/2716/4861 4786/2715/4858
f 4755/2716/4533 4531/2717/4533 4858/2717/5011 4981/2716/4861
f 4690/2715/4858 4982/2716/4861 4723/2716/4864 4307/2715/4859
f 4562/2715/5020 4859/2716/5013 4982/2716/4861 4690/2715/4858
f 4859/2716/5013 4591/2717/5012 4857/2717/5011 4982/2716/4861
f 4854/2704/5005 4983/2705/5008 4856/2705/5010 4590/2704/5006
f 4532/2704/4547 4660/2705/4546 4983/2705/5008 4854/2704/5005
f 4660/2705/4546 4459/2695/4545 4788/2695/4866 4983/2705/5008
f 4787/2741/4862 4984/2703/4865 4855/2703/5007 4563/2741/5014
f 4474/2741/4532 4756/2703/4547 4984/2703/4865 4787/2741/4862
f 4756/2703/4547 4532/2704/4547 4854/2704/5005 4984/2703/4865
f 4691/2741/4862 4985/2703/5004 4724/2703/5005 4391/2741/4863
f 4563/2741/5014 4855/2703/5007 4985/2703/5004 4691/2741/4862
f 4855/2703/5007 4590/2704/5006 4853/2704/4868 4985/2703/5004
f 4850/2697/4998 4986/2698/4999 4852/2698/5003 4589/2697/5000
f 4533/2697/4556 4661/2698/4555 4986/2698/4999 4850/2697/4998
f 4661/2698/4555 4475/2682/4554 4789/2682/4870 4986/2698/4999
f 4788/2695/4866 4987/2696/4999 4851/2696/5001 4564/2695/5009
f 4459/2695/4545 4757/2696/4555 4987/2696/4999 4788/2695/4866
f 4757/2696/4555 4533/2697/4556 4850/2697/4998 4987/2696/4999
f 4692/2695/4866 4988/2696/4997 4725/2696/4872 4309/2695/4867
f 4564/2695/5009 4851/2696/5001 4988/2696/4997 4692/2695/4866
f 4851/2696/5001 4589/2697/5000 4849/2697/4998 4988/2696/4997
f 4846/2745/4876 4989/2744/4992 4848/2744/4996 4588/2745/4993
f 4534/2745/4563 4662/2744/4563 4989/2744/4992 4846/2745/4876
f 4662/2744/4563 4460/2743/4562 4790/2743/4874 4989/2744/4992
f 4789/2682/4870 4990/2746/4992 4847/2746/4994 4565/2682/5002
f 4475/2682/4554 4758/2746/4564 4990/2746/4992 4789/2682/4870
f 4758/2746/4564 4534/2745/4563 4846/2745/4876 4990/2746/4992
f 4693/2682/4870 4991/2746/4991 4726/2746/4876 4395/2682/4871
f 4565/2682/5002 4847/2746/4994 4991/2746/4991 4693/2682/4870
f 4847/2746/4994 4588/2745/4993 4845/2745/4876 4991/2746/4991
f 4842/2748/4880 4992/2747/4877 4844/2747/4990 4587/2748/4987
f 4535/2748/4571 4663/2747/4571 4992/2747/4877 4842/2748/4880
f 4663/2747/4571 4476/2662/4570 4791/2662/4878 4992/2747/4877
f 4790/2743/4874 4993/2749/4986 4843/2749/4988 4566/2743/4995
f 4460/2743/4562 4759/2749/4571 4993/2749/4986 4790/2743/4874
f 4759/2749/4571 4535/2748/4571 4842/2748/4880 4993/2749/4986
f 4694/2743/4874 4994/2749/4877 4727/2749/4880 4311/2743/4875
f 4566/2743/4995 4843/2749/4988 4994/2749/4877 4694/2743/4874
f 4843/2749/4988 4587/2748/4987 4841/2748/4985 4994/2749/4877
f 4838/2752/4884 4995/2751/4980 4840/2751/4984 4586/2752/4981
f 4536/2752/4579 4664/2751/4579 4995/2751/4980 4838/2752/4884
f 4664/2751/4579 4461/2750/4578 4792/2750/4882 4995/2751/4980
f 4791/2662/4878 4996/2753/4980 4839/2753/4982 4567/2662/4989
f 4476/2662/4570 4760/2753/4579 4996/2753/4980 4791/2662/4878
f 4760/2753/4579 4536/2752/4579 4838/2752/4884 4996/2753/4980
f 4695/2662/4878 4997/2753/4881 4728/2753/4884 4399/2662/4879
f 4567/2662/4989 4839/2753/4982 4997/2753/4881 4695/2662/4878
f 4839/2753/4982 4586/2752/4981 4837/2752/4884 4997/2753/4881
f 4834/2756/4888 4998/2755/4975 4836/2755/4979 4585/2756/4976
f 4537/2756/4586 4665/2755/4586 4998/2755/4975 4834/2756/4888
f 4665/2755/4586 4477/2642/4585 4793/2642/4886 4998/2755/4975
f 4792/2750/4882 4999/2757/4975 4835/2757/4977 4568/2750/4983
f 4461/2750/4578 4761/2757/4586 4999/2757/4975 4792/2750/4882
f 4761/2757/4586 4537/2756/4586 4834/2756/4888 4999/2757/4975
f 4696/2750/4882 5000/2757/4885 4729/2757/4974 4313/2750/4883
f 4568/2750/4983 4835/2757/4977 5000/2757/4885 4696/2750/4882
f 4835/2757/4977 4585/2756/4976 4833/2756/4888 5000/2757/4885
f 4830/2762/4892 5001/2761/4968 4832/2761/4973 4584/2762/4969
f 4538/2762/4592 4666/2761/4592 5001/2761/4968 4830/2762/4892
f 4666/2761/4592 4462/2760/4591 4794/2760/4971 5001/2761/4968
f 4793/2642/4886 5002/2763/4968 4831/2763/4970 4569/2642/4978
f 4477/2642/4585 4762/2763/4592 5002/2763/4968 4793/2642/4886
f 4762/2763/4592 4538/2762/4592 4830/2762/4892 5002/2763/4968
f 4697/2642/4886 5003/2763/4967 4730/2763/4892 4403/2642/4887
f 4569/2642/4978 4831/2763/4970 5003/2763/4967 4697/2642/4886
f 4831/2763/4970 4584/2762/4969 4829/2762/4892 5003/2763/4967
f 4826/2765/4962 5004/2764/4961 4828/2764/4966 4583/2765/4963
f 4539/2765/4598 4667/2764/4598 5004/2764/4961 4826/2765/4962
f 4667/2764/4598 4478/2622/4597 4795/2622/4894 5004/2764/4961
f 4794/2760/4971 5005/2766/4961 4827/2766/4964 4570/2760/4972
f 4462/2760/4591 4763/2766/4598 5005/2766/4961 4794/2760/4971
f 4763/2766/4598 4539/2765/4598 4826/2765/4962 5005/2766/4961
f 4698/2760/4890 5006/2766/4959 4731/2766/4896 4315/2760/4891
f 4570/2760/4972 4827/2766/4964 5006/2766/4959 4698/2760/4890
f 4827/2766/4964 4583/2765/4963 4825/2765/4960 5006/2766/4959
f 4822/2624/4952 5007/2625/4955 4824/2625/4958 4582/2624/4953
f 4540/2624/4605 4668/2625/4605 5007/2625/4955 4822/2624/4952
f 4668/2625/4605 4463/2615/4604 4796/2615/4956 5007/2625/4955
f 4795/2622/4894 5008/2623/4951 4823/2623/4954 4571/2622/4965
f 4478/2622/4597 4764/2623/4606 5008/2623/4951 4795/2622/4894
f 4764/2623/4606 4540/2624/4605 4822/2624/4952 5008/2623/4951
f 4699/2622/4894 5009/2623/4950 4732/2623/4900 4407/2622/4895
f 4571/2622/4965 4823/2623/4954 5009/2623/4950 4699/2622/4894
f 4823/2623/4954 4582/2624/4953 4821/2624/4900 5009/2623/4950
f 4818/2617/4942 5010/2767/4946 4820/2767/4949 4581/2617/4944
f 4541/2617/4619 4669/2767/4619 5010/2767/4946 4818/2617/4942
f 4669/2767/4619 4479/2602/4618 4797/2602/4947 5010/2767/4946
f 4796/2615/4956 5011/2616/4943 4819/2616/4945 4572/2615/4957
f 4463/2615/4604 4765/2616/4619 5011/2616/4943 4796/2615/4956
f 4765/2616/4619 4541/2617/4619 4818/2617/4942 5011/2616/4943
f 4700/2615/4898 5012/2616/4941 4733/2616/4904 4317/2615/4899
f 4572/2615/4957 4819/2616/4945 5012/2616/4941 4700/2615/4898
f 4819/2616/4945 4581/2617/4944 4817/2617/4942 5012/2616/4941
f 4814/2604/4908 5013/2605/4936 4816/2605/4940 4580/2604/4937
f 4542/2604/4632 4670/2605/4631 5013/2605/4936 4814/2604/4908
f 4670/2605/4631 4464/2594/4630 4798/2594/4906 5013/2605/4936
f 4797/2602/4947 5014/2603/4936 4815/2603/4938 4573/2602/4948
f 4479/2602/4618 4766/2603/4632 5014/2603/4936 4797/2602/4947
f 4766/2603/4632 4542/2604/4632 4814/2604/4908 5014/2603/4936
f 4701/2602/4902 5015/2603/4935 4734/2603/4908 4411/2602/4903
f 4573/2602/4948 4815/2603/4938 5015/2603/4935 4701/2602/4902
f 4815/2603/4938 4580/2604/4937 4813/2604/4908 5015/2603/4935
f 4810/2596/4912 5016/2597/4909 4812/2597/4934 4579/2596/4931
f 4543/2596/4637 4671/2597/4636 5016/2597/4909 4810/2596/4912
f 4671/2597/4636 4480/2771/4616 4799/2771/4910 5016/2597/4909
f 4798/2594/4906 5017/2595/4909 4811/2595/4932 4574/2594/4939
f 4464/2594/4630 4767/2595/4636 5017/2595/4909 4798/2594/4906
f 4767/2595/4636 4543/2596/4637 4810/2596/4912 5017/2595/4909
f 4702/2594/4906 5018/2595/4909 4735/2595/4912 4319/2594/4907
f 4574/2594/4939 4811/2595/4932 5018/2595/4909 4702/2594/4906
f 4811/2595/4932 4579/2596/4931 4809/2596/4912 5018/2595/4909
f 4806/2582/4916 5019/2583/4913 4808/2583/4930 4578/2582/4927
f 4544/2582/4615 4672/2583/4614 5019/2583/4913 4806/2582/4916
f 4672/2583/4614 4449/2577/4613 4800/2577/4914 5019/2583/4913
f 4799/2771/4910 5020/2581/4926 4807/2581/4928 4575/2771/4933
f 4480/2771/4616 4768/2581/4614 5020/2581/4926 4799/2771/4910
f 4768/2581/4614 4544/2582/4615 4806/2582/4916 5020/2581/4926
f 4703/2771/4910 5021/2581/4913 4736/2581/4916 4415/2771/4911
f 4575/2771/4933 4807/2581/4928 5021/2581/4913 4703/2771/4910
f 4807/2581/4928 4578/2582/4927 4805/2582/4916 5021/2581/4913
f 4802/2582/4921 5022/2581/4917 4804/2581/4925 4577/2582/4922
f 4513/2582/5118 4641/2581/5119 5022/2581/4917 4802/2582/4921
f 4641/2581/5119 4465/2580/4647 4673/2580/4918 5022/2581/4917
f 4800/2577/4914 5023/2583/4917 4803/2583/4923 4576/2577/4929
f 4449/2577/4613 4737/2583/5120 5023/2583/4917 4800/2577/4914
f 4737/2583/5120 4513/2582/5118 4802/2582/4921 5023/2583/4917
f 4704/2577/4914 5024/2583/4917 4705/2583/4920 4289/2577/4915
f 4576/2577/4929 4803/2583/4923 5024/2583/4917 4704/2577/4914
f 4803/2583/4923 4577/2582/4922 4801/2582/4921 5024/2583/4917
f 4801/2582/4921 5025/2581/4917 4609/2581/4920 4481/2582/4920
f 4577/2582/4922 4804/2581/4925 5025/2581/4917 4801/2582/4921
f 4804/2581/4925 4545/2580/4924 4769/2580/4918 5025/2581/4917
f 4805/2582/4916 5026/2583/4913 4640/2583/4916 4512/2582/4916
f 4578/2582/4927 4808/2583/4930 5026/2583/4913 4805/2582/4916
f 4808/2583/4930 4576/2577/4929 4704/2577/4914 5026/2583/4913
f 4809/2596/4912 5027/2597/4909 4639/2597/4912 4511/2596/4912
f 4579/2596/4931 4812/2597/4934 5027/2597/4909 4809/2596/4912
f 4812/2597/4934 4575/2771/4933 4703/2771/4910 5027/2597/4909
f 4813/2604/4908 5028/2605/4905 4638/2605/4908 4510/2604/4908
f 4580/2604/4937 4816/2605/4940 5028/2605/4905 4813/2604/4908
f 4816/2605/4940 4574/2594/4939 4702/2594/4906 5028/2605/4905
f 4817/2617/4942 5029/2767/4901 4637/2767/4904 4509/2617/4904
f 4581/2617/4944 4820/2767/4949 5029/2767/4901 4817/2617/4942
f 4820/2767/4949 4573/2602/4948 4701/2602/4902 5029/2767/4901
f 4821/2624/4900 5030/2625/4897 4636/2625/4900 4508/2624/4900
f 4582/2624/4953 4824/2625/4958 5030/2625/4897 4821/2624/4900
f 4824/2625/4958 4572/2615/4957 4700/2615/4898 5030/2625/4897
f 4825/2765/4960 5031/2764/4893 4635/2764/4896 4507/2765/4896
f 4583/2765/4963 4828/2764/4966 5031/2764/4893 4825/2765/4960
f 4828/2764/4966 4571/2622/4965 4699/2622/4894 5031/2764/4893
f 4829/2762/4892 5032/2761/4889 4634/2761/4892 4506/2762/4892
f 4584/2762/4969 4832/2761/4973 5032/2761/4889 4829/2762/4892
f 4832/2761/4973 4570/2760/4972 4698/2760/4890 5032/2761/4889
f 4833/2756/4888 5033/2755/4885 4633/2755/4888 4505/2756/4888
f 4585/2756/4976 4836/2755/4979 5033/2755/4885 4833/2756/4888
f 4836/2755/4979 4569/2642/4978 4697/2642/4886 5033/2755/4885
f 4837/2752/4884 5034/2751/4881 4632/2751/4884 4504/2752/4884
f 4586/2752/4981 4840/2751/4984 5034/2751/4881 4837/2752/4884
f 4840/2751/4984 4568/2750/4983 4696/2750/4882 5034/2751/4881
f 4841/2748/4985 5035/2747/4877 4631/2747/4880 4503/2748/4880
f 4587/2748/4987 4844/2747/4990 5035/2747/4877 4841/2748/4985
f 4844/2747/4990 4567/2662/4989 4695/2662/4878 5035/2747/4877
f 4845/2745/4876 5036/2744/4873 4630/2744/4876 4502/2745/4876
f 4588/2745/4993 4848/2744/4996 5036/2744/4873 4845/2745/4876
f 4848/2744/4996 4566/2743/4995 4694/2743/4874 5036/2744/4873
f 4849/2697/4998 5037/2698/4869 4629/2698/4872 4501/2697/4872
f 4589/2697/5000 4852/2698/5003 5037/2698/4869 4849/2697/4998
f 4852/2698/5003 4565/2682/5002 4693/2682/4870 5037/2698/4869
f 4853/2704/4868 5038/2705/4865 4628/2705/4868 4500/2704/5005
f 4590/2704/5006 4856/2705/5010 5038/2705/4865 4853/2704/4868
f 4856/2705/5010 4564/2695/5009 4692/2695/4866 5038/2705/4865
f 4857/2717/5011 5039/2718/4861 4627/2718/4864 4499/2717/4864
f 4591/2717/5012 4860/2718/5015 5039/2718/4861 4857/2717/5011
f 4860/2718/5015 4563/2741/5014 4691/2741/4862 5039/2718/4861
f 4861/2724/5017 5040/2725/4857 4626/2725/4860 4498/2724/4860
f 4592/2724/5018 4864/2725/5021 5040/2725/4857 4861/2724/5017
f 4864/2725/5021 4562/2715/5020 4690/2715/4858 5040/2725/4857
f 4865/2737/5023 5041/2738/4853 4625/2738/4856 4497/2737/4856
f 4593/2737/5024 4868/2738/5028 5041/2738/4853 4865/2737/5023
f 4868/2738/5028 4561/2722/5027 4689/2722/4854 5041/2738/4853
f 4869/2737/4852 5042/2736/4849 4624/2736/4852 4496/2737/4852
f 4594/2737/5030 4872/2736/5034 5042/2736/4849 4869/2737/4852
f 4872/2736/5034 4560/2735/5033 4688/2735/4850 5042/2736/4849
f 4873/2724/4848 5043/2723/4845 4623/2723/4848 4495/2724/4848
f 4595/2724/5035 4876/2723/5038 5043/2723/4845 4873/2724/4848
f 4876/2723/5038 4559/2722/5037 4687/2722/4846 5043/2723/4845
f 4877/2717/5039 5044/2716/4841 4622/2716/4844 4494/2717/4844
f 4596/2717/5041 4880/2716/5046 5044/2716/4841 4877/2717/5039
f 4880/2716/5046 4558/2715/5045 4686/2715/4842 5044/2716/4841
f 4881/2704/5047 5045/2703/4837 4621/2703/4840 4493/2704/5047
f 4597/2704/5049 4884/2703/5053 5045/2703/4837 4881/2704/5047
f 4884/2703/5053 4557/2702/5052 4685/2702/4838 5045/2703/4837
f 4885/2697/5054 5046/2696/4833 4620/2696/4836 4492/2697/4836
f 4598/2697/5056 4888/2696/5059 5046/2696/4833 4885/2697/5054
f 4888/2696/5059 4556/2695/5058 4684/2695/4834 5046/2696/4833
f 4889/2684/5060 5047/2683/4829 4619/2683/4832 4491/2684/4832
f 4599/2684/5062 4892/2683/5066 5047/2683/4829 4889/2684/5060
f 4892/2683/5066 4555/2682/5065 4683/2682/4830 5047/2683/4829
f 4893/2677/5067 5048/2676/4825 4618/2676/4828 4490/2677/4828
f 4600/2677/5068 4896/2676/5071 5048/2676/4825 4893/2677/5067
f 4896/2676/5071 4554/2675/5070 4682/2675/4826 5048/2676/4825
f 4897/2664/5072 5049/2663/4821 4617/2663/4824 4489/2664/4824
f 4601/2664/5073 4900/2663/5076 5049/2663/4821 4897/2664/5072
f 4900/2663/5076 4553/2662/5075 4681/2662/4822 5049/2663/4821
f 4901/2657/4820 5050/2656/4817 4616/2656/4820 4488/2657/4820
f 4602/2657/5078 4904/2656/5081 5050/2656/4817 4901/2657/4820
f 4904/2656/5081 4552/2655/5080 4680/2655/4818 5050/2656/4817
f 4905/2644/5082 5051/2643/4813 4615/2643/4816 4487/2644/4816
f 4603/2644/5083 4908/2643/5086 5051/2643/4813 4905/2644/5082
f 4908/2643/5086 4551/2642/5085 4679/2642/4814 5051/2643/4813
f 4909/2637/5087 5052/2636/4809 4614/2636/4812 4486/2637/4812
f 4604/2637/5089 4912/2636/5093 5052/2636/4809 4909/2637/5087
f 4912/2636/5093 4550/2635/5092 4678/2635/4810 5052/2636/4809
f 4913/2624/4808 5053/2623/4805 4613/2623/4808 4485/2624/4808
f 4605/2624/5095 4916/2623/5098 5053/2623/4805 4913/2624/4808
f 4916/2623/5098 4549/2622/5097 4677/2622/4806 5053/2623/4805
f 4917/2617/4804 5054/2616/4801 4612/2616/4804 4484/2617/5099
f 4606/2617/5102 4920/2616/5106 5054/2616/4801 4917/2617/4804
f 4920/2616/5106 4548/2615/5105 4676/2615/4802 5054/2616/4801
f 4921/2604/5107 5055/2603/4797 4611/2603/4800 4483/2604/4800
f 4607/2604/5108 4924/2603/5112 5055/2603/4797 4921/2604/5107
f 4924/2603/5112 4547/2602/5111 4675/2602/4798 5055/2603/4797
f 4925/2596/5113 5056/2595/4793 4610/2595/4796 4482/2596/4796
f 4608/2596/5114 4928/2595/5117 5056/2595/4793 4925/2596/5113
f 4928/2595/5117 4546/2594/5116 4674/2594/4794 5056/2595/4793
f 5632/2775/5121 5250/2776/5122 4416/2772/5123 5312/2587/5124
f 5631/2777/5125 5251/2778/5126 4320/2589/5127 5311/2593/5128
f 5630/2779/5129 5252/2780/5130 4412/2609/5131 5310/2608/5132
f 5629/2781/5133 5253/2782/5134 4318/2610/5135 5309/2614/5136
f 5628/2783/5137 5254/2784/5138 4408/2629/5139 5308/2628/5140
f 5627/2785/5141 5255/2786/5142 4316/2630/5143 5307/2634/5144
f 5626/2787/5145 5256/2788/5146 4404/2649/5147 5306/2648/5148
f 5625/2789/5149 5257/2790/5150 4314/2650/5151 5305/2654/5152
f 5624/2791/5153 5258/2792/5154 4400/2669/5155 5304/2668/5156
f 5623/2793/5157 5259/2794/5158 4312/2742/5159 5303/2674/5160
f 5622/2795/5161 5260/2796/5162 4396/2689/5163 5302/2688/5164
f 5621/2797/5165 5261/2798/5166 4310/2690/5167 5301/2694/5168
f 5620/2799/5169 5262/2800/5170 4392/2709/5171 5300/2708/5172
f 5619/2801/5173 5263/2802/5174 4308/2710/5175 5299/2714/5176
f 5618/2803/5177 5264/2804/5178 4388/2729/5179 5298/2728/5180
f 5617/2805/5181 5265/2806/5182 4306/2730/5183 5297/2734/5184
f 5616/2807/5185 5266/2804/5186 4384/2729/5187 5296/2732/5188
f 5615/2808/5189 5267/2802/5190 4304/2710/5191 5295/2726/5192
f 5614/2809/5193 5268/2800/5194 4380/2709/5195 5294/2712/5196
f 5613/2810/5197 5269/2798/5198 4302/2690/5199 5293/2706/5200
f 5612/2811/5201 5270/2796/5202 4376/2689/5203 5292/2692/5204
f 5611/2812/5205 5271/2813/5206 4300/2670/5207 5291/2686/5208
f 5610/2814/5209 5272/2792/5210 4372/2669/5211 5290/2672/5212
f 5609/2815/5213 5273/2790/5214 4298/2650/5215 5289/2666/5216
f 5608/2816/5217 5274/2788/5218 4368/2649/5219 5288/2652/5220
f 5607/2817/5221 5275/2786/5222 4296/2630/5223 5287/2646/5224
f 5606/2818/5225 5276/2784/5226 4364/2629/5227 5286/2632/5228
f 5605/2819/5229 5277/2820/5230 4294/2610/5231 5285/2626/5232
f 5604/2821/5233 5278/2780/5234 4360/2609/5235 5284/2612/5236
f 5603/2822/5237 5279/2778/5238 4292/2589/5239 5283/2606/5240
f 5602/2823/5241 5280/2776/5242 4355/2588/5243 5282/2591/5244
f 5601/2824/5245 5345/2825/5246 4290/2584/5247 5281/2585/5248
f 5600/2775/5245 5377/2826/5249 5057/2586/5250 5185/2587/5248
f 5599/2827/5251 5378/2828/5252 5153/2829/5253 5379/2830/5254
f 5598/2831/5255 5249/2832/5256 5121/2833/5257 5380/2834/5258
f 5597/2777/5241 5381/2835/5259 5058/2592/5244 5186/2593/5260
f 5596/2836/5261 5382/2837/5262 5154/2838/5263 5383/2839/5264
f 5595/2840/5265 5376/2841/5266 5152/2842/5267 5384/2843/5268
f 5594/2779/5237 5385/2844/5269 5059/2607/5240 5187/2608/5240
f 5593/2845/5270 5386/2846/5271 5155/2847/5272 5387/2848/5273
f 5592/2849/5274 5375/2850/5275 5151/2851/5276 5388/2852/5277
f 5591/2781/5278 5389/2853/5279 5060/2613/5236 5188/2614/5280
f 5590/2854/5281 5390/2855/5282 5156/2856/5283 5391/2857/5284
f 5589/2858/5285 5374/2859/5286 5150/2860/5287 5392/2861/5288
f 5588/2783/5229 5393/2862/5289 5061/2627/5232 5189/2628/5232
f 5587/2863/5290 5394/2864/5291 5157/2865/5292 5395/2866/5293
f 5586/2867/5294 5373/2868/5295 5149/2869/5296 5396/2870/5297
f 5585/2785/5298 5397/2871/5299 5062/2633/5300 5190/2634/5300
f 5584/2872/5301 5398/2873/5302 5158/2874/5303 5399/2875/5304
f 5583/2876/5305 5372/2877/5306 5148/2878/5307 5400/2879/5308
f 5582/2880/5221 5401/2881/5309 5063/2647/5224 5191/2648/5224
f 5581/2882/5310 5402/2883/5311 5159/2884/5312 5403/2885/5313
f 5580/2886/5314 5371/2887/5315 5147/2888/5316 5404/2889/5317
f 5579/2789/5217 5405/2890/5318 5064/2653/5319 5192/2654/5319
f 5578/2891/5320 5406/2892/5321 5160/2893/5322 5407/2894/5323
f 5577/2895/5324 5370/2896/5325 5146/2897/5326 5408/2898/5327
f 5576/2899/5213 5409/2900/5328 5065/2667/5216 5193/2668/5216
f 5575/2901/5329 5410/2902/5330 5161/2903/5331 5411/2904/5332
f 5574/2905/5333 5369/2906/5334 5145/2907/5335 5412/2908/5336
f 5573/2793/5209 5413/2909/5337 5066/2673/5338 5194/2674/5339
f 5572/2910/5340 5414/2911/5341 5162/2912/5342 5415/2913/5343
f 5571/2914/5344 5368/2915/5345 5144/2916/5346 5416/2917/5347
f 5570/2795/5348 5417/2918/5349 5067/2687/5350 5195/2688/5351
f 5569/2919/5352 5418/2920/5353 5163/2921/5354 5419/2922/5355
f 5568/2923/5356 5367/2924/5357 5143/2925/5358 5420/2926/5359
f 5567/2797/5360 5421/2927/5361 5068/2693/5362 5196/2694/5362
f 5566/2928/5363 5422/2929/5364 5164/2930/5365 5423/2931/5366
f 5565/2932/5367 5366/2933/5368 5142/2934/5369 5424/2935/5370
f 5564/2799/5371 5425/2936/5372 5069/2707/5373 5197/2708/5200
f 5563/2937/5374 5426/2938/5375 5165/2939/5376 5427/2940/5377
f 5562/2941/5378 5365/2942/5379 5141/2943/5380 5428/2944/5381
f 5561/2801/5382 5429/2945/5383 5070/2713/5196 5198/2714/5384
f 5560/2946/5385 5430/2947/5386 5166/2948/5387 5431/2949/5388
f 5559/2950/5389 5364/2951/5390 5140/2952/5391 5432/2953/5392
f 5558/2803/5189 5433/2954/5393 5071/2727/5394 5199/2728/5395
f 5557/2955/5396 5434/2956/5397 5167/2957/5398 5435/2958/5399
f 5556/2959/5400 5363/2960/5401 5139/2961/5402 5436/2962/5403
f 5555/2805/5185 5437/2963/5404 5072/2733/5188 5200/2734/5188
f 5554/2964/5405 5438/2965/5406 5168/2966/5407 5439/2967/5408
f 5553/2968/5409 5362/2969/5410 5138/2970/5411 5440/2971/5412
f 5552/2807/5181 5441/2963/5413 5073/2733/5184 5201/2732/5184
f 5551/2968/5414 5442/2965/5415 5169/2966/5416 5443/2971/5417
f 5550/2964/5418 5361/2972/5419 5137/2973/5420 5444/2967/5421
f 5549/2808/5422 5445/2954/5423 5074/2727/5180 5202/2726/5180
f 5548/2959/5424 5446/2956/5425 5170/2957/5426 5447/2962/5427
f 5547/2955/5428 5360/2969/5429 5136/2970/5430 5448/2958/5431
f 5546/2809/5432 5449/2945/5433 5075/2713/5434 5203/2712/5434
f 5545/2950/5435 5450/2947/5436 5171/2974/5437 5451/2953/5438
f 5544/2946/5439 5359/2960/5440 5135/2961/5441 5452/2949/5442
f 5543/2810/5443 5453/2975/5444 5076/2707/5445 5204/2706/5172
f 5542/2941/5446 5454/2938/5447 5172/2939/5448 5455/2944/5449
f 5541/2937/5450 5358/2951/5451 5134/2952/5452 5456/2940/5453
f 5540/2811/5454 5457/2927/5455 5077/2693/5456 5205/2692/5457
f 5539/2932/5458 5458/2929/5459 5173/2930/5460 5459/2935/5461
f 5538/2928/5462 5357/2942/5463 5133/2976/5464 5460/2931/5465
f 5537/2812/5466 5461/2918/5467 5078/2687/5164 5206/2686/5164
f 5536/2923/5468 5462/2977/5469 5174/2921/5470 5463/2926/5471
f 5535/2919/5472 5356/2933/5473 5132/2934/5474 5464/2978/5475
f 5534/2814/5476 5465/2909/5477 5079/2673/5478 5207/2672/5478
f 5533/2914/5479 5466/2979/5480 5175/2912/5481 5467/2980/5482
f 5532/2981/5483 5355/2982/5484 5131/2983/5485 5468/2913/5486
f 5531/2815/5487 5469/2900/5488 5080/2667/5156 5208/2666/5156
f 5530/2905/5489 5470/2902/5490 5176/2903/5491 5471/2908/5492
f 5529/2984/5493 5354/2915/5494 5130/2916/5495 5472/2985/5496
f 5528/2816/5149 5473/2986/5497 5081/2758/5498 5209/2652/5152
f 5527/2895/5499 5474/2987/5500 5177/2988/5501 5475/2898/5502
f 5526/2891/5503 5353/2906/5504 5129/2907/5505 5476/2894/5506
f 5525/2817/5507 5477/2881/5508 5082/2759/5509 5210/2646/5510
f 5524/2886/5511 5478/2883/5512 5178/2989/5513 5479/2889/5514
f 5523/2882/5515 5352/2896/5516 5128/2897/5517 5480/2885/5518
f 5522/2818/5519 5481/2990/5520 5083/2633/5144 5211/2632/5144
f 5521/2876/5521 5482/2873/5522 5179/2874/5523 5483/2879/5524
f 5520/2872/5525 5351/2887/5526 5127/2888/5527 5484/2991/5528
f 5519/2819/5137 5485/2862/5529 5084/2627/5530 5212/2626/5531
f 5518/2992/5532 5486/2864/5533 5180/2865/5534 5487/2870/5535
f 5517/2863/5536 5350/2877/5537 5126/2993/5538 5488/2866/5539
f 5516/2821/5540 5489/2853/5541 5085/2613/5136 5213/2612/5136
f 5515/2858/5542 5490/2855/5543 5181/2856/5544 5491/2861/5545
f 5514/2854/5546 5349/2868/5547 5125/2869/5548 5492/2857/5549
f 5513/2822/5550 5493/2844/5551 5086/2769/5552 5214/2606/5553
f 5512/2994/5554 5494/2846/5555 5182/2847/5556 5495/2852/5557
f 5511/2845/5558 5348/2859/5559 5124/2860/5560 5496/2848/5561
f 5510/2823/5125 5497/2835/5562 5087/2592/5563 5215/2591/5563
f 5509/2840/5564 5498/2837/5565 5183/2838/5566 5499/2843/5567
f 5508/2836/5568 5347/2850/5569 5123/2851/5570 5500/2839/5571
f 5507/2824/5121 5501/2826/5572 5088/2586/5124 5216/2585/5124
f 5506/2831/5573 5502/2828/5574 5184/2829/5575 5503/2834/5576
f 5505/2827/5577 5346/2841/5578 5122/2842/5579 5504/2830/5580
f 5502/2828/5574 5505/2827/5577 5504/2830/5580 5184/2829/5575
f 5120/2582/4742 5344/2581/4741 5505/2827/5577 5502/2828/5574
f 5344/2581/4741 4448/2771/4740 5346/2841/5578 5505/2827/5577
f 5249/2832/5256 5506/2831/5573 5503/2834/5576 5121/2833/5257
f 4417/2577/4537 5248/2583/4743 5506/2831/5573 5249/2832/5256
f 5248/2583/4743 5120/2582/4742 5502/2828/5574 5506/2831/5573
f 5345/2825/5246 5507/2824/5121 5216/2585/5124 4290/2584/5247
f 5121/2833/5257 5503/2834/5576 5507/2824/5121 5345/2825/5246
f 5503/2834/5576 5184/2829/5575 5501/2826/5572 5507/2824/5121
f 5498/2837/5565 5508/2836/5568 5500/2839/5571 5183/2838/5566
f 5119/2596/4788 5343/2595/4787 5508/2836/5568 5498/2837/5565
f 5343/2595/4787 4432/2594/4778 5347/2850/5569 5508/2836/5568
f 5346/2841/5578 5509/2840/5564 5499/2843/5567 5122/2842/5579
f 4448/2771/4740 5247/2597/4789 5509/2840/5564 5346/2841/5578
f 5247/2597/4789 5119/2596/4788 5498/2837/5565 5509/2840/5564
f 5250/2776/5122 5510/2823/5125 5215/2591/5563 4416/2772/5123
f 5122/2842/5579 5499/2843/5567 5510/2823/5125 5250/2776/5122
f 5499/2843/5567 5183/2838/5566 5497/2835/5562 5510/2823/5125
f 5494/2846/5555 5511/2845/5558 5496/2848/5561 5182/2847/5556
f 5118/2604/4776 5342/2603/4775 5511/2845/5558 5494/2846/5555
f 5342/2603/4775 4447/2602/4763 5348/2859/5559 5511/2845/5558
f 5347/2850/5569 5512/2994/5554 5495/2852/5557 5123/2851/5570
f 4432/2594/4778 5246/2605/4777 5512/2994/5554 5347/2850/5569
f 5246/2605/4777 5118/2604/4776 5494/2846/5555 5512/2994/5554
f 5251/2778/5126 5513/2822/5550 5214/2606/5553 4320/2589/5127
f 5123/2851/5570 5495/2852/5557 5513/2822/5550 5251/2778/5126
f 5495/2852/5557 5182/2847/5556 5493/2844/5551 5513/2822/5550
f 5490/2855/5543 5514/2854/5546 5492/2857/5549 5181/2856/5544
f 5117/2617/4761 5341/2616/4760 5514/2854/5546 5490/2855/5543
f 5341/2616/4760 4431/2615/4748 5349/2868/5547 5514/2854/5546
f 5348/2859/5559 5515/2858/5542 5491/2861/5545 5124/2860/5560
f 4447/2602/4763 5245/2767/4762 5515/2858/5542 5348/2859/5559
f 5245/2767/4762 5117/2617/4761 5490/2855/5543 5515/2858/5542
f 5252/2780/5130 5516/2821/5540 5213/2612/5136 4412/2609/5131
f 5124/2860/5560 5491/2861/5545 5516/2821/5540 5252/2780/5130
f 5491/2861/5545 5181/2856/5544 5489/2853/5541 5516/2821/5540
f 5486/2864/5533 5517/2863/5536 5488/2866/5539 5180/2865/5534
f 5116/2624/4746 5340/2623/4745 5517/2863/5536 5486/2864/5533
f 5340/2623/4745 4446/2622/4733 5350/2877/5537 5517/2863/5536
f 5349/2868/5547 5518/2992/5532 5487/2870/5535 5125/2869/5548
f 4431/2615/4748 5244/2625/4747 5518/2992/5532 5349/2868/5547
f 5244/2625/4747 5116/2624/4746 5486/2864/5533 5518/2992/5532
f 5253/2782/5134 5519/2819/5137 5212/2626/5531 4318/2610/5135
f 5125/2869/5548 5487/2870/5535 5519/2819/5137 5253/2782/5134
f 5487/2870/5535 5180/2865/5534 5485/2862/5529 5519/2819/5137
f 5482/2873/5522 5520/2872/5525 5484/2991/5528 5179/2874/5523
f 5115/2765/4731 5339/2766/4730 5520/2872/5525 5482/2873/5522
f 5339/2766/4730 4430/2760/4723 5351/2887/5526 5520/2872/5525
f 5350/2877/5537 5521/2876/5521 5483/2879/5524 5126/2993/5538
f 4446/2622/4733 5243/2764/4732 5521/2876/5521 5350/2877/5537
f 5243/2764/4732 5115/2765/4731 5482/2873/5522 5521/2876/5521
f 5254/2784/5138 5522/2818/5519 5211/2632/5144 4408/2629/5139
f 5126/2993/5538 5483/2879/5524 5522/2818/5519 5254/2784/5138
f 5483/2879/5524 5179/2874/5523 5481/2990/5520 5522/2818/5519
f 5478/2883/5512 5523/2882/5515 5480/2885/5518 5178/2989/5513
f 5114/2762/4721 5338/2763/4720 5523/2882/5515 5478/2883/5512
f 5338/2763/4720 4445/2642/4713 5352/2896/5516 5523/2882/5515
f 5351/2887/5526 5524/2886/5511 5479/2889/5514 5127/2888/5527
f 4430/2760/4723 5242/2761/4722 5524/2886/5511 5351/2887/5526
f 5242/2761/4722 5114/2762/4721 5478/2883/5512 5524/2886/5511
f 5255/2786/5142 5525/2817/5507 5210/2646/5510 4316/2630/5143
f 5127/2888/5527 5479/2889/5514 5525/2817/5507 5255/2786/5142
f 5479/2889/5514 5178/2989/5513 5477/2881/5508 5525/2817/5507
f 5474/2987/5500 5526/2891/5503 5476/2894/5506 5177/2988/5501
f 5113/2756/4711 5337/2757/4710 5526/2891/5503 5474/2987/5500
f 5337/2757/4710 4429/2750/4703 5353/2906/5504 5526/2891/5503
f 5352/2896/5516 5527/2895/5499 5475/2898/5502 5128/2897/5517
f 4445/2642/4713 5241/2755/4712 5527/2895/5499 5352/2896/5516
f 5241/2755/4712 5113/2756/4711 5474/2987/5500 5527/2895/5499
f 5256/2788/5146 5528/2816/5149 5209/2652/5152 4404/2649/5147
f 5128/2897/5517 5475/2898/5502 5528/2816/5149 5256/2788/5146
f 5475/2898/5502 5177/2988/5501 5473/2986/5497 5528/2816/5149
f 5470/2902/5490 5529/2984/5493 5472/2985/5496 5176/2903/5491
f 5112/2752/4701 5336/2753/4700 5529/2984/5493 5470/2902/5490
f 5336/2753/4700 4444/2662/4693 5354/2915/5494 5529/2984/5493
f 5353/2906/5504 5530/2905/5489 5471/2908/5492 5129/2907/5505
f 4429/2750/4703 5240/2751/4702 5530/2905/5489 5353/2906/5504
f 5240/2751/4702 5112/2752/4701 5470/2902/5490 5530/2905/5489
f 5257/2790/5150 5531/2815/5487 5208/2666/5156 4314/2650/5151
f 5129/2907/5505 5471/2908/5492 5531/2815/5487 5257/2790/5150
f 5471/2908/5492 5176/2903/5491 5469/2900/5488 5531/2815/5487
f 5466/2979/5480 5532/2981/5483 5468/2913/5486 5175/2912/5481
f 5111/2748/4691 5335/2749/4690 5532/2981/5483 5466/2979/5480
f 5335/2749/4690 4428/2743/4683 5355/2982/5484 5532/2981/5483
f 5354/2915/5494 5533/2914/5479 5467/2980/5482 5130/2916/5495
f 4444/2662/4693 5239/2747/4692 5533/2914/5479 5354/2915/5494
f 5239/2747/4692 5111/2748/4691 5466/2979/5480 5533/2914/5479
f 5258/2792/5154 5534/2814/5476 5207/2672/5478 4400/2669/5155
f 5130/2916/5495 5467/2980/5482 5534/2814/5476 5258/2792/5154
f 5467/2980/5482 5175/2912/5481 5465/2909/5477 5534/2814/5476
f 5462/2977/5469 5535/2919/5472 5464/2978/5475 5174/2921/5470
f 5110/2745/4681 5334/2746/4680 5535/2919/5472 5462/2977/5469
f 5334/2746/4680 4443/2682/4673 5356/2933/5473 5535/2919/5472
f 5355/2982/5484 5536/2923/5468 5463/2926/5471 5131/2983/5485
f 4428/2743/4683 5238/2744/4682 5536/2923/5468 5355/2982/5484
f 5238/2744/4682 5110/2745/4681 5462/2977/5469 5536/2923/5468
f 5259/2794/5158 5537/2812/5466 5206/2686/5164 4312/2742/5159
f 5131/2983/5485 5463/2926/5471 5537/2812/5466 5259/2794/5158
f 5463/2926/5471 5174/2921/5470 5461/2918/5467 5537/2812/5466
f 5458/2929/5459 5538/2928/5462 5460/2931/5465 5173/2930/5460
f 5109/2697/4671 5333/2696/4670 5538/2928/5462 5458/2929/5459
f 5333/2696/4670 4427/2695/4663 5357/2942/5463 5538/2928/5462
f 5356/2933/5473 5539/2932/5458 5459/2935/5461 5132/2934/5474
f 4443/2682/4673 5237/2698/4672 5539/2932/5458 5356/2933/5473
f 5237/2698/4672 5109/2697/4671 5458/2929/5459 5539/2932/5458
f 5260/2796/5162 5540/2811/5454 5205/2692/5457 4396/2689/5163
f 5132/2934/5474 5459/2935/5461 5540/2811/5454 5260/2796/5162
f 5459/2935/5461 5173/2930/5460 5457/2927/5455 5540/2811/5454
f 5454/2938/5447 5541/2937/5450 5456/2940/5453 5172/2939/5448
f 5108/2704/4661 5332/2703/4660 5541/2937/5450 5454/2938/5447
f 5332/2703/4660 4442/2741/4652 5358/2951/5451 5541/2937/5450
f 5357/2942/5463 5542/2941/5446 5455/2944/5449 5133/2976/5464
f 4427/2695/4663 5236/2705/4662 5542/2941/5446 5357/2942/5463
f 5236/2705/4662 5108/2704/4661 5454/2938/5447 5542/2941/5446
f 5261/2798/5166 5543/2810/5443 5204/2706/5172 4310/2690/5167
f 5133/2976/5464 5455/2944/5449 5543/2810/5443 5261/2798/5166
f 5455/2944/5449 5172/2939/5448 5453/2975/5444 5543/2810/5443
f 5450/2947/5436 5544/2946/5439 5452/2949/5442 5171/2974/5437
f 5107/2717/4650 5331/2716/4649 5544/2946/5439 5450/2947/5436
f 5331/2716/4649 4426/2715/4648 5359/2960/5440 5544/2946/5439
f 5358/2951/5451 5545/2950/5435 5451/2953/5438 5134/2952/5452
f 4442/2741/4652 5235/2718/4651 5545/2950/5435 5358/2951/5451
f 5235/2718/4651 5107/2717/4650 5450/2947/5436 5545/2950/5435
f 5262/2800/5170 5546/2809/5432 5203/2712/5434 4392/2709/5171
f 5134/2952/5452 5451/2953/5438 5546/2809/5432 5262/2800/5170
f 5451/2953/5438 5171/2974/5437 5449/2945/5433 5546/2809/5432
f 5446/2956/5425 5547/2955/5428 5448/2958/5431 5170/2957/5426
f 5106/2724/4791 5330/2723/4790 5547/2955/5428 5446/2956/5425
f 5330/2723/4790 4441/2722/4782 5360/2969/5429 5547/2955/5428
f 5359/2960/5440 5548/2959/5424 5447/2962/5427 5135/2961/5441
f 4426/2715/4648 5234/2725/4792 5548/2959/5424 5359/2960/5440
f 5234/2725/4792 5106/2724/4791 5446/2956/5425 5548/2959/5424
f 5263/2802/5174 5549/2808/5422 5202/2726/5180 4308/2710/5175
f 5135/2961/5441 5447/2962/5427 5549/2808/5422 5263/2802/5174
f 5447/2962/5427 5170/2957/5426 5445/2954/5423 5549/2808/5422
f 5442/2965/5415 5550/2964/5418 5444/2967/5421 5169/2966/5416
f 5105/2737/4781 5329/2736/4780 5550/2964/5418 5442/2965/5415
f 5329/2736/4780 4425/2735/4768 5361/2972/5419 5550/2964/5418
f 5360/2969/5429 5551/2968/5414 5443/2971/5417 5136/2970/5430
f 4441/2722/4782 5233/2738/4781 5551/2968/5414 5360/2969/5429
f 5233/2738/4781 5105/2737/4781 5442/2965/5415 5551/2968/5414
f 5264/2804/5178 5552/2807/5181 5201/2732/5184 4388/2729/5179
f 5136/2970/5430 5443/2971/5417 5552/2807/5181 5264/2804/5178
f 5443/2971/5417 5169/2966/5416 5441/2963/5413 5552/2807/5181
f 5438/2965/5406 5553/2968/5409 5440/2971/5412 5168/2966/5407
f 5104/2737/4766 5328/2738/4765 5553/2968/5409 5438/2965/5406
f 5328/2738/4765 4440/2722/4753 5362/2969/5410 5553/2968/5409
f 5361/2972/5419 5554/2964/5405 5439/2967/5408 5137/2973/5420
f 4425/2735/4768 5232/2736/4767 5554/2964/5405 5361/2972/5419
f 5232/2736/4767 5104/2737/4766 5438/2965/5406 5554/2964/5405
f 5265/2806/5182 5555/2805/5185 5200/2734/5188 4306/2730/5183
f 5137/2973/5420 5439/2967/5408 5555/2805/5185 5265/2806/5182
f 5439/2967/5408 5168/2966/5407 5437/2963/5404 5555/2805/5185
f 5434/2956/5397 5556/2959/5400 5436/2962/5403 5167/2957/5398
f 5103/2724/4751 5327/2725/4750 5556/2959/5400 5434/2956/5397
f 5327/2725/4750 4424/2715/4738 5363/2960/5401 5556/2959/5400
f 5362/2969/5410 5557/2955/5396 5435/2958/5399 5138/2970/5411
f 4440/2722/4753 5231/2723/4752 5557/2955/5396 5362/2969/5410
f 5231/2723/4752 5103/2724/4751 5434/2956/5397 5557/2955/5396
f 5266/2804/5186 5558/2803/5189 5199/2728/5395 4384/2729/5187
f 5138/2970/5411 5435/2958/5399 5558/2803/5189 5266/2804/5186
f 5435/2958/5399 5167/2957/5398 5433/2954/5393 5558/2803/5189
f 5430/2947/5386 5559/2950/5389 5432/2953/5392 5166/2948/5387
f 5102/2717/4736 5326/2718/4735 5559/2950/5389 5430/2947/5386
f 5326/2718/4735 4439/2702/4728 5364/2951/5390 5559/2950/5389
f 5363/2960/5401 5560/2946/5385 5431/2949/5388 5139/2961/5402
f 4424/2715/4738 5230/2716/4737 5560/2946/5385 5363/2960/5401
f 5230/2716/4737 5102/2717/4736 5430/2947/5386 5560/2946/5385
f 5267/2802/5190 5561/2801/5382 5198/2714/5384 4304/2710/5191
f 5139/2961/5402 5431/2949/5388 5561/2801/5382 5267/2802/5190
f 5431/2949/5388 5166/2948/5387 5429/2945/5383 5561/2801/5382
f 5426/2938/5375 5562/2941/5378 5428/2944/5381 5165/2939/5376
f 5101/2704/4726 5325/2705/4725 5562/2941/5378 5426/2938/5375
f 5325/2705/4725 4423/2695/4718 5365/2942/5379 5562/2941/5378
f 5364/2951/5390 5563/2937/5374 5427/2940/5377 5140/2952/5391
f 4439/2702/4728 5229/2703/4727 5563/2937/5374 5364/2951/5390
f 5229/2703/4727 5101/2704/4726 5426/2938/5375 5563/2937/5374
f 5268/2800/5194 5564/2799/5371 5197/2708/5200 4380/2709/5195
f 5140/2952/5391 5427/2940/5377 5564/2799/5371 5268/2800/5194
f 5427/2940/5377 5165/2939/5376 5425/2936/5372 5564/2799/5371
f 5422/2929/5364 5565/2932/5367 5424/2935/5370 5164/2930/5365
f 5100/2697/4716 5324/2698/4715 5565/2932/5367 5422/2929/5364
f 5324/2698/4715 4438/2682/4708 5366/2933/5368 5565/2932/5367
f 5365/2942/5379 5566/2928/5363 5423/2931/5366 5141/2943/5380
f 4423/2695/4718 5228/2696/4717 5566/2928/5363 5365/2942/5379
f 5228/2696/4717 5100/2697/4716 5422/2929/5364 5566/2928/5363
f 5269/2798/5198 5567/2797/5360 5196/2694/5362 4302/2690/5199
f 5141/2943/5380 5423/2931/5366 5567/2797/5360 5269/2798/5198
f 5423/2931/5366 5164/2930/5365 5421/2927/5361 5567/2797/5360
f 5418/2920/5353 5568/2923/5356 5420/2926/5359 5163/2921/5354
f 5099/2684/4706 5323/2685/4705 5568/2923/5356 5418/2920/5353
f 5323/2685/4705 4422/2675/4698 5367/2924/5357 5568/2923/5356
f 5366/2933/5368 5569/2919/5352 5419/2922/5355 5142/2934/5369
f 4438/2682/4708 5227/2683/4707 5569/2919/5352 5366/2933/5368
f 5227/2683/4707 5099/2684/4706 5418/2920/5353 5569/2919/5352
f 5270/2796/5202 5570/2795/5348 5195/2688/5351 4376/2689/5203
f 5142/2934/5369 5419/2922/5355 5570/2795/5348 5270/2796/5202
f 5419/2922/5355 5163/2921/5354 5417/2918/5349 5570/2795/5348
f 5414/2911/5341 5571/2914/5344 5416/2917/5347 5162/2912/5342
f 5098/2677/4696 5322/2678/4695 5571/2914/5344 5414/2911/5341
f 5322/2678/4695 4437/2662/4688 5368/2915/5345 5571/2914/5344
f 5367/2924/5357 5572/2910/5340 5415/2913/5343 5143/2925/5358
f 4422/2675/4698 5226/2676/4697 5572/2910/5340 5367/2924/5357
f 5226/2676/4697 5098/2677/4696 5414/2911/5341 5572/2910/5340
f 5271/2813/5206 5573/2793/5209 5194/2674/5339 4300/2670/5207
f 5143/2925/5358 5415/2913/5343 5573/2793/5209 5271/2813/5206
f 5415/2913/5343 5162/2912/5342 5413/2909/5337 5573/2793/5209
f 5410/2902/5330 5574/2905/5333 5412/2908/5336 5161/2903/5331
f 5097/2664/4686 5321/2665/4685 5574/2905/5333 5410/2902/5330
f 5321/2665/4685 4421/2655/4678 5369/2906/5334 5574/2905/5333
f 5368/2915/5345 5575/2901/5329 5411/2904/5332 5144/2916/5346
f 4437/2662/4688 5225/2663/4687 5575/2901/5329 5368/2915/5345
f 5225/2663/4687 5097/2664/4686 5410/2902/5330 5575/2901/5329
f 5272/2792/5210 5576/2899/5213 5193/2668/5216 4372/2669/5211
f 5144/2916/5346 5411/2904/5332 5576/2899/5213 5272/2792/5210
f 5411/2904/5332 5161/2903/5331 5409/2900/5328 5576/2899/5213
f 5406/2892/5321 5577/2895/5324 5408/2898/5327 5160/2893/5322
f 5096/2657/4676 5320/2658/4675 5577/2895/5324 5406/2892/5321
f 5320/2658/4675 4436/2642/4668 5370/2896/5325 5577/2895/5324
f 5369/2906/5334 5578/2891/5320 5407/2894/5323 5145/2907/5335
f 4421/2655/4678 5224/2656/4677 5578/2891/5320 5369/2906/5334
f 5224/2656/4677 5096/2657/4676 5406/2892/5321 5578/2891/5320
f 5273/2790/5214 5579/2789/5217 5192/2654/5319 4298/2650/5215
f 5145/2907/5335 5407/2894/5323 5579/2789/5217 5273/2790/5214
f 5407/2894/5323 5160/2893/5322 5405/2890/5318 5579/2789/5217
f 5402/2883/5311 5580/2886/5314 5404/2889/5317 5159/2884/5312
f 5095/2644/4666 5319/2645/4665 5580/2886/5314 5402/2883/5311
f 5319/2645/4665 4420/2635/4658 5371/2887/5315 5580/2886/5314
f 5370/2896/5325 5581/2882/5310 5403/2885/5313 5146/2897/5326
f 4436/2642/4668 5223/2643/4667 5581/2882/5310 5370/2896/5325
f 5223/2643/4667 5095/2644/4666 5402/2883/5311 5581/2882/5310
f 5274/2788/5218 5582/2880/5221 5191/2648/5224 4368/2649/5219
f 5146/2897/5326 5403/2885/5313 5582/2880/5221 5274/2788/5218
f 5403/2885/5313 5159/2884/5312 5401/2881/5309 5582/2880/5221
f 5398/2873/5302 5583/2876/5305 5400/2879/5308 5158/2874/5303
f 5094/2637/4656 5318/2638/4655 5583/2876/5305 5398/2873/5302
f 5318/2638/4655 4435/2622/4641 5372/2877/5306 5583/2876/5305
f 5371/2887/5315 5584/2872/5301 5399/2875/5304 5147/2888/5316
f 4420/2635/4658 5222/2636/4657 5584/2872/5301 5371/2887/5315
f 5222/2636/4657 5094/2637/4656 5398/2873/5302 5584/2872/5301
f 5275/2786/5222 5585/2785/5298 5190/2634/5300 4296/2630/5223
f 5147/2888/5316 5399/2875/5304 5585/2785/5298 5275/2786/5222
f 5399/2875/5304 5158/2874/5303 5397/2871/5299 5585/2785/5298
f 5394/2864/5291 5586/2867/5294 5396/2870/5297 5157/2865/5292
f 5093/2624/4640 5317/2625/4639 5586/2867/5294 5394/2864/5291
f 5317/2625/4639 4419/2615/4638 5373/2868/5295 5586/2867/5294
f 5372/2877/5306 5587/2863/5290 5395/2866/5293 5148/2878/5307
f 4435/2622/4641 5221/2623/4640 5587/2863/5290 5372/2877/5306
f 5221/2623/4640 5093/2624/4640 5394/2864/5291 5587/2863/5290
f 5276/2784/5226 5588/2783/5229 5189/2628/5232 4364/2629/5227
f 5148/2878/5307 5395/2866/5293 5588/2783/5229 5276/2784/5226
f 5395/2866/5293 5157/2865/5292 5393/2862/5289 5588/2783/5229
f 5390/2855/5282 5589/2858/5285 5392/2861/5288 5156/2856/5283
f 5092/2617/4785 5316/2618/4784 5589/2858/5285 5390/2855/5282
f 5316/2618/4784 4434/2602/4773 5374/2859/5286 5589/2858/5285
f 5373/2868/5295 5590/2854/5281 5391/2857/5284 5149/2869/5296
f 4419/2615/4638 5220/2616/4786 5590/2854/5281 5373/2868/5295
f 5220/2616/4786 5092/2617/4785 5390/2855/5282 5590/2854/5281
f 5277/2820/5230 5591/2781/5278 5188/2614/5280 4294/2610/5231
f 5149/2869/5296 5391/2857/5284 5591/2781/5278 5277/2820/5230
f 5391/2857/5284 5156/2856/5283 5389/2853/5279 5591/2781/5278
f 5386/2846/5271 5592/2849/5274 5388/2852/5277 5155/2847/5272
f 5091/2604/4771 5315/2605/4770 5592/2849/5274 5386/2846/5271
f 5315/2605/4770 4418/2594/4758 5375/2850/5275 5592/2849/5274
f 5374/2859/5286 5593/2845/5270 5387/2848/5273 5150/2860/5287
f 4434/2602/4773 5219/2603/4772 5593/2845/5270 5374/2859/5286
f 5219/2603/4772 5091/2604/4771 5386/2846/5271 5593/2845/5270
f 5278/2780/5234 5594/2779/5237 5187/2608/5240 4360/2609/5235
f 5150/2860/5287 5387/2848/5273 5594/2779/5237 5278/2780/5234
f 5387/2848/5273 5155/2847/5272 5385/2844/5269 5594/2779/5237
f 5382/2837/5262 5595/2840/5265 5384/2843/5268 5154/2838/5263
f 5090/2596/4756 5314/2597/4755 5595/2840/5265 5382/2837/5262
f 5314/2597/4755 4433/2580/4541 5376/2841/5266 5595/2840/5265
f 5375/2850/5275 5596/2836/5261 5383/2839/5264 5151/2851/5276
f 4418/2594/4758 5218/2595/4757 5596/2836/5261 5375/2850/5275
f 5218/2595/4757 5090/2596/4756 5382/2837/5262 5596/2836/5261
f 5279/2778/5238 5597/2777/5241 5186/2593/5260 4292/2589/5239
f 5151/2851/5276 5383/2839/5264 5597/2777/5241 5279/2778/5238
f 5383/2839/5264 5154/2838/5263 5381/2835/5259 5597/2777/5241
f 5378/2828/5252 5598/2831/5255 5380/2834/5258 5153/2829/5253
f 5089/2582/4539 5313/2583/4538 5598/2831/5255 5378/2828/5252
f 5313/2583/4538 4417/2577/4537 5249/2832/5256 5598/2831/5255
f 5376/2841/5266 5599/2827/5251 5379/2830/5254 5152/2842/5267
f 4433/2580/4541 5217/2581/4540 5599/2827/5251 5376/2841/5266
f 5217/2581/4540 5089/2582/4539 5378/2828/5252 5599/2827/5251
f 5280/2776/5242 5600/2775/5245 5185/2587/5248 4355/2588/5243
f 5152/2842/5267 5379/2830/5254 5600/2775/5245 5280/2776/5242
f 5379/2830/5254 5153/2829/5253 5377/2826/5249 5600/2775/5245
f 5377/2826/5249 5601/2824/5245 5281/2585/5248 5057/2586/5250
f 5153/2829/5253 5380/2834/5258 5601/2824/5245 5377/2826/5249
f 5380/2834/5258 5121/2833/5257 5345/2825/5246 5601/2824/5245
f 5381/2835/5259 5602/2823/5241 5282/2591/5244 5058/2592/5244
f 5154/2838/5263 5384/2843/5268 5602/2823/5241 5381/2835/5259
f 5384/2843/5268 5152/2842/5267 5280/2776/5242 5602/2823/5241
f 5385/2844/5269 5603/2822/5237 5283/2606/5240 5059/2607/5240
f 5155/2847/5272 5388/2852/5277 5603/2822/5237 5385/2844/5269
f 5388/2852/5277 5151/2851/5276 5279/2778/5238 5603/2822/5237
f 5389/2853/5279 5604/2821/5233 5284/2612/5236 5060/2613/5236
f 5156/2856/5283 5392/2861/5288 5604/2821/5233 5389/2853/5279
f 5392/2861/5288 5150/2860/5287 5278/2780/5234 5604/2821/5233
f 5393/2862/5289 5605/2819/5229 5285/2626/5232 5061/2627/5232
f 5157/2865/5292 5396/2870/5297 5605/2819/5229 5393/2862/5289
f 5396/2870/5297 5149/2869/5296 5277/2820/5230 5605/2819/5229
f 5397/2871/5299 5606/2818/5225 5286/2632/5228 5062/2633/5300
f 5158/2874/5303 5400/2879/5308 5606/2818/5225 5397/2871/5299
f 5400/2879/5308 5148/2878/5307 5276/2784/5226 5606/2818/5225
f 5401/2881/5309 5607/2817/5221 5287/2646/5224 5063/2647/5224
f 5159/2884/5312 5404/2889/5317 5607/2817/5221 5401/2881/5309
f 5404/2889/5317 5147/2888/5316 5275/2786/5222 5607/2817/5221
f 5405/2890/5318 5608/2816/5217 5288/2652/5220 5064/2653/5319
f 5160/2893/5322 5408/2898/5327 5608/2816/5217 5405/2890/5318
f 5408/2898/5327 5146/2897/5326 5274/2788/5218 5608/2816/5217
f 5409/2900/5328 5609/2815/5213 5289/2666/5216 5065/2667/5216
f 5161/2903/5331 5412/2908/5336 5609/2815/5213 5409/2900/5328
f 5412/2908/5336 5145/2907/5335 5273/2790/5214 5609/2815/5213
f 5413/2909/5337 5610/2814/5209 5290/2672/5212 5066/2673/5338
f 5162/2912/5342 5416/2917/5347 5610/2814/5209 5413/2909/5337
f 5416/2917/5347 5144/2916/5346 5272/2792/5210 5610/2814/5209
f 5417/2918/5349 5611/2812/5205 5291/2686/5208 5067/2687/5350
f 5163/2921/5354 5420/2926/5359 5611/2812/5205 5417/2918/5349
f 5420/2926/5359 5143/2925/5358 5271/2813/5206 5611/2812/5205
f 5421/2927/5361 5612/2811/5201 5292/2692/5204 5068/2693/5362
f 5164/2930/5365 5424/2935/5370 5612/2811/5201 5421/2927/5361
f 5424/2935/5370 5142/2934/5369 5270/2796/5202 5612/2811/5201
f 5425/2936/5372 5613/2810/5197 5293/2706/5200 5069/2707/5373
f 5165/2939/5376 5428/2944/5381 5613/2810/5197 5425/2936/5372
f 5428/2944/5381 5141/2943/5380 5269/2798/5198 5613/2810/5197
f 5429/2945/5383 5614/2809/5193 5294/2712/5196 5070/2713/5196
f 5166/2948/5387 5432/2953/5392 5614/2809/5193 5429/2945/5383
f 5432/2953/5392 5140/2952/5391 5268/2800/5194 5614/2809/5193
f 5433/2954/5393 5615/2808/5189 5295/2726/5192 5071/2727/5394
f 5167/2957/5398 5436/2962/5403 5615/2808/5189 5433/2954/5393
f 5436/2962/5403 5139/2961/5402 5267/2802/5190 5615/2808/5189
f 5437/2963/5404 5616/2807/5185 5296/2732/5188 5072/2733/5188
f 5168/2966/5407 5440/2971/5412 5616/2807/5185 5437/2963/5404
f 5440/2971/5412 5138/2970/5411 5266/2804/5186 5616/2807/5185
f 5441/2963/5413 5617/2805/5181 5297/2734/5184 5073/2733/5184
f 5169/2966/5416 5444/2967/5421 5617/2805/5181 5441/2963/5413
f 5444/2967/5421 5137/2973/5420 5265/2806/5182 5617/2805/5181
f 5445/2954/5423 5618/2803/5177 5298/2728/5180 5074/2727/5180
f 5170/2957/5426 5448/2958/5431 5618/2803/5177 5445/2954/5423
f 5448/2958/5431 5136/2970/5430 5264/2804/5178 5618/2803/5177
f 5449/2945/5433 5619/2801/5173 5299/2714/5176 5075/2713/5434
f 5171/2974/5437 5452/2949/5442 5619/2801/5173 5449/2945/5433
f 5452/2949/5442 5135/2961/5441 5263/2802/5174 5619/2801/5173
f 5453/2975/5444 5620/2799/5169 5300/2708/5172 5076/2707/5445
f 5172/2939/5448 5456/2940/5453 5620/2799/5169 5453/2975/5444
f 5456/2940/5453 5134/2952/5452 5262/2800/5170 5620/2799/5169
f 5457/2927/5455 5621/2797/5165 5301/2694/5168 5077/2693/5456
f 5173/2930/5460 5460/2931/5465 5621/2797/5165 5457/2927/5455
f 5460/2931/5465 5133/2976/5464 5261/2798/5166 5621/2797/5165
f 5461/2918/5467 5622/2795/5161 5302/2688/5164 5078/2687/5164
f 5174/2921/5470 5464/2978/5475 5622/2795/5161 5461/2918/5467
f 5464/2978/5475 5132/2934/5474 5260/2796/5162 5622/2795/5161
f 5465/2909/5477 5623/2793/5157 5303/2674/5160 5079/2673/5478
f 5175/2912/5481 5468/2913/5486 5623/2793/5157 5465/2909/5477
f 5468/2913/5486 5131/2983/5485 5259/2794/5158 5623/2793/5157
f 5469/2900/5488 5624/2791/5153 5304/2668/5156 5080/2667/5156
f 5176/2903/5491 5472/2985/5496 5624/2791/5153 5469/2900/5488
f 5472/2985/5496 5130/2916/5495 5258/2792/5154 5624/2791/5153
f 5473/2986/5497 5625/2789/5149 5305/2654/5152 5081/2758/5498
f 5177/2988/5501 5476/2894/5506 5625/2789/5149 5473/2986/5497
f 5476/2894/5506 5129/2907/5505 5257/2790/5150 5625/2789/5149
f 5477/2881/5508 5626/2787/5145 5306/2648/5148 5082/2759/5509
f 5178/2989/5513 5480/2885/5518 5626/2787/5145 5477/2881/5508
f 5480/2885/5518 5128/2897/5517 5256/2788/5146 5626/2787/5145
f 5481/2990/5520 5627/2785/5141 5307/2634/5144 5083/2633/5144
f 5179/2874/5523 5484/2991/5528 5627/2785/5141 5481/2990/5520
f 5484/2991/5528 5127/2888/5527 5255/2786/5142 5627/2785/5141
f 5485/2862/5529 5628/2783/5137 5308/2628/5140 5084/2627/5530
f 5180/2865/5534 5488/2866/5539 5628/2783/5137 5485/2862/5529
f 5488/2866/5539 5126/2993/5538 5254/2784/5138 5628/2783/5137
f 5489/2853/5541 5629/2781/5133 5309/2614/5136 5085/2613/5136
f 5181/2856/5544 5492/2857/5549 5629/2781/5133 5489/2853/5541
f 5492/2857/5549 5125/2869/5548 5253/2782/5134 5629/2781/5133
f 5493/2844/5551 5630/2779/5129 5310/2608/5132 5086/2769/5552
f 5182/2847/5556 5496/2848/5561 5630/2779/5129 5493/2844/5551
f 5496/2848/5561 5124/2860/5560 5252/2780/5130 5630/2779/5129
f 5497/2835/5562 5631/2777/5125 5311/2593/5128 5087/2592/5563
f 5183/2838/5566 5500/2839/5571 5631/2777/5125 5497/2835/5562
f 5500/2839/5571 5123/2851/5570 5251/2778/5126 5631/2777/5125
f 5501/2826/5572 5632/2775/5121 5312/2587/5124 5088/2586/5124
f 5184/2829/5575 5504/2830/5580 5632/2775/5121 5501/2826/5572
f 5504/2830/5580 5122/2842/5579 5250/2776/5122 5632/2775/5121
f 5634/2577/4543 5729/2580/4542 5731/2995/5581 5638/2996/5582
f 5638/2996/5582 5731/2995/5581 5732/2997/5583 5637/2998/5584
f 5637/2998/5584 5732/2997/5583 5733/2580/5585 5636/2577/5586
f 5636/2577/5586 5733/2580/5585 5734/2580/5587 5635/2577/5588
f 5635/2577/5588 5734/2580/5587 5730/2580/4644 5633/2577/4612
f 5729/2580/4542 5639/2594/4759 5641/2999/5589 5731/2995/5581
f 5731/2995/5581 5641/2999/5589 5642/3000/5590 5732/2997/5583
f 5732/2997/5583 5642/3000/5590 5643/2594/5591 5733/2580/5585
f 5733/2580/5585 5643/2594/5591 5644/2594/5592 5734/2580/5587
f 5734/2580/5587 5644/2594/5592 5640/2594/4623 5730/2580/4644
f 5639/2594/4759 5735/2602/4774 5737/3001/5593 5641/2999/5589
f 5641/2999/5589 5737/3001/5593 5738/3002/5594 5642/3000/5590
f 5642/3000/5590 5738/3002/5594 5739/2602/5595 5643/2594/5591
f 5643/2594/5591 5739/2602/5595 5740/3003/5596 5644/2594/5592
f 5644/2594/5592 5740/3003/5596 5736/2602/4624 5640/2594/4623
f 5735/2602/4774 5645/2615/4643 5647/3004/5597 5737/3001/5593
f 5737/3001/5593 5647/3004/5597 5648/3005/5598 5738/3002/5594
f 5738/3002/5594 5648/3005/5598 5649/2615/5599 5739/2602/5595
f 5739/2602/5595 5649/2615/5599 5650/2615/5600 5740/3003/5596
f 5740/3003/5596 5650/2615/5600 5646/2615/4525 5736/2602/4624
f 5645/2615/4643 5741/2622/4642 5743/3006/5601 5647/3004/5597
f 5647/3004/5597 5743/3006/5601 5744/3007/5602 5648/3005/5598
f 5648/3005/5598 5744/3007/5602 5745/2622/5603 5649/2615/5599
f 5649/2615/5599 5745/2622/5603 5746/3008/5604 5650/2615/5600
f 5650/2615/5600 5746/3008/5604 5742/2622/4526 5646/2615/4525
f 5741/2622/4642 5651/2635/4659 5653/3009/5605 5743/3006/5601
f 5743/3006/5601 5653/3009/5605 5654/3010/5606 5744/3007/5602
f 5744/3007/5602 5654/3010/5606 5655/2635/5607 5745/2622/5603
f 5745/2622/5603 5655/2635/5607 5656/2760/5608 5746/3008/5604
f 5746/3008/5604 5656/2760/5608 5652/2760/4534 5742/2622/4526
f 5651/2635/4659 5747/2642/4669 5749/3011/5609 5653/3009/5605
f 5653/3009/5605 5749/3011/5609 5750/3012/5610 5654/3010/5606
f 5654/3010/5606 5750/3012/5610 5751/2642/5611 5655/2635/5607
f 5655/2635/5607 5751/2642/5611 5752/2642/5612 5656/2760/5608
f 5656/2760/5608 5752/2642/5612 5748/2642/4548 5652/2635/4534
f 5747/2642/4669 5657/2655/4679 5659/2750/5613 5749/3011/5609
f 5749/3011/5609 5659/2750/5613 5660/2655/5614 5750/3012/5610
f 5750/3012/5610 5660/2655/5614 5661/2655/5615 5751/2642/5611
f 5751/2642/5611 5661/2655/5615 5662/2750/5616 5752/2642/5612
f 5752/2642/5612 5662/2750/5616 5658/2655/4557 5748/2642/4548
f 5657/2655/4679 5753/2662/4689 5755/3013/5617 5659/2750/5613
f 5659/2750/5613 5755/3013/5617 5756/3014/5618 5660/2655/5614
f 5660/2655/5614 5756/3014/5618 5757/2662/5619 5661/2655/5615
f 5661/2655/5615 5757/2662/5619 5758/2662/5620 5662/2750/5616
f 5662/2750/5616 5758/2662/5620 5754/2662/4565 5658/2655/4557
f 5753/2662/4689 5663/2675/4699 5665/3015/5621 5755/3013/5617
f 5755/3013/5617 5665/3015/5621 5666/3016/5622 5756/3014/5618
f 5756/3014/5618 5666/3016/5622 5667/2675/5623 5757/2662/5619
f 5757/2662/5619 5667/2675/5623 5668/2675/5624 5758/2662/5620
f 5758/2662/5620 5668/2675/5624 5664/2675/4572 5754/2662/4565
f 5663/2675/4699 5759/2682/4709 5761/3017/5625 5665/3015/5621
f 5665/3015/5621 5761/3017/5625 5762/3018/5626 5666/3016/5622
f 5666/3016/5622 5762/3018/5626 5763/2682/5627 5667/2675/5623
f 5667/2675/5623 5763/2682/5627 5764/3019/5628 5668/2675/5624
f 5668/2675/5624 5764/3019/5628 5760/2682/4580 5664/2675/4572
f 5759/2682/4709 5669/2695/4719 5671/3020/5629 5761/3017/5625
f 5761/3017/5625 5671/3020/5629 5672/3021/5630 5762/3018/5626
f 5762/3018/5626 5672/3021/5630 5673/2695/5631 5763/2682/5627
f 5763/2682/5627 5673/2695/5631 5674/2695/5632 5764/3019/5628
f 5764/3019/5628 5674/2695/5632 5670/2695/4587 5760/2682/4580
f 5669/2695/4719 5765/2702/4729 5767/3022/5633 5671/3020/5629
f 5671/3020/5629 5767/3022/5633 5768/3023/5634 5672/3021/5630
f 5672/3021/5630 5768/3023/5634 5769/2702/5635 5673/2695/5631
f 5673/2695/5631 5769/2702/5635 5770/3024/5636 5674/2695/5632
f 5674/2695/5632 5770/3024/5636 5766/2702/4593 5670/2695/4587
f 5765/2702/4729 5675/2715/4739 5677/3025/5637 5767/3022/5633
f 5767/3022/5633 5677/3025/5637 5678/3026/5638 5768/3023/5634
f 5768/3023/5634 5678/3026/5638 5679/2715/5639 5769/2702/5635
f 5769/2702/5635 5679/2715/5639 5680/2774/5640 5770/3024/5636
f 5770/3024/5636 5680/2774/5640 5676/2774/4599 5766/2702/4593
f 5675/2715/4739 5771/2722/4754 5773/3027/5641 5677/3025/5637
f 5677/3025/5637 5773/3027/5641 5774/3028/5642 5678/3026/5638
f 5678/3026/5638 5774/3028/5642 5775/2722/5643 5679/2715/5639
f 5679/2715/5639 5775/2722/5643 5776/3029/5644 5680/2774/5640
f 5680/2774/5640 5776/3029/5644 5772/2722/4607 5676/2715/4599
f 5771/2722/4754 5681/2735/4769 5683/3030/5645 5773/3027/5641
f 5773/3027/5641 5683/3030/5645 5684/3031/5646 5774/3028/5642
f 5774/3028/5642 5684/3031/5646 5685/2735/5647 5775/2722/5643
f 5775/2722/5643 5685/2735/5647 5686/3032/5648 5776/3029/5644
f 5776/3029/5644 5686/3032/5648 5682/2735/4620 5772/2722/4607
f 5681/2735/4769 5777/2722/4783 5779/3027/5649 5683/3030/5645
f 5683/3030/5645 5779/3027/5649 5780/3028/5650 5684/3031/5646
f 5684/3031/5646 5780/3028/5650 5781/2722/5651 5685/2735/5647
f 5685/2735/5647 5781/2722/5651 5782/3029/5652 5686/3032/5648
f 5686/3032/5648 5782/3029/5652 5778/2722/4518 5682/2735/4620
f 5777/2722/4783 5687/2715/4654 5689/3025/5653 5779/3027/5649
f 5779/3027/5649 5689/3025/5653 5690/3026/5654 5780/3028/5650
f 5780/3028/5650 5690/3026/5654 5691/2715/5655 5781/2722/5651
f 5781/2722/5651 5691/2715/5655 5692/2774/5656 5782/3029/5652
f 5782/3029/5652 5692/2774/5656 5688/2715/4519 5778/2722/4518
f 5687/2715/4654 5783/2741/4653 5785/3022/5657 5689/3025/5653
f 5689/3025/5653 5785/3022/5657 5786/3023/5658 5690/3026/5654
f 5690/3026/5654 5786/3023/5658 5787/2741/5659 5691/2715/5655
f 5691/2715/5655 5787/2741/5659 5788/3033/5660 5692/2774/5656
f 5692/2774/5656 5788/3033/5660 5784/2741/4531 5688/2715/4519
f 5783/2741/4653 5693/2695/4664 5695/3020/5661 5785/3022/5657
f 5785/3022/5657 5695/3020/5661 5696/3021/5662 5786/3023/5658
f 5786/3023/5658 5696/3021/5662 5697/2695/5663 5787/2741/5659
f 5787/2741/5659 5697/2695/5663 5698/3034/5664 5788/3033/5660
f 5788/3033/5660 5698/3034/5664 5694/2695/4544 5784/2741/4531
f 5693/2695/4664 5789/2682/4674 5791/3017/5665 5695/3020/5661
f 5695/3020/5661 5791/3017/5665 5792/3035/5666 5696/3021/5662
f 5696/3021/5662 5792/3035/5666 5793/2682/5667 5697/2695/5663
f 5697/2695/5663 5793/2682/5667 5794/3019/5668 5698/3034/5664
f 5698/3034/5664 5794/3019/5668 5790/2682/4553 5694/2695/4544
f 5789/2682/4674 5699/2743/4684 5701/3036/5669 5791/3017/5665
f 5791/3017/5665 5701/3036/5669 5702/3037/5670 5792/3035/5666
f 5792/3035/5666 5702/3037/5670 5703/2743/5671 5793/2682/5667
f 5793/2682/5667 5703/2743/5671 5704/2743/5672 5794/3019/5668
f 5794/3019/5668 5704/2743/5672 5700/2743/4561 5790/2682/4553
f 5699/2743/4684 5795/2662/4694 5797/3038/5673 5701/3036/5669
f 5701/3036/5669 5797/3038/5673 5798/3039/5674 5702/3037/5670
f 5702/3037/5670 5798/3039/5674 5799/2662/5675 5703/2743/5671
f 5703/2743/5671 5799/2662/5675 5800/3040/5676 5704/2743/5672
f 5704/2743/5672 5800/3040/5676 5796/2662/4569 5700/2743/4561
f 5795/2662/4694 5705/2750/4704 5707/2750/5677 5797/3038/5673
f 5797/3038/5673 5707/2750/5677 5708/2750/5678 5798/3039/5674
f 5798/3039/5674 5708/2750/5678 5709/2750/5679 5799/2662/5675
f 5799/2662/5675 5709/2750/5679 5710/2750/5680 5800/3040/5676
f 5800/3040/5676 5710/2750/5680 5706/2750/4577 5796/2662/4569
f 5705/2750/4704 5801/2642/4714 5803/3011/5681 5707/2750/5677
f 5707/2750/5677 5803/3011/5681 5804/3012/5682 5708/2750/5678
f 5708/2750/5678 5804/3012/5682 5805/2642/5683 5709/2750/5679
f 5709/2750/5679 5805/2642/5683 5806/3041/5684 5710/2750/5680
f 5710/2750/5680 5806/3041/5684 5802/2642/4584 5706/2750/4577
f 5801/2642/4714 5711/2760/4724 5713/3042/5685 5803/3011/5681
f 5803/3011/5681 5713/3042/5685 5714/3010/5686 5804/3012/5682
f 5804/3012/5682 5714/3010/5686 5715/2760/5687 5805/2642/5683
f 5805/2642/5683 5715/2760/5687 5716/2760/5688 5806/3041/5684
f 5806/3041/5684 5716/2760/5688 5712/2760/4590 5802/2642/4584
f 5711/2760/4724 5807/2622/4734 5809/3006/5689 5713/3042/5685
f 5713/3042/5685 5809/3006/5689 5810/3043/5690 5714/3010/5686
f 5714/3010/5686 5810/3043/5690 5811/2622/5691 5715/2760/5687
f 5715/2760/5687 5811/2622/5691 5812/3008/5692 5716/2760/5688
f 5716/2760/5688 5812/3008/5692 5808/2622/4596 5712/2760/4590
f 5807/2622/4734 5717/2615/4749 5719/3004/5693 5809/3006/5689
f 5809/3006/5689 5719/3004/5693 5720/3005/5694 5810/3043/5690
f 5810/3043/5690 5720/3005/5694 5721/2615/5695 5811/2622/5691
f 5811/2622/5691 5721/2615/5695 5722/2615/5696 5812/3008/5692
f 5812/3008/5692 5722/2615/5696 5718/2615/4603 5808/2622/4596
f 5717/2615/4749 5813/2602/4764 5815/3044/5697 5719/3004/5693
f 5719/3004/5693 5815/3044/5697 5816/3002/5698 5720/3005/5694
f 5720/3005/5694 5816/3002/5698 5817/2602/5699 5721/2615/5695
f 5721/2615/5695 5817/2602/5699 5818/3003/5700 5722/2615/5696
f 5722/2615/5696 5818/3003/5700 5814/2602/4617 5718/2615/4603
f 5813/2602/4764 5723/2594/4779 5725/2999/5701 5815/3044/5697
f 5815/3044/5697 5725/2999/5701 5726/3045/5702 5816/3002/5698
f 5816/3002/5698 5726/3045/5702 5727/2594/5703 5817/2602/5699
f 5817/2602/5699 5727/2594/5703 5728/2594/5704 5818/3003/5700
f 5818/3003/5700 5728/2594/5704 5724/2594/4629 5814/2602/4617
f 5723/2594/4779 5819/2771/4744 5821/2995/5705 5725/2999/5701
f 5725/2999/5701 5821/2995/5705 5822/3046/5706 5726/3045/5702
f 5726/3045/5702 5822/3046/5706 5823/2771/5707 5727/2594/5703
f 5727/2594/5703 5823/2771/5707 5824/2771/5708 5728/2594/5704
f 5728/2594/5704 5824/2771/5708 5820/2771/4611 5724/2594/4629
f 5819/2580/4744 5634/2577/4543 5638/2996/5582 5821/2995/5705
f 5821/2995/5705 5638/2996/5582 5637/2998/5584 5822/3046/5706
f 5822/3046/5706 5637/2998/5584 5636/2577/5586 5823/2771/5707
f 5823/2771/5707 5636/2577/5586 5635/2577/5588 5824/2771/5708
f 5824/2771/5708 5635/2577/5588 5633/2577/4612 5820/2771/4611
f 5633/2577/4612 5730/2580/4644 4465/2580/4647 4641/2581/5119 4513/2582/5118 4737/2583/5120 4449/2577/4613
