# Blender 4.3.2
# www.blender.org
mtllib 放大镜.mtl
o 把手
v 2.335014 0.343381 1.275127
v 2.335014 0.368312 1.457284
v 2.335014 0.369631 1.452730
v 2.335014 0.368816 1.456937
v 2.335014 0.369244 1.455950
v 2.335014 0.369530 1.454473
v 2.335014 0.343381 1.275127
v 2.339878 0.367833 1.457284
v 2.340135 0.369126 1.452730
v 2.339976 0.368328 1.456937
v 2.340060 0.368747 1.455950
v 2.340115 0.369028 1.454473
v 2.335014 0.343381 1.275127
v 2.344555 0.366414 1.457284
v 2.345059 0.367632 1.452730
v 2.344748 0.366880 1.456937
v 2.344912 0.367276 1.455950
v 2.345021 0.367540 1.454473
v 2.335014 0.343381 1.275127
v 2.348865 0.364110 1.457284
v 2.349598 0.365207 1.452730
v 2.349145 0.364530 1.456937
v 2.349383 0.364885 1.455950
v 2.349542 0.365123 1.454473
v 2.335014 0.343381 1.275127
v 2.352643 0.361010 1.457284
v 2.353575 0.361942 1.452730
v 2.353000 0.361366 1.456937
v 2.353302 0.361669 1.455950
v 2.353504 0.361871 1.454473
v 2.335014 0.343381 1.275127
v 2.355743 0.357232 1.457284
v 2.356840 0.357964 1.452730
v 2.356163 0.357512 1.456937
v 2.356519 0.357750 1.455950
v 2.356756 0.357909 1.454473
v 2.335014 0.343381 1.275127
v 2.358047 0.352921 1.457284
v 2.359266 0.353426 1.452730
v 2.358514 0.353114 1.456937
v 2.358909 0.353278 1.455950
v 2.359173 0.353388 1.454473
v 2.335014 0.343381 1.275127
v 2.359466 0.348244 1.457284
v 2.360759 0.348502 1.452730
v 2.359961 0.348343 1.456937
v 2.360381 0.348426 1.455950
v 2.360661 0.348482 1.454473
v 2.335014 0.343381 1.275127
v 2.359945 0.343381 1.457284
v 2.361264 0.343381 1.452730
v 2.360450 0.343381 1.456937
v 2.360878 0.343381 1.455950
v 2.361163 0.343381 1.454473
v 2.335014 0.343381 1.275127
v 2.359466 0.338517 1.457284
v 2.360759 0.338259 1.452730
v 2.359961 0.338418 1.456937
v 2.360381 0.338335 1.455950
v 2.360661 0.338279 1.454473
v 2.335014 0.343381 1.275127
v 2.358047 0.333840 1.457284
v 2.359266 0.333335 1.452730
v 2.358514 0.333647 1.456937
v 2.358909 0.333483 1.455950
v 2.359173 0.333374 1.454473
v 2.335014 0.343381 1.275127
v 2.355743 0.329530 1.457284
v 2.356840 0.328797 1.452730
v 2.356163 0.329249 1.456937
v 2.356519 0.329011 1.455950
v 2.356756 0.328853 1.454473
v 2.335014 0.343381 1.275127
v 2.352643 0.325752 1.457284
v 2.353575 0.324819 1.452730
v 2.353000 0.325395 1.456937
v 2.353302 0.325092 1.455950
v 2.353504 0.324890 1.454473
v 2.335014 0.343381 1.275127
v 2.348865 0.322651 1.457284
v 2.349598 0.321555 1.452730
v 2.349145 0.322231 1.456937
v 2.349383 0.321876 1.455950
v 2.349542 0.321638 1.454473
v 2.335014 0.343381 1.275127
v 2.344555 0.320347 1.457284
v 2.345059 0.319129 1.452730
v 2.344748 0.319881 1.456937
v 2.344912 0.319486 1.455950
v 2.345021 0.319221 1.454473
v 2.335014 0.343381 1.275127
v 2.339878 0.318928 1.457284
v 2.340135 0.317635 1.452730
v 2.339976 0.318433 1.456937
v 2.340060 0.318014 1.455950
v 2.340115 0.317733 1.454473
v 2.335014 0.343381 1.275127
v 2.335014 0.318449 1.457284
v 2.335014 0.317131 1.452730
v 2.335014 0.317945 1.456937
v 2.335014 0.317517 1.455950
v 2.335014 0.317231 1.454473
v 2.335014 0.343381 1.275127
v 2.330150 0.318928 1.457284
v 2.329893 0.317635 1.452730
v 2.330052 0.318433 1.456937
v 2.329968 0.318014 1.455950
v 2.329912 0.317733 1.454473
v 2.335014 0.343381 1.275127
v 2.325473 0.320347 1.457284
v 2.324968 0.319129 1.452730
v 2.325280 0.319881 1.456937
v 2.325116 0.319486 1.455950
v 2.325007 0.319221 1.454473
v 2.335014 0.343381 1.275127
v 2.321163 0.322651 1.457284
v 2.320430 0.321555 1.452730
v 2.320883 0.322231 1.456937
v 2.320645 0.321876 1.455950
v 2.320486 0.321638 1.454473
v 2.335014 0.343381 1.275127
v 2.317385 0.325752 1.457284
v 2.316452 0.324819 1.452730
v 2.317028 0.325395 1.456937
v 2.316725 0.325092 1.455950
v 2.316523 0.324890 1.454473
v 2.335014 0.343381 1.275127
v 2.314284 0.329530 1.457284
v 2.313188 0.328797 1.452730
v 2.313865 0.329249 1.456937
v 2.313509 0.329011 1.455950
v 2.313271 0.328853 1.454473
v 2.335014 0.343381 1.275127
v 2.311980 0.333840 1.457284
v 2.310762 0.333335 1.452730
v 2.311514 0.333647 1.456937
v 2.311119 0.333483 1.455950
v 2.310855 0.333374 1.454473
v 2.335014 0.343381 1.275127
v 2.310562 0.338517 1.457284
v 2.309268 0.338259 1.452730
v 2.310067 0.338418 1.456937
v 2.309647 0.338335 1.455950
v 2.309367 0.338279 1.454473
v 2.335014 0.343381 1.275127
v 2.310083 0.343381 1.457284
v 2.308764 0.343381 1.452730
v 2.309578 0.343381 1.456937
v 2.309150 0.343381 1.455950
v 2.308864 0.343381 1.454473
v 2.335014 0.343381 1.275127
v 2.310562 0.348244 1.457284
v 2.309268 0.348502 1.452730
v 2.310067 0.348343 1.456937
v 2.309647 0.348426 1.455950
v 2.309367 0.348482 1.454473
v 2.335014 0.343381 1.275127
v 2.311980 0.352921 1.457284
v 2.310762 0.353426 1.452730
v 2.311514 0.353114 1.456937
v 2.311119 0.353278 1.455950
v 2.310855 0.353388 1.454473
v 2.335014 0.343381 1.275127
v 2.314284 0.357232 1.457284
v 2.313188 0.357964 1.452730
v 2.313865 0.357512 1.456937
v 2.313509 0.357750 1.455950
v 2.313271 0.357909 1.454473
v 2.335014 0.343381 1.275127
v 2.317385 0.361010 1.457284
v 2.316452 0.361942 1.452730
v 2.317028 0.361366 1.456937
v 2.316725 0.361669 1.455950
v 2.316523 0.361871 1.454473
v 2.335014 0.343381 1.275127
v 2.321163 0.364110 1.457284
v 2.320430 0.365207 1.452730
v 2.320883 0.364530 1.456937
v 2.320645 0.364885 1.455950
v 2.320486 0.365123 1.454473
v 2.335014 0.343381 1.275127
v 2.325473 0.366414 1.457284
v 2.324968 0.367632 1.452730
v 2.325280 0.366880 1.456937
v 2.325116 0.367276 1.455950
v 2.325007 0.367540 1.454473
v 2.335014 0.343381 1.275127
v 2.330150 0.367833 1.457284
v 2.329893 0.369126 1.452730
v 2.330052 0.368328 1.456937
v 2.329968 0.368747 1.455950
v 2.329912 0.369028 1.454473
v 2.335014 0.368312 1.275127
v 2.335014 0.369631 1.279681
v 2.335014 0.368816 1.275474
v 2.335014 0.369244 1.276461
v 2.335014 0.369530 1.277938
v 2.340135 0.369126 1.279681
v 2.339878 0.367833 1.275127
v 2.340115 0.369028 1.277938
v 2.340060 0.368747 1.276461
v 2.339976 0.368328 1.275474
v 2.345059 0.367632 1.279681
v 2.344555 0.366414 1.275127
v 2.345021 0.367540 1.277938
v 2.344912 0.367276 1.276461
v 2.344748 0.366880 1.275474
v 2.349598 0.365207 1.279681
v 2.348865 0.364110 1.275127
v 2.349542 0.365123 1.277938
v 2.349383 0.364885 1.276461
v 2.349145 0.364530 1.275474
v 2.353575 0.361942 1.279681
v 2.352643 0.361010 1.275127
v 2.353504 0.361871 1.277938
v 2.353302 0.361669 1.276461
v 2.353000 0.361366 1.275474
v 2.356840 0.357964 1.279681
v 2.355743 0.357232 1.275127
v 2.356756 0.357909 1.277938
v 2.356519 0.357750 1.276461
v 2.356163 0.357512 1.275474
v 2.359266 0.353426 1.279681
v 2.358047 0.352921 1.275127
v 2.359173 0.353388 1.277938
v 2.358909 0.353278 1.276461
v 2.358514 0.353114 1.275474
v 2.360759 0.348502 1.279681
v 2.359466 0.348244 1.275127
v 2.360661 0.348482 1.277938
v 2.360381 0.348426 1.276461
v 2.359961 0.348343 1.275474
v 2.361264 0.343381 1.279681
v 2.359945 0.343381 1.275127
v 2.361163 0.343381 1.277938
v 2.360878 0.343381 1.276461
v 2.360450 0.343381 1.275474
v 2.360759 0.338259 1.279681
v 2.359466 0.338517 1.275127
v 2.360661 0.338279 1.277938
v 2.360381 0.338335 1.276461
v 2.359961 0.338418 1.275474
v 2.359266 0.333335 1.279681
v 2.358047 0.333840 1.275127
v 2.359173 0.333374 1.277938
v 2.358909 0.333483 1.276461
v 2.358514 0.333647 1.275474
v 2.356840 0.328797 1.279681
v 2.355743 0.329530 1.275127
v 2.356756 0.328853 1.277938
v 2.356519 0.329011 1.276461
v 2.356163 0.329249 1.275474
v 2.353575 0.324819 1.279681
v 2.352643 0.325752 1.275127
v 2.353504 0.324890 1.277938
v 2.353302 0.325092 1.276461
v 2.353000 0.325395 1.275474
v 2.349598 0.321555 1.279681
v 2.348865 0.322651 1.275127
v 2.349542 0.321638 1.277938
v 2.349383 0.321876 1.276461
v 2.349145 0.322231 1.275474
v 2.345059 0.319129 1.279681
v 2.344555 0.320347 1.275127
v 2.345021 0.319221 1.277938
v 2.344912 0.319486 1.276461
v 2.344748 0.319881 1.275474
v 2.340135 0.317635 1.279681
v 2.339878 0.318928 1.275127
v 2.340115 0.317733 1.277938
v 2.340060 0.318014 1.276461
v 2.339976 0.318433 1.275474
v 2.335014 0.317131 1.279681
v 2.335014 0.318449 1.275127
v 2.335014 0.317231 1.277938
v 2.335014 0.317517 1.276461
v 2.335014 0.317945 1.275474
v 2.329893 0.317635 1.279681
v 2.330150 0.318928 1.275127
v 2.329912 0.317733 1.277938
v 2.329968 0.318014 1.276461
v 2.330052 0.318433 1.275474
v 2.324968 0.319129 1.279681
v 2.325473 0.320347 1.275127
v 2.325007 0.319221 1.277938
v 2.325116 0.319486 1.276461
v 2.325280 0.319881 1.275474
v 2.320430 0.321555 1.279681
v 2.321163 0.322651 1.275127
v 2.320486 0.321638 1.277938
v 2.320645 0.321876 1.276461
v 2.320883 0.322231 1.275474
v 2.316452 0.324819 1.279681
v 2.317385 0.325752 1.275127
v 2.316523 0.324890 1.277938
v 2.316725 0.325092 1.276461
v 2.317028 0.325395 1.275474
v 2.313188 0.328797 1.279681
v 2.314284 0.329530 1.275127
v 2.313271 0.328853 1.277938
v 2.313509 0.329011 1.276461
v 2.313865 0.329249 1.275474
v 2.310762 0.333335 1.279681
v 2.311980 0.333840 1.275127
v 2.310855 0.333374 1.277938
v 2.311119 0.333483 1.276461
v 2.311514 0.333647 1.275474
v 2.309268 0.338259 1.279681
v 2.310562 0.338517 1.275127
v 2.309367 0.338279 1.277938
v 2.309647 0.338335 1.276461
v 2.310067 0.338418 1.275474
v 2.308764 0.343381 1.279681
v 2.310083 0.343381 1.275127
v 2.308864 0.343381 1.277938
v 2.309150 0.343381 1.276461
v 2.309578 0.343381 1.275474
v 2.309268 0.348502 1.279681
v 2.310562 0.348244 1.275127
v 2.309367 0.348482 1.277938
v 2.309647 0.348426 1.276461
v 2.310067 0.348343 1.275474
v 2.310762 0.353426 1.279681
v 2.311980 0.352921 1.275127
v 2.310855 0.353388 1.277938
v 2.311119 0.353278 1.276461
v 2.311514 0.353114 1.275474
v 2.313188 0.357964 1.279681
v 2.314284 0.357232 1.275127
v 2.313271 0.357909 1.277938
v 2.313509 0.357750 1.276461
v 2.313865 0.357512 1.275474
v 2.316452 0.361942 1.279681
v 2.317385 0.361010 1.275127
v 2.316523 0.361871 1.277938
v 2.316725 0.361669 1.276461
v 2.317028 0.361366 1.275474
v 2.320430 0.365207 1.279681
v 2.321163 0.364110 1.275127
v 2.320486 0.365123 1.277938
v 2.320645 0.364885 1.276461
v 2.320883 0.364530 1.275474
v 2.324968 0.367632 1.279681
v 2.325473 0.366414 1.275127
v 2.325007 0.367540 1.277938
v 2.325116 0.367276 1.276461
v 2.325280 0.366880 1.275474
v 2.329893 0.369126 1.279681
v 2.330150 0.367833 1.275127
v 2.329912 0.369028 1.277938
v 2.329968 0.368747 1.276461
v 2.330052 0.368328 1.275474
vn -0.1950 0.9804 -0.0283
vn -0.1950 0.9804 0.0283
vn -0.0000 0.9996 0.0283
vn -0.0000 0.9996 -0.0283
vn 0.1950 0.9804 0.0283
vn 0.1950 0.9804 -0.0283
vn 0.3825 0.9235 0.0283
vn 0.3825 0.9235 -0.0283
vn 0.5553 0.8311 0.0283
vn 0.5553 0.8311 -0.0283
vn 0.7068 0.7068 0.0283
vn 0.7068 0.7068 -0.0283
vn 0.8311 0.5553 0.0283
vn 0.8311 0.5553 -0.0283
vn 0.9235 0.3825 0.0283
vn 0.9235 0.3825 -0.0283
vn 0.9804 0.1950 0.0283
vn 0.9804 0.1950 -0.0283
vn 0.9996 -0.0000 0.0283
vn 0.9996 -0.0000 -0.0283
vn 0.9804 -0.1950 0.0283
vn 0.9804 -0.1950 -0.0283
vn 0.9235 -0.3825 0.0283
vn 0.9235 -0.3825 -0.0283
vn 0.8311 -0.5553 0.0283
vn 0.8311 -0.5553 -0.0283
vn 0.7068 -0.7068 0.0283
vn 0.7068 -0.7068 -0.0283
vn 0.5553 -0.8311 0.0283
vn 0.5553 -0.8311 -0.0283
vn 0.3825 -0.9235 0.0283
vn 0.3825 -0.9235 -0.0283
vn 0.1950 -0.9804 0.0283
vn 0.1950 -0.9804 -0.0283
vn -0.0000 -0.9996 0.0283
vn -0.0000 -0.9996 -0.0283
vn -0.1950 -0.9804 0.0283
vn -0.1950 -0.9804 -0.0283
vn -0.3825 -0.9235 0.0283
vn -0.3825 -0.9235 -0.0283
vn -0.5553 -0.8311 0.0283
vn -0.5553 -0.8311 -0.0283
vn -0.7068 -0.7068 0.0283
vn -0.7068 -0.7068 -0.0283
vn -0.8311 -0.5553 0.0283
vn -0.8311 -0.5553 -0.0283
vn -0.9235 -0.3825 0.0283
vn -0.9235 -0.3825 -0.0283
vn -0.9804 -0.1950 0.0283
vn -0.9804 -0.1950 -0.0283
vn -0.9996 -0.0000 0.0283
vn -0.9996 -0.0000 -0.0283
vn -0.9804 0.1950 0.0283
vn -0.9804 0.1950 -0.0283
vn -0.9235 0.3825 0.0283
vn -0.9235 0.3825 -0.0283
vn -0.8311 0.5553 0.0283
vn -0.8311 0.5553 -0.0283
vn -0.7068 0.7068 0.0283
vn -0.7068 0.7068 -0.0283
vn -0.5553 0.8311 0.0283
vn -0.5553 0.8311 -0.0283
vn -0.3825 0.9235 0.0283
vn -0.3825 0.9235 -0.0283
vn -0.0000 -0.0000 -1.0000
vn -0.0000 0.3399 -0.9405
vn 0.0663 0.3333 -0.9405
vn -0.1301 -0.3140 -0.9405
vn -0.1888 -0.2826 -0.9405
vn 0.2826 0.1888 -0.9405
vn 0.3140 0.1301 -0.9405
vn -0.2403 -0.2403 -0.9405
vn 0.3333 0.0663 -0.9405
vn -0.2826 -0.1888 -0.9405
vn 0.3399 -0.0000 -0.9405
vn -0.3140 -0.1301 -0.9405
vn 0.3333 -0.0663 -0.9405
vn -0.3333 -0.0663 -0.9405
vn 0.3140 -0.1301 -0.9405
vn -0.3399 -0.0000 -0.9405
vn 0.2826 -0.1888 -0.9405
vn -0.3333 0.0663 -0.9405
vn 0.2403 -0.2403 -0.9405
vn -0.3140 0.1301 -0.9405
vn 0.1888 -0.2826 -0.9405
vn -0.2826 0.1888 -0.9405
vn 0.1301 -0.3140 -0.9405
vn -0.0663 0.3333 -0.9405
vn -0.2403 0.2403 -0.9405
vn 0.0663 -0.3333 -0.9405
vn 0.1301 0.3140 -0.9405
vn -0.1888 0.2826 -0.9405
vn -0.0000 -0.3399 -0.9405
vn 0.1888 0.2826 -0.9405
vn -0.1301 0.3140 -0.9405
vn -0.0663 -0.3333 -0.9405
vn 0.2403 0.2403 -0.9405
vn 0.0663 0.3333 0.9405
vn -0.0000 0.3399 0.9405
vn -0.0663 0.3333 0.9405
vn -0.1301 0.3140 0.9405
vn -0.1888 0.2826 0.9405
vn -0.2403 0.2403 0.9405
vn -0.2826 0.1888 0.9405
vn -0.3140 0.1301 0.9405
vn -0.3333 0.0663 0.9405
vn -0.3399 -0.0000 0.9405
vn -0.3333 -0.0663 0.9405
vn -0.3140 -0.1301 0.9405
vn -0.2826 -0.1888 0.9405
vn -0.2403 -0.2403 0.9405
vn -0.1888 -0.2826 0.9405
vn -0.1301 -0.3140 0.9405
vn -0.0663 -0.3333 0.9405
vn -0.0000 -0.3399 0.9405
vn 0.0663 -0.3333 0.9405
vn 0.1301 -0.3140 0.9405
vn 0.1888 -0.2826 0.9405
vn 0.2403 -0.2403 0.9405
vn 0.2826 -0.1888 0.9405
vn 0.3140 -0.1301 0.9405
vn 0.3333 -0.0663 0.9405
vn 0.3399 -0.0000 0.9405
vn 0.3333 0.0663 0.9405
vn 0.3140 0.1301 0.9405
vn 0.2826 0.1888 0.9405
vn 0.2403 0.2403 0.9405
vn 0.1888 0.2826 0.9405
vn 0.1301 0.3140 0.9405
vn 0.1937 0.9740 -0.1175
vn -0.0000 0.9931 -0.1175
vn 0.1876 0.9433 -0.2737
vn -0.0000 0.9618 -0.2737
vn 0.1615 0.8120 -0.5608
vn -0.0000 0.8279 -0.5608
vn -0.0000 0.9931 0.1175
vn 0.1937 0.9740 0.1175
vn -0.0000 0.9618 0.2737
vn 0.1876 0.9433 0.2737
vn -0.0000 0.8279 0.5608
vn 0.1615 0.8120 0.5608
vn 0.3800 0.9175 -0.1175
vn 0.3681 0.8886 -0.2737
vn 0.3168 0.7649 -0.5608
vn 0.3800 0.9175 0.1175
vn 0.3681 0.8886 0.2737
vn 0.3168 0.7649 0.5608
vn 0.5517 0.8257 -0.1175
vn 0.5344 0.7997 -0.2737
vn 0.4600 0.6884 -0.5608
vn 0.5517 0.8257 0.1175
vn 0.5343 0.7997 0.2737
vn 0.4600 0.6884 0.5608
vn 0.7022 0.7022 -0.1175
vn 0.6801 0.6801 -0.2737
vn 0.5854 0.5854 -0.5608
vn 0.7022 0.7022 0.1175
vn 0.6801 0.6801 0.2737
vn 0.5854 0.5854 0.5608
vn 0.8257 0.5517 -0.1175
vn 0.7997 0.5343 -0.2737
vn 0.6884 0.4600 -0.5608
vn 0.8257 0.5517 0.1175
vn 0.7997 0.5343 0.2737
vn 0.6884 0.4600 0.5608
vn 0.9175 0.3800 -0.1175
vn 0.8886 0.3681 -0.2737
vn 0.7649 0.3168 -0.5608
vn 0.9175 0.3800 0.1175
vn 0.8886 0.3681 0.2737
vn 0.7649 0.3168 0.5608
vn 0.9740 0.1937 -0.1175
vn 0.9433 0.1876 -0.2737
vn 0.8120 0.1615 -0.5608
vn 0.9740 0.1937 0.1175
vn 0.9433 0.1876 0.2737
vn 0.8120 0.1615 0.5608
vn 0.9931 -0.0000 -0.1175
vn 0.9618 -0.0000 -0.2737
vn 0.8279 -0.0000 -0.5608
vn 0.9931 -0.0000 0.1175
vn 0.9618 -0.0000 0.2737
vn 0.8279 -0.0000 0.5608
vn 0.9740 -0.1937 -0.1175
vn 0.9433 -0.1876 -0.2737
vn 0.8120 -0.1615 -0.5608
vn 0.9740 -0.1937 0.1175
vn 0.9433 -0.1876 0.2737
vn 0.8120 -0.1615 0.5608
vn 0.9175 -0.3800 -0.1175
vn 0.8886 -0.3681 -0.2737
vn 0.7649 -0.3168 -0.5608
vn 0.9175 -0.3800 0.1175
vn 0.8886 -0.3681 0.2737
vn 0.7649 -0.3168 0.5608
vn 0.8257 -0.5517 -0.1175
vn 0.7997 -0.5343 -0.2737
vn 0.6884 -0.4600 -0.5608
vn 0.8257 -0.5517 0.1175
vn 0.7997 -0.5343 0.2737
vn 0.6884 -0.4600 0.5608
vn 0.7022 -0.7022 -0.1175
vn 0.6801 -0.6801 -0.2737
vn 0.5854 -0.5854 -0.5608
vn 0.7022 -0.7022 0.1175
vn 0.6801 -0.6801 0.2737
vn 0.5854 -0.5854 0.5608
vn 0.5517 -0.8257 -0.1175
vn 0.5343 -0.7997 -0.2737
vn 0.4600 -0.6884 -0.5608
vn 0.5517 -0.8257 0.1175
vn 0.5343 -0.7997 0.2737
vn 0.4600 -0.6884 0.5608
vn 0.3800 -0.9175 -0.1175
vn 0.3681 -0.8886 -0.2737
vn 0.3168 -0.7649 -0.5608
vn 0.3800 -0.9175 0.1175
vn 0.3681 -0.8886 0.2737
vn 0.3168 -0.7649 0.5608
vn 0.1937 -0.9740 -0.1175
vn 0.1876 -0.9433 -0.2737
vn 0.1615 -0.8120 -0.5608
vn 0.1937 -0.9740 0.1175
vn 0.1876 -0.9433 0.2737
vn 0.1615 -0.8120 0.5608
vn -0.0000 -0.9931 -0.1175
vn -0.0000 -0.9618 -0.2737
vn -0.0000 -0.8279 -0.5608
vn -0.0000 -0.9931 0.1175
vn -0.0000 -0.9618 0.2737
vn -0.0000 -0.8279 0.5608
vn -0.1937 -0.9740 -0.1175
vn -0.1876 -0.9433 -0.2737
vn -0.1615 -0.8120 -0.5608
vn -0.1937 -0.9740 0.1175
vn -0.1876 -0.9433 0.2737
vn -0.1615 -0.8120 0.5608
vn -0.3800 -0.9175 -0.1175
vn -0.3681 -0.8886 -0.2737
vn -0.3168 -0.7649 -0.5608
vn -0.3800 -0.9175 0.1175
vn -0.3681 -0.8886 0.2737
vn -0.3168 -0.7649 0.5608
vn -0.5517 -0.8257 -0.1175
vn -0.5344 -0.7997 -0.2737
vn -0.4600 -0.6884 -0.5608
vn -0.5517 -0.8257 0.1175
vn -0.5343 -0.7997 0.2737
vn -0.4600 -0.6884 0.5608
vn -0.7022 -0.7022 -0.1175
vn -0.6801 -0.6801 -0.2737
vn -0.5854 -0.5854 -0.5608
vn -0.7022 -0.7022 0.1175
vn -0.6801 -0.6801 0.2737
vn -0.5854 -0.5854 0.5608
vn -0.8257 -0.5517 -0.1175
vn -0.7997 -0.5343 -0.2737
vn -0.6884 -0.4600 -0.5608
vn -0.8257 -0.5517 0.1175
vn -0.7997 -0.5343 0.2737
vn -0.6884 -0.4600 0.5608
vn -0.9175 -0.3800 -0.1175
vn -0.8886 -0.3681 -0.2737
vn -0.7649 -0.3168 -0.5608
vn -0.9175 -0.3800 0.1175
vn -0.8886 -0.3681 0.2737
vn -0.7649 -0.3168 0.5608
vn -0.9740 -0.1937 -0.1175
vn -0.9433 -0.1876 -0.2737
vn -0.8120 -0.1615 -0.5608
vn -0.9740 -0.1937 0.1175
vn -0.9433 -0.1876 0.2737
vn -0.8120 -0.1615 0.5608
vn -0.9931 -0.0000 -0.1175
vn -0.9618 -0.0000 -0.2737
vn -0.8279 -0.0000 -0.5608
vn -0.9931 -0.0000 0.1175
vn -0.9618 -0.0000 0.2737
vn -0.8279 -0.0000 0.5608
vn -0.9740 0.1937 -0.1175
vn -0.9433 0.1876 -0.2737
vn -0.8120 0.1615 -0.5608
vn -0.9740 0.1937 0.1175
vn -0.9433 0.1876 0.2737
vn -0.8120 0.1615 0.5608
vn -0.9175 0.3800 -0.1175
vn -0.8886 0.3681 -0.2737
vn -0.7649 0.3168 -0.5608
vn -0.9175 0.3800 0.1175
vn -0.8886 0.3681 0.2737
vn -0.7649 0.3168 0.5608
vn -0.8257 0.5517 -0.1175
vn -0.7997 0.5343 -0.2737
vn -0.6884 0.4600 -0.5608
vn -0.8257 0.5517 0.1175
vn -0.7997 0.5343 0.2737
vn -0.6884 0.4600 0.5608
vn -0.7022 0.7022 -0.1175
vn -0.6801 0.6801 -0.2737
vn -0.5854 0.5854 -0.5608
vn -0.7022 0.7022 0.1175
vn -0.6801 0.6801 0.2737
vn -0.5854 0.5854 0.5608
vn -0.5517 0.8257 -0.1175
vn -0.5343 0.7997 -0.2737
vn -0.4600 0.6884 -0.5608
vn -0.5517 0.8257 0.1175
vn -0.5344 0.7997 0.2737
vn -0.4600 0.6884 0.5608
vn -0.3800 0.9175 -0.1175
vn -0.3681 0.8886 -0.2737
vn -0.3168 0.7649 -0.5608
vn -0.3800 0.9175 0.1175
vn -0.3681 0.8886 0.2737
vn -0.3168 0.7649 0.5608
vn -0.1937 0.9740 -0.1175
vn -0.1876 0.9433 -0.2737
vn -0.1615 0.8120 -0.5608
vn -0.1937 0.9740 0.1175
vn -0.1876 0.9433 0.2737
vn -0.1615 0.8120 0.5608
vt 0.031250 0.512500
vt 0.031250 0.987500
vt 0.000000 0.987500
vt 0.000000 0.512500
vt 1.000000 0.512500
vt 1.000000 0.987500
vt 0.968750 0.987500
vt 0.968750 0.512500
vt 0.968750 0.512500
vt 0.937500 0.987500
vt 0.937500 0.512500
vt 0.937500 0.512500
vt 0.906250 0.987500
vt 0.906250 0.512500
vt 0.906250 0.512500
vt 0.906250 0.987500
vt 0.875000 0.987500
vt 0.875000 0.512500
vt 0.875000 0.512500
vt 0.875000 0.987500
vt 0.843750 0.987500
vt 0.843750 0.512500
vt 0.843750 0.512500
vt 0.812500 0.987500
vt 0.812500 0.512500
vt 0.812500 0.512500
vt 0.781250 0.987500
vt 0.781250 0.512500
vt 0.781250 0.512500
vt 0.750000 0.987500
vt 0.750000 0.512500
vt 0.750000 0.512500
vt 0.750000 0.987500
vt 0.718750 0.987500
vt 0.718750 0.512500
vt 0.718750 0.512500
vt 0.718750 0.987500
vt 0.687500 0.987500
vt 0.687500 0.512500
vt 0.687500 0.512500
vt 0.656250 0.987500
vt 0.656250 0.512500
vt 0.625000 0.987500
vt 0.625000 0.512500
vt 0.593750 0.987500
vt 0.593750 0.512500
vt 0.593750 0.512500
vt 0.562500 0.987500
vt 0.562500 0.512500
vt 0.562500 0.512500
vt 0.562500 0.987500
vt 0.531250 0.987500
vt 0.531250 0.512500
vt 0.531250 0.512500
vt 0.500000 0.987500
vt 0.500000 0.512500
vt 0.500000 0.512500
vt 0.468750 0.987500
vt 0.468750 0.512500
vt 0.468750 0.512500
vt 0.437500 0.987500
vt 0.437500 0.512500
vt 0.437500 0.512500
vt 0.437500 0.987500
vt 0.406250 0.987500
vt 0.406250 0.512500
vt 0.375000 0.987500
vt 0.375000 0.512500
vt 0.375000 0.512500
vt 0.375000 0.987500
vt 0.343750 0.987500
vt 0.343750 0.512500
vt 0.343750 0.512500
vt 0.312500 0.987500
vt 0.312500 0.512500
vt 0.312500 0.512500
vt 0.281250 0.987500
vt 0.281250 0.512500
vt 0.281250 0.512500
vt 0.281250 0.987500
vt 0.250000 0.987500
vt 0.250000 0.512500
vt 0.250000 0.512500
vt 0.218750 0.987500
vt 0.218750 0.512500
vt 0.218750 0.512500
vt 0.218750 0.987500
vt 0.187500 0.987500
vt 0.187500 0.512500
vt 0.187500 0.512500
vt 0.187500 0.987500
vt 0.156250 0.987500
vt 0.156250 0.512500
vt 0.125000 0.987500
vt 0.125000 0.512500
vt 0.093750 0.987500
vt 0.093750 0.512500
vt 0.093750 0.512500
vt 0.093750 0.987500
vt 0.062500 0.987500
vt 0.062500 0.512500
vt 0.062500 0.512500
vt 0.031250 0.512500
vt 0.784466 0.423274
vt 0.750000 0.426669
vt 0.750000 0.477942
vt 0.794469 0.473562
vt 0.651848 0.103105
vt 0.682392 0.086779
vt 0.662770 0.039409
vt 0.623362 0.060473
vt 0.913221 0.317608
vt 0.896895 0.348152
vt 0.939527 0.376638
vt 0.960591 0.337230
vt 0.625076 0.125076
vt 0.651848 0.103105
vt 0.623362 0.060473
vt 0.588821 0.088821
vt 0.923274 0.284466
vt 0.913221 0.317608
vt 0.960591 0.337230
vt 0.973562 0.294469
vt 0.603105 0.151848
vt 0.625076 0.125076
vt 0.588821 0.088821
vt 0.560473 0.123362
vt 0.926669 0.250000
vt 0.977942 0.250000
vt 0.586779 0.182392
vt 0.539409 0.162770
vt 0.923274 0.215534
vt 0.926669 0.250000
vt 0.973562 0.205531
vt 0.576726 0.215534
vt 0.539409 0.162770
vt 0.526438 0.205531
vt 0.913221 0.182392
vt 0.923274 0.215534
vt 0.973562 0.205531
vt 0.960591 0.162770
vt 0.573331 0.250000
vt 0.522058 0.250000
vt 0.896895 0.151848
vt 0.960591 0.162770
vt 0.939527 0.123362
vt 0.576726 0.284466
vt 0.573331 0.250000
vt 0.526438 0.294469
vt 0.874924 0.125076
vt 0.911179 0.088821
vt 0.586779 0.317608
vt 0.576726 0.284466
vt 0.539409 0.337230
vt 0.848152 0.103105
vt 0.874924 0.125076
vt 0.911179 0.088821
vt 0.876638 0.060473
vt 0.603105 0.348152
vt 0.560473 0.376638
vt 0.817608 0.086779
vt 0.848152 0.103105
vt 0.876638 0.060473
vt 0.837230 0.039409
vt 0.750000 0.426669
vt 0.715534 0.423274
vt 0.705531 0.473562
vt 0.625076 0.374924
vt 0.603105 0.348152
vt 0.588821 0.411179
vt 0.784466 0.076726
vt 0.794469 0.026438
vt 0.817608 0.413221
vt 0.837230 0.460591
vt 0.651848 0.396895
vt 0.623362 0.439527
vt 0.750000 0.073331
vt 0.784466 0.076726
vt 0.794469 0.026438
vt 0.750000 0.022058
vt 0.848152 0.396895
vt 0.837230 0.460591
vt 0.876638 0.439527
vt 0.682392 0.413221
vt 0.651848 0.396895
vt 0.623362 0.439527
vt 0.662770 0.460591
vt 0.715534 0.076726
vt 0.705531 0.026438
vt 0.874924 0.374924
vt 0.848152 0.396895
vt 0.876638 0.439527
vt 0.911179 0.411179
vt 0.682392 0.413221
vt 0.705531 0.473562
vt 0.715534 0.076726
vt 0.705531 0.026438
vt 0.911179 0.411179
vt 0.294469 0.473562
vt 0.250000 0.477942
vt 0.205531 0.473562
vt 0.162770 0.460591
vt 0.123362 0.439527
vt 0.088821 0.411179
vt 0.060473 0.376638
vt 0.039409 0.337230
vt 0.026438 0.294469
vt 0.022058 0.250000
vt 0.026438 0.205531
vt 0.039409 0.162770
vt 0.060473 0.123362
vt 0.088821 0.088821
vt 0.123362 0.060473
vt 0.162770 0.039409
vt 0.205531 0.026438
vt 0.250000 0.022058
vt 0.294469 0.026438
vt 0.337230 0.039409
vt 0.376638 0.060473
vt 0.411179 0.088821
vt 0.439527 0.123362
vt 0.460591 0.162770
vt 0.473562 0.205531
vt 0.477942 0.250000
vt 0.473562 0.294469
vt 0.460591 0.337230
vt 0.439527 0.376638
vt 0.411179 0.411179
vt 0.376638 0.439527
vt 0.337230 0.460591
vt 0.968810 0.507716
vt 0.999940 0.507716
vt 0.968980 0.500000
vt 0.999770 0.500000
vt 0.750345 0.489966
vt 0.796477 0.485422
vt 0.795370 0.478088
vt 0.750000 0.482556
vt 0.999940 0.992284
vt 0.968810 0.992284
vt 0.999770 1.000000
vt 0.968980 1.000000
vt 0.296477 0.485422
vt 0.250345 0.489966
vt 0.250000 0.482556
vt 0.295370 0.478088
vt 0.937560 0.507716
vt 0.968690 0.507716
vt 0.937730 0.500000
vt 0.968520 0.500000
vt 0.797153 0.485288
vt 0.841513 0.471832
vt 0.838995 0.464854
vt 0.795369 0.478088
vt 0.968690 0.992284
vt 0.937560 0.992284
vt 0.968520 1.000000
vt 0.937730 1.000000
vt 0.341513 0.471832
vt 0.297153 0.485288
vt 0.338996 0.464854
vt 0.906310 0.507716
vt 0.937440 0.507716
vt 0.906480 0.500000
vt 0.937270 0.500000
vt 0.842149 0.471568
vt 0.883032 0.449716
vt 0.879201 0.443364
vt 0.937440 0.992284
vt 0.906310 0.992284
vt 0.937270 1.000000
vt 0.906480 1.000000
vt 0.383032 0.449716
vt 0.342149 0.471568
vt 0.379201 0.443364
vt 0.875060 0.507716
vt 0.906190 0.507716
vt 0.875230 0.500000
vt 0.906020 0.500000
vt 0.883604 0.449333
vt 0.919438 0.419925
vt 0.914442 0.414442
vt 0.906190 0.992284
vt 0.875060 0.992284
vt 0.906020 1.000000
vt 0.875230 1.000000
vt 0.419438 0.419925
vt 0.383604 0.449333
vt 0.414442 0.414442
vt 0.843810 0.507716
vt 0.874940 0.507716
vt 0.843980 0.500000
vt 0.874770 0.500000
vt 0.919925 0.419438
vt 0.949333 0.383604
vt 0.943364 0.379201
vt 0.914442 0.414442
vt 0.874940 0.992284
vt 0.843810 0.992284
vt 0.874770 1.000000
vt 0.843980 1.000000
vt 0.449333 0.383604
vt 0.419925 0.419438
vt 0.443364 0.379201
vt 0.812560 0.507716
vt 0.843690 0.507716
vt 0.812730 0.500000
vt 0.843520 0.500000
vt 0.949716 0.383032
vt 0.971568 0.342149
vt 0.964854 0.338995
vt 0.943364 0.379201
vt 0.843690 0.992284
vt 0.812560 0.992284
vt 0.843520 1.000000
vt 0.812730 1.000000
vt 0.471568 0.342149
vt 0.449716 0.383032
vt 0.464854 0.338995
vt 0.781310 0.507716
vt 0.812440 0.507716
vt 0.781480 0.500000
vt 0.812270 0.500000
vt 0.971832 0.341513
vt 0.985288 0.297153
vt 0.978088 0.295370
vt 0.964854 0.338995
vt 0.812440 0.992284
vt 0.781310 0.992284
vt 0.812270 1.000000
vt 0.781480 1.000000
vt 0.485288 0.297153
vt 0.471832 0.341513
vt 0.478088 0.295369
vt 0.750060 0.507716
vt 0.781190 0.507716
vt 0.750230 0.500000
vt 0.781020 0.500000
vt 0.985422 0.296477
vt 0.989966 0.250345
vt 0.982556 0.250000
vt 0.781190 0.992284
vt 0.750060 0.992284
vt 0.781020 1.000000
vt 0.750230 1.000000
vt 0.489966 0.250345
vt 0.485422 0.296477
vt 0.482556 0.250000
vt 0.718810 0.507716
vt 0.749940 0.507716
vt 0.718980 0.500000
vt 0.749770 0.500000
vt 0.989966 0.249656
vt 0.985422 0.203523
vt 0.978088 0.204631
vt 0.749940 0.992284
vt 0.718810 0.992284
vt 0.749770 1.000000
vt 0.718980 1.000000
vt 0.485422 0.203523
vt 0.489966 0.249656
vt 0.478088 0.204631
vt 0.687560 0.507716
vt 0.718690 0.507716
vt 0.687730 0.500000
vt 0.718520 0.500000
vt 0.985288 0.202847
vt 0.971832 0.158487
vt 0.964854 0.161005
vt 0.978088 0.204631
vt 0.718690 0.992284
vt 0.687560 0.992284
vt 0.718520 1.000000
vt 0.687730 1.000000
vt 0.471832 0.158487
vt 0.485288 0.202847
vt 0.464854 0.161004
vt 0.656310 0.507716
vt 0.687440 0.507716
vt 0.656480 0.500000
vt 0.687270 0.500000
vt 0.971568 0.157851
vt 0.949716 0.116968
vt 0.943364 0.120799
vt 0.964854 0.161005
vt 0.687440 0.992284
vt 0.656310 0.992284
vt 0.687270 1.000000
vt 0.656480 1.000000
vt 0.449716 0.116968
vt 0.471568 0.157851
vt 0.443364 0.120799
vt 0.625060 0.507716
vt 0.656190 0.507716
vt 0.625230 0.500000
vt 0.656020 0.500000
vt 0.949333 0.116396
vt 0.919925 0.080562
vt 0.914442 0.085558
vt 0.656190 0.992284
vt 0.625060 0.992284
vt 0.656020 1.000000
vt 0.625230 1.000000
vt 0.419925 0.080562
vt 0.449333 0.116396
vt 0.414442 0.085558
vt 0.593810 0.507716
vt 0.624940 0.507716
vt 0.593980 0.500000
vt 0.624770 0.500000
vt 0.919438 0.080075
vt 0.883604 0.050667
vt 0.879201 0.056636
vt 0.914442 0.085558
vt 0.624940 0.992284
vt 0.593810 0.992284
vt 0.624770 1.000000
vt 0.593980 1.000000
vt 0.383604 0.050667
vt 0.419438 0.080075
vt 0.379201 0.056636
vt 0.562560 0.507716
vt 0.593690 0.507716
vt 0.562730 0.500000
vt 0.593520 0.500000
vt 0.883031 0.050284
vt 0.842149 0.028432
vt 0.838995 0.035146
vt 0.593690 0.992284
vt 0.562560 0.992284
vt 0.593520 1.000000
vt 0.562730 1.000000
vt 0.342149 0.028432
vt 0.383032 0.050284
vt 0.338995 0.035146
vt 0.531310 0.507716
vt 0.562440 0.507716
vt 0.531480 0.500000
vt 0.562270 0.500000
vt 0.841513 0.028168
vt 0.797153 0.014712
vt 0.795370 0.021912
vt 0.562440 0.992284
vt 0.531310 0.992284
vt 0.562270 1.000000
vt 0.531480 1.000000
vt 0.297153 0.014712
vt 0.341513 0.028168
vt 0.295369 0.021912
vt 0.500060 0.507716
vt 0.531190 0.507716
vt 0.500230 0.500000
vt 0.531020 0.500000
vt 0.796477 0.014578
vt 0.750345 0.010034
vt 0.750000 0.017444
vt 0.795369 0.021912
vt 0.531190 0.992284
vt 0.500060 0.992284
vt 0.531020 1.000000
vt 0.500230 1.000000
vt 0.250345 0.010034
vt 0.296477 0.014578
vt 0.250000 0.017444
vt 0.468810 0.507716
vt 0.499940 0.507716
vt 0.468980 0.500000
vt 0.499770 0.500000
vt 0.749656 0.010034
vt 0.703523 0.014578
vt 0.704631 0.021912
vt 0.499940 0.992284
vt 0.468810 0.992284
vt 0.499770 1.000000
vt 0.468980 1.000000
vt 0.203523 0.014578
vt 0.249656 0.010034
vt 0.204631 0.021912
vt 0.437560 0.507716
vt 0.468690 0.507716
vt 0.437730 0.500000
vt 0.468520 0.500000
vt 0.702847 0.014712
vt 0.658487 0.028168
vt 0.661004 0.035146
vt 0.704631 0.021912
vt 0.468690 0.992284
vt 0.437560 0.992284
vt 0.468520 1.000000
vt 0.437730 1.000000
vt 0.158487 0.028168
vt 0.202847 0.014712
vt 0.161005 0.035146
vt 0.406310 0.507716
vt 0.437440 0.507716
vt 0.406480 0.500000
vt 0.437270 0.500000
vt 0.657851 0.028432
vt 0.616968 0.050284
vt 0.620799 0.056636
vt 0.661005 0.035146
vt 0.437440 0.992284
vt 0.406310 0.992284
vt 0.437270 1.000000
vt 0.406480 1.000000
vt 0.116968 0.050284
vt 0.157851 0.028432
vt 0.120799 0.056636
vt 0.375060 0.507716
vt 0.406190 0.507716
vt 0.375230 0.500000
vt 0.406020 0.500000
vt 0.616396 0.050667
vt 0.580562 0.080075
vt 0.585558 0.085558
vt 0.620799 0.056636
vt 0.406190 0.992284
vt 0.375060 0.992284
vt 0.406020 1.000000
vt 0.375230 1.000000
vt 0.080562 0.080075
vt 0.116396 0.050667
vt 0.085558 0.085558
vt 0.343810 0.507716
vt 0.374940 0.507716
vt 0.343980 0.500000
vt 0.374770 0.500000
vt 0.580075 0.080562
vt 0.550667 0.116396
vt 0.556636 0.120799
vt 0.374940 0.992284
vt 0.343810 0.992284
vt 0.374770 1.000000
vt 0.343980 1.000000
vt 0.050667 0.116396
vt 0.080075 0.080562
vt 0.056636 0.120799
vt 0.312560 0.507716
vt 0.343690 0.507716
vt 0.312730 0.500000
vt 0.343520 0.500000
vt 0.550284 0.116968
vt 0.528432 0.157851
vt 0.535146 0.161005
vt 0.343690 0.992284
vt 0.312560 0.992284
vt 0.343520 1.000000
vt 0.312730 1.000000
vt 0.028432 0.157851
vt 0.050284 0.116968
vt 0.035146 0.161004
vt 0.281310 0.507716
vt 0.312440 0.507716
vt 0.281480 0.500000
vt 0.312270 0.500000
vt 0.528168 0.158487
vt 0.514712 0.202847
vt 0.521912 0.204631
vt 0.535146 0.161005
vt 0.312440 0.992284
vt 0.281310 0.992284
vt 0.312270 1.000000
vt 0.281480 1.000000
vt 0.014712 0.202847
vt 0.028168 0.158487
vt 0.021912 0.204631
vt 0.250060 0.507716
vt 0.281190 0.507716
vt 0.250230 0.500000
vt 0.281020 0.500000
vt 0.514578 0.203523
vt 0.510034 0.249656
vt 0.517444 0.250000
vt 0.281190 0.992284
vt 0.250060 0.992284
vt 0.281020 1.000000
vt 0.250230 1.000000
vt 0.010034 0.249656
vt 0.014578 0.203523
vt 0.017444 0.250000
vt 0.218810 0.507716
vt 0.249940 0.507716
vt 0.218980 0.500000
vt 0.249770 0.500000
vt 0.510034 0.250345
vt 0.514578 0.296477
vt 0.521912 0.295370
vt 0.249940 0.992284
vt 0.218810 0.992284
vt 0.249770 1.000000
vt 0.218980 1.000000
vt 0.014578 0.296477
vt 0.010034 0.250345
vt 0.021912 0.295370
vt 0.187560 0.507716
vt 0.218690 0.507716
vt 0.187730 0.500000
vt 0.218520 0.500000
vt 0.514712 0.297153
vt 0.528168 0.341513
vt 0.535146 0.338995
vt 0.218690 0.992284
vt 0.187560 0.992284
vt 0.218520 1.000000
vt 0.187730 1.000000
vt 0.028168 0.341513
vt 0.014712 0.297153
vt 0.035146 0.338995
vt 0.156310 0.507716
vt 0.187440 0.507716
vt 0.156480 0.500000
vt 0.187270 0.500000
vt 0.528432 0.342149
vt 0.550284 0.383032
vt 0.556636 0.379201
vt 0.535146 0.338995
vt 0.187440 0.992284
vt 0.156310 0.992284
vt 0.187270 1.000000
vt 0.156480 1.000000
vt 0.050284 0.383032
vt 0.028432 0.342149
vt 0.056636 0.379201
vt 0.125060 0.507716
vt 0.156190 0.507716
vt 0.125230 0.500000
vt 0.156020 0.500000
vt 0.550667 0.383604
vt 0.580075 0.419438
vt 0.585558 0.414442
vt 0.156190 0.992284
vt 0.125060 0.992284
vt 0.156020 1.000000
vt 0.125230 1.000000
vt 0.080075 0.419438
vt 0.050667 0.383604
vt 0.085558 0.414442
vt 0.093810 0.507716
vt 0.124940 0.507716
vt 0.093980 0.500000
vt 0.124770 0.500000
vt 0.580562 0.419925
vt 0.616396 0.449333
vt 0.620799 0.443364
vt 0.124940 0.992284
vt 0.093810 0.992284
vt 0.124770 1.000000
vt 0.093980 1.000000
vt 0.116396 0.449333
vt 0.080562 0.419925
vt 0.120799 0.443364
vt 0.062560 0.507716
vt 0.093690 0.507716
vt 0.062730 0.500000
vt 0.093520 0.500000
vt 0.616968 0.449716
vt 0.657851 0.471568
vt 0.661004 0.464854
vt 0.620799 0.443364
vt 0.093690 0.992284
vt 0.062560 0.992284
vt 0.093520 1.000000
vt 0.062730 1.000000
vt 0.157851 0.471568
vt 0.116968 0.449716
vt 0.161004 0.464854
vt 0.031310 0.507716
vt 0.062440 0.507716
vt 0.031480 0.500000
vt 0.062270 0.500000
vt 0.658487 0.471832
vt 0.702847 0.485288
vt 0.704631 0.478088
vt 0.661005 0.464854
vt 0.062440 0.992284
vt 0.031310 0.992284
vt 0.062270 1.000000
vt 0.031480 1.000000
vt 0.202847 0.485288
vt 0.158487 0.471832
vt 0.204631 0.478088
vt 0.000060 0.507716
vt 0.031190 0.507716
vt 0.000230 0.500000
vt 0.031020 0.500000
vt 0.703523 0.485422
vt 0.749655 0.489966
vt 0.031190 0.992284
vt 0.000060 0.992284
vt 0.031020 1.000000
vt 0.000230 1.000000
vt 0.249656 0.489966
vt 0.203523 0.485422
s 1
usemtl 材质.017
f 348/1/1 189/2/2 3/3/3 194/4/4
f 194/5/4 3/6/3 9/7/5 198/8/6
f 198/9/6 9/7/5 15/10/7 203/11/8
f 203/12/8 15/10/7 21/13/9 208/14/10
f 208/15/10 21/16/9 27/17/11 213/18/12
f 213/19/12 27/20/11 33/21/13 218/22/14
f 218/23/14 33/21/13 39/24/15 223/25/16
f 223/26/16 39/24/15 45/27/17 228/28/18
f 228/29/18 45/27/17 51/30/19 233/31/20
f 233/32/20 51/33/19 57/34/21 238/35/22
f 238/36/22 57/37/21 63/38/23 243/39/24
f 243/40/24 63/38/23 69/41/25 248/42/26
f 248/42/26 69/41/25 75/43/27 253/44/28
f 253/44/28 75/43/27 81/45/29 258/46/30
f 258/47/30 81/45/29 87/48/31 263/49/32
f 263/50/32 87/51/31 93/52/33 268/53/34
f 268/54/34 93/52/33 99/55/35 273/56/36
f 273/57/36 99/55/35 105/58/37 278/59/38
f 278/60/38 105/58/37 111/61/39 283/62/40
f 283/63/40 111/64/39 117/65/41 288/66/42
f 288/66/42 117/65/41 123/67/43 293/68/44
f 293/69/44 123/70/43 129/71/45 298/72/46
f 298/73/46 129/71/45 135/74/47 303/75/48
f 303/76/48 135/74/47 141/77/49 308/78/50
f 308/79/50 141/80/49 147/81/51 313/82/52
f 313/83/52 147/81/51 153/84/53 318/85/54
f 318/86/54 153/87/53 159/88/55 323/89/56
f 323/90/56 159/91/55 165/92/57 328/93/58
f 328/93/58 165/92/57 171/94/59 333/95/60
f 333/95/60 171/94/59 177/96/61 338/97/62
f 338/98/62 177/99/61 183/100/63 343/101/64
f 343/102/64 183/100/63 189/2/2 348/103/1
f 7/104/65 1/105/65 193/106/66 199/107/67
f 115/108/65 109/109/65 284/110/68 289/111/69
f 37/112/65 31/113/65 219/114/70 224/115/71
f 121/116/65 115/117/65 289/118/69 294/119/72
f 43/120/65 37/121/65 224/122/71 229/123/73
f 127/124/65 121/125/65 294/126/72 299/127/74
f 49/128/65 43/120/65 229/123/73 234/129/75
f 133/130/65 127/124/65 299/127/74 304/131/76
f 55/132/65 49/133/65 234/129/75 239/134/77
f 139/135/65 133/130/65 304/136/76 309/137/78
f 61/138/65 55/139/65 239/140/77 244/141/79
f 145/142/65 139/135/65 309/137/78 314/143/80
f 67/144/65 61/138/65 244/145/79 249/146/81
f 151/147/65 145/148/65 314/143/80 319/149/82
f 73/150/65 67/144/65 249/146/81 254/151/83
f 157/152/65 151/153/65 319/149/82 324/154/84
f 79/155/65 73/156/65 254/157/83 259/158/85
f 163/159/65 157/152/65 324/154/84 329/160/86
f 85/161/65 79/162/65 259/163/85 264/164/87
f 1/165/65 187/166/65 349/167/88 193/106/66
f 169/168/65 163/169/65 329/160/86 334/170/89
f 91/171/65 85/161/65 264/164/87 269/172/90
f 13/173/65 7/104/65 199/107/67 204/174/91
f 175/175/65 169/168/65 334/170/89 339/176/92
f 97/177/65 91/178/65 269/179/90 274/180/93
f 19/181/65 13/173/65 204/182/91 209/183/94
f 181/184/65 175/185/65 339/186/92 344/187/95
f 103/188/65 97/177/65 274/180/93 279/189/96
f 25/190/65 19/191/65 209/192/94 214/193/97
f 187/166/65 181/194/65 344/187/95 349/195/88
f 109/109/65 103/196/65 279/197/96 284/110/68
f 31/113/65 25/190/65 214/198/97 219/114/70
f 8/199/98 2/200/99 188/201/100 182/202/101 176/203/102 170/204/103 164/205/104 158/206/105 152/207/106 146/208/107 140/209/108 134/210/109 128/211/110 122/212/111 116/213/112 110/214/113 104/215/114 98/216/115 92/217/116 86/218/117 80/219/118 74/220/119 68/221/120 62/222/121 56/223/122 50/224/123 44/225/124 38/226/125 32/227/126 26/228/127 20/229/128 14/230/129
f 194/5/4 198/8/6 200/231/130 197/232/131
f 197/232/131 200/231/130 201/233/132 196/234/133
f 196/235/133 201/236/132 202/237/134 195/238/135
f 195/238/135 202/237/134 199/107/67 193/106/66
f 9/7/5 3/6/3 6/239/136 12/240/137
f 12/240/137 6/239/136 5/241/138 11/242/139
f 11/243/139 5/244/138 4/245/140 10/246/141
f 10/246/141 4/245/140 2/200/99 8/199/98
f 198/9/6 203/11/8 205/247/142 200/248/130
f 200/248/130 205/247/142 206/249/143 201/250/132
f 201/251/132 206/252/143 207/253/144 202/254/134
f 202/254/134 207/253/144 204/174/91 199/107/67
f 15/10/7 9/7/5 12/255/137 18/256/145
f 18/256/145 12/255/137 11/257/139 17/258/146
f 17/259/146 11/260/139 10/246/141 16/261/147
f 16/261/147 10/246/141 8/199/98 14/230/129
f 203/12/8 208/14/10 210/262/148 205/263/142
f 205/263/142 210/262/148 211/264/149 206/265/143
f 206/266/143 211/267/149 212/268/150 207/253/144
f 207/253/144 212/268/150 209/183/94 204/182/91
f 21/13/9 15/10/7 18/269/145 24/270/151
f 24/270/151 18/269/145 17/271/146 23/272/152
f 23/273/152 17/274/146 16/261/147 22/275/153
f 22/275/153 16/261/147 14/230/129 20/229/128
f 208/15/10 213/18/12 215/276/154 210/277/148
f 210/277/148 215/276/154 216/278/155 211/279/149
f 211/280/149 216/281/155 217/282/156 212/268/150
f 212/268/150 217/282/156 214/193/97 209/192/94
f 27/17/11 21/16/9 24/283/151 30/284/157
f 30/284/157 24/283/151 23/285/152 29/286/158
f 29/287/158 23/288/152 22/275/153 28/289/159
f 28/289/159 22/275/153 20/229/128 26/228/127
f 213/19/12 218/22/14 220/290/160 215/291/154
f 215/291/154 220/290/160 221/292/161 216/293/155
f 216/294/155 221/295/161 222/296/162 217/297/156
f 217/297/156 222/296/162 219/114/70 214/198/97
f 33/21/13 27/20/11 30/298/157 36/299/163
f 36/299/163 30/298/157 29/300/158 35/301/164
f 35/302/164 29/303/158 28/289/159 34/304/165
f 34/304/165 28/289/159 26/228/127 32/227/126
f 218/23/14 223/25/16 225/305/166 220/306/160
f 220/306/160 225/305/166 226/307/167 221/308/161
f 221/309/161 226/310/167 227/311/168 222/312/162
f 222/312/162 227/311/168 224/115/71 219/114/70
f 39/24/15 33/21/13 36/313/163 42/314/169
f 42/314/169 36/313/163 35/315/164 41/316/170
f 41/317/170 35/318/164 34/304/165 40/319/171
f 40/319/171 34/304/165 32/227/126 38/226/125
f 223/26/16 228/28/18 230/320/172 225/321/166
f 225/321/166 230/320/172 231/322/173 226/323/167
f 226/324/167 231/325/173 232/326/174 227/327/168
f 227/327/168 232/326/174 229/123/73 224/122/71
f 45/27/17 39/24/15 42/328/169 48/329/175
f 48/329/175 42/328/169 41/330/170 47/331/176
f 47/332/176 41/333/170 40/319/171 46/334/177
f 46/334/177 40/319/171 38/226/125 44/225/124
f 228/29/18 233/31/20 235/335/178 230/336/172
f 230/336/172 235/335/178 236/337/179 231/338/173
f 231/339/173 236/340/179 237/341/180 232/326/174
f 232/326/174 237/341/180 234/129/75 229/123/73
f 51/30/19 45/27/17 48/342/175 54/343/181
f 54/343/181 48/342/175 47/344/176 53/345/182
f 53/346/182 47/347/176 46/334/177 52/348/183
f 52/348/183 46/334/177 44/225/124 50/224/123
f 233/32/20 238/35/22 240/349/184 235/350/178
f 235/350/178 240/349/184 241/351/185 236/352/179
f 236/353/179 241/354/185 242/355/186 237/341/180
f 237/341/180 242/355/186 239/134/77 234/129/75
f 57/34/21 51/33/19 54/356/181 60/357/187
f 60/357/187 54/356/181 53/358/182 59/359/188
f 59/360/188 53/361/182 52/348/183 58/362/189
f 58/362/189 52/348/183 50/224/123 56/223/122
f 238/36/22 243/39/24 245/363/190 240/364/184
f 240/364/184 245/363/190 246/365/191 241/366/185
f 241/367/185 246/368/191 247/369/192 242/370/186
f 242/370/186 247/369/192 244/141/79 239/140/77
f 63/38/23 57/37/21 60/371/187 66/372/193
f 66/372/193 60/371/187 59/373/188 65/374/194
f 65/375/194 59/376/188 58/362/189 64/377/195
f 64/377/195 58/362/189 56/223/122 62/222/121
f 243/40/24 248/42/26 250/378/196 245/379/190
f 245/379/190 250/378/196 251/380/197 246/381/191
f 246/382/191 251/383/197 252/384/198 247/385/192
f 247/385/192 252/384/198 249/146/81 244/145/79
f 69/41/25 63/38/23 66/386/193 72/387/199
f 72/387/199 66/386/193 65/388/194 71/389/200
f 71/390/200 65/391/194 64/377/195 70/392/201
f 70/392/201 64/377/195 62/222/121 68/221/120
f 248/42/26 253/44/28 255/393/202 250/394/196
f 250/394/196 255/393/202 256/395/203 251/396/197
f 251/397/197 256/398/203 257/399/204 252/384/198
f 252/384/198 257/399/204 254/151/83 249/146/81
f 75/43/27 69/41/25 72/400/199 78/401/205
f 78/401/205 72/400/199 71/402/200 77/403/206
f 77/404/206 71/405/200 70/392/201 76/406/207
f 76/406/207 70/392/201 68/221/120 74/220/119
f 253/44/28 258/46/30 260/407/208 255/408/202
f 255/408/202 260/407/208 261/409/209 256/410/203
f 256/411/203 261/412/209 262/413/210 257/414/204
f 257/414/204 262/413/210 259/158/85 254/157/83
f 81/45/29 75/43/27 78/415/205 84/416/211
f 84/416/211 78/415/205 77/417/206 83/418/212
f 83/419/212 77/420/206 76/406/207 82/421/213
f 82/421/213 76/406/207 74/220/119 80/219/118
f 258/47/30 263/49/32 265/422/214 260/423/208
f 260/423/208 265/422/214 266/424/215 261/425/209
f 261/426/209 266/427/215 267/428/216 262/413/210
f 262/413/210 267/428/216 264/164/87 259/163/85
f 87/48/31 81/45/29 84/429/211 90/430/217
f 90/430/217 84/429/211 83/431/212 89/432/218
f 89/433/218 83/434/212 82/421/213 88/435/219
f 88/435/219 82/421/213 80/219/118 86/218/117
f 263/50/32 268/53/34 270/436/220 265/437/214
f 265/437/214 270/436/220 271/438/221 266/439/215
f 266/440/215 271/441/221 272/442/222 267/428/216
f 267/428/216 272/442/222 269/172/90 264/164/87
f 93/52/33 87/51/31 90/443/217 96/444/223
f 96/444/223 90/443/217 89/445/218 95/446/224
f 95/447/224 89/448/218 88/435/219 94/449/225
f 94/449/225 88/435/219 86/218/117 92/217/116
f 268/54/34 273/56/36 275/450/226 270/451/220
f 270/451/220 275/450/226 276/452/227 271/453/221
f 271/454/221 276/455/227 277/456/228 272/457/222
f 272/457/222 277/456/228 274/180/93 269/179/90
f 99/55/35 93/52/33 96/458/223 102/459/229
f 102/459/229 96/458/223 95/460/224 101/461/230
f 101/462/230 95/463/224 94/449/225 100/464/231
f 100/464/231 94/449/225 92/217/116 98/216/115
f 273/57/36 278/59/38 280/465/232 275/466/226
f 275/466/226 280/465/232 281/467/233 276/468/227
f 276/469/227 281/470/233 282/471/234 277/456/228
f 277/456/228 282/471/234 279/189/96 274/180/93
f 105/58/37 99/55/35 102/472/229 108/473/235
f 108/473/235 102/472/229 101/474/230 107/475/236
f 107/476/236 101/477/230 100/464/231 106/478/237
f 106/478/237 100/464/231 98/216/115 104/215/114
f 278/60/38 283/62/40 285/479/238 280/480/232
f 280/480/232 285/479/238 286/481/239 281/482/233
f 281/483/233 286/484/239 287/485/240 282/486/234
f 282/486/234 287/485/240 284/110/68 279/197/96
f 111/61/39 105/58/37 108/487/235 114/488/241
f 114/488/241 108/487/235 107/489/236 113/490/242
f 113/491/242 107/492/236 106/478/237 112/493/243
f 112/493/243 106/478/237 104/215/114 110/214/113
f 283/63/40 288/66/42 290/494/244 285/495/238
f 285/495/238 290/494/244 291/496/245 286/497/239
f 286/498/239 291/499/245 292/500/246 287/501/240
f 287/501/240 292/500/246 289/111/69 284/110/68
f 117/65/41 111/64/39 114/502/241 120/503/247
f 120/503/247 114/502/241 113/504/242 119/505/248
f 119/506/248 113/507/242 112/493/243 118/508/249
f 118/508/249 112/493/243 110/214/113 116/213/112
f 288/66/42 293/68/44 295/509/250 290/510/244
f 290/510/244 295/509/250 296/511/251 291/512/245
f 291/513/245 296/514/251 297/515/252 292/516/246
f 292/516/246 297/515/252 294/119/72 289/118/69
f 123/67/43 117/65/41 120/517/247 126/518/253
f 126/518/253 120/517/247 119/519/248 125/520/254
f 125/521/254 119/522/248 118/508/249 124/523/255
f 124/523/255 118/508/249 116/213/112 122/212/111
f 293/69/44 298/72/46 300/524/256 295/525/250
f 295/525/250 300/524/256 301/526/257 296/527/251
f 296/528/251 301/529/257 302/530/258 297/515/252
f 297/515/252 302/530/258 299/127/74 294/126/72
f 129/71/45 123/70/43 126/531/253 132/532/259
f 132/532/259 126/531/253 125/533/254 131/534/260
f 131/535/260 125/536/254 124/523/255 130/537/261
f 130/537/261 124/523/255 122/212/111 128/211/110
f 298/73/46 303/75/48 305/538/262 300/539/256
f 300/539/256 305/538/262 306/540/263 301/541/257
f 301/542/257 306/543/263 307/544/264 302/530/258
f 302/530/258 307/544/264 304/131/76 299/127/74
f 135/74/47 129/71/45 132/545/259 138/546/265
f 138/546/265 132/545/259 131/547/260 137/548/266
f 137/549/266 131/550/260 130/537/261 136/551/267
f 136/551/267 130/537/261 128/211/110 134/210/109
f 303/76/48 308/78/50 310/552/268 305/553/262
f 305/553/262 310/552/268 311/554/269 306/555/263
f 306/556/263 311/557/269 312/558/270 307/559/264
f 307/559/264 312/558/270 309/137/78 304/136/76
f 141/77/49 135/74/47 138/560/265 144/561/271
f 144/561/271 138/560/265 137/562/266 143/563/272
f 143/564/272 137/565/266 136/551/267 142/566/273
f 142/566/273 136/551/267 134/210/109 140/209/108
f 308/79/50 313/82/52 315/567/274 310/568/268
f 310/568/268 315/567/274 316/569/275 311/570/269
f 311/571/269 316/572/275 317/573/276 312/558/270
f 312/558/270 317/573/276 314/143/80 309/137/78
f 147/81/51 141/80/49 144/574/271 150/575/277
f 150/575/277 144/574/271 143/576/272 149/577/278
f 149/578/278 143/579/272 142/566/273 148/580/279
f 148/580/279 142/566/273 140/209/108 146/208/107
f 313/83/52 318/85/54 320/581/280 315/582/274
f 315/582/274 320/581/280 321/583/281 316/584/275
f 316/585/275 321/586/281 322/587/282 317/573/276
f 317/573/276 322/587/282 319/149/82 314/143/80
f 153/84/53 147/81/51 150/588/277 156/589/283
f 156/589/283 150/588/277 149/590/278 155/591/284
f 155/592/284 149/593/278 148/580/279 154/594/285
f 154/594/285 148/580/279 146/208/107 152/207/106
f 318/86/54 323/89/56 325/595/286 320/596/280
f 320/596/280 325/595/286 326/597/287 321/598/281
f 321/599/281 326/600/287 327/601/288 322/587/282
f 322/587/282 327/601/288 324/154/84 319/149/82
f 159/88/55 153/87/53 156/602/283 162/603/289
f 162/603/289 156/602/283 155/604/284 161/605/290
f 161/606/290 155/607/284 154/594/285 160/608/291
f 160/608/291 154/594/285 152/207/106 158/206/105
f 323/90/56 328/93/58 330/609/292 325/610/286
f 325/610/286 330/609/292 331/611/293 326/612/287
f 326/613/287 331/614/293 332/615/294 327/616/288
f 327/616/288 332/615/294 329/160/86 324/154/84
f 165/92/57 159/91/55 162/617/289 168/618/295
f 168/618/295 162/617/289 161/619/290 167/620/296
f 167/621/296 161/622/290 160/608/291 166/623/297
f 166/623/297 160/608/291 158/206/105 164/205/104
f 328/93/58 333/95/60 335/624/298 330/625/292
f 330/625/292 335/624/298 336/626/299 331/627/293
f 331/628/293 336/629/299 337/630/300 332/615/294
f 332/615/294 337/630/300 334/170/89 329/160/86
f 171/94/59 165/92/57 168/631/295 174/632/301
f 174/632/301 168/631/295 167/633/296 173/634/302
f 173/635/302 167/636/296 166/623/297 172/637/303
f 172/637/303 166/623/297 164/205/104 170/204/103
f 333/95/60 338/97/62 340/638/304 335/639/298
f 335/639/298 340/638/304 341/640/305 336/641/299
f 336/642/299 341/643/305 342/644/306 337/630/300
f 337/630/300 342/644/306 339/176/92 334/170/89
f 177/96/61 171/94/59 174/645/301 180/646/307
f 180/646/307 174/645/301 173/647/302 179/648/308
f 179/649/308 173/650/302 172/637/303 178/651/309
f 178/651/309 172/637/303 170/204/103 176/203/102
f 338/98/62 343/101/64 345/652/310 340/653/304
f 340/653/304 345/652/310 346/654/311 341/655/305
f 341/656/305 346/657/311 347/658/312 342/659/306
f 342/659/306 347/658/312 344/187/95 339/186/92
f 183/100/63 177/99/61 180/660/307 186/661/313
f 186/661/313 180/660/307 179/662/308 185/663/314
f 185/664/314 179/665/308 178/651/309 184/666/315
f 184/666/315 178/651/309 176/203/102 182/202/101
f 343/102/64 348/103/1 350/667/316 345/668/310
f 345/668/310 350/667/316 351/669/317 346/670/311
f 346/671/311 351/672/317 352/673/318 347/674/312
f 347/674/312 352/673/318 349/195/88 344/187/95
f 189/2/2 183/100/63 186/675/313 192/676/319
f 192/676/319 186/675/313 185/677/314 191/678/320
f 191/679/320 185/680/314 184/666/315 190/681/321
f 190/681/321 184/666/315 182/202/101 188/201/100
f 348/1/1 194/4/4 197/682/131 350/683/316
f 350/683/316 197/682/131 196/684/133 351/685/317
f 351/686/317 196/687/133 195/238/135 352/673/318
f 352/673/318 195/238/135 193/106/66 349/167/88
f 3/3/3 189/2/2 192/688/319 6/689/136
f 6/689/136 192/688/319 191/690/320 5/691/138
f 5/692/138 191/693/320 190/681/321 4/245/140
f 4/245/140 190/681/321 188/201/100 2/200/99
o 金属体
v 2.335014 0.361826 1.272076
v 2.335014 0.362704 1.276367
v 2.335014 0.361758 1.273718
v 2.335014 0.361900 1.275110
v 2.335014 0.362233 1.276041
v 2.338784 0.362332 1.276367
v 2.338612 0.361472 1.272076
v 2.338692 0.361870 1.276041
v 2.338627 0.361545 1.275110
v 2.338599 0.361405 1.273718
v 2.342408 0.361233 1.276367
v 2.342073 0.360422 1.272076
v 2.342228 0.360798 1.276041
v 2.342101 0.360491 1.275110
v 2.342046 0.360359 1.273718
v 2.345749 0.359447 1.276367
v 2.345262 0.358718 1.272076
v 2.345488 0.359055 1.276041
v 2.345303 0.358779 1.275110
v 2.345224 0.358661 1.273718
v 2.348677 0.357044 1.276367
v 2.348057 0.356424 1.272076
v 2.348344 0.356711 1.276041
v 2.348109 0.356476 1.275110
v 2.348008 0.356375 1.273718
v 2.351080 0.354116 1.276367
v 2.350351 0.353628 1.272076
v 2.350689 0.353854 1.276041
v 2.350413 0.353670 1.275110
v 2.350294 0.353590 1.273718
v 2.352866 0.350775 1.276367
v 2.352055 0.350439 1.272076
v 2.352431 0.350595 1.276041
v 2.352124 0.350468 1.275110
v 2.351992 0.350413 1.273718
v 2.353966 0.347150 1.276367
v 2.353105 0.346979 1.272076
v 2.353504 0.347058 1.276041
v 2.353178 0.346994 1.275110
v 2.353038 0.346966 1.273718
v 2.354337 0.343381 1.276367
v 2.353459 0.343381 1.272076
v 2.353866 0.343381 1.276041
v 2.353534 0.343381 1.275110
v 2.353391 0.343381 1.273718
v 2.353966 0.339611 1.276367
v 2.353105 0.339782 1.272076
v 2.353504 0.339703 1.276041
v 2.353178 0.339768 1.275110
v 2.353038 0.339795 1.273718
v 2.352866 0.335986 1.276367
v 2.352055 0.336322 1.272076
v 2.352431 0.336166 1.276041
v 2.352124 0.336293 1.275110
v 2.351992 0.336348 1.273718
v 2.351080 0.332645 1.276367
v 2.350351 0.333133 1.272076
v 2.350689 0.332907 1.276041
v 2.350413 0.333092 1.275110
v 2.350294 0.333171 1.273718
v 2.348677 0.329717 1.276367
v 2.348057 0.330338 1.272076
v 2.348344 0.330050 1.276041
v 2.348109 0.330285 1.275110
v 2.348008 0.330386 1.273718
v 2.345749 0.327314 1.276367
v 2.345262 0.328044 1.272076
v 2.345488 0.327706 1.276041
v 2.345303 0.327982 1.275110
v 2.345224 0.328101 1.273718
v 2.342408 0.325528 1.276367
v 2.342073 0.326339 1.272076
v 2.342228 0.325964 1.276041
v 2.342101 0.326271 1.275110
v 2.342046 0.326402 1.273718
v 2.338784 0.324429 1.276367
v 2.338612 0.325289 1.272076
v 2.338692 0.324891 1.276041
v 2.338627 0.325217 1.275110
v 2.338599 0.325357 1.273718
v 2.335014 0.324057 1.276367
v 2.335014 0.324935 1.272076
v 2.335014 0.324529 1.276041
v 2.335014 0.324861 1.275110
v 2.335014 0.325004 1.273718
v 2.331244 0.324429 1.276367
v 2.331415 0.325289 1.272076
v 2.331336 0.324891 1.276041
v 2.331401 0.325217 1.275110
v 2.331429 0.325357 1.273718
v 2.327619 0.325528 1.276367
v 2.327955 0.326339 1.272076
v 2.327800 0.325964 1.276041
v 2.327927 0.326271 1.275110
v 2.327981 0.326402 1.273718
v 2.324279 0.327314 1.276367
v 2.324766 0.328044 1.272076
v 2.324540 0.327706 1.276041
v 2.324725 0.327982 1.275110
v 2.324804 0.328101 1.273718
v 2.321350 0.329717 1.276367
v 2.321971 0.330338 1.272076
v 2.321683 0.330050 1.276041
v 2.321918 0.330285 1.275110
v 2.322019 0.330386 1.273718
v 2.318947 0.332645 1.276367
v 2.319677 0.333133 1.272076
v 2.319339 0.332907 1.276041
v 2.319615 0.333092 1.275110
v 2.319734 0.333171 1.273718
v 2.317162 0.335986 1.276367
v 2.317972 0.336322 1.272076
v 2.317597 0.336166 1.276041
v 2.317904 0.336293 1.275110
v 2.318036 0.336348 1.273718
v 2.316062 0.339611 1.276367
v 2.316923 0.339782 1.272076
v 2.316524 0.339703 1.276041
v 2.316850 0.339768 1.275110
v 2.316990 0.339795 1.273718
v 2.315691 0.343381 1.276367
v 2.316568 0.343381 1.272076
v 2.316162 0.343381 1.276041
v 2.316494 0.343381 1.275110
v 2.316637 0.343381 1.273718
v 2.316062 0.347150 1.276367
v 2.316923 0.346979 1.272076
v 2.316524 0.347058 1.276041
v 2.316850 0.346994 1.275110
v 2.316990 0.346966 1.273718
v 2.317162 0.350775 1.276367
v 2.317972 0.350439 1.272076
v 2.317597 0.350595 1.276041
v 2.317904 0.350468 1.275110
v 2.318036 0.350413 1.273718
v 2.318947 0.354116 1.276367
v 2.319677 0.353628 1.272076
v 2.319339 0.353854 1.276041
v 2.319615 0.353670 1.275110
v 2.319734 0.353590 1.273718
v 2.321350 0.357044 1.276367
v 2.321971 0.356424 1.272076
v 2.321683 0.356711 1.276041
v 2.321918 0.356476 1.275110
v 2.322019 0.356375 1.273718
v 2.324279 0.359447 1.276367
v 2.324766 0.358718 1.272076
v 2.324540 0.359055 1.276041
v 2.324725 0.358779 1.275110
v 2.324804 0.358661 1.273718
v 2.327619 0.361233 1.276367
v 2.327955 0.360422 1.272076
v 2.327800 0.360798 1.276041
v 2.327927 0.360491 1.275110
v 2.327981 0.360359 1.273718
v 2.331244 0.362332 1.276367
v 2.331415 0.361472 1.272076
v 2.331336 0.361870 1.276041
v 2.331401 0.361545 1.275110
v 2.331429 0.361405 1.273718
v 2.323705 0.326456 1.163291
v 2.323774 0.326558 1.171731
v 2.323637 0.326354 1.165254
v 2.323626 0.326338 1.167547
v 2.323674 0.326410 1.169821
v 2.327271 0.324689 1.171731
v 2.327224 0.324575 1.163291
v 2.327203 0.324524 1.169821
v 2.327170 0.324444 1.167547
v 2.327178 0.324462 1.165254
v 2.353819 0.351170 1.163291
v 2.353706 0.351123 1.171731
v 2.353933 0.351217 1.165254
v 2.353951 0.351224 1.167547
v 2.353871 0.351191 1.169821
v 2.351836 0.354621 1.171731
v 2.351938 0.354689 1.163291
v 2.351985 0.354720 1.169821
v 2.352057 0.354768 1.167547
v 2.352040 0.354757 1.165254
v 2.320621 0.328987 1.163291
v 2.320708 0.329074 1.171731
v 2.320534 0.328901 1.165254
v 2.320520 0.328887 1.167547
v 2.320581 0.328948 1.169821
v 2.354978 0.347352 1.163291
v 2.354857 0.347328 1.171731
v 2.355098 0.347376 1.165254
v 2.355117 0.347379 1.167547
v 2.355032 0.347363 1.169821
v 2.318089 0.332072 1.163291
v 2.318192 0.332140 1.171731
v 2.317987 0.332004 1.165254
v 2.317971 0.331993 1.167547
v 2.318043 0.332041 1.169821
v 2.355369 0.343381 1.163291
v 2.355246 0.343381 1.171731
v 2.355491 0.343381 1.165254
v 2.355511 0.343381 1.167547
v 2.355425 0.343381 1.169821
v 2.316208 0.335591 1.163291
v 2.316322 0.335638 1.171731
v 2.316095 0.335544 1.165254
v 2.316077 0.335537 1.167547
v 2.316157 0.335570 1.169821
v 2.354978 0.339410 1.163291
v 2.354857 0.339434 1.171731
v 2.355098 0.339386 1.165254
v 2.355117 0.339382 1.167547
v 2.355032 0.339399 1.169821
v 2.315050 0.339410 1.163291
v 2.315171 0.339434 1.171731
v 2.314930 0.339386 1.165254
v 2.314911 0.339382 1.167547
v 2.314995 0.339399 1.169821
v 2.353819 0.335591 1.163291
v 2.353706 0.335638 1.171731
v 2.353933 0.335544 1.165254
v 2.353951 0.335537 1.167547
v 2.353871 0.335570 1.169821
v 2.314659 0.343381 1.163291
v 2.314782 0.343381 1.171731
v 2.314537 0.343381 1.165254
v 2.314517 0.343381 1.167547
v 2.314603 0.343381 1.169821
v 2.351938 0.332072 1.163291
v 2.351836 0.332140 1.171731
v 2.352040 0.332004 1.165254
v 2.352057 0.331993 1.167547
v 2.351985 0.332041 1.169821
v 2.315050 0.347352 1.163291
v 2.315171 0.347328 1.171731
v 2.314930 0.347376 1.165254
v 2.314911 0.347379 1.167547
v 2.314995 0.347363 1.169821
v 2.349407 0.328987 1.163291
v 2.349320 0.329074 1.171731
v 2.349494 0.328901 1.165254
v 2.349507 0.328887 1.167547
v 2.349447 0.328948 1.169821
v 2.316208 0.351170 1.163291
v 2.316322 0.351123 1.171731
v 2.316095 0.351217 1.165254
v 2.316077 0.351224 1.167547
v 2.316157 0.351191 1.169821
v 2.346323 0.326456 1.163291
v 2.346254 0.326558 1.171731
v 2.346390 0.326354 1.165254
v 2.346401 0.326338 1.167547
v 2.346354 0.326410 1.169821
v 2.318089 0.354689 1.163291
v 2.318192 0.354621 1.171731
v 2.317987 0.354757 1.165254
v 2.317971 0.354768 1.167547
v 2.318043 0.354720 1.169821
v 2.342803 0.324575 1.163291
v 2.342756 0.324689 1.171731
v 2.342850 0.324462 1.165254
v 2.342858 0.324444 1.167547
v 2.342825 0.324524 1.169821
v 2.338985 0.363345 1.163291
v 2.338961 0.363224 1.171731
v 2.339009 0.363465 1.165254
v 2.339013 0.363484 1.167547
v 2.338996 0.363399 1.169821
v 2.335014 0.363613 1.171731
v 2.335014 0.363736 1.163291
v 2.335014 0.363791 1.169821
v 2.335014 0.363878 1.167547
v 2.335014 0.363858 1.165254
v 2.320621 0.357774 1.163291
v 2.320708 0.357687 1.171731
v 2.320534 0.357860 1.165254
v 2.320520 0.357874 1.167547
v 2.320581 0.357813 1.169821
v 2.338985 0.323417 1.163291
v 2.338961 0.323537 1.171731
v 2.339009 0.323297 1.165254
v 2.339013 0.323277 1.167547
v 2.338996 0.323362 1.169821
v 2.342803 0.362186 1.163291
v 2.342756 0.362072 1.171731
v 2.342850 0.362299 1.165254
v 2.342858 0.362317 1.167547
v 2.342825 0.362238 1.169821
v 2.323705 0.360305 1.163291
v 2.323774 0.360203 1.171731
v 2.323637 0.360407 1.165254
v 2.323626 0.360423 1.167547
v 2.323674 0.360352 1.169821
v 2.335014 0.323026 1.163291
v 2.335014 0.323149 1.171731
v 2.335014 0.322903 1.165254
v 2.335014 0.322884 1.167547
v 2.335014 0.322970 1.169821
v 2.346323 0.360305 1.163291
v 2.346254 0.360203 1.171731
v 2.346390 0.360407 1.165254
v 2.346401 0.360423 1.167547
v 2.346354 0.360352 1.169821
v 2.327224 0.362186 1.163291
v 2.327271 0.362072 1.171731
v 2.327178 0.362299 1.165254
v 2.327170 0.362317 1.167547
v 2.327203 0.362238 1.169821
v 2.331043 0.323417 1.163291
v 2.331067 0.323537 1.171731
v 2.331019 0.323297 1.165254
v 2.331015 0.323277 1.167547
v 2.331032 0.323362 1.169821
v 2.349407 0.357774 1.163291
v 2.349320 0.357687 1.171731
v 2.349494 0.357860 1.165254
v 2.349507 0.357874 1.167547
v 2.349447 0.357813 1.169821
v 2.331043 0.363345 1.163291
v 2.331067 0.363224 1.171731
v 2.331019 0.363465 1.165254
v 2.331015 0.363484 1.167547
v 2.331032 0.363399 1.169821
v 2.327912 0.326236 1.184258
v 2.327836 0.326053 1.192136
v 2.327971 0.326379 1.186126
v 2.327978 0.326394 1.188278
v 2.327930 0.326279 1.190389
v 2.350444 0.353690 1.184258
v 2.350609 0.353801 1.192136
v 2.350315 0.353605 1.186126
v 2.350302 0.353595 1.188278
v 2.350405 0.353664 1.190389
v 2.335014 0.361938 1.184258
v 2.335014 0.362136 1.192136
v 2.335014 0.361783 1.186126
v 2.335014 0.361767 1.188278
v 2.335014 0.361891 1.190389
v 2.324594 0.327786 1.192136
v 2.324704 0.327951 1.184258
v 2.324730 0.327990 1.190389
v 2.324799 0.328093 1.188278
v 2.324790 0.328079 1.186126
v 2.352342 0.350558 1.192136
v 2.352158 0.350482 1.184258
v 2.352115 0.350464 1.190389
v 2.352000 0.350417 1.188278
v 2.352016 0.350423 1.186126
v 2.321752 0.330118 1.192136
v 2.321892 0.330259 1.184258
v 2.321925 0.330292 1.190389
v 2.322013 0.330380 1.188278
v 2.322001 0.330368 1.186126
v 2.353409 0.347040 1.192136
v 2.353215 0.347001 1.184258
v 2.353168 0.346992 1.190389
v 2.353047 0.346968 1.188278
v 2.353063 0.346971 1.186126
v 2.319419 0.332960 1.192136
v 2.319584 0.333071 1.184258
v 2.319623 0.333097 1.190389
v 2.319726 0.333166 1.188278
v 2.319713 0.333157 1.186126
v 2.353770 0.343381 1.192136
v 2.353571 0.343381 1.184258
v 2.353524 0.343381 1.190389
v 2.353400 0.343381 1.188278
v 2.353417 0.343381 1.186126
v 2.317686 0.336203 1.192136
v 2.317869 0.336279 1.184258
v 2.317913 0.336297 1.190389
v 2.318027 0.336344 1.188278
v 2.318012 0.336338 1.186126
v 2.353409 0.339722 1.192136
v 2.353215 0.339760 1.184258
v 2.353168 0.339769 1.190389
v 2.353047 0.339794 1.188278
v 2.353063 0.339790 1.186126
v 2.316618 0.339722 1.192136
v 2.316813 0.339760 1.184258
v 2.316859 0.339769 1.190389
v 2.316981 0.339794 1.188278
v 2.316965 0.339790 1.186126
v 2.352342 0.336203 1.192136
v 2.352158 0.336279 1.184258
v 2.352115 0.336297 1.190389
v 2.352000 0.336344 1.188278
v 2.352016 0.336338 1.186126
v 2.316258 0.343381 1.192136
v 2.316457 0.343381 1.184258
v 2.316504 0.343381 1.190389
v 2.316628 0.343381 1.188278
v 2.316611 0.343381 1.186126
v 2.350609 0.332960 1.192136
v 2.350444 0.333071 1.184258
v 2.350405 0.333097 1.190389
v 2.350302 0.333166 1.188278
v 2.350315 0.333157 1.186126
v 2.316618 0.347040 1.192136
v 2.316813 0.347001 1.184258
v 2.316859 0.346992 1.190389
v 2.316981 0.346968 1.188278
v 2.316965 0.346971 1.186126
v 2.348276 0.330118 1.192136
v 2.348136 0.330259 1.184258
v 2.348103 0.330292 1.190389
v 2.348015 0.330380 1.188278
v 2.348027 0.330368 1.186126
v 2.317686 0.350558 1.192136
v 2.317869 0.350482 1.184258
v 2.317913 0.350464 1.190389
v 2.318027 0.350417 1.188278
v 2.318012 0.350423 1.186126
v 2.345434 0.327786 1.192136
v 2.345324 0.327951 1.184258
v 2.345298 0.327990 1.190389
v 2.345229 0.328093 1.188278
v 2.345238 0.328079 1.186126
v 2.319419 0.353801 1.192136
v 2.319584 0.353690 1.184258
v 2.319623 0.353664 1.190389
v 2.319726 0.353595 1.188278
v 2.319713 0.353605 1.186126
v 2.342191 0.326053 1.192136
v 2.342115 0.326236 1.184258
v 2.342098 0.326279 1.190389
v 2.342050 0.326394 1.188278
v 2.342056 0.326379 1.186126
v 2.338673 0.361776 1.192136
v 2.338634 0.361581 1.184258
v 2.338625 0.361535 1.190389
v 2.338601 0.361414 1.188278
v 2.338604 0.361430 1.186126
v 2.321752 0.356643 1.192136
v 2.321892 0.356502 1.184258
v 2.321925 0.356469 1.190389
v 2.322013 0.356382 1.188278
v 2.322001 0.356393 1.186126
v 2.338673 0.324985 1.192136
v 2.338634 0.325180 1.184258
v 2.338625 0.325226 1.190389
v 2.338601 0.325348 1.188278
v 2.338604 0.325331 1.186126
v 2.342191 0.360709 1.192136
v 2.342115 0.360525 1.184258
v 2.342098 0.360482 1.190389
v 2.342050 0.360367 1.188278
v 2.342056 0.360383 1.186126
v 2.324594 0.358975 1.192136
v 2.324704 0.358810 1.184258
v 2.324730 0.358771 1.190389
v 2.324799 0.358668 1.188278
v 2.324790 0.358682 1.186126
v 2.335014 0.324625 1.192136
v 2.335014 0.324823 1.184258
v 2.335014 0.324870 1.190389
v 2.335014 0.324994 1.188278
v 2.335014 0.324978 1.186126
v 2.345434 0.358975 1.192136
v 2.345324 0.358810 1.184258
v 2.345298 0.358771 1.190389
v 2.345229 0.358668 1.188278
v 2.345238 0.358682 1.186126
v 2.327836 0.360709 1.192136
v 2.327912 0.360525 1.184258
v 2.327930 0.360482 1.190389
v 2.327978 0.360367 1.188278
v 2.327971 0.360383 1.186126
v 2.331355 0.324985 1.192136
v 2.331393 0.325180 1.184258
v 2.331403 0.325226 1.190389
v 2.331427 0.325348 1.188278
v 2.331424 0.325331 1.186126
v 2.348276 0.356643 1.192136
v 2.348136 0.356502 1.184258
v 2.348103 0.356469 1.190389
v 2.348015 0.356382 1.188278
v 2.348027 0.356393 1.186126
v 2.331355 0.361776 1.192136
v 2.331393 0.361581 1.184258
v 2.331403 0.361535 1.190389
v 2.331427 0.361414 1.188278
v 2.331424 0.361430 1.186126
v 2.327095 0.324262 1.209620
v 2.327034 0.324114 1.202585
v 2.326983 0.323993 1.208075
v 2.326932 0.323870 1.206196
v 2.326950 0.323913 1.204268
v 2.352220 0.354878 1.209620
v 2.352353 0.354966 1.202585
v 2.352463 0.355040 1.208075
v 2.352573 0.355113 1.206196
v 2.352535 0.355088 1.204268
v 2.335014 0.364075 1.209620
v 2.335014 0.364234 1.202585
v 2.335014 0.364366 1.208075
v 2.335014 0.364499 1.206196
v 2.335014 0.364453 1.204268
v 2.323428 0.326041 1.202585
v 2.323517 0.326174 1.209620
v 2.323307 0.325860 1.204268
v 2.323281 0.325821 1.206196
v 2.323355 0.325932 1.208075
v 2.354280 0.351361 1.202585
v 2.354133 0.351300 1.209620
v 2.354482 0.351444 1.204268
v 2.354525 0.351462 1.206196
v 2.354402 0.351411 1.208075
v 2.320268 0.328635 1.202585
v 2.320381 0.328748 1.209620
v 2.320114 0.328480 1.204268
v 2.320081 0.328448 1.206196
v 2.320175 0.328542 1.208075
v 2.355467 0.347449 1.202585
v 2.355310 0.347418 1.209620
v 2.355681 0.347492 1.204268
v 2.355726 0.347501 1.206196
v 2.355596 0.347475 1.208075
v 2.317675 0.331795 1.202585
v 2.317807 0.331884 1.209620
v 2.317493 0.331674 1.204268
v 2.317455 0.331648 1.206196
v 2.317565 0.331722 1.208075
v 2.355868 0.343381 1.202585
v 2.355708 0.343381 1.209620
v 2.356086 0.343381 1.204268
v 2.356132 0.343381 1.206196
v 2.355999 0.343381 1.208075
v 2.315747 0.335400 1.202585
v 2.315895 0.335461 1.209620
v 2.315546 0.335317 1.204268
v 2.315503 0.335299 1.206196
v 2.315626 0.335350 1.208075
v 2.355467 0.339312 1.202585
v 2.355310 0.339343 1.209620
v 2.355681 0.339270 1.204268
v 2.355726 0.339261 1.206196
v 2.355596 0.339287 1.208075
v 2.314561 0.339312 1.202585
v 2.314718 0.339343 1.209620
v 2.314347 0.339270 1.204268
v 2.314301 0.339261 1.206196
v 2.314432 0.339287 1.208075
v 2.354280 0.335400 1.202585
v 2.354133 0.335461 1.209620
v 2.354482 0.335317 1.204268
v 2.354525 0.335299 1.206196
v 2.354402 0.335350 1.208075
v 2.314160 0.343381 1.202585
v 2.314320 0.343381 1.209620
v 2.313942 0.343381 1.204268
v 2.313896 0.343381 1.206196
v 2.314028 0.343381 1.208075
v 2.352353 0.331795 1.202585
v 2.352220 0.331884 1.209620
v 2.352535 0.331674 1.204268
v 2.352573 0.331648 1.206196
v 2.352463 0.331722 1.208075
v 2.314561 0.347449 1.202585
v 2.314718 0.347418 1.209620
v 2.314347 0.347492 1.204268
v 2.314301 0.347501 1.206196
v 2.314432 0.347475 1.208075
v 2.349760 0.328635 1.202585
v 2.349647 0.328748 1.209620
v 2.349914 0.328480 1.204268
v 2.349947 0.328448 1.206196
v 2.349853 0.328542 1.208075
v 2.315747 0.351361 1.202585
v 2.315895 0.351300 1.209620
v 2.315546 0.351444 1.204268
v 2.315503 0.351462 1.206196
v 2.315626 0.351411 1.208075
v 2.346600 0.326041 1.202585
v 2.346511 0.326174 1.209620
v 2.346721 0.325860 1.204268
v 2.346746 0.325821 1.206196
v 2.346673 0.325932 1.208075
v 2.317675 0.354966 1.202585
v 2.317807 0.354878 1.209620
v 2.317493 0.355088 1.204268
v 2.317455 0.355113 1.206196
v 2.317565 0.355040 1.208075
v 2.342994 0.324114 1.202585
v 2.342933 0.324262 1.209620
v 2.343078 0.323913 1.204268
v 2.343096 0.323870 1.206196
v 2.343045 0.323993 1.208075
v 2.339082 0.363834 1.202585
v 2.339051 0.363677 1.209620
v 2.339125 0.364048 1.204268
v 2.339134 0.364093 1.206196
v 2.339108 0.363963 1.208075
v 2.320268 0.358126 1.202585
v 2.320381 0.358013 1.209620
v 2.320114 0.358281 1.204268
v 2.320081 0.358313 1.206196
v 2.320175 0.358220 1.208075
v 2.339082 0.322928 1.202585
v 2.339051 0.323084 1.209620
v 2.339125 0.322714 1.204268
v 2.339134 0.322668 1.206196
v 2.339108 0.322798 1.208075
v 2.342994 0.362647 1.202585
v 2.342933 0.362499 1.209620
v 2.343078 0.362849 1.204268
v 2.343096 0.362891 1.206196
v 2.343045 0.362769 1.208075
v 2.323428 0.360720 1.202585
v 2.323517 0.360587 1.209620
v 2.323307 0.360901 1.204268
v 2.323281 0.360940 1.206196
v 2.323355 0.360829 1.208075
v 2.335014 0.322527 1.202585
v 2.335014 0.322687 1.209620
v 2.335014 0.322309 1.204268
v 2.335014 0.322262 1.206196
v 2.335014 0.322395 1.208075
v 2.346600 0.360720 1.202585
v 2.346511 0.360587 1.209620
v 2.346721 0.360901 1.204268
v 2.346746 0.360940 1.206196
v 2.346673 0.360829 1.208075
v 2.327034 0.362647 1.202585
v 2.327095 0.362499 1.209620
v 2.326950 0.362849 1.204268
v 2.326932 0.362891 1.206196
v 2.326983 0.362769 1.208075
v 2.330945 0.322928 1.202585
v 2.330977 0.323084 1.209620
v 2.330903 0.322714 1.204268
v 2.330894 0.322668 1.206196
v 2.330920 0.322798 1.208075
v 2.349760 0.358126 1.202585
v 2.349647 0.358013 1.209620
v 2.349914 0.358281 1.204268
v 2.349947 0.358313 1.206196
v 2.349853 0.358220 1.208075
v 2.330945 0.363834 1.202585
v 2.330977 0.363677 1.209620
v 2.330903 0.364048 1.204268
v 2.330894 0.364093 1.206196
v 2.330920 0.363963 1.208075
v 2.326994 0.324019 1.237382
v 2.326915 0.323828 1.245639
v 2.326912 0.323821 1.239226
v 2.326868 0.323715 1.241443
v 2.326869 0.323717 1.243695
v 2.352438 0.355023 1.237382
v 2.352611 0.355139 1.245639
v 2.352617 0.355143 1.239226
v 2.352712 0.355206 1.241443
v 2.352710 0.355205 1.243695
v 2.335014 0.364337 1.237382
v 2.335014 0.364545 1.245639
v 2.335014 0.364552 1.239226
v 2.335014 0.364667 1.241443
v 2.335014 0.364664 1.243695
v 2.323256 0.325783 1.245639
v 2.323371 0.325956 1.237382
v 2.323189 0.325684 1.243695
v 2.323188 0.325682 1.241443
v 2.323252 0.325777 1.239226
v 2.354567 0.351480 1.245639
v 2.354375 0.351400 1.237382
v 2.354677 0.351525 1.243695
v 2.354680 0.351526 1.241443
v 2.354573 0.351482 1.239226
v 2.320049 0.328415 1.245639
v 2.320195 0.328562 1.237382
v 2.319964 0.328331 1.243695
v 2.319963 0.328329 1.241443
v 2.320044 0.328410 1.239226
v 2.355771 0.347509 1.245639
v 2.355568 0.347469 1.237382
v 2.355888 0.347533 1.243695
v 2.355891 0.347533 1.241443
v 2.355778 0.347511 1.239226
v 2.317417 0.331623 1.245639
v 2.317589 0.331738 1.237382
v 2.317317 0.331556 1.243695
v 2.317315 0.331555 1.241443
v 2.317411 0.331619 1.239226
v 2.356178 0.343381 1.245639
v 2.355970 0.343381 1.237382
v 2.356297 0.343381 1.243695
v 2.356300 0.343381 1.241443
v 2.356185 0.343381 1.239226
v 2.315461 0.335282 1.245639
v 2.315653 0.335361 1.237382
v 2.315351 0.335236 1.243695
v 2.315348 0.335235 1.241443
v 2.315454 0.335279 1.239226
v 2.355771 0.339252 1.245639
v 2.355568 0.339292 1.237382
v 2.355888 0.339228 1.243695
v 2.355891 0.339228 1.241443
v 2.355778 0.339250 1.239226
v 2.314257 0.339252 1.245639
v 2.314460 0.339292 1.237382
v 2.314139 0.339228 1.243695
v 2.314137 0.339228 1.241443
v 2.314250 0.339250 1.239226
v 2.354567 0.335282 1.245639
v 2.354375 0.335361 1.237382
v 2.354677 0.335236 1.243695
v 2.354680 0.335235 1.241443
v 2.354573 0.335279 1.239226
v 2.313850 0.343381 1.245639
v 2.314057 0.343381 1.237382
v 2.313730 0.343381 1.243695
v 2.313728 0.343381 1.241443
v 2.313843 0.343381 1.239226
v 2.352611 0.331623 1.245639
v 2.352438 0.331738 1.237382
v 2.352710 0.331556 1.243695
v 2.352712 0.331555 1.241443
v 2.352617 0.331619 1.239226
v 2.314257 0.347509 1.245639
v 2.314460 0.347469 1.237382
v 2.314139 0.347533 1.243695
v 2.314137 0.347533 1.241443
v 2.314250 0.347511 1.239226
v 2.349979 0.328415 1.245639
v 2.349832 0.328562 1.237382
v 2.350064 0.328331 1.243695
v 2.350065 0.328329 1.241443
v 2.349984 0.328410 1.239226
v 2.315461 0.351480 1.245639
v 2.315653 0.351400 1.237382
v 2.315351 0.351525 1.243695
v 2.315348 0.351526 1.241443
v 2.315454 0.351482 1.239226
v 2.346772 0.325783 1.245639
v 2.346657 0.325956 1.237382
v 2.346838 0.325684 1.243695
v 2.346840 0.325682 1.241443
v 2.346776 0.325777 1.239226
v 2.317417 0.355139 1.245639
v 2.317589 0.355023 1.237382
v 2.317317 0.355205 1.243695
v 2.317315 0.355206 1.241443
v 2.317411 0.355143 1.239226
v 2.343113 0.323828 1.245639
v 2.343034 0.324019 1.237382
v 2.343159 0.323717 1.243695
v 2.343160 0.323715 1.241443
v 2.343116 0.323821 1.239226
v 2.339143 0.364138 1.245639
v 2.339102 0.363934 1.237382
v 2.339166 0.364255 1.243695
v 2.339167 0.364258 1.241443
v 2.339144 0.364145 1.239226
v 2.320049 0.358346 1.245639
v 2.320195 0.358199 1.237382
v 2.319964 0.358430 1.243695
v 2.319963 0.358432 1.241443
v 2.320044 0.358351 1.239226
v 2.339143 0.322623 1.245639
v 2.339102 0.322827 1.237382
v 2.339166 0.322506 1.243695
v 2.339167 0.322504 1.241443
v 2.339144 0.322616 1.239226
v 2.343113 0.362933 1.245639
v 2.343034 0.362742 1.237382
v 2.343159 0.363044 1.243695
v 2.343160 0.363046 1.241443
v 2.343116 0.362940 1.239226
v 2.323256 0.360978 1.245639
v 2.323371 0.360805 1.237382
v 2.323189 0.361077 1.243695
v 2.323188 0.361079 1.241443
v 2.323252 0.360984 1.239226
v 2.335014 0.322217 1.245639
v 2.335014 0.322424 1.237382
v 2.335014 0.322097 1.243695
v 2.335014 0.322095 1.241443
v 2.335014 0.322209 1.239226
v 2.346772 0.360978 1.245639
v 2.346657 0.360805 1.237382
v 2.346838 0.361077 1.243695
v 2.346840 0.361079 1.241443
v 2.346776 0.360984 1.239226
v 2.326915 0.362933 1.245639
v 2.326994 0.362742 1.237382
v 2.326869 0.363044 1.243695
v 2.326868 0.363046 1.241443
v 2.326912 0.362940 1.239226
v 2.330885 0.322623 1.245639
v 2.330925 0.322827 1.237382
v 2.330862 0.322506 1.243695
v 2.330861 0.322504 1.241443
v 2.330884 0.322616 1.239226
v 2.349979 0.358346 1.245639
v 2.349832 0.358199 1.237382
v 2.350064 0.358430 1.243695
v 2.350065 0.358432 1.241443
v 2.349984 0.358351 1.239226
v 2.330885 0.364138 1.245639
v 2.330925 0.363934 1.237382
v 2.330862 0.364255 1.243695
v 2.330861 0.364258 1.241443
v 2.330884 0.364145 1.239226
v 2.324651 0.327871 1.223304
v 2.324505 0.327653 1.216047
v 2.324750 0.328020 1.221536
v 2.324757 0.328031 1.219536
v 2.324671 0.327902 1.217609
v 2.352247 0.350519 1.223304
v 2.352489 0.350619 1.216047
v 2.352082 0.350450 1.221536
v 2.352070 0.350445 1.219536
v 2.352213 0.350505 1.217609
v 2.321824 0.330191 1.223304
v 2.321639 0.330005 1.216047
v 2.321951 0.330317 1.221536
v 2.321960 0.330327 1.219536
v 2.321850 0.330217 1.217609
v 2.353308 0.347020 1.223304
v 2.353566 0.347071 1.216047
v 2.353133 0.346985 1.221536
v 2.353120 0.346982 1.219536
v 2.353272 0.347012 1.217609
v 2.319504 0.333018 1.223304
v 2.319286 0.332872 1.216047
v 2.319653 0.333117 1.221536
v 2.319664 0.333124 1.219536
v 2.319535 0.333038 1.217609
v 2.353667 0.343381 1.223304
v 2.353929 0.343381 1.216047
v 2.353488 0.343381 1.221536
v 2.353475 0.343381 1.219536
v 2.353630 0.343381 1.217609
v 2.317781 0.336242 1.223304
v 2.317538 0.336142 1.216047
v 2.317946 0.336311 1.221536
v 2.317958 0.336316 1.219536
v 2.317815 0.336257 1.217609
v 2.353308 0.339742 1.223304
v 2.353566 0.339690 1.216047
v 2.353133 0.339776 1.221536
v 2.353120 0.339779 1.219536
v 2.353272 0.339749 1.217609
v 2.316719 0.339742 1.223304
v 2.316462 0.339690 1.216047
v 2.316895 0.339776 1.221536
v 2.316907 0.339779 1.219536
v 2.316756 0.339749 1.217609
v 2.352247 0.336242 1.223304
v 2.352489 0.336142 1.216047
v 2.352082 0.336311 1.221536
v 2.352070 0.336316 1.219536
v 2.352213 0.336257 1.217609
v 2.316361 0.343381 1.223304
v 2.316098 0.343381 1.216047
v 2.316540 0.343381 1.221536
v 2.316553 0.343381 1.219536
v 2.316398 0.343381 1.217609
v 2.350523 0.333018 1.223304
v 2.350741 0.332872 1.216047
v 2.350374 0.333117 1.221536
v 2.350364 0.333124 1.219536
v 2.350493 0.333038 1.217609
v 2.316719 0.347020 1.223304
v 2.316462 0.347071 1.216047
v 2.316895 0.346985 1.221536
v 2.316907 0.346982 1.219536
v 2.316756 0.347012 1.217609
v 2.348204 0.330191 1.223304
v 2.348389 0.330005 1.216047
v 2.348077 0.330317 1.221536
v 2.348068 0.330327 1.219536
v 2.348177 0.330217 1.217609
v 2.317781 0.350519 1.223304
v 2.317538 0.350619 1.216047
v 2.317946 0.350450 1.221536
v 2.317958 0.350445 1.219536
v 2.317815 0.350505 1.217609
v 2.345377 0.327871 1.223304
v 2.345523 0.327653 1.216047
v 2.345278 0.328020 1.221536
v 2.345270 0.328031 1.219536
v 2.345356 0.327902 1.217609
v 2.319504 0.353744 1.223304
v 2.319286 0.353889 1.216047
v 2.319653 0.353644 1.221536
v 2.319664 0.353637 1.219536
v 2.319535 0.353723 1.217609
v 2.342152 0.326147 1.223304
v 2.342252 0.325905 1.216047
v 2.342084 0.326313 1.221536
v 2.342079 0.326325 1.219536
v 2.342138 0.326182 1.217609
v 2.338653 0.361675 1.223304
v 2.338704 0.361933 1.216047
v 2.338618 0.361500 1.221536
v 2.338615 0.361487 1.219536
v 2.338646 0.361639 1.217609
v 2.321824 0.356570 1.223304
v 2.321639 0.356756 1.216047
v 2.321951 0.356444 1.221536
v 2.321960 0.356435 1.219536
v 2.321850 0.356544 1.217609
v 2.338653 0.325086 1.223304
v 2.338704 0.324829 1.216047
v 2.338618 0.325261 1.221536
v 2.338615 0.325274 1.219536
v 2.338646 0.325122 1.217609
v 2.342152 0.360614 1.223304
v 2.342252 0.360856 1.216047
v 2.342084 0.360448 1.221536
v 2.342079 0.360436 1.219536
v 2.342138 0.360580 1.217609
v 2.324651 0.358890 1.223304
v 2.324505 0.359108 1.216047
v 2.324750 0.358741 1.221536
v 2.324757 0.358730 1.219536
v 2.324671 0.358859 1.217609
v 2.335014 0.324728 1.223304
v 2.335014 0.324465 1.216047
v 2.335014 0.324906 1.221536
v 2.335014 0.324919 1.219536
v 2.335014 0.324764 1.217609
v 2.345377 0.358890 1.223304
v 2.345523 0.359108 1.216047
v 2.345278 0.358741 1.221536
v 2.345270 0.358730 1.219536
v 2.345356 0.358859 1.217609
v 2.327876 0.360614 1.223304
v 2.327775 0.360856 1.216047
v 2.327944 0.360448 1.221536
v 2.327949 0.360436 1.219536
v 2.327890 0.360580 1.217609
v 2.331375 0.325086 1.223304
v 2.331324 0.324829 1.216047
v 2.331410 0.325261 1.221536
v 2.331412 0.325274 1.219536
v 2.331382 0.325122 1.217609
v 2.348204 0.356570 1.223304
v 2.348389 0.356756 1.216047
v 2.348077 0.356444 1.221536
v 2.348068 0.356435 1.219536
v 2.348177 0.356544 1.217609
v 2.331375 0.361675 1.223304
v 2.331324 0.361933 1.216047
v 2.331410 0.361500 1.221536
v 2.331412 0.361487 1.219536
v 2.331382 0.361639 1.217609
v 2.327775 0.325905 1.216047
v 2.327876 0.326147 1.223304
v 2.327890 0.326182 1.217609
v 2.327949 0.326325 1.219536
v 2.327944 0.326313 1.221536
v 2.350741 0.353889 1.216047
v 2.350523 0.353744 1.223304
v 2.350493 0.353723 1.217609
v 2.350364 0.353637 1.219536
v 2.350374 0.353644 1.221536
v 2.335014 0.362296 1.216047
v 2.335014 0.362034 1.223304
v 2.335014 0.361997 1.217609
v 2.335014 0.361842 1.219536
v 2.335014 0.361855 1.221536
v 2.335014 0.360066 1.139736
v 2.335014 0.361815 1.144041
v 2.335014 0.360783 1.140313
v 2.335014 0.361423 1.141888
v 2.338610 0.361460 1.144041
v 2.338269 0.359745 1.139736
v 2.338534 0.361076 1.141888
v 2.338409 0.360449 1.140313
v 2.342068 0.360411 1.144041
v 2.341399 0.358796 1.139736
v 2.341918 0.360050 1.141888
v 2.341674 0.359458 1.140313
v 2.345255 0.358708 1.144041
v 2.344284 0.357254 1.139736
v 2.345038 0.358382 1.141888
v 2.344682 0.357850 1.140313
v 2.348049 0.356415 1.144041
v 2.346812 0.355179 1.139736
v 2.347772 0.356139 1.141888
v 2.347319 0.355686 1.140313
v 2.350341 0.353622 1.144041
v 2.348887 0.352651 1.139736
v 2.350016 0.353404 1.141888
v 2.349483 0.353049 1.140313
v 2.352045 0.350435 1.144041
v 2.350429 0.349766 1.139736
v 2.351683 0.350285 1.141888
v 2.351092 0.350040 1.140313
v 2.353094 0.346977 1.144041
v 2.351379 0.346636 1.139736
v 2.352710 0.346901 1.141888
v 2.352082 0.346776 1.140313
v 2.353448 0.343381 1.144041
v 2.351699 0.343381 1.139736
v 2.353056 0.343381 1.141888
v 2.352416 0.343381 1.140313
v 2.353094 0.339784 1.144041
v 2.351379 0.340125 1.139736
v 2.352710 0.339861 1.141888
v 2.352082 0.339986 1.140313
v 2.352045 0.336326 1.144041
v 2.350429 0.336995 1.139736
v 2.351683 0.336476 1.141888
v 2.351092 0.336721 1.140313
v 2.350341 0.333139 1.144041
v 2.348887 0.334111 1.139736
v 2.350016 0.333357 1.141888
v 2.349483 0.333712 1.140313
v 2.348049 0.330346 1.144041
v 2.346812 0.331582 1.139736
v 2.347772 0.330623 1.141888
v 2.347319 0.331075 1.140313
v 2.345255 0.328053 1.144041
v 2.344284 0.329507 1.139736
v 2.345038 0.328379 1.141888
v 2.344682 0.328911 1.140313
v 2.342068 0.326350 1.144041
v 2.341399 0.327965 1.139736
v 2.341918 0.326712 1.141888
v 2.341674 0.327303 1.140313
v 2.338610 0.325301 1.144041
v 2.338269 0.327016 1.139736
v 2.338534 0.325685 1.141888
v 2.338409 0.326313 1.140313
v 2.335014 0.324947 1.144041
v 2.335014 0.326695 1.139736
v 2.335014 0.325338 1.141888
v 2.335014 0.325978 1.140313
v 2.331418 0.325301 1.144041
v 2.331759 0.327016 1.139736
v 2.331494 0.325685 1.141888
v 2.331619 0.326313 1.140313
v 2.327960 0.326350 1.144041
v 2.328629 0.327965 1.139736
v 2.328109 0.326712 1.141888
v 2.328354 0.327303 1.140313
v 2.324773 0.328053 1.144041
v 2.325744 0.329507 1.139736
v 2.324990 0.328379 1.141888
v 2.325346 0.328911 1.140313
v 2.321979 0.330346 1.144041
v 2.323215 0.331582 1.139736
v 2.322256 0.330623 1.141888
v 2.322708 0.331075 1.140313
v 2.319687 0.333139 1.144041
v 2.321141 0.334111 1.139736
v 2.320012 0.333357 1.141888
v 2.320544 0.333712 1.140313
v 2.317983 0.336326 1.144041
v 2.319598 0.336995 1.139736
v 2.318345 0.336476 1.141888
v 2.318936 0.336721 1.140313
v 2.316934 0.339784 1.144041
v 2.318649 0.340125 1.139736
v 2.317318 0.339861 1.141888
v 2.317946 0.339986 1.140313
v 2.316580 0.343381 1.144041
v 2.318328 0.343381 1.139736
v 2.316971 0.343381 1.141888
v 2.317611 0.343381 1.140313
v 2.316934 0.346977 1.144041
v 2.318649 0.346636 1.139736
v 2.317318 0.346901 1.141888
v 2.317946 0.346776 1.140313
v 2.317983 0.350435 1.144041
v 2.319598 0.349766 1.139736
v 2.318345 0.350285 1.141888
v 2.318936 0.350040 1.140313
v 2.319687 0.353622 1.144041
v 2.321141 0.352651 1.139736
v 2.320012 0.353404 1.141888
v 2.320544 0.353049 1.140313
v 2.321979 0.356415 1.144041
v 2.323215 0.355179 1.139736
v 2.322256 0.356139 1.141888
v 2.322708 0.355686 1.140313
v 2.324773 0.358708 1.144041
v 2.325744 0.357254 1.139736
v 2.324990 0.358382 1.141888
v 2.325346 0.357850 1.140313
v 2.327960 0.360411 1.144041
v 2.328629 0.358796 1.139736
v 2.328109 0.360050 1.141888
v 2.328354 0.359458 1.140313
v 2.331418 0.361460 1.144041
v 2.331759 0.359745 1.139736
v 2.331494 0.361076 1.141888
v 2.331619 0.360449 1.140313
v 2.335014 0.362704 1.276367
v 2.338784 0.362332 1.276367
v 2.342408 0.361233 1.276367
v 2.345749 0.359447 1.276367
v 2.348677 0.357044 1.276367
v 2.351080 0.354116 1.276367
v 2.352866 0.350775 1.276367
v 2.353966 0.347150 1.276367
v 2.354337 0.343381 1.276367
v 2.353966 0.339611 1.276367
v 2.352866 0.335986 1.276367
v 2.351080 0.332645 1.276367
v 2.348677 0.329717 1.276367
v 2.345749 0.327314 1.276367
v 2.342408 0.325528 1.276367
v 2.338784 0.324429 1.276367
v 2.335014 0.324057 1.276367
v 2.331244 0.324429 1.276367
v 2.327619 0.325528 1.276367
v 2.324279 0.327314 1.276367
v 2.321350 0.329717 1.276367
v 2.318947 0.332645 1.276367
v 2.317162 0.335986 1.276367
v 2.316062 0.339611 1.276367
v 2.315691 0.343381 1.276367
v 2.316062 0.347150 1.276367
v 2.317162 0.350775 1.276367
v 2.318947 0.354116 1.276367
v 2.321350 0.357044 1.276367
v 2.324279 0.359447 1.276367
v 2.327619 0.361233 1.276367
v 2.331244 0.362332 1.276367
v 2.335014 0.343381 1.277136
v 2.335014 0.343381 1.277136
v 2.335014 0.343381 1.277136
v 2.335014 0.343381 1.277136
v 2.335014 0.343381 1.277136
v 2.335014 0.343381 1.277136
v 2.335014 0.343381 1.277136
v 2.335014 0.343381 1.277136
v 2.335014 0.343381 1.277136
v 2.335014 0.343381 1.277136
v 2.335014 0.343381 1.277136
v 2.335014 0.343381 1.277136
v 2.335014 0.343381 1.277136
v 2.335014 0.343381 1.277136
v 2.335014 0.343381 1.277136
v 2.335014 0.343381 1.277136
v 2.335014 0.343381 1.277136
v 2.335014 0.343381 1.277136
v 2.335014 0.343381 1.277136
v 2.335014 0.343381 1.277136
v 2.335014 0.343381 1.277136
v 2.335014 0.343381 1.277136
v 2.335014 0.343381 1.277136
v 2.335014 0.343381 1.277136
v 2.335014 0.343381 1.277136
v 2.335014 0.343381 1.277136
v 2.335014 0.343381 1.277136
v 2.335014 0.343381 1.277136
v 2.335014 0.343381 1.277136
v 2.335014 0.343381 1.277136
v 2.335014 0.343381 1.277136
v 2.335014 0.343381 1.277136
v 2.246393 0.314491 1.127915
v 2.245466 0.316592 1.130122
v 2.244088 0.316910 1.127208
v 2.245932 0.314659 1.129019
v 2.245244 0.314818 1.127564
v 2.244851 0.314982 1.128636
v 2.244441 0.316638 1.129476
v 2.245592 0.315430 1.129829
v 2.244611 0.315525 1.129206
v 2.244398 0.315706 1.127304
v 2.243935 0.316755 1.128407
v 2.244255 0.315608 1.128453
v 2.288659 0.314491 1.140736
v 2.288192 0.316592 1.143083
v 2.288426 0.314663 1.141909
v 2.288255 0.315432 1.142768
v 2.335014 0.314491 1.145301
v 2.335014 0.316592 1.147694
v 2.335014 0.314663 1.146498
v 2.335014 0.315432 1.147374
v 2.381369 0.314491 1.140736
v 2.381835 0.316592 1.143083
v 2.381602 0.314663 1.141909
v 2.381773 0.315432 1.142768
v 2.423635 0.314491 1.127915
v 2.425940 0.316910 1.127208
v 2.424561 0.316592 1.130122
v 2.424784 0.314818 1.127564
v 2.424096 0.314659 1.129019
v 2.425177 0.314982 1.128636
v 2.426093 0.316755 1.128407
v 2.425630 0.315706 1.127304
v 2.425773 0.315608 1.128453
v 2.424436 0.315430 1.129829
v 2.425587 0.316638 1.129476
v 2.425416 0.315525 1.129206
v 2.246393 0.373893 1.127915
v 2.244088 0.371473 1.127208
v 2.245466 0.371792 1.130122
v 2.245244 0.373566 1.127564
v 2.245932 0.373725 1.129019
v 2.244851 0.373401 1.128636
v 2.243935 0.371629 1.128407
v 2.244398 0.372678 1.127304
v 2.244255 0.372776 1.128453
v 2.245592 0.372954 1.129829
v 2.244441 0.371746 1.129476
v 2.244611 0.372858 1.129206
v 2.288192 0.371792 1.143083
v 2.288659 0.373893 1.140736
v 2.288255 0.372952 1.142768
v 2.288426 0.373721 1.141909
v 2.335014 0.371792 1.147694
v 2.335014 0.373893 1.145301
v 2.335014 0.372952 1.147374
v 2.335014 0.373721 1.146498
v 2.381835 0.371792 1.143083
v 2.381369 0.373893 1.140736
v 2.381773 0.372952 1.142768
v 2.381602 0.373721 1.141909
v 2.423635 0.373893 1.127915
v 2.424561 0.371792 1.130122
v 2.425939 0.371473 1.127208
v 2.424096 0.373725 1.129019
v 2.424784 0.373566 1.127564
v 2.425177 0.373401 1.128636
v 2.425587 0.371746 1.129476
v 2.424436 0.372954 1.129829
v 2.425416 0.372858 1.129206
v 2.425630 0.372678 1.127304
v 2.426093 0.371629 1.128407
v 2.425773 0.372776 1.128453
v 2.258338 0.318393 1.099076
v 2.256028 0.320810 1.098383
v 2.259243 0.321092 1.096862
v 2.257187 0.318719 1.098729
v 2.258793 0.318859 1.097970
v 2.257671 0.319170 1.097685
v 2.256791 0.320954 1.097369
v 2.256339 0.319606 1.098475
v 2.257074 0.319795 1.097506
v 2.259125 0.319850 1.097157
v 2.257971 0.321057 1.096811
v 2.257905 0.319868 1.097113
v 2.295215 0.321092 1.107774
v 2.294749 0.318393 1.110121
v 2.295153 0.319852 1.108089
v 2.294982 0.318864 1.108948
v 2.335014 0.321092 1.111694
v 2.335014 0.318393 1.114087
v 2.335014 0.319852 1.112015
v 2.335014 0.318864 1.112891
v 2.374812 0.321092 1.107774
v 2.375279 0.318393 1.110121
v 2.374875 0.319852 1.108089
v 2.375046 0.318864 1.108948
v 2.411689 0.318393 1.099076
v 2.410785 0.321092 1.096862
v 2.414000 0.320810 1.098383
v 2.411235 0.318859 1.097970
v 2.412841 0.318719 1.098729
v 2.412357 0.319170 1.097685
v 2.412057 0.321057 1.096811
v 2.410903 0.319850 1.097157
v 2.412123 0.319868 1.097113
v 2.413689 0.319606 1.098475
v 2.413237 0.320954 1.097369
v 2.412954 0.319795 1.097506
v 2.258338 0.369991 1.099076
v 2.259243 0.367292 1.096862
v 2.256028 0.367573 1.098383
v 2.258793 0.369524 1.097970
v 2.257187 0.369665 1.098729
v 2.257671 0.369213 1.097685
v 2.257971 0.367326 1.096811
v 2.259125 0.368533 1.097157
v 2.257905 0.368516 1.097113
v 2.256339 0.368777 1.098475
v 2.256791 0.367429 1.097369
v 2.257074 0.368589 1.097506
v 2.294749 0.369991 1.110121
v 2.295215 0.367292 1.107774
v 2.294982 0.369520 1.108948
v 2.295153 0.368532 1.108089
v 2.335014 0.369991 1.114087
v 2.335014 0.367292 1.111694
v 2.335014 0.369520 1.112891
v 2.335014 0.368532 1.112015
v 2.375279 0.369991 1.110121
v 2.374812 0.367292 1.107774
v 2.375046 0.369520 1.108948
v 2.374875 0.368532 1.108089
v 2.411689 0.369991 1.099076
v 2.414000 0.367573 1.098383
v 2.410785 0.367292 1.096862
v 2.412841 0.369665 1.098729
v 2.411235 0.369524 1.097970
v 2.412357 0.369213 1.097685
v 2.413237 0.367429 1.097369
v 2.413689 0.368777 1.098475
v 2.412954 0.368589 1.097506
v 2.410903 0.368533 1.097157
v 2.412057 0.367326 1.096811
v 2.412123 0.368516 1.097113
vn 0.3817 0.9215 0.0718
vn 0.5541 0.8293 0.0718
vn 0.5537 0.8287 0.0811
vn 0.3814 0.9208 0.0811
vn 0.7053 0.7053 0.0718
vn 0.7048 0.7048 0.0811
vn 0.8293 0.5541 0.0718
vn 0.8287 0.5537 0.0811
vn 0.9215 0.3817 0.0718
vn 0.9208 0.3814 0.0811
vn 0.9783 0.1946 0.0718
vn 0.9776 0.1944 0.0811
vn 0.9974 -0.0000 0.0718
vn 0.9967 -0.0000 0.0811
vn 0.9783 -0.1946 0.0718
vn 0.9776 -0.1944 0.0811
vn 0.9215 -0.3817 0.0718
vn 0.9208 -0.3814 0.0811
vn 0.8293 -0.5541 0.0718
vn 0.8287 -0.5537 0.0811
vn 0.7053 -0.7053 0.0718
vn 0.7048 -0.7048 0.0811
vn 0.5541 -0.8293 0.0718
vn 0.5537 -0.8287 0.0811
vn 0.3817 -0.9215 0.0718
vn 0.3814 -0.9208 0.0811
vn 0.1946 -0.9783 0.0718
vn 0.1944 -0.9776 0.0811
vn -0.0000 -0.9974 0.0718
vn -0.0000 -0.9967 0.0811
vn -0.1946 -0.9783 0.0718
vn -0.1944 -0.9776 0.0811
vn -0.3817 -0.9215 0.0718
vn -0.3814 -0.9208 0.0811
vn -0.5541 -0.8293 0.0718
vn -0.5537 -0.8287 0.0811
vn -0.7053 -0.7053 0.0718
vn -0.7048 -0.7048 0.0811
vn -0.8293 -0.5541 0.0718
vn -0.8287 -0.5537 0.0811
vn -0.9215 -0.3817 0.0718
vn -0.9208 -0.3814 0.0811
vn -0.9783 -0.1946 0.0718
vn -0.9776 -0.1944 0.0811
vn -0.9974 -0.0000 0.0718
vn -0.9967 -0.0000 0.0811
vn -0.9783 0.1946 0.0718
vn -0.9776 0.1944 0.0811
vn -0.9215 0.3817 0.0718
vn -0.9208 0.3814 0.0811
vn -0.8293 0.5541 0.0718
vn -0.8287 0.5537 0.0811
vn -0.7053 0.7053 0.0718
vn -0.7048 0.7048 0.0811
vn -0.5541 0.8293 0.0718
vn -0.5537 0.8287 0.0811
vn -0.3817 0.9215 0.0718
vn -0.3814 0.9208 0.0811
vn -0.1946 0.9783 0.0718
vn -0.1944 0.9776 0.0811
vn -0.7048 -0.7048 -0.0802
vn -0.8288 -0.5538 -0.0802
vn -0.8237 -0.5504 -0.1362
vn -0.7005 -0.7005 -0.1362
vn 0.1946 0.9783 0.0718
vn 0.1944 0.9776 0.0811
vn -0.5524 -0.8267 0.1074
vn -0.7030 -0.7030 0.1074
vn -0.7027 -0.7027 0.1120
vn -0.5521 -0.8262 0.1120
vn -0.0000 0.9974 0.0718
vn -0.0000 0.9967 0.0811
vn -0.1945 0.9776 -0.0802
vn -0.0000 0.9968 -0.0802
vn -0.0000 0.9907 -0.1362
vn -0.1933 0.9716 -0.1362
vn 0.9185 0.3805 0.1074
vn 0.9751 0.1940 0.1074
vn 0.9746 0.1939 0.1120
vn 0.9181 0.3803 0.1120
vn -0.3805 -0.9185 0.1074
vn -0.3803 -0.9181 0.1120
vn 0.8267 0.5524 0.1074
vn 0.8262 0.5521 0.1120
vn -0.8267 -0.5524 0.1074
vn -0.8262 -0.5521 0.1120
vn 0.9942 -0.0000 0.1074
vn 0.9937 -0.0000 0.1120
vn -0.9185 -0.3805 0.1074
vn -0.9181 -0.3803 0.1120
vn 0.9751 -0.1940 0.1074
vn 0.9746 -0.1939 0.1120
vn -0.9751 -0.1940 0.1074
vn -0.9746 -0.1939 0.1120
vn 0.9185 -0.3805 0.1074
vn 0.9181 -0.3803 0.1120
vn -0.9942 -0.0000 0.1074
vn -0.9937 -0.0000 0.1120
vn 0.8267 -0.5524 0.1074
vn 0.8262 -0.5521 0.1120
vn -0.9751 0.1940 0.1074
vn -0.9746 0.1939 0.1120
vn 0.7030 -0.7030 0.1074
vn 0.7027 -0.7027 0.1120
vn -0.9185 0.3805 0.1074
vn -0.9181 0.3803 0.1120
vn 0.5524 -0.8267 0.1074
vn 0.5521 -0.8262 0.1120
vn -0.8267 0.5524 0.1074
vn -0.8262 0.5521 0.1120
vn 0.3805 -0.9185 0.1074
vn 0.3803 -0.9181 0.1120
vn 0.1940 0.9751 0.1074
vn 0.3805 0.9185 0.1074
vn 0.3803 0.9181 0.1120
vn 0.1939 0.9746 0.1120
vn -0.7030 0.7030 0.1074
vn -0.7027 0.7027 0.1120
vn 0.1940 -0.9751 0.1074
vn 0.1939 -0.9746 0.1120
vn -0.0000 0.9942 0.1074
vn -0.0000 0.9937 0.1120
vn -0.5524 0.8267 0.1074
vn -0.5521 0.8262 0.1120
vn -0.0000 -0.9942 0.1074
vn -0.0000 -0.9937 0.1120
vn 0.5524 0.8267 0.1074
vn 0.5521 0.8262 0.1120
vn -0.3805 0.9185 0.1074
vn -0.3803 0.9181 0.1120
vn -0.1940 -0.9751 0.1074
vn -0.1939 -0.9746 0.1120
vn 0.7030 0.7030 0.1074
vn 0.7027 0.7027 0.1120
vn -0.1940 0.9751 0.1074
vn -0.1939 0.9746 0.1120
vn -0.5538 0.8288 -0.0802
vn -0.3815 0.9209 -0.0802
vn -0.3791 0.9153 -0.1362
vn -0.5504 0.8237 -0.1362
vn -0.9209 -0.3815 -0.0802
vn -0.9153 -0.3791 -0.1362
vn 0.9776 0.1945 -0.0802
vn 0.9968 -0.0000 -0.0802
vn 0.9907 -0.0000 -0.1362
vn 0.9716 0.1933 -0.1362
vn -0.3777 -0.9120 -0.1602
vn -0.5484 -0.8207 -0.1602
vn -0.5477 -0.8197 -0.1678
vn -0.3773 -0.9108 -0.1678
vn 0.7048 0.7048 -0.0802
vn 0.8288 0.5538 -0.0802
vn 0.8237 0.5504 -0.1362
vn 0.7005 0.7005 -0.1362
vn -0.1945 -0.9776 -0.0802
vn -0.3815 -0.9209 -0.0802
vn -0.3791 -0.9153 -0.1362
vn -0.1933 -0.9716 -0.1362
vn 0.5538 0.8288 -0.0802
vn 0.5504 0.8237 -0.1362
vn -0.0000 -0.9968 -0.0802
vn -0.0000 -0.9907 -0.1362
vn 0.1945 0.9776 -0.0802
vn 0.3815 0.9209 -0.0802
vn 0.3791 0.9153 -0.1362
vn 0.1933 0.9716 -0.1362
vn 0.1945 -0.9776 -0.0802
vn 0.1933 -0.9716 -0.1362
vn -0.0000 0.3886 -0.9214
vn 0.0758 0.3812 -0.9214
vn 0.1487 0.3590 -0.9214
vn 0.2159 0.3231 -0.9214
vn 0.2748 0.2748 -0.9214
vn 0.3231 0.2159 -0.9214
vn 0.3590 0.1487 -0.9214
vn 0.3811 0.0758 -0.9214
vn 0.3886 -0.0000 -0.9214
vn 0.3811 -0.0758 -0.9214
vn 0.3590 -0.1487 -0.9214
vn 0.3231 -0.2159 -0.9214
vn 0.2748 -0.2748 -0.9214
vn 0.2159 -0.3231 -0.9214
vn 0.1487 -0.3590 -0.9214
vn 0.0758 -0.3812 -0.9214
vn -0.0000 -0.3886 -0.9214
vn -0.0758 -0.3812 -0.9214
vn -0.1487 -0.3590 -0.9214
vn -0.2159 -0.3231 -0.9214
vn -0.2748 -0.2748 -0.9214
vn -0.3231 -0.2159 -0.9214
vn -0.3590 -0.1487 -0.9214
vn -0.3811 -0.0758 -0.9214
vn -0.3886 -0.0000 -0.9214
vn -0.3811 0.0758 -0.9214
vn -0.3590 0.1487 -0.9214
vn -0.3231 0.2159 -0.9214
vn -0.2748 0.2748 -0.9214
vn -0.2159 0.3231 -0.9214
vn -0.1487 0.3590 -0.9214
vn -0.0758 0.3812 -0.9214
vn -0.7048 0.7048 -0.0802
vn -0.7005 0.7005 -0.1362
vn 0.3815 -0.9209 -0.0802
vn 0.3791 -0.9153 -0.1362
vn -0.8288 0.5538 -0.0802
vn -0.8237 0.5504 -0.1362
vn 0.5538 -0.8288 -0.0802
vn 0.5504 -0.8237 -0.1362
vn -0.9209 0.3815 -0.0802
vn -0.9153 0.3791 -0.1362
vn 0.7048 -0.7048 -0.0802
vn 0.7005 -0.7005 -0.1362
vn -0.9776 0.1945 -0.0802
vn -0.9716 0.1933 -0.1362
vn 0.8288 -0.5538 -0.0802
vn 0.8237 -0.5504 -0.1362
vn -0.9968 -0.0000 -0.0802
vn -0.9907 -0.0000 -0.1362
vn 0.9209 -0.3815 -0.0802
vn 0.9153 -0.3791 -0.1362
vn -0.9776 -0.1945 -0.0802
vn -0.9716 -0.1933 -0.1362
vn 0.9776 -0.1945 -0.0802
vn 0.9716 -0.1933 -0.1362
vn 0.9209 0.3815 -0.0802
vn 0.9153 0.3791 -0.1362
vn -0.5538 -0.8288 -0.0802
vn -0.5504 -0.8237 -0.1362
vn -0.1926 -0.9681 -0.1602
vn -0.1923 -0.9669 -0.1678
vn 0.6980 0.6980 -0.1602
vn 0.8207 0.5484 -0.1602
vn 0.8197 0.5477 -0.1678
vn 0.6971 0.6971 -0.1678
vn 0.9120 0.3777 -0.1602
vn 0.9681 0.1926 -0.1602
vn 0.9669 0.1923 -0.1678
vn 0.9108 0.3773 -0.1678
vn -0.6980 -0.6980 -0.1602
vn -0.8207 -0.5484 -0.1602
vn -0.8197 -0.5477 -0.1678
vn -0.6971 -0.6971 -0.1678
vn 0.9871 -0.0000 -0.1602
vn 0.9858 -0.0000 -0.1678
vn -0.9120 -0.3777 -0.1602
vn -0.9108 -0.3773 -0.1678
vn 0.9681 -0.1926 -0.1602
vn 0.9669 -0.1923 -0.1678
vn -0.9681 -0.1926 -0.1602
vn -0.9669 -0.1923 -0.1678
vn 0.9120 -0.3777 -0.1602
vn 0.9108 -0.3773 -0.1678
vn -0.9871 -0.0000 -0.1602
vn -0.9858 -0.0000 -0.1678
vn 0.8207 -0.5484 -0.1602
vn 0.8197 -0.5477 -0.1678
vn -0.9681 0.1926 -0.1602
vn -0.9669 0.1923 -0.1678
vn 0.6980 -0.6980 -0.1602
vn 0.6971 -0.6971 -0.1678
vn -0.9120 0.3777 -0.1602
vn -0.9108 0.3773 -0.1678
vn 0.5484 -0.8207 -0.1602
vn 0.5477 -0.8197 -0.1678
vn -0.8207 0.5484 -0.1602
vn -0.8197 0.5477 -0.1678
vn 0.3777 -0.9120 -0.1602
vn 0.3773 -0.9108 -0.1678
vn -0.6980 0.6980 -0.1602
vn -0.6971 0.6971 -0.1678
vn -0.1926 0.9681 -0.1602
vn -0.0000 0.9871 -0.1602
vn -0.0000 0.9858 -0.1678
vn -0.1923 0.9669 -0.1678
vn 0.1926 -0.9681 -0.1602
vn 0.1923 -0.9669 -0.1678
vn 0.1926 0.9681 -0.1602
vn 0.3777 0.9120 -0.1602
vn 0.3773 0.9108 -0.1678
vn 0.1923 0.9669 -0.1678
vn -0.5484 0.8207 -0.1602
vn -0.5477 0.8197 -0.1678
vn -0.0000 -0.9871 -0.1602
vn -0.0000 -0.9858 -0.1678
vn 0.5484 0.8207 -0.1602
vn 0.5477 0.8197 -0.1678
vn -0.3777 0.9120 -0.1602
vn -0.3773 0.9108 -0.1678
vn -0.1900 -0.9552 0.2267
vn -0.3727 -0.8998 0.2267
vn -0.3731 -0.9008 0.2221
vn -0.1902 -0.9563 0.2221
vn -0.0000 0.9740 0.2267
vn 0.1900 0.9552 0.2267
vn 0.1902 0.9563 0.2221
vn -0.0000 0.9750 0.2221
vn 0.8098 0.5411 0.2267
vn 0.8998 0.3727 0.2267
vn 0.9008 0.3731 0.2221
vn 0.8107 0.5417 0.2221
vn -0.5411 -0.8098 0.2267
vn -0.5417 -0.8107 0.2221
vn -0.1932 -0.9715 -0.1373
vn -0.3791 -0.9151 -0.1373
vn -0.3794 -0.9159 -0.1308
vn -0.1934 -0.9724 -0.1308
vn -0.3727 0.8998 0.2267
vn -0.1900 0.9552 0.2267
vn -0.1902 0.9563 0.2221
vn -0.3731 0.9008 0.2221
vn 0.5411 0.8098 0.2267
vn 0.6887 0.6887 0.2267
vn 0.6894 0.6894 0.2221
vn 0.5417 0.8107 0.2221
vn -0.0000 -0.9740 0.2267
vn -0.0000 -0.9750 0.2221
vn -0.5411 0.8098 0.2267
vn -0.5417 0.8107 0.2221
vn 0.3727 0.8998 0.2267
vn 0.3731 0.9008 0.2221
vn 0.1900 -0.9552 0.2267
vn 0.1902 -0.9563 0.2221
vn -0.6887 0.6887 0.2267
vn -0.6894 0.6894 0.2221
vn 0.3727 -0.8998 0.2267
vn 0.3731 -0.9008 0.2221
vn -0.6887 -0.6887 0.2267
vn -0.6894 -0.6894 0.2221
vn -0.8098 0.5411 0.2267
vn -0.8107 0.5417 0.2221
vn 0.5411 -0.8098 0.2267
vn 0.5417 -0.8107 0.2221
vn -0.8998 0.3727 0.2267
vn -0.9008 0.3731 0.2221
vn 0.6887 -0.6887 0.2267
vn 0.6894 -0.6894 0.2221
vn -0.9552 0.1900 0.2267
vn -0.9563 0.1902 0.2221
vn 0.8098 -0.5411 0.2267
vn 0.8107 -0.5417 0.2221
vn -0.9740 -0.0000 0.2267
vn -0.9750 -0.0000 0.2221
vn 0.8998 -0.3727 0.2267
vn 0.9008 -0.3731 0.2221
vn -0.9552 -0.1900 0.2267
vn -0.9563 -0.1902 0.2221
vn 0.9552 -0.1900 0.2267
vn 0.9563 -0.1902 0.2221
vn -0.8998 -0.3727 0.2267
vn -0.9008 -0.3731 0.2221
vn 0.9740 -0.0000 0.2267
vn 0.9750 -0.0000 0.2221
vn -0.8098 -0.5411 0.2267
vn -0.8107 -0.5417 0.2221
vn 0.9552 0.1900 0.2267
vn 0.9563 0.1902 0.2221
vn 0.7004 0.7004 -0.1373
vn 0.8236 0.5503 -0.1373
vn 0.8243 0.5508 -0.1308
vn 0.7010 0.7010 -0.1308
vn -0.1932 0.9715 -0.1373
vn -0.0000 0.9905 -0.1373
vn -0.0000 0.9914 -0.1308
vn -0.1934 0.9724 -0.1308
vn 0.9151 0.3791 -0.1373
vn 0.9715 0.1932 -0.1373
vn 0.9724 0.1934 -0.1308
vn 0.9159 0.3794 -0.1308
vn -0.7004 -0.7004 -0.1373
vn -0.8236 -0.5503 -0.1373
vn -0.8243 -0.5508 -0.1308
vn -0.7010 -0.7010 -0.1308
vn 0.9905 -0.0000 -0.1373
vn 0.9914 -0.0000 -0.1308
vn -0.9151 -0.3791 -0.1373
vn -0.9159 -0.3794 -0.1308
vn 0.9715 -0.1932 -0.1373
vn 0.9724 -0.1934 -0.1308
vn -0.9715 -0.1932 -0.1373
vn -0.9724 -0.1934 -0.1308
vn 0.9151 -0.3791 -0.1373
vn 0.9159 -0.3794 -0.1308
vn -0.9905 -0.0000 -0.1373
vn -0.9914 -0.0000 -0.1308
vn 0.8236 -0.5503 -0.1373
vn 0.8243 -0.5508 -0.1308
vn -0.9715 0.1932 -0.1373
vn -0.9724 0.1934 -0.1308
vn 0.7004 -0.7004 -0.1373
vn 0.7010 -0.7010 -0.1308
vn -0.9151 0.3791 -0.1373
vn -0.9159 0.3794 -0.1308
vn 0.5503 -0.8236 -0.1373
vn 0.5508 -0.8243 -0.1308
vn -0.8236 0.5503 -0.1373
vn -0.8243 0.5508 -0.1308
vn 0.3791 -0.9151 -0.1373
vn 0.3794 -0.9159 -0.1308
vn -0.7004 0.7004 -0.1373
vn -0.7010 0.7010 -0.1308
vn -0.5503 -0.8236 -0.1373
vn -0.5508 -0.8243 -0.1308
vn 0.1932 -0.9715 -0.1373
vn 0.1934 -0.9724 -0.1308
vn 0.1932 0.9715 -0.1373
vn 0.3791 0.9151 -0.1373
vn 0.3794 0.9159 -0.1308
vn 0.1934 0.9724 -0.1308
vn -0.5503 0.8236 -0.1373
vn -0.5508 0.8243 -0.1308
vn -0.0000 -0.9905 -0.1373
vn -0.0000 -0.9914 -0.1308
vn 0.5503 0.8236 -0.1373
vn 0.5508 0.8243 -0.1308
vn -0.3791 0.9151 -0.1373
vn -0.3794 0.9159 -0.1308
vn -0.0000 0.5698 -0.8218
vn 0.1112 0.5589 -0.8218
vn 0.1645 0.8270 -0.5376
vn -0.0000 0.8432 -0.5376
vn 0.1910 0.9601 -0.2043
vn -0.0000 0.9789 -0.2043
vn 0.1950 0.9804 -0.0291
vn -0.0000 0.9996 -0.0291
vn 0.2181 0.5264 -0.8218
vn 0.3227 0.7790 -0.5376
vn 0.3746 0.9044 -0.2043
vn 0.3825 0.9235 -0.0291
vn 0.3166 0.4738 -0.8218
vn 0.4684 0.7011 -0.5376
vn 0.5439 0.8139 -0.2043
vn 0.5553 0.8311 -0.0291
vn 0.4029 0.4029 -0.8218
vn 0.5962 0.5962 -0.5376
vn 0.6922 0.6922 -0.2043
vn 0.7068 0.7068 -0.0291
vn 0.4738 0.3166 -0.8218
vn 0.7011 0.4684 -0.5376
vn 0.8139 0.5439 -0.2043
vn 0.8311 0.5553 -0.0291
vn 0.5264 0.2181 -0.8218
vn 0.7790 0.3227 -0.5376
vn 0.9044 0.3746 -0.2043
vn 0.9235 0.3825 -0.0291
vn 0.5589 0.1112 -0.8218
vn 0.8270 0.1645 -0.5376
vn 0.9601 0.1910 -0.2043
vn 0.9804 0.1950 -0.0291
vn 0.5698 -0.0000 -0.8218
vn 0.8432 -0.0000 -0.5376
vn 0.9789 -0.0000 -0.2043
vn 0.9996 -0.0000 -0.0291
vn 0.5589 -0.1112 -0.8218
vn 0.8270 -0.1645 -0.5376
vn 0.9601 -0.1910 -0.2043
vn 0.9804 -0.1950 -0.0291
vn 0.5264 -0.2181 -0.8218
vn 0.7790 -0.3227 -0.5376
vn 0.9044 -0.3746 -0.2043
vn 0.9235 -0.3825 -0.0291
vn 0.4738 -0.3166 -0.8218
vn 0.7011 -0.4684 -0.5376
vn 0.8139 -0.5439 -0.2043
vn 0.8311 -0.5553 -0.0291
vn 0.4029 -0.4029 -0.8218
vn 0.5962 -0.5962 -0.5376
vn 0.6922 -0.6922 -0.2043
vn 0.7068 -0.7068 -0.0291
vn 0.3166 -0.4738 -0.8218
vn 0.4684 -0.7011 -0.5376
vn 0.5439 -0.8139 -0.2043
vn 0.5553 -0.8311 -0.0291
vn 0.2181 -0.5264 -0.8218
vn 0.3227 -0.7790 -0.5376
vn 0.3746 -0.9044 -0.2043
vn 0.3825 -0.9235 -0.0291
vn 0.1112 -0.5589 -0.8218
vn 0.1645 -0.8270 -0.5376
vn 0.1910 -0.9601 -0.2043
vn 0.1950 -0.9804 -0.0291
vn -0.0000 -0.5698 -0.8218
vn -0.0000 -0.8432 -0.5376
vn -0.0000 -0.9789 -0.2043
vn -0.0000 -0.9996 -0.0291
vn -0.1112 -0.5589 -0.8218
vn -0.1645 -0.8270 -0.5376
vn -0.1910 -0.9601 -0.2043
vn -0.1950 -0.9804 -0.0291
vn -0.2181 -0.5264 -0.8218
vn -0.3227 -0.7790 -0.5376
vn -0.3746 -0.9044 -0.2043
vn -0.3825 -0.9235 -0.0291
vn -0.3166 -0.4738 -0.8218
vn -0.4684 -0.7011 -0.5376
vn -0.5439 -0.8139 -0.2043
vn -0.5553 -0.8311 -0.0291
vn -0.4029 -0.4029 -0.8218
vn -0.5962 -0.5962 -0.5376
vn -0.6922 -0.6922 -0.2043
vn -0.7068 -0.7068 -0.0291
vn -0.4738 -0.3166 -0.8218
vn -0.7011 -0.4684 -0.5376
vn -0.8139 -0.5439 -0.2043
vn -0.8311 -0.5553 -0.0291
vn -0.5264 -0.2181 -0.8218
vn -0.7790 -0.3227 -0.5376
vn -0.9044 -0.3746 -0.2043
vn -0.9235 -0.3825 -0.0291
vn -0.5589 -0.1112 -0.8218
vn -0.8270 -0.1645 -0.5376
vn -0.9601 -0.1910 -0.2043
vn -0.9804 -0.1950 -0.0291
vn -0.5698 -0.0000 -0.8218
vn -0.8432 -0.0000 -0.5376
vn -0.9789 -0.0000 -0.2043
vn -0.9996 -0.0000 -0.0291
vn -0.5589 0.1112 -0.8218
vn -0.8270 0.1645 -0.5376
vn -0.9601 0.1910 -0.2043
vn -0.9804 0.1950 -0.0291
vn -0.5264 0.2181 -0.8218
vn -0.7790 0.3227 -0.5376
vn -0.9044 0.3746 -0.2043
vn -0.9235 0.3825 -0.0291
vn -0.4738 0.3166 -0.8218
vn -0.7011 0.4684 -0.5376
vn -0.8139 0.5439 -0.2043
vn -0.8311 0.5553 -0.0291
vn -0.4029 0.4029 -0.8218
vn -0.5962 0.5962 -0.5376
vn -0.6922 0.6922 -0.2043
vn -0.7068 0.7068 -0.0291
vn -0.3166 0.4738 -0.8218
vn -0.4684 0.7011 -0.5376
vn -0.5439 0.8139 -0.2043
vn -0.5553 0.8311 -0.0291
vn -0.2181 0.5264 -0.8218
vn -0.3227 0.7790 -0.5376
vn -0.3746 0.9044 -0.2043
vn -0.3825 0.9235 -0.0291
vn -0.1112 0.5589 -0.8218
vn -0.1645 0.8270 -0.5376
vn -0.1910 0.9601 -0.2043
vn -0.1950 0.9804 -0.0291
vn -0.1950 0.9802 -0.0349
vn -0.0000 0.9994 -0.0349
vn -0.1951 0.9807 0.0145
vn -0.0000 0.9999 0.0145
vn -0.1947 0.9787 0.0647
vn -0.0000 0.9979 0.0647
vn 0.7067 0.7067 -0.0349
vn 0.8310 0.5552 -0.0349
vn 0.7070 0.7070 0.0145
vn 0.8314 0.5555 0.0145
vn 0.7056 0.7056 0.0647
vn 0.8297 0.5544 0.0647
vn -0.1950 -0.9802 -0.0349
vn -0.3825 -0.9233 -0.0349
vn -0.1951 -0.9807 0.0145
vn -0.3826 -0.9238 0.0145
vn -0.1947 -0.9787 0.0647
vn -0.3819 -0.9219 0.0647
vn -0.3825 0.9233 -0.0349
vn -0.3826 0.9238 0.0145
vn -0.3819 0.9219 0.0647
vn 0.5552 0.8310 -0.0349
vn 0.5555 0.8314 0.0145
vn 0.5544 0.8297 0.0647
vn -0.0000 -0.9994 -0.0349
vn -0.0000 -0.9999 0.0145
vn -0.0000 -0.9979 0.0647
vn -0.5552 0.8310 -0.0349
vn -0.5555 0.8314 0.0145
vn -0.5544 0.8297 0.0647
vn 0.3825 0.9233 -0.0349
vn 0.3826 0.9238 0.0145
vn 0.3819 0.9219 0.0647
vn 0.1950 -0.9802 -0.0349
vn 0.1951 -0.9807 0.0145
vn 0.1947 -0.9787 0.0647
vn -0.7067 0.7067 -0.0349
vn -0.7070 0.7070 0.0145
vn -0.7056 0.7056 0.0647
vn 0.1950 0.9802 -0.0349
vn 0.1951 0.9807 0.0145
vn 0.1947 0.9787 0.0647
vn 0.3825 -0.9233 -0.0349
vn 0.3826 -0.9238 0.0145
vn 0.3819 -0.9219 0.0647
vn -0.8310 0.5552 -0.0349
vn -0.8314 0.5555 0.0145
vn -0.8297 0.5544 0.0647
vn 0.5552 -0.8310 -0.0349
vn 0.5555 -0.8314 0.0145
vn 0.5544 -0.8297 0.0647
vn -0.9233 0.3824 -0.0349
vn -0.9238 0.3826 0.0145
vn -0.9219 0.3819 0.0647
vn 0.7067 -0.7067 -0.0349
vn 0.7070 -0.7070 0.0145
vn 0.7056 -0.7056 0.0647
vn -0.9802 0.1950 -0.0349
vn -0.9807 0.1951 0.0145
vn -0.9787 0.1947 0.0647
vn 0.8310 -0.5552 -0.0349
vn 0.8314 -0.5555 0.0145
vn 0.8297 -0.5544 0.0647
vn -0.9994 -0.0000 -0.0349
vn -0.9999 -0.0000 0.0145
vn -0.9979 -0.0000 0.0647
vn 0.9233 -0.3824 -0.0349
vn 0.9238 -0.3826 0.0145
vn 0.9219 -0.3819 0.0647
vn -0.9802 -0.1950 -0.0349
vn -0.9807 -0.1951 0.0145
vn -0.9787 -0.1947 0.0647
vn 0.9802 -0.1950 -0.0349
vn 0.9807 -0.1951 0.0145
vn 0.9787 -0.1947 0.0647
vn -0.9233 -0.3824 -0.0349
vn -0.9238 -0.3826 0.0145
vn -0.9219 -0.3819 0.0647
vn 0.9994 -0.0000 -0.0349
vn 0.9999 -0.0000 0.0145
vn 0.9979 -0.0000 0.0647
vn -0.8310 -0.5552 -0.0349
vn -0.8314 -0.5555 0.0145
vn -0.8297 -0.5544 0.0647
vn 0.9802 0.1950 -0.0349
vn 0.9807 0.1951 0.0145
vn 0.9787 0.1947 0.0647
vn -0.7067 -0.7067 -0.0349
vn -0.7070 -0.7070 0.0145
vn -0.7056 -0.7056 0.0647
vn 0.9233 0.3824 -0.0349
vn 0.9238 0.3826 0.0145
vn 0.9219 0.3819 0.0647
vn -0.5552 -0.8310 -0.0349
vn -0.5555 -0.8314 0.0145
vn -0.5544 -0.8297 0.0647
vn -0.3823 -0.9230 0.0447
vn -0.5550 -0.8306 0.0447
vn -0.3826 -0.9236 -0.0254
vn -0.5554 -0.8312 -0.0254
vn -0.3808 -0.9194 -0.0982
vn -0.5529 -0.8274 -0.0982
vn 0.8306 0.5550 0.0447
vn 0.9230 0.3823 0.0447
vn 0.8312 0.5554 -0.0254
vn 0.9236 0.3826 -0.0254
vn 0.8275 0.5529 -0.0982
vn 0.9194 0.3808 -0.0982
vn -0.7064 -0.7064 0.0447
vn -0.7069 -0.7069 -0.0254
vn -0.7037 -0.7037 -0.0982
vn 0.9798 0.1949 0.0447
vn 0.9805 0.1950 -0.0254
vn 0.9760 0.1941 -0.0982
vn -0.8306 -0.5550 0.0447
vn -0.8312 -0.5554 -0.0254
vn -0.8275 -0.5529 -0.0982
vn 0.9990 -0.0000 0.0447
vn 0.9997 -0.0000 -0.0254
vn 0.9952 -0.0000 -0.0982
vn -0.9230 -0.3823 0.0447
vn -0.9236 -0.3826 -0.0254
vn -0.9194 -0.3808 -0.0982
vn 0.9798 -0.1949 0.0447
vn 0.9805 -0.1950 -0.0254
vn 0.9760 -0.1941 -0.0982
vn -0.9798 -0.1949 0.0447
vn -0.9805 -0.1950 -0.0254
vn -0.9760 -0.1941 -0.0982
vn 0.9230 -0.3823 0.0447
vn 0.9236 -0.3826 -0.0254
vn 0.9194 -0.3808 -0.0982
vn -0.9990 -0.0000 0.0447
vn -0.9997 -0.0000 -0.0254
vn -0.9952 -0.0000 -0.0982
vn 0.8306 -0.5550 0.0447
vn 0.8312 -0.5554 -0.0254
vn 0.8274 -0.5529 -0.0982
vn -0.9798 0.1949 0.0447
vn -0.9805 0.1950 -0.0254
vn -0.9760 0.1941 -0.0982
vn 0.7064 -0.7064 0.0447
vn 0.7069 -0.7069 -0.0254
vn 0.7037 -0.7037 -0.0982
vn -0.9230 0.3823 0.0447
vn -0.9236 0.3826 -0.0254
vn -0.9194 0.3808 -0.0982
vn 0.5550 -0.8306 0.0447
vn 0.5554 -0.8312 -0.0254
vn 0.5529 -0.8274 -0.0982
vn -0.8306 0.5550 0.0447
vn -0.8312 0.5554 -0.0254
vn -0.8275 0.5529 -0.0982
vn 0.3823 -0.9230 0.0447
vn 0.3826 -0.9236 -0.0254
vn 0.3808 -0.9194 -0.0982
vn -0.0000 0.9990 0.0447
vn 0.1949 0.9798 0.0447
vn -0.0000 0.9997 -0.0254
vn 0.1950 0.9805 -0.0254
vn -0.0000 0.9952 -0.0982
vn 0.1941 0.9760 -0.0982
vn -0.7064 0.7064 0.0447
vn -0.7069 0.7069 -0.0254
vn -0.7037 0.7037 -0.0982
vn 0.1949 -0.9798 0.0447
vn 0.1950 -0.9805 -0.0254
vn 0.1941 -0.9760 -0.0982
vn 0.3823 0.9230 0.0447
vn 0.3826 0.9236 -0.0254
vn 0.3808 0.9194 -0.0982
vn -0.5550 0.8306 0.0447
vn -0.5554 0.8312 -0.0254
vn -0.5529 0.8274 -0.0982
vn -0.0000 -0.9990 0.0447
vn -0.0000 -0.9997 -0.0254
vn -0.0000 -0.9952 -0.0982
vn 0.5550 0.8306 0.0447
vn 0.5554 0.8312 -0.0254
vn 0.5529 0.8274 -0.0982
vn -0.3823 0.9230 0.0447
vn -0.3826 0.9236 -0.0254
vn -0.3808 0.9194 -0.0982
vn -0.1949 -0.9798 0.0447
vn -0.1950 -0.9805 -0.0254
vn -0.1941 -0.9760 -0.0982
vn 0.7064 0.7064 0.0447
vn 0.7069 0.7069 -0.0254
vn 0.7037 0.7037 -0.0982
vn -0.1949 0.9798 0.0447
vn -0.1950 0.9805 -0.0254
vn -0.1941 0.9760 -0.0982
vn -0.1946 0.9781 -0.0735
vn -0.0000 0.9973 -0.0735
vn -0.1950 0.9805 0.0225
vn -0.0000 0.9997 0.0225
vn -0.1936 0.9734 0.1229
vn -0.0000 0.9924 0.1229
vn 0.7052 0.7052 -0.0735
vn 0.8292 0.5541 -0.0735
vn 0.7069 0.7069 0.0225
vn 0.8313 0.5554 0.0225
vn 0.7017 0.7017 0.1229
vn 0.8252 0.5514 0.1229
vn -0.1946 -0.9781 -0.0735
vn -0.3816 -0.9214 -0.0735
vn -0.1950 -0.9805 0.0225
vn -0.3826 -0.9236 0.0225
vn -0.1936 -0.9734 0.1229
vn -0.3798 -0.9169 0.1229
vn -0.3816 0.9214 -0.0735
vn -0.3826 0.9236 0.0225
vn -0.3798 0.9169 0.1229
vn 0.5541 0.8292 -0.0735
vn 0.5554 0.8313 0.0225
vn 0.5514 0.8252 0.1229
vn -0.0000 -0.9973 -0.0735
vn -0.0000 -0.9997 0.0225
vn -0.0000 -0.9924 0.1229
vn -0.5541 0.8292 -0.0735
vn -0.5554 0.8313 0.0225
vn -0.5514 0.8252 0.1229
vn 0.3816 0.9214 -0.0735
vn 0.3826 0.9236 0.0225
vn 0.3798 0.9169 0.1229
vn 0.1946 -0.9781 -0.0735
vn 0.1950 -0.9805 0.0225
vn 0.1936 -0.9734 0.1229
vn -0.7052 0.7052 -0.0735
vn -0.7069 0.7069 0.0225
vn -0.7017 0.7017 0.1229
vn 0.1946 0.9781 -0.0735
vn 0.1950 0.9805 0.0225
vn 0.1936 0.9734 0.1229
vn 0.3816 -0.9214 -0.0735
vn 0.3826 -0.9236 0.0225
vn 0.3798 -0.9169 0.1229
vn -0.8292 0.5541 -0.0735
vn -0.8313 0.5554 0.0225
vn -0.8252 0.5514 0.1229
vn 0.5541 -0.8292 -0.0735
vn 0.5554 -0.8313 0.0225
vn 0.5514 -0.8252 0.1229
vn -0.9214 0.3816 -0.0735
vn -0.9236 0.3826 0.0225
vn -0.9169 0.3798 0.1229
vn 0.7052 -0.7052 -0.0735
vn 0.7069 -0.7069 0.0225
vn 0.7017 -0.7017 0.1229
vn -0.9781 0.1946 -0.0735
vn -0.9805 0.1950 0.0225
vn -0.9734 0.1936 0.1229
vn 0.8292 -0.5541 -0.0735
vn 0.8313 -0.5554 0.0225
vn 0.8252 -0.5514 0.1229
vn -0.9973 -0.0000 -0.0735
vn -0.9997 -0.0000 0.0225
vn -0.9924 -0.0000 0.1229
vn 0.9214 -0.3816 -0.0735
vn 0.9236 -0.3826 0.0225
vn 0.9169 -0.3798 0.1229
vn -0.9781 -0.1946 -0.0735
vn -0.9805 -0.1950 0.0225
vn -0.9734 -0.1936 0.1229
vn 0.9781 -0.1946 -0.0735
vn 0.9805 -0.1950 0.0225
vn 0.9734 -0.1936 0.1229
vn -0.9214 -0.3816 -0.0735
vn -0.9236 -0.3826 0.0225
vn -0.9169 -0.3798 0.1229
vn 0.9973 -0.0000 -0.0735
vn 0.9997 -0.0000 0.0225
vn 0.9924 -0.0000 0.1229
vn -0.8292 -0.5541 -0.0735
vn -0.8313 -0.5554 0.0225
vn -0.8252 -0.5514 0.1229
vn 0.9781 0.1946 -0.0735
vn 0.9805 0.1950 0.0225
vn 0.9734 0.1936 0.1229
vn -0.7052 -0.7052 -0.0735
vn -0.7069 -0.7069 0.0225
vn -0.7017 -0.7017 0.1229
vn 0.9214 0.3816 -0.0735
vn 0.9236 0.3826 0.0225
vn 0.9169 0.3798 0.1229
vn -0.5541 -0.8292 -0.0735
vn -0.5554 -0.8313 0.0225
vn -0.5514 -0.8252 0.1229
vn -0.3814 -0.9207 -0.0823
vn -0.5537 -0.8286 -0.0823
vn -0.3826 -0.9236 -0.0250
vn -0.5554 -0.8312 -0.0250
vn -0.3825 -0.9234 0.0307
vn -0.5553 -0.8311 0.0307
vn 0.8286 0.5537 -0.0823
vn 0.9207 0.3814 -0.0823
vn 0.8312 0.5554 -0.0250
vn 0.9236 0.3826 -0.0250
vn 0.8311 0.5553 0.0307
vn 0.9234 0.3825 0.0307
vn -0.7047 -0.7047 -0.0823
vn -0.7069 -0.7069 -0.0250
vn -0.7068 -0.7068 0.0307
vn 0.9775 0.1944 -0.0823
vn 0.9805 0.1950 -0.0250
vn 0.9803 0.1950 0.0307
vn -0.8286 -0.5537 -0.0823
vn -0.8312 -0.5554 -0.0250
vn -0.8311 -0.5553 0.0307
vn 0.9966 -0.0000 -0.0823
vn 0.9997 -0.0000 -0.0250
vn 0.9995 -0.0000 0.0307
vn -0.9207 -0.3814 -0.0823
vn -0.9236 -0.3826 -0.0250
vn -0.9234 -0.3825 0.0307
vn 0.9775 -0.1944 -0.0823
vn 0.9805 -0.1950 -0.0250
vn 0.9803 -0.1950 0.0307
vn -0.9775 -0.1944 -0.0823
vn -0.9805 -0.1950 -0.0250
vn -0.9803 -0.1950 0.0307
vn 0.9207 -0.3814 -0.0823
vn 0.9236 -0.3826 -0.0250
vn 0.9234 -0.3825 0.0307
vn -0.9966 -0.0000 -0.0823
vn -0.9997 -0.0000 -0.0250
vn -0.9995 -0.0000 0.0307
vn 0.8286 -0.5537 -0.0823
vn 0.8312 -0.5554 -0.0250
vn 0.8311 -0.5553 0.0307
vn -0.9775 0.1944 -0.0823
vn -0.9805 0.1950 -0.0250
vn -0.9803 0.1950 0.0307
vn 0.7047 -0.7047 -0.0823
vn 0.7069 -0.7069 -0.0250
vn 0.7068 -0.7068 0.0307
vn -0.9207 0.3814 -0.0823
vn -0.9236 0.3826 -0.0250
vn -0.9234 0.3825 0.0307
vn 0.5537 -0.8286 -0.0823
vn 0.5554 -0.8312 -0.0250
vn 0.5553 -0.8311 0.0307
vn -0.8286 0.5537 -0.0823
vn -0.8312 0.5554 -0.0250
vn -0.8311 0.5553 0.0307
vn 0.3814 -0.9207 -0.0823
vn 0.3826 -0.9236 -0.0250
vn 0.3825 -0.9234 0.0307
vn -0.0000 0.9966 -0.0823
vn 0.1944 0.9775 -0.0823
vn -0.0000 0.9997 -0.0250
vn 0.1950 0.9805 -0.0250
vn -0.0000 0.9995 0.0307
vn 0.1950 0.9803 0.0307
vn -0.7047 0.7047 -0.0823
vn -0.7069 0.7069 -0.0250
vn -0.7068 0.7068 0.0307
vn 0.1944 -0.9775 -0.0823
vn 0.1950 -0.9805 -0.0250
vn 0.1950 -0.9803 0.0307
vn 0.3814 0.9207 -0.0823
vn 0.3826 0.9236 -0.0250
vn 0.3825 0.9234 0.0307
vn -0.5537 0.8286 -0.0823
vn -0.5554 0.8312 -0.0250
vn -0.5553 0.8311 0.0307
vn -0.0000 -0.9966 -0.0823
vn -0.0000 -0.9997 -0.0250
vn -0.0000 -0.9995 0.0307
vn 0.5537 0.8286 -0.0823
vn 0.5554 0.8312 -0.0250
vn 0.5553 0.8311 0.0307
vn -0.3814 0.9207 -0.0823
vn -0.3826 0.9236 -0.0250
vn -0.3825 0.9234 0.0307
vn -0.1944 -0.9775 -0.0823
vn -0.1950 -0.9805 -0.0250
vn -0.1950 -0.9803 0.0307
vn 0.7047 0.7047 -0.0823
vn 0.7069 0.7069 -0.0250
vn 0.7068 0.7068 0.0307
vn -0.1944 0.9775 -0.0823
vn -0.1950 0.9805 -0.0250
vn -0.1950 0.9803 0.0307
vn -0.3793 -0.9158 0.1322
vn -0.5507 -0.8242 0.1322
vn -0.3824 -0.9233 0.0365
vn -0.5552 -0.8309 0.0365
vn -0.3821 -0.9226 -0.0529
vn -0.5548 -0.8303 -0.0529
vn 0.8242 0.5507 0.1322
vn 0.9158 0.3793 0.1322
vn 0.8309 0.5552 0.0365
vn 0.9233 0.3824 0.0365
vn 0.8303 0.5548 -0.0529
vn 0.9226 0.3821 -0.0529
vn -0.7009 -0.7009 0.1322
vn -0.7066 -0.7066 0.0365
vn -0.7061 -0.7061 -0.0529
vn 0.9722 0.1934 0.1322
vn 0.9801 0.1950 0.0365
vn 0.9794 0.1948 -0.0529
vn -0.8242 -0.5507 0.1322
vn -0.8309 -0.5552 0.0365
vn -0.8303 -0.5548 -0.0529
vn 0.9912 -0.0000 0.1322
vn 0.9993 -0.0000 0.0365
vn 0.9986 -0.0000 -0.0529
vn -0.9158 -0.3793 0.1322
vn -0.9233 -0.3824 0.0365
vn -0.9226 -0.3821 -0.0529
vn 0.9722 -0.1934 0.1322
vn 0.9801 -0.1950 0.0365
vn 0.9794 -0.1948 -0.0529
vn -0.9722 -0.1934 0.1322
vn -0.9801 -0.1950 0.0365
vn -0.9794 -0.1948 -0.0529
vn 0.9158 -0.3793 0.1322
vn 0.9233 -0.3824 0.0365
vn 0.9226 -0.3821 -0.0529
vn -0.9912 -0.0000 0.1322
vn -0.9993 -0.0000 0.0365
vn -0.9986 -0.0000 -0.0529
vn 0.8242 -0.5507 0.1322
vn 0.8309 -0.5552 0.0365
vn 0.8303 -0.5548 -0.0529
vn -0.9722 0.1934 0.1322
vn -0.9801 0.1950 0.0365
vn -0.9794 0.1948 -0.0529
vn 0.7009 -0.7009 0.1322
vn 0.7066 -0.7066 0.0365
vn 0.7061 -0.7061 -0.0529
vn -0.9158 0.3793 0.1322
vn -0.9233 0.3824 0.0365
vn -0.9226 0.3821 -0.0529
vn 0.5507 -0.8242 0.1322
vn 0.5552 -0.8309 0.0365
vn 0.5548 -0.8303 -0.0529
vn -0.8242 0.5507 0.1322
vn -0.8309 0.5552 0.0365
vn -0.8303 0.5548 -0.0529
vn 0.3793 -0.9158 0.1322
vn 0.3824 -0.9233 0.0365
vn 0.3821 -0.9226 -0.0529
vn -0.0000 0.9912 0.1322
vn 0.1934 0.9722 0.1322
vn -0.0000 0.9993 0.0365
vn 0.1950 0.9801 0.0365
vn -0.0000 0.9986 -0.0529
vn 0.1948 0.9794 -0.0529
vn -0.7009 0.7009 0.1322
vn -0.7066 0.7066 0.0365
vn -0.7061 0.7061 -0.0529
vn 0.1934 -0.9722 0.1322
vn 0.1950 -0.9801 0.0365
vn 0.1948 -0.9794 -0.0529
vn 0.3793 0.9158 0.1322
vn 0.3824 0.9233 0.0365
vn 0.3821 0.9226 -0.0529
vn -0.5507 0.8242 0.1322
vn -0.5552 0.8309 0.0365
vn -0.5548 0.8303 -0.0529
vn -0.0000 -0.9912 0.1322
vn -0.0000 -0.9993 0.0365
vn -0.0000 -0.9986 -0.0529
vn 0.5507 0.8242 0.1322
vn 0.5552 0.8309 0.0365
vn 0.5548 0.8303 -0.0529
vn -0.3793 0.9158 0.1322
vn -0.3824 0.9233 0.0365
vn -0.3821 0.9226 -0.0529
vn -0.1934 -0.9722 0.1322
vn -0.1950 -0.9801 0.0365
vn -0.1948 -0.9794 -0.0529
vn 0.7009 0.7009 0.1322
vn 0.7066 0.7066 0.0365
vn 0.7061 0.7061 -0.0529
vn -0.1934 0.9722 0.1322
vn -0.1950 0.9801 0.0365
vn -0.1948 0.9794 -0.0529
vn 0.1884 0.9472 -0.2593
vn -0.0000 0.9658 -0.2593
vn 0.1656 0.8325 -0.5286
vn -0.0000 0.8489 -0.5286
vn 0.3696 0.8923 -0.2593
vn 0.3248 0.7842 -0.5286
vn 0.5366 0.8030 -0.2593
vn 0.4716 0.7058 -0.5286
vn 0.6829 0.6829 -0.2593
vn 0.6002 0.6002 -0.5286
vn 0.8030 0.5366 -0.2593
vn 0.7058 0.4716 -0.5286
vn 0.8923 0.3696 -0.2593
vn 0.7842 0.3248 -0.5286
vn 0.9472 0.1884 -0.2593
vn 0.8325 0.1656 -0.5286
vn 0.9658 -0.0000 -0.2593
vn 0.8489 -0.0000 -0.5286
vn 0.9472 -0.1884 -0.2593
vn 0.8325 -0.1656 -0.5286
vn 0.8923 -0.3696 -0.2593
vn 0.7842 -0.3248 -0.5286
vn 0.8030 -0.5366 -0.2593
vn 0.7058 -0.4716 -0.5286
vn 0.6829 -0.6829 -0.2593
vn 0.6002 -0.6002 -0.5286
vn 0.5366 -0.8030 -0.2593
vn 0.4716 -0.7058 -0.5286
vn 0.3696 -0.8923 -0.2593
vn 0.3248 -0.7842 -0.5286
vn 0.1884 -0.9472 -0.2593
vn 0.1656 -0.8325 -0.5286
vn -0.0000 -0.9658 -0.2593
vn -0.0000 -0.8489 -0.5286
vn -0.1884 -0.9472 -0.2593
vn -0.1656 -0.8325 -0.5286
vn -0.3696 -0.8923 -0.2593
vn -0.3248 -0.7842 -0.5286
vn -0.5366 -0.8030 -0.2593
vn -0.4716 -0.7058 -0.5286
vn -0.6829 -0.6829 -0.2593
vn -0.6002 -0.6002 -0.5286
vn -0.8030 -0.5366 -0.2593
vn -0.7058 -0.4716 -0.5286
vn -0.8923 -0.3696 -0.2593
vn -0.7842 -0.3248 -0.5286
vn -0.9472 -0.1884 -0.2593
vn -0.8325 -0.1656 -0.5286
vn -0.9658 -0.0000 -0.2593
vn -0.8489 -0.0000 -0.5286
vn -0.9472 0.1884 -0.2593
vn -0.8325 0.1656 -0.5286
vn -0.8923 0.3696 -0.2593
vn -0.7842 0.3248 -0.5286
vn -0.8030 0.5366 -0.2593
vn -0.7058 0.4716 -0.5286
vn -0.6829 0.6829 -0.2593
vn -0.6002 0.6002 -0.5286
vn -0.5366 0.8030 -0.2593
vn -0.4716 0.7058 -0.5286
vn -0.3696 0.8923 -0.2593
vn -0.3248 0.7842 -0.5286
vn -0.1884 0.9472 -0.2593
vn -0.1656 0.8325 -0.5286
vn -0.0331 0.0221 0.9992
vn -0.0367 0.0152 0.9992
vn 0.0152 -0.0367 0.9992
vn 0.0221 -0.0331 0.9992
vn 0.0185 -0.0354 0.9992
vn 0.0078 0.0390 0.9992
vn -0.0000 0.0398 0.9992
vn -0.0281 0.0281 0.9992
vn 0.0078 -0.0390 0.9992
vn 0.0152 0.0367 0.9992
vn 0.0148 0.0369 0.9992
vn -0.0221 0.0331 0.9992
vn -0.0000 -0.0398 0.9992
vn 0.0221 0.0331 0.9992
vn -0.0152 0.0367 0.9992
vn -0.0122 0.0380 0.9992
vn -0.0078 -0.0390 0.9992
vn 0.0281 0.0281 0.9992
vn -0.0078 0.0390 0.9992
vn -0.0152 -0.0367 0.9992
vn -0.0157 -0.0365 0.9992
vn 0.0331 0.0221 0.9992
vn -0.0221 -0.0331 0.9992
vn 0.0367 0.0152 0.9992
vn -0.0281 -0.0281 0.9992
vn 0.0390 0.0078 0.9992
vn -0.0331 -0.0221 0.9992
vn 0.0398 -0.0000 0.9992
vn -0.0367 -0.0152 0.9992
vn 0.0390 -0.0078 0.9992
vn -0.0390 -0.0078 0.9992
vn 0.0367 -0.0152 0.9992
vn -0.0398 -0.0000 0.9992
vn 0.0331 -0.0221 0.9992
vn -0.0390 0.0078 0.9992
vn 0.0281 -0.0281 0.9992
vn 0.1205 -0.9922 -0.0304
vn -0.0023 -0.9999 0.0103
vn -0.0446 -0.9748 -0.2186
vn 0.0311 -0.9694 -0.2437
vn 0.8679 0.1219 -0.4816
vn 0.9643 0.1192 -0.2365
vn 0.9643 -0.1192 -0.2365
vn 0.8679 -0.1219 -0.4816
vn -0.9643 0.1192 -0.2365
vn -0.8679 0.1219 -0.4816
vn -0.8679 -0.1219 -0.4816
vn -0.9643 -0.1192 -0.2365
vn -0.0000 -1.0000 0.0099
vn -0.0000 -0.9749 -0.2228
vn -0.1713 -0.1250 -0.9772
vn -0.1938 -0.1278 -0.9727
vn -0.1938 0.1278 -0.9727
vn -0.1713 0.1250 -0.9772
vn -0.0000 -0.1281 -0.9918
vn 0.1938 -0.1278 -0.9727
vn 0.1938 0.1278 -0.9727
vn -0.0000 0.1281 -0.9918
vn -0.1965 -0.1363 0.9710
vn -0.1965 0.1363 0.9710
vn -0.4266 0.1404 0.8935
vn -0.4266 -0.1404 0.8935
vn -0.0000 -0.1366 0.9906
vn -0.0000 0.1366 0.9906
vn 0.1965 -0.1363 0.9710
vn 0.1965 0.1363 0.9710
vn 0.4266 -0.1404 0.8935
vn 0.4266 0.1404 0.8935
vn 0.0023 0.9999 0.0103
vn -0.0000 1.0000 0.0099
vn -0.0000 0.9749 -0.2228
vn 0.0446 0.9748 -0.2186
vn -0.0023 0.9999 0.0103
vn -0.0446 0.9748 -0.2186
vn 0.1205 0.9922 -0.0304
vn 0.0311 0.9694 -0.2437
vn 0.1713 -0.1250 -0.9772
vn 0.1713 0.1250 -0.9772
vn 0.0023 -0.9999 0.0103
vn 0.0446 -0.9748 -0.2186
vn -0.1205 0.9922 -0.0304
vn -0.0311 0.9694 -0.2437
vn -0.1205 -0.9922 -0.0304
vn -0.2567 -0.9404 0.2229
vn -0.5936 -0.7989 0.0973
vn -0.4331 -0.8925 -0.1262
vn -0.3793 -0.5798 0.7211
vn -0.7174 -0.5126 0.4718
vn -0.8029 -0.1389 0.5797
vn -0.9871 -0.1409 0.0760
vn -0.8825 -0.4668 0.0571
vn -0.8377 -0.4902 -0.2407
vn 0.4331 -0.8925 -0.1262
vn 0.5936 -0.7989 0.0973
vn 0.2567 -0.9404 0.2229
vn 0.8377 -0.4902 -0.2407
vn 0.8825 -0.4668 0.0571
vn 0.9871 -0.1409 0.0760
vn 0.8029 -0.1389 0.5797
vn 0.7174 -0.5127 0.4718
vn 0.3793 -0.5798 0.7211
vn -0.4331 0.8925 -0.1262
vn -0.5936 0.7989 0.0973
vn -0.2567 0.9404 0.2229
vn -0.8377 0.4902 -0.2407
vn -0.8825 0.4668 0.0571
vn -0.9871 0.1409 0.0760
vn -0.8029 0.1389 0.5797
vn -0.7174 0.5126 0.4718
vn -0.3793 0.5798 0.7211
vn 0.2567 0.9404 0.2229
vn 0.5936 0.7989 0.0973
vn 0.4331 0.8925 -0.1262
vn 0.3793 0.5798 0.7211
vn 0.7174 0.5127 0.4718
vn 0.8029 0.1389 0.5797
vn 0.9871 0.1409 0.0760
vn 0.8825 0.4668 0.0571
vn 0.8377 0.4902 -0.2407
vn -0.0311 -0.9694 -0.2437
vn -0.3507 -0.8690 -0.3491
vn -0.2455 -0.7628 -0.5982
vn 0.0607 -0.8526 -0.5191
vn -0.7351 -0.4952 -0.4631
vn -0.5625 -0.4538 -0.6912
vn -0.6606 -0.1152 -0.7418
vn -0.2004 -0.1138 -0.9731
vn -0.1617 -0.4359 -0.8854
vn 0.1522 -0.4871 -0.8600
vn -0.0607 -0.8526 -0.5191
vn 0.2455 -0.7628 -0.5982
vn 0.3507 -0.8690 -0.3491
vn -0.1522 -0.4871 -0.8600
vn 0.1617 -0.4359 -0.8854
vn 0.2004 -0.1138 -0.9731
vn 0.6606 -0.1152 -0.7418
vn 0.5625 -0.4538 -0.6912
vn 0.7351 -0.4952 -0.4631
vn 0.0607 0.8526 -0.5191
vn -0.2455 0.7628 -0.5982
vn -0.3507 0.8690 -0.3491
vn 0.1522 0.4871 -0.8600
vn -0.1617 0.4359 -0.8854
vn -0.2004 0.1138 -0.9731
vn -0.6606 0.1152 -0.7418
vn -0.5625 0.4538 -0.6912
vn -0.7351 0.4952 -0.4631
vn 0.3507 0.8690 -0.3491
vn 0.2455 0.7628 -0.5982
vn -0.0607 0.8526 -0.5191
vn 0.7351 0.4952 -0.4631
vn 0.5625 0.4538 -0.6912
vn 0.6606 0.1152 -0.7418
vn 0.2004 0.1138 -0.9731
vn 0.1617 0.4359 -0.8854
vn -0.1522 0.4871 -0.8600
vn -0.1649 -0.5710 0.8042
vn -0.0631 -0.9476 0.3131
vn -0.0000 -0.5711 0.8209
vn -0.0000 -0.9478 0.3190
vn 0.1649 -0.5710 0.8042
vn 0.0631 -0.9476 0.3131
vn -0.0631 0.9476 0.3131
vn -0.1649 0.5710 0.8042
vn -0.0000 0.9478 0.3190
vn -0.0000 0.5711 0.8209
vn 0.0631 0.9476 0.3131
vn 0.1649 0.5710 0.8042
vn 0.0998 -0.8541 -0.5104
vn 0.1684 -0.4940 -0.8530
vn -0.0000 -0.8544 -0.5197
vn -0.0000 -0.4945 -0.8692
vn -0.0998 -0.8541 -0.5104
vn -0.1684 -0.4940 -0.8530
vn 0.1684 0.4940 -0.8530
vn 0.0998 0.8541 -0.5104
vn -0.0000 0.4945 -0.8692
vn -0.0000 0.8544 -0.5197
vn -0.1684 0.4940 -0.8530
vn -0.0998 0.8541 -0.5104
vt 0.812994 0.402081
vt 0.841453 0.386869
vt 0.841453 0.386869
vt 0.812994 0.402081
vt 0.866398 0.366398
vt 0.866398 0.366398
vt 0.886869 0.341453
vt 0.886869 0.341453
vt 0.902081 0.312994
vt 0.911448 0.282114
vt 0.911448 0.282114
vt 0.902081 0.312994
vt 0.911448 0.282114
vt 0.914611 0.250000
vt 0.914611 0.250000
vt 0.911448 0.217886
vt 0.902081 0.187006
vt 0.902081 0.187006
vt 0.886869 0.158547
vt 0.886869 0.158547
vt 0.866398 0.133603
vt 0.841453 0.113131
vt 0.841453 0.113131
vt 0.812994 0.097919
vt 0.812994 0.097919
vt 0.782114 0.088552
vt 0.750000 0.085389
vt 0.750000 0.085389
vt 0.782114 0.088552
vt 0.717886 0.088552
vt 0.687006 0.097919
vt 0.658547 0.113131
vt 0.658547 0.113131
vt 0.658547 0.113131
vt 0.633603 0.133603
vt 0.613131 0.158547
vt 0.597919 0.187006
vt 0.597919 0.187006
vt 0.613131 0.158547
vt 0.588552 0.217886
vt 0.585389 0.250000
vt 0.585389 0.250000
vt 0.588552 0.282114
vt 0.588552 0.282114
vt 0.585389 0.250000
vt 0.597919 0.312994
vt 0.597919 0.312994
vt 0.613131 0.341453
vt 0.633602 0.366397
vt 0.658547 0.386869
vt 0.658547 0.386869
vt 0.687006 0.402081
vt 0.717886 0.411448
vt 0.717886 0.411448
vt 0.782114 0.411448
vt 0.782114 0.411448
vt 0.717886 0.411448
vt 0.750000 0.414611
vt 0.750000 0.414611
vt 0.717886 0.411448
vt 0.914611 0.250000
vt 0.597919 0.187006
vt 0.585389 0.250000
vt 0.585389 0.250000
vt 0.841453 0.113131
vt 0.841453 0.113131
vt 0.841453 0.113131
vt 0.782114 0.411448
vt 0.658547 0.386869
vt 0.658547 0.386869
vt 0.841453 0.386869
vt 0.658547 0.386869
vt 0.658547 0.113131
vt 0.866398 0.366398
vt 0.687006 0.097919
vt 0.717886 0.088552
vt 0.717886 0.411448
vt 0.841453 0.386869
vt 0.841453 0.386869
vt 0.750000 0.402553
vt 0.779761 0.399622
vt 0.808380 0.390940
vt 0.834754 0.376843
vt 0.857871 0.357871
vt 0.876843 0.334754
vt 0.890940 0.308379
vt 0.899622 0.279761
vt 0.902553 0.250000
vt 0.899622 0.220239
vt 0.890940 0.191621
vt 0.876843 0.165246
vt 0.857871 0.142129
vt 0.834754 0.123157
vt 0.808379 0.109060
vt 0.779761 0.100378
vt 0.750000 0.097447
vt 0.720239 0.100378
vt 0.691620 0.109060
vt 0.665246 0.123157
vt 0.642129 0.142129
vt 0.623157 0.165246
vt 0.609060 0.191621
vt 0.600379 0.220239
vt 0.597447 0.250000
vt 0.600378 0.279761
vt 0.609060 0.308380
vt 0.623157 0.334754
vt 0.642129 0.357871
vt 0.665246 0.376843
vt 0.691620 0.390940
vt 0.720238 0.399622
vt 0.841453 0.113131
vt 0.886869 0.158547
vt 0.911448 0.217886
vt 0.658547 0.113131
vt 0.658547 0.113131
vt 0.914611 0.250000
vt 0.911448 0.217886
vt 0.911448 0.217886
vt 0.588552 0.217886
vt 0.613131 0.341453
vt 0.633603 0.366397
vt 0.717886 0.411448
vt 0.750000 0.414611
vt 0.658547 0.386869
vt 0.633602 0.366397
vt 0.911448 0.217886
vt 0.613131 0.158547
vt 0.911448 0.282114
vt 0.902080 0.312994
vt 0.597919 0.312994
vt 0.841453 0.113131
vt 0.841453 0.113131
vt 0.613131 0.341453
vt 0.658547 0.113131
vt 0.902081 0.312994
vt 0.750000 0.426669
vt 0.784466 0.423274
vt 0.783626 0.419050
vt 0.750000 0.422362
vt 0.782115 0.411455
vt 0.750000 0.414618
vt 0.817608 0.413221
vt 0.815960 0.409241
vt 0.812997 0.402088
vt 0.848152 0.396895
vt 0.845759 0.393314
vt 0.841457 0.386875
vt 0.848152 0.396895
vt 0.874924 0.374924
vt 0.871878 0.371878
vt 0.866403 0.366403
vt 0.896895 0.348152
vt 0.893314 0.345759
vt 0.886875 0.341457
vt 0.913221 0.317608
vt 0.909241 0.315960
vt 0.902087 0.312997
vt 0.913221 0.317608
vt 0.923274 0.284466
vt 0.919050 0.283626
vt 0.911455 0.282115
vt 0.926669 0.250000
vt 0.922362 0.250000
vt 0.914618 0.250000
vt 0.926669 0.250000
vt 0.923274 0.215534
vt 0.919050 0.216374
vt 0.911455 0.217885
vt 0.923274 0.215534
vt 0.913221 0.182392
vt 0.909241 0.184040
vt 0.902088 0.187003
vt 0.896895 0.151848
vt 0.893313 0.154241
vt 0.886875 0.158543
vt 0.874924 0.125076
vt 0.871878 0.128122
vt 0.866403 0.133597
vt 0.874924 0.125076
vt 0.848152 0.103105
vt 0.845759 0.106687
vt 0.841457 0.113125
vt 0.848152 0.103105
vt 0.817608 0.086779
vt 0.815960 0.090759
vt 0.812997 0.097912
vt 0.784466 0.076726
vt 0.783626 0.080950
vt 0.782116 0.088545
vt 0.784466 0.076726
vt 0.750000 0.073331
vt 0.750000 0.077638
vt 0.750000 0.085382
vt 0.715534 0.076726
vt 0.716374 0.080950
vt 0.717885 0.088545
vt 0.715534 0.076726
vt 0.682392 0.086779
vt 0.684040 0.090759
vt 0.687003 0.097912
vt 0.651848 0.103105
vt 0.654241 0.106687
vt 0.658543 0.113125
vt 0.651848 0.103105
vt 0.625076 0.125076
vt 0.628122 0.128122
vt 0.633597 0.133597
vt 0.625076 0.125076
vt 0.603105 0.151848
vt 0.606687 0.154241
vt 0.613125 0.158543
vt 0.586779 0.182392
vt 0.590759 0.184040
vt 0.597912 0.187003
vt 0.576726 0.215534
vt 0.580950 0.216374
vt 0.588545 0.217885
vt 0.573331 0.250000
vt 0.577638 0.250000
vt 0.585382 0.250000
vt 0.573331 0.250000
vt 0.576726 0.284466
vt 0.580950 0.283626
vt 0.588545 0.282115
vt 0.576726 0.284466
vt 0.586779 0.317608
vt 0.590759 0.315960
vt 0.597912 0.312997
vt 0.603105 0.348152
vt 0.606687 0.345759
vt 0.613125 0.341457
vt 0.603105 0.348152
vt 0.625076 0.374924
vt 0.628122 0.371878
vt 0.633597 0.366403
vt 0.651848 0.396895
vt 0.654241 0.393313
vt 0.658543 0.386875
vt 0.651848 0.396895
vt 0.682392 0.413221
vt 0.684040 0.409241
vt 0.687003 0.402088
vt 0.682392 0.413221
vt 0.715534 0.423274
vt 0.716374 0.419050
vt 0.717885 0.411455
vt 0.750000 0.426669
vt 0.717887 0.411443
vt 0.750000 0.414606
vt 0.717890 0.411426
vt 0.750000 0.414589
vt 0.717887 0.411443
vt 0.750000 0.414606
vt 0.866394 0.366394
vt 0.886865 0.341450
vt 0.866382 0.366382
vt 0.886851 0.341441
vt 0.866394 0.366394
vt 0.886865 0.341450
vt 0.717887 0.088557
vt 0.687008 0.097924
vt 0.717890 0.088574
vt 0.687014 0.097940
vt 0.717887 0.088557
vt 0.687008 0.097924
vt 0.687008 0.402076
vt 0.687014 0.402060
vt 0.687008 0.402076
vt 0.841450 0.386865
vt 0.841441 0.386851
vt 0.841450 0.386865
vt 0.750000 0.085394
vt 0.750000 0.085411
vt 0.750000 0.085394
vt 0.658550 0.386865
vt 0.658559 0.386851
vt 0.658550 0.386865
vt 0.812992 0.402076
vt 0.812986 0.402060
vt 0.812992 0.402076
vt 0.782113 0.088557
vt 0.782110 0.088574
vt 0.782113 0.088557
vt 0.633606 0.366394
vt 0.633618 0.366382
vt 0.633606 0.366394
vt 0.782113 0.411443
vt 0.782110 0.411426
vt 0.782113 0.411443
vt 0.812992 0.097924
vt 0.812986 0.097940
vt 0.812992 0.097924
vt 0.613135 0.341450
vt 0.613149 0.341441
vt 0.613135 0.341450
vt 0.841450 0.113135
vt 0.841441 0.113149
vt 0.841450 0.113135
vt 0.597924 0.312992
vt 0.597940 0.312986
vt 0.597924 0.312992
vt 0.866394 0.133606
vt 0.866382 0.133618
vt 0.866394 0.133606
vt 0.588557 0.282113
vt 0.588574 0.282110
vt 0.588557 0.282113
vt 0.886865 0.158550
vt 0.886851 0.158559
vt 0.886865 0.158550
vt 0.585394 0.250000
vt 0.585411 0.250000
vt 0.585394 0.250000
vt 0.902076 0.187008
vt 0.902061 0.187015
vt 0.902076 0.187008
vt 0.588557 0.217887
vt 0.588574 0.217890
vt 0.588557 0.217887
vt 0.911443 0.217887
vt 0.911426 0.217890
vt 0.911443 0.217887
vt 0.597924 0.187008
vt 0.597940 0.187015
vt 0.597924 0.187008
vt 0.914606 0.250000
vt 0.914589 0.250000
vt 0.914606 0.250000
vt 0.613135 0.158550
vt 0.613149 0.158559
vt 0.613135 0.158550
vt 0.911443 0.282113
vt 0.911427 0.282110
vt 0.911443 0.282113
vt 0.633606 0.133606
vt 0.633618 0.133618
vt 0.633606 0.133606
vt 0.902076 0.312992
vt 0.902060 0.312986
vt 0.902076 0.312992
vt 0.658550 0.113135
vt 0.658559 0.113149
vt 0.658550 0.113135
vt 0.687004 0.097913
vt 0.658543 0.113126
vt 0.687004 0.097914
vt 0.658544 0.113126
vt 0.886875 0.341457
vt 0.902087 0.312996
vt 0.886874 0.341456
vt 0.902086 0.312996
vt 0.633598 0.133598
vt 0.633598 0.133598
vt 0.911454 0.282115
vt 0.911454 0.282115
vt 0.613126 0.158543
vt 0.613126 0.158544
vt 0.914618 0.250000
vt 0.914617 0.250000
vt 0.597913 0.187004
vt 0.597914 0.187004
vt 0.911454 0.217885
vt 0.911454 0.217885
vt 0.588546 0.217885
vt 0.588546 0.217885
vt 0.902087 0.187004
vt 0.902086 0.187004
vt 0.585383 0.250000
vt 0.585383 0.250000
vt 0.886874 0.158543
vt 0.886874 0.158544
vt 0.588546 0.282115
vt 0.588546 0.282115
vt 0.866402 0.133598
vt 0.866402 0.133598
vt 0.597913 0.312996
vt 0.597914 0.312996
vt 0.841457 0.113126
vt 0.841456 0.113126
vt 0.613126 0.341457
vt 0.613126 0.341456
vt 0.812997 0.097913
vt 0.812996 0.097914
vt 0.750000 0.414617
vt 0.782115 0.411454
vt 0.750000 0.414617
vt 0.782115 0.411454
vt 0.633598 0.366402
vt 0.633598 0.366402
vt 0.782115 0.088546
vt 0.782115 0.088546
vt 0.812997 0.402087
vt 0.812996 0.402086
vt 0.658543 0.386874
vt 0.658544 0.386874
vt 0.750000 0.085383
vt 0.750000 0.085383
vt 0.841457 0.386875
vt 0.841456 0.386874
vt 0.687003 0.402087
vt 0.687004 0.402086
vt 0.717885 0.088546
vt 0.717885 0.088546
vt 0.866402 0.366402
vt 0.866402 0.366402
vt 0.717885 0.411454
vt 0.717885 0.411454
vt 0.717887 0.411442
vt 0.750000 0.414605
vt 0.717893 0.411413
vt 0.750000 0.414575
vt 0.717887 0.411442
vt 0.750000 0.414605
vt 0.866393 0.366393
vt 0.886864 0.341449
vt 0.866372 0.366372
vt 0.886840 0.341433
vt 0.866394 0.366394
vt 0.886864 0.341450
vt 0.717887 0.088558
vt 0.687009 0.097925
vt 0.717893 0.088587
vt 0.687020 0.097952
vt 0.717887 0.088557
vt 0.687008 0.097924
vt 0.687008 0.402075
vt 0.687020 0.402048
vt 0.687008 0.402075
vt 0.841450 0.386864
vt 0.841433 0.386839
vt 0.841450 0.386864
vt 0.750000 0.085395
vt 0.750000 0.085425
vt 0.750000 0.085395
vt 0.658551 0.386864
vt 0.658567 0.386839
vt 0.658550 0.386864
vt 0.812992 0.402075
vt 0.812980 0.402048
vt 0.812992 0.402076
vt 0.782113 0.088558
vt 0.782107 0.088587
vt 0.782113 0.088557
vt 0.633607 0.366393
vt 0.633628 0.366372
vt 0.633606 0.366394
vt 0.782113 0.411442
vt 0.782107 0.411413
vt 0.782113 0.411442
vt 0.812992 0.097925
vt 0.812980 0.097952
vt 0.812992 0.097924
vt 0.613136 0.341449
vt 0.613161 0.341433
vt 0.613136 0.341450
vt 0.841449 0.113136
vt 0.841433 0.113161
vt 0.841450 0.113136
vt 0.597925 0.312991
vt 0.597952 0.312980
vt 0.597924 0.312992
vt 0.866393 0.133607
vt 0.866372 0.133628
vt 0.866394 0.133606
vt 0.588558 0.282113
vt 0.588587 0.282107
vt 0.588557 0.282113
vt 0.886864 0.158551
vt 0.886839 0.158567
vt 0.886864 0.158550
vt 0.585395 0.250000
vt 0.585425 0.250000
vt 0.585395 0.250000
vt 0.902075 0.187009
vt 0.902048 0.187020
vt 0.902076 0.187008
vt 0.588558 0.217887
vt 0.588587 0.217893
vt 0.588557 0.217887
vt 0.911442 0.217887
vt 0.911413 0.217893
vt 0.911443 0.217887
vt 0.597925 0.187009
vt 0.597952 0.187020
vt 0.597925 0.187008
vt 0.914605 0.250000
vt 0.914575 0.250000
vt 0.914606 0.250000
vt 0.613136 0.158551
vt 0.613161 0.158567
vt 0.613136 0.158550
vt 0.911442 0.282113
vt 0.911413 0.282107
vt 0.911443 0.282113
vt 0.633607 0.133607
vt 0.633628 0.133628
vt 0.633606 0.133606
vt 0.902075 0.312991
vt 0.902048 0.312980
vt 0.902075 0.312992
vt 0.658551 0.113136
vt 0.658567 0.113161
vt 0.658550 0.113136
vt 0.687008 0.097924
vt 0.658550 0.113135
vt 0.687015 0.097941
vt 0.658560 0.113150
vt 0.687008 0.097924
vt 0.658550 0.113136
vt 0.886865 0.341450
vt 0.902076 0.312992
vt 0.886850 0.341440
vt 0.902059 0.312985
vt 0.886865 0.341450
vt 0.902076 0.312992
vt 0.633606 0.133606
vt 0.633619 0.133619
vt 0.633606 0.133606
vt 0.911443 0.282113
vt 0.911425 0.282109
vt 0.911443 0.282113
vt 0.613135 0.158550
vt 0.613150 0.158560
vt 0.613136 0.158550
vt 0.914588 0.250000
vt 0.597924 0.187008
vt 0.597941 0.187015
vt 0.597924 0.187008
vt 0.911443 0.217887
vt 0.911425 0.217891
vt 0.911443 0.217887
vt 0.588575 0.217891
vt 0.588557 0.217887
vt 0.902076 0.187008
vt 0.902059 0.187015
vt 0.902076 0.187008
vt 0.585394 0.250000
vt 0.585413 0.250000
vt 0.585395 0.250000
vt 0.886865 0.158550
vt 0.886850 0.158560
vt 0.886864 0.158550
vt 0.588557 0.282113
vt 0.588575 0.282109
vt 0.588557 0.282113
vt 0.866394 0.133606
vt 0.866381 0.133619
vt 0.866394 0.133606
vt 0.597941 0.312985
vt 0.597924 0.312992
vt 0.841450 0.113135
vt 0.841440 0.113151
vt 0.841450 0.113136
vt 0.613135 0.341450
vt 0.613150 0.341440
vt 0.613136 0.341450
vt 0.812992 0.097924
vt 0.812985 0.097941
vt 0.812992 0.097924
vt 0.750000 0.414606
vt 0.782113 0.411443
vt 0.750000 0.414587
vt 0.782109 0.411425
vt 0.750000 0.414605
vt 0.782113 0.411443
vt 0.633606 0.366394
vt 0.633619 0.366381
vt 0.633606 0.366394
vt 0.782113 0.088557
vt 0.782109 0.088575
vt 0.782113 0.088557
vt 0.812992 0.402076
vt 0.812985 0.402059
vt 0.812992 0.402076
vt 0.658550 0.386865
vt 0.658560 0.386850
vt 0.658550 0.386864
vt 0.750000 0.085394
vt 0.750000 0.085413
vt 0.750000 0.085395
vt 0.841450 0.386865
vt 0.841440 0.386850
vt 0.841450 0.386865
vt 0.687008 0.402076
vt 0.687015 0.402059
vt 0.687008 0.402076
vt 0.717887 0.088557
vt 0.717891 0.088575
vt 0.717887 0.088557
vt 0.866381 0.366381
vt 0.717887 0.411443
vt 0.717891 0.411425
vt 0.717887 0.411443
vt 0.687004 0.097914
vt 0.658544 0.113126
vt 0.687003 0.097913
vt 0.658543 0.113125
vt 0.886874 0.341456
vt 0.902086 0.312996
vt 0.886875 0.341457
vt 0.902087 0.312997
vt 0.633599 0.133598
vt 0.633598 0.133598
vt 0.911454 0.282115
vt 0.911455 0.282115
vt 0.613126 0.158544
vt 0.613125 0.158543
vt 0.914617 0.250000
vt 0.914618 0.250000
vt 0.597914 0.187004
vt 0.597913 0.187003
vt 0.911454 0.217885
vt 0.911455 0.217885
vt 0.588547 0.217885
vt 0.588545 0.217885
vt 0.902086 0.187004
vt 0.902087 0.187004
vt 0.585383 0.250000
vt 0.585382 0.250000
vt 0.886874 0.158544
vt 0.886875 0.158543
vt 0.588546 0.282115
vt 0.588545 0.282115
vt 0.866402 0.133599
vt 0.866403 0.133598
vt 0.597914 0.312996
vt 0.597913 0.312997
vt 0.841456 0.113126
vt 0.841457 0.113125
vt 0.613126 0.341456
vt 0.613125 0.341457
vt 0.812996 0.097914
vt 0.812997 0.097913
vt 0.750000 0.414617
vt 0.782115 0.411454
vt 0.750000 0.414618
vt 0.782115 0.411455
vt 0.633598 0.366401
vt 0.633598 0.366402
vt 0.782115 0.088546
vt 0.782115 0.088545
vt 0.812996 0.402086
vt 0.812997 0.402087
vt 0.658544 0.386874
vt 0.658547 0.386869
vt 0.658543 0.386875
vt 0.750000 0.085383
vt 0.750000 0.085382
vt 0.841456 0.386874
vt 0.841457 0.386875
vt 0.687004 0.402086
vt 0.687003 0.402087
vt 0.717885 0.088546
vt 0.717885 0.088545
vt 0.866402 0.366402
vt 0.866402 0.366403
vt 0.717885 0.411454
vt 0.717885 0.411455
vt 0.782111 0.411435
vt 0.750000 0.414597
vt 0.781040 0.406051
vt 0.750000 0.409108
vt 0.812989 0.402068
vt 0.810888 0.396997
vt 0.841446 0.386858
vt 0.838396 0.382294
vt 0.866388 0.366388
vt 0.862506 0.362507
vt 0.886858 0.341445
vt 0.882294 0.338396
vt 0.902068 0.312989
vt 0.896997 0.310888
vt 0.911435 0.282111
vt 0.906051 0.281040
vt 0.914598 0.250000
vt 0.909108 0.250000
vt 0.911435 0.217889
vt 0.906051 0.218960
vt 0.902068 0.187011
vt 0.896997 0.189112
vt 0.886858 0.158555
vt 0.882294 0.161604
vt 0.866388 0.133612
vt 0.862506 0.137494
vt 0.841445 0.113142
vt 0.838396 0.117706
vt 0.812989 0.097932
vt 0.810888 0.103003
vt 0.782111 0.088565
vt 0.781040 0.093949
vt 0.750000 0.085403
vt 0.750000 0.090892
vt 0.717889 0.088565
vt 0.718960 0.093949
vt 0.687011 0.097932
vt 0.689112 0.103003
vt 0.658555 0.113142
vt 0.661604 0.117706
vt 0.633612 0.133612
vt 0.637494 0.137494
vt 0.613142 0.158555
vt 0.617706 0.161604
vt 0.597932 0.187011
vt 0.603003 0.189112
vt 0.588565 0.217889
vt 0.593949 0.218960
vt 0.585403 0.250000
vt 0.590892 0.250000
vt 0.588565 0.282111
vt 0.593949 0.281040
vt 0.597932 0.312989
vt 0.603003 0.310888
vt 0.613142 0.341445
vt 0.617706 0.338396
vt 0.633612 0.366388
vt 0.637493 0.362506
vt 0.658555 0.386858
vt 0.661604 0.382294
vt 0.687011 0.402068
vt 0.689112 0.396997
vt 0.717889 0.411435
vt 0.718960 0.406051
vt 0.000000 0.000000
s 1
usemtl 材质.019
f 364/694/322 369/695/323 1128/696/324 1113/697/325
f 369/695/323 374/698/326 1143/699/327 1128/696/324
f 374/698/326 379/700/328 999/701/329 1143/699/327
f 379/700/328 384/702/330 1013/702/331 999/701/329
f 384/702/330 389/703/332 1023/704/333 1013/705/331
f 389/706/332 394/707/334 1033/708/335 1023/704/333
f 394/707/334 399/709/336 1043/709/337 1033/708/335
f 399/709/336 404/710/338 1053/711/339 1043/709/337
f 404/710/338 409/712/340 1063/713/341 1053/711/339
f 409/712/340 414/714/342 1073/714/343 1063/713/341
f 414/714/342 419/715/344 1083/716/345 1073/714/343
f 419/715/344 424/717/346 1093/718/347 1083/716/345
f 424/717/346 429/719/348 1108/719/349 1093/718/347
f 429/719/348 434/720/350 1123/721/351 1108/722/349
f 434/720/350 439/723/352 1138/723/353 1123/721/351
f 439/723/352 444/724/354 994/724/355 1138/723/353
f 444/724/354 449/725/356 1008/726/357 994/724/355
f 449/727/356 454/728/358 1018/728/359 1008/726/357
f 454/728/358 459/729/360 1028/729/361 1018/728/359
f 459/729/360 464/730/362 1038/731/363 1028/732/361
f 464/730/362 469/733/364 1048/733/365 1038/731/363
f 469/733/364 474/734/366 1058/735/367 1048/733/365
f 474/734/366 479/736/368 1068/737/369 1058/738/367
f 479/736/368 484/739/370 1078/740/371 1068/737/369
f 484/739/370 489/741/372 1088/741/373 1078/740/371
f 489/741/372 494/742/374 1103/742/375 1088/741/373
f 494/742/374 499/743/376 1118/744/377 1103/742/375
f 499/743/376 504/745/378 1133/745/379 1118/744/377
f 504/745/378 509/746/380 1148/747/381 1133/745/379
f 533/728/382 543/732/383 1397/729/384 1393/728/385
f 359/748/386 364/694/322 1113/697/325 1098/749/387
f 689/727/388 699/728/389 534/728/390 514/725/391
f 509/750/380 353/751/392 1004/751/393 1148/746/381
f 668/746/394 619/751/395 1314/752/396 1437/753/397
f 694/702/398 704/706/399 539/706/400 524/702/401
f 673/724/402 689/727/388 514/727/391 518/724/403
f 678/701/404 694/702/398 524/702/401 528/700/405
f 699/728/389 709/729/406 544/732/407 534/728/390
f 704/706/399 714/754/408 549/708/409 539/706/400
f 709/729/406 719/730/410 554/730/411 544/732/407
f 714/708/408 724/709/412 559/709/413 549/708/409
f 719/755/410 729/733/414 564/733/415 554/730/411
f 724/709/412 734/711/416 569/711/417 559/709/413
f 729/733/414 739/738/418 574/756/419 564/733/415
f 734/711/416 744/713/420 579/712/421 569/711/417
f 739/757/418 749/736/422 584/736/423 574/756/419
f 744/713/420 754/714/424 589/714/425 579/713/421
f 749/736/422 759/740/426 594/740/427 584/736/423
f 754/714/424 764/758/428 599/759/429 589/714/425
f 759/740/426 769/741/430 604/741/431 594/740/427
f 764/758/428 774/718/432 609/718/433 599/760/429
f 779/761/434 794/697/435 634/697/436 614/761/437
f 769/741/430 784/742/438 624/742/439 604/741/431
f 774/718/432 789/719/440 629/719/441 609/718/433
f 683/751/442 779/761/434 614/761/437 618/752/443
f 784/742/438 799/762/444 639/763/445 624/742/439
f 789/719/440 804/721/446 644/721/447 629/719/441
f 794/697/435 809/696/448 649/695/449 634/697/436
f 799/762/444 814/745/450 654/745/451 639/763/445
f 804/721/446 819/723/452 659/723/453 644/721/447
f 809/696/448 824/699/454 664/699/455 649/764/449
f 814/745/450 829/746/456 669/746/457 654/745/451
f 819/723/452 673/724/402 518/724/403 659/723/453
f 824/699/454 678/701/404 528/700/405 664/699/455
f 829/746/456 683/751/442 618/751/443 669/746/457
f 638/763/458 653/745/459 1433/745/460 1429/765/461
f 543/732/383 553/730/462 1401/730/463 1397/729/384
f 538/706/464 548/754/465 1345/707/466 1341/706/467
f 834/724/468 848/766/469 688/727/470 674/724/471
f 663/699/472 529/700/473 1333/700/474 1329/767/475
f 658/723/476 519/768/477 1385/724/478 1381/769/479
f 653/745/459 668/746/394 1437/770/397 1433/745/460
f 648/695/480 663/699/472 1329/698/475 1325/771/481
f 643/720/482 658/723/476 1381/723/479 1377/720/483
f 613/761/484 633/697/485 1321/694/486 1317/748/487
f 633/697/485 648/695/480 1325/772/481 1321/694/486
f 628/719/488 643/720/482 1377/720/483 1373/722/489
f 1313/773/490 1318/774/491 1322/775/492 1326/776/493 1330/777/494 1334/778/495 1338/779/496 1342/780/497 1346/781/498 1350/782/499 1354/783/500 1358/784/501 1362/785/502 1366/786/503 1370/787/504 1374/788/505 1378/789/506 1382/790/507 1386/791/508 1390/792/509 1394/793/510 1398/794/511 1402/795/512 1406/796/513 1410/797/514 1414/798/515 1418/799/516 1422/800/517 1426/801/518 1430/802/519 1434/803/520 1438/804/521
f 623/742/522 638/763/458 1429/763/461 1425/742/523
f 608/718/524 628/719/488 1373/719/489 1369/717/525
f 603/741/526 623/742/522 1425/742/523 1421/741/527
f 598/715/528 608/718/524 1369/718/525 1365/805/529
f 593/740/530 603/741/526 1421/741/527 1417/739/531
f 588/714/532 598/759/528 1365/759/529 1361/714/533
f 583/736/534 593/740/530 1417/739/531 1413/736/535
f 578/712/536 588/714/532 1361/714/533 1357/806/537
f 573/734/538 583/736/534 1413/736/535 1409/734/539
f 568/711/540 578/713/536 1357/712/537 1353/710/541
f 563/733/542 573/734/538 1409/734/539 1405/733/543
f 558/709/544 568/711/540 1353/710/541 1349/807/545
f 553/731/462 563/733/542 1405/733/543 1401/730/463
f 548/708/465 558/709/544 1349/709/545 1345/754/466
f 529/700/473 523/702/546 1337/702/547 1333/700/474
f 519/724/477 513/725/548 1389/808/549 1385/768/478
f 523/702/546 538/706/464 1341/706/467 1337/702/547
f 513/808/548 533/728/382 1393/728/385 1389/809/549
f 978/723/550 834/724/468 674/724/471 818/723/551
f 983/699/552 839/701/553 679/701/554 823/699/555
f 853/702/556 863/704/557 703/706/558 693/702/559
f 858/728/560 868/729/561 708/732/562 698/728/563
f 863/704/557 873/810/564 713/708/565 703/704/558
f 868/732/561 878/731/566 718/731/567 708/729/562
f 873/810/564 883/811/568 723/709/569 713/708/565
f 878/731/566 888/733/570 728/733/571 718/731/567
f 883/709/568 893/711/572 733/711/573 723/812/569
f 888/733/570 898/735/574 738/738/575 728/813/571
f 893/711/572 903/713/576 743/713/577 733/711/573
f 898/735/574 908/737/578 748/736/579 738/757/575
f 903/713/576 913/714/580 753/714/581 743/713/577
f 908/737/578 918/740/582 758/740/583 748/736/579
f 913/714/580 923/758/584 763/758/585 753/714/581
f 918/740/582 928/814/586 768/741/587 758/740/583
f 923/758/584 933/718/588 773/718/589 763/758/585
f 928/741/586 943/815/590 783/742/591 768/741/587
f 988/747/592 844/751/593 684/751/594 828/747/595
f 933/718/588 948/719/596 788/719/597 773/717/589
f 938/761/598 953/697/599 793/697/600 778/749/601
f 943/742/590 958/762/602 798/763/603 783/815/591
f 948/719/596 963/721/604 803/721/605 788/719/597
f 953/697/599 968/696/606 808/696/607 793/697/600
f 958/763/602 973/745/608 813/745/609 798/762/603
f 963/721/604 978/723/550 818/723/551 803/721/605
f 968/696/606 983/699/552 823/699/555 808/696/607
f 973/745/608 988/816/592 828/746/595 813/745/609
f 1284/723/610 1298/724/611 833/724/612 979/723/613
f 839/701/553 853/702/556 693/702/559 679/700/554
f 844/751/593 938/761/598 778/761/601 684/751/594
f 848/727/469 858/728/560 698/728/563 688/727/470
f 1308/752/614 1244/761/615 939/761/616 843/817/617
f 1303/701/618 1159/702/619 854/702/620 838/701/621
f 1298/724/611 1154/727/622 849/727/623 833/724/612
f 1139/723/624 993/724/625 1299/724/626 1283/723/627
f 1279/745/628 1294/747/629 989/747/630 974/745/631
f 1274/696/632 1289/699/633 984/699/634 969/696/635
f 1269/721/636 1284/769/610 979/723/613 964/721/637
f 1264/763/638 1279/745/628 974/745/631 959/763/639
f 1259/697/640 1274/696/632 969/696/635 954/697/641
f 1254/719/642 1269/721/636 964/721/637 949/719/643
f 1249/742/644 1264/818/638 959/763/639 944/819/645
f 1244/761/615 1259/697/640 954/697/641 939/761/616
f 1239/718/646 1254/719/642 949/719/643 934/718/647
f 1154/727/622 1164/728/648 859/728/649 849/727/623
f 1234/741/650 1249/742/644 944/742/645 929/741/651
f 1229/758/652 1239/718/646 934/718/647 924/758/653
f 1224/740/654 1234/741/650 929/741/651 919/740/655
f 1219/714/656 1229/760/652 924/758/653 914/714/657
f 1214/737/658 1224/740/654 919/740/655 909/737/659
f 1209/713/660 1219/714/656 914/714/657 904/713/661
f 1204/738/662 1214/737/658 909/737/659 899/735/663
f 1199/711/664 1209/713/660 904/713/661 894/711/665
f 1194/733/666 1204/738/662 899/735/663 889/813/667
f 1189/709/668 1199/711/664 894/711/665 884/709/669
f 1184/731/670 1194/733/666 889/733/667 879/731/671
f 1179/810/672 1189/820/668 884/709/669 874/810/673
f 1174/821/674 1184/731/670 879/731/671 869/732/675
f 1169/704/676 1179/810/672 874/810/673 864/704/677
f 1164/728/648 1174/821/674 869/732/675 859/728/649
f 1159/702/619 1169/704/676 864/704/677 854/702/620
f 1294/747/629 1308/752/614 843/752/617 989/750/630
f 1289/699/633 1303/701/618 838/701/621 984/699/634
f 1144/699/678 998/701/679 1304/701/680 1288/698/681
f 1149/747/682 1003/751/683 1309/751/684 1293/747/685
f 1014/702/686 1024/822/687 1168/704/688 1158/823/689
f 1019/728/690 1029/732/691 1173/821/692 1163/728/693
f 1024/704/687 1034/708/694 1178/810/695 1168/822/688
f 1029/732/691 1039/731/696 1183/731/697 1173/821/692
f 1034/708/694 1044/709/698 1188/709/699 1178/810/695
f 1039/731/696 1049/813/700 1193/733/701 1183/731/697
f 1044/709/698 1054/711/702 1198/711/703 1188/811/699
f 1049/733/700 1059/757/704 1203/757/705 1193/733/701
f 1054/711/702 1064/713/706 1208/713/707 1198/711/703
f 1059/757/704 1069/737/708 1213/737/709 1203/757/705
f 1064/713/706 1074/714/710 1218/714/711 1208/713/707
f 1069/737/708 1079/824/712 1223/740/713 1213/737/709
f 1074/714/710 1084/716/714 1228/825/715 1218/714/711
f 1079/740/712 1089/741/716 1233/741/717 1223/740/713
f 1084/826/714 1094/718/718 1238/718/719 1228/758/715
f 1089/741/716 1104/742/720 1248/742/721 1233/827/717
f 1009/726/722 1019/728/690 1163/728/693 1153/727/723
f 1094/718/718 1109/719/724 1253/719/725 1238/717/719
f 1099/761/726 1114/697/727 1258/697/728 1243/761/729
f 1104/742/720 1119/744/730 1263/763/731 1248/742/721
f 1109/719/724 1124/721/732 1268/721/733 1253/719/725
f 1114/697/727 1129/696/734 1273/696/735 1258/697/728
f 1119/744/730 1134/745/736 1278/745/737 1263/763/731
f 1124/721/732 1139/723/624 1283/723/627 1268/721/733
f 1129/696/734 1144/699/678 1288/699/681 1273/771/735
f 1134/745/736 1149/747/682 1293/747/685 1278/745/737
f 993/724/625 1009/828/722 1153/727/723 1299/724/626
f 998/701/679 1014/829/686 1158/702/689 1304/701/680
f 1003/751/683 1099/761/726 1243/761/729 1309/751/684
f 354/830/738 358/831/739 360/832/740 357/833/741
f 357/833/741 360/832/740 361/748/742 356/751/743
f 356/751/743 361/748/742 362/834/744 355/835/745
f 355/835/745 362/834/744 359/761/386 353/751/392
f 358/831/739 363/836/746 365/837/747 360/832/740
f 360/832/740 365/837/747 366/694/748 361/748/742
f 361/748/742 366/694/748 367/838/749 362/834/744
f 362/834/744 367/838/749 364/694/322 359/748/386
f 363/836/746 368/839/750 370/840/751 365/837/747
f 365/837/747 370/840/751 371/695/752 366/694/748
f 366/694/748 371/695/752 372/841/753 367/838/749
f 367/838/749 372/841/753 369/695/323 364/694/322
f 368/842/750 373/843/754 375/844/755 370/840/751
f 370/840/751 375/844/755 376/698/756 371/695/752
f 371/695/752 376/698/756 377/845/757 372/841/753
f 372/841/753 377/845/757 374/698/326 369/695/323
f 373/843/754 378/846/758 380/847/759 375/844/755
f 375/844/755 380/847/759 381/700/760 376/698/756
f 376/698/756 381/700/760 382/848/761 377/845/757
f 377/845/757 382/848/761 379/700/328 374/698/326
f 378/846/758 383/849/762 385/850/763 380/847/759
f 380/847/759 385/850/763 386/702/764 381/700/760
f 381/700/760 386/702/764 387/851/765 382/848/761
f 382/848/761 387/851/765 384/702/330 379/700/328
f 383/852/762 388/853/766 390/854/767 385/850/763
f 385/850/763 390/854/767 391/706/768 386/702/764
f 386/702/764 391/706/768 392/855/769 387/851/765
f 387/851/765 392/855/769 389/703/332 384/702/330
f 388/853/766 393/856/770 395/857/771 390/854/767
f 390/854/767 395/857/771 396/707/772 391/706/768
f 391/706/768 396/707/772 397/858/773 392/855/769
f 392/855/769 397/858/773 394/707/334 389/706/332
f 393/859/770 398/860/774 400/861/775 395/857/771
f 395/857/771 400/861/775 401/709/776 396/707/772
f 396/707/772 401/709/776 402/862/777 397/858/773
f 397/858/773 402/862/777 399/709/336 394/707/334
f 398/863/774 403/864/778 405/865/779 400/861/775
f 400/861/775 405/865/779 406/710/780 401/709/776
f 401/709/776 406/710/780 407/866/781 402/862/777
f 402/862/777 407/866/781 404/710/338 399/709/336
f 403/864/778 408/867/782 410/868/783 405/865/779
f 405/865/779 410/868/783 411/712/784 406/710/780
f 406/710/780 411/712/784 412/869/785 407/866/781
f 407/866/781 412/869/785 409/712/340 404/710/338
f 408/867/782 413/870/786 415/871/787 410/868/783
f 410/868/783 415/871/787 416/714/788 411/712/784
f 411/712/784 416/714/788 417/872/789 412/869/785
f 412/869/785 417/872/789 414/714/342 409/712/340
f 413/873/786 418/874/790 420/875/791 415/871/787
f 415/871/787 420/875/791 421/715/792 416/714/788
f 416/714/788 421/715/792 422/876/793 417/872/789
f 417/872/789 422/876/793 419/715/344 414/714/342
f 418/877/790 423/878/794 425/879/795 420/875/791
f 420/875/791 425/879/795 426/717/796 421/715/792
f 421/715/792 426/717/796 427/880/797 422/876/793
f 422/876/793 427/880/797 424/717/346 419/715/344
f 423/878/794 428/881/798 430/882/799 425/879/795
f 425/879/795 430/882/799 431/719/800 426/717/796
f 426/717/796 431/719/800 432/883/801 427/880/797
f 427/880/797 432/883/801 429/719/348 424/717/346
f 428/884/798 433/885/802 435/886/803 430/882/799
f 430/882/799 435/886/803 436/720/804 431/719/800
f 431/719/800 436/720/804 437/887/805 432/883/801
f 432/883/801 437/887/805 434/720/350 429/719/348
f 433/885/802 438/888/806 440/889/807 435/886/803
f 435/886/803 440/889/807 441/723/808 436/720/804
f 436/720/804 441/723/808 442/890/809 437/887/805
f 437/887/805 442/890/809 439/723/352 434/720/350
f 438/891/806 443/892/810 445/893/811 440/889/807
f 440/889/807 445/893/811 446/768/812 441/723/808
f 441/723/808 446/768/812 447/894/813 442/890/809
f 442/890/809 447/894/813 444/724/354 439/723/352
f 443/892/810 448/895/814 450/896/815 445/893/811
f 445/893/811 450/896/815 451/725/816 446/768/812
f 446/768/812 451/725/816 452/897/817 447/894/813
f 447/894/813 452/897/817 449/725/356 444/724/354
f 448/898/814 453/899/818 455/900/819 450/896/815
f 450/896/815 455/900/819 456/728/820 451/725/816
f 451/725/816 456/728/820 457/901/821 452/897/817
f 452/897/817 457/901/821 454/728/358 449/727/356
f 453/902/818 458/903/822 460/904/823 455/900/819
f 455/900/819 460/904/823 461/729/824 456/728/820
f 456/728/820 461/729/824 462/905/825 457/901/821
f 457/901/821 462/905/825 459/729/360 454/728/358
f 458/903/822 463/906/826 465/907/827 460/904/823
f 460/904/823 465/907/827 466/730/828 461/729/824
f 461/729/824 466/730/828 467/908/829 462/905/825
f 462/905/825 467/908/829 464/730/362 459/729/360
f 463/906/826 468/909/830 470/910/831 465/907/827
f 465/907/827 470/910/831 471/733/832 466/730/828
f 466/730/828 471/733/832 472/911/833 467/908/829
f 467/908/829 472/911/833 469/733/364 464/730/362
f 468/909/830 473/912/834 475/913/835 470/910/831
f 470/910/831 475/913/835 476/734/836 471/733/832
f 471/733/832 476/734/836 477/914/837 472/911/833
f 472/911/833 477/914/837 474/734/366 469/733/364
f 473/915/834 478/916/838 480/917/839 475/913/835
f 475/913/835 480/917/839 481/736/840 476/734/836
f 476/734/836 481/736/840 482/918/841 477/914/837
f 477/914/837 482/918/841 479/736/368 474/734/366
f 478/919/838 483/920/842 485/921/843 480/917/839
f 480/917/839 485/921/843 486/739/844 481/736/840
f 481/736/840 486/739/844 487/922/845 482/918/841
f 482/918/841 487/922/845 484/739/370 479/736/368
f 483/920/842 488/923/846 490/924/847 485/921/843
f 485/921/843 490/924/847 491/741/848 486/739/844
f 486/739/844 491/741/848 492/925/849 487/922/845
f 487/922/845 492/925/849 489/741/372 484/739/370
f 488/926/846 493/927/850 495/928/851 490/924/847
f 490/924/847 495/928/851 496/742/852 491/741/848
f 491/741/848 496/742/852 497/929/853 492/925/849
f 492/925/849 497/929/853 494/742/374 489/741/372
f 493/927/850 498/930/854 500/931/855 495/928/851
f 495/928/851 500/931/855 501/765/856 496/742/852
f 496/742/852 501/765/856 502/932/857 497/929/853
f 497/929/853 502/932/857 499/743/376 494/742/374
f 498/933/854 503/934/858 505/935/859 500/931/855
f 500/931/855 505/935/859 506/745/860 501/765/856
f 501/765/856 506/745/860 507/936/861 502/932/857
f 502/932/857 507/936/861 504/745/378 499/743/376
f 503/937/858 508/938/862 510/939/863 505/935/859
f 505/935/859 510/939/863 511/770/864 506/745/860
f 506/745/860 511/770/864 512/940/865 507/936/861
f 507/936/861 512/940/865 509/746/380 504/745/378
f 508/938/862 354/941/738 357/833/741 510/939/863
f 510/939/863 357/833/741 356/751/743 511/770/864
f 511/770/864 356/751/743 355/835/745 512/940/865
f 512/940/865 355/835/745 353/751/392 509/750/380
f 619/751/395 668/746/394 670/942/866 622/943/867
f 622/943/867 670/942/866 671/944/868 621/945/869
f 621/945/869 671/944/868 672/946/870 620/947/871
f 620/947/871 672/946/870 669/746/457 618/751/443
f 529/700/473 663/699/472 665/948/872 532/949/873
f 532/949/873 665/948/872 666/950/874 531/951/875
f 531/951/875 666/950/874 667/952/876 530/953/877
f 530/953/877 667/952/876 664/699/455 528/700/405
f 519/768/477 658/723/476 660/954/878 522/955/879
f 522/955/879 660/954/878 661/956/880 521/957/881
f 521/957/881 661/956/880 662/958/882 520/959/883
f 520/959/883 662/958/882 659/723/453 518/724/403
f 668/746/394 653/745/459 655/960/884 670/942/866
f 670/942/866 655/960/884 656/961/885 671/944/868
f 671/944/868 656/961/885 657/962/886 672/946/870
f 672/946/870 657/962/886 654/745/451 669/746/457
f 663/699/472 648/695/480 650/963/887 665/948/872
f 665/948/872 650/963/887 651/964/888 666/950/874
f 666/950/874 651/964/888 652/965/889 667/952/876
f 667/952/876 652/965/889 649/764/449 664/699/455
f 658/723/476 643/720/482 645/966/890 660/954/878
f 660/954/878 645/966/890 646/967/891 661/956/880
f 661/956/880 646/967/891 647/968/892 662/958/882
f 662/958/882 647/968/892 644/721/447 659/723/453
f 653/745/459 638/763/458 640/969/893 655/960/884
f 655/960/884 640/969/893 641/970/894 656/961/885
f 656/961/885 641/970/894 642/971/895 657/962/886
f 657/962/886 642/971/895 639/763/445 654/745/451
f 648/695/480 633/697/485 635/972/896 650/963/887
f 650/963/887 635/972/896 636/973/897 651/964/888
f 651/964/888 636/973/897 637/974/898 652/965/889
f 652/965/889 637/974/898 634/697/436 649/695/449
f 643/720/482 628/719/488 630/975/899 645/966/890
f 645/966/890 630/975/899 631/976/900 646/967/891
f 646/967/891 631/976/900 632/977/901 647/968/892
f 647/968/892 632/977/901 629/719/441 644/721/447
f 638/763/458 623/742/522 625/978/902 640/969/893
f 640/969/893 625/978/902 626/979/903 641/970/894
f 641/970/894 626/979/903 627/980/904 642/971/895
f 642/971/895 627/980/904 624/742/439 639/763/445
f 633/697/485 613/761/484 615/981/905 635/972/896
f 635/972/896 615/981/905 616/982/906 636/973/897
f 636/973/897 616/982/906 617/983/907 637/974/898
f 637/974/898 617/983/907 614/761/437 634/697/436
f 628/719/488 608/718/524 610/984/908 630/975/899
f 630/975/899 610/984/908 611/985/909 631/976/900
f 631/976/900 611/985/909 612/986/910 632/977/901
f 632/977/901 612/986/910 609/718/433 629/719/441
f 623/742/522 603/741/526 605/987/911 625/978/902
f 625/978/902 605/987/911 606/988/912 626/979/903
f 626/979/903 606/988/912 607/989/913 627/980/904
f 627/980/904 607/989/913 604/741/431 624/742/439
f 613/761/484 619/751/395 622/943/867 615/981/905
f 615/981/905 622/943/867 621/945/869 616/982/906
f 616/982/906 621/945/869 620/947/871 617/983/907
f 617/983/907 620/947/871 618/752/443 614/761/437
f 608/718/524 598/715/528 600/990/914 610/984/908
f 610/984/908 600/990/914 601/991/915 611/985/909
f 611/985/909 601/991/915 602/992/916 612/986/910
f 612/986/910 602/992/916 599/760/429 609/718/433
f 603/741/526 593/740/530 595/993/917 605/987/911
f 605/987/911 595/993/917 596/994/918 606/988/912
f 606/988/912 596/994/918 597/995/919 607/989/913
f 607/989/913 597/995/919 594/740/427 604/741/431
f 598/759/528 588/714/532 590/996/920 600/990/914
f 600/990/914 590/996/920 591/997/921 601/991/915
f 601/991/915 591/997/921 592/998/922 602/992/916
f 602/992/916 592/998/922 589/714/425 599/759/429
f 593/740/530 583/736/534 585/999/923 595/993/917
f 595/993/917 585/999/923 586/1000/924 596/994/918
f 596/994/918 586/1000/924 587/1001/925 597/995/919
f 597/995/919 587/1001/925 584/736/423 594/740/427
f 588/714/532 578/712/536 580/1002/926 590/996/920
f 590/996/920 580/1002/926 581/1003/927 591/997/921
f 591/997/921 581/1003/927 582/1004/928 592/998/922
f 592/998/922 582/1004/928 579/713/421 589/714/425
f 583/736/534 573/734/538 575/1005/929 585/999/923
f 585/999/923 575/1005/929 576/1006/930 586/1000/924
f 586/1000/924 576/1006/930 577/1007/931 587/1001/925
f 587/1001/925 577/1007/931 574/756/419 584/736/423
f 578/713/536 568/711/540 570/1008/932 580/1002/926
f 580/1002/926 570/1008/932 571/1009/933 581/1003/927
f 581/1003/927 571/1009/933 572/1010/934 582/1004/928
f 582/1004/928 572/1010/934 569/711/417 579/712/421
f 573/734/538 563/733/542 565/1011/935 575/1005/929
f 575/1005/929 565/1011/935 566/1012/936 576/1006/930
f 576/1006/930 566/1012/936 567/1013/937 577/1007/931
f 577/1007/931 567/1013/937 564/733/415 574/756/419
f 568/711/540 558/709/544 560/1014/938 570/1008/932
f 570/1008/932 560/1014/938 561/1015/939 571/1009/933
f 571/1009/933 561/1015/939 562/1016/940 572/1010/934
f 572/1010/934 562/1016/940 559/709/413 569/711/417
f 563/733/542 553/731/462 555/1017/941 565/1011/935
f 565/1011/935 555/1017/941 556/1018/942 566/1012/936
f 566/1012/936 556/1018/942 557/1019/943 567/1013/937
f 567/1013/937 557/1019/943 554/730/411 564/733/415
f 558/709/544 548/708/465 550/1020/944 560/1014/938
f 560/1014/938 550/1020/944 551/1021/945 561/1015/939
f 561/1015/939 551/1021/945 552/1022/946 562/1016/940
f 562/1016/940 552/1022/946 549/708/409 559/709/413
f 553/730/462 543/732/383 545/1023/947 555/1017/941
f 555/1017/941 545/1023/947 546/1024/948 556/1018/942
f 556/1018/942 546/1024/948 547/1025/949 557/1019/943
f 557/1019/943 547/1025/949 544/732/407 554/730/411
f 548/754/465 538/706/464 540/1026/950 550/1020/944
f 550/1020/944 540/1026/950 541/1027/951 551/1021/945
f 551/1021/945 541/1027/951 542/1028/952 552/1022/946
f 552/1022/946 542/1028/952 539/706/400 549/708/409
f 543/732/383 533/728/382 535/1029/953 545/1023/947
f 545/1023/947 535/1029/953 536/1030/954 546/1024/948
f 546/1024/948 536/1030/954 537/1031/955 547/1025/949
f 547/1025/949 537/1031/955 534/728/390 544/732/407
f 538/706/464 523/702/546 525/1032/956 540/1026/950
f 540/1026/950 525/1032/956 526/1033/957 541/1027/951
f 541/1027/951 526/1033/957 527/1034/958 542/1028/952
f 542/1028/952 527/1034/958 524/702/401 539/706/400
f 533/728/382 513/808/548 515/1035/959 535/1029/953
f 535/1029/953 515/1035/959 516/1036/960 536/1030/954
f 536/1030/954 516/1036/960 517/1037/961 537/1031/955
f 537/1031/955 517/1037/961 514/725/391 534/728/390
f 523/702/546 529/700/473 532/949/873 525/1032/956
f 525/1032/956 532/949/873 531/951/875 526/1033/957
f 526/1033/957 531/951/875 530/953/877 527/1034/958
f 527/1034/958 530/953/877 528/700/405 524/702/401
f 513/725/548 519/724/477 522/955/879 515/1035/959
f 515/1035/959 522/955/879 521/957/881 516/1036/960
f 516/1036/960 521/957/881 520/959/883 517/1037/961
f 517/1037/961 520/959/883 518/724/403 514/727/391
f 689/727/388 673/724/402 675/1038/962 692/1039/963
f 692/1039/963 675/1038/962 676/724/964 691/727/965
f 691/727/965 676/724/964 677/1040/966 690/1041/967
f 690/1041/967 677/1040/966 674/724/471 688/727/470
f 694/702/398 678/701/404 680/1042/968 697/1043/969
f 697/1043/969 680/1042/968 681/701/970 696/702/971
f 696/702/971 681/701/970 682/1044/972 695/1045/973
f 695/1045/973 682/1044/972 679/700/554 693/702/559
f 699/728/389 689/727/388 692/1039/963 702/1046/974
f 702/1046/974 692/1039/963 691/727/965 701/728/975
f 701/728/975 691/727/965 690/1041/967 700/1047/976
f 700/1047/976 690/1041/967 688/727/470 698/728/563
f 704/706/399 694/702/398 697/1043/969 707/1048/977
f 707/1048/977 697/1043/969 696/702/971 706/706/978
f 706/706/978 696/702/971 695/1045/973 705/1049/979
f 705/1049/979 695/1045/973 693/702/559 703/706/558
f 709/729/406 699/728/389 702/1046/974 712/1050/980
f 712/1050/980 702/1046/974 701/728/975 711/729/981
f 711/729/981 701/728/975 700/1047/976 710/1051/982
f 710/1051/982 700/1047/976 698/728/563 708/732/562
f 714/754/408 704/706/399 707/1048/977 717/1052/983
f 717/1052/983 707/1048/977 706/706/978 716/708/984
f 716/708/984 706/706/978 705/1049/979 715/1053/985
f 715/1053/985 705/1049/979 703/704/558 713/708/565
f 719/730/410 709/729/406 712/1050/980 722/1054/986
f 722/1054/986 712/1050/980 711/729/981 721/730/987
f 721/730/987 711/729/981 710/1051/982 720/1055/988
f 720/1055/988 710/1051/982 708/729/562 718/731/567
f 724/709/412 714/708/408 717/1052/983 727/1056/989
f 727/1056/989 717/1052/983 716/708/984 726/709/990
f 726/709/990 716/708/984 715/1053/985 725/1057/991
f 725/1057/991 715/1053/985 713/708/565 723/709/569
f 729/733/414 719/755/410 722/1054/986 732/1058/992
f 732/1058/992 722/1054/986 721/730/987 731/733/993
f 731/733/993 721/730/987 720/1055/988 730/1059/994
f 730/1059/994 720/1055/988 718/731/567 728/733/571
f 734/711/416 724/709/412 727/1056/989 737/1060/995
f 737/1060/995 727/1056/989 726/709/990 736/711/996
f 736/711/996 726/709/990 725/1057/991 735/1061/997
f 735/1061/997 725/1057/991 723/812/569 733/711/573
f 739/738/418 729/733/414 732/1058/992 742/1062/998
f 742/1062/998 732/1058/992 731/733/993 741/738/999
f 741/738/999 731/733/993 730/1059/994 740/1063/1000
f 740/1063/1000 730/1059/994 728/813/571 738/738/575
f 744/713/420 734/711/416 737/1060/995 747/1064/1001
f 747/1064/1001 737/1060/995 736/711/996 746/713/1002
f 746/713/1002 736/711/996 735/1061/997 745/1065/1003
f 745/1065/1003 735/1061/997 733/711/573 743/713/577
f 749/736/422 739/757/418 742/1062/998 752/1066/1004
f 752/1066/1004 742/1062/998 741/738/999 751/736/1005
f 751/736/1005 741/738/999 740/1063/1000 750/1067/1006
f 750/1067/1006 740/1063/1000 738/757/575 748/736/579
f 754/714/424 744/713/420 747/1064/1001 757/1068/1007
f 757/1068/1007 747/1064/1001 746/713/1002 756/714/1008
f 756/714/1008 746/713/1002 745/1065/1003 755/1069/1009
f 755/1069/1009 745/1065/1003 743/713/577 753/714/581
f 759/740/426 749/736/422 752/1066/1004 762/1070/1010
f 762/1070/1010 752/1066/1004 751/736/1005 761/740/1011
f 761/740/1011 751/736/1005 750/1067/1006 760/1071/1012
f 760/1071/1012 750/1067/1006 748/736/579 758/740/583
f 764/758/428 754/714/424 757/1068/1007 767/1072/1013
f 767/1072/1013 757/1068/1007 756/714/1008 766/758/1014
f 766/758/1014 756/714/1008 755/1069/1009 765/1073/1015
f 765/1073/1015 755/1069/1009 753/714/581 763/758/585
f 769/741/430 759/740/426 762/1070/1010 772/1074/1016
f 772/1074/1016 762/1070/1010 761/740/1011 771/741/1017
f 771/741/1017 761/740/1011 760/1071/1012 770/1075/1018
f 770/1075/1018 760/1071/1012 758/740/583 768/741/587
f 774/718/432 764/758/428 767/1072/1013 777/1076/1019
f 777/1076/1019 767/1072/1013 766/758/1014 776/718/1020
f 776/718/1020 766/758/1014 765/1073/1015 775/1077/1021
f 775/1077/1021 765/1073/1015 763/758/585 773/718/589
f 779/761/434 683/751/442 685/1078/1022 782/1079/1023
f 782/1079/1023 685/1078/1022 686/751/1024 781/761/1025
f 781/761/1025 686/751/1024 687/1080/1026 780/1081/1027
f 780/1081/1027 687/1080/1026 684/751/594 778/761/601
f 784/742/438 769/741/430 772/1074/1016 787/1082/1028
f 787/1082/1028 772/1074/1016 771/741/1017 786/742/1029
f 786/742/1029 771/741/1017 770/1075/1018 785/1083/1030
f 785/1083/1030 770/1075/1018 768/741/587 783/742/591
f 789/719/440 774/718/432 777/1076/1019 792/1084/1031
f 792/1084/1031 777/1076/1019 776/718/1020 791/719/1032
f 791/719/1032 776/718/1020 775/1077/1021 790/1085/1033
f 790/1085/1033 775/1077/1021 773/717/589 788/719/597
f 794/697/435 779/761/434 782/1079/1023 797/1086/1034
f 797/1086/1034 782/1079/1023 781/761/1025 796/697/1035
f 796/697/1035 781/761/1025 780/1081/1027 795/1087/1036
f 795/1087/1036 780/1081/1027 778/749/601 793/697/600
f 799/762/444 784/742/438 787/1082/1028 802/1088/1037
f 802/1088/1037 787/1082/1028 786/742/1029 801/762/1038
f 801/762/1038 786/742/1029 785/1083/1030 800/1089/1039
f 800/1089/1039 785/1083/1030 783/815/591 798/763/603
f 804/721/446 789/719/440 792/1084/1031 807/1090/1040
f 807/1090/1040 792/1084/1031 791/719/1032 806/721/1041
f 806/721/1041 791/719/1032 790/1085/1033 805/1091/1042
f 805/1091/1042 790/1085/1033 788/719/597 803/721/605
f 809/696/448 794/697/435 797/1086/1034 812/1092/1043
f 812/1092/1043 797/1086/1034 796/697/1035 811/696/1044
f 811/696/1044 796/697/1035 795/1087/1036 810/1093/1045
f 810/1093/1045 795/1087/1036 793/697/600 808/696/607
f 814/745/450 799/762/444 802/1088/1037 817/1094/1046
f 817/1094/1046 802/1088/1037 801/762/1038 816/745/1047
f 816/745/1047 801/762/1038 800/1089/1039 815/1095/1048
f 815/1095/1048 800/1089/1039 798/762/603 813/745/609
f 819/723/452 804/721/446 807/1090/1040 822/1096/1049
f 822/1096/1049 807/1090/1040 806/721/1041 821/723/1050
f 821/723/1050 806/721/1041 805/1091/1042 820/1097/1051
f 820/1097/1051 805/1091/1042 803/721/605 818/723/551
f 824/699/454 809/696/448 812/1092/1043 827/1098/1052
f 827/1098/1052 812/1092/1043 811/696/1044 826/699/1053
f 826/699/1053 811/696/1044 810/1093/1045 825/1099/1054
f 825/1099/1054 810/1093/1045 808/696/607 823/699/555
f 829/746/456 814/745/450 817/1094/1046 832/1100/1055
f 832/1100/1055 817/1094/1046 816/745/1047 831/746/1056
f 831/746/1056 816/745/1047 815/1095/1048 830/1101/1057
f 830/1101/1057 815/1095/1048 813/745/609 828/746/595
f 673/724/402 819/723/452 822/1096/1049 675/1038/962
f 675/1038/962 822/1096/1049 821/723/1050 676/724/964
f 676/724/964 821/723/1050 820/1097/1051 677/1040/966
f 677/1040/966 820/1097/1051 818/723/551 674/724/471
f 678/701/404 824/699/454 827/1098/1052 680/1042/968
f 680/1042/968 827/1098/1052 826/699/1053 681/701/970
f 681/701/970 826/699/1053 825/1099/1054 682/1044/972
f 682/1044/972 825/1099/1054 823/699/555 679/701/554
f 683/751/442 829/746/456 832/1100/1055 685/1078/1022
f 685/1078/1022 832/1100/1055 831/746/1056 686/751/1024
f 686/751/1024 831/746/1056 830/1101/1057 687/1080/1026
f 687/1080/1026 830/1101/1057 828/747/595 684/751/594
f 844/751/593 988/747/592 990/1102/1058 847/1103/1059
f 847/1103/1059 990/1102/1058 991/1104/1060 846/1105/1061
f 846/1105/1061 991/1104/1060 992/1106/1062 845/1107/1063
f 845/1107/1063 992/1106/1062 989/750/630 843/752/617
f 839/701/553 983/699/552 985/1108/1064 842/1109/1065
f 842/1109/1065 985/1108/1064 986/1110/1066 841/1111/1067
f 841/1111/1067 986/1110/1066 987/1112/1068 840/1113/1069
f 840/1113/1069 987/1112/1068 984/699/634 838/701/621
f 834/724/468 978/723/550 980/1114/1070 837/1115/1071
f 837/1115/1071 980/1114/1070 981/1116/1072 836/1117/1073
f 836/1117/1073 981/1116/1072 982/1118/1074 835/1119/1075
f 835/1119/1075 982/1118/1074 979/723/613 833/724/612
f 988/816/592 973/745/608 975/1120/1076 990/1102/1058
f 990/1102/1058 975/1120/1076 976/1121/1077 991/1104/1060
f 991/1104/1060 976/1121/1077 977/1122/1078 992/1106/1062
f 992/1106/1062 977/1122/1078 974/745/631 989/747/630
f 983/699/552 968/696/606 970/1123/1079 985/1108/1064
f 985/1108/1064 970/1123/1079 971/1124/1080 986/1110/1066
f 986/1110/1066 971/1124/1080 972/1125/1081 987/1112/1068
f 987/1112/1068 972/1125/1081 969/696/635 984/699/634
f 978/723/550 963/721/604 965/1126/1082 980/1114/1070
f 980/1114/1070 965/1126/1082 966/1127/1083 981/1116/1072
f 981/1116/1072 966/1127/1083 967/1128/1084 982/1118/1074
f 982/1118/1074 967/1128/1084 964/721/637 979/723/613
f 973/745/608 958/763/602 960/1129/1085 975/1120/1076
f 975/1120/1076 960/1129/1085 961/1130/1086 976/1121/1077
f 976/1121/1077 961/1130/1086 962/1131/1087 977/1122/1078
f 977/1122/1078 962/1131/1087 959/763/639 974/745/631
f 968/696/606 953/697/599 955/1132/1088 970/1123/1079
f 970/1123/1079 955/1132/1088 956/1133/1089 971/1124/1080
f 971/1124/1080 956/1133/1089 957/1134/1090 972/1125/1081
f 972/1125/1081 957/1134/1090 954/697/641 969/696/635
f 963/721/604 948/719/596 950/1135/1091 965/1126/1082
f 965/1126/1082 950/1135/1091 951/1136/1092 966/1127/1083
f 966/1127/1083 951/1136/1092 952/1137/1093 967/1128/1084
f 967/1128/1084 952/1137/1093 949/719/643 964/721/637
f 958/762/602 943/742/590 945/1138/1094 960/1129/1085
f 960/1129/1085 945/1138/1094 946/1139/1095 961/1130/1086
f 961/1130/1086 946/1139/1095 947/1140/1096 962/1131/1087
f 962/1131/1087 947/1140/1096 944/819/645 959/763/639
f 953/697/599 938/761/598 940/1141/1097 955/1132/1088
f 955/1132/1088 940/1141/1097 941/1142/1098 956/1133/1089
f 956/1133/1089 941/1142/1098 942/1143/1099 957/1134/1090
f 957/1134/1090 942/1143/1099 939/761/616 954/697/641
f 948/719/596 933/718/588 935/1144/1100 950/1135/1091
f 950/1135/1091 935/1144/1100 936/1145/1101 951/1136/1092
f 951/1136/1092 936/1145/1101 937/1146/1102 952/1137/1093
f 952/1137/1093 937/1146/1102 934/718/647 949/719/643
f 943/815/590 928/741/586 930/1147/1103 945/1138/1094
f 945/1138/1094 930/1147/1103 931/1148/1104 946/1139/1095
f 946/1139/1095 931/1148/1104 932/1149/1105 947/1140/1096
f 947/1140/1096 932/1149/1105 929/741/651 944/742/645
f 938/761/598 844/751/593 847/1103/1059 940/1141/1097
f 940/1141/1097 847/1103/1059 846/1105/1061 941/1142/1098
f 941/1142/1098 846/1105/1061 845/1107/1063 942/1143/1099
f 942/1143/1099 845/1107/1063 843/817/617 939/761/616
f 933/718/588 923/758/584 925/1150/1106 935/1144/1100
f 935/1144/1100 925/1150/1106 926/1151/1107 936/1145/1101
f 936/1145/1101 926/1151/1107 927/1152/1108 937/1146/1102
f 937/1146/1102 927/1152/1108 924/758/653 934/718/647
f 928/814/586 918/740/582 920/1153/1109 930/1147/1103
f 930/1147/1103 920/1153/1109 921/1154/1110 931/1148/1104
f 931/1148/1104 921/1154/1110 922/1155/1111 932/1149/1105
f 932/1149/1105 922/1155/1111 919/740/655 929/741/651
f 923/758/584 913/714/580 915/1156/1112 925/1150/1106
f 925/1150/1106 915/1156/1112 916/1157/1113 926/1151/1107
f 926/1151/1107 916/1157/1113 917/1158/1114 927/1152/1108
f 927/1152/1108 917/1158/1114 914/714/657 924/758/653
f 918/740/582 908/737/578 910/1159/1115 920/1153/1109
f 920/1153/1109 910/1159/1115 911/1160/1116 921/1154/1110
f 921/1154/1110 911/1160/1116 912/1161/1117 922/1155/1111
f 922/1155/1111 912/1161/1117 909/737/659 919/740/655
f 913/714/580 903/713/576 905/1162/1118 915/1156/1112
f 915/1156/1112 905/1162/1118 906/1163/1119 916/1157/1113
f 916/1157/1113 906/1163/1119 907/1164/1120 917/1158/1114
f 917/1158/1114 907/1164/1120 904/713/661 914/714/657
f 908/737/578 898/735/574 900/1165/1121 910/1159/1115
f 910/1159/1115 900/1165/1121 901/1166/1122 911/1160/1116
f 911/1160/1116 901/1166/1122 902/1167/1123 912/1161/1117
f 912/1161/1117 902/1167/1123 899/735/663 909/737/659
f 903/713/576 893/711/572 895/1168/1124 905/1162/1118
f 905/1162/1118 895/1168/1124 896/1169/1125 906/1163/1119
f 906/1163/1119 896/1169/1125 897/1170/1126 907/1164/1120
f 907/1164/1120 897/1170/1126 894/711/665 904/713/661
f 898/735/574 888/733/570 890/1171/1127 900/1165/1121
f 900/1165/1121 890/1171/1127 891/1172/1128 901/1166/1122
f 901/1166/1122 891/1172/1128 892/1173/1129 902/1167/1123
f 902/1167/1123 892/1173/1129 889/813/667 899/735/663
f 893/711/572 883/709/568 885/1174/1130 895/1168/1124
f 895/1168/1124 885/1174/1130 886/1175/1131 896/1169/1125
f 896/1169/1125 886/1175/1131 887/1176/1132 897/1170/1126
f 897/1170/1126 887/1176/1132 884/709/669 894/711/665
f 888/733/570 878/731/566 880/1177/1133 890/1171/1127
f 890/1171/1127 880/1177/1133 881/1178/1134 891/1172/1128
f 891/1172/1128 881/1178/1134 882/1179/1135 892/1173/1129
f 892/1173/1129 882/1179/1135 879/731/671 889/733/667
f 883/811/568 873/810/564 875/1180/1136 885/1174/1130
f 885/1174/1130 875/1180/1136 876/1181/1137 886/1175/1131
f 886/1175/1131 876/1181/1137 877/1182/1138 887/1176/1132
f 887/1176/1132 877/1182/1138 874/810/673 884/709/669
f 878/731/566 868/732/561 870/1183/1139 880/1177/1133
f 880/1177/1133 870/1183/1139 871/1184/1140 881/1178/1134
f 881/1178/1134 871/1184/1140 872/1185/1141 882/1179/1135
f 882/1179/1135 872/1185/1141 869/732/675 879/731/671
f 873/810/564 863/704/557 865/1186/1142 875/1180/1136
f 875/1180/1136 865/1186/1142 866/1187/1143 876/1181/1137
f 876/1181/1137 866/1187/1143 867/1188/1144 877/1182/1138
f 877/1182/1138 867/1188/1144 864/704/677 874/810/673
f 868/729/561 858/728/560 860/1189/1145 870/1183/1139
f 870/1183/1139 860/1189/1145 861/1190/1146 871/1184/1140
f 871/1184/1140 861/1190/1146 862/1191/1147 872/1185/1141
f 872/1185/1141 862/1191/1147 859/728/649 869/732/675
f 863/704/557 853/702/556 855/1192/1148 865/1186/1142
f 865/1186/1142 855/1192/1148 856/1193/1149 866/1187/1143
f 866/1187/1143 856/1193/1149 857/1194/1150 867/1188/1144
f 867/1188/1144 857/1194/1150 854/702/620 864/704/677
f 858/728/560 848/727/469 850/1195/1151 860/1189/1145
f 860/1189/1145 850/1195/1151 851/1196/1152 861/1190/1146
f 861/1190/1146 851/1196/1152 852/1197/1153 862/1191/1147
f 862/1191/1147 852/1197/1153 849/727/623 859/728/649
f 853/702/556 839/701/553 842/1109/1065 855/1192/1148
f 855/1192/1148 842/1109/1065 841/1111/1067 856/1193/1149
f 856/1193/1149 841/1111/1067 840/1113/1069 857/1194/1150
f 857/1194/1150 840/1113/1069 838/701/621 854/702/620
f 848/766/469 834/724/468 837/1115/1071 850/1195/1151
f 850/1195/1151 837/1115/1071 836/1117/1073 851/1196/1152
f 851/1196/1152 836/1117/1073 835/1119/1075 852/1197/1153
f 852/1197/1153 835/1119/1075 833/724/612 849/727/623
f 1009/828/722 993/724/625 995/1198/1154 1012/1199/1155
f 1012/1199/1155 995/1198/1154 996/1200/1156 1011/1201/1157
f 1011/1201/1157 996/1200/1156 997/1202/1158 1010/1203/1159
f 1010/1203/1159 997/1202/1158 994/724/355 1008/726/357
f 1014/829/686 998/701/679 1000/1204/1160 1017/1205/1161
f 1017/1205/1161 1000/1204/1160 1001/1206/1162 1016/1207/1163
f 1016/1207/1163 1001/1206/1162 1002/1208/1164 1015/1209/1165
f 1015/1209/1165 1002/1208/1164 999/701/329 1013/702/331
f 1019/728/690 1009/726/722 1012/1199/1155 1022/1210/1166
f 1022/1210/1166 1012/1199/1155 1011/1201/1157 1021/1211/1167
f 1021/1211/1167 1011/1201/1157 1010/1203/1159 1020/1212/1168
f 1020/1212/1168 1010/1203/1159 1008/726/357 1018/728/359
f 1024/822/687 1014/702/686 1017/1205/1161 1027/1213/1169
f 1027/1213/1169 1017/1205/1161 1016/1207/1163 1026/1214/1170
f 1026/1214/1170 1016/1207/1163 1015/1209/1165 1025/1215/1171
f 1025/1215/1171 1015/1209/1165 1013/705/331 1023/704/333
f 1029/732/691 1019/728/690 1022/1210/1166 1032/1216/1172
f 1032/1216/1172 1022/1210/1166 1021/1211/1167 1031/1217/1173
f 1031/1217/1173 1021/1211/1167 1020/1212/1168 1030/1218/1174
f 1030/1218/1174 1020/1212/1168 1018/728/359 1028/729/361
f 1034/708/694 1024/704/687 1027/1213/1169 1037/1022/1175
f 1037/1022/1175 1027/1213/1169 1026/1214/1170 1036/1219/1176
f 1036/1219/1176 1026/1214/1170 1025/1215/1171 1035/1182/1177
f 1035/1182/1177 1025/1215/1171 1023/704/333 1033/708/335
f 1039/731/696 1029/732/691 1032/1216/1172 1042/1220/1178
f 1042/1220/1178 1032/1216/1172 1031/1217/1173 1041/1221/1179
f 1041/1221/1179 1031/1217/1173 1030/1218/1174 1040/1222/1180
f 1040/1222/1180 1030/1218/1174 1028/732/361 1038/731/363
f 1044/709/698 1034/708/694 1037/1022/1175 1047/1223/1181
f 1047/1223/1181 1037/1022/1175 1036/1219/1176 1046/1224/1182
f 1046/1224/1182 1036/1219/1176 1035/1182/1177 1045/1225/1183
f 1045/1225/1183 1035/1182/1177 1033/708/335 1043/709/337
f 1049/813/700 1039/731/696 1042/1220/1178 1052/1013/1184
f 1052/1013/1184 1042/1220/1178 1041/1221/1179 1051/1226/1185
f 1051/1226/1185 1041/1221/1179 1040/1222/1180 1050/1227/1186
f 1050/1227/1186 1040/1222/1180 1038/731/363 1048/733/365
f 1054/711/702 1044/709/698 1047/1223/1181 1057/1228/1187
f 1057/1228/1187 1047/1223/1181 1046/1224/1182 1056/1229/1188
f 1056/1229/1188 1046/1224/1182 1045/1225/1183 1055/1230/1189
f 1055/1230/1189 1045/1225/1183 1043/709/337 1053/711/339
f 1059/757/704 1049/733/700 1052/1013/1184 1062/1231/1190
f 1062/1231/1190 1052/1013/1184 1051/1226/1185 1061/1232/1191
f 1061/1232/1191 1051/1226/1185 1050/1227/1186 1060/1233/1192
f 1060/1233/1192 1050/1227/1186 1048/733/365 1058/735/367
f 1064/713/706 1054/711/702 1057/1228/1187 1067/1234/1193
f 1067/1234/1193 1057/1228/1187 1056/1229/1188 1066/1235/1194
f 1066/1235/1194 1056/1229/1188 1055/1230/1189 1065/1236/1195
f 1065/1236/1195 1055/1230/1189 1053/711/339 1063/713/341
f 1069/737/708 1059/757/704 1062/1231/1190 1072/1237/1196
f 1072/1237/1196 1062/1231/1190 1061/1232/1191 1071/1238/1197
f 1071/1238/1197 1061/1232/1191 1060/1233/1192 1070/1239/1198
f 1070/1239/1198 1060/1233/1192 1058/738/367 1068/737/369
f 1074/714/710 1064/713/706 1067/1234/1193 1077/1240/1199
f 1077/1240/1199 1067/1234/1193 1066/1235/1194 1076/1241/1200
f 1076/1241/1200 1066/1235/1194 1065/1236/1195 1075/1242/1201
f 1075/1242/1201 1065/1236/1195 1063/713/341 1073/714/343
f 1079/824/712 1069/737/708 1072/1237/1196 1082/995/1202
f 1082/995/1202 1072/1237/1196 1071/1238/1197 1081/1243/1203
f 1081/1243/1203 1071/1238/1197 1070/1239/1198 1080/1244/1204
f 1080/1244/1204 1070/1239/1198 1068/737/369 1078/740/371
f 1084/716/714 1074/714/710 1077/1240/1199 1087/1245/1205
f 1087/1245/1205 1077/1240/1199 1076/1241/1200 1086/1246/1206
f 1086/1246/1206 1076/1241/1200 1075/1242/1201 1085/1247/1207
f 1085/1247/1207 1075/1242/1201 1073/714/343 1083/716/345
f 1089/741/716 1079/740/712 1082/995/1202 1092/1248/1208
f 1092/1248/1208 1082/995/1202 1081/1243/1203 1091/1249/1209
f 1091/1249/1209 1081/1243/1203 1080/1244/1204 1090/1250/1210
f 1090/1250/1210 1080/1244/1204 1078/740/371 1088/741/373
f 1094/718/718 1084/826/714 1087/1245/1205 1097/1251/1211
f 1097/1251/1211 1087/1245/1205 1086/1246/1206 1096/1252/1212
f 1096/1252/1212 1086/1246/1206 1085/1247/1207 1095/1253/1213
f 1095/1253/1213 1085/1247/1207 1083/716/345 1093/718/347
f 1099/761/726 1003/751/683 1005/1254/1214 1102/1255/1215
f 1102/1255/1215 1005/1254/1214 1006/1256/1216 1101/1257/1217
f 1101/1257/1217 1006/1256/1216 1007/1258/1218 1100/1259/1219
f 1100/1259/1219 1007/1258/1218 1004/751/393 1098/748/387
f 1104/742/720 1089/741/716 1092/1248/1208 1107/1260/1220
f 1107/1260/1220 1092/1248/1208 1091/1249/1209 1106/1261/1221
f 1106/1261/1221 1091/1249/1209 1090/1250/1210 1105/1262/1222
f 1105/1262/1222 1090/1250/1210 1088/741/373 1103/742/375
f 1109/719/724 1094/718/718 1097/1251/1211 1112/1263/1223
f 1112/1263/1223 1097/1251/1211 1096/1252/1212 1111/1264/1224
f 1111/1264/1224 1096/1252/1212 1095/1253/1213 1110/1265/1225
f 1110/1265/1225 1095/1253/1213 1093/718/347 1108/719/349
f 1114/697/727 1099/761/726 1102/1255/1215 1117/1266/1226
f 1117/1266/1226 1102/1255/1215 1101/1257/1217 1116/1267/1227
f 1116/1267/1227 1101/1257/1217 1100/1259/1219 1115/1268/1228
f 1115/1268/1228 1100/1259/1219 1098/749/387 1113/697/325
f 1119/744/730 1104/742/720 1107/1260/1220 1122/1269/1229
f 1122/1269/1229 1107/1260/1220 1106/1261/1221 1121/1270/1230
f 1121/1270/1230 1106/1261/1221 1105/1262/1222 1120/1271/1231
f 1120/1271/1231 1105/1262/1222 1103/742/375 1118/744/377
f 1124/721/732 1109/719/724 1112/1263/1223 1127/1272/1232
f 1127/1272/1232 1112/1263/1223 1111/1264/1224 1126/1273/1233
f 1126/1273/1233 1111/1264/1224 1110/1265/1225 1125/1274/1234
f 1125/1274/1234 1110/1265/1225 1108/722/349 1123/721/351
f 1129/696/734 1114/697/727 1117/1266/1226 1132/1275/1235
f 1132/1275/1235 1117/1266/1226 1116/1267/1227 1131/1276/1236
f 1131/1276/1236 1116/1267/1227 1115/1268/1228 1130/1277/1237
f 1130/1277/1237 1115/1268/1228 1113/697/325 1128/696/324
f 1134/745/736 1119/744/730 1122/1269/1229 1137/1278/1238
f 1137/1278/1238 1122/1269/1229 1121/1270/1230 1136/1279/1239
f 1136/1279/1239 1121/1270/1230 1120/1271/1231 1135/1280/1240
f 1135/1280/1240 1120/1271/1231 1118/744/377 1133/745/379
f 1139/723/624 1124/721/732 1127/1272/1232 1142/1281/1241
f 1142/1281/1241 1127/1272/1232 1126/1273/1233 1141/1282/1242
f 1141/1282/1242 1126/1273/1233 1125/1274/1234 1140/1283/1243
f 1140/1283/1243 1125/1274/1234 1123/721/351 1138/723/353
f 1144/699/678 1129/696/734 1132/1275/1235 1147/952/1244
f 1147/952/1244 1132/1275/1235 1131/1276/1236 1146/1284/1245
f 1146/1284/1245 1131/1276/1236 1130/1277/1237 1145/1112/1246
f 1145/1112/1246 1130/1277/1237 1128/696/324 1143/699/327
f 1149/747/682 1134/745/736 1137/1278/1238 1152/1285/1247
f 1152/1285/1247 1137/1278/1238 1136/1279/1239 1151/1286/1248
f 1151/1286/1248 1136/1279/1239 1135/1280/1240 1150/1287/1249
f 1150/1287/1249 1135/1280/1240 1133/745/379 1148/747/381
f 993/724/625 1139/723/624 1142/1281/1241 995/1198/1154
f 995/1198/1154 1142/1281/1241 1141/1282/1242 996/1200/1156
f 996/1200/1156 1141/1282/1242 1140/1283/1243 997/1202/1158
f 997/1202/1158 1140/1283/1243 1138/723/353 994/724/355
f 998/701/679 1144/699/678 1147/952/1244 1000/1204/1160
f 1000/1204/1160 1147/952/1244 1146/1284/1245 1001/1206/1162
f 1001/1206/1162 1146/1284/1245 1145/1112/1246 1002/1208/1164
f 1002/1208/1164 1145/1112/1246 1143/699/327 999/701/329
f 1003/751/683 1149/747/682 1152/1285/1247 1005/1254/1214
f 1005/1254/1214 1152/1285/1247 1151/1286/1248 1006/1256/1216
f 1006/1256/1216 1151/1286/1248 1150/1287/1249 1007/1258/1218
f 1007/1258/1218 1150/1287/1249 1148/746/381 1004/751/393
f 1154/727/622 1298/724/611 1300/1288/1250 1157/1289/1251
f 1157/1289/1251 1300/1288/1250 1301/724/1252 1156/727/1253
f 1156/727/1253 1301/724/1252 1302/1290/1254 1155/1291/1255
f 1155/1291/1255 1302/1290/1254 1299/724/626 1153/727/723
f 1159/702/619 1303/701/618 1305/1292/1256 1162/1293/1257
f 1162/1293/1257 1305/1292/1256 1306/701/1258 1161/702/1259
f 1161/702/1259 1306/701/1258 1307/1294/1260 1160/1295/1261
f 1160/1295/1261 1307/1294/1260 1304/701/680 1158/702/689
f 1164/728/648 1154/727/622 1157/1289/1251 1167/1296/1262
f 1167/1296/1262 1157/1289/1251 1156/727/1253 1166/728/1263
f 1166/728/1263 1156/727/1253 1155/1291/1255 1165/1297/1264
f 1165/1297/1264 1155/1291/1255 1153/727/723 1163/728/693
f 1169/704/676 1159/702/619 1162/1293/1257 1172/1298/1265
f 1172/1298/1265 1162/1293/1257 1161/702/1259 1171/704/1266
f 1171/704/1266 1161/702/1259 1160/1295/1261 1170/1299/1267
f 1170/1299/1267 1160/1295/1261 1158/823/689 1168/704/688
f 1174/821/674 1164/728/648 1167/1296/1262 1177/1300/1268
f 1177/1300/1268 1167/1296/1262 1166/728/1263 1176/821/1269
f 1176/821/1269 1166/728/1263 1165/1297/1264 1175/1301/1270
f 1175/1301/1270 1165/1297/1264 1163/728/693 1173/821/692
f 1179/810/672 1169/704/676 1172/1298/1265 1182/1302/1271
f 1182/1302/1271 1172/1298/1265 1171/704/1266 1181/810/1272
f 1181/810/1272 1171/704/1266 1170/1299/1267 1180/1303/1273
f 1180/1303/1273 1170/1299/1267 1168/822/688 1178/810/695
f 1184/731/670 1174/821/674 1177/1300/1268 1187/1304/1274
f 1187/1304/1274 1177/1300/1268 1176/821/1269 1186/731/1275
f 1186/731/1275 1176/821/1269 1175/1301/1270 1185/1305/1276
f 1185/1305/1276 1175/1301/1270 1173/821/692 1183/731/697
f 1189/820/668 1179/810/672 1182/1302/1271 1192/1306/1277
f 1192/1306/1277 1182/1302/1271 1181/810/1272 1191/709/1278
f 1191/709/1278 1181/810/1272 1180/1303/1273 1190/1307/1279
f 1190/1307/1279 1180/1303/1273 1178/810/695 1188/709/699
f 1194/733/666 1184/731/670 1187/1304/1274 1197/1308/1280
f 1197/1308/1280 1187/1304/1274 1186/731/1275 1196/733/1281
f 1196/733/1281 1186/731/1275 1185/1305/1276 1195/1309/1282
f 1195/1309/1282 1185/1305/1276 1183/731/697 1193/733/701
f 1199/711/664 1189/709/668 1192/1306/1277 1202/1310/1283
f 1202/1310/1283 1192/1306/1277 1191/709/1278 1201/711/1284
f 1201/711/1284 1191/709/1278 1190/1307/1279 1200/1311/1285
f 1200/1311/1285 1190/1307/1279 1188/811/699 1198/711/703
f 1204/738/662 1194/733/666 1197/1308/1280 1207/1312/1286
f 1207/1312/1286 1197/1308/1280 1196/733/1281 1206/738/1287
f 1206/738/1287 1196/733/1281 1195/1309/1282 1205/1313/1288
f 1205/1313/1288 1195/1309/1282 1193/733/701 1203/757/705
f 1209/713/660 1199/711/664 1202/1310/1283 1212/1314/1289
f 1212/1314/1289 1202/1310/1283 1201/711/1284 1211/713/1290
f 1211/713/1290 1201/711/1284 1200/1311/1285 1210/1315/1291
f 1210/1315/1291 1200/1311/1285 1198/711/703 1208/713/707
f 1214/737/658 1204/738/662 1207/1312/1286 1217/1316/1292
f 1217/1316/1292 1207/1312/1286 1206/738/1287 1216/737/1293
f 1216/737/1293 1206/738/1287 1205/1313/1288 1215/1317/1294
f 1215/1317/1294 1205/1313/1288 1203/757/705 1213/737/709
f 1219/714/656 1209/713/660 1212/1314/1289 1222/1318/1295
f 1222/1318/1295 1212/1314/1289 1211/713/1290 1221/714/1296
f 1221/714/1296 1211/713/1290 1210/1315/1291 1220/1319/1297
f 1220/1319/1297 1210/1315/1291 1208/713/707 1218/714/711
f 1224/740/654 1214/737/658 1217/1316/1292 1227/1320/1298
f 1227/1320/1298 1217/1316/1292 1216/737/1293 1226/740/1299
f 1226/740/1299 1216/737/1293 1215/1317/1294 1225/1321/1300
f 1225/1321/1300 1215/1317/1294 1213/737/709 1223/740/713
f 1229/760/652 1219/714/656 1222/1318/1295 1232/1322/1301
f 1232/1322/1301 1222/1318/1295 1221/714/1296 1231/758/1302
f 1231/758/1302 1221/714/1296 1220/1319/1297 1230/1323/1303
f 1230/1323/1303 1220/1319/1297 1218/714/711 1228/825/715
f 1234/741/650 1224/740/654 1227/1320/1298 1237/1324/1304
f 1237/1324/1304 1227/1320/1298 1226/740/1299 1236/741/1305
f 1236/741/1305 1226/740/1299 1225/1321/1300 1235/1325/1306
f 1235/1325/1306 1225/1321/1300 1223/740/713 1233/741/717
f 1239/718/646 1229/758/652 1232/1322/1301 1242/1326/1307
f 1242/1326/1307 1232/1322/1301 1231/758/1302 1241/718/1308
f 1241/718/1308 1231/758/1302 1230/1323/1303 1240/1327/1309
f 1240/1327/1309 1230/1323/1303 1228/758/715 1238/718/719
f 1244/761/615 1308/752/614 1310/1328/1310 1247/1329/1311
f 1247/1329/1311 1310/1328/1310 1311/751/1312 1246/761/1313
f 1246/761/1313 1311/751/1312 1312/1330/1314 1245/1331/1315
f 1245/1331/1315 1312/1330/1314 1309/751/684 1243/761/729
f 1249/742/644 1234/741/650 1237/1324/1304 1252/1332/1316
f 1252/1332/1316 1237/1324/1304 1236/741/1305 1251/742/1317
f 1251/742/1317 1236/741/1305 1235/1325/1306 1250/1333/1318
f 1250/1333/1318 1235/1325/1306 1233/827/717 1248/742/721
f 1254/719/642 1239/718/646 1242/1326/1307 1257/1334/1319
f 1257/1334/1319 1242/1326/1307 1241/718/1308 1256/719/1320
f 1256/719/1320 1241/718/1308 1240/1327/1309 1255/1335/1321
f 1255/1335/1321 1240/1327/1309 1238/717/719 1253/719/725
f 1259/697/640 1244/761/615 1247/1329/1311 1262/1336/1322
f 1262/1336/1322 1247/1329/1311 1246/761/1313 1261/697/1323
f 1261/697/1323 1246/761/1313 1245/1331/1315 1260/1337/1324
f 1260/1337/1324 1245/1331/1315 1243/761/729 1258/697/728
f 1264/818/638 1249/742/644 1252/1332/1316 1267/1338/1325
f 1267/1338/1325 1252/1332/1316 1251/742/1317 1266/1339/1326
f 1266/1339/1326 1251/742/1317 1250/1333/1318 1265/1340/1327
f 1265/1340/1327 1250/1333/1318 1248/742/721 1263/763/731
f 1269/721/636 1254/719/642 1257/1334/1319 1272/1341/1328
f 1272/1341/1328 1257/1334/1319 1256/719/1320 1271/721/1329
f 1271/721/1329 1256/719/1320 1255/1335/1321 1270/1342/1330
f 1270/1342/1330 1255/1335/1321 1253/719/725 1268/721/733
f 1274/696/632 1259/697/640 1262/1336/1322 1277/1343/1331
f 1277/1343/1331 1262/1336/1322 1261/697/1323 1276/696/1332
f 1276/696/1332 1261/697/1323 1260/1337/1324 1275/1344/1333
f 1275/1344/1333 1260/1337/1324 1258/697/728 1273/696/735
f 1279/745/628 1264/763/638 1267/1338/1325 1282/1345/1334
f 1282/1345/1334 1267/1338/1325 1266/1339/1326 1281/745/1335
f 1281/745/1335 1266/1339/1326 1265/1340/1327 1280/1346/1336
f 1280/1346/1336 1265/1340/1327 1263/763/731 1278/745/737
f 1284/769/610 1269/721/636 1272/1341/1328 1287/1347/1337
f 1287/1347/1337 1272/1341/1328 1271/721/1329 1286/723/1338
f 1286/723/1338 1271/721/1329 1270/1342/1330 1285/1348/1339
f 1285/1348/1339 1270/1342/1330 1268/721/733 1283/723/627
f 1289/699/633 1274/696/632 1277/1343/1331 1292/1349/1340
f 1292/1349/1340 1277/1343/1331 1276/696/1332 1291/699/1341
f 1291/699/1341 1276/696/1332 1275/1344/1333 1290/1350/1342
f 1290/1350/1342 1275/1344/1333 1273/771/735 1288/699/681
f 1294/747/629 1279/745/628 1282/1345/1334 1297/1351/1343
f 1297/1351/1343 1282/1345/1334 1281/745/1335 1296/747/1344
f 1296/747/1344 1281/745/1335 1280/1346/1336 1295/1352/1345
f 1295/1352/1345 1280/1346/1336 1278/745/737 1293/747/685
f 1298/724/611 1284/723/610 1287/1347/1337 1300/1288/1250
f 1300/1288/1250 1287/1347/1337 1286/723/1338 1301/724/1252
f 1301/724/1252 1286/723/1338 1285/1348/1339 1302/1290/1254
f 1302/1290/1254 1285/1348/1339 1283/723/627 1299/724/626
f 1303/701/618 1289/699/633 1292/1349/1340 1305/1292/1256
f 1305/1292/1256 1292/1349/1340 1291/699/1341 1306/701/1258
f 1306/701/1258 1291/699/1341 1290/1350/1342 1307/1294/1260
f 1307/1294/1260 1290/1350/1342 1288/698/681 1304/701/680
f 1308/752/614 1294/747/629 1297/1351/1343 1310/1328/1310
f 1310/1328/1310 1297/1351/1343 1296/747/1344 1311/751/1312
f 1311/751/1312 1296/747/1344 1295/1352/1345 1312/1330/1314
f 1312/1330/1314 1295/1352/1345 1293/747/685 1309/751/684
f 353/751/392 359/761/386 1098/748/387 1004/751/393
f 1314/751/396 1317/748/487 1319/1353/1346 1316/1354/1347
f 1316/1354/1347 1319/1353/1346 1320/1355/1348 1315/1356/1349
f 1315/1356/1349 1320/1355/1348 1318/774/491 1313/773/490
f 1317/748/487 1321/694/486 1323/1357/1350 1319/1353/1346
f 1319/1353/1346 1323/1357/1350 1324/1358/1351 1320/1355/1348
f 1320/1355/1348 1324/1358/1351 1322/775/492 1318/774/491
f 1321/694/486 1325/772/481 1327/1359/1352 1323/1357/1350
f 1323/1357/1350 1327/1359/1352 1328/1360/1353 1324/1358/1351
f 1324/1358/1351 1328/1360/1353 1326/776/493 1322/775/492
f 1325/771/481 1329/698/475 1331/1361/1354 1327/1359/1352
f 1327/1359/1352 1331/1361/1354 1332/1362/1355 1328/1360/1353
f 1328/1360/1353 1332/1362/1355 1330/777/494 1326/776/493
f 1329/767/475 1333/700/474 1335/1363/1356 1331/1361/1354
f 1331/1361/1354 1335/1363/1356 1336/1364/1357 1332/1362/1355
f 1332/1362/1355 1336/1364/1357 1334/778/495 1330/777/494
f 1333/700/474 1337/702/547 1339/1365/1358 1335/1363/1356
f 1335/1363/1356 1339/1365/1358 1340/1366/1359 1336/1364/1357
f 1336/1364/1357 1340/1366/1359 1338/779/496 1334/778/495
f 1337/702/547 1341/706/467 1343/1367/1360 1339/1365/1358
f 1339/1365/1358 1343/1367/1360 1344/1368/1361 1340/1366/1359
f 1340/1366/1359 1344/1368/1361 1342/780/497 1338/779/496
f 1341/706/467 1345/707/466 1347/1369/1362 1343/1367/1360
f 1343/1367/1360 1347/1369/1362 1348/1370/1363 1344/1368/1361
f 1344/1368/1361 1348/1370/1363 1346/781/498 1342/780/497
f 1345/754/466 1349/709/545 1351/1371/1364 1347/1369/1362
f 1347/1369/1362 1351/1371/1364 1352/1372/1365 1348/1370/1363
f 1348/1370/1363 1352/1372/1365 1350/782/499 1346/781/498
f 1349/807/545 1353/710/541 1355/1373/1366 1351/1371/1364
f 1351/1371/1364 1355/1373/1366 1356/1374/1367 1352/1372/1365
f 1352/1372/1365 1356/1374/1367 1354/783/500 1350/782/499
f 1353/710/541 1357/712/537 1359/1375/1368 1355/1373/1366
f 1355/1373/1366 1359/1375/1368 1360/1376/1369 1356/1374/1367
f 1356/1374/1367 1360/1376/1369 1358/784/501 1354/783/500
f 1357/806/537 1361/714/533 1363/1377/1370 1359/1375/1368
f 1359/1375/1368 1363/1377/1370 1364/1378/1371 1360/1376/1369
f 1360/1376/1369 1364/1378/1371 1362/785/502 1358/784/501
f 1361/714/533 1365/759/529 1367/1379/1372 1363/1377/1370
f 1363/1377/1370 1367/1379/1372 1368/1380/1373 1364/1378/1371
f 1364/1378/1371 1368/1380/1373 1366/786/503 1362/785/502
f 1365/805/529 1369/718/525 1371/1381/1374 1367/1379/1372
f 1367/1379/1372 1371/1381/1374 1372/1382/1375 1368/1380/1373
f 1368/1380/1373 1372/1382/1375 1370/787/504 1366/786/503
f 1369/717/525 1373/719/489 1375/1383/1376 1371/1381/1374
f 1371/1381/1374 1375/1383/1376 1376/1384/1377 1372/1382/1375
f 1372/1382/1375 1376/1384/1377 1374/788/505 1370/787/504
f 1373/722/489 1377/720/483 1379/1385/1378 1375/1383/1376
f 1375/1383/1376 1379/1385/1378 1380/1386/1379 1376/1384/1377
f 1376/1384/1377 1380/1386/1379 1378/789/506 1374/788/505
f 1377/720/483 1381/723/479 1383/1387/1380 1379/1385/1378
f 1379/1385/1378 1383/1387/1380 1384/1388/1381 1380/1386/1379
f 1380/1386/1379 1384/1388/1381 1382/790/507 1378/789/506
f 1381/769/479 1385/724/478 1387/1389/1382 1383/1387/1380
f 1383/1387/1380 1387/1389/1382 1388/1390/1383 1384/1388/1381
f 1384/1388/1381 1388/1390/1383 1386/791/508 1382/790/507
f 1385/768/478 1389/808/549 1391/1391/1384 1387/1389/1382
f 1387/1389/1382 1391/1391/1384 1392/1392/1385 1388/1390/1383
f 1388/1390/1383 1392/1392/1385 1390/792/509 1386/791/508
f 1389/809/549 1393/728/385 1395/1393/1386 1391/1391/1384
f 1391/1391/1384 1395/1393/1386 1396/1394/1387 1392/1392/1385
f 1392/1392/1385 1396/1394/1387 1394/793/510 1390/792/509
f 1393/728/385 1397/729/384 1399/1395/1388 1395/1393/1386
f 1395/1393/1386 1399/1395/1388 1400/1396/1389 1396/1394/1387
f 1396/1394/1387 1400/1396/1389 1398/794/511 1394/793/510
f 1397/729/384 1401/730/463 1403/1397/1390 1399/1395/1388
f 1399/1395/1388 1403/1397/1390 1404/1398/1391 1400/1396/1389
f 1400/1396/1389 1404/1398/1391 1402/795/512 1398/794/511
f 1401/730/463 1405/733/543 1407/1399/1392 1403/1397/1390
f 1403/1397/1390 1407/1399/1392 1408/1400/1393 1404/1398/1391
f 1404/1398/1391 1408/1400/1393 1406/796/513 1402/795/512
f 1405/733/543 1409/734/539 1411/1401/1394 1407/1399/1392
f 1407/1399/1392 1411/1401/1394 1412/1402/1395 1408/1400/1393
f 1408/1400/1393 1412/1402/1395 1410/797/514 1406/796/513
f 1409/734/539 1413/736/535 1415/1403/1396 1411/1401/1394
f 1411/1401/1394 1415/1403/1396 1416/1404/1397 1412/1402/1395
f 1412/1402/1395 1416/1404/1397 1414/798/515 1410/797/514
f 1413/736/535 1417/739/531 1419/1405/1398 1415/1403/1396
f 1415/1403/1396 1419/1405/1398 1420/1406/1399 1416/1404/1397
f 1416/1404/1397 1420/1406/1399 1418/799/516 1414/798/515
f 1417/739/531 1421/741/527 1423/1407/1400 1419/1405/1398
f 1419/1405/1398 1423/1407/1400 1424/1408/1401 1420/1406/1399
f 1420/1406/1399 1424/1408/1401 1422/800/517 1418/799/516
f 1421/741/527 1425/742/523 1427/1409/1402 1423/1407/1400
f 1423/1407/1400 1427/1409/1402 1428/1410/1403 1424/1408/1401
f 1424/1408/1401 1428/1410/1403 1426/801/518 1422/800/517
f 1425/742/523 1429/763/461 1431/1411/1404 1427/1409/1402
f 1427/1409/1402 1431/1411/1404 1432/1412/1405 1428/1410/1403
f 1428/1410/1403 1432/1412/1405 1430/802/519 1426/801/518
f 1429/765/461 1433/745/460 1435/1413/1406 1431/1411/1404
f 1431/1411/1404 1435/1413/1406 1436/1414/1407 1432/1412/1405
f 1432/1412/1405 1436/1414/1407 1434/803/520 1430/802/519
f 1433/745/460 1437/770/397 1439/1415/1408 1435/1413/1406
f 1435/1413/1406 1439/1415/1408 1440/1416/1409 1436/1414/1407
f 1436/1414/1407 1440/1416/1409 1438/804/521 1434/803/520
f 1437/753/397 1314/752/396 1316/1354/1347 1439/1415/1408
f 1439/1415/1408 1316/1354/1347 1315/1356/1349 1440/1416/1409
f 1440/1416/1409 1315/1356/1349 1313/773/490 1438/804/521
f 619/751/395 613/761/484 1317/748/487 1314/751/396
f 1468/1417/1410 1467/1417/1411 1499/1417/1411 1500/1417/1410
f 1455/1417/1412 1454/1417/1413 1486/1417/1413 1487/1417/1414
f 1442/1417/1415 1441/1417/1416 1473/1417/1416 1474/1417/1415
f 1469/1417/1417 1468/1417/1410 1500/1417/1410 1501/1417/1417
f 1456/1417/1418 1455/1417/1412 1487/1417/1414 1488/1417/1418
f 1443/1417/1419 1442/1417/1415 1474/1417/1415 1475/1417/1420
f 1470/1417/1421 1469/1417/1417 1501/1417/1417 1502/1417/1421
f 1457/1417/1422 1456/1417/1418 1488/1417/1418 1489/1417/1422
f 1444/1417/1423 1443/1417/1419 1475/1417/1420 1476/1417/1423
f 1471/1417/1424 1470/1417/1421 1502/1417/1421 1503/1417/1425
f 1458/1417/1426 1457/1417/1422 1489/1417/1422 1490/1417/1426
f 1445/1417/1427 1444/1417/1423 1476/1417/1423 1477/1417/1427
f 1472/1417/1428 1471/1417/1424 1503/1417/1425 1504/1417/1428
f 1459/1417/1429 1458/1417/1426 1490/1417/1426 1491/1417/1430
f 1446/1417/1431 1445/1417/1427 1477/1417/1427 1478/1417/1431
f 1441/1417/1416 1472/1417/1428 1504/1417/1428 1473/1417/1416
f 1460/1417/1432 1459/1417/1429 1491/1417/1430 1492/1417/1432
f 1447/1417/1433 1446/1417/1431 1478/1417/1431 1479/1417/1433
f 1461/1417/1434 1460/1417/1432 1492/1417/1432 1493/1417/1434
f 1448/1417/1435 1447/1417/1433 1479/1417/1433 1480/1417/1435
f 1462/1417/1436 1461/1417/1434 1493/1417/1434 1494/1417/1436
f 1449/1417/1437 1448/1417/1435 1480/1417/1435 1481/1417/1437
f 1463/1417/1438 1462/1417/1436 1494/1417/1436 1495/1417/1438
f 1450/1417/1439 1449/1417/1437 1481/1417/1437 1482/1417/1439
f 1464/1417/1440 1463/1417/1438 1495/1417/1438 1496/1417/1440
f 1451/1417/1441 1450/1417/1439 1482/1417/1439 1483/1417/1441
f 1465/1417/1442 1464/1417/1440 1496/1417/1440 1497/1417/1442
f 1452/1417/1443 1451/1417/1441 1483/1417/1441 1484/1417/1443
f 1466/1417/1444 1465/1417/1442 1497/1417/1442 1498/1417/1444
f 1453/1417/1445 1452/1417/1443 1484/1417/1443 1485/1417/1445
f 1467/1417/1411 1466/1417/1444 1498/1417/1444 1499/1417/1411
f 1454/1417/1413 1453/1417/1445 1485/1417/1445 1486/1417/1413
f 1529/1417/1446 1525/1417/1447 1598/1417/1448 1601/1417/1449
f 1638/1417/1450 1567/1417/1451 1530/1417/1452 1603/1417/1453
f 1542/1417/1454 1615/1417/1455 1578/1417/1456 1507/1417/1457
f 1525/1417/1447 1521/1417/1458 1594/1417/1459 1598/1417/1448
f 1602/1417/1460 1597/1417/1461 1634/1417/1462 1639/1417/1463
f 1593/1417/1464 1589/1417/1465 1626/1417/1466 1630/1417/1467
f 1597/1417/1461 1593/1417/1464 1630/1417/1467 1634/1417/1462
f 1518/1417/1468 1553/1417/1469 1543/1417/1470 1506/1417/1471
f 1522/1417/1472 1557/1417/1473 1553/1417/1469 1518/1417/1468
f 1526/1417/1474 1561/1417/1475 1557/1417/1473 1522/1417/1472
f 1531/1417/1476 1566/1417/1477 1561/1417/1475 1526/1417/1474
f 1554/1417/1478 1558/1417/1479 1629/1417/1480 1625/1417/1481
f 1558/1417/1479 1562/1417/1482 1633/1417/1483 1629/1417/1480
f 1562/1417/1482 1565/1417/1484 1637/1417/1485 1633/1417/1483
f 1589/1417/1465 1579/1417/1486 1614/1417/1487 1626/1417/1466
f 1521/1417/1458 1517/1417/1488 1590/1417/1489 1594/1417/1459
f 1541/1417/1490 1554/1417/1478 1625/1417/1481 1613/1417/1491
f 1505/1417/1492 1508/1417/1493 1510/1417/1494 1509/1417/1495
f 1508/1417/1493 1512/1417/1496 1513/1417/1497 1510/1417/1494
f 1506/1417/1471 1511/1417/1498 1513/1417/1497 1512/1417/1496
f 1511/1417/1498 1515/1417/1499 1516/1417/1500 1513/1417/1497
f 1507/1417/1457 1514/1417/1501 1516/1417/1500 1515/1417/1499
f 1514/1417/1501 1509/1417/1495 1510/1417/1494 1516/1417/1500
f 1510/1417/1494 1513/1417/1497 1516/1417/1500
f 1529/1417/1446 1532/1417/1502 1534/1417/1503 1533/1417/1504
f 1532/1417/1502 1536/1417/1505 1537/1417/1506 1534/1417/1503
f 1530/1417/1452 1535/1417/1507 1537/1417/1506 1536/1417/1505
f 1535/1417/1507 1539/1417/1508 1540/1417/1509 1537/1417/1506
f 1531/1417/1476 1538/1417/1510 1540/1417/1509 1539/1417/1508
f 1538/1417/1510 1533/1417/1504 1534/1417/1503 1540/1417/1509
f 1534/1417/1503 1537/1417/1506 1540/1417/1509
f 1541/1417/1490 1544/1417/1511 1546/1417/1512 1545/1417/1513
f 1544/1417/1511 1548/1417/1514 1549/1417/1515 1546/1417/1512
f 1542/1417/1454 1547/1417/1516 1549/1417/1515 1548/1417/1514
f 1547/1417/1516 1551/1417/1517 1552/1417/1518 1549/1417/1515
f 1543/1417/1470 1550/1417/1519 1552/1417/1518 1551/1417/1517
f 1550/1417/1519 1545/1417/1513 1546/1417/1512 1552/1417/1518
f 1546/1417/1512 1549/1417/1515 1552/1417/1518
f 1565/1417/1484 1568/1417/1520 1570/1417/1521 1569/1417/1522
f 1568/1417/1520 1572/1417/1523 1573/1417/1524 1570/1417/1521
f 1566/1417/1477 1571/1417/1525 1573/1417/1524 1572/1417/1523
f 1571/1417/1525 1575/1417/1526 1576/1417/1527 1573/1417/1524
f 1567/1417/1451 1574/1417/1528 1576/1417/1527 1575/1417/1526
f 1574/1417/1528 1569/1417/1522 1570/1417/1521 1576/1417/1527
f 1570/1417/1521 1573/1417/1524 1576/1417/1527
f 1577/1417/1529 1580/1417/1530 1582/1417/1531 1581/1417/1532
f 1580/1417/1530 1584/1417/1533 1585/1417/1534 1582/1417/1531
f 1578/1417/1456 1583/1417/1535 1585/1417/1534 1584/1417/1533
f 1583/1417/1535 1587/1417/1536 1588/1417/1537 1585/1417/1534
f 1579/1417/1486 1586/1417/1538 1588/1417/1537 1587/1417/1536
f 1586/1417/1538 1581/1417/1532 1582/1417/1531 1588/1417/1537
f 1582/1417/1531 1585/1417/1534 1588/1417/1537
f 1601/1417/1449 1604/1417/1539 1606/1417/1540 1605/1417/1541
f 1604/1417/1539 1608/1417/1542 1609/1417/1543 1606/1417/1540
f 1602/1417/1460 1607/1417/1544 1609/1417/1543 1608/1417/1542
f 1607/1417/1544 1611/1417/1545 1612/1417/1546 1609/1417/1543
f 1603/1417/1453 1610/1417/1547 1612/1417/1546 1611/1417/1545
f 1610/1417/1547 1605/1417/1541 1606/1417/1540 1612/1417/1546
f 1606/1417/1540 1609/1417/1543 1612/1417/1546
f 1613/1417/1491 1616/1417/1548 1618/1417/1549 1617/1417/1550
f 1616/1417/1548 1620/1417/1551 1621/1417/1552 1618/1417/1549
f 1614/1417/1487 1619/1417/1553 1621/1417/1552 1620/1417/1551
f 1619/1417/1553 1623/1417/1554 1624/1417/1555 1621/1417/1552
f 1615/1417/1455 1622/1417/1556 1624/1417/1555 1623/1417/1554
f 1622/1417/1556 1617/1417/1550 1618/1417/1549 1624/1417/1555
f 1618/1417/1549 1621/1417/1552 1624/1417/1555
f 1637/1417/1485 1640/1417/1557 1642/1417/1558 1641/1417/1559
f 1640/1417/1557 1644/1417/1560 1645/1417/1561 1642/1417/1558
f 1638/1417/1450 1643/1417/1562 1645/1417/1561 1644/1417/1560
f 1643/1417/1562 1647/1417/1563 1648/1417/1564 1645/1417/1561
f 1639/1417/1463 1646/1417/1565 1648/1417/1564 1647/1417/1563
f 1646/1417/1565 1641/1417/1559 1642/1417/1558 1648/1417/1564
f 1642/1417/1558 1645/1417/1561 1648/1417/1564
f 1518/1417/1468 1506/1417/1471 1512/1417/1496 1520/1417/1566
f 1520/1417/1566 1512/1417/1496 1508/1417/1493 1519/1417/1567
f 1519/1417/1567 1508/1417/1493 1505/1417/1492 1517/1417/1488
f 1522/1417/1472 1518/1417/1468 1520/1417/1566 1524/1417/1568
f 1524/1417/1568 1520/1417/1566 1519/1417/1567 1523/1417/1569
f 1523/1417/1569 1519/1417/1567 1517/1417/1488 1521/1417/1458
f 1526/1417/1474 1522/1417/1472 1524/1417/1568 1528/1417/1570
f 1528/1417/1570 1524/1417/1568 1523/1417/1569 1527/1417/1571
f 1527/1417/1571 1523/1417/1569 1521/1417/1458 1525/1417/1447
f 1531/1417/1476 1526/1417/1474 1528/1417/1570 1538/1417/1510
f 1538/1417/1510 1528/1417/1570 1527/1417/1571 1533/1417/1504
f 1533/1417/1504 1527/1417/1571 1525/1417/1447 1529/1417/1446
f 1554/1417/1478 1541/1417/1490 1545/1417/1513 1556/1417/1572
f 1556/1417/1572 1545/1417/1513 1550/1417/1519 1555/1417/1573
f 1555/1417/1573 1550/1417/1519 1543/1417/1470 1553/1417/1469
f 1558/1417/1479 1554/1417/1478 1556/1417/1572 1560/1417/1574
f 1560/1417/1574 1556/1417/1572 1555/1417/1573 1559/1417/1575
f 1559/1417/1575 1555/1417/1573 1553/1417/1469 1557/1417/1473
f 1562/1417/1482 1558/1417/1479 1560/1417/1574 1564/1417/1576
f 1564/1417/1576 1560/1417/1574 1559/1417/1575 1563/1417/1577
f 1563/1417/1577 1559/1417/1575 1557/1417/1473 1561/1417/1475
f 1565/1417/1484 1562/1417/1482 1564/1417/1576 1568/1417/1520
f 1568/1417/1520 1564/1417/1576 1563/1417/1577 1572/1417/1523
f 1572/1417/1523 1563/1417/1577 1561/1417/1475 1566/1417/1477
f 1566/1417/1477 1531/1417/1476 1539/1417/1508 1571/1417/1525
f 1571/1417/1525 1539/1417/1508 1535/1417/1507 1575/1417/1526
f 1575/1417/1526 1535/1417/1507 1530/1417/1452 1567/1417/1451
f 1542/1417/1454 1507/1417/1457 1515/1417/1499 1547/1417/1516
f 1547/1417/1516 1515/1417/1499 1511/1417/1498 1551/1417/1517
f 1551/1417/1517 1511/1417/1498 1506/1417/1471 1543/1417/1470
f 1590/1417/1489 1577/1417/1529 1581/1417/1532 1592/1417/1578
f 1592/1417/1578 1581/1417/1532 1586/1417/1538 1591/1417/1579
f 1591/1417/1579 1586/1417/1538 1579/1417/1486 1589/1417/1465
f 1594/1417/1459 1590/1417/1489 1592/1417/1578 1596/1417/1580
f 1596/1417/1580 1592/1417/1578 1591/1417/1579 1595/1417/1581
f 1595/1417/1581 1591/1417/1579 1589/1417/1465 1593/1417/1464
f 1598/1417/1448 1594/1417/1459 1596/1417/1580 1600/1417/1582
f 1600/1417/1582 1596/1417/1580 1595/1417/1581 1599/1417/1583
f 1599/1417/1583 1595/1417/1581 1593/1417/1464 1597/1417/1461
f 1601/1417/1449 1598/1417/1448 1600/1417/1582 1604/1417/1539
f 1604/1417/1539 1600/1417/1582 1599/1417/1583 1608/1417/1542
f 1608/1417/1542 1599/1417/1583 1597/1417/1461 1602/1417/1460
f 1626/1417/1466 1614/1417/1487 1620/1417/1551 1628/1417/1584
f 1628/1417/1584 1620/1417/1551 1616/1417/1548 1627/1417/1585
f 1627/1417/1585 1616/1417/1548 1613/1417/1491 1625/1417/1481
f 1630/1417/1467 1626/1417/1466 1628/1417/1584 1632/1417/1586
f 1632/1417/1586 1628/1417/1584 1627/1417/1585 1631/1417/1587
f 1631/1417/1587 1627/1417/1585 1625/1417/1481 1629/1417/1480
f 1634/1417/1462 1630/1417/1467 1632/1417/1586 1636/1417/1588
f 1636/1417/1588 1632/1417/1586 1631/1417/1587 1635/1417/1589
f 1635/1417/1589 1631/1417/1587 1629/1417/1480 1633/1417/1483
f 1639/1417/1463 1634/1417/1462 1636/1417/1588 1646/1417/1565
f 1646/1417/1565 1636/1417/1588 1635/1417/1589 1641/1417/1559
f 1641/1417/1559 1635/1417/1589 1633/1417/1483 1637/1417/1485
f 1638/1417/1450 1603/1417/1453 1611/1417/1545 1643/1417/1562
f 1643/1417/1562 1611/1417/1545 1607/1417/1544 1647/1417/1563
f 1647/1417/1563 1607/1417/1544 1602/1417/1460 1639/1417/1463
f 1614/1417/1487 1579/1417/1486 1587/1417/1536 1619/1417/1553
f 1619/1417/1553 1587/1417/1536 1583/1417/1535 1623/1417/1554
f 1623/1417/1554 1583/1417/1535 1578/1417/1456 1615/1417/1455
f 1577/1417/1529 1505/1417/1492 1509/1417/1495 1580/1417/1530
f 1580/1417/1530 1509/1417/1495 1514/1417/1501 1584/1417/1533
f 1584/1417/1533 1514/1417/1501 1507/1417/1457 1578/1417/1456
f 1603/1417/1453 1530/1417/1452 1536/1417/1505 1610/1417/1547
f 1610/1417/1547 1536/1417/1505 1532/1417/1502 1605/1417/1541
f 1605/1417/1541 1532/1417/1502 1529/1417/1446 1601/1417/1449
f 1541/1417/1490 1613/1417/1491 1617/1417/1550 1544/1417/1511
f 1544/1417/1511 1617/1417/1550 1622/1417/1556 1548/1417/1514
f 1548/1417/1514 1622/1417/1556 1615/1417/1455 1542/1417/1454
f 1567/1417/1451 1638/1417/1450 1644/1417/1560 1574/1417/1528
f 1574/1417/1528 1644/1417/1560 1640/1417/1557 1569/1417/1522
f 1569/1417/1522 1640/1417/1557 1637/1417/1485 1565/1417/1484
f 1517/1417/1488 1505/1417/1492 1577/1417/1529 1590/1417/1489
o 镜框
v 2.335014 0.323508 0.747446
v 2.335014 0.319019 0.752431
v 2.335014 0.321030 0.748114
v 2.335014 0.319387 0.749938
v 2.296968 0.319019 0.756178
v 2.295996 0.323508 0.751289
v 2.296482 0.319387 0.753733
v 2.296126 0.321030 0.751944
v 2.260385 0.319019 0.767275
v 2.258477 0.323508 0.762670
v 2.259431 0.319387 0.764973
v 2.258733 0.321030 0.763287
v 2.226670 0.319020 0.785297
v 2.223900 0.323508 0.781152
v 2.225285 0.319387 0.783224
v 2.224271 0.321030 0.781707
v 2.197118 0.319020 0.809549
v 2.193593 0.323508 0.806024
v 2.195355 0.319387 0.807787
v 2.194065 0.321030 0.806497
v 2.172865 0.319020 0.839101
v 2.168720 0.323508 0.836332
v 2.170793 0.319387 0.837716
v 2.169276 0.321030 0.836703
v 2.154844 0.319020 0.872817
v 2.150238 0.323508 0.870909
v 2.152541 0.319387 0.871863
v 2.150855 0.321030 0.871165
v 2.143746 0.319020 0.909400
v 2.138857 0.323508 0.908428
v 2.141302 0.319387 0.908914
v 2.139512 0.321030 0.908558
v 2.139999 0.319020 0.947446
v 2.135014 0.323508 0.947446
v 2.137506 0.319387 0.947446
v 2.135682 0.321030 0.947446
v 2.143746 0.319020 0.985491
v 2.138857 0.323508 0.986464
v 2.141302 0.319387 0.985978
v 2.139512 0.321030 0.986334
v 2.154844 0.319020 1.022075
v 2.150238 0.323508 1.023982
v 2.152541 0.319387 1.023029
v 2.150855 0.321030 1.023727
v 2.172865 0.319020 1.055790
v 2.168720 0.323508 1.058560
v 2.170793 0.319387 1.057175
v 2.169276 0.321030 1.058189
v 2.197118 0.319020 1.085342
v 2.193593 0.323508 1.088867
v 2.195355 0.319387 1.087105
v 2.194065 0.321030 1.088395
v 2.226670 0.319020 1.109595
v 2.223900 0.323508 1.113740
v 2.225285 0.319387 1.111667
v 2.224271 0.321030 1.113184
v 2.260385 0.319020 1.127616
v 2.258477 0.323508 1.132222
v 2.259431 0.319387 1.129919
v 2.258733 0.321030 1.131605
v 2.296968 0.319020 1.138714
v 2.295996 0.323508 1.143603
v 2.296482 0.319387 1.141158
v 2.296126 0.321030 1.142948
v 2.335014 0.319020 1.142461
v 2.335014 0.323508 1.147446
v 2.335014 0.319387 1.144953
v 2.335014 0.321030 1.146778
v 2.373060 0.319020 1.138714
v 2.374032 0.323508 1.143603
v 2.373546 0.319387 1.141158
v 2.373902 0.321030 1.142948
v 2.409643 0.319020 1.127616
v 2.411551 0.323508 1.132222
v 2.410597 0.319387 1.129919
v 2.411295 0.321030 1.131605
v 2.443359 0.319020 1.109595
v 2.446128 0.323508 1.113740
v 2.444743 0.319387 1.111667
v 2.445757 0.321030 1.113184
v 2.472910 0.319020 1.085342
v 2.476435 0.323508 1.088867
v 2.474673 0.319387 1.087105
v 2.475963 0.321030 1.088395
v 2.497163 0.319020 1.055790
v 2.501308 0.323508 1.058560
v 2.499236 0.319387 1.057175
v 2.500753 0.321030 1.058189
v 2.515184 0.319020 1.022075
v 2.519790 0.323508 1.023982
v 2.517487 0.319387 1.023029
v 2.519173 0.321030 1.023727
v 2.526282 0.319020 0.985491
v 2.531171 0.323508 0.986464
v 2.528727 0.319387 0.985978
v 2.530516 0.321030 0.986334
v 2.530029 0.319020 0.947446
v 2.535014 0.323508 0.947446
v 2.532522 0.319387 0.947446
v 2.534346 0.321030 0.947446
v 2.526282 0.319020 0.909400
v 2.531171 0.323508 0.908428
v 2.528727 0.319387 0.908914
v 2.530516 0.321030 0.908558
v 2.515184 0.319020 0.872817
v 2.519790 0.323508 0.870909
v 2.517487 0.319387 0.871863
v 2.519173 0.321030 0.871165
v 2.497163 0.319020 0.839101
v 2.501308 0.323508 0.836332
v 2.499236 0.319387 0.837716
v 2.500753 0.321030 0.836703
v 2.472910 0.319020 0.809549
v 2.476435 0.323508 0.806024
v 2.474673 0.319387 0.807787
v 2.475963 0.321030 0.806497
v 2.443359 0.319020 0.785297
v 2.446128 0.323508 0.781152
v 2.444743 0.319387 0.783224
v 2.445757 0.321030 0.781707
v 2.409643 0.319019 0.767275
v 2.411551 0.323508 0.762670
v 2.410597 0.319387 0.764973
v 2.411295 0.321030 0.763287
v 2.373060 0.319019 0.756178
v 2.374032 0.323508 0.751289
v 2.373546 0.319387 0.753733
v 2.373902 0.321030 0.751944
v 2.335014 0.369020 0.752431
v 2.335014 0.364531 0.747446
v 2.335014 0.368652 0.749938
v 2.335014 0.367009 0.748114
v 2.295996 0.364531 0.751289
v 2.296968 0.369020 0.756178
v 2.296126 0.367009 0.751944
v 2.296482 0.368652 0.753733
v 2.258477 0.364531 0.762670
v 2.260385 0.369020 0.767275
v 2.258733 0.367009 0.763287
v 2.259431 0.368652 0.764973
v 2.223900 0.364531 0.781152
v 2.226670 0.369020 0.785297
v 2.224271 0.367009 0.781707
v 2.225285 0.368652 0.783224
v 2.193593 0.364531 0.806024
v 2.197118 0.369020 0.809549
v 2.194065 0.367009 0.806497
v 2.195355 0.368652 0.807787
v 2.168720 0.364531 0.836332
v 2.172865 0.369020 0.839101
v 2.169276 0.367009 0.836703
v 2.170793 0.368652 0.837716
v 2.150238 0.364531 0.870909
v 2.154844 0.369020 0.872817
v 2.150855 0.367009 0.871165
v 2.152541 0.368652 0.871863
v 2.138857 0.364531 0.908428
v 2.143746 0.369020 0.909400
v 2.139512 0.367009 0.908558
v 2.141302 0.368652 0.908914
v 2.135014 0.364531 0.947446
v 2.139999 0.369020 0.947446
v 2.135682 0.367009 0.947446
v 2.137506 0.368652 0.947446
v 2.138857 0.364531 0.986464
v 2.143746 0.369020 0.985491
v 2.139512 0.367009 0.986333
v 2.141302 0.368652 0.985978
v 2.150238 0.364531 1.023982
v 2.154844 0.369020 1.022075
v 2.150855 0.367009 1.023727
v 2.152541 0.368652 1.023029
v 2.168720 0.364531 1.058560
v 2.172865 0.369020 1.055790
v 2.169276 0.367009 1.058189
v 2.170793 0.368652 1.057175
v 2.193593 0.364531 1.088867
v 2.197118 0.369020 1.085342
v 2.194065 0.367009 1.088395
v 2.195355 0.368652 1.087105
v 2.223900 0.364531 1.113740
v 2.226670 0.369020 1.109595
v 2.224271 0.367009 1.113184
v 2.225285 0.368652 1.111667
v 2.258477 0.364531 1.132222
v 2.260385 0.369020 1.127616
v 2.258733 0.367009 1.131605
v 2.259431 0.368652 1.129919
v 2.295996 0.364531 1.143603
v 2.296968 0.369020 1.138714
v 2.296126 0.367009 1.142948
v 2.296482 0.368652 1.141158
v 2.335014 0.364531 1.147446
v 2.335014 0.369020 1.142461
v 2.335014 0.367009 1.146778
v 2.335014 0.368652 1.144953
v 2.374032 0.364531 1.143603
v 2.373060 0.369020 1.138714
v 2.373902 0.367009 1.142948
v 2.373546 0.368652 1.141158
v 2.411551 0.364531 1.132222
v 2.409643 0.369020 1.127616
v 2.411295 0.367009 1.131605
v 2.410597 0.368652 1.129919
v 2.446128 0.364531 1.113740
v 2.443359 0.369020 1.109595
v 2.445757 0.367009 1.113184
v 2.444743 0.368652 1.111667
v 2.476435 0.364531 1.088867
v 2.472910 0.369020 1.085342
v 2.475963 0.367009 1.088395
v 2.474673 0.368652 1.087105
v 2.501308 0.364531 1.058560
v 2.497163 0.369020 1.055790
v 2.500753 0.367009 1.058189
v 2.499236 0.368652 1.057175
v 2.519790 0.364531 1.023982
v 2.515184 0.369020 1.022075
v 2.519173 0.367009 1.023727
v 2.517487 0.368652 1.023029
v 2.531171 0.364531 0.986464
v 2.526282 0.369020 0.985491
v 2.530516 0.367009 0.986333
v 2.528727 0.368652 0.985978
v 2.535014 0.364531 0.947446
v 2.530029 0.369020 0.947446
v 2.534346 0.367009 0.947446
v 2.532522 0.368652 0.947446
v 2.531171 0.364531 0.908428
v 2.526282 0.369020 0.909400
v 2.530516 0.367009 0.908558
v 2.528727 0.368652 0.908914
v 2.519790 0.364531 0.870909
v 2.515184 0.369020 0.872817
v 2.519173 0.367009 0.871165
v 2.517487 0.368652 0.871863
v 2.501308 0.364531 0.836332
v 2.497163 0.369020 0.839101
v 2.500753 0.367009 0.836703
v 2.499236 0.368652 0.837716
v 2.476435 0.364531 0.806024
v 2.472910 0.369020 0.809549
v 2.475963 0.367009 0.806497
v 2.474673 0.368652 0.807787
v 2.446128 0.364531 0.781152
v 2.443359 0.369020 0.785297
v 2.445757 0.367009 0.781707
v 2.444743 0.368652 0.783224
v 2.411551 0.364531 0.762670
v 2.409643 0.369020 0.767275
v 2.411295 0.367009 0.763287
v 2.410597 0.368652 0.764973
v 2.374032 0.364531 0.751289
v 2.373060 0.369020 0.756178
v 2.373902 0.367009 0.751944
v 2.373546 0.368652 0.753733
v 2.301849 0.327354 0.780712
v 2.300876 0.321587 0.775823
v 2.301718 0.324705 0.780057
v 2.301363 0.322594 0.778268
v 2.335014 0.321587 0.772461
v 2.335014 0.327354 0.777446
v 2.335014 0.322594 0.774953
v 2.335014 0.324705 0.776778
v 2.269958 0.327354 0.790386
v 2.268050 0.321587 0.785781
v 2.269702 0.324705 0.789769
v 2.269004 0.322594 0.788083
v 2.240567 0.327354 0.806096
v 2.237798 0.321587 0.801951
v 2.240196 0.324705 0.805541
v 2.239182 0.322594 0.804024
v 2.214806 0.327354 0.827238
v 2.211281 0.321587 0.823713
v 2.214334 0.324705 0.826765
v 2.213043 0.322594 0.825475
v 2.193664 0.327354 0.852999
v 2.189519 0.321587 0.850229
v 2.193109 0.324705 0.852628
v 2.191592 0.322594 0.851614
v 2.177955 0.327354 0.882390
v 2.173349 0.321587 0.880482
v 2.177338 0.324705 0.882134
v 2.175652 0.322594 0.881436
v 2.168281 0.327354 0.914280
v 2.163391 0.321587 0.913308
v 2.167626 0.324705 0.914150
v 2.165836 0.322594 0.913794
v 2.165014 0.327354 0.947446
v 2.160029 0.321587 0.947446
v 2.164346 0.324705 0.947446
v 2.162522 0.322594 0.947446
v 2.168281 0.327354 0.980611
v 2.163391 0.321587 0.981584
v 2.167626 0.324705 0.980741
v 2.165836 0.322594 0.981097
v 2.177955 0.327354 1.012502
v 2.173349 0.321587 1.014410
v 2.177338 0.324705 1.012758
v 2.175652 0.322594 1.013456
v 2.193664 0.327354 1.041893
v 2.189519 0.321587 1.044662
v 2.193109 0.324705 1.042264
v 2.191592 0.322594 1.043278
v 2.214806 0.327354 1.067654
v 2.211281 0.321587 1.071179
v 2.214334 0.324705 1.068126
v 2.213043 0.322594 1.069416
v 2.240567 0.327354 1.088796
v 2.237798 0.321587 1.092940
v 2.240196 0.324705 1.089351
v 2.239182 0.322594 1.090868
v 2.269958 0.327354 1.104505
v 2.268050 0.321587 1.109111
v 2.269702 0.324705 1.105122
v 2.269004 0.322594 1.106808
v 2.301849 0.327354 1.114179
v 2.300876 0.321587 1.119069
v 2.301718 0.324705 1.114834
v 2.301363 0.322594 1.116624
v 2.335014 0.327354 1.117446
v 2.335014 0.321587 1.122431
v 2.335014 0.324705 1.118114
v 2.335014 0.322594 1.119938
v 2.368180 0.327354 1.114179
v 2.369152 0.321587 1.119069
v 2.368310 0.324705 1.114834
v 2.368666 0.322594 1.116624
v 2.400070 0.327354 1.104505
v 2.401978 0.321587 1.109111
v 2.400326 0.324705 1.105122
v 2.401024 0.322594 1.106808
v 2.429461 0.327354 1.088796
v 2.432230 0.321587 1.092940
v 2.429832 0.324705 1.089351
v 2.430846 0.322594 1.090868
v 2.455222 0.327354 1.067654
v 2.458747 0.321587 1.071179
v 2.455694 0.324705 1.068126
v 2.456985 0.322594 1.069416
v 2.476364 0.327354 1.041893
v 2.480509 0.321587 1.044662
v 2.476919 0.324705 1.042264
v 2.478436 0.322594 1.043278
v 2.492074 0.327354 1.012502
v 2.496679 0.321587 1.014410
v 2.492691 0.324705 1.012758
v 2.494376 0.322594 1.013456
v 2.501748 0.327354 0.980611
v 2.506637 0.321587 0.981584
v 2.502403 0.324705 0.980741
v 2.504192 0.322594 0.981097
v 2.505014 0.327354 0.947446
v 2.509999 0.321587 0.947446
v 2.505682 0.324705 0.947446
v 2.507507 0.322594 0.947446
v 2.501748 0.327354 0.914280
v 2.506637 0.321587 0.913308
v 2.502403 0.324705 0.914150
v 2.504192 0.322594 0.913794
v 2.492074 0.327354 0.882390
v 2.496679 0.321587 0.880482
v 2.492691 0.324705 0.882134
v 2.494376 0.322594 0.881436
v 2.476364 0.327354 0.852999
v 2.480509 0.321587 0.850229
v 2.476919 0.324705 0.852628
v 2.478436 0.322594 0.851614
v 2.455222 0.327354 0.827238
v 2.458747 0.321587 0.823713
v 2.455694 0.324705 0.826765
v 2.456985 0.322594 0.825475
v 2.429461 0.327354 0.806096
v 2.432230 0.321587 0.801951
v 2.429832 0.324705 0.805541
v 2.430846 0.322594 0.804024
v 2.400070 0.327354 0.790386
v 2.401978 0.321587 0.785781
v 2.400326 0.324705 0.789769
v 2.401024 0.322594 0.788083
v 2.368180 0.327354 0.780712
v 2.369152 0.321587 0.775823
v 2.368310 0.324705 0.780057
v 2.368666 0.322594 0.778268
v 2.300876 0.366452 0.775823
v 2.301849 0.360685 0.780712
v 2.301363 0.365445 0.778268
v 2.301718 0.363334 0.780057
v 2.335014 0.360685 0.777446
v 2.335014 0.366452 0.772461
v 2.335014 0.363334 0.776778
v 2.335014 0.365445 0.774953
v 2.268050 0.366452 0.785781
v 2.269958 0.360685 0.790386
v 2.269004 0.365445 0.788083
v 2.269702 0.363334 0.789769
v 2.237798 0.366452 0.801951
v 2.240567 0.360685 0.806096
v 2.239182 0.365445 0.804023
v 2.240196 0.363334 0.805541
v 2.211281 0.366452 0.823713
v 2.214806 0.360685 0.827238
v 2.213043 0.365445 0.825475
v 2.214334 0.363334 0.826765
v 2.189519 0.366452 0.850229
v 2.193664 0.360685 0.852999
v 2.191592 0.365445 0.851614
v 2.193109 0.363334 0.852628
v 2.173349 0.366452 0.880482
v 2.177955 0.360685 0.882390
v 2.175652 0.365445 0.881436
v 2.177338 0.363334 0.882134
v 2.163391 0.366452 0.913308
v 2.168281 0.360685 0.914280
v 2.165836 0.365445 0.913794
v 2.167626 0.363334 0.914150
v 2.160029 0.366452 0.947446
v 2.165014 0.360685 0.947446
v 2.162522 0.365445 0.947446
v 2.164346 0.363334 0.947446
v 2.163391 0.366452 0.981584
v 2.168281 0.360685 0.980611
v 2.165836 0.365445 0.981097
v 2.167626 0.363334 0.980741
v 2.173349 0.366452 1.014410
v 2.177955 0.360685 1.012502
v 2.175652 0.365445 1.013456
v 2.177338 0.363334 1.012758
v 2.189519 0.366452 1.044662
v 2.193664 0.360685 1.041893
v 2.191592 0.365445 1.043277
v 2.193109 0.363335 1.042264
v 2.211281 0.366452 1.071179
v 2.214806 0.360685 1.067654
v 2.213043 0.365445 1.069416
v 2.214334 0.363335 1.068126
v 2.237798 0.366452 1.092940
v 2.240567 0.360685 1.088796
v 2.239182 0.365445 1.090868
v 2.240196 0.363335 1.089351
v 2.268050 0.366452 1.109111
v 2.269958 0.360685 1.104505
v 2.269004 0.365445 1.106808
v 2.269702 0.363335 1.105122
v 2.300876 0.366452 1.119069
v 2.301849 0.360685 1.114179
v 2.301363 0.365445 1.116624
v 2.301718 0.363335 1.114834
v 2.335014 0.366452 1.122431
v 2.335014 0.360685 1.117446
v 2.335014 0.365445 1.119938
v 2.335014 0.363335 1.118114
v 2.369152 0.366452 1.119069
v 2.368180 0.360685 1.114179
v 2.368666 0.365445 1.116624
v 2.368310 0.363335 1.114834
v 2.401978 0.366452 1.109111
v 2.400070 0.360685 1.104505
v 2.401024 0.365445 1.106808
v 2.400326 0.363335 1.105122
v 2.432230 0.366452 1.092940
v 2.429461 0.360685 1.088796
v 2.430846 0.365445 1.090868
v 2.429832 0.363335 1.089351
v 2.458747 0.366452 1.071179
v 2.455222 0.360685 1.067654
v 2.456985 0.365445 1.069416
v 2.455694 0.363335 1.068126
v 2.480509 0.366452 1.044662
v 2.476364 0.360685 1.041893
v 2.478436 0.365445 1.043277
v 2.476919 0.363335 1.042264
v 2.496679 0.366452 1.014410
v 2.492074 0.360685 1.012502
v 2.494376 0.365445 1.013456
v 2.492691 0.363334 1.012758
v 2.506637 0.366452 0.981584
v 2.501748 0.360685 0.980611
v 2.504192 0.365445 0.981097
v 2.502403 0.363334 0.980741
v 2.509999 0.366452 0.947446
v 2.505014 0.360685 0.947446
v 2.507507 0.365445 0.947446
v 2.505682 0.363334 0.947446
v 2.506637 0.366452 0.913308
v 2.501748 0.360685 0.914280
v 2.504192 0.365445 0.913794
v 2.502403 0.363334 0.914150
v 2.496679 0.366452 0.880482
v 2.492074 0.360685 0.882390
v 2.494376 0.365445 0.881436
v 2.492691 0.363334 0.882134
v 2.480509 0.366452 0.850229
v 2.476364 0.360685 0.852999
v 2.478436 0.365445 0.851614
v 2.476919 0.363334 0.852628
v 2.458747 0.366452 0.823713
v 2.455222 0.360685 0.827238
v 2.456985 0.365445 0.825475
v 2.455694 0.363334 0.826765
v 2.432230 0.366452 0.801951
v 2.429461 0.360685 0.806096
v 2.430846 0.365445 0.804023
v 2.429832 0.363334 0.805541
v 2.401978 0.366452 0.785781
v 2.400070 0.360685 0.790386
v 2.401024 0.365445 0.788083
v 2.400326 0.363334 0.789769
v 2.369152 0.366452 0.775823
v 2.368180 0.360685 0.780712
v 2.368666 0.365445 0.778268
v 2.368310 0.363334 0.780057
vn 0.0069 -0.9998 0.0166
vn 0.0035 -0.9998 0.0176
vn -0.0479 -0.9694 -0.2408
vn -0.0940 -0.9694 -0.2269
vn -0.0149 -0.9998 -0.0100
vn -0.0127 -0.9998 -0.0127
vn 0.1736 -0.9694 0.1736
vn 0.2042 -0.9694 0.1364
vn -0.0000 0.9998 -0.0180
vn -0.0035 0.9998 -0.0176
vn 0.0479 0.9694 0.2408
vn -0.0000 0.9694 0.2455
vn 0.0100 -0.9998 0.0149
vn -0.1364 -0.9694 -0.2042
vn -0.0166 -0.9998 -0.0069
vn 0.2269 -0.9694 0.0940
vn -0.0069 -0.9998 -0.0166
vn -0.0035 -0.9998 -0.0176
vn 0.0479 -0.9694 0.2408
vn 0.0940 -0.9694 0.2269
vn 0.0127 -0.9998 0.0127
vn -0.1736 -0.9694 -0.1736
vn -0.0176 -0.9998 -0.0035
vn 0.2408 -0.9694 0.0479
vn 0.0149 -0.9998 0.0100
vn -0.2042 -0.9694 -0.1364
vn -0.0180 -0.9998 -0.0000
vn 0.2455 -0.9694 -0.0000
vn 0.0166 -0.9998 0.0069
vn -0.2269 -0.9694 -0.0940
vn -0.0176 -0.9998 0.0035
vn 0.2408 -0.9694 -0.0479
vn 0.0176 -0.9998 0.0035
vn -0.2408 -0.9694 -0.0479
vn -0.0166 -0.9998 0.0069
vn 0.2269 -0.9694 -0.0940
vn 0.0180 -0.9998 -0.0000
vn -0.2455 -0.9694 -0.0000
vn -0.0149 -0.9998 0.0100
vn 0.2042 -0.9694 -0.1364
vn 0.0176 -0.9998 -0.0035
vn -0.2408 -0.9694 0.0479
vn -0.0127 -0.9998 0.0127
vn 0.1736 -0.9694 -0.1736
vn 0.0166 -0.9998 -0.0069
vn -0.2269 -0.9694 0.0940
vn -0.0100 -0.9998 0.0149
vn 0.1364 -0.9694 -0.2042
vn 0.0149 -0.9998 -0.0100
vn -0.2042 -0.9694 0.1364
vn -0.0069 -0.9998 0.0166
vn 0.0940 -0.9694 -0.2269
vn 0.0127 -0.9998 -0.0127
vn -0.1736 -0.9694 0.1736
vn -0.0035 -0.9998 0.0176
vn 0.0479 -0.9694 -0.2408
vn -0.0000 -0.9998 -0.0180
vn 0.0035 -0.9998 -0.0176
vn -0.0479 -0.9694 0.2408
vn -0.0000 -0.9694 0.2455
vn 0.0100 -0.9998 -0.0149
vn -0.1364 -0.9694 0.2042
vn -0.0000 -0.9998 0.0180
vn -0.0000 -0.9694 -0.2455
vn -0.0100 -0.9998 -0.0149
vn 0.1364 -0.9694 0.2042
vn 0.0069 -0.9998 -0.0166
vn -0.0940 -0.9694 0.2269
vn -0.3797 -0.1240 -0.9167
vn -0.1936 -0.1240 -0.9732
vn -0.1936 0.1240 -0.9732
vn -0.3797 0.1240 -0.9167
vn 0.8251 -0.1240 0.5513
vn 0.7016 -0.1240 0.7016
vn 0.7016 0.1240 0.7016
vn 0.8250 0.1240 0.5513
vn -0.5513 -0.1240 -0.8251
vn -0.5513 0.1240 -0.8251
vn 0.9167 -0.1240 0.3797
vn 0.9167 0.1240 0.3797
vn 0.5513 -0.1240 0.8251
vn 0.3797 -0.1240 0.9167
vn 0.3797 0.1240 0.9167
vn 0.5513 0.1240 0.8250
vn -0.7016 -0.1240 -0.7016
vn -0.7016 0.1240 -0.7016
vn 0.9732 -0.1240 0.1936
vn 0.9732 0.1240 0.1936
vn -0.8251 -0.1240 -0.5513
vn -0.8251 0.1240 -0.5513
vn 0.9923 -0.1240 -0.0000
vn 0.9923 0.1240 -0.0000
vn -0.9167 -0.1240 -0.3797
vn -0.9167 0.1240 -0.3797
vn 0.9732 -0.1240 -0.1936
vn 0.9732 0.1240 -0.1936
vn -0.9732 -0.1240 -0.1936
vn -0.9732 0.1240 -0.1936
vn 0.9167 -0.1240 -0.3797
vn 0.9167 0.1240 -0.3797
vn -0.9923 -0.1240 -0.0000
vn -0.9923 0.1240 -0.0000
vn 0.8251 -0.1240 -0.5513
vn 0.8250 0.1240 -0.5513
vn -0.9732 -0.1240 0.1936
vn -0.9732 0.1240 0.1936
vn 0.7016 -0.1240 -0.7016
vn 0.7016 0.1240 -0.7016
vn -0.9167 -0.1240 0.3797
vn -0.9167 0.1240 0.3797
vn 0.5513 -0.1240 -0.8251
vn 0.5513 0.1240 -0.8251
vn -0.8251 -0.1240 0.5513
vn -0.8251 0.1240 0.5513
vn 0.3797 -0.1240 -0.9167
vn 0.3797 0.1240 -0.9167
vn -0.7016 -0.1240 0.7016
vn -0.7016 0.1240 0.7016
vn 0.1936 -0.1240 -0.9732
vn 0.1936 0.1240 -0.9732
vn 0.1936 -0.1240 0.9732
vn 0.1936 0.1240 0.9732
vn -0.5513 -0.1240 0.8251
vn -0.5513 0.1240 0.8251
vn -0.0000 -0.1240 -0.9923
vn -0.0000 0.1240 -0.9923
vn -0.0000 -0.1240 0.9923
vn -0.1936 -0.1240 0.9732
vn -0.1936 0.1240 0.9732
vn -0.0000 0.1240 0.9923
vn -0.3797 -0.1240 0.9167
vn -0.3797 0.1240 0.9167
vn 0.0149 0.9998 0.0100
vn 0.0166 0.9998 0.0069
vn -0.2269 0.9694 -0.0940
vn -0.2042 0.9694 -0.1364
vn 0.8244 -0.1300 -0.5509
vn 0.8244 0.1300 -0.5509
vn 0.9160 0.1300 -0.3794
vn 0.9160 -0.1300 -0.3794
vn -0.1934 -0.1300 -0.9725
vn -0.1934 0.1300 -0.9725
vn -0.0000 0.1300 -0.9915
vn -0.0000 -0.1300 -0.9915
vn 0.0176 0.9998 0.0035
vn -0.2408 0.9694 -0.0479
vn 0.7011 -0.1300 -0.7011
vn 0.7011 0.1300 -0.7011
vn -0.3794 -0.1300 -0.9160
vn -0.3794 0.1300 -0.9160
vn 0.0180 0.9998 -0.0000
vn -0.2455 0.9694 -0.0000
vn 0.5509 -0.1300 -0.8244
vn 0.5509 0.1300 -0.8244
vn -0.5509 -0.1300 -0.8244
vn -0.5509 0.1300 -0.8244
vn 0.0176 0.9998 -0.0035
vn -0.2408 0.9694 0.0479
vn 0.3794 -0.1300 -0.9160
vn 0.3794 0.1300 -0.9160
vn -0.7011 -0.1300 -0.7011
vn -0.7011 0.1300 -0.7011
vn 0.0166 0.9998 -0.0069
vn -0.2269 0.9694 0.0940
vn 0.1934 -0.1300 -0.9725
vn 0.1934 0.1300 -0.9725
vn -0.8244 -0.1300 -0.5509
vn -0.8244 0.1300 -0.5509
vn 0.0149 0.9998 -0.0100
vn -0.2042 0.9694 0.1364
vn -0.9160 -0.1300 -0.3794
vn -0.9160 0.1300 -0.3794
vn 0.0127 0.9998 -0.0127
vn -0.1736 0.9694 0.1736
vn 0.0035 0.9998 -0.0176
vn -0.0479 0.9694 0.2408
vn -0.9725 -0.1300 -0.1934
vn -0.9725 0.1300 -0.1934
vn 0.0100 0.9998 -0.0149
vn -0.1364 0.9694 0.2042
vn -0.0069 0.9998 -0.0166
vn -0.0100 0.9998 -0.0149
vn 0.1364 0.9694 0.2042
vn 0.0940 0.9694 0.2269
vn -0.9915 -0.1300 -0.0000
vn -0.9915 0.1300 -0.0000
vn 0.0069 0.9998 -0.0166
vn -0.0940 0.9694 0.2269
vn -0.0127 0.9998 -0.0127
vn 0.1736 0.9694 0.1736
vn -0.9725 -0.1300 0.1934
vn -0.9725 0.1300 0.1934
vn -0.0149 0.9998 -0.0100
vn 0.2042 0.9694 0.1364
vn -0.9160 -0.1300 0.3794
vn -0.9160 0.1300 0.3794
vn -0.0166 0.9998 -0.0069
vn 0.2269 0.9694 0.0940
vn -0.8244 -0.1300 0.5509
vn -0.8244 0.1300 0.5509
vn -0.0176 0.9998 -0.0035
vn 0.2408 0.9694 0.0479
vn -0.7011 -0.1300 0.7011
vn -0.7011 0.1300 0.7011
vn -0.0180 0.9998 -0.0000
vn 0.2455 0.9694 -0.0000
vn -0.5509 -0.1300 0.8244
vn -0.5509 0.1300 0.8244
vn -0.0176 0.9998 0.0035
vn 0.2408 0.9694 -0.0479
vn -0.3794 -0.1300 0.9160
vn -0.3794 0.1300 0.9160
vn -0.0166 0.9998 0.0069
vn 0.2269 0.9694 -0.0940
vn -0.1934 -0.1300 0.9725
vn -0.1934 0.1300 0.9725
vn -0.0149 0.9998 0.0100
vn 0.2042 0.9694 -0.1364
vn -0.0000 -0.1300 0.9915
vn -0.0000 0.1300 0.9915
vn -0.0127 0.9998 0.0127
vn 0.1736 0.9694 -0.1736
vn 0.1934 -0.1300 0.9725
vn 0.1934 0.1300 0.9725
vn -0.0100 0.9998 0.0149
vn 0.1364 0.9694 -0.2042
vn 0.3794 -0.1300 0.9160
vn 0.3794 0.1300 0.9160
vn -0.0069 0.9998 0.0166
vn 0.0940 0.9694 -0.2269
vn 0.5509 -0.1300 0.8244
vn 0.5509 0.1300 0.8244
vn -0.0035 0.9998 0.0176
vn 0.0479 0.9694 -0.2408
vn 0.7011 -0.1300 0.7011
vn 0.7011 0.1300 0.7011
vn -0.0000 0.9998 0.0180
vn -0.0000 0.9694 -0.2455
vn 0.8244 -0.1300 0.5509
vn 0.8244 0.1300 0.5509
vn 0.0035 0.9998 0.0176
vn -0.0479 0.9694 -0.2408
vn 0.9160 -0.1300 0.3794
vn 0.9160 0.1300 0.3794
vn 0.0069 0.9998 0.0166
vn -0.0940 0.9694 -0.2269
vn 0.9725 -0.1300 0.1934
vn 0.9725 0.1300 0.1934
vn 0.0100 0.9998 0.0149
vn -0.1364 0.9694 -0.2042
vn 0.9915 -0.1300 -0.0000
vn 0.9915 0.1300 -0.0000
vn 0.0127 0.9998 0.0127
vn -0.1736 0.9694 -0.1736
vn 0.9725 -0.1300 -0.1934
vn 0.9725 0.1300 -0.1934
vn -0.0000 -0.5137 -0.8580
vn -0.1674 -0.5137 -0.8415
vn -0.0000 -0.8971 -0.4418
vn -0.0862 -0.8971 -0.4333
vn -0.3283 -0.5137 -0.7927
vn -0.1691 -0.8971 -0.4081
vn -0.4767 -0.5137 -0.7134
vn -0.2454 -0.8971 -0.3673
vn -0.6067 -0.5137 -0.6067
vn -0.3124 -0.8971 -0.3124
vn -0.7134 -0.5137 -0.4767
vn -0.3673 -0.8971 -0.2454
vn -0.7927 -0.5137 -0.3283
vn -0.4081 -0.8971 -0.1691
vn -0.8415 -0.5137 -0.1674
vn -0.4333 -0.8971 -0.0862
vn -0.8580 -0.5137 -0.0000
vn -0.4418 -0.8971 -0.0000
vn -0.8415 -0.5137 0.1674
vn -0.4333 -0.8971 0.0862
vn -0.7927 -0.5137 0.3283
vn -0.4081 -0.8971 0.1691
vn -0.7134 -0.5137 0.4767
vn -0.3673 -0.8971 0.2454
vn -0.6067 -0.5137 0.6067
vn -0.3124 -0.8971 0.3124
vn -0.4767 -0.5137 0.7134
vn -0.2454 -0.8971 0.3673
vn -0.3283 -0.5137 0.7927
vn -0.1691 -0.8971 0.4081
vn -0.1674 -0.5137 0.8415
vn -0.0862 -0.8971 0.4333
vn -0.0000 -0.5137 0.8580
vn -0.0000 -0.8971 0.4418
vn 0.1674 -0.5137 0.8415
vn 0.0862 -0.8971 0.4333
vn 0.3283 -0.5137 0.7927
vn 0.1691 -0.8971 0.4081
vn 0.4767 -0.5137 0.7134
vn 0.2454 -0.8971 0.3673
vn 0.6067 -0.5137 0.6067
vn 0.3124 -0.8971 0.3124
vn 0.7134 -0.5137 0.4767
vn 0.3673 -0.8971 0.2454
vn 0.7927 -0.5137 0.3283
vn 0.4081 -0.8971 0.1691
vn 0.8415 -0.5137 0.1674
vn 0.4333 -0.8971 0.0862
vn 0.8580 -0.5137 -0.0000
vn 0.4418 -0.8971 -0.0000
vn 0.8415 -0.5137 -0.1674
vn 0.4333 -0.8971 -0.0862
vn 0.7927 -0.5137 -0.3283
vn 0.4081 -0.8971 -0.1691
vn 0.7134 -0.5137 -0.4767
vn 0.3673 -0.8971 -0.2454
vn 0.6067 -0.5137 -0.6067
vn 0.3124 -0.8971 -0.3124
vn 0.4767 -0.5137 -0.7134
vn 0.2454 -0.8971 -0.3673
vn 0.3283 -0.5137 -0.7927
vn 0.1691 -0.8971 -0.4081
vn 0.1674 -0.5137 -0.8415
vn 0.0862 -0.8971 -0.4333
vn -0.0000 0.8971 -0.4418
vn -0.0862 0.8971 -0.4333
vn -0.0000 0.5137 -0.8580
vn -0.1674 0.5137 -0.8415
vn -0.1691 0.8971 -0.4081
vn -0.3283 0.5137 -0.7927
vn -0.2454 0.8971 -0.3673
vn -0.4767 0.5137 -0.7134
vn -0.3124 0.8971 -0.3124
vn -0.6067 0.5137 -0.6067
vn -0.3673 0.8971 -0.2454
vn -0.7134 0.5137 -0.4767
vn -0.4081 0.8971 -0.1691
vn -0.7927 0.5137 -0.3283
vn -0.4333 0.8971 -0.0862
vn -0.8415 0.5137 -0.1674
vn -0.4418 0.8971 -0.0000
vn -0.8580 0.5137 -0.0000
vn -0.4333 0.8971 0.0862
vn -0.8415 0.5137 0.1674
vn -0.4081 0.8971 0.1691
vn -0.7927 0.5137 0.3283
vn -0.3673 0.8971 0.2454
vn -0.7134 0.5137 0.4767
vn -0.3124 0.8971 0.3124
vn -0.6067 0.5137 0.6067
vn -0.2454 0.8971 0.3673
vn -0.4767 0.5137 0.7134
vn -0.1691 0.8971 0.4081
vn -0.3283 0.5137 0.7927
vn -0.0862 0.8971 0.4333
vn -0.1674 0.5137 0.8415
vn -0.0000 0.8971 0.4418
vn -0.0000 0.5137 0.8580
vn 0.0862 0.8971 0.4333
vn 0.1674 0.5137 0.8415
vn 0.1691 0.8971 0.4081
vn 0.3283 0.5137 0.7927
vn 0.2454 0.8971 0.3673
vn 0.4767 0.5137 0.7134
vn 0.3124 0.8971 0.3124
vn 0.6067 0.5137 0.6067
vn 0.3673 0.8971 0.2454
vn 0.7134 0.5137 0.4767
vn 0.4081 0.8971 0.1691
vn 0.7927 0.5137 0.3283
vn 0.4333 0.8971 0.0862
vn 0.8415 0.5137 0.1674
vn 0.4418 0.8971 -0.0000
vn 0.8580 0.5137 -0.0000
vn 0.4333 0.8971 -0.0862
vn 0.8415 0.5137 -0.1674
vn 0.4081 0.8971 -0.1691
vn 0.7927 0.5137 -0.3283
vn 0.3673 0.8971 -0.2454
vn 0.7134 0.5137 -0.4767
vn 0.3124 0.8971 -0.3124
vn 0.6067 0.5137 -0.6067
vn 0.2454 0.8971 -0.3673
vn 0.4767 0.5137 -0.7134
vn 0.1691 0.8971 -0.4081
vn 0.3283 0.5137 -0.7927
vn 0.0862 0.8971 -0.4333
vn 0.1674 0.5137 -0.8415
vn -0.0000 -0.8196 0.5729
vn 0.1118 -0.8196 0.5619
vn -0.0000 -0.4668 0.8844
vn 0.1725 -0.4668 0.8674
vn 0.2192 -0.8196 0.5293
vn 0.3384 -0.4668 0.8171
vn 0.3183 -0.8196 0.4763
vn 0.4913 -0.4668 0.7353
vn 0.4051 -0.8196 0.4051
vn 0.6253 -0.4668 0.6253
vn 0.4763 -0.8196 0.3183
vn 0.7353 -0.4668 0.4913
vn 0.5293 -0.8196 0.2192
vn 0.8171 -0.4668 0.3384
vn 0.5619 -0.8196 0.1118
vn 0.8674 -0.4668 0.1725
vn 0.5729 -0.8196 -0.0000
vn 0.8844 -0.4668 -0.0000
vn 0.5619 -0.8196 -0.1118
vn 0.8674 -0.4668 -0.1725
vn 0.5293 -0.8196 -0.2192
vn 0.8171 -0.4668 -0.3384
vn 0.4763 -0.8196 -0.3183
vn 0.7353 -0.4668 -0.4913
vn 0.4051 -0.8196 -0.4051
vn 0.6253 -0.4668 -0.6253
vn 0.3183 -0.8196 -0.4763
vn 0.4913 -0.4668 -0.7353
vn 0.2192 -0.8196 -0.5293
vn 0.3384 -0.4668 -0.8171
vn 0.1118 -0.8196 -0.5619
vn 0.1725 -0.4668 -0.8674
vn -0.0000 -0.8196 -0.5729
vn -0.0000 -0.4668 -0.8844
vn -0.1118 -0.8196 -0.5619
vn -0.1725 -0.4668 -0.8674
vn -0.2192 -0.8196 -0.5293
vn -0.3384 -0.4668 -0.8171
vn -0.3183 -0.8196 -0.4763
vn -0.4913 -0.4668 -0.7353
vn -0.4051 -0.8196 -0.4051
vn -0.6253 -0.4668 -0.6253
vn -0.4763 -0.8196 -0.3183
vn -0.7353 -0.4668 -0.4913
vn -0.5293 -0.8196 -0.2192
vn -0.8171 -0.4668 -0.3384
vn -0.5619 -0.8196 -0.1118
vn -0.8674 -0.4668 -0.1725
vn -0.5729 -0.8196 -0.0000
vn -0.8844 -0.4668 -0.0000
vn -0.5619 -0.8196 0.1118
vn -0.8674 -0.4668 0.1725
vn -0.5293 -0.8196 0.2192
vn -0.8171 -0.4668 0.3384
vn -0.4763 -0.8196 0.3183
vn -0.7353 -0.4668 0.4913
vn -0.4051 -0.8196 0.4051
vn -0.6253 -0.4668 0.6253
vn -0.3183 -0.8196 0.4763
vn -0.4913 -0.4668 0.7353
vn -0.2192 -0.8196 0.5293
vn -0.3384 -0.4668 0.8171
vn -0.1118 -0.8196 0.5619
vn -0.1725 -0.4668 0.8674
vn -0.0000 0.4668 0.8844
vn 0.1725 0.4668 0.8674
vn -0.0000 0.8196 0.5729
vn 0.1118 0.8196 0.5619
vn 0.3384 0.4668 0.8171
vn 0.2192 0.8196 0.5293
vn 0.4913 0.4668 0.7353
vn 0.3183 0.8196 0.4763
vn 0.6253 0.4668 0.6253
vn 0.4051 0.8196 0.4051
vn 0.7353 0.4668 0.4913
vn 0.4763 0.8196 0.3183
vn 0.8171 0.4668 0.3384
vn 0.5293 0.8196 0.2192
vn 0.8674 0.4668 0.1725
vn 0.5619 0.8196 0.1118
vn 0.8844 0.4668 -0.0000
vn 0.5729 0.8196 -0.0000
vn 0.8674 0.4668 -0.1725
vn 0.5619 0.8196 -0.1118
vn 0.8171 0.4668 -0.3384
vn 0.5293 0.8196 -0.2192
vn 0.7353 0.4668 -0.4913
vn 0.4763 0.8196 -0.3183
vn 0.6253 0.4668 -0.6253
vn 0.4051 0.8196 -0.4051
vn 0.4913 0.4668 -0.7353
vn 0.3183 0.8196 -0.4763
vn 0.3384 0.4668 -0.8171
vn 0.2192 0.8196 -0.5293
vn 0.1725 0.4668 -0.8674
vn 0.1118 0.8196 -0.5619
vn -0.0000 0.4668 -0.8844
vn -0.0000 0.8196 -0.5729
vn -0.1725 0.4668 -0.8674
vn -0.1118 0.8196 -0.5619
vn -0.3384 0.4668 -0.8171
vn -0.2192 0.8196 -0.5293
vn -0.4913 0.4668 -0.7353
vn -0.3183 0.8196 -0.4763
vn -0.6253 0.4668 -0.6253
vn -0.4051 0.8196 -0.4051
vn -0.7353 0.4668 -0.4913
vn -0.4763 0.8196 -0.3183
vn -0.8171 0.4668 -0.3384
vn -0.5293 0.8196 -0.2192
vn -0.8674 0.4668 -0.1725
vn -0.5619 0.8196 -0.1118
vn -0.8844 0.4668 -0.0000
vn -0.5729 0.8196 -0.0000
vn -0.8674 0.4668 0.1725
vn -0.5619 0.8196 0.1118
vn -0.8171 0.4668 0.3384
vn -0.5293 0.8196 0.2192
vn -0.7353 0.4668 0.4913
vn -0.4763 0.8196 0.3183
vn -0.6253 0.4668 0.6253
vn -0.4051 0.8196 0.4051
vn -0.4913 0.4668 0.7353
vn -0.3183 0.8196 0.4763
vn -0.3384 0.4668 0.8171
vn -0.2192 0.8196 0.5293
vn -0.1725 0.4668 0.8674
vn -0.1118 0.8196 0.5619
vt 0.000000 0.000000
s 1
usemtl 材质.021
f 1721/1418/1590 1717/1418/1591 1974/1418/1592 1978/1418/1593
f 1669/1418/1594 1665/1418/1595 1922/1418/1596 1926/1418/1597
f 1777/1418/1598 1782/1418/1599 2033/1418/1600 2038/1418/1601
f 1725/1418/1602 1721/1418/1590 1978/1418/1593 1982/1418/1603
f 1673/1418/1604 1669/1418/1594 1926/1418/1597 1930/1418/1605
f 1657/1418/1606 1653/1418/1607 1906/1418/1608 1914/1418/1609
f 1729/1418/1610 1725/1418/1602 1982/1418/1603 1986/1418/1611
f 1677/1418/1612 1673/1418/1604 1930/1418/1605 1934/1418/1613
f 1733/1418/1614 1729/1418/1610 1986/1418/1611 1990/1418/1615
f 1681/1418/1616 1677/1418/1612 1934/1418/1613 1938/1418/1617
f 1737/1418/1618 1733/1418/1614 1990/1418/1615 1994/1418/1619
f 1685/1418/1620 1681/1418/1616 1938/1418/1617 1942/1418/1621
f 1741/1418/1622 1737/1418/1618 1994/1418/1619 1998/1418/1623
f 1689/1418/1624 1685/1418/1620 1942/1418/1621 1946/1418/1625
f 1745/1418/1626 1741/1418/1622 1998/1418/1623 2002/1418/1627
f 1693/1418/1628 1689/1418/1624 1946/1418/1625 1950/1418/1629
f 1749/1418/1630 1745/1418/1626 2002/1418/1627 2006/1418/1631
f 1697/1418/1632 1693/1418/1628 1950/1418/1629 1954/1418/1633
f 1753/1418/1634 1749/1418/1630 2006/1418/1631 2010/1418/1635
f 1701/1418/1636 1697/1418/1632 1954/1418/1633 1958/1418/1637
f 1757/1418/1638 1753/1418/1634 2010/1418/1635 2014/1418/1639
f 1705/1418/1640 1701/1418/1636 1958/1418/1637 1962/1418/1641
f 1761/1418/1642 1757/1418/1638 2014/1418/1639 2018/1418/1643
f 1709/1418/1644 1705/1418/1640 1962/1418/1641 1966/1418/1645
f 1650/1418/1646 1773/1418/1647 2030/1418/1648 1909/1418/1649
f 1765/1418/1650 1761/1418/1642 2018/1418/1643 2022/1418/1651
f 1713/1418/1652 1709/1418/1644 1966/1418/1645 1970/1418/1653
f 1661/1418/1654 1657/1418/1606 1914/1418/1609 1918/1418/1655
f 1769/1418/1656 1765/1418/1650 2022/1418/1651 2026/1418/1657
f 1717/1418/1591 1713/1418/1652 1970/1418/1653 1974/1418/1592
f 1665/1418/1595 1661/1418/1654 1918/1418/1655 1922/1418/1596
f 1773/1418/1647 1769/1418/1656 2026/1418/1657 2030/1418/1648
f 1977/1418/1658 1973/1418/1659 2102/1418/1660 2106/1418/1661
f 1925/1418/1662 1921/1418/1663 2050/1418/1664 2054/1418/1665
f 1981/1418/1666 1977/1418/1658 2106/1418/1661 2110/1418/1667
f 1929/1418/1668 1925/1418/1662 2054/1418/1665 2058/1418/1669
f 1917/1418/1670 1913/1418/1671 2042/1418/1672 2046/1418/1673
f 1985/1418/1674 1981/1418/1666 2110/1418/1667 2114/1418/1675
f 1933/1418/1676 1929/1418/1668 2058/1418/1669 2062/1418/1677
f 1989/1418/1678 1985/1418/1674 2114/1418/1675 2118/1418/1679
f 1937/1418/1680 1933/1418/1676 2062/1418/1677 2066/1418/1681
f 1993/1418/1682 1989/1418/1678 2118/1418/1679 2122/1418/1683
f 1941/1418/1684 1937/1418/1680 2066/1418/1681 2070/1418/1685
f 1997/1418/1686 1993/1418/1682 2122/1418/1683 2126/1418/1687
f 1945/1418/1688 1941/1418/1684 2070/1418/1685 2074/1418/1689
f 2001/1418/1690 1997/1418/1686 2126/1418/1687 2130/1418/1691
f 1949/1418/1692 1945/1418/1688 2074/1418/1689 2078/1418/1693
f 2005/1418/1694 2001/1418/1690 2130/1418/1691 2134/1418/1695
f 1953/1418/1696 1949/1418/1692 2078/1418/1693 2082/1418/1697
f 2009/1418/1698 2005/1418/1694 2134/1418/1695 2138/1418/1699
f 1957/1418/1700 1953/1418/1696 2082/1418/1697 2086/1418/1701
f 2013/1418/1702 2009/1418/1698 2138/1418/1699 2142/1418/1703
f 1961/1418/1704 1957/1418/1700 2086/1418/1701 2090/1418/1705
f 2017/1418/1706 2013/1418/1702 2142/1418/1703 2146/1418/1707
f 1965/1418/1708 1961/1418/1704 2090/1418/1705 2094/1418/1709
f 1913/1418/1671 1905/1418/1710 2034/1418/1711 2042/1418/1672
f 2021/1418/1712 2017/1418/1706 2146/1418/1707 2150/1418/1713
f 1969/1418/1714 1965/1418/1708 2094/1418/1709 2098/1418/1715
f 1910/1418/1716 2029/1418/1717 2158/1418/1718 2037/1418/1719
f 2025/1418/1720 2021/1418/1712 2150/1418/1713 2154/1418/1721
f 1973/1418/1659 1969/1418/1714 2098/1418/1715 2102/1418/1660
f 1921/1418/1663 1917/1418/1670 2046/1418/1673 2050/1418/1664
f 2029/1418/1717 2025/1418/1720 2154/1418/1721 2158/1418/1718
f 1862/1418/1722 1866/1418/1723 2121/1418/1724 2117/1418/1725
f 1758/1418/1726 1885/1418/1727 1881/1418/1728 1754/1418/1729
f 1654/1418/1730 1781/1418/1731 1778/1418/1732 1649/1418/1733
f 1866/1418/1723 1870/1418/1734 2125/1418/1735 2121/1418/1724
f 1762/1418/1736 1889/1418/1737 1885/1418/1727 1758/1418/1726
f 1658/1418/1738 1785/1418/1739 1781/1418/1731 1654/1418/1730
f 1870/1418/1734 1874/1418/1740 2129/1418/1741 2125/1418/1735
f 1766/1418/1742 1893/1418/1743 1889/1418/1737 1762/1418/1736
f 1662/1418/1744 1789/1418/1745 1785/1418/1739 1658/1418/1738
f 1874/1418/1740 1878/1418/1746 2133/1418/1747 2129/1418/1741
f 1770/1418/1748 1897/1418/1749 1893/1418/1743 1766/1418/1742
f 1666/1418/1750 1793/1418/1751 1789/1418/1745 1662/1418/1744
f 1878/1418/1746 1882/1418/1752 2137/1418/1753 2133/1418/1747
f 1774/1418/1754 1901/1418/1755 1897/1418/1749 1770/1418/1748
f 1670/1418/1756 1797/1418/1757 1793/1418/1751 1666/1418/1750
f 1882/1418/1752 1886/1418/1758 2141/1418/1759 2137/1418/1753
f 1649/1418/1733 1778/1418/1732 1901/1418/1755 1774/1418/1754
f 1674/1418/1760 1801/1418/1761 1797/1418/1757 1670/1418/1756
f 1886/1418/1758 1890/1418/1762 2145/1418/1763 2141/1418/1759
f 1902/1418/1764 1777/1418/1598 2038/1418/1601 2157/1418/1765
f 1678/1418/1766 1805/1418/1767 1801/1418/1761 1674/1418/1760
f 1890/1418/1762 1894/1418/1768 2149/1418/1769 2145/1418/1763
f 1786/1418/1770 1790/1418/1771 2045/1418/1772 2041/1418/1773
f 1682/1418/1774 1809/1418/1775 1805/1418/1767 1678/1418/1766
f 1894/1418/1768 1898/1418/1776 2153/1418/1777 2149/1418/1769
f 1790/1418/1771 1794/1418/1778 2049/1418/1779 2045/1418/1772
f 1686/1418/1780 1813/1418/1781 1809/1418/1775 1682/1418/1774
f 1898/1418/1776 1902/1418/1764 2157/1418/1765 2153/1418/1777
f 1794/1418/1778 1798/1418/1782 2053/1418/1783 2049/1418/1779
f 1690/1418/1784 1817/1418/1785 1813/1418/1781 1686/1418/1780
f 1905/1418/1710 1910/1418/1716 2037/1418/1719 2034/1418/1711
f 1798/1418/1782 1802/1418/1786 2057/1418/1787 2053/1418/1783
f 1694/1418/1788 1821/1418/1789 1817/1418/1785 1690/1418/1784
f 1782/1418/1599 1786/1418/1770 2041/1418/1773 2033/1418/1600
f 1802/1418/1786 1806/1418/1790 2061/1418/1791 2057/1418/1787
f 1698/1418/1792 1825/1418/1793 1821/1418/1789 1694/1418/1788
f 1806/1418/1790 1810/1418/1794 2065/1418/1795 2061/1418/1791
f 1702/1418/1796 1829/1418/1797 1825/1418/1793 1698/1418/1792
f 1810/1418/1794 1814/1418/1798 2069/1418/1799 2065/1418/1795
f 1706/1418/1800 1833/1418/1801 1829/1418/1797 1702/1418/1796
f 1814/1418/1798 1818/1418/1802 2073/1418/1803 2069/1418/1799
f 1710/1418/1804 1837/1418/1805 1833/1418/1801 1706/1418/1800
f 1818/1418/1802 1822/1418/1806 2077/1418/1807 2073/1418/1803
f 1714/1418/1808 1841/1418/1809 1837/1418/1805 1710/1418/1804
f 1822/1418/1806 1826/1418/1810 2081/1418/1811 2077/1418/1807
f 1718/1418/1812 1845/1418/1813 1841/1418/1809 1714/1418/1808
f 1826/1418/1810 1830/1418/1814 2085/1418/1815 2081/1418/1811
f 1722/1418/1816 1849/1418/1817 1845/1418/1813 1718/1418/1812
f 1830/1418/1814 1834/1418/1818 2089/1418/1819 2085/1418/1815
f 1726/1418/1820 1853/1418/1821 1849/1418/1817 1722/1418/1816
f 1834/1418/1818 1838/1418/1822 2093/1418/1823 2089/1418/1819
f 1730/1418/1824 1857/1418/1825 1853/1418/1821 1726/1418/1820
f 1838/1418/1822 1842/1418/1826 2097/1418/1827 2093/1418/1823
f 1734/1418/1828 1861/1418/1829 1857/1418/1825 1730/1418/1824
f 1842/1418/1826 1846/1418/1830 2101/1418/1831 2097/1418/1827
f 1738/1418/1832 1865/1418/1833 1861/1418/1829 1734/1418/1828
f 1846/1418/1830 1850/1418/1834 2105/1418/1835 2101/1418/1831
f 1742/1418/1836 1869/1418/1837 1865/1418/1833 1738/1418/1832
f 1850/1418/1834 1854/1418/1838 2109/1418/1839 2105/1418/1835
f 1746/1418/1840 1873/1418/1841 1869/1418/1837 1742/1418/1836
f 1854/1418/1838 1858/1418/1842 2113/1418/1843 2109/1418/1839
f 1750/1418/1844 1877/1418/1845 1873/1418/1841 1746/1418/1840
f 1858/1418/1842 1862/1418/1722 2117/1418/1725 2113/1418/1843
f 1754/1418/1729 1881/1418/1728 1877/1418/1845 1750/1418/1844
f 1654/1418/1730 1649/1418/1733 1651/1418/1846 1656/1418/1847
f 1656/1418/1847 1651/1418/1846 1652/1418/1848 1655/1418/1849
f 1655/1418/1849 1652/1418/1848 1650/1418/1646 1653/1418/1607
f 1658/1418/1738 1654/1418/1730 1656/1418/1847 1660/1418/1850
f 1660/1418/1850 1656/1418/1847 1655/1418/1849 1659/1418/1851
f 1659/1418/1851 1655/1418/1849 1653/1418/1607 1657/1418/1606
f 1662/1418/1744 1658/1418/1738 1660/1418/1850 1664/1418/1852
f 1664/1418/1852 1660/1418/1850 1659/1418/1851 1663/1418/1853
f 1663/1418/1853 1659/1418/1851 1657/1418/1606 1661/1418/1654
f 1666/1418/1750 1662/1418/1744 1664/1418/1852 1668/1418/1854
f 1668/1418/1854 1664/1418/1852 1663/1418/1853 1667/1418/1855
f 1667/1418/1855 1663/1418/1853 1661/1418/1654 1665/1418/1595
f 1670/1418/1756 1666/1418/1750 1668/1418/1854 1672/1418/1856
f 1672/1418/1856 1668/1418/1854 1667/1418/1855 1671/1418/1857
f 1671/1418/1857 1667/1418/1855 1665/1418/1595 1669/1418/1594
f 1674/1418/1760 1670/1418/1756 1672/1418/1856 1676/1418/1858
f 1676/1418/1858 1672/1418/1856 1671/1418/1857 1675/1418/1859
f 1675/1418/1859 1671/1418/1857 1669/1418/1594 1673/1418/1604
f 1678/1418/1766 1674/1418/1760 1676/1418/1858 1680/1418/1860
f 1680/1418/1860 1676/1418/1858 1675/1418/1859 1679/1418/1861
f 1679/1418/1861 1675/1418/1859 1673/1418/1604 1677/1418/1612
f 1682/1418/1774 1678/1418/1766 1680/1418/1860 1684/1418/1862
f 1684/1418/1862 1680/1418/1860 1679/1418/1861 1683/1418/1863
f 1683/1418/1863 1679/1418/1861 1677/1418/1612 1681/1418/1616
f 1686/1418/1780 1682/1418/1774 1684/1418/1862 1688/1418/1864
f 1688/1418/1864 1684/1418/1862 1683/1418/1863 1687/1418/1865
f 1687/1418/1865 1683/1418/1863 1681/1418/1616 1685/1418/1620
f 1690/1418/1784 1686/1418/1780 1688/1418/1864 1692/1418/1866
f 1692/1418/1866 1688/1418/1864 1687/1418/1865 1691/1418/1867
f 1691/1418/1867 1687/1418/1865 1685/1418/1620 1689/1418/1624
f 1694/1418/1788 1690/1418/1784 1692/1418/1866 1696/1418/1868
f 1696/1418/1868 1692/1418/1866 1691/1418/1867 1695/1418/1869
f 1695/1418/1869 1691/1418/1867 1689/1418/1624 1693/1418/1628
f 1698/1418/1792 1694/1418/1788 1696/1418/1868 1700/1418/1870
f 1700/1418/1870 1696/1418/1868 1695/1418/1869 1699/1418/1871
f 1699/1418/1871 1695/1418/1869 1693/1418/1628 1697/1418/1632
f 1702/1418/1796 1698/1418/1792 1700/1418/1870 1704/1418/1872
f 1704/1418/1872 1700/1418/1870 1699/1418/1871 1703/1418/1873
f 1703/1418/1873 1699/1418/1871 1697/1418/1632 1701/1418/1636
f 1706/1418/1800 1702/1418/1796 1704/1418/1872 1708/1418/1874
f 1708/1418/1874 1704/1418/1872 1703/1418/1873 1707/1418/1875
f 1707/1418/1875 1703/1418/1873 1701/1418/1636 1705/1418/1640
f 1710/1418/1804 1706/1418/1800 1708/1418/1874 1712/1418/1876
f 1712/1418/1876 1708/1418/1874 1707/1418/1875 1711/1418/1877
f 1711/1418/1877 1707/1418/1875 1705/1418/1640 1709/1418/1644
f 1714/1418/1808 1710/1418/1804 1712/1418/1876 1716/1418/1878
f 1716/1418/1878 1712/1418/1876 1711/1418/1877 1715/1418/1879
f 1715/1418/1879 1711/1418/1877 1709/1418/1644 1713/1418/1652
f 1718/1418/1812 1714/1418/1808 1716/1418/1878 1720/1418/1880
f 1720/1418/1880 1716/1418/1878 1715/1418/1879 1719/1418/1881
f 1719/1418/1881 1715/1418/1879 1713/1418/1652 1717/1418/1591
f 1722/1418/1816 1718/1418/1812 1720/1418/1880 1724/1418/1882
f 1724/1418/1882 1720/1418/1880 1719/1418/1881 1723/1418/1883
f 1723/1418/1883 1719/1418/1881 1717/1418/1591 1721/1418/1590
f 1726/1418/1820 1722/1418/1816 1724/1418/1882 1728/1418/1884
f 1728/1418/1884 1724/1418/1882 1723/1418/1883 1727/1418/1885
f 1727/1418/1885 1723/1418/1883 1721/1418/1590 1725/1418/1602
f 1730/1418/1824 1726/1418/1820 1728/1418/1884 1732/1418/1886
f 1732/1418/1886 1728/1418/1884 1727/1418/1885 1731/1418/1887
f 1731/1418/1887 1727/1418/1885 1725/1418/1602 1729/1418/1610
f 1734/1418/1828 1730/1418/1824 1732/1418/1886 1736/1418/1888
f 1736/1418/1888 1732/1418/1886 1731/1418/1887 1735/1418/1889
f 1735/1418/1889 1731/1418/1887 1729/1418/1610 1733/1418/1614
f 1738/1418/1832 1734/1418/1828 1736/1418/1888 1740/1418/1890
f 1740/1418/1890 1736/1418/1888 1735/1418/1889 1739/1418/1891
f 1739/1418/1891 1735/1418/1889 1733/1418/1614 1737/1418/1618
f 1742/1418/1836 1738/1418/1832 1740/1418/1890 1744/1418/1892
f 1744/1418/1892 1740/1418/1890 1739/1418/1891 1743/1418/1893
f 1743/1418/1893 1739/1418/1891 1737/1418/1618 1741/1418/1622
f 1746/1418/1840 1742/1418/1836 1744/1418/1892 1748/1418/1894
f 1748/1418/1894 1744/1418/1892 1743/1418/1893 1747/1418/1895
f 1747/1418/1895 1743/1418/1893 1741/1418/1622 1745/1418/1626
f 1750/1418/1844 1746/1418/1840 1748/1418/1894 1752/1418/1896
f 1752/1418/1896 1748/1418/1894 1747/1418/1895 1751/1418/1897
f 1751/1418/1897 1747/1418/1895 1745/1418/1626 1749/1418/1630
f 1754/1418/1729 1750/1418/1844 1752/1418/1896 1756/1418/1898
f 1756/1418/1898 1752/1418/1896 1751/1418/1897 1755/1418/1899
f 1755/1418/1899 1751/1418/1897 1749/1418/1630 1753/1418/1634
f 1758/1418/1726 1754/1418/1729 1756/1418/1898 1760/1418/1900
f 1760/1418/1900 1756/1418/1898 1755/1418/1899 1759/1418/1901
f 1759/1418/1901 1755/1418/1899 1753/1418/1634 1757/1418/1638
f 1762/1418/1736 1758/1418/1726 1760/1418/1900 1764/1418/1902
f 1764/1418/1902 1760/1418/1900 1759/1418/1901 1763/1418/1903
f 1763/1418/1903 1759/1418/1901 1757/1418/1638 1761/1418/1642
f 1766/1418/1742 1762/1418/1736 1764/1418/1902 1768/1418/1904
f 1768/1418/1904 1764/1418/1902 1763/1418/1903 1767/1418/1905
f 1767/1418/1905 1763/1418/1903 1761/1418/1642 1765/1418/1650
f 1770/1418/1748 1766/1418/1742 1768/1418/1904 1772/1418/1906
f 1772/1418/1906 1768/1418/1904 1767/1418/1905 1771/1418/1907
f 1771/1418/1907 1767/1418/1905 1765/1418/1650 1769/1418/1656
f 1774/1418/1754 1770/1418/1748 1772/1418/1906 1776/1418/1908
f 1776/1418/1908 1772/1418/1906 1771/1418/1907 1775/1418/1909
f 1775/1418/1909 1771/1418/1907 1769/1418/1656 1773/1418/1647
f 1649/1418/1733 1774/1418/1754 1776/1418/1908 1651/1418/1846
f 1651/1418/1846 1776/1418/1908 1775/1418/1909 1652/1418/1848
f 1652/1418/1848 1775/1418/1909 1773/1418/1647 1650/1418/1646
f 1782/1418/1599 1777/1418/1598 1779/1418/1910 1784/1418/1911
f 1784/1418/1911 1779/1418/1910 1780/1418/1912 1783/1418/1913
f 1783/1418/1913 1780/1418/1912 1778/1418/1732 1781/1418/1731
f 1786/1418/1770 1782/1418/1599 1784/1418/1911 1788/1418/1914
f 1788/1418/1914 1784/1418/1911 1783/1418/1913 1787/1418/1915
f 1787/1418/1915 1783/1418/1913 1781/1418/1731 1785/1418/1739
f 1790/1418/1771 1786/1418/1770 1788/1418/1914 1792/1418/1916
f 1792/1418/1916 1788/1418/1914 1787/1418/1915 1791/1418/1917
f 1791/1418/1917 1787/1418/1915 1785/1418/1739 1789/1418/1745
f 1794/1418/1778 1790/1418/1771 1792/1418/1916 1796/1418/1918
f 1796/1418/1918 1792/1418/1916 1791/1418/1917 1795/1418/1919
f 1795/1418/1919 1791/1418/1917 1789/1418/1745 1793/1418/1751
f 1798/1418/1782 1794/1418/1778 1796/1418/1918 1800/1418/1920
f 1800/1418/1920 1796/1418/1918 1795/1418/1919 1799/1418/1921
f 1799/1418/1921 1795/1418/1919 1793/1418/1751 1797/1418/1757
f 1802/1418/1786 1798/1418/1782 1800/1418/1920 1804/1418/1922
f 1804/1418/1922 1800/1418/1920 1799/1418/1921 1803/1418/1923
f 1803/1418/1923 1799/1418/1921 1797/1418/1757 1801/1418/1761
f 1806/1418/1790 1802/1418/1786 1804/1418/1922 1808/1418/1924
f 1808/1418/1924 1804/1418/1922 1803/1418/1923 1807/1418/1925
f 1807/1418/1925 1803/1418/1923 1801/1418/1761 1805/1418/1767
f 1810/1418/1794 1806/1418/1790 1808/1418/1924 1812/1418/1926
f 1812/1418/1926 1808/1418/1924 1807/1418/1925 1811/1418/1927
f 1811/1418/1927 1807/1418/1925 1805/1418/1767 1809/1418/1775
f 1814/1418/1798 1810/1418/1794 1812/1418/1926 1816/1418/1928
f 1816/1418/1928 1812/1418/1926 1811/1418/1927 1815/1418/1929
f 1815/1418/1929 1811/1418/1927 1809/1418/1775 1813/1418/1781
f 1818/1418/1802 1814/1418/1798 1816/1418/1928 1820/1418/1930
f 1820/1418/1930 1816/1418/1928 1815/1418/1929 1819/1418/1931
f 1819/1418/1931 1815/1418/1929 1813/1418/1781 1817/1418/1785
f 1822/1418/1806 1818/1418/1802 1820/1418/1930 1824/1418/1932
f 1824/1418/1932 1820/1418/1930 1819/1418/1931 1823/1418/1933
f 1823/1418/1933 1819/1418/1931 1817/1418/1785 1821/1418/1789
f 1826/1418/1810 1822/1418/1806 1824/1418/1932 1828/1418/1934
f 1828/1418/1934 1824/1418/1932 1823/1418/1933 1827/1418/1935
f 1827/1418/1935 1823/1418/1933 1821/1418/1789 1825/1418/1793
f 1830/1418/1814 1826/1418/1810 1828/1418/1934 1832/1418/1936
f 1832/1418/1936 1828/1418/1934 1827/1418/1935 1831/1418/1937
f 1831/1418/1937 1827/1418/1935 1825/1418/1793 1829/1418/1797
f 1834/1418/1818 1830/1418/1814 1832/1418/1936 1836/1418/1938
f 1836/1418/1938 1832/1418/1936 1831/1418/1937 1835/1418/1939
f 1835/1418/1939 1831/1418/1937 1829/1418/1797 1833/1418/1801
f 1838/1418/1822 1834/1418/1818 1836/1418/1938 1840/1418/1940
f 1840/1418/1940 1836/1418/1938 1835/1418/1939 1839/1418/1941
f 1839/1418/1941 1835/1418/1939 1833/1418/1801 1837/1418/1805
f 1842/1418/1826 1838/1418/1822 1840/1418/1940 1844/1418/1942
f 1844/1418/1942 1840/1418/1940 1839/1418/1941 1843/1418/1943
f 1843/1418/1943 1839/1418/1941 1837/1418/1805 1841/1418/1809
f 1846/1418/1830 1842/1418/1826 1844/1418/1942 1848/1418/1944
f 1848/1418/1944 1844/1418/1942 1843/1418/1943 1847/1418/1945
f 1847/1418/1945 1843/1418/1943 1841/1418/1809 1845/1418/1813
f 1850/1418/1834 1846/1418/1830 1848/1418/1944 1852/1418/1946
f 1852/1418/1946 1848/1418/1944 1847/1418/1945 1851/1418/1947
f 1851/1418/1947 1847/1418/1945 1845/1418/1813 1849/1418/1817
f 1854/1418/1838 1850/1418/1834 1852/1418/1946 1856/1418/1948
f 1856/1418/1948 1852/1418/1946 1851/1418/1947 1855/1418/1949
f 1855/1418/1949 1851/1418/1947 1849/1418/1817 1853/1418/1821
f 1858/1418/1842 1854/1418/1838 1856/1418/1948 1860/1418/1950
f 1860/1418/1950 1856/1418/1948 1855/1418/1949 1859/1418/1951
f 1859/1418/1951 1855/1418/1949 1853/1418/1821 1857/1418/1825
f 1862/1418/1722 1858/1418/1842 1860/1418/1950 1864/1418/1952
f 1864/1418/1952 1860/1418/1950 1859/1418/1951 1863/1418/1953
f 1863/1418/1953 1859/1418/1951 1857/1418/1825 1861/1418/1829
f 1866/1418/1723 1862/1418/1722 1864/1418/1952 1868/1418/1954
f 1868/1418/1954 1864/1418/1952 1863/1418/1953 1867/1418/1955
f 1867/1418/1955 1863/1418/1953 1861/1418/1829 1865/1418/1833
f 1870/1418/1734 1866/1418/1723 1868/1418/1954 1872/1418/1956
f 1872/1418/1956 1868/1418/1954 1867/1418/1955 1871/1418/1957
f 1871/1418/1957 1867/1418/1955 1865/1418/1833 1869/1418/1837
f 1874/1418/1740 1870/1418/1734 1872/1418/1956 1876/1418/1958
f 1876/1418/1958 1872/1418/1956 1871/1418/1957 1875/1418/1959
f 1875/1418/1959 1871/1418/1957 1869/1418/1837 1873/1418/1841
f 1878/1418/1746 1874/1418/1740 1876/1418/1958 1880/1418/1960
f 1880/1418/1960 1876/1418/1958 1875/1418/1959 1879/1418/1961
f 1879/1418/1961 1875/1418/1959 1873/1418/1841 1877/1418/1845
f 1882/1418/1752 1878/1418/1746 1880/1418/1960 1884/1418/1962
f 1884/1418/1962 1880/1418/1960 1879/1418/1961 1883/1418/1963
f 1883/1418/1963 1879/1418/1961 1877/1418/1845 1881/1418/1728
f 1886/1418/1758 1882/1418/1752 1884/1418/1962 1888/1418/1964
f 1888/1418/1964 1884/1418/1962 1883/1418/1963 1887/1418/1965
f 1887/1418/1965 1883/1418/1963 1881/1418/1728 1885/1418/1727
f 1890/1418/1762 1886/1418/1758 1888/1418/1964 1892/1418/1966
f 1892/1418/1966 1888/1418/1964 1887/1418/1965 1891/1418/1967
f 1891/1418/1967 1887/1418/1965 1885/1418/1727 1889/1418/1737
f 1894/1418/1768 1890/1418/1762 1892/1418/1966 1896/1418/1968
f 1896/1418/1968 1892/1418/1966 1891/1418/1967 1895/1418/1969
f 1895/1418/1969 1891/1418/1967 1889/1418/1737 1893/1418/1743
f 1898/1418/1776 1894/1418/1768 1896/1418/1968 1900/1418/1970
f 1900/1418/1970 1896/1418/1968 1895/1418/1969 1899/1418/1971
f 1899/1418/1971 1895/1418/1969 1893/1418/1743 1897/1418/1749
f 1902/1418/1764 1898/1418/1776 1900/1418/1970 1904/1418/1972
f 1904/1418/1972 1900/1418/1970 1899/1418/1971 1903/1418/1973
f 1903/1418/1973 1899/1418/1971 1897/1418/1749 1901/1418/1755
f 1777/1418/1598 1902/1418/1764 1904/1418/1972 1779/1418/1910
f 1779/1418/1910 1904/1418/1972 1903/1418/1973 1780/1418/1912
f 1780/1418/1912 1903/1418/1973 1901/1418/1755 1778/1418/1732
f 1906/1418/1608 1909/1418/1649 1911/1418/1974 1908/1418/1975
f 1908/1418/1975 1911/1418/1974 1912/1418/1976 1907/1418/1977
f 1907/1418/1977 1912/1418/1976 1910/1418/1716 1905/1418/1710
f 1914/1418/1609 1906/1418/1608 1908/1418/1975 1916/1418/1978
f 1916/1418/1978 1908/1418/1975 1907/1418/1977 1915/1418/1979
f 1915/1418/1979 1907/1418/1977 1905/1418/1710 1913/1418/1671
f 1918/1418/1655 1914/1418/1609 1916/1418/1978 1920/1418/1980
f 1920/1418/1980 1916/1418/1978 1915/1418/1979 1919/1418/1981
f 1919/1418/1981 1915/1418/1979 1913/1418/1671 1917/1418/1670
f 1922/1418/1596 1918/1418/1655 1920/1418/1980 1924/1418/1982
f 1924/1418/1982 1920/1418/1980 1919/1418/1981 1923/1418/1983
f 1923/1418/1983 1919/1418/1981 1917/1418/1670 1921/1418/1663
f 1926/1418/1597 1922/1418/1596 1924/1418/1982 1928/1418/1984
f 1928/1418/1984 1924/1418/1982 1923/1418/1983 1927/1418/1985
f 1927/1418/1985 1923/1418/1983 1921/1418/1663 1925/1418/1662
f 1930/1418/1605 1926/1418/1597 1928/1418/1984 1932/1418/1986
f 1932/1418/1986 1928/1418/1984 1927/1418/1985 1931/1418/1987
f 1931/1418/1987 1927/1418/1985 1925/1418/1662 1929/1418/1668
f 1934/1418/1613 1930/1418/1605 1932/1418/1986 1936/1418/1988
f 1936/1418/1988 1932/1418/1986 1931/1418/1987 1935/1418/1989
f 1935/1418/1989 1931/1418/1987 1929/1418/1668 1933/1418/1676
f 1938/1418/1617 1934/1418/1613 1936/1418/1988 1940/1418/1990
f 1940/1418/1990 1936/1418/1988 1935/1418/1989 1939/1418/1991
f 1939/1418/1991 1935/1418/1989 1933/1418/1676 1937/1418/1680
f 1942/1418/1621 1938/1418/1617 1940/1418/1990 1944/1418/1992
f 1944/1418/1992 1940/1418/1990 1939/1418/1991 1943/1418/1993
f 1943/1418/1993 1939/1418/1991 1937/1418/1680 1941/1418/1684
f 1946/1418/1625 1942/1418/1621 1944/1418/1992 1948/1418/1994
f 1948/1418/1994 1944/1418/1992 1943/1418/1993 1947/1418/1995
f 1947/1418/1995 1943/1418/1993 1941/1418/1684 1945/1418/1688
f 1950/1418/1629 1946/1418/1625 1948/1418/1994 1952/1418/1996
f 1952/1418/1996 1948/1418/1994 1947/1418/1995 1951/1418/1997
f 1951/1418/1997 1947/1418/1995 1945/1418/1688 1949/1418/1692
f 1954/1418/1633 1950/1418/1629 1952/1418/1996 1956/1418/1998
f 1956/1418/1998 1952/1418/1996 1951/1418/1997 1955/1418/1999
f 1955/1418/1999 1951/1418/1997 1949/1418/1692 1953/1418/1696
f 1958/1418/1637 1954/1418/1633 1956/1418/1998 1960/1418/2000
f 1960/1418/2000 1956/1418/1998 1955/1418/1999 1959/1418/2001
f 1959/1418/2001 1955/1418/1999 1953/1418/1696 1957/1418/1700
f 1962/1418/1641 1958/1418/1637 1960/1418/2000 1964/1418/2002
f 1964/1418/2002 1960/1418/2000 1959/1418/2001 1963/1418/2003
f 1963/1418/2003 1959/1418/2001 1957/1418/1700 1961/1418/1704
f 1966/1418/1645 1962/1418/1641 1964/1418/2002 1968/1418/2004
f 1968/1418/2004 1964/1418/2002 1963/1418/2003 1967/1418/2005
f 1967/1418/2005 1963/1418/2003 1961/1418/1704 1965/1418/1708
f 1970/1418/1653 1966/1418/1645 1968/1418/2004 1972/1418/2006
f 1972/1418/2006 1968/1418/2004 1967/1418/2005 1971/1418/2007
f 1971/1418/2007 1967/1418/2005 1965/1418/1708 1969/1418/1714
f 1974/1418/1592 1970/1418/1653 1972/1418/2006 1976/1418/2008
f 1976/1418/2008 1972/1418/2006 1971/1418/2007 1975/1418/2009
f 1975/1418/2009 1971/1418/2007 1969/1418/1714 1973/1418/1659
f 1978/1418/1593 1974/1418/1592 1976/1418/2008 1980/1418/2010
f 1980/1418/2010 1976/1418/2008 1975/1418/2009 1979/1418/2011
f 1979/1418/2011 1975/1418/2009 1973/1418/1659 1977/1418/1658
f 1982/1418/1603 1978/1418/1593 1980/1418/2010 1984/1418/2012
f 1984/1418/2012 1980/1418/2010 1979/1418/2011 1983/1418/2013
f 1983/1418/2013 1979/1418/2011 1977/1418/1658 1981/1418/1666
f 1986/1418/1611 1982/1418/1603 1984/1418/2012 1988/1418/2014
f 1988/1418/2014 1984/1418/2012 1983/1418/2013 1987/1418/2015
f 1987/1418/2015 1983/1418/2013 1981/1418/1666 1985/1418/1674
f 1990/1418/1615 1986/1418/1611 1988/1418/2014 1992/1418/2016
f 1992/1418/2016 1988/1418/2014 1987/1418/2015 1991/1418/2017
f 1991/1418/2017 1987/1418/2015 1985/1418/1674 1989/1418/1678
f 1994/1418/1619 1990/1418/1615 1992/1418/2016 1996/1418/2018
f 1996/1418/2018 1992/1418/2016 1991/1418/2017 1995/1418/2019
f 1995/1418/2019 1991/1418/2017 1989/1418/1678 1993/1418/1682
f 1998/1418/1623 1994/1418/1619 1996/1418/2018 2000/1418/2020
f 2000/1418/2020 1996/1418/2018 1995/1418/2019 1999/1418/2021
f 1999/1418/2021 1995/1418/2019 1993/1418/1682 1997/1418/1686
f 2002/1418/1627 1998/1418/1623 2000/1418/2020 2004/1418/2022
f 2004/1418/2022 2000/1418/2020 1999/1418/2021 2003/1418/2023
f 2003/1418/2023 1999/1418/2021 1997/1418/1686 2001/1418/1690
f 2006/1418/1631 2002/1418/1627 2004/1418/2022 2008/1418/2024
f 2008/1418/2024 2004/1418/2022 2003/1418/2023 2007/1418/2025
f 2007/1418/2025 2003/1418/2023 2001/1418/1690 2005/1418/1694
f 2010/1418/1635 2006/1418/1631 2008/1418/2024 2012/1418/2026
f 2012/1418/2026 2008/1418/2024 2007/1418/2025 2011/1418/2027
f 2011/1418/2027 2007/1418/2025 2005/1418/1694 2009/1418/1698
f 2014/1418/1639 2010/1418/1635 2012/1418/2026 2016/1418/2028
f 2016/1418/2028 2012/1418/2026 2011/1418/2027 2015/1418/2029
f 2015/1418/2029 2011/1418/2027 2009/1418/1698 2013/1418/1702
f 2018/1418/1643 2014/1418/1639 2016/1418/2028 2020/1418/2030
f 2020/1418/2030 2016/1418/2028 2015/1418/2029 2019/1418/2031
f 2019/1418/2031 2015/1418/2029 2013/1418/1702 2017/1418/1706
f 2022/1418/1651 2018/1418/1643 2020/1418/2030 2024/1418/2032
f 2024/1418/2032 2020/1418/2030 2019/1418/2031 2023/1418/2033
f 2023/1418/2033 2019/1418/2031 2017/1418/1706 2021/1418/1712
f 2026/1418/1657 2022/1418/1651 2024/1418/2032 2028/1418/2034
f 2028/1418/2034 2024/1418/2032 2023/1418/2033 2027/1418/2035
f 2027/1418/2035 2023/1418/2033 2021/1418/1712 2025/1418/1720
f 2030/1418/1648 2026/1418/1657 2028/1418/2034 2032/1418/2036
f 2032/1418/2036 2028/1418/2034 2027/1418/2035 2031/1418/2037
f 2031/1418/2037 2027/1418/2035 2025/1418/1720 2029/1418/1717
f 1909/1418/1649 2030/1418/1648 2032/1418/2036 1911/1418/1974
f 1911/1418/1974 2032/1418/2036 2031/1418/2037 1912/1418/1976
f 1912/1418/1976 2031/1418/2037 2029/1418/1717 1910/1418/1716
f 2034/1418/1711 2037/1418/1719 2039/1418/2038 2036/1418/2039
f 2036/1418/2039 2039/1418/2038 2040/1418/2040 2035/1418/2041
f 2035/1418/2041 2040/1418/2040 2038/1418/1601 2033/1418/1600
f 2042/1418/1672 2034/1418/1711 2036/1418/2039 2044/1418/2042
f 2044/1418/2042 2036/1418/2039 2035/1418/2041 2043/1418/2043
f 2043/1418/2043 2035/1418/2041 2033/1418/1600 2041/1418/1773
f 2046/1418/1673 2042/1418/1672 2044/1418/2042 2048/1418/2044
f 2048/1418/2044 2044/1418/2042 2043/1418/2043 2047/1418/2045
f 2047/1418/2045 2043/1418/2043 2041/1418/1773 2045/1418/1772
f 2050/1418/1664 2046/1418/1673 2048/1418/2044 2052/1418/2046
f 2052/1418/2046 2048/1418/2044 2047/1418/2045 2051/1418/2047
f 2051/1418/2047 2047/1418/2045 2045/1418/1772 2049/1418/1779
f 2054/1418/1665 2050/1418/1664 2052/1418/2046 2056/1418/2048
f 2056/1418/2048 2052/1418/2046 2051/1418/2047 2055/1418/2049
f 2055/1418/2049 2051/1418/2047 2049/1418/1779 2053/1418/1783
f 2058/1418/1669 2054/1418/1665 2056/1418/2048 2060/1418/2050
f 2060/1418/2050 2056/1418/2048 2055/1418/2049 2059/1418/2051
f 2059/1418/2051 2055/1418/2049 2053/1418/1783 2057/1418/1787
f 2062/1418/1677 2058/1418/1669 2060/1418/2050 2064/1418/2052
f 2064/1418/2052 2060/1418/2050 2059/1418/2051 2063/1418/2053
f 2063/1418/2053 2059/1418/2051 2057/1418/1787 2061/1418/1791
f 2066/1418/1681 2062/1418/1677 2064/1418/2052 2068/1418/2054
f 2068/1418/2054 2064/1418/2052 2063/1418/2053 2067/1418/2055
f 2067/1418/2055 2063/1418/2053 2061/1418/1791 2065/1418/1795
f 2070/1418/1685 2066/1418/1681 2068/1418/2054 2072/1418/2056
f 2072/1418/2056 2068/1418/2054 2067/1418/2055 2071/1418/2057
f 2071/1418/2057 2067/1418/2055 2065/1418/1795 2069/1418/1799
f 2074/1418/1689 2070/1418/1685 2072/1418/2056 2076/1418/2058
f 2076/1418/2058 2072/1418/2056 2071/1418/2057 2075/1418/2059
f 2075/1418/2059 2071/1418/2057 2069/1418/1799 2073/1418/1803
f 2078/1418/1693 2074/1418/1689 2076/1418/2058 2080/1418/2060
f 2080/1418/2060 2076/1418/2058 2075/1418/2059 2079/1418/2061
f 2079/1418/2061 2075/1418/2059 2073/1418/1803 2077/1418/1807
f 2082/1418/1697 2078/1418/1693 2080/1418/2060 2084/1418/2062
f 2084/1418/2062 2080/1418/2060 2079/1418/2061 2083/1418/2063
f 2083/1418/2063 2079/1418/2061 2077/1418/1807 2081/1418/1811
f 2086/1418/1701 2082/1418/1697 2084/1418/2062 2088/1418/2064
f 2088/1418/2064 2084/1418/2062 2083/1418/2063 2087/1418/2065
f 2087/1418/2065 2083/1418/2063 2081/1418/1811 2085/1418/1815
f 2090/1418/1705 2086/1418/1701 2088/1418/2064 2092/1418/2066
f 2092/1418/2066 2088/1418/2064 2087/1418/2065 2091/1418/2067
f 2091/1418/2067 2087/1418/2065 2085/1418/1815 2089/1418/1819
f 2094/1418/1709 2090/1418/1705 2092/1418/2066 2096/1418/2068
f 2096/1418/2068 2092/1418/2066 2091/1418/2067 2095/1418/2069
f 2095/1418/2069 2091/1418/2067 2089/1418/1819 2093/1418/1823
f 2098/1418/1715 2094/1418/1709 2096/1418/2068 2100/1418/2070
f 2100/1418/2070 2096/1418/2068 2095/1418/2069 2099/1418/2071
f 2099/1418/2071 2095/1418/2069 2093/1418/1823 2097/1418/1827
f 2102/1418/1660 2098/1418/1715 2100/1418/2070 2104/1418/2072
f 2104/1418/2072 2100/1418/2070 2099/1418/2071 2103/1418/2073
f 2103/1418/2073 2099/1418/2071 2097/1418/1827 2101/1418/1831
f 2106/1418/1661 2102/1418/1660 2104/1418/2072 2108/1418/2074
f 2108/1418/2074 2104/1418/2072 2103/1418/2073 2107/1418/2075
f 2107/1418/2075 2103/1418/2073 2101/1418/1831 2105/1418/1835
f 2110/1418/1667 2106/1418/1661 2108/1418/2074 2112/1418/2076
f 2112/1418/2076 2108/1418/2074 2107/1418/2075 2111/1418/2077
f 2111/1418/2077 2107/1418/2075 2105/1418/1835 2109/1418/1839
f 2114/1418/1675 2110/1418/1667 2112/1418/2076 2116/1418/2078
f 2116/1418/2078 2112/1418/2076 2111/1418/2077 2115/1418/2079
f 2115/1418/2079 2111/1418/2077 2109/1418/1839 2113/1418/1843
f 2118/1418/1679 2114/1418/1675 2116/1418/2078 2120/1418/2080
f 2120/1418/2080 2116/1418/2078 2115/1418/2079 2119/1418/2081
f 2119/1418/2081 2115/1418/2079 2113/1418/1843 2117/1418/1725
f 2122/1418/1683 2118/1418/1679 2120/1418/2080 2124/1418/2082
f 2124/1418/2082 2120/1418/2080 2119/1418/2081 2123/1418/2083
f 2123/1418/2083 2119/1418/2081 2117/1418/1725 2121/1418/1724
f 2126/1418/1687 2122/1418/1683 2124/1418/2082 2128/1418/2084
f 2128/1418/2084 2124/1418/2082 2123/1418/2083 2127/1418/2085
f 2127/1418/2085 2123/1418/2083 2121/1418/1724 2125/1418/1735
f 2130/1418/1691 2126/1418/1687 2128/1418/2084 2132/1418/2086
f 2132/1418/2086 2128/1418/2084 2127/1418/2085 2131/1418/2087
f 2131/1418/2087 2127/1418/2085 2125/1418/1735 2129/1418/1741
f 2134/1418/1695 2130/1418/1691 2132/1418/2086 2136/1418/2088
f 2136/1418/2088 2132/1418/2086 2131/1418/2087 2135/1418/2089
f 2135/1418/2089 2131/1418/2087 2129/1418/1741 2133/1418/1747
f 2138/1418/1699 2134/1418/1695 2136/1418/2088 2140/1418/2090
f 2140/1418/2090 2136/1418/2088 2135/1418/2089 2139/1418/2091
f 2139/1418/2091 2135/1418/2089 2133/1418/1747 2137/1418/1753
f 2142/1418/1703 2138/1418/1699 2140/1418/2090 2144/1418/2092
f 2144/1418/2092 2140/1418/2090 2139/1418/2091 2143/1418/2093
f 2143/1418/2093 2139/1418/2091 2137/1418/1753 2141/1418/1759
f 2146/1418/1707 2142/1418/1703 2144/1418/2092 2148/1418/2094
f 2148/1418/2094 2144/1418/2092 2143/1418/2093 2147/1418/2095
f 2147/1418/2095 2143/1418/2093 2141/1418/1759 2145/1418/1763
f 2150/1418/1713 2146/1418/1707 2148/1418/2094 2152/1418/2096
f 2152/1418/2096 2148/1418/2094 2147/1418/2095 2151/1418/2097
f 2151/1418/2097 2147/1418/2095 2145/1418/1763 2149/1418/1769
f 2154/1418/1721 2150/1418/1713 2152/1418/2096 2156/1418/2098
f 2156/1418/2098 2152/1418/2096 2151/1418/2097 2155/1418/2099
f 2155/1418/2099 2151/1418/2097 2149/1418/1769 2153/1418/1777
f 2158/1418/1718 2154/1418/1721 2156/1418/2098 2160/1418/2100
f 2160/1418/2100 2156/1418/2098 2155/1418/2099 2159/1418/2101
f 2159/1418/2101 2155/1418/2099 2153/1418/1777 2157/1418/1765
f 2037/1418/1719 2158/1418/1718 2160/1418/2100 2039/1418/2038
f 2039/1418/2038 2160/1418/2100 2159/1418/2101 2040/1418/2040
f 2040/1418/2040 2159/1418/2101 2157/1418/1765 2038/1418/1601
f 1653/1418/1607 1650/1418/1646 1909/1418/1649 1906/1418/1608
o 镜片
v 2.335014 0.318381 0.947446
v 2.335014 0.318381 0.947446
v 2.335014 0.318381 0.947446
v 2.335014 0.318381 0.947446
v 2.335014 0.318381 0.947446
v 2.335014 0.318381 0.947446
v 2.335014 0.318381 0.947446
v 2.335014 0.318381 0.947446
v 2.335014 0.318381 0.947446
v 2.335014 0.318381 0.947446
v 2.335014 0.318381 0.947446
v 2.335014 0.318381 0.947446
v 2.335014 0.318381 0.947446
v 2.335014 0.318381 0.947446
v 2.335014 0.318381 0.947446
v 2.335014 0.318381 0.947446
v 2.335014 0.318381 0.947446
v 2.335014 0.318381 0.947446
v 2.335014 0.318381 0.947446
v 2.335014 0.318381 0.947446
v 2.335014 0.318381 0.947446
v 2.335014 0.318381 0.947446
v 2.335014 0.318381 0.947446
v 2.335014 0.318381 0.947446
v 2.335014 0.318381 0.947446
v 2.335014 0.318381 0.947446
v 2.335014 0.318381 0.947446
v 2.335014 0.318381 0.947446
v 2.335014 0.318381 0.947446
v 2.335014 0.318381 0.947446
v 2.335014 0.318381 0.947446
v 2.335014 0.318381 0.947446
v 2.335014 0.368381 0.947446
v 2.335014 0.368381 0.947446
v 2.335014 0.368381 0.947446
v 2.335014 0.368381 0.947446
v 2.335014 0.368381 0.947446
v 2.335014 0.368381 0.947446
v 2.335014 0.368381 0.947446
v 2.335014 0.368381 0.947446
v 2.335014 0.368381 0.947446
v 2.335014 0.368381 0.947446
v 2.335014 0.368381 0.947446
v 2.335014 0.368381 0.947446
v 2.335014 0.368381 0.947446
v 2.335014 0.368381 0.947446
v 2.335014 0.368381 0.947446
v 2.335014 0.368381 0.947446
v 2.335014 0.368381 0.947446
v 2.335014 0.368381 0.947446
v 2.335014 0.368381 0.947446
v 2.335014 0.368381 0.947446
v 2.335014 0.368381 0.947446
v 2.335014 0.368381 0.947446
v 2.335014 0.368381 0.947446
v 2.335014 0.368381 0.947446
v 2.335014 0.368381 0.947446
v 2.335014 0.368381 0.947446
v 2.335014 0.368381 0.947446
v 2.335014 0.368381 0.947446
v 2.335014 0.368381 0.947446
v 2.335014 0.368381 0.947446
v 2.335014 0.368381 0.947446
v 2.335014 0.368381 0.947446
v 2.335014 0.368381 0.948292
v 2.335014 0.343380 0.772446
v 2.335014 0.368073 0.920784
v 2.335014 0.367157 0.893953
v 2.335014 0.365656 0.868460
v 2.335014 0.363606 0.844932
v 2.335014 0.361058 0.823950
v 2.335014 0.358075 0.806030
v 2.335014 0.354730 0.791612
v 2.335014 0.351106 0.781052
v 2.335014 0.347291 0.774611
v 2.335014 0.343380 0.772446
v 2.335014 0.318381 0.948292
v 2.335014 0.339470 0.774611
v 2.335014 0.335655 0.781052
v 2.335014 0.332031 0.791612
v 2.335014 0.328686 0.806030
v 2.335014 0.325703 0.823950
v 2.335014 0.323155 0.844932
v 2.335014 0.321105 0.868460
v 2.335014 0.319604 0.893953
v 2.335014 0.318688 0.920784
v 2.369155 0.343380 0.775808
v 2.334849 0.368381 0.948276
v 2.368732 0.347291 0.777932
v 2.367476 0.351106 0.784250
v 2.365416 0.354730 0.794606
v 2.362603 0.358075 0.808747
v 2.359107 0.361058 0.826323
v 2.355013 0.363606 0.846902
v 2.350423 0.365656 0.869977
v 2.345450 0.367157 0.894981
v 2.340215 0.368073 0.921296
v 2.334849 0.318381 0.948276
v 2.369155 0.343380 0.775808
v 2.340215 0.318688 0.921296
v 2.345450 0.319604 0.894981
v 2.350423 0.321105 0.869977
v 2.355013 0.323155 0.846902
v 2.359107 0.325703 0.826323
v 2.362603 0.328686 0.808747
v 2.365416 0.332031 0.794606
v 2.367476 0.335655 0.784250
v 2.368732 0.339470 0.777932
v 2.401983 0.343380 0.785767
v 2.334690 0.368381 0.948228
v 2.401155 0.347291 0.787767
v 2.398690 0.351106 0.793718
v 2.394649 0.354730 0.803474
v 2.389132 0.358075 0.816794
v 2.382274 0.361058 0.833351
v 2.374244 0.363606 0.852736
v 2.365240 0.365656 0.874472
v 2.355485 0.367157 0.898025
v 2.345217 0.368073 0.922813
v 2.334690 0.318381 0.948228
v 2.401983 0.343380 0.785767
v 2.345217 0.318688 0.922814
v 2.355485 0.319604 0.898025
v 2.365240 0.321105 0.874472
v 2.374244 0.323155 0.852736
v 2.382274 0.325703 0.833351
v 2.389132 0.328686 0.816794
v 2.394649 0.332031 0.803474
v 2.398690 0.335655 0.793718
v 2.401155 0.339470 0.787767
v 2.432239 0.343380 0.801939
v 2.334543 0.368381 0.948150
v 2.431036 0.347291 0.803739
v 2.427457 0.351106 0.809095
v 2.421591 0.354730 0.817875
v 2.413580 0.358075 0.829862
v 2.403624 0.361058 0.844763
v 2.391967 0.363606 0.862209
v 2.378896 0.365656 0.881771
v 2.364733 0.367157 0.902968
v 2.349826 0.368073 0.925277
v 2.334543 0.318381 0.948150
v 2.432239 0.343380 0.801939
v 2.349826 0.318688 0.925277
v 2.364733 0.319604 0.902968
v 2.378896 0.321105 0.881771
v 2.391967 0.323155 0.862209
v 2.403624 0.325703 0.844763
v 2.413580 0.328686 0.829862
v 2.421591 0.332031 0.817875
v 2.427457 0.335655 0.809095
v 2.431036 0.339470 0.803739
v 2.458757 0.343380 0.823702
v 2.334415 0.368381 0.948044
v 2.457227 0.347291 0.825233
v 2.452672 0.351106 0.829788
v 2.445205 0.354730 0.837255
v 2.435010 0.358075 0.847449
v 2.422338 0.361058 0.860121
v 2.407502 0.363606 0.874958
v 2.390865 0.365656 0.891594
v 2.372839 0.367157 0.909621
v 2.353867 0.368073 0.928593
v 2.334415 0.318381 0.948044
v 2.458757 0.343380 0.823702
v 2.353867 0.318688 0.928593
v 2.372839 0.319604 0.909621
v 2.390865 0.321105 0.891594
v 2.407502 0.323155 0.874958
v 2.422338 0.325703 0.860121
v 2.435010 0.328686 0.847449
v 2.445205 0.332031 0.837255
v 2.452672 0.335655 0.829788
v 2.457227 0.339470 0.825233
v 2.480521 0.343380 0.850221
v 2.334310 0.368381 0.947916
v 2.478721 0.347291 0.851424
v 2.473365 0.351106 0.855003
v 2.464585 0.354730 0.860869
v 2.452597 0.358075 0.868879
v 2.437697 0.361058 0.878835
v 2.420251 0.363606 0.890492
v 2.400688 0.365656 0.903563
v 2.379492 0.367157 0.917727
v 2.357182 0.368073 0.932633
v 2.334310 0.318381 0.947916
v 2.480521 0.343380 0.850221
v 2.357182 0.318688 0.932633
v 2.379492 0.319604 0.917727
v 2.400688 0.321105 0.903563
v 2.420251 0.323155 0.890492
v 2.437697 0.325703 0.878835
v 2.452597 0.328686 0.868879
v 2.464585 0.332031 0.860869
v 2.473365 0.335655 0.855003
v 2.478721 0.339470 0.851424
v 2.496693 0.343380 0.880476
v 2.334232 0.368381 0.947770
v 2.494693 0.347291 0.881305
v 2.488741 0.351106 0.883770
v 2.478986 0.354730 0.887811
v 2.465665 0.358075 0.893328
v 2.449109 0.361058 0.900186
v 2.429724 0.363606 0.908216
v 2.407987 0.365656 0.917219
v 2.384435 0.367157 0.926975
v 2.359646 0.368073 0.937243
v 2.334232 0.318381 0.947770
v 2.496693 0.343380 0.880476
v 2.359646 0.318688 0.937243
v 2.384435 0.319604 0.926975
v 2.407987 0.321105 0.917219
v 2.429724 0.323155 0.908216
v 2.449109 0.325703 0.900186
v 2.465665 0.328686 0.893328
v 2.478986 0.332031 0.887811
v 2.488741 0.335655 0.883770
v 2.494693 0.339470 0.881305
v 2.506651 0.343381 0.913305
v 2.334183 0.368381 0.947611
v 2.504528 0.347291 0.913727
v 2.498210 0.351106 0.914984
v 2.487853 0.354730 0.917044
v 2.473713 0.358075 0.919857
v 2.456136 0.361058 0.923353
v 2.435557 0.363606 0.927446
v 2.412482 0.365656 0.932036
v 2.387479 0.367157 0.937010
v 2.361163 0.368073 0.942244
v 2.334183 0.318381 0.947611
v 2.506651 0.343381 0.913305
v 2.361163 0.318688 0.942244
v 2.387479 0.319604 0.937010
v 2.412482 0.321105 0.932036
v 2.435557 0.323155 0.927446
v 2.456136 0.325703 0.923353
v 2.473713 0.328686 0.919857
v 2.487853 0.332031 0.917044
v 2.498210 0.335655 0.914984
v 2.504528 0.339470 0.913727
v 2.510014 0.343381 0.947446
v 2.334167 0.368381 0.947446
v 2.507849 0.347291 0.947446
v 2.501407 0.351106 0.947446
v 2.490848 0.354730 0.947446
v 2.476430 0.358075 0.947446
v 2.458509 0.361058 0.947446
v 2.437527 0.363606 0.947446
v 2.414000 0.365656 0.947446
v 2.388507 0.367157 0.947446
v 2.361676 0.368073 0.947446
v 2.334167 0.318381 0.947446
v 2.510014 0.343381 0.947446
v 2.361676 0.318688 0.947446
v 2.388507 0.319604 0.947446
v 2.414000 0.321105 0.947446
v 2.437527 0.323155 0.947446
v 2.458509 0.325703 0.947446
v 2.476430 0.328686 0.947446
v 2.490848 0.332031 0.947446
v 2.501407 0.335655 0.947446
v 2.507849 0.339470 0.947446
v 2.506651 0.343381 0.981587
v 2.334183 0.368381 0.947281
v 2.504528 0.347291 0.981164
v 2.498210 0.351106 0.979907
v 2.487853 0.354730 0.977847
v 2.473713 0.358075 0.975035
v 2.456136 0.361058 0.971539
v 2.435557 0.363606 0.967445
v 2.412482 0.365656 0.962855
v 2.387479 0.367157 0.957882
v 2.361163 0.368073 0.952647
v 2.334183 0.318381 0.947281
v 2.506651 0.343381 0.981587
v 2.361163 0.318688 0.952647
v 2.387479 0.319604 0.957882
v 2.412482 0.321105 0.962855
v 2.435557 0.323155 0.967445
v 2.456136 0.325703 0.971539
v 2.473713 0.328686 0.975035
v 2.487853 0.332031 0.977847
v 2.498210 0.335655 0.979907
v 2.504528 0.339470 0.981164
v 2.496693 0.343381 1.014415
v 2.334232 0.368381 0.947122
v 2.494693 0.347291 1.013587
v 2.488741 0.351106 1.011122
v 2.478986 0.354730 1.007081
v 2.465665 0.358075 1.001563
v 2.449109 0.361058 0.994705
v 2.429724 0.363606 0.986676
v 2.407987 0.365656 0.977672
v 2.384435 0.367157 0.967917
v 2.359646 0.368073 0.957649
v 2.334232 0.318381 0.947122
v 2.496693 0.343381 1.014415
v 2.359646 0.318688 0.957649
v 2.384435 0.319604 0.967917
v 2.407987 0.321105 0.977672
v 2.429724 0.323155 0.986676
v 2.449109 0.325703 0.994705
v 2.465665 0.328686 1.001563
v 2.478986 0.332031 1.007081
v 2.488741 0.335655 1.011122
v 2.494693 0.339470 1.013587
v 2.480521 0.343381 1.044670
v 2.334310 0.368381 0.946975
v 2.478721 0.347291 1.043468
v 2.473365 0.351106 1.039889
v 2.464585 0.354730 1.034022
v 2.452597 0.358075 1.026012
v 2.437697 0.361058 1.016056
v 2.420251 0.363606 1.004399
v 2.400688 0.365656 0.991328
v 2.379492 0.367157 0.977165
v 2.357182 0.368073 0.962258
v 2.334310 0.318381 0.946975
v 2.480521 0.343381 1.044670
v 2.357182 0.318688 0.962258
v 2.379492 0.319604 0.977165
v 2.400688 0.321105 0.991328
v 2.420251 0.323155 1.004399
v 2.437697 0.325703 1.016056
v 2.452597 0.328686 1.026012
v 2.464585 0.332031 1.034022
v 2.473365 0.335655 1.039889
v 2.478721 0.339470 1.043468
v 2.458758 0.343381 1.071189
v 2.334415 0.368381 0.946847
v 2.457227 0.347291 1.069659
v 2.452672 0.351106 1.065104
v 2.445205 0.354730 1.057637
v 2.435010 0.358075 1.047442
v 2.422338 0.361058 1.034770
v 2.407502 0.363606 1.019934
v 2.390865 0.365656 1.003297
v 2.372839 0.367157 0.985271
v 2.353867 0.368073 0.966298
v 2.334415 0.318381 0.946847
v 2.458758 0.343381 1.071189
v 2.353867 0.318688 0.966298
v 2.372839 0.319604 0.985271
v 2.390865 0.321105 1.003297
v 2.407502 0.323155 1.019934
v 2.422338 0.325703 1.034770
v 2.435010 0.328686 1.047442
v 2.445205 0.332031 1.057637
v 2.452672 0.335655 1.065104
v 2.457227 0.339470 1.069659
v 2.432239 0.343381 1.092953
v 2.334543 0.368381 0.946742
v 2.431036 0.347291 1.091153
v 2.427457 0.351106 1.085797
v 2.421591 0.354730 1.077017
v 2.413580 0.358075 1.065029
v 2.403624 0.361058 1.050129
v 2.391967 0.363606 1.032682
v 2.378896 0.365656 1.013120
v 2.364733 0.367157 0.991923
v 2.349826 0.368073 0.969614
v 2.334543 0.318381 0.946742
v 2.432239 0.343381 1.092953
v 2.349826 0.318688 0.969614
v 2.364733 0.319604 0.991923
v 2.378896 0.321105 1.013120
v 2.391967 0.323155 1.032683
v 2.403624 0.325703 1.050129
v 2.413580 0.328686 1.065029
v 2.421591 0.332031 1.077017
v 2.427457 0.335655 1.085797
v 2.431036 0.339470 1.091153
v 2.401983 0.343381 1.109125
v 2.334690 0.368381 0.946663
v 2.401155 0.347291 1.107124
v 2.398690 0.351106 1.101173
v 2.394649 0.354730 1.091417
v 2.389132 0.358075 1.078097
v 2.382274 0.361058 1.061541
v 2.374244 0.363606 1.042156
v 2.365241 0.365656 1.020419
v 2.355485 0.367157 0.996867
v 2.345217 0.368073 0.972078
v 2.334690 0.318381 0.946663
v 2.401983 0.343381 1.109125
v 2.345217 0.318688 0.972078
v 2.355485 0.319604 0.996867
v 2.365241 0.321105 1.020419
v 2.374244 0.323155 1.042156
v 2.382274 0.325703 1.061541
v 2.389132 0.328686 1.078097
v 2.394649 0.332031 1.091417
v 2.398690 0.335655 1.101173
v 2.401155 0.339470 1.107124
v 2.369155 0.343381 1.119083
v 2.334849 0.368381 0.946615
v 2.368732 0.347291 1.116960
v 2.367476 0.351106 1.110642
v 2.365416 0.354730 1.100285
v 2.362603 0.358075 1.086145
v 2.359107 0.361058 1.068568
v 2.355013 0.363606 1.047989
v 2.350423 0.365656 1.024914
v 2.345450 0.367157 0.999911
v 2.340215 0.368073 0.973595
v 2.334849 0.318381 0.946615
v 2.369155 0.343381 1.119083
v 2.340215 0.318688 0.973595
v 2.345450 0.319604 0.999911
v 2.350423 0.321105 1.024914
v 2.355013 0.323155 1.047989
v 2.359107 0.325703 1.068568
v 2.362603 0.328686 1.086145
v 2.365416 0.332031 1.100285
v 2.367476 0.335655 1.110642
v 2.368732 0.339470 1.116960
v 2.335014 0.343381 1.122446
v 2.335014 0.368381 0.946599
v 2.335014 0.347291 1.120281
v 2.335014 0.351106 1.113839
v 2.335014 0.354730 1.103280
v 2.335014 0.358075 1.088862
v 2.335014 0.361058 1.070941
v 2.335014 0.363606 1.049959
v 2.335014 0.365656 1.026432
v 2.335014 0.367157 1.000939
v 2.335014 0.368073 0.974108
v 2.335014 0.318381 0.946599
v 2.335014 0.343381 1.122446
v 2.335014 0.318688 0.974108
v 2.335014 0.319604 1.000939
v 2.335014 0.321105 1.026432
v 2.335014 0.323155 1.049959
v 2.335014 0.325703 1.070941
v 2.335014 0.328686 1.088862
v 2.335014 0.332031 1.103280
v 2.335014 0.335655 1.113839
v 2.335014 0.339470 1.120281
v 2.300873 0.343381 1.119083
v 2.335179 0.368381 0.946615
v 2.301296 0.347291 1.116960
v 2.302552 0.351106 1.110642
v 2.304612 0.354730 1.100285
v 2.307425 0.358075 1.086145
v 2.310921 0.361058 1.068568
v 2.315015 0.363606 1.047989
v 2.319604 0.365656 1.024914
v 2.324578 0.367157 0.999911
v 2.329812 0.368073 0.973595
v 2.335179 0.318381 0.946615
v 2.300873 0.343381 1.119083
v 2.329812 0.318688 0.973595
v 2.324578 0.319604 0.999911
v 2.319604 0.321105 1.024914
v 2.315015 0.323155 1.047989
v 2.310921 0.325703 1.068568
v 2.307425 0.328686 1.086145
v 2.304612 0.332031 1.100285
v 2.302552 0.335655 1.110642
v 2.301296 0.339470 1.116960
v 2.268044 0.343381 1.109125
v 2.335338 0.368381 0.946663
v 2.268873 0.347291 1.107124
v 2.271338 0.351106 1.101173
v 2.275379 0.354730 1.091417
v 2.280896 0.358075 1.078097
v 2.287754 0.361058 1.061541
v 2.295784 0.363606 1.042156
v 2.304787 0.365656 1.020419
v 2.314543 0.367157 0.996867
v 2.324811 0.368073 0.972078
v 2.335338 0.318381 0.946663
v 2.268044 0.343381 1.109125
v 2.324811 0.318688 0.972078
v 2.314543 0.319604 0.996867
v 2.304787 0.321105 1.020419
v 2.295784 0.323155 1.042156
v 2.287754 0.325703 1.061541
v 2.280896 0.328686 1.078097
v 2.275379 0.332031 1.091417
v 2.271338 0.335655 1.101173
v 2.268873 0.339470 1.107124
v 2.237789 0.343381 1.092953
v 2.335484 0.368381 0.946742
v 2.238992 0.347291 1.091153
v 2.242571 0.351106 1.085797
v 2.248437 0.354730 1.077017
v 2.256447 0.358075 1.065029
v 2.266403 0.361058 1.050129
v 2.278060 0.363606 1.032682
v 2.291131 0.365656 1.013120
v 2.305295 0.367157 0.991923
v 2.320201 0.368073 0.969614
v 2.335484 0.318381 0.946742
v 2.237789 0.343381 1.092953
v 2.320201 0.318688 0.969614
v 2.305295 0.319604 0.991923
v 2.291131 0.321105 1.013120
v 2.278060 0.323155 1.032683
v 2.266403 0.325703 1.050129
v 2.256447 0.328686 1.065029
v 2.248437 0.332031 1.077017
v 2.242571 0.335655 1.085797
v 2.238992 0.339470 1.091153
v 2.211270 0.343381 1.071189
v 2.335613 0.368381 0.946847
v 2.212801 0.347291 1.069659
v 2.217356 0.351106 1.065104
v 2.224823 0.354730 1.057637
v 2.235018 0.358075 1.047442
v 2.247689 0.361058 1.034770
v 2.262526 0.363606 1.019934
v 2.279162 0.365656 1.003297
v 2.297189 0.367157 0.985271
v 2.316161 0.368073 0.966298
v 2.335613 0.318381 0.946847
v 2.211270 0.343381 1.071189
v 2.316161 0.318688 0.966298
v 2.297189 0.319604 0.985271
v 2.279162 0.321105 1.003297
v 2.262526 0.323155 1.019934
v 2.247689 0.325703 1.034770
v 2.235018 0.328686 1.047442
v 2.224823 0.332031 1.057637
v 2.217356 0.335655 1.065104
v 2.212801 0.339470 1.069659
v 2.189507 0.343381 1.044671
v 2.335718 0.368381 0.946975
v 2.191307 0.347291 1.043468
v 2.196663 0.351106 1.039889
v 2.205443 0.354730 1.034022
v 2.217431 0.358075 1.026012
v 2.232331 0.361058 1.016056
v 2.249777 0.363606 1.004399
v 2.269339 0.365656 0.991328
v 2.290536 0.367157 0.977165
v 2.312845 0.368073 0.962258
v 2.335718 0.318381 0.946975
v 2.189507 0.343381 1.044671
v 2.312845 0.318688 0.962258
v 2.290536 0.319604 0.977165
v 2.269339 0.321105 0.991328
v 2.249777 0.323155 1.004399
v 2.232331 0.325703 1.016056
v 2.217431 0.328686 1.026012
v 2.205443 0.332031 1.034022
v 2.196663 0.335655 1.039889
v 2.191307 0.339470 1.043468
v 2.173335 0.343381 1.014415
v 2.335796 0.368381 0.947122
v 2.175335 0.347291 1.013587
v 2.181286 0.351106 1.011122
v 2.191042 0.354730 1.007081
v 2.204362 0.358075 1.001563
v 2.220919 0.361058 0.994705
v 2.240304 0.363606 0.986676
v 2.262040 0.365656 0.977672
v 2.285593 0.367157 0.967917
v 2.310382 0.368073 0.957649
v 2.335796 0.318381 0.947122
v 2.173335 0.343381 1.014415
v 2.310382 0.318688 0.957649
v 2.285593 0.319604 0.967917
v 2.262040 0.321105 0.977672
v 2.240304 0.323155 0.986676
v 2.220919 0.325703 0.994705
v 2.204362 0.328686 1.001563
v 2.191042 0.332031 1.007081
v 2.181286 0.335655 1.011122
v 2.175335 0.339470 1.013587
v 2.163377 0.343381 0.981587
v 2.335844 0.368381 0.947281
v 2.165500 0.347291 0.981164
v 2.171818 0.351106 0.979908
v 2.182174 0.354730 0.977847
v 2.196315 0.358075 0.975035
v 2.213891 0.361058 0.971539
v 2.234470 0.363606 0.967445
v 2.257545 0.365656 0.962855
v 2.282549 0.367157 0.957882
v 2.308864 0.368073 0.952647
v 2.335844 0.318381 0.947281
v 2.163377 0.343381 0.981587
v 2.308864 0.318688 0.952647
v 2.282549 0.319604 0.957882
v 2.257545 0.321105 0.962855
v 2.234470 0.323155 0.967445
v 2.213891 0.325703 0.971539
v 2.196315 0.328686 0.975035
v 2.182174 0.332031 0.977847
v 2.171818 0.335655 0.979908
v 2.165500 0.339470 0.981164
v 2.160014 0.343381 0.947446
v 2.335860 0.368381 0.947446
v 2.162179 0.347291 0.947446
v 2.168620 0.351106 0.947446
v 2.179180 0.354730 0.947446
v 2.193598 0.358075 0.947446
v 2.211518 0.361058 0.947446
v 2.232501 0.363606 0.947446
v 2.256028 0.365656 0.947446
v 2.281521 0.367157 0.947446
v 2.308352 0.368073 0.947446
v 2.335860 0.318381 0.947446
v 2.160014 0.343381 0.947446
v 2.308352 0.318688 0.947446
v 2.281521 0.319604 0.947446
v 2.256028 0.321105 0.947446
v 2.232501 0.323155 0.947446
v 2.211518 0.325703 0.947446
v 2.193598 0.328686 0.947446
v 2.179180 0.332031 0.947446
v 2.168620 0.335655 0.947446
v 2.162179 0.339470 0.947446
v 2.163377 0.343381 0.913305
v 2.335844 0.368381 0.947611
v 2.165500 0.347291 0.913727
v 2.171818 0.351106 0.914984
v 2.182174 0.354730 0.917044
v 2.196315 0.358075 0.919857
v 2.213891 0.361058 0.923353
v 2.234470 0.363606 0.927446
v 2.257545 0.365656 0.932036
v 2.282549 0.367157 0.937010
v 2.308864 0.368073 0.942244
v 2.335844 0.318381 0.947611
v 2.163377 0.343381 0.913305
v 2.308864 0.318688 0.942244
v 2.282549 0.319604 0.937010
v 2.257545 0.321105 0.932036
v 2.234470 0.323155 0.927446
v 2.213891 0.325703 0.923353
v 2.196315 0.328686 0.919857
v 2.182174 0.332031 0.917044
v 2.171818 0.335655 0.914984
v 2.165500 0.339470 0.913727
v 2.173335 0.343380 0.880476
v 2.335796 0.368381 0.947770
v 2.175335 0.347291 0.881305
v 2.181286 0.351106 0.883770
v 2.191042 0.354730 0.887811
v 2.204362 0.358075 0.893328
v 2.220919 0.361058 0.900186
v 2.240304 0.363606 0.908216
v 2.262040 0.365656 0.917219
v 2.285593 0.367157 0.926975
v 2.310382 0.368073 0.937243
v 2.335796 0.318381 0.947770
v 2.173335 0.343380 0.880476
v 2.310382 0.318688 0.937243
v 2.285593 0.319604 0.926975
v 2.262040 0.321105 0.917219
v 2.240304 0.323155 0.908216
v 2.220919 0.325703 0.900186
v 2.204362 0.328686 0.893328
v 2.191042 0.332031 0.887811
v 2.181286 0.335655 0.883770
v 2.175335 0.339470 0.881305
v 2.189507 0.343380 0.850221
v 2.335718 0.368381 0.947916
v 2.191307 0.347291 0.851424
v 2.196663 0.351106 0.855003
v 2.205443 0.354730 0.860869
v 2.217431 0.358075 0.868879
v 2.232331 0.361058 0.878835
v 2.249777 0.363606 0.890492
v 2.269339 0.365656 0.903563
v 2.290536 0.367157 0.917727
v 2.312845 0.368073 0.932633
v 2.335718 0.318381 0.947916
v 2.189507 0.343380 0.850221
v 2.312845 0.318688 0.932633
v 2.290536 0.319604 0.917727
v 2.269339 0.321105 0.903563
v 2.249777 0.323155 0.890492
v 2.232331 0.325703 0.878835
v 2.217431 0.328686 0.868879
v 2.205443 0.332031 0.860869
v 2.196663 0.335655 0.855003
v 2.191307 0.339470 0.851424
v 2.211270 0.343380 0.823702
v 2.335613 0.368381 0.948045
v 2.212801 0.347291 0.825233
v 2.217356 0.351106 0.829788
v 2.224823 0.354730 0.837255
v 2.235018 0.358075 0.847449
v 2.247689 0.361058 0.860121
v 2.262526 0.363606 0.874958
v 2.279162 0.365656 0.891594
v 2.297189 0.367157 0.909621
v 2.316161 0.368073 0.928593
v 2.335613 0.318381 0.948045
v 2.211270 0.343380 0.823702
v 2.316161 0.318688 0.928593
v 2.297189 0.319604 0.909621
v 2.279162 0.321105 0.891594
v 2.262526 0.323155 0.874958
v 2.247689 0.325703 0.860121
v 2.235018 0.328686 0.847449
v 2.224823 0.332031 0.837255
v 2.217356 0.335655 0.829788
v 2.212801 0.339470 0.825233
v 2.237789 0.343380 0.801939
v 2.335484 0.368381 0.948150
v 2.238992 0.347291 0.803739
v 2.242571 0.351106 0.809095
v 2.248437 0.354730 0.817875
v 2.256447 0.358075 0.829862
v 2.266403 0.361058 0.844763
v 2.278060 0.363606 0.862209
v 2.291131 0.365656 0.881771
v 2.305295 0.367157 0.902968
v 2.320201 0.368073 0.925277
v 2.335484 0.318381 0.948150
v 2.237789 0.343380 0.801939
v 2.320201 0.318688 0.925277
v 2.305295 0.319604 0.902968
v 2.291131 0.321105 0.881771
v 2.278060 0.323155 0.862209
v 2.266403 0.325703 0.844763
v 2.256447 0.328686 0.829862
v 2.248437 0.332031 0.817875
v 2.242571 0.335655 0.809095
v 2.238992 0.339470 0.803739
v 2.268044 0.343380 0.785767
v 2.335338 0.368381 0.948228
v 2.268873 0.347291 0.787767
v 2.271338 0.351106 0.793718
v 2.275379 0.354730 0.803474
v 2.280896 0.358075 0.816794
v 2.287754 0.361058 0.833351
v 2.295784 0.363606 0.852736
v 2.304787 0.365656 0.874472
v 2.314543 0.367157 0.898025
v 2.324811 0.368073 0.922814
v 2.335338 0.318381 0.948228
v 2.268044 0.343380 0.785767
v 2.324811 0.318688 0.922814
v 2.314543 0.319604 0.898025
v 2.304787 0.321105 0.874472
v 2.295784 0.323155 0.852736
v 2.287754 0.325703 0.833351
v 2.280896 0.328686 0.816794
v 2.275379 0.332031 0.803474
v 2.271338 0.335655 0.793718
v 2.268873 0.339470 0.787767
v 2.300873 0.343380 0.775808
v 2.335179 0.368381 0.948276
v 2.301296 0.347291 0.777932
v 2.302552 0.351106 0.784250
v 2.304612 0.354730 0.794606
v 2.307425 0.358075 0.808747
v 2.310921 0.361058 0.826323
v 2.315014 0.363606 0.846902
v 2.319604 0.365656 0.869977
v 2.324578 0.367157 0.894981
v 2.329812 0.368073 0.921296
v 2.335179 0.318381 0.948276
v 2.300873 0.343380 0.775808
v 2.329812 0.318688 0.921296
v 2.324578 0.319604 0.894981
v 2.319604 0.321105 0.869977
v 2.315014 0.323155 0.846902
v 2.310921 0.325703 0.826323
v 2.307425 0.328686 0.808747
v 2.304612 0.332031 0.794606
v 2.302552 0.335655 0.784250
v 2.301296 0.339470 0.777932
vn -0.0295 -0.9885 -0.1483
vn -0.0253 -0.9916 -0.1272
vn -0.0000 -0.9916 -0.1297
vn -0.0000 -0.9885 -0.1512
vn 0.0011 1.0000 -0.0055
vn 0.0021 1.0000 -0.0052
vn -0.0000 1.0000 -0.0000
vn 0.0031 1.0000 -0.0046
vn 0.0040 1.0000 -0.0040
vn 0.0046 1.0000 -0.0031
vn 0.0052 1.0000 -0.0021
vn 0.0055 1.0000 -0.0011
vn 0.0056 1.0000 -0.0000
vn 0.0055 1.0000 0.0011
vn 0.0052 1.0000 0.0021
vn 0.0046 1.0000 0.0031
vn 0.0039 1.0000 0.0039
vn 0.0031 1.0000 0.0046
vn 0.0021 1.0000 0.0052
vn 0.0011 1.0000 0.0055
vn -0.0000 1.0000 0.0056
vn -0.0011 1.0000 0.0055
vn -0.0021 1.0000 0.0052
vn -0.0031 1.0000 0.0046
vn -0.0040 1.0000 0.0039
vn -0.0046 1.0000 0.0031
vn -0.0052 1.0000 0.0021
vn -0.0055 1.0000 0.0011
vn -0.0056 1.0000 -0.0000
vn -0.0055 1.0000 -0.0011
vn -0.0052 1.0000 -0.0021
vn -0.0046 1.0000 -0.0031
vn -0.0039 1.0000 -0.0040
vn -0.0031 1.0000 -0.0046
vn -0.0021 1.0000 -0.0052
vn -0.0011 1.0000 -0.0055
vn -0.0000 1.0000 -0.0056
vn 0.1512 -0.9885 -0.0000
vn 0.1297 -0.9916 -0.0000
vn 0.1272 -0.9916 0.0253
vn 0.1483 -0.9885 0.0295
vn -0.0295 -0.9885 0.1483
vn -0.0253 -0.9916 0.1272
vn -0.0496 -0.9916 0.1198
vn -0.0579 -0.9885 0.1397
vn -0.1397 -0.9885 -0.0579
vn -0.1198 -0.9916 -0.0496
vn -0.1079 -0.9916 -0.0721
vn -0.1257 -0.9885 -0.0840
vn 0.1069 -0.9885 -0.1069
vn 0.0917 -0.9916 -0.0917
vn 0.1079 -0.9916 -0.0721
vn 0.1257 -0.9885 -0.0840
vn 0.0840 -0.9885 0.1257
vn 0.0721 -0.9916 0.1079
vn 0.0496 -0.9916 0.1198
vn 0.0579 -0.9885 0.1397
vn -0.1397 -0.9885 0.0579
vn -0.1198 -0.9916 0.0496
vn -0.1272 -0.9916 0.0253
vn -0.1483 -0.9885 0.0295
vn 0.1198 -0.9916 0.0496
vn 0.1397 -0.9885 0.0579
vn -0.0721 -0.9916 0.1079
vn -0.0840 -0.9885 0.1257
vn -0.0917 -0.9916 -0.0917
vn -0.1069 -0.9885 -0.1069
vn 0.1198 -0.9916 -0.0496
vn 0.1397 -0.9885 -0.0579
vn 0.0253 -0.9916 0.1272
vn 0.0295 -0.9885 0.1483
vn -0.1297 -0.9916 -0.0000
vn -0.1512 -0.9885 -0.0000
vn -0.0000 -1.0000 -0.0056
vn -0.0011 -1.0000 -0.0055
vn -0.0000 -1.0000 -0.0000
vn 0.0295 -0.9885 -0.1483
vn 0.0253 -0.9916 -0.1272
vn 0.0496 -0.9916 -0.1198
vn 0.0579 -0.9885 -0.1397
vn 0.1079 -0.9916 0.0721
vn 0.1257 -0.9885 0.0840
vn -0.0917 -0.9916 0.0917
vn -0.1069 -0.9885 0.1069
vn -0.0721 -0.9916 -0.1079
vn -0.0840 -0.9885 -0.1257
vn 0.1272 -0.9916 -0.0253
vn 0.1483 -0.9885 -0.0295
vn -0.0000 -0.9916 0.1297
vn -0.0000 -0.9885 0.1512
vn -0.1272 -0.9916 -0.0253
vn -0.1483 -0.9885 -0.0295
vn 0.0721 -0.9916 -0.1079
vn 0.0840 -0.9885 -0.1257
vn 0.0917 -0.9916 0.0917
vn 0.1069 -0.9885 0.1069
vn -0.1079 -0.9916 0.0721
vn -0.1257 -0.9885 0.0840
vn -0.0496 -0.9916 -0.1198
vn -0.0579 -0.9885 -0.1397
vn 0.0039 -1.0000 -0.0039
vn 0.0031 -1.0000 -0.0046
vn 0.0031 -1.0000 0.0046
vn 0.0040 -1.0000 0.0040
vn -0.0052 -1.0000 0.0021
vn -0.0046 -1.0000 0.0031
vn -0.0021 -1.0000 -0.0052
vn 0.0055 -1.0000 0.0011
vn 0.0056 -1.0000 -0.0000
vn -0.0021 -1.0000 0.0052
vn -0.0011 -1.0000 0.0055
vn -0.0046 -1.0000 -0.0031
vn -0.0052 -1.0000 -0.0021
vn 0.0046 -1.0000 -0.0031
vn 0.0021 -1.0000 0.0052
vn -0.0055 -1.0000 0.0011
vn 0.0011 -1.0000 -0.0055
vn 0.0052 -1.0000 0.0021
vn -0.0031 -1.0000 0.0046
vn -0.0040 -1.0000 -0.0039
vn 0.0052 -1.0000 -0.0021
vn 0.0011 -1.0000 0.0055
vn -0.0056 -1.0000 -0.0000
vn 0.0021 -1.0000 -0.0052
vn 0.0046 -1.0000 0.0031
vn -0.0039 -1.0000 0.0040
vn -0.0031 -1.0000 -0.0046
vn 0.0055 -1.0000 -0.0011
vn -0.0000 -1.0000 0.0056
vn -0.0055 -1.0000 -0.0011
vn 0.1307 0.7425 -0.6570
vn -0.0000 0.7425 -0.6698
vn 0.0785 0.9154 -0.3949
vn -0.0000 0.9154 -0.4026
vn 0.0527 0.9628 -0.2650
vn -0.0000 0.9628 -0.2701
vn 0.0377 0.9812 -0.1895
vn -0.0000 0.9812 -0.1932
vn 0.0276 0.9899 -0.1390
vn -0.0000 0.9899 -0.1417
vn 0.0202 0.9946 -0.1016
vn -0.0000 0.9946 -0.1036
vn 0.0142 0.9973 -0.0716
vn -0.0000 0.9973 -0.0730
vn 0.0091 0.9989 -0.0460
vn -0.0000 0.9989 -0.0469
vn 0.0045 0.9997 -0.0228
vn -0.0000 0.9997 -0.0232
vn -0.0000 -0.7425 -0.6698
vn 0.1307 -0.7425 -0.6570
vn -0.0000 -0.9154 -0.4026
vn 0.0785 -0.9154 -0.3949
vn -0.0000 -0.9628 -0.2701
vn 0.0527 -0.9628 -0.2650
vn -0.0000 -0.9812 -0.1932
vn 0.0377 -0.9812 -0.1895
vn -0.0000 -0.9899 -0.1417
vn 0.0276 -0.9899 -0.1390
vn -0.0000 -0.9946 -0.1036
vn 0.0202 -0.9946 -0.1016
vn -0.0000 -0.9973 -0.0730
vn 0.0142 -0.9973 -0.0716
vn -0.0000 -0.9989 -0.0469
vn 0.0091 -0.9989 -0.0460
vn -0.0000 -0.9997 -0.0232
vn 0.0045 -0.9997 -0.0228
vn 0.2563 0.7425 -0.6188
vn 0.1541 0.9154 -0.3720
vn 0.1034 0.9628 -0.2496
vn 0.0739 0.9812 -0.1785
vn 0.0542 0.9899 -0.1309
vn 0.0396 0.9946 -0.0957
vn 0.0279 0.9973 -0.0675
vn 0.0179 0.9989 -0.0433
vn 0.0089 0.9997 -0.0215
vn 0.2563 -0.7425 -0.6188
vn 0.1541 -0.9154 -0.3720
vn 0.1034 -0.9628 -0.2496
vn 0.0739 -0.9812 -0.1785
vn 0.0542 -0.9899 -0.1309
vn 0.0396 -0.9946 -0.0957
vn 0.0279 -0.9973 -0.0675
vn 0.0179 -0.9989 -0.0433
vn 0.0089 -0.9997 -0.0215
vn 0.3721 0.7425 -0.5570
vn 0.2237 0.9154 -0.3348
vn 0.1501 0.9628 -0.2246
vn 0.1073 0.9812 -0.1606
vn 0.0787 0.9899 -0.1178
vn 0.0576 0.9946 -0.0861
vn 0.0406 0.9973 -0.0607
vn 0.0260 0.9989 -0.0390
vn 0.0129 0.9997 -0.0193
vn 0.3721 -0.7425 -0.5570
vn 0.2237 -0.9154 -0.3348
vn 0.1501 -0.9628 -0.2246
vn 0.1073 -0.9812 -0.1606
vn 0.0787 -0.9899 -0.1178
vn 0.0576 -0.9946 -0.0861
vn 0.0406 -0.9973 -0.0607
vn 0.0260 -0.9989 -0.0390
vn 0.0129 -0.9997 -0.0193
vn 0.4736 0.7425 -0.4736
vn 0.2847 0.9154 -0.2847
vn 0.1910 0.9628 -0.1910
vn 0.1366 0.9812 -0.1366
vn 0.1002 0.9899 -0.1002
vn 0.0733 0.9946 -0.0733
vn 0.0516 0.9973 -0.0516
vn 0.0331 0.9989 -0.0331
vn 0.0164 0.9997 -0.0164
vn 0.4736 -0.7425 -0.4736
vn 0.2847 -0.9154 -0.2847
vn 0.1910 -0.9628 -0.1910
vn 0.1366 -0.9812 -0.1366
vn 0.1002 -0.9899 -0.1002
vn 0.0733 -0.9946 -0.0733
vn 0.0516 -0.9973 -0.0516
vn 0.0331 -0.9989 -0.0331
vn 0.0164 -0.9997 -0.0164
vn 0.5570 0.7425 -0.3721
vn 0.3348 0.9154 -0.2237
vn 0.2246 0.9628 -0.1501
vn 0.1606 0.9812 -0.1073
vn 0.1178 0.9899 -0.0787
vn 0.0861 0.9946 -0.0576
vn 0.0607 0.9973 -0.0406
vn 0.0390 0.9989 -0.0260
vn 0.0193 0.9997 -0.0129
vn 0.5570 -0.7425 -0.3721
vn 0.3348 -0.9154 -0.2237
vn 0.2246 -0.9628 -0.1501
vn 0.1606 -0.9812 -0.1073
vn 0.1178 -0.9899 -0.0787
vn 0.0861 -0.9946 -0.0576
vn 0.0607 -0.9973 -0.0406
vn 0.0390 -0.9989 -0.0260
vn 0.0193 -0.9997 -0.0129
vn 0.6188 0.7425 -0.2563
vn 0.3720 0.9154 -0.1541
vn 0.2496 0.9628 -0.1034
vn 0.1785 0.9812 -0.0739
vn 0.1309 0.9899 -0.0542
vn 0.0957 0.9946 -0.0396
vn 0.0675 0.9973 -0.0279
vn 0.0433 0.9989 -0.0179
vn 0.0215 0.9997 -0.0089
vn 0.6188 -0.7425 -0.2563
vn 0.3720 -0.9154 -0.1541
vn 0.2496 -0.9628 -0.1034
vn 0.1785 -0.9812 -0.0739
vn 0.1309 -0.9899 -0.0542
vn 0.0957 -0.9946 -0.0396
vn 0.0675 -0.9973 -0.0279
vn 0.0433 -0.9989 -0.0179
vn 0.0215 -0.9997 -0.0089
vn 0.6570 0.7425 -0.1307
vn 0.3949 0.9154 -0.0785
vn 0.2650 0.9628 -0.0527
vn 0.1895 0.9812 -0.0377
vn 0.1390 0.9899 -0.0276
vn 0.1016 0.9946 -0.0202
vn 0.0716 0.9973 -0.0142
vn 0.0460 0.9989 -0.0091
vn 0.0228 0.9997 -0.0045
vn 0.6570 -0.7425 -0.1307
vn 0.3949 -0.9154 -0.0785
vn 0.2650 -0.9628 -0.0527
vn 0.1895 -0.9812 -0.0377
vn 0.1390 -0.9899 -0.0276
vn 0.1016 -0.9946 -0.0202
vn 0.0716 -0.9973 -0.0142
vn 0.0460 -0.9989 -0.0091
vn 0.0228 -0.9997 -0.0045
vn 0.6698 0.7425 -0.0000
vn 0.4026 0.9154 -0.0000
vn 0.2701 0.9628 -0.0000
vn 0.1932 0.9812 -0.0000
vn 0.1417 0.9899 -0.0000
vn 0.1036 0.9946 -0.0000
vn 0.0730 0.9973 -0.0000
vn 0.0469 0.9989 -0.0000
vn 0.0232 0.9997 -0.0000
vn 0.6698 -0.7425 -0.0000
vn 0.4026 -0.9154 -0.0000
vn 0.2701 -0.9628 -0.0000
vn 0.1932 -0.9812 -0.0000
vn 0.1417 -0.9899 -0.0000
vn 0.1036 -0.9946 -0.0000
vn 0.0730 -0.9973 -0.0000
vn 0.0469 -0.9989 -0.0000
vn 0.0232 -0.9997 -0.0000
vn 0.6570 0.7425 0.1307
vn 0.3949 0.9154 0.0785
vn 0.2650 0.9628 0.0527
vn 0.1895 0.9812 0.0377
vn 0.1390 0.9899 0.0276
vn 0.1016 0.9946 0.0202
vn 0.0716 0.9973 0.0142
vn 0.0460 0.9989 0.0091
vn 0.0228 0.9997 0.0045
vn 0.6570 -0.7425 0.1307
vn 0.3949 -0.9154 0.0785
vn 0.2650 -0.9628 0.0527
vn 0.1895 -0.9812 0.0377
vn 0.1390 -0.9899 0.0276
vn 0.1016 -0.9946 0.0202
vn 0.0716 -0.9973 0.0142
vn 0.0460 -0.9989 0.0091
vn 0.0228 -0.9997 0.0045
vn 0.6189 0.7425 0.2563
vn 0.3720 0.9154 0.1541
vn 0.2496 0.9628 0.1034
vn 0.1785 0.9812 0.0739
vn 0.1309 0.9899 0.0542
vn 0.0957 0.9946 0.0396
vn 0.0675 0.9973 0.0279
vn 0.0433 0.9989 0.0179
vn 0.0215 0.9997 0.0089
vn 0.6188 -0.7425 0.2563
vn 0.3720 -0.9154 0.1541
vn 0.2496 -0.9628 0.1034
vn 0.1785 -0.9812 0.0739
vn 0.1309 -0.9899 0.0542
vn 0.0957 -0.9946 0.0396
vn 0.0675 -0.9973 0.0279
vn 0.0433 -0.9989 0.0179
vn 0.0215 -0.9997 0.0089
vn 0.5570 0.7425 0.3721
vn 0.3348 0.9154 0.2237
vn 0.2246 0.9628 0.1501
vn 0.1606 0.9812 0.1073
vn 0.1178 0.9899 0.0787
vn 0.0861 0.9946 0.0576
vn 0.0607 0.9973 0.0406
vn 0.0390 0.9989 0.0260
vn 0.0193 0.9997 0.0129
vn 0.5570 -0.7425 0.3721
vn 0.3348 -0.9154 0.2237
vn 0.2246 -0.9628 0.1501
vn 0.1606 -0.9812 0.1073
vn 0.1178 -0.9899 0.0787
vn 0.0861 -0.9946 0.0576
vn 0.0607 -0.9973 0.0406
vn 0.0390 -0.9989 0.0260
vn 0.0193 -0.9997 0.0129
vn 0.4736 0.7425 0.4736
vn 0.2847 0.9154 0.2847
vn 0.1910 0.9628 0.1910
vn 0.1366 0.9812 0.1366
vn 0.1002 0.9899 0.1002
vn 0.0733 0.9946 0.0733
vn 0.0516 0.9973 0.0516
vn 0.0331 0.9989 0.0331
vn 0.0164 0.9997 0.0164
vn 0.4736 -0.7425 0.4736
vn 0.2847 -0.9154 0.2847
vn 0.1910 -0.9628 0.1910
vn 0.1366 -0.9812 0.1366
vn 0.1002 -0.9899 0.1002
vn 0.0733 -0.9946 0.0733
vn 0.0516 -0.9973 0.0516
vn 0.0331 -0.9989 0.0331
vn 0.0164 -0.9997 0.0164
vn 0.3721 0.7425 0.5570
vn 0.2237 0.9154 0.3348
vn 0.1501 0.9628 0.2246
vn 0.1073 0.9812 0.1606
vn 0.0787 0.9899 0.1178
vn 0.0576 0.9946 0.0861
vn 0.0406 0.9973 0.0607
vn 0.0260 0.9989 0.0390
vn 0.0129 0.9997 0.0193
vn 0.3721 -0.7425 0.5570
vn 0.2237 -0.9154 0.3348
vn 0.1501 -0.9628 0.2246
vn 0.1073 -0.9812 0.1606
vn 0.0787 -0.9899 0.1178
vn 0.0576 -0.9946 0.0861
vn 0.0406 -0.9973 0.0607
vn 0.0260 -0.9989 0.0390
vn 0.0129 -0.9997 0.0193
vn 0.2563 0.7425 0.6188
vn 0.1541 0.9154 0.3720
vn 0.1034 0.9628 0.2496
vn 0.0739 0.9812 0.1785
vn 0.0542 0.9899 0.1309
vn 0.0396 0.9946 0.0957
vn 0.0279 0.9973 0.0675
vn 0.0179 0.9989 0.0433
vn 0.0089 0.9997 0.0215
vn 0.2563 -0.7425 0.6188
vn 0.1541 -0.9154 0.3720
vn 0.1034 -0.9628 0.2496
vn 0.0739 -0.9812 0.1785
vn 0.0542 -0.9899 0.1309
vn 0.0396 -0.9946 0.0957
vn 0.0279 -0.9973 0.0675
vn 0.0179 -0.9989 0.0433
vn 0.0089 -0.9997 0.0215
vn 0.1307 0.7425 0.6570
vn 0.0785 0.9154 0.3949
vn 0.0527 0.9628 0.2650
vn 0.0377 0.9812 0.1895
vn 0.0276 0.9899 0.1390
vn 0.0202 0.9946 0.1016
vn 0.0142 0.9973 0.0716
vn 0.0091 0.9989 0.0460
vn 0.0045 0.9997 0.0228
vn 0.1307 -0.7425 0.6570
vn 0.0785 -0.9154 0.3949
vn 0.0527 -0.9628 0.2650
vn 0.0377 -0.9812 0.1895
vn 0.0276 -0.9899 0.1390
vn 0.0202 -0.9946 0.1016
vn 0.0142 -0.9973 0.0716
vn 0.0091 -0.9989 0.0460
vn 0.0045 -0.9997 0.0228
vn -0.0000 0.7425 0.6698
vn -0.0000 0.9154 0.4026
vn -0.0000 0.9628 0.2701
vn -0.0000 0.9812 0.1932
vn -0.0000 0.9899 0.1417
vn -0.0000 0.9946 0.1036
vn -0.0000 0.9973 0.0730
vn -0.0000 0.9989 0.0469
vn -0.0000 0.9997 0.0232
vn -0.0000 -0.7425 0.6698
vn -0.0000 -0.9154 0.4026
vn -0.0000 -0.9628 0.2701
vn -0.0000 -0.9812 0.1932
vn -0.0000 -0.9899 0.1417
vn -0.0000 -0.9946 0.1036
vn -0.0000 -0.9973 0.0730
vn -0.0000 -0.9989 0.0469
vn -0.0000 -0.9997 0.0232
vn -0.1307 0.7425 0.6570
vn -0.0785 0.9154 0.3949
vn -0.0527 0.9628 0.2650
vn -0.0377 0.9812 0.1895
vn -0.0276 0.9899 0.1390
vn -0.0202 0.9946 0.1016
vn -0.0142 0.9973 0.0716
vn -0.0091 0.9989 0.0460
vn -0.0045 0.9997 0.0228
vn -0.1307 -0.7425 0.6570
vn -0.0785 -0.9154 0.3949
vn -0.0527 -0.9628 0.2650
vn -0.0377 -0.9812 0.1895
vn -0.0276 -0.9899 0.1390
vn -0.0202 -0.9946 0.1016
vn -0.0142 -0.9973 0.0716
vn -0.0091 -0.9989 0.0460
vn -0.0045 -0.9997 0.0228
vn -0.2563 0.7425 0.6189
vn -0.1541 0.9154 0.3720
vn -0.1034 0.9628 0.2496
vn -0.0739 0.9812 0.1785
vn -0.0542 0.9899 0.1309
vn -0.0396 0.9946 0.0957
vn -0.0279 0.9973 0.0675
vn -0.0179 0.9989 0.0433
vn -0.0089 0.9997 0.0215
vn -0.2563 -0.7425 0.6189
vn -0.1541 -0.9154 0.3720
vn -0.1034 -0.9628 0.2496
vn -0.0739 -0.9812 0.1785
vn -0.0542 -0.9899 0.1309
vn -0.0396 -0.9946 0.0957
vn -0.0279 -0.9973 0.0675
vn -0.0179 -0.9989 0.0433
vn -0.0089 -0.9997 0.0215
vn -0.3721 0.7425 0.5570
vn -0.2237 0.9154 0.3348
vn -0.1501 0.9628 0.2246
vn -0.1073 0.9812 0.1606
vn -0.0787 0.9899 0.1178
vn -0.0576 0.9946 0.0861
vn -0.0406 0.9973 0.0607
vn -0.0260 0.9989 0.0390
vn -0.0129 0.9997 0.0193
vn -0.3721 -0.7425 0.5570
vn -0.2237 -0.9154 0.3348
vn -0.1501 -0.9628 0.2246
vn -0.1073 -0.9812 0.1606
vn -0.0787 -0.9899 0.1178
vn -0.0576 -0.9946 0.0861
vn -0.0406 -0.9973 0.0607
vn -0.0260 -0.9989 0.0390
vn -0.0129 -0.9997 0.0193
vn -0.4736 0.7425 0.4736
vn -0.2847 0.9154 0.2847
vn -0.1910 0.9628 0.1910
vn -0.1366 0.9812 0.1366
vn -0.1002 0.9899 0.1002
vn -0.0733 0.9946 0.0733
vn -0.0516 0.9973 0.0516
vn -0.0331 0.9989 0.0331
vn -0.0164 0.9997 0.0164
vn -0.4736 -0.7425 0.4736
vn -0.2847 -0.9154 0.2847
vn -0.1910 -0.9628 0.1910
vn -0.1366 -0.9812 0.1366
vn -0.1002 -0.9899 0.1002
vn -0.0733 -0.9946 0.0733
vn -0.0516 -0.9973 0.0516
vn -0.0331 -0.9989 0.0331
vn -0.0164 -0.9997 0.0164
vn -0.5570 0.7425 0.3721
vn -0.3348 0.9154 0.2237
vn -0.2246 0.9628 0.1501
vn -0.1606 0.9812 0.1073
vn -0.1178 0.9899 0.0787
vn -0.0861 0.9946 0.0576
vn -0.0607 0.9973 0.0406
vn -0.0390 0.9989 0.0260
vn -0.0193 0.9997 0.0129
vn -0.5570 -0.7425 0.3721
vn -0.3348 -0.9154 0.2237
vn -0.2246 -0.9628 0.1501
vn -0.1606 -0.9812 0.1073
vn -0.1178 -0.9899 0.0787
vn -0.0861 -0.9946 0.0576
vn -0.0607 -0.9973 0.0406
vn -0.0390 -0.9989 0.0260
vn -0.0193 -0.9997 0.0129
vn -0.6189 0.7425 0.2563
vn -0.3720 0.9154 0.1541
vn -0.2496 0.9628 0.1034
vn -0.1785 0.9812 0.0739
vn -0.1309 0.9899 0.0542
vn -0.0957 0.9946 0.0396
vn -0.0675 0.9973 0.0279
vn -0.0433 0.9989 0.0179
vn -0.0215 0.9997 0.0089
vn -0.6189 -0.7425 0.2563
vn -0.3720 -0.9154 0.1541
vn -0.2496 -0.9628 0.1034
vn -0.1785 -0.9812 0.0739
vn -0.1309 -0.9899 0.0542
vn -0.0957 -0.9946 0.0396
vn -0.0675 -0.9973 0.0279
vn -0.0433 -0.9989 0.0179
vn -0.0215 -0.9997 0.0089
vn -0.6570 0.7425 0.1307
vn -0.3949 0.9154 0.0785
vn -0.2650 0.9628 0.0527
vn -0.1895 0.9812 0.0377
vn -0.1390 0.9899 0.0276
vn -0.1016 0.9946 0.0202
vn -0.0716 0.9973 0.0142
vn -0.0460 0.9989 0.0091
vn -0.0228 0.9997 0.0045
vn -0.6570 -0.7425 0.1307
vn -0.3949 -0.9154 0.0785
vn -0.2650 -0.9628 0.0527
vn -0.1895 -0.9812 0.0377
vn -0.1390 -0.9899 0.0276
vn -0.1016 -0.9946 0.0202
vn -0.0716 -0.9973 0.0142
vn -0.0460 -0.9989 0.0091
vn -0.0228 -0.9997 0.0045
vn -0.6698 0.7425 -0.0000
vn -0.4026 0.9154 -0.0000
vn -0.2701 0.9628 -0.0000
vn -0.1932 0.9812 -0.0000
vn -0.1417 0.9899 -0.0000
vn -0.1036 0.9946 -0.0000
vn -0.0730 0.9973 -0.0000
vn -0.0469 0.9989 -0.0000
vn -0.0232 0.9997 -0.0000
vn -0.6698 -0.7425 -0.0000
vn -0.4026 -0.9154 -0.0000
vn -0.2701 -0.9628 -0.0000
vn -0.1932 -0.9812 -0.0000
vn -0.1417 -0.9899 -0.0000
vn -0.1036 -0.9946 -0.0000
vn -0.0730 -0.9973 -0.0000
vn -0.0469 -0.9989 -0.0000
vn -0.0232 -0.9997 -0.0000
vn -0.6570 0.7425 -0.1307
vn -0.3949 0.9154 -0.0785
vn -0.2650 0.9628 -0.0527
vn -0.1895 0.9812 -0.0377
vn -0.1390 0.9899 -0.0276
vn -0.1016 0.9946 -0.0202
vn -0.0716 0.9973 -0.0142
vn -0.0460 0.9989 -0.0091
vn -0.0228 0.9997 -0.0045
vn -0.6570 -0.7425 -0.1307
vn -0.3949 -0.9154 -0.0785
vn -0.2650 -0.9628 -0.0527
vn -0.1895 -0.9812 -0.0377
vn -0.1390 -0.9899 -0.0276
vn -0.1016 -0.9946 -0.0202
vn -0.0716 -0.9973 -0.0142
vn -0.0460 -0.9989 -0.0091
vn -0.0228 -0.9997 -0.0045
vn -0.6189 0.7425 -0.2563
vn -0.3720 0.9154 -0.1541
vn -0.2496 0.9628 -0.1034
vn -0.1785 0.9812 -0.0739
vn -0.1309 0.9899 -0.0542
vn -0.0957 0.9946 -0.0396
vn -0.0675 0.9973 -0.0279
vn -0.0433 0.9989 -0.0179
vn -0.0215 0.9997 -0.0089
vn -0.6189 -0.7425 -0.2563
vn -0.3720 -0.9154 -0.1541
vn -0.2496 -0.9628 -0.1034
vn -0.1785 -0.9812 -0.0739
vn -0.1309 -0.9899 -0.0542
vn -0.0957 -0.9946 -0.0396
vn -0.0675 -0.9973 -0.0279
vn -0.0433 -0.9989 -0.0179
vn -0.0215 -0.9997 -0.0089
vn -0.5570 0.7425 -0.3721
vn -0.3348 0.9154 -0.2237
vn -0.2246 0.9628 -0.1501
vn -0.1606 0.9812 -0.1073
vn -0.1178 0.9899 -0.0787
vn -0.0861 0.9946 -0.0576
vn -0.0607 0.9973 -0.0406
vn -0.0390 0.9989 -0.0260
vn -0.0193 0.9997 -0.0129
vn -0.5570 -0.7425 -0.3721
vn -0.3348 -0.9154 -0.2237
vn -0.2246 -0.9628 -0.1501
vn -0.1606 -0.9812 -0.1073
vn -0.1178 -0.9899 -0.0787
vn -0.0861 -0.9946 -0.0576
vn -0.0607 -0.9973 -0.0406
vn -0.0390 -0.9989 -0.0260
vn -0.0193 -0.9997 -0.0129
vn -0.4736 0.7425 -0.4736
vn -0.2847 0.9154 -0.2847
vn -0.1910 0.9628 -0.1910
vn -0.1366 0.9812 -0.1366
vn -0.1002 0.9899 -0.1002
vn -0.0733 0.9946 -0.0733
vn -0.0516 0.9973 -0.0516
vn -0.0331 0.9989 -0.0331
vn -0.0164 0.9997 -0.0164
vn -0.4736 -0.7425 -0.4736
vn -0.2847 -0.9154 -0.2847
vn -0.1910 -0.9628 -0.1910
vn -0.1366 -0.9812 -0.1366
vn -0.1002 -0.9899 -0.1002
vn -0.0733 -0.9946 -0.0733
vn -0.0516 -0.9973 -0.0516
vn -0.0331 -0.9989 -0.0331
vn -0.0164 -0.9997 -0.0164
vn -0.3721 0.7425 -0.5570
vn -0.2237 0.9154 -0.3348
vn -0.1501 0.9628 -0.2246
vn -0.1073 0.9812 -0.1606
vn -0.0787 0.9899 -0.1178
vn -0.0576 0.9946 -0.0861
vn -0.0406 0.9973 -0.0607
vn -0.0260 0.9989 -0.0390
vn -0.0129 0.9997 -0.0193
vn -0.3721 -0.7425 -0.5570
vn -0.2237 -0.9154 -0.3348
vn -0.1501 -0.9628 -0.2246
vn -0.1073 -0.9812 -0.1606
vn -0.0787 -0.9899 -0.1178
vn -0.0576 -0.9946 -0.0861
vn -0.0406 -0.9973 -0.0607
vn -0.0260 -0.9989 -0.0390
vn -0.0129 -0.9997 -0.0193
vn -0.2563 0.7425 -0.6189
vn -0.1541 0.9154 -0.3720
vn -0.1034 0.9628 -0.2496
vn -0.0739 0.9812 -0.1785
vn -0.0542 0.9899 -0.1309
vn -0.0396 0.9946 -0.0957
vn -0.0279 0.9973 -0.0675
vn -0.0179 0.9989 -0.0433
vn -0.0089 0.9997 -0.0215
vn -0.2563 -0.7425 -0.6189
vn -0.1541 -0.9154 -0.3720
vn -0.1034 -0.9628 -0.2496
vn -0.0739 -0.9812 -0.1785
vn -0.0542 -0.9899 -0.1309
vn -0.0396 -0.9946 -0.0957
vn -0.0279 -0.9973 -0.0675
vn -0.0179 -0.9989 -0.0433
vn -0.0089 -0.9997 -0.0215
vn -0.1307 0.7425 -0.6570
vn -0.0785 0.9154 -0.3949
vn -0.0527 0.9628 -0.2650
vn -0.0377 0.9812 -0.1895
vn -0.0276 0.9899 -0.1390
vn -0.0202 0.9946 -0.1016
vn -0.0142 0.9973 -0.0716
vn -0.0091 0.9989 -0.0460
vn -0.0045 0.9997 -0.0228
vn -0.1307 -0.7425 -0.6570
vn -0.0785 -0.9154 -0.3949
vn -0.0527 -0.9628 -0.2650
vn -0.0377 -0.9812 -0.1895
vn -0.0276 -0.9899 -0.1390
vn -0.0202 -0.9946 -0.1016
vn -0.0142 -0.9973 -0.0716
vn -0.0091 -0.9989 -0.0460
vn -0.0045 -0.9997 -0.0228
vt 0.031250 0.750000
vt 0.000000 0.750000
vt 0.937349 0.500000
vt 0.968901 0.500000
vt 0.968750 0.500000
vt 0.906098 0.500000
vt 0.937651 0.500000
vt 0.937500 0.500000
vt 0.874849 0.500000
vt 0.906402 0.500000
vt 0.906250 0.500000
vt 0.843599 0.500000
vt 0.875151 0.500000
vt 0.875000 0.500000
vt 0.812349 0.500000
vt 0.843901 0.500000
vt 0.843750 0.500000
vt 0.781099 0.500000
vt 0.812652 0.500000
vt 0.812500 0.500000
vt 0.749849 0.500000
vt 0.833637 0.500000
vt 0.781250 0.500000
vt 0.730671 0.500000
vt 0.750151 0.500000
vt 0.750000 0.500000
vt 0.687349 0.500000
vt 0.718900 0.500000
vt 0.718750 0.500000
vt 0.656097 0.500000
vt 0.687652 0.500000
vt 0.687500 0.500000
vt 0.624849 0.500000
vt 0.656400 0.500000
vt 0.656250 0.500000
vt 0.593597 0.500000
vt 0.625151 0.500000
vt 0.625000 0.500000
vt 0.562349 0.500000
vt 0.593902 0.500000
vt 0.593750 0.500000
vt 0.531099 0.500000
vt 0.562651 0.500000
vt 0.562500 0.500000
vt 0.499849 0.500000
vt 0.531401 0.500000
vt 0.531250 0.500000
vt 0.468599 0.500000
vt 0.500151 0.500000
vt 0.500000 0.500000
vt 0.437349 0.500000
vt 0.468901 0.500000
vt 0.468750 0.500000
vt 0.406098 0.500000
vt 0.437651 0.500000
vt 0.437500 0.500000
vt 0.374849 0.500000
vt 0.406401 0.500000
vt 0.406250 0.500000
vt 0.343599 0.500000
vt 0.375152 0.500000
vt 0.375000 0.500000
vt 0.312349 0.500000
vt 0.343902 0.500000
vt 0.343750 0.500000
vt 0.281099 0.500000
vt 0.312651 0.500000
vt 0.312500 0.500000
vt 0.249849 0.500000
vt 0.280698 0.500000
vt 0.281250 0.500000
vt 0.217863 0.500000
vt 0.250151 0.500000
vt 0.250000 0.500000
vt 0.187348 0.500000
vt 0.218902 0.500000
vt 0.218750 0.500000
vt 0.156100 0.500000
vt 0.187650 0.500000
vt 0.187500 0.500000
vt 0.124848 0.500000
vt 0.156401 0.500000
vt 0.156250 0.500000
vt 0.093599 0.500000
vt 0.125151 0.500000
vt 0.125000 0.500000
vt 0.062349 0.500000
vt 0.093902 0.500000
vt 0.093750 0.500000
vt 0.031100 0.500000
vt 0.062651 0.500000
vt 0.062500 0.500000
vt -0.000151 0.500000
vt 0.031401 0.500000
vt 0.031250 0.500000
vt 0.750000 0.750000
vt 0.718750 0.750000
vt 0.468750 0.750000
vt 0.437500 0.750000
vt 0.187500 0.750000
vt 0.156250 0.750000
vt 0.875000 0.750000
vt 0.843750 0.750000
vt 0.593750 0.750000
vt 0.562500 0.750000
vt 0.312500 0.750000
vt 0.281250 0.750000
vt 0.687500 0.750000
vt 0.406250 0.750000
vt 0.125000 0.750000
vt 0.812500 0.750000
vt 0.531250 0.750000
vt 0.250000 0.750000
vt 0.031401 1.000000
vt -0.000151 1.000000
vt 0.000000 1.000000
vt 0.968750 0.750000
vt 0.937500 0.750000
vt 0.656250 0.750000
vt 0.375000 0.750000
vt 0.093750 0.750000
vt 0.781250 0.750000
vt 0.500000 0.750000
vt 0.218750 0.750000
vt 0.906250 0.750000
vt 0.625000 0.750000
vt 0.343750 0.750000
vt 0.062500 0.750000
vt 0.906403 1.000000
vt 0.874849 1.000000
vt 0.875000 1.000000
vt 0.625151 1.000000
vt 0.593598 1.000000
vt 0.593750 1.000000
vt 0.343902 1.000000
vt 0.312349 1.000000
vt 0.312500 1.000000
vt 0.062651 1.000000
vt 0.031100 1.000000
vt 0.031250 1.000000
vt 0.750151 1.000000
vt 0.730671 1.000000
vt 0.718750 1.000000
vt 0.468901 1.000000
vt 0.437349 1.000000
vt 0.437500 1.000000
vt 0.187649 1.000000
vt 0.156100 1.000000
vt 0.156250 1.000000
vt 0.875151 1.000000
vt 0.843600 1.000000
vt 0.843750 1.000000
vt 0.593902 1.000000
vt 0.562349 1.000000
vt 0.562500 1.000000
vt 0.312651 1.000000
vt 0.281099 1.000000
vt 0.281250 1.000000
vt 1.000000 0.750000
vt 1.000151 1.000000
vt 0.968599 1.000000
vt 0.968750 1.000000
vt 0.718900 1.000000
vt 0.687349 1.000000
vt 0.687500 1.000000
vt 0.437651 1.000000
vt 0.406098 1.000000
vt 0.406250 1.000000
vt 0.156401 1.000000
vt 0.124848 1.000000
vt 0.125000 1.000000
vt 0.843901 1.000000
vt 0.812350 1.000000
vt 0.812500 1.000000
vt 0.562651 1.000000
vt 0.531099 1.000000
vt 0.531250 1.000000
vt 0.280698 1.000000
vt 0.249849 1.000000
vt 0.250000 1.000000
vt 0.968901 1.000000
vt 0.937349 1.000000
vt 0.937500 1.000000
vt 0.687652 1.000000
vt 0.656097 1.000000
vt 0.656250 1.000000
vt 0.406401 1.000000
vt 0.374849 1.000000
vt 0.375000 1.000000
vt 0.125151 1.000000
vt 0.093599 1.000000
vt 0.093750 1.000000
vt 0.812652 1.000000
vt 0.781099 1.000000
vt 0.781250 1.000000
vt 0.531401 1.000000
vt 0.499849 1.000000
vt 0.500000 1.000000
vt 0.250151 1.000000
vt 0.217863 1.000000
vt 0.218750 1.000000
vt 0.937651 1.000000
vt 0.906098 1.000000
vt 0.906250 1.000000
vt 0.656401 1.000000
vt 0.624849 1.000000
vt 0.625000 1.000000
vt 0.375152 1.000000
vt 0.343599 1.000000
vt 0.343750 1.000000
vt 0.093902 1.000000
vt 0.062349 1.000000
vt 0.062500 1.000000
vt 0.833637 1.000000
vt 0.749849 1.000000
vt 0.750000 1.000000
vt 0.500151 1.000000
vt 0.468599 1.000000
vt 0.468750 1.000000
vt 0.218902 1.000000
vt 0.187348 1.000000
vt 0.187500 1.000000
vt 0.968750 0.710891
vt 0.999807 0.710891
vt 0.968750 0.672746
vt 0.999232 0.672746
vt 0.968750 0.636502
vt 0.998289 0.636502
vt 0.968750 0.603054
vt 0.997002 0.603054
vt 0.995401 0.500000
vt 1.000000 0.500000
vt 1.000151 0.500000
vt 0.968599 0.500000
vt 0.999807 0.789109
vt 0.968750 0.789109
vt 0.999232 0.827254
vt 0.968750 0.827254
vt 0.998289 0.863498
vt 0.968750 0.863498
vt 0.997001 0.896946
vt 0.968750 0.896946
vt 0.995401 1.000000
vt 1.000000 1.000000
vt 0.937500 0.710891
vt 0.937500 0.672746
vt 0.937500 0.636502
vt 0.937500 0.603054
vt 0.937500 0.789109
vt 0.937500 0.827254
vt 0.937500 0.863498
vt 0.937500 0.896946
vt 0.906250 0.710891
vt 0.906250 0.672746
vt 0.906250 0.636502
vt 0.906250 0.603054
vt 0.906250 0.789109
vt 0.906250 0.827254
vt 0.906250 0.863498
vt 0.906250 0.896946
vt 0.875000 0.710891
vt 0.875000 0.672746
vt 0.875000 0.636502
vt 0.875000 0.603054
vt 0.875000 0.789109
vt 0.875000 0.827254
vt 0.875000 0.863498
vt 0.875000 0.896946
vt 0.843750 0.710891
vt 0.843750 0.672746
vt 0.843750 0.636502
vt 0.843750 0.603054
vt 0.843750 0.789109
vt 0.843750 0.827254
vt 0.843750 0.863498
vt 0.843750 0.896946
vt 0.812500 0.710891
vt 0.812500 0.672746
vt 0.812500 0.636502
vt 0.812500 0.603054
vt 0.812500 0.789109
vt 0.812500 0.827254
vt 0.812500 0.863498
vt 0.812500 0.896946
vt 0.781250 0.710891
vt 0.781250 0.672746
vt 0.781250 0.636502
vt 0.781250 0.603054
vt 0.781250 0.789109
vt 0.781250 0.827254
vt 0.781250 0.863498
vt 0.781250 0.896946
vt 0.750000 0.710891
vt 0.750000 0.672746
vt 0.750000 0.636502
vt 0.750000 0.603054
vt 0.750000 0.789109
vt 0.750000 0.827254
vt 0.750000 0.863498
vt 0.750000 0.896946
vt 0.718750 0.710891
vt 0.718750 0.672746
vt 0.718750 0.636502
vt 0.718750 0.603054
vt 0.718750 0.789109
vt 0.718750 0.827254
vt 0.718750 0.863498
vt 0.718750 0.896946
vt 0.687500 0.710891
vt 0.687500 0.672746
vt 0.687500 0.636502
vt 0.687500 0.603054
vt 0.687500 0.789109
vt 0.687500 0.827254
vt 0.687500 0.863498
vt 0.687500 0.896946
vt 0.656250 0.710891
vt 0.656250 0.672746
vt 0.656250 0.636502
vt 0.656250 0.603054
vt 0.656250 0.789109
vt 0.656250 0.827254
vt 0.656250 0.863498
vt 0.656250 0.896946
vt 0.625000 0.710891
vt 0.625000 0.672746
vt 0.625000 0.636502
vt 0.625000 0.603054
vt 0.625000 0.789109
vt 0.625000 0.827254
vt 0.625000 0.863498
vt 0.625000 0.896946
vt 0.593750 0.710891
vt 0.593750 0.672746
vt 0.593750 0.636502
vt 0.593750 0.603054
vt 0.593750 0.789109
vt 0.593750 0.827254
vt 0.593750 0.863498
vt 0.593750 0.896946
vt 0.562500 0.710891
vt 0.562500 0.672746
vt 0.562500 0.636502
vt 0.562500 0.603054
vt 0.562500 0.789109
vt 0.562500 0.827254
vt 0.562500 0.863498
vt 0.562500 0.896946
vt 0.531250 0.710891
vt 0.531250 0.672746
vt 0.531250 0.636502
vt 0.531250 0.603054
vt 0.531250 0.789109
vt 0.531250 0.827254
vt 0.531250 0.863498
vt 0.531250 0.896946
vt 0.500000 0.710891
vt 0.500000 0.672746
vt 0.500000 0.636502
vt 0.500000 0.603054
vt 0.500000 0.789109
vt 0.500000 0.827254
vt 0.500000 0.863498
vt 0.500000 0.896946
vt 0.468750 0.710891
vt 0.468750 0.672746
vt 0.468750 0.636502
vt 0.468750 0.603054
vt 0.468750 0.500000
vt 0.468750 0.789109
vt 0.468750 0.827254
vt 0.468750 0.863498
vt 0.468750 0.896946
vt 0.468750 1.000000
vt 0.437500 0.710891
vt 0.437500 0.672746
vt 0.437500 0.636502
vt 0.437500 0.603054
vt 0.437500 0.500000
vt 0.437500 0.789109
vt 0.437500 0.827254
vt 0.437500 0.863498
vt 0.437500 0.896946
vt 0.406250 0.710891
vt 0.406250 0.672746
vt 0.406250 0.636502
vt 0.406250 0.603054
vt 0.406250 0.789109
vt 0.406250 0.827254
vt 0.406250 0.863498
vt 0.406250 0.896946
vt 0.375000 0.710891
vt 0.375000 0.672746
vt 0.375000 0.636502
vt 0.375000 0.603054
vt 0.375000 0.789109
vt 0.375000 0.827254
vt 0.375000 0.863498
vt 0.375000 0.896946
vt 0.375000 1.000000
vt 0.343750 0.710891
vt 0.343750 0.672746
vt 0.343750 0.636502
vt 0.343750 0.603054
vt 0.343750 0.789109
vt 0.343750 0.827254
vt 0.343750 0.863498
vt 0.343750 0.896946
vt 0.312500 0.710891
vt 0.312500 0.672746
vt 0.312500 0.636502
vt 0.312500 0.603054
vt 0.312500 0.789109
vt 0.312500 0.827254
vt 0.312500 0.863498
vt 0.312500 0.896946
vt 0.281250 0.710891
vt 0.281250 0.672746
vt 0.281250 0.636502
vt 0.281250 0.603054
vt 0.281250 0.789109
vt 0.281250 0.827254
vt 0.281250 0.863498
vt 0.281250 0.896946
vt 0.250000 0.710891
vt 0.250000 0.672746
vt 0.250000 0.636502
vt 0.250000 0.603054
vt 0.250000 0.789109
vt 0.250000 0.827254
vt 0.250000 0.863498
vt 0.250000 0.896946
vt 0.218750 0.710891
vt 0.218750 0.672746
vt 0.218750 0.636502
vt 0.218750 0.603054
vt 0.218750 0.789109
vt 0.218750 0.827254
vt 0.218750 0.863498
vt 0.218750 0.896946
vt 0.187500 0.710891
vt 0.187500 0.672746
vt 0.187500 0.636502
vt 0.187500 0.603054
vt 0.187500 0.789109
vt 0.187500 0.827254
vt 0.187500 0.863498
vt 0.187500 0.896946
vt 0.156250 0.710891
vt 0.156250 0.672746
vt 0.156250 0.636502
vt 0.156250 0.603054
vt 0.156250 0.500000
vt 0.156250 0.789109
vt 0.156250 0.827254
vt 0.156250 0.863498
vt 0.156250 0.896946
vt 0.156250 1.000000
vt 0.125000 0.710891
vt 0.125000 0.672746
vt 0.125000 0.636502
vt 0.125000 0.603054
vt 0.125000 0.500000
vt 0.125000 0.789109
vt 0.125000 0.827254
vt 0.125000 0.863498
vt 0.125000 0.896946
vt 0.125000 1.000000
vt 0.093750 0.710891
vt 0.093750 0.672746
vt 0.093750 0.636502
vt 0.093750 0.603054
vt 0.093750 0.500000
vt 0.093750 0.789109
vt 0.093750 0.827254
vt 0.093750 0.863498
vt 0.093750 0.896946
vt 0.093750 1.000000
vt 0.062500 0.710891
vt 0.062500 0.672746
vt 0.062500 0.636502
vt 0.062500 0.603054
vt 0.062500 0.500000
vt 0.062500 0.789109
vt 0.062500 0.827254
vt 0.062500 0.863498
vt 0.062500 0.896946
vt 0.062500 1.000000
vt 0.031250 0.710891
vt 0.031250 0.672746
vt 0.031250 0.636502
vt 0.031250 0.603054
vt 0.031250 0.500000
vt 0.031250 0.789109
vt 0.031250 0.827254
vt 0.031250 0.863498
vt 0.031250 0.896946
vt 0.031250 1.000000
vt 0.000193 0.710891
vt 0.000768 0.672746
vt 0.001711 0.636502
vt 0.002999 0.603054
vt 0.004599 0.500000
vt 0.000000 0.500000
vt 0.000193 0.789109
vt 0.000768 0.827254
vt 0.001711 0.863498
vt 0.002999 0.896946
vt 0.004599 1.000000
s 1
usemtl 材质.023
f 2907/1419/2102 2226/1420/2105 2236/1420/2104 2919/1419/2103
f 2248/1421/2106 2194/1423/2108 2195/1423/2108 2270/1422/2107
f 2270/1424/2107 2195/1426/2108 2196/1426/2108 2292/1425/2109
f 2292/1427/2109 2196/1429/2108 2197/1429/2108 2314/1428/2110
f 2314/1430/2110 2197/1432/2108 2198/1432/2108 2336/1431/2111
f 2336/1433/2111 2198/1435/2108 2199/1435/2108 2358/1434/2112
f 2358/1436/2112 2199/1438/2108 2200/1438/2108 2380/1437/2113
f 2380/1439/2113 2200/1441/2108 2201/1441/2108 2402/1440/2114
f 2402/1442/2114 2201/1444/2108 2202/1444/2108 2424/1443/2115
f 2424/1445/2115 2202/1447/2108 2203/1447/2108 2446/1446/2116
f 2446/1448/2116 2203/1450/2108 2204/1450/2108 2468/1449/2117
f 2468/1451/2117 2204/1453/2108 2205/1453/2108 2490/1452/2118
f 2490/1454/2118 2205/1456/2108 2206/1456/2108 2512/1455/2119
f 2512/1457/2119 2206/1459/2108 2207/1459/2108 2534/1458/2120
f 2534/1460/2120 2207/1462/2108 2208/1462/2108 2556/1461/2121
f 2556/1463/2121 2208/1465/2108 2209/1465/2108 2578/1464/2122
f 2578/1466/2122 2209/1468/2108 2210/1468/2108 2600/1467/2123
f 2600/1469/2123 2210/1471/2108 2211/1471/2108 2622/1470/2124
f 2622/1472/2124 2211/1474/2108 2212/1474/2108 2644/1473/2125
f 2644/1475/2125 2212/1477/2108 2213/1477/2108 2666/1476/2126
f 2666/1478/2126 2213/1480/2108 2214/1480/2108 2688/1479/2127
f 2688/1481/2127 2214/1483/2108 2215/1483/2108 2710/1482/2128
f 2710/1484/2128 2215/1486/2108 2216/1486/2108 2732/1485/2129
f 2732/1487/2129 2216/1489/2108 2217/1489/2108 2754/1488/2130
f 2754/1490/2130 2217/1492/2108 2218/1492/2108 2776/1491/2131
f 2776/1493/2131 2218/1495/2108 2219/1495/2108 2798/1494/2132
f 2798/1496/2132 2219/1498/2108 2220/1498/2108 2820/1497/2133
f 2820/1499/2133 2220/1501/2108 2221/1501/2108 2842/1500/2134
f 2842/1502/2134 2221/1504/2108 2222/1504/2108 2864/1503/2135
f 2864/1505/2135 2222/1507/2108 2223/1507/2108 2886/1506/2136
f 2886/1508/2136 2223/1510/2108 2224/1510/2108 2908/1509/2137
f 2908/1511/2137 2224/1513/2108 2193/1513/2108 2225/1512/2138
f 2401/1514/2139 2423/1515/2142 2435/1515/2141 2413/1514/2140
f 2599/1516/2143 2621/1517/2146 2633/1517/2145 2611/1516/2144
f 2797/1518/2147 2819/1519/2150 2831/1519/2149 2809/1518/2148
f 2313/1520/2151 2335/1521/2154 2347/1521/2153 2325/1520/2152
f 2511/1522/2155 2533/1523/2158 2545/1523/2157 2523/1522/2156
f 2709/1524/2159 2731/1525/2162 2743/1525/2161 2721/1524/2160
f 2423/1515/2142 2445/1526/2164 2457/1526/2163 2435/1515/2141
f 2621/1517/2146 2643/1527/2166 2655/1527/2165 2633/1517/2145
f 2819/1519/2150 2841/1528/2168 2853/1528/2167 2831/1519/2149
f 2335/1521/2154 2357/1529/2170 2369/1529/2169 2347/1521/2153
f 2533/1523/2158 2555/1530/2172 2567/1530/2171 2545/1523/2157
f 2731/1525/2162 2753/1531/2174 2765/1531/2173 2743/1525/2161
f 2237/1532/2175 2161/1534/2177 2192/1534/2177 2918/1533/2176
f 2247/1535/2178 2269/1536/2181 2281/1536/2180 2259/1535/2179
f 2445/1526/2164 2467/1537/2183 2479/1537/2182 2457/1526/2163
f 2643/1527/2166 2665/1538/2185 2677/1538/2184 2655/1527/2165
f 2841/1528/2168 2863/1539/2187 2875/1539/2186 2853/1528/2167
f 2357/1529/2170 2379/1540/2189 2391/1540/2188 2369/1529/2169
f 2555/1530/2172 2577/1541/2191 2589/1541/2190 2567/1530/2171
f 2753/1531/2174 2775/1542/2193 2787/1542/2192 2765/1531/2173
f 2269/1536/2181 2291/1543/2195 2303/1543/2194 2281/1536/2180
f 2467/1537/2183 2489/1544/2197 2501/1544/2196 2479/1537/2182
f 2665/1538/2185 2687/1545/2199 2699/1545/2198 2677/1538/2184
f 2863/1539/2187 2885/1546/2201 2897/1546/2200 2875/1539/2186
f 2379/1540/2189 2401/1514/2139 2413/1514/2140 2391/1540/2188
f 2577/1541/2191 2599/1516/2143 2611/1516/2144 2589/1541/2190
f 2775/1542/2193 2797/1518/2147 2809/1518/2148 2787/1542/2192
f 2291/1543/2195 2313/1520/2151 2325/1520/2152 2303/1543/2194
f 2489/1544/2197 2511/1522/2155 2523/1522/2156 2501/1544/2196
f 2687/1545/2199 2709/1524/2159 2721/1524/2160 2699/1545/2198
f 2885/1546/2201 2907/1419/2102 2919/1419/2103 2897/1546/2200
f 2324/1547/2202 2165/1549/2177 2164/1549/2177 2302/1548/2203
f 2522/1550/2204 2174/1552/2177 2173/1552/2177 2500/1551/2205
f 2720/1553/2206 2183/1555/2177 2182/1555/2177 2698/1554/2207
f 2918/1556/2176 2192/1558/2177 2191/1558/2177 2896/1557/2208
f 2434/1559/2209 2170/1561/2177 2169/1561/2177 2412/1560/2210
f 2632/1562/2211 2179/1564/2177 2178/1564/2177 2610/1563/2212
f 2830/1565/2213 2188/1567/2177 2187/1567/2177 2808/1566/2214
f 2346/1568/2215 2166/1570/2177 2165/1570/2177 2324/1569/2202
f 2544/1571/2216 2175/1573/2177 2174/1573/2177 2522/1572/2204
f 2742/1574/2217 2184/1576/2177 2183/1576/2177 2720/1575/2206
f 2226/1577/2105 2247/1535/2178 2259/1535/2179 2236/1577/2104
f 2258/1578/2218 2162/1580/2177 2161/1580/2177 2237/1579/2175
f 2456/1581/2219 2171/1583/2177 2170/1583/2177 2434/1582/2209
f 2654/1584/2220 2180/1586/2177 2179/1586/2177 2632/1585/2211
f 2852/1587/2221 2189/1589/2177 2188/1589/2177 2830/1588/2213
f 2368/1590/2222 2167/1592/2177 2166/1592/2177 2346/1591/2215
f 2566/1593/2223 2176/1595/2177 2175/1595/2177 2544/1594/2216
f 2764/1596/2224 2185/1598/2177 2184/1598/2177 2742/1597/2217
f 2280/1599/2225 2163/1601/2177 2162/1601/2177 2258/1600/2218
f 2478/1602/2226 2172/1604/2177 2171/1604/2177 2456/1603/2219
f 2676/1605/2227 2181/1607/2177 2180/1607/2177 2654/1606/2220
f 2874/1608/2228 2190/1610/2177 2189/1610/2177 2852/1609/2221
f 2390/1611/2229 2168/1613/2177 2167/1613/2177 2368/1612/2222
f 2588/1614/2230 2177/1616/2177 2176/1616/2177 2566/1615/2223
f 2786/1617/2231 2186/1619/2177 2185/1619/2177 2764/1618/2224
f 2302/1620/2203 2164/1622/2177 2163/1622/2177 2280/1621/2225
f 2500/1623/2205 2173/1625/2177 2172/1625/2177 2478/1624/2226
f 2698/1626/2207 2182/1628/2177 2181/1628/2177 2676/1627/2227
f 2896/1629/2208 2191/1631/2177 2190/1631/2177 2874/1630/2228
f 2412/1632/2210 2169/1634/2177 2168/1634/2177 2390/1633/2229
f 2610/1635/2212 2178/1637/2177 2177/1637/2177 2588/1636/2230
f 2808/1638/2214 2187/1640/2177 2186/1640/2177 2786/1639/2231
f 2226/1577/2105 2235/1642/2233 2249/1641/2232 2247/1535/2178
f 2235/1642/2233 2234/1644/2235 2250/1643/2234 2249/1641/2232
f 2234/1644/2235 2233/1646/2237 2251/1645/2236 2250/1643/2234
f 2233/1646/2237 2232/1648/2239 2252/1647/2238 2251/1645/2236
f 2232/1648/2239 2231/1649/2241 2253/1423/2240 2252/1647/2238
f 2231/1649/2241 2230/1650/2243 2254/1423/2242 2253/1423/2240
f 2230/1650/2243 2229/1650/2245 2255/1423/2244 2254/1423/2242
f 2229/1650/2245 2228/1650/2247 2256/1423/2246 2255/1423/2244
f 2228/1650/2247 2227/1650/2249 2257/1423/2248 2256/1423/2246
f 2227/1650/2249 2225/1652/2138 2248/1651/2106 2257/1423/2248
f 2259/1535/2179 2268/1654/2251 2238/1653/2250 2236/1577/2104
f 2268/1654/2251 2267/1656/2253 2239/1655/2252 2238/1653/2250
f 2267/1656/2253 2266/1658/2255 2240/1657/2254 2239/1655/2252
f 2266/1658/2255 2265/1660/2257 2241/1659/2256 2240/1657/2254
f 2265/1660/2257 2264/1580/2259 2242/1661/2258 2241/1659/2256
f 2264/1580/2259 2263/1580/2261 2243/1662/2260 2242/1661/2258
f 2263/1580/2261 2262/1580/2263 2244/1662/2262 2243/1662/2260
f 2262/1580/2263 2261/1580/2265 2245/1662/2264 2244/1662/2262
f 2261/1580/2265 2260/1580/2267 2246/1662/2266 2245/1662/2264
f 2260/1580/2267 2258/1578/2218 2237/1579/2175 2246/1662/2266
f 2247/1535/2178 2249/1641/2232 2271/1663/2268 2269/1536/2181
f 2249/1641/2232 2250/1643/2234 2272/1664/2269 2271/1663/2268
f 2250/1643/2234 2251/1645/2236 2273/1665/2270 2272/1664/2269
f 2251/1645/2236 2252/1647/2238 2274/1666/2271 2273/1665/2270
f 2252/1647/2238 2253/1423/2240 2275/1426/2272 2274/1666/2271
f 2253/1423/2240 2254/1423/2242 2276/1426/2273 2275/1426/2272
f 2254/1423/2242 2255/1423/2244 2277/1426/2274 2276/1426/2273
f 2255/1423/2244 2256/1423/2246 2278/1426/2275 2277/1426/2274
f 2256/1423/2246 2257/1423/2248 2279/1426/2276 2278/1426/2275
f 2257/1423/2248 2248/1421/2106 2270/1422/2107 2279/1426/2276
f 2281/1536/2180 2290/1667/2277 2268/1654/2251 2259/1535/2179
f 2290/1667/2277 2289/1668/2278 2267/1656/2253 2268/1654/2251
f 2289/1668/2278 2288/1669/2279 2266/1658/2255 2267/1656/2253
f 2288/1669/2279 2287/1670/2280 2265/1660/2257 2266/1658/2255
f 2287/1670/2280 2286/1601/2281 2264/1580/2259 2265/1660/2257
f 2286/1601/2281 2285/1601/2282 2263/1580/2261 2264/1580/2259
f 2285/1601/2282 2284/1601/2283 2262/1580/2263 2263/1580/2261
f 2284/1601/2283 2283/1601/2284 2261/1580/2265 2262/1580/2263
f 2283/1601/2284 2282/1601/2285 2260/1580/2267 2261/1580/2265
f 2282/1601/2285 2280/1599/2225 2258/1600/2218 2260/1580/2267
f 2269/1536/2181 2271/1663/2268 2293/1671/2286 2291/1543/2195
f 2271/1663/2268 2272/1664/2269 2294/1672/2287 2293/1671/2286
f 2272/1664/2269 2273/1665/2270 2295/1673/2288 2294/1672/2287
f 2273/1665/2270 2274/1666/2271 2296/1674/2289 2295/1673/2288
f 2274/1666/2271 2275/1426/2272 2297/1429/2290 2296/1674/2289
f 2275/1426/2272 2276/1426/2273 2298/1429/2291 2297/1429/2290
f 2276/1426/2273 2277/1426/2274 2299/1429/2292 2298/1429/2291
f 2277/1426/2274 2278/1426/2275 2300/1429/2293 2299/1429/2292
f 2278/1426/2275 2279/1426/2276 2301/1429/2294 2300/1429/2293
f 2279/1426/2276 2270/1424/2107 2292/1425/2109 2301/1429/2294
f 2303/1543/2194 2312/1675/2295 2290/1667/2277 2281/1536/2180
f 2312/1675/2295 2311/1676/2296 2289/1668/2278 2290/1667/2277
f 2311/1676/2296 2310/1677/2297 2288/1669/2279 2289/1668/2278
f 2310/1677/2297 2309/1678/2298 2287/1670/2280 2288/1669/2279
f 2309/1678/2298 2308/1622/2299 2286/1601/2281 2287/1670/2280
f 2308/1622/2299 2307/1622/2300 2285/1601/2282 2286/1601/2281
f 2307/1622/2300 2306/1622/2301 2284/1601/2283 2285/1601/2282
f 2306/1622/2301 2305/1622/2302 2283/1601/2284 2284/1601/2283
f 2305/1622/2302 2304/1622/2303 2282/1601/2285 2283/1601/2284
f 2304/1622/2303 2302/1620/2203 2280/1621/2225 2282/1601/2285
f 2291/1543/2195 2293/1671/2286 2315/1679/2304 2313/1520/2151
f 2293/1671/2286 2294/1672/2287 2316/1680/2305 2315/1679/2304
f 2294/1672/2287 2295/1673/2288 2317/1681/2306 2316/1680/2305
f 2295/1673/2288 2296/1674/2289 2318/1682/2307 2317/1681/2306
f 2296/1674/2289 2297/1429/2290 2319/1432/2308 2318/1682/2307
f 2297/1429/2290 2298/1429/2291 2320/1432/2309 2319/1432/2308
f 2298/1429/2291 2299/1429/2292 2321/1432/2310 2320/1432/2309
f 2299/1429/2292 2300/1429/2293 2322/1432/2311 2321/1432/2310
f 2300/1429/2293 2301/1429/2294 2323/1432/2312 2322/1432/2311
f 2301/1429/2294 2292/1427/2109 2314/1428/2110 2323/1432/2312
f 2325/1520/2152 2334/1683/2313 2312/1675/2295 2303/1543/2194
f 2334/1683/2313 2333/1684/2314 2311/1676/2296 2312/1675/2295
f 2333/1684/2314 2332/1685/2315 2310/1677/2297 2311/1676/2296
f 2332/1685/2315 2331/1686/2316 2309/1678/2298 2310/1677/2297
f 2331/1686/2316 2330/1549/2317 2308/1622/2299 2309/1678/2298
f 2330/1549/2317 2329/1549/2318 2307/1622/2300 2308/1622/2299
f 2329/1549/2318 2328/1549/2319 2306/1622/2301 2307/1622/2300
f 2328/1549/2319 2327/1549/2320 2305/1622/2302 2306/1622/2301
f 2327/1549/2320 2326/1549/2321 2304/1622/2303 2305/1622/2302
f 2326/1549/2321 2324/1547/2202 2302/1548/2203 2304/1622/2303
f 2313/1520/2151 2315/1679/2304 2337/1687/2322 2335/1521/2154
f 2315/1679/2304 2316/1680/2305 2338/1688/2323 2337/1687/2322
f 2316/1680/2305 2317/1681/2306 2339/1689/2324 2338/1688/2323
f 2317/1681/2306 2318/1682/2307 2340/1690/2325 2339/1689/2324
f 2318/1682/2307 2319/1432/2308 2341/1435/2326 2340/1690/2325
f 2319/1432/2308 2320/1432/2309 2342/1435/2327 2341/1435/2326
f 2320/1432/2309 2321/1432/2310 2343/1435/2328 2342/1435/2327
f 2321/1432/2310 2322/1432/2311 2344/1435/2329 2343/1435/2328
f 2322/1432/2311 2323/1432/2312 2345/1435/2330 2344/1435/2329
f 2323/1432/2312 2314/1430/2110 2336/1431/2111 2345/1435/2330
f 2347/1521/2153 2356/1691/2331 2334/1683/2313 2325/1520/2152
f 2356/1691/2331 2355/1692/2332 2333/1684/2314 2334/1683/2313
f 2355/1692/2332 2354/1693/2333 2332/1685/2315 2333/1684/2314
f 2354/1693/2333 2353/1694/2334 2331/1686/2316 2332/1685/2315
f 2353/1694/2334 2352/1570/2335 2330/1549/2317 2331/1686/2316
f 2352/1570/2335 2351/1570/2336 2329/1549/2318 2330/1549/2317
f 2351/1570/2336 2350/1570/2337 2328/1549/2319 2329/1549/2318
f 2350/1570/2337 2349/1570/2338 2327/1549/2320 2328/1549/2319
f 2349/1570/2338 2348/1570/2339 2326/1549/2321 2327/1549/2320
f 2348/1570/2339 2346/1568/2215 2324/1569/2202 2326/1549/2321
f 2335/1521/2154 2337/1687/2322 2359/1695/2340 2357/1529/2170
f 2337/1687/2322 2338/1688/2323 2360/1696/2341 2359/1695/2340
f 2338/1688/2323 2339/1689/2324 2361/1697/2342 2360/1696/2341
f 2339/1689/2324 2340/1690/2325 2362/1698/2343 2361/1697/2342
f 2340/1690/2325 2341/1435/2326 2363/1438/2344 2362/1698/2343
f 2341/1435/2326 2342/1435/2327 2364/1438/2345 2363/1438/2344
f 2342/1435/2327 2343/1435/2328 2365/1438/2346 2364/1438/2345
f 2343/1435/2328 2344/1435/2329 2366/1438/2347 2365/1438/2346
f 2344/1435/2329 2345/1435/2330 2367/1438/2348 2366/1438/2347
f 2345/1435/2330 2336/1433/2111 2358/1434/2112 2367/1438/2348
f 2369/1529/2169 2378/1699/2349 2356/1691/2331 2347/1521/2153
f 2378/1699/2349 2377/1700/2350 2355/1692/2332 2356/1691/2331
f 2377/1700/2350 2376/1701/2351 2354/1693/2333 2355/1692/2332
f 2376/1701/2351 2375/1702/2352 2353/1694/2334 2354/1693/2333
f 2375/1702/2352 2374/1592/2353 2352/1570/2335 2353/1694/2334
f 2374/1592/2353 2373/1592/2354 2351/1570/2336 2352/1570/2335
f 2373/1592/2354 2372/1592/2355 2350/1570/2337 2351/1570/2336
f 2372/1592/2355 2371/1592/2356 2349/1570/2338 2350/1570/2337
f 2371/1592/2356 2370/1592/2357 2348/1570/2339 2349/1570/2338
f 2370/1592/2357 2368/1590/2222 2346/1591/2215 2348/1570/2339
f 2357/1529/2170 2359/1695/2340 2381/1703/2358 2379/1540/2189
f 2359/1695/2340 2360/1696/2341 2382/1704/2359 2381/1703/2358
f 2360/1696/2341 2361/1697/2342 2383/1705/2360 2382/1704/2359
f 2361/1697/2342 2362/1698/2343 2384/1706/2361 2383/1705/2360
f 2362/1698/2343 2363/1438/2344 2385/1441/2362 2384/1706/2361
f 2363/1438/2344 2364/1438/2345 2386/1441/2363 2385/1441/2362
f 2364/1438/2345 2365/1438/2346 2387/1441/2364 2386/1441/2363
f 2365/1438/2346 2366/1438/2347 2388/1441/2365 2387/1441/2364
f 2366/1438/2347 2367/1438/2348 2389/1441/2366 2388/1441/2365
f 2367/1438/2348 2358/1436/2112 2380/1437/2113 2389/1441/2366
f 2391/1540/2188 2400/1707/2367 2378/1699/2349 2369/1529/2169
f 2400/1707/2367 2399/1708/2368 2377/1700/2350 2378/1699/2349
f 2399/1708/2368 2398/1709/2369 2376/1701/2351 2377/1700/2350
f 2398/1709/2369 2397/1710/2370 2375/1702/2352 2376/1701/2351
f 2397/1710/2370 2396/1613/2371 2374/1592/2353 2375/1702/2352
f 2396/1613/2371 2395/1613/2372 2373/1592/2354 2374/1592/2353
f 2395/1613/2372 2394/1613/2373 2372/1592/2355 2373/1592/2354
f 2394/1613/2373 2393/1613/2374 2371/1592/2356 2372/1592/2355
f 2393/1613/2374 2392/1613/2375 2370/1592/2357 2371/1592/2356
f 2392/1613/2375 2390/1611/2229 2368/1612/2222 2370/1592/2357
f 2379/1540/2189 2381/1703/2358 2403/1711/2376 2401/1514/2139
f 2381/1703/2358 2382/1704/2359 2404/1712/2377 2403/1711/2376
f 2382/1704/2359 2383/1705/2360 2405/1713/2378 2404/1712/2377
f 2383/1705/2360 2384/1706/2361 2406/1714/2379 2405/1713/2378
f 2384/1706/2361 2385/1441/2362 2407/1444/2380 2406/1714/2379
f 2385/1441/2362 2386/1441/2363 2408/1444/2381 2407/1444/2380
f 2386/1441/2363 2387/1441/2364 2409/1444/2382 2408/1444/2381
f 2387/1441/2364 2388/1441/2365 2410/1444/2383 2409/1444/2382
f 2388/1441/2365 2389/1441/2366 2411/1444/2384 2410/1444/2383
f 2389/1441/2366 2380/1439/2113 2402/1440/2114 2411/1444/2384
f 2413/1514/2140 2422/1715/2385 2400/1707/2367 2391/1540/2188
f 2422/1715/2385 2421/1716/2386 2399/1708/2368 2400/1707/2367
f 2421/1716/2386 2420/1717/2387 2398/1709/2369 2399/1708/2368
f 2420/1717/2387 2419/1718/2388 2397/1710/2370 2398/1709/2369
f 2419/1718/2388 2418/1634/2389 2396/1613/2371 2397/1710/2370
f 2418/1634/2389 2417/1634/2390 2395/1613/2372 2396/1613/2371
f 2417/1634/2390 2416/1634/2391 2394/1613/2373 2395/1613/2372
f 2416/1634/2391 2415/1634/2392 2393/1613/2374 2394/1613/2373
f 2415/1634/2392 2414/1634/2393 2392/1613/2375 2393/1613/2374
f 2414/1634/2393 2412/1632/2210 2390/1633/2229 2392/1613/2375
f 2401/1514/2139 2403/1711/2376 2425/1719/2394 2423/1515/2142
f 2403/1711/2376 2404/1712/2377 2426/1720/2395 2425/1719/2394
f 2404/1712/2377 2405/1713/2378 2427/1721/2396 2426/1720/2395
f 2405/1713/2378 2406/1714/2379 2428/1722/2397 2427/1721/2396
f 2406/1714/2379 2407/1444/2380 2429/1447/2398 2428/1722/2397
f 2407/1444/2380 2408/1444/2381 2430/1447/2399 2429/1447/2398
f 2408/1444/2381 2409/1444/2382 2431/1447/2400 2430/1447/2399
f 2409/1444/2382 2410/1444/2383 2432/1447/2401 2431/1447/2400
f 2410/1444/2383 2411/1444/2384 2433/1447/2402 2432/1447/2401
f 2411/1444/2384 2402/1442/2114 2424/1443/2115 2433/1447/2402
f 2435/1515/2141 2444/1723/2403 2422/1715/2385 2413/1514/2140
f 2444/1723/2403 2443/1724/2404 2421/1716/2386 2422/1715/2385
f 2443/1724/2404 2442/1725/2405 2420/1717/2387 2421/1716/2386
f 2442/1725/2405 2441/1726/2406 2419/1718/2388 2420/1717/2387
f 2441/1726/2406 2440/1561/2407 2418/1634/2389 2419/1718/2388
f 2440/1561/2407 2439/1561/2408 2417/1634/2390 2418/1634/2389
f 2439/1561/2408 2438/1561/2409 2416/1634/2391 2417/1634/2390
f 2438/1561/2409 2437/1561/2410 2415/1634/2392 2416/1634/2391
f 2437/1561/2410 2436/1561/2411 2414/1634/2393 2415/1634/2392
f 2436/1561/2411 2434/1559/2209 2412/1560/2210 2414/1634/2393
f 2423/1515/2142 2425/1719/2394 2447/1727/2412 2445/1526/2164
f 2425/1719/2394 2426/1720/2395 2448/1728/2413 2447/1727/2412
f 2426/1720/2395 2427/1721/2396 2449/1729/2414 2448/1728/2413
f 2427/1721/2396 2428/1722/2397 2450/1730/2415 2449/1729/2414
f 2428/1722/2397 2429/1447/2398 2451/1450/2416 2450/1730/2415
f 2429/1447/2398 2430/1447/2399 2452/1450/2417 2451/1450/2416
f 2430/1447/2399 2431/1447/2400 2453/1450/2418 2452/1450/2417
f 2431/1447/2400 2432/1447/2401 2454/1450/2419 2453/1450/2418
f 2432/1447/2401 2433/1447/2402 2455/1450/2420 2454/1450/2419
f 2433/1447/2402 2424/1445/2115 2446/1446/2116 2455/1450/2420
f 2457/1526/2163 2466/1731/2421 2444/1723/2403 2435/1515/2141
f 2466/1731/2421 2465/1732/2422 2443/1724/2404 2444/1723/2403
f 2465/1732/2422 2464/1733/2423 2442/1725/2405 2443/1724/2404
f 2464/1733/2423 2463/1734/2424 2441/1726/2406 2442/1725/2405
f 2463/1734/2424 2462/1583/2425 2440/1561/2407 2441/1726/2406
f 2462/1583/2425 2461/1583/2426 2439/1561/2408 2440/1561/2407
f 2461/1583/2426 2460/1583/2427 2438/1561/2409 2439/1561/2408
f 2460/1583/2427 2459/1583/2428 2437/1561/2410 2438/1561/2409
f 2459/1583/2428 2458/1583/2429 2436/1561/2411 2437/1561/2410
f 2458/1583/2429 2456/1581/2219 2434/1582/2209 2436/1561/2411
f 2445/1526/2164 2447/1727/2412 2469/1735/2430 2467/1537/2183
f 2447/1727/2412 2448/1728/2413 2470/1736/2431 2469/1735/2430
f 2448/1728/2413 2449/1729/2414 2471/1737/2432 2470/1736/2431
f 2449/1729/2414 2450/1730/2415 2472/1738/2433 2471/1737/2432
f 2450/1730/2415 2451/1450/2416 2473/1453/2434 2472/1738/2433
f 2451/1450/2416 2452/1450/2417 2474/1453/2435 2473/1453/2434
f 2452/1450/2417 2453/1450/2418 2475/1453/2436 2474/1453/2435
f 2453/1450/2418 2454/1450/2419 2476/1453/2437 2475/1453/2436
f 2454/1450/2419 2455/1450/2420 2477/1453/2438 2476/1453/2437
f 2455/1450/2420 2446/1448/2116 2468/1449/2117 2477/1453/2438
f 2479/1537/2182 2488/1739/2439 2466/1731/2421 2457/1526/2163
f 2488/1739/2439 2487/1740/2440 2465/1732/2422 2466/1731/2421
f 2487/1740/2440 2486/1741/2441 2464/1733/2423 2465/1732/2422
f 2486/1741/2441 2485/1742/2442 2463/1734/2424 2464/1733/2423
f 2485/1742/2442 2484/1604/2443 2462/1583/2425 2463/1734/2424
f 2484/1604/2443 2483/1604/2444 2461/1583/2426 2462/1583/2425
f 2483/1604/2444 2482/1604/2445 2460/1583/2427 2461/1583/2426
f 2482/1604/2445 2481/1604/2446 2459/1583/2428 2460/1583/2427
f 2481/1604/2446 2480/1604/2447 2458/1583/2429 2459/1583/2428
f 2480/1604/2447 2478/1602/2226 2456/1603/2219 2458/1583/2429
f 2467/1537/2183 2469/1735/2430 2491/1743/2448 2489/1544/2197
f 2469/1735/2430 2470/1736/2431 2492/1744/2449 2491/1743/2448
f 2470/1736/2431 2471/1737/2432 2493/1745/2450 2492/1744/2449
f 2471/1737/2432 2472/1738/2433 2494/1746/2451 2493/1745/2450
f 2472/1738/2433 2473/1453/2434 2495/1456/2452 2494/1746/2451
f 2473/1453/2434 2474/1453/2435 2496/1456/2453 2495/1456/2452
f 2474/1453/2435 2475/1453/2436 2497/1456/2454 2496/1456/2453
f 2475/1453/2436 2476/1453/2437 2498/1456/2455 2497/1456/2454
f 2476/1453/2437 2477/1453/2438 2499/1456/2456 2498/1456/2455
f 2477/1453/2438 2468/1451/2117 2490/1452/2118 2499/1456/2456
f 2501/1544/2196 2510/1747/2457 2488/1739/2439 2479/1537/2182
f 2510/1747/2457 2509/1748/2458 2487/1740/2440 2488/1739/2439
f 2509/1748/2458 2508/1749/2459 2486/1741/2441 2487/1740/2440
f 2508/1749/2459 2507/1750/2460 2485/1742/2442 2486/1741/2441
f 2507/1750/2460 2506/1625/2461 2484/1604/2443 2485/1742/2442
f 2506/1625/2461 2505/1625/2462 2483/1604/2444 2484/1604/2443
f 2505/1625/2462 2504/1625/2463 2482/1604/2445 2483/1604/2444
f 2504/1625/2463 2503/1625/2464 2481/1604/2446 2482/1604/2445
f 2503/1625/2464 2502/1625/2465 2480/1604/2447 2481/1604/2446
f 2502/1625/2465 2500/1623/2205 2478/1624/2226 2480/1604/2447
f 2489/1544/2197 2491/1743/2448 2513/1751/2466 2511/1522/2155
f 2491/1743/2448 2492/1744/2449 2514/1752/2467 2513/1751/2466
f 2492/1744/2449 2493/1745/2450 2515/1753/2468 2514/1752/2467
f 2493/1745/2450 2494/1746/2451 2516/1754/2469 2515/1753/2468
f 2494/1746/2451 2495/1456/2452 2517/1459/2470 2516/1754/2469
f 2495/1456/2452 2496/1456/2453 2518/1459/2471 2517/1459/2470
f 2496/1456/2453 2497/1456/2454 2519/1459/2472 2518/1459/2471
f 2497/1456/2454 2498/1456/2455 2520/1459/2473 2519/1459/2472
f 2498/1456/2455 2499/1456/2456 2521/1459/2474 2520/1459/2473
f 2499/1456/2456 2490/1454/2118 2512/1455/2119 2521/1459/2474
f 2523/1522/2156 2532/1755/2475 2510/1747/2457 2501/1544/2196
f 2532/1755/2475 2531/1756/2476 2509/1748/2458 2510/1747/2457
f 2531/1756/2476 2530/1757/2477 2508/1749/2459 2509/1748/2458
f 2530/1757/2477 2529/1758/2478 2507/1750/2460 2508/1749/2459
f 2529/1758/2478 2528/1552/2479 2506/1625/2461 2507/1750/2460
f 2528/1552/2479 2527/1552/2480 2505/1625/2462 2506/1625/2461
f 2527/1552/2480 2526/1552/2481 2504/1625/2463 2505/1625/2462
f 2526/1552/2481 2525/1552/2482 2503/1625/2464 2504/1625/2463
f 2525/1552/2482 2524/1552/2483 2502/1625/2465 2503/1625/2464
f 2524/1552/2483 2522/1550/2204 2500/1551/2205 2502/1625/2465
f 2511/1522/2155 2513/1751/2466 2535/1759/2484 2533/1523/2158
f 2513/1751/2466 2514/1752/2467 2536/1760/2485 2535/1759/2484
f 2514/1752/2467 2515/1753/2468 2537/1761/2486 2536/1760/2485
f 2515/1753/2468 2516/1754/2469 2538/1762/2487 2537/1761/2486
f 2516/1754/2469 2517/1459/2470 2539/1462/2488 2538/1762/2487
f 2517/1459/2470 2518/1459/2471 2540/1462/2489 2539/1462/2488
f 2518/1459/2471 2519/1459/2472 2541/1462/2490 2540/1462/2489
f 2519/1459/2472 2520/1459/2473 2542/1462/2491 2541/1462/2490
f 2520/1459/2473 2521/1459/2474 2543/1462/2492 2542/1462/2491
f 2521/1459/2474 2512/1457/2119 2534/1458/2120 2543/1462/2492
f 2545/1523/2157 2554/1763/2493 2532/1755/2475 2523/1522/2156
f 2554/1763/2493 2553/1764/2494 2531/1756/2476 2532/1755/2475
f 2553/1764/2494 2552/1765/2495 2530/1757/2477 2531/1756/2476
f 2552/1765/2495 2551/1766/2496 2529/1758/2478 2530/1757/2477
f 2551/1766/2496 2550/1573/2497 2528/1552/2479 2529/1758/2478
f 2550/1573/2497 2549/1573/2498 2527/1552/2480 2528/1552/2479
f 2549/1573/2498 2548/1573/2499 2526/1552/2481 2527/1552/2480
f 2548/1573/2499 2547/1573/2500 2525/1552/2482 2526/1552/2481
f 2547/1573/2500 2546/1573/2501 2524/1552/2483 2525/1552/2482
f 2546/1573/2501 2544/1571/2216 2522/1572/2204 2524/1552/2483
f 2533/1523/2158 2535/1759/2484 2557/1767/2502 2555/1530/2172
f 2535/1759/2484 2536/1760/2485 2558/1768/2503 2557/1767/2502
f 2536/1760/2485 2537/1761/2486 2559/1769/2504 2558/1768/2503
f 2537/1761/2486 2538/1762/2487 2560/1770/2505 2559/1769/2504
f 2538/1762/2487 2539/1462/2488 2561/1465/2506 2560/1770/2505
f 2539/1462/2488 2540/1462/2489 2562/1465/2507 2561/1465/2506
f 2540/1462/2489 2541/1462/2490 2563/1465/2508 2562/1465/2507
f 2541/1462/2490 2542/1462/2491 2564/1465/2509 2563/1465/2508
f 2542/1462/2491 2543/1462/2492 2565/1465/2510 2564/1465/2509
f 2543/1462/2492 2534/1460/2120 2556/1461/2121 2565/1465/2510
f 2567/1530/2171 2576/1771/2511 2554/1763/2493 2545/1523/2157
f 2576/1771/2511 2575/1772/2512 2553/1764/2494 2554/1763/2493
f 2575/1772/2512 2574/1773/2513 2552/1765/2495 2553/1764/2494
f 2574/1773/2513 2573/1774/2514 2551/1766/2496 2552/1765/2495
f 2573/1774/2514 2572/1595/2515 2550/1573/2497 2551/1766/2496
f 2572/1595/2515 2571/1595/2516 2549/1573/2498 2550/1573/2497
f 2571/1595/2516 2570/1595/2517 2548/1573/2499 2549/1573/2498
f 2570/1595/2517 2569/1595/2518 2547/1573/2500 2548/1573/2499
f 2569/1595/2518 2568/1595/2519 2546/1573/2501 2547/1573/2500
f 2568/1595/2519 2566/1593/2223 2544/1594/2216 2546/1573/2501
f 2555/1530/2172 2557/1767/2502 2579/1775/2520 2577/1541/2191
f 2557/1767/2502 2558/1768/2503 2580/1776/2521 2579/1775/2520
f 2558/1768/2503 2559/1769/2504 2581/1777/2522 2580/1776/2521
f 2559/1769/2504 2560/1770/2505 2582/1778/2523 2581/1777/2522
f 2560/1770/2505 2561/1465/2506 2583/1468/2524 2582/1778/2523
f 2561/1465/2506 2562/1465/2507 2584/1468/2525 2583/1468/2524
f 2562/1465/2507 2563/1465/2508 2585/1468/2526 2584/1468/2525
f 2563/1465/2508 2564/1465/2509 2586/1468/2527 2585/1468/2526
f 2564/1465/2509 2565/1465/2510 2587/1468/2528 2586/1468/2527
f 2565/1465/2510 2556/1463/2121 2578/1464/2122 2587/1468/2528
f 2589/1541/2190 2598/1779/2529 2576/1771/2511 2567/1530/2171
f 2598/1779/2529 2597/1780/2530 2575/1772/2512 2576/1771/2511
f 2597/1780/2530 2596/1781/2531 2574/1773/2513 2575/1772/2512
f 2596/1781/2531 2595/1782/2532 2573/1774/2514 2574/1773/2513
f 2595/1782/2532 2594/1616/2533 2572/1595/2515 2573/1774/2514
f 2594/1616/2533 2593/1616/2534 2571/1595/2516 2572/1595/2515
f 2593/1616/2534 2592/1616/2535 2570/1595/2517 2571/1595/2516
f 2592/1616/2535 2591/1616/2536 2569/1595/2518 2570/1595/2517
f 2591/1616/2536 2590/1616/2537 2568/1595/2519 2569/1595/2518
f 2590/1616/2537 2588/1614/2230 2566/1615/2223 2568/1595/2519
f 2577/1541/2191 2579/1775/2520 2601/1783/2538 2599/1516/2143
f 2579/1775/2520 2580/1776/2521 2602/1784/2539 2601/1783/2538
f 2580/1776/2521 2581/1777/2522 2603/1785/2540 2602/1784/2539
f 2581/1777/2522 2582/1778/2523 2604/1786/2541 2603/1785/2540
f 2582/1778/2523 2583/1468/2524 2605/1787/2542 2604/1786/2541
f 2583/1468/2524 2584/1468/2525 2606/1471/2543 2605/1787/2542
f 2584/1468/2525 2585/1468/2526 2607/1471/2544 2606/1471/2543
f 2585/1468/2526 2586/1468/2527 2608/1471/2545 2607/1471/2544
f 2586/1468/2527 2587/1468/2528 2609/1471/2546 2608/1471/2545
f 2587/1468/2528 2578/1466/2122 2600/1467/2123 2609/1471/2546
f 2611/1516/2144 2620/1788/2547 2598/1779/2529 2589/1541/2190
f 2620/1788/2547 2619/1789/2548 2597/1780/2530 2598/1779/2529
f 2619/1789/2548 2618/1790/2549 2596/1781/2531 2597/1780/2530
f 2618/1790/2549 2617/1791/2550 2595/1782/2532 2596/1781/2531
f 2617/1791/2550 2616/1792/2551 2594/1616/2533 2595/1782/2532
f 2616/1792/2551 2615/1637/2552 2593/1616/2534 2594/1616/2533
f 2615/1637/2552 2614/1637/2553 2592/1616/2535 2593/1616/2534
f 2614/1637/2553 2613/1637/2554 2591/1616/2536 2592/1616/2535
f 2613/1637/2554 2612/1637/2555 2590/1616/2537 2591/1616/2536
f 2612/1637/2555 2610/1635/2212 2588/1636/2230 2590/1616/2537
f 2599/1516/2143 2601/1783/2538 2623/1793/2556 2621/1517/2146
f 2601/1783/2538 2602/1784/2539 2624/1794/2557 2623/1793/2556
f 2602/1784/2539 2603/1785/2540 2625/1795/2558 2624/1794/2557
f 2603/1785/2540 2604/1786/2541 2626/1796/2559 2625/1795/2558
f 2604/1786/2541 2605/1787/2542 2627/1797/2560 2626/1796/2559
f 2605/1787/2542 2606/1471/2543 2628/1474/2561 2627/1797/2560
f 2606/1471/2543 2607/1471/2544 2629/1474/2562 2628/1474/2561
f 2607/1471/2544 2608/1471/2545 2630/1474/2563 2629/1474/2562
f 2608/1471/2545 2609/1471/2546 2631/1474/2564 2630/1474/2563
f 2609/1471/2546 2600/1469/2123 2622/1470/2124 2631/1474/2564
f 2633/1517/2145 2642/1798/2565 2620/1788/2547 2611/1516/2144
f 2642/1798/2565 2641/1799/2566 2619/1789/2548 2620/1788/2547
f 2641/1799/2566 2640/1800/2567 2618/1790/2549 2619/1789/2548
f 2640/1800/2567 2639/1801/2568 2617/1791/2550 2618/1790/2549
f 2639/1801/2568 2638/1564/2569 2616/1792/2551 2617/1791/2550
f 2638/1564/2569 2637/1564/2570 2615/1637/2552 2616/1792/2551
f 2637/1564/2570 2636/1564/2571 2614/1637/2553 2615/1637/2552
f 2636/1564/2571 2635/1564/2572 2613/1637/2554 2614/1637/2553
f 2635/1564/2572 2634/1564/2573 2612/1637/2555 2613/1637/2554
f 2634/1564/2573 2632/1562/2211 2610/1563/2212 2612/1637/2555
f 2621/1517/2146 2623/1793/2556 2645/1802/2574 2643/1527/2166
f 2623/1793/2556 2624/1794/2557 2646/1803/2575 2645/1802/2574
f 2624/1794/2557 2625/1795/2558 2647/1804/2576 2646/1803/2575
f 2625/1795/2558 2626/1796/2559 2648/1805/2577 2647/1804/2576
f 2626/1796/2559 2627/1797/2560 2649/1477/2578 2648/1805/2577
f 2627/1797/2560 2628/1474/2561 2650/1477/2579 2649/1477/2578
f 2628/1474/2561 2629/1474/2562 2651/1477/2580 2650/1477/2579
f 2629/1474/2562 2630/1474/2563 2652/1477/2581 2651/1477/2580
f 2630/1474/2563 2631/1474/2564 2653/1477/2582 2652/1477/2581
f 2631/1474/2564 2622/1472/2124 2644/1473/2125 2653/1477/2582
f 2655/1527/2165 2664/1806/2583 2642/1798/2565 2633/1517/2145
f 2664/1806/2583 2663/1807/2584 2641/1799/2566 2642/1798/2565
f 2663/1807/2584 2662/1808/2585 2640/1800/2567 2641/1799/2566
f 2662/1808/2585 2661/1809/2586 2639/1801/2568 2640/1800/2567
f 2661/1809/2586 2660/1586/2587 2638/1564/2569 2639/1801/2568
f 2660/1586/2587 2659/1586/2588 2637/1564/2570 2638/1564/2569
f 2659/1586/2588 2658/1586/2589 2636/1564/2571 2637/1564/2570
f 2658/1586/2589 2657/1586/2590 2635/1564/2572 2636/1564/2571
f 2657/1586/2590 2656/1586/2591 2634/1564/2573 2635/1564/2572
f 2656/1586/2591 2654/1584/2220 2632/1585/2211 2634/1564/2573
f 2643/1527/2166 2645/1802/2574 2667/1810/2592 2665/1538/2185
f 2645/1802/2574 2646/1803/2575 2668/1811/2593 2667/1810/2592
f 2646/1803/2575 2647/1804/2576 2669/1812/2594 2668/1811/2593
f 2647/1804/2576 2648/1805/2577 2670/1813/2595 2669/1812/2594
f 2648/1805/2577 2649/1477/2578 2671/1480/2596 2670/1813/2595
f 2649/1477/2578 2650/1477/2579 2672/1480/2597 2671/1480/2596
f 2650/1477/2579 2651/1477/2580 2673/1480/2598 2672/1480/2597
f 2651/1477/2580 2652/1477/2581 2674/1480/2599 2673/1480/2598
f 2652/1477/2581 2653/1477/2582 2675/1480/2600 2674/1480/2599
f 2653/1477/2582 2644/1475/2125 2666/1476/2126 2675/1480/2600
f 2677/1538/2184 2686/1814/2601 2664/1806/2583 2655/1527/2165
f 2686/1814/2601 2685/1815/2602 2663/1807/2584 2664/1806/2583
f 2685/1815/2602 2684/1816/2603 2662/1808/2585 2663/1807/2584
f 2684/1816/2603 2683/1817/2604 2661/1809/2586 2662/1808/2585
f 2683/1817/2604 2682/1818/2605 2660/1586/2587 2661/1809/2586
f 2682/1818/2605 2681/1607/2606 2659/1586/2588 2660/1586/2587
f 2681/1607/2606 2680/1607/2607 2658/1586/2589 2659/1586/2588
f 2680/1607/2607 2679/1607/2608 2657/1586/2590 2658/1586/2589
f 2679/1607/2608 2678/1607/2609 2656/1586/2591 2657/1586/2590
f 2678/1607/2609 2676/1605/2227 2654/1606/2220 2656/1586/2591
f 2665/1538/2185 2667/1810/2592 2689/1819/2610 2687/1545/2199
f 2667/1810/2592 2668/1811/2593 2690/1820/2611 2689/1819/2610
f 2668/1811/2593 2669/1812/2594 2691/1821/2612 2690/1820/2611
f 2669/1812/2594 2670/1813/2595 2692/1822/2613 2691/1821/2612
f 2670/1813/2595 2671/1480/2596 2693/1483/2614 2692/1822/2613
f 2671/1480/2596 2672/1480/2597 2694/1483/2615 2693/1483/2614
f 2672/1480/2597 2673/1480/2598 2695/1483/2616 2694/1483/2615
f 2673/1480/2598 2674/1480/2599 2696/1483/2617 2695/1483/2616
f 2674/1480/2599 2675/1480/2600 2697/1483/2618 2696/1483/2617
f 2675/1480/2600 2666/1478/2126 2688/1479/2127 2697/1483/2618
f 2699/1545/2198 2708/1823/2619 2686/1814/2601 2677/1538/2184
f 2708/1823/2619 2707/1824/2620 2685/1815/2602 2686/1814/2601
f 2707/1824/2620 2706/1825/2621 2684/1816/2603 2685/1815/2602
f 2706/1825/2621 2705/1826/2622 2683/1817/2604 2684/1816/2603
f 2705/1826/2622 2704/1628/2623 2682/1818/2605 2683/1817/2604
f 2704/1628/2623 2703/1628/2624 2681/1607/2606 2682/1818/2605
f 2703/1628/2624 2702/1628/2625 2680/1607/2607 2681/1607/2606
f 2702/1628/2625 2701/1628/2626 2679/1607/2608 2680/1607/2607
f 2701/1628/2626 2700/1628/2627 2678/1607/2609 2679/1607/2608
f 2700/1628/2627 2698/1626/2207 2676/1627/2227 2678/1607/2609
f 2687/1545/2199 2689/1819/2610 2711/1827/2628 2709/1524/2159
f 2689/1819/2610 2690/1820/2611 2712/1828/2629 2711/1827/2628
f 2690/1820/2611 2691/1821/2612 2713/1829/2630 2712/1828/2629
f 2691/1821/2612 2692/1822/2613 2714/1830/2631 2713/1829/2630
f 2692/1822/2613 2693/1483/2614 2715/1486/2632 2714/1830/2631
f 2693/1483/2614 2694/1483/2615 2716/1486/2633 2715/1486/2632
f 2694/1483/2615 2695/1483/2616 2717/1486/2634 2716/1486/2633
f 2695/1483/2616 2696/1483/2617 2718/1486/2635 2717/1486/2634
f 2696/1483/2617 2697/1483/2618 2719/1486/2636 2718/1486/2635
f 2697/1483/2618 2688/1481/2127 2710/1482/2128 2719/1486/2636
f 2721/1524/2160 2730/1831/2637 2708/1823/2619 2699/1545/2198
f 2730/1831/2637 2729/1832/2638 2707/1824/2620 2708/1823/2619
f 2729/1832/2638 2728/1833/2639 2706/1825/2621 2707/1824/2620
f 2728/1833/2639 2727/1834/2640 2705/1826/2622 2706/1825/2621
f 2727/1834/2640 2726/1555/2641 2704/1628/2623 2705/1826/2622
f 2726/1555/2641 2725/1555/2642 2703/1628/2624 2704/1628/2623
f 2725/1555/2642 2724/1555/2643 2702/1628/2625 2703/1628/2624
f 2724/1555/2643 2723/1555/2644 2701/1628/2626 2702/1628/2625
f 2723/1555/2644 2722/1555/2645 2700/1628/2627 2701/1628/2626
f 2722/1555/2645 2720/1553/2206 2698/1554/2207 2700/1628/2627
f 2709/1524/2159 2711/1827/2628 2733/1835/2646 2731/1525/2162
f 2711/1827/2628 2712/1828/2629 2734/1836/2647 2733/1835/2646
f 2712/1828/2629 2713/1829/2630 2735/1837/2648 2734/1836/2647
f 2713/1829/2630 2714/1830/2631 2736/1838/2649 2735/1837/2648
f 2714/1830/2631 2715/1486/2632 2737/1489/2650 2736/1838/2649
f 2715/1486/2632 2716/1486/2633 2738/1489/2651 2737/1489/2650
f 2716/1486/2633 2717/1486/2634 2739/1489/2652 2738/1489/2651
f 2717/1486/2634 2718/1486/2635 2740/1489/2653 2739/1489/2652
f 2718/1486/2635 2719/1486/2636 2741/1489/2654 2740/1489/2653
f 2719/1486/2636 2710/1484/2128 2732/1485/2129 2741/1489/2654
f 2743/1525/2161 2752/1839/2655 2730/1831/2637 2721/1524/2160
f 2752/1839/2655 2751/1840/2656 2729/1832/2638 2730/1831/2637
f 2751/1840/2656 2750/1841/2657 2728/1833/2639 2729/1832/2638
f 2750/1841/2657 2749/1842/2658 2727/1834/2640 2728/1833/2639
f 2749/1842/2658 2748/1576/2659 2726/1555/2641 2727/1834/2640
f 2748/1576/2659 2747/1576/2660 2725/1555/2642 2726/1555/2641
f 2747/1576/2660 2746/1576/2661 2724/1555/2643 2725/1555/2642
f 2746/1576/2661 2745/1576/2662 2723/1555/2644 2724/1555/2643
f 2745/1576/2662 2744/1576/2663 2722/1555/2645 2723/1555/2644
f 2744/1576/2663 2742/1574/2217 2720/1575/2206 2722/1555/2645
f 2731/1525/2162 2733/1835/2646 2755/1843/2664 2753/1531/2174
f 2733/1835/2646 2734/1836/2647 2756/1844/2665 2755/1843/2664
f 2734/1836/2647 2735/1837/2648 2757/1845/2666 2756/1844/2665
f 2735/1837/2648 2736/1838/2649 2758/1846/2667 2757/1845/2666
f 2736/1838/2649 2737/1489/2650 2759/1492/2668 2758/1846/2667
f 2737/1489/2650 2738/1489/2651 2760/1492/2669 2759/1492/2668
f 2738/1489/2651 2739/1489/2652 2761/1492/2670 2760/1492/2669
f 2739/1489/2652 2740/1489/2653 2762/1492/2671 2761/1492/2670
f 2740/1489/2653 2741/1489/2654 2763/1492/2672 2762/1492/2671
f 2741/1489/2654 2732/1487/2129 2754/1488/2130 2763/1492/2672
f 2765/1531/2173 2774/1847/2673 2752/1839/2655 2743/1525/2161
f 2774/1847/2673 2773/1848/2674 2751/1840/2656 2752/1839/2655
f 2773/1848/2674 2772/1849/2675 2750/1841/2657 2751/1840/2656
f 2772/1849/2675 2771/1850/2676 2749/1842/2658 2750/1841/2657
f 2771/1850/2676 2770/1598/2677 2748/1576/2659 2749/1842/2658
f 2770/1598/2677 2769/1598/2678 2747/1576/2660 2748/1576/2659
f 2769/1598/2678 2768/1598/2679 2746/1576/2661 2747/1576/2660
f 2768/1598/2679 2767/1598/2680 2745/1576/2662 2746/1576/2661
f 2767/1598/2680 2766/1598/2681 2744/1576/2663 2745/1576/2662
f 2766/1598/2681 2764/1596/2224 2742/1597/2217 2744/1576/2663
f 2753/1531/2174 2755/1843/2664 2777/1851/2682 2775/1542/2193
f 2755/1843/2664 2756/1844/2665 2778/1852/2683 2777/1851/2682
f 2756/1844/2665 2757/1845/2666 2779/1853/2684 2778/1852/2683
f 2757/1845/2666 2758/1846/2667 2780/1854/2685 2779/1853/2684
f 2758/1846/2667 2759/1492/2668 2781/1495/2686 2780/1854/2685
f 2759/1492/2668 2760/1492/2669 2782/1495/2687 2781/1495/2686
f 2760/1492/2669 2761/1492/2670 2783/1495/2688 2782/1495/2687
f 2761/1492/2670 2762/1492/2671 2784/1495/2689 2783/1495/2688
f 2762/1492/2671 2763/1492/2672 2785/1495/2690 2784/1495/2689
f 2763/1492/2672 2754/1490/2130 2776/1491/2131 2785/1495/2690
f 2787/1542/2192 2796/1855/2691 2774/1847/2673 2765/1531/2173
f 2796/1855/2691 2795/1856/2692 2773/1848/2674 2774/1847/2673
f 2795/1856/2692 2794/1857/2693 2772/1849/2675 2773/1848/2674
f 2794/1857/2693 2793/1858/2694 2771/1850/2676 2772/1849/2675
f 2793/1858/2694 2792/1619/2695 2770/1598/2677 2771/1850/2676
f 2792/1619/2695 2791/1619/2696 2769/1598/2678 2770/1598/2677
f 2791/1619/2696 2790/1619/2697 2768/1598/2679 2769/1598/2678
f 2790/1619/2697 2789/1619/2698 2767/1598/2680 2768/1598/2679
f 2789/1619/2698 2788/1619/2699 2766/1598/2681 2767/1598/2680
f 2788/1619/2699 2786/1617/2231 2764/1618/2224 2766/1598/2681
f 2775/1542/2193 2777/1851/2682 2799/1859/2700 2797/1518/2147
f 2777/1851/2682 2778/1852/2683 2800/1860/2701 2799/1859/2700
f 2778/1852/2683 2779/1853/2684 2801/1861/2702 2800/1860/2701
f 2779/1853/2684 2780/1854/2685 2802/1862/2703 2801/1861/2702
f 2780/1854/2685 2781/1495/2686 2803/1498/2704 2802/1862/2703
f 2781/1495/2686 2782/1495/2687 2804/1498/2705 2803/1498/2704
f 2782/1495/2687 2783/1495/2688 2805/1498/2706 2804/1498/2705
f 2783/1495/2688 2784/1495/2689 2806/1498/2707 2805/1498/2706
f 2784/1495/2689 2785/1495/2690 2807/1498/2708 2806/1498/2707
f 2785/1495/2690 2776/1493/2131 2798/1494/2132 2807/1498/2708
f 2809/1518/2148 2818/1863/2709 2796/1855/2691 2787/1542/2192
f 2818/1863/2709 2817/1864/2710 2795/1856/2692 2796/1855/2691
f 2817/1864/2710 2816/1865/2711 2794/1857/2693 2795/1856/2692
f 2816/1865/2711 2815/1866/2712 2793/1858/2694 2794/1857/2693
f 2815/1866/2712 2814/1640/2713 2792/1619/2695 2793/1858/2694
f 2814/1640/2713 2813/1640/2714 2791/1619/2696 2792/1619/2695
f 2813/1640/2714 2812/1640/2715 2790/1619/2697 2791/1619/2696
f 2812/1640/2715 2811/1640/2716 2789/1619/2698 2790/1619/2697
f 2811/1640/2716 2810/1640/2717 2788/1619/2699 2789/1619/2698
f 2810/1640/2717 2808/1638/2214 2786/1639/2231 2788/1619/2699
f 2797/1518/2147 2799/1859/2700 2821/1867/2718 2819/1519/2150
f 2799/1859/2700 2800/1860/2701 2822/1868/2719 2821/1867/2718
f 2800/1860/2701 2801/1861/2702 2823/1869/2720 2822/1868/2719
f 2801/1861/2702 2802/1862/2703 2824/1870/2721 2823/1869/2720
f 2802/1862/2703 2803/1498/2704 2825/1871/2722 2824/1870/2721
f 2803/1498/2704 2804/1498/2705 2826/1501/2723 2825/1871/2722
f 2804/1498/2705 2805/1498/2706 2827/1501/2724 2826/1501/2723
f 2805/1498/2706 2806/1498/2707 2828/1501/2725 2827/1501/2724
f 2806/1498/2707 2807/1498/2708 2829/1501/2726 2828/1501/2725
f 2807/1498/2708 2798/1496/2132 2820/1497/2133 2829/1501/2726
f 2831/1519/2149 2840/1872/2727 2818/1863/2709 2809/1518/2148
f 2840/1872/2727 2839/1873/2728 2817/1864/2710 2818/1863/2709
f 2839/1873/2728 2838/1874/2729 2816/1865/2711 2817/1864/2710
f 2838/1874/2729 2837/1875/2730 2815/1866/2712 2816/1865/2711
f 2837/1875/2730 2836/1876/2731 2814/1640/2713 2815/1866/2712
f 2836/1876/2731 2835/1567/2732 2813/1640/2714 2814/1640/2713
f 2835/1567/2732 2834/1567/2733 2812/1640/2715 2813/1640/2714
f 2834/1567/2733 2833/1567/2734 2811/1640/2716 2812/1640/2715
f 2833/1567/2734 2832/1567/2735 2810/1640/2717 2811/1640/2716
f 2832/1567/2735 2830/1565/2213 2808/1566/2214 2810/1640/2717
f 2819/1519/2150 2821/1867/2718 2843/1877/2736 2841/1528/2168
f 2821/1867/2718 2822/1868/2719 2844/1878/2737 2843/1877/2736
f 2822/1868/2719 2823/1869/2720 2845/1879/2738 2844/1878/2737
f 2823/1869/2720 2824/1870/2721 2846/1880/2739 2845/1879/2738
f 2824/1870/2721 2825/1871/2722 2847/1881/2740 2846/1880/2739
f 2825/1871/2722 2826/1501/2723 2848/1504/2741 2847/1881/2740
f 2826/1501/2723 2827/1501/2724 2849/1504/2742 2848/1504/2741
f 2827/1501/2724 2828/1501/2725 2850/1504/2743 2849/1504/2742
f 2828/1501/2725 2829/1501/2726 2851/1504/2744 2850/1504/2743
f 2829/1501/2726 2820/1499/2133 2842/1500/2134 2851/1504/2744
f 2853/1528/2167 2862/1882/2745 2840/1872/2727 2831/1519/2149
f 2862/1882/2745 2861/1883/2746 2839/1873/2728 2840/1872/2727
f 2861/1883/2746 2860/1884/2747 2838/1874/2729 2839/1873/2728
f 2860/1884/2747 2859/1885/2748 2837/1875/2730 2838/1874/2729
f 2859/1885/2748 2858/1886/2749 2836/1876/2731 2837/1875/2730
f 2858/1886/2749 2857/1589/2750 2835/1567/2732 2836/1876/2731
f 2857/1589/2750 2856/1589/2751 2834/1567/2733 2835/1567/2732
f 2856/1589/2751 2855/1589/2752 2833/1567/2734 2834/1567/2733
f 2855/1589/2752 2854/1589/2753 2832/1567/2735 2833/1567/2734
f 2854/1589/2753 2852/1587/2221 2830/1588/2213 2832/1567/2735
f 2841/1528/2168 2843/1877/2736 2865/1887/2754 2863/1539/2187
f 2843/1877/2736 2844/1878/2737 2866/1888/2755 2865/1887/2754
f 2844/1878/2737 2845/1879/2738 2867/1889/2756 2866/1888/2755
f 2845/1879/2738 2846/1880/2739 2868/1890/2757 2867/1889/2756
f 2846/1880/2739 2847/1881/2740 2869/1891/2758 2868/1890/2757
f 2847/1881/2740 2848/1504/2741 2870/1507/2759 2869/1891/2758
f 2848/1504/2741 2849/1504/2742 2871/1507/2760 2870/1507/2759
f 2849/1504/2742 2850/1504/2743 2872/1507/2761 2871/1507/2760
f 2850/1504/2743 2851/1504/2744 2873/1507/2762 2872/1507/2761
f 2851/1504/2744 2842/1502/2134 2864/1503/2135 2873/1507/2762
f 2875/1539/2186 2884/1892/2763 2862/1882/2745 2853/1528/2167
f 2884/1892/2763 2883/1893/2764 2861/1883/2746 2862/1882/2745
f 2883/1893/2764 2882/1894/2765 2860/1884/2747 2861/1883/2746
f 2882/1894/2765 2881/1895/2766 2859/1885/2748 2860/1884/2747
f 2881/1895/2766 2880/1896/2767 2858/1886/2749 2859/1885/2748
f 2880/1896/2767 2879/1610/2768 2857/1589/2750 2858/1886/2749
f 2879/1610/2768 2878/1610/2769 2856/1589/2751 2857/1589/2750
f 2878/1610/2769 2877/1610/2770 2855/1589/2752 2856/1589/2751
f 2877/1610/2770 2876/1610/2771 2854/1589/2753 2855/1589/2752
f 2876/1610/2771 2874/1608/2228 2852/1609/2221 2854/1589/2753
f 2863/1539/2187 2865/1887/2754 2887/1897/2772 2885/1546/2201
f 2865/1887/2754 2866/1888/2755 2888/1898/2773 2887/1897/2772
f 2866/1888/2755 2867/1889/2756 2889/1899/2774 2888/1898/2773
f 2867/1889/2756 2868/1890/2757 2890/1900/2775 2889/1899/2774
f 2868/1890/2757 2869/1891/2758 2891/1901/2776 2890/1900/2775
f 2869/1891/2758 2870/1507/2759 2892/1510/2777 2891/1901/2776
f 2870/1507/2759 2871/1507/2760 2893/1510/2778 2892/1510/2777
f 2871/1507/2760 2872/1507/2761 2894/1510/2779 2893/1510/2778
f 2872/1507/2761 2873/1507/2762 2895/1510/2780 2894/1510/2779
f 2873/1507/2762 2864/1505/2135 2886/1506/2136 2895/1510/2780
f 2897/1546/2200 2906/1902/2781 2884/1892/2763 2875/1539/2186
f 2906/1902/2781 2905/1903/2782 2883/1893/2764 2884/1892/2763
f 2905/1903/2782 2904/1904/2783 2882/1894/2765 2883/1893/2764
f 2904/1904/2783 2903/1905/2784 2881/1895/2766 2882/1894/2765
f 2903/1905/2784 2902/1906/2785 2880/1896/2767 2881/1895/2766
f 2902/1906/2785 2901/1631/2786 2879/1610/2768 2880/1896/2767
f 2901/1631/2786 2900/1631/2787 2878/1610/2769 2879/1610/2768
f 2900/1631/2787 2899/1631/2788 2877/1610/2770 2878/1610/2769
f 2899/1631/2788 2898/1631/2789 2876/1610/2771 2877/1610/2770
f 2898/1631/2789 2896/1629/2208 2874/1630/2228 2876/1610/2771
f 2885/1546/2201 2887/1897/2772 2909/1907/2790 2907/1419/2102
f 2887/1897/2772 2888/1898/2773 2910/1908/2791 2909/1907/2790
f 2888/1898/2773 2889/1899/2774 2911/1909/2792 2910/1908/2791
f 2889/1899/2774 2890/1900/2775 2912/1910/2793 2911/1909/2792
f 2890/1900/2775 2891/1901/2776 2913/1911/2794 2912/1910/2793
f 2891/1901/2776 2892/1510/2777 2914/1513/2795 2913/1911/2794
f 2892/1510/2777 2893/1510/2778 2915/1513/2796 2914/1513/2795
f 2893/1510/2778 2894/1510/2779 2916/1513/2797 2915/1513/2796
f 2894/1510/2779 2895/1510/2780 2917/1513/2798 2916/1513/2797
f 2895/1510/2780 2886/1508/2136 2908/1509/2137 2917/1513/2798
f 2919/1419/2103 2928/1912/2799 2906/1902/2781 2897/1546/2200
f 2928/1912/2799 2927/1913/2800 2905/1903/2782 2906/1902/2781
f 2927/1913/2800 2926/1914/2801 2904/1904/2783 2905/1903/2782
f 2926/1914/2801 2925/1915/2802 2903/1905/2784 2904/1904/2783
f 2925/1915/2802 2924/1916/2803 2902/1906/2785 2903/1905/2784
f 2924/1916/2803 2923/1558/2804 2901/1631/2786 2902/1906/2785
f 2923/1558/2804 2922/1558/2805 2900/1631/2787 2901/1631/2786
f 2922/1558/2805 2921/1558/2806 2899/1631/2788 2900/1631/2787
f 2921/1558/2806 2920/1558/2807 2898/1631/2789 2899/1631/2788
f 2920/1558/2807 2918/1556/2176 2896/1557/2208 2898/1631/2789
f 2907/1419/2102 2909/1907/2790 2235/1917/2233 2226/1420/2105
f 2909/1907/2790 2910/1908/2791 2234/1918/2235 2235/1917/2233
f 2910/1908/2791 2911/1909/2792 2233/1919/2237 2234/1918/2235
f 2911/1909/2792 2912/1910/2793 2232/1920/2239 2233/1919/2237
f 2912/1910/2793 2913/1911/2794 2231/1921/2241 2232/1920/2239
f 2913/1911/2794 2914/1513/2795 2230/1922/2243 2231/1921/2241
f 2914/1513/2795 2915/1513/2796 2229/1922/2245 2230/1922/2243
f 2915/1513/2796 2916/1513/2797 2228/1922/2247 2229/1922/2245
f 2916/1513/2797 2917/1513/2798 2227/1922/2249 2228/1922/2247
f 2917/1513/2798 2908/1511/2137 2225/1512/2138 2227/1922/2249
f 2236/1420/2104 2238/1923/2250 2928/1912/2799 2919/1419/2103
f 2238/1923/2250 2239/1924/2252 2927/1913/2800 2928/1912/2799
f 2239/1924/2252 2240/1925/2254 2926/1914/2801 2927/1913/2800
f 2240/1925/2254 2241/1926/2256 2925/1915/2802 2926/1914/2801
f 2241/1926/2256 2242/1927/2258 2924/1916/2803 2925/1915/2802
f 2242/1927/2258 2243/1534/2260 2923/1558/2804 2924/1916/2803
f 2243/1534/2260 2244/1534/2262 2922/1558/2805 2923/1558/2804
f 2244/1534/2262 2245/1534/2264 2921/1558/2806 2922/1558/2805
f 2245/1534/2264 2246/1534/2266 2920/1558/2807 2921/1558/2806
f 2246/1534/2266 2237/1532/2175 2918/1533/2176 2920/1558/2807
f 2225/1652/2138 2193/1650/2108 2194/1650/2108 2248/1651/2106
o 把手.001
v 2.335014 0.315020 0.947689
v 2.335014 0.313152 0.947932
v 2.335014 0.313199 0.947945
v 2.335014 0.313155 0.947937
v 2.335014 0.313165 0.947942
v 2.335014 0.313181 0.947944
v 2.335014 0.315020 0.947689
v 2.335063 0.313152 0.947928
v 2.335065 0.313199 0.947940
v 2.335064 0.313155 0.947933
v 2.335065 0.313165 0.947937
v 2.335065 0.313181 0.947939
v 2.335014 0.315020 0.947689
v 2.335109 0.313152 0.947914
v 2.335114 0.313199 0.947926
v 2.335111 0.313155 0.947918
v 2.335113 0.313165 0.947922
v 2.335114 0.313181 0.947925
v 2.335014 0.315020 0.947689
v 2.335153 0.313152 0.947891
v 2.335160 0.313199 0.947902
v 2.335155 0.313155 0.947896
v 2.335158 0.313165 0.947899
v 2.335159 0.313181 0.947901
v 2.335014 0.315020 0.947689
v 2.335190 0.313152 0.947861
v 2.335200 0.313199 0.947870
v 2.335194 0.313155 0.947865
v 2.335197 0.313165 0.947868
v 2.335199 0.313181 0.947870
v 2.335014 0.315020 0.947689
v 2.335221 0.313152 0.947824
v 2.335232 0.313199 0.947832
v 2.335226 0.313155 0.947827
v 2.335229 0.313165 0.947829
v 2.335232 0.313181 0.947831
v 2.335014 0.315020 0.947689
v 2.335244 0.313152 0.947782
v 2.335257 0.313199 0.947787
v 2.335249 0.313155 0.947784
v 2.335253 0.313165 0.947786
v 2.335256 0.313181 0.947787
v 2.335014 0.315020 0.947689
v 2.335259 0.313152 0.947737
v 2.335272 0.313199 0.947739
v 2.335263 0.313155 0.947738
v 2.335268 0.313165 0.947739
v 2.335271 0.313181 0.947739
v 2.335014 0.315020 0.947689
v 2.335263 0.313152 0.947689
v 2.335277 0.313199 0.947689
v 2.335268 0.313155 0.947689
v 2.335273 0.313165 0.947689
v 2.335276 0.313181 0.947689
v 2.335014 0.315020 0.947689
v 2.335259 0.313152 0.947642
v 2.335272 0.313199 0.947639
v 2.335263 0.313155 0.947641
v 2.335268 0.313165 0.947640
v 2.335271 0.313181 0.947640
v 2.335014 0.315020 0.947689
v 2.335244 0.313152 0.947596
v 2.335257 0.313199 0.947591
v 2.335249 0.313155 0.947594
v 2.335253 0.313165 0.947593
v 2.335256 0.313181 0.947592
v 2.335014 0.315020 0.947689
v 2.335221 0.313152 0.947554
v 2.335232 0.313199 0.947547
v 2.335226 0.313155 0.947552
v 2.335229 0.313165 0.947549
v 2.335232 0.313181 0.947548
v 2.335014 0.315020 0.947689
v 2.335190 0.313152 0.947517
v 2.335200 0.313199 0.947508
v 2.335194 0.313155 0.947514
v 2.335197 0.313165 0.947511
v 2.335199 0.313181 0.947509
v 2.335014 0.315020 0.947689
v 2.335153 0.313152 0.947487
v 2.335160 0.313199 0.947477
v 2.335155 0.313155 0.947483
v 2.335158 0.313165 0.947480
v 2.335159 0.313181 0.947477
v 2.335014 0.315020 0.947689
v 2.335109 0.313152 0.947465
v 2.335114 0.313199 0.947453
v 2.335111 0.313155 0.947460
v 2.335113 0.313165 0.947456
v 2.335114 0.313181 0.947454
v 2.335014 0.315020 0.947689
v 2.335063 0.313152 0.947451
v 2.335065 0.313199 0.947438
v 2.335064 0.313155 0.947446
v 2.335065 0.313165 0.947442
v 2.335065 0.313181 0.947439
v 2.335014 0.315020 0.947689
v 2.335014 0.313152 0.947446
v 2.335014 0.313199 0.947433
v 2.335014 0.313155 0.947441
v 2.335014 0.313165 0.947437
v 2.335014 0.313181 0.947434
v 2.335014 0.315020 0.947689
v 2.334965 0.313152 0.947451
v 2.334963 0.313199 0.947438
v 2.334965 0.313155 0.947446
v 2.334964 0.313165 0.947442
v 2.334963 0.313181 0.947439
v 2.335014 0.315020 0.947689
v 2.334919 0.313152 0.947465
v 2.334914 0.313199 0.947453
v 2.334917 0.313155 0.947460
v 2.334915 0.313165 0.947456
v 2.334914 0.313181 0.947454
v 2.335014 0.315020 0.947689
v 2.334876 0.313152 0.947487
v 2.334868 0.313199 0.947477
v 2.334873 0.313155 0.947483
v 2.334870 0.313165 0.947480
v 2.334869 0.313181 0.947477
v 2.335014 0.315020 0.947689
v 2.334838 0.313152 0.947517
v 2.334828 0.313199 0.947508
v 2.334834 0.313155 0.947514
v 2.334831 0.313165 0.947511
v 2.334829 0.313181 0.947509
v 2.335014 0.315020 0.947689
v 2.334807 0.313152 0.947554
v 2.334796 0.313199 0.947547
v 2.334803 0.313155 0.947552
v 2.334799 0.313165 0.947549
v 2.334797 0.313181 0.947548
v 2.335014 0.315020 0.947689
v 2.334784 0.313152 0.947596
v 2.334772 0.313199 0.947591
v 2.334779 0.313155 0.947594
v 2.334775 0.313165 0.947593
v 2.334773 0.313181 0.947592
v 2.335014 0.315020 0.947689
v 2.334769 0.313152 0.947642
v 2.334757 0.313199 0.947639
v 2.334765 0.313155 0.947641
v 2.334760 0.313165 0.947640
v 2.334758 0.313181 0.947640
v 2.335014 0.315020 0.947689
v 2.334765 0.313152 0.947689
v 2.334752 0.313199 0.947689
v 2.334760 0.313155 0.947689
v 2.334755 0.313165 0.947689
v 2.334753 0.313181 0.947689
v 2.335014 0.315020 0.947689
v 2.334769 0.313152 0.947737
v 2.334757 0.313199 0.947739
v 2.334765 0.313155 0.947738
v 2.334760 0.313165 0.947739
v 2.334758 0.313181 0.947739
v 2.335014 0.315020 0.947689
v 2.334784 0.313152 0.947782
v 2.334772 0.313199 0.947787
v 2.334779 0.313155 0.947784
v 2.334775 0.313165 0.947786
v 2.334773 0.313181 0.947787
v 2.335014 0.315020 0.947689
v 2.334807 0.313152 0.947824
v 2.334796 0.313199 0.947832
v 2.334803 0.313155 0.947827
v 2.334799 0.313165 0.947829
v 2.334797 0.313181 0.947831
v 2.335014 0.315020 0.947689
v 2.334838 0.313152 0.947861
v 2.334828 0.313199 0.947870
v 2.334834 0.313155 0.947865
v 2.334831 0.313165 0.947868
v 2.334829 0.313181 0.947870
v 2.335014 0.315020 0.947689
v 2.334876 0.313152 0.947891
v 2.334868 0.313199 0.947902
v 2.334873 0.313155 0.947896
v 2.334870 0.313165 0.947899
v 2.334869 0.313181 0.947901
v 2.335014 0.315020 0.947689
v 2.334919 0.313152 0.947914
v 2.334914 0.313199 0.947926
v 2.334917 0.313155 0.947918
v 2.334915 0.313165 0.947922
v 2.334914 0.313181 0.947925
v 2.335014 0.315020 0.947689
v 2.334965 0.313152 0.947928
v 2.334963 0.313199 0.947940
v 2.334965 0.313155 0.947933
v 2.334964 0.313165 0.947937
v 2.334963 0.313181 0.947939
v 2.335014 0.315020 0.947932
v 2.335014 0.314973 0.947945
v 2.335014 0.315016 0.947937
v 2.335014 0.315006 0.947942
v 2.335014 0.314991 0.947944
v 2.335065 0.314973 0.947940
v 2.335063 0.315020 0.947928
v 2.335065 0.314991 0.947939
v 2.335065 0.315006 0.947937
v 2.335064 0.315016 0.947933
v 2.335114 0.314973 0.947926
v 2.335109 0.315020 0.947914
v 2.335114 0.314991 0.947925
v 2.335113 0.315006 0.947922
v 2.335111 0.315016 0.947918
v 2.335160 0.314973 0.947902
v 2.335153 0.315020 0.947891
v 2.335159 0.314991 0.947901
v 2.335158 0.315006 0.947899
v 2.335155 0.315016 0.947896
v 2.335200 0.314973 0.947870
v 2.335190 0.315020 0.947861
v 2.335199 0.314991 0.947870
v 2.335197 0.315006 0.947868
v 2.335194 0.315016 0.947865
v 2.335232 0.314973 0.947832
v 2.335221 0.315020 0.947824
v 2.335232 0.314991 0.947831
v 2.335229 0.315006 0.947829
v 2.335226 0.315016 0.947827
v 2.335257 0.314973 0.947787
v 2.335244 0.315020 0.947782
v 2.335256 0.314991 0.947787
v 2.335253 0.315006 0.947786
v 2.335249 0.315016 0.947784
v 2.335272 0.314973 0.947739
v 2.335259 0.315020 0.947737
v 2.335271 0.314991 0.947739
v 2.335268 0.315006 0.947739
v 2.335263 0.315016 0.947738
v 2.335277 0.314973 0.947689
v 2.335263 0.315020 0.947689
v 2.335276 0.314991 0.947689
v 2.335273 0.315006 0.947689
v 2.335268 0.315016 0.947689
v 2.335272 0.314973 0.947639
v 2.335259 0.315020 0.947642
v 2.335271 0.314991 0.947640
v 2.335268 0.315006 0.947640
v 2.335263 0.315016 0.947641
v 2.335257 0.314973 0.947591
v 2.335244 0.315020 0.947596
v 2.335256 0.314991 0.947592
v 2.335253 0.315006 0.947593
v 2.335249 0.315016 0.947594
v 2.335232 0.314973 0.947547
v 2.335221 0.315020 0.947554
v 2.335232 0.314991 0.947548
v 2.335229 0.315006 0.947549
v 2.335226 0.315016 0.947552
v 2.335200 0.314973 0.947508
v 2.335190 0.315020 0.947517
v 2.335199 0.314991 0.947509
v 2.335197 0.315006 0.947511
v 2.335194 0.315016 0.947514
v 2.335160 0.314973 0.947477
v 2.335153 0.315020 0.947487
v 2.335159 0.314991 0.947477
v 2.335158 0.315006 0.947480
v 2.335155 0.315016 0.947483
v 2.335114 0.314973 0.947453
v 2.335109 0.315020 0.947465
v 2.335114 0.314991 0.947454
v 2.335113 0.315006 0.947456
v 2.335111 0.315016 0.947460
v 2.335065 0.314973 0.947438
v 2.335063 0.315020 0.947451
v 2.335065 0.314991 0.947439
v 2.335065 0.315006 0.947442
v 2.335064 0.315016 0.947446
v 2.335014 0.314973 0.947433
v 2.335014 0.315020 0.947446
v 2.335014 0.314991 0.947434
v 2.335014 0.315006 0.947437
v 2.335014 0.315016 0.947441
v 2.334963 0.314973 0.947438
v 2.334965 0.315020 0.947451
v 2.334963 0.314991 0.947439
v 2.334964 0.315006 0.947442
v 2.334965 0.315016 0.947446
v 2.334914 0.314973 0.947453
v 2.334919 0.315020 0.947465
v 2.334914 0.314991 0.947454
v 2.334915 0.315006 0.947456
v 2.334917 0.315016 0.947460
v 2.334868 0.314973 0.947477
v 2.334876 0.315020 0.947487
v 2.334869 0.314991 0.947477
v 2.334870 0.315006 0.947480
v 2.334873 0.315016 0.947483
v 2.334828 0.314973 0.947508
v 2.334838 0.315020 0.947517
v 2.334829 0.314991 0.947509
v 2.334831 0.315006 0.947511
v 2.334834 0.315016 0.947514
v 2.334796 0.314973 0.947547
v 2.334807 0.315020 0.947554
v 2.334797 0.314991 0.947548
v 2.334799 0.315006 0.947549
v 2.334803 0.315016 0.947552
v 2.334772 0.314973 0.947591
v 2.334784 0.315020 0.947596
v 2.334773 0.314991 0.947592
v 2.334775 0.315006 0.947593
v 2.334779 0.315016 0.947594
v 2.334757 0.314973 0.947639
v 2.334769 0.315020 0.947642
v 2.334758 0.314991 0.947640
v 2.334760 0.315006 0.947640
v 2.334765 0.315016 0.947641
v 2.334752 0.314973 0.947689
v 2.334765 0.315020 0.947689
v 2.334753 0.314991 0.947689
v 2.334755 0.315006 0.947689
v 2.334760 0.315016 0.947689
v 2.334757 0.314973 0.947739
v 2.334769 0.315020 0.947737
v 2.334758 0.314991 0.947739
v 2.334760 0.315006 0.947739
v 2.334765 0.315016 0.947738
v 2.334772 0.314973 0.947787
v 2.334784 0.315020 0.947782
v 2.334773 0.314991 0.947787
v 2.334775 0.315006 0.947786
v 2.334779 0.315016 0.947784
v 2.334796 0.314973 0.947832
v 2.334807 0.315020 0.947824
v 2.334797 0.314991 0.947831
v 2.334799 0.315006 0.947829
v 2.334803 0.315016 0.947827
v 2.334828 0.314973 0.947870
v 2.334838 0.315020 0.947861
v 2.334829 0.314991 0.947870
v 2.334831 0.315006 0.947868
v 2.334834 0.315016 0.947865
v 2.334868 0.314973 0.947902
v 2.334876 0.315020 0.947891
v 2.334869 0.314991 0.947901
v 2.334870 0.315006 0.947899
v 2.334873 0.315016 0.947896
v 2.334914 0.314973 0.947926
v 2.334919 0.315020 0.947914
v 2.334914 0.314991 0.947925
v 2.334915 0.315006 0.947922
v 2.334917 0.315016 0.947918
v 2.334963 0.314973 0.947940
v 2.334965 0.315020 0.947928
v 2.334963 0.314991 0.947939
v 2.334964 0.315006 0.947937
v 2.334965 0.315016 0.947933
vn -0.1903 0.0270 0.9813
vn -0.1903 -0.0270 0.9813
vn -0.0000 -0.0269 0.9996
vn -0.0000 0.0269 0.9996
vn 0.1903 -0.0270 0.9813
vn 0.1903 0.0270 0.9813
vn 0.3744 -0.0270 0.9269
vn 0.3744 0.0270 0.9269
vn 0.5457 -0.0271 0.8376
vn 0.5457 0.0271 0.8376
vn 0.6979 -0.0273 0.7157
vn 0.6979 0.0273 0.7157
vn 0.8246 -0.0274 0.5651
vn 0.8246 0.0274 0.5651
vn 0.9200 -0.0275 0.3908
vn 0.9200 0.0275 0.3908
vn 0.9794 -0.0276 0.1998
vn 0.9794 0.0276 0.1998
vn 0.9996 -0.0276 -0.0000
vn 0.9996 0.0276 -0.0000
vn 0.9794 -0.0276 -0.1998
vn 0.9794 0.0276 -0.1998
vn 0.9200 -0.0275 -0.3908
vn 0.9200 0.0275 -0.3908
vn 0.8246 -0.0274 -0.5651
vn 0.8246 0.0274 -0.5651
vn 0.6979 -0.0273 -0.7157
vn 0.6979 0.0273 -0.7157
vn 0.5457 -0.0271 -0.8376
vn 0.5457 0.0271 -0.8376
vn 0.3744 -0.0270 -0.9269
vn 0.3744 0.0270 -0.9269
vn 0.1903 -0.0270 -0.9813
vn 0.1903 0.0270 -0.9813
vn -0.0000 -0.0269 -0.9996
vn -0.0000 0.0269 -0.9996
vn -0.1903 -0.0270 -0.9813
vn -0.1903 0.0270 -0.9813
vn -0.3744 -0.0270 -0.9269
vn -0.3744 0.0270 -0.9269
vn -0.5457 -0.0271 -0.8376
vn -0.5457 0.0271 -0.8376
vn -0.6979 -0.0273 -0.7157
vn -0.6979 0.0273 -0.7157
vn -0.8246 -0.0274 -0.5651
vn -0.8246 0.0274 -0.5651
vn -0.9200 -0.0275 -0.3908
vn -0.9200 0.0275 -0.3908
vn -0.9794 -0.0276 -0.1998
vn -0.9794 0.0276 -0.1998
vn -0.9996 -0.0276 -0.0000
vn -0.9996 0.0276 -0.0000
vn -0.9794 -0.0276 0.1998
vn -0.9794 0.0276 0.1998
vn -0.9200 -0.0275 0.3908
vn -0.9200 0.0275 0.3908
vn -0.8246 -0.0274 0.5651
vn -0.8246 0.0274 0.5651
vn -0.6979 -0.0273 0.7157
vn -0.6979 0.0273 0.7157
vn -0.5457 -0.0271 0.8376
vn -0.5457 0.0271 0.8376
vn -0.3744 -0.0270 0.9269
vn -0.3744 0.0270 0.9269
vn -0.0000 1.0000 -0.0000
vn -0.0000 0.9348 0.3553
vn 0.0676 0.9349 0.3485
vn -0.1326 0.9352 -0.3284
vn -0.1926 0.9357 -0.2957
vn 0.2887 0.9368 0.1978
vn 0.3209 0.9373 0.1363
vn -0.2453 0.9362 -0.2516
vn 0.3408 0.9376 0.0695
vn -0.2887 0.9368 -0.1978
vn 0.3475 0.9377 -0.0000
vn -0.3209 0.9373 -0.1363
vn 0.3408 0.9376 -0.0695
vn -0.3408 0.9376 -0.0695
vn 0.3209 0.9373 -0.1363
vn -0.3475 0.9377 -0.0000
vn 0.2887 0.9368 -0.1978
vn -0.3408 0.9376 0.0695
vn 0.2453 0.9362 -0.2516
vn -0.3209 0.9373 0.1363
vn 0.1926 0.9357 -0.2957
vn -0.2887 0.9368 0.1978
vn 0.1326 0.9352 -0.3284
vn -0.0676 0.9349 0.3485
vn -0.2453 0.9362 0.2516
vn 0.0676 0.9349 -0.3485
vn 0.1326 0.9352 0.3284
vn -0.1926 0.9357 0.2957
vn -0.0000 0.9348 -0.3553
vn 0.1926 0.9357 0.2957
vn -0.1326 0.9352 0.3284
vn -0.0676 0.9349 -0.3485
vn 0.2453 0.9362 0.2516
vn 0.0676 -0.9349 0.3485
vn -0.0000 -0.9348 0.3553
vn -0.0676 -0.9349 0.3485
vn -0.1326 -0.9352 0.3284
vn -0.1926 -0.9357 0.2957
vn -0.2453 -0.9362 0.2516
vn -0.2887 -0.9368 0.1978
vn -0.3209 -0.9373 0.1363
vn -0.3408 -0.9376 0.0695
vn -0.3475 -0.9377 -0.0000
vn -0.3408 -0.9376 -0.0695
vn -0.3209 -0.9373 -0.1363
vn -0.2887 -0.9368 -0.1978
vn -0.2453 -0.9362 -0.2516
vn -0.1926 -0.9357 -0.2957
vn -0.1326 -0.9352 -0.3284
vn -0.0676 -0.9349 -0.3485
vn -0.0000 -0.9348 -0.3553
vn 0.0676 -0.9349 -0.3485
vn 0.1326 -0.9352 -0.3284
vn 0.1926 -0.9357 -0.2957
vn 0.2453 -0.9362 -0.2516
vn 0.2887 -0.9368 -0.1978
vn 0.3209 -0.9373 -0.1363
vn 0.3408 -0.9376 -0.0695
vn 0.3475 -0.9377 -0.0000
vn 0.3408 -0.9376 0.0695
vn 0.3209 -0.9373 0.1363
vn 0.2887 -0.9368 0.1978
vn 0.2453 -0.9362 0.2516
vn 0.1926 -0.9357 0.2957
vn 0.1326 -0.9352 0.3284
vn 0.1892 0.1119 0.9755
vn -0.0000 0.1118 0.9937
vn 0.1838 0.2614 0.9476
vn -0.0000 0.2612 0.9653
vn 0.1600 0.5418 0.8251
vn -0.0000 0.5415 0.8407
vn -0.0000 -0.1118 0.9937
vn 0.1892 -0.1119 0.9755
vn -0.0000 -0.2612 0.9653
vn 0.1838 -0.2614 0.9476
vn -0.0000 -0.5415 0.8407
vn 0.1600 -0.5418 0.8251
vn 0.3721 0.1122 0.9214
vn 0.3614 0.2621 0.8948
vn 0.3145 0.5428 0.7787
vn 0.3721 -0.1122 0.9214
vn 0.3614 -0.2621 0.8948
vn 0.3145 -0.5428 0.7787
vn 0.5424 0.1127 0.8325
vn 0.5267 0.2631 0.8083
vn 0.4579 0.5444 0.7028
vn 0.5424 -0.1127 0.8325
vn 0.5267 -0.2631 0.8083
vn 0.4579 -0.5444 0.7028
vn 0.6936 0.1132 0.7114
vn 0.6733 0.2643 0.6905
vn 0.5848 0.5462 0.5997
vn 0.6936 -0.1132 0.7114
vn 0.6733 -0.2643 0.6905
vn 0.5848 -0.5462 0.5997
vn 0.8195 0.1138 0.5616
vn 0.7953 0.2654 0.5450
vn 0.6900 0.5481 0.4728
vn 0.8195 -0.1138 0.5616
vn 0.7953 -0.2654 0.5450
vn 0.6900 -0.5481 0.4728
vn 0.9144 0.1142 0.3884
vn 0.8871 0.2665 0.3768
vn 0.7689 0.5497 0.3266
vn 0.9144 -0.1142 0.3884
vn 0.8871 -0.2665 0.3768
vn 0.7689 -0.5497 0.3266
vn 0.9734 0.1145 0.1986
vn 0.9442 0.2672 0.1926
vn 0.8178 0.5508 0.1668
vn 0.9734 -0.1145 0.1986
vn 0.9442 -0.2672 0.1926
vn 0.8178 -0.5508 0.1668
vn 0.9934 0.1146 -0.0000
vn 0.9636 0.2674 -0.0000
vn 0.8344 0.5511 -0.0000
vn 0.9934 -0.1146 -0.0000
vn 0.9636 -0.2674 -0.0000
vn 0.8344 -0.5511 -0.0000
vn 0.9734 0.1145 -0.1986
vn 0.9442 0.2672 -0.1926
vn 0.8178 0.5508 -0.1668
vn 0.9734 -0.1145 -0.1986
vn 0.9442 -0.2672 -0.1926
vn 0.8178 -0.5508 -0.1668
vn 0.9144 0.1142 -0.3884
vn 0.8871 0.2665 -0.3768
vn 0.7689 0.5497 -0.3266
vn 0.9144 -0.1142 -0.3884
vn 0.8871 -0.2665 -0.3768
vn 0.7689 -0.5497 -0.3266
vn 0.8195 0.1138 -0.5616
vn 0.7953 0.2654 -0.5450
vn 0.6900 0.5481 -0.4728
vn 0.8195 -0.1138 -0.5616
vn 0.7953 -0.2654 -0.5450
vn 0.6900 -0.5481 -0.4728
vn 0.6936 0.1132 -0.7114
vn 0.6733 0.2643 -0.6905
vn 0.5848 0.5462 -0.5997
vn 0.6936 -0.1132 -0.7114
vn 0.6733 -0.2643 -0.6905
vn 0.5848 -0.5462 -0.5997
vn 0.5424 0.1127 -0.8325
vn 0.5267 0.2631 -0.8083
vn 0.4579 0.5444 -0.7028
vn 0.5424 -0.1127 -0.8325
vn 0.5267 -0.2631 -0.8083
vn 0.4579 -0.5444 -0.7028
vn 0.3721 0.1122 -0.9214
vn 0.3614 0.2621 -0.8948
vn 0.3145 0.5428 -0.7787
vn 0.3721 -0.1122 -0.9214
vn 0.3614 -0.2621 -0.8948
vn 0.3145 -0.5428 -0.7787
vn 0.1892 0.1119 -0.9755
vn 0.1838 0.2614 -0.9476
vn 0.1600 0.5418 -0.8251
vn 0.1892 -0.1119 -0.9755
vn 0.1838 -0.2614 -0.9476
vn 0.1600 -0.5418 -0.8251
vn -0.0000 0.1118 -0.9937
vn -0.0000 0.2612 -0.9653
vn -0.0000 0.5415 -0.8407
vn -0.0000 -0.1118 -0.9937
vn -0.0000 -0.2612 -0.9653
vn -0.0000 -0.5415 -0.8407
vn -0.1892 0.1119 -0.9755
vn -0.1838 0.2614 -0.9476
vn -0.1600 0.5418 -0.8251
vn -0.1892 -0.1119 -0.9755
vn -0.1838 -0.2614 -0.9476
vn -0.1600 -0.5418 -0.8251
vn -0.3721 0.1122 -0.9214
vn -0.3614 0.2621 -0.8948
vn -0.3145 0.5428 -0.7787
vn -0.3721 -0.1122 -0.9214
vn -0.3614 -0.2621 -0.8948
vn -0.3145 -0.5428 -0.7787
vn -0.5424 0.1127 -0.8325
vn -0.5267 0.2631 -0.8083
vn -0.4579 0.5444 -0.7028
vn -0.5424 -0.1127 -0.8325
vn -0.5267 -0.2631 -0.8083
vn -0.4579 -0.5444 -0.7028
vn -0.6936 0.1132 -0.7114
vn -0.6733 0.2643 -0.6905
vn -0.5848 0.5462 -0.5997
vn -0.6936 -0.1132 -0.7114
vn -0.6733 -0.2643 -0.6905
vn -0.5848 -0.5462 -0.5997
vn -0.8195 0.1138 -0.5616
vn -0.7953 0.2654 -0.5450
vn -0.6900 0.5481 -0.4728
vn -0.8195 -0.1138 -0.5616
vn -0.7953 -0.2654 -0.5450
vn -0.6900 -0.5481 -0.4728
vn -0.9144 0.1142 -0.3884
vn -0.8871 0.2665 -0.3768
vn -0.7689 0.5497 -0.3266
vn -0.9144 -0.1142 -0.3884
vn -0.8871 -0.2665 -0.3768
vn -0.7689 -0.5497 -0.3266
vn -0.9734 0.1145 -0.1986
vn -0.9442 0.2672 -0.1926
vn -0.8178 0.5508 -0.1668
vn -0.9734 -0.1145 -0.1986
vn -0.9442 -0.2672 -0.1926
vn -0.8178 -0.5508 -0.1668
vn -0.9934 0.1146 -0.0000
vn -0.9636 0.2674 -0.0000
vn -0.8344 0.5511 -0.0000
vn -0.9934 -0.1146 -0.0000
vn -0.9636 -0.2674 -0.0000
vn -0.8344 -0.5511 -0.0000
vn -0.9734 0.1145 0.1986
vn -0.9442 0.2672 0.1926
vn -0.8178 0.5508 0.1668
vn -0.9734 -0.1145 0.1986
vn -0.9442 -0.2672 0.1926
vn -0.8178 -0.5508 0.1668
vn -0.9144 0.1142 0.3884
vn -0.8871 0.2665 0.3768
vn -0.7689 0.5497 0.3266
vn -0.9144 -0.1142 0.3884
vn -0.8871 -0.2665 0.3768
vn -0.7689 -0.5497 0.3266
vn -0.8195 0.1138 0.5616
vn -0.7953 0.2654 0.5450
vn -0.6900 0.5481 0.4728
vn -0.8195 -0.1138 0.5616
vn -0.7953 -0.2654 0.5450
vn -0.6900 -0.5481 0.4728
vn -0.6936 0.1132 0.7114
vn -0.6733 0.2643 0.6905
vn -0.5848 0.5462 0.5997
vn -0.6936 -0.1132 0.7114
vn -0.6733 -0.2643 0.6905
vn -0.5848 -0.5462 0.5997
vn -0.5424 0.1127 0.8325
vn -0.5267 0.2631 0.8083
vn -0.4579 0.5444 0.7028
vn -0.5424 -0.1127 0.8325
vn -0.5267 -0.2631 0.8083
vn -0.4579 -0.5444 0.7028
vn -0.3721 0.1122 0.9214
vn -0.3614 0.2621 0.8948
vn -0.3145 0.5428 0.7787
vn -0.3721 -0.1122 0.9214
vn -0.3614 -0.2621 0.8948
vn -0.3145 -0.5428 0.7787
vn -0.1892 0.1119 0.9755
vn -0.1838 0.2614 0.9476
vn -0.1600 0.5418 0.8251
vn -0.1892 -0.1119 0.9755
vn -0.1838 -0.2614 0.9476
vn -0.1600 -0.5418 0.8251
vt 0.031250 0.512500
vt 0.031250 0.987500
vt 0.000000 0.987500
vt 0.000000 0.512500
vt 1.000000 0.512500
vt 1.000000 0.987500
vt 0.968750 0.987500
vt 0.968750 0.512500
vt 0.968750 0.512500
vt 0.937500 0.987500
vt 0.937500 0.512500
vt 0.937500 0.512500
vt 0.906250 0.987500
vt 0.906250 0.512500
vt 0.906250 0.512500
vt 0.906250 0.987500
vt 0.875000 0.987500
vt 0.875000 0.512500
vt 0.875000 0.512500
vt 0.875000 0.987500
vt 0.843750 0.987500
vt 0.843750 0.512500
vt 0.843750 0.512500
vt 0.812500 0.987500
vt 0.812500 0.512500
vt 0.812500 0.512500
vt 0.781250 0.987500
vt 0.781250 0.512500
vt 0.781250 0.512500
vt 0.750000 0.987500
vt 0.750000 0.512500
vt 0.750000 0.512500
vt 0.750000 0.987500
vt 0.718750 0.987500
vt 0.718750 0.512500
vt 0.718750 0.512500
vt 0.718750 0.987500
vt 0.687500 0.987500
vt 0.687500 0.512500
vt 0.687500 0.512500
vt 0.656250 0.987500
vt 0.656250 0.512500
vt 0.625000 0.987500
vt 0.625000 0.512500
vt 0.593750 0.987500
vt 0.593750 0.512500
vt 0.593750 0.512500
vt 0.562500 0.987500
vt 0.562500 0.512500
vt 0.562500 0.512500
vt 0.562500 0.987500
vt 0.531250 0.987500
vt 0.531250 0.512500
vt 0.531250 0.512500
vt 0.500000 0.987500
vt 0.500000 0.512500
vt 0.500000 0.512500
vt 0.468750 0.987500
vt 0.468750 0.512500
vt 0.468750 0.512500
vt 0.437500 0.987500
vt 0.437500 0.512500
vt 0.437500 0.512500
vt 0.437500 0.987500
vt 0.406250 0.987500
vt 0.406250 0.512500
vt 0.375000 0.987500
vt 0.375000 0.512500
vt 0.375000 0.512500
vt 0.375000 0.987500
vt 0.343750 0.987500
vt 0.343750 0.512500
vt 0.343750 0.512500
vt 0.312500 0.987500
vt 0.312500 0.512500
vt 0.312500 0.512500
vt 0.281250 0.987500
vt 0.281250 0.512500
vt 0.281250 0.512500
vt 0.281250 0.987500
vt 0.250000 0.987500
vt 0.250000 0.512500
vt 0.250000 0.512500
vt 0.218750 0.987500
vt 0.218750 0.512500
vt 0.218750 0.512500
vt 0.218750 0.987500
vt 0.187500 0.987500
vt 0.187500 0.512500
vt 0.187500 0.512500
vt 0.187500 0.987500
vt 0.156250 0.987500
vt 0.156250 0.512500
vt 0.125000 0.987500
vt 0.125000 0.512500
vt 0.093750 0.987500
vt 0.093750 0.512500
vt 0.093750 0.512500
vt 0.093750 0.987500
vt 0.062500 0.987500
vt 0.062500 0.512500
vt 0.062500 0.512500
vt 0.031250 0.512500
vt 0.784466 0.423274
vt 0.750000 0.426669
vt 0.750000 0.477942
vt 0.794469 0.473562
vt 0.651848 0.103105
vt 0.682392 0.086779
vt 0.662770 0.039409
vt 0.623362 0.060473
vt 0.913221 0.317608
vt 0.896895 0.348152
vt 0.939527 0.376638
vt 0.960591 0.337230
vt 0.625076 0.125076
vt 0.651848 0.103105
vt 0.623362 0.060473
vt 0.588821 0.088821
vt 0.923274 0.284466
vt 0.913221 0.317608
vt 0.960591 0.337230
vt 0.973562 0.294469
vt 0.603105 0.151848
vt 0.625076 0.125076
vt 0.588821 0.088821
vt 0.560473 0.123362
vt 0.926669 0.250000
vt 0.977942 0.250000
vt 0.586779 0.182392
vt 0.539409 0.162770
vt 0.923274 0.215534
vt 0.926669 0.250000
vt 0.973562 0.205531
vt 0.576726 0.215534
vt 0.539409 0.162770
vt 0.526438 0.205531
vt 0.913221 0.182392
vt 0.923274 0.215534
vt 0.973562 0.205531
vt 0.960591 0.162770
vt 0.573331 0.250000
vt 0.522058 0.250000
vt 0.896895 0.151848
vt 0.960591 0.162770
vt 0.939527 0.123362
vt 0.576726 0.284466
vt 0.573331 0.250000
vt 0.526438 0.294469
vt 0.874924 0.125076
vt 0.911179 0.088821
vt 0.586779 0.317608
vt 0.576726 0.284466
vt 0.539409 0.337230
vt 0.848152 0.103105
vt 0.874924 0.125076
vt 0.911179 0.088821
vt 0.876638 0.060473
vt 0.603105 0.348152
vt 0.560473 0.376638
vt 0.817608 0.086779
vt 0.848152 0.103105
vt 0.876638 0.060473
vt 0.837230 0.039409
vt 0.750000 0.426669
vt 0.715534 0.423274
vt 0.705531 0.473562
vt 0.625076 0.374924
vt 0.603105 0.348152
vt 0.588821 0.411179
vt 0.784466 0.076726
vt 0.794469 0.026438
vt 0.817608 0.413221
vt 0.837230 0.460591
vt 0.651848 0.396895
vt 0.623362 0.439527
vt 0.750000 0.073331
vt 0.784466 0.076726
vt 0.794469 0.026438
vt 0.750000 0.022058
vt 0.848152 0.396895
vt 0.837230 0.460591
vt 0.876638 0.439527
vt 0.682392 0.413221
vt 0.651848 0.396895
vt 0.623362 0.439527
vt 0.662770 0.460591
vt 0.715534 0.076726
vt 0.705531 0.026438
vt 0.874924 0.374924
vt 0.848152 0.396895
vt 0.876638 0.439527
vt 0.911179 0.411179
vt 0.682392 0.413221
vt 0.705531 0.473562
vt 0.715534 0.076726
vt 0.705531 0.026438
vt 0.911179 0.411179
vt 0.294469 0.473562
vt 0.250000 0.477942
vt 0.205531 0.473562
vt 0.162770 0.460591
vt 0.123362 0.439527
vt 0.088821 0.411179
vt 0.060473 0.376638
vt 0.039409 0.337230
vt 0.026438 0.294469
vt 0.022058 0.250000
vt 0.026438 0.205531
vt 0.039409 0.162770
vt 0.060473 0.123362
vt 0.088821 0.088821
vt 0.123362 0.060473
vt 0.162770 0.039409
vt 0.205531 0.026438
vt 0.250000 0.022058
vt 0.294469 0.026438
vt 0.337230 0.039409
vt 0.376638 0.060473
vt 0.411179 0.088821
vt 0.439527 0.123362
vt 0.460591 0.162770
vt 0.473562 0.205531
vt 0.477942 0.250000
vt 0.473562 0.294469
vt 0.460591 0.337230
vt 0.439527 0.376638
vt 0.411179 0.411179
vt 0.376638 0.439527
vt 0.337230 0.460591
vt 0.968810 0.507716
vt 0.999940 0.507716
vt 0.968980 0.500000
vt 0.999770 0.500000
vt 0.750345 0.489966
vt 0.796477 0.485422
vt 0.795370 0.478088
vt 0.750000 0.482556
vt 0.999940 0.992284
vt 0.968810 0.992284
vt 0.999770 1.000000
vt 0.968980 1.000000
vt 0.296477 0.485422
vt 0.250345 0.489966
vt 0.250000 0.482556
vt 0.295370 0.478088
vt 0.937560 0.507716
vt 0.968690 0.507716
vt 0.937730 0.500000
vt 0.968520 0.500000
vt 0.797153 0.485288
vt 0.841513 0.471832
vt 0.838995 0.464854
vt 0.795369 0.478088
vt 0.968690 0.992284
vt 0.937560 0.992284
vt 0.968520 1.000000
vt 0.937730 1.000000
vt 0.341513 0.471832
vt 0.297153 0.485288
vt 0.338996 0.464854
vt 0.906310 0.507716
vt 0.937440 0.507716
vt 0.906480 0.500000
vt 0.937270 0.500000
vt 0.842149 0.471568
vt 0.883032 0.449716
vt 0.879201 0.443364
vt 0.937440 0.992284
vt 0.906310 0.992284
vt 0.937270 1.000000
vt 0.906480 1.000000
vt 0.383032 0.449716
vt 0.342149 0.471568
vt 0.379201 0.443364
vt 0.875060 0.507716
vt 0.906190 0.507716
vt 0.875230 0.500000
vt 0.906020 0.500000
vt 0.883604 0.449333
vt 0.919438 0.419925
vt 0.914442 0.414442
vt 0.906190 0.992284
vt 0.875060 0.992284
vt 0.906020 1.000000
vt 0.875230 1.000000
vt 0.419438 0.419925
vt 0.383604 0.449333
vt 0.414442 0.414442
vt 0.843810 0.507716
vt 0.874940 0.507716
vt 0.843980 0.500000
vt 0.874770 0.500000
vt 0.919925 0.419438
vt 0.949333 0.383604
vt 0.943364 0.379201
vt 0.914442 0.414442
vt 0.874940 0.992284
vt 0.843810 0.992284
vt 0.874770 1.000000
vt 0.843980 1.000000
vt 0.449333 0.383604
vt 0.419925 0.419438
vt 0.443364 0.379201
vt 0.812560 0.507716
vt 0.843690 0.507716
vt 0.812730 0.500000
vt 0.843520 0.500000
vt 0.949716 0.383032
vt 0.971568 0.342149
vt 0.964854 0.338995
vt 0.943364 0.379201
vt 0.843690 0.992284
vt 0.812560 0.992284
vt 0.843520 1.000000
vt 0.812730 1.000000
vt 0.471568 0.342149
vt 0.449716 0.383032
vt 0.464854 0.338995
vt 0.781310 0.507716
vt 0.812440 0.507716
vt 0.781480 0.500000
vt 0.812270 0.500000
vt 0.971832 0.341513
vt 0.985288 0.297153
vt 0.978088 0.295370
vt 0.964854 0.338995
vt 0.812440 0.992284
vt 0.781310 0.992284
vt 0.812270 1.000000
vt 0.781480 1.000000
vt 0.485288 0.297153
vt 0.471832 0.341513
vt 0.478088 0.295369
vt 0.750060 0.507716
vt 0.781190 0.507716
vt 0.750230 0.500000
vt 0.781020 0.500000
vt 0.985422 0.296477
vt 0.989966 0.250345
vt 0.982556 0.250000
vt 0.781190 0.992284
vt 0.750060 0.992284
vt 0.781020 1.000000
vt 0.750230 1.000000
vt 0.489966 0.250345
vt 0.485422 0.296477
vt 0.482556 0.250000
vt 0.718810 0.507716
vt 0.749940 0.507716
vt 0.718980 0.500000
vt 0.749770 0.500000
vt 0.989966 0.249656
vt 0.985422 0.203523
vt 0.978088 0.204631
vt 0.749940 0.992284
vt 0.718810 0.992284
vt 0.749770 1.000000
vt 0.718980 1.000000
vt 0.485422 0.203523
vt 0.489966 0.249656
vt 0.478088 0.204631
vt 0.687560 0.507716
vt 0.718690 0.507716
vt 0.687730 0.500000
vt 0.718520 0.500000
vt 0.985288 0.202847
vt 0.971832 0.158487
vt 0.964854 0.161005
vt 0.978088 0.204631
vt 0.718690 0.992284
vt 0.687560 0.992284
vt 0.718520 1.000000
vt 0.687730 1.000000
vt 0.471832 0.158487
vt 0.485288 0.202847
vt 0.464854 0.161004
vt 0.656310 0.507716
vt 0.687440 0.507716
vt 0.656480 0.500000
vt 0.687270 0.500000
vt 0.971568 0.157851
vt 0.949716 0.116968
vt 0.943364 0.120799
vt 0.964854 0.161005
vt 0.687440 0.992284
vt 0.656310 0.992284
vt 0.687270 1.000000
vt 0.656480 1.000000
vt 0.449716 0.116968
vt 0.471568 0.157851
vt 0.443364 0.120799
vt 0.625060 0.507716
vt 0.656190 0.507716
vt 0.625230 0.500000
vt 0.656020 0.500000
vt 0.949333 0.116396
vt 0.919925 0.080562
vt 0.914442 0.085558
vt 0.656190 0.992284
vt 0.625060 0.992284
vt 0.656020 1.000000
vt 0.625230 1.000000
vt 0.419925 0.080562
vt 0.449333 0.116396
vt 0.414442 0.085558
vt 0.593810 0.507716
vt 0.624940 0.507716
vt 0.593980 0.500000
vt 0.624770 0.500000
vt 0.919438 0.080075
vt 0.883604 0.050667
vt 0.879201 0.056636
vt 0.914442 0.085558
vt 0.624940 0.992284
vt 0.593810 0.992284
vt 0.624770 1.000000
vt 0.593980 1.000000
vt 0.383604 0.050667
vt 0.419438 0.080075
vt 0.379201 0.056636
vt 0.562560 0.507716
vt 0.593690 0.507716
vt 0.562730 0.500000
vt 0.593520 0.500000
vt 0.883031 0.050284
vt 0.842149 0.028432
vt 0.838995 0.035146
vt 0.593690 0.992284
vt 0.562560 0.992284
vt 0.593520 1.000000
vt 0.562730 1.000000
vt 0.342149 0.028432
vt 0.383032 0.050284
vt 0.338995 0.035146
vt 0.531310 0.507716
vt 0.562440 0.507716
vt 0.531480 0.500000
vt 0.562270 0.500000
vt 0.841513 0.028168
vt 0.797153 0.014712
vt 0.795370 0.021912
vt 0.562440 0.992284
vt 0.531310 0.992284
vt 0.562270 1.000000
vt 0.531480 1.000000
vt 0.297153 0.014712
vt 0.341513 0.028168
vt 0.295369 0.021912
vt 0.500060 0.507716
vt 0.531190 0.507716
vt 0.500230 0.500000
vt 0.531020 0.500000
vt 0.796477 0.014578
vt 0.750345 0.010034
vt 0.750000 0.017444
vt 0.795369 0.021912
vt 0.531190 0.992284
vt 0.500060 0.992284
vt 0.531020 1.000000
vt 0.500230 1.000000
vt 0.250345 0.010034
vt 0.296477 0.014578
vt 0.250000 0.017444
vt 0.468810 0.507716
vt 0.499940 0.507716
vt 0.468980 0.500000
vt 0.499770 0.500000
vt 0.749656 0.010034
vt 0.703523 0.014578
vt 0.704631 0.021912
vt 0.499940 0.992284
vt 0.468810 0.992284
vt 0.499770 1.000000
vt 0.468980 1.000000
vt 0.203523 0.014578
vt 0.249656 0.010034
vt 0.204631 0.021912
vt 0.437560 0.507716
vt 0.468690 0.507716
vt 0.437730 0.500000
vt 0.468520 0.500000
vt 0.702847 0.014712
vt 0.658487 0.028168
vt 0.661004 0.035146
vt 0.704631 0.021912
vt 0.468690 0.992284
vt 0.437560 0.992284
vt 0.468520 1.000000
vt 0.437730 1.000000
vt 0.158487 0.028168
vt 0.202847 0.014712
vt 0.161005 0.035146
vt 0.406310 0.507716
vt 0.437440 0.507716
vt 0.406480 0.500000
vt 0.437270 0.500000
vt 0.657851 0.028432
vt 0.616968 0.050284
vt 0.620799 0.056636
vt 0.661005 0.035146
vt 0.437440 0.992284
vt 0.406310 0.992284
vt 0.437270 1.000000
vt 0.406480 1.000000
vt 0.116968 0.050284
vt 0.157851 0.028432
vt 0.120799 0.056636
vt 0.375060 0.507716
vt 0.406190 0.507716
vt 0.375230 0.500000
vt 0.406020 0.500000
vt 0.616396 0.050667
vt 0.580562 0.080075
vt 0.585558 0.085558
vt 0.620799 0.056636
vt 0.406190 0.992284
vt 0.375060 0.992284
vt 0.406020 1.000000
vt 0.375230 1.000000
vt 0.080562 0.080075
vt 0.116396 0.050667
vt 0.085558 0.085558
vt 0.343810 0.507716
vt 0.374940 0.507716
vt 0.343980 0.500000
vt 0.374770 0.500000
vt 0.580075 0.080562
vt 0.550667 0.116396
vt 0.556636 0.120799
vt 0.374940 0.992284
vt 0.343810 0.992284
vt 0.374770 1.000000
vt 0.343980 1.000000
vt 0.050667 0.116396
vt 0.080075 0.080562
vt 0.056636 0.120799
vt 0.312560 0.507716
vt 0.343690 0.507716
vt 0.312730 0.500000
vt 0.343520 0.500000
vt 0.550284 0.116968
vt 0.528432 0.157851
vt 0.535146 0.161005
vt 0.343690 0.992284
vt 0.312560 0.992284
vt 0.343520 1.000000
vt 0.312730 1.000000
vt 0.028432 0.157851
vt 0.050284 0.116968
vt 0.035146 0.161004
vt 0.281310 0.507716
vt 0.312440 0.507716
vt 0.281480 0.500000
vt 0.312270 0.500000
vt 0.528168 0.158487
vt 0.514712 0.202847
vt 0.521912 0.204631
vt 0.535146 0.161005
vt 0.312440 0.992284
vt 0.281310 0.992284
vt 0.312270 1.000000
vt 0.281480 1.000000
vt 0.014712 0.202847
vt 0.028168 0.158487
vt 0.021912 0.204631
vt 0.250060 0.507716
vt 0.281190 0.507716
vt 0.250230 0.500000
vt 0.281020 0.500000
vt 0.514578 0.203523
vt 0.510034 0.249656
vt 0.517444 0.250000
vt 0.281190 0.992284
vt 0.250060 0.992284
vt 0.281020 1.000000
vt 0.250230 1.000000
vt 0.010034 0.249656
vt 0.014578 0.203523
vt 0.017444 0.250000
vt 0.218810 0.507716
vt 0.249940 0.507716
vt 0.218980 0.500000
vt 0.249770 0.500000
vt 0.510034 0.250345
vt 0.514578 0.296477
vt 0.521912 0.295370
vt 0.249940 0.992284
vt 0.218810 0.992284
vt 0.249770 1.000000
vt 0.218980 1.000000
vt 0.014578 0.296477
vt 0.010034 0.250345
vt 0.021912 0.295370
vt 0.187560 0.507716
vt 0.218690 0.507716
vt 0.187730 0.500000
vt 0.218520 0.500000
vt 0.514712 0.297153
vt 0.528168 0.341513
vt 0.535146 0.338995
vt 0.218690 0.992284
vt 0.187560 0.992284
vt 0.218520 1.000000
vt 0.187730 1.000000
vt 0.028168 0.341513
vt 0.014712 0.297153
vt 0.035146 0.338995
vt 0.156310 0.507716
vt 0.187440 0.507716
vt 0.156480 0.500000
vt 0.187270 0.500000
vt 0.528432 0.342149
vt 0.550284 0.383032
vt 0.556636 0.379201
vt 0.535146 0.338995
vt 0.187440 0.992284
vt 0.156310 0.992284
vt 0.187270 1.000000
vt 0.156480 1.000000
vt 0.050284 0.383032
vt 0.028432 0.342149
vt 0.056636 0.379201
vt 0.125060 0.507716
vt 0.156190 0.507716
vt 0.125230 0.500000
vt 0.156020 0.500000
vt 0.550667 0.383604
vt 0.580075 0.419438
vt 0.585558 0.414442
vt 0.156190 0.992284
vt 0.125060 0.992284
vt 0.156020 1.000000
vt 0.125230 1.000000
vt 0.080075 0.419438
vt 0.050667 0.383604
vt 0.085558 0.414442
vt 0.093810 0.507716
vt 0.124940 0.507716
vt 0.093980 0.500000
vt 0.124770 0.500000
vt 0.580562 0.419925
vt 0.616396 0.449333
vt 0.620799 0.443364
vt 0.124940 0.992284
vt 0.093810 0.992284
vt 0.124770 1.000000
vt 0.093980 1.000000
vt 0.116396 0.449333
vt 0.080562 0.419925
vt 0.120799 0.443364
vt 0.062560 0.507716
vt 0.093690 0.507716
vt 0.062730 0.500000
vt 0.093520 0.500000
vt 0.616968 0.449716
vt 0.657851 0.471568
vt 0.661004 0.464854
vt 0.620799 0.443364
vt 0.093690 0.992284
vt 0.062560 0.992284
vt 0.093520 1.000000
vt 0.062730 1.000000
vt 0.157851 0.471568
vt 0.116968 0.449716
vt 0.161004 0.464854
vt 0.031310 0.507716
vt 0.062440 0.507716
vt 0.031480 0.500000
vt 0.062270 0.500000
vt 0.658487 0.471832
vt 0.702847 0.485288
vt 0.704631 0.478088
vt 0.661005 0.464854
vt 0.062440 0.992284
vt 0.031310 0.992284
vt 0.062270 1.000000
vt 0.031480 1.000000
vt 0.202847 0.485288
vt 0.158487 0.471832
vt 0.204631 0.478088
vt 0.000060 0.507716
vt 0.031190 0.507716
vt 0.000230 0.500000
vt 0.031020 0.500000
vt 0.703523 0.485422
vt 0.749655 0.489966
vt 0.031190 0.992284
vt 0.000060 0.992284
vt 0.031020 1.000000
vt 0.000230 1.000000
vt 0.249656 0.489966
vt 0.203523 0.485422
s 1
usemtl 材质.018
f 3276/1928/2808 3117/1929/2809 2931/1930/2810 3122/1931/2811
f 3122/1932/2811 2931/1933/2810 2937/1934/2812 3126/1935/2813
f 3126/1936/2813 2937/1934/2812 2943/1937/2814 3131/1938/2815
f 3131/1939/2815 2943/1937/2814 2949/1940/2816 3136/1941/2817
f 3136/1942/2817 2949/1943/2816 2955/1944/2818 3141/1945/2819
f 3141/1946/2819 2955/1947/2818 2961/1948/2820 3146/1949/2821
f 3146/1950/2821 2961/1948/2820 2967/1951/2822 3151/1952/2823
f 3151/1953/2823 2967/1951/2822 2973/1954/2824 3156/1955/2825
f 3156/1956/2825 2973/1954/2824 2979/1957/2826 3161/1958/2827
f 3161/1959/2827 2979/1960/2826 2985/1961/2828 3166/1962/2829
f 3166/1963/2829 2985/1964/2828 2991/1965/2830 3171/1966/2831
f 3171/1967/2831 2991/1965/2830 2997/1968/2832 3176/1969/2833
f 3176/1969/2833 2997/1968/2832 3003/1970/2834 3181/1971/2835
f 3181/1971/2835 3003/1970/2834 3009/1972/2836 3186/1973/2837
f 3186/1974/2837 3009/1972/2836 3015/1975/2838 3191/1976/2839
f 3191/1977/2839 3015/1978/2838 3021/1979/2840 3196/1980/2841
f 3196/1981/2841 3021/1979/2840 3027/1982/2842 3201/1983/2843
f 3201/1984/2843 3027/1982/2842 3033/1985/2844 3206/1986/2845
f 3206/1987/2845 3033/1985/2844 3039/1988/2846 3211/1989/2847
f 3211/1990/2847 3039/1991/2846 3045/1992/2848 3216/1993/2849
f 3216/1993/2849 3045/1992/2848 3051/1994/2850 3221/1995/2851
f 3221/1996/2851 3051/1997/2850 3057/1998/2852 3226/1999/2853
f 3226/2000/2853 3057/1998/2852 3063/2001/2854 3231/2002/2855
f 3231/2003/2855 3063/2001/2854 3069/2004/2856 3236/2005/2857
f 3236/2006/2857 3069/2007/2856 3075/2008/2858 3241/2009/2859
f 3241/2010/2859 3075/2008/2858 3081/2011/2860 3246/2012/2861
f 3246/2013/2861 3081/2014/2860 3087/2015/2862 3251/2016/2863
f 3251/2017/2863 3087/2018/2862 3093/2019/2864 3256/2020/2865
f 3256/2020/2865 3093/2019/2864 3099/2021/2866 3261/2022/2867
f 3261/2022/2867 3099/2021/2866 3105/2023/2868 3266/2024/2869
f 3266/2025/2869 3105/2026/2868 3111/2027/2870 3271/2028/2871
f 3271/2029/2871 3111/2027/2870 3117/1929/2809 3276/2030/2808
f 2935/2031/2872 2929/2032/2872 3121/2033/2873 3127/2034/2874
f 3043/2035/2872 3037/2036/2872 3212/2037/2875 3217/2038/2876
f 2965/2039/2872 2959/2040/2872 3147/2041/2877 3152/2042/2878
f 3049/2043/2872 3043/2044/2872 3217/2045/2876 3222/2046/2879
f 2971/2047/2872 2965/2048/2872 3152/2049/2878 3157/2050/2880
f 3055/2051/2872 3049/2052/2872 3222/2053/2879 3227/2054/2881
f 2977/2055/2872 2971/2047/2872 3157/2050/2880 3162/2056/2882
f 3061/2057/2872 3055/2051/2872 3227/2054/2881 3232/2058/2883
f 2983/2059/2872 2977/2060/2872 3162/2056/2882 3167/2061/2884
f 3067/2062/2872 3061/2057/2872 3232/2063/2883 3237/2064/2885
f 2989/2065/2872 2983/2066/2872 3167/2067/2884 3172/2068/2886
f 3073/2069/2872 3067/2062/2872 3237/2064/2885 3242/2070/2887
f 2995/2071/2872 2989/2065/2872 3172/2072/2886 3177/2073/2888
f 3079/2074/2872 3073/2075/2872 3242/2070/2887 3247/2076/2889
f 3001/2077/2872 2995/2071/2872 3177/2073/2888 3182/2078/2890
f 3085/2079/2872 3079/2080/2872 3247/2076/2889 3252/2081/2891
f 3007/2082/2872 3001/2083/2872 3182/2084/2890 3187/2085/2892
f 3091/2086/2872 3085/2079/2872 3252/2081/2891 3257/2087/2893
f 3013/2088/2872 3007/2089/2872 3187/2090/2892 3192/2091/2894
f 2929/2092/2872 3115/2093/2872 3277/2094/2895 3121/2033/2873
f 3097/2095/2872 3091/2096/2872 3257/2087/2893 3262/2097/2896
f 3019/2098/2872 3013/2088/2872 3192/2091/2894 3197/2099/2897
f 2941/2100/2872 2935/2031/2872 3127/2034/2874 3132/2101/2898
f 3103/2102/2872 3097/2095/2872 3262/2097/2896 3267/2103/2899
f 3025/2104/2872 3019/2105/2872 3197/2106/2897 3202/2107/2900
f 2947/2108/2872 2941/2100/2872 3132/2109/2898 3137/2110/2901
f 3109/2111/2872 3103/2112/2872 3267/2113/2899 3272/2114/2902
f 3031/2115/2872 3025/2104/2872 3202/2107/2900 3207/2116/2903
f 2953/2117/2872 2947/2118/2872 3137/2119/2901 3142/2120/2904
f 3115/2093/2872 3109/2121/2872 3272/2114/2902 3277/2122/2895
f 3037/2036/2872 3031/2123/2872 3207/2124/2903 3212/2037/2875
f 2959/2040/2872 2953/2117/2872 3142/2125/2904 3147/2041/2877
f 2936/2126/2905 2930/2127/2906 3116/2128/2907 3110/2129/2908 3104/2130/2909 3098/2131/2910 3092/2132/2911 3086/2133/2912 3080/2134/2913 3074/2135/2914 3068/2136/2915 3062/2137/2916 3056/2138/2917 3050/2139/2918 3044/2140/2919 3038/2141/2920 3032/2142/2921 3026/2143/2922 3020/2144/2923 3014/2145/2924 3008/2146/2925 3002/2147/2926 2996/2148/2927 2990/2149/2928 2984/2150/2929 2978/2151/2930 2972/2152/2931 2966/2153/2932 2960/2154/2933 2954/2155/2934 2948/2156/2935 2942/2157/2936
f 3122/1932/2811 3126/1935/2813 3128/2158/2937 3125/2159/2938
f 3125/2159/2938 3128/2158/2937 3129/2160/2939 3124/2161/2940
f 3124/2162/2940 3129/2163/2939 3130/2164/2941 3123/2165/2942
f 3123/2165/2942 3130/2164/2941 3127/2034/2874 3121/2033/2873
f 2937/1934/2812 2931/1933/2810 2934/2166/2943 2940/2167/2944
f 2940/2167/2944 2934/2166/2943 2933/2168/2945 2939/2169/2946
f 2939/2170/2946 2933/2171/2945 2932/2172/2947 2938/2173/2948
f 2938/2173/2948 2932/2172/2947 2930/2127/2906 2936/2126/2905
f 3126/1936/2813 3131/1938/2815 3133/2174/2949 3128/2175/2937
f 3128/2175/2937 3133/2174/2949 3134/2176/2950 3129/2177/2939
f 3129/2178/2939 3134/2179/2950 3135/2180/2951 3130/2181/2941
f 3130/2181/2941 3135/2180/2951 3132/2101/2898 3127/2034/2874
f 2943/1937/2814 2937/1934/2812 2940/2182/2944 2946/2183/2952
f 2946/2183/2952 2940/2182/2944 2939/2184/2946 2945/2185/2953
f 2945/2186/2953 2939/2187/2946 2938/2173/2948 2944/2188/2954
f 2944/2188/2954 2938/2173/2948 2936/2126/2905 2942/2157/2936
f 3131/1939/2815 3136/1941/2817 3138/2189/2955 3133/2190/2949
f 3133/2190/2949 3138/2189/2955 3139/2191/2956 3134/2192/2950
f 3134/2193/2950 3139/2194/2956 3140/2195/2957 3135/2180/2951
f 3135/2180/2951 3140/2195/2957 3137/2110/2901 3132/2109/2898
f 2949/1940/2816 2943/1937/2814 2946/2196/2952 2952/2197/2958
f 2952/2197/2958 2946/2196/2952 2945/2198/2953 2951/2199/2959
f 2951/2200/2959 2945/2201/2953 2944/2188/2954 2950/2202/2960
f 2950/2202/2960 2944/2188/2954 2942/2157/2936 2948/2156/2935
f 3136/1942/2817 3141/1945/2819 3143/2203/2961 3138/2204/2955
f 3138/2204/2955 3143/2203/2961 3144/2205/2962 3139/2206/2956
f 3139/2207/2956 3144/2208/2962 3145/2209/2963 3140/2195/2957
f 3140/2195/2957 3145/2209/2963 3142/2120/2904 3137/2119/2901
f 2955/1944/2818 2949/1943/2816 2952/2210/2958 2958/2211/2964
f 2958/2211/2964 2952/2210/2958 2951/2212/2959 2957/2213/2965
f 2957/2214/2965 2951/2215/2959 2950/2202/2960 2956/2216/2966
f 2956/2216/2966 2950/2202/2960 2948/2156/2935 2954/2155/2934
f 3141/1946/2819 3146/1949/2821 3148/2217/2967 3143/2218/2961
f 3143/2218/2961 3148/2217/2967 3149/2219/2968 3144/2220/2962
f 3144/2221/2962 3149/2222/2968 3150/2223/2969 3145/2224/2963
f 3145/2224/2963 3150/2223/2969 3147/2041/2877 3142/2125/2904
f 2961/1948/2820 2955/1947/2818 2958/2225/2964 2964/2226/2970
f 2964/2226/2970 2958/2225/2964 2957/2227/2965 2963/2228/2971
f 2963/2229/2971 2957/2230/2965 2956/2216/2966 2962/2231/2972
f 2962/2231/2972 2956/2216/2966 2954/2155/2934 2960/2154/2933
f 3146/1950/2821 3151/1952/2823 3153/2232/2973 3148/2233/2967
f 3148/2233/2967 3153/2232/2973 3154/2234/2974 3149/2235/2968
f 3149/2236/2968 3154/2237/2974 3155/2238/2975 3150/2239/2969
f 3150/2239/2969 3155/2238/2975 3152/2042/2878 3147/2041/2877
f 2967/1951/2822 2961/1948/2820 2964/2240/2970 2970/2241/2976
f 2970/2241/2976 2964/2240/2970 2963/2242/2971 2969/2243/2977
f 2969/2244/2977 2963/2245/2971 2962/2231/2972 2968/2246/2978
f 2968/2246/2978 2962/2231/2972 2960/2154/2933 2966/2153/2932
f 3151/1953/2823 3156/1955/2825 3158/2247/2979 3153/2248/2973
f 3153/2248/2973 3158/2247/2979 3159/2249/2980 3154/2250/2974
f 3154/2251/2974 3159/2252/2980 3160/2253/2981 3155/2254/2975
f 3155/2254/2975 3160/2253/2981 3157/2050/2880 3152/2049/2878
f 2973/1954/2824 2967/1951/2822 2970/2255/2976 2976/2256/2982
f 2976/2256/2982 2970/2255/2976 2969/2257/2977 2975/2258/2983
f 2975/2259/2983 2969/2260/2977 2968/2246/2978 2974/2261/2984
f 2974/2261/2984 2968/2246/2978 2966/2153/2932 2972/2152/2931
f 3156/1956/2825 3161/1958/2827 3163/2262/2985 3158/2263/2979
f 3158/2263/2979 3163/2262/2985 3164/2264/2986 3159/2265/2980
f 3159/2266/2980 3164/2267/2986 3165/2268/2987 3160/2253/2981
f 3160/2253/2981 3165/2268/2987 3162/2056/2882 3157/2050/2880
f 2979/1957/2826 2973/1954/2824 2976/2269/2982 2982/2270/2988
f 2982/2270/2988 2976/2269/2982 2975/2271/2983 2981/2272/2989
f 2981/2273/2989 2975/2274/2983 2974/2261/2984 2980/2275/2990
f 2980/2275/2990 2974/2261/2984 2972/2152/2931 2978/2151/2930
f 3161/1959/2827 3166/1962/2829 3168/2276/2991 3163/2277/2985
f 3163/2277/2985 3168/2276/2991 3169/2278/2992 3164/2279/2986
f 3164/2280/2986 3169/2281/2992 3170/2282/2993 3165/2268/2987
f 3165/2268/2987 3170/2282/2993 3167/2061/2884 3162/2056/2882
f 2985/1961/2828 2979/1960/2826 2982/2283/2988 2988/2284/2994
f 2988/2284/2994 2982/2283/2988 2981/2285/2989 2987/2286/2995
f 2987/2287/2995 2981/2288/2989 2980/2275/2990 2986/2289/2996
f 2986/2289/2996 2980/2275/2990 2978/2151/2930 2984/2150/2929
f 3166/1963/2829 3171/1966/2831 3173/2290/2997 3168/2291/2991
f 3168/2291/2991 3173/2290/2997 3174/2292/2998 3169/2293/2992
f 3169/2294/2992 3174/2295/2998 3175/2296/2999 3170/2297/2993
f 3170/2297/2993 3175/2296/2999 3172/2068/2886 3167/2067/2884
f 2991/1965/2830 2985/1964/2828 2988/2298/2994 2994/2299/3000
f 2994/2299/3000 2988/2298/2994 2987/2300/2995 2993/2301/3001
f 2993/2302/3001 2987/2303/2995 2986/2289/2996 2992/2304/3002
f 2992/2304/3002 2986/2289/2996 2984/2150/2929 2990/2149/2928
f 3171/1967/2831 3176/1969/2833 3178/2305/3003 3173/2306/2997
f 3173/2306/2997 3178/2305/3003 3179/2307/3004 3174/2308/2998
f 3174/2309/2998 3179/2310/3004 3180/2311/3005 3175/2312/2999
f 3175/2312/2999 3180/2311/3005 3177/2073/2888 3172/2072/2886
f 2997/1968/2832 2991/1965/2830 2994/2313/3000 3000/2314/3006
f 3000/2314/3006 2994/2313/3000 2993/2315/3001 2999/2316/3007
f 2999/2317/3007 2993/2318/3001 2992/2304/3002 2998/2319/3008
f 2998/2319/3008 2992/2304/3002 2990/2149/2928 2996/2148/2927
f 3176/1969/2833 3181/1971/2835 3183/2320/3009 3178/2321/3003
f 3178/2321/3003 3183/2320/3009 3184/2322/3010 3179/2323/3004
f 3179/2324/3004 3184/2325/3010 3185/2326/3011 3180/2311/3005
f 3180/2311/3005 3185/2326/3011 3182/2078/2890 3177/2073/2888
f 3003/1970/2834 2997/1968/2832 3000/2327/3006 3006/2328/3012
f 3006/2328/3012 3000/2327/3006 2999/2329/3007 3005/2330/3013
f 3005/2331/3013 2999/2332/3007 2998/2319/3008 3004/2333/3014
f 3004/2333/3014 2998/2319/3008 2996/2148/2927 3002/2147/2926
f 3181/1971/2835 3186/1973/2837 3188/2334/3015 3183/2335/3009
f 3183/2335/3009 3188/2334/3015 3189/2336/3016 3184/2337/3010
f 3184/2338/3010 3189/2339/3016 3190/2340/3017 3185/2341/3011
f 3185/2341/3011 3190/2340/3017 3187/2085/2892 3182/2084/2890
f 3009/1972/2836 3003/1970/2834 3006/2342/3012 3012/2343/3018
f 3012/2343/3018 3006/2342/3012 3005/2344/3013 3011/2345/3019
f 3011/2346/3019 3005/2347/3013 3004/2333/3014 3010/2348/3020
f 3010/2348/3020 3004/2333/3014 3002/2147/2926 3008/2146/2925
f 3186/1974/2837 3191/1976/2839 3193/2349/3021 3188/2350/3015
f 3188/2350/3015 3193/2349/3021 3194/2351/3022 3189/2352/3016
f 3189/2353/3016 3194/2354/3022 3195/2355/3023 3190/2340/3017
f 3190/2340/3017 3195/2355/3023 3192/2091/2894 3187/2090/2892
f 3015/1975/2838 3009/1972/2836 3012/2356/3018 3018/2357/3024
f 3018/2357/3024 3012/2356/3018 3011/2358/3019 3017/2359/3025
f 3017/2360/3025 3011/2361/3019 3010/2348/3020 3016/2362/3026
f 3016/2362/3026 3010/2348/3020 3008/2146/2925 3014/2145/2924
f 3191/1977/2839 3196/1980/2841 3198/2363/3027 3193/2364/3021
f 3193/2364/3021 3198/2363/3027 3199/2365/3028 3194/2366/3022
f 3194/2367/3022 3199/2368/3028 3200/2369/3029 3195/2355/3023
f 3195/2355/3023 3200/2369/3029 3197/2099/2897 3192/2091/2894
f 3021/1979/2840 3015/1978/2838 3018/2370/3024 3024/2371/3030
f 3024/2371/3030 3018/2370/3024 3017/2372/3025 3023/2373/3031
f 3023/2374/3031 3017/2375/3025 3016/2362/3026 3022/2376/3032
f 3022/2376/3032 3016/2362/3026 3014/2145/2924 3020/2144/2923
f 3196/1981/2841 3201/1983/2843 3203/2377/3033 3198/2378/3027
f 3198/2378/3027 3203/2377/3033 3204/2379/3034 3199/2380/3028
f 3199/2381/3028 3204/2382/3034 3205/2383/3035 3200/2384/3029
f 3200/2384/3029 3205/2383/3035 3202/2107/2900 3197/2106/2897
f 3027/1982/2842 3021/1979/2840 3024/2385/3030 3030/2386/3036
f 3030/2386/3036 3024/2385/3030 3023/2387/3031 3029/2388/3037
f 3029/2389/3037 3023/2390/3031 3022/2376/3032 3028/2391/3038
f 3028/2391/3038 3022/2376/3032 3020/2144/2923 3026/2143/2922
f 3201/1984/2843 3206/1986/2845 3208/2392/3039 3203/2393/3033
f 3203/2393/3033 3208/2392/3039 3209/2394/3040 3204/2395/3034
f 3204/2396/3034 3209/2397/3040 3210/2398/3041 3205/2383/3035
f 3205/2383/3035 3210/2398/3041 3207/2116/2903 3202/2107/2900
f 3033/1985/2844 3027/1982/2842 3030/2399/3036 3036/2400/3042
f 3036/2400/3042 3030/2399/3036 3029/2401/3037 3035/2402/3043
f 3035/2403/3043 3029/2404/3037 3028/2391/3038 3034/2405/3044
f 3034/2405/3044 3028/2391/3038 3026/2143/2922 3032/2142/2921
f 3206/1987/2845 3211/1989/2847 3213/2406/3045 3208/2407/3039
f 3208/2407/3039 3213/2406/3045 3214/2408/3046 3209/2409/3040
f 3209/2410/3040 3214/2411/3046 3215/2412/3047 3210/2413/3041
f 3210/2413/3041 3215/2412/3047 3212/2037/2875 3207/2124/2903
f 3039/1988/2846 3033/1985/2844 3036/2414/3042 3042/2415/3048
f 3042/2415/3048 3036/2414/3042 3035/2416/3043 3041/2417/3049
f 3041/2418/3049 3035/2419/3043 3034/2405/3044 3040/2420/3050
f 3040/2420/3050 3034/2405/3044 3032/2142/2921 3038/2141/2920
f 3211/1990/2847 3216/1993/2849 3218/2421/3051 3213/2422/3045
f 3213/2422/3045 3218/2421/3051 3219/2423/3052 3214/2424/3046
f 3214/2425/3046 3219/2426/3052 3220/2427/3053 3215/2428/3047
f 3215/2428/3047 3220/2427/3053 3217/2038/2876 3212/2037/2875
f 3045/1992/2848 3039/1991/2846 3042/2429/3048 3048/2430/3054
f 3048/2430/3054 3042/2429/3048 3041/2431/3049 3047/2432/3055
f 3047/2433/3055 3041/2434/3049 3040/2420/3050 3046/2435/3056
f 3046/2435/3056 3040/2420/3050 3038/2141/2920 3044/2140/2919
f 3216/1993/2849 3221/1995/2851 3223/2436/3057 3218/2437/3051
f 3218/2437/3051 3223/2436/3057 3224/2438/3058 3219/2439/3052
f 3219/2440/3052 3224/2441/3058 3225/2442/3059 3220/2443/3053
f 3220/2443/3053 3225/2442/3059 3222/2046/2879 3217/2045/2876
f 3051/1994/2850 3045/1992/2848 3048/2444/3054 3054/2445/3060
f 3054/2445/3060 3048/2444/3054 3047/2446/3055 3053/2447/3061
f 3053/2448/3061 3047/2449/3055 3046/2435/3056 3052/2450/3062
f 3052/2450/3062 3046/2435/3056 3044/2140/2919 3050/2139/2918
f 3221/1996/2851 3226/1999/2853 3228/2451/3063 3223/2452/3057
f 3223/2452/3057 3228/2451/3063 3229/2453/3064 3224/2454/3058
f 3224/2455/3058 3229/2456/3064 3230/2457/3065 3225/2442/3059
f 3225/2442/3059 3230/2457/3065 3227/2054/2881 3222/2053/2879
f 3057/1998/2852 3051/1997/2850 3054/2458/3060 3060/2459/3066
f 3060/2459/3066 3054/2458/3060 3053/2460/3061 3059/2461/3067
f 3059/2462/3067 3053/2463/3061 3052/2450/3062 3058/2464/3068
f 3058/2464/3068 3052/2450/3062 3050/2139/2918 3056/2138/2917
f 3226/2000/2853 3231/2002/2855 3233/2465/3069 3228/2466/3063
f 3228/2466/3063 3233/2465/3069 3234/2467/3070 3229/2468/3064
f 3229/2469/3064 3234/2470/3070 3235/2471/3071 3230/2457/3065
f 3230/2457/3065 3235/2471/3071 3232/2058/2883 3227/2054/2881
f 3063/2001/2854 3057/1998/2852 3060/2472/3066 3066/2473/3072
f 3066/2473/3072 3060/2472/3066 3059/2474/3067 3065/2475/3073
f 3065/2476/3073 3059/2477/3067 3058/2464/3068 3064/2478/3074
f 3064/2478/3074 3058/2464/3068 3056/2138/2917 3062/2137/2916
f 3231/2003/2855 3236/2005/2857 3238/2479/3075 3233/2480/3069
f 3233/2480/3069 3238/2479/3075 3239/2481/3076 3234/2482/3070
f 3234/2483/3070 3239/2484/3076 3240/2485/3077 3235/2486/3071
f 3235/2486/3071 3240/2485/3077 3237/2064/2885 3232/2063/2883
f 3069/2004/2856 3063/2001/2854 3066/2487/3072 3072/2488/3078
f 3072/2488/3078 3066/2487/3072 3065/2489/3073 3071/2490/3079
f 3071/2491/3079 3065/2492/3073 3064/2478/3074 3070/2493/3080
f 3070/2493/3080 3064/2478/3074 3062/2137/2916 3068/2136/2915
f 3236/2006/2857 3241/2009/2859 3243/2494/3081 3238/2495/3075
f 3238/2495/3075 3243/2494/3081 3244/2496/3082 3239/2497/3076
f 3239/2498/3076 3244/2499/3082 3245/2500/3083 3240/2485/3077
f 3240/2485/3077 3245/2500/3083 3242/2070/2887 3237/2064/2885
f 3075/2008/2858 3069/2007/2856 3072/2501/3078 3078/2502/3084
f 3078/2502/3084 3072/2501/3078 3071/2503/3079 3077/2504/3085
f 3077/2505/3085 3071/2506/3079 3070/2493/3080 3076/2507/3086
f 3076/2507/3086 3070/2493/3080 3068/2136/2915 3074/2135/2914
f 3241/2010/2859 3246/2012/2861 3248/2508/3087 3243/2509/3081
f 3243/2509/3081 3248/2508/3087 3249/2510/3088 3244/2511/3082
f 3244/2512/3082 3249/2513/3088 3250/2514/3089 3245/2500/3083
f 3245/2500/3083 3250/2514/3089 3247/2076/2889 3242/2070/2887
f 3081/2011/2860 3075/2008/2858 3078/2515/3084 3084/2516/3090
f 3084/2516/3090 3078/2515/3084 3077/2517/3085 3083/2518/3091
f 3083/2519/3091 3077/2520/3085 3076/2507/3086 3082/2521/3092
f 3082/2521/3092 3076/2507/3086 3074/2135/2914 3080/2134/2913
f 3246/2013/2861 3251/2016/2863 3253/2522/3093 3248/2523/3087
f 3248/2523/3087 3253/2522/3093 3254/2524/3094 3249/2525/3088
f 3249/2526/3088 3254/2527/3094 3255/2528/3095 3250/2514/3089
f 3250/2514/3089 3255/2528/3095 3252/2081/2891 3247/2076/2889
f 3087/2015/2862 3081/2014/2860 3084/2529/3090 3090/2530/3096
f 3090/2530/3096 3084/2529/3090 3083/2531/3091 3089/2532/3097
f 3089/2533/3097 3083/2534/3091 3082/2521/3092 3088/2535/3098
f 3088/2535/3098 3082/2521/3092 3080/2134/2913 3086/2133/2912
f 3251/2017/2863 3256/2020/2865 3258/2536/3099 3253/2537/3093
f 3253/2537/3093 3258/2536/3099 3259/2538/3100 3254/2539/3094
f 3254/2540/3094 3259/2541/3100 3260/2542/3101 3255/2543/3095
f 3255/2543/3095 3260/2542/3101 3257/2087/2893 3252/2081/2891
f 3093/2019/2864 3087/2018/2862 3090/2544/3096 3096/2545/3102
f 3096/2545/3102 3090/2544/3096 3089/2546/3097 3095/2547/3103
f 3095/2548/3103 3089/2549/3097 3088/2535/3098 3094/2550/3104
f 3094/2550/3104 3088/2535/3098 3086/2133/2912 3092/2132/2911
f 3256/2020/2865 3261/2022/2867 3263/2551/3105 3258/2552/3099
f 3258/2552/3099 3263/2551/3105 3264/2553/3106 3259/2554/3100
f 3259/2555/3100 3264/2556/3106 3265/2557/3107 3260/2542/3101
f 3260/2542/3101 3265/2557/3107 3262/2097/2896 3257/2087/2893
f 3099/2021/2866 3093/2019/2864 3096/2558/3102 3102/2559/3108
f 3102/2559/3108 3096/2558/3102 3095/2560/3103 3101/2561/3109
f 3101/2562/3109 3095/2563/3103 3094/2550/3104 3100/2564/3110
f 3100/2564/3110 3094/2550/3104 3092/2132/2911 3098/2131/2910
f 3261/2022/2867 3266/2024/2869 3268/2565/3111 3263/2566/3105
f 3263/2566/3105 3268/2565/3111 3269/2567/3112 3264/2568/3106
f 3264/2569/3106 3269/2570/3112 3270/2571/3113 3265/2557/3107
f 3265/2557/3107 3270/2571/3113 3267/2103/2899 3262/2097/2896
f 3105/2023/2868 3099/2021/2866 3102/2572/3108 3108/2573/3114
f 3108/2573/3114 3102/2572/3108 3101/2574/3109 3107/2575/3115
f 3107/2576/3115 3101/2577/3109 3100/2564/3110 3106/2578/3116
f 3106/2578/3116 3100/2564/3110 3098/2131/2910 3104/2130/2909
f 3266/2025/2869 3271/2028/2871 3273/2579/3117 3268/2580/3111
f 3268/2580/3111 3273/2579/3117 3274/2581/3118 3269/2582/3112
f 3269/2583/3112 3274/2584/3118 3275/2585/3119 3270/2586/3113
f 3270/2586/3113 3275/2585/3119 3272/2114/2902 3267/2113/2899
f 3111/2027/2870 3105/2026/2868 3108/2587/3114 3114/2588/3120
f 3114/2588/3120 3108/2587/3114 3107/2589/3115 3113/2590/3121
f 3113/2591/3121 3107/2592/3115 3106/2578/3116 3112/2593/3122
f 3112/2593/3122 3106/2578/3116 3104/2130/2909 3110/2129/2908
f 3271/2029/2871 3276/2030/2808 3278/2594/3123 3273/2595/3117
f 3273/2595/3117 3278/2594/3123 3279/2596/3124 3274/2597/3118
f 3274/2598/3118 3279/2599/3124 3280/2600/3125 3275/2601/3119
f 3275/2601/3119 3280/2600/3125 3277/2122/2895 3272/2114/2902
f 3117/1929/2809 3111/2027/2870 3114/2602/3120 3120/2603/3126
f 3120/2603/3126 3114/2602/3120 3113/2604/3121 3119/2605/3127
f 3119/2606/3127 3113/2607/3121 3112/2593/3122 3118/2608/3128
f 3118/2608/3128 3112/2593/3122 3110/2129/2908 3116/2128/2907
f 3276/1928/2808 3122/1931/2811 3125/2609/2938 3278/2610/3123
f 3278/2610/3123 3125/2609/2938 3124/2611/2940 3279/2612/3124
f 3279/2613/3124 3124/2614/2940 3123/2165/2942 3280/2600/3125
f 3280/2600/3125 3123/2165/2942 3121/2033/2873 3277/2094/2895
f 2931/1930/2810 3117/1929/2809 3120/2615/3126 2934/2616/2943
f 2934/2616/2943 3120/2615/3126 3119/2617/3127 2933/2618/2945
f 2933/2619/2945 3119/2620/3127 3118/2608/3128 2932/2172/2947
f 2932/2172/2947 3118/2608/3128 3116/2128/2907 2930/2127/2906
o 金属体.001
v 2.335014 0.361826 1.272076
v 2.335014 0.362704 1.276367
v 2.335014 0.361758 1.273718
v 2.335014 0.361900 1.275110
v 2.335014 0.362233 1.276040
v 2.338784 0.362332 1.276367
v 2.338612 0.361472 1.272076
v 2.338692 0.361870 1.276040
v 2.338627 0.361545 1.275110
v 2.338599 0.361405 1.273718
v 2.342408 0.361233 1.276367
v 2.342073 0.360422 1.272076
v 2.342228 0.360798 1.276040
v 2.342101 0.360491 1.275110
v 2.342046 0.360359 1.273718
v 2.345749 0.359447 1.276367
v 2.345262 0.358718 1.272076
v 2.345488 0.359056 1.276040
v 2.345303 0.358779 1.275110
v 2.345224 0.358661 1.273718
v 2.348677 0.357044 1.276367
v 2.348057 0.356424 1.272076
v 2.348344 0.356711 1.276040
v 2.348109 0.356476 1.275110
v 2.348008 0.356375 1.273718
v 2.351080 0.354116 1.276367
v 2.350351 0.353628 1.272076
v 2.350689 0.353854 1.276040
v 2.350413 0.353670 1.275110
v 2.350294 0.353590 1.273718
v 2.352866 0.350775 1.276367
v 2.352055 0.350439 1.272076
v 2.352431 0.350595 1.276040
v 2.352124 0.350468 1.275110
v 2.351992 0.350413 1.273718
v 2.353966 0.347150 1.276367
v 2.353105 0.346979 1.272076
v 2.353504 0.347058 1.276040
v 2.353178 0.346994 1.275110
v 2.353038 0.346966 1.273718
v 2.354337 0.343381 1.276367
v 2.353459 0.343381 1.272076
v 2.353866 0.343381 1.276040
v 2.353534 0.343381 1.275110
v 2.353391 0.343381 1.273718
v 2.353966 0.339611 1.276367
v 2.353105 0.339782 1.272076
v 2.353504 0.339703 1.276040
v 2.353178 0.339768 1.275110
v 2.353038 0.339795 1.273718
v 2.352866 0.335986 1.276367
v 2.352055 0.336322 1.272076
v 2.352431 0.336166 1.276040
v 2.352124 0.336293 1.275110
v 2.351992 0.336348 1.273718
v 2.351080 0.332645 1.276367
v 2.350351 0.333133 1.272076
v 2.350689 0.332907 1.276040
v 2.350413 0.333092 1.275110
v 2.350294 0.333171 1.273718
v 2.348677 0.329717 1.276367
v 2.348057 0.330338 1.272076
v 2.348344 0.330050 1.276040
v 2.348109 0.330285 1.275110
v 2.348008 0.330386 1.273718
v 2.345749 0.327314 1.276367
v 2.345262 0.328044 1.272076
v 2.345488 0.327706 1.276040
v 2.345303 0.327982 1.275110
v 2.345224 0.328101 1.273718
v 2.342408 0.325528 1.276367
v 2.342073 0.326339 1.272076
v 2.342228 0.325964 1.276040
v 2.342101 0.326271 1.275110
v 2.342046 0.326402 1.273718
v 2.338784 0.324429 1.276367
v 2.338612 0.325289 1.272076
v 2.338692 0.324891 1.276040
v 2.338627 0.325217 1.275110
v 2.338599 0.325357 1.273718
v 2.335014 0.324057 1.276367
v 2.335014 0.324935 1.272076
v 2.335014 0.324529 1.276040
v 2.335014 0.324861 1.275110
v 2.335014 0.325004 1.273718
v 2.331244 0.324429 1.276367
v 2.331415 0.325289 1.272076
v 2.331336 0.324891 1.276040
v 2.331401 0.325217 1.275110
v 2.331429 0.325357 1.273718
v 2.327619 0.325528 1.276367
v 2.327955 0.326339 1.272076
v 2.327800 0.325964 1.276040
v 2.327927 0.326271 1.275110
v 2.327981 0.326402 1.273718
v 2.324279 0.327314 1.276367
v 2.324766 0.328044 1.272076
v 2.324540 0.327706 1.276040
v 2.324725 0.327982 1.275110
v 2.324804 0.328101 1.273718
v 2.321350 0.329717 1.276367
v 2.321971 0.330338 1.272076
v 2.321683 0.330050 1.276040
v 2.321918 0.330285 1.275110
v 2.322019 0.330386 1.273718
v 2.318947 0.332645 1.276367
v 2.319677 0.333133 1.272076
v 2.319339 0.332907 1.276040
v 2.319615 0.333092 1.275110
v 2.319734 0.333171 1.273718
v 2.317162 0.335986 1.276367
v 2.317972 0.336322 1.272076
v 2.317597 0.336166 1.276040
v 2.317904 0.336293 1.275110
v 2.318036 0.336348 1.273718
v 2.316062 0.339611 1.276367
v 2.316923 0.339782 1.272076
v 2.316524 0.339703 1.276040
v 2.316850 0.339768 1.275110
v 2.316990 0.339795 1.273718
v 2.315691 0.343381 1.276367
v 2.316568 0.343381 1.272076
v 2.316162 0.343381 1.276040
v 2.316494 0.343381 1.275110
v 2.316637 0.343381 1.273718
v 2.316062 0.347150 1.276367
v 2.316923 0.346979 1.272076
v 2.316524 0.347058 1.276040
v 2.316850 0.346994 1.275110
v 2.316990 0.346966 1.273718
v 2.317162 0.350775 1.276367
v 2.317972 0.350439 1.272076
v 2.317597 0.350595 1.276040
v 2.317904 0.350468 1.275110
v 2.318036 0.350413 1.273718
v 2.318947 0.354116 1.276367
v 2.319677 0.353628 1.272076
v 2.319339 0.353854 1.276040
v 2.319615 0.353670 1.275110
v 2.319734 0.353590 1.273718
v 2.321350 0.357044 1.276367
v 2.321971 0.356424 1.272076
v 2.321683 0.356711 1.276040
v 2.321918 0.356476 1.275110
v 2.322019 0.356375 1.273718
v 2.324279 0.359447 1.276367
v 2.324766 0.358718 1.272076
v 2.324540 0.359056 1.276040
v 2.324725 0.358779 1.275110
v 2.324804 0.358661 1.273718
v 2.327619 0.361233 1.276367
v 2.327955 0.360422 1.272076
v 2.327800 0.360798 1.276040
v 2.327927 0.360491 1.275110
v 2.327981 0.360359 1.273718
v 2.331244 0.362332 1.276367
v 2.331415 0.361472 1.272076
v 2.331336 0.361870 1.276040
v 2.331401 0.361545 1.275110
v 2.331429 0.361405 1.273718
v 2.323705 0.326456 1.163291
v 2.323774 0.326558 1.171731
v 2.323637 0.326354 1.165253
v 2.323626 0.326338 1.167546
v 2.323674 0.326410 1.169821
v 2.327271 0.324689 1.171731
v 2.327224 0.324575 1.163291
v 2.327203 0.324524 1.169821
v 2.327170 0.324444 1.167546
v 2.327178 0.324462 1.165253
v 2.353819 0.351170 1.163291
v 2.353706 0.351123 1.171731
v 2.353933 0.351217 1.165253
v 2.353951 0.351224 1.167546
v 2.353871 0.351191 1.169821
v 2.351836 0.354621 1.171731
v 2.351938 0.354689 1.163291
v 2.351985 0.354720 1.169821
v 2.352057 0.354768 1.167546
v 2.352040 0.354757 1.165253
v 2.320621 0.328987 1.163291
v 2.320708 0.329074 1.171731
v 2.320534 0.328901 1.165253
v 2.320520 0.328887 1.167546
v 2.320581 0.328948 1.169821
v 2.354978 0.347352 1.163291
v 2.354857 0.347328 1.171731
v 2.355098 0.347376 1.165253
v 2.355117 0.347379 1.167546
v 2.355032 0.347363 1.169821
v 2.318089 0.332072 1.163291
v 2.318192 0.332140 1.171731
v 2.317987 0.332004 1.165253
v 2.317971 0.331993 1.167546
v 2.318043 0.332041 1.169821
v 2.355369 0.343381 1.163291
v 2.355246 0.343381 1.171731
v 2.355491 0.343381 1.165253
v 2.355511 0.343381 1.167546
v 2.355425 0.343381 1.169821
v 2.316208 0.335591 1.163291
v 2.316322 0.335638 1.171731
v 2.316095 0.335544 1.165253
v 2.316077 0.335537 1.167546
v 2.316157 0.335570 1.169821
v 2.354978 0.339410 1.163291
v 2.354857 0.339434 1.171731
v 2.355098 0.339386 1.165253
v 2.355117 0.339382 1.167546
v 2.355032 0.339399 1.169821
v 2.315050 0.339410 1.163291
v 2.315171 0.339434 1.171731
v 2.314930 0.339386 1.165253
v 2.314911 0.339382 1.167546
v 2.314995 0.339399 1.169821
v 2.353819 0.335591 1.163291
v 2.353706 0.335638 1.171731
v 2.353933 0.335544 1.165253
v 2.353951 0.335537 1.167546
v 2.353871 0.335570 1.169821
v 2.314659 0.343381 1.163291
v 2.314782 0.343381 1.171731
v 2.314537 0.343381 1.165253
v 2.314517 0.343381 1.167546
v 2.314603 0.343381 1.169821
v 2.351938 0.332072 1.163291
v 2.351836 0.332140 1.171731
v 2.352040 0.332004 1.165253
v 2.352057 0.331993 1.167546
v 2.351985 0.332041 1.169821
v 2.315050 0.347352 1.163291
v 2.315171 0.347328 1.171731
v 2.314930 0.347376 1.165253
v 2.314911 0.347379 1.167546
v 2.314995 0.347363 1.169821
v 2.349407 0.328987 1.163291
v 2.349320 0.329074 1.171731
v 2.349494 0.328901 1.165253
v 2.349507 0.328887 1.167546
v 2.349447 0.328948 1.169821
v 2.316208 0.351170 1.163291
v 2.316322 0.351123 1.171731
v 2.316095 0.351217 1.165253
v 2.316077 0.351224 1.167546
v 2.316157 0.351191 1.169821
v 2.346323 0.326456 1.163291
v 2.346254 0.326558 1.171731
v 2.346390 0.326354 1.165253
v 2.346401 0.326338 1.167546
v 2.346354 0.326410 1.169821
v 2.318089 0.354689 1.163291
v 2.318192 0.354621 1.171731
v 2.317987 0.354757 1.165253
v 2.317971 0.354768 1.167546
v 2.318043 0.354720 1.169821
v 2.342803 0.324575 1.163291
v 2.342756 0.324689 1.171731
v 2.342850 0.324462 1.165253
v 2.342858 0.324444 1.167546
v 2.342825 0.324524 1.169821
v 2.338985 0.363345 1.163291
v 2.338961 0.363224 1.171731
v 2.339009 0.363465 1.165253
v 2.339013 0.363484 1.167546
v 2.338996 0.363399 1.169821
v 2.335014 0.363613 1.171731
v 2.335014 0.363736 1.163291
v 2.335014 0.363791 1.169821
v 2.335014 0.363878 1.167546
v 2.335014 0.363858 1.165253
v 2.320621 0.357774 1.163291
v 2.320708 0.357687 1.171731
v 2.320534 0.357860 1.165253
v 2.320520 0.357874 1.167546
v 2.320581 0.357813 1.169821
v 2.338985 0.323417 1.163291
v 2.338961 0.323537 1.171731
v 2.339009 0.323297 1.165253
v 2.339013 0.323278 1.167546
v 2.338996 0.323362 1.169821
v 2.342803 0.362186 1.163291
v 2.342756 0.362072 1.171731
v 2.342850 0.362299 1.165253
v 2.342858 0.362317 1.167546
v 2.342825 0.362238 1.169821
v 2.323705 0.360305 1.163291
v 2.323774 0.360203 1.171731
v 2.323637 0.360407 1.165253
v 2.323626 0.360423 1.167546
v 2.323674 0.360352 1.169821
v 2.335014 0.323026 1.163291
v 2.335014 0.323149 1.171731
v 2.335014 0.322903 1.165253
v 2.335014 0.322884 1.167546
v 2.335014 0.322970 1.169821
v 2.346323 0.360305 1.163291
v 2.346254 0.360203 1.171731
v 2.346390 0.360407 1.165253
v 2.346401 0.360423 1.167546
v 2.346354 0.360352 1.169821
v 2.327224 0.362186 1.163291
v 2.327271 0.362072 1.171731
v 2.327178 0.362299 1.165253
v 2.327170 0.362317 1.167546
v 2.327203 0.362238 1.169821
v 2.331043 0.323417 1.163291
v 2.331067 0.323537 1.171731
v 2.331019 0.323297 1.165253
v 2.331015 0.323278 1.167546
v 2.331032 0.323362 1.169821
v 2.349407 0.357774 1.163291
v 2.349320 0.357687 1.171731
v 2.349494 0.357860 1.165253
v 2.349507 0.357874 1.167546
v 2.349447 0.357813 1.169821
v 2.331043 0.363345 1.163291
v 2.331067 0.363224 1.171731
v 2.331019 0.363465 1.165253
v 2.331015 0.363484 1.167546
v 2.331032 0.363399 1.169821
v 2.327912 0.326236 1.184258
v 2.327836 0.326053 1.192135
v 2.327971 0.326379 1.186125
v 2.327978 0.326394 1.188278
v 2.327930 0.326279 1.190388
v 2.350444 0.353690 1.184258
v 2.350609 0.353801 1.192135
v 2.350315 0.353605 1.186125
v 2.350302 0.353595 1.188278
v 2.350405 0.353664 1.190388
v 2.335014 0.361938 1.184258
v 2.335014 0.362136 1.192135
v 2.335014 0.361783 1.186125
v 2.335014 0.361767 1.188278
v 2.335014 0.361891 1.190388
v 2.324594 0.327786 1.192135
v 2.324704 0.327951 1.184258
v 2.324730 0.327990 1.190388
v 2.324799 0.328093 1.188278
v 2.324790 0.328079 1.186125
v 2.352342 0.350558 1.192135
v 2.352158 0.350482 1.184258
v 2.352115 0.350464 1.190388
v 2.352000 0.350417 1.188278
v 2.352016 0.350423 1.186125
v 2.321752 0.330118 1.192135
v 2.321892 0.330259 1.184258
v 2.321925 0.330292 1.190388
v 2.322013 0.330380 1.188278
v 2.322001 0.330368 1.186125
v 2.353409 0.347040 1.192135
v 2.353215 0.347001 1.184258
v 2.353168 0.346992 1.190388
v 2.353047 0.346968 1.188278
v 2.353063 0.346971 1.186125
v 2.319419 0.332961 1.192135
v 2.319584 0.333071 1.184258
v 2.319623 0.333097 1.190388
v 2.319726 0.333166 1.188278
v 2.319713 0.333157 1.186125
v 2.353770 0.343381 1.192135
v 2.353571 0.343381 1.184258
v 2.353524 0.343381 1.190388
v 2.353400 0.343381 1.188278
v 2.353417 0.343381 1.186125
v 2.317686 0.336203 1.192135
v 2.317869 0.336279 1.184258
v 2.317913 0.336297 1.190388
v 2.318027 0.336344 1.188278
v 2.318012 0.336338 1.186125
v 2.353409 0.339722 1.192135
v 2.353215 0.339760 1.184258
v 2.353168 0.339769 1.190388
v 2.353047 0.339794 1.188278
v 2.353063 0.339790 1.186125
v 2.316618 0.339722 1.192135
v 2.316813 0.339760 1.184258
v 2.316859 0.339769 1.190388
v 2.316981 0.339794 1.188278
v 2.316965 0.339790 1.186125
v 2.352342 0.336203 1.192135
v 2.352158 0.336279 1.184258
v 2.352115 0.336297 1.190388
v 2.352000 0.336344 1.188278
v 2.352016 0.336338 1.186125
v 2.316258 0.343381 1.192135
v 2.316457 0.343381 1.184258
v 2.316504 0.343381 1.190388
v 2.316628 0.343381 1.188278
v 2.316611 0.343381 1.186125
v 2.350609 0.332961 1.192135
v 2.350444 0.333071 1.184258
v 2.350405 0.333097 1.190388
v 2.350302 0.333166 1.188278
v 2.350315 0.333157 1.186125
v 2.316618 0.347040 1.192135
v 2.316813 0.347001 1.184258
v 2.316859 0.346992 1.190388
v 2.316981 0.346968 1.188278
v 2.316965 0.346971 1.186125
v 2.348276 0.330118 1.192135
v 2.348136 0.330259 1.184258
v 2.348103 0.330292 1.190388
v 2.348015 0.330380 1.188278
v 2.348027 0.330368 1.186125
v 2.317686 0.350558 1.192135
v 2.317869 0.350482 1.184258
v 2.317913 0.350464 1.190388
v 2.318027 0.350417 1.188278
v 2.318012 0.350423 1.186125
v 2.345434 0.327786 1.192135
v 2.345324 0.327951 1.184258
v 2.345298 0.327990 1.190388
v 2.345229 0.328093 1.188278
v 2.345238 0.328079 1.186125
v 2.319419 0.353801 1.192135
v 2.319584 0.353690 1.184258
v 2.319623 0.353664 1.190388
v 2.319726 0.353595 1.188278
v 2.319713 0.353605 1.186125
v 2.342191 0.326053 1.192135
v 2.342115 0.326236 1.184258
v 2.342098 0.326279 1.190388
v 2.342050 0.326394 1.188278
v 2.342056 0.326379 1.186125
v 2.338673 0.361776 1.192135
v 2.338634 0.361581 1.184258
v 2.338625 0.361535 1.190388
v 2.338601 0.361414 1.188278
v 2.338604 0.361430 1.186125
v 2.321752 0.356643 1.192135
v 2.321892 0.356502 1.184258
v 2.321925 0.356469 1.190388
v 2.322013 0.356382 1.188278
v 2.322001 0.356393 1.186125
v 2.338673 0.324985 1.192135
v 2.338634 0.325180 1.184258
v 2.338625 0.325226 1.190388
v 2.338601 0.325348 1.188278
v 2.338604 0.325331 1.186125
v 2.342191 0.360709 1.192135
v 2.342115 0.360525 1.184258
v 2.342098 0.360482 1.190388
v 2.342050 0.360367 1.188278
v 2.342056 0.360383 1.186125
v 2.324594 0.358975 1.192135
v 2.324704 0.358810 1.184258
v 2.324730 0.358771 1.190388
v 2.324799 0.358668 1.188278
v 2.324790 0.358682 1.186125
v 2.335014 0.324625 1.192135
v 2.335014 0.324824 1.184258
v 2.335014 0.324870 1.190388
v 2.335014 0.324994 1.188278
v 2.335014 0.324978 1.186125
v 2.345434 0.358975 1.192135
v 2.345324 0.358810 1.184258
v 2.345298 0.358771 1.190388
v 2.345229 0.358668 1.188278
v 2.345238 0.358682 1.186125
v 2.327836 0.360709 1.192135
v 2.327912 0.360525 1.184258
v 2.327930 0.360482 1.190388
v 2.327978 0.360367 1.188278
v 2.327971 0.360383 1.186125
v 2.331355 0.324985 1.192135
v 2.331393 0.325180 1.184258
v 2.331403 0.325226 1.190388
v 2.331427 0.325348 1.188278
v 2.331424 0.325331 1.186125
v 2.348276 0.356643 1.192135
v 2.348136 0.356502 1.184258
v 2.348103 0.356469 1.190388
v 2.348015 0.356382 1.188278
v 2.348027 0.356393 1.186125
v 2.331355 0.361776 1.192135
v 2.331393 0.361581 1.184258
v 2.331403 0.361535 1.190388
v 2.331427 0.361414 1.188278
v 2.331424 0.361430 1.186125
v 2.327095 0.324262 1.209620
v 2.327034 0.324114 1.202585
v 2.326983 0.323993 1.208075
v 2.326932 0.323870 1.206195
v 2.326950 0.323913 1.204268
v 2.352220 0.354878 1.209620
v 2.352353 0.354966 1.202585
v 2.352463 0.355040 1.208075
v 2.352573 0.355113 1.206195
v 2.352535 0.355088 1.204268
v 2.335014 0.364075 1.209620
v 2.335014 0.364234 1.202585
v 2.335014 0.364366 1.208075
v 2.335014 0.364499 1.206195
v 2.335014 0.364453 1.204268
v 2.323428 0.326041 1.202585
v 2.323517 0.326174 1.209620
v 2.323307 0.325860 1.204268
v 2.323281 0.325821 1.206195
v 2.323355 0.325932 1.208075
v 2.354280 0.351361 1.202585
v 2.354133 0.351300 1.209620
v 2.354482 0.351445 1.204268
v 2.354525 0.351462 1.206195
v 2.354402 0.351411 1.208075
v 2.320268 0.328635 1.202585
v 2.320381 0.328748 1.209620
v 2.320114 0.328481 1.204268
v 2.320081 0.328448 1.206195
v 2.320175 0.328542 1.208075
v 2.355467 0.347449 1.202585
v 2.355310 0.347418 1.209620
v 2.355681 0.347492 1.204268
v 2.355726 0.347501 1.206195
v 2.355596 0.347475 1.208075
v 2.317675 0.331795 1.202585
v 2.317807 0.331884 1.209620
v 2.317493 0.331674 1.204268
v 2.317455 0.331648 1.206195
v 2.317565 0.331722 1.208075
v 2.355868 0.343381 1.202585
v 2.355708 0.343381 1.209620
v 2.356086 0.343381 1.204268
v 2.356132 0.343381 1.206195
v 2.355999 0.343381 1.208075
v 2.315747 0.335400 1.202585
v 2.315895 0.335461 1.209620
v 2.315546 0.335317 1.204268
v 2.315503 0.335299 1.206195
v 2.315626 0.335350 1.208075
v 2.355467 0.339312 1.202585
v 2.355310 0.339343 1.209620
v 2.355681 0.339270 1.204268
v 2.355726 0.339261 1.206195
v 2.355596 0.339287 1.208075
v 2.314561 0.339312 1.202585
v 2.314718 0.339343 1.209620
v 2.314347 0.339270 1.204268
v 2.314301 0.339261 1.206195
v 2.314432 0.339287 1.208075
v 2.354280 0.335400 1.202585
v 2.354133 0.335461 1.209620
v 2.354482 0.335317 1.204268
v 2.354525 0.335299 1.206195
v 2.354402 0.335350 1.208075
v 2.314160 0.343381 1.202585
v 2.314320 0.343381 1.209620
v 2.313942 0.343381 1.204268
v 2.313896 0.343381 1.206195
v 2.314028 0.343381 1.208075
v 2.352353 0.331795 1.202585
v 2.352220 0.331884 1.209620
v 2.352535 0.331674 1.204268
v 2.352573 0.331648 1.206195
v 2.352463 0.331722 1.208075
v 2.314561 0.347449 1.202585
v 2.314718 0.347418 1.209620
v 2.314347 0.347492 1.204268
v 2.314301 0.347501 1.206195
v 2.314432 0.347475 1.208075
v 2.349760 0.328635 1.202585
v 2.349647 0.328748 1.209620
v 2.349914 0.328481 1.204268
v 2.349947 0.328448 1.206195
v 2.349853 0.328542 1.208075
v 2.315747 0.351361 1.202585
v 2.315895 0.351300 1.209620
v 2.315546 0.351445 1.204268
v 2.315503 0.351462 1.206195
v 2.315626 0.351411 1.208075
v 2.346600 0.326041 1.202585
v 2.346511 0.326174 1.209620
v 2.346721 0.325860 1.204268
v 2.346746 0.325821 1.206195
v 2.346673 0.325932 1.208075
v 2.317675 0.354966 1.202585
v 2.317807 0.354878 1.209620
v 2.317493 0.355088 1.204268
v 2.317455 0.355113 1.206195
v 2.317565 0.355040 1.208075
v 2.342994 0.324114 1.202585
v 2.342933 0.324262 1.209620
v 2.343078 0.323913 1.204268
v 2.343096 0.323870 1.206195
v 2.343045 0.323993 1.208075
v 2.339082 0.363834 1.202585
v 2.339051 0.363677 1.209620
v 2.339125 0.364048 1.204268
v 2.339134 0.364093 1.206195
v 2.339108 0.363963 1.208075
v 2.320268 0.358126 1.202585
v 2.320381 0.358014 1.209620
v 2.320114 0.358281 1.204268
v 2.320081 0.358313 1.206195
v 2.320175 0.358220 1.208075
v 2.339082 0.322928 1.202585
v 2.339051 0.323084 1.209620
v 2.339125 0.322714 1.204268
v 2.339134 0.322668 1.206195
v 2.339108 0.322798 1.208075
v 2.342994 0.362647 1.202585
v 2.342933 0.362499 1.209620
v 2.343078 0.362849 1.204268
v 2.343096 0.362891 1.206195
v 2.343045 0.362769 1.208075
v 2.323428 0.360720 1.202585
v 2.323517 0.360587 1.209620
v 2.323307 0.360901 1.204268
v 2.323281 0.360940 1.206195
v 2.323355 0.360829 1.208075
v 2.335014 0.322527 1.202585
v 2.335014 0.322687 1.209620
v 2.335014 0.322309 1.204268
v 2.335014 0.322262 1.206195
v 2.335014 0.322395 1.208075
v 2.346600 0.360720 1.202585
v 2.346511 0.360587 1.209620
v 2.346721 0.360901 1.204268
v 2.346746 0.360940 1.206195
v 2.346673 0.360829 1.208075
v 2.327034 0.362647 1.202585
v 2.327095 0.362499 1.209620
v 2.326950 0.362849 1.204268
v 2.326932 0.362891 1.206195
v 2.326983 0.362769 1.208075
v 2.330945 0.322928 1.202585
v 2.330977 0.323084 1.209620
v 2.330903 0.322714 1.204268
v 2.330894 0.322668 1.206195
v 2.330920 0.322798 1.208075
v 2.349760 0.358126 1.202585
v 2.349647 0.358014 1.209620
v 2.349914 0.358281 1.204268
v 2.349947 0.358313 1.206195
v 2.349853 0.358220 1.208075
v 2.330945 0.363834 1.202585
v 2.330977 0.363677 1.209620
v 2.330903 0.364048 1.204268
v 2.330894 0.364093 1.206195
v 2.330920 0.363963 1.208075
v 2.326994 0.324019 1.237382
v 2.326915 0.323828 1.245639
v 2.326912 0.323821 1.239226
v 2.326868 0.323715 1.241443
v 2.326869 0.323717 1.243695
v 2.352438 0.355023 1.237382
v 2.352611 0.355139 1.245639
v 2.352617 0.355143 1.239226
v 2.352712 0.355206 1.241443
v 2.352710 0.355205 1.243695
v 2.335014 0.364337 1.237382
v 2.335014 0.364545 1.245639
v 2.335014 0.364552 1.239226
v 2.335014 0.364667 1.241443
v 2.335014 0.364664 1.243695
v 2.323256 0.325783 1.245639
v 2.323371 0.325956 1.237382
v 2.323189 0.325684 1.243695
v 2.323188 0.325682 1.241443
v 2.323252 0.325778 1.239226
v 2.354567 0.351480 1.245639
v 2.354375 0.351400 1.237382
v 2.354677 0.351525 1.243695
v 2.354680 0.351526 1.241443
v 2.354573 0.351482 1.239226
v 2.320049 0.328415 1.245639
v 2.320195 0.328562 1.237382
v 2.319964 0.328331 1.243695
v 2.319963 0.328329 1.241443
v 2.320044 0.328410 1.239226
v 2.355771 0.347510 1.245639
v 2.355568 0.347469 1.237382
v 2.355888 0.347533 1.243695
v 2.355891 0.347533 1.241443
v 2.355778 0.347511 1.239226
v 2.317417 0.331623 1.245639
v 2.317589 0.331738 1.237382
v 2.317317 0.331556 1.243695
v 2.317315 0.331555 1.241443
v 2.317411 0.331619 1.239226
v 2.356178 0.343381 1.245639
v 2.355970 0.343381 1.237382
v 2.356297 0.343381 1.243695
v 2.356300 0.343381 1.241443
v 2.356185 0.343381 1.239226
v 2.315461 0.335282 1.245639
v 2.315653 0.335361 1.237382
v 2.315351 0.335236 1.243695
v 2.315348 0.335235 1.241443
v 2.315454 0.335279 1.239226
v 2.355771 0.339252 1.245639
v 2.355568 0.339292 1.237382
v 2.355888 0.339228 1.243695
v 2.355891 0.339228 1.241443
v 2.355778 0.339250 1.239226
v 2.314257 0.339252 1.245639
v 2.314460 0.339292 1.237382
v 2.314139 0.339228 1.243695
v 2.314137 0.339228 1.241443
v 2.314250 0.339250 1.239226
v 2.354567 0.335282 1.245639
v 2.354375 0.335361 1.237382
v 2.354677 0.335236 1.243695
v 2.354680 0.335235 1.241443
v 2.354573 0.335279 1.239226
v 2.313850 0.343381 1.245639
v 2.314057 0.343381 1.237382
v 2.313730 0.343381 1.243695
v 2.313728 0.343381 1.241443
v 2.313843 0.343381 1.239226
v 2.352611 0.331623 1.245639
v 2.352438 0.331738 1.237382
v 2.352710 0.331556 1.243695
v 2.352712 0.331555 1.241443
v 2.352617 0.331619 1.239226
v 2.314257 0.347510 1.245639
v 2.314460 0.347469 1.237382
v 2.314139 0.347533 1.243695
v 2.314137 0.347533 1.241443
v 2.314250 0.347511 1.239226
v 2.349979 0.328415 1.245639
v 2.349832 0.328562 1.237382
v 2.350064 0.328331 1.243695
v 2.350065 0.328329 1.241443
v 2.349984 0.328410 1.239226
v 2.315461 0.351480 1.245639
v 2.315653 0.351400 1.237382
v 2.315351 0.351525 1.243695
v 2.315348 0.351526 1.241443
v 2.315454 0.351482 1.239226
v 2.346772 0.325783 1.245639
v 2.346657 0.325956 1.237382
v 2.346838 0.325684 1.243695
v 2.346840 0.325682 1.241443
v 2.346776 0.325778 1.239226
v 2.317417 0.355139 1.245639
v 2.317589 0.355023 1.237382
v 2.317317 0.355205 1.243695
v 2.317315 0.355206 1.241443
v 2.317411 0.355143 1.239226
v 2.343113 0.323828 1.245639
v 2.343034 0.324019 1.237382
v 2.343159 0.323717 1.243695
v 2.343160 0.323715 1.241443
v 2.343116 0.323821 1.239226
v 2.339143 0.364138 1.245639
v 2.339102 0.363934 1.237382
v 2.339166 0.364255 1.243695
v 2.339167 0.364258 1.241443
v 2.339144 0.364145 1.239226
v 2.320049 0.358346 1.245639
v 2.320195 0.358199 1.237382
v 2.319964 0.358430 1.243695
v 2.319963 0.358432 1.241443
v 2.320044 0.358351 1.239226
v 2.339143 0.322623 1.245639
v 2.339102 0.322827 1.237382
v 2.339166 0.322506 1.243695
v 2.339167 0.322504 1.241443
v 2.339144 0.322616 1.239226
v 2.343113 0.362934 1.245639
v 2.343034 0.362742 1.237382
v 2.343159 0.363044 1.243695
v 2.343160 0.363046 1.241443
v 2.343116 0.362940 1.239226
v 2.323256 0.360978 1.245639
v 2.323371 0.360805 1.237382
v 2.323189 0.361077 1.243695
v 2.323188 0.361079 1.241443
v 2.323252 0.360984 1.239226
v 2.335014 0.322217 1.245639
v 2.335014 0.322424 1.237382
v 2.335014 0.322097 1.243695
v 2.335014 0.322095 1.241443
v 2.335014 0.322210 1.239226
v 2.346772 0.360978 1.245639
v 2.346657 0.360805 1.237382
v 2.346838 0.361077 1.243695
v 2.346840 0.361079 1.241443
v 2.346776 0.360984 1.239226
v 2.326915 0.362934 1.245639
v 2.326994 0.362742 1.237382
v 2.326869 0.363044 1.243695
v 2.326868 0.363046 1.241443
v 2.326912 0.362940 1.239226
v 2.330885 0.322623 1.245639
v 2.330925 0.322827 1.237382
v 2.330862 0.322506 1.243695
v 2.330861 0.322504 1.241443
v 2.330884 0.322616 1.239226
v 2.349979 0.358346 1.245639
v 2.349832 0.358199 1.237382
v 2.350064 0.358430 1.243695
v 2.350065 0.358432 1.241443
v 2.349984 0.358351 1.239226
v 2.330885 0.364138 1.245639
v 2.330925 0.363934 1.237382
v 2.330862 0.364255 1.243695
v 2.330861 0.364258 1.241443
v 2.330884 0.364145 1.239226
v 2.324651 0.327871 1.223304
v 2.324505 0.327653 1.216047
v 2.324750 0.328020 1.221536
v 2.324757 0.328031 1.219536
v 2.324671 0.327902 1.217608
v 2.352247 0.350519 1.223304
v 2.352489 0.350619 1.216047
v 2.352082 0.350450 1.221536
v 2.352070 0.350445 1.219536
v 2.352213 0.350505 1.217608
v 2.321824 0.330191 1.223304
v 2.321639 0.330005 1.216047
v 2.321951 0.330317 1.221536
v 2.321960 0.330327 1.219536
v 2.321850 0.330217 1.217608
v 2.353308 0.347020 1.223304
v 2.353566 0.347071 1.216047
v 2.353133 0.346985 1.221536
v 2.353120 0.346982 1.219536
v 2.353272 0.347012 1.217608
v 2.319504 0.333018 1.223304
v 2.319286 0.332872 1.216047
v 2.319653 0.333117 1.221536
v 2.319664 0.333124 1.219536
v 2.319535 0.333038 1.217608
v 2.353667 0.343381 1.223304
v 2.353929 0.343381 1.216047
v 2.353488 0.343381 1.221536
v 2.353475 0.343381 1.219536
v 2.353630 0.343381 1.217608
v 2.317781 0.336242 1.223304
v 2.317538 0.336142 1.216047
v 2.317946 0.336311 1.221536
v 2.317958 0.336316 1.219536
v 2.317815 0.336257 1.217608
v 2.353308 0.339742 1.223304
v 2.353566 0.339690 1.216047
v 2.353133 0.339777 1.221536
v 2.353120 0.339779 1.219536
v 2.353272 0.339749 1.217608
v 2.316719 0.339742 1.223304
v 2.316462 0.339690 1.216047
v 2.316895 0.339777 1.221536
v 2.316907 0.339779 1.219536
v 2.316756 0.339749 1.217608
v 2.352247 0.336242 1.223304
v 2.352489 0.336142 1.216047
v 2.352082 0.336311 1.221536
v 2.352070 0.336316 1.219536
v 2.352213 0.336257 1.217608
v 2.316361 0.343381 1.223304
v 2.316098 0.343381 1.216047
v 2.316540 0.343381 1.221536
v 2.316553 0.343381 1.219536
v 2.316398 0.343381 1.217608
v 2.350523 0.333018 1.223304
v 2.350741 0.332872 1.216047
v 2.350374 0.333117 1.221536
v 2.350364 0.333124 1.219536
v 2.350493 0.333038 1.217608
v 2.316719 0.347020 1.223304
v 2.316462 0.347071 1.216047
v 2.316895 0.346985 1.221536
v 2.316907 0.346982 1.219536
v 2.316756 0.347012 1.217608
v 2.348204 0.330191 1.223304
v 2.348389 0.330005 1.216047
v 2.348077 0.330317 1.221536
v 2.348068 0.330327 1.219536
v 2.348177 0.330217 1.217608
v 2.317781 0.350519 1.223304
v 2.317538 0.350619 1.216047
v 2.317946 0.350450 1.221536
v 2.317958 0.350445 1.219536
v 2.317815 0.350505 1.217608
v 2.345377 0.327871 1.223304
v 2.345523 0.327653 1.216047
v 2.345278 0.328020 1.221536
v 2.345270 0.328031 1.219536
v 2.345356 0.327902 1.217608
v 2.319504 0.353744 1.223304
v 2.319286 0.353889 1.216047
v 2.319653 0.353644 1.221536
v 2.319664 0.353637 1.219536
v 2.319535 0.353723 1.217608
v 2.342152 0.326147 1.223304
v 2.342252 0.325905 1.216047
v 2.342084 0.326313 1.221536
v 2.342079 0.326325 1.219536
v 2.342138 0.326182 1.217608
v 2.338653 0.361675 1.223304
v 2.338704 0.361933 1.216047
v 2.338618 0.361500 1.221536
v 2.338615 0.361487 1.219536
v 2.338646 0.361639 1.217608
v 2.321824 0.356570 1.223304
v 2.321639 0.356756 1.216047
v 2.321951 0.356444 1.221536
v 2.321960 0.356435 1.219536
v 2.321850 0.356544 1.217608
v 2.338653 0.325086 1.223304
v 2.338704 0.324829 1.216047
v 2.338618 0.325261 1.221536
v 2.338615 0.325274 1.219536
v 2.338646 0.325122 1.217608
v 2.342152 0.360614 1.223304
v 2.342252 0.360856 1.216047
v 2.342084 0.360448 1.221536
v 2.342079 0.360437 1.219536
v 2.342138 0.360580 1.217608
v 2.324651 0.358890 1.223304
v 2.324505 0.359108 1.216047
v 2.324750 0.358741 1.221536
v 2.324757 0.358731 1.219536
v 2.324671 0.358859 1.217608
v 2.335014 0.324728 1.223304
v 2.335014 0.324465 1.216047
v 2.335014 0.324906 1.221536
v 2.335014 0.324919 1.219536
v 2.335014 0.324764 1.217608
v 2.345377 0.358890 1.223304
v 2.345523 0.359108 1.216047
v 2.345278 0.358741 1.221536
v 2.345270 0.358731 1.219536
v 2.345356 0.358859 1.217608
v 2.327876 0.360614 1.223304
v 2.327775 0.360856 1.216047
v 2.327944 0.360448 1.221536
v 2.327949 0.360437 1.219536
v 2.327890 0.360580 1.217608
v 2.331375 0.325086 1.223304
v 2.331324 0.324829 1.216047
v 2.331410 0.325261 1.221536
v 2.331412 0.325274 1.219536
v 2.331382 0.325122 1.217608
v 2.348204 0.356570 1.223304
v 2.348389 0.356756 1.216047
v 2.348077 0.356444 1.221536
v 2.348068 0.356435 1.219536
v 2.348177 0.356544 1.217608
v 2.331375 0.361675 1.223304
v 2.331324 0.361933 1.216047
v 2.331410 0.361500 1.221536
v 2.331412 0.361487 1.219536
v 2.331382 0.361639 1.217608
v 2.327775 0.325905 1.216047
v 2.327876 0.326147 1.223304
v 2.327890 0.326182 1.217608
v 2.327949 0.326325 1.219536
v 2.327944 0.326313 1.221536
v 2.350741 0.353889 1.216047
v 2.350523 0.353744 1.223304
v 2.350493 0.353723 1.217608
v 2.350364 0.353637 1.219536
v 2.350374 0.353644 1.221536
v 2.335014 0.362296 1.216047
v 2.335014 0.362034 1.223304
v 2.335014 0.361997 1.217608
v 2.335014 0.361842 1.219536
v 2.335014 0.361855 1.221536
v 2.335014 0.360066 1.139736
v 2.335014 0.361815 1.144041
v 2.335014 0.360783 1.140312
v 2.335014 0.361423 1.141888
v 2.338610 0.361460 1.144041
v 2.338269 0.359745 1.139736
v 2.338534 0.361076 1.141888
v 2.338409 0.360449 1.140312
v 2.342068 0.360411 1.144041
v 2.341399 0.358796 1.139736
v 2.341918 0.360050 1.141888
v 2.341674 0.359458 1.140312
v 2.345255 0.358708 1.144041
v 2.344284 0.357254 1.139736
v 2.345038 0.358382 1.141888
v 2.344682 0.357850 1.140312
v 2.348049 0.356415 1.144041
v 2.346812 0.355179 1.139736
v 2.347772 0.356139 1.141888
v 2.347319 0.355686 1.140312
v 2.350341 0.353622 1.144041
v 2.348887 0.352651 1.139736
v 2.350016 0.353404 1.141888
v 2.349483 0.353049 1.140312
v 2.352045 0.350435 1.144041
v 2.350429 0.349766 1.139736
v 2.351683 0.350285 1.141888
v 2.351092 0.350040 1.140312
v 2.353094 0.346977 1.144041
v 2.351379 0.346636 1.139736
v 2.352710 0.346901 1.141888
v 2.352082 0.346776 1.140312
v 2.353448 0.343381 1.144041
v 2.351699 0.343381 1.139736
v 2.353056 0.343381 1.141888
v 2.352416 0.343381 1.140312
v 2.353094 0.339784 1.144041
v 2.351379 0.340125 1.139736
v 2.352710 0.339861 1.141888
v 2.352082 0.339986 1.140312
v 2.352045 0.336326 1.144041
v 2.350429 0.336995 1.139736
v 2.351683 0.336476 1.141888
v 2.351092 0.336721 1.140312
v 2.350341 0.333139 1.144041
v 2.348887 0.334111 1.139736
v 2.350016 0.333357 1.141888
v 2.349483 0.333712 1.140312
v 2.348049 0.330346 1.144041
v 2.346812 0.331582 1.139736
v 2.347772 0.330623 1.141888
v 2.347319 0.331075 1.140312
v 2.345255 0.328053 1.144041
v 2.344284 0.329507 1.139736
v 2.345038 0.328379 1.141888
v 2.344682 0.328911 1.140312
v 2.342068 0.326350 1.144041
v 2.341399 0.327965 1.139736
v 2.341918 0.326712 1.141888
v 2.341674 0.327303 1.140312
v 2.338610 0.325301 1.144041
v 2.338269 0.327016 1.139736
v 2.338534 0.325685 1.141888
v 2.338409 0.326313 1.140312
v 2.335014 0.324947 1.144041
v 2.335014 0.326695 1.139736
v 2.335014 0.325338 1.141888
v 2.335014 0.325978 1.140312
v 2.331418 0.325301 1.144041
v 2.331759 0.327016 1.139736
v 2.331494 0.325685 1.141888
v 2.331619 0.326313 1.140312
v 2.327960 0.326350 1.144041
v 2.328629 0.327965 1.139736
v 2.328109 0.326712 1.141888
v 2.328354 0.327303 1.140312
v 2.324773 0.328053 1.144041
v 2.325744 0.329507 1.139736
v 2.324990 0.328379 1.141888
v 2.325346 0.328911 1.140312
v 2.321979 0.330346 1.144041
v 2.323215 0.331582 1.139736
v 2.322256 0.330623 1.141888
v 2.322708 0.331075 1.140312
v 2.319687 0.333139 1.144041
v 2.321141 0.334111 1.139736
v 2.320012 0.333357 1.141888
v 2.320544 0.333712 1.140312
v 2.317983 0.336326 1.144041
v 2.319598 0.336995 1.139736
v 2.318345 0.336476 1.141888
v 2.318936 0.336721 1.140312
v 2.316934 0.339784 1.144041
v 2.318649 0.340125 1.139736
v 2.317318 0.339861 1.141888
v 2.317946 0.339986 1.140312
v 2.316580 0.343381 1.144041
v 2.318328 0.343381 1.139736
v 2.316971 0.343381 1.141888
v 2.317611 0.343381 1.140312
v 2.316934 0.346977 1.144041
v 2.318649 0.346636 1.139736
v 2.317318 0.346901 1.141888
v 2.317946 0.346776 1.140312
v 2.317983 0.350435 1.144041
v 2.319598 0.349766 1.139736
v 2.318345 0.350285 1.141888
v 2.318936 0.350040 1.140312
v 2.319687 0.353622 1.144041
v 2.321141 0.352651 1.139736
v 2.320012 0.353404 1.141888
v 2.320544 0.353049 1.140312
v 2.321979 0.356415 1.144041
v 2.323215 0.355179 1.139736
v 2.322256 0.356139 1.141888
v 2.322708 0.355686 1.140312
v 2.324773 0.358708 1.144041
v 2.325744 0.357254 1.139736
v 2.324990 0.358382 1.141888
v 2.325346 0.357850 1.140312
v 2.327960 0.360411 1.144041
v 2.328629 0.358796 1.139736
v 2.328109 0.360050 1.141888
v 2.328354 0.359458 1.140312
v 2.331418 0.361460 1.144041
v 2.331759 0.359745 1.139736
v 2.331494 0.361076 1.141888
v 2.331619 0.360449 1.140312
v 2.335014 0.362704 1.276367
v 2.338784 0.362332 1.276367
v 2.342408 0.361233 1.276367
v 2.345749 0.359447 1.276367
v 2.348677 0.357044 1.276367
v 2.351080 0.354116 1.276367
v 2.352866 0.350775 1.276367
v 2.353966 0.347150 1.276367
v 2.354337 0.343381 1.276367
v 2.353966 0.339611 1.276367
v 2.352866 0.335986 1.276367
v 2.351080 0.332645 1.276367
v 2.348677 0.329717 1.276367
v 2.345749 0.327314 1.276367
v 2.342408 0.325528 1.276367
v 2.338784 0.324429 1.276367
v 2.335014 0.324057 1.276367
v 2.331244 0.324429 1.276367
v 2.327619 0.325528 1.276367
v 2.324279 0.327314 1.276367
v 2.321350 0.329717 1.276367
v 2.318947 0.332645 1.276367
v 2.317162 0.335986 1.276367
v 2.316062 0.339611 1.276367
v 2.315691 0.343381 1.276367
v 2.316062 0.347150 1.276367
v 2.317162 0.350775 1.276367
v 2.318947 0.354116 1.276367
v 2.321350 0.357044 1.276367
v 2.324279 0.359447 1.276367
v 2.327619 0.361233 1.276367
v 2.331244 0.362332 1.276367
v 2.335014 0.343381 1.277136
v 2.335014 0.343381 1.277136
v 2.335014 0.343381 1.277136
v 2.335014 0.343381 1.277136
v 2.335014 0.343381 1.277136
v 2.335014 0.343381 1.277136
v 2.335014 0.343381 1.277136
v 2.335014 0.343381 1.277136
v 2.335014 0.343381 1.277136
v 2.335014 0.343381 1.277136
v 2.335014 0.343381 1.277136
v 2.335014 0.343381 1.277136
v 2.335014 0.343381 1.277136
v 2.335014 0.343381 1.277136
v 2.335014 0.343381 1.277136
v 2.335014 0.343381 1.277136
v 2.335014 0.343381 1.277136
v 2.335014 0.343381 1.277136
v 2.335014 0.343381 1.277136
v 2.335014 0.343381 1.277136
v 2.335014 0.343381 1.277136
v 2.335014 0.343381 1.277136
v 2.335014 0.343381 1.277136
v 2.335014 0.343381 1.277136
v 2.335014 0.343381 1.277136
v 2.335014 0.343381 1.277136
v 2.335014 0.343381 1.277136
v 2.335014 0.343381 1.277136
v 2.335014 0.343381 1.277136
v 2.335014 0.343381 1.277136
v 2.335014 0.343381 1.277136
v 2.335014 0.343381 1.277136
v 2.246393 0.314491 1.127915
v 2.245466 0.316592 1.130122
v 2.244088 0.316910 1.127208
v 2.245932 0.314659 1.129019
v 2.245244 0.314818 1.127563
v 2.244851 0.314983 1.128636
v 2.244441 0.316638 1.129476
v 2.245592 0.315430 1.129829
v 2.244611 0.315525 1.129206
v 2.244398 0.315706 1.127304
v 2.243935 0.316755 1.128406
v 2.244255 0.315608 1.128453
v 2.288659 0.314491 1.140736
v 2.288192 0.316592 1.143083
v 2.288426 0.314663 1.141909
v 2.288255 0.315432 1.142768
v 2.335014 0.314491 1.145301
v 2.335014 0.316592 1.147694
v 2.335014 0.314663 1.146498
v 2.335014 0.315432 1.147374
v 2.381369 0.314491 1.140736
v 2.381835 0.316592 1.143083
v 2.381602 0.314663 1.141909
v 2.381773 0.315432 1.142768
v 2.423635 0.314491 1.127915
v 2.425940 0.316910 1.127208
v 2.424561 0.316592 1.130122
v 2.424784 0.314818 1.127563
v 2.424096 0.314659 1.129019
v 2.425177 0.314983 1.128636
v 2.426093 0.316755 1.128406
v 2.425630 0.315706 1.127304
v 2.425773 0.315608 1.128453
v 2.424436 0.315430 1.129829
v 2.425587 0.316638 1.129476
v 2.425416 0.315525 1.129206
v 2.246393 0.373893 1.127915
v 2.244088 0.371473 1.127208
v 2.245466 0.371792 1.130122
v 2.245244 0.373566 1.127563
v 2.245932 0.373725 1.129019
v 2.244851 0.373401 1.128636
v 2.243935 0.371629 1.128406
v 2.244398 0.372678 1.127304
v 2.244255 0.372776 1.128453
v 2.245592 0.372954 1.129829
v 2.244441 0.371746 1.129476
v 2.244611 0.372858 1.129206
v 2.288192 0.371792 1.143083
v 2.288659 0.373893 1.140736
v 2.288255 0.372952 1.142768
v 2.288426 0.373721 1.141909
v 2.335014 0.371792 1.147694
v 2.335014 0.373893 1.145301
v 2.335014 0.372952 1.147374
v 2.335014 0.373721 1.146498
v 2.381835 0.371792 1.143083
v 2.381369 0.373893 1.140736
v 2.381773 0.372952 1.142768
v 2.381602 0.373721 1.141909
v 2.423635 0.373893 1.127915
v 2.424561 0.371792 1.130122
v 2.425939 0.371473 1.127208
v 2.424096 0.373725 1.129019
v 2.424784 0.373566 1.127563
v 2.425177 0.373401 1.128636
v 2.425587 0.371746 1.129476
v 2.424436 0.372954 1.129829
v 2.425416 0.372858 1.129206
v 2.425630 0.372678 1.127304
v 2.426093 0.371629 1.128406
v 2.425773 0.372776 1.128453
v 2.258338 0.318393 1.099076
v 2.256028 0.320810 1.098383
v 2.259243 0.321092 1.096862
v 2.257187 0.318719 1.098729
v 2.258793 0.318859 1.097970
v 2.257671 0.319170 1.097685
v 2.256791 0.320954 1.097369
v 2.256339 0.319606 1.098475
v 2.257074 0.319795 1.097506
v 2.259125 0.319850 1.097157
v 2.257971 0.321057 1.096811
v 2.257905 0.319868 1.097113
v 2.295215 0.321092 1.107774
v 2.294749 0.318393 1.110121
v 2.295153 0.319852 1.108089
v 2.294982 0.318864 1.108948
v 2.335014 0.321092 1.111694
v 2.335014 0.318393 1.114087
v 2.335014 0.319852 1.112015
v 2.335014 0.318864 1.112891
v 2.374812 0.321092 1.107774
v 2.375279 0.318393 1.110121
v 2.374875 0.319852 1.108089
v 2.375046 0.318864 1.108948
v 2.411689 0.318393 1.099076
v 2.410785 0.321092 1.096862
v 2.414000 0.320810 1.098383
v 2.411235 0.318859 1.097970
v 2.412841 0.318719 1.098729
v 2.412357 0.319170 1.097685
v 2.412057 0.321057 1.096811
v 2.410903 0.319850 1.097157
v 2.412123 0.319868 1.097113
v 2.413689 0.319606 1.098475
v 2.413237 0.320954 1.097369
v 2.412954 0.319795 1.097506
v 2.258338 0.369991 1.099076
v 2.259243 0.367292 1.096862
v 2.256028 0.367573 1.098383
v 2.258793 0.369524 1.097970
v 2.257187 0.369665 1.098729
v 2.257671 0.369213 1.097685
v 2.257971 0.367326 1.096811
v 2.259125 0.368533 1.097157
v 2.257905 0.368516 1.097113
v 2.256339 0.368777 1.098475
v 2.256791 0.367429 1.097369
v 2.257074 0.368589 1.097506
v 2.294749 0.369991 1.110121
v 2.295215 0.367292 1.107774
v 2.294982 0.369520 1.108948
v 2.295153 0.368532 1.108089
v 2.335014 0.369991 1.114087
v 2.335014 0.367292 1.111694
v 2.335014 0.369520 1.112891
v 2.335014 0.368532 1.112015
v 2.375279 0.369991 1.110121
v 2.374812 0.367292 1.107774
v 2.375046 0.369520 1.108948
v 2.374875 0.368532 1.108089
v 2.411689 0.369991 1.099076
v 2.414000 0.367573 1.098383
v 2.410785 0.367292 1.096862
v 2.412841 0.369665 1.098729
v 2.411235 0.369524 1.097970
v 2.412357 0.369213 1.097685
v 2.413237 0.367429 1.097369
v 2.413689 0.368777 1.098475
v 2.412954 0.368589 1.097506
v 2.410903 0.368533 1.097157
v 2.412057 0.367326 1.096811
v 2.412123 0.368516 1.097113
vn 0.3817 0.9215 0.0718
vn 0.5541 0.8293 0.0718
vn 0.5537 0.8287 0.0811
vn 0.3814 0.9208 0.0811
vn 0.7053 0.7053 0.0718
vn 0.7048 0.7048 0.0811
vn 0.8293 0.5541 0.0718
vn 0.8287 0.5537 0.0811
vn 0.9215 0.3817 0.0718
vn 0.9208 0.3814 0.0811
vn 0.9783 0.1946 0.0718
vn 0.9776 0.1944 0.0811
vn 0.9974 -0.0000 0.0718
vn 0.9967 -0.0000 0.0811
vn 0.9783 -0.1946 0.0718
vn 0.9776 -0.1944 0.0811
vn 0.9215 -0.3817 0.0718
vn 0.9208 -0.3814 0.0811
vn 0.8293 -0.5541 0.0718
vn 0.8287 -0.5537 0.0811
vn 0.7053 -0.7053 0.0718
vn 0.7048 -0.7048 0.0811
vn 0.5541 -0.8293 0.0718
vn 0.5537 -0.8287 0.0811
vn 0.3817 -0.9215 0.0718
vn 0.3814 -0.9208 0.0811
vn 0.1946 -0.9783 0.0718
vn 0.1944 -0.9776 0.0811
vn -0.0000 -0.9974 0.0718
vn -0.0000 -0.9967 0.0811
vn -0.1946 -0.9783 0.0718
vn -0.1944 -0.9776 0.0811
vn -0.3817 -0.9215 0.0718
vn -0.3814 -0.9208 0.0811
vn -0.5541 -0.8293 0.0718
vn -0.5537 -0.8287 0.0811
vn -0.7053 -0.7053 0.0718
vn -0.7048 -0.7048 0.0811
vn -0.8293 -0.5541 0.0718
vn -0.8287 -0.5537 0.0811
vn -0.9215 -0.3817 0.0718
vn -0.9208 -0.3814 0.0811
vn -0.9783 -0.1946 0.0718
vn -0.9776 -0.1944 0.0811
vn -0.9974 -0.0000 0.0718
vn -0.9967 -0.0000 0.0811
vn -0.9783 0.1946 0.0718
vn -0.9776 0.1944 0.0811
vn -0.9215 0.3817 0.0718
vn -0.9208 0.3814 0.0811
vn -0.8293 0.5541 0.0718
vn -0.8287 0.5537 0.0811
vn -0.7053 0.7053 0.0718
vn -0.7048 0.7048 0.0811
vn -0.5541 0.8293 0.0718
vn -0.5537 0.8287 0.0811
vn -0.3817 0.9215 0.0718
vn -0.3814 0.9208 0.0811
vn -0.1946 0.9783 0.0718
vn -0.1944 0.9776 0.0811
vn -0.7048 -0.7048 -0.0802
vn -0.8288 -0.5538 -0.0802
vn -0.8237 -0.5504 -0.1362
vn -0.7005 -0.7005 -0.1362
vn 0.1946 0.9783 0.0718
vn 0.1944 0.9776 0.0811
vn -0.5524 -0.8267 0.1074
vn -0.7030 -0.7030 0.1074
vn -0.7027 -0.7027 0.1120
vn -0.5521 -0.8262 0.1120
vn -0.0000 0.9974 0.0718
vn -0.0000 0.9967 0.0811
vn -0.1945 0.9776 -0.0802
vn -0.0000 0.9968 -0.0802
vn -0.0000 0.9907 -0.1362
vn -0.1933 0.9716 -0.1362
vn 0.9185 0.3805 0.1074
vn 0.9751 0.1940 0.1074
vn 0.9746 0.1939 0.1120
vn 0.9181 0.3803 0.1120
vn -0.3805 -0.9185 0.1074
vn -0.3803 -0.9181 0.1120
vn 0.8267 0.5524 0.1074
vn 0.8262 0.5521 0.1120
vn -0.8267 -0.5524 0.1074
vn -0.8262 -0.5521 0.1120
vn 0.9942 -0.0000 0.1074
vn 0.9937 -0.0000 0.1120
vn -0.9185 -0.3805 0.1074
vn -0.9181 -0.3803 0.1120
vn 0.9751 -0.1940 0.1074
vn 0.9746 -0.1939 0.1120
vn -0.9751 -0.1940 0.1074
vn -0.9746 -0.1939 0.1120
vn 0.9185 -0.3805 0.1074
vn 0.9181 -0.3803 0.1120
vn -0.9942 -0.0000 0.1074
vn -0.9937 -0.0000 0.1120
vn 0.8267 -0.5524 0.1074
vn 0.8262 -0.5521 0.1120
vn -0.9751 0.1940 0.1074
vn -0.9746 0.1939 0.1120
vn 0.7030 -0.7030 0.1074
vn 0.7027 -0.7027 0.1120
vn -0.9185 0.3805 0.1074
vn -0.9181 0.3803 0.1120
vn 0.5524 -0.8267 0.1074
vn 0.5521 -0.8262 0.1120
vn -0.8267 0.5524 0.1074
vn -0.8262 0.5521 0.1120
vn 0.3805 -0.9185 0.1074
vn 0.3803 -0.9181 0.1120
vn 0.1940 0.9751 0.1074
vn 0.3805 0.9185 0.1074
vn 0.3803 0.9181 0.1120
vn 0.1939 0.9746 0.1120
vn -0.7030 0.7030 0.1074
vn -0.7027 0.7027 0.1120
vn 0.1940 -0.9751 0.1074
vn 0.1939 -0.9746 0.1120
vn -0.0000 0.9942 0.1074
vn -0.0000 0.9937 0.1120
vn -0.5524 0.8267 0.1074
vn -0.5521 0.8262 0.1120
vn -0.0000 -0.9942 0.1074
vn -0.0000 -0.9937 0.1120
vn 0.5524 0.8267 0.1074
vn 0.5521 0.8262 0.1120
vn -0.3805 0.9185 0.1074
vn -0.3803 0.9181 0.1120
vn -0.1940 -0.9751 0.1074
vn -0.1939 -0.9746 0.1120
vn 0.7030 0.7030 0.1074
vn 0.7027 0.7027 0.1120
vn -0.1940 0.9751 0.1074
vn -0.1939 0.9746 0.1120
vn -0.5538 0.8288 -0.0802
vn -0.3815 0.9209 -0.0802
vn -0.3791 0.9153 -0.1362
vn -0.5504 0.8237 -0.1362
vn -0.9209 -0.3815 -0.0802
vn -0.9153 -0.3791 -0.1362
vn 0.9776 0.1945 -0.0802
vn 0.9968 -0.0000 -0.0802
vn 0.9907 -0.0000 -0.1362
vn 0.9716 0.1933 -0.1362
vn -0.3777 -0.9120 -0.1602
vn -0.5484 -0.8207 -0.1602
vn -0.5477 -0.8197 -0.1678
vn -0.3773 -0.9108 -0.1678
vn 0.7048 0.7048 -0.0802
vn 0.8288 0.5538 -0.0802
vn 0.8237 0.5504 -0.1362
vn 0.7005 0.7005 -0.1362
vn -0.1945 -0.9776 -0.0802
vn -0.3815 -0.9209 -0.0802
vn -0.3791 -0.9153 -0.1362
vn -0.1933 -0.9716 -0.1362
vn 0.5538 0.8288 -0.0802
vn 0.5504 0.8237 -0.1362
vn -0.0000 -0.9968 -0.0802
vn -0.0000 -0.9907 -0.1362
vn 0.1945 0.9776 -0.0802
vn 0.3815 0.9209 -0.0802
vn 0.3791 0.9153 -0.1362
vn 0.1933 0.9716 -0.1362
vn 0.1945 -0.9776 -0.0802
vn 0.1933 -0.9716 -0.1362
vn -0.0000 0.3886 -0.9214
vn 0.0758 0.3811 -0.9214
vn 0.1487 0.3590 -0.9214
vn 0.2159 0.3231 -0.9214
vn 0.2748 0.2748 -0.9214
vn 0.3231 0.2159 -0.9214
vn 0.3590 0.1487 -0.9214
vn 0.3811 0.0758 -0.9214
vn 0.3886 -0.0000 -0.9214
vn 0.3811 -0.0758 -0.9214
vn 0.3590 -0.1487 -0.9214
vn 0.3231 -0.2159 -0.9214
vn 0.2748 -0.2748 -0.9214
vn 0.2159 -0.3231 -0.9214
vn 0.1487 -0.3590 -0.9214
vn 0.0758 -0.3811 -0.9214
vn -0.0000 -0.3886 -0.9214
vn -0.0758 -0.3811 -0.9214
vn -0.1487 -0.3590 -0.9214
vn -0.2159 -0.3231 -0.9214
vn -0.2748 -0.2748 -0.9214
vn -0.3231 -0.2159 -0.9214
vn -0.3590 -0.1487 -0.9214
vn -0.3811 -0.0758 -0.9214
vn -0.3886 -0.0000 -0.9214
vn -0.3811 0.0758 -0.9214
vn -0.3590 0.1487 -0.9214
vn -0.3231 0.2159 -0.9214
vn -0.2748 0.2748 -0.9214
vn -0.2159 0.3231 -0.9214
vn -0.1487 0.3590 -0.9214
vn -0.0758 0.3811 -0.9214
vn -0.7048 0.7048 -0.0802
vn -0.7005 0.7005 -0.1362
vn 0.3815 -0.9209 -0.0802
vn 0.3791 -0.9153 -0.1362
vn -0.8288 0.5538 -0.0802
vn -0.8237 0.5504 -0.1362
vn 0.5538 -0.8288 -0.0802
vn 0.5504 -0.8237 -0.1362
vn -0.9209 0.3815 -0.0802
vn -0.9153 0.3791 -0.1362
vn 0.7048 -0.7048 -0.0802
vn 0.7005 -0.7005 -0.1362
vn -0.9776 0.1945 -0.0802
vn -0.9716 0.1933 -0.1362
vn 0.8288 -0.5538 -0.0802
vn 0.8237 -0.5504 -0.1362
vn -0.9968 -0.0000 -0.0802
vn -0.9907 -0.0000 -0.1362
vn 0.9209 -0.3815 -0.0802
vn 0.9153 -0.3791 -0.1362
vn -0.9776 -0.1945 -0.0802
vn -0.9716 -0.1933 -0.1362
vn 0.9776 -0.1945 -0.0802
vn 0.9716 -0.1933 -0.1362
vn 0.9209 0.3815 -0.0802
vn 0.9153 0.3791 -0.1362
vn -0.5538 -0.8288 -0.0802
vn -0.5504 -0.8237 -0.1362
vn -0.1926 -0.9681 -0.1602
vn -0.1923 -0.9669 -0.1678
vn 0.6980 0.6980 -0.1602
vn 0.8207 0.5484 -0.1602
vn 0.8197 0.5477 -0.1678
vn 0.6971 0.6971 -0.1678
vn 0.9120 0.3777 -0.1602
vn 0.9681 0.1926 -0.1602
vn 0.9669 0.1923 -0.1678
vn 0.9108 0.3773 -0.1678
vn -0.6980 -0.6980 -0.1602
vn -0.8207 -0.5484 -0.1602
vn -0.8197 -0.5477 -0.1678
vn -0.6971 -0.6971 -0.1678
vn 0.9871 -0.0000 -0.1602
vn 0.9858 -0.0000 -0.1678
vn -0.9120 -0.3777 -0.1602
vn -0.9108 -0.3773 -0.1678
vn 0.9681 -0.1926 -0.1602
vn 0.9669 -0.1923 -0.1678
vn -0.9681 -0.1926 -0.1602
vn -0.9669 -0.1923 -0.1678
vn 0.9120 -0.3777 -0.1602
vn 0.9108 -0.3773 -0.1678
vn -0.9871 -0.0000 -0.1602
vn -0.9858 -0.0000 -0.1678
vn 0.8207 -0.5484 -0.1602
vn 0.8197 -0.5477 -0.1678
vn -0.9681 0.1926 -0.1602
vn -0.9669 0.1923 -0.1678
vn 0.6980 -0.6980 -0.1602
vn 0.6971 -0.6971 -0.1678
vn -0.9120 0.3777 -0.1602
vn -0.9108 0.3773 -0.1678
vn 0.5484 -0.8207 -0.1602
vn 0.5477 -0.8197 -0.1678
vn -0.8207 0.5484 -0.1602
vn -0.8197 0.5477 -0.1678
vn 0.3777 -0.9120 -0.1602
vn 0.3773 -0.9108 -0.1678
vn -0.6980 0.6980 -0.1602
vn -0.6971 0.6971 -0.1678
vn -0.1926 0.9681 -0.1602
vn -0.0000 0.9871 -0.1602
vn -0.0000 0.9858 -0.1678
vn -0.1923 0.9669 -0.1678
vn 0.1926 -0.9681 -0.1602
vn 0.1923 -0.9669 -0.1678
vn 0.1926 0.9681 -0.1602
vn 0.3777 0.9120 -0.1602
vn 0.3773 0.9108 -0.1678
vn 0.1923 0.9669 -0.1678
vn -0.5484 0.8207 -0.1602
vn -0.5477 0.8197 -0.1678
vn -0.0000 -0.9871 -0.1602
vn -0.0000 -0.9858 -0.1678
vn 0.5484 0.8207 -0.1602
vn 0.5477 0.8197 -0.1678
vn -0.3777 0.9120 -0.1602
vn -0.3773 0.9108 -0.1678
vn -0.1900 -0.9552 0.2267
vn -0.3727 -0.8998 0.2267
vn -0.3731 -0.9008 0.2221
vn -0.1902 -0.9563 0.2221
vn -0.0000 0.9740 0.2267
vn 0.1900 0.9552 0.2267
vn 0.1902 0.9563 0.2221
vn -0.0000 0.9750 0.2221
vn 0.8098 0.5411 0.2267
vn 0.8998 0.3727 0.2267
vn 0.9008 0.3731 0.2221
vn 0.8107 0.5417 0.2221
vn -0.5411 -0.8098 0.2267
vn -0.5417 -0.8107 0.2221
vn -0.1932 -0.9715 -0.1373
vn -0.3791 -0.9151 -0.1373
vn -0.3794 -0.9159 -0.1308
vn -0.1934 -0.9724 -0.1308
vn -0.3727 0.8998 0.2267
vn -0.1900 0.9552 0.2267
vn -0.1902 0.9563 0.2221
vn -0.3731 0.9008 0.2221
vn 0.5411 0.8098 0.2267
vn 0.6887 0.6887 0.2267
vn 0.6894 0.6894 0.2221
vn 0.5417 0.8107 0.2221
vn -0.0000 -0.9740 0.2267
vn -0.0000 -0.9750 0.2221
vn -0.5411 0.8098 0.2267
vn -0.5417 0.8107 0.2221
vn 0.3727 0.8998 0.2267
vn 0.3731 0.9008 0.2221
vn 0.1900 -0.9552 0.2267
vn 0.1902 -0.9563 0.2221
vn -0.6887 0.6887 0.2267
vn -0.6894 0.6894 0.2221
vn 0.3727 -0.8998 0.2267
vn 0.3731 -0.9008 0.2221
vn -0.6887 -0.6887 0.2267
vn -0.6894 -0.6894 0.2221
vn -0.8098 0.5411 0.2267
vn -0.8107 0.5417 0.2221
vn 0.5411 -0.8098 0.2267
vn 0.5417 -0.8107 0.2221
vn -0.8998 0.3727 0.2267
vn -0.9008 0.3731 0.2221
vn 0.6887 -0.6887 0.2267
vn 0.6894 -0.6894 0.2221
vn -0.9552 0.1900 0.2267
vn -0.9563 0.1902 0.2221
vn 0.8098 -0.5411 0.2267
vn 0.8107 -0.5417 0.2221
vn -0.9740 -0.0000 0.2267
vn -0.9750 -0.0000 0.2221
vn 0.8998 -0.3727 0.2267
vn 0.9008 -0.3731 0.2221
vn -0.9552 -0.1900 0.2267
vn -0.9563 -0.1902 0.2221
vn 0.9552 -0.1900 0.2267
vn 0.9563 -0.1902 0.2221
vn -0.8998 -0.3727 0.2267
vn -0.9008 -0.3731 0.2221
vn 0.9740 -0.0000 0.2267
vn 0.9750 -0.0000 0.2221
vn -0.8098 -0.5411 0.2267
vn -0.8107 -0.5417 0.2221
vn 0.9552 0.1900 0.2267
vn 0.9563 0.1902 0.2221
vn 0.7004 0.7004 -0.1373
vn 0.8236 0.5503 -0.1373
vn 0.8243 0.5508 -0.1308
vn 0.7010 0.7010 -0.1308
vn -0.1932 0.9715 -0.1373
vn -0.0000 0.9905 -0.1373
vn -0.0000 0.9914 -0.1308
vn -0.1934 0.9724 -0.1308
vn 0.9151 0.3791 -0.1373
vn 0.9715 0.1932 -0.1373
vn 0.9724 0.1934 -0.1308
vn 0.9159 0.3794 -0.1308
vn -0.7004 -0.7004 -0.1373
vn -0.8236 -0.5503 -0.1373
vn -0.8243 -0.5508 -0.1308
vn -0.7010 -0.7010 -0.1308
vn 0.9905 -0.0000 -0.1373
vn 0.9914 -0.0000 -0.1308
vn -0.9151 -0.3791 -0.1373
vn -0.9159 -0.3794 -0.1308
vn 0.9715 -0.1932 -0.1373
vn 0.9724 -0.1934 -0.1308
vn -0.9715 -0.1932 -0.1373
vn -0.9724 -0.1934 -0.1308
vn 0.9151 -0.3791 -0.1373
vn 0.9159 -0.3794 -0.1308
vn -0.9905 -0.0000 -0.1373
vn -0.9914 -0.0000 -0.1308
vn 0.8236 -0.5503 -0.1373
vn 0.8243 -0.5508 -0.1308
vn -0.9715 0.1932 -0.1373
vn -0.9724 0.1934 -0.1308
vn 0.7004 -0.7004 -0.1373
vn 0.7010 -0.7010 -0.1308
vn -0.9151 0.3791 -0.1373
vn -0.9159 0.3794 -0.1308
vn 0.5503 -0.8236 -0.1373
vn 0.5508 -0.8243 -0.1308
vn -0.8236 0.5503 -0.1373
vn -0.8243 0.5508 -0.1308
vn 0.3791 -0.9151 -0.1373
vn 0.3794 -0.9159 -0.1308
vn -0.7004 0.7004 -0.1373
vn -0.7010 0.7010 -0.1308
vn -0.5503 -0.8236 -0.1373
vn -0.5508 -0.8243 -0.1308
vn 0.1932 -0.9715 -0.1373
vn 0.1934 -0.9724 -0.1308
vn 0.1932 0.9715 -0.1373
vn 0.3791 0.9151 -0.1373
vn 0.3794 0.9159 -0.1308
vn 0.1934 0.9724 -0.1308
vn -0.5503 0.8236 -0.1373
vn -0.5508 0.8243 -0.1308
vn -0.0000 -0.9905 -0.1373
vn -0.0000 -0.9914 -0.1308
vn 0.5503 0.8236 -0.1373
vn 0.5508 0.8243 -0.1308
vn -0.3791 0.9151 -0.1373
vn -0.3794 0.9159 -0.1308
vn -0.0000 0.5698 -0.8218
vn 0.1112 0.5588 -0.8218
vn 0.1645 0.8270 -0.5376
vn -0.0000 0.8432 -0.5376
vn 0.1910 0.9601 -0.2043
vn -0.0000 0.9789 -0.2043
vn 0.1950 0.9804 -0.0291
vn -0.0000 0.9996 -0.0291
vn 0.2181 0.5264 -0.8218
vn 0.3227 0.7790 -0.5376
vn 0.3746 0.9044 -0.2043
vn 0.3825 0.9235 -0.0291
vn 0.3166 0.4738 -0.8218
vn 0.4684 0.7011 -0.5376
vn 0.5439 0.8139 -0.2043
vn 0.5553 0.8311 -0.0291
vn 0.4029 0.4029 -0.8218
vn 0.5962 0.5962 -0.5376
vn 0.6922 0.6922 -0.2043
vn 0.7068 0.7068 -0.0291
vn 0.4738 0.3166 -0.8218
vn 0.7011 0.4684 -0.5376
vn 0.8139 0.5439 -0.2043
vn 0.8311 0.5553 -0.0291
vn 0.5264 0.2181 -0.8218
vn 0.7790 0.3227 -0.5376
vn 0.9044 0.3746 -0.2043
vn 0.9235 0.3825 -0.0291
vn 0.5588 0.1112 -0.8218
vn 0.8270 0.1645 -0.5376
vn 0.9601 0.1910 -0.2043
vn 0.9804 0.1950 -0.0291
vn 0.5698 -0.0000 -0.8218
vn 0.8432 -0.0000 -0.5376
vn 0.9789 -0.0000 -0.2043
vn 0.9996 -0.0000 -0.0291
vn 0.5588 -0.1112 -0.8218
vn 0.8270 -0.1645 -0.5376
vn 0.9601 -0.1910 -0.2043
vn 0.9804 -0.1950 -0.0291
vn 0.5264 -0.2181 -0.8218
vn 0.7790 -0.3227 -0.5376
vn 0.9044 -0.3746 -0.2043
vn 0.9235 -0.3825 -0.0291
vn 0.4738 -0.3166 -0.8218
vn 0.7011 -0.4684 -0.5376
vn 0.8139 -0.5439 -0.2043
vn 0.8311 -0.5553 -0.0291
vn 0.4029 -0.4029 -0.8218
vn 0.5962 -0.5962 -0.5376
vn 0.6922 -0.6922 -0.2043
vn 0.7068 -0.7068 -0.0291
vn 0.3166 -0.4738 -0.8218
vn 0.4684 -0.7011 -0.5376
vn 0.5439 -0.8139 -0.2043
vn 0.5553 -0.8311 -0.0291
vn 0.2181 -0.5264 -0.8218
vn 0.3227 -0.7790 -0.5376
vn 0.3746 -0.9044 -0.2043
vn 0.3825 -0.9235 -0.0291
vn 0.1112 -0.5588 -0.8218
vn 0.1645 -0.8270 -0.5376
vn 0.1910 -0.9601 -0.2043
vn 0.1950 -0.9804 -0.0291
vn -0.0000 -0.5698 -0.8218
vn -0.0000 -0.8432 -0.5376
vn -0.0000 -0.9789 -0.2043
vn -0.0000 -0.9996 -0.0291
vn -0.1112 -0.5588 -0.8218
vn -0.1645 -0.8270 -0.5376
vn -0.1910 -0.9601 -0.2043
vn -0.1950 -0.9804 -0.0291
vn -0.2181 -0.5264 -0.8218
vn -0.3227 -0.7790 -0.5376
vn -0.3746 -0.9044 -0.2043
vn -0.3825 -0.9235 -0.0291
vn -0.3166 -0.4738 -0.8218
vn -0.4684 -0.7011 -0.5376
vn -0.5439 -0.8139 -0.2043
vn -0.5553 -0.8311 -0.0291
vn -0.4029 -0.4029 -0.8218
vn -0.5962 -0.5962 -0.5376
vn -0.6922 -0.6922 -0.2043
vn -0.7068 -0.7068 -0.0291
vn -0.4738 -0.3166 -0.8218
vn -0.7011 -0.4684 -0.5376
vn -0.8139 -0.5439 -0.2043
vn -0.8311 -0.5553 -0.0291
vn -0.5264 -0.2181 -0.8218
vn -0.7790 -0.3227 -0.5376
vn -0.9044 -0.3746 -0.2043
vn -0.9235 -0.3825 -0.0291
vn -0.5588 -0.1112 -0.8218
vn -0.8270 -0.1645 -0.5376
vn -0.9601 -0.1910 -0.2043
vn -0.9804 -0.1950 -0.0291
vn -0.5698 -0.0000 -0.8218
vn -0.8432 -0.0000 -0.5376
vn -0.9789 -0.0000 -0.2043
vn -0.9996 -0.0000 -0.0291
vn -0.5588 0.1112 -0.8218
vn -0.8270 0.1645 -0.5376
vn -0.9601 0.1910 -0.2043
vn -0.9804 0.1950 -0.0291
vn -0.5264 0.2181 -0.8218
vn -0.7790 0.3227 -0.5376
vn -0.9044 0.3746 -0.2043
vn -0.9235 0.3825 -0.0291
vn -0.4738 0.3166 -0.8218
vn -0.7011 0.4684 -0.5376
vn -0.8139 0.5439 -0.2043
vn -0.8311 0.5553 -0.0291
vn -0.4029 0.4029 -0.8218
vn -0.5962 0.5962 -0.5376
vn -0.6922 0.6922 -0.2043
vn -0.7068 0.7068 -0.0291
vn -0.3166 0.4738 -0.8218
vn -0.4684 0.7011 -0.5376
vn -0.5439 0.8139 -0.2043
vn -0.5553 0.8311 -0.0291
vn -0.2181 0.5264 -0.8218
vn -0.3227 0.7790 -0.5376
vn -0.3746 0.9044 -0.2043
vn -0.3825 0.9235 -0.0291
vn -0.1112 0.5588 -0.8218
vn -0.1645 0.8270 -0.5376
vn -0.1910 0.9601 -0.2043
vn -0.1950 0.9804 -0.0291
vn -0.1950 0.9802 -0.0349
vn -0.0000 0.9994 -0.0349
vn -0.1951 0.9807 0.0145
vn -0.0000 0.9999 0.0145
vn -0.1947 0.9787 0.0647
vn -0.0000 0.9979 0.0647
vn 0.7067 0.7067 -0.0349
vn 0.8310 0.5552 -0.0349
vn 0.7070 0.7070 0.0145
vn 0.8314 0.5555 0.0145
vn 0.7056 0.7056 0.0647
vn 0.8297 0.5544 0.0647
vn -0.1950 -0.9802 -0.0349
vn -0.3825 -0.9233 -0.0349
vn -0.1951 -0.9807 0.0145
vn -0.3826 -0.9238 0.0145
vn -0.1947 -0.9787 0.0647
vn -0.3819 -0.9219 0.0647
vn -0.3825 0.9233 -0.0349
vn -0.3826 0.9238 0.0145
vn -0.3819 0.9219 0.0647
vn 0.5552 0.8310 -0.0349
vn 0.5555 0.8314 0.0145
vn 0.5544 0.8297 0.0647
vn -0.0000 -0.9994 -0.0349
vn -0.0000 -0.9999 0.0145
vn -0.0000 -0.9979 0.0647
vn -0.5552 0.8310 -0.0349
vn -0.5555 0.8314 0.0145
vn -0.5544 0.8297 0.0647
vn 0.3825 0.9233 -0.0349
vn 0.3826 0.9238 0.0145
vn 0.3819 0.9219 0.0647
vn 0.1950 -0.9802 -0.0349
vn 0.1951 -0.9807 0.0145
vn 0.1947 -0.9787 0.0647
vn -0.7067 0.7067 -0.0349
vn -0.7070 0.7070 0.0145
vn -0.7056 0.7056 0.0647
vn 0.1950 0.9802 -0.0349
vn 0.1951 0.9807 0.0145
vn 0.1947 0.9787 0.0647
vn 0.3825 -0.9233 -0.0349
vn 0.3826 -0.9238 0.0145
vn 0.3819 -0.9219 0.0647
vn -0.8310 0.5552 -0.0349
vn -0.8314 0.5555 0.0145
vn -0.8297 0.5544 0.0647
vn 0.5552 -0.8310 -0.0349
vn 0.5555 -0.8314 0.0145
vn 0.5544 -0.8297 0.0647
vn -0.9233 0.3824 -0.0349
vn -0.9238 0.3826 0.0145
vn -0.9219 0.3819 0.0647
vn 0.7067 -0.7067 -0.0349
vn 0.7070 -0.7070 0.0145
vn 0.7056 -0.7056 0.0647
vn -0.9802 0.1950 -0.0349
vn -0.9807 0.1951 0.0145
vn -0.9787 0.1947 0.0647
vn 0.8310 -0.5552 -0.0349
vn 0.8314 -0.5555 0.0145
vn 0.8297 -0.5544 0.0647
vn -0.9994 -0.0000 -0.0349
vn -0.9999 -0.0000 0.0145
vn -0.9979 -0.0000 0.0647
vn 0.9233 -0.3824 -0.0349
vn 0.9238 -0.3826 0.0145
vn 0.9219 -0.3819 0.0647
vn -0.9802 -0.1950 -0.0349
vn -0.9807 -0.1951 0.0145
vn -0.9787 -0.1947 0.0647
vn 0.9802 -0.1950 -0.0349
vn 0.9807 -0.1951 0.0145
vn 0.9787 -0.1947 0.0647
vn -0.9233 -0.3824 -0.0349
vn -0.9238 -0.3826 0.0145
vn -0.9219 -0.3819 0.0647
vn 0.9994 -0.0000 -0.0349
vn 0.9999 -0.0000 0.0145
vn 0.9979 -0.0000 0.0647
vn -0.8310 -0.5552 -0.0349
vn -0.8314 -0.5555 0.0145
vn -0.8297 -0.5544 0.0647
vn 0.9802 0.1950 -0.0349
vn 0.9807 0.1951 0.0145
vn 0.9787 0.1947 0.0647
vn -0.7067 -0.7067 -0.0349
vn -0.7070 -0.7070 0.0145
vn -0.7056 -0.7056 0.0647
vn 0.9233 0.3824 -0.0349
vn 0.9238 0.3826 0.0145
vn 0.9219 0.3819 0.0647
vn -0.5552 -0.8310 -0.0349
vn -0.5555 -0.8314 0.0145
vn -0.5544 -0.8297 0.0647
vn -0.3823 -0.9230 0.0447
vn -0.5550 -0.8306 0.0447
vn -0.3826 -0.9236 -0.0254
vn -0.5554 -0.8312 -0.0254
vn -0.3808 -0.9194 -0.0982
vn -0.5529 -0.8274 -0.0982
vn 0.8306 0.5550 0.0447
vn 0.9230 0.3823 0.0447
vn 0.8312 0.5554 -0.0254
vn 0.9236 0.3826 -0.0254
vn 0.8275 0.5529 -0.0982
vn 0.9194 0.3808 -0.0982
vn -0.7064 -0.7064 0.0447
vn -0.7069 -0.7069 -0.0254
vn -0.7037 -0.7037 -0.0982
vn 0.9798 0.1949 0.0447
vn 0.9805 0.1950 -0.0254
vn 0.9760 0.1941 -0.0982
vn -0.8306 -0.5550 0.0447
vn -0.8312 -0.5554 -0.0254
vn -0.8275 -0.5529 -0.0982
vn 0.9990 -0.0000 0.0447
vn 0.9997 -0.0000 -0.0254
vn 0.9952 -0.0000 -0.0982
vn -0.9230 -0.3823 0.0447
vn -0.9236 -0.3826 -0.0254
vn -0.9194 -0.3808 -0.0982
vn 0.9798 -0.1949 0.0447
vn 0.9805 -0.1950 -0.0254
vn 0.9760 -0.1941 -0.0982
vn -0.9798 -0.1949 0.0447
vn -0.9805 -0.1950 -0.0254
vn -0.9760 -0.1941 -0.0982
vn 0.9230 -0.3823 0.0447
vn 0.9236 -0.3826 -0.0254
vn 0.9194 -0.3808 -0.0982
vn -0.9990 -0.0000 0.0447
vn -0.9997 -0.0000 -0.0254
vn -0.9952 -0.0000 -0.0982
vn 0.8306 -0.5550 0.0447
vn 0.8312 -0.5554 -0.0254
vn 0.8275 -0.5529 -0.0982
vn -0.9798 0.1949 0.0447
vn -0.9805 0.1950 -0.0254
vn -0.9760 0.1941 -0.0982
vn 0.7064 -0.7064 0.0447
vn 0.7069 -0.7069 -0.0254
vn 0.7037 -0.7037 -0.0982
vn -0.9230 0.3823 0.0447
vn -0.9236 0.3826 -0.0254
vn -0.9194 0.3808 -0.0982
vn 0.5550 -0.8306 0.0447
vn 0.5554 -0.8312 -0.0254
vn 0.5529 -0.8275 -0.0982
vn -0.8306 0.5550 0.0447
vn -0.8312 0.5554 -0.0254
vn -0.8275 0.5529 -0.0982
vn 0.3823 -0.9230 0.0447
vn 0.3826 -0.9236 -0.0254
vn 0.3808 -0.9194 -0.0982
vn -0.0000 0.9990 0.0447
vn 0.1949 0.9798 0.0447
vn -0.0000 0.9997 -0.0254
vn 0.1950 0.9805 -0.0254
vn -0.0000 0.9952 -0.0982
vn 0.1941 0.9760 -0.0982
vn -0.7064 0.7064 0.0447
vn -0.7069 0.7069 -0.0254
vn -0.7037 0.7037 -0.0982
vn 0.1949 -0.9798 0.0447
vn 0.1950 -0.9805 -0.0254
vn 0.1941 -0.9760 -0.0982
vn 0.3823 0.9230 0.0447
vn 0.3826 0.9236 -0.0254
vn 0.3808 0.9194 -0.0982
vn -0.5550 0.8306 0.0447
vn -0.5554 0.8312 -0.0254
vn -0.5529 0.8275 -0.0982
vn -0.0000 -0.9990 0.0447
vn -0.0000 -0.9997 -0.0254
vn -0.0000 -0.9952 -0.0982
vn 0.5550 0.8306 0.0447
vn 0.5554 0.8312 -0.0254
vn 0.5529 0.8274 -0.0982
vn -0.3823 0.9230 0.0447
vn -0.3826 0.9236 -0.0254
vn -0.3808 0.9194 -0.0982
vn -0.1949 -0.9798 0.0447
vn -0.1950 -0.9805 -0.0254
vn -0.1941 -0.9760 -0.0982
vn 0.7064 0.7064 0.0447
vn 0.7069 0.7069 -0.0254
vn 0.7037 0.7037 -0.0982
vn -0.1949 0.9798 0.0447
vn -0.1950 0.9805 -0.0254
vn -0.1941 0.9760 -0.0982
vn -0.1946 0.9781 -0.0735
vn -0.0000 0.9973 -0.0735
vn -0.1950 0.9805 0.0225
vn -0.0000 0.9997 0.0225
vn -0.1936 0.9734 0.1229
vn -0.0000 0.9924 0.1229
vn 0.7052 0.7052 -0.0735
vn 0.8292 0.5541 -0.0735
vn 0.7069 0.7069 0.0225
vn 0.8313 0.5554 0.0225
vn 0.7017 0.7017 0.1229
vn 0.8252 0.5514 0.1229
vn -0.1946 -0.9781 -0.0735
vn -0.3816 -0.9214 -0.0735
vn -0.1950 -0.9805 0.0225
vn -0.3826 -0.9236 0.0225
vn -0.1936 -0.9734 0.1229
vn -0.3798 -0.9169 0.1229
vn -0.3816 0.9214 -0.0735
vn -0.3826 0.9236 0.0225
vn -0.3798 0.9169 0.1229
vn 0.5541 0.8292 -0.0735
vn 0.5554 0.8313 0.0225
vn 0.5514 0.8252 0.1229
vn -0.0000 -0.9973 -0.0735
vn -0.0000 -0.9997 0.0225
vn -0.0000 -0.9924 0.1229
vn -0.5541 0.8292 -0.0735
vn -0.5554 0.8313 0.0225
vn -0.5514 0.8252 0.1229
vn 0.3816 0.9214 -0.0735
vn 0.3826 0.9236 0.0225
vn 0.3798 0.9169 0.1229
vn 0.1946 -0.9781 -0.0735
vn 0.1950 -0.9805 0.0225
vn 0.1936 -0.9734 0.1229
vn -0.7052 0.7052 -0.0735
vn -0.7069 0.7069 0.0225
vn -0.7017 0.7017 0.1229
vn 0.1946 0.9781 -0.0735
vn 0.1950 0.9805 0.0225
vn 0.1936 0.9734 0.1229
vn 0.3816 -0.9214 -0.0735
vn 0.3826 -0.9236 0.0225
vn 0.3798 -0.9169 0.1229
vn -0.8292 0.5541 -0.0735
vn -0.8313 0.5554 0.0225
vn -0.8252 0.5514 0.1229
vn 0.5541 -0.8292 -0.0735
vn 0.5554 -0.8313 0.0225
vn 0.5514 -0.8252 0.1229
vn -0.9214 0.3816 -0.0735
vn -0.9236 0.3826 0.0225
vn -0.9169 0.3798 0.1229
vn 0.7052 -0.7052 -0.0735
vn 0.7069 -0.7069 0.0225
vn 0.7017 -0.7017 0.1229
vn -0.9781 0.1946 -0.0735
vn -0.9805 0.1950 0.0225
vn -0.9734 0.1936 0.1229
vn 0.8292 -0.5541 -0.0735
vn 0.8313 -0.5554 0.0225
vn 0.8252 -0.5514 0.1229
vn -0.9973 -0.0000 -0.0735
vn -0.9997 -0.0000 0.0225
vn -0.9924 -0.0000 0.1229
vn 0.9214 -0.3816 -0.0735
vn 0.9236 -0.3826 0.0225
vn 0.9169 -0.3798 0.1229
vn -0.9781 -0.1946 -0.0735
vn -0.9805 -0.1950 0.0225
vn -0.9734 -0.1936 0.1229
vn 0.9781 -0.1946 -0.0735
vn 0.9805 -0.1950 0.0225
vn 0.9734 -0.1936 0.1229
vn -0.9214 -0.3816 -0.0735
vn -0.9236 -0.3826 0.0225
vn -0.9169 -0.3798 0.1229
vn 0.9973 -0.0000 -0.0735
vn 0.9997 -0.0000 0.0225
vn 0.9924 -0.0000 0.1229
vn -0.8292 -0.5541 -0.0735
vn -0.8313 -0.5554 0.0225
vn -0.8252 -0.5514 0.1229
vn 0.9781 0.1946 -0.0735
vn 0.9805 0.1950 0.0225
vn 0.9734 0.1936 0.1229
vn -0.7052 -0.7052 -0.0735
vn -0.7069 -0.7069 0.0225
vn -0.7017 -0.7017 0.1229
vn 0.9214 0.3816 -0.0735
vn 0.9236 0.3826 0.0225
vn 0.9169 0.3798 0.1229
vn -0.5541 -0.8292 -0.0735
vn -0.5554 -0.8313 0.0225
vn -0.5514 -0.8252 0.1229
vn -0.3814 -0.9207 -0.0823
vn -0.5537 -0.8286 -0.0823
vn -0.3826 -0.9236 -0.0250
vn -0.5554 -0.8312 -0.0250
vn -0.3825 -0.9234 0.0307
vn -0.5553 -0.8311 0.0307
vn 0.8286 0.5537 -0.0823
vn 0.9207 0.3814 -0.0823
vn 0.8312 0.5554 -0.0250
vn 0.9236 0.3826 -0.0250
vn 0.8311 0.5553 0.0307
vn 0.9234 0.3825 0.0307
vn -0.7047 -0.7047 -0.0823
vn -0.7069 -0.7069 -0.0250
vn -0.7068 -0.7068 0.0307
vn 0.9775 0.1944 -0.0823
vn 0.9805 0.1950 -0.0250
vn 0.9803 0.1950 0.0307
vn -0.8286 -0.5537 -0.0823
vn -0.8312 -0.5554 -0.0250
vn -0.8311 -0.5553 0.0307
vn 0.9966 -0.0000 -0.0823
vn 0.9997 -0.0000 -0.0250
vn 0.9995 -0.0000 0.0307
vn -0.9207 -0.3814 -0.0823
vn -0.9236 -0.3826 -0.0250
vn -0.9234 -0.3825 0.0307
vn 0.9775 -0.1944 -0.0823
vn 0.9805 -0.1950 -0.0250
vn 0.9803 -0.1950 0.0307
vn -0.9775 -0.1944 -0.0823
vn -0.9805 -0.1950 -0.0250
vn -0.9803 -0.1950 0.0307
vn 0.9207 -0.3814 -0.0823
vn 0.9236 -0.3826 -0.0250
vn 0.9234 -0.3825 0.0307
vn -0.9966 -0.0000 -0.0823
vn -0.9997 -0.0000 -0.0250
vn -0.9995 -0.0000 0.0307
vn 0.8286 -0.5537 -0.0823
vn 0.8312 -0.5554 -0.0250
vn 0.8311 -0.5553 0.0307
vn -0.9775 0.1944 -0.0823
vn -0.9805 0.1950 -0.0250
vn -0.9803 0.1950 0.0307
vn 0.7047 -0.7047 -0.0823
vn 0.7069 -0.7069 -0.0250
vn 0.7068 -0.7068 0.0307
vn -0.9207 0.3814 -0.0823
vn -0.9236 0.3826 -0.0250
vn -0.9234 0.3825 0.0307
vn 0.5537 -0.8286 -0.0823
vn 0.5554 -0.8312 -0.0250
vn 0.5553 -0.8311 0.0307
vn -0.8286 0.5537 -0.0823
vn -0.8312 0.5554 -0.0250
vn -0.8311 0.5553 0.0307
vn 0.3814 -0.9207 -0.0823
vn 0.3826 -0.9236 -0.0250
vn 0.3825 -0.9234 0.0307
vn -0.0000 0.9966 -0.0823
vn 0.1944 0.9775 -0.0823
vn -0.0000 0.9997 -0.0250
vn 0.1950 0.9805 -0.0250
vn -0.0000 0.9995 0.0307
vn 0.1950 0.9803 0.0307
vn -0.7047 0.7047 -0.0823
vn -0.7069 0.7069 -0.0250
vn -0.7068 0.7068 0.0307
vn 0.1944 -0.9775 -0.0823
vn 0.1950 -0.9805 -0.0250
vn 0.1950 -0.9803 0.0307
vn 0.3814 0.9207 -0.0823
vn 0.3826 0.9236 -0.0250
vn 0.3825 0.9234 0.0307
vn -0.5537 0.8286 -0.0823
vn -0.5554 0.8312 -0.0250
vn -0.5553 0.8311 0.0307
vn -0.0000 -0.9966 -0.0823
vn -0.0000 -0.9997 -0.0250
vn -0.0000 -0.9995 0.0307
vn 0.5537 0.8286 -0.0823
vn 0.5554 0.8312 -0.0250
vn 0.5553 0.8311 0.0307
vn -0.3814 0.9207 -0.0823
vn -0.3826 0.9236 -0.0250
vn -0.3825 0.9234 0.0307
vn -0.1944 -0.9775 -0.0823
vn -0.1950 -0.9805 -0.0250
vn -0.1950 -0.9803 0.0307
vn 0.7047 0.7047 -0.0823
vn 0.7069 0.7069 -0.0250
vn 0.7068 0.7068 0.0307
vn -0.1944 0.9775 -0.0823
vn -0.1950 0.9805 -0.0250
vn -0.1950 0.9803 0.0307
vn -0.3793 -0.9158 0.1322
vn -0.5507 -0.8242 0.1322
vn -0.3824 -0.9233 0.0365
vn -0.5552 -0.8309 0.0365
vn -0.3821 -0.9226 -0.0529
vn -0.5548 -0.8303 -0.0529
vn 0.8242 0.5507 0.1322
vn 0.9158 0.3793 0.1322
vn 0.8309 0.5552 0.0365
vn 0.9233 0.3824 0.0365
vn 0.8303 0.5548 -0.0529
vn 0.9226 0.3821 -0.0529
vn -0.7009 -0.7009 0.1322
vn -0.7066 -0.7066 0.0365
vn -0.7061 -0.7061 -0.0529
vn 0.9722 0.1934 0.1322
vn 0.9801 0.1950 0.0365
vn 0.9794 0.1948 -0.0529
vn -0.8242 -0.5507 0.1322
vn -0.8309 -0.5552 0.0365
vn -0.8303 -0.5548 -0.0529
vn 0.9912 -0.0000 0.1322
vn 0.9993 -0.0000 0.0365
vn 0.9986 -0.0000 -0.0529
vn -0.9158 -0.3793 0.1322
vn -0.9233 -0.3824 0.0365
vn -0.9226 -0.3821 -0.0529
vn 0.9722 -0.1934 0.1322
vn 0.9801 -0.1950 0.0365
vn 0.9794 -0.1948 -0.0529
vn -0.9722 -0.1934 0.1322
vn -0.9801 -0.1950 0.0365
vn -0.9794 -0.1948 -0.0529
vn 0.9158 -0.3793 0.1322
vn 0.9233 -0.3824 0.0365
vn 0.9226 -0.3821 -0.0529
vn -0.9912 -0.0000 0.1322
vn -0.9993 -0.0000 0.0365
vn -0.9986 -0.0000 -0.0529
vn 0.8242 -0.5507 0.1322
vn 0.8309 -0.5552 0.0365
vn 0.8303 -0.5548 -0.0529
vn -0.9722 0.1934 0.1322
vn -0.9801 0.1950 0.0365
vn -0.9794 0.1948 -0.0529
vn 0.7009 -0.7009 0.1322
vn 0.7066 -0.7066 0.0365
vn 0.7061 -0.7061 -0.0529
vn -0.9158 0.3793 0.1322
vn -0.9233 0.3824 0.0365
vn -0.9226 0.3821 -0.0529
vn 0.5507 -0.8242 0.1322
vn 0.5552 -0.8309 0.0365
vn 0.5548 -0.8303 -0.0529
vn -0.8242 0.5507 0.1322
vn -0.8309 0.5552 0.0365
vn -0.8303 0.5548 -0.0529
vn 0.3793 -0.9158 0.1322
vn 0.3824 -0.9233 0.0365
vn 0.3821 -0.9226 -0.0529
vn -0.0000 0.9912 0.1322
vn 0.1934 0.9722 0.1322
vn -0.0000 0.9993 0.0365
vn 0.1950 0.9801 0.0365
vn -0.0000 0.9986 -0.0529
vn 0.1948 0.9794 -0.0529
vn -0.7009 0.7009 0.1322
vn -0.7066 0.7066 0.0365
vn -0.7061 0.7061 -0.0529
vn 0.1934 -0.9722 0.1322
vn 0.1950 -0.9801 0.0365
vn 0.1948 -0.9794 -0.0529
vn 0.3793 0.9158 0.1322
vn 0.3824 0.9233 0.0365
vn 0.3821 0.9226 -0.0529
vn -0.5507 0.8242 0.1322
vn -0.5552 0.8309 0.0365
vn -0.5548 0.8303 -0.0529
vn -0.0000 -0.9912 0.1322
vn -0.0000 -0.9993 0.0365
vn -0.0000 -0.9986 -0.0529
vn 0.5507 0.8242 0.1322
vn 0.5552 0.8309 0.0365
vn 0.5548 0.8303 -0.0529
vn -0.3793 0.9158 0.1322
vn -0.3824 0.9233 0.0365
vn -0.3821 0.9226 -0.0529
vn -0.1934 -0.9722 0.1322
vn -0.1950 -0.9801 0.0365
vn -0.1948 -0.9794 -0.0529
vn 0.7009 0.7009 0.1322
vn 0.7066 0.7066 0.0365
vn 0.7061 0.7061 -0.0529
vn -0.1934 0.9722 0.1322
vn -0.1950 0.9801 0.0365
vn -0.1948 0.9794 -0.0529
vn 0.1884 0.9472 -0.2593
vn -0.0000 0.9658 -0.2593
vn 0.1656 0.8325 -0.5286
vn -0.0000 0.8489 -0.5286
vn 0.3696 0.8923 -0.2593
vn 0.3248 0.7842 -0.5286
vn 0.5366 0.8030 -0.2593
vn 0.4716 0.7058 -0.5286
vn 0.6829 0.6829 -0.2593
vn 0.6002 0.6002 -0.5286
vn 0.8030 0.5366 -0.2593
vn 0.7058 0.4716 -0.5286
vn 0.8923 0.3696 -0.2593
vn 0.7842 0.3248 -0.5286
vn 0.9472 0.1884 -0.2593
vn 0.8325 0.1656 -0.5286
vn 0.9658 -0.0000 -0.2593
vn 0.8489 -0.0000 -0.5286
vn 0.9472 -0.1884 -0.2593
vn 0.8325 -0.1656 -0.5286
vn 0.8923 -0.3696 -0.2593
vn 0.7842 -0.3248 -0.5286
vn 0.8030 -0.5366 -0.2593
vn 0.7058 -0.4716 -0.5286
vn 0.6829 -0.6829 -0.2593
vn 0.6002 -0.6002 -0.5286
vn 0.5366 -0.8030 -0.2593
vn 0.4716 -0.7058 -0.5286
vn 0.3696 -0.8923 -0.2593
vn 0.3248 -0.7842 -0.5286
vn 0.1884 -0.9472 -0.2593
vn 0.1656 -0.8325 -0.5286
vn -0.0000 -0.9658 -0.2593
vn -0.0000 -0.8489 -0.5286
vn -0.1884 -0.9472 -0.2593
vn -0.1656 -0.8325 -0.5286
vn -0.3696 -0.8923 -0.2593
vn -0.3248 -0.7842 -0.5286
vn -0.5366 -0.8030 -0.2593
vn -0.4716 -0.7058 -0.5286
vn -0.6829 -0.6829 -0.2593
vn -0.6002 -0.6002 -0.5286
vn -0.8030 -0.5366 -0.2593
vn -0.7058 -0.4716 -0.5286
vn -0.8923 -0.3696 -0.2593
vn -0.7842 -0.3248 -0.5286
vn -0.9472 -0.1884 -0.2593
vn -0.8325 -0.1656 -0.5286
vn -0.9658 -0.0000 -0.2593
vn -0.8489 -0.0000 -0.5286
vn -0.9472 0.1884 -0.2593
vn -0.8325 0.1656 -0.5286
vn -0.8923 0.3696 -0.2593
vn -0.7842 0.3248 -0.5286
vn -0.8030 0.5366 -0.2593
vn -0.7058 0.4716 -0.5286
vn -0.6829 0.6829 -0.2593
vn -0.6002 0.6002 -0.5286
vn -0.5366 0.8030 -0.2593
vn -0.4716 0.7058 -0.5286
vn -0.3696 0.8923 -0.2593
vn -0.3248 0.7842 -0.5286
vn -0.1884 0.9472 -0.2593
vn -0.1656 0.8325 -0.5286
vn -0.0331 0.0221 0.9992
vn -0.0367 0.0152 0.9992
vn 0.0152 -0.0367 0.9992
vn 0.0221 -0.0331 0.9992
vn 0.0185 -0.0354 0.9992
vn 0.0078 0.0390 0.9992
vn -0.0000 0.0398 0.9992
vn -0.0281 0.0281 0.9992
vn 0.0078 -0.0390 0.9992
vn 0.0152 0.0367 0.9992
vn 0.0148 0.0369 0.9992
vn -0.0221 0.0331 0.9992
vn -0.0000 -0.0398 0.9992
vn 0.0221 0.0331 0.9992
vn -0.0152 0.0367 0.9992
vn -0.0130 0.0377 0.9992
vn -0.0078 -0.0390 0.9992
vn 0.0281 0.0281 0.9992
vn -0.0078 0.0390 0.9992
vn -0.0152 -0.0367 0.9992
vn -0.0157 -0.0365 0.9992
vn 0.0331 0.0221 0.9992
vn -0.0221 -0.0331 0.9992
vn 0.0367 0.0152 0.9992
vn -0.0281 -0.0281 0.9992
vn 0.0390 0.0078 0.9992
vn -0.0331 -0.0221 0.9992
vn 0.0398 -0.0000 0.9992
vn -0.0367 -0.0152 0.9992
vn 0.0390 -0.0078 0.9992
vn -0.0390 -0.0078 0.9992
vn 0.0367 -0.0152 0.9992
vn -0.0398 -0.0000 0.9992
vn 0.0331 -0.0221 0.9992
vn -0.0390 0.0078 0.9992
vn 0.0281 -0.0281 0.9992
vn 0.1205 -0.9922 -0.0304
vn -0.0023 -0.9999 0.0103
vn -0.0446 -0.9748 -0.2186
vn 0.0311 -0.9694 -0.2437
vn 0.8679 0.1219 -0.4816
vn 0.9643 0.1192 -0.2365
vn 0.9643 -0.1192 -0.2365
vn 0.8679 -0.1219 -0.4816
vn -0.9643 0.1192 -0.2365
vn -0.8679 0.1219 -0.4816
vn -0.8679 -0.1219 -0.4816
vn -0.9643 -0.1192 -0.2365
vn -0.0000 -1.0000 0.0099
vn -0.0000 -0.9749 -0.2228
vn -0.1713 -0.1250 -0.9772
vn -0.1938 -0.1278 -0.9727
vn -0.1938 0.1278 -0.9727
vn -0.1713 0.1250 -0.9772
vn -0.0000 -0.1281 -0.9918
vn 0.1938 -0.1278 -0.9727
vn 0.1938 0.1278 -0.9727
vn -0.0000 0.1281 -0.9918
vn -0.1965 -0.1363 0.9710
vn -0.1965 0.1363 0.9710
vn -0.4266 0.1404 0.8935
vn -0.4266 -0.1404 0.8935
vn -0.0000 -0.1366 0.9906
vn -0.0000 0.1366 0.9906
vn 0.1965 -0.1363 0.9710
vn 0.1965 0.1363 0.9710
vn 0.4266 -0.1404 0.8935
vn 0.4266 0.1404 0.8935
vn 0.0023 0.9999 0.0103
vn -0.0000 1.0000 0.0099
vn -0.0000 0.9749 -0.2228
vn 0.0446 0.9748 -0.2186
vn -0.0023 0.9999 0.0103
vn -0.0446 0.9748 -0.2186
vn 0.1205 0.9922 -0.0304
vn 0.0311 0.9694 -0.2437
vn 0.1713 -0.1250 -0.9772
vn 0.1713 0.1250 -0.9772
vn 0.0023 -0.9999 0.0103
vn 0.0446 -0.9748 -0.2186
vn -0.1205 0.9922 -0.0304
vn -0.0311 0.9694 -0.2437
vn -0.1205 -0.9922 -0.0304
vn -0.2567 -0.9404 0.2229
vn -0.5936 -0.7989 0.0973
vn -0.4331 -0.8925 -0.1262
vn -0.3793 -0.5798 0.7211
vn -0.7174 -0.5126 0.4718
vn -0.8029 -0.1389 0.5797
vn -0.9871 -0.1409 0.0760
vn -0.8825 -0.4668 0.0571
vn -0.8377 -0.4902 -0.2407
vn 0.4331 -0.8925 -0.1262
vn 0.5936 -0.7989 0.0973
vn 0.2567 -0.9404 0.2229
vn 0.8377 -0.4902 -0.2407
vn 0.8825 -0.4668 0.0571
vn 0.9871 -0.1409 0.0760
vn 0.8029 -0.1389 0.5797
vn 0.7174 -0.5126 0.4718
vn 0.3793 -0.5798 0.7211
vn -0.4331 0.8925 -0.1262
vn -0.5936 0.7989 0.0973
vn -0.2567 0.9404 0.2229
vn -0.8377 0.4902 -0.2407
vn -0.8825 0.4668 0.0571
vn -0.9871 0.1409 0.0760
vn -0.8029 0.1389 0.5797
vn -0.7174 0.5126 0.4718
vn -0.3793 0.5798 0.7211
vn 0.2567 0.9404 0.2229
vn 0.5936 0.7989 0.0973
vn 0.4331 0.8925 -0.1262
vn 0.3793 0.5798 0.7211
vn 0.7174 0.5126 0.4718
vn 0.8029 0.1389 0.5797
vn 0.9871 0.1409 0.0760
vn 0.8825 0.4668 0.0571
vn 0.8377 0.4902 -0.2407
vn -0.0311 -0.9694 -0.2437
vn -0.3507 -0.8690 -0.3491
vn -0.2455 -0.7628 -0.5982
vn 0.0607 -0.8526 -0.5191
vn -0.7351 -0.4952 -0.4631
vn -0.5625 -0.4538 -0.6912
vn -0.6606 -0.1152 -0.7418
vn -0.2004 -0.1138 -0.9731
vn -0.1617 -0.4359 -0.8854
vn 0.1522 -0.4871 -0.8600
vn -0.0607 -0.8526 -0.5191
vn 0.2455 -0.7628 -0.5982
vn 0.3507 -0.8690 -0.3491
vn -0.1522 -0.4871 -0.8600
vn 0.1617 -0.4359 -0.8854
vn 0.2004 -0.1138 -0.9731
vn 0.6606 -0.1152 -0.7418
vn 0.5625 -0.4538 -0.6912
vn 0.7351 -0.4952 -0.4631
vn 0.0607 0.8526 -0.5191
vn -0.2455 0.7628 -0.5982
vn -0.3507 0.8690 -0.3491
vn 0.1522 0.4871 -0.8600
vn -0.1617 0.4359 -0.8854
vn -0.2004 0.1138 -0.9731
vn -0.6606 0.1152 -0.7418
vn -0.5625 0.4538 -0.6912
vn -0.7351 0.4952 -0.4631
vn 0.3507 0.8690 -0.3491
vn 0.2455 0.7628 -0.5982
vn -0.0607 0.8526 -0.5191
vn 0.7351 0.4952 -0.4631
vn 0.5625 0.4538 -0.6912
vn 0.6606 0.1152 -0.7418
vn 0.2004 0.1138 -0.9731
vn 0.1617 0.4359 -0.8854
vn -0.1522 0.4871 -0.8600
vn -0.1649 -0.5710 0.8042
vn -0.0631 -0.9476 0.3131
vn -0.0000 -0.5711 0.8209
vn -0.0000 -0.9478 0.3190
vn 0.1649 -0.5710 0.8042
vn 0.0631 -0.9476 0.3131
vn -0.0631 0.9476 0.3131
vn -0.1649 0.5710 0.8042
vn -0.0000 0.9478 0.3190
vn -0.0000 0.5711 0.8209
vn 0.0631 0.9476 0.3131
vn 0.1649 0.5710 0.8042
vn 0.0998 -0.8541 -0.5104
vn 0.1684 -0.4940 -0.8530
vn -0.0000 -0.8544 -0.5197
vn -0.0000 -0.4945 -0.8692
vn -0.0998 -0.8541 -0.5104
vn -0.1684 -0.4940 -0.8530
vn 0.1684 0.4940 -0.8530
vn 0.0998 0.8541 -0.5104
vn -0.0000 0.4945 -0.8692
vn -0.0000 0.8544 -0.5197
vn -0.1684 0.4940 -0.8530
vn -0.0998 0.8541 -0.5104
vt 0.812994 0.402081
vt 0.841453 0.386869
vt 0.841453 0.386869
vt 0.812994 0.402081
vt 0.866398 0.366398
vt 0.866398 0.366398
vt 0.886869 0.341453
vt 0.886869 0.341453
vt 0.902081 0.312994
vt 0.911448 0.282114
vt 0.911448 0.282114
vt 0.902081 0.312994
vt 0.911448 0.282114
vt 0.914611 0.250000
vt 0.914611 0.250000
vt 0.911448 0.217886
vt 0.902081 0.187006
vt 0.902081 0.187006
vt 0.886869 0.158547
vt 0.886869 0.158547
vt 0.866398 0.133603
vt 0.841453 0.113131
vt 0.841453 0.113131
vt 0.812994 0.097919
vt 0.812994 0.097919
vt 0.782114 0.088552
vt 0.750000 0.085389
vt 0.750000 0.085389
vt 0.782114 0.088552
vt 0.717886 0.088552
vt 0.687006 0.097919
vt 0.658547 0.113131
vt 0.658547 0.113131
vt 0.658547 0.113131
vt 0.633603 0.133603
vt 0.613131 0.158547
vt 0.597919 0.187006
vt 0.597919 0.187006
vt 0.613131 0.158547
vt 0.588552 0.217886
vt 0.585389 0.250000
vt 0.585389 0.250000
vt 0.588552 0.282114
vt 0.588552 0.282114
vt 0.585389 0.250000
vt 0.597919 0.312994
vt 0.597919 0.312994
vt 0.613131 0.341453
vt 0.633602 0.366397
vt 0.658547 0.386869
vt 0.658547 0.386869
vt 0.687006 0.402081
vt 0.717886 0.411448
vt 0.717886 0.411448
vt 0.782114 0.411448
vt 0.782114 0.411448
vt 0.717886 0.411448
vt 0.750000 0.414611
vt 0.750000 0.414611
vt 0.717886 0.411448
vt 0.914611 0.250000
vt 0.597919 0.187006
vt 0.585389 0.250000
vt 0.585389 0.250000
vt 0.841453 0.113131
vt 0.841453 0.113131
vt 0.841453 0.113131
vt 0.782114 0.411448
vt 0.658547 0.386869
vt 0.658547 0.386869
vt 0.841453 0.386869
vt 0.658547 0.386869
vt 0.658547 0.113131
vt 0.866398 0.366398
vt 0.687006 0.097919
vt 0.717886 0.088552
vt 0.717886 0.411448
vt 0.841453 0.386869
vt 0.841453 0.386869
vt 0.750000 0.402553
vt 0.779761 0.399622
vt 0.808380 0.390940
vt 0.834754 0.376843
vt 0.857871 0.357871
vt 0.876843 0.334754
vt 0.890940 0.308379
vt 0.899622 0.279761
vt 0.902553 0.250000
vt 0.899622 0.220239
vt 0.890940 0.191621
vt 0.876843 0.165246
vt 0.857871 0.142129
vt 0.834754 0.123157
vt 0.808379 0.109060
vt 0.779761 0.100378
vt 0.750000 0.097447
vt 0.720239 0.100378
vt 0.691620 0.109060
vt 0.665246 0.123157
vt 0.642129 0.142129
vt 0.623157 0.165246
vt 0.609060 0.191621
vt 0.600379 0.220239
vt 0.597447 0.250000
vt 0.600378 0.279761
vt 0.609060 0.308380
vt 0.623157 0.334754
vt 0.642129 0.357871
vt 0.665246 0.376843
vt 0.691620 0.390940
vt 0.720238 0.399622
vt 0.841453 0.113131
vt 0.886869 0.158547
vt 0.911448 0.217886
vt 0.658547 0.113131
vt 0.658547 0.113131
vt 0.914611 0.250000
vt 0.911448 0.217886
vt 0.911448 0.217886
vt 0.588552 0.217886
vt 0.613131 0.341453
vt 0.633603 0.366397
vt 0.717886 0.411448
vt 0.750000 0.414611
vt 0.658547 0.386869
vt 0.633602 0.366397
vt 0.911448 0.217886
vt 0.613131 0.158547
vt 0.911448 0.282114
vt 0.902080 0.312994
vt 0.597919 0.312994
vt 0.841453 0.113131
vt 0.841453 0.113131
vt 0.613131 0.341453
vt 0.658547 0.113131
vt 0.902081 0.312994
vt 0.750000 0.426669
vt 0.784466 0.423274
vt 0.783626 0.419050
vt 0.750000 0.422362
vt 0.782115 0.411455
vt 0.750000 0.414618
vt 0.817608 0.413221
vt 0.815960 0.409241
vt 0.812997 0.402088
vt 0.848152 0.396895
vt 0.845759 0.393314
vt 0.841457 0.386875
vt 0.848152 0.396895
vt 0.874924 0.374924
vt 0.871878 0.371878
vt 0.866403 0.366403
vt 0.896895 0.348152
vt 0.893314 0.345759
vt 0.886875 0.341457
vt 0.913221 0.317608
vt 0.909241 0.315960
vt 0.902087 0.312997
vt 0.913221 0.317608
vt 0.923274 0.284466
vt 0.919050 0.283626
vt 0.911455 0.282115
vt 0.926669 0.250000
vt 0.922362 0.250000
vt 0.914618 0.250000
vt 0.926669 0.250000
vt 0.923274 0.215534
vt 0.919050 0.216374
vt 0.911455 0.217885
vt 0.923274 0.215534
vt 0.913221 0.182392
vt 0.909241 0.184040
vt 0.902088 0.187003
vt 0.896895 0.151848
vt 0.893313 0.154241
vt 0.886875 0.158543
vt 0.874924 0.125076
vt 0.871878 0.128122
vt 0.866403 0.133597
vt 0.874924 0.125076
vt 0.848152 0.103105
vt 0.845759 0.106687
vt 0.841457 0.113125
vt 0.848152 0.103105
vt 0.817608 0.086779
vt 0.815960 0.090759
vt 0.812997 0.097912
vt 0.784466 0.076726
vt 0.783626 0.080950
vt 0.782116 0.088545
vt 0.784466 0.076726
vt 0.750000 0.073331
vt 0.750000 0.077638
vt 0.750000 0.085382
vt 0.715534 0.076726
vt 0.716374 0.080950
vt 0.717885 0.088545
vt 0.715534 0.076726
vt 0.682392 0.086779
vt 0.684040 0.090759
vt 0.687003 0.097912
vt 0.651848 0.103105
vt 0.654241 0.106687
vt 0.658543 0.113125
vt 0.651848 0.103105
vt 0.625076 0.125076
vt 0.628122 0.128122
vt 0.633597 0.133597
vt 0.625076 0.125076
vt 0.603105 0.151848
vt 0.606687 0.154241
vt 0.613125 0.158543
vt 0.586779 0.182392
vt 0.590759 0.184040
vt 0.597912 0.187003
vt 0.576726 0.215534
vt 0.580950 0.216374
vt 0.588545 0.217885
vt 0.573331 0.250000
vt 0.577638 0.250000
vt 0.585382 0.250000
vt 0.573331 0.250000
vt 0.576726 0.284466
vt 0.580950 0.283626
vt 0.588545 0.282115
vt 0.576726 0.284466
vt 0.586779 0.317608
vt 0.590759 0.315960
vt 0.597912 0.312997
vt 0.603105 0.348152
vt 0.606687 0.345759
vt 0.613125 0.341457
vt 0.603105 0.348152
vt 0.625076 0.374924
vt 0.628122 0.371878
vt 0.633597 0.366403
vt 0.651848 0.396895
vt 0.654241 0.393313
vt 0.658543 0.386875
vt 0.651848 0.396895
vt 0.682392 0.413221
vt 0.684040 0.409241
vt 0.687003 0.402088
vt 0.682392 0.413221
vt 0.715534 0.423274
vt 0.716374 0.419050
vt 0.717885 0.411455
vt 0.750000 0.426669
vt 0.717887 0.411443
vt 0.750000 0.414606
vt 0.717890 0.411426
vt 0.750000 0.414589
vt 0.717887 0.411443
vt 0.750000 0.414606
vt 0.866394 0.366394
vt 0.886865 0.341450
vt 0.866382 0.366382
vt 0.886851 0.341441
vt 0.866394 0.366394
vt 0.886865 0.341450
vt 0.717887 0.088557
vt 0.687008 0.097924
vt 0.717890 0.088574
vt 0.687014 0.097940
vt 0.717887 0.088557
vt 0.687008 0.097924
vt 0.687008 0.402076
vt 0.687014 0.402060
vt 0.687008 0.402076
vt 0.841450 0.386865
vt 0.841441 0.386851
vt 0.841450 0.386865
vt 0.750000 0.085394
vt 0.750000 0.085411
vt 0.750000 0.085394
vt 0.658550 0.386865
vt 0.658559 0.386851
vt 0.658550 0.386865
vt 0.812992 0.402076
vt 0.812986 0.402060
vt 0.812992 0.402076
vt 0.782113 0.088557
vt 0.782110 0.088574
vt 0.782113 0.088557
vt 0.633606 0.366394
vt 0.633618 0.366382
vt 0.633606 0.366394
vt 0.782113 0.411443
vt 0.782110 0.411426
vt 0.782113 0.411443
vt 0.812992 0.097924
vt 0.812986 0.097940
vt 0.812992 0.097924
vt 0.613135 0.341450
vt 0.613149 0.341441
vt 0.613135 0.341450
vt 0.841450 0.113135
vt 0.841441 0.113149
vt 0.841450 0.113135
vt 0.597924 0.312992
vt 0.597940 0.312986
vt 0.597924 0.312992
vt 0.866394 0.133606
vt 0.866382 0.133618
vt 0.866394 0.133606
vt 0.588557 0.282113
vt 0.588574 0.282110
vt 0.588557 0.282113
vt 0.886865 0.158550
vt 0.886851 0.158559
vt 0.886865 0.158550
vt 0.585394 0.250000
vt 0.585411 0.250000
vt 0.585394 0.250000
vt 0.902076 0.187008
vt 0.902061 0.187015
vt 0.902076 0.187008
vt 0.588557 0.217887
vt 0.588574 0.217890
vt 0.588557 0.217887
vt 0.911443 0.217887
vt 0.911426 0.217890
vt 0.911443 0.217887
vt 0.597924 0.187008
vt 0.597940 0.187015
vt 0.597924 0.187008
vt 0.914606 0.250000
vt 0.914589 0.250000
vt 0.914606 0.250000
vt 0.613135 0.158550
vt 0.613149 0.158559
vt 0.613135 0.158550
vt 0.911443 0.282113
vt 0.911427 0.282110
vt 0.911443 0.282113
vt 0.633606 0.133606
vt 0.633618 0.133618
vt 0.633606 0.133606
vt 0.902076 0.312992
vt 0.902060 0.312986
vt 0.902076 0.312992
vt 0.658550 0.113135
vt 0.658559 0.113149
vt 0.658550 0.113135
vt 0.687004 0.097913
vt 0.658543 0.113126
vt 0.687004 0.097914
vt 0.658544 0.113126
vt 0.886875 0.341457
vt 0.902087 0.312996
vt 0.886874 0.341456
vt 0.902086 0.312996
vt 0.633598 0.133598
vt 0.633598 0.133598
vt 0.911454 0.282115
vt 0.911454 0.282115
vt 0.613126 0.158543
vt 0.613126 0.158544
vt 0.914618 0.250000
vt 0.914617 0.250000
vt 0.597913 0.187004
vt 0.597914 0.187004
vt 0.911454 0.217885
vt 0.911454 0.217885
vt 0.588546 0.217885
vt 0.588546 0.217885
vt 0.902087 0.187004
vt 0.902086 0.187004
vt 0.585383 0.250000
vt 0.585383 0.250000
vt 0.886874 0.158543
vt 0.886874 0.158544
vt 0.588546 0.282115
vt 0.588546 0.282115
vt 0.866402 0.133598
vt 0.866402 0.133598
vt 0.597913 0.312996
vt 0.597914 0.312996
vt 0.841457 0.113126
vt 0.841456 0.113126
vt 0.613126 0.341457
vt 0.613126 0.341456
vt 0.812997 0.097913
vt 0.812996 0.097914
vt 0.750000 0.414617
vt 0.782115 0.411454
vt 0.750000 0.414617
vt 0.782115 0.411454
vt 0.633598 0.366402
vt 0.633598 0.366402
vt 0.782115 0.088546
vt 0.782115 0.088546
vt 0.812997 0.402087
vt 0.812996 0.402086
vt 0.658543 0.386874
vt 0.658544 0.386874
vt 0.750000 0.085383
vt 0.750000 0.085383
vt 0.841457 0.386875
vt 0.841456 0.386874
vt 0.687003 0.402087
vt 0.687004 0.402086
vt 0.717885 0.088546
vt 0.717885 0.088546
vt 0.866402 0.366402
vt 0.866402 0.366402
vt 0.717885 0.411454
vt 0.717885 0.411454
vt 0.717887 0.411442
vt 0.750000 0.414605
vt 0.717893 0.411413
vt 0.750000 0.414575
vt 0.717887 0.411442
vt 0.750000 0.414605
vt 0.866393 0.366393
vt 0.886864 0.341449
vt 0.866372 0.366372
vt 0.886840 0.341433
vt 0.866394 0.366394
vt 0.886864 0.341450
vt 0.717887 0.088558
vt 0.687009 0.097925
vt 0.717893 0.088587
vt 0.687020 0.097952
vt 0.717887 0.088557
vt 0.687008 0.097924
vt 0.687008 0.402075
vt 0.687020 0.402048
vt 0.687008 0.402075
vt 0.841450 0.386864
vt 0.841433 0.386839
vt 0.841450 0.386864
vt 0.750000 0.085395
vt 0.750000 0.085425
vt 0.750000 0.085395
vt 0.658551 0.386864
vt 0.658567 0.386839
vt 0.658550 0.386864
vt 0.812992 0.402075
vt 0.812980 0.402048
vt 0.812992 0.402076
vt 0.782113 0.088558
vt 0.782107 0.088587
vt 0.782113 0.088557
vt 0.633607 0.366393
vt 0.633628 0.366372
vt 0.633606 0.366394
vt 0.782113 0.411442
vt 0.782107 0.411413
vt 0.782113 0.411442
vt 0.812992 0.097925
vt 0.812980 0.097952
vt 0.812992 0.097924
vt 0.613136 0.341449
vt 0.613161 0.341433
vt 0.613136 0.341450
vt 0.841449 0.113136
vt 0.841433 0.113161
vt 0.841450 0.113136
vt 0.597925 0.312991
vt 0.597952 0.312980
vt 0.597924 0.312992
vt 0.866393 0.133607
vt 0.866372 0.133628
vt 0.866394 0.133606
vt 0.588558 0.282113
vt 0.588587 0.282107
vt 0.588557 0.282113
vt 0.886864 0.158551
vt 0.886839 0.158567
vt 0.886864 0.158550
vt 0.585395 0.250000
vt 0.585425 0.250000
vt 0.585395 0.250000
vt 0.902075 0.187009
vt 0.902048 0.187020
vt 0.902076 0.187008
vt 0.588558 0.217887
vt 0.588587 0.217893
vt 0.588557 0.217887
vt 0.911442 0.217887
vt 0.911413 0.217893
vt 0.911443 0.217887
vt 0.597925 0.187009
vt 0.597952 0.187020
vt 0.597925 0.187008
vt 0.914605 0.250000
vt 0.914575 0.250000
vt 0.914606 0.250000
vt 0.613136 0.158551
vt 0.613161 0.158567
vt 0.613136 0.158550
vt 0.911442 0.282113
vt 0.911413 0.282107
vt 0.911443 0.282113
vt 0.633607 0.133607
vt 0.633628 0.133628
vt 0.633606 0.133606
vt 0.902075 0.312991
vt 0.902048 0.312980
vt 0.902075 0.312992
vt 0.658551 0.113136
vt 0.658567 0.113161
vt 0.658550 0.113136
vt 0.687008 0.097924
vt 0.658550 0.113135
vt 0.687015 0.097941
vt 0.658560 0.113150
vt 0.687008 0.097924
vt 0.658550 0.113136
vt 0.886865 0.341450
vt 0.902076 0.312992
vt 0.886850 0.341440
vt 0.902059 0.312985
vt 0.886865 0.341450
vt 0.902076 0.312992
vt 0.633606 0.133606
vt 0.633619 0.133619
vt 0.633606 0.133606
vt 0.911443 0.282113
vt 0.911425 0.282109
vt 0.911443 0.282113
vt 0.613135 0.158550
vt 0.613150 0.158560
vt 0.613136 0.158550
vt 0.914588 0.250000
vt 0.597924 0.187008
vt 0.597941 0.187015
vt 0.597924 0.187008
vt 0.911443 0.217887
vt 0.911425 0.217891
vt 0.911443 0.217887
vt 0.588575 0.217891
vt 0.588557 0.217887
vt 0.902076 0.187008
vt 0.902059 0.187015
vt 0.902076 0.187008
vt 0.585394 0.250000
vt 0.585413 0.250000
vt 0.585395 0.250000
vt 0.886865 0.158550
vt 0.886850 0.158560
vt 0.886864 0.158550
vt 0.588557 0.282113
vt 0.588575 0.282109
vt 0.588557 0.282113
vt 0.866394 0.133606
vt 0.866381 0.133619
vt 0.866394 0.133606
vt 0.597941 0.312985
vt 0.597924 0.312992
vt 0.841450 0.113135
vt 0.841440 0.113151
vt 0.841450 0.113136
vt 0.613135 0.341450
vt 0.613150 0.341440
vt 0.613136 0.341450
vt 0.812992 0.097924
vt 0.812985 0.097941
vt 0.812992 0.097924
vt 0.750000 0.414606
vt 0.782113 0.411443
vt 0.750000 0.414587
vt 0.782109 0.411425
vt 0.750000 0.414605
vt 0.782113 0.411443
vt 0.633606 0.366394
vt 0.633619 0.366381
vt 0.633606 0.366394
vt 0.782113 0.088557
vt 0.782109 0.088575
vt 0.782113 0.088557
vt 0.812992 0.402076
vt 0.812985 0.402059
vt 0.812992 0.402076
vt 0.658550 0.386865
vt 0.658560 0.386850
vt 0.658550 0.386864
vt 0.750000 0.085394
vt 0.750000 0.085413
vt 0.750000 0.085395
vt 0.841450 0.386865
vt 0.841440 0.386850
vt 0.841450 0.386865
vt 0.687008 0.402076
vt 0.687015 0.402059
vt 0.687008 0.402076
vt 0.717887 0.088557
vt 0.717891 0.088575
vt 0.717887 0.088557
vt 0.866381 0.366381
vt 0.717887 0.411443
vt 0.717891 0.411425
vt 0.717887 0.411443
vt 0.687004 0.097914
vt 0.658544 0.113126
vt 0.687003 0.097913
vt 0.658543 0.113125
vt 0.886874 0.341456
vt 0.902086 0.312996
vt 0.886875 0.341457
vt 0.902087 0.312997
vt 0.633599 0.133598
vt 0.633598 0.133598
vt 0.911454 0.282115
vt 0.911455 0.282115
vt 0.613126 0.158544
vt 0.613125 0.158543
vt 0.914617 0.250000
vt 0.914618 0.250000
vt 0.597914 0.187004
vt 0.597913 0.187003
vt 0.911454 0.217885
vt 0.911455 0.217885
vt 0.588547 0.217885
vt 0.588545 0.217885
vt 0.902086 0.187004
vt 0.902087 0.187004
vt 0.585383 0.250000
vt 0.585382 0.250000
vt 0.886874 0.158544
vt 0.886875 0.158543
vt 0.588546 0.282115
vt 0.588545 0.282115
vt 0.866402 0.133599
vt 0.866403 0.133598
vt 0.597914 0.312996
vt 0.597913 0.312997
vt 0.841456 0.113126
vt 0.841457 0.113125
vt 0.613126 0.341456
vt 0.613125 0.341457
vt 0.812996 0.097914
vt 0.812997 0.097913
vt 0.750000 0.414617
vt 0.782115 0.411454
vt 0.750000 0.414618
vt 0.782115 0.411455
vt 0.633598 0.366401
vt 0.633598 0.366402
vt 0.782115 0.088546
vt 0.782115 0.088545
vt 0.812996 0.402086
vt 0.812997 0.402087
vt 0.658544 0.386874
vt 0.658547 0.386869
vt 0.658543 0.386875
vt 0.750000 0.085383
vt 0.750000 0.085382
vt 0.841456 0.386874
vt 0.841457 0.386875
vt 0.687004 0.402086
vt 0.687003 0.402087
vt 0.717885 0.088546
vt 0.717885 0.088545
vt 0.866402 0.366402
vt 0.866402 0.366403
vt 0.717885 0.411454
vt 0.717885 0.411455
vt 0.782111 0.411435
vt 0.750000 0.414597
vt 0.781040 0.406051
vt 0.750000 0.409108
vt 0.812989 0.402068
vt 0.810888 0.396997
vt 0.841446 0.386858
vt 0.838396 0.382294
vt 0.866388 0.366388
vt 0.862506 0.362507
vt 0.886858 0.341445
vt 0.882294 0.338396
vt 0.902068 0.312989
vt 0.896997 0.310888
vt 0.911435 0.282111
vt 0.906051 0.281040
vt 0.914598 0.250000
vt 0.909108 0.250000
vt 0.911435 0.217889
vt 0.906051 0.218960
vt 0.902068 0.187011
vt 0.896997 0.189112
vt 0.886858 0.158555
vt 0.882294 0.161604
vt 0.866388 0.133612
vt 0.862506 0.137494
vt 0.841445 0.113142
vt 0.838396 0.117706
vt 0.812989 0.097932
vt 0.810888 0.103003
vt 0.782111 0.088565
vt 0.781040 0.093949
vt 0.750000 0.085403
vt 0.750000 0.090892
vt 0.717889 0.088565
vt 0.718960 0.093949
vt 0.687011 0.097932
vt 0.689112 0.103003
vt 0.658555 0.113142
vt 0.661604 0.117706
vt 0.633612 0.133612
vt 0.637494 0.137494
vt 0.613142 0.158555
vt 0.617706 0.161604
vt 0.597932 0.187011
vt 0.603003 0.189112
vt 0.588565 0.217889
vt 0.593949 0.218960
vt 0.585403 0.250000
vt 0.590892 0.250000
vt 0.588565 0.282111
vt 0.593949 0.281040
vt 0.597932 0.312989
vt 0.603003 0.310888
vt 0.613142 0.341445
vt 0.617706 0.338396
vt 0.633612 0.366388
vt 0.637493 0.362506
vt 0.658555 0.386858
vt 0.661604 0.382294
vt 0.687011 0.402068
vt 0.689112 0.396997
vt 0.717889 0.411435
vt 0.718960 0.406051
vt 0.000000 0.000000
s 1
usemtl 材质.020
f 3292/2621/3129 3297/2622/3130 4056/2623/3131 4041/2624/3132
f 3297/2622/3130 3302/2625/3133 4071/2626/3134 4056/2623/3131
f 3302/2625/3133 3307/2627/3135 3927/2628/3136 4071/2626/3134
f 3307/2627/3135 3312/2629/3137 3941/2629/3138 3927/2628/3136
f 3312/2629/3137 3317/2630/3139 3951/2631/3140 3941/2632/3138
f 3317/2633/3139 3322/2634/3141 3961/2635/3142 3951/2631/3140
f 3322/2634/3141 3327/2636/3143 3971/2636/3144 3961/2635/3142
f 3327/2636/3143 3332/2637/3145 3981/2638/3146 3971/2636/3144
f 3332/2637/3145 3337/2639/3147 3991/2640/3148 3981/2638/3146
f 3337/2639/3147 3342/2641/3149 4001/2641/3150 3991/2640/3148
f 3342/2641/3149 3347/2642/3151 4011/2643/3152 4001/2641/3150
f 3347/2642/3151 3352/2644/3153 4021/2645/3154 4011/2643/3152
f 3352/2644/3153 3357/2646/3155 4036/2646/3156 4021/2645/3154
f 3357/2646/3155 3362/2647/3157 4051/2648/3158 4036/2649/3156
f 3362/2647/3157 3367/2650/3159 4066/2650/3160 4051/2648/3158
f 3367/2650/3159 3372/2651/3161 3922/2651/3162 4066/2650/3160
f 3372/2651/3161 3377/2652/3163 3936/2653/3164 3922/2651/3162
f 3377/2654/3163 3382/2655/3165 3946/2655/3166 3936/2653/3164
f 3382/2655/3165 3387/2656/3167 3956/2656/3168 3946/2655/3166
f 3387/2656/3167 3392/2657/3169 3966/2658/3170 3956/2659/3168
f 3392/2657/3169 3397/2660/3171 3976/2660/3172 3966/2658/3170
f 3397/2660/3171 3402/2661/3173 3986/2662/3174 3976/2660/3172
f 3402/2661/3173 3407/2663/3175 3996/2664/3176 3986/2665/3174
f 3407/2663/3175 3412/2666/3177 4006/2667/3178 3996/2664/3176
f 3412/2666/3177 3417/2668/3179 4016/2668/3180 4006/2667/3178
f 3417/2668/3179 3422/2669/3181 4031/2669/3182 4016/2668/3180
f 3422/2669/3181 3427/2670/3183 4046/2671/3184 4031/2669/3182
f 3427/2670/3183 3432/2672/3185 4061/2672/3186 4046/2671/3184
f 3432/2672/3185 3437/2673/3187 4076/2674/3188 4061/2672/3186
f 3461/2655/3189 3471/2659/3190 4325/2656/3191 4321/2655/3192
f 3287/2675/3193 3292/2621/3129 4041/2624/3132 4026/2676/3194
f 3617/2654/3195 3627/2655/3196 3462/2655/3197 3442/2652/3198
f 3437/2677/3187 3281/2678/3199 3932/2678/3200 4076/2673/3188
f 3596/2673/3201 3547/2678/3202 4242/2679/3203 4365/2680/3204
f 3622/2629/3205 3632/2633/3206 3467/2633/3207 3452/2629/3208
f 3601/2651/3209 3617/2654/3195 3442/2654/3198 3446/2651/3210
f 3606/2628/3211 3622/2629/3205 3452/2629/3208 3456/2627/3212
f 3627/2655/3196 3637/2656/3213 3472/2659/3214 3462/2655/3197
f 3632/2633/3206 3642/2681/3215 3477/2635/3216 3467/2633/3207
f 3637/2656/3213 3647/2657/3217 3482/2657/3218 3472/2659/3214
f 3642/2635/3215 3652/2636/3219 3487/2636/3220 3477/2635/3216
f 3647/2682/3217 3657/2660/3221 3492/2660/3222 3482/2657/3218
f 3652/2636/3219 3662/2638/3223 3497/2638/3224 3487/2636/3220
f 3657/2660/3221 3667/2665/3225 3502/2683/3226 3492/2660/3222
f 3662/2638/3223 3672/2640/3227 3507/2639/3228 3497/2638/3224
f 3667/2684/3225 3677/2663/3229 3512/2663/3230 3502/2683/3226
f 3672/2640/3227 3682/2641/3231 3517/2641/3232 3507/2640/3228
f 3677/2663/3229 3687/2667/3233 3522/2667/3234 3512/2663/3230
f 3682/2641/3231 3692/2685/3235 3527/2686/3236 3517/2641/3232
f 3687/2667/3233 3697/2668/3237 3532/2668/3238 3522/2667/3234
f 3692/2685/3235 3702/2645/3239 3537/2645/3240 3527/2687/3236
f 3707/2688/3241 3722/2624/3242 3562/2624/3243 3542/2688/3244
f 3697/2668/3237 3712/2669/3245 3552/2669/3246 3532/2668/3238
f 3702/2645/3239 3717/2646/3247 3557/2646/3248 3537/2645/3240
f 3611/2678/3249 3707/2688/3241 3542/2688/3244 3546/2679/3250
f 3712/2669/3245 3727/2689/3251 3567/2690/3252 3552/2669/3246
f 3717/2646/3247 3732/2648/3253 3572/2648/3254 3557/2646/3248
f 3722/2624/3242 3737/2623/3255 3577/2622/3256 3562/2624/3243
f 3727/2689/3251 3742/2672/3257 3582/2672/3258 3567/2690/3252
f 3732/2648/3253 3747/2650/3259 3587/2650/3260 3572/2648/3254
f 3737/2623/3255 3752/2626/3261 3592/2626/3262 3577/2691/3256
f 3742/2672/3257 3757/2673/3263 3597/2673/3264 3582/2672/3258
f 3747/2650/3259 3601/2651/3209 3446/2651/3210 3587/2650/3260
f 3752/2626/3261 3606/2628/3211 3456/2627/3212 3592/2626/3262
f 3757/2673/3263 3611/2678/3249 3546/2678/3250 3597/2673/3264
f 3566/2690/3265 3581/2672/3266 4361/2672/3267 4357/2692/3268
f 3471/2659/3190 3481/2657/3269 4329/2657/3270 4325/2656/3191
f 3466/2633/3271 3476/2681/3272 4273/2634/3273 4269/2633/3274
f 3762/2651/3275 3776/2693/3276 3616/2654/3277 3602/2651/3278
f 3591/2626/3279 3457/2627/3280 4261/2627/3281 4257/2694/3282
f 3586/2650/3283 3447/2695/3284 4313/2651/3285 4309/2696/3286
f 3581/2672/3266 3596/2673/3201 4365/2697/3204 4361/2672/3267
f 3576/2622/3287 3591/2626/3279 4257/2625/3282 4253/2698/3288
f 3571/2647/3289 3586/2650/3283 4309/2650/3286 4305/2647/3290
f 3541/2688/3291 3561/2624/3292 4249/2621/3293 4245/2675/3294
f 3561/2624/3292 3576/2622/3287 4253/2699/3288 4249/2621/3293
f 3556/2646/3295 3571/2647/3289 4305/2647/3290 4301/2649/3296
f 4241/2700/3297 4246/2701/3298 4250/2702/3299 4254/2703/3300 4258/2704/3301 4262/2705/3302 4266/2706/3303 4270/2707/3304 4274/2708/3305 4278/2709/3306 4282/2710/3307 4286/2711/3308 4290/2712/3309 4294/2713/3310 4298/2714/3311 4302/2715/3312 4306/2716/3313 4310/2717/3314 4314/2718/3315 4318/2719/3316 4322/2720/3317 4326/2721/3318 4330/2722/3319 4334/2723/3320 4338/2724/3321 4342/2725/3322 4346/2726/3323 4350/2727/3324 4354/2728/3325 4358/2729/3326 4362/2730/3327 4366/2731/3328
f 3551/2669/3329 3566/2690/3265 4357/2690/3268 4353/2669/3330
f 3536/2645/3331 3556/2646/3295 4301/2646/3296 4297/2644/3332
f 3531/2668/3333 3551/2669/3329 4353/2669/3330 4349/2668/3334
f 3526/2642/3335 3536/2645/3331 4297/2645/3332 4293/2732/3336
f 3521/2667/3337 3531/2668/3333 4349/2668/3334 4345/2666/3338
f 3516/2641/3339 3526/2686/3335 4293/2686/3336 4289/2641/3340
f 3511/2663/3341 3521/2667/3337 4345/2666/3338 4341/2663/3342
f 3506/2639/3343 3516/2641/3339 4289/2641/3340 4285/2733/3344
f 3501/2661/3345 3511/2663/3341 4341/2663/3342 4337/2661/3346
f 3496/2638/3347 3506/2640/3343 4285/2639/3344 4281/2637/3348
f 3491/2660/3349 3501/2661/3345 4337/2661/3346 4333/2660/3350
f 3486/2636/3351 3496/2638/3347 4281/2637/3348 4277/2734/3352
f 3481/2658/3269 3491/2660/3349 4333/2660/3350 4329/2657/3270
f 3476/2635/3272 3486/2636/3351 4277/2636/3352 4273/2681/3273
f 3457/2627/3280 3451/2629/3353 4265/2629/3354 4261/2627/3281
f 3447/2651/3284 3441/2652/3355 4317/2735/3356 4313/2695/3285
f 3451/2629/3353 3466/2633/3271 4269/2633/3274 4265/2629/3354
f 3441/2735/3355 3461/2655/3189 4321/2655/3192 4317/2736/3356
f 3906/2650/3357 3762/2651/3275 3602/2651/3278 3746/2650/3358
f 3911/2626/3359 3767/2628/3360 3607/2628/3361 3751/2626/3362
f 3781/2629/3363 3791/2631/3364 3631/2633/3365 3621/2629/3366
f 3786/2655/3367 3796/2656/3368 3636/2659/3369 3626/2655/3370
f 3791/2631/3364 3801/2737/3371 3641/2635/3372 3631/2631/3365
f 3796/2659/3368 3806/2658/3373 3646/2658/3374 3636/2656/3369
f 3801/2737/3371 3811/2738/3375 3651/2636/3376 3641/2635/3372
f 3806/2658/3373 3816/2660/3377 3656/2660/3378 3646/2658/3374
f 3811/2636/3375 3821/2638/3379 3661/2638/3380 3651/2739/3376
f 3816/2660/3377 3826/2662/3381 3666/2665/3382 3656/2740/3378
f 3821/2638/3379 3831/2640/3383 3671/2640/3384 3661/2638/3380
f 3826/2662/3381 3836/2664/3385 3676/2663/3386 3666/2684/3382
f 3831/2640/3383 3841/2641/3387 3681/2641/3388 3671/2640/3384
f 3836/2664/3385 3846/2667/3389 3686/2667/3390 3676/2663/3386
f 3841/2641/3387 3851/2685/3391 3691/2685/3392 3681/2641/3388
f 3846/2667/3389 3856/2741/3393 3696/2668/3394 3686/2667/3390
f 3851/2685/3391 3861/2645/3395 3701/2645/3396 3691/2685/3392
f 3856/2668/3393 3871/2742/3397 3711/2669/3398 3696/2668/3394
f 3916/2674/3399 3772/2678/3400 3612/2678/3401 3756/2674/3402
f 3861/2645/3395 3876/2646/3403 3716/2646/3404 3701/2644/3396
f 3866/2688/3405 3881/2624/3406 3721/2624/3407 3706/2676/3408
f 3871/2669/3397 3886/2689/3409 3726/2690/3410 3711/2742/3398
f 3876/2646/3403 3891/2648/3411 3731/2648/3412 3716/2646/3404
f 3881/2624/3406 3896/2623/3413 3736/2623/3414 3721/2624/3407
f 3886/2690/3409 3901/2672/3415 3741/2672/3416 3726/2689/3410
f 3891/2648/3411 3906/2650/3357 3746/2650/3358 3731/2648/3412
f 3896/2623/3413 3911/2626/3359 3751/2626/3362 3736/2623/3414
f 3901/2672/3415 3916/2743/3399 3756/2673/3402 3741/2672/3416
f 4212/2650/3417 4226/2651/3418 3761/2651/3419 3907/2650/3420
f 3767/2628/3360 3781/2629/3363 3621/2629/3366 3607/2627/3361
f 3772/2678/3400 3866/2688/3405 3706/2688/3408 3612/2678/3401
f 3776/2654/3276 3786/2655/3367 3626/2655/3370 3616/2654/3277
f 4236/2679/3421 4172/2688/3422 3867/2688/3423 3771/2744/3424
f 4231/2628/3425 4087/2629/3426 3782/2629/3427 3766/2628/3428
f 4226/2651/3418 4082/2654/3429 3777/2654/3430 3761/2651/3419
f 4067/2650/3431 3921/2651/3432 4227/2651/3433 4211/2650/3434
f 4207/2672/3435 4222/2674/3436 3917/2674/3437 3902/2672/3438
f 4202/2623/3439 4217/2626/3440 3912/2626/3441 3897/2623/3442
f 4197/2648/3443 4212/2696/3417 3907/2650/3420 3892/2648/3444
f 4192/2690/3445 4207/2672/3435 3902/2672/3438 3887/2690/3446
f 4187/2624/3447 4202/2623/3439 3897/2623/3442 3882/2624/3448
f 4182/2646/3449 4197/2648/3443 3892/2648/3444 3877/2646/3450
f 4177/2669/3451 4192/2745/3445 3887/2690/3446 3872/2746/3452
f 4172/2688/3422 4187/2624/3447 3882/2624/3448 3867/2688/3423
f 4167/2645/3453 4182/2646/3449 3877/2646/3450 3862/2645/3454
f 4082/2654/3429 4092/2655/3455 3787/2655/3456 3777/2654/3430
f 4162/2668/3457 4177/2669/3451 3872/2669/3452 3857/2668/3458
f 4157/2685/3459 4167/2645/3453 3862/2645/3454 3852/2685/3460
f 4152/2667/3461 4162/2668/3457 3857/2668/3458 3847/2667/3462
f 4147/2641/3463 4157/2687/3459 3852/2685/3460 3842/2641/3464
f 4142/2664/3465 4152/2667/3461 3847/2667/3462 3837/2664/3466
f 4137/2640/3467 4147/2641/3463 3842/2641/3464 3832/2640/3468
f 4132/2665/3469 4142/2664/3465 3837/2664/3466 3827/2662/3470
f 4127/2638/3471 4137/2640/3467 3832/2640/3468 3822/2638/3472
f 4122/2660/3473 4132/2665/3469 3827/2662/3470 3817/2740/3474
f 4117/2636/3475 4127/2638/3471 3822/2638/3472 3812/2636/3476
f 4112/2658/3477 4122/2660/3473 3817/2660/3474 3807/2658/3478
f 4107/2737/3479 4117/2747/3475 3812/2636/3476 3802/2737/3480
f 4102/2748/3481 4112/2658/3477 3807/2658/3478 3797/2659/3482
f 4097/2631/3483 4107/2737/3479 3802/2737/3480 3792/2631/3484
f 4092/2655/3455 4102/2748/3481 3797/2659/3482 3787/2655/3456
f 4087/2629/3426 4097/2631/3483 3792/2631/3484 3782/2629/3427
f 4222/2674/3436 4236/2679/3421 3771/2679/3424 3917/2677/3437
f 4217/2626/3440 4231/2628/3425 3766/2628/3428 3912/2626/3441
f 4072/2626/3485 3926/2628/3486 4232/2628/3487 4216/2625/3488
f 4077/2674/3489 3931/2678/3490 4237/2678/3491 4221/2674/3492
f 3942/2629/3493 3952/2749/3494 4096/2631/3495 4086/2750/3496
f 3947/2655/3497 3957/2659/3498 4101/2748/3499 4091/2655/3500
f 3952/2631/3494 3962/2635/3501 4106/2737/3502 4096/2749/3495
f 3957/2659/3498 3967/2658/3503 4111/2658/3504 4101/2748/3499
f 3962/2635/3501 3972/2636/3505 4116/2636/3506 4106/2737/3502
f 3967/2658/3503 3977/2740/3507 4121/2660/3508 4111/2658/3504
f 3972/2636/3505 3982/2638/3509 4126/2638/3510 4116/2738/3506
f 3977/2660/3507 3987/2684/3511 4131/2684/3512 4121/2660/3508
f 3982/2638/3509 3992/2640/3513 4136/2640/3514 4126/2638/3510
f 3987/2684/3511 3997/2664/3515 4141/2664/3516 4131/2684/3512
f 3992/2640/3513 4002/2641/3517 4146/2641/3518 4136/2640/3514
f 3997/2664/3515 4007/2751/3519 4151/2667/3520 4141/2664/3516
f 4002/2641/3517 4012/2643/3521 4156/2752/3522 4146/2641/3518
f 4007/2667/3519 4017/2668/3523 4161/2668/3524 4151/2667/3520
f 4012/2753/3521 4022/2645/3525 4166/2645/3526 4156/2685/3522
f 4017/2668/3523 4032/2669/3527 4176/2669/3528 4161/2754/3524
f 3937/2653/3529 3947/2655/3497 4091/2655/3500 4081/2654/3530
f 4022/2645/3525 4037/2646/3531 4181/2646/3532 4166/2644/3526
f 4027/2688/3533 4042/2624/3534 4186/2624/3535 4171/2688/3536
f 4032/2669/3527 4047/2671/3537 4191/2690/3538 4176/2669/3528
f 4037/2646/3531 4052/2648/3539 4196/2648/3540 4181/2646/3532
f 4042/2624/3534 4057/2623/3541 4201/2623/3542 4186/2624/3535
f 4047/2671/3537 4062/2672/3543 4206/2672/3544 4191/2690/3538
f 4052/2648/3539 4067/2650/3431 4211/2650/3434 4196/2648/3540
f 4057/2623/3541 4072/2626/3485 4216/2626/3488 4201/2698/3542
f 4062/2672/3543 4077/2674/3489 4221/2674/3492 4206/2672/3544
f 3921/2651/3432 3937/2755/3529 4081/2654/3530 4227/2651/3433
f 3926/2628/3486 3942/2756/3493 4086/2629/3496 4232/2628/3487
f 3931/2678/3490 4027/2688/3533 4171/2688/3536 4237/2678/3491
f 3282/2757/3545 3286/2758/3546 3288/2759/3547 3285/2760/3548
f 3285/2760/3548 3288/2759/3547 3289/2675/3549 3284/2678/3550
f 3284/2678/3550 3289/2675/3549 3290/2761/3551 3283/2762/3552
f 3283/2762/3552 3290/2761/3551 3287/2688/3193 3281/2678/3199
f 3286/2758/3546 3291/2763/3553 3293/2764/3554 3288/2759/3547
f 3288/2759/3547 3293/2764/3554 3294/2621/3555 3289/2675/3549
f 3289/2675/3549 3294/2621/3555 3295/2765/3556 3290/2761/3551
f 3290/2761/3551 3295/2765/3556 3292/2621/3129 3287/2675/3193
f 3291/2763/3553 3296/2766/3557 3298/2767/3558 3293/2764/3554
f 3293/2764/3554 3298/2767/3558 3299/2622/3559 3294/2621/3555
f 3294/2621/3555 3299/2622/3559 3300/2768/3560 3295/2765/3556
f 3295/2765/3556 3300/2768/3560 3297/2622/3130 3292/2621/3129
f 3296/2769/3557 3301/2770/3561 3303/2771/3562 3298/2767/3558
f 3298/2767/3558 3303/2771/3562 3304/2625/3563 3299/2622/3559
f 3299/2622/3559 3304/2625/3563 3305/2772/3564 3300/2768/3560
f 3300/2768/3560 3305/2772/3564 3302/2625/3133 3297/2622/3130
f 3301/2770/3561 3306/2773/3565 3308/2774/3566 3303/2771/3562
f 3303/2771/3562 3308/2774/3566 3309/2627/3567 3304/2625/3563
f 3304/2625/3563 3309/2627/3567 3310/2775/3568 3305/2772/3564
f 3305/2772/3564 3310/2775/3568 3307/2627/3135 3302/2625/3133
f 3306/2773/3565 3311/2776/3569 3313/2777/3570 3308/2774/3566
f 3308/2774/3566 3313/2777/3570 3314/2629/3571 3309/2627/3567
f 3309/2627/3567 3314/2629/3571 3315/2778/3572 3310/2775/3568
f 3310/2775/3568 3315/2778/3572 3312/2629/3137 3307/2627/3135
f 3311/2779/3569 3316/2780/3573 3318/2781/3574 3313/2777/3570
f 3313/2777/3570 3318/2781/3574 3319/2633/3575 3314/2629/3571
f 3314/2629/3571 3319/2633/3575 3320/2782/3576 3315/2778/3572
f 3315/2778/3572 3320/2782/3576 3317/2630/3139 3312/2629/3137
f 3316/2780/3573 3321/2783/3577 3323/2784/3578 3318/2781/3574
f 3318/2781/3574 3323/2784/3578 3324/2634/3579 3319/2633/3575
f 3319/2633/3575 3324/2634/3579 3325/2785/3580 3320/2782/3576
f 3320/2782/3576 3325/2785/3580 3322/2634/3141 3317/2633/3139
f 3321/2786/3577 3326/2787/3581 3328/2788/3582 3323/2784/3578
f 3323/2784/3578 3328/2788/3582 3329/2636/3583 3324/2634/3579
f 3324/2634/3579 3329/2636/3583 3330/2789/3584 3325/2785/3580
f 3325/2785/3580 3330/2789/3584 3327/2636/3143 3322/2634/3141
f 3326/2790/3581 3331/2791/3585 3333/2792/3586 3328/2788/3582
f 3328/2788/3582 3333/2792/3586 3334/2637/3587 3329/2636/3583
f 3329/2636/3583 3334/2637/3587 3335/2793/3588 3330/2789/3584
f 3330/2789/3584 3335/2793/3588 3332/2637/3145 3327/2636/3143
f 3331/2791/3585 3336/2794/3589 3338/2795/3590 3333/2792/3586
f 3333/2792/3586 3338/2795/3590 3339/2639/3591 3334/2637/3587
f 3334/2637/3587 3339/2639/3591 3340/2796/3592 3335/2793/3588
f 3335/2793/3588 3340/2796/3592 3337/2639/3147 3332/2637/3145
f 3336/2794/3589 3341/2797/3593 3343/2798/3594 3338/2795/3590
f 3338/2795/3590 3343/2798/3594 3344/2641/3595 3339/2639/3591
f 3339/2639/3591 3344/2641/3595 3345/2799/3596 3340/2796/3592
f 3340/2796/3592 3345/2799/3596 3342/2641/3149 3337/2639/3147
f 3341/2800/3593 3346/2801/3597 3348/2802/3598 3343/2798/3594
f 3343/2798/3594 3348/2802/3598 3349/2642/3599 3344/2641/3595
f 3344/2641/3595 3349/2642/3599 3350/2803/3600 3345/2799/3596
f 3345/2799/3596 3350/2803/3600 3347/2642/3151 3342/2641/3149
f 3346/2804/3597 3351/2805/3601 3353/2806/3602 3348/2802/3598
f 3348/2802/3598 3353/2806/3602 3354/2644/3603 3349/2642/3599
f 3349/2642/3599 3354/2644/3603 3355/2807/3604 3350/2803/3600
f 3350/2803/3600 3355/2807/3604 3352/2644/3153 3347/2642/3151
f 3351/2805/3601 3356/2808/3605 3358/2809/3606 3353/2806/3602
f 3353/2806/3602 3358/2809/3606 3359/2646/3607 3354/2644/3603
f 3354/2644/3603 3359/2646/3607 3360/2810/3608 3355/2807/3604
f 3355/2807/3604 3360/2810/3608 3357/2646/3155 3352/2644/3153
f 3356/2811/3605 3361/2812/3609 3363/2813/3610 3358/2809/3606
f 3358/2809/3606 3363/2813/3610 3364/2647/3611 3359/2646/3607
f 3359/2646/3607 3364/2647/3611 3365/2814/3612 3360/2810/3608
f 3360/2810/3608 3365/2814/3612 3362/2647/3157 3357/2646/3155
f 3361/2812/3609 3366/2815/3613 3368/2816/3614 3363/2813/3610
f 3363/2813/3610 3368/2816/3614 3369/2650/3615 3364/2647/3611
f 3364/2647/3611 3369/2650/3615 3370/2817/3616 3365/2814/3612
f 3365/2814/3612 3370/2817/3616 3367/2650/3159 3362/2647/3157
f 3366/2818/3613 3371/2819/3617 3373/2820/3618 3368/2816/3614
f 3368/2816/3614 3373/2820/3618 3374/2695/3619 3369/2650/3615
f 3369/2650/3615 3374/2695/3619 3375/2821/3620 3370/2817/3616
f 3370/2817/3616 3375/2821/3620 3372/2651/3161 3367/2650/3159
f 3371/2819/3617 3376/2822/3621 3378/2823/3622 3373/2820/3618
f 3373/2820/3618 3378/2823/3622 3379/2652/3623 3374/2695/3619
f 3374/2695/3619 3379/2652/3623 3380/2824/3624 3375/2821/3620
f 3375/2821/3620 3380/2824/3624 3377/2652/3163 3372/2651/3161
f 3376/2825/3621 3381/2826/3625 3383/2827/3626 3378/2823/3622
f 3378/2823/3622 3383/2827/3626 3384/2655/3627 3379/2652/3623
f 3379/2652/3623 3384/2655/3627 3385/2828/3628 3380/2824/3624
f 3380/2824/3624 3385/2828/3628 3382/2655/3165 3377/2654/3163
f 3381/2829/3625 3386/2830/3629 3388/2831/3630 3383/2827/3626
f 3383/2827/3626 3388/2831/3630 3389/2656/3631 3384/2655/3627
f 3384/2655/3627 3389/2656/3631 3390/2832/3632 3385/2828/3628
f 3385/2828/3628 3390/2832/3632 3387/2656/3167 3382/2655/3165
f 3386/2830/3629 3391/2833/3633 3393/2834/3634 3388/2831/3630
f 3388/2831/3630 3393/2834/3634 3394/2657/3635 3389/2656/3631
f 3389/2656/3631 3394/2657/3635 3395/2835/3636 3390/2832/3632
f 3390/2832/3632 3395/2835/3636 3392/2657/3169 3387/2656/3167
f 3391/2833/3633 3396/2836/3637 3398/2837/3638 3393/2834/3634
f 3393/2834/3634 3398/2837/3638 3399/2660/3639 3394/2657/3635
f 3394/2657/3635 3399/2660/3639 3400/2838/3640 3395/2835/3636
f 3395/2835/3636 3400/2838/3640 3397/2660/3171 3392/2657/3169
f 3396/2836/3637 3401/2839/3641 3403/2840/3642 3398/2837/3638
f 3398/2837/3638 3403/2840/3642 3404/2661/3643 3399/2660/3639
f 3399/2660/3639 3404/2661/3643 3405/2841/3644 3400/2838/3640
f 3400/2838/3640 3405/2841/3644 3402/2661/3173 3397/2660/3171
f 3401/2842/3641 3406/2843/3645 3408/2844/3646 3403/2840/3642
f 3403/2840/3642 3408/2844/3646 3409/2663/3647 3404/2661/3643
f 3404/2661/3643 3409/2663/3647 3410/2845/3648 3405/2841/3644
f 3405/2841/3644 3410/2845/3648 3407/2663/3175 3402/2661/3173
f 3406/2846/3645 3411/2847/3649 3413/2848/3650 3408/2844/3646
f 3408/2844/3646 3413/2848/3650 3414/2666/3651 3409/2663/3647
f 3409/2663/3647 3414/2666/3651 3415/2849/3652 3410/2845/3648
f 3410/2845/3648 3415/2849/3652 3412/2666/3177 3407/2663/3175
f 3411/2847/3649 3416/2850/3653 3418/2851/3654 3413/2848/3650
f 3413/2848/3650 3418/2851/3654 3419/2668/3655 3414/2666/3651
f 3414/2666/3651 3419/2668/3655 3420/2852/3656 3415/2849/3652
f 3415/2849/3652 3420/2852/3656 3417/2668/3179 3412/2666/3177
f 3416/2853/3653 3421/2854/3657 3423/2855/3658 3418/2851/3654
f 3418/2851/3654 3423/2855/3658 3424/2669/3659 3419/2668/3655
f 3419/2668/3655 3424/2669/3659 3425/2856/3660 3420/2852/3656
f 3420/2852/3656 3425/2856/3660 3422/2669/3181 3417/2668/3179
f 3421/2854/3657 3426/2857/3661 3428/2858/3662 3423/2855/3658
f 3423/2855/3658 3428/2858/3662 3429/2692/3663 3424/2669/3659
f 3424/2669/3659 3429/2692/3663 3430/2859/3664 3425/2856/3660
f 3425/2856/3660 3430/2859/3664 3427/2670/3183 3422/2669/3181
f 3426/2860/3661 3431/2861/3665 3433/2862/3666 3428/2858/3662
f 3428/2858/3662 3433/2862/3666 3434/2672/3667 3429/2692/3663
f 3429/2692/3663 3434/2672/3667 3435/2863/3668 3430/2859/3664
f 3430/2859/3664 3435/2863/3668 3432/2672/3185 3427/2670/3183
f 3431/2864/3665 3436/2865/3669 3438/2866/3670 3433/2862/3666
f 3433/2862/3666 3438/2866/3670 3439/2697/3671 3434/2672/3667
f 3434/2672/3667 3439/2697/3671 3440/2867/3672 3435/2863/3668
f 3435/2863/3668 3440/2867/3672 3437/2673/3187 3432/2672/3185
f 3436/2865/3669 3282/2868/3545 3285/2760/3548 3438/2866/3670
f 3438/2866/3670 3285/2760/3548 3284/2678/3550 3439/2697/3671
f 3439/2697/3671 3284/2678/3550 3283/2762/3552 3440/2867/3672
f 3440/2867/3672 3283/2762/3552 3281/2678/3199 3437/2677/3187
f 3547/2678/3202 3596/2673/3201 3598/2869/3673 3550/2870/3674
f 3550/2870/3674 3598/2869/3673 3599/2871/3675 3549/2872/3676
f 3549/2872/3676 3599/2871/3675 3600/2873/3677 3548/2874/3678
f 3548/2874/3678 3600/2873/3677 3597/2673/3264 3546/2678/3250
f 3457/2627/3280 3591/2626/3279 3593/2875/3679 3460/2876/3680
f 3460/2876/3680 3593/2875/3679 3594/2877/3681 3459/2878/3682
f 3459/2878/3682 3594/2877/3681 3595/2879/3683 3458/2880/3684
f 3458/2880/3684 3595/2879/3683 3592/2626/3262 3456/2627/3212
f 3447/2695/3284 3586/2650/3283 3588/2881/3685 3450/2882/3686
f 3450/2882/3686 3588/2881/3685 3589/2883/3687 3449/2884/3688
f 3449/2884/3688 3589/2883/3687 3590/2885/3689 3448/2886/3690
f 3448/2886/3690 3590/2885/3689 3587/2650/3260 3446/2651/3210
f 3596/2673/3201 3581/2672/3266 3583/2887/3691 3598/2869/3673
f 3598/2869/3673 3583/2887/3691 3584/2888/3692 3599/2871/3675
f 3599/2871/3675 3584/2888/3692 3585/2889/3693 3600/2873/3677
f 3600/2873/3677 3585/2889/3693 3582/2672/3258 3597/2673/3264
f 3591/2626/3279 3576/2622/3287 3578/2890/3694 3593/2875/3679
f 3593/2875/3679 3578/2890/3694 3579/2891/3695 3594/2877/3681
f 3594/2877/3681 3579/2891/3695 3580/2892/3696 3595/2879/3683
f 3595/2879/3683 3580/2892/3696 3577/2691/3256 3592/2626/3262
f 3586/2650/3283 3571/2647/3289 3573/2893/3697 3588/2881/3685
f 3588/2881/3685 3573/2893/3697 3574/2894/3698 3589/2883/3687
f 3589/2883/3687 3574/2894/3698 3575/2895/3699 3590/2885/3689
f 3590/2885/3689 3575/2895/3699 3572/2648/3254 3587/2650/3260
f 3581/2672/3266 3566/2690/3265 3568/2896/3700 3583/2887/3691
f 3583/2887/3691 3568/2896/3700 3569/2897/3701 3584/2888/3692
f 3584/2888/3692 3569/2897/3701 3570/2898/3702 3585/2889/3693
f 3585/2889/3693 3570/2898/3702 3567/2690/3252 3582/2672/3258
f 3576/2622/3287 3561/2624/3292 3563/2899/3703 3578/2890/3694
f 3578/2890/3694 3563/2899/3703 3564/2900/3704 3579/2891/3695
f 3579/2891/3695 3564/2900/3704 3565/2901/3705 3580/2892/3696
f 3580/2892/3696 3565/2901/3705 3562/2624/3243 3577/2622/3256
f 3571/2647/3289 3556/2646/3295 3558/2902/3706 3573/2893/3697
f 3573/2893/3697 3558/2902/3706 3559/2903/3707 3574/2894/3698
f 3574/2894/3698 3559/2903/3707 3560/2904/3708 3575/2895/3699
f 3575/2895/3699 3560/2904/3708 3557/2646/3248 3572/2648/3254
f 3566/2690/3265 3551/2669/3329 3553/2905/3709 3568/2896/3700
f 3568/2896/3700 3553/2905/3709 3554/2906/3710 3569/2897/3701
f 3569/2897/3701 3554/2906/3710 3555/2907/3711 3570/2898/3702
f 3570/2898/3702 3555/2907/3711 3552/2669/3246 3567/2690/3252
f 3561/2624/3292 3541/2688/3291 3543/2908/3712 3563/2899/3703
f 3563/2899/3703 3543/2908/3712 3544/2909/3713 3564/2900/3704
f 3564/2900/3704 3544/2909/3713 3545/2910/3714 3565/2901/3705
f 3565/2901/3705 3545/2910/3714 3542/2688/3244 3562/2624/3243
f 3556/2646/3295 3536/2645/3331 3538/2911/3715 3558/2902/3706
f 3558/2902/3706 3538/2911/3715 3539/2912/3716 3559/2903/3707
f 3559/2903/3707 3539/2912/3716 3540/2913/3717 3560/2904/3708
f 3560/2904/3708 3540/2913/3717 3537/2645/3240 3557/2646/3248
f 3551/2669/3329 3531/2668/3333 3533/2914/3718 3553/2905/3709
f 3553/2905/3709 3533/2914/3718 3534/2915/3719 3554/2906/3710
f 3554/2906/3710 3534/2915/3719 3535/2916/3720 3555/2907/3711
f 3555/2907/3711 3535/2916/3720 3532/2668/3238 3552/2669/3246
f 3541/2688/3291 3547/2678/3202 3550/2870/3674 3543/2908/3712
f 3543/2908/3712 3550/2870/3674 3549/2872/3676 3544/2909/3713
f 3544/2909/3713 3549/2872/3676 3548/2874/3678 3545/2910/3714
f 3545/2910/3714 3548/2874/3678 3546/2679/3250 3542/2688/3244
f 3536/2645/3331 3526/2642/3335 3528/2917/3721 3538/2911/3715
f 3538/2911/3715 3528/2917/3721 3529/2918/3722 3539/2912/3716
f 3539/2912/3716 3529/2918/3722 3530/2919/3723 3540/2913/3717
f 3540/2913/3717 3530/2919/3723 3527/2687/3236 3537/2645/3240
f 3531/2668/3333 3521/2667/3337 3523/2920/3724 3533/2914/3718
f 3533/2914/3718 3523/2920/3724 3524/2921/3725 3534/2915/3719
f 3534/2915/3719 3524/2921/3725 3525/2922/3726 3535/2916/3720
f 3535/2916/3720 3525/2922/3726 3522/2667/3234 3532/2668/3238
f 3526/2686/3335 3516/2641/3339 3518/2923/3727 3528/2917/3721
f 3528/2917/3721 3518/2923/3727 3519/2924/3728 3529/2918/3722
f 3529/2918/3722 3519/2924/3728 3520/2925/3729 3530/2919/3723
f 3530/2919/3723 3520/2925/3729 3517/2641/3232 3527/2686/3236
f 3521/2667/3337 3511/2663/3341 3513/2926/3730 3523/2920/3724
f 3523/2920/3724 3513/2926/3730 3514/2927/3731 3524/2921/3725
f 3524/2921/3725 3514/2927/3731 3515/2928/3732 3525/2922/3726
f 3525/2922/3726 3515/2928/3732 3512/2663/3230 3522/2667/3234
f 3516/2641/3339 3506/2639/3343 3508/2929/3733 3518/2923/3727
f 3518/2923/3727 3508/2929/3733 3509/2930/3734 3519/2924/3728
f 3519/2924/3728 3509/2930/3734 3510/2931/3735 3520/2925/3729
f 3520/2925/3729 3510/2931/3735 3507/2640/3228 3517/2641/3232
f 3511/2663/3341 3501/2661/3345 3503/2932/3736 3513/2926/3730
f 3513/2926/3730 3503/2932/3736 3504/2933/3737 3514/2927/3731
f 3514/2927/3731 3504/2933/3737 3505/2934/3738 3515/2928/3732
f 3515/2928/3732 3505/2934/3738 3502/2683/3226 3512/2663/3230
f 3506/2640/3343 3496/2638/3347 3498/2935/3739 3508/2929/3733
f 3508/2929/3733 3498/2935/3739 3499/2936/3740 3509/2930/3734
f 3509/2930/3734 3499/2936/3740 3500/2937/3741 3510/2931/3735
f 3510/2931/3735 3500/2937/3741 3497/2638/3224 3507/2639/3228
f 3501/2661/3345 3491/2660/3349 3493/2938/3742 3503/2932/3736
f 3503/2932/3736 3493/2938/3742 3494/2939/3743 3504/2933/3737
f 3504/2933/3737 3494/2939/3743 3495/2940/3744 3505/2934/3738
f 3505/2934/3738 3495/2940/3744 3492/2660/3222 3502/2683/3226
f 3496/2638/3347 3486/2636/3351 3488/2941/3745 3498/2935/3739
f 3498/2935/3739 3488/2941/3745 3489/2942/3746 3499/2936/3740
f 3499/2936/3740 3489/2942/3746 3490/2943/3747 3500/2937/3741
f 3500/2937/3741 3490/2943/3747 3487/2636/3220 3497/2638/3224
f 3491/2660/3349 3481/2658/3269 3483/2944/3748 3493/2938/3742
f 3493/2938/3742 3483/2944/3748 3484/2945/3749 3494/2939/3743
f 3494/2939/3743 3484/2945/3749 3485/2946/3750 3495/2940/3744
f 3495/2940/3744 3485/2946/3750 3482/2657/3218 3492/2660/3222
f 3486/2636/3351 3476/2635/3272 3478/2947/3751 3488/2941/3745
f 3488/2941/3745 3478/2947/3751 3479/2948/3752 3489/2942/3746
f 3489/2942/3746 3479/2948/3752 3480/2949/3753 3490/2943/3747
f 3490/2943/3747 3480/2949/3753 3477/2635/3216 3487/2636/3220
f 3481/2657/3269 3471/2659/3190 3473/2950/3754 3483/2944/3748
f 3483/2944/3748 3473/2950/3754 3474/2951/3755 3484/2945/3749
f 3484/2945/3749 3474/2951/3755 3475/2952/3756 3485/2946/3750
f 3485/2946/3750 3475/2952/3756 3472/2659/3214 3482/2657/3218
f 3476/2681/3272 3466/2633/3271 3468/2953/3757 3478/2947/3751
f 3478/2947/3751 3468/2953/3757 3469/2954/3758 3479/2948/3752
f 3479/2948/3752 3469/2954/3758 3470/2955/3759 3480/2949/3753
f 3480/2949/3753 3470/2955/3759 3467/2633/3207 3477/2635/3216
f 3471/2659/3190 3461/2655/3189 3463/2956/3760 3473/2950/3754
f 3473/2950/3754 3463/2956/3760 3464/2957/3761 3474/2951/3755
f 3474/2951/3755 3464/2957/3761 3465/2958/3762 3475/2952/3756
f 3475/2952/3756 3465/2958/3762 3462/2655/3197 3472/2659/3214
f 3466/2633/3271 3451/2629/3353 3453/2959/3763 3468/2953/3757
f 3468/2953/3757 3453/2959/3763 3454/2960/3764 3469/2954/3758
f 3469/2954/3758 3454/2960/3764 3455/2961/3765 3470/2955/3759
f 3470/2955/3759 3455/2961/3765 3452/2629/3208 3467/2633/3207
f 3461/2655/3189 3441/2735/3355 3443/2962/3766 3463/2956/3760
f 3463/2956/3760 3443/2962/3766 3444/2963/3767 3464/2957/3761
f 3464/2957/3761 3444/2963/3767 3445/2964/3768 3465/2958/3762
f 3465/2958/3762 3445/2964/3768 3442/2652/3198 3462/2655/3197
f 3451/2629/3353 3457/2627/3280 3460/2876/3680 3453/2959/3763
f 3453/2959/3763 3460/2876/3680 3459/2878/3682 3454/2960/3764
f 3454/2960/3764 3459/2878/3682 3458/2880/3684 3455/2961/3765
f 3455/2961/3765 3458/2880/3684 3456/2627/3212 3452/2629/3208
f 3441/2652/3355 3447/2651/3284 3450/2882/3686 3443/2962/3766
f 3443/2962/3766 3450/2882/3686 3449/2884/3688 3444/2963/3767
f 3444/2963/3767 3449/2884/3688 3448/2886/3690 3445/2964/3768
f 3445/2964/3768 3448/2886/3690 3446/2651/3210 3442/2654/3198
f 3617/2654/3195 3601/2651/3209 3603/2965/3769 3620/2966/3770
f 3620/2966/3770 3603/2965/3769 3604/2651/3771 3619/2654/3772
f 3619/2654/3772 3604/2651/3771 3605/2967/3773 3618/2968/3774
f 3618/2968/3774 3605/2967/3773 3602/2651/3278 3616/2654/3277
f 3622/2629/3205 3606/2628/3211 3608/2969/3775 3625/2970/3776
f 3625/2970/3776 3608/2969/3775 3609/2628/3777 3624/2629/3778
f 3624/2629/3778 3609/2628/3777 3610/2971/3779 3623/2972/3780
f 3623/2972/3780 3610/2971/3779 3607/2627/3361 3621/2629/3366
f 3627/2655/3196 3617/2654/3195 3620/2966/3770 3630/2973/3781
f 3630/2973/3781 3620/2966/3770 3619/2654/3772 3629/2655/3782
f 3629/2655/3782 3619/2654/3772 3618/2968/3774 3628/2974/3783
f 3628/2974/3783 3618/2968/3774 3616/2654/3277 3626/2655/3370
f 3632/2633/3206 3622/2629/3205 3625/2970/3776 3635/2975/3784
f 3635/2975/3784 3625/2970/3776 3624/2629/3778 3634/2633/3785
f 3634/2633/3785 3624/2629/3778 3623/2972/3780 3633/2976/3786
f 3633/2976/3786 3623/2972/3780 3621/2629/3366 3631/2633/3365
f 3637/2656/3213 3627/2655/3196 3630/2973/3781 3640/2977/3787
f 3640/2977/3787 3630/2973/3781 3629/2655/3782 3639/2656/3788
f 3639/2656/3788 3629/2655/3782 3628/2974/3783 3638/2978/3789
f 3638/2978/3789 3628/2974/3783 3626/2655/3370 3636/2659/3369
f 3642/2681/3215 3632/2633/3206 3635/2975/3784 3645/2979/3790
f 3645/2979/3790 3635/2975/3784 3634/2633/3785 3644/2635/3791
f 3644/2635/3791 3634/2633/3785 3633/2976/3786 3643/2980/3792
f 3643/2980/3792 3633/2976/3786 3631/2631/3365 3641/2635/3372
f 3647/2657/3217 3637/2656/3213 3640/2977/3787 3650/2981/3793
f 3650/2981/3793 3640/2977/3787 3639/2656/3788 3649/2657/3794
f 3649/2657/3794 3639/2656/3788 3638/2978/3789 3648/2982/3795
f 3648/2982/3795 3638/2978/3789 3636/2656/3369 3646/2658/3374
f 3652/2636/3219 3642/2635/3215 3645/2979/3790 3655/2983/3796
f 3655/2983/3796 3645/2979/3790 3644/2635/3791 3654/2636/3797
f 3654/2636/3797 3644/2635/3791 3643/2980/3792 3653/2984/3798
f 3653/2984/3798 3643/2980/3792 3641/2635/3372 3651/2636/3376
f 3657/2660/3221 3647/2682/3217 3650/2981/3793 3660/2985/3799
f 3660/2985/3799 3650/2981/3793 3649/2657/3794 3659/2660/3800
f 3659/2660/3800 3649/2657/3794 3648/2982/3795 3658/2986/3801
f 3658/2986/3801 3648/2982/3795 3646/2658/3374 3656/2660/3378
f 3662/2638/3223 3652/2636/3219 3655/2983/3796 3665/2987/3802
f 3665/2987/3802 3655/2983/3796 3654/2636/3797 3664/2638/3803
f 3664/2638/3803 3654/2636/3797 3653/2984/3798 3663/2988/3804
f 3663/2988/3804 3653/2984/3798 3651/2739/3376 3661/2638/3380
f 3667/2665/3225 3657/2660/3221 3660/2985/3799 3670/2989/3805
f 3670/2989/3805 3660/2985/3799 3659/2660/3800 3669/2665/3806
f 3669/2665/3806 3659/2660/3800 3658/2986/3801 3668/2990/3807
f 3668/2990/3807 3658/2986/3801 3656/2740/3378 3666/2665/3382
f 3672/2640/3227 3662/2638/3223 3665/2987/3802 3675/2991/3808
f 3675/2991/3808 3665/2987/3802 3664/2638/3803 3674/2640/3809
f 3674/2640/3809 3664/2638/3803 3663/2988/3804 3673/2992/3810
f 3673/2992/3810 3663/2988/3804 3661/2638/3380 3671/2640/3384
f 3677/2663/3229 3667/2684/3225 3670/2989/3805 3680/2993/3811
f 3680/2993/3811 3670/2989/3805 3669/2665/3806 3679/2663/3812
f 3679/2663/3812 3669/2665/3806 3668/2990/3807 3678/2994/3813
f 3678/2994/3813 3668/2990/3807 3666/2684/3382 3676/2663/3386
f 3682/2641/3231 3672/2640/3227 3675/2991/3808 3685/2995/3814
f 3685/2995/3814 3675/2991/3808 3674/2640/3809 3684/2641/3815
f 3684/2641/3815 3674/2640/3809 3673/2992/3810 3683/2996/3816
f 3683/2996/3816 3673/2992/3810 3671/2640/3384 3681/2641/3388
f 3687/2667/3233 3677/2663/3229 3680/2993/3811 3690/2997/3817
f 3690/2997/3817 3680/2993/3811 3679/2663/3812 3689/2667/3818
f 3689/2667/3818 3679/2663/3812 3678/2994/3813 3688/2998/3819
f 3688/2998/3819 3678/2994/3813 3676/2663/3386 3686/2667/3390
f 3692/2685/3235 3682/2641/3231 3685/2995/3814 3695/2999/3820
f 3695/2999/3820 3685/2995/3814 3684/2641/3815 3694/2685/3821
f 3694/2685/3821 3684/2641/3815 3683/2996/3816 3693/3000/3822
f 3693/3000/3822 3683/2996/3816 3681/2641/3388 3691/2685/3392
f 3697/2668/3237 3687/2667/3233 3690/2997/3817 3700/3001/3823
f 3700/3001/3823 3690/2997/3817 3689/2667/3818 3699/2668/3824
f 3699/2668/3824 3689/2667/3818 3688/2998/3819 3698/3002/3825
f 3698/3002/3825 3688/2998/3819 3686/2667/3390 3696/2668/3394
f 3702/2645/3239 3692/2685/3235 3695/2999/3820 3705/3003/3826
f 3705/3003/3826 3695/2999/3820 3694/2685/3821 3704/2645/3827
f 3704/2645/3827 3694/2685/3821 3693/3000/3822 3703/3004/3828
f 3703/3004/3828 3693/3000/3822 3691/2685/3392 3701/2645/3396
f 3707/2688/3241 3611/2678/3249 3613/3005/3829 3710/3006/3830
f 3710/3006/3830 3613/3005/3829 3614/2678/3831 3709/2688/3832
f 3709/2688/3832 3614/2678/3831 3615/3007/3833 3708/3008/3834
f 3708/3008/3834 3615/3007/3833 3612/2678/3401 3706/2688/3408
f 3712/2669/3245 3697/2668/3237 3700/3001/3823 3715/3009/3835
f 3715/3009/3835 3700/3001/3823 3699/2668/3824 3714/2669/3836
f 3714/2669/3836 3699/2668/3824 3698/3002/3825 3713/3010/3837
f 3713/3010/3837 3698/3002/3825 3696/2668/3394 3711/2669/3398
f 3717/2646/3247 3702/2645/3239 3705/3003/3826 3720/3011/3838
f 3720/3011/3838 3705/3003/3826 3704/2645/3827 3719/2646/3839
f 3719/2646/3839 3704/2645/3827 3703/3004/3828 3718/3012/3840
f 3718/3012/3840 3703/3004/3828 3701/2644/3396 3716/2646/3404
f 3722/2624/3242 3707/2688/3241 3710/3006/3830 3725/3013/3841
f 3725/3013/3841 3710/3006/3830 3709/2688/3832 3724/2624/3842
f 3724/2624/3842 3709/2688/3832 3708/3008/3834 3723/3014/3843
f 3723/3014/3843 3708/3008/3834 3706/2676/3408 3721/2624/3407
f 3727/2689/3251 3712/2669/3245 3715/3009/3835 3730/3015/3844
f 3730/3015/3844 3715/3009/3835 3714/2669/3836 3729/2689/3845
f 3729/2689/3845 3714/2669/3836 3713/3010/3837 3728/3016/3846
f 3728/3016/3846 3713/3010/3837 3711/2742/3398 3726/2690/3410
f 3732/2648/3253 3717/2646/3247 3720/3011/3838 3735/3017/3847
f 3735/3017/3847 3720/3011/3838 3719/2646/3839 3734/2648/3848
f 3734/2648/3848 3719/2646/3839 3718/3012/3840 3733/3018/3849
f 3733/3018/3849 3718/3012/3840 3716/2646/3404 3731/2648/3412
f 3737/2623/3255 3722/2624/3242 3725/3013/3841 3740/3019/3850
f 3740/3019/3850 3725/3013/3841 3724/2624/3842 3739/2623/3851
f 3739/2623/3851 3724/2624/3842 3723/3014/3843 3738/3020/3852
f 3738/3020/3852 3723/3014/3843 3721/2624/3407 3736/2623/3414
f 3742/2672/3257 3727/2689/3251 3730/3015/3844 3745/3021/3853
f 3745/3021/3853 3730/3015/3844 3729/2689/3845 3744/2672/3854
f 3744/2672/3854 3729/2689/3845 3728/3016/3846 3743/3022/3855
f 3743/3022/3855 3728/3016/3846 3726/2689/3410 3741/2672/3416
f 3747/2650/3259 3732/2648/3253 3735/3017/3847 3750/3023/3856
f 3750/3023/3856 3735/3017/3847 3734/2648/3848 3749/2650/3857
f 3749/2650/3857 3734/2648/3848 3733/3018/3849 3748/3024/3858
f 3748/3024/3858 3733/3018/3849 3731/2648/3412 3746/2650/3358
f 3752/2626/3261 3737/2623/3255 3740/3019/3850 3755/3025/3859
f 3755/3025/3859 3740/3019/3850 3739/2623/3851 3754/2626/3860
f 3754/2626/3860 3739/2623/3851 3738/3020/3852 3753/3026/3861
f 3753/3026/3861 3738/3020/3852 3736/2623/3414 3751/2626/3362
f 3757/2673/3263 3742/2672/3257 3745/3021/3853 3760/3027/3862
f 3760/3027/3862 3745/3021/3853 3744/2672/3854 3759/2673/3863
f 3759/2673/3863 3744/2672/3854 3743/3022/3855 3758/3028/3864
f 3758/3028/3864 3743/3022/3855 3741/2672/3416 3756/2673/3402
f 3601/2651/3209 3747/2650/3259 3750/3023/3856 3603/2965/3769
f 3603/2965/3769 3750/3023/3856 3749/2650/3857 3604/2651/3771
f 3604/2651/3771 3749/2650/3857 3748/3024/3858 3605/2967/3773
f 3605/2967/3773 3748/3024/3858 3746/2650/3358 3602/2651/3278
f 3606/2628/3211 3752/2626/3261 3755/3025/3859 3608/2969/3775
f 3608/2969/3775 3755/3025/3859 3754/2626/3860 3609/2628/3777
f 3609/2628/3777 3754/2626/3860 3753/3026/3861 3610/2971/3779
f 3610/2971/3779 3753/3026/3861 3751/2626/3362 3607/2628/3361
f 3611/2678/3249 3757/2673/3263 3760/3027/3862 3613/3005/3829
f 3613/3005/3829 3760/3027/3862 3759/2673/3863 3614/2678/3831
f 3614/2678/3831 3759/2673/3863 3758/3028/3864 3615/3007/3833
f 3615/3007/3833 3758/3028/3864 3756/2674/3402 3612/2678/3401
f 3772/2678/3400 3916/2674/3399 3918/3029/3865 3775/3030/3866
f 3775/3030/3866 3918/3029/3865 3919/3031/3867 3774/3032/3868
f 3774/3032/3868 3919/3031/3867 3920/3033/3869 3773/3034/3870
f 3773/3034/3870 3920/3033/3869 3917/2677/3437 3771/2679/3424
f 3767/2628/3360 3911/2626/3359 3913/3035/3871 3770/3036/3872
f 3770/3036/3872 3913/3035/3871 3914/3037/3873 3769/3038/3874
f 3769/3038/3874 3914/3037/3873 3915/3039/3875 3768/3040/3876
f 3768/3040/3876 3915/3039/3875 3912/2626/3441 3766/2628/3428
f 3762/2651/3275 3906/2650/3357 3908/3041/3877 3765/3042/3878
f 3765/3042/3878 3908/3041/3877 3909/3043/3879 3764/3044/3880
f 3764/3044/3880 3909/3043/3879 3910/3045/3881 3763/3046/3882
f 3763/3046/3882 3910/3045/3881 3907/2650/3420 3761/2651/3419
f 3916/2743/3399 3901/2672/3415 3903/3047/3883 3918/3029/3865
f 3918/3029/3865 3903/3047/3883 3904/3048/3884 3919/3031/3867
f 3919/3031/3867 3904/3048/3884 3905/3049/3885 3920/3033/3869
f 3920/3033/3869 3905/3049/3885 3902/2672/3438 3917/2674/3437
f 3911/2626/3359 3896/2623/3413 3898/3050/3886 3913/3035/3871
f 3913/3035/3871 3898/3050/3886 3899/3051/3887 3914/3037/3873
f 3914/3037/3873 3899/3051/3887 3900/3052/3888 3915/3039/3875
f 3915/3039/3875 3900/3052/3888 3897/2623/3442 3912/2626/3441
f 3906/2650/3357 3891/2648/3411 3893/3053/3889 3908/3041/3877
f 3908/3041/3877 3893/3053/3889 3894/3054/3890 3909/3043/3879
f 3909/3043/3879 3894/3054/3890 3895/3055/3891 3910/3045/3881
f 3910/3045/3881 3895/3055/3891 3892/2648/3444 3907/2650/3420
f 3901/2672/3415 3886/2690/3409 3888/3056/3892 3903/3047/3883
f 3903/3047/3883 3888/3056/3892 3889/3057/3893 3904/3048/3884
f 3904/3048/3884 3889/3057/3893 3890/3058/3894 3905/3049/3885
f 3905/3049/3885 3890/3058/3894 3887/2690/3446 3902/2672/3438
f 3896/2623/3413 3881/2624/3406 3883/3059/3895 3898/3050/3886
f 3898/3050/3886 3883/3059/3895 3884/3060/3896 3899/3051/3887
f 3899/3051/3887 3884/3060/3896 3885/3061/3897 3900/3052/3888
f 3900/3052/3888 3885/3061/3897 3882/2624/3448 3897/2623/3442
f 3891/2648/3411 3876/2646/3403 3878/3062/3898 3893/3053/3889
f 3893/3053/3889 3878/3062/3898 3879/3063/3899 3894/3054/3890
f 3894/3054/3890 3879/3063/3899 3880/3064/3900 3895/3055/3891
f 3895/3055/3891 3880/3064/3900 3877/2646/3450 3892/2648/3444
f 3886/2689/3409 3871/2669/3397 3873/3065/3901 3888/3056/3892
f 3888/3056/3892 3873/3065/3901 3874/3066/3902 3889/3057/3893
f 3889/3057/3893 3874/3066/3902 3875/3067/3903 3890/3058/3894
f 3890/3058/3894 3875/3067/3903 3872/2746/3452 3887/2690/3446
f 3881/2624/3406 3866/2688/3405 3868/3068/3904 3883/3059/3895
f 3883/3059/3895 3868/3068/3904 3869/3069/3905 3884/3060/3896
f 3884/3060/3896 3869/3069/3905 3870/3070/3906 3885/3061/3897
f 3885/3061/3897 3870/3070/3906 3867/2688/3423 3882/2624/3448
f 3876/2646/3403 3861/2645/3395 3863/3071/3907 3878/3062/3898
f 3878/3062/3898 3863/3071/3907 3864/3072/3908 3879/3063/3899
f 3879/3063/3899 3864/3072/3908 3865/3073/3909 3880/3064/3900
f 3880/3064/3900 3865/3073/3909 3862/2645/3454 3877/2646/3450
f 3871/2742/3397 3856/2668/3393 3858/3074/3910 3873/3065/3901
f 3873/3065/3901 3858/3074/3910 3859/3075/3911 3874/3066/3902
f 3874/3066/3902 3859/3075/3911 3860/3076/3912 3875/3067/3903
f 3875/3067/3903 3860/3076/3912 3857/2668/3458 3872/2669/3452
f 3866/2688/3405 3772/2678/3400 3775/3030/3866 3868/3068/3904
f 3868/3068/3904 3775/3030/3866 3774/3032/3868 3869/3069/3905
f 3869/3069/3905 3774/3032/3868 3773/3034/3870 3870/3070/3906
f 3870/3070/3906 3773/3034/3870 3771/2744/3424 3867/2688/3423
f 3861/2645/3395 3851/2685/3391 3853/3077/3913 3863/3071/3907
f 3863/3071/3907 3853/3077/3913 3854/3078/3914 3864/3072/3908
f 3864/3072/3908 3854/3078/3914 3855/3079/3915 3865/3073/3909
f 3865/3073/3909 3855/3079/3915 3852/2685/3460 3862/2645/3454
f 3856/2741/3393 3846/2667/3389 3848/3080/3916 3858/3074/3910
f 3858/3074/3910 3848/3080/3916 3849/3081/3917 3859/3075/3911
f 3859/3075/3911 3849/3081/3917 3850/3082/3918 3860/3076/3912
f 3860/3076/3912 3850/3082/3918 3847/2667/3462 3857/2668/3458
f 3851/2685/3391 3841/2641/3387 3843/3083/3919 3853/3077/3913
f 3853/3077/3913 3843/3083/3919 3844/3084/3920 3854/3078/3914
f 3854/3078/3914 3844/3084/3920 3845/3085/3921 3855/3079/3915
f 3855/3079/3915 3845/3085/3921 3842/2641/3464 3852/2685/3460
f 3846/2667/3389 3836/2664/3385 3838/3086/3922 3848/3080/3916
f 3848/3080/3916 3838/3086/3922 3839/3087/3923 3849/3081/3917
f 3849/3081/3917 3839/3087/3923 3840/3088/3924 3850/3082/3918
f 3850/3082/3918 3840/3088/3924 3837/2664/3466 3847/2667/3462
f 3841/2641/3387 3831/2640/3383 3833/3089/3925 3843/3083/3919
f 3843/3083/3919 3833/3089/3925 3834/3090/3926 3844/3084/3920
f 3844/3084/3920 3834/3090/3926 3835/3091/3927 3845/3085/3921
f 3845/3085/3921 3835/3091/3927 3832/2640/3468 3842/2641/3464
f 3836/2664/3385 3826/2662/3381 3828/3092/3928 3838/3086/3922
f 3838/3086/3922 3828/3092/3928 3829/3093/3929 3839/3087/3923
f 3839/3087/3923 3829/3093/3929 3830/3094/3930 3840/3088/3924
f 3840/3088/3924 3830/3094/3930 3827/2662/3470 3837/2664/3466
f 3831/2640/3383 3821/2638/3379 3823/3095/3931 3833/3089/3925
f 3833/3089/3925 3823/3095/3931 3824/3096/3932 3834/3090/3926
f 3834/3090/3926 3824/3096/3932 3825/3097/3933 3835/3091/3927
f 3835/3091/3927 3825/3097/3933 3822/2638/3472 3832/2640/3468
f 3826/2662/3381 3816/2660/3377 3818/3098/3934 3828/3092/3928
f 3828/3092/3928 3818/3098/3934 3819/3099/3935 3829/3093/3929
f 3829/3093/3929 3819/3099/3935 3820/3100/3936 3830/3094/3930
f 3830/3094/3930 3820/3100/3936 3817/2740/3474 3827/2662/3470
f 3821/2638/3379 3811/2636/3375 3813/3101/3937 3823/3095/3931
f 3823/3095/3931 3813/3101/3937 3814/3102/3938 3824/3096/3932
f 3824/3096/3932 3814/3102/3938 3815/3103/3939 3825/3097/3933
f 3825/3097/3933 3815/3103/3939 3812/2636/3476 3822/2638/3472
f 3816/2660/3377 3806/2658/3373 3808/3104/3940 3818/3098/3934
f 3818/3098/3934 3808/3104/3940 3809/3105/3941 3819/3099/3935
f 3819/3099/3935 3809/3105/3941 3810/3106/3942 3820/3100/3936
f 3820/3100/3936 3810/3106/3942 3807/2658/3478 3817/2660/3474
f 3811/2738/3375 3801/2737/3371 3803/3107/3943 3813/3101/3937
f 3813/3101/3937 3803/3107/3943 3804/3108/3944 3814/3102/3938
f 3814/3102/3938 3804/3108/3944 3805/3109/3945 3815/3103/3939
f 3815/3103/3939 3805/3109/3945 3802/2737/3480 3812/2636/3476
f 3806/2658/3373 3796/2659/3368 3798/3110/3946 3808/3104/3940
f 3808/3104/3940 3798/3110/3946 3799/3111/3947 3809/3105/3941
f 3809/3105/3941 3799/3111/3947 3800/3112/3948 3810/3106/3942
f 3810/3106/3942 3800/3112/3948 3797/2659/3482 3807/2658/3478
f 3801/2737/3371 3791/2631/3364 3793/3113/3949 3803/3107/3943
f 3803/3107/3943 3793/3113/3949 3794/3114/3950 3804/3108/3944
f 3804/3108/3944 3794/3114/3950 3795/3115/3951 3805/3109/3945
f 3805/3109/3945 3795/3115/3951 3792/2631/3484 3802/2737/3480
f 3796/2656/3368 3786/2655/3367 3788/3116/3952 3798/3110/3946
f 3798/3110/3946 3788/3116/3952 3789/3117/3953 3799/3111/3947
f 3799/3111/3947 3789/3117/3953 3790/3118/3954 3800/3112/3948
f 3800/3112/3948 3790/3118/3954 3787/2655/3456 3797/2659/3482
f 3791/2631/3364 3781/2629/3363 3783/3119/3955 3793/3113/3949
f 3793/3113/3949 3783/3119/3955 3784/3120/3956 3794/3114/3950
f 3794/3114/3950 3784/3120/3956 3785/3121/3957 3795/3115/3951
f 3795/3115/3951 3785/3121/3957 3782/2629/3427 3792/2631/3484
f 3786/2655/3367 3776/2654/3276 3778/3122/3958 3788/3116/3952
f 3788/3116/3952 3778/3122/3958 3779/3123/3959 3789/3117/3953
f 3789/3117/3953 3779/3123/3959 3780/3124/3960 3790/3118/3954
f 3790/3118/3954 3780/3124/3960 3777/2654/3430 3787/2655/3456
f 3781/2629/3363 3767/2628/3360 3770/3036/3872 3783/3119/3955
f 3783/3119/3955 3770/3036/3872 3769/3038/3874 3784/3120/3956
f 3784/3120/3956 3769/3038/3874 3768/3040/3876 3785/3121/3957
f 3785/3121/3957 3768/3040/3876 3766/2628/3428 3782/2629/3427
f 3776/2693/3276 3762/2651/3275 3765/3042/3878 3778/3122/3958
f 3778/3122/3958 3765/3042/3878 3764/3044/3880 3779/3123/3959
f 3779/3123/3959 3764/3044/3880 3763/3046/3882 3780/3124/3960
f 3780/3124/3960 3763/3046/3882 3761/2651/3419 3777/2654/3430
f 3937/2755/3529 3921/2651/3432 3923/3125/3961 3940/3126/3962
f 3940/3126/3962 3923/3125/3961 3924/3127/3963 3939/3128/3964
f 3939/3128/3964 3924/3127/3963 3925/3129/3965 3938/3130/3966
f 3938/3130/3966 3925/3129/3965 3922/2651/3162 3936/2653/3164
f 3942/2756/3493 3926/2628/3486 3928/3131/3967 3945/3132/3968
f 3945/3132/3968 3928/3131/3967 3929/3133/3969 3944/3134/3970
f 3944/3134/3970 3929/3133/3969 3930/3135/3971 3943/3136/3972
f 3943/3136/3972 3930/3135/3971 3927/2628/3136 3941/2629/3138
f 3947/2655/3497 3937/2653/3529 3940/3126/3962 3950/3137/3973
f 3950/3137/3973 3940/3126/3962 3939/3128/3964 3949/3138/3974
f 3949/3138/3974 3939/3128/3964 3938/3130/3966 3948/3139/3975
f 3948/3139/3975 3938/3130/3966 3936/2653/3164 3946/2655/3166
f 3952/2749/3494 3942/2629/3493 3945/3132/3968 3955/3140/3976
f 3955/3140/3976 3945/3132/3968 3944/3134/3970 3954/3141/3977
f 3954/3141/3977 3944/3134/3970 3943/3136/3972 3953/3142/3978
f 3953/3142/3978 3943/3136/3972 3941/2632/3138 3951/2631/3140
f 3957/2659/3498 3947/2655/3497 3950/3137/3973 3960/3143/3979
f 3960/3143/3979 3950/3137/3973 3949/3138/3974 3959/3144/3980
f 3959/3144/3980 3949/3138/3974 3948/3139/3975 3958/3145/3981
f 3958/3145/3981 3948/3139/3975 3946/2655/3166 3956/2656/3168
f 3962/2635/3501 3952/2631/3494 3955/3140/3976 3965/2949/3982
f 3965/2949/3982 3955/3140/3976 3954/3141/3977 3964/3146/3983
f 3964/3146/3983 3954/3141/3977 3953/3142/3978 3963/3109/3984
f 3963/3109/3984 3953/3142/3978 3951/2631/3140 3961/2635/3142
f 3967/2658/3503 3957/2659/3498 3960/3143/3979 3970/3147/3985
f 3970/3147/3985 3960/3143/3979 3959/3144/3980 3969/3148/3986
f 3969/3148/3986 3959/3144/3980 3958/3145/3981 3968/3149/3987
f 3968/3149/3987 3958/3145/3981 3956/2659/3168 3966/2658/3170
f 3972/2636/3505 3962/2635/3501 3965/2949/3982 3975/3150/3988
f 3975/3150/3988 3965/2949/3982 3964/3146/3983 3974/3151/3989
f 3974/3151/3989 3964/3146/3983 3963/3109/3984 3973/3152/3990
f 3973/3152/3990 3963/3109/3984 3961/2635/3142 3971/2636/3144
f 3977/2740/3507 3967/2658/3503 3970/3147/3985 3980/2940/3991
f 3980/2940/3991 3970/3147/3985 3969/3148/3986 3979/3153/3992
f 3979/3153/3992 3969/3148/3986 3968/3149/3987 3978/3154/3993
f 3978/3154/3993 3968/3149/3987 3966/2658/3170 3976/2660/3172
f 3982/2638/3509 3972/2636/3505 3975/3150/3988 3985/3155/3994
f 3985/3155/3994 3975/3150/3988 3974/3151/3989 3984/3156/3995
f 3984/3156/3995 3974/3151/3989 3973/3152/3990 3983/3157/3996
f 3983/3157/3996 3973/3152/3990 3971/2636/3144 3981/2638/3146
f 3987/2684/3511 3977/2660/3507 3980/2940/3991 3990/3158/3997
f 3990/3158/3997 3980/2940/3991 3979/3153/3992 3989/3159/3998
f 3989/3159/3998 3979/3153/3992 3978/3154/3993 3988/3160/3999
f 3988/3160/3999 3978/3154/3993 3976/2660/3172 3986/2662/3174
f 3992/2640/3513 3982/2638/3509 3985/3155/3994 3995/3161/4000
f 3995/3161/4000 3985/3155/3994 3984/3156/3995 3994/3162/4001
f 3994/3162/4001 3984/3156/3995 3983/3157/3996 3993/3163/4002
f 3993/3163/4002 3983/3157/3996 3981/2638/3146 3991/2640/3148
f 3997/2664/3515 3987/2684/3511 3990/3158/3997 4000/3164/4003
f 4000/3164/4003 3990/3158/3997 3989/3159/3998 3999/3165/4004
f 3999/3165/4004 3989/3159/3998 3988/3160/3999 3998/3166/4005
f 3998/3166/4005 3988/3160/3999 3986/2665/3174 3996/2664/3176
f 4002/2641/3517 3992/2640/3513 3995/3161/4000 4005/3167/4006
f 4005/3167/4006 3995/3161/4000 3994/3162/4001 4004/3168/4007
f 4004/3168/4007 3994/3162/4001 3993/3163/4002 4003/3169/4008
f 4003/3169/4008 3993/3163/4002 3991/2640/3148 4001/2641/3150
f 4007/2751/3519 3997/2664/3515 4000/3164/4003 4010/2922/4009
f 4010/2922/4009 4000/3164/4003 3999/3165/4004 4009/3170/4010
f 4009/3170/4010 3999/3165/4004 3998/3166/4005 4008/3171/4011
f 4008/3171/4011 3998/3166/4005 3996/2664/3176 4006/2667/3178
f 4012/2643/3521 4002/2641/3517 4005/3167/4006 4015/3172/4012
f 4015/3172/4012 4005/3167/4006 4004/3168/4007 4014/3173/4013
f 4014/3173/4013 4004/3168/4007 4003/3169/4008 4013/3174/4014
f 4013/3174/4014 4003/3169/4008 4001/2641/3150 4011/2643/3152
f 4017/2668/3523 4007/2667/3519 4010/2922/4009 4020/3175/4015
f 4020/3175/4015 4010/2922/4009 4009/3170/4010 4019/3176/4016
f 4019/3176/4016 4009/3170/4010 4008/3171/4011 4018/3177/4017
f 4018/3177/4017 4008/3171/4011 4006/2667/3178 4016/2668/3180
f 4022/2645/3525 4012/2753/3521 4015/3172/4012 4025/3178/4018
f 4025/3178/4018 4015/3172/4012 4014/3173/4013 4024/3179/4019
f 4024/3179/4019 4014/3173/4013 4013/3174/4014 4023/3180/4020
f 4023/3180/4020 4013/3174/4014 4011/2643/3152 4021/2645/3154
f 4027/2688/3533 3931/2678/3490 3933/3181/4021 4030/3182/4022
f 4030/3182/4022 3933/3181/4021 3934/3183/4023 4029/3184/4024
f 4029/3184/4024 3934/3183/4023 3935/3185/4025 4028/3186/4026
f 4028/3186/4026 3935/3185/4025 3932/2678/3200 4026/2675/3194
f 4032/2669/3527 4017/2668/3523 4020/3175/4015 4035/3187/4027
f 4035/3187/4027 4020/3175/4015 4019/3176/4016 4034/3188/4028
f 4034/3188/4028 4019/3176/4016 4018/3177/4017 4033/3189/4029
f 4033/3189/4029 4018/3177/4017 4016/2668/3180 4031/2669/3182
f 4037/2646/3531 4022/2645/3525 4025/3178/4018 4040/3190/4030
f 4040/3190/4030 4025/3178/4018 4024/3179/4019 4039/3191/4031
f 4039/3191/4031 4024/3179/4019 4023/3180/4020 4038/3192/4032
f 4038/3192/4032 4023/3180/4020 4021/2645/3154 4036/2646/3156
f 4042/2624/3534 4027/2688/3533 4030/3182/4022 4045/3193/4033
f 4045/3193/4033 4030/3182/4022 4029/3184/4024 4044/3194/4034
f 4044/3194/4034 4029/3184/4024 4028/3186/4026 4043/3195/4035
f 4043/3195/4035 4028/3186/4026 4026/2676/3194 4041/2624/3132
f 4047/2671/3537 4032/2669/3527 4035/3187/4027 4050/3196/4036
f 4050/3196/4036 4035/3187/4027 4034/3188/4028 4049/3197/4037
f 4049/3197/4037 4034/3188/4028 4033/3189/4029 4048/3198/4038
f 4048/3198/4038 4033/3189/4029 4031/2669/3182 4046/2671/3184
f 4052/2648/3539 4037/2646/3531 4040/3190/4030 4055/3199/4039
f 4055/3199/4039 4040/3190/4030 4039/3191/4031 4054/3200/4040
f 4054/3200/4040 4039/3191/4031 4038/3192/4032 4053/3201/4041
f 4053/3201/4041 4038/3192/4032 4036/2649/3156 4051/2648/3158
f 4057/2623/3541 4042/2624/3534 4045/3193/4033 4060/3202/4042
f 4060/3202/4042 4045/3193/4033 4044/3194/4034 4059/3203/4043
f 4059/3203/4043 4044/3194/4034 4043/3195/4035 4058/3204/4044
f 4058/3204/4044 4043/3195/4035 4041/2624/3132 4056/2623/3131
f 4062/2672/3543 4047/2671/3537 4050/3196/4036 4065/3205/4045
f 4065/3205/4045 4050/3196/4036 4049/3197/4037 4064/3206/4046
f 4064/3206/4046 4049/3197/4037 4048/3198/4038 4063/3207/4047
f 4063/3207/4047 4048/3198/4038 4046/2671/3184 4061/2672/3186
f 4067/2650/3431 4052/2648/3539 4055/3199/4039 4070/3208/4048
f 4070/3208/4048 4055/3199/4039 4054/3200/4040 4069/3209/4049
f 4069/3209/4049 4054/3200/4040 4053/3201/4041 4068/3210/4050
f 4068/3210/4050 4053/3201/4041 4051/2648/3158 4066/2650/3160
f 4072/2626/3485 4057/2623/3541 4060/3202/4042 4075/2879/4051
f 4075/2879/4051 4060/3202/4042 4059/3203/4043 4074/3211/4052
f 4074/3211/4052 4059/3203/4043 4058/3204/4044 4073/3039/4053
f 4073/3039/4053 4058/3204/4044 4056/2623/3131 4071/2626/3134
f 4077/2674/3489 4062/2672/3543 4065/3205/4045 4080/3212/4054
f 4080/3212/4054 4065/3205/4045 4064/3206/4046 4079/3213/4055
f 4079/3213/4055 4064/3206/4046 4063/3207/4047 4078/3214/4056
f 4078/3214/4056 4063/3207/4047 4061/2672/3186 4076/2674/3188
f 3921/2651/3432 4067/2650/3431 4070/3208/4048 3923/3125/3961
f 3923/3125/3961 4070/3208/4048 4069/3209/4049 3924/3127/3963
f 3924/3127/3963 4069/3209/4049 4068/3210/4050 3925/3129/3965
f 3925/3129/3965 4068/3210/4050 4066/2650/3160 3922/2651/3162
f 3926/2628/3486 4072/2626/3485 4075/2879/4051 3928/3131/3967
f 3928/3131/3967 4075/2879/4051 4074/3211/4052 3929/3133/3969
f 3929/3133/3969 4074/3211/4052 4073/3039/4053 3930/3135/3971
f 3930/3135/3971 4073/3039/4053 4071/2626/3134 3927/2628/3136
f 3931/2678/3490 4077/2674/3489 4080/3212/4054 3933/3181/4021
f 3933/3181/4021 4080/3212/4054 4079/3213/4055 3934/3183/4023
f 3934/3183/4023 4079/3213/4055 4078/3214/4056 3935/3185/4025
f 3935/3185/4025 4078/3214/4056 4076/2673/3188 3932/2678/3200
f 4082/2654/3429 4226/2651/3418 4228/3215/4057 4085/3216/4058
f 4085/3216/4058 4228/3215/4057 4229/2651/4059 4084/2654/4060
f 4084/2654/4060 4229/2651/4059 4230/3217/4061 4083/3218/4062
f 4083/3218/4062 4230/3217/4061 4227/2651/3433 4081/2654/3530
f 4087/2629/3426 4231/2628/3425 4233/3219/4063 4090/3220/4064
f 4090/3220/4064 4233/3219/4063 4234/2628/4065 4089/2629/4066
f 4089/2629/4066 4234/2628/4065 4235/3221/4067 4088/3222/4068
f 4088/3222/4068 4235/3221/4067 4232/2628/3487 4086/2629/3496
f 4092/2655/3455 4082/2654/3429 4085/3216/4058 4095/3223/4069
f 4095/3223/4069 4085/3216/4058 4084/2654/4060 4094/2655/4070
f 4094/2655/4070 4084/2654/4060 4083/3218/4062 4093/3224/4071
f 4093/3224/4071 4083/3218/4062 4081/2654/3530 4091/2655/3500
f 4097/2631/3483 4087/2629/3426 4090/3220/4064 4100/3225/4072
f 4100/3225/4072 4090/3220/4064 4089/2629/4066 4099/2631/4073
f 4099/2631/4073 4089/2629/4066 4088/3222/4068 4098/3226/4074
f 4098/3226/4074 4088/3222/4068 4086/2750/3496 4096/2631/3495
f 4102/2748/3481 4092/2655/3455 4095/3223/4069 4105/3227/4075
f 4105/3227/4075 4095/3223/4069 4094/2655/4070 4104/2748/4076
f 4104/2748/4076 4094/2655/4070 4093/3224/4071 4103/3228/4077
f 4103/3228/4077 4093/3224/4071 4091/2655/3500 4101/2748/3499
f 4107/2737/3479 4097/2631/3483 4100/3225/4072 4110/3229/4078
f 4110/3229/4078 4100/3225/4072 4099/2631/4073 4109/2737/4079
f 4109/2737/4079 4099/2631/4073 4098/3226/4074 4108/3230/4080
f 4108/3230/4080 4098/3226/4074 4096/2749/3495 4106/2737/3502
f 4112/2658/3477 4102/2748/3481 4105/3227/4075 4115/3231/4081
f 4115/3231/4081 4105/3227/4075 4104/2748/4076 4114/2658/4082
f 4114/2658/4082 4104/2748/4076 4103/3228/4077 4113/3232/4083
f 4113/3232/4083 4103/3228/4077 4101/2748/3499 4111/2658/3504
f 4117/2747/3475 4107/2737/3479 4110/3229/4078 4120/3233/4084
f 4120/3233/4084 4110/3229/4078 4109/2737/4079 4119/2636/4085
f 4119/2636/4085 4109/2737/4079 4108/3230/4080 4118/3234/4086
f 4118/3234/4086 4108/3230/4080 4106/2737/3502 4116/2636/3506
f 4122/2660/3473 4112/2658/3477 4115/3231/4081 4125/3235/4087
f 4125/3235/4087 4115/3231/4081 4114/2658/4082 4124/2660/4088
f 4124/2660/4088 4114/2658/4082 4113/3232/4083 4123/3236/4089
f 4123/3236/4089 4113/3232/4083 4111/2658/3504 4121/2660/3508
f 4127/2638/3471 4117/2636/3475 4120/3233/4084 4130/3237/4090
f 4130/3237/4090 4120/3233/4084 4119/2636/4085 4129/2638/4091
f 4129/2638/4091 4119/2636/4085 4118/3234/4086 4128/3238/4092
f 4128/3238/4092 4118/3234/4086 4116/2738/3506 4126/2638/3510
f 4132/2665/3469 4122/2660/3473 4125/3235/4087 4135/3239/4093
f 4135/3239/4093 4125/3235/4087 4124/2660/4088 4134/2665/4094
f 4134/2665/4094 4124/2660/4088 4123/3236/4089 4133/3240/4095
f 4133/3240/4095 4123/3236/4089 4121/2660/3508 4131/2684/3512
f 4137/2640/3467 4127/2638/3471 4130/3237/4090 4140/3241/4096
f 4140/3241/4096 4130/3237/4090 4129/2638/4091 4139/2640/4097
f 4139/2640/4097 4129/2638/4091 4128/3238/4092 4138/3242/4098
f 4138/3242/4098 4128/3238/4092 4126/2638/3510 4136/2640/3514
f 4142/2664/3465 4132/2665/3469 4135/3239/4093 4145/3243/4099
f 4145/3243/4099 4135/3239/4093 4134/2665/4094 4144/2664/4100
f 4144/2664/4100 4134/2665/4094 4133/3240/4095 4143/3244/4101
f 4143/3244/4101 4133/3240/4095 4131/2684/3512 4141/2664/3516
f 4147/2641/3463 4137/2640/3467 4140/3241/4096 4150/3245/4102
f 4150/3245/4102 4140/3241/4096 4139/2640/4097 4149/2641/4103
f 4149/2641/4103 4139/2640/4097 4138/3242/4098 4148/3246/4104
f 4148/3246/4104 4138/3242/4098 4136/2640/3514 4146/2641/3518
f 4152/2667/3461 4142/2664/3465 4145/3243/4099 4155/3247/4105
f 4155/3247/4105 4145/3243/4099 4144/2664/4100 4154/2667/4106
f 4154/2667/4106 4144/2664/4100 4143/3244/4101 4153/3248/4107
f 4153/3248/4107 4143/3244/4101 4141/2664/3516 4151/2667/3520
f 4157/2687/3459 4147/2641/3463 4150/3245/4102 4160/3249/4108
f 4160/3249/4108 4150/3245/4102 4149/2641/4103 4159/2685/4109
f 4159/2685/4109 4149/2641/4103 4148/3246/4104 4158/3250/4110
f 4158/3250/4110 4148/3246/4104 4146/2641/3518 4156/2752/3522
f 4162/2668/3457 4152/2667/3461 4155/3247/4105 4165/3251/4111
f 4165/3251/4111 4155/3247/4105 4154/2667/4106 4164/2668/4112
f 4164/2668/4112 4154/2667/4106 4153/3248/4107 4163/3252/4113
f 4163/3252/4113 4153/3248/4107 4151/2667/3520 4161/2668/3524
f 4167/2645/3453 4157/2685/3459 4160/3249/4108 4170/3253/4114
f 4170/3253/4114 4160/3249/4108 4159/2685/4109 4169/2645/4115
f 4169/2645/4115 4159/2685/4109 4158/3250/4110 4168/3254/4116
f 4168/3254/4116 4158/3250/4110 4156/2685/3522 4166/2645/3526
f 4172/2688/3422 4236/2679/3421 4238/3255/4117 4175/3256/4118
f 4175/3256/4118 4238/3255/4117 4239/2678/4119 4174/2688/4120
f 4174/2688/4120 4239/2678/4119 4240/3257/4121 4173/3258/4122
f 4173/3258/4122 4240/3257/4121 4237/2678/3491 4171/2688/3536
f 4177/2669/3451 4162/2668/3457 4165/3251/4111 4180/3259/4123
f 4180/3259/4123 4165/3251/4111 4164/2668/4112 4179/2669/4124
f 4179/2669/4124 4164/2668/4112 4163/3252/4113 4178/3260/4125
f 4178/3260/4125 4163/3252/4113 4161/2754/3524 4176/2669/3528
f 4182/2646/3449 4167/2645/3453 4170/3253/4114 4185/3261/4126
f 4185/3261/4126 4170/3253/4114 4169/2645/4115 4184/2646/4127
f 4184/2646/4127 4169/2645/4115 4168/3254/4116 4183/3262/4128
f 4183/3262/4128 4168/3254/4116 4166/2644/3526 4181/2646/3532
f 4187/2624/3447 4172/2688/3422 4175/3256/4118 4190/3263/4129
f 4190/3263/4129 4175/3256/4118 4174/2688/4120 4189/2624/4130
f 4189/2624/4130 4174/2688/4120 4173/3258/4122 4188/3264/4131
f 4188/3264/4131 4173/3258/4122 4171/2688/3536 4186/2624/3535
f 4192/2745/3445 4177/2669/3451 4180/3259/4123 4195/3265/4132
f 4195/3265/4132 4180/3259/4123 4179/2669/4124 4194/3266/4133
f 4194/3266/4133 4179/2669/4124 4178/3260/4125 4193/3267/4134
f 4193/3267/4134 4178/3260/4125 4176/2669/3528 4191/2690/3538
f 4197/2648/3443 4182/2646/3449 4185/3261/4126 4200/3268/4135
f 4200/3268/4135 4185/3261/4126 4184/2646/4127 4199/2648/4136
f 4199/2648/4136 4184/2646/4127 4183/3262/4128 4198/3269/4137
f 4198/3269/4137 4183/3262/4128 4181/2646/3532 4196/2648/3540
f 4202/2623/3439 4187/2624/3447 4190/3263/4129 4205/3270/4138
f 4205/3270/4138 4190/3263/4129 4189/2624/4130 4204/2623/4139
f 4204/2623/4139 4189/2624/4130 4188/3264/4131 4203/3271/4140
f 4203/3271/4140 4188/3264/4131 4186/2624/3535 4201/2623/3542
f 4207/2672/3435 4192/2690/3445 4195/3265/4132 4210/3272/4141
f 4210/3272/4141 4195/3265/4132 4194/3266/4133 4209/2672/4142
f 4209/2672/4142 4194/3266/4133 4193/3267/4134 4208/3273/4143
f 4208/3273/4143 4193/3267/4134 4191/2690/3538 4206/2672/3544
f 4212/2696/3417 4197/2648/3443 4200/3268/4135 4215/3274/4144
f 4215/3274/4144 4200/3268/4135 4199/2648/4136 4214/2650/4145
f 4214/2650/4145 4199/2648/4136 4198/3269/4137 4213/3275/4146
f 4213/3275/4146 4198/3269/4137 4196/2648/3540 4211/2650/3434
f 4217/2626/3440 4202/2623/3439 4205/3270/4138 4220/3276/4147
f 4220/3276/4147 4205/3270/4138 4204/2623/4139 4219/2626/4148
f 4219/2626/4148 4204/2623/4139 4203/3271/4140 4218/3277/4149
f 4218/3277/4149 4203/3271/4140 4201/2698/3542 4216/2626/3488
f 4222/2674/3436 4207/2672/3435 4210/3272/4141 4225/3278/4150
f 4225/3278/4150 4210/3272/4141 4209/2672/4142 4224/2674/4151
f 4224/2674/4151 4209/2672/4142 4208/3273/4143 4223/3279/4152
f 4223/3279/4152 4208/3273/4143 4206/2672/3544 4221/2674/3492
f 4226/2651/3418 4212/2650/3417 4215/3274/4144 4228/3215/4057
f 4228/3215/4057 4215/3274/4144 4214/2650/4145 4229/2651/4059
f 4229/2651/4059 4214/2650/4145 4213/3275/4146 4230/3217/4061
f 4230/3217/4061 4213/3275/4146 4211/2650/3434 4227/2651/3433
f 4231/2628/3425 4217/2626/3440 4220/3276/4147 4233/3219/4063
f 4233/3219/4063 4220/3276/4147 4219/2626/4148 4234/2628/4065
f 4234/2628/4065 4219/2626/4148 4218/3277/4149 4235/3221/4067
f 4235/3221/4067 4218/3277/4149 4216/2625/3488 4232/2628/3487
f 4236/2679/3421 4222/2674/3436 4225/3278/4150 4238/3255/4117
f 4238/3255/4117 4225/3278/4150 4224/2674/4151 4239/2678/4119
f 4239/2678/4119 4224/2674/4151 4223/3279/4152 4240/3257/4121
f 4240/3257/4121 4223/3279/4152 4221/2674/3492 4237/2678/3491
f 3281/2678/3199 3287/2688/3193 4026/2675/3194 3932/2678/3200
f 4242/2678/3203 4245/2675/3294 4247/3280/4153 4244/3281/4154
f 4244/3281/4154 4247/3280/4153 4248/3282/4155 4243/3283/4156
f 4243/3283/4156 4248/3282/4155 4246/2701/3298 4241/2700/3297
f 4245/2675/3294 4249/2621/3293 4251/3284/4157 4247/3280/4153
f 4247/3280/4153 4251/3284/4157 4252/3285/4158 4248/3282/4155
f 4248/3282/4155 4252/3285/4158 4250/2702/3299 4246/2701/3298
f 4249/2621/3293 4253/2699/3288 4255/3286/4159 4251/3284/4157
f 4251/3284/4157 4255/3286/4159 4256/3287/4160 4252/3285/4158
f 4252/3285/4158 4256/3287/4160 4254/2703/3300 4250/2702/3299
f 4253/2698/3288 4257/2625/3282 4259/3288/4161 4255/3286/4159
f 4255/3286/4159 4259/3288/4161 4260/3289/4162 4256/3287/4160
f 4256/3287/4160 4260/3289/4162 4258/2704/3301 4254/2703/3300
f 4257/2694/3282 4261/2627/3281 4263/3290/4163 4259/3288/4161
f 4259/3288/4161 4263/3290/4163 4264/3291/4164 4260/3289/4162
f 4260/3289/4162 4264/3291/4164 4262/2705/3302 4258/2704/3301
f 4261/2627/3281 4265/2629/3354 4267/3292/4165 4263/3290/4163
f 4263/3290/4163 4267/3292/4165 4268/3293/4166 4264/3291/4164
f 4264/3291/4164 4268/3293/4166 4266/2706/3303 4262/2705/3302
f 4265/2629/3354 4269/2633/3274 4271/3294/4167 4267/3292/4165
f 4267/3292/4165 4271/3294/4167 4272/3295/4168 4268/3293/4166
f 4268/3293/4166 4272/3295/4168 4270/2707/3304 4266/2706/3303
f 4269/2633/3274 4273/2634/3273 4275/3296/4169 4271/3294/4167
f 4271/3294/4167 4275/3296/4169 4276/3297/4170 4272/3295/4168
f 4272/3295/4168 4276/3297/4170 4274/2708/3305 4270/2707/3304
f 4273/2681/3273 4277/2636/3352 4279/3298/4171 4275/3296/4169
f 4275/3296/4169 4279/3298/4171 4280/3299/4172 4276/3297/4170
f 4276/3297/4170 4280/3299/4172 4278/2709/3306 4274/2708/3305
f 4277/2734/3352 4281/2637/3348 4283/3300/4173 4279/3298/4171
f 4279/3298/4171 4283/3300/4173 4284/3301/4174 4280/3299/4172
f 4280/3299/4172 4284/3301/4174 4282/2710/3307 4278/2709/3306
f 4281/2637/3348 4285/2639/3344 4287/3302/4175 4283/3300/4173
f 4283/3300/4173 4287/3302/4175 4288/3303/4176 4284/3301/4174
f 4284/3301/4174 4288/3303/4176 4286/2711/3308 4282/2710/3307
f 4285/2733/3344 4289/2641/3340 4291/3304/4177 4287/3302/4175
f 4287/3302/4175 4291/3304/4177 4292/3305/4178 4288/3303/4176
f 4288/3303/4176 4292/3305/4178 4290/2712/3309 4286/2711/3308
f 4289/2641/3340 4293/2686/3336 4295/3306/4179 4291/3304/4177
f 4291/3304/4177 4295/3306/4179 4296/3307/4180 4292/3305/4178
f 4292/3305/4178 4296/3307/4180 4294/2713/3310 4290/2712/3309
f 4293/2732/3336 4297/2645/3332 4299/3308/4181 4295/3306/4179
f 4295/3306/4179 4299/3308/4181 4300/3309/4182 4296/3307/4180
f 4296/3307/4180 4300/3309/4182 4298/2714/3311 4294/2713/3310
f 4297/2644/3332 4301/2646/3296 4303/3310/4183 4299/3308/4181
f 4299/3308/4181 4303/3310/4183 4304/3311/4184 4300/3309/4182
f 4300/3309/4182 4304/3311/4184 4302/2715/3312 4298/2714/3311
f 4301/2649/3296 4305/2647/3290 4307/3312/4185 4303/3310/4183
f 4303/3310/4183 4307/3312/4185 4308/3313/4186 4304/3311/4184
f 4304/3311/4184 4308/3313/4186 4306/2716/3313 4302/2715/3312
f 4305/2647/3290 4309/2650/3286 4311/3314/4187 4307/3312/4185
f 4307/3312/4185 4311/3314/4187 4312/3315/4188 4308/3313/4186
f 4308/3313/4186 4312/3315/4188 4310/2717/3314 4306/2716/3313
f 4309/2696/3286 4313/2651/3285 4315/3316/4189 4311/3314/4187
f 4311/3314/4187 4315/3316/4189 4316/3317/4190 4312/3315/4188
f 4312/3315/4188 4316/3317/4190 4314/2718/3315 4310/2717/3314
f 4313/2695/3285 4317/2735/3356 4319/3318/4191 4315/3316/4189
f 4315/3316/4189 4319/3318/4191 4320/3319/4192 4316/3317/4190
f 4316/3317/4190 4320/3319/4192 4318/2719/3316 4314/2718/3315
f 4317/2736/3356 4321/2655/3192 4323/3320/4193 4319/3318/4191
f 4319/3318/4191 4323/3320/4193 4324/3321/4194 4320/3319/4192
f 4320/3319/4192 4324/3321/4194 4322/2720/3317 4318/2719/3316
f 4321/2655/3192 4325/2656/3191 4327/3322/4195 4323/3320/4193
f 4323/3320/4193 4327/3322/4195 4328/3323/4196 4324/3321/4194
f 4324/3321/4194 4328/3323/4196 4326/2721/3318 4322/2720/3317
f 4325/2656/3191 4329/2657/3270 4331/3324/4197 4327/3322/4195
f 4327/3322/4195 4331/3324/4197 4332/3325/4198 4328/3323/4196
f 4328/3323/4196 4332/3325/4198 4330/2722/3319 4326/2721/3318
f 4329/2657/3270 4333/2660/3350 4335/3326/4199 4331/3324/4197
f 4331/3324/4197 4335/3326/4199 4336/3327/4200 4332/3325/4198
f 4332/3325/4198 4336/3327/4200 4334/2723/3320 4330/2722/3319
f 4333/2660/3350 4337/2661/3346 4339/3328/4201 4335/3326/4199
f 4335/3326/4199 4339/3328/4201 4340/3329/4202 4336/3327/4200
f 4336/3327/4200 4340/3329/4202 4338/2724/3321 4334/2723/3320
f 4337/2661/3346 4341/2663/3342 4343/3330/4203 4339/3328/4201
f 4339/3328/4201 4343/3330/4203 4344/3331/4204 4340/3329/4202
f 4340/3329/4202 4344/3331/4204 4342/2725/3322 4338/2724/3321
f 4341/2663/3342 4345/2666/3338 4347/3332/4205 4343/3330/4203
f 4343/3330/4203 4347/3332/4205 4348/3333/4206 4344/3331/4204
f 4344/3331/4204 4348/3333/4206 4346/2726/3323 4342/2725/3322
f 4345/2666/3338 4349/2668/3334 4351/3334/4207 4347/3332/4205
f 4347/3332/4205 4351/3334/4207 4352/3335/4208 4348/3333/4206
f 4348/3333/4206 4352/3335/4208 4350/2727/3324 4346/2726/3323
f 4349/2668/3334 4353/2669/3330 4355/3336/4209 4351/3334/4207
f 4351/3334/4207 4355/3336/4209 4356/3337/4210 4352/3335/4208
f 4352/3335/4208 4356/3337/4210 4354/2728/3325 4350/2727/3324
f 4353/2669/3330 4357/2690/3268 4359/3338/4211 4355/3336/4209
f 4355/3336/4209 4359/3338/4211 4360/3339/4212 4356/3337/4210
f 4356/3337/4210 4360/3339/4212 4358/2729/3326 4354/2728/3325
f 4357/2692/3268 4361/2672/3267 4363/3340/4213 4359/3338/4211
f 4359/3338/4211 4363/3340/4213 4364/3341/4214 4360/3339/4212
f 4360/3339/4212 4364/3341/4214 4362/2730/3327 4358/2729/3326
f 4361/2672/3267 4365/2697/3204 4367/3342/4215 4363/3340/4213
f 4363/3340/4213 4367/3342/4215 4368/3343/4216 4364/3341/4214
f 4364/3341/4214 4368/3343/4216 4366/2731/3328 4362/2730/3327
f 4365/2680/3204 4242/2679/3203 4244/3281/4154 4367/3342/4215
f 4367/3342/4215 4244/3281/4154 4243/3283/4156 4368/3343/4216
f 4368/3343/4216 4243/3283/4156 4241/2700/3297 4366/2731/3328
f 3547/2678/3202 3541/2688/3291 4245/2675/3294 4242/2678/3203
f 4396/3344/4217 4395/3344/4218 4427/3344/4218 4428/3344/4217
f 4383/3344/4219 4382/3344/4220 4414/3344/4220 4415/3344/4221
f 4370/3344/4222 4369/3344/4223 4401/3344/4223 4402/3344/4222
f 4397/3344/4224 4396/3344/4217 4428/3344/4217 4429/3344/4224
f 4384/3344/4225 4383/3344/4219 4415/3344/4221 4416/3344/4225
f 4371/3344/4226 4370/3344/4222 4402/3344/4222 4403/3344/4227
f 4398/3344/4228 4397/3344/4224 4429/3344/4224 4430/3344/4228
f 4385/3344/4229 4384/3344/4225 4416/3344/4225 4417/3344/4229
f 4372/3344/4230 4371/3344/4226 4403/3344/4227 4404/3344/4230
f 4399/3344/4231 4398/3344/4228 4430/3344/4228 4431/3344/4232
f 4386/3344/4233 4385/3344/4229 4417/3344/4229 4418/3344/4233
f 4373/3344/4234 4372/3344/4230 4404/3344/4230 4405/3344/4234
f 4400/3344/4235 4399/3344/4231 4431/3344/4232 4432/3344/4235
f 4387/3344/4236 4386/3344/4233 4418/3344/4233 4419/3344/4237
f 4374/3344/4238 4373/3344/4234 4405/3344/4234 4406/3344/4238
f 4369/3344/4223 4400/3344/4235 4432/3344/4235 4401/3344/4223
f 4388/3344/4239 4387/3344/4236 4419/3344/4237 4420/3344/4239
f 4375/3344/4240 4374/3344/4238 4406/3344/4238 4407/3344/4240
f 4389/3344/4241 4388/3344/4239 4420/3344/4239 4421/3344/4241
f 4376/3344/4242 4375/3344/4240 4407/3344/4240 4408/3344/4242
f 4390/3344/4243 4389/3344/4241 4421/3344/4241 4422/3344/4243
f 4377/3344/4244 4376/3344/4242 4408/3344/4242 4409/3344/4244
f 4391/3344/4245 4390/3344/4243 4422/3344/4243 4423/3344/4245
f 4378/3344/4246 4377/3344/4244 4409/3344/4244 4410/3344/4246
f 4392/3344/4247 4391/3344/4245 4423/3344/4245 4424/3344/4247
f 4379/3344/4248 4378/3344/4246 4410/3344/4246 4411/3344/4248
f 4393/3344/4249 4392/3344/4247 4424/3344/4247 4425/3344/4249
f 4380/3344/4250 4379/3344/4248 4411/3344/4248 4412/3344/4250
f 4394/3344/4251 4393/3344/4249 4425/3344/4249 4426/3344/4251
f 4381/3344/4252 4380/3344/4250 4412/3344/4250 4413/3344/4252
f 4395/3344/4218 4394/3344/4251 4426/3344/4251 4427/3344/4218
f 4382/3344/4220 4381/3344/4252 4413/3344/4252 4414/3344/4220
f 4457/3344/4253 4453/3344/4254 4526/3344/4255 4529/3344/4256
f 4566/3344/4257 4495/3344/4258 4458/3344/4259 4531/3344/4260
f 4470/3344/4261 4543/3344/4262 4506/3344/4263 4435/3344/4264
f 4453/3344/4254 4449/3344/4265 4522/3344/4266 4526/3344/4255
f 4530/3344/4267 4525/3344/4268 4562/3344/4269 4567/3344/4270
f 4521/3344/4271 4517/3344/4272 4554/3344/4273 4558/3344/4274
f 4525/3344/4268 4521/3344/4271 4558/3344/4274 4562/3344/4269
f 4446/3344/4275 4481/3344/4276 4471/3344/4277 4434/3344/4278
f 4450/3344/4279 4485/3344/4280 4481/3344/4276 4446/3344/4275
f 4454/3344/4281 4489/3344/4282 4485/3344/4280 4450/3344/4279
f 4459/3344/4283 4494/3344/4284 4489/3344/4282 4454/3344/4281
f 4482/3344/4285 4486/3344/4286 4557/3344/4287 4553/3344/4288
f 4486/3344/4286 4490/3344/4289 4561/3344/4290 4557/3344/4287
f 4490/3344/4289 4493/3344/4291 4565/3344/4292 4561/3344/4290
f 4517/3344/4272 4507/3344/4293 4542/3344/4294 4554/3344/4273
f 4449/3344/4265 4445/3344/4295 4518/3344/4296 4522/3344/4266
f 4469/3344/4297 4482/3344/4285 4553/3344/4288 4541/3344/4298
f 4433/3344/4299 4436/3344/4300 4438/3344/4301 4437/3344/4302
f 4436/3344/4300 4440/3344/4303 4441/3344/4304 4438/3344/4301
f 4434/3344/4278 4439/3344/4305 4441/3344/4304 4440/3344/4303
f 4439/3344/4305 4443/3344/4306 4444/3344/4307 4441/3344/4304
f 4435/3344/4264 4442/3344/4308 4444/3344/4307 4443/3344/4306
f 4442/3344/4308 4437/3344/4302 4438/3344/4301 4444/3344/4307
f 4438/3344/4301 4441/3344/4304 4444/3344/4307
f 4457/3344/4253 4460/3344/4309 4462/3344/4310 4461/3344/4311
f 4460/3344/4309 4464/3344/4312 4465/3344/4313 4462/3344/4310
f 4458/3344/4259 4463/3344/4314 4465/3344/4313 4464/3344/4312
f 4463/3344/4314 4467/3344/4315 4468/3344/4316 4465/3344/4313
f 4459/3344/4283 4466/3344/4317 4468/3344/4316 4467/3344/4315
f 4466/3344/4317 4461/3344/4311 4462/3344/4310 4468/3344/4316
f 4462/3344/4310 4465/3344/4313 4468/3344/4316
f 4469/3344/4297 4472/3344/4318 4474/3344/4319 4473/3344/4320
f 4472/3344/4318 4476/3344/4321 4477/3344/4322 4474/3344/4319
f 4470/3344/4261 4475/3344/4323 4477/3344/4322 4476/3344/4321
f 4475/3344/4323 4479/3344/4324 4480/3344/4325 4477/3344/4322
f 4471/3344/4277 4478/3344/4326 4480/3344/4325 4479/3344/4324
f 4478/3344/4326 4473/3344/4320 4474/3344/4319 4480/3344/4325
f 4474/3344/4319 4477/3344/4322 4480/3344/4325
f 4493/3344/4291 4496/3344/4327 4498/3344/4328 4497/3344/4329
f 4496/3344/4327 4500/3344/4330 4501/3344/4331 4498/3344/4328
f 4494/3344/4284 4499/3344/4332 4501/3344/4331 4500/3344/4330
f 4499/3344/4332 4503/3344/4333 4504/3344/4334 4501/3344/4331
f 4495/3344/4258 4502/3344/4335 4504/3344/4334 4503/3344/4333
f 4502/3344/4335 4497/3344/4329 4498/3344/4328 4504/3344/4334
f 4498/3344/4328 4501/3344/4331 4504/3344/4334
f 4505/3344/4336 4508/3344/4337 4510/3344/4338 4509/3344/4339
f 4508/3344/4337 4512/3344/4340 4513/3344/4341 4510/3344/4338
f 4506/3344/4263 4511/3344/4342 4513/3344/4341 4512/3344/4340
f 4511/3344/4342 4515/3344/4343 4516/3344/4344 4513/3344/4341
f 4507/3344/4293 4514/3344/4345 4516/3344/4344 4515/3344/4343
f 4514/3344/4345 4509/3344/4339 4510/3344/4338 4516/3344/4344
f 4510/3344/4338 4513/3344/4341 4516/3344/4344
f 4529/3344/4256 4532/3344/4346 4534/3344/4347 4533/3344/4348
f 4532/3344/4346 4536/3344/4349 4537/3344/4350 4534/3344/4347
f 4530/3344/4267 4535/3344/4351 4537/3344/4350 4536/3344/4349
f 4535/3344/4351 4539/3344/4352 4540/3344/4353 4537/3344/4350
f 4531/3344/4260 4538/3344/4354 4540/3344/4353 4539/3344/4352
f 4538/3344/4354 4533/3344/4348 4534/3344/4347 4540/3344/4353
f 4534/3344/4347 4537/3344/4350 4540/3344/4353
f 4541/3344/4298 4544/3344/4355 4546/3344/4356 4545/3344/4357
f 4544/3344/4355 4548/3344/4358 4549/3344/4359 4546/3344/4356
f 4542/3344/4294 4547/3344/4360 4549/3344/4359 4548/3344/4358
f 4547/3344/4360 4551/3344/4361 4552/3344/4362 4549/3344/4359
f 4543/3344/4262 4550/3344/4363 4552/3344/4362 4551/3344/4361
f 4550/3344/4363 4545/3344/4357 4546/3344/4356 4552/3344/4362
f 4546/3344/4356 4549/3344/4359 4552/3344/4362
f 4565/3344/4292 4568/3344/4364 4570/3344/4365 4569/3344/4366
f 4568/3344/4364 4572/3344/4367 4573/3344/4368 4570/3344/4365
f 4566/3344/4257 4571/3344/4369 4573/3344/4368 4572/3344/4367
f 4571/3344/4369 4575/3344/4370 4576/3344/4371 4573/3344/4368
f 4567/3344/4270 4574/3344/4372 4576/3344/4371 4575/3344/4370
f 4574/3344/4372 4569/3344/4366 4570/3344/4365 4576/3344/4371
f 4570/3344/4365 4573/3344/4368 4576/3344/4371
f 4446/3344/4275 4434/3344/4278 4440/3344/4303 4448/3344/4373
f 4448/3344/4373 4440/3344/4303 4436/3344/4300 4447/3344/4374
f 4447/3344/4374 4436/3344/4300 4433/3344/4299 4445/3344/4295
f 4450/3344/4279 4446/3344/4275 4448/3344/4373 4452/3344/4375
f 4452/3344/4375 4448/3344/4373 4447/3344/4374 4451/3344/4376
f 4451/3344/4376 4447/3344/4374 4445/3344/4295 4449/3344/4265
f 4454/3344/4281 4450/3344/4279 4452/3344/4375 4456/3344/4377
f 4456/3344/4377 4452/3344/4375 4451/3344/4376 4455/3344/4378
f 4455/3344/4378 4451/3344/4376 4449/3344/4265 4453/3344/4254
f 4459/3344/4283 4454/3344/4281 4456/3344/4377 4466/3344/4317
f 4466/3344/4317 4456/3344/4377 4455/3344/4378 4461/3344/4311
f 4461/3344/4311 4455/3344/4378 4453/3344/4254 4457/3344/4253
f 4482/3344/4285 4469/3344/4297 4473/3344/4320 4484/3344/4379
f 4484/3344/4379 4473/3344/4320 4478/3344/4326 4483/3344/4380
f 4483/3344/4380 4478/3344/4326 4471/3344/4277 4481/3344/4276
f 4486/3344/4286 4482/3344/4285 4484/3344/4379 4488/3344/4381
f 4488/3344/4381 4484/3344/4379 4483/3344/4380 4487/3344/4382
f 4487/3344/4382 4483/3344/4380 4481/3344/4276 4485/3344/4280
f 4490/3344/4289 4486/3344/4286 4488/3344/4381 4492/3344/4383
f 4492/3344/4383 4488/3344/4381 4487/3344/4382 4491/3344/4384
f 4491/3344/4384 4487/3344/4382 4485/3344/4280 4489/3344/4282
f 4493/3344/4291 4490/3344/4289 4492/3344/4383 4496/3344/4327
f 4496/3344/4327 4492/3344/4383 4491/3344/4384 4500/3344/4330
f 4500/3344/4330 4491/3344/4384 4489/3344/4282 4494/3344/4284
f 4494/3344/4284 4459/3344/4283 4467/3344/4315 4499/3344/4332
f 4499/3344/4332 4467/3344/4315 4463/3344/4314 4503/3344/4333
f 4503/3344/4333 4463/3344/4314 4458/3344/4259 4495/3344/4258
f 4470/3344/4261 4435/3344/4264 4443/3344/4306 4475/3344/4323
f 4475/3344/4323 4443/3344/4306 4439/3344/4305 4479/3344/4324
f 4479/3344/4324 4439/3344/4305 4434/3344/4278 4471/3344/4277
f 4518/3344/4296 4505/3344/4336 4509/3344/4339 4520/3344/4385
f 4520/3344/4385 4509/3344/4339 4514/3344/4345 4519/3344/4386
f 4519/3344/4386 4514/3344/4345 4507/3344/4293 4517/3344/4272
f 4522/3344/4266 4518/3344/4296 4520/3344/4385 4524/3344/4387
f 4524/3344/4387 4520/3344/4385 4519/3344/4386 4523/3344/4388
f 4523/3344/4388 4519/3344/4386 4517/3344/4272 4521/3344/4271
f 4526/3344/4255 4522/3344/4266 4524/3344/4387 4528/3344/4389
f 4528/3344/4389 4524/3344/4387 4523/3344/4388 4527/3344/4390
f 4527/3344/4390 4523/3344/4388 4521/3344/4271 4525/3344/4268
f 4529/3344/4256 4526/3344/4255 4528/3344/4389 4532/3344/4346
f 4532/3344/4346 4528/3344/4389 4527/3344/4390 4536/3344/4349
f 4536/3344/4349 4527/3344/4390 4525/3344/4268 4530/3344/4267
f 4554/3344/4273 4542/3344/4294 4548/3344/4358 4556/3344/4391
f 4556/3344/4391 4548/3344/4358 4544/3344/4355 4555/3344/4392
f 4555/3344/4392 4544/3344/4355 4541/3344/4298 4553/3344/4288
f 4558/3344/4274 4554/3344/4273 4556/3344/4391 4560/3344/4393
f 4560/3344/4393 4556/3344/4391 4555/3344/4392 4559/3344/4394
f 4559/3344/4394 4555/3344/4392 4553/3344/4288 4557/3344/4287
f 4562/3344/4269 4558/3344/4274 4560/3344/4393 4564/3344/4395
f 4564/3344/4395 4560/3344/4393 4559/3344/4394 4563/3344/4396
f 4563/3344/4396 4559/3344/4394 4557/3344/4287 4561/3344/4290
f 4567/3344/4270 4562/3344/4269 4564/3344/4395 4574/3344/4372
f 4574/3344/4372 4564/3344/4395 4563/3344/4396 4569/3344/4366
f 4569/3344/4366 4563/3344/4396 4561/3344/4290 4565/3344/4292
f 4566/3344/4257 4531/3344/4260 4539/3344/4352 4571/3344/4369
f 4571/3344/4369 4539/3344/4352 4535/3344/4351 4575/3344/4370
f 4575/3344/4370 4535/3344/4351 4530/3344/4267 4567/3344/4270
f 4542/3344/4294 4507/3344/4293 4515/3344/4343 4547/3344/4360
f 4547/3344/4360 4515/3344/4343 4511/3344/4342 4551/3344/4361
f 4551/3344/4361 4511/3344/4342 4506/3344/4263 4543/3344/4262
f 4505/3344/4336 4433/3344/4299 4437/3344/4302 4508/3344/4337
f 4508/3344/4337 4437/3344/4302 4442/3344/4308 4512/3344/4340
f 4512/3344/4340 4442/3344/4308 4435/3344/4264 4506/3344/4263
f 4531/3344/4260 4458/3344/4259 4464/3344/4312 4538/3344/4354
f 4538/3344/4354 4464/3344/4312 4460/3344/4309 4533/3344/4348
f 4533/3344/4348 4460/3344/4309 4457/3344/4253 4529/3344/4256
f 4469/3344/4297 4541/3344/4298 4545/3344/4357 4472/3344/4318
f 4472/3344/4318 4545/3344/4357 4550/3344/4363 4476/3344/4321
f 4476/3344/4321 4550/3344/4363 4543/3344/4262 4470/3344/4261
f 4495/3344/4258 4566/3344/4257 4572/3344/4367 4502/3344/4335
f 4502/3344/4335 4572/3344/4367 4568/3344/4364 4497/3344/4329
f 4497/3344/4329 4568/3344/4364 4565/3344/4292 4493/3344/4291
f 4445/3344/4295 4433/3344/4299 4505/3344/4336 4518/3344/4296
o 镜框.001
v 2.335014 0.323508 0.747446
v 2.335014 0.319019 0.752431
v 2.335014 0.321030 0.748114
v 2.335014 0.319387 0.749938
v 2.296968 0.319019 0.756178
v 2.295996 0.323508 0.751289
v 2.296482 0.319387 0.753733
v 2.296126 0.321030 0.751944
v 2.260385 0.319019 0.767275
v 2.258477 0.323508 0.762670
v 2.259431 0.319387 0.764973
v 2.258733 0.321030 0.763287
v 2.226670 0.319019 0.785297
v 2.223900 0.323508 0.781152
v 2.225285 0.319387 0.783224
v 2.224271 0.321030 0.781707
v 2.197118 0.319020 0.809549
v 2.193593 0.323508 0.806024
v 2.195355 0.319387 0.807787
v 2.194065 0.321030 0.806497
v 2.172865 0.319020 0.839101
v 2.168720 0.323508 0.836332
v 2.170793 0.319387 0.837716
v 2.169276 0.321030 0.836703
v 2.154844 0.319020 0.872817
v 2.150238 0.323508 0.870909
v 2.152541 0.319387 0.871863
v 2.150855 0.321030 0.871165
v 2.143746 0.319020 0.909400
v 2.138857 0.323508 0.908428
v 2.141302 0.319387 0.908914
v 2.139512 0.321030 0.908558
v 2.139999 0.319020 0.947446
v 2.135014 0.323508 0.947446
v 2.137507 0.319387 0.947446
v 2.135682 0.321030 0.947446
v 2.143746 0.319020 0.985491
v 2.138857 0.323508 0.986464
v 2.141302 0.319387 0.985978
v 2.139512 0.321030 0.986334
v 2.154844 0.319020 1.022075
v 2.150238 0.323508 1.023982
v 2.152541 0.319387 1.023029
v 2.150855 0.321030 1.023727
v 2.172865 0.319020 1.055790
v 2.168720 0.323508 1.058560
v 2.170793 0.319387 1.057175
v 2.169276 0.321030 1.058189
v 2.197118 0.319020 1.085342
v 2.193593 0.323508 1.088867
v 2.195355 0.319387 1.087105
v 2.194065 0.321030 1.088395
v 2.226670 0.319020 1.109595
v 2.223900 0.323508 1.113740
v 2.225285 0.319387 1.111667
v 2.224271 0.321030 1.113184
v 2.260385 0.319020 1.127616
v 2.258477 0.323508 1.132222
v 2.259431 0.319387 1.129919
v 2.258733 0.321030 1.131605
v 2.296968 0.319020 1.138714
v 2.295996 0.323508 1.143603
v 2.296482 0.319387 1.141158
v 2.296126 0.321030 1.142948
v 2.335014 0.319020 1.142461
v 2.335014 0.323508 1.147446
v 2.335014 0.319387 1.144953
v 2.335014 0.321030 1.146778
v 2.373060 0.319020 1.138714
v 2.374032 0.323508 1.143603
v 2.373546 0.319387 1.141158
v 2.373902 0.321030 1.142948
v 2.409643 0.319020 1.127616
v 2.411551 0.323508 1.132222
v 2.410597 0.319387 1.129919
v 2.411295 0.321030 1.131605
v 2.443359 0.319020 1.109595
v 2.446128 0.323508 1.113740
v 2.444743 0.319387 1.111667
v 2.445757 0.321030 1.113184
v 2.472910 0.319020 1.085342
v 2.476435 0.323508 1.088867
v 2.474673 0.319387 1.087105
v 2.475963 0.321030 1.088395
v 2.497163 0.319020 1.055790
v 2.501308 0.323508 1.058560
v 2.499236 0.319387 1.057175
v 2.500753 0.321030 1.058189
v 2.515184 0.319020 1.022075
v 2.519790 0.323508 1.023982
v 2.517487 0.319387 1.023029
v 2.519173 0.321030 1.023727
v 2.526282 0.319020 0.985491
v 2.531171 0.323508 0.986464
v 2.528727 0.319387 0.985978
v 2.530516 0.321030 0.986334
v 2.530029 0.319020 0.947446
v 2.535014 0.323508 0.947446
v 2.532521 0.319387 0.947446
v 2.534346 0.321030 0.947446
v 2.526282 0.319020 0.909400
v 2.531171 0.323508 0.908428
v 2.528727 0.319387 0.908914
v 2.530516 0.321030 0.908558
v 2.515184 0.319020 0.872817
v 2.519790 0.323508 0.870909
v 2.517487 0.319387 0.871863
v 2.519173 0.321030 0.871165
v 2.497163 0.319020 0.839101
v 2.501308 0.323508 0.836332
v 2.499236 0.319387 0.837716
v 2.500753 0.321030 0.836703
v 2.472910 0.319020 0.809549
v 2.476435 0.323508 0.806024
v 2.474673 0.319387 0.807787
v 2.475963 0.321030 0.806497
v 2.443359 0.319019 0.785297
v 2.446128 0.323508 0.781152
v 2.444743 0.319387 0.783224
v 2.445757 0.321030 0.781707
v 2.409643 0.319019 0.767275
v 2.411551 0.323508 0.762670
v 2.410597 0.319387 0.764973
v 2.411295 0.321030 0.763287
v 2.373060 0.319019 0.756178
v 2.374032 0.323508 0.751289
v 2.373546 0.319387 0.753733
v 2.373902 0.321030 0.751944
v 2.335014 0.369020 0.752431
v 2.335014 0.364531 0.747446
v 2.335014 0.368652 0.749938
v 2.335014 0.367009 0.748114
v 2.295996 0.364531 0.751289
v 2.296968 0.369020 0.756178
v 2.296126 0.367009 0.751944
v 2.296482 0.368652 0.753733
v 2.258477 0.364531 0.762670
v 2.260385 0.369020 0.767275
v 2.258733 0.367009 0.763287
v 2.259431 0.368652 0.764973
v 2.223900 0.364531 0.781152
v 2.226670 0.369020 0.785297
v 2.224271 0.367009 0.781707
v 2.225285 0.368652 0.783224
v 2.193593 0.364531 0.806024
v 2.197118 0.369020 0.809549
v 2.194065 0.367009 0.806497
v 2.195355 0.368652 0.807787
v 2.168720 0.364531 0.836332
v 2.172865 0.369020 0.839101
v 2.169276 0.367009 0.836703
v 2.170793 0.368652 0.837716
v 2.150238 0.364531 0.870909
v 2.154844 0.369020 0.872817
v 2.150855 0.367009 0.871165
v 2.152541 0.368652 0.871863
v 2.138857 0.364531 0.908428
v 2.143746 0.369020 0.909400
v 2.139512 0.367009 0.908558
v 2.141302 0.368652 0.908914
v 2.135014 0.364531 0.947446
v 2.139999 0.369020 0.947446
v 2.135682 0.367009 0.947446
v 2.137507 0.368652 0.947446
v 2.138857 0.364531 0.986464
v 2.143746 0.369020 0.985491
v 2.139512 0.367009 0.986333
v 2.141302 0.368652 0.985978
v 2.150238 0.364531 1.023982
v 2.154844 0.369020 1.022075
v 2.150855 0.367009 1.023727
v 2.152541 0.368652 1.023029
v 2.168720 0.364531 1.058560
v 2.172865 0.369020 1.055790
v 2.169276 0.367009 1.058189
v 2.170793 0.368652 1.057175
v 2.193593 0.364531 1.088867
v 2.197118 0.369020 1.085342
v 2.194065 0.367009 1.088395
v 2.195355 0.368652 1.087105
v 2.223900 0.364531 1.113740
v 2.226670 0.369020 1.109595
v 2.224271 0.367009 1.113184
v 2.225285 0.368652 1.111667
v 2.258477 0.364531 1.132222
v 2.260385 0.369020 1.127616
v 2.258733 0.367009 1.131605
v 2.259431 0.368652 1.129919
v 2.295996 0.364531 1.143603
v 2.296968 0.369020 1.138714
v 2.296126 0.367009 1.142948
v 2.296482 0.368652 1.141158
v 2.335014 0.364531 1.147446
v 2.335014 0.369020 1.142461
v 2.335014 0.367009 1.146778
v 2.335014 0.368652 1.144953
v 2.374032 0.364531 1.143603
v 2.373060 0.369020 1.138714
v 2.373902 0.367009 1.142948
v 2.373546 0.368652 1.141158
v 2.411551 0.364531 1.132222
v 2.409643 0.369020 1.127616
v 2.411295 0.367009 1.131605
v 2.410597 0.368652 1.129919
v 2.446128 0.364531 1.113740
v 2.443359 0.369020 1.109595
v 2.445757 0.367009 1.113184
v 2.444743 0.368652 1.111667
v 2.476435 0.364531 1.088867
v 2.472910 0.369020 1.085342
v 2.475963 0.367009 1.088395
v 2.474673 0.368652 1.087105
v 2.501308 0.364531 1.058560
v 2.497163 0.369020 1.055790
v 2.500753 0.367009 1.058189
v 2.499236 0.368652 1.057175
v 2.519790 0.364531 1.023982
v 2.515184 0.369020 1.022075
v 2.519173 0.367009 1.023727
v 2.517487 0.368652 1.023029
v 2.531171 0.364531 0.986464
v 2.526282 0.369020 0.985491
v 2.530516 0.367009 0.986333
v 2.528727 0.368652 0.985978
v 2.535014 0.364531 0.947446
v 2.530029 0.369020 0.947446
v 2.534346 0.367009 0.947446
v 2.532521 0.368652 0.947446
v 2.531171 0.364531 0.908428
v 2.526282 0.369020 0.909400
v 2.530516 0.367009 0.908558
v 2.528727 0.368652 0.908914
v 2.519790 0.364531 0.870909
v 2.515184 0.369020 0.872817
v 2.519173 0.367009 0.871165
v 2.517487 0.368652 0.871863
v 2.501308 0.364531 0.836332
v 2.497163 0.369020 0.839101
v 2.500753 0.367009 0.836703
v 2.499236 0.368652 0.837716
v 2.476435 0.364531 0.806024
v 2.472910 0.369020 0.809549
v 2.475963 0.367009 0.806497
v 2.474673 0.368652 0.807787
v 2.446128 0.364531 0.781152
v 2.443359 0.369020 0.785297
v 2.445757 0.367009 0.781707
v 2.444743 0.368652 0.783224
v 2.411551 0.364531 0.762670
v 2.409643 0.369020 0.767275
v 2.411295 0.367009 0.763287
v 2.410597 0.368652 0.764973
v 2.374032 0.364531 0.751289
v 2.373060 0.369020 0.756178
v 2.373902 0.367009 0.751944
v 2.373546 0.368652 0.753733
v 2.301849 0.327354 0.780712
v 2.300876 0.321587 0.775823
v 2.301718 0.324705 0.780057
v 2.301363 0.322594 0.778268
v 2.335014 0.321587 0.772461
v 2.335014 0.327354 0.777446
v 2.335014 0.322594 0.774953
v 2.335014 0.324705 0.776778
v 2.269958 0.327354 0.790386
v 2.268050 0.321587 0.785781
v 2.269702 0.324705 0.789769
v 2.269004 0.322594 0.788083
v 2.240567 0.327354 0.806096
v 2.237798 0.321587 0.801951
v 2.240196 0.324705 0.805541
v 2.239182 0.322594 0.804024
v 2.214806 0.327354 0.827238
v 2.211281 0.321587 0.823713
v 2.214334 0.324705 0.826765
v 2.213043 0.322594 0.825475
v 2.193664 0.327354 0.852999
v 2.189519 0.321587 0.850229
v 2.193109 0.324705 0.852628
v 2.191592 0.322594 0.851614
v 2.177955 0.327354 0.882390
v 2.173349 0.321587 0.880482
v 2.177338 0.324705 0.882134
v 2.175652 0.322594 0.881436
v 2.168281 0.327354 0.914280
v 2.163391 0.321587 0.913308
v 2.167626 0.324705 0.914150
v 2.165836 0.322594 0.913794
v 2.165014 0.327354 0.947446
v 2.160029 0.321587 0.947446
v 2.164346 0.324705 0.947446
v 2.162522 0.322594 0.947446
v 2.168281 0.327354 0.980611
v 2.163391 0.321587 0.981584
v 2.167626 0.324705 0.980741
v 2.165836 0.322594 0.981097
v 2.177955 0.327354 1.012502
v 2.173349 0.321587 1.014410
v 2.177338 0.324705 1.012758
v 2.175652 0.322594 1.013456
v 2.193664 0.327354 1.041893
v 2.189519 0.321587 1.044662
v 2.193109 0.324705 1.042264
v 2.191592 0.322594 1.043277
v 2.214806 0.327354 1.067654
v 2.211281 0.321587 1.071179
v 2.214334 0.324705 1.068126
v 2.213043 0.322594 1.069416
v 2.240567 0.327354 1.088796
v 2.237798 0.321587 1.092940
v 2.240196 0.324705 1.089351
v 2.239182 0.322594 1.090868
v 2.269958 0.327354 1.104505
v 2.268050 0.321587 1.109111
v 2.269702 0.324705 1.105122
v 2.269004 0.322594 1.106808
v 2.301849 0.327354 1.114179
v 2.300876 0.321587 1.119069
v 2.301718 0.324705 1.114834
v 2.301363 0.322594 1.116624
v 2.335014 0.327354 1.117446
v 2.335014 0.321587 1.122431
v 2.335014 0.324705 1.118114
v 2.335014 0.322594 1.119938
v 2.368180 0.327354 1.114179
v 2.369152 0.321587 1.119069
v 2.368310 0.324705 1.114834
v 2.368666 0.322594 1.116624
v 2.400070 0.327354 1.104505
v 2.401978 0.321587 1.109111
v 2.400326 0.324705 1.105122
v 2.401024 0.322594 1.106808
v 2.429461 0.327354 1.088796
v 2.432230 0.321587 1.092940
v 2.429832 0.324705 1.089351
v 2.430846 0.322594 1.090868
v 2.455222 0.327354 1.067654
v 2.458747 0.321587 1.071179
v 2.455694 0.324705 1.068126
v 2.456985 0.322594 1.069416
v 2.476364 0.327354 1.041893
v 2.480509 0.321587 1.044662
v 2.476919 0.324705 1.042264
v 2.478436 0.322594 1.043277
v 2.492074 0.327354 1.012502
v 2.496679 0.321587 1.014410
v 2.492691 0.324705 1.012758
v 2.494376 0.322594 1.013456
v 2.501748 0.327354 0.980611
v 2.506637 0.321587 0.981584
v 2.502403 0.324705 0.980741
v 2.504192 0.322594 0.981097
v 2.505014 0.327354 0.947446
v 2.509999 0.321587 0.947446
v 2.505682 0.324705 0.947446
v 2.507507 0.322594 0.947446
v 2.501748 0.327354 0.914280
v 2.506637 0.321587 0.913308
v 2.502403 0.324705 0.914150
v 2.504192 0.322594 0.913794
v 2.492074 0.327354 0.882390
v 2.496679 0.321587 0.880482
v 2.492691 0.324705 0.882134
v 2.494376 0.322594 0.881436
v 2.476364 0.327354 0.852999
v 2.480509 0.321587 0.850229
v 2.476919 0.324705 0.852628
v 2.478436 0.322594 0.851614
v 2.455222 0.327354 0.827238
v 2.458747 0.321587 0.823713
v 2.455694 0.324705 0.826765
v 2.456985 0.322594 0.825475
v 2.429461 0.327354 0.806096
v 2.432230 0.321587 0.801951
v 2.429832 0.324705 0.805541
v 2.430846 0.322594 0.804024
v 2.400070 0.327354 0.790386
v 2.401978 0.321587 0.785781
v 2.400326 0.324705 0.789769
v 2.401024 0.322594 0.788083
v 2.368180 0.327354 0.780712
v 2.369152 0.321587 0.775823
v 2.368310 0.324705 0.780057
v 2.368666 0.322594 0.778268
v 2.300876 0.366452 0.775823
v 2.301849 0.360685 0.780712
v 2.301363 0.365445 0.778268
v 2.301718 0.363334 0.780057
v 2.335014 0.360685 0.777446
v 2.335014 0.366452 0.772461
v 2.335014 0.363334 0.776778
v 2.335014 0.365445 0.774953
v 2.268050 0.366452 0.785781
v 2.269958 0.360685 0.790386
v 2.269004 0.365445 0.788083
v 2.269702 0.363334 0.789769
v 2.237798 0.366452 0.801951
v 2.240567 0.360685 0.806096
v 2.239182 0.365445 0.804023
v 2.240196 0.363334 0.805541
v 2.211281 0.366452 0.823713
v 2.214806 0.360685 0.827238
v 2.213043 0.365445 0.825475
v 2.214334 0.363334 0.826765
v 2.189519 0.366452 0.850229
v 2.193664 0.360685 0.852999
v 2.191592 0.365445 0.851614
v 2.193109 0.363334 0.852628
v 2.173349 0.366452 0.880482
v 2.177955 0.360685 0.882390
v 2.175652 0.365445 0.881436
v 2.177338 0.363334 0.882134
v 2.163391 0.366452 0.913308
v 2.168281 0.360685 0.914280
v 2.165836 0.365445 0.913794
v 2.167626 0.363334 0.914150
v 2.160029 0.366452 0.947446
v 2.165014 0.360685 0.947446
v 2.162522 0.365445 0.947446
v 2.164346 0.363334 0.947446
v 2.163391 0.366452 0.981584
v 2.168281 0.360685 0.980611
v 2.165836 0.365445 0.981097
v 2.167626 0.363334 0.980741
v 2.173349 0.366452 1.014410
v 2.177955 0.360685 1.012502
v 2.175652 0.365445 1.013456
v 2.177338 0.363334 1.012758
v 2.189519 0.366452 1.044662
v 2.193664 0.360685 1.041893
v 2.191592 0.365445 1.043277
v 2.193109 0.363335 1.042264
v 2.211281 0.366452 1.071179
v 2.214806 0.360685 1.067654
v 2.213043 0.365445 1.069416
v 2.214334 0.363335 1.068126
v 2.237798 0.366452 1.092940
v 2.240567 0.360685 1.088796
v 2.239182 0.365445 1.090868
v 2.240196 0.363335 1.089351
v 2.268050 0.366452 1.109111
v 2.269958 0.360685 1.104505
v 2.269004 0.365445 1.106808
v 2.269702 0.363335 1.105122
v 2.300876 0.366452 1.119069
v 2.301849 0.360685 1.114179
v 2.301363 0.365445 1.116624
v 2.301718 0.363335 1.114834
v 2.335014 0.366452 1.122431
v 2.335014 0.360685 1.117446
v 2.335014 0.365445 1.119938
v 2.335014 0.363335 1.118114
v 2.369152 0.366452 1.119069
v 2.368180 0.360685 1.114179
v 2.368666 0.365445 1.116624
v 2.368310 0.363335 1.114834
v 2.401978 0.366452 1.109111
v 2.400070 0.360685 1.104505
v 2.401024 0.365445 1.106808
v 2.400326 0.363335 1.105122
v 2.432230 0.366452 1.092940
v 2.429461 0.360685 1.088796
v 2.430846 0.365445 1.090868
v 2.429832 0.363335 1.089351
v 2.458747 0.366452 1.071179
v 2.455222 0.360685 1.067654
v 2.456985 0.365445 1.069416
v 2.455694 0.363335 1.068126
v 2.480509 0.366452 1.044662
v 2.476364 0.360685 1.041893
v 2.478436 0.365445 1.043277
v 2.476919 0.363335 1.042264
v 2.496679 0.366452 1.014410
v 2.492074 0.360685 1.012502
v 2.494376 0.365445 1.013456
v 2.492691 0.363334 1.012758
v 2.506637 0.366452 0.981584
v 2.501748 0.360685 0.980611
v 2.504192 0.365445 0.981097
v 2.502403 0.363334 0.980741
v 2.509999 0.366452 0.947446
v 2.505014 0.360685 0.947446
v 2.507507 0.365445 0.947446
v 2.505682 0.363334 0.947446
v 2.506637 0.366452 0.913308
v 2.501748 0.360685 0.914280
v 2.504192 0.365445 0.913794
v 2.502403 0.363334 0.914150
v 2.496679 0.366452 0.880482
v 2.492074 0.360685 0.882390
v 2.494376 0.365445 0.881436
v 2.492691 0.363334 0.882134
v 2.480509 0.366452 0.850229
v 2.476364 0.360685 0.852999
v 2.478436 0.365445 0.851614
v 2.476919 0.363334 0.852628
v 2.458747 0.366452 0.823713
v 2.455222 0.360685 0.827238
v 2.456985 0.365445 0.825475
v 2.455694 0.363334 0.826765
v 2.432230 0.366452 0.801951
v 2.429461 0.360685 0.806096
v 2.430846 0.365445 0.804023
v 2.429832 0.363334 0.805541
v 2.401978 0.366452 0.785781
v 2.400070 0.360685 0.790386
v 2.401024 0.365445 0.788083
v 2.400326 0.363334 0.789769
v 2.369152 0.366452 0.775823
v 2.368180 0.360685 0.780712
v 2.368666 0.365445 0.778268
v 2.368310 0.363334 0.780057
vn 0.0069 -0.9998 0.0166
vn 0.0035 -0.9998 0.0176
vn -0.0479 -0.9694 -0.2408
vn -0.0940 -0.9694 -0.2269
vn -0.0149 -0.9998 -0.0100
vn -0.0127 -0.9998 -0.0127
vn 0.1736 -0.9694 0.1736
vn 0.2042 -0.9694 0.1364
vn -0.0000 0.9998 -0.0180
vn -0.0035 0.9998 -0.0176
vn 0.0479 0.9694 0.2408
vn -0.0000 0.9694 0.2455
vn 0.0100 -0.9998 0.0149
vn -0.1364 -0.9694 -0.2042
vn -0.0166 -0.9998 -0.0069
vn 0.2269 -0.9694 0.0940
vn -0.0069 -0.9998 -0.0166
vn -0.0035 -0.9998 -0.0176
vn 0.0479 -0.9694 0.2408
vn 0.0940 -0.9694 0.2269
vn 0.0127 -0.9998 0.0127
vn -0.1736 -0.9694 -0.1736
vn -0.0176 -0.9998 -0.0035
vn 0.2408 -0.9694 0.0479
vn 0.0149 -0.9998 0.0100
vn -0.2042 -0.9694 -0.1364
vn -0.0180 -0.9998 -0.0000
vn 0.2455 -0.9694 -0.0000
vn 0.0166 -0.9998 0.0069
vn -0.2269 -0.9694 -0.0940
vn -0.0176 -0.9998 0.0035
vn 0.2408 -0.9694 -0.0479
vn 0.0176 -0.9998 0.0035
vn -0.2408 -0.9694 -0.0479
vn -0.0166 -0.9998 0.0069
vn 0.2269 -0.9694 -0.0940
vn 0.0180 -0.9998 -0.0000
vn -0.2455 -0.9694 -0.0000
vn -0.0149 -0.9998 0.0100
vn 0.2042 -0.9694 -0.1364
vn 0.0176 -0.9998 -0.0035
vn -0.2408 -0.9694 0.0479
vn -0.0127 -0.9998 0.0127
vn 0.1736 -0.9694 -0.1736
vn 0.0166 -0.9998 -0.0069
vn -0.2269 -0.9694 0.0940
vn -0.0100 -0.9998 0.0149
vn 0.1364 -0.9694 -0.2042
vn 0.0149 -0.9998 -0.0100
vn -0.2042 -0.9694 0.1364
vn -0.0069 -0.9998 0.0166
vn 0.0940 -0.9694 -0.2269
vn 0.0127 -0.9998 -0.0127
vn -0.1736 -0.9694 0.1736
vn -0.0035 -0.9998 0.0176
vn 0.0479 -0.9694 -0.2408
vn -0.0000 -0.9998 -0.0180
vn 0.0035 -0.9998 -0.0176
vn -0.0479 -0.9694 0.2408
vn -0.0000 -0.9694 0.2455
vn 0.0100 -0.9998 -0.0149
vn -0.1364 -0.9694 0.2042
vn -0.0000 -0.9998 0.0180
vn -0.0000 -0.9694 -0.2455
vn -0.0100 -0.9998 -0.0149
vn 0.1364 -0.9694 0.2042
vn 0.0069 -0.9998 -0.0166
vn -0.0940 -0.9694 0.2269
vn -0.3797 -0.1240 -0.9167
vn -0.1936 -0.1240 -0.9732
vn -0.1936 0.1240 -0.9732
vn -0.3797 0.1240 -0.9167
vn 0.8250 -0.1240 0.5513
vn 0.7016 -0.1240 0.7016
vn 0.7016 0.1240 0.7016
vn 0.8250 0.1240 0.5513
vn -0.5513 -0.1240 -0.8251
vn -0.5513 0.1240 -0.8251
vn 0.9167 -0.1240 0.3797
vn 0.9167 0.1240 0.3797
vn 0.5513 -0.1240 0.8251
vn 0.3797 -0.1240 0.9167
vn 0.3797 0.1240 0.9167
vn 0.5513 0.1240 0.8251
vn -0.7016 -0.1240 -0.7016
vn -0.7016 0.1240 -0.7016
vn 0.9732 -0.1240 0.1936
vn 0.9732 0.1240 0.1936
vn -0.8250 -0.1240 -0.5513
vn -0.8250 0.1240 -0.5513
vn 0.9923 -0.1240 -0.0000
vn 0.9923 0.1240 -0.0000
vn -0.9167 -0.1240 -0.3797
vn -0.9167 0.1240 -0.3797
vn 0.9732 -0.1240 -0.1936
vn 0.9732 0.1240 -0.1936
vn -0.9732 -0.1240 -0.1936
vn -0.9732 0.1240 -0.1936
vn 0.9167 -0.1240 -0.3797
vn 0.9167 0.1240 -0.3797
vn -0.9923 -0.1240 -0.0000
vn -0.9923 0.1240 -0.0000
vn 0.8250 -0.1240 -0.5513
vn 0.8250 0.1240 -0.5513
vn -0.9732 -0.1240 0.1936
vn -0.9732 0.1240 0.1936
vn 0.7016 -0.1240 -0.7016
vn 0.7016 0.1240 -0.7016
vn -0.9167 -0.1240 0.3797
vn -0.9167 0.1240 0.3797
vn 0.5513 -0.1240 -0.8251
vn 0.5513 0.1240 -0.8251
vn -0.8250 -0.1240 0.5513
vn -0.8250 0.1240 0.5513
vn 0.3797 -0.1240 -0.9167
vn 0.3797 0.1240 -0.9167
vn -0.7016 -0.1240 0.7016
vn -0.7016 0.1240 0.7016
vn 0.1936 -0.1240 -0.9732
vn 0.1936 0.1240 -0.9732
vn 0.1936 -0.1240 0.9732
vn 0.1936 0.1240 0.9732
vn -0.5513 -0.1240 0.8251
vn -0.5513 0.1240 0.8251
vn -0.0000 -0.1240 -0.9923
vn -0.0000 0.1240 -0.9923
vn -0.0000 -0.1240 0.9923
vn -0.1936 -0.1240 0.9732
vn -0.1936 0.1240 0.9732
vn -0.0000 0.1240 0.9923
vn -0.3797 -0.1240 0.9167
vn -0.3797 0.1240 0.9167
vn 0.0149 0.9998 0.0100
vn 0.0166 0.9998 0.0069
vn -0.2269 0.9694 -0.0940
vn -0.2042 0.9694 -0.1364
vn 0.8244 -0.1300 -0.5509
vn 0.8244 0.1300 -0.5509
vn 0.9160 0.1300 -0.3794
vn 0.9160 -0.1300 -0.3794
vn -0.1934 -0.1300 -0.9725
vn -0.1934 0.1300 -0.9725
vn -0.0000 0.1300 -0.9915
vn -0.0000 -0.1300 -0.9915
vn 0.0176 0.9998 0.0035
vn -0.2408 0.9694 -0.0479
vn 0.7011 -0.1300 -0.7011
vn 0.7011 0.1300 -0.7011
vn -0.3794 -0.1300 -0.9160
vn -0.3794 0.1300 -0.9160
vn 0.0180 0.9998 -0.0000
vn -0.2455 0.9694 -0.0000
vn 0.5509 -0.1300 -0.8244
vn 0.5509 0.1300 -0.8244
vn -0.5509 -0.1300 -0.8244
vn -0.5509 0.1300 -0.8244
vn 0.0176 0.9998 -0.0035
vn -0.2408 0.9694 0.0479
vn 0.3794 -0.1300 -0.9160
vn 0.3794 0.1300 -0.9160
vn -0.7011 -0.1300 -0.7011
vn -0.7011 0.1300 -0.7011
vn 0.0166 0.9998 -0.0069
vn -0.2269 0.9694 0.0940
vn 0.1934 -0.1300 -0.9725
vn 0.1934 0.1300 -0.9725
vn -0.8244 -0.1300 -0.5509
vn -0.8244 0.1300 -0.5509
vn 0.0149 0.9998 -0.0100
vn -0.2042 0.9694 0.1364
vn -0.9160 -0.1300 -0.3794
vn -0.9160 0.1300 -0.3794
vn 0.0127 0.9998 -0.0127
vn -0.1736 0.9694 0.1736
vn 0.0035 0.9998 -0.0176
vn -0.0479 0.9694 0.2408
vn -0.9725 -0.1300 -0.1934
vn -0.9725 0.1300 -0.1934
vn 0.0100 0.9998 -0.0149
vn -0.1364 0.9694 0.2042
vn -0.0069 0.9998 -0.0166
vn -0.0100 0.9998 -0.0149
vn 0.1364 0.9694 0.2042
vn 0.0940 0.9694 0.2269
vn -0.9915 -0.1300 -0.0000
vn -0.9915 0.1300 -0.0000
vn 0.0069 0.9998 -0.0166
vn -0.0940 0.9694 0.2269
vn -0.0127 0.9998 -0.0127
vn 0.1736 0.9694 0.1736
vn -0.9725 -0.1300 0.1934
vn -0.9725 0.1300 0.1934
vn -0.0149 0.9998 -0.0100
vn 0.2042 0.9694 0.1364
vn -0.9160 -0.1300 0.3794
vn -0.9160 0.1300 0.3794
vn -0.0166 0.9998 -0.0069
vn 0.2269 0.9694 0.0940
vn -0.8244 -0.1300 0.5509
vn -0.8244 0.1300 0.5509
vn -0.0176 0.9998 -0.0035
vn 0.2408 0.9694 0.0479
vn -0.7011 -0.1300 0.7011
vn -0.7011 0.1300 0.7011
vn -0.0180 0.9998 -0.0000
vn 0.2455 0.9694 -0.0000
vn -0.5509 -0.1300 0.8244
vn -0.5509 0.1300 0.8244
vn -0.0176 0.9998 0.0035
vn 0.2408 0.9694 -0.0479
vn -0.3794 -0.1300 0.9160
vn -0.3794 0.1300 0.9160
vn -0.0166 0.9998 0.0069
vn 0.2269 0.9694 -0.0940
vn -0.1934 -0.1300 0.9725
vn -0.1934 0.1300 0.9725
vn -0.0149 0.9998 0.0100
vn 0.2042 0.9694 -0.1364
vn -0.0000 -0.1300 0.9915
vn -0.0000 0.1300 0.9915
vn -0.0127 0.9998 0.0127
vn 0.1736 0.9694 -0.1736
vn 0.1934 -0.1300 0.9725
vn 0.1934 0.1300 0.9725
vn -0.0100 0.9998 0.0149
vn 0.1364 0.9694 -0.2042
vn 0.3794 -0.1300 0.9160
vn 0.3794 0.1300 0.9160
vn -0.0069 0.9998 0.0166
vn 0.0940 0.9694 -0.2269
vn 0.5509 -0.1300 0.8244
vn 0.5509 0.1300 0.8244
vn -0.0035 0.9998 0.0176
vn 0.0479 0.9694 -0.2408
vn 0.7011 -0.1300 0.7011
vn 0.7011 0.1300 0.7011
vn -0.0000 0.9998 0.0180
vn -0.0000 0.9694 -0.2455
vn 0.8244 -0.1300 0.5509
vn 0.8244 0.1300 0.5509
vn 0.0035 0.9998 0.0176
vn -0.0479 0.9694 -0.2408
vn 0.9160 -0.1300 0.3794
vn 0.9160 0.1300 0.3794
vn 0.0069 0.9998 0.0166
vn -0.0940 0.9694 -0.2269
vn 0.9725 -0.1300 0.1934
vn 0.9725 0.1300 0.1934
vn 0.0100 0.9998 0.0149
vn -0.1364 0.9694 -0.2042
vn 0.9915 -0.1300 -0.0000
vn 0.9915 0.1300 -0.0000
vn 0.0127 0.9998 0.0127
vn -0.1736 0.9694 -0.1736
vn 0.9725 -0.1300 -0.1934
vn 0.9725 0.1300 -0.1934
vn -0.0000 -0.5137 -0.8580
vn -0.1674 -0.5137 -0.8415
vn -0.0000 -0.8971 -0.4418
vn -0.0862 -0.8971 -0.4333
vn -0.3283 -0.5137 -0.7927
vn -0.1691 -0.8971 -0.4081
vn -0.4767 -0.5137 -0.7134
vn -0.2454 -0.8971 -0.3673
vn -0.6067 -0.5137 -0.6067
vn -0.3124 -0.8971 -0.3124
vn -0.7134 -0.5137 -0.4767
vn -0.3673 -0.8971 -0.2454
vn -0.7927 -0.5137 -0.3283
vn -0.4081 -0.8971 -0.1691
vn -0.8415 -0.5137 -0.1674
vn -0.4333 -0.8971 -0.0862
vn -0.8580 -0.5137 -0.0000
vn -0.4418 -0.8971 -0.0000
vn -0.8415 -0.5137 0.1674
vn -0.4333 -0.8971 0.0862
vn -0.7927 -0.5137 0.3283
vn -0.4081 -0.8971 0.1691
vn -0.7134 -0.5137 0.4767
vn -0.3673 -0.8971 0.2454
vn -0.6067 -0.5137 0.6067
vn -0.3124 -0.8971 0.3124
vn -0.4767 -0.5137 0.7134
vn -0.2454 -0.8971 0.3673
vn -0.3283 -0.5137 0.7927
vn -0.1691 -0.8971 0.4081
vn -0.1674 -0.5137 0.8415
vn -0.0862 -0.8971 0.4333
vn -0.0000 -0.5137 0.8580
vn -0.0000 -0.8971 0.4418
vn 0.1674 -0.5137 0.8415
vn 0.0862 -0.8971 0.4333
vn 0.3283 -0.5137 0.7927
vn 0.1691 -0.8971 0.4081
vn 0.4767 -0.5137 0.7134
vn 0.2454 -0.8971 0.3673
vn 0.6067 -0.5137 0.6067
vn 0.3124 -0.8971 0.3124
vn 0.7134 -0.5137 0.4767
vn 0.3673 -0.8971 0.2454
vn 0.7927 -0.5137 0.3283
vn 0.4081 -0.8971 0.1691
vn 0.8415 -0.5137 0.1674
vn 0.4333 -0.8971 0.0862
vn 0.8580 -0.5137 -0.0000
vn 0.4418 -0.8971 -0.0000
vn 0.8415 -0.5137 -0.1674
vn 0.4333 -0.8971 -0.0862
vn 0.7927 -0.5137 -0.3283
vn 0.4081 -0.8971 -0.1691
vn 0.7134 -0.5137 -0.4767
vn 0.3673 -0.8971 -0.2454
vn 0.6067 -0.5137 -0.6067
vn 0.3124 -0.8971 -0.3124
vn 0.4767 -0.5137 -0.7134
vn 0.2454 -0.8971 -0.3673
vn 0.3283 -0.5137 -0.7927
vn 0.1691 -0.8971 -0.4081
vn 0.1674 -0.5137 -0.8415
vn 0.0862 -0.8971 -0.4333
vn -0.0000 0.8971 -0.4418
vn -0.0862 0.8971 -0.4333
vn -0.0000 0.5137 -0.8580
vn -0.1674 0.5137 -0.8415
vn -0.1691 0.8971 -0.4081
vn -0.3283 0.5137 -0.7927
vn -0.2454 0.8971 -0.3673
vn -0.4767 0.5137 -0.7134
vn -0.3124 0.8971 -0.3124
vn -0.6067 0.5137 -0.6067
vn -0.3673 0.8971 -0.2454
vn -0.7134 0.5137 -0.4767
vn -0.4081 0.8971 -0.1691
vn -0.7927 0.5137 -0.3283
vn -0.4333 0.8971 -0.0862
vn -0.8415 0.5137 -0.1674
vn -0.4418 0.8971 -0.0000
vn -0.8580 0.5137 -0.0000
vn -0.4333 0.8971 0.0862
vn -0.8415 0.5137 0.1674
vn -0.4081 0.8971 0.1691
vn -0.7927 0.5137 0.3283
vn -0.3673 0.8971 0.2454
vn -0.7134 0.5137 0.4767
vn -0.3124 0.8971 0.3124
vn -0.6067 0.5137 0.6067
vn -0.2454 0.8971 0.3673
vn -0.4767 0.5137 0.7134
vn -0.1691 0.8971 0.4081
vn -0.3283 0.5137 0.7927
vn -0.0862 0.8971 0.4333
vn -0.1674 0.5137 0.8415
vn -0.0000 0.8971 0.4418
vn -0.0000 0.5137 0.8580
vn 0.0862 0.8971 0.4333
vn 0.1674 0.5137 0.8415
vn 0.1691 0.8971 0.4081
vn 0.3283 0.5137 0.7927
vn 0.2454 0.8971 0.3673
vn 0.4767 0.5137 0.7134
vn 0.3124 0.8971 0.3124
vn 0.6067 0.5137 0.6067
vn 0.3673 0.8971 0.2454
vn 0.7134 0.5137 0.4767
vn 0.4081 0.8971 0.1691
vn 0.7927 0.5137 0.3283
vn 0.4333 0.8971 0.0862
vn 0.8415 0.5137 0.1674
vn 0.4418 0.8971 -0.0000
vn 0.8580 0.5137 -0.0000
vn 0.4333 0.8971 -0.0862
vn 0.8415 0.5137 -0.1674
vn 0.4081 0.8971 -0.1691
vn 0.7927 0.5137 -0.3283
vn 0.3673 0.8971 -0.2454
vn 0.7134 0.5137 -0.4767
vn 0.3124 0.8971 -0.3124
vn 0.6067 0.5137 -0.6067
vn 0.2454 0.8971 -0.3673
vn 0.4767 0.5137 -0.7134
vn 0.1691 0.8971 -0.4081
vn 0.3283 0.5137 -0.7927
vn 0.0862 0.8971 -0.4333
vn 0.1674 0.5137 -0.8415
vn -0.0000 -0.8196 0.5729
vn 0.1118 -0.8196 0.5619
vn -0.0000 -0.4668 0.8844
vn 0.1725 -0.4668 0.8674
vn 0.2192 -0.8196 0.5293
vn 0.3384 -0.4668 0.8171
vn 0.3183 -0.8196 0.4763
vn 0.4913 -0.4668 0.7353
vn 0.4051 -0.8196 0.4051
vn 0.6253 -0.4668 0.6253
vn 0.4763 -0.8196 0.3183
vn 0.7353 -0.4668 0.4913
vn 0.5293 -0.8196 0.2192
vn 0.8171 -0.4668 0.3384
vn 0.5619 -0.8196 0.1118
vn 0.8674 -0.4668 0.1725
vn 0.5729 -0.8196 -0.0000
vn 0.8844 -0.4668 -0.0000
vn 0.5619 -0.8196 -0.1118
vn 0.8674 -0.4668 -0.1725
vn 0.5293 -0.8196 -0.2192
vn 0.8171 -0.4668 -0.3384
vn 0.4763 -0.8196 -0.3183
vn 0.7353 -0.4668 -0.4913
vn 0.4051 -0.8196 -0.4051
vn 0.6253 -0.4668 -0.6253
vn 0.3183 -0.8196 -0.4763
vn 0.4913 -0.4668 -0.7353
vn 0.2192 -0.8196 -0.5293
vn 0.3384 -0.4668 -0.8171
vn 0.1118 -0.8196 -0.5619
vn 0.1725 -0.4668 -0.8674
vn -0.0000 -0.8196 -0.5729
vn -0.0000 -0.4668 -0.8844
vn -0.1118 -0.8196 -0.5619
vn -0.1725 -0.4668 -0.8674
vn -0.2192 -0.8196 -0.5293
vn -0.3384 -0.4668 -0.8171
vn -0.3183 -0.8196 -0.4763
vn -0.4913 -0.4668 -0.7353
vn -0.4051 -0.8196 -0.4051
vn -0.6253 -0.4668 -0.6253
vn -0.4763 -0.8196 -0.3183
vn -0.7353 -0.4668 -0.4913
vn -0.5293 -0.8196 -0.2192
vn -0.8171 -0.4668 -0.3384
vn -0.5619 -0.8196 -0.1118
vn -0.8674 -0.4668 -0.1725
vn -0.5729 -0.8196 -0.0000
vn -0.8844 -0.4668 -0.0000
vn -0.5619 -0.8196 0.1118
vn -0.8674 -0.4668 0.1725
vn -0.5293 -0.8196 0.2192
vn -0.8171 -0.4668 0.3384
vn -0.4763 -0.8196 0.3183
vn -0.7353 -0.4668 0.4913
vn -0.4051 -0.8196 0.4051
vn -0.6253 -0.4668 0.6253
vn -0.3183 -0.8196 0.4763
vn -0.4913 -0.4668 0.7353
vn -0.2192 -0.8196 0.5293
vn -0.3384 -0.4668 0.8171
vn -0.1118 -0.8196 0.5619
vn -0.1725 -0.4668 0.8674
vn -0.0000 0.4668 0.8844
vn 0.1725 0.4668 0.8674
vn -0.0000 0.8196 0.5729
vn 0.1118 0.8196 0.5619
vn 0.3384 0.4668 0.8171
vn 0.2192 0.8196 0.5293
vn 0.4913 0.4668 0.7353
vn 0.3183 0.8196 0.4763
vn 0.6253 0.4668 0.6253
vn 0.4051 0.8196 0.4051
vn 0.7353 0.4668 0.4913
vn 0.4763 0.8196 0.3183
vn 0.8171 0.4668 0.3384
vn 0.5293 0.8196 0.2192
vn 0.8674 0.4668 0.1725
vn 0.5619 0.8196 0.1118
vn 0.8844 0.4668 -0.0000
vn 0.5729 0.8196 -0.0000
vn 0.8674 0.4668 -0.1725
vn 0.5619 0.8196 -0.1118
vn 0.8171 0.4668 -0.3384
vn 0.5293 0.8196 -0.2192
vn 0.7353 0.4668 -0.4913
vn 0.4763 0.8196 -0.3183
vn 0.6253 0.4668 -0.6253
vn 0.4051 0.8196 -0.4051
vn 0.4913 0.4668 -0.7353
vn 0.3183 0.8196 -0.4763
vn 0.3384 0.4668 -0.8171
vn 0.2192 0.8196 -0.5293
vn 0.1725 0.4668 -0.8674
vn 0.1118 0.8196 -0.5619
vn -0.0000 0.4668 -0.8844
vn -0.0000 0.8196 -0.5729
vn -0.1725 0.4668 -0.8674
vn -0.1118 0.8196 -0.5619
vn -0.3384 0.4668 -0.8171
vn -0.2192 0.8196 -0.5293
vn -0.4913 0.4668 -0.7353
vn -0.3183 0.8196 -0.4763
vn -0.6253 0.4668 -0.6253
vn -0.4051 0.8196 -0.4051
vn -0.7353 0.4668 -0.4913
vn -0.4763 0.8196 -0.3183
vn -0.8171 0.4668 -0.3384
vn -0.5293 0.8196 -0.2192
vn -0.8674 0.4668 -0.1725
vn -0.5619 0.8196 -0.1118
vn -0.8844 0.4668 -0.0000
vn -0.5729 0.8196 -0.0000
vn -0.8674 0.4668 0.1725
vn -0.5619 0.8196 0.1118
vn -0.8171 0.4668 0.3384
vn -0.5293 0.8196 0.2192
vn -0.7353 0.4668 0.4913
vn -0.4763 0.8196 0.3183
vn -0.6253 0.4668 0.6253
vn -0.4051 0.8196 0.4051
vn -0.4913 0.4668 0.7353
vn -0.3183 0.8196 0.4763
vn -0.3384 0.4668 0.8171
vn -0.2192 0.8196 0.5293
vn -0.1725 0.4668 0.8674
vn -0.1118 0.8196 0.5619
vt 0.000000 0.000000
s 1
usemtl 材质.022
f 4649/3345/4397 4645/3345/4398 4902/3345/4399 4906/3345/4400
f 4597/3345/4401 4593/3345/4402 4850/3345/4403 4854/3345/4404
f 4705/3345/4405 4710/3345/4406 4961/3345/4407 4966/3345/4408
f 4653/3345/4409 4649/3345/4397 4906/3345/4400 4910/3345/4410
f 4601/3345/4411 4597/3345/4401 4854/3345/4404 4858/3345/4412
f 4585/3345/4413 4581/3345/4414 4834/3345/4415 4842/3345/4416
f 4657/3345/4417 4653/3345/4409 4910/3345/4410 4914/3345/4418
f 4605/3345/4419 4601/3345/4411 4858/3345/4412 4862/3345/4420
f 4661/3345/4421 4657/3345/4417 4914/3345/4418 4918/3345/4422
f 4609/3345/4423 4605/3345/4419 4862/3345/4420 4866/3345/4424
f 4665/3345/4425 4661/3345/4421 4918/3345/4422 4922/3345/4426
f 4613/3345/4427 4609/3345/4423 4866/3345/4424 4870/3345/4428
f 4669/3345/4429 4665/3345/4425 4922/3345/4426 4926/3345/4430
f 4617/3345/4431 4613/3345/4427 4870/3345/4428 4874/3345/4432
f 4673/3345/4433 4669/3345/4429 4926/3345/4430 4930/3345/4434
f 4621/3345/4435 4617/3345/4431 4874/3345/4432 4878/3345/4436
f 4677/3345/4437 4673/3345/4433 4930/3345/4434 4934/3345/4438
f 4625/3345/4439 4621/3345/4435 4878/3345/4436 4882/3345/4440
f 4681/3345/4441 4677/3345/4437 4934/3345/4438 4938/3345/4442
f 4629/3345/4443 4625/3345/4439 4882/3345/4440 4886/3345/4444
f 4685/3345/4445 4681/3345/4441 4938/3345/4442 4942/3345/4446
f 4633/3345/4447 4629/3345/4443 4886/3345/4444 4890/3345/4448
f 4689/3345/4449 4685/3345/4445 4942/3345/4446 4946/3345/4450
f 4637/3345/4451 4633/3345/4447 4890/3345/4448 4894/3345/4452
f 4578/3345/4453 4701/3345/4454 4958/3345/4455 4837/3345/4456
f 4693/3345/4457 4689/3345/4449 4946/3345/4450 4950/3345/4458
f 4641/3345/4459 4637/3345/4451 4894/3345/4452 4898/3345/4460
f 4589/3345/4461 4585/3345/4413 4842/3345/4416 4846/3345/4462
f 4697/3345/4463 4693/3345/4457 4950/3345/4458 4954/3345/4464
f 4645/3345/4398 4641/3345/4459 4898/3345/4460 4902/3345/4399
f 4593/3345/4402 4589/3345/4461 4846/3345/4462 4850/3345/4403
f 4701/3345/4454 4697/3345/4463 4954/3345/4464 4958/3345/4455
f 4905/3345/4465 4901/3345/4466 5030/3345/4467 5034/3345/4468
f 4853/3345/4469 4849/3345/4470 4978/3345/4471 4982/3345/4472
f 4909/3345/4473 4905/3345/4465 5034/3345/4468 5038/3345/4474
f 4857/3345/4475 4853/3345/4469 4982/3345/4472 4986/3345/4476
f 4845/3345/4477 4841/3345/4478 4970/3345/4479 4974/3345/4480
f 4913/3345/4481 4909/3345/4473 5038/3345/4474 5042/3345/4482
f 4861/3345/4483 4857/3345/4475 4986/3345/4476 4990/3345/4484
f 4917/3345/4485 4913/3345/4481 5042/3345/4482 5046/3345/4486
f 4865/3345/4487 4861/3345/4483 4990/3345/4484 4994/3345/4488
f 4921/3345/4489 4917/3345/4485 5046/3345/4486 5050/3345/4490
f 4869/3345/4491 4865/3345/4487 4994/3345/4488 4998/3345/4492
f 4925/3345/4493 4921/3345/4489 5050/3345/4490 5054/3345/4494
f 4873/3345/4495 4869/3345/4491 4998/3345/4492 5002/3345/4496
f 4929/3345/4497 4925/3345/4493 5054/3345/4494 5058/3345/4498
f 4877/3345/4499 4873/3345/4495 5002/3345/4496 5006/3345/4500
f 4933/3345/4501 4929/3345/4497 5058/3345/4498 5062/3345/4502
f 4881/3345/4503 4877/3345/4499 5006/3345/4500 5010/3345/4504
f 4937/3345/4505 4933/3345/4501 5062/3345/4502 5066/3345/4506
f 4885/3345/4507 4881/3345/4503 5010/3345/4504 5014/3345/4508
f 4941/3345/4509 4937/3345/4505 5066/3345/4506 5070/3345/4510
f 4889/3345/4511 4885/3345/4507 5014/3345/4508 5018/3345/4512
f 4945/3345/4513 4941/3345/4509 5070/3345/4510 5074/3345/4514
f 4893/3345/4515 4889/3345/4511 5018/3345/4512 5022/3345/4516
f 4841/3345/4478 4833/3345/4517 4962/3345/4518 4970/3345/4479
f 4949/3345/4519 4945/3345/4513 5074/3345/4514 5078/3345/4520
f 4897/3345/4521 4893/3345/4515 5022/3345/4516 5026/3345/4522
f 4838/3345/4523 4957/3345/4524 5086/3345/4525 4965/3345/4526
f 4953/3345/4527 4949/3345/4519 5078/3345/4520 5082/3345/4528
f 4901/3345/4466 4897/3345/4521 5026/3345/4522 5030/3345/4467
f 4849/3345/4470 4845/3345/4477 4974/3345/4480 4978/3345/4471
f 4957/3345/4524 4953/3345/4527 5082/3345/4528 5086/3345/4525
f 4790/3345/4529 4794/3345/4530 5049/3345/4531 5045/3345/4532
f 4686/3345/4533 4813/3345/4534 4809/3345/4535 4682/3345/4536
f 4582/3345/4537 4709/3345/4538 4706/3345/4539 4577/3345/4540
f 4794/3345/4530 4798/3345/4541 5053/3345/4542 5049/3345/4531
f 4690/3345/4543 4817/3345/4544 4813/3345/4534 4686/3345/4533
f 4586/3345/4545 4713/3345/4546 4709/3345/4538 4582/3345/4537
f 4798/3345/4541 4802/3345/4547 5057/3345/4548 5053/3345/4542
f 4694/3345/4549 4821/3345/4550 4817/3345/4544 4690/3345/4543
f 4590/3345/4551 4717/3345/4552 4713/3345/4546 4586/3345/4545
f 4802/3345/4547 4806/3345/4553 5061/3345/4554 5057/3345/4548
f 4698/3345/4555 4825/3345/4556 4821/3345/4550 4694/3345/4549
f 4594/3345/4557 4721/3345/4558 4717/3345/4552 4590/3345/4551
f 4806/3345/4553 4810/3345/4559 5065/3345/4560 5061/3345/4554
f 4702/3345/4561 4829/3345/4562 4825/3345/4556 4698/3345/4555
f 4598/3345/4563 4725/3345/4564 4721/3345/4558 4594/3345/4557
f 4810/3345/4559 4814/3345/4565 5069/3345/4566 5065/3345/4560
f 4577/3345/4540 4706/3345/4539 4829/3345/4562 4702/3345/4561
f 4602/3345/4567 4729/3345/4568 4725/3345/4564 4598/3345/4563
f 4814/3345/4565 4818/3345/4569 5073/3345/4570 5069/3345/4566
f 4830/3345/4571 4705/3345/4405 4966/3345/4408 5085/3345/4572
f 4606/3345/4573 4733/3345/4574 4729/3345/4568 4602/3345/4567
f 4818/3345/4569 4822/3345/4575 5077/3345/4576 5073/3345/4570
f 4714/3345/4577 4718/3345/4578 4973/3345/4579 4969/3345/4580
f 4610/3345/4581 4737/3345/4582 4733/3345/4574 4606/3345/4573
f 4822/3345/4575 4826/3345/4583 5081/3345/4584 5077/3345/4576
f 4718/3345/4578 4722/3345/4585 4977/3345/4586 4973/3345/4579
f 4614/3345/4587 4741/3345/4588 4737/3345/4582 4610/3345/4581
f 4826/3345/4583 4830/3345/4571 5085/3345/4572 5081/3345/4584
f 4722/3345/4585 4726/3345/4589 4981/3345/4590 4977/3345/4586
f 4618/3345/4591 4745/3345/4592 4741/3345/4588 4614/3345/4587
f 4833/3345/4517 4838/3345/4523 4965/3345/4526 4962/3345/4518
f 4726/3345/4589 4730/3345/4593 4985/3345/4594 4981/3345/4590
f 4622/3345/4595 4749/3345/4596 4745/3345/4592 4618/3345/4591
f 4710/3345/4406 4714/3345/4577 4969/3345/4580 4961/3345/4407
f 4730/3345/4593 4734/3345/4597 4989/3345/4598 4985/3345/4594
f 4626/3345/4599 4753/3345/4600 4749/3345/4596 4622/3345/4595
f 4734/3345/4597 4738/3345/4601 4993/3345/4602 4989/3345/4598
f 4630/3345/4603 4757/3345/4604 4753/3345/4600 4626/3345/4599
f 4738/3345/4601 4742/3345/4605 4997/3345/4606 4993/3345/4602
f 4634/3345/4607 4761/3345/4608 4757/3345/4604 4630/3345/4603
f 4742/3345/4605 4746/3345/4609 5001/3345/4610 4997/3345/4606
f 4638/3345/4611 4765/3345/4612 4761/3345/4608 4634/3345/4607
f 4746/3345/4609 4750/3345/4613 5005/3345/4614 5001/3345/4610
f 4642/3345/4615 4769/3345/4616 4765/3345/4612 4638/3345/4611
f 4750/3345/4613 4754/3345/4617 5009/3345/4618 5005/3345/4614
f 4646/3345/4619 4773/3345/4620 4769/3345/4616 4642/3345/4615
f 4754/3345/4617 4758/3345/4621 5013/3345/4622 5009/3345/4618
f 4650/3345/4623 4777/3345/4624 4773/3345/4620 4646/3345/4619
f 4758/3345/4621 4762/3345/4625 5017/3345/4626 5013/3345/4622
f 4654/3345/4627 4781/3345/4628 4777/3345/4624 4650/3345/4623
f 4762/3345/4625 4766/3345/4629 5021/3345/4630 5017/3345/4626
f 4658/3345/4631 4785/3345/4632 4781/3345/4628 4654/3345/4627
f 4766/3345/4629 4770/3345/4633 5025/3345/4634 5021/3345/4630
f 4662/3345/4635 4789/3345/4636 4785/3345/4632 4658/3345/4631
f 4770/3345/4633 4774/3345/4637 5029/3345/4638 5025/3345/4634
f 4666/3345/4639 4793/3345/4640 4789/3345/4636 4662/3345/4635
f 4774/3345/4637 4778/3345/4641 5033/3345/4642 5029/3345/4638
f 4670/3345/4643 4797/3345/4644 4793/3345/4640 4666/3345/4639
f 4778/3345/4641 4782/3345/4645 5037/3345/4646 5033/3345/4642
f 4674/3345/4647 4801/3345/4648 4797/3345/4644 4670/3345/4643
f 4782/3345/4645 4786/3345/4649 5041/3345/4650 5037/3345/4646
f 4678/3345/4651 4805/3345/4652 4801/3345/4648 4674/3345/4647
f 4786/3345/4649 4790/3345/4529 5045/3345/4532 5041/3345/4650
f 4682/3345/4536 4809/3345/4535 4805/3345/4652 4678/3345/4651
f 4582/3345/4537 4577/3345/4540 4579/3345/4653 4584/3345/4654
f 4584/3345/4654 4579/3345/4653 4580/3345/4655 4583/3345/4656
f 4583/3345/4656 4580/3345/4655 4578/3345/4453 4581/3345/4414
f 4586/3345/4545 4582/3345/4537 4584/3345/4654 4588/3345/4657
f 4588/3345/4657 4584/3345/4654 4583/3345/4656 4587/3345/4658
f 4587/3345/4658 4583/3345/4656 4581/3345/4414 4585/3345/4413
f 4590/3345/4551 4586/3345/4545 4588/3345/4657 4592/3345/4659
f 4592/3345/4659 4588/3345/4657 4587/3345/4658 4591/3345/4660
f 4591/3345/4660 4587/3345/4658 4585/3345/4413 4589/3345/4461
f 4594/3345/4557 4590/3345/4551 4592/3345/4659 4596/3345/4661
f 4596/3345/4661 4592/3345/4659 4591/3345/4660 4595/3345/4662
f 4595/3345/4662 4591/3345/4660 4589/3345/4461 4593/3345/4402
f 4598/3345/4563 4594/3345/4557 4596/3345/4661 4600/3345/4663
f 4600/3345/4663 4596/3345/4661 4595/3345/4662 4599/3345/4664
f 4599/3345/4664 4595/3345/4662 4593/3345/4402 4597/3345/4401
f 4602/3345/4567 4598/3345/4563 4600/3345/4663 4604/3345/4665
f 4604/3345/4665 4600/3345/4663 4599/3345/4664 4603/3345/4666
f 4603/3345/4666 4599/3345/4664 4597/3345/4401 4601/3345/4411
f 4606/3345/4573 4602/3345/4567 4604/3345/4665 4608/3345/4667
f 4608/3345/4667 4604/3345/4665 4603/3345/4666 4607/3345/4668
f 4607/3345/4668 4603/3345/4666 4601/3345/4411 4605/3345/4419
f 4610/3345/4581 4606/3345/4573 4608/3345/4667 4612/3345/4669
f 4612/3345/4669 4608/3345/4667 4607/3345/4668 4611/3345/4670
f 4611/3345/4670 4607/3345/4668 4605/3345/4419 4609/3345/4423
f 4614/3345/4587 4610/3345/4581 4612/3345/4669 4616/3345/4671
f 4616/3345/4671 4612/3345/4669 4611/3345/4670 4615/3345/4672
f 4615/3345/4672 4611/3345/4670 4609/3345/4423 4613/3345/4427
f 4618/3345/4591 4614/3345/4587 4616/3345/4671 4620/3345/4673
f 4620/3345/4673 4616/3345/4671 4615/3345/4672 4619/3345/4674
f 4619/3345/4674 4615/3345/4672 4613/3345/4427 4617/3345/4431
f 4622/3345/4595 4618/3345/4591 4620/3345/4673 4624/3345/4675
f 4624/3345/4675 4620/3345/4673 4619/3345/4674 4623/3345/4676
f 4623/3345/4676 4619/3345/4674 4617/3345/4431 4621/3345/4435
f 4626/3345/4599 4622/3345/4595 4624/3345/4675 4628/3345/4677
f 4628/3345/4677 4624/3345/4675 4623/3345/4676 4627/3345/4678
f 4627/3345/4678 4623/3345/4676 4621/3345/4435 4625/3345/4439
f 4630/3345/4603 4626/3345/4599 4628/3345/4677 4632/3345/4679
f 4632/3345/4679 4628/3345/4677 4627/3345/4678 4631/3345/4680
f 4631/3345/4680 4627/3345/4678 4625/3345/4439 4629/3345/4443
f 4634/3345/4607 4630/3345/4603 4632/3345/4679 4636/3345/4681
f 4636/3345/4681 4632/3345/4679 4631/3345/4680 4635/3345/4682
f 4635/3345/4682 4631/3345/4680 4629/3345/4443 4633/3345/4447
f 4638/3345/4611 4634/3345/4607 4636/3345/4681 4640/3345/4683
f 4640/3345/4683 4636/3345/4681 4635/3345/4682 4639/3345/4684
f 4639/3345/4684 4635/3345/4682 4633/3345/4447 4637/3345/4451
f 4642/3345/4615 4638/3345/4611 4640/3345/4683 4644/3345/4685
f 4644/3345/4685 4640/3345/4683 4639/3345/4684 4643/3345/4686
f 4643/3345/4686 4639/3345/4684 4637/3345/4451 4641/3345/4459
f 4646/3345/4619 4642/3345/4615 4644/3345/4685 4648/3345/4687
f 4648/3345/4687 4644/3345/4685 4643/3345/4686 4647/3345/4688
f 4647/3345/4688 4643/3345/4686 4641/3345/4459 4645/3345/4398
f 4650/3345/4623 4646/3345/4619 4648/3345/4687 4652/3345/4689
f 4652/3345/4689 4648/3345/4687 4647/3345/4688 4651/3345/4690
f 4651/3345/4690 4647/3345/4688 4645/3345/4398 4649/3345/4397
f 4654/3345/4627 4650/3345/4623 4652/3345/4689 4656/3345/4691
f 4656/3345/4691 4652/3345/4689 4651/3345/4690 4655/3345/4692
f 4655/3345/4692 4651/3345/4690 4649/3345/4397 4653/3345/4409
f 4658/3345/4631 4654/3345/4627 4656/3345/4691 4660/3345/4693
f 4660/3345/4693 4656/3345/4691 4655/3345/4692 4659/3345/4694
f 4659/3345/4694 4655/3345/4692 4653/3345/4409 4657/3345/4417
f 4662/3345/4635 4658/3345/4631 4660/3345/4693 4664/3345/4695
f 4664/3345/4695 4660/3345/4693 4659/3345/4694 4663/3345/4696
f 4663/3345/4696 4659/3345/4694 4657/3345/4417 4661/3345/4421
f 4666/3345/4639 4662/3345/4635 4664/3345/4695 4668/3345/4697
f 4668/3345/4697 4664/3345/4695 4663/3345/4696 4667/3345/4698
f 4667/3345/4698 4663/3345/4696 4661/3345/4421 4665/3345/4425
f 4670/3345/4643 4666/3345/4639 4668/3345/4697 4672/3345/4699
f 4672/3345/4699 4668/3345/4697 4667/3345/4698 4671/3345/4700
f 4671/3345/4700 4667/3345/4698 4665/3345/4425 4669/3345/4429
f 4674/3345/4647 4670/3345/4643 4672/3345/4699 4676/3345/4701
f 4676/3345/4701 4672/3345/4699 4671/3345/4700 4675/3345/4702
f 4675/3345/4702 4671/3345/4700 4669/3345/4429 4673/3345/4433
f 4678/3345/4651 4674/3345/4647 4676/3345/4701 4680/3345/4703
f 4680/3345/4703 4676/3345/4701 4675/3345/4702 4679/3345/4704
f 4679/3345/4704 4675/3345/4702 4673/3345/4433 4677/3345/4437
f 4682/3345/4536 4678/3345/4651 4680/3345/4703 4684/3345/4705
f 4684/3345/4705 4680/3345/4703 4679/3345/4704 4683/3345/4706
f 4683/3345/4706 4679/3345/4704 4677/3345/4437 4681/3345/4441
f 4686/3345/4533 4682/3345/4536 4684/3345/4705 4688/3345/4707
f 4688/3345/4707 4684/3345/4705 4683/3345/4706 4687/3345/4708
f 4687/3345/4708 4683/3345/4706 4681/3345/4441 4685/3345/4445
f 4690/3345/4543 4686/3345/4533 4688/3345/4707 4692/3345/4709
f 4692/3345/4709 4688/3345/4707 4687/3345/4708 4691/3345/4710
f 4691/3345/4710 4687/3345/4708 4685/3345/4445 4689/3345/4449
f 4694/3345/4549 4690/3345/4543 4692/3345/4709 4696/3345/4711
f 4696/3345/4711 4692/3345/4709 4691/3345/4710 4695/3345/4712
f 4695/3345/4712 4691/3345/4710 4689/3345/4449 4693/3345/4457
f 4698/3345/4555 4694/3345/4549 4696/3345/4711 4700/3345/4713
f 4700/3345/4713 4696/3345/4711 4695/3345/4712 4699/3345/4714
f 4699/3345/4714 4695/3345/4712 4693/3345/4457 4697/3345/4463
f 4702/3345/4561 4698/3345/4555 4700/3345/4713 4704/3345/4715
f 4704/3345/4715 4700/3345/4713 4699/3345/4714 4703/3345/4716
f 4703/3345/4716 4699/3345/4714 4697/3345/4463 4701/3345/4454
f 4577/3345/4540 4702/3345/4561 4704/3345/4715 4579/3345/4653
f 4579/3345/4653 4704/3345/4715 4703/3345/4716 4580/3345/4655
f 4580/3345/4655 4703/3345/4716 4701/3345/4454 4578/3345/4453
f 4710/3345/4406 4705/3345/4405 4707/3345/4717 4712/3345/4718
f 4712/3345/4718 4707/3345/4717 4708/3345/4719 4711/3345/4720
f 4711/3345/4720 4708/3345/4719 4706/3345/4539 4709/3345/4538
f 4714/3345/4577 4710/3345/4406 4712/3345/4718 4716/3345/4721
f 4716/3345/4721 4712/3345/4718 4711/3345/4720 4715/3345/4722
f 4715/3345/4722 4711/3345/4720 4709/3345/4538 4713/3345/4546
f 4718/3345/4578 4714/3345/4577 4716/3345/4721 4720/3345/4723
f 4720/3345/4723 4716/3345/4721 4715/3345/4722 4719/3345/4724
f 4719/3345/4724 4715/3345/4722 4713/3345/4546 4717/3345/4552
f 4722/3345/4585 4718/3345/4578 4720/3345/4723 4724/3345/4725
f 4724/3345/4725 4720/3345/4723 4719/3345/4724 4723/3345/4726
f 4723/3345/4726 4719/3345/4724 4717/3345/4552 4721/3345/4558
f 4726/3345/4589 4722/3345/4585 4724/3345/4725 4728/3345/4727
f 4728/3345/4727 4724/3345/4725 4723/3345/4726 4727/3345/4728
f 4727/3345/4728 4723/3345/4726 4721/3345/4558 4725/3345/4564
f 4730/3345/4593 4726/3345/4589 4728/3345/4727 4732/3345/4729
f 4732/3345/4729 4728/3345/4727 4727/3345/4728 4731/3345/4730
f 4731/3345/4730 4727/3345/4728 4725/3345/4564 4729/3345/4568
f 4734/3345/4597 4730/3345/4593 4732/3345/4729 4736/3345/4731
f 4736/3345/4731 4732/3345/4729 4731/3345/4730 4735/3345/4732
f 4735/3345/4732 4731/3345/4730 4729/3345/4568 4733/3345/4574
f 4738/3345/4601 4734/3345/4597 4736/3345/4731 4740/3345/4733
f 4740/3345/4733 4736/3345/4731 4735/3345/4732 4739/3345/4734
f 4739/3345/4734 4735/3345/4732 4733/3345/4574 4737/3345/4582
f 4742/3345/4605 4738/3345/4601 4740/3345/4733 4744/3345/4735
f 4744/3345/4735 4740/3345/4733 4739/3345/4734 4743/3345/4736
f 4743/3345/4736 4739/3345/4734 4737/3345/4582 4741/3345/4588
f 4746/3345/4609 4742/3345/4605 4744/3345/4735 4748/3345/4737
f 4748/3345/4737 4744/3345/4735 4743/3345/4736 4747/3345/4738
f 4747/3345/4738 4743/3345/4736 4741/3345/4588 4745/3345/4592
f 4750/3345/4613 4746/3345/4609 4748/3345/4737 4752/3345/4739
f 4752/3345/4739 4748/3345/4737 4747/3345/4738 4751/3345/4740
f 4751/3345/4740 4747/3345/4738 4745/3345/4592 4749/3345/4596
f 4754/3345/4617 4750/3345/4613 4752/3345/4739 4756/3345/4741
f 4756/3345/4741 4752/3345/4739 4751/3345/4740 4755/3345/4742
f 4755/3345/4742 4751/3345/4740 4749/3345/4596 4753/3345/4600
f 4758/3345/4621 4754/3345/4617 4756/3345/4741 4760/3345/4743
f 4760/3345/4743 4756/3345/4741 4755/3345/4742 4759/3345/4744
f 4759/3345/4744 4755/3345/4742 4753/3345/4600 4757/3345/4604
f 4762/3345/4625 4758/3345/4621 4760/3345/4743 4764/3345/4745
f 4764/3345/4745 4760/3345/4743 4759/3345/4744 4763/3345/4746
f 4763/3345/4746 4759/3345/4744 4757/3345/4604 4761/3345/4608
f 4766/3345/4629 4762/3345/4625 4764/3345/4745 4768/3345/4747
f 4768/3345/4747 4764/3345/4745 4763/3345/4746 4767/3345/4748
f 4767/3345/4748 4763/3345/4746 4761/3345/4608 4765/3345/4612
f 4770/3345/4633 4766/3345/4629 4768/3345/4747 4772/3345/4749
f 4772/3345/4749 4768/3345/4747 4767/3345/4748 4771/3345/4750
f 4771/3345/4750 4767/3345/4748 4765/3345/4612 4769/3345/4616
f 4774/3345/4637 4770/3345/4633 4772/3345/4749 4776/3345/4751
f 4776/3345/4751 4772/3345/4749 4771/3345/4750 4775/3345/4752
f 4775/3345/4752 4771/3345/4750 4769/3345/4616 4773/3345/4620
f 4778/3345/4641 4774/3345/4637 4776/3345/4751 4780/3345/4753
f 4780/3345/4753 4776/3345/4751 4775/3345/4752 4779/3345/4754
f 4779/3345/4754 4775/3345/4752 4773/3345/4620 4777/3345/4624
f 4782/3345/4645 4778/3345/4641 4780/3345/4753 4784/3345/4755
f 4784/3345/4755 4780/3345/4753 4779/3345/4754 4783/3345/4756
f 4783/3345/4756 4779/3345/4754 4777/3345/4624 4781/3345/4628
f 4786/3345/4649 4782/3345/4645 4784/3345/4755 4788/3345/4757
f 4788/3345/4757 4784/3345/4755 4783/3345/4756 4787/3345/4758
f 4787/3345/4758 4783/3345/4756 4781/3345/4628 4785/3345/4632
f 4790/3345/4529 4786/3345/4649 4788/3345/4757 4792/3345/4759
f 4792/3345/4759 4788/3345/4757 4787/3345/4758 4791/3345/4760
f 4791/3345/4760 4787/3345/4758 4785/3345/4632 4789/3345/4636
f 4794/3345/4530 4790/3345/4529 4792/3345/4759 4796/3345/4761
f 4796/3345/4761 4792/3345/4759 4791/3345/4760 4795/3345/4762
f 4795/3345/4762 4791/3345/4760 4789/3345/4636 4793/3345/4640
f 4798/3345/4541 4794/3345/4530 4796/3345/4761 4800/3345/4763
f 4800/3345/4763 4796/3345/4761 4795/3345/4762 4799/3345/4764
f 4799/3345/4764 4795/3345/4762 4793/3345/4640 4797/3345/4644
f 4802/3345/4547 4798/3345/4541 4800/3345/4763 4804/3345/4765
f 4804/3345/4765 4800/3345/4763 4799/3345/4764 4803/3345/4766
f 4803/3345/4766 4799/3345/4764 4797/3345/4644 4801/3345/4648
f 4806/3345/4553 4802/3345/4547 4804/3345/4765 4808/3345/4767
f 4808/3345/4767 4804/3345/4765 4803/3345/4766 4807/3345/4768
f 4807/3345/4768 4803/3345/4766 4801/3345/4648 4805/3345/4652
f 4810/3345/4559 4806/3345/4553 4808/3345/4767 4812/3345/4769
f 4812/3345/4769 4808/3345/4767 4807/3345/4768 4811/3345/4770
f 4811/3345/4770 4807/3345/4768 4805/3345/4652 4809/3345/4535
f 4814/3345/4565 4810/3345/4559 4812/3345/4769 4816/3345/4771
f 4816/3345/4771 4812/3345/4769 4811/3345/4770 4815/3345/4772
f 4815/3345/4772 4811/3345/4770 4809/3345/4535 4813/3345/4534
f 4818/3345/4569 4814/3345/4565 4816/3345/4771 4820/3345/4773
f 4820/3345/4773 4816/3345/4771 4815/3345/4772 4819/3345/4774
f 4819/3345/4774 4815/3345/4772 4813/3345/4534 4817/3345/4544
f 4822/3345/4575 4818/3345/4569 4820/3345/4773 4824/3345/4775
f 4824/3345/4775 4820/3345/4773 4819/3345/4774 4823/3345/4776
f 4823/3345/4776 4819/3345/4774 4817/3345/4544 4821/3345/4550
f 4826/3345/4583 4822/3345/4575 4824/3345/4775 4828/3345/4777
f 4828/3345/4777 4824/3345/4775 4823/3345/4776 4827/3345/4778
f 4827/3345/4778 4823/3345/4776 4821/3345/4550 4825/3345/4556
f 4830/3345/4571 4826/3345/4583 4828/3345/4777 4832/3345/4779
f 4832/3345/4779 4828/3345/4777 4827/3345/4778 4831/3345/4780
f 4831/3345/4780 4827/3345/4778 4825/3345/4556 4829/3345/4562
f 4705/3345/4405 4830/3345/4571 4832/3345/4779 4707/3345/4717
f 4707/3345/4717 4832/3345/4779 4831/3345/4780 4708/3345/4719
f 4708/3345/4719 4831/3345/4780 4829/3345/4562 4706/3345/4539
f 4834/3345/4415 4837/3345/4456 4839/3345/4781 4836/3345/4782
f 4836/3345/4782 4839/3345/4781 4840/3345/4783 4835/3345/4784
f 4835/3345/4784 4840/3345/4783 4838/3345/4523 4833/3345/4517
f 4842/3345/4416 4834/3345/4415 4836/3345/4782 4844/3345/4785
f 4844/3345/4785 4836/3345/4782 4835/3345/4784 4843/3345/4786
f 4843/3345/4786 4835/3345/4784 4833/3345/4517 4841/3345/4478
f 4846/3345/4462 4842/3345/4416 4844/3345/4785 4848/3345/4787
f 4848/3345/4787 4844/3345/4785 4843/3345/4786 4847/3345/4788
f 4847/3345/4788 4843/3345/4786 4841/3345/4478 4845/3345/4477
f 4850/3345/4403 4846/3345/4462 4848/3345/4787 4852/3345/4789
f 4852/3345/4789 4848/3345/4787 4847/3345/4788 4851/3345/4790
f 4851/3345/4790 4847/3345/4788 4845/3345/4477 4849/3345/4470
f 4854/3345/4404 4850/3345/4403 4852/3345/4789 4856/3345/4791
f 4856/3345/4791 4852/3345/4789 4851/3345/4790 4855/3345/4792
f 4855/3345/4792 4851/3345/4790 4849/3345/4470 4853/3345/4469
f 4858/3345/4412 4854/3345/4404 4856/3345/4791 4860/3345/4793
f 4860/3345/4793 4856/3345/4791 4855/3345/4792 4859/3345/4794
f 4859/3345/4794 4855/3345/4792 4853/3345/4469 4857/3345/4475
f 4862/3345/4420 4858/3345/4412 4860/3345/4793 4864/3345/4795
f 4864/3345/4795 4860/3345/4793 4859/3345/4794 4863/3345/4796
f 4863/3345/4796 4859/3345/4794 4857/3345/4475 4861/3345/4483
f 4866/3345/4424 4862/3345/4420 4864/3345/4795 4868/3345/4797
f 4868/3345/4797 4864/3345/4795 4863/3345/4796 4867/3345/4798
f 4867/3345/4798 4863/3345/4796 4861/3345/4483 4865/3345/4487
f 4870/3345/4428 4866/3345/4424 4868/3345/4797 4872/3345/4799
f 4872/3345/4799 4868/3345/4797 4867/3345/4798 4871/3345/4800
f 4871/3345/4800 4867/3345/4798 4865/3345/4487 4869/3345/4491
f 4874/3345/4432 4870/3345/4428 4872/3345/4799 4876/3345/4801
f 4876/3345/4801 4872/3345/4799 4871/3345/4800 4875/3345/4802
f 4875/3345/4802 4871/3345/4800 4869/3345/4491 4873/3345/4495
f 4878/3345/4436 4874/3345/4432 4876/3345/4801 4880/3345/4803
f 4880/3345/4803 4876/3345/4801 4875/3345/4802 4879/3345/4804
f 4879/3345/4804 4875/3345/4802 4873/3345/4495 4877/3345/4499
f 4882/3345/4440 4878/3345/4436 4880/3345/4803 4884/3345/4805
f 4884/3345/4805 4880/3345/4803 4879/3345/4804 4883/3345/4806
f 4883/3345/4806 4879/3345/4804 4877/3345/4499 4881/3345/4503
f 4886/3345/4444 4882/3345/4440 4884/3345/4805 4888/3345/4807
f 4888/3345/4807 4884/3345/4805 4883/3345/4806 4887/3345/4808
f 4887/3345/4808 4883/3345/4806 4881/3345/4503 4885/3345/4507
f 4890/3345/4448 4886/3345/4444 4888/3345/4807 4892/3345/4809
f 4892/3345/4809 4888/3345/4807 4887/3345/4808 4891/3345/4810
f 4891/3345/4810 4887/3345/4808 4885/3345/4507 4889/3345/4511
f 4894/3345/4452 4890/3345/4448 4892/3345/4809 4896/3345/4811
f 4896/3345/4811 4892/3345/4809 4891/3345/4810 4895/3345/4812
f 4895/3345/4812 4891/3345/4810 4889/3345/4511 4893/3345/4515
f 4898/3345/4460 4894/3345/4452 4896/3345/4811 4900/3345/4813
f 4900/3345/4813 4896/3345/4811 4895/3345/4812 4899/3345/4814
f 4899/3345/4814 4895/3345/4812 4893/3345/4515 4897/3345/4521
f 4902/3345/4399 4898/3345/4460 4900/3345/4813 4904/3345/4815
f 4904/3345/4815 4900/3345/4813 4899/3345/4814 4903/3345/4816
f 4903/3345/4816 4899/3345/4814 4897/3345/4521 4901/3345/4466
f 4906/3345/4400 4902/3345/4399 4904/3345/4815 4908/3345/4817
f 4908/3345/4817 4904/3345/4815 4903/3345/4816 4907/3345/4818
f 4907/3345/4818 4903/3345/4816 4901/3345/4466 4905/3345/4465
f 4910/3345/4410 4906/3345/4400 4908/3345/4817 4912/3345/4819
f 4912/3345/4819 4908/3345/4817 4907/3345/4818 4911/3345/4820
f 4911/3345/4820 4907/3345/4818 4905/3345/4465 4909/3345/4473
f 4914/3345/4418 4910/3345/4410 4912/3345/4819 4916/3345/4821
f 4916/3345/4821 4912/3345/4819 4911/3345/4820 4915/3345/4822
f 4915/3345/4822 4911/3345/4820 4909/3345/4473 4913/3345/4481
f 4918/3345/4422 4914/3345/4418 4916/3345/4821 4920/3345/4823
f 4920/3345/4823 4916/3345/4821 4915/3345/4822 4919/3345/4824
f 4919/3345/4824 4915/3345/4822 4913/3345/4481 4917/3345/4485
f 4922/3345/4426 4918/3345/4422 4920/3345/4823 4924/3345/4825
f 4924/3345/4825 4920/3345/4823 4919/3345/4824 4923/3345/4826
f 4923/3345/4826 4919/3345/4824 4917/3345/4485 4921/3345/4489
f 4926/3345/4430 4922/3345/4426 4924/3345/4825 4928/3345/4827
f 4928/3345/4827 4924/3345/4825 4923/3345/4826 4927/3345/4828
f 4927/3345/4828 4923/3345/4826 4921/3345/4489 4925/3345/4493
f 4930/3345/4434 4926/3345/4430 4928/3345/4827 4932/3345/4829
f 4932/3345/4829 4928/3345/4827 4927/3345/4828 4931/3345/4830
f 4931/3345/4830 4927/3345/4828 4925/3345/4493 4929/3345/4497
f 4934/3345/4438 4930/3345/4434 4932/3345/4829 4936/3345/4831
f 4936/3345/4831 4932/3345/4829 4931/3345/4830 4935/3345/4832
f 4935/3345/4832 4931/3345/4830 4929/3345/4497 4933/3345/4501
f 4938/3345/4442 4934/3345/4438 4936/3345/4831 4940/3345/4833
f 4940/3345/4833 4936/3345/4831 4935/3345/4832 4939/3345/4834
f 4939/3345/4834 4935/3345/4832 4933/3345/4501 4937/3345/4505
f 4942/3345/4446 4938/3345/4442 4940/3345/4833 4944/3345/4835
f 4944/3345/4835 4940/3345/4833 4939/3345/4834 4943/3345/4836
f 4943/3345/4836 4939/3345/4834 4937/3345/4505 4941/3345/4509
f 4946/3345/4450 4942/3345/4446 4944/3345/4835 4948/3345/4837
f 4948/3345/4837 4944/3345/4835 4943/3345/4836 4947/3345/4838
f 4947/3345/4838 4943/3345/4836 4941/3345/4509 4945/3345/4513
f 4950/3345/4458 4946/3345/4450 4948/3345/4837 4952/3345/4839
f 4952/3345/4839 4948/3345/4837 4947/3345/4838 4951/3345/4840
f 4951/3345/4840 4947/3345/4838 4945/3345/4513 4949/3345/4519
f 4954/3345/4464 4950/3345/4458 4952/3345/4839 4956/3345/4841
f 4956/3345/4841 4952/3345/4839 4951/3345/4840 4955/3345/4842
f 4955/3345/4842 4951/3345/4840 4949/3345/4519 4953/3345/4527
f 4958/3345/4455 4954/3345/4464 4956/3345/4841 4960/3345/4843
f 4960/3345/4843 4956/3345/4841 4955/3345/4842 4959/3345/4844
f 4959/3345/4844 4955/3345/4842 4953/3345/4527 4957/3345/4524
f 4837/3345/4456 4958/3345/4455 4960/3345/4843 4839/3345/4781
f 4839/3345/4781 4960/3345/4843 4959/3345/4844 4840/3345/4783
f 4840/3345/4783 4959/3345/4844 4957/3345/4524 4838/3345/4523
f 4962/3345/4518 4965/3345/4526 4967/3345/4845 4964/3345/4846
f 4964/3345/4846 4967/3345/4845 4968/3345/4847 4963/3345/4848
f 4963/3345/4848 4968/3345/4847 4966/3345/4408 4961/3345/4407
f 4970/3345/4479 4962/3345/4518 4964/3345/4846 4972/3345/4849
f 4972/3345/4849 4964/3345/4846 4963/3345/4848 4971/3345/4850
f 4971/3345/4850 4963/3345/4848 4961/3345/4407 4969/3345/4580
f 4974/3345/4480 4970/3345/4479 4972/3345/4849 4976/3345/4851
f 4976/3345/4851 4972/3345/4849 4971/3345/4850 4975/3345/4852
f 4975/3345/4852 4971/3345/4850 4969/3345/4580 4973/3345/4579
f 4978/3345/4471 4974/3345/4480 4976/3345/4851 4980/3345/4853
f 4980/3345/4853 4976/3345/4851 4975/3345/4852 4979/3345/4854
f 4979/3345/4854 4975/3345/4852 4973/3345/4579 4977/3345/4586
f 4982/3345/4472 4978/3345/4471 4980/3345/4853 4984/3345/4855
f 4984/3345/4855 4980/3345/4853 4979/3345/4854 4983/3345/4856
f 4983/3345/4856 4979/3345/4854 4977/3345/4586 4981/3345/4590
f 4986/3345/4476 4982/3345/4472 4984/3345/4855 4988/3345/4857
f 4988/3345/4857 4984/3345/4855 4983/3345/4856 4987/3345/4858
f 4987/3345/4858 4983/3345/4856 4981/3345/4590 4985/3345/4594
f 4990/3345/4484 4986/3345/4476 4988/3345/4857 4992/3345/4859
f 4992/3345/4859 4988/3345/4857 4987/3345/4858 4991/3345/4860
f 4991/3345/4860 4987/3345/4858 4985/3345/4594 4989/3345/4598
f 4994/3345/4488 4990/3345/4484 4992/3345/4859 4996/3345/4861
f 4996/3345/4861 4992/3345/4859 4991/3345/4860 4995/3345/4862
f 4995/3345/4862 4991/3345/4860 4989/3345/4598 4993/3345/4602
f 4998/3345/4492 4994/3345/4488 4996/3345/4861 5000/3345/4863
f 5000/3345/4863 4996/3345/4861 4995/3345/4862 4999/3345/4864
f 4999/3345/4864 4995/3345/4862 4993/3345/4602 4997/3345/4606
f 5002/3345/4496 4998/3345/4492 5000/3345/4863 5004/3345/4865
f 5004/3345/4865 5000/3345/4863 4999/3345/4864 5003/3345/4866
f 5003/3345/4866 4999/3345/4864 4997/3345/4606 5001/3345/4610
f 5006/3345/4500 5002/3345/4496 5004/3345/4865 5008/3345/4867
f 5008/3345/4867 5004/3345/4865 5003/3345/4866 5007/3345/4868
f 5007/3345/4868 5003/3345/4866 5001/3345/4610 5005/3345/4614
f 5010/3345/4504 5006/3345/4500 5008/3345/4867 5012/3345/4869
f 5012/3345/4869 5008/3345/4867 5007/3345/4868 5011/3345/4870
f 5011/3345/4870 5007/3345/4868 5005/3345/4614 5009/3345/4618
f 5014/3345/4508 5010/3345/4504 5012/3345/4869 5016/3345/4871
f 5016/3345/4871 5012/3345/4869 5011/3345/4870 5015/3345/4872
f 5015/3345/4872 5011/3345/4870 5009/3345/4618 5013/3345/4622
f 5018/3345/4512 5014/3345/4508 5016/3345/4871 5020/3345/4873
f 5020/3345/4873 5016/3345/4871 5015/3345/4872 5019/3345/4874
f 5019/3345/4874 5015/3345/4872 5013/3345/4622 5017/3345/4626
f 5022/3345/4516 5018/3345/4512 5020/3345/4873 5024/3345/4875
f 5024/3345/4875 5020/3345/4873 5019/3345/4874 5023/3345/4876
f 5023/3345/4876 5019/3345/4874 5017/3345/4626 5021/3345/4630
f 5026/3345/4522 5022/3345/4516 5024/3345/4875 5028/3345/4877
f 5028/3345/4877 5024/3345/4875 5023/3345/4876 5027/3345/4878
f 5027/3345/4878 5023/3345/4876 5021/3345/4630 5025/3345/4634
f 5030/3345/4467 5026/3345/4522 5028/3345/4877 5032/3345/4879
f 5032/3345/4879 5028/3345/4877 5027/3345/4878 5031/3345/4880
f 5031/3345/4880 5027/3345/4878 5025/3345/4634 5029/3345/4638
f 5034/3345/4468 5030/3345/4467 5032/3345/4879 5036/3345/4881
f 5036/3345/4881 5032/3345/4879 5031/3345/4880 5035/3345/4882
f 5035/3345/4882 5031/3345/4880 5029/3345/4638 5033/3345/4642
f 5038/3345/4474 5034/3345/4468 5036/3345/4881 5040/3345/4883
f 5040/3345/4883 5036/3345/4881 5035/3345/4882 5039/3345/4884
f 5039/3345/4884 5035/3345/4882 5033/3345/4642 5037/3345/4646
f 5042/3345/4482 5038/3345/4474 5040/3345/4883 5044/3345/4885
f 5044/3345/4885 5040/3345/4883 5039/3345/4884 5043/3345/4886
f 5043/3345/4886 5039/3345/4884 5037/3345/4646 5041/3345/4650
f 5046/3345/4486 5042/3345/4482 5044/3345/4885 5048/3345/4887
f 5048/3345/4887 5044/3345/4885 5043/3345/4886 5047/3345/4888
f 5047/3345/4888 5043/3345/4886 5041/3345/4650 5045/3345/4532
f 5050/3345/4490 5046/3345/4486 5048/3345/4887 5052/3345/4889
f 5052/3345/4889 5048/3345/4887 5047/3345/4888 5051/3345/4890
f 5051/3345/4890 5047/3345/4888 5045/3345/4532 5049/3345/4531
f 5054/3345/4494 5050/3345/4490 5052/3345/4889 5056/3345/4891
f 5056/3345/4891 5052/3345/4889 5051/3345/4890 5055/3345/4892
f 5055/3345/4892 5051/3345/4890 5049/3345/4531 5053/3345/4542
f 5058/3345/4498 5054/3345/4494 5056/3345/4891 5060/3345/4893
f 5060/3345/4893 5056/3345/4891 5055/3345/4892 5059/3345/4894
f 5059/3345/4894 5055/3345/4892 5053/3345/4542 5057/3345/4548
f 5062/3345/4502 5058/3345/4498 5060/3345/4893 5064/3345/4895
f 5064/3345/4895 5060/3345/4893 5059/3345/4894 5063/3345/4896
f 5063/3345/4896 5059/3345/4894 5057/3345/4548 5061/3345/4554
f 5066/3345/4506 5062/3345/4502 5064/3345/4895 5068/3345/4897
f 5068/3345/4897 5064/3345/4895 5063/3345/4896 5067/3345/4898
f 5067/3345/4898 5063/3345/4896 5061/3345/4554 5065/3345/4560
f 5070/3345/4510 5066/3345/4506 5068/3345/4897 5072/3345/4899
f 5072/3345/4899 5068/3345/4897 5067/3345/4898 5071/3345/4900
f 5071/3345/4900 5067/3345/4898 5065/3345/4560 5069/3345/4566
f 5074/3345/4514 5070/3345/4510 5072/3345/4899 5076/3345/4901
f 5076/3345/4901 5072/3345/4899 5071/3345/4900 5075/3345/4902
f 5075/3345/4902 5071/3345/4900 5069/3345/4566 5073/3345/4570
f 5078/3345/4520 5074/3345/4514 5076/3345/4901 5080/3345/4903
f 5080/3345/4903 5076/3345/4901 5075/3345/4902 5079/3345/4904
f 5079/3345/4904 5075/3345/4902 5073/3345/4570 5077/3345/4576
f 5082/3345/4528 5078/3345/4520 5080/3345/4903 5084/3345/4905
f 5084/3345/4905 5080/3345/4903 5079/3345/4904 5083/3345/4906
f 5083/3345/4906 5079/3345/4904 5077/3345/4576 5081/3345/4584
f 5086/3345/4525 5082/3345/4528 5084/3345/4905 5088/3345/4907
f 5088/3345/4907 5084/3345/4905 5083/3345/4906 5087/3345/4908
f 5087/3345/4908 5083/3345/4906 5081/3345/4584 5085/3345/4572
f 4965/3345/4526 5086/3345/4525 5088/3345/4907 4967/3345/4845
f 4967/3345/4845 5088/3345/4907 5087/3345/4908 4968/3345/4847
f 4968/3345/4847 5087/3345/4908 5085/3345/4572 4966/3345/4408
f 4581/3345/4414 4578/3345/4453 4837/3345/4456 4834/3345/4415
o 镜片.001
v 2.335014 0.318381 0.947446
v 2.335014 0.318381 0.947446
v 2.335014 0.318381 0.947446
v 2.335014 0.318381 0.947446
v 2.335014 0.318381 0.947446
v 2.335014 0.318381 0.947446
v 2.335014 0.318381 0.947446
v 2.335014 0.318381 0.947446
v 2.335014 0.318381 0.947446
v 2.335014 0.318381 0.947446
v 2.335014 0.318381 0.947446
v 2.335014 0.318381 0.947446
v 2.335014 0.318381 0.947446
v 2.335014 0.318381 0.947446
v 2.335014 0.318381 0.947446
v 2.335014 0.318381 0.947446
v 2.335014 0.318381 0.947446
v 2.335014 0.318381 0.947446
v 2.335014 0.318381 0.947446
v 2.335014 0.318381 0.947446
v 2.335014 0.318381 0.947446
v 2.335014 0.318381 0.947446
v 2.335014 0.318381 0.947446
v 2.335014 0.318381 0.947446
v 2.335014 0.318381 0.947446
v 2.335014 0.318381 0.947446
v 2.335014 0.318381 0.947446
v 2.335014 0.318381 0.947446
v 2.335014 0.318381 0.947446
v 2.335014 0.318381 0.947446
v 2.335014 0.318381 0.947446
v 2.335014 0.318381 0.947446
v 2.335014 0.368381 0.947446
v 2.335014 0.368381 0.947446
v 2.335014 0.368381 0.947446
v 2.335014 0.368381 0.947446
v 2.335014 0.368381 0.947446
v 2.335014 0.368381 0.947446
v 2.335014 0.368381 0.947446
v 2.335014 0.368381 0.947446
v 2.335014 0.368381 0.947446
v 2.335014 0.368381 0.947446
v 2.335014 0.368381 0.947446
v 2.335014 0.368381 0.947446
v 2.335014 0.368381 0.947446
v 2.335014 0.368381 0.947446
v 2.335014 0.368381 0.947446
v 2.335014 0.368381 0.947446
v 2.335014 0.368381 0.947446
v 2.335014 0.368381 0.947446
v 2.335014 0.368381 0.947446
v 2.335014 0.368381 0.947446
v 2.335014 0.368381 0.947446
v 2.335014 0.368381 0.947446
v 2.335014 0.368381 0.947446
v 2.335014 0.368381 0.947446
v 2.335014 0.368381 0.947446
v 2.335014 0.368381 0.947446
v 2.335014 0.368381 0.947446
v 2.335014 0.368381 0.947446
v 2.335014 0.368381 0.947446
v 2.335014 0.368381 0.947446
v 2.335014 0.368381 0.947446
v 2.335014 0.368381 0.947446
v 2.335014 0.368381 0.948293
v 2.335014 0.343380 0.772446
v 2.335014 0.368073 0.920784
v 2.335014 0.367157 0.893953
v 2.335014 0.365656 0.868460
v 2.335014 0.363606 0.844933
v 2.335014 0.361058 0.823950
v 2.335014 0.358075 0.806030
v 2.335014 0.354730 0.791612
v 2.335014 0.351106 0.781053
v 2.335014 0.347291 0.774611
v 2.335014 0.343380 0.772446
v 2.335014 0.318381 0.948293
v 2.335014 0.339470 0.774611
v 2.335014 0.335655 0.781053
v 2.335014 0.332031 0.791612
v 2.335014 0.328686 0.806030
v 2.335014 0.325703 0.823950
v 2.335014 0.323155 0.844933
v 2.335014 0.321105 0.868460
v 2.335014 0.319604 0.893953
v 2.335014 0.318688 0.920784
v 2.369155 0.343380 0.775809
v 2.334849 0.368381 0.948276
v 2.368732 0.347291 0.777932
v 2.367476 0.351106 0.784250
v 2.365416 0.354730 0.794606
v 2.362603 0.358075 0.808747
v 2.359107 0.361058 0.826323
v 2.355013 0.363606 0.846902
v 2.350423 0.365656 0.869978
v 2.345450 0.367157 0.894981
v 2.340215 0.368073 0.921296
v 2.334849 0.318381 0.948276
v 2.369155 0.343380 0.775809
v 2.340215 0.318688 0.921296
v 2.345450 0.319604 0.894981
v 2.350423 0.321105 0.869978
v 2.355013 0.323155 0.846902
v 2.359107 0.325703 0.826323
v 2.362603 0.328686 0.808747
v 2.365416 0.332031 0.794606
v 2.367476 0.335655 0.784250
v 2.368732 0.339470 0.777932
v 2.401983 0.343380 0.785767
v 2.334690 0.368381 0.948228
v 2.401155 0.347291 0.787767
v 2.398690 0.351106 0.793718
v 2.394649 0.354730 0.803474
v 2.389132 0.358075 0.816794
v 2.382274 0.361058 0.833351
v 2.374244 0.363606 0.852736
v 2.365240 0.365656 0.874472
v 2.355485 0.367157 0.898025
v 2.345217 0.368073 0.922814
v 2.334690 0.318381 0.948228
v 2.401983 0.343380 0.785767
v 2.345217 0.318688 0.922814
v 2.355485 0.319604 0.898025
v 2.365240 0.321105 0.874472
v 2.374244 0.323155 0.852736
v 2.382274 0.325703 0.833351
v 2.389132 0.328686 0.816794
v 2.394649 0.332031 0.803474
v 2.398690 0.335655 0.793718
v 2.401155 0.339470 0.787767
v 2.432239 0.343380 0.801939
v 2.334543 0.368381 0.948150
v 2.431036 0.347291 0.803739
v 2.427457 0.351106 0.809095
v 2.421591 0.354730 0.817875
v 2.413580 0.358075 0.829863
v 2.403624 0.361058 0.844763
v 2.391967 0.363606 0.862209
v 2.378896 0.365656 0.881771
v 2.364733 0.367157 0.902968
v 2.349826 0.368073 0.925277
v 2.334543 0.318381 0.948150
v 2.432239 0.343380 0.801939
v 2.349826 0.318688 0.925277
v 2.364733 0.319604 0.902968
v 2.378896 0.321105 0.881771
v 2.391967 0.323155 0.862209
v 2.403624 0.325703 0.844763
v 2.413580 0.328686 0.829863
v 2.421591 0.332031 0.817875
v 2.427457 0.335655 0.809095
v 2.431036 0.339470 0.803739
v 2.458757 0.343380 0.823702
v 2.334415 0.368381 0.948045
v 2.457227 0.347291 0.825233
v 2.452672 0.351106 0.829788
v 2.445205 0.354730 0.837255
v 2.435010 0.358075 0.847450
v 2.422338 0.361058 0.860121
v 2.407502 0.363606 0.874958
v 2.390865 0.365656 0.891594
v 2.372839 0.367157 0.909621
v 2.353867 0.368073 0.928593
v 2.334415 0.318381 0.948045
v 2.458757 0.343380 0.823702
v 2.353867 0.318688 0.928593
v 2.372839 0.319604 0.909621
v 2.390865 0.321105 0.891594
v 2.407502 0.323155 0.874958
v 2.422338 0.325703 0.860121
v 2.435010 0.328686 0.847450
v 2.445205 0.332031 0.837255
v 2.452672 0.335655 0.829788
v 2.457227 0.339470 0.825233
v 2.480521 0.343380 0.850221
v 2.334310 0.368381 0.947916
v 2.478721 0.347291 0.851424
v 2.473365 0.351106 0.855003
v 2.464585 0.354730 0.860869
v 2.452597 0.358075 0.868879
v 2.437697 0.361058 0.878835
v 2.420251 0.363606 0.890493
v 2.400688 0.365656 0.903564
v 2.379492 0.367157 0.917727
v 2.357182 0.368073 0.932633
v 2.334310 0.318381 0.947916
v 2.480521 0.343380 0.850221
v 2.357182 0.318688 0.932633
v 2.379492 0.319604 0.917727
v 2.400688 0.321105 0.903564
v 2.420251 0.323155 0.890493
v 2.437697 0.325703 0.878835
v 2.452597 0.328686 0.868879
v 2.464585 0.332031 0.860869
v 2.473365 0.335655 0.855003
v 2.478721 0.339470 0.851424
v 2.496693 0.343380 0.880476
v 2.334232 0.368381 0.947770
v 2.494693 0.347291 0.881305
v 2.488741 0.351106 0.883770
v 2.478986 0.354730 0.887811
v 2.465665 0.358075 0.893328
v 2.449109 0.361058 0.900186
v 2.429724 0.363606 0.908216
v 2.407987 0.365656 0.917219
v 2.384435 0.367157 0.926975
v 2.359646 0.368073 0.937243
v 2.334232 0.318381 0.947770
v 2.496693 0.343380 0.880476
v 2.359646 0.318688 0.937243
v 2.384435 0.319604 0.926975
v 2.407987 0.321105 0.917219
v 2.429724 0.323155 0.908216
v 2.449109 0.325703 0.900186
v 2.465665 0.328686 0.893328
v 2.478986 0.332031 0.887811
v 2.488741 0.335655 0.883770
v 2.494693 0.339470 0.881305
v 2.506651 0.343381 0.913305
v 2.334183 0.368381 0.947611
v 2.504528 0.347291 0.913727
v 2.498210 0.351106 0.914984
v 2.487853 0.354730 0.917044
v 2.473713 0.358075 0.919857
v 2.456136 0.361058 0.923353
v 2.435557 0.363606 0.927447
v 2.412482 0.365656 0.932037
v 2.387479 0.367157 0.937010
v 2.361163 0.368073 0.942244
v 2.334183 0.318381 0.947611
v 2.506651 0.343381 0.913305
v 2.361163 0.318688 0.942244
v 2.387479 0.319604 0.937010
v 2.412482 0.321105 0.932037
v 2.435557 0.323155 0.927447
v 2.456136 0.325703 0.923353
v 2.473713 0.328686 0.919857
v 2.487853 0.332031 0.917044
v 2.498210 0.335655 0.914984
v 2.504528 0.339470 0.913727
v 2.510014 0.343381 0.947446
v 2.334167 0.368381 0.947446
v 2.507849 0.347291 0.947446
v 2.501407 0.351106 0.947446
v 2.490848 0.354730 0.947446
v 2.476430 0.358075 0.947446
v 2.458509 0.361058 0.947446
v 2.437527 0.363606 0.947446
v 2.414000 0.365656 0.947446
v 2.388507 0.367157 0.947446
v 2.361676 0.368073 0.947446
v 2.334167 0.318381 0.947446
v 2.510014 0.343381 0.947446
v 2.361676 0.318688 0.947446
v 2.388507 0.319604 0.947446
v 2.414000 0.321105 0.947446
v 2.437527 0.323155 0.947446
v 2.458509 0.325703 0.947446
v 2.476430 0.328686 0.947446
v 2.490848 0.332031 0.947446
v 2.501407 0.335655 0.947446
v 2.507849 0.339470 0.947446
v 2.506651 0.343381 0.981587
v 2.334183 0.368381 0.947281
v 2.504528 0.347291 0.981164
v 2.498210 0.351106 0.979908
v 2.487853 0.354730 0.977848
v 2.473713 0.358075 0.975035
v 2.456136 0.361058 0.971539
v 2.435557 0.363606 0.967445
v 2.412482 0.365656 0.962855
v 2.387479 0.367157 0.957882
v 2.361163 0.368073 0.952647
v 2.334183 0.318381 0.947281
v 2.506651 0.343381 0.981587
v 2.361163 0.318688 0.952647
v 2.387479 0.319604 0.957882
v 2.412482 0.321105 0.962855
v 2.435557 0.323155 0.967445
v 2.456136 0.325703 0.971539
v 2.473713 0.328686 0.975035
v 2.487853 0.332031 0.977848
v 2.498210 0.335655 0.979908
v 2.504528 0.339470 0.981164
v 2.496693 0.343381 1.014416
v 2.334232 0.368381 0.947122
v 2.494693 0.347291 1.013587
v 2.488741 0.351106 1.011122
v 2.478986 0.354730 1.007081
v 2.465665 0.358075 1.001564
v 2.449109 0.361058 0.994706
v 2.429724 0.363606 0.986676
v 2.407987 0.365656 0.977673
v 2.384435 0.367157 0.967917
v 2.359646 0.368073 0.957649
v 2.334232 0.318381 0.947122
v 2.496693 0.343381 1.014416
v 2.359646 0.318688 0.957649
v 2.384435 0.319604 0.967917
v 2.407987 0.321105 0.977673
v 2.429724 0.323155 0.986676
v 2.449109 0.325703 0.994706
v 2.465665 0.328686 1.001564
v 2.478986 0.332031 1.007081
v 2.488741 0.335655 1.011122
v 2.494693 0.339470 1.013587
v 2.480521 0.343381 1.044671
v 2.334310 0.368381 0.946976
v 2.478721 0.347291 1.043468
v 2.473365 0.351106 1.039889
v 2.464585 0.354730 1.034023
v 2.452597 0.358075 1.026013
v 2.437697 0.361058 1.016056
v 2.420251 0.363606 1.004399
v 2.400688 0.365656 0.991328
v 2.379492 0.367157 0.977165
v 2.357182 0.368073 0.962258
v 2.334310 0.318381 0.946976
v 2.480521 0.343381 1.044671
v 2.357182 0.318688 0.962258
v 2.379492 0.319604 0.977165
v 2.400688 0.321105 0.991328
v 2.420251 0.323155 1.004399
v 2.437697 0.325703 1.016056
v 2.452597 0.328686 1.026013
v 2.464585 0.332031 1.034023
v 2.473365 0.335655 1.039889
v 2.478721 0.339470 1.043468
v 2.458758 0.343381 1.071190
v 2.334415 0.368381 0.946847
v 2.457227 0.347291 1.069659
v 2.452672 0.351106 1.065104
v 2.445205 0.354730 1.057637
v 2.435010 0.358075 1.047442
v 2.422338 0.361058 1.034770
v 2.407502 0.363606 1.019934
v 2.390865 0.365656 1.003297
v 2.372839 0.367157 0.985271
v 2.353867 0.368073 0.966299
v 2.334415 0.318381 0.946847
v 2.458758 0.343381 1.071190
v 2.353867 0.318688 0.966299
v 2.372839 0.319604 0.985271
v 2.390865 0.321105 1.003297
v 2.407502 0.323155 1.019934
v 2.422338 0.325703 1.034770
v 2.435010 0.328686 1.047442
v 2.445205 0.332031 1.057637
v 2.452672 0.335655 1.065104
v 2.457227 0.339470 1.069659
v 2.432239 0.343381 1.092953
v 2.334543 0.368381 0.946742
v 2.431036 0.347291 1.091153
v 2.427457 0.351106 1.085797
v 2.421591 0.354730 1.077017
v 2.413580 0.358075 1.065029
v 2.403624 0.361058 1.050129
v 2.391967 0.363606 1.032683
v 2.378896 0.365656 1.013120
v 2.364733 0.367157 0.991924
v 2.349826 0.368073 0.969614
v 2.334543 0.318381 0.946742
v 2.432239 0.343381 1.092953
v 2.349826 0.318688 0.969614
v 2.364733 0.319604 0.991924
v 2.378896 0.321105 1.013120
v 2.391967 0.323155 1.032683
v 2.403624 0.325703 1.050129
v 2.413580 0.328686 1.065029
v 2.421591 0.332031 1.077017
v 2.427457 0.335655 1.085797
v 2.431036 0.339470 1.091153
v 2.401983 0.343381 1.109125
v 2.334690 0.368381 0.946664
v 2.401155 0.347291 1.107125
v 2.398690 0.351106 1.101173
v 2.394649 0.354730 1.091418
v 2.389132 0.358075 1.078097
v 2.382274 0.361058 1.061541
v 2.374244 0.363606 1.042156
v 2.365241 0.365656 1.020419
v 2.355485 0.367157 0.996867
v 2.345217 0.368073 0.972078
v 2.334690 0.318381 0.946664
v 2.401983 0.343381 1.109125
v 2.345217 0.318688 0.972078
v 2.355485 0.319604 0.996867
v 2.365241 0.321105 1.020419
v 2.374244 0.323155 1.042156
v 2.382274 0.325703 1.061541
v 2.389132 0.328686 1.078097
v 2.394649 0.332031 1.091418
v 2.398690 0.335655 1.101173
v 2.401155 0.339470 1.107125
v 2.369155 0.343381 1.119083
v 2.334849 0.368381 0.946615
v 2.368732 0.347291 1.116960
v 2.367476 0.351106 1.110642
v 2.365416 0.354730 1.100285
v 2.362603 0.358075 1.086145
v 2.359107 0.361058 1.068569
v 2.355013 0.363606 1.047989
v 2.350423 0.365656 1.024914
v 2.345450 0.367157 0.999911
v 2.340215 0.368073 0.973595
v 2.334849 0.318381 0.946615
v 2.369155 0.343381 1.119083
v 2.340215 0.318688 0.973595
v 2.345450 0.319604 0.999911
v 2.350423 0.321105 1.024914
v 2.355013 0.323155 1.047989
v 2.359107 0.325703 1.068569
v 2.362603 0.328686 1.086145
v 2.365416 0.332031 1.100285
v 2.367476 0.335655 1.110642
v 2.368732 0.339470 1.116960
v 2.335014 0.343381 1.122446
v 2.335014 0.368381 0.946599
v 2.335014 0.347291 1.120281
v 2.335014 0.351106 1.113839
v 2.335014 0.354730 1.103280
v 2.335014 0.358075 1.088862
v 2.335014 0.361058 1.070942
v 2.335014 0.363606 1.049959
v 2.335014 0.365656 1.026432
v 2.335014 0.367157 1.000939
v 2.335014 0.368073 0.974108
v 2.335014 0.318381 0.946599
v 2.335014 0.343381 1.122446
v 2.335014 0.318688 0.974108
v 2.335014 0.319604 1.000939
v 2.335014 0.321105 1.026432
v 2.335014 0.323155 1.049959
v 2.335014 0.325703 1.070942
v 2.335014 0.328686 1.088862
v 2.335014 0.332031 1.103280
v 2.335014 0.335655 1.113839
v 2.335014 0.339470 1.120281
v 2.300873 0.343381 1.119083
v 2.335179 0.368381 0.946615
v 2.301296 0.347291 1.116960
v 2.302552 0.351106 1.110642
v 2.304612 0.354730 1.100285
v 2.307425 0.358075 1.086145
v 2.310921 0.361058 1.068569
v 2.315015 0.363606 1.047989
v 2.319604 0.365656 1.024914
v 2.324578 0.367157 0.999911
v 2.329812 0.368073 0.973595
v 2.335179 0.318381 0.946615
v 2.300873 0.343381 1.119083
v 2.329812 0.318688 0.973595
v 2.324578 0.319604 0.999911
v 2.319604 0.321105 1.024914
v 2.315015 0.323155 1.047989
v 2.310921 0.325703 1.068569
v 2.307425 0.328686 1.086145
v 2.304612 0.332031 1.100285
v 2.302552 0.335655 1.110642
v 2.301296 0.339470 1.116960
v 2.268044 0.343381 1.109125
v 2.335338 0.368381 0.946664
v 2.268873 0.347291 1.107125
v 2.271338 0.351106 1.101173
v 2.275379 0.354730 1.091418
v 2.280896 0.358075 1.078097
v 2.287754 0.361058 1.061541
v 2.295784 0.363606 1.042156
v 2.304787 0.365656 1.020419
v 2.314543 0.367157 0.996867
v 2.324811 0.368073 0.972078
v 2.335338 0.318381 0.946664
v 2.268044 0.343381 1.109125
v 2.324811 0.318688 0.972078
v 2.314543 0.319604 0.996867
v 2.304787 0.321105 1.020419
v 2.295784 0.323155 1.042156
v 2.287754 0.325703 1.061541
v 2.280896 0.328686 1.078097
v 2.275379 0.332031 1.091418
v 2.271338 0.335655 1.101173
v 2.268873 0.339470 1.107125
v 2.237789 0.343381 1.092953
v 2.335484 0.368381 0.946742
v 2.238992 0.347291 1.091153
v 2.242571 0.351106 1.085797
v 2.248437 0.354730 1.077017
v 2.256447 0.358075 1.065029
v 2.266403 0.361058 1.050129
v 2.278060 0.363606 1.032683
v 2.291131 0.365656 1.013120
v 2.305295 0.367157 0.991924
v 2.320201 0.368073 0.969614
v 2.335484 0.318381 0.946742
v 2.237789 0.343381 1.092953
v 2.320201 0.318688 0.969614
v 2.305295 0.319604 0.991924
v 2.291131 0.321105 1.013120
v 2.278060 0.323155 1.032683
v 2.266403 0.325703 1.050129
v 2.256447 0.328686 1.065029
v 2.248437 0.332031 1.077017
v 2.242571 0.335655 1.085797
v 2.238992 0.339470 1.091153
v 2.211270 0.343381 1.071190
v 2.335613 0.368381 0.946847
v 2.212801 0.347291 1.069659
v 2.217356 0.351106 1.065104
v 2.224823 0.354730 1.057637
v 2.235018 0.358075 1.047442
v 2.247689 0.361058 1.034770
v 2.262526 0.363606 1.019934
v 2.279162 0.365656 1.003297
v 2.297189 0.367157 0.985271
v 2.316161 0.368073 0.966299
v 2.335613 0.318381 0.946847
v 2.211270 0.343381 1.071190
v 2.316161 0.318688 0.966299
v 2.297189 0.319604 0.985271
v 2.279162 0.321105 1.003297
v 2.262526 0.323155 1.019934
v 2.247689 0.325703 1.034770
v 2.235018 0.328686 1.047442
v 2.224823 0.332031 1.057637
v 2.217356 0.335655 1.065104
v 2.212801 0.339470 1.069659
v 2.189507 0.343381 1.044671
v 2.335718 0.368381 0.946975
v 2.191307 0.347291 1.043468
v 2.196663 0.351106 1.039889
v 2.205443 0.354730 1.034023
v 2.217431 0.358075 1.026013
v 2.232331 0.361058 1.016056
v 2.249777 0.363606 1.004399
v 2.269339 0.365656 0.991328
v 2.290536 0.367157 0.977165
v 2.312845 0.368073 0.962258
v 2.335718 0.318381 0.946975
v 2.189507 0.343381 1.044671
v 2.312845 0.318688 0.962258
v 2.290536 0.319604 0.977165
v 2.269339 0.321105 0.991328
v 2.249777 0.323155 1.004399
v 2.232331 0.325703 1.016056
v 2.217431 0.328686 1.026013
v 2.205443 0.332031 1.034023
v 2.196663 0.335655 1.039889
v 2.191307 0.339470 1.043468
v 2.173335 0.343381 1.014416
v 2.335796 0.368381 0.947122
v 2.175335 0.347291 1.013587
v 2.181286 0.351106 1.011122
v 2.191042 0.354730 1.007081
v 2.204362 0.358075 1.001564
v 2.220919 0.361058 0.994706
v 2.240304 0.363606 0.986676
v 2.262040 0.365656 0.977673
v 2.285593 0.367157 0.967917
v 2.310382 0.368073 0.957649
v 2.335796 0.318381 0.947122
v 2.173335 0.343381 1.014416
v 2.310382 0.318688 0.957649
v 2.285593 0.319604 0.967917
v 2.262040 0.321105 0.977673
v 2.240304 0.323155 0.986676
v 2.220919 0.325703 0.994706
v 2.204362 0.328686 1.001564
v 2.191042 0.332031 1.007081
v 2.181286 0.335655 1.011122
v 2.175335 0.339470 1.013587
v 2.163377 0.343381 0.981587
v 2.335844 0.368381 0.947281
v 2.165500 0.347291 0.981164
v 2.171818 0.351106 0.979908
v 2.182174 0.354730 0.977848
v 2.196315 0.358075 0.975035
v 2.213891 0.361058 0.971539
v 2.234470 0.363606 0.967445
v 2.257545 0.365656 0.962855
v 2.282549 0.367157 0.957882
v 2.308864 0.368073 0.952647
v 2.335844 0.318381 0.947281
v 2.163377 0.343381 0.981587
v 2.308864 0.318688 0.952647
v 2.282549 0.319604 0.957882
v 2.257545 0.321105 0.962855
v 2.234470 0.323155 0.967445
v 2.213891 0.325703 0.971539
v 2.196315 0.328686 0.975035
v 2.182174 0.332031 0.977848
v 2.171818 0.335655 0.979908
v 2.165500 0.339470 0.981164
v 2.160014 0.343381 0.947446
v 2.335860 0.368381 0.947446
v 2.162179 0.347291 0.947446
v 2.168620 0.351106 0.947446
v 2.179180 0.354730 0.947446
v 2.193598 0.358075 0.947446
v 2.211518 0.361058 0.947446
v 2.232501 0.363606 0.947446
v 2.256028 0.365656 0.947446
v 2.281521 0.367157 0.947446
v 2.308352 0.368073 0.947446
v 2.335860 0.318381 0.947446
v 2.160014 0.343381 0.947446
v 2.308352 0.318688 0.947446
v 2.281521 0.319604 0.947446
v 2.256028 0.321105 0.947446
v 2.232501 0.323155 0.947446
v 2.211518 0.325703 0.947446
v 2.193598 0.328686 0.947446
v 2.179180 0.332031 0.947446
v 2.168620 0.335655 0.947446
v 2.162179 0.339470 0.947446
v 2.163377 0.343381 0.913305
v 2.335844 0.368381 0.947611
v 2.165500 0.347291 0.913728
v 2.171818 0.351106 0.914984
v 2.182174 0.354730 0.917044
v 2.196315 0.358075 0.919857
v 2.213891 0.361058 0.923353
v 2.234470 0.363606 0.927447
v 2.257545 0.365656 0.932037
v 2.282549 0.367157 0.937010
v 2.308864 0.368073 0.942244
v 2.335844 0.318381 0.947611
v 2.163377 0.343381 0.913305
v 2.308864 0.318688 0.942245
v 2.282549 0.319604 0.937010
v 2.257545 0.321105 0.932037
v 2.234470 0.323155 0.927447
v 2.213891 0.325703 0.923353
v 2.196315 0.328686 0.919857
v 2.182174 0.332031 0.917044
v 2.171818 0.335655 0.914984
v 2.165500 0.339470 0.913728
v 2.173335 0.343380 0.880476
v 2.335796 0.368381 0.947770
v 2.175335 0.347291 0.881305
v 2.181286 0.351106 0.883770
v 2.191042 0.354730 0.887811
v 2.204362 0.358075 0.893328
v 2.220919 0.361058 0.900186
v 2.240304 0.363606 0.908216
v 2.262040 0.365656 0.917219
v 2.285593 0.367157 0.926975
v 2.310382 0.368073 0.937243
v 2.335796 0.318381 0.947770
v 2.173335 0.343380 0.880476
v 2.310382 0.318688 0.937243
v 2.285593 0.319604 0.926975
v 2.262040 0.321105 0.917219
v 2.240304 0.323155 0.908216
v 2.220919 0.325703 0.900186
v 2.204362 0.328686 0.893328
v 2.191042 0.332031 0.887811
v 2.181286 0.335655 0.883770
v 2.175335 0.339470 0.881305
v 2.189507 0.343380 0.850221
v 2.335718 0.368381 0.947916
v 2.191307 0.347291 0.851424
v 2.196663 0.351106 0.855003
v 2.205443 0.354730 0.860869
v 2.217431 0.358075 0.868879
v 2.232331 0.361058 0.878835
v 2.249777 0.363606 0.890493
v 2.269339 0.365656 0.903564
v 2.290536 0.367157 0.917727
v 2.312845 0.368073 0.932633
v 2.335718 0.318381 0.947916
v 2.189507 0.343380 0.850221
v 2.312845 0.318688 0.932634
v 2.290536 0.319604 0.917727
v 2.269339 0.321105 0.903564
v 2.249777 0.323155 0.890493
v 2.232331 0.325703 0.878835
v 2.217431 0.328686 0.868879
v 2.205443 0.332031 0.860869
v 2.196663 0.335655 0.855003
v 2.191307 0.339470 0.851424
v 2.211270 0.343380 0.823702
v 2.335613 0.368381 0.948045
v 2.212801 0.347291 0.825233
v 2.217356 0.351106 0.829788
v 2.224823 0.354730 0.837255
v 2.235018 0.358075 0.847450
v 2.247689 0.361058 0.860121
v 2.262526 0.363606 0.874958
v 2.279162 0.365656 0.891594
v 2.297189 0.367157 0.909621
v 2.316161 0.368073 0.928593
v 2.335613 0.318381 0.948045
v 2.211270 0.343380 0.823702
v 2.316161 0.318688 0.928593
v 2.297189 0.319604 0.909621
v 2.279162 0.321105 0.891594
v 2.262526 0.323155 0.874958
v 2.247689 0.325703 0.860121
v 2.235018 0.328686 0.847450
v 2.224823 0.332031 0.837255
v 2.217356 0.335655 0.829788
v 2.212801 0.339470 0.825233
v 2.237789 0.343380 0.801939
v 2.335484 0.368381 0.948150
v 2.238992 0.347291 0.803739
v 2.242571 0.351106 0.809095
v 2.248437 0.354730 0.817875
v 2.256447 0.358075 0.829863
v 2.266403 0.361058 0.844763
v 2.278060 0.363606 0.862209
v 2.291131 0.365656 0.881772
v 2.305295 0.367157 0.902968
v 2.320201 0.368073 0.925278
v 2.335484 0.318381 0.948150
v 2.237789 0.343380 0.801939
v 2.320201 0.318688 0.925278
v 2.305295 0.319604 0.902968
v 2.291131 0.321105 0.881772
v 2.278060 0.323155 0.862209
v 2.266403 0.325703 0.844763
v 2.256447 0.328686 0.829863
v 2.248437 0.332031 0.817875
v 2.242571 0.335655 0.809095
v 2.238992 0.339470 0.803739
v 2.268044 0.343380 0.785767
v 2.335338 0.368381 0.948228
v 2.268873 0.347291 0.787767
v 2.271338 0.351106 0.793718
v 2.275379 0.354730 0.803474
v 2.280896 0.358075 0.816794
v 2.287754 0.361058 0.833351
v 2.295784 0.363606 0.852736
v 2.304787 0.365656 0.874472
v 2.314543 0.367157 0.898025
v 2.324811 0.368073 0.922814
v 2.335338 0.318381 0.948228
v 2.268044 0.343380 0.785767
v 2.324811 0.318688 0.922814
v 2.314543 0.319604 0.898025
v 2.304787 0.321105 0.874472
v 2.295784 0.323155 0.852736
v 2.287754 0.325703 0.833351
v 2.280896 0.328686 0.816794
v 2.275379 0.332031 0.803474
v 2.271338 0.335655 0.793718
v 2.268873 0.339470 0.787767
v 2.300873 0.343380 0.775809
v 2.335179 0.368381 0.948276
v 2.301296 0.347291 0.777932
v 2.302552 0.351106 0.784250
v 2.304612 0.354730 0.794606
v 2.307425 0.358075 0.808747
v 2.310921 0.361058 0.826323
v 2.315014 0.363606 0.846902
v 2.319604 0.365656 0.869978
v 2.324578 0.367157 0.894981
v 2.329812 0.368073 0.921296
v 2.335179 0.318381 0.948276
v 2.300873 0.343380 0.775809
v 2.329812 0.318688 0.921296
v 2.324578 0.319604 0.894981
v 2.319604 0.321105 0.869978
v 2.315014 0.323155 0.846902
v 2.310921 0.325703 0.826323
v 2.307425 0.328686 0.808747
v 2.304612 0.332031 0.794606
v 2.302552 0.335655 0.784250
v 2.301296 0.339470 0.777932
vn 0.3319 -0.9417 -0.0547
vn -0.0253 -0.9916 -0.1272
vn -0.0000 -0.9997 0.0233
vn -0.0000 -0.9885 -0.1512
vn 0.0011 1.0000 -0.0055
vn 0.0021 1.0000 -0.0052
vn -0.0000 1.0000 -0.0000
vn 0.0031 1.0000 -0.0046
vn 0.0040 1.0000 -0.0040
vn 0.0046 1.0000 -0.0031
vn 0.0052 1.0000 -0.0021
vn 0.0055 1.0000 -0.0011
vn 0.0056 1.0000 -0.0000
vn 0.0055 1.0000 0.0011
vn 0.0052 1.0000 0.0021
vn 0.0046 1.0000 0.0031
vn 0.0040 1.0000 0.0039
vn 0.0031 1.0000 0.0046
vn 0.0021 1.0000 0.0052
vn 0.0011 1.0000 0.0055
vn -0.0000 1.0000 0.0056
vn -0.0011 1.0000 0.0055
vn -0.0021 1.0000 0.0052
vn -0.0031 1.0000 0.0046
vn -0.0040 1.0000 0.0039
vn -0.0046 1.0000 0.0031
vn -0.0052 1.0000 0.0021
vn -0.0055 1.0000 0.0011
vn -0.0056 1.0000 -0.0000
vn -0.0055 1.0000 -0.0011
vn -0.0052 1.0000 -0.0021
vn -0.0046 1.0000 -0.0031
vn -0.0040 1.0000 -0.0039
vn -0.0031 1.0000 -0.0046
vn -0.0021 1.0000 -0.0052
vn -0.0011 1.0000 -0.0055
vn -0.0000 1.0000 -0.0056
vn 0.6548 0.3625 0.6632
vn 0.1297 -0.9916 -0.0000
vn 0.5939 -0.3352 0.7314
vn 0.1483 -0.9885 0.0295
vn -0.0939 0.2664 0.9593
vn -0.0253 -0.9916 0.1272
vn -0.1866 -0.2700 0.9446
vn -0.0579 -0.9885 0.1397
vn -0.7404 0.4436 0.5050
vn -0.1199 -0.9915 -0.0496
vn -0.7568 -0.5039 0.4163
vn -0.1257 -0.9885 -0.0840
vn 0.7454 0.5835 0.3224
vn 0.0917 -0.9916 -0.0917
vn 0.7568 -0.5039 0.4163
vn 0.1258 -0.9885 -0.0840
vn 0.2772 0.2762 0.9203
vn 0.0721 -0.9916 0.1078
vn 0.1866 -0.2700 0.9446
vn 0.0579 -0.9885 0.1397
vn -0.5241 0.3140 0.7917
vn -0.1198 -0.9916 0.0496
vn -0.5939 -0.3352 0.7314
vn -0.1483 -0.9885 0.0295
vn 0.5241 -0.3140 0.7917
vn 0.1397 -0.9885 0.0579
vn -0.2772 -0.2762 0.9203
vn -0.0840 -0.9885 0.1257
vn -0.7454 -0.5835 0.3224
vn -0.1069 -0.9885 -0.1069
vn 0.7404 -0.4436 0.5050
vn 0.1397 -0.9885 -0.0579
vn 0.0939 -0.2664 0.9593
vn 0.0295 -0.9885 0.1483
vn -0.6548 -0.3625 0.6632
vn -0.1512 -0.9885 -0.0000
vn -0.0000 -1.0000 -0.0056
vn -0.0011 -1.0000 -0.0055
vn -0.0000 -1.0000 -0.0000
vn -0.3319 -0.9417 -0.0547
vn 0.0253 -0.9916 -0.1272
vn 0.5637 -0.8155 0.1312
vn 0.0579 -0.9885 -0.1397
vn 0.4471 -0.2977 0.8435
vn 0.1257 -0.9885 0.0840
vn -0.3644 -0.2853 0.8865
vn -0.1069 -0.9885 0.1069
vn -0.6901 -0.6877 0.2254
vn -0.0840 -0.9885 -0.1258
vn 0.7047 -0.3977 0.5876
vn 0.1483 -0.9885 -0.0295
vn -0.0000 -0.2652 0.9642
vn -0.0000 -0.9885 0.1512
vn -0.7047 -0.3977 0.5876
vn -0.1483 -0.9885 -0.0295
vn 0.6901 -0.6877 0.2254
vn 0.0840 -0.9885 -0.1257
vn 0.3644 -0.2853 0.8865
vn 0.1069 -0.9885 0.1069
vn -0.4471 -0.2977 0.8435
vn -0.1258 -0.9885 0.0840
vn -0.5637 -0.8155 0.1312
vn -0.0579 -0.9885 -0.1397
vn 0.0040 -1.0000 -0.0040
vn 0.0031 -1.0000 -0.0046
vn 0.0031 -1.0000 0.0046
vn 0.0040 -1.0000 0.0040
vn -0.0052 -1.0000 0.0021
vn -0.0046 -1.0000 0.0031
vn -0.0021 -1.0000 -0.0052
vn 0.0055 -1.0000 0.0011
vn 0.0056 -1.0000 -0.0000
vn -0.0021 -1.0000 0.0052
vn -0.0011 -1.0000 0.0055
vn -0.0046 -1.0000 -0.0031
vn -0.0052 -1.0000 -0.0021
vn 0.0046 -1.0000 -0.0031
vn 0.0021 -1.0000 0.0052
vn -0.0055 -1.0000 0.0011
vn 0.0011 -1.0000 -0.0055
vn 0.0052 -1.0000 0.0021
vn -0.0031 -1.0000 0.0046
vn -0.0040 -1.0000 -0.0039
vn 0.0052 -1.0000 -0.0021
vn 0.0011 -1.0000 0.0055
vn -0.0056 -1.0000 -0.0000
vn 0.0021 -1.0000 -0.0052
vn 0.0046 -1.0000 0.0031
vn -0.0040 -1.0000 0.0039
vn -0.0031 -1.0000 -0.0046
vn 0.0055 -1.0000 -0.0011
vn -0.0000 -1.0000 0.0056
vn -0.0055 -1.0000 -0.0011
vn 0.1307 0.7425 -0.6570
vn -0.0000 0.7425 -0.6698
vn 0.0785 0.9154 -0.3949
vn -0.0000 0.9154 -0.4026
vn 0.0527 0.9628 -0.2650
vn -0.0000 0.9628 -0.2701
vn 0.0377 0.9812 -0.1895
vn -0.0000 0.9812 -0.1932
vn 0.0276 0.9899 -0.1390
vn -0.0000 0.9899 -0.1417
vn 0.0202 0.9946 -0.1016
vn -0.0000 0.9946 -0.1036
vn 0.0142 0.9973 -0.0716
vn -0.0000 0.9973 -0.0730
vn 0.0091 0.9989 -0.0460
vn -0.0000 0.9989 -0.0469
vn 0.0045 0.9997 -0.0228
vn -0.0000 0.9997 -0.0232
vn -0.0000 -0.7425 -0.6698
vn 0.1307 -0.7425 -0.6570
vn -0.0000 -0.9154 -0.4026
vn 0.0785 -0.9154 -0.3949
vn -0.0000 -0.9628 -0.2701
vn 0.0527 -0.9628 -0.2650
vn -0.0000 -0.9812 -0.1932
vn 0.0377 -0.9812 -0.1895
vn -0.0000 -0.9899 -0.1417
vn 0.0276 -0.9899 -0.1390
vn -0.0000 -0.9946 -0.1036
vn 0.0202 -0.9946 -0.1016
vn -0.0000 -0.9973 -0.0730
vn 0.0142 -0.9973 -0.0716
vn -0.0000 -0.9989 -0.0469
vn 0.0091 -0.9989 -0.0460
vn -0.0000 -0.9997 -0.0232
vn 0.0045 -0.9997 -0.0228
vn 0.2563 0.7425 -0.6189
vn 0.1541 0.9154 -0.3720
vn 0.1034 0.9628 -0.2496
vn 0.0739 0.9812 -0.1785
vn 0.0542 0.9899 -0.1309
vn 0.0396 0.9946 -0.0957
vn 0.0279 0.9973 -0.0675
vn 0.0179 0.9989 -0.0433
vn 0.0089 0.9997 -0.0215
vn 0.2563 -0.7425 -0.6189
vn 0.1541 -0.9154 -0.3720
vn 0.1034 -0.9628 -0.2496
vn 0.0739 -0.9812 -0.1785
vn 0.0542 -0.9899 -0.1309
vn 0.0396 -0.9946 -0.0957
vn 0.0279 -0.9973 -0.0675
vn 0.0179 -0.9989 -0.0433
vn 0.0089 -0.9997 -0.0215
vn 0.3721 0.7425 -0.5570
vn 0.2237 0.9154 -0.3348
vn 0.1501 0.9628 -0.2246
vn 0.1073 0.9812 -0.1606
vn 0.0787 0.9899 -0.1178
vn 0.0576 0.9946 -0.0861
vn 0.0406 0.9973 -0.0607
vn 0.0260 0.9989 -0.0390
vn 0.0129 0.9997 -0.0193
vn 0.3721 -0.7425 -0.5570
vn 0.2237 -0.9154 -0.3348
vn 0.1501 -0.9628 -0.2246
vn 0.1073 -0.9812 -0.1606
vn 0.0787 -0.9899 -0.1178
vn 0.0576 -0.9946 -0.0861
vn 0.0406 -0.9973 -0.0607
vn 0.0260 -0.9989 -0.0390
vn 0.0129 -0.9997 -0.0193
vn 0.4736 0.7425 -0.4736
vn 0.2847 0.9154 -0.2847
vn 0.1910 0.9628 -0.1910
vn 0.1366 0.9812 -0.1366
vn 0.1002 0.9899 -0.1002
vn 0.0733 0.9946 -0.0733
vn 0.0516 0.9973 -0.0516
vn 0.0331 0.9989 -0.0331
vn 0.0164 0.9997 -0.0164
vn 0.4736 -0.7425 -0.4736
vn 0.2847 -0.9154 -0.2847
vn 0.1910 -0.9628 -0.1910
vn 0.1366 -0.9812 -0.1366
vn 0.1002 -0.9899 -0.1002
vn 0.0733 -0.9946 -0.0733
vn 0.0516 -0.9973 -0.0516
vn 0.0331 -0.9989 -0.0331
vn 0.0164 -0.9997 -0.0164
vn 0.5570 0.7425 -0.3721
vn 0.3348 0.9154 -0.2237
vn 0.2246 0.9628 -0.1501
vn 0.1606 0.9812 -0.1073
vn 0.1178 0.9899 -0.0787
vn 0.0861 0.9946 -0.0576
vn 0.0607 0.9973 -0.0406
vn 0.0390 0.9989 -0.0260
vn 0.0193 0.9997 -0.0129
vn 0.5569 -0.7425 -0.3721
vn 0.3348 -0.9154 -0.2237
vn 0.2246 -0.9628 -0.1501
vn 0.1606 -0.9812 -0.1073
vn 0.1178 -0.9899 -0.0787
vn 0.0861 -0.9946 -0.0576
vn 0.0607 -0.9973 -0.0406
vn 0.0390 -0.9989 -0.0260
vn 0.0193 -0.9997 -0.0129
vn 0.6188 0.7425 -0.2563
vn 0.3720 0.9154 -0.1541
vn 0.2496 0.9628 -0.1034
vn 0.1785 0.9812 -0.0739
vn 0.1309 0.9899 -0.0542
vn 0.0957 0.9946 -0.0396
vn 0.0675 0.9973 -0.0279
vn 0.0433 0.9989 -0.0179
vn 0.0215 0.9997 -0.0089
vn 0.6188 -0.7425 -0.2563
vn 0.3720 -0.9154 -0.1541
vn 0.2496 -0.9628 -0.1034
vn 0.1785 -0.9812 -0.0739
vn 0.1309 -0.9899 -0.0542
vn 0.0957 -0.9946 -0.0396
vn 0.0675 -0.9973 -0.0279
vn 0.0433 -0.9989 -0.0179
vn 0.0215 -0.9997 -0.0089
vn 0.6570 0.7425 -0.1307
vn 0.3949 0.9154 -0.0785
vn 0.2650 0.9628 -0.0527
vn 0.1895 0.9812 -0.0377
vn 0.1390 0.9899 -0.0276
vn 0.1016 0.9946 -0.0202
vn 0.0716 0.9973 -0.0142
vn 0.0460 0.9989 -0.0091
vn 0.0228 0.9997 -0.0045
vn 0.6570 -0.7425 -0.1307
vn 0.3949 -0.9154 -0.0785
vn 0.2650 -0.9628 -0.0527
vn 0.1895 -0.9812 -0.0377
vn 0.1390 -0.9899 -0.0276
vn 0.1016 -0.9946 -0.0202
vn 0.0716 -0.9973 -0.0142
vn 0.0460 -0.9989 -0.0091
vn 0.0228 -0.9997 -0.0045
vn 0.6698 0.7425 -0.0000
vn 0.4026 0.9154 -0.0000
vn 0.2701 0.9628 -0.0000
vn 0.1932 0.9812 -0.0000
vn 0.1417 0.9899 -0.0000
vn 0.1036 0.9946 -0.0000
vn 0.0730 0.9973 -0.0000
vn 0.0469 0.9989 -0.0000
vn 0.0232 0.9997 -0.0000
vn 0.6698 -0.7425 -0.0000
vn 0.4026 -0.9154 -0.0000
vn 0.2701 -0.9628 -0.0000
vn 0.1932 -0.9812 -0.0000
vn 0.1417 -0.9899 -0.0000
vn 0.1036 -0.9946 -0.0000
vn 0.0730 -0.9973 -0.0000
vn 0.0469 -0.9989 -0.0000
vn 0.0232 -0.9997 -0.0000
vn 0.6570 0.7425 0.1307
vn 0.3949 0.9154 0.0785
vn 0.2650 0.9628 0.0527
vn 0.1895 0.9812 0.0377
vn 0.1390 0.9899 0.0276
vn 0.1016 0.9946 0.0202
vn 0.0716 0.9973 0.0142
vn 0.0460 0.9989 0.0091
vn 0.0228 0.9997 0.0045
vn 0.6570 -0.7425 0.1307
vn 0.3949 -0.9154 0.0785
vn 0.2650 -0.9628 0.0527
vn 0.1895 -0.9812 0.0377
vn 0.1390 -0.9899 0.0276
vn 0.1016 -0.9946 0.0202
vn 0.0716 -0.9973 0.0142
vn 0.0460 -0.9989 0.0091
vn 0.0228 -0.9997 0.0045
vn 0.6188 0.7425 0.2563
vn 0.3720 0.9154 0.1541
vn 0.2496 0.9628 0.1034
vn 0.1785 0.9812 0.0739
vn 0.1309 0.9899 0.0542
vn 0.0957 0.9946 0.0396
vn 0.0675 0.9973 0.0279
vn 0.0433 0.9989 0.0179
vn 0.0215 0.9997 0.0089
vn 0.6189 -0.7425 0.2563
vn 0.3720 -0.9154 0.1541
vn 0.2496 -0.9628 0.1034
vn 0.1785 -0.9812 0.0739
vn 0.1309 -0.9899 0.0542
vn 0.0957 -0.9946 0.0396
vn 0.0675 -0.9973 0.0279
vn 0.0433 -0.9989 0.0179
vn 0.0215 -0.9997 0.0089
vn 0.5570 0.7425 0.3721
vn 0.3348 0.9154 0.2237
vn 0.2246 0.9628 0.1501
vn 0.1606 0.9812 0.1073
vn 0.1178 0.9899 0.0787
vn 0.0861 0.9946 0.0576
vn 0.0607 0.9973 0.0406
vn 0.0390 0.9989 0.0260
vn 0.0193 0.9997 0.0129
vn 0.5570 -0.7425 0.3721
vn 0.3348 -0.9154 0.2237
vn 0.2246 -0.9628 0.1501
vn 0.1606 -0.9812 0.1073
vn 0.1178 -0.9899 0.0787
vn 0.0861 -0.9946 0.0576
vn 0.0607 -0.9973 0.0406
vn 0.0390 -0.9989 0.0260
vn 0.0193 -0.9997 0.0129
vn 0.4736 0.7425 0.4736
vn 0.2847 0.9154 0.2847
vn 0.1910 0.9628 0.1910
vn 0.1366 0.9812 0.1366
vn 0.1002 0.9899 0.1002
vn 0.0733 0.9946 0.0733
vn 0.0516 0.9973 0.0516
vn 0.0331 0.9989 0.0331
vn 0.0164 0.9997 0.0164
vn 0.4736 -0.7425 0.4736
vn 0.2847 -0.9154 0.2847
vn 0.1910 -0.9628 0.1910
vn 0.1366 -0.9812 0.1366
vn 0.1002 -0.9899 0.1002
vn 0.0733 -0.9946 0.0733
vn 0.0516 -0.9973 0.0516
vn 0.0331 -0.9989 0.0331
vn 0.0164 -0.9997 0.0164
vn 0.3721 0.7425 0.5569
vn 0.2237 0.9154 0.3348
vn 0.1501 0.9628 0.2246
vn 0.1073 0.9812 0.1606
vn 0.0787 0.9899 0.1178
vn 0.0576 0.9946 0.0861
vn 0.0406 0.9973 0.0607
vn 0.0260 0.9989 0.0390
vn 0.0129 0.9997 0.0193
vn 0.3721 -0.7425 0.5570
vn 0.2237 -0.9154 0.3348
vn 0.1501 -0.9628 0.2246
vn 0.1073 -0.9812 0.1606
vn 0.0787 -0.9899 0.1178
vn 0.0576 -0.9946 0.0861
vn 0.0406 -0.9973 0.0607
vn 0.0260 -0.9989 0.0390
vn 0.0129 -0.9997 0.0193
vn 0.2563 0.7425 0.6189
vn 0.1541 0.9154 0.3720
vn 0.1034 0.9628 0.2496
vn 0.0739 0.9812 0.1785
vn 0.0542 0.9899 0.1309
vn 0.0396 0.9946 0.0957
vn 0.0279 0.9973 0.0675
vn 0.0179 0.9989 0.0433
vn 0.0089 0.9997 0.0215
vn 0.2563 -0.7425 0.6189
vn 0.1541 -0.9154 0.3720
vn 0.1034 -0.9628 0.2496
vn 0.0739 -0.9812 0.1785
vn 0.0542 -0.9899 0.1309
vn 0.0396 -0.9946 0.0957
vn 0.0279 -0.9973 0.0675
vn 0.0179 -0.9989 0.0433
vn 0.0089 -0.9997 0.0215
vn 0.1307 0.7425 0.6570
vn 0.0785 0.9154 0.3949
vn 0.0527 0.9628 0.2650
vn 0.0377 0.9812 0.1895
vn 0.0276 0.9899 0.1390
vn 0.0202 0.9946 0.1016
vn 0.0142 0.9973 0.0716
vn 0.0091 0.9989 0.0460
vn 0.0045 0.9997 0.0228
vn 0.1307 -0.7425 0.6570
vn 0.0785 -0.9154 0.3949
vn 0.0527 -0.9628 0.2650
vn 0.0377 -0.9812 0.1895
vn 0.0276 -0.9899 0.1390
vn 0.0202 -0.9946 0.1016
vn 0.0142 -0.9973 0.0716
vn 0.0091 -0.9989 0.0460
vn 0.0045 -0.9997 0.0228
vn -0.0000 0.7425 0.6698
vn -0.0000 0.9154 0.4026
vn -0.0000 0.9628 0.2701
vn -0.0000 0.9812 0.1932
vn -0.0000 0.9899 0.1417
vn -0.0000 0.9946 0.1036
vn -0.0000 0.9973 0.0730
vn -0.0000 0.9989 0.0469
vn -0.0000 0.9997 0.0232
vn -0.0000 -0.7425 0.6698
vn -0.0000 -0.9154 0.4026
vn -0.0000 -0.9628 0.2701
vn -0.0000 -0.9812 0.1932
vn -0.0000 -0.9899 0.1417
vn -0.0000 -0.9946 0.1036
vn -0.0000 -0.9973 0.0730
vn -0.0000 -0.9989 0.0469
vn -0.0000 -0.9997 0.0232
vn -0.1307 0.7425 0.6570
vn -0.0785 0.9154 0.3949
vn -0.0527 0.9628 0.2650
vn -0.0377 0.9812 0.1895
vn -0.0276 0.9899 0.1390
vn -0.0202 0.9946 0.1016
vn -0.0142 0.9973 0.0716
vn -0.0091 0.9989 0.0460
vn -0.0045 0.9997 0.0228
vn -0.1307 -0.7425 0.6570
vn -0.0785 -0.9154 0.3949
vn -0.0527 -0.9628 0.2650
vn -0.0377 -0.9812 0.1895
vn -0.0276 -0.9899 0.1390
vn -0.0202 -0.9946 0.1016
vn -0.0142 -0.9973 0.0716
vn -0.0091 -0.9989 0.0460
vn -0.0045 -0.9997 0.0228
vn -0.2563 0.7425 0.6189
vn -0.1541 0.9154 0.3720
vn -0.1034 0.9628 0.2496
vn -0.0739 0.9812 0.1785
vn -0.0542 0.9899 0.1309
vn -0.0396 0.9946 0.0957
vn -0.0279 0.9973 0.0675
vn -0.0179 0.9989 0.0433
vn -0.0089 0.9997 0.0215
vn -0.2563 -0.7425 0.6189
vn -0.1541 -0.9154 0.3720
vn -0.1034 -0.9628 0.2496
vn -0.0739 -0.9812 0.1785
vn -0.0542 -0.9899 0.1309
vn -0.0396 -0.9946 0.0957
vn -0.0279 -0.9973 0.0675
vn -0.0179 -0.9989 0.0433
vn -0.0089 -0.9997 0.0215
vn -0.3721 0.7425 0.5570
vn -0.2237 0.9154 0.3348
vn -0.1501 0.9628 0.2246
vn -0.1073 0.9812 0.1606
vn -0.0787 0.9899 0.1178
vn -0.0576 0.9946 0.0861
vn -0.0406 0.9973 0.0607
vn -0.0260 0.9989 0.0390
vn -0.0129 0.9997 0.0193
vn -0.3721 -0.7425 0.5570
vn -0.2237 -0.9154 0.3348
vn -0.1501 -0.9628 0.2246
vn -0.1073 -0.9812 0.1606
vn -0.0787 -0.9899 0.1178
vn -0.0576 -0.9946 0.0861
vn -0.0406 -0.9973 0.0607
vn -0.0260 -0.9989 0.0390
vn -0.0129 -0.9997 0.0193
vn -0.4736 0.7425 0.4736
vn -0.2847 0.9154 0.2847
vn -0.1910 0.9628 0.1910
vn -0.1366 0.9812 0.1366
vn -0.1002 0.9899 0.1002
vn -0.0733 0.9946 0.0733
vn -0.0516 0.9973 0.0516
vn -0.0331 0.9989 0.0331
vn -0.0164 0.9997 0.0164
vn -0.4736 -0.7425 0.4736
vn -0.2847 -0.9154 0.2847
vn -0.1910 -0.9628 0.1910
vn -0.1366 -0.9812 0.1366
vn -0.1002 -0.9899 0.1002
vn -0.0733 -0.9946 0.0733
vn -0.0516 -0.9973 0.0516
vn -0.0331 -0.9989 0.0331
vn -0.0164 -0.9997 0.0164
vn -0.5570 0.7425 0.3721
vn -0.3348 0.9154 0.2237
vn -0.2246 0.9628 0.1501
vn -0.1606 0.9812 0.1073
vn -0.1178 0.9899 0.0787
vn -0.0861 0.9946 0.0576
vn -0.0607 0.9973 0.0406
vn -0.0390 0.9989 0.0260
vn -0.0193 0.9997 0.0129
vn -0.5570 -0.7425 0.3721
vn -0.3348 -0.9154 0.2237
vn -0.2246 -0.9628 0.1501
vn -0.1606 -0.9812 0.1073
vn -0.1178 -0.9899 0.0787
vn -0.0861 -0.9946 0.0576
vn -0.0607 -0.9973 0.0406
vn -0.0390 -0.9989 0.0260
vn -0.0193 -0.9997 0.0129
vn -0.6189 0.7425 0.2563
vn -0.3720 0.9154 0.1541
vn -0.2496 0.9628 0.1034
vn -0.1785 0.9812 0.0739
vn -0.1309 0.9899 0.0542
vn -0.0957 0.9946 0.0396
vn -0.0675 0.9973 0.0279
vn -0.0433 0.9989 0.0179
vn -0.0215 0.9997 0.0089
vn -0.6189 -0.7425 0.2563
vn -0.3720 -0.9154 0.1541
vn -0.2496 -0.9628 0.1034
vn -0.1785 -0.9812 0.0739
vn -0.1309 -0.9899 0.0542
vn -0.0957 -0.9946 0.0396
vn -0.0675 -0.9973 0.0279
vn -0.0433 -0.9989 0.0179
vn -0.0215 -0.9997 0.0089
vn -0.6570 0.7425 0.1307
vn -0.3949 0.9154 0.0785
vn -0.2650 0.9628 0.0527
vn -0.1895 0.9812 0.0377
vn -0.1390 0.9899 0.0276
vn -0.1016 0.9946 0.0202
vn -0.0716 0.9973 0.0142
vn -0.0460 0.9989 0.0091
vn -0.0228 0.9997 0.0045
vn -0.6570 -0.7425 0.1307
vn -0.3949 -0.9154 0.0785
vn -0.2650 -0.9628 0.0527
vn -0.1895 -0.9812 0.0377
vn -0.1390 -0.9899 0.0276
vn -0.1016 -0.9946 0.0202
vn -0.0716 -0.9973 0.0142
vn -0.0460 -0.9989 0.0091
vn -0.0228 -0.9997 0.0045
vn -0.6698 0.7425 -0.0000
vn -0.4026 0.9154 -0.0000
vn -0.2701 0.9628 -0.0000
vn -0.1932 0.9812 -0.0000
vn -0.1417 0.9899 -0.0000
vn -0.1036 0.9946 -0.0000
vn -0.0730 0.9973 -0.0000
vn -0.0469 0.9989 -0.0000
vn -0.0232 0.9997 -0.0000
vn -0.6698 -0.7425 -0.0000
vn -0.4026 -0.9154 -0.0000
vn -0.2701 -0.9628 -0.0000
vn -0.1932 -0.9812 -0.0000
vn -0.1417 -0.9899 -0.0000
vn -0.1036 -0.9946 -0.0000
vn -0.0730 -0.9973 -0.0000
vn -0.0469 -0.9989 -0.0000
vn -0.0232 -0.9997 -0.0000
vn -0.6570 0.7425 -0.1307
vn -0.3949 0.9154 -0.0785
vn -0.2650 0.9628 -0.0527
vn -0.1895 0.9812 -0.0377
vn -0.1390 0.9899 -0.0276
vn -0.1016 0.9946 -0.0202
vn -0.0716 0.9973 -0.0142
vn -0.0460 0.9989 -0.0091
vn -0.0228 0.9997 -0.0045
vn -0.6570 -0.7425 -0.1307
vn -0.3949 -0.9154 -0.0785
vn -0.2650 -0.9628 -0.0527
vn -0.1895 -0.9812 -0.0377
vn -0.1390 -0.9899 -0.0276
vn -0.1016 -0.9946 -0.0202
vn -0.0716 -0.9973 -0.0142
vn -0.0460 -0.9989 -0.0091
vn -0.0228 -0.9997 -0.0045
vn -0.6189 0.7425 -0.2563
vn -0.3720 0.9154 -0.1541
vn -0.2496 0.9628 -0.1034
vn -0.1785 0.9812 -0.0739
vn -0.1309 0.9899 -0.0542
vn -0.0957 0.9946 -0.0396
vn -0.0675 0.9973 -0.0279
vn -0.0433 0.9989 -0.0179
vn -0.0215 0.9997 -0.0089
vn -0.6189 -0.7425 -0.2563
vn -0.3720 -0.9154 -0.1541
vn -0.2496 -0.9628 -0.1034
vn -0.1785 -0.9812 -0.0739
vn -0.1309 -0.9899 -0.0542
vn -0.0957 -0.9946 -0.0396
vn -0.0675 -0.9973 -0.0279
vn -0.0433 -0.9989 -0.0179
vn -0.0215 -0.9997 -0.0089
vn -0.5570 0.7425 -0.3721
vn -0.3348 0.9154 -0.2237
vn -0.2246 0.9628 -0.1501
vn -0.1606 0.9812 -0.1073
vn -0.1178 0.9899 -0.0787
vn -0.0861 0.9946 -0.0576
vn -0.0607 0.9973 -0.0406
vn -0.0390 0.9989 -0.0260
vn -0.0193 0.9997 -0.0129
vn -0.5570 -0.7425 -0.3721
vn -0.3348 -0.9154 -0.2237
vn -0.2246 -0.9628 -0.1501
vn -0.1606 -0.9812 -0.1073
vn -0.1178 -0.9899 -0.0787
vn -0.0861 -0.9946 -0.0576
vn -0.0607 -0.9973 -0.0406
vn -0.0390 -0.9989 -0.0260
vn -0.0193 -0.9997 -0.0129
vn -0.4736 0.7425 -0.4736
vn -0.2847 0.9154 -0.2847
vn -0.1910 0.9628 -0.1910
vn -0.1366 0.9812 -0.1366
vn -0.1002 0.9899 -0.1002
vn -0.0733 0.9946 -0.0733
vn -0.0516 0.9973 -0.0516
vn -0.0331 0.9989 -0.0331
vn -0.0164 0.9997 -0.0164
vn -0.4736 -0.7425 -0.4736
vn -0.2847 -0.9154 -0.2847
vn -0.1910 -0.9628 -0.1910
vn -0.1366 -0.9812 -0.1366
vn -0.1002 -0.9899 -0.1002
vn -0.0733 -0.9946 -0.0733
vn -0.0516 -0.9973 -0.0516
vn -0.0331 -0.9989 -0.0331
vn -0.0164 -0.9997 -0.0164
vn -0.3721 0.7425 -0.5570
vn -0.2237 0.9154 -0.3348
vn -0.1501 0.9628 -0.2246
vn -0.1073 0.9812 -0.1606
vn -0.0787 0.9899 -0.1178
vn -0.0576 0.9946 -0.0861
vn -0.0406 0.9973 -0.0607
vn -0.0260 0.9989 -0.0390
vn -0.0129 0.9997 -0.0193
vn -0.3721 -0.7425 -0.5570
vn -0.2237 -0.9154 -0.3348
vn -0.1501 -0.9628 -0.2246
vn -0.1073 -0.9812 -0.1606
vn -0.0787 -0.9899 -0.1178
vn -0.0576 -0.9946 -0.0861
vn -0.0406 -0.9973 -0.0607
vn -0.0260 -0.9989 -0.0390
vn -0.0129 -0.9997 -0.0193
vn -0.2563 0.7425 -0.6189
vn -0.1541 0.9154 -0.3720
vn -0.1034 0.9628 -0.2496
vn -0.0739 0.9812 -0.1785
vn -0.0542 0.9899 -0.1309
vn -0.0396 0.9946 -0.0957
vn -0.0279 0.9973 -0.0675
vn -0.0179 0.9989 -0.0433
vn -0.0089 0.9997 -0.0215
vn -0.2563 -0.7425 -0.6189
vn -0.1541 -0.9154 -0.3720
vn -0.1034 -0.9628 -0.2496
vn -0.0739 -0.9812 -0.1785
vn -0.0542 -0.9899 -0.1309
vn -0.0396 -0.9946 -0.0957
vn -0.0279 -0.9973 -0.0675
vn -0.0179 -0.9989 -0.0433
vn -0.0089 -0.9997 -0.0214
vn -0.1307 0.7425 -0.6570
vn -0.0785 0.9154 -0.3949
vn -0.0527 0.9628 -0.2650
vn -0.0377 0.9812 -0.1895
vn -0.0276 0.9899 -0.1390
vn -0.0202 0.9946 -0.1016
vn -0.0142 0.9973 -0.0716
vn -0.0091 0.9989 -0.0460
vn -0.0045 0.9997 -0.0228
vn -0.1307 -0.7425 -0.6570
vn -0.0785 -0.9154 -0.3949
vn -0.0527 -0.9628 -0.2650
vn -0.0377 -0.9812 -0.1895
vn -0.0276 -0.9899 -0.1390
vn -0.0202 -0.9946 -0.1016
vn -0.0142 -0.9973 -0.0716
vn -0.0091 -0.9989 -0.0460
vn -0.0045 -0.9997 -0.0228
vt 0.031250 0.750000
vt 0.000000 0.750000
vt 0.937349 0.500000
vt 0.968901 0.500000
vt 0.968750 0.500000
vt 0.906098 0.500000
vt 0.937651 0.500000
vt 0.937500 0.500000
vt 0.874849 0.500000
vt 0.906402 0.500000
vt 0.906250 0.500000
vt 0.843599 0.500000
vt 0.875151 0.500000
vt 0.875000 0.500000
vt 0.812349 0.500000
vt 0.843901 0.500000
vt 0.843750 0.500000
vt 0.781099 0.500000
vt 0.812652 0.500000
vt 0.812500 0.500000
vt 0.749849 0.500000
vt 0.833637 0.500000
vt 0.781250 0.500000
vt 0.730671 0.500000
vt 0.750151 0.500000
vt 0.750000 0.500000
vt 0.687349 0.500000
vt 0.718900 0.500000
vt 0.718750 0.500000
vt 0.656097 0.500000
vt 0.687652 0.500000
vt 0.687500 0.500000
vt 0.624849 0.500000
vt 0.656400 0.500000
vt 0.656250 0.500000
vt 0.593597 0.500000
vt 0.625151 0.500000
vt 0.625000 0.500000
vt 0.562349 0.500000
vt 0.593902 0.500000
vt 0.593750 0.500000
vt 0.531099 0.500000
vt 0.562651 0.500000
vt 0.562500 0.500000
vt 0.499849 0.500000
vt 0.531401 0.500000
vt 0.531250 0.500000
vt 0.468599 0.500000
vt 0.500151 0.500000
vt 0.500000 0.500000
vt 0.437349 0.500000
vt 0.468901 0.500000
vt 0.468750 0.500000
vt 0.406098 0.500000
vt 0.437651 0.500000
vt 0.437500 0.500000
vt 0.374849 0.500000
vt 0.406401 0.500000
vt 0.406250 0.500000
vt 0.343599 0.500000
vt 0.375152 0.500000
vt 0.375000 0.500000
vt 0.312349 0.500000
vt 0.343902 0.500000
vt 0.343750 0.500000
vt 0.281099 0.500000
vt 0.312651 0.500000
vt 0.312500 0.500000
vt 0.249849 0.500000
vt 0.280698 0.500000
vt 0.281250 0.500000
vt 0.217863 0.500000
vt 0.250151 0.500000
vt 0.250000 0.500000
vt 0.187348 0.500000
vt 0.218902 0.500000
vt 0.218750 0.500000
vt 0.156100 0.500000
vt 0.187650 0.500000
vt 0.187500 0.500000
vt 0.124848 0.500000
vt 0.156401 0.500000
vt 0.156250 0.500000
vt 0.093599 0.500000
vt 0.125151 0.500000
vt 0.125000 0.500000
vt 0.062349 0.500000
vt 0.093902 0.500000
vt 0.093750 0.500000
vt 0.031100 0.500000
vt 0.062651 0.500000
vt 0.062500 0.500000
vt -0.000151 0.500000
vt 0.031401 0.500000
vt 0.031250 0.500000
vt 0.750000 0.750000
vt 0.718750 0.750000
vt 0.468750 0.750000
vt 0.437500 0.750000
vt 0.187500 0.750000
vt 0.156250 0.750000
vt 0.875000 0.750000
vt 0.843750 0.750000
vt 0.593750 0.750000
vt 0.562500 0.750000
vt 0.312500 0.750000
vt 0.281250 0.750000
vt 0.687500 0.750000
vt 0.406250 0.750000
vt 0.125000 0.750000
vt 0.812500 0.750000
vt 0.531250 0.750000
vt 0.250000 0.750000
vt 0.031401 1.000000
vt -0.000151 1.000000
vt 0.000000 1.000000
vt 0.968750 0.750000
vt 0.937500 0.750000
vt 0.656250 0.750000
vt 0.375000 0.750000
vt 0.093750 0.750000
vt 0.781250 0.750000
vt 0.500000 0.750000
vt 0.218750 0.750000
vt 0.906250 0.750000
vt 0.625000 0.750000
vt 0.343750 0.750000
vt 0.062500 0.750000
vt 0.906403 1.000000
vt 0.874849 1.000000
vt 0.875000 1.000000
vt 0.625151 1.000000
vt 0.593598 1.000000
vt 0.593750 1.000000
vt 0.343902 1.000000
vt 0.312349 1.000000
vt 0.312500 1.000000
vt 0.062651 1.000000
vt 0.031100 1.000000
vt 0.031250 1.000000
vt 0.750151 1.000000
vt 0.730671 1.000000
vt 0.718750 1.000000
vt 0.468901 1.000000
vt 0.437349 1.000000
vt 0.437500 1.000000
vt 0.187649 1.000000
vt 0.156100 1.000000
vt 0.156250 1.000000
vt 0.875151 1.000000
vt 0.843600 1.000000
vt 0.843750 1.000000
vt 0.593902 1.000000
vt 0.562349 1.000000
vt 0.562500 1.000000
vt 0.312651 1.000000
vt 0.281099 1.000000
vt 0.281250 1.000000
vt 1.000000 0.750000
vt 1.000151 1.000000
vt 0.968599 1.000000
vt 0.968750 1.000000
vt 0.718900 1.000000
vt 0.687349 1.000000
vt 0.687500 1.000000
vt 0.437651 1.000000
vt 0.406098 1.000000
vt 0.406250 1.000000
vt 0.156401 1.000000
vt 0.124848 1.000000
vt 0.125000 1.000000
vt 0.843901 1.000000
vt 0.812350 1.000000
vt 0.812500 1.000000
vt 0.562651 1.000000
vt 0.531099 1.000000
vt 0.531250 1.000000
vt 0.280698 1.000000
vt 0.249849 1.000000
vt 0.250000 1.000000
vt 0.968901 1.000000
vt 0.937349 1.000000
vt 0.937500 1.000000
vt 0.687652 1.000000
vt 0.656097 1.000000
vt 0.656250 1.000000
vt 0.406401 1.000000
vt 0.374849 1.000000
vt 0.375000 1.000000
vt 0.125151 1.000000
vt 0.093599 1.000000
vt 0.093750 1.000000
vt 0.812652 1.000000
vt 0.781099 1.000000
vt 0.781250 1.000000
vt 0.531401 1.000000
vt 0.499849 1.000000
vt 0.500000 1.000000
vt 0.250151 1.000000
vt 0.217863 1.000000
vt 0.218750 1.000000
vt 0.937651 1.000000
vt 0.906098 1.000000
vt 0.906250 1.000000
vt 0.656401 1.000000
vt 0.624849 1.000000
vt 0.625000 1.000000
vt 0.375152 1.000000
vt 0.343599 1.000000
vt 0.343750 1.000000
vt 0.093902 1.000000
vt 0.062349 1.000000
vt 0.062500 1.000000
vt 0.833637 1.000000
vt 0.749849 1.000000
vt 0.750000 1.000000
vt 0.500151 1.000000
vt 0.468599 1.000000
vt 0.468750 1.000000
vt 0.218902 1.000000
vt 0.187348 1.000000
vt 0.187500 1.000000
vt 0.968750 0.710891
vt 0.999807 0.710891
vt 0.968750 0.672746
vt 0.999232 0.672746
vt 0.968750 0.636502
vt 0.998289 0.636502
vt 0.968750 0.603054
vt 0.997002 0.603054
vt 0.995401 0.500000
vt 1.000000 0.500000
vt 1.000151 0.500000
vt 0.968599 0.500000
vt 0.999807 0.789109
vt 0.968750 0.789109
vt 0.999232 0.827254
vt 0.968750 0.827254
vt 0.998289 0.863498
vt 0.968750 0.863498
vt 0.997001 0.896946
vt 0.968750 0.896946
vt 0.995401 1.000000
vt 1.000000 1.000000
vt 0.937500 0.710891
vt 0.937500 0.672746
vt 0.937500 0.636502
vt 0.937500 0.603054
vt 0.937500 0.789109
vt 0.937500 0.827254
vt 0.937500 0.863498
vt 0.937500 0.896946
vt 0.906250 0.710891
vt 0.906250 0.672746
vt 0.906250 0.636502
vt 0.906250 0.603054
vt 0.906250 0.789109
vt 0.906250 0.827254
vt 0.906250 0.863498
vt 0.906250 0.896946
vt 0.875000 0.710891
vt 0.875000 0.672746
vt 0.875000 0.636502
vt 0.875000 0.603054
vt 0.875000 0.789109
vt 0.875000 0.827254
vt 0.875000 0.863498
vt 0.875000 0.896946
vt 0.843750 0.710891
vt 0.843750 0.672746
vt 0.843750 0.636502
vt 0.843750 0.603054
vt 0.843750 0.789109
vt 0.843750 0.827254
vt 0.843750 0.863498
vt 0.843750 0.896946
vt 0.812500 0.710891
vt 0.812500 0.672746
vt 0.812500 0.636502
vt 0.812500 0.603054
vt 0.812500 0.789109
vt 0.812500 0.827254
vt 0.812500 0.863498
vt 0.812500 0.896946
vt 0.781250 0.710891
vt 0.781250 0.672746
vt 0.781250 0.636502
vt 0.781250 0.603054
vt 0.781250 0.789109
vt 0.781250 0.827254
vt 0.781250 0.863498
vt 0.781250 0.896946
vt 0.750000 0.710891
vt 0.750000 0.672746
vt 0.750000 0.636502
vt 0.750000 0.603054
vt 0.750000 0.789109
vt 0.750000 0.827254
vt 0.750000 0.863498
vt 0.750000 0.896946
vt 0.718750 0.710891
vt 0.718750 0.672746
vt 0.718750 0.636502
vt 0.718750 0.603054
vt 0.718750 0.789109
vt 0.718750 0.827254
vt 0.718750 0.863498
vt 0.718750 0.896946
vt 0.687500 0.710891
vt 0.687500 0.672746
vt 0.687500 0.636502
vt 0.687500 0.603054
vt 0.687500 0.789109
vt 0.687500 0.827254
vt 0.687500 0.863498
vt 0.687500 0.896946
vt 0.656250 0.710891
vt 0.656250 0.672746
vt 0.656250 0.636502
vt 0.656250 0.603054
vt 0.656250 0.789109
vt 0.656250 0.827254
vt 0.656250 0.863498
vt 0.656250 0.896946
vt 0.625000 0.710891
vt 0.625000 0.672746
vt 0.625000 0.636502
vt 0.625000 0.603054
vt 0.625000 0.789109
vt 0.625000 0.827254
vt 0.625000 0.863498
vt 0.625000 0.896946
vt 0.593750 0.710891
vt 0.593750 0.672746
vt 0.593750 0.636502
vt 0.593750 0.603054
vt 0.593750 0.789109
vt 0.593750 0.827254
vt 0.593750 0.863498
vt 0.593750 0.896946
vt 0.562500 0.710891
vt 0.562500 0.672746
vt 0.562500 0.636502
vt 0.562500 0.603054
vt 0.562500 0.789109
vt 0.562500 0.827254
vt 0.562500 0.863498
vt 0.562500 0.896946
vt 0.531250 0.710891
vt 0.531250 0.672746
vt 0.531250 0.636502
vt 0.531250 0.603054
vt 0.531250 0.789109
vt 0.531250 0.827254
vt 0.531250 0.863498
vt 0.531250 0.896946
vt 0.500000 0.710891
vt 0.500000 0.672746
vt 0.500000 0.636502
vt 0.500000 0.603054
vt 0.500000 0.789109
vt 0.500000 0.827254
vt 0.500000 0.863498
vt 0.500000 0.896946
vt 0.468750 0.710891
vt 0.468750 0.672746
vt 0.468750 0.636502
vt 0.468750 0.603054
vt 0.468750 0.500000
vt 0.468750 0.789109
vt 0.468750 0.827254
vt 0.468750 0.863498
vt 0.468750 0.896946
vt 0.468750 1.000000
vt 0.437500 0.710891
vt 0.437500 0.672746
vt 0.437500 0.636502
vt 0.437500 0.603054
vt 0.437500 0.500000
vt 0.437500 0.789109
vt 0.437500 0.827254
vt 0.437500 0.863498
vt 0.437500 0.896946
vt 0.406250 0.710891
vt 0.406250 0.672746
vt 0.406250 0.636502
vt 0.406250 0.603054
vt 0.406250 0.789109
vt 0.406250 0.827254
vt 0.406250 0.863498
vt 0.406250 0.896946
vt 0.375000 0.710891
vt 0.375000 0.672746
vt 0.375000 0.636502
vt 0.375000 0.603054
vt 0.375000 0.789109
vt 0.375000 0.827254
vt 0.375000 0.863498
vt 0.375000 0.896946
vt 0.375000 1.000000
vt 0.343750 0.710891
vt 0.343750 0.672746
vt 0.343750 0.636502
vt 0.343750 0.603054
vt 0.343750 0.789109
vt 0.343750 0.827254
vt 0.343750 0.863498
vt 0.343750 0.896946
vt 0.312500 0.710891
vt 0.312500 0.672746
vt 0.312500 0.636502
vt 0.312500 0.603054
vt 0.312500 0.789109
vt 0.312500 0.827254
vt 0.312500 0.863498
vt 0.312500 0.896946
vt 0.281250 0.710891
vt 0.281250 0.672746
vt 0.281250 0.636502
vt 0.281250 0.603054
vt 0.281250 0.789109
vt 0.281250 0.827254
vt 0.281250 0.863498
vt 0.281250 0.896946
vt 0.250000 0.710891
vt 0.250000 0.672746
vt 0.250000 0.636502
vt 0.250000 0.603054
vt 0.250000 0.789109
vt 0.250000 0.827254
vt 0.250000 0.863498
vt 0.250000 0.896946
vt 0.218750 0.710891
vt 0.218750 0.672746
vt 0.218750 0.636502
vt 0.218750 0.603054
vt 0.218750 0.789109
vt 0.218750 0.827254
vt 0.218750 0.863498
vt 0.218750 0.896946
vt 0.187500 0.710891
vt 0.187500 0.672746
vt 0.187500 0.636502
vt 0.187500 0.603054
vt 0.187500 0.789109
vt 0.187500 0.827254
vt 0.187500 0.863498
vt 0.187500 0.896946
vt 0.156250 0.710891
vt 0.156250 0.672746
vt 0.156250 0.636502
vt 0.156250 0.603054
vt 0.156250 0.500000
vt 0.156250 0.789109
vt 0.156250 0.827254
vt 0.156250 0.863498
vt 0.156250 0.896946
vt 0.156250 1.000000
vt 0.125000 0.710891
vt 0.125000 0.672746
vt 0.125000 0.636502
vt 0.125000 0.603054
vt 0.125000 0.500000
vt 0.125000 0.789109
vt 0.125000 0.827254
vt 0.125000 0.863498
vt 0.125000 0.896946
vt 0.125000 1.000000
vt 0.093750 0.710891
vt 0.093750 0.672746
vt 0.093750 0.636502
vt 0.093750 0.603054
vt 0.093750 0.500000
vt 0.093750 0.789109
vt 0.093750 0.827254
vt 0.093750 0.863498
vt 0.093750 0.896946
vt 0.093750 1.000000
vt 0.062500 0.710891
vt 0.062500 0.672746
vt 0.062500 0.636502
vt 0.062500 0.603054
vt 0.062500 0.500000
vt 0.062500 0.789109
vt 0.062500 0.827254
vt 0.062500 0.863498
vt 0.062500 0.896946
vt 0.062500 1.000000
vt 0.031250 0.710891
vt 0.031250 0.672746
vt 0.031250 0.636502
vt 0.031250 0.603054
vt 0.031250 0.500000
vt 0.031250 0.789109
vt 0.031250 0.827254
vt 0.031250 0.863498
vt 0.031250 0.896946
vt 0.031250 1.000000
vt 0.000193 0.710891
vt 0.000768 0.672746
vt 0.001711 0.636502
vt 0.002999 0.603054
vt 0.004599 0.500000
vt 0.000000 0.500000
vt 0.000193 0.789109
vt 0.000768 0.827254
vt 0.001711 0.863498
vt 0.002999 0.896946
vt 0.004599 1.000000
s 1
usemtl 材质.024
f 5835/3346/4909 5154/3347/4912 5164/3347/4911 5847/3346/4910
f 5176/3348/4913 5122/3350/4915 5123/3350/4915 5198/3349/4914
f 5198/3351/4914 5123/3353/4915 5124/3353/4915 5220/3352/4916
f 5220/3354/4916 5124/3356/4915 5125/3356/4915 5242/3355/4917
f 5242/3357/4917 5125/3359/4915 5126/3359/4915 5264/3358/4918
f 5264/3360/4918 5126/3362/4915 5127/3362/4915 5286/3361/4919
f 5286/3363/4919 5127/3365/4915 5128/3365/4915 5308/3364/4920
f 5308/3366/4920 5128/3368/4915 5129/3368/4915 5330/3367/4921
f 5330/3369/4921 5129/3371/4915 5130/3371/4915 5352/3370/4922
f 5352/3372/4922 5130/3374/4915 5131/3374/4915 5374/3373/4923
f 5374/3375/4923 5131/3377/4915 5132/3377/4915 5396/3376/4924
f 5396/3378/4924 5132/3380/4915 5133/3380/4915 5418/3379/4925
f 5418/3381/4925 5133/3383/4915 5134/3383/4915 5440/3382/4926
f 5440/3384/4926 5134/3386/4915 5135/3386/4915 5462/3385/4927
f 5462/3387/4927 5135/3389/4915 5136/3389/4915 5484/3388/4928
f 5484/3390/4928 5136/3392/4915 5137/3392/4915 5506/3391/4929
f 5506/3393/4929 5137/3395/4915 5138/3395/4915 5528/3394/4930
f 5528/3396/4930 5138/3398/4915 5139/3398/4915 5550/3397/4931
f 5550/3399/4931 5139/3401/4915 5140/3401/4915 5572/3400/4932
f 5572/3402/4932 5140/3404/4915 5141/3404/4915 5594/3403/4933
f 5594/3405/4933 5141/3407/4915 5142/3407/4915 5616/3406/4934
f 5616/3408/4934 5142/3410/4915 5143/3410/4915 5638/3409/4935
f 5638/3411/4935 5143/3413/4915 5144/3413/4915 5660/3412/4936
f 5660/3414/4936 5144/3416/4915 5145/3416/4915 5682/3415/4937
f 5682/3417/4937 5145/3419/4915 5146/3419/4915 5704/3418/4938
f 5704/3420/4938 5146/3422/4915 5147/3422/4915 5726/3421/4939
f 5726/3423/4939 5147/3425/4915 5148/3425/4915 5748/3424/4940
f 5748/3426/4940 5148/3428/4915 5149/3428/4915 5770/3427/4941
f 5770/3429/4941 5149/3431/4915 5150/3431/4915 5792/3430/4942
f 5792/3432/4942 5150/3434/4915 5151/3434/4915 5814/3433/4943
f 5814/3435/4943 5151/3437/4915 5152/3437/4915 5836/3436/4944
f 5836/3438/4944 5152/3440/4915 5121/3440/4915 5153/3439/4945
f 5329/3441/4946 5351/3442/4949 5363/3442/4948 5341/3441/4947
f 5527/3443/4950 5549/3444/4953 5561/3444/4952 5539/3443/4951
f 5725/3445/4954 5747/3446/4957 5759/3446/4956 5737/3445/4955
f 5241/3447/4958 5263/3448/4961 5275/3448/4960 5253/3447/4959
f 5439/3449/4962 5461/3450/4965 5473/3450/4964 5451/3449/4963
f 5637/3451/4966 5659/3452/4969 5671/3452/4968 5649/3451/4967
f 5351/3442/4949 5373/3453/4971 5385/3453/4970 5363/3442/4948
f 5549/3444/4953 5571/3454/4973 5583/3454/4972 5561/3444/4952
f 5747/3446/4957 5769/3455/4975 5781/3455/4974 5759/3446/4956
f 5263/3448/4961 5285/3456/4977 5297/3456/4976 5275/3448/4960
f 5461/3450/4965 5483/3457/4979 5495/3457/4978 5473/3450/4964
f 5659/3452/4969 5681/3458/4981 5693/3458/4980 5671/3452/4968
f 5165/3459/4982 5089/3461/4984 5120/3461/4984 5846/3460/4983
f 5175/3462/4985 5197/3463/4988 5209/3463/4987 5187/3462/4986
f 5373/3453/4971 5395/3464/4990 5407/3464/4989 5385/3453/4970
f 5571/3454/4973 5593/3465/4992 5605/3465/4991 5583/3454/4972
f 5769/3455/4975 5791/3466/4994 5803/3466/4993 5781/3455/4974
f 5285/3456/4977 5307/3467/4996 5319/3467/4995 5297/3456/4976
f 5483/3457/4979 5505/3468/4998 5517/3468/4997 5495/3457/4978
f 5681/3458/4981 5703/3469/5000 5715/3469/4999 5693/3458/4980
f 5197/3463/4988 5219/3470/5002 5231/3470/5001 5209/3463/4987
f 5395/3464/4990 5417/3471/5004 5429/3471/5003 5407/3464/4989
f 5593/3465/4992 5615/3472/5006 5627/3472/5005 5605/3465/4991
f 5791/3466/4994 5813/3473/5008 5825/3473/5007 5803/3466/4993
f 5307/3467/4996 5329/3441/4946 5341/3441/4947 5319/3467/4995
f 5505/3468/4998 5527/3443/4950 5539/3443/4951 5517/3468/4997
f 5703/3469/5000 5725/3445/4954 5737/3445/4955 5715/3469/4999
f 5219/3470/5002 5241/3447/4958 5253/3447/4959 5231/3470/5001
f 5417/3471/5004 5439/3449/4962 5451/3449/4963 5429/3471/5003
f 5615/3472/5006 5637/3451/4966 5649/3451/4967 5627/3472/5005
f 5813/3473/5008 5835/3346/4909 5847/3346/4910 5825/3473/5007
f 5252/3474/5009 5093/3476/4984 5092/3476/4984 5230/3475/5010
f 5450/3477/5011 5102/3479/4984 5101/3479/4984 5428/3478/5012
f 5648/3480/5013 5111/3482/4984 5110/3482/4984 5626/3481/5014
f 5846/3483/4983 5120/3485/4984 5119/3485/4984 5824/3484/5015
f 5362/3486/5016 5098/3488/4984 5097/3488/4984 5340/3487/5017
f 5560/3489/5018 5107/3491/4984 5106/3491/4984 5538/3490/5019
f 5758/3492/5020 5116/3494/4984 5115/3494/4984 5736/3493/5021
f 5274/3495/5022 5094/3497/4984 5093/3497/4984 5252/3496/5009
f 5472/3498/5023 5103/3500/4984 5102/3500/4984 5450/3499/5011
f 5670/3501/5024 5112/3503/4984 5111/3503/4984 5648/3502/5013
f 5154/3504/4912 5175/3462/4985 5187/3462/4986 5164/3504/4911
f 5186/3505/5025 5090/3507/4984 5089/3507/4984 5165/3506/4982
f 5384/3508/5026 5099/3510/4984 5098/3510/4984 5362/3509/5016
f 5582/3511/5027 5108/3513/4984 5107/3513/4984 5560/3512/5018
f 5780/3514/5028 5117/3516/4984 5116/3516/4984 5758/3515/5020
f 5296/3517/5029 5095/3519/4984 5094/3519/4984 5274/3518/5022
f 5494/3520/5030 5104/3522/4984 5103/3522/4984 5472/3521/5023
f 5692/3523/5031 5113/3525/4984 5112/3525/4984 5670/3524/5024
f 5208/3526/5032 5091/3528/4984 5090/3528/4984 5186/3527/5025
f 5406/3529/5033 5100/3531/4984 5099/3531/4984 5384/3530/5026
f 5604/3532/5034 5109/3534/4984 5108/3534/4984 5582/3533/5027
f 5802/3535/5035 5118/3537/4984 5117/3537/4984 5780/3536/5028
f 5318/3538/5036 5096/3540/4984 5095/3540/4984 5296/3539/5029
f 5516/3541/5037 5105/3543/4984 5104/3543/4984 5494/3542/5030
f 5714/3544/5038 5114/3546/4984 5113/3546/4984 5692/3545/5031
f 5230/3547/5010 5092/3549/4984 5091/3549/4984 5208/3548/5032
f 5428/3550/5012 5101/3552/4984 5100/3552/4984 5406/3551/5033
f 5626/3553/5014 5110/3555/4984 5109/3555/4984 5604/3554/5034
f 5824/3556/5015 5119/3558/4984 5118/3558/4984 5802/3557/5035
f 5340/3559/5017 5097/3561/4984 5096/3561/4984 5318/3560/5036
f 5538/3562/5019 5106/3564/4984 5105/3564/4984 5516/3563/5037
f 5736/3565/5021 5115/3567/4984 5114/3567/4984 5714/3566/5038
f 5154/3504/4912 5163/3569/5040 5177/3568/5039 5175/3462/4985
f 5163/3569/5040 5162/3571/5042 5178/3570/5041 5177/3568/5039
f 5162/3571/5042 5161/3573/5044 5179/3572/5043 5178/3570/5041
f 5161/3573/5044 5160/3575/5046 5180/3574/5045 5179/3572/5043
f 5160/3575/5046 5159/3576/5048 5181/3350/5047 5180/3574/5045
f 5159/3576/5048 5158/3577/5050 5182/3350/5049 5181/3350/5047
f 5158/3577/5050 5157/3577/5052 5183/3350/5051 5182/3350/5049
f 5157/3577/5052 5156/3577/5054 5184/3350/5053 5183/3350/5051
f 5156/3577/5054 5155/3577/5056 5185/3350/5055 5184/3350/5053
f 5155/3577/5056 5153/3579/4945 5176/3578/4913 5185/3350/5055
f 5187/3462/4986 5196/3581/5058 5166/3580/5057 5164/3504/4911
f 5196/3581/5058 5195/3583/5060 5167/3582/5059 5166/3580/5057
f 5195/3583/5060 5194/3585/5062 5168/3584/5061 5167/3582/5059
f 5194/3585/5062 5193/3587/5064 5169/3586/5063 5168/3584/5061
f 5193/3587/5064 5192/3507/5066 5170/3588/5065 5169/3586/5063
f 5192/3507/5066 5191/3507/5068 5171/3589/5067 5170/3588/5065
f 5191/3507/5068 5190/3507/5070 5172/3589/5069 5171/3589/5067
f 5190/3507/5070 5189/3507/5072 5173/3589/5071 5172/3589/5069
f 5189/3507/5072 5188/3507/5074 5174/3589/5073 5173/3589/5071
f 5188/3507/5074 5186/3505/5025 5165/3506/4982 5174/3589/5073
f 5175/3462/4985 5177/3568/5039 5199/3590/5075 5197/3463/4988
f 5177/3568/5039 5178/3570/5041 5200/3591/5076 5199/3590/5075
f 5178/3570/5041 5179/3572/5043 5201/3592/5077 5200/3591/5076
f 5179/3572/5043 5180/3574/5045 5202/3593/5078 5201/3592/5077
f 5180/3574/5045 5181/3350/5047 5203/3353/5079 5202/3593/5078
f 5181/3350/5047 5182/3350/5049 5204/3353/5080 5203/3353/5079
f 5182/3350/5049 5183/3350/5051 5205/3353/5081 5204/3353/5080
f 5183/3350/5051 5184/3350/5053 5206/3353/5082 5205/3353/5081
f 5184/3350/5053 5185/3350/5055 5207/3353/5083 5206/3353/5082
f 5185/3350/5055 5176/3348/4913 5198/3349/4914 5207/3353/5083
f 5209/3463/4987 5218/3594/5084 5196/3581/5058 5187/3462/4986
f 5218/3594/5084 5217/3595/5085 5195/3583/5060 5196/3581/5058
f 5217/3595/5085 5216/3596/5086 5194/3585/5062 5195/3583/5060
f 5216/3596/5086 5215/3597/5087 5193/3587/5064 5194/3585/5062
f 5215/3597/5087 5214/3528/5088 5192/3507/5066 5193/3587/5064
f 5214/3528/5088 5213/3528/5089 5191/3507/5068 5192/3507/5066
f 5213/3528/5089 5212/3528/5090 5190/3507/5070 5191/3507/5068
f 5212/3528/5090 5211/3528/5091 5189/3507/5072 5190/3507/5070
f 5211/3528/5091 5210/3528/5092 5188/3507/5074 5189/3507/5072
f 5210/3528/5092 5208/3526/5032 5186/3527/5025 5188/3507/5074
f 5197/3463/4988 5199/3590/5075 5221/3598/5093 5219/3470/5002
f 5199/3590/5075 5200/3591/5076 5222/3599/5094 5221/3598/5093
f 5200/3591/5076 5201/3592/5077 5223/3600/5095 5222/3599/5094
f 5201/3592/5077 5202/3593/5078 5224/3601/5096 5223/3600/5095
f 5202/3593/5078 5203/3353/5079 5225/3356/5097 5224/3601/5096
f 5203/3353/5079 5204/3353/5080 5226/3356/5098 5225/3356/5097
f 5204/3353/5080 5205/3353/5081 5227/3356/5099 5226/3356/5098
f 5205/3353/5081 5206/3353/5082 5228/3356/5100 5227/3356/5099
f 5206/3353/5082 5207/3353/5083 5229/3356/5101 5228/3356/5100
f 5207/3353/5083 5198/3351/4914 5220/3352/4916 5229/3356/5101
f 5231/3470/5001 5240/3602/5102 5218/3594/5084 5209/3463/4987
f 5240/3602/5102 5239/3603/5103 5217/3595/5085 5218/3594/5084
f 5239/3603/5103 5238/3604/5104 5216/3596/5086 5217/3595/5085
f 5238/3604/5104 5237/3605/5105 5215/3597/5087 5216/3596/5086
f 5237/3605/5105 5236/3549/5106 5214/3528/5088 5215/3597/5087
f 5236/3549/5106 5235/3549/5107 5213/3528/5089 5214/3528/5088
f 5235/3549/5107 5234/3549/5108 5212/3528/5090 5213/3528/5089
f 5234/3549/5108 5233/3549/5109 5211/3528/5091 5212/3528/5090
f 5233/3549/5109 5232/3549/5110 5210/3528/5092 5211/3528/5091
f 5232/3549/5110 5230/3547/5010 5208/3548/5032 5210/3528/5092
f 5219/3470/5002 5221/3598/5093 5243/3606/5111 5241/3447/4958
f 5221/3598/5093 5222/3599/5094 5244/3607/5112 5243/3606/5111
f 5222/3599/5094 5223/3600/5095 5245/3608/5113 5244/3607/5112
f 5223/3600/5095 5224/3601/5096 5246/3609/5114 5245/3608/5113
f 5224/3601/5096 5225/3356/5097 5247/3359/5115 5246/3609/5114
f 5225/3356/5097 5226/3356/5098 5248/3359/5116 5247/3359/5115
f 5226/3356/5098 5227/3356/5099 5249/3359/5117 5248/3359/5116
f 5227/3356/5099 5228/3356/5100 5250/3359/5118 5249/3359/5117
f 5228/3356/5100 5229/3356/5101 5251/3359/5119 5250/3359/5118
f 5229/3356/5101 5220/3354/4916 5242/3355/4917 5251/3359/5119
f 5253/3447/4959 5262/3610/5120 5240/3602/5102 5231/3470/5001
f 5262/3610/5120 5261/3611/5121 5239/3603/5103 5240/3602/5102
f 5261/3611/5121 5260/3612/5122 5238/3604/5104 5239/3603/5103
f 5260/3612/5122 5259/3613/5123 5237/3605/5105 5238/3604/5104
f 5259/3613/5123 5258/3476/5124 5236/3549/5106 5237/3605/5105
f 5258/3476/5124 5257/3476/5125 5235/3549/5107 5236/3549/5106
f 5257/3476/5125 5256/3476/5126 5234/3549/5108 5235/3549/5107
f 5256/3476/5126 5255/3476/5127 5233/3549/5109 5234/3549/5108
f 5255/3476/5127 5254/3476/5128 5232/3549/5110 5233/3549/5109
f 5254/3476/5128 5252/3474/5009 5230/3475/5010 5232/3549/5110
f 5241/3447/4958 5243/3606/5111 5265/3614/5129 5263/3448/4961
f 5243/3606/5111 5244/3607/5112 5266/3615/5130 5265/3614/5129
f 5244/3607/5112 5245/3608/5113 5267/3616/5131 5266/3615/5130
f 5245/3608/5113 5246/3609/5114 5268/3617/5132 5267/3616/5131
f 5246/3609/5114 5247/3359/5115 5269/3362/5133 5268/3617/5132
f 5247/3359/5115 5248/3359/5116 5270/3362/5134 5269/3362/5133
f 5248/3359/5116 5249/3359/5117 5271/3362/5135 5270/3362/5134
f 5249/3359/5117 5250/3359/5118 5272/3362/5136 5271/3362/5135
f 5250/3359/5118 5251/3359/5119 5273/3362/5137 5272/3362/5136
f 5251/3359/5119 5242/3357/4917 5264/3358/4918 5273/3362/5137
f 5275/3448/4960 5284/3618/5138 5262/3610/5120 5253/3447/4959
f 5284/3618/5138 5283/3619/5139 5261/3611/5121 5262/3610/5120
f 5283/3619/5139 5282/3620/5140 5260/3612/5122 5261/3611/5121
f 5282/3620/5140 5281/3621/5141 5259/3613/5123 5260/3612/5122
f 5281/3621/5141 5280/3497/5142 5258/3476/5124 5259/3613/5123
f 5280/3497/5142 5279/3497/5143 5257/3476/5125 5258/3476/5124
f 5279/3497/5143 5278/3497/5144 5256/3476/5126 5257/3476/5125
f 5278/3497/5144 5277/3497/5145 5255/3476/5127 5256/3476/5126
f 5277/3497/5145 5276/3497/5146 5254/3476/5128 5255/3476/5127
f 5276/3497/5146 5274/3495/5022 5252/3496/5009 5254/3476/5128
f 5263/3448/4961 5265/3614/5129 5287/3622/5147 5285/3456/4977
f 5265/3614/5129 5266/3615/5130 5288/3623/5148 5287/3622/5147
f 5266/3615/5130 5267/3616/5131 5289/3624/5149 5288/3623/5148
f 5267/3616/5131 5268/3617/5132 5290/3625/5150 5289/3624/5149
f 5268/3617/5132 5269/3362/5133 5291/3365/5151 5290/3625/5150
f 5269/3362/5133 5270/3362/5134 5292/3365/5152 5291/3365/5151
f 5270/3362/5134 5271/3362/5135 5293/3365/5153 5292/3365/5152
f 5271/3362/5135 5272/3362/5136 5294/3365/5154 5293/3365/5153
f 5272/3362/5136 5273/3362/5137 5295/3365/5155 5294/3365/5154
f 5273/3362/5137 5264/3360/4918 5286/3361/4919 5295/3365/5155
f 5297/3456/4976 5306/3626/5156 5284/3618/5138 5275/3448/4960
f 5306/3626/5156 5305/3627/5157 5283/3619/5139 5284/3618/5138
f 5305/3627/5157 5304/3628/5158 5282/3620/5140 5283/3619/5139
f 5304/3628/5158 5303/3629/5159 5281/3621/5141 5282/3620/5140
f 5303/3629/5159 5302/3519/5160 5280/3497/5142 5281/3621/5141
f 5302/3519/5160 5301/3519/5161 5279/3497/5143 5280/3497/5142
f 5301/3519/5161 5300/3519/5162 5278/3497/5144 5279/3497/5143
f 5300/3519/5162 5299/3519/5163 5277/3497/5145 5278/3497/5144
f 5299/3519/5163 5298/3519/5164 5276/3497/5146 5277/3497/5145
f 5298/3519/5164 5296/3517/5029 5274/3518/5022 5276/3497/5146
f 5285/3456/4977 5287/3622/5147 5309/3630/5165 5307/3467/4996
f 5287/3622/5147 5288/3623/5148 5310/3631/5166 5309/3630/5165
f 5288/3623/5148 5289/3624/5149 5311/3632/5167 5310/3631/5166
f 5289/3624/5149 5290/3625/5150 5312/3633/5168 5311/3632/5167
f 5290/3625/5150 5291/3365/5151 5313/3368/5169 5312/3633/5168
f 5291/3365/5151 5292/3365/5152 5314/3368/5170 5313/3368/5169
f 5292/3365/5152 5293/3365/5153 5315/3368/5171 5314/3368/5170
f 5293/3365/5153 5294/3365/5154 5316/3368/5172 5315/3368/5171
f 5294/3365/5154 5295/3365/5155 5317/3368/5173 5316/3368/5172
f 5295/3365/5155 5286/3363/4919 5308/3364/4920 5317/3368/5173
f 5319/3467/4995 5328/3634/5174 5306/3626/5156 5297/3456/4976
f 5328/3634/5174 5327/3635/5175 5305/3627/5157 5306/3626/5156
f 5327/3635/5175 5326/3636/5176 5304/3628/5158 5305/3627/5157
f 5326/3636/5176 5325/3637/5177 5303/3629/5159 5304/3628/5158
f 5325/3637/5177 5324/3540/5178 5302/3519/5160 5303/3629/5159
f 5324/3540/5178 5323/3540/5179 5301/3519/5161 5302/3519/5160
f 5323/3540/5179 5322/3540/5180 5300/3519/5162 5301/3519/5161
f 5322/3540/5180 5321/3540/5181 5299/3519/5163 5300/3519/5162
f 5321/3540/5181 5320/3540/5182 5298/3519/5164 5299/3519/5163
f 5320/3540/5182 5318/3538/5036 5296/3539/5029 5298/3519/5164
f 5307/3467/4996 5309/3630/5165 5331/3638/5183 5329/3441/4946
f 5309/3630/5165 5310/3631/5166 5332/3639/5184 5331/3638/5183
f 5310/3631/5166 5311/3632/5167 5333/3640/5185 5332/3639/5184
f 5311/3632/5167 5312/3633/5168 5334/3641/5186 5333/3640/5185
f 5312/3633/5168 5313/3368/5169 5335/3371/5187 5334/3641/5186
f 5313/3368/5169 5314/3368/5170 5336/3371/5188 5335/3371/5187
f 5314/3368/5170 5315/3368/5171 5337/3371/5189 5336/3371/5188
f 5315/3368/5171 5316/3368/5172 5338/3371/5190 5337/3371/5189
f 5316/3368/5172 5317/3368/5173 5339/3371/5191 5338/3371/5190
f 5317/3368/5173 5308/3366/4920 5330/3367/4921 5339/3371/5191
f 5341/3441/4947 5350/3642/5192 5328/3634/5174 5319/3467/4995
f 5350/3642/5192 5349/3643/5193 5327/3635/5175 5328/3634/5174
f 5349/3643/5193 5348/3644/5194 5326/3636/5176 5327/3635/5175
f 5348/3644/5194 5347/3645/5195 5325/3637/5177 5326/3636/5176
f 5347/3645/5195 5346/3561/5196 5324/3540/5178 5325/3637/5177
f 5346/3561/5196 5345/3561/5197 5323/3540/5179 5324/3540/5178
f 5345/3561/5197 5344/3561/5198 5322/3540/5180 5323/3540/5179
f 5344/3561/5198 5343/3561/5199 5321/3540/5181 5322/3540/5180
f 5343/3561/5199 5342/3561/5200 5320/3540/5182 5321/3540/5181
f 5342/3561/5200 5340/3559/5017 5318/3560/5036 5320/3540/5182
f 5329/3441/4946 5331/3638/5183 5353/3646/5201 5351/3442/4949
f 5331/3638/5183 5332/3639/5184 5354/3647/5202 5353/3646/5201
f 5332/3639/5184 5333/3640/5185 5355/3648/5203 5354/3647/5202
f 5333/3640/5185 5334/3641/5186 5356/3649/5204 5355/3648/5203
f 5334/3641/5186 5335/3371/5187 5357/3374/5205 5356/3649/5204
f 5335/3371/5187 5336/3371/5188 5358/3374/5206 5357/3374/5205
f 5336/3371/5188 5337/3371/5189 5359/3374/5207 5358/3374/5206
f 5337/3371/5189 5338/3371/5190 5360/3374/5208 5359/3374/5207
f 5338/3371/5190 5339/3371/5191 5361/3374/5209 5360/3374/5208
f 5339/3371/5191 5330/3369/4921 5352/3370/4922 5361/3374/5209
f 5363/3442/4948 5372/3650/5210 5350/3642/5192 5341/3441/4947
f 5372/3650/5210 5371/3651/5211 5349/3643/5193 5350/3642/5192
f 5371/3651/5211 5370/3652/5212 5348/3644/5194 5349/3643/5193
f 5370/3652/5212 5369/3653/5213 5347/3645/5195 5348/3644/5194
f 5369/3653/5213 5368/3488/5214 5346/3561/5196 5347/3645/5195
f 5368/3488/5214 5367/3488/5215 5345/3561/5197 5346/3561/5196
f 5367/3488/5215 5366/3488/5216 5344/3561/5198 5345/3561/5197
f 5366/3488/5216 5365/3488/5217 5343/3561/5199 5344/3561/5198
f 5365/3488/5217 5364/3488/5218 5342/3561/5200 5343/3561/5199
f 5364/3488/5218 5362/3486/5016 5340/3487/5017 5342/3561/5200
f 5351/3442/4949 5353/3646/5201 5375/3654/5219 5373/3453/4971
f 5353/3646/5201 5354/3647/5202 5376/3655/5220 5375/3654/5219
f 5354/3647/5202 5355/3648/5203 5377/3656/5221 5376/3655/5220
f 5355/3648/5203 5356/3649/5204 5378/3657/5222 5377/3656/5221
f 5356/3649/5204 5357/3374/5205 5379/3377/5223 5378/3657/5222
f 5357/3374/5205 5358/3374/5206 5380/3377/5224 5379/3377/5223
f 5358/3374/5206 5359/3374/5207 5381/3377/5225 5380/3377/5224
f 5359/3374/5207 5360/3374/5208 5382/3377/5226 5381/3377/5225
f 5360/3374/5208 5361/3374/5209 5383/3377/5227 5382/3377/5226
f 5361/3374/5209 5352/3372/4922 5374/3373/4923 5383/3377/5227
f 5385/3453/4970 5394/3658/5228 5372/3650/5210 5363/3442/4948
f 5394/3658/5228 5393/3659/5229 5371/3651/5211 5372/3650/5210
f 5393/3659/5229 5392/3660/5230 5370/3652/5212 5371/3651/5211
f 5392/3660/5230 5391/3661/5231 5369/3653/5213 5370/3652/5212
f 5391/3661/5231 5390/3510/5232 5368/3488/5214 5369/3653/5213
f 5390/3510/5232 5389/3510/5233 5367/3488/5215 5368/3488/5214
f 5389/3510/5233 5388/3510/5234 5366/3488/5216 5367/3488/5215
f 5388/3510/5234 5387/3510/5235 5365/3488/5217 5366/3488/5216
f 5387/3510/5235 5386/3510/5236 5364/3488/5218 5365/3488/5217
f 5386/3510/5236 5384/3508/5026 5362/3509/5016 5364/3488/5218
f 5373/3453/4971 5375/3654/5219 5397/3662/5237 5395/3464/4990
f 5375/3654/5219 5376/3655/5220 5398/3663/5238 5397/3662/5237
f 5376/3655/5220 5377/3656/5221 5399/3664/5239 5398/3663/5238
f 5377/3656/5221 5378/3657/5222 5400/3665/5240 5399/3664/5239
f 5378/3657/5222 5379/3377/5223 5401/3380/5241 5400/3665/5240
f 5379/3377/5223 5380/3377/5224 5402/3380/5242 5401/3380/5241
f 5380/3377/5224 5381/3377/5225 5403/3380/5243 5402/3380/5242
f 5381/3377/5225 5382/3377/5226 5404/3380/5244 5403/3380/5243
f 5382/3377/5226 5383/3377/5227 5405/3380/5245 5404/3380/5244
f 5383/3377/5227 5374/3375/4923 5396/3376/4924 5405/3380/5245
f 5407/3464/4989 5416/3666/5246 5394/3658/5228 5385/3453/4970
f 5416/3666/5246 5415/3667/5247 5393/3659/5229 5394/3658/5228
f 5415/3667/5247 5414/3668/5248 5392/3660/5230 5393/3659/5229
f 5414/3668/5248 5413/3669/5249 5391/3661/5231 5392/3660/5230
f 5413/3669/5249 5412/3531/5250 5390/3510/5232 5391/3661/5231
f 5412/3531/5250 5411/3531/5251 5389/3510/5233 5390/3510/5232
f 5411/3531/5251 5410/3531/5252 5388/3510/5234 5389/3510/5233
f 5410/3531/5252 5409/3531/5253 5387/3510/5235 5388/3510/5234
f 5409/3531/5253 5408/3531/5254 5386/3510/5236 5387/3510/5235
f 5408/3531/5254 5406/3529/5033 5384/3530/5026 5386/3510/5236
f 5395/3464/4990 5397/3662/5237 5419/3670/5255 5417/3471/5004
f 5397/3662/5237 5398/3663/5238 5420/3671/5256 5419/3670/5255
f 5398/3663/5238 5399/3664/5239 5421/3672/5257 5420/3671/5256
f 5399/3664/5239 5400/3665/5240 5422/3673/5258 5421/3672/5257
f 5400/3665/5240 5401/3380/5241 5423/3383/5259 5422/3673/5258
f 5401/3380/5241 5402/3380/5242 5424/3383/5260 5423/3383/5259
f 5402/3380/5242 5403/3380/5243 5425/3383/5261 5424/3383/5260
f 5403/3380/5243 5404/3380/5244 5426/3383/5262 5425/3383/5261
f 5404/3380/5244 5405/3380/5245 5427/3383/5263 5426/3383/5262
f 5405/3380/5245 5396/3378/4924 5418/3379/4925 5427/3383/5263
f 5429/3471/5003 5438/3674/5264 5416/3666/5246 5407/3464/4989
f 5438/3674/5264 5437/3675/5265 5415/3667/5247 5416/3666/5246
f 5437/3675/5265 5436/3676/5266 5414/3668/5248 5415/3667/5247
f 5436/3676/5266 5435/3677/5267 5413/3669/5249 5414/3668/5248
f 5435/3677/5267 5434/3552/5268 5412/3531/5250 5413/3669/5249
f 5434/3552/5268 5433/3552/5269 5411/3531/5251 5412/3531/5250
f 5433/3552/5269 5432/3552/5270 5410/3531/5252 5411/3531/5251
f 5432/3552/5270 5431/3552/5271 5409/3531/5253 5410/3531/5252
f 5431/3552/5271 5430/3552/5272 5408/3531/5254 5409/3531/5253
f 5430/3552/5272 5428/3550/5012 5406/3551/5033 5408/3531/5254
f 5417/3471/5004 5419/3670/5255 5441/3678/5273 5439/3449/4962
f 5419/3670/5255 5420/3671/5256 5442/3679/5274 5441/3678/5273
f 5420/3671/5256 5421/3672/5257 5443/3680/5275 5442/3679/5274
f 5421/3672/5257 5422/3673/5258 5444/3681/5276 5443/3680/5275
f 5422/3673/5258 5423/3383/5259 5445/3386/5277 5444/3681/5276
f 5423/3383/5259 5424/3383/5260 5446/3386/5278 5445/3386/5277
f 5424/3383/5260 5425/3383/5261 5447/3386/5279 5446/3386/5278
f 5425/3383/5261 5426/3383/5262 5448/3386/5280 5447/3386/5279
f 5426/3383/5262 5427/3383/5263 5449/3386/5281 5448/3386/5280
f 5427/3383/5263 5418/3381/4925 5440/3382/4926 5449/3386/5281
f 5451/3449/4963 5460/3682/5282 5438/3674/5264 5429/3471/5003
f 5460/3682/5282 5459/3683/5283 5437/3675/5265 5438/3674/5264
f 5459/3683/5283 5458/3684/5284 5436/3676/5266 5437/3675/5265
f 5458/3684/5284 5457/3685/5285 5435/3677/5267 5436/3676/5266
f 5457/3685/5285 5456/3479/5286 5434/3552/5268 5435/3677/5267
f 5456/3479/5286 5455/3479/5287 5433/3552/5269 5434/3552/5268
f 5455/3479/5287 5454/3479/5288 5432/3552/5270 5433/3552/5269
f 5454/3479/5288 5453/3479/5289 5431/3552/5271 5432/3552/5270
f 5453/3479/5289 5452/3479/5290 5430/3552/5272 5431/3552/5271
f 5452/3479/5290 5450/3477/5011 5428/3478/5012 5430/3552/5272
f 5439/3449/4962 5441/3678/5273 5463/3686/5291 5461/3450/4965
f 5441/3678/5273 5442/3679/5274 5464/3687/5292 5463/3686/5291
f 5442/3679/5274 5443/3680/5275 5465/3688/5293 5464/3687/5292
f 5443/3680/5275 5444/3681/5276 5466/3689/5294 5465/3688/5293
f 5444/3681/5276 5445/3386/5277 5467/3389/5295 5466/3689/5294
f 5445/3386/5277 5446/3386/5278 5468/3389/5296 5467/3389/5295
f 5446/3386/5278 5447/3386/5279 5469/3389/5297 5468/3389/5296
f 5447/3386/5279 5448/3386/5280 5470/3389/5298 5469/3389/5297
f 5448/3386/5280 5449/3386/5281 5471/3389/5299 5470/3389/5298
f 5449/3386/5281 5440/3384/4926 5462/3385/4927 5471/3389/5299
f 5473/3450/4964 5482/3690/5300 5460/3682/5282 5451/3449/4963
f 5482/3690/5300 5481/3691/5301 5459/3683/5283 5460/3682/5282
f 5481/3691/5301 5480/3692/5302 5458/3684/5284 5459/3683/5283
f 5480/3692/5302 5479/3693/5303 5457/3685/5285 5458/3684/5284
f 5479/3693/5303 5478/3500/5304 5456/3479/5286 5457/3685/5285
f 5478/3500/5304 5477/3500/5305 5455/3479/5287 5456/3479/5286
f 5477/3500/5305 5476/3500/5306 5454/3479/5288 5455/3479/5287
f 5476/3500/5306 5475/3500/5307 5453/3479/5289 5454/3479/5288
f 5475/3500/5307 5474/3500/5308 5452/3479/5290 5453/3479/5289
f 5474/3500/5308 5472/3498/5023 5450/3499/5011 5452/3479/5290
f 5461/3450/4965 5463/3686/5291 5485/3694/5309 5483/3457/4979
f 5463/3686/5291 5464/3687/5292 5486/3695/5310 5485/3694/5309
f 5464/3687/5292 5465/3688/5293 5487/3696/5311 5486/3695/5310
f 5465/3688/5293 5466/3689/5294 5488/3697/5312 5487/3696/5311
f 5466/3689/5294 5467/3389/5295 5489/3392/5313 5488/3697/5312
f 5467/3389/5295 5468/3389/5296 5490/3392/5314 5489/3392/5313
f 5468/3389/5296 5469/3389/5297 5491/3392/5315 5490/3392/5314
f 5469/3389/5297 5470/3389/5298 5492/3392/5316 5491/3392/5315
f 5470/3389/5298 5471/3389/5299 5493/3392/5317 5492/3392/5316
f 5471/3389/5299 5462/3387/4927 5484/3388/4928 5493/3392/5317
f 5495/3457/4978 5504/3698/5318 5482/3690/5300 5473/3450/4964
f 5504/3698/5318 5503/3699/5319 5481/3691/5301 5482/3690/5300
f 5503/3699/5319 5502/3700/5320 5480/3692/5302 5481/3691/5301
f 5502/3700/5320 5501/3701/5321 5479/3693/5303 5480/3692/5302
f 5501/3701/5321 5500/3522/5322 5478/3500/5304 5479/3693/5303
f 5500/3522/5322 5499/3522/5323 5477/3500/5305 5478/3500/5304
f 5499/3522/5323 5498/3522/5324 5476/3500/5306 5477/3500/5305
f 5498/3522/5324 5497/3522/5325 5475/3500/5307 5476/3500/5306
f 5497/3522/5325 5496/3522/5326 5474/3500/5308 5475/3500/5307
f 5496/3522/5326 5494/3520/5030 5472/3521/5023 5474/3500/5308
f 5483/3457/4979 5485/3694/5309 5507/3702/5327 5505/3468/4998
f 5485/3694/5309 5486/3695/5310 5508/3703/5328 5507/3702/5327
f 5486/3695/5310 5487/3696/5311 5509/3704/5329 5508/3703/5328
f 5487/3696/5311 5488/3697/5312 5510/3705/5330 5509/3704/5329
f 5488/3697/5312 5489/3392/5313 5511/3395/5331 5510/3705/5330
f 5489/3392/5313 5490/3392/5314 5512/3395/5332 5511/3395/5331
f 5490/3392/5314 5491/3392/5315 5513/3395/5333 5512/3395/5332
f 5491/3392/5315 5492/3392/5316 5514/3395/5334 5513/3395/5333
f 5492/3392/5316 5493/3392/5317 5515/3395/5335 5514/3395/5334
f 5493/3392/5317 5484/3390/4928 5506/3391/4929 5515/3395/5335
f 5517/3468/4997 5526/3706/5336 5504/3698/5318 5495/3457/4978
f 5526/3706/5336 5525/3707/5337 5503/3699/5319 5504/3698/5318
f 5525/3707/5337 5524/3708/5338 5502/3700/5320 5503/3699/5319
f 5524/3708/5338 5523/3709/5339 5501/3701/5321 5502/3700/5320
f 5523/3709/5339 5522/3543/5340 5500/3522/5322 5501/3701/5321
f 5522/3543/5340 5521/3543/5341 5499/3522/5323 5500/3522/5322
f 5521/3543/5341 5520/3543/5342 5498/3522/5324 5499/3522/5323
f 5520/3543/5342 5519/3543/5343 5497/3522/5325 5498/3522/5324
f 5519/3543/5343 5518/3543/5344 5496/3522/5326 5497/3522/5325
f 5518/3543/5344 5516/3541/5037 5494/3542/5030 5496/3522/5326
f 5505/3468/4998 5507/3702/5327 5529/3710/5345 5527/3443/4950
f 5507/3702/5327 5508/3703/5328 5530/3711/5346 5529/3710/5345
f 5508/3703/5328 5509/3704/5329 5531/3712/5347 5530/3711/5346
f 5509/3704/5329 5510/3705/5330 5532/3713/5348 5531/3712/5347
f 5510/3705/5330 5511/3395/5331 5533/3714/5349 5532/3713/5348
f 5511/3395/5331 5512/3395/5332 5534/3398/5350 5533/3714/5349
f 5512/3395/5332 5513/3395/5333 5535/3398/5351 5534/3398/5350
f 5513/3395/5333 5514/3395/5334 5536/3398/5352 5535/3398/5351
f 5514/3395/5334 5515/3395/5335 5537/3398/5353 5536/3398/5352
f 5515/3395/5335 5506/3393/4929 5528/3394/4930 5537/3398/5353
f 5539/3443/4951 5548/3715/5354 5526/3706/5336 5517/3468/4997
f 5548/3715/5354 5547/3716/5355 5525/3707/5337 5526/3706/5336
f 5547/3716/5355 5546/3717/5356 5524/3708/5338 5525/3707/5337
f 5546/3717/5356 5545/3718/5357 5523/3709/5339 5524/3708/5338
f 5545/3718/5357 5544/3719/5358 5522/3543/5340 5523/3709/5339
f 5544/3719/5358 5543/3564/5359 5521/3543/5341 5522/3543/5340
f 5543/3564/5359 5542/3564/5360 5520/3543/5342 5521/3543/5341
f 5542/3564/5360 5541/3564/5361 5519/3543/5343 5520/3543/5342
f 5541/3564/5361 5540/3564/5362 5518/3543/5344 5519/3543/5343
f 5540/3564/5362 5538/3562/5019 5516/3563/5037 5518/3543/5344
f 5527/3443/4950 5529/3710/5345 5551/3720/5363 5549/3444/4953
f 5529/3710/5345 5530/3711/5346 5552/3721/5364 5551/3720/5363
f 5530/3711/5346 5531/3712/5347 5553/3722/5365 5552/3721/5364
f 5531/3712/5347 5532/3713/5348 5554/3723/5366 5553/3722/5365
f 5532/3713/5348 5533/3714/5349 5555/3724/5367 5554/3723/5366
f 5533/3714/5349 5534/3398/5350 5556/3401/5368 5555/3724/5367
f 5534/3398/5350 5535/3398/5351 5557/3401/5369 5556/3401/5368
f 5535/3398/5351 5536/3398/5352 5558/3401/5370 5557/3401/5369
f 5536/3398/5352 5537/3398/5353 5559/3401/5371 5558/3401/5370
f 5537/3398/5353 5528/3396/4930 5550/3397/4931 5559/3401/5371
f 5561/3444/4952 5570/3725/5372 5548/3715/5354 5539/3443/4951
f 5570/3725/5372 5569/3726/5373 5547/3716/5355 5548/3715/5354
f 5569/3726/5373 5568/3727/5374 5546/3717/5356 5547/3716/5355
f 5568/3727/5374 5567/3728/5375 5545/3718/5357 5546/3717/5356
f 5567/3728/5375 5566/3491/5376 5544/3719/5358 5545/3718/5357
f 5566/3491/5376 5565/3491/5377 5543/3564/5359 5544/3719/5358
f 5565/3491/5377 5564/3491/5378 5542/3564/5360 5543/3564/5359
f 5564/3491/5378 5563/3491/5379 5541/3564/5361 5542/3564/5360
f 5563/3491/5379 5562/3491/5380 5540/3564/5362 5541/3564/5361
f 5562/3491/5380 5560/3489/5018 5538/3490/5019 5540/3564/5362
f 5549/3444/4953 5551/3720/5363 5573/3729/5381 5571/3454/4973
f 5551/3720/5363 5552/3721/5364 5574/3730/5382 5573/3729/5381
f 5552/3721/5364 5553/3722/5365 5575/3731/5383 5574/3730/5382
f 5553/3722/5365 5554/3723/5366 5576/3732/5384 5575/3731/5383
f 5554/3723/5366 5555/3724/5367 5577/3404/5385 5576/3732/5384
f 5555/3724/5367 5556/3401/5368 5578/3404/5386 5577/3404/5385
f 5556/3401/5368 5557/3401/5369 5579/3404/5387 5578/3404/5386
f 5557/3401/5369 5558/3401/5370 5580/3404/5388 5579/3404/5387
f 5558/3401/5370 5559/3401/5371 5581/3404/5389 5580/3404/5388
f 5559/3401/5371 5550/3399/4931 5572/3400/4932 5581/3404/5389
f 5583/3454/4972 5592/3733/5390 5570/3725/5372 5561/3444/4952
f 5592/3733/5390 5591/3734/5391 5569/3726/5373 5570/3725/5372
f 5591/3734/5391 5590/3735/5392 5568/3727/5374 5569/3726/5373
f 5590/3735/5392 5589/3736/5393 5567/3728/5375 5568/3727/5374
f 5589/3736/5393 5588/3513/5394 5566/3491/5376 5567/3728/5375
f 5588/3513/5394 5587/3513/5395 5565/3491/5377 5566/3491/5376
f 5587/3513/5395 5586/3513/5396 5564/3491/5378 5565/3491/5377
f 5586/3513/5396 5585/3513/5397 5563/3491/5379 5564/3491/5378
f 5585/3513/5397 5584/3513/5398 5562/3491/5380 5563/3491/5379
f 5584/3513/5398 5582/3511/5027 5560/3512/5018 5562/3491/5380
f 5571/3454/4973 5573/3729/5381 5595/3737/5399 5593/3465/4992
f 5573/3729/5381 5574/3730/5382 5596/3738/5400 5595/3737/5399
f 5574/3730/5382 5575/3731/5383 5597/3739/5401 5596/3738/5400
f 5575/3731/5383 5576/3732/5384 5598/3740/5402 5597/3739/5401
f 5576/3732/5384 5577/3404/5385 5599/3407/5403 5598/3740/5402
f 5577/3404/5385 5578/3404/5386 5600/3407/5404 5599/3407/5403
f 5578/3404/5386 5579/3404/5387 5601/3407/5405 5600/3407/5404
f 5579/3404/5387 5580/3404/5388 5602/3407/5406 5601/3407/5405
f 5580/3404/5388 5581/3404/5389 5603/3407/5407 5602/3407/5406
f 5581/3404/5389 5572/3402/4932 5594/3403/4933 5603/3407/5407
f 5605/3465/4991 5614/3741/5408 5592/3733/5390 5583/3454/4972
f 5614/3741/5408 5613/3742/5409 5591/3734/5391 5592/3733/5390
f 5613/3742/5409 5612/3743/5410 5590/3735/5392 5591/3734/5391
f 5612/3743/5410 5611/3744/5411 5589/3736/5393 5590/3735/5392
f 5611/3744/5411 5610/3745/5412 5588/3513/5394 5589/3736/5393
f 5610/3745/5412 5609/3534/5413 5587/3513/5395 5588/3513/5394
f 5609/3534/5413 5608/3534/5414 5586/3513/5396 5587/3513/5395
f 5608/3534/5414 5607/3534/5415 5585/3513/5397 5586/3513/5396
f 5607/3534/5415 5606/3534/5416 5584/3513/5398 5585/3513/5397
f 5606/3534/5416 5604/3532/5034 5582/3533/5027 5584/3513/5398
f 5593/3465/4992 5595/3737/5399 5617/3746/5417 5615/3472/5006
f 5595/3737/5399 5596/3738/5400 5618/3747/5418 5617/3746/5417
f 5596/3738/5400 5597/3739/5401 5619/3748/5419 5618/3747/5418
f 5597/3739/5401 5598/3740/5402 5620/3749/5420 5619/3748/5419
f 5598/3740/5402 5599/3407/5403 5621/3410/5421 5620/3749/5420
f 5599/3407/5403 5600/3407/5404 5622/3410/5422 5621/3410/5421
f 5600/3407/5404 5601/3407/5405 5623/3410/5423 5622/3410/5422
f 5601/3407/5405 5602/3407/5406 5624/3410/5424 5623/3410/5423
f 5602/3407/5406 5603/3407/5407 5625/3410/5425 5624/3410/5424
f 5603/3407/5407 5594/3405/4933 5616/3406/4934 5625/3410/5425
f 5627/3472/5005 5636/3750/5426 5614/3741/5408 5605/3465/4991
f 5636/3750/5426 5635/3751/5427 5613/3742/5409 5614/3741/5408
f 5635/3751/5427 5634/3752/5428 5612/3743/5410 5613/3742/5409
f 5634/3752/5428 5633/3753/5429 5611/3744/5411 5612/3743/5410
f 5633/3753/5429 5632/3555/5430 5610/3745/5412 5611/3744/5411
f 5632/3555/5430 5631/3555/5431 5609/3534/5413 5610/3745/5412
f 5631/3555/5431 5630/3555/5432 5608/3534/5414 5609/3534/5413
f 5630/3555/5432 5629/3555/5433 5607/3534/5415 5608/3534/5414
f 5629/3555/5433 5628/3555/5434 5606/3534/5416 5607/3534/5415
f 5628/3555/5434 5626/3553/5014 5604/3554/5034 5606/3534/5416
f 5615/3472/5006 5617/3746/5417 5639/3754/5435 5637/3451/4966
f 5617/3746/5417 5618/3747/5418 5640/3755/5436 5639/3754/5435
f 5618/3747/5418 5619/3748/5419 5641/3756/5437 5640/3755/5436
f 5619/3748/5419 5620/3749/5420 5642/3757/5438 5641/3756/5437
f 5620/3749/5420 5621/3410/5421 5643/3413/5439 5642/3757/5438
f 5621/3410/5421 5622/3410/5422 5644/3413/5440 5643/3413/5439
f 5622/3410/5422 5623/3410/5423 5645/3413/5441 5644/3413/5440
f 5623/3410/5423 5624/3410/5424 5646/3413/5442 5645/3413/5441
f 5624/3410/5424 5625/3410/5425 5647/3413/5443 5646/3413/5442
f 5625/3410/5425 5616/3408/4934 5638/3409/4935 5647/3413/5443
f 5649/3451/4967 5658/3758/5444 5636/3750/5426 5627/3472/5005
f 5658/3758/5444 5657/3759/5445 5635/3751/5427 5636/3750/5426
f 5657/3759/5445 5656/3760/5446 5634/3752/5428 5635/3751/5427
f 5656/3760/5446 5655/3761/5447 5633/3753/5429 5634/3752/5428
f 5655/3761/5447 5654/3482/5448 5632/3555/5430 5633/3753/5429
f 5654/3482/5448 5653/3482/5449 5631/3555/5431 5632/3555/5430
f 5653/3482/5449 5652/3482/5450 5630/3555/5432 5631/3555/5431
f 5652/3482/5450 5651/3482/5451 5629/3555/5433 5630/3555/5432
f 5651/3482/5451 5650/3482/5452 5628/3555/5434 5629/3555/5433
f 5650/3482/5452 5648/3480/5013 5626/3481/5014 5628/3555/5434
f 5637/3451/4966 5639/3754/5435 5661/3762/5453 5659/3452/4969
f 5639/3754/5435 5640/3755/5436 5662/3763/5454 5661/3762/5453
f 5640/3755/5436 5641/3756/5437 5663/3764/5455 5662/3763/5454
f 5641/3756/5437 5642/3757/5438 5664/3765/5456 5663/3764/5455
f 5642/3757/5438 5643/3413/5439 5665/3416/5457 5664/3765/5456
f 5643/3413/5439 5644/3413/5440 5666/3416/5458 5665/3416/5457
f 5644/3413/5440 5645/3413/5441 5667/3416/5459 5666/3416/5458
f 5645/3413/5441 5646/3413/5442 5668/3416/5460 5667/3416/5459
f 5646/3413/5442 5647/3413/5443 5669/3416/5461 5668/3416/5460
f 5647/3413/5443 5638/3411/4935 5660/3412/4936 5669/3416/5461
f 5671/3452/4968 5680/3766/5462 5658/3758/5444 5649/3451/4967
f 5680/3766/5462 5679/3767/5463 5657/3759/5445 5658/3758/5444
f 5679/3767/5463 5678/3768/5464 5656/3760/5446 5657/3759/5445
f 5678/3768/5464 5677/3769/5465 5655/3761/5447 5656/3760/5446
f 5677/3769/5465 5676/3503/5466 5654/3482/5448 5655/3761/5447
f 5676/3503/5466 5675/3503/5467 5653/3482/5449 5654/3482/5448
f 5675/3503/5467 5674/3503/5468 5652/3482/5450 5653/3482/5449
f 5674/3503/5468 5673/3503/5469 5651/3482/5451 5652/3482/5450
f 5673/3503/5469 5672/3503/5470 5650/3482/5452 5651/3482/5451
f 5672/3503/5470 5670/3501/5024 5648/3502/5013 5650/3482/5452
f 5659/3452/4969 5661/3762/5453 5683/3770/5471 5681/3458/4981
f 5661/3762/5453 5662/3763/5454 5684/3771/5472 5683/3770/5471
f 5662/3763/5454 5663/3764/5455 5685/3772/5473 5684/3771/5472
f 5663/3764/5455 5664/3765/5456 5686/3773/5474 5685/3772/5473
f 5664/3765/5456 5665/3416/5457 5687/3419/5475 5686/3773/5474
f 5665/3416/5457 5666/3416/5458 5688/3419/5476 5687/3419/5475
f 5666/3416/5458 5667/3416/5459 5689/3419/5477 5688/3419/5476
f 5667/3416/5459 5668/3416/5460 5690/3419/5478 5689/3419/5477
f 5668/3416/5460 5669/3416/5461 5691/3419/5479 5690/3419/5478
f 5669/3416/5461 5660/3414/4936 5682/3415/4937 5691/3419/5479
f 5693/3458/4980 5702/3774/5480 5680/3766/5462 5671/3452/4968
f 5702/3774/5480 5701/3775/5481 5679/3767/5463 5680/3766/5462
f 5701/3775/5481 5700/3776/5482 5678/3768/5464 5679/3767/5463
f 5700/3776/5482 5699/3777/5483 5677/3769/5465 5678/3768/5464
f 5699/3777/5483 5698/3525/5484 5676/3503/5466 5677/3769/5465
f 5698/3525/5484 5697/3525/5485 5675/3503/5467 5676/3503/5466
f 5697/3525/5485 5696/3525/5486 5674/3503/5468 5675/3503/5467
f 5696/3525/5486 5695/3525/5487 5673/3503/5469 5674/3503/5468
f 5695/3525/5487 5694/3525/5488 5672/3503/5470 5673/3503/5469
f 5694/3525/5488 5692/3523/5031 5670/3524/5024 5672/3503/5470
f 5681/3458/4981 5683/3770/5471 5705/3778/5489 5703/3469/5000
f 5683/3770/5471 5684/3771/5472 5706/3779/5490 5705/3778/5489
f 5684/3771/5472 5685/3772/5473 5707/3780/5491 5706/3779/5490
f 5685/3772/5473 5686/3773/5474 5708/3781/5492 5707/3780/5491
f 5686/3773/5474 5687/3419/5475 5709/3422/5493 5708/3781/5492
f 5687/3419/5475 5688/3419/5476 5710/3422/5494 5709/3422/5493
f 5688/3419/5476 5689/3419/5477 5711/3422/5495 5710/3422/5494
f 5689/3419/5477 5690/3419/5478 5712/3422/5496 5711/3422/5495
f 5690/3419/5478 5691/3419/5479 5713/3422/5497 5712/3422/5496
f 5691/3419/5479 5682/3417/4937 5704/3418/4938 5713/3422/5497
f 5715/3469/4999 5724/3782/5498 5702/3774/5480 5693/3458/4980
f 5724/3782/5498 5723/3783/5499 5701/3775/5481 5702/3774/5480
f 5723/3783/5499 5722/3784/5500 5700/3776/5482 5701/3775/5481
f 5722/3784/5500 5721/3785/5501 5699/3777/5483 5700/3776/5482
f 5721/3785/5501 5720/3546/5502 5698/3525/5484 5699/3777/5483
f 5720/3546/5502 5719/3546/5503 5697/3525/5485 5698/3525/5484
f 5719/3546/5503 5718/3546/5504 5696/3525/5486 5697/3525/5485
f 5718/3546/5504 5717/3546/5505 5695/3525/5487 5696/3525/5486
f 5717/3546/5505 5716/3546/5506 5694/3525/5488 5695/3525/5487
f 5716/3546/5506 5714/3544/5038 5692/3545/5031 5694/3525/5488
f 5703/3469/5000 5705/3778/5489 5727/3786/5507 5725/3445/4954
f 5705/3778/5489 5706/3779/5490 5728/3787/5508 5727/3786/5507
f 5706/3779/5490 5707/3780/5491 5729/3788/5509 5728/3787/5508
f 5707/3780/5491 5708/3781/5492 5730/3789/5510 5729/3788/5509
f 5708/3781/5492 5709/3422/5493 5731/3425/5511 5730/3789/5510
f 5709/3422/5493 5710/3422/5494 5732/3425/5512 5731/3425/5511
f 5710/3422/5494 5711/3422/5495 5733/3425/5513 5732/3425/5512
f 5711/3422/5495 5712/3422/5496 5734/3425/5514 5733/3425/5513
f 5712/3422/5496 5713/3422/5497 5735/3425/5515 5734/3425/5514
f 5713/3422/5497 5704/3420/4938 5726/3421/4939 5735/3425/5515
f 5737/3445/4955 5746/3790/5516 5724/3782/5498 5715/3469/4999
f 5746/3790/5516 5745/3791/5517 5723/3783/5499 5724/3782/5498
f 5745/3791/5517 5744/3792/5518 5722/3784/5500 5723/3783/5499
f 5744/3792/5518 5743/3793/5519 5721/3785/5501 5722/3784/5500
f 5743/3793/5519 5742/3567/5520 5720/3546/5502 5721/3785/5501
f 5742/3567/5520 5741/3567/5521 5719/3546/5503 5720/3546/5502
f 5741/3567/5521 5740/3567/5522 5718/3546/5504 5719/3546/5503
f 5740/3567/5522 5739/3567/5523 5717/3546/5505 5718/3546/5504
f 5739/3567/5523 5738/3567/5524 5716/3546/5506 5717/3546/5505
f 5738/3567/5524 5736/3565/5021 5714/3566/5038 5716/3546/5506
f 5725/3445/4954 5727/3786/5507 5749/3794/5525 5747/3446/4957
f 5727/3786/5507 5728/3787/5508 5750/3795/5526 5749/3794/5525
f 5728/3787/5508 5729/3788/5509 5751/3796/5527 5750/3795/5526
f 5729/3788/5509 5730/3789/5510 5752/3797/5528 5751/3796/5527
f 5730/3789/5510 5731/3425/5511 5753/3798/5529 5752/3797/5528
f 5731/3425/5511 5732/3425/5512 5754/3428/5530 5753/3798/5529
f 5732/3425/5512 5733/3425/5513 5755/3428/5531 5754/3428/5530
f 5733/3425/5513 5734/3425/5514 5756/3428/5532 5755/3428/5531
f 5734/3425/5514 5735/3425/5515 5757/3428/5533 5756/3428/5532
f 5735/3425/5515 5726/3423/4939 5748/3424/4940 5757/3428/5533
f 5759/3446/4956 5768/3799/5534 5746/3790/5516 5737/3445/4955
f 5768/3799/5534 5767/3800/5535 5745/3791/5517 5746/3790/5516
f 5767/3800/5535 5766/3801/5536 5744/3792/5518 5745/3791/5517
f 5766/3801/5536 5765/3802/5537 5743/3793/5519 5744/3792/5518
f 5765/3802/5537 5764/3803/5538 5742/3567/5520 5743/3793/5519
f 5764/3803/5538 5763/3494/5539 5741/3567/5521 5742/3567/5520
f 5763/3494/5539 5762/3494/5540 5740/3567/5522 5741/3567/5521
f 5762/3494/5540 5761/3494/5541 5739/3567/5523 5740/3567/5522
f 5761/3494/5541 5760/3494/5542 5738/3567/5524 5739/3567/5523
f 5760/3494/5542 5758/3492/5020 5736/3493/5021 5738/3567/5524
f 5747/3446/4957 5749/3794/5525 5771/3804/5543 5769/3455/4975
f 5749/3794/5525 5750/3795/5526 5772/3805/5544 5771/3804/5543
f 5750/3795/5526 5751/3796/5527 5773/3806/5545 5772/3805/5544
f 5751/3796/5527 5752/3797/5528 5774/3807/5546 5773/3806/5545
f 5752/3797/5528 5753/3798/5529 5775/3808/5547 5774/3807/5546
f 5753/3798/5529 5754/3428/5530 5776/3431/5548 5775/3808/5547
f 5754/3428/5530 5755/3428/5531 5777/3431/5549 5776/3431/5548
f 5755/3428/5531 5756/3428/5532 5778/3431/5550 5777/3431/5549
f 5756/3428/5532 5757/3428/5533 5779/3431/5551 5778/3431/5550
f 5757/3428/5533 5748/3426/4940 5770/3427/4941 5779/3431/5551
f 5781/3455/4974 5790/3809/5552 5768/3799/5534 5759/3446/4956
f 5790/3809/5552 5789/3810/5553 5767/3800/5535 5768/3799/5534
f 5789/3810/5553 5788/3811/5554 5766/3801/5536 5767/3800/5535
f 5788/3811/5554 5787/3812/5555 5765/3802/5537 5766/3801/5536
f 5787/3812/5555 5786/3813/5556 5764/3803/5538 5765/3802/5537
f 5786/3813/5556 5785/3516/5557 5763/3494/5539 5764/3803/5538
f 5785/3516/5557 5784/3516/5558 5762/3494/5540 5763/3494/5539
f 5784/3516/5558 5783/3516/5559 5761/3494/5541 5762/3494/5540
f 5783/3516/5559 5782/3516/5560 5760/3494/5542 5761/3494/5541
f 5782/3516/5560 5780/3514/5028 5758/3515/5020 5760/3494/5542
f 5769/3455/4975 5771/3804/5543 5793/3814/5561 5791/3466/4994
f 5771/3804/5543 5772/3805/5544 5794/3815/5562 5793/3814/5561
f 5772/3805/5544 5773/3806/5545 5795/3816/5563 5794/3815/5562
f 5773/3806/5545 5774/3807/5546 5796/3817/5564 5795/3816/5563
f 5774/3807/5546 5775/3808/5547 5797/3818/5565 5796/3817/5564
f 5775/3808/5547 5776/3431/5548 5798/3434/5566 5797/3818/5565
f 5776/3431/5548 5777/3431/5549 5799/3434/5567 5798/3434/5566
f 5777/3431/5549 5778/3431/5550 5800/3434/5568 5799/3434/5567
f 5778/3431/5550 5779/3431/5551 5801/3434/5569 5800/3434/5568
f 5779/3431/5551 5770/3429/4941 5792/3430/4942 5801/3434/5569
f 5803/3466/4993 5812/3819/5570 5790/3809/5552 5781/3455/4974
f 5812/3819/5570 5811/3820/5571 5789/3810/5553 5790/3809/5552
f 5811/3820/5571 5810/3821/5572 5788/3811/5554 5789/3810/5553
f 5810/3821/5572 5809/3822/5573 5787/3812/5555 5788/3811/5554
f 5809/3822/5573 5808/3823/5574 5786/3813/5556 5787/3812/5555
f 5808/3823/5574 5807/3537/5575 5785/3516/5557 5786/3813/5556
f 5807/3537/5575 5806/3537/5576 5784/3516/5558 5785/3516/5557
f 5806/3537/5576 5805/3537/5577 5783/3516/5559 5784/3516/5558
f 5805/3537/5577 5804/3537/5578 5782/3516/5560 5783/3516/5559
f 5804/3537/5578 5802/3535/5035 5780/3536/5028 5782/3516/5560
f 5791/3466/4994 5793/3814/5561 5815/3824/5579 5813/3473/5008
f 5793/3814/5561 5794/3815/5562 5816/3825/5580 5815/3824/5579
f 5794/3815/5562 5795/3816/5563 5817/3826/5581 5816/3825/5580
f 5795/3816/5563 5796/3817/5564 5818/3827/5582 5817/3826/5581
f 5796/3817/5564 5797/3818/5565 5819/3828/5583 5818/3827/5582
f 5797/3818/5565 5798/3434/5566 5820/3437/5584 5819/3828/5583
f 5798/3434/5566 5799/3434/5567 5821/3437/5585 5820/3437/5584
f 5799/3434/5567 5800/3434/5568 5822/3437/5586 5821/3437/5585
f 5800/3434/5568 5801/3434/5569 5823/3437/5587 5822/3437/5586
f 5801/3434/5569 5792/3432/4942 5814/3433/4943 5823/3437/5587
f 5825/3473/5007 5834/3829/5588 5812/3819/5570 5803/3466/4993
f 5834/3829/5588 5833/3830/5589 5811/3820/5571 5812/3819/5570
f 5833/3830/5589 5832/3831/5590 5810/3821/5572 5811/3820/5571
f 5832/3831/5590 5831/3832/5591 5809/3822/5573 5810/3821/5572
f 5831/3832/5591 5830/3833/5592 5808/3823/5574 5809/3822/5573
f 5830/3833/5592 5829/3558/5593 5807/3537/5575 5808/3823/5574
f 5829/3558/5593 5828/3558/5594 5806/3537/5576 5807/3537/5575
f 5828/3558/5594 5827/3558/5595 5805/3537/5577 5806/3537/5576
f 5827/3558/5595 5826/3558/5596 5804/3537/5578 5805/3537/5577
f 5826/3558/5596 5824/3556/5015 5802/3557/5035 5804/3537/5578
f 5813/3473/5008 5815/3824/5579 5837/3834/5597 5835/3346/4909
f 5815/3824/5579 5816/3825/5580 5838/3835/5598 5837/3834/5597
f 5816/3825/5580 5817/3826/5581 5839/3836/5599 5838/3835/5598
f 5817/3826/5581 5818/3827/5582 5840/3837/5600 5839/3836/5599
f 5818/3827/5582 5819/3828/5583 5841/3838/5601 5840/3837/5600
f 5819/3828/5583 5820/3437/5584 5842/3440/5602 5841/3838/5601
f 5820/3437/5584 5821/3437/5585 5843/3440/5603 5842/3440/5602
f 5821/3437/5585 5822/3437/5586 5844/3440/5604 5843/3440/5603
f 5822/3437/5586 5823/3437/5587 5845/3440/5605 5844/3440/5604
f 5823/3437/5587 5814/3435/4943 5836/3436/4944 5845/3440/5605
f 5847/3346/4910 5856/3839/5606 5834/3829/5588 5825/3473/5007
f 5856/3839/5606 5855/3840/5607 5833/3830/5589 5834/3829/5588
f 5855/3840/5607 5854/3841/5608 5832/3831/5590 5833/3830/5589
f 5854/3841/5608 5853/3842/5609 5831/3832/5591 5832/3831/5590
f 5853/3842/5609 5852/3843/5610 5830/3833/5592 5831/3832/5591
f 5852/3843/5610 5851/3485/5611 5829/3558/5593 5830/3833/5592
f 5851/3485/5611 5850/3485/5612 5828/3558/5594 5829/3558/5593
f 5850/3485/5612 5849/3485/5613 5827/3558/5595 5828/3558/5594
f 5849/3485/5613 5848/3485/5614 5826/3558/5596 5827/3558/5595
f 5848/3485/5614 5846/3483/4983 5824/3484/5015 5826/3558/5596
f 5835/3346/4909 5837/3834/5597 5163/3844/5040 5154/3347/4912
f 5837/3834/5597 5838/3835/5598 5162/3845/5042 5163/3844/5040
f 5838/3835/5598 5839/3836/5599 5161/3846/5044 5162/3845/5042
f 5839/3836/5599 5840/3837/5600 5160/3847/5046 5161/3846/5044
f 5840/3837/5600 5841/3838/5601 5159/3848/5048 5160/3847/5046
f 5841/3838/5601 5842/3440/5602 5158/3849/5050 5159/3848/5048
f 5842/3440/5602 5843/3440/5603 5157/3849/5052 5158/3849/5050
f 5843/3440/5603 5844/3440/5604 5156/3849/5054 5157/3849/5052
f 5844/3440/5604 5845/3440/5605 5155/3849/5056 5156/3849/5054
f 5845/3440/5605 5836/3438/4944 5153/3439/4945 5155/3849/5056
f 5164/3347/4911 5166/3850/5057 5856/3839/5606 5847/3346/4910
f 5166/3850/5057 5167/3851/5059 5855/3840/5607 5856/3839/5606
f 5167/3851/5059 5168/3852/5061 5854/3841/5608 5855/3840/5607
f 5168/3852/5061 5169/3853/5063 5853/3842/5609 5854/3841/5608
f 5169/3853/5063 5170/3854/5065 5852/3843/5610 5853/3842/5609
f 5170/3854/5065 5171/3461/5067 5851/3485/5611 5852/3843/5610
f 5171/3461/5067 5172/3461/5069 5850/3485/5612 5851/3485/5611
f 5172/3461/5069 5173/3461/5071 5849/3485/5613 5850/3485/5612
f 5173/3461/5071 5174/3461/5073 5848/3485/5614 5849/3485/5613
f 5174/3461/5073 5165/3459/4982 5846/3460/4983 5848/3485/5614
f 5153/3579/4945 5121/3577/4915 5122/3577/4915 5176/3578/4913
