# Blender 4.3.2
# www.blender.org
mtllib 卡车.mtl
o bone1
v 0.796001 0.284043 1.295751
v 0.758082 0.284043 1.167607
v 0.758082 0.228443 1.180297
v 0.758082 0.183855 1.215855
v 0.758082 0.159111 1.267236
v 0.758082 0.159111 1.324266
v 0.758082 0.183855 1.375648
v 0.758082 0.228443 1.411205
v 0.758082 0.284043 1.423896
v 0.758082 0.339642 1.411205
v 0.758082 0.384230 1.375648
v 0.758082 0.408974 1.324266
v 0.758082 0.408974 1.267236
v 0.758082 0.384230 1.215855
v 0.758082 0.339642 1.180297
v 0.774952 0.284043 1.188458
v 0.774952 0.237490 1.199084
v 0.774952 0.200158 1.228855
v 0.774952 0.179440 1.271876
v 0.774952 0.179440 1.319626
v 0.774952 0.200158 1.362647
v 0.774952 0.237490 1.392419
v 0.774952 0.284043 1.403044
v 0.774952 0.330595 1.392419
v 0.774952 0.367928 1.362647
v 0.774952 0.388646 1.319626
v 0.774952 0.388646 1.271876
v 0.774952 0.367928 1.228855
v 0.774952 0.330595 1.199084
vn 0.7695 -0.1421 -0.6226
vn 0.7695 -0.3982 -0.4993
vn 0.7695 -0.5754 -0.2771
vn 0.7695 -0.6386 -0.0000
vn 0.7695 -0.5754 0.2771
vn 0.7695 -0.3982 0.4993
vn 0.7695 -0.1421 0.6226
vn 0.7695 0.1421 0.6226
vn 0.7695 0.3982 0.4993
vn 0.7695 0.5754 0.2771
vn 0.7695 0.6386 -0.0000
vn 0.7695 0.5754 -0.2771
vn 0.7695 0.3982 -0.4993
vn 0.7695 0.1421 -0.6226
vn 0.9803 0.1973 -0.0000
vn 0.9803 -0.1230 -0.1542
vn 0.9803 -0.1777 -0.0856
vn 0.9803 -0.1973 -0.0000
vn 0.9803 -0.1777 0.0856
vn 0.9803 -0.1230 0.1542
vn 0.9803 -0.0439 0.1923
vn 0.9803 0.0439 0.1923
vn 0.9803 0.1230 0.1542
vn 0.9803 0.1777 0.0856
vn 0.9803 0.1777 -0.0856
vn 0.9803 -0.0439 -0.1923
vn 0.9803 0.1230 -0.1542
vn 0.9803 0.0439 -0.1923
vt 0.250000 0.350683
vt 0.293685 0.340713
vt 0.297021 0.347641
vt 0.250000 0.358373
vt 0.328717 0.312775
vt 0.334729 0.317569
vt 0.348159 0.272404
vt 0.355656 0.274115
vt 0.348159 0.227596
vt 0.355656 0.225885
vt 0.328717 0.187225
vt 0.334729 0.182431
vt 0.293685 0.159287
vt 0.297021 0.152359
vt 0.250000 0.149317
vt 0.250000 0.141627
vt 0.206315 0.159287
vt 0.202979 0.152359
vt 0.171283 0.187225
vt 0.165271 0.182431
vt 0.151841 0.227596
vt 0.144344 0.225885
vt 0.151841 0.272404
vt 0.144344 0.274115
vt 0.171283 0.312775
vt 0.165271 0.317569
vt 0.206315 0.340713
vt 0.202979 0.347641
vt 0.198091 0.261848
vt 0.291628 0.283197
vt 0.301909 0.261848
vt 0.301909 0.238152
vt 0.291628 0.216803
vt 0.273102 0.202029
vt 0.250000 0.196756
vt 0.226898 0.202029
vt 0.208372 0.216803
vt 0.198091 0.238152
vt 0.208372 0.283197
vt 0.273102 0.297971
vt 0.226898 0.297971
vt 0.250000 0.303244
s 1
usemtl 材质.002
f 16/1/1 17/2/1 3/3/1 2/4/1
f 17/2/2 18/5/2 4/6/2 3/3/2
f 18/5/3 19/7/3 5/8/3 4/6/3
f 19/7/4 20/9/4 6/10/4 5/8/4
f 20/9/5 21/11/5 7/12/5 6/10/5
f 21/11/6 22/13/6 8/14/6 7/12/6
f 22/13/7 23/15/7 9/16/7 8/14/7
f 23/15/8 24/17/8 10/18/8 9/16/8
f 24/17/9 25/19/9 11/20/9 10/18/9
f 25/19/10 26/21/10 12/22/10 11/20/10
f 26/21/11 27/23/11 13/24/11 12/22/11
f 27/23/12 28/25/12 14/26/12 13/24/12
f 28/25/13 29/27/13 15/28/13 14/26/13
f 29/27/14 16/1/14 2/4/14 15/28/14
f 1/29/15 27/23/15 26/21/15
f 1/30/16 18/5/16 17/2/16
f 1/31/17 19/7/17 18/5/17
f 1/32/18 20/9/18 19/7/18
f 1/33/19 21/11/19 20/9/19
f 1/34/20 22/13/20 21/11/20
f 1/35/21 23/15/21 22/13/21
f 1/36/22 24/17/22 23/15/22
f 1/37/23 25/19/23 24/17/23
f 1/38/24 26/21/24 25/19/24
f 1/39/25 28/25/25 27/23/25
f 1/40/26 17/2/26 16/1/26
f 1/41/27 29/27/27 28/25/27
f 1/42/28 16/1/28 29/27/28
o trye1
v 0.619031 0.284043 1.295751
v 0.801553 0.284043 1.011966
v 0.801553 0.160913 1.040070
v 0.801553 0.062170 1.118814
v 0.801553 0.007373 1.232603
v 0.801553 0.007373 1.358899
v 0.801553 0.062171 1.472688
v 0.801553 0.160913 1.551433
v 0.801553 0.284043 1.579536
v 0.801553 0.407173 1.551433
v 0.801553 0.505915 1.472688
v 0.801553 0.560713 1.358899
v 0.801553 0.560713 1.232603
v 0.801553 0.505915 1.118814
v 0.801553 0.407173 1.040069
v 0.819926 0.284043 1.066411
v 0.819926 0.184536 1.089123
v 0.819926 0.104737 1.152760
v 0.819926 0.060452 1.244718
v 0.819926 0.060452 1.346784
v 0.819926 0.104737 1.438743
v 0.819926 0.184536 1.502380
v 0.819926 0.284043 1.525092
v 0.819925 0.383550 1.502380
v 0.819925 0.463348 1.438743
v 0.819925 0.507633 1.346784
v 0.819925 0.507633 1.244718
v 0.819925 0.463348 1.152760
v 0.819925 0.383550 1.089122
v 0.803599 0.284043 1.113468
v 0.803599 0.204953 1.131520
v 0.803599 0.141528 1.182099
v 0.803599 0.106329 1.255189
v 0.803599 0.106329 1.336313
v 0.803599 0.141528 1.409403
v 0.803599 0.204953 1.459983
v 0.803599 0.284043 1.478035
v 0.803599 0.363133 1.459983
v 0.803599 0.426558 1.409403
v 0.803599 0.461756 1.336313
v 0.803599 0.461756 1.255189
v 0.803599 0.426558 1.182099
v 0.803599 0.363133 1.131520
v 0.758082 0.284043 1.167607
v 0.758082 0.228443 1.180297
v 0.758082 0.183855 1.215855
v 0.758082 0.159111 1.267236
v 0.758082 0.159111 1.324266
v 0.758082 0.183855 1.375648
v 0.758082 0.228443 1.411205
v 0.758082 0.284043 1.423896
v 0.758082 0.339642 1.411205
v 0.758082 0.384230 1.375648
v 0.758082 0.408974 1.324266
v 0.758082 0.408974 1.267236
v 0.758082 0.384230 1.215855
v 0.758082 0.339642 1.180297
v 0.619031 0.284043 1.011966
v 0.619031 0.160913 1.040070
v 0.619031 0.062170 1.118814
v 0.619031 0.007373 1.232603
v 0.619031 0.007373 1.358899
v 0.619031 0.062171 1.472688
v 0.619031 0.160913 1.551433
v 0.619031 0.284043 1.579536
v 0.619031 0.407173 1.551433
v 0.619031 0.505915 1.472688
v 0.619031 0.560713 1.358899
v 0.619031 0.560713 1.232603
v 0.619031 0.505915 1.118814
v 0.619031 0.407173 1.040069
vn -0.0000 -0.6235 -0.7818
vn -0.0000 -0.9010 -0.4339
vn -0.0000 -1.0000 -0.0000
vn -0.0000 -0.9010 0.4339
vn -0.0000 -0.6235 0.7818
vn -0.0000 -0.2225 0.9749
vn -0.0000 0.2225 0.9749
vn -0.0000 0.6235 0.7818
vn -0.0000 0.9010 0.4339
vn -0.0000 1.0000 -0.0000
vn -0.0000 0.9010 -0.4339
vn -0.0000 0.6235 -0.7818
vn -0.0000 0.2225 -0.9749
vn 0.9450 -0.0728 -0.3189
vn 0.9450 -0.2039 -0.2557
vn 0.9450 -0.2947 -0.1419
vn 0.9450 -0.3271 -0.0000
vn 0.9450 -0.2947 0.1419
vn 0.9450 -0.2039 0.2557
vn 0.9450 -0.0728 0.3189
vn 0.9450 0.0728 0.3189
vn 0.9450 0.2039 0.2557
vn 0.9450 0.2947 0.1419
vn 0.9450 0.3271 -0.0000
vn 0.9450 0.2947 -0.1419
vn 0.9450 0.2039 -0.2557
vn 0.9450 0.0728 -0.3189
vn 0.9421 0.0746 0.3269
vn 0.9421 0.2090 0.2621
vn 0.9421 0.3021 0.1455
vn 0.9421 0.3353 -0.0000
vn 0.9421 0.3021 -0.1455
vn 0.9421 0.2090 -0.2621
vn 0.9421 0.0746 -0.3269
vn 0.9421 -0.0746 -0.3269
vn 0.9421 -0.2090 -0.2621
vn 0.9421 -0.3021 -0.1455
vn 0.9421 -0.3353 -0.0000
vn 0.9421 -0.3021 0.1455
vn 0.9421 -0.2090 0.2621
vn 0.9421 -0.0746 0.3269
vn 0.7573 0.1453 0.6367
vn 0.7573 0.4072 0.5106
vn 0.7573 0.5884 0.2834
vn 0.7573 0.6531 -0.0000
vn 0.7573 0.5884 -0.2834
vn 0.7573 0.4072 -0.5106
vn 0.7573 0.1453 -0.6367
vn 0.7573 -0.1453 -0.6367
vn 0.7573 -0.4072 -0.5106
vn 0.7573 -0.5884 -0.2834
vn 0.7573 -0.6531 -0.0000
vn 0.7573 -0.5884 0.2834
vn 0.7573 -0.4072 0.5106
vn 0.7573 -0.1453 0.6367
vn -1.0000 -0.0000 -0.0000
vn -0.0000 -0.2225 -0.9749
vt 0.928571 1.000000
vt 0.857143 1.000000
vt 0.857143 0.500000
vt 0.928571 0.500000
vt 0.785714 1.000000
vt 0.785714 0.500000
vt 0.714286 1.000000
vt 0.714286 0.500000
vt 0.642857 1.000000
vt 0.642857 0.500000
vt 0.571429 1.000000
vt 0.571429 0.500000
vt 0.500000 1.000000
vt 0.500000 0.500000
vt 0.428572 1.000000
vt 0.428572 0.500000
vt 0.357143 1.000000
vt 0.357143 0.500000
vt 0.285714 1.000000
vt 0.285714 0.500000
vt 0.214286 1.000000
vt 0.214286 0.500000
vt 0.142857 1.000000
vt 0.142857 0.500000
vt 0.071429 1.000000
vt 0.071429 0.500000
vt 0.000000 1.000000
vt 0.000000 0.500000
vt 0.250000 0.443956
vt 0.334154 0.424748
vt 0.354132 0.466233
vt 0.250000 0.490000
vt 0.401641 0.370929
vt 0.437640 0.399638
vt 0.439093 0.293159
vt 0.483983 0.303405
vt 0.439093 0.206841
vt 0.483983 0.196595
vt 0.401641 0.129071
vt 0.437640 0.100362
vt 0.334154 0.075252
vt 0.354132 0.033767
vt 0.250000 0.056044
vt 0.250000 0.010000
vt 0.165846 0.075252
vt 0.145868 0.033767
vt 0.098359 0.129071
vt 0.062360 0.100362
vt 0.060907 0.206841
vt 0.016017 0.196595
vt 0.060907 0.293159
vt 0.016017 0.303405
vt 0.098359 0.370929
vt 0.062360 0.399638
vt 0.165846 0.424748
vt 0.145868 0.466233
vt 0.250000 0.404159
vt 0.316887 0.388892
vt 0.370526 0.346117
vt 0.400294 0.284304
vt 0.400294 0.215696
vt 0.370526 0.153883
vt 0.316887 0.111108
vt 0.250000 0.095841
vt 0.183113 0.111108
vt 0.129474 0.153883
vt 0.099706 0.215696
vt 0.099706 0.284304
vt 0.129474 0.346117
vt 0.183113 0.388892
vt 0.250000 0.358373
vt 0.297021 0.347641
vt 0.334729 0.317569
vt 0.355656 0.274115
vt 0.355656 0.225885
vt 0.334729 0.182431
vt 0.297021 0.152359
vt 0.250000 0.141627
vt 0.202979 0.152359
vt 0.165271 0.182431
vt 0.144344 0.225885
vt 0.144344 0.274115
vt 0.165271 0.317569
vt 0.202979 0.347641
vt 0.937640 0.399638
vt 0.983983 0.303405
vt 0.893251 0.364239
vt 0.854132 0.466233
vt 0.829499 0.415080
vt 0.983983 0.196595
vt 0.928631 0.290771
vt 0.750000 0.490000
vt 0.750000 0.433224
vt 0.937640 0.100362
vt 0.928631 0.209229
vt 0.854132 0.033767
vt 0.893251 0.135761
vt 0.750000 0.010000
vt 0.829498 0.084920
vt 0.645868 0.033767
vt 0.750000 0.066776
vt 0.562360 0.100362
vt 0.670502 0.084920
vt 0.516017 0.196595
vt 0.606749 0.135761
vt 0.516017 0.303405
vt 0.571369 0.209229
vt 0.562360 0.399638
vt 0.571369 0.290771
vt 0.645868 0.466233
vt 0.606749 0.364239
vt 0.670502 0.415079
vt 1.000000 1.000000
vt 1.000000 0.500000
s 1
usemtl 材质.005
f 32/43/29 33/44/29 89/45/29 88/46/29
f 33/44/30 34/47/30 90/48/30 89/45/30
f 34/47/31 35/49/31 91/50/31 90/48/31
f 35/49/32 36/51/32 92/52/32 91/50/32
f 36/51/33 37/53/33 93/54/33 92/52/33
f 37/53/34 38/55/34 94/56/34 93/54/34
f 38/55/35 39/57/35 95/58/35 94/56/35
f 39/57/36 40/59/36 96/60/36 95/58/36
f 40/59/37 41/61/37 97/62/37 96/60/37
f 41/61/38 42/63/38 98/64/38 97/62/38
f 42/63/39 43/65/39 99/66/39 98/64/39
f 43/65/40 44/67/40 100/68/40 99/66/40
f 44/67/41 31/69/41 87/70/41 100/68/41
f 45/71/42 46/72/42 32/73/42 31/74/42
f 46/72/43 47/75/43 33/76/43 32/73/43
f 47/75/44 48/77/44 34/78/44 33/76/44
f 48/77/45 49/79/45 35/80/45 34/78/45
f 49/79/46 50/81/46 36/82/46 35/80/46
f 50/81/47 51/83/47 37/84/47 36/82/47
f 51/83/48 52/85/48 38/86/48 37/84/48
f 52/85/49 53/87/49 39/88/49 38/86/49
f 53/87/50 54/89/50 40/90/50 39/88/50
f 54/89/51 55/91/51 41/92/51 40/90/51
f 55/91/52 56/93/52 42/94/52 41/92/52
f 56/93/53 57/95/53 43/96/53 42/94/53
f 57/95/54 58/97/54 44/98/54 43/96/54
f 58/97/55 45/71/55 31/74/55 44/98/55
f 59/99/56 60/100/56 46/72/56 45/71/56
f 60/100/57 61/101/57 47/75/57 46/72/57
f 61/101/58 62/102/58 48/77/58 47/75/58
f 62/102/59 63/103/59 49/79/59 48/77/59
f 63/103/60 64/104/60 50/81/60 49/79/60
f 64/104/61 65/105/61 51/83/61 50/81/61
f 65/105/62 66/106/62 52/85/62 51/83/62
f 66/106/63 67/107/63 53/87/63 52/85/63
f 67/107/64 68/108/64 54/89/64 53/87/64
f 68/108/65 69/109/65 55/91/65 54/89/65
f 69/109/66 70/110/66 56/93/66 55/91/66
f 70/110/67 71/111/67 57/95/67 56/93/67
f 71/111/68 72/112/68 58/97/68 57/95/68
f 72/112/69 59/99/69 45/71/69 58/97/69
f 73/113/70 74/114/70 60/100/70 59/99/70
f 74/114/71 75/115/71 61/101/71 60/100/71
f 75/115/72 76/116/72 62/102/72 61/101/72
f 76/116/73 77/117/73 63/103/73 62/102/73
f 77/117/74 78/118/74 64/104/74 63/103/74
f 78/118/75 79/119/75 65/105/75 64/104/75
f 79/119/76 80/120/76 66/106/76 65/105/76
f 80/120/77 81/121/77 67/107/77 66/106/77
f 81/121/78 82/122/78 68/108/78 67/107/78
f 82/122/79 83/123/79 69/109/79 68/108/79
f 83/123/80 84/124/80 70/110/80 69/109/80
f 84/124/81 85/125/81 71/111/81 70/110/81
f 85/125/82 86/126/82 72/112/82 71/111/82
f 86/126/83 73/113/83 59/99/83 72/112/83
f 89/127/84 90/128/84 30/129/84
f 88/130/84 89/127/84 30/131/84
f 90/128/84 91/132/84 30/133/84
f 87/134/84 88/130/84 30/135/84
f 91/132/84 92/136/84 30/137/84
f 92/136/84 93/138/84 30/139/84
f 93/138/84 94/140/84 30/141/84
f 94/140/84 95/142/84 30/143/84
f 95/142/84 96/144/84 30/145/84
f 96/144/84 97/146/84 30/147/84
f 97/146/84 98/148/84 30/149/84
f 98/148/84 99/150/84 30/151/84
f 99/150/84 100/152/84 30/153/84
f 100/152/84 87/134/84 30/154/84
f 31/155/85 32/43/85 88/46/85 87/156/85
o car
v 0.764707 0.454710 1.791360
v 0.764707 0.454710 -1.520455
v 0.764707 0.454710 0.798052
v 0.764707 0.454710 0.018477
v 0.712662 0.954161 0.068999
v 0.712662 0.954161 0.735764
v 0.605474 1.621073 0.068999
v 0.605474 1.621073 0.593308
v 0.709908 0.350742 -1.520455
v 0.709908 0.350743 1.791360
v 0.709908 0.350743 0.798052
v 0.709908 0.350743 0.018477
v 0.764707 0.803636 -1.520455
v 0.764707 0.555353 -1.520455
v 0.764707 0.803636 1.791360
v 0.764707 0.555354 1.791360
v 0.764707 0.798333 0.127357
v 0.764707 0.748839 0.127357
v 0.764707 0.798333 0.248919
v 0.764707 0.748839 0.248919
v 0.725915 0.904280 1.752568
v 0.764707 0.865487 1.791360
v 0.694352 0.904279 -1.450099
v 0.764707 0.865487 -1.520455
v 0.694352 0.904279 -0.013086
v 0.764707 0.865487 0.018477
v 0.764707 0.865487 0.798052
v 0.725915 0.904279 0.798052
v 0.289243 1.208234 0.018477
v 0.660484 0.954616 0.787300
v 0.597693 0.388596 1.610469
v 0.289243 1.483475 0.018477
v 0.553442 1.620617 0.645038
v 0.720679 0.904279 0.798052
v 0.597693 0.456826 1.586594
v 0.597456 1.670954 0.634286
v 0.597693 0.518033 1.548135
v 0.683081 0.954161 0.068999
v 0.683081 0.954161 0.735764
v 0.597693 0.569148 1.497020
v 0.580342 1.621073 0.068999
v 0.580342 1.621073 0.593308
v 0.597693 0.607606 1.435814
v 0.660484 0.954616 0.754002
v 0.553442 1.620617 0.611740
v 0.712662 0.954161 0.140740
v 0.597693 0.631481 1.367583
v 0.712662 0.954161 0.166254
v 0.605474 1.621073 0.140740
v 0.597693 0.639575 1.295751
v 0.605474 1.621073 0.166254
v 0.683081 0.954161 0.140740
v 0.597693 0.631481 1.223919
v 0.683081 0.954161 0.166254
v 0.580342 1.621073 0.140740
v 0.597693 0.607606 1.155689
v 0.580342 1.621073 0.166254
v 0.725915 0.904279 -1.481662
v 0.597693 0.569148 1.094482
v 0.725915 0.904279 0.018477
v 0.694352 0.454710 -1.450099
v 0.597693 0.518033 1.043368
v 0.694352 0.454710 -0.013086
v 0.597693 0.456826 1.004909
v 0.720679 0.904279 0.018477
v 0.597456 1.670954 0.018477
v 0.597693 0.388596 0.981034
v 0.289243 1.208234 0.043995
v 0.289243 1.483475 0.043995
v 0.764707 0.454710 1.683573
v 0.709908 0.350743 1.683573
v 0.764707 0.555354 1.683573
v 0.764707 0.803636 1.683573
v 0.764707 0.865487 1.683573
v 0.725215 0.904280 1.683573
v -0.000000 0.454710 -1.520455
v -0.000000 0.454710 1.791360
v -0.000000 0.904279 0.018477
v -0.000000 0.904279 0.798052
v -0.000000 1.670954 0.018477
v -0.000000 1.670954 0.634286
v -0.000000 0.350742 -1.520455
v -0.000000 0.350743 1.791360
v -0.000000 0.350743 0.018477
v -0.000000 0.350743 0.798052
v -0.000000 0.555354 1.791360
v -0.000000 0.803636 1.791360
v -0.000000 0.555353 -1.520455
v -0.000000 0.803636 -1.520455
v -0.000000 0.904279 -1.481662
v -0.000000 0.865487 -1.520455
v -0.000000 0.904280 1.752568
v -0.000000 0.865487 1.791360
v -0.000000 0.954616 0.787300
v -0.000000 1.620617 0.645038
v -0.000000 0.954616 0.754002
v -0.000000 1.620617 0.611740
v -0.000000 0.904279 -1.450099
v -0.000000 0.904279 -0.013086
v 0.597693 0.388596 -1.056891
v -0.000000 0.454710 -1.450099
v -0.000000 0.454710 -0.013086
v -0.000000 1.208234 0.018477
v -0.000000 1.483475 0.018477
v -0.000000 1.208234 0.043995
v -0.000000 1.483475 0.043995
v -0.000000 0.350743 1.683573
v -0.000000 0.904280 1.683573
v 0.694327 0.803636 -1.520455
v 0.690777 0.803636 -1.520455
v 0.690777 0.350742 -1.520455
v 0.694327 0.350742 -1.520455
v 0.690777 0.555353 -1.520455
v 0.694327 0.555353 -1.520455
v 0.690777 0.454710 -1.520455
v 0.694327 0.454710 -1.520455
v 0.690777 0.865487 -1.520455
v 0.694327 0.865487 -1.520455
v 0.690777 0.904279 -1.481662
v 0.694327 0.904279 -1.481662
v 0.690777 0.454710 -1.450099
v 0.690777 0.904279 -1.450099
v 0.575056 0.795888 1.760567
v 0.597693 0.388596 -0.427457
v 0.583044 0.555354 1.791360
v 0.583044 0.803636 1.791360
v -0.000000 0.556939 1.760567
v 0.575056 0.561070 1.760567
v -0.000000 0.800372 1.760567
v 0.583044 0.800372 1.760567
v 0.583044 0.556939 1.760567
v -0.000000 0.795888 1.760567
v -0.000000 0.561070 1.760567
v -0.000000 0.795888 1.791360
v 0.575056 0.795888 1.791360
v 0.575056 0.744782 1.760567
v 0.575056 0.735602 1.760567
v 0.575056 0.708527 1.760567
v 0.575056 0.698802 1.760567
v 0.575056 0.671726 1.760567
v 0.575056 0.662001 1.760567
v 0.575056 0.634926 1.760567
v 0.575056 0.625201 1.760567
v 0.575056 0.598126 1.760567
v 0.575056 0.588403 1.760567
v -0.000000 0.744782 1.791360
v -0.000000 0.735602 1.791360
v -0.000000 0.708527 1.791360
v -0.000000 0.698802 1.791360
v -0.000000 0.671726 1.791360
v -0.000000 0.662001 1.791360
v -0.000000 0.634926 1.791360
v -0.000000 0.625201 1.791360
v -0.000000 0.598126 1.791360
v -0.000000 0.588403 1.791360
v -0.000000 0.561328 1.791360
v 0.575056 0.744782 1.791360
v 0.575056 0.735602 1.791360
v 0.575056 0.708527 1.791360
v 0.575056 0.698802 1.791360
v 0.575056 0.671726 1.791360
v 0.575056 0.662001 1.791360
v 0.575056 0.634926 1.791360
v 0.575056 0.625201 1.791360
v 0.575056 0.598126 1.791360
v 0.575056 0.588403 1.791360
v 0.575056 0.561328 1.791360
v -0.000000 0.744782 1.760635
v -0.000000 0.735602 1.760635
v -0.000000 0.708527 1.760635
v -0.000000 0.698802 1.760635
v -0.000000 0.671726 1.760635
v -0.000000 0.662001 1.760635
v -0.000000 0.634926 1.760635
v -0.000000 0.625201 1.760635
v -0.000000 0.598126 1.760635
v -0.000000 0.588403 1.760635
v 0.694352 0.518033 -0.489790
v 0.694352 0.569147 -0.540905
v 0.694352 0.631481 -0.670342
v 0.694352 0.607606 -0.602112
v 0.694352 0.607606 -0.882236
v 0.694352 0.631481 -0.814006
v 0.694352 0.518033 -0.994558
v 0.694352 0.569147 -0.943443
v 0.694352 0.639574 -0.742174
v 0.729860 0.388596 -0.427457
v 0.764707 0.454710 -1.033757
v 0.764707 0.454710 -0.450591
v 0.709908 0.350743 -0.423192
v 0.729860 0.388596 -1.056891
v 0.709908 0.350742 -1.061156
v 0.597693 0.350743 -0.423192
v 0.597693 0.350742 -1.061156
v 0.764707 0.518033 -0.994558
v 0.764707 0.518033 -0.489790
v 0.764707 0.518033 1.043368
v 0.764707 0.454710 1.587334
v 0.764707 0.518033 1.548135
v 0.764707 0.454710 1.004168
v 0.709908 0.350743 1.614734
v 0.709908 0.350743 0.976769
v 0.597693 0.350743 0.976769
v 0.597693 0.350743 1.614734
v 0.729860 0.388596 1.610469
v 0.729860 0.388596 0.981034
v 0.764707 0.569148 1.497020
v 0.764707 0.631481 1.367583
v 0.764707 0.607606 1.435814
v 0.764707 0.631481 1.223919
v 0.764707 0.569148 1.094482
v 0.764707 0.607606 1.155689
v 0.764707 0.639575 1.295751
v 0.764707 0.607606 -0.602112
v 0.764707 0.569147 -0.540905
v 0.764707 0.631481 -0.670342
v 0.764707 0.631481 -0.814006
v 0.764707 0.639574 -0.742174
v 0.764707 0.569147 -0.943443
v 0.764707 0.607606 -0.882236
v 0.694352 0.455314 -0.450803
v 0.694352 0.454788 -1.033730
v 0.804076 0.454710 -1.033757
v 0.804076 0.454710 -0.450591
v 0.804076 0.518033 -0.994558
v 0.804076 0.518033 -0.489790
v 0.804076 0.518033 1.043368
v 0.804076 0.454710 1.587334
v 0.804076 0.518033 1.548135
v 0.804076 0.454710 1.004168
v 0.804076 0.569148 1.497020
v 0.804076 0.631481 1.367583
v 0.804076 0.607606 1.435814
v 0.804076 0.631481 1.223919
v 0.804076 0.569148 1.094482
v 0.804076 0.607606 1.155689
v 0.804076 0.639575 1.295751
v 0.804076 0.607606 -0.602112
v 0.804076 0.569147 -0.540905
v 0.804076 0.631481 -0.670342
v 0.804076 0.631481 -0.814006
v 0.804076 0.639574 -0.742174
v 0.804076 0.569147 -0.943443
v 0.804076 0.607606 -0.882236
v 0.804076 0.454710 -1.078678
v 0.804076 0.454710 -0.405671
v 0.804076 0.538519 -1.033439
v 0.804076 0.538520 -0.450909
v 0.804076 0.538520 1.004486
v 0.804076 0.454710 1.632254
v 0.804076 0.538520 1.587016
v 0.804076 0.454710 0.959248
v 0.804076 0.597509 1.528027
v 0.804076 0.669445 1.378650
v 0.804076 0.641892 1.457391
v 0.804076 0.669445 1.212853
v 0.804076 0.597509 1.063475
v 0.804076 0.641892 1.134111
v 0.804076 0.678786 1.295751
v 0.804076 0.641892 -0.580534
v 0.804076 0.597508 -0.509898
v 0.804076 0.669445 -0.659276
v 0.804076 0.669445 -0.825072
v 0.804076 0.678785 -0.742174
v 0.804076 0.597508 -0.974450
v 0.804076 0.641892 -0.903814
v 0.758317 0.454710 -1.078678
v 0.758317 0.454710 -0.405671
v 0.758317 0.538519 -1.033439
v 0.758317 0.538520 -0.450909
v 0.758317 0.538520 1.004486
v 0.758317 0.454710 1.632254
v 0.758317 0.538520 1.587016
v 0.758317 0.454710 0.959248
v 0.758317 0.597509 1.528027
v 0.758317 0.669445 1.378650
v 0.758317 0.641892 1.457391
v 0.758317 0.669445 1.212853
v 0.758317 0.597509 1.063475
v 0.758317 0.641892 1.134111
v 0.758317 0.678786 1.295751
v 0.758317 0.641892 -0.580534
v 0.758317 0.597508 -0.509898
v 0.758317 0.669445 -0.659276
v 0.758317 0.669445 -0.825072
v 0.758317 0.678785 -0.742174
v 0.758317 0.597508 -0.974450
v 0.758317 0.641892 -0.903814
v 0.597693 0.518033 -0.489790
v 0.597693 0.569147 -0.540905
v 0.597693 0.631481 -0.814006
v 0.597693 0.518033 -0.994558
v 0.597693 0.607606 -0.882236
v 0.597693 0.569147 -0.943443
v 0.597693 0.455314 -0.450803
v 0.597693 0.607606 -0.602112
v 0.597693 0.454788 -1.033730
v 0.597693 0.631481 -0.670342
v 0.597693 0.639574 -0.742174
v 0.699236 0.516675 -0.482308
v 0.699236 0.569305 -0.534938
v 0.699236 0.633486 -0.668212
v 0.699236 0.608904 -0.597959
v 0.699236 0.608904 -0.886388
v 0.699236 0.633486 -0.816135
v 0.699236 0.516675 -1.002040
v 0.699236 0.569305 -0.949410
v 0.699236 0.641820 -0.742174
v 0.699236 0.452097 -0.442164
v 0.699236 0.451555 -1.042373
v 0.592809 0.516675 -0.482308
v 0.592809 0.569305 -0.534938
v 0.592809 0.633486 -0.816135
v 0.592809 0.516675 -1.002040
v 0.592809 0.608904 -0.886388
v 0.592809 0.569305 -0.949410
v 0.592809 0.452097 -0.442164
v 0.592809 0.608904 -0.597959
v 0.592809 0.451555 -1.042373
v 0.592809 0.633486 -0.668212
v 0.592809 0.641820 -0.742174
v -0.000000 0.791486 -1.450099
v 0.694352 0.791486 -0.013086
v 0.694352 0.791486 -1.450099
v 0.690777 0.791486 -1.450099
v -0.000000 0.791486 -0.013086
v 0.694352 0.555353 -1.450099
v 0.690777 0.555353 -1.450099
v 0.764707 0.803636 0.018477
v 0.764707 0.555354 0.018477
v 0.764707 0.803636 0.798052
v 0.764707 0.555354 0.798052
v 0.743820 0.798333 0.127357
v 0.743820 0.748839 0.127357
v 0.743820 0.798333 0.248919
v 0.743820 0.748839 0.248919
v 0.764707 0.555110 1.511058
v 0.764707 0.555315 -0.957276
v 0.764707 0.555364 1.080698
v 0.764707 0.555654 -0.527412
v -0.764708 0.454710 1.791360
v -0.764708 0.454710 -1.520455
v -0.764708 0.454710 0.798052
v -0.764708 0.454710 0.018477
v -0.712663 0.954161 0.068999
v -0.712663 0.954161 0.735764
v -0.605474 1.621073 0.068999
v -0.605474 1.621073 0.593308
v -0.709908 0.350742 -1.520455
v -0.709908 0.350743 1.791360
v -0.709908 0.350743 0.798052
v -0.709908 0.350743 0.018477
v -0.764708 0.803636 -1.520455
v -0.764708 0.555353 -1.520455
v -0.764708 0.803636 1.791360
v -0.764708 0.555354 1.791360
v -0.764708 0.798333 0.127357
v -0.764708 0.748839 0.127357
v -0.764708 0.798333 0.248919
v -0.764708 0.748839 0.248919
v -0.725915 0.904280 1.752568
v -0.764708 0.865487 1.791360
v -0.694352 0.904279 -1.450099
v -0.764708 0.865487 -1.520455
v -0.694352 0.904279 -0.013086
v -0.764708 0.865487 0.018477
v -0.764708 0.865487 0.798052
v -0.725915 0.904279 0.798052
v -0.289244 1.208234 0.018477
v -0.660485 0.954616 0.787300
v -0.597693 0.388596 1.610469
v -0.289244 1.483475 0.018477
v -0.553443 1.620617 0.645038
v -0.720680 0.904279 0.798052
v -0.597693 0.456826 1.586594
v -0.597457 1.670954 0.634286
v -0.597693 0.518033 1.548135
v -0.683082 0.954161 0.068999
v -0.683082 0.954161 0.735764
v -0.597693 0.569148 1.497020
v -0.580342 1.621073 0.068999
v -0.580342 1.621073 0.593308
v -0.597693 0.607606 1.435814
v -0.660485 0.954616 0.754002
v -0.553443 1.620617 0.611740
v -0.712663 0.954161 0.140740
v -0.597693 0.631481 1.367583
v -0.712663 0.954161 0.166254
v -0.605474 1.621073 0.140740
v -0.597693 0.639575 1.295751
v -0.605474 1.621073 0.166254
v -0.683082 0.954161 0.140740
v -0.597693 0.631481 1.223919
v -0.683082 0.954161 0.166254
v -0.580342 1.621073 0.140740
v -0.597693 0.607606 1.155689
v -0.580342 1.621073 0.166254
v -0.725915 0.904279 -1.481662
v -0.597693 0.569148 1.094482
v -0.725915 0.904279 0.018477
v -0.694352 0.454710 -1.450099
v -0.597693 0.518033 1.043368
v -0.694352 0.454710 -0.013086
v -0.597693 0.456826 1.004909
v -0.720680 0.904279 0.018477
v -0.597457 1.670954 0.018477
v -0.597693 0.388596 0.981034
v -0.289244 1.208234 0.043995
v -0.289244 1.483475 0.043995
v -0.764708 0.454710 1.683573
v -0.709908 0.350743 1.683573
v -0.764708 0.555354 1.683573
v -0.764708 0.803636 1.683573
v -0.764708 0.865487 1.683573
v -0.725215 0.904280 1.683573
v -0.597693 0.388596 -1.056891
v -0.694327 0.803636 -1.520455
v -0.690777 0.803636 -1.520455
v -0.690777 0.350742 -1.520455
v -0.694327 0.350742 -1.520455
v -0.690777 0.555353 -1.520455
v -0.694327 0.555353 -1.520455
v -0.690777 0.454710 -1.520455
v -0.694327 0.454710 -1.520455
v -0.690777 0.865487 -1.520455
v -0.694327 0.865487 -1.520455
v -0.690777 0.904279 -1.481662
v -0.694327 0.904279 -1.481662
v -0.690777 0.454710 -1.450099
v -0.690777 0.904279 -1.450099
v -0.575056 0.795888 1.760567
v -0.597693 0.388596 -0.427457
v -0.583045 0.555354 1.791360
v -0.583045 0.803636 1.791360
v -0.575056 0.561070 1.760567
v -0.583045 0.800372 1.760567
v -0.583045 0.556939 1.760567
v -0.575056 0.795888 1.791360
v -0.575056 0.744782 1.760567
v -0.575056 0.735602 1.760567
v -0.575056 0.708527 1.760567
v -0.575056 0.698802 1.760567
v -0.575056 0.671726 1.760567
v -0.575056 0.662001 1.760567
v -0.575056 0.634926 1.760567
v -0.575056 0.625201 1.760567
v -0.575056 0.598126 1.760567
v -0.575056 0.588403 1.760567
v -0.575056 0.744782 1.791360
v -0.575056 0.735602 1.791360
v -0.575056 0.708527 1.791360
v -0.575056 0.698802 1.791360
v -0.575056 0.671726 1.791360
v -0.575056 0.662001 1.791360
v -0.575056 0.634926 1.791360
v -0.575056 0.625201 1.791360
v -0.575056 0.598126 1.791360
v -0.575056 0.588403 1.791360
v -0.575056 0.561328 1.791360
v -0.694352 0.518033 -0.489790
v -0.694352 0.569147 -0.540905
v -0.694352 0.631481 -0.670342
v -0.694352 0.607606 -0.602112
v -0.694352 0.607606 -0.882236
v -0.694352 0.631481 -0.814006
v -0.694352 0.518033 -0.994558
v -0.694352 0.569147 -0.943443
v -0.694352 0.639574 -0.742174
v -0.729860 0.388596 -0.427457
v -0.764708 0.454710 -1.033757
v -0.764708 0.454710 -0.450591
v -0.709908 0.350743 -0.423192
v -0.729860 0.388596 -1.056891
v -0.709908 0.350742 -1.061156
v -0.597693 0.350743 -0.423192
v -0.597693 0.350742 -1.061156
v -0.764708 0.518033 -0.994558
v -0.764708 0.518033 -0.489790
v -0.764708 0.518033 1.043368
v -0.764708 0.454710 1.587334
v -0.764708 0.518033 1.548135
v -0.764708 0.454710 1.004168
v -0.709908 0.350743 1.614734
v -0.709908 0.350743 0.976769
v -0.597693 0.350743 0.976769
v -0.597693 0.350743 1.614734
v -0.729860 0.388596 1.610469
v -0.729860 0.388596 0.981034
v -0.764708 0.569148 1.497020
v -0.764708 0.631481 1.367583
v -0.764708 0.607606 1.435814
v -0.764708 0.631481 1.223919
v -0.764708 0.569148 1.094482
v -0.764708 0.607606 1.155689
v -0.764708 0.639575 1.295751
v -0.764708 0.607606 -0.602112
v -0.764708 0.569147 -0.540905
v -0.764708 0.631481 -0.670342
v -0.764708 0.631481 -0.814006
v -0.764708 0.639574 -0.742174
v -0.764708 0.569147 -0.943443
v -0.764708 0.607606 -0.882236
v -0.694352 0.455314 -0.450803
v -0.694352 0.454788 -1.033730
v -0.804076 0.454710 -1.033757
v -0.804076 0.454710 -0.450591
v -0.804076 0.518033 -0.994558
v -0.804076 0.518033 -0.489790
v -0.804076 0.518033 1.043368
v -0.804076 0.454710 1.587334
v -0.804076 0.518033 1.548135
v -0.804076 0.454710 1.004168
v -0.804076 0.569148 1.497020
v -0.804076 0.631481 1.367583
v -0.804076 0.607606 1.435814
v -0.804076 0.631481 1.223919
v -0.804076 0.569148 1.094482
v -0.804076 0.607606 1.155689
v -0.804076 0.639575 1.295751
v -0.804076 0.607606 -0.602112
v -0.804076 0.569147 -0.540905
v -0.804076 0.631481 -0.670342
v -0.804076 0.631481 -0.814006
v -0.804076 0.639574 -0.742174
v -0.804076 0.569147 -0.943443
v -0.804076 0.607606 -0.882236
v -0.804076 0.454710 -1.078678
v -0.804076 0.454710 -0.405671
v -0.804076 0.538519 -1.033439
v -0.804076 0.538520 -0.450909
v -0.804076 0.538520 1.004486
v -0.804076 0.454710 1.632254
v -0.804076 0.538520 1.587016
v -0.804076 0.454710 0.959248
v -0.804076 0.597509 1.528027
v -0.804076 0.669445 1.378650
v -0.804076 0.641892 1.457391
v -0.804076 0.669445 1.212853
v -0.804076 0.597509 1.063475
v -0.804076 0.641892 1.134111
v -0.804076 0.678786 1.295751
v -0.804076 0.641892 -0.580534
v -0.804076 0.597508 -0.509898
v -0.804076 0.669445 -0.659276
v -0.804076 0.669445 -0.825072
v -0.804076 0.678785 -0.742174
v -0.804076 0.597508 -0.974450
v -0.804076 0.641892 -0.903814
v -0.758317 0.454710 -1.078678
v -0.758317 0.454710 -0.405671
v -0.758317 0.538519 -1.033439
v -0.758317 0.538520 -0.450909
v -0.758317 0.538520 1.004486
v -0.758317 0.454710 1.632254
v -0.758317 0.538520 1.587016
v -0.758317 0.454710 0.959248
v -0.758317 0.597509 1.528027
v -0.758317 0.669445 1.378650
v -0.758317 0.641892 1.457391
v -0.758317 0.669445 1.212853
v -0.758317 0.597509 1.063475
v -0.758317 0.641892 1.134111
v -0.758317 0.678786 1.295751
v -0.758317 0.641892 -0.580534
v -0.758317 0.597508 -0.509898
v -0.758317 0.669445 -0.659276
v -0.758317 0.669445 -0.825072
v -0.758317 0.678785 -0.742174
v -0.758317 0.597508 -0.974450
v -0.758317 0.641892 -0.903814
v -0.597693 0.518033 -0.489790
v -0.597693 0.569147 -0.540905
v -0.597693 0.631481 -0.814006
v -0.597693 0.518033 -0.994558
v -0.597693 0.607606 -0.882236
v -0.597693 0.569147 -0.943443
v -0.597693 0.455314 -0.450803
v -0.597693 0.607606 -0.602112
v -0.597693 0.454788 -1.033730
v -0.597693 0.631481 -0.670342
v -0.597693 0.639574 -0.742174
v -0.699236 0.516675 -0.482308
v -0.699236 0.569305 -0.534938
v -0.699236 0.633486 -0.668212
v -0.699236 0.608904 -0.597959
v -0.699236 0.608904 -0.886388
v -0.699236 0.633486 -0.816135
v -0.699236 0.516675 -1.002040
v -0.699236 0.569305 -0.949410
v -0.699236 0.641820 -0.742174
v -0.699236 0.452097 -0.442164
v -0.699236 0.451555 -1.042373
v -0.592809 0.516675 -0.482308
v -0.592809 0.569305 -0.534938
v -0.592809 0.633486 -0.816135
v -0.592809 0.516675 -1.002040
v -0.592809 0.608904 -0.886388
v -0.592809 0.569305 -0.949410
v -0.592809 0.452097 -0.442164
v -0.592809 0.608904 -0.597959
v -0.592809 0.451555 -1.042373
v -0.592809 0.633486 -0.668212
v -0.592809 0.641820 -0.742174
v -0.694352 0.791486 -0.013086
v -0.694352 0.791486 -1.450099
v -0.690777 0.791486 -1.450099
v -0.694352 0.555353 -1.450099
v -0.690777 0.555353 -1.450099
v -0.764708 0.803636 0.018477
v -0.764708 0.555354 0.018477
v -0.764708 0.803636 0.798052
v -0.764708 0.555354 0.798052
v -0.743820 0.798333 0.127357
v -0.743820 0.748839 0.127357
v -0.743820 0.798333 0.248919
v -0.743820 0.748839 0.248919
v -0.764708 0.555110 1.511058
v -0.764708 0.555315 -0.957276
v -0.764708 0.555364 1.080698
v -0.764708 0.555654 -0.527412
v -0.766650 0.692311 1.793502
v -0.766650 0.801270 1.793502
v -0.766650 0.692311 1.704812
v -0.766650 0.801270 1.704812
v -0.595438 0.692311 1.793502
v -0.595438 0.801270 1.793502
v 0.828549 0.976725 0.800298
v 0.820188 0.967537 0.779391
v 0.864510 0.976725 0.800298
v 0.856148 0.967537 0.779391
v 0.829241 0.978118 0.777347
v 0.938772 0.978118 0.777347
v 0.829062 1.163056 0.777347
v 0.938594 1.163056 0.777347
v 0.943594 0.977087 0.801124
v 0.824421 0.977087 0.801124
v 0.817772 0.966639 0.777347
v 0.950263 0.966639 0.777347
v 0.829241 0.978118 0.783712
v 0.938772 0.978118 0.783712
v 0.829062 1.163056 0.783712
v 0.938594 1.163056 0.783712
v 0.749007 0.780326 0.245612
v 0.778504 0.780326 0.245612
v 0.749007 0.819387 0.245612
v 0.767096 0.819387 0.245612
v 0.749007 0.780325 0.130265
v 0.778504 0.780325 0.130265
v 0.749007 0.819387 0.130265
v 0.767096 0.819387 0.130265
v 0.749007 0.802855 0.245612
v 0.778504 0.802855 0.245612
v 0.749007 0.802855 0.130265
v 0.778504 0.802855 0.130265
v -0.749007 0.780326 0.245612
v -0.778504 0.780326 0.245612
v -0.749007 0.819387 0.245612
v -0.767096 0.819387 0.245612
v -0.749007 0.780325 0.130265
v -0.778504 0.780325 0.130265
v -0.749007 0.819387 0.130265
v -0.767096 0.819387 0.130265
v -0.749007 0.802855 0.245612
v -0.778504 0.802855 0.245612
v -0.749007 0.802855 0.130265
v -0.778504 0.802855 0.130265
vn 1.0000 -0.0000 -0.0000
vn -1.0000 -0.0000 -0.0000
vn -1.0000 -0.0000 0.0001
vn 0.8846 -0.4663 -0.0000
vn -0.0000 -0.0000 -1.0000
vn -0.0000 1.0000 -0.0000
vn -0.0000 -1.0000 -0.0000
vn -0.0000 -0.0000 1.0000
vn -0.0000 0.7071 -0.7071
vn 0.7043 0.7099 -0.0013
vn 0.7046 0.7096 -0.0028
vn 0.7071 0.7071 -0.0000
vn 0.7055 0.7087 0.0001
vn 0.9873 0.1587 -0.0000
vn -0.0000 0.2089 0.9779
vn -0.0000 -0.2089 -0.9779
vn -0.9873 -0.1587 -0.0000
vn -0.0000 1.0000 -0.0002
vn -0.0000 1.0000 0.0013
vn -0.0000 1.0000 0.0014
vn -0.0003 1.0000 0.0006
vn -0.0000 0.7071 0.7071
vn -0.0000 -0.9944 0.1054
vn -0.0000 0.9987 0.0514
vn -1.0000 -0.0000 0.0004
vn -1.0000 -0.0000 0.0002
vn -0.0000 -1.0000 0.0084
vn -0.0000 -0.1120 -0.9937
vn -0.0000 -0.3303 -0.9439
vn -0.0015 -0.5292 -0.8485
vn -0.0000 -0.7071 -0.7071
vn -0.0000 -0.8467 -0.5320
vn -0.0000 -0.9439 -0.3303
vn -0.0000 -0.9937 -0.1120
vn -0.0000 -0.9937 0.1120
vn -0.0000 -0.9439 0.3303
vn -0.0000 -0.8467 0.5320
vn -0.0000 -0.7071 0.7071
vn -0.0015 -0.5292 0.8485
vn -0.0000 -0.3303 0.9439
vn -0.0000 -0.1120 0.9937
vn -0.0001 -0.5265 0.8502
vn -0.0010 -0.5271 -0.8498
vn -0.0000 -0.5263 -0.8503
vn -0.0000 -0.5263 0.8503
vn -0.0000 -0.5264 0.8503
vn -0.0000 0.8467 -0.5320
vn -0.0000 0.9937 0.1120
vn -0.0000 0.9439 -0.3303
vn -0.0000 0.4750 -0.8800
vn -0.0000 0.4750 0.8800
vn -0.0000 0.9439 0.3303
vn -0.0000 0.8467 0.5320
vn -0.0000 0.9937 -0.1120
vn -0.0000 -0.5279 -0.8493
vn -0.0000 -0.5266 0.8501
vn -0.0000 0.5279 0.8493
vn -0.0000 0.5266 -0.8501
vn -1.0000 -0.0001 0.0002
vn -0.0003 1.0000 -0.0002
vn -1.0000 -0.0005 0.0006
vn -1.0000 -0.0008 0.0008
vn -0.8846 -0.4663 -0.0000
vn -0.7043 0.7099 -0.0013
vn -0.7046 0.7096 -0.0028
vn -0.7071 0.7071 -0.0000
vn -0.7055 0.7087 0.0001
vn -0.9873 0.1587 -0.0000
vn 0.9873 -0.1587 -0.0000
vn 0.0003 1.0000 0.0006
vn 1.0000 -0.0000 0.0004
vn 1.0000 -0.0000 0.0002
vn 0.0015 -0.5292 -0.8485
vn 0.0015 -0.5292 0.8485
vn 0.0001 -0.5265 0.8502
vn 0.0010 -0.5271 -0.8498
vn 1.0000 -0.0004 0.0005
vn 0.0003 1.0000 -0.0002
vn 1.0000 -0.0006 0.0007
vn 1.0000 -0.0008 0.0008
vn -0.0000 -0.9155 0.4023
vn 0.0001 -0.9155 0.4023
vn -0.0000 -0.9157 0.4020
vn -0.0000 -0.9157 0.4019
vn 0.0001 -0.9155 0.4022
vn -1.0000 -0.0010 -0.0000
vn 0.8231 0.5680 -0.0000
vn -0.8231 0.5680 -0.0000
vt 0.541667 0.741642
vt 0.592880 0.741642
vt 0.592880 0.750000
vt 0.541667 0.750000
vt 0.541667 0.500000
vt 0.592880 0.500000
vt 0.592880 0.625000
vt 0.541667 0.625000
vt 0.636500 0.539658
vt 0.636500 0.505929
vt 0.375000 0.741642
vt 0.375000 0.750000
vt 0.375000 0.500000
vt 0.375000 0.539532
vt 0.375000 0.537653
vt 0.541667 0.470269
vt 0.592880 0.470177
vt 0.683732 0.628898
vt 0.681701 0.628898
vt 0.592880 0.687500
vt 0.541667 0.687500
vt 0.634080 0.621482
vt 0.634080 0.683602
vt 0.631341 0.687500
vt 0.631341 0.625000
vt 0.634080 0.663907
vt 0.634080 0.679261
vt 0.634080 0.632607
vt 0.634080 0.633199
vt 0.250000 0.741642
vt 0.250000 0.750000
vt 0.375000 0.480164
vt 0.375000 0.470790
vt 0.250000 0.625000
vt 0.375000 0.625000
vt 0.375000 0.687500
vt 0.250000 0.687500
vt 0.458333 0.625000
vt 0.458333 0.687500
vt 0.375000 0.586900
vt 0.427432 0.583716
vt 0.375000 0.588779
vt 0.458333 0.741642
vt 0.458333 0.750000
vt 0.625000 0.375000
vt 0.625000 0.472120
vt 0.592880 0.468706
vt 0.592880 0.375000
vt 0.375000 0.375000
vt 0.375000 0.469340
vt 0.375000 0.476797
vt 0.625000 0.474053
vt 0.625000 0.493659
vt 0.631341 0.739546
vt 0.631341 0.747581
vt 0.631341 0.503269
vt 0.634080 0.648356
vt 0.634080 0.664106
vt 0.634080 0.648553
vt 0.634080 0.628898
vt 0.634080 0.679855
vt 0.750000 0.683602
vt 0.643681 0.683602
vt 0.642776 0.683602
vt 0.634080 0.584116
vt 0.750000 0.622229
vt 0.000000 0.000000
vt 0.640723 0.539658
vt 0.643960 0.505929
vt 0.653502 0.505929
vt 0.636500 0.622340
vt 0.750000 0.622340
vt 0.750000 0.628898
vt 0.750000 0.628898
vt 0.750000 0.628898
vt 0.375000 0.736157
vt 0.427432 0.733922
vt 0.450700 0.580660
vt 0.375000 0.737718
vt 0.375000 0.737475
vt 0.375000 0.701600
vt 0.375000 0.702918
vt 0.750000 0.739025
vt 0.631707 0.739025
vt 0.637345 0.577437
vt 0.638189 0.567992
vt 0.653916 0.505929
vt 0.655257 0.505929
vt 0.750000 0.505929
vt 0.625000 0.756341
vt 0.625000 0.875000
vt 0.592880 0.875000
vt 0.541667 0.812500
vt 0.541667 0.875000
vt 0.458333 0.812500
vt 0.458333 0.875000
vt 0.375000 0.875000
vt 0.750000 0.747581
vt 0.458333 0.470640
vt 0.458333 0.500000
vt 0.458333 0.375000
vt 0.458333 0.469185
vt 0.541667 0.375000
vt 0.541667 0.468802
vt 0.650947 0.503269
vt 0.656178 0.505929
vt 0.652880 0.503269
vt 0.750000 0.503269
vt 0.532988 0.813356
vt 0.538985 0.813356
vt 0.538985 0.874144
vt 0.461015 0.813356
vt 0.461015 0.874144
vt 0.471393 0.812500
vt 0.532988 0.874144
vt 0.473010 0.813356
vt 0.479008 0.813356
vt 0.479008 0.874144
vt 0.473010 0.874144
vt 0.485006 0.813356
vt 0.491003 0.813356
vt 0.491003 0.874144
vt 0.485006 0.874144
vt 0.497001 0.813356
vt 0.502999 0.813356
vt 0.502999 0.874144
vt 0.497001 0.874144
vt 0.508997 0.813356
vt 0.514994 0.813356
vt 0.514994 0.874144
vt 0.508997 0.874144
vt 0.520992 0.813356
vt 0.526990 0.813356
vt 0.526990 0.874144
vt 0.520992 0.874144
vt 0.526990 0.813356
vt 0.542045 0.812500
vt 0.570512 0.812501
vt 0.514994 0.813356
vt 0.564103 0.812499
vt 0.557692 0.812500
vt 0.551282 0.812500
vt 0.497001 0.813356
vt 0.544872 0.812500
vt 0.538462 0.812500
vt 0.485006 0.813356
vt 0.532051 0.812499
vt 0.479008 0.813356
vt 0.525641 0.812501
vt 0.473010 0.813356
vt 0.519231 0.812500
vt 0.471154 0.812500
vt 0.471154 0.750000
vt 0.471154 0.499991
vt 0.450490 0.545744
vt 0.427432 0.542716
vt 0.471154 0.741642
vt 0.464424 0.678043
vt 0.464424 0.634457
vt 0.483106 0.586905
vt 0.483106 0.500000
vt 0.464286 0.500000
vt 0.464286 0.602356
vt 0.428572 0.500000
vt 0.429679 0.629344
vt 0.392857 0.500000
vt 0.392857 0.629344
vt 0.357143 0.500000
vt 0.357143 0.629344
vt 0.366951 0.629344
vt 0.321429 0.500000
vt 0.321429 0.629344
vt 0.285714 0.500000
vt 0.285714 0.629344
vt 0.250000 0.500000
vt 0.250000 0.629344
vt 0.214286 0.500000
vt 0.214286 0.629344
vt 0.178572 0.500000
vt 0.178572 0.629344
vt 0.142857 0.500000
vt 0.142857 0.629344
vt 0.107143 0.500000
vt 0.107143 0.629344
vt 0.133226 0.629344
vt 0.071429 0.500000
vt 0.070321 0.629344
vt 0.035714 0.500000
vt 0.035714 0.602356
vt 0.016894 0.500000
vt 0.016894 0.586905
vt 0.854132 0.033767
vt 0.803405 0.016017
vt 0.775262 0.012846
vt 0.464286 0.602356
vt 0.464286 0.577130
vt 0.483106 0.577184
vt 0.429679 0.629344
vt 0.429638 0.578524
vt 0.392857 0.629344
vt 0.392857 0.581469
vt 0.357143 0.585691
vt 0.366808 0.629344
vt 0.321429 0.629344
vt 0.321429 0.591022
vt 0.357143 0.629344
vt 0.285714 0.629344
vt 0.285714 0.597194
vt 0.250000 0.629344
vt 0.250000 0.588884
vt 0.214286 0.629344
vt 0.214286 0.583885
vt 0.178572 0.629344
vt 0.178572 0.582449
vt 0.142857 0.629344
vt 0.142857 0.584648
vt 0.133430 0.629344
vt 0.070321 0.629344
vt 0.070645 0.591854
vt 0.107143 0.590371
vt 0.107143 0.629344
vt 0.035714 0.572182
vt 0.016894 0.566157
vt 0.016894 0.586905
vt 0.724738 0.012846
vt 0.696595 0.016017
vt 0.803405 0.483983
vt 0.775262 0.487154
vt 0.450364 0.731809
vt 0.459046 0.731009
vt 0.462682 0.563214
vt 0.462264 0.557380
vt 0.459046 0.579564
vt 0.462264 0.715443
vt 0.461031 0.711554
vt 0.461031 0.551838
vt 0.462264 0.569049
vt 0.459046 0.546867
vt 0.462682 0.719538
vt 0.461031 0.574592
vt 0.462264 0.723632
vt 0.427432 0.705153
vt 0.461031 0.727521
vt 0.459046 0.708066
vt 0.450520 0.707280
vt 0.636500 0.563277
vt 0.636500 0.557458
vt 0.636500 0.586881
vt 0.636500 0.583723
vt 0.636500 0.569096
vt 0.636500 0.579582
vt 0.636500 0.542832
vt 0.636500 0.551931
vt 0.636500 0.574624
vt 0.636500 0.546972
vt 0.639034 0.558547
vt 0.652575 0.505929
vt 0.465063 0.634457
vt 0.471154 0.625000
vt 0.465063 0.678043
vt 0.471154 0.687500
vt 0.375000 0.589125
vt 0.375000 0.701357
vt 0.370225 0.589125
vt 0.250000 0.500000
vt 0.351797 0.500000
vt 0.354044 0.537307
vt 0.355164 0.500000
vt 0.375000 0.537307
vt 0.355241 0.701357
vt 0.355241 0.737718
vt 0.724738 0.487154
vt 0.990000 0.250000
vt 0.696595 0.483983
vt 0.854132 0.466233
vt 0.966233 0.354132
vt 0.937640 0.399638
vt 0.899638 0.437640
vt 0.983983 0.303405
vt 0.983983 0.196595
vt 0.966233 0.145868
vt 0.937640 0.100362
vt 0.899638 0.062360
vt 0.555454 0.487557
vt 0.375000 0.743257
vt 0.458333 0.743257
vt 0.625000 0.500000
vt 0.625000 0.250000
vt 0.625000 0.750000
vt 0.625000 0.000000
vt 0.625000 1.000000
vt 0.625000 0.271661
vt 0.625000 0.478339
vt 0.625000 0.478339
vt 0.625000 0.271661
vt 0.375000 0.125000
vt 0.625000 0.125000
vt 0.375000 0.250000
vt 0.625000 0.625000
vt 0.375000 1.000000
vt 0.875000 0.625000
vt 0.875000 0.750000
vt 0.875000 0.500000
vt 0.375000 0.000000
s 1
usemtl 材质
f 173/157/86 174/158/86 122/159/86 115/160/86
f 113/161/86 124/162/86 126/163/86 429/164/86
f 322/165/87 427/166/88 161/166/87
f 170/167/89 101/168/89 110/168/89 171/167/89
f 102/169/89 288/170/89 291/171/89
f 209/172/90 218/173/90 124/162/90 113/161/90
f 132/174/87 129/175/87 168/175/87 169/174/87
f 429/164/86 126/163/86 127/176/86 431/177/86
f 165/178/91 134/179/91 128/180/91 160/181/91
f 151/182/92 108/183/92 142/183/92 157/182/92
f 105/184/93 107/185/93 141/185/93 138/184/93
f 207/186/92 171/167/92 110/168/92 183/187/92
f 212/188/90 216/189/90 102/169/90 109/169/90
f 184/190/92 112/191/92 111/192/92 185/193/92
f 104/191/89 103/192/89 111/192/89 112/191/89
f 104/191/86 430/194/86 432/195/86 103/192/86
f 430/194/86 104/191/86 289/196/86 296/197/86
f 287/198/89 289/196/89 104/191/89
f 170/167/86 172/199/86 116/200/86 101/168/86
f 190/201/94 219/202/94 217/203/94 191/204/94
f 176/205/90 215/206/90 211/207/90 182/205/90
f 218/173/94 220/208/94 158/209/94 124/162/94
f 175/210/95 121/211/96 122/159/96 174/158/95
f 158/212/97 160/181/97 126/163/97 124/162/97
f 160/181/97 128/180/98 127/176/98 126/163/97
f 146/213/99 148/214/99 134/179/99 165/178/99
f 149/215/99 107/185/99 166/216/99
f 107/185/99 105/184/99 165/216/99 166/216/99
f 106/217/99 108/183/99 136/179/99 134/179/99
f 195/218/100 133/219/100 136/179/100 181/218/100
f 133/219/100 130/220/100 134/179/100 136/179/100
f 146/213/91 105/184/91 138/184/91 152/213/91
f 108/183/101 106/217/101 139/217/101 142/183/101
f 194/218/91 130/220/91 144/220/91 196/218/91
f 130/220/102 133/219/102 145/219/102 144/220/102
f 106/217/91 148/214/91 154/214/91 139/217/91
f 148/214/92 154/214/92 152/213/92 146/213/92
f 108/183/99 151/182/99 136/179/99
f 105/184/99 146/213/99 165/216/99
f 107/185/92 149/215/92 155/215/92 141/185/92
f 149/215/92 151/182/92 157/182/92 155/215/92
f 181/218/91 136/179/91 166/221/91 180/222/91
f 148/214/99 146/213/99 149/215/99 151/182/99
f 151/223/93 157/223/93 154/223/93 148/223/93
f 149/223/90 146/223/90 152/223/90 155/223/90
f 322/224/103 161/225/103 221/226/103
f 123/166/91 125/227/91 160/181/91 158/212/91
f 199/228/90 125/227/90 423/227/90 426/228/90
f 203/229/90 129/175/90 165/216/90 178/230/90
f 129/175/90 132/174/90 166/216/90 165/216/90
f 204/231/92 132/174/92 169/174/92 206/231/92
f 151/182/99 149/215/99 166/221/99 136/179/99
f 128/180/98 175/210/95 174/158/95 127/176/98
f 172/199/86 170/167/86 298/232/86 299/233/86
f 440/234/86 430/194/86 296/197/86
f 170/167/89 171/167/89 301/235/89 305/236/89
f 306/237/89 103/192/89 300/238/89
f 431/177/86 127/176/86 174/158/86 173/157/86
f 128/180/91 134/179/91 175/210/91
f 134/179/91 179/218/91 208/239/91 175/240/91
f 129/175/91 203/229/91 205/229/91 168/175/91
f 132/174/90 204/231/90 180/230/90 166/216/90
f 202/228/104 163/227/105 321/241/105 395/242/106
f 428/243/93 425/244/93 422/245/93
f 133/219/92 195/218/92 197/218/92 145/219/92
f 130/220/100 194/218/100 179/218/100 134/179/100
f 121/246/107 192/247/107 193/248/107 122/159/107
f 226/249/108 187/250/108 229/250/108 230/249/108
f 225/251/93 186/252/93 177/253/93 101/168/93
f 101/168/93 177/253/93 183/253/93 110/168/93
f 125/227/91 199/228/91 178/230/91 165/216/91
f 122/159/93 193/248/93 187/250/93 226/249/93
f 175/240/91 208/239/91 192/254/91 121/211/91
f 216/189/90 214/255/90 114/256/90 102/169/90
f 176/205/90 188/257/90 213/258/90 215/206/90
f 188/257/90 189/259/90 210/260/90 213/258/90
f 189/259/90 191/204/90 217/203/90 210/260/90
f 220/261/91 123/166/91 158/212/91
f 198/245/91 222/262/91 219/263/91 190/264/91
f 211/207/90 215/206/90 216/189/90 212/188/90
f 217/203/86 219/263/86 222/262/86
f 210/260/86 217/203/86 222/262/86
f 210/260/86 222/262/86 425/244/86
f 115/160/93 122/159/93 226/249/93
f 236/265/86 223/266/86 235/266/86 257/265/86
f 186/252/109 225/251/109 231/251/109 227/252/109
f 232/267/93 223/266/93 230/249/93 229/250/93
f 228/268/93 233/269/93 227/252/93 231/251/93
f 228/268/93 231/251/93 230/270/93
f 257/265/93 235/266/93 234/267/93 246/271/93
f 223/266/91 232/267/91 234/267/91 235/266/91
f 267/272/93 266/273/93 255/274/93 256/275/93
f 265/276/93 264/277/93 253/278/93 254/279/93
f 263/280/93 262/281/93 251/282/93 252/283/93
f 261/284/93 260/285/93 249/286/93 250/287/93
f 259/288/93 258/289/93 247/290/93 248/291/93
f 223/266/93 236/265/93 230/249/93
f 236/265/93 237/292/93 230/293/93
f 237/292/93 238/288/93 230/294/93
f 238/288/93 239/295/93 230/296/93
f 239/295/93 240/284/93 230/297/93
f 240/284/93 241/281/93 230/298/93
f 241/281/93 242/299/93 230/300/93
f 242/299/93 243/277/93 230/301/93
f 243/277/93 244/302/93 230/303/93
f 244/302/93 245/304/93 230/305/93
f 245/304/93 228/306/93 230/307/93
f 225/251/87 226/308/87 230/270/87 231/251/87
f 228/306/86 245/304/86 266/273/86 267/272/86
f 244/302/86 243/277/86 264/277/86 265/276/86
f 242/299/86 241/281/86 262/281/86 263/280/86
f 240/284/86 239/295/86 260/285/86 261/284/86
f 238/288/86 237/292/86 258/289/86 259/288/86
f 116/200/93 115/309/93 226/308/93 225/251/93
f 214/255/90 209/172/90 113/310/90 114/256/90
f 438/311/86 295/312/86 114/256/86
f 172/199/86 173/313/86 115/309/86 116/200/86
f 214/255/110 427/166/88 424/166/111 209/172/110
f 120/314/91 118/315/91 434/315/91 436/314/91
f 257/265/92 246/271/92 268/271/92 236/265/92
f 267/272/112 256/275/112 233/275/112 228/306/112
f 249/286/91 260/285/91 239/295/91 271/286/91
f 263/280/92 252/283/92 274/283/92 242/299/92
f 255/274/91 266/273/91 245/304/91 277/274/91
f 259/288/92 248/291/92 270/291/92 238/288/92
f 251/282/91 262/281/91 241/281/91 273/282/91
f 265/276/92 254/279/92 276/279/92 244/302/92
f 247/290/91 258/289/91 237/292/91 269/290/91
f 261/284/92 250/287/92 272/287/92 240/284/92
f 253/278/91 264/277/91 243/277/91 275/278/91
f 236/265/93 268/271/93 269/290/93 237/292/93
f 238/288/93 270/291/93 271/286/93 239/295/93
f 240/284/93 272/287/93 273/282/93 241/281/93
f 242/299/93 274/283/93 275/278/93 243/277/93
f 244/302/93 276/279/93 277/274/93 245/304/93
f 301/316/113 304/317/113 131/318/113 305/319/113
f 131/318/114 135/320/114 298/321/114 305/319/114
f 135/320/115 137/322/115 299/323/115 298/321/115
f 140/324/116 307/325/116 437/326/116
f 140/324/117 143/327/117 309/328/117 307/325/117
f 143/327/118 147/329/118 308/330/118 309/328/118
f 147/329/119 150/331/119 313/332/119 308/330/119
f 150/331/120 153/333/120 310/334/120 313/332/120
f 153/333/121 156/335/121 312/336/121 310/334/121
f 156/335/122 159/337/122 311/338/122 312/336/122
f 159/337/123 162/339/123 297/340/123 439/341/123
f 162/339/124 164/342/124 300/343/124 297/340/124
f 300/343/125 164/342/125 167/344/125 306/345/125
f 167/344/126 303/346/126 302/347/126 306/345/126
f 135/348/86 131/349/86 304/350/86
f 292/316/126 291/351/126 200/352/126 294/353/126
f 288/354/125 322/355/125 200/352/125 291/351/125
f 295/356/127 284/357/127 322/355/127 288/354/127
f 285/358/123 284/357/123 295/356/123 438/359/123
f 320/360/122 282/361/122 285/358/122 319/362/122
f 317/363/121 283/364/121 282/361/121 320/360/121
f 318/365/120 286/366/120 283/364/120 317/363/120
f 316/367/119 280/368/119 286/366/119 318/365/119
f 314/369/118 281/370/118 280/368/118 316/367/118
f 315/371/117 279/372/117 281/370/117 314/369/117
f 440/373/116 279/372/116 315/371/116
f 289/374/128 321/375/128 278/376/128 296/377/128
f 287/345/114 224/378/114 321/375/114 289/374/114
f 293/379/113 224/378/113 287/345/113 290/380/113
f 294/381/86 200/382/86 224/383/86 293/384/86
f 437/385/116 307/386/116 331/386/116
f 318/387/120 317/388/120 341/388/120 342/387/120
f 298/232/129 299/233/129 329/233/129 328/232/129
f 440/234/116 315/389/116 339/389/116
f 289/196/129 296/197/129 326/197/129 324/196/129
f 326/197/86 339/389/86 361/389/86 348/197/86
f 329/233/86 331/386/86 353/386/86 351/233/86
f 310/390/121 312/391/121 336/391/121 334/390/121
f 317/388/121 320/392/121 344/392/121 341/388/121
f 316/393/119 318/387/119 342/387/119 340/393/119
f 320/392/122 319/394/122 343/394/122 344/392/122
f 313/395/120 310/390/120 334/390/120 337/395/120
f 315/389/117 314/396/117 338/396/117 339/389/117
f 308/397/119 313/395/119 337/395/119 332/397/119
f 297/398/130 300/238/130 330/238/130 327/398/130
f 314/396/118 316/393/118 340/393/118 338/396/118
f 307/386/117 309/399/117 333/399/117 331/386/117
f 295/312/131 288/170/131 323/170/131 325/312/131
f 309/399/118 308/397/118 332/397/118 333/399/118
f 312/391/122 311/400/122 335/400/122 336/391/122
f 327/398/86 330/238/86 352/238/86 349/398/86
f 335/400/86 327/398/86 349/398/86 357/400/86
f 343/394/86 325/312/86 347/312/86 365/394/86
f 348/197/107 361/389/107 383/389/107 370/197/107
f 325/312/86 323/170/86 345/170/86 347/312/86
f 351/233/107 353/386/107 375/386/107 373/233/107
f 324/196/86 326/197/86 348/197/86 346/196/86
f 333/399/86 332/397/86 354/397/86 355/399/86
f 331/386/86 333/399/86 355/399/86 353/386/86
f 340/393/86 342/387/86 364/387/86 362/393/86
f 334/390/86 336/391/86 358/391/86 356/390/86
f 337/395/86 334/390/86 356/390/86 359/395/86
f 328/232/86 329/233/86 351/233/86 350/232/86
f 336/391/86 335/400/86 357/400/86 358/391/86
f 339/389/86 338/396/86 360/396/86 361/389/86
f 342/387/86 341/388/86 363/388/86 364/387/86
f 338/396/86 340/393/86 362/393/86 360/396/86
f 344/392/86 343/394/86 365/394/86 366/392/86
f 332/397/86 337/395/86 359/395/86 354/397/86
f 341/388/86 344/392/86 366/392/86 363/388/86
f 366/392/132 365/394/132 387/394/132 388/392/132
f 354/397/133 359/395/133 381/395/133 376/397/133
f 363/388/134 366/392/134 388/392/134 385/388/134
f 349/398/135 352/238/135 374/238/135 371/398/135
f 357/400/94 349/398/94 371/398/94 379/400/94
f 365/394/94 347/312/94 369/312/94 387/394/94
f 439/401/123 297/398/123 327/398/123 335/400/123
f 347/312/135 345/170/135 367/170/135 369/312/135
f 346/196/136 348/197/136 370/197/136 368/196/136
f 355/399/137 354/397/137 376/397/137 377/399/137
f 353/386/138 355/399/138 377/399/138 375/386/138
f 362/393/133 364/387/133 386/387/133 384/393/133
f 356/390/134 358/391/134 380/391/134 378/390/134
f 359/395/139 356/390/139 378/390/139 381/395/139
f 350/232/136 351/233/136 373/233/136 372/232/136
f 358/391/132 357/400/132 379/400/132 380/391/132
f 361/389/138 360/396/138 382/396/138 383/389/138
f 364/387/139 363/388/139 385/388/139 386/387/139
f 360/396/137 362/393/137 384/393/137 382/396/137
f 300/238/92 374/238/92 352/238/92 330/238/92
f 328/232/92 350/232/92 372/232/92 298/232/92
f 324/196/92 346/196/92 368/196/92 289/196/92
f 288/170/92 367/170/92 345/170/92 323/170/92
f 438/311/123 295/312/123 325/312/123 343/394/123
f 286/402/120 399/402/120 391/403/120 283/403/120
f 281/370/118 396/370/118 398/368/118 280/368/118
f 321/404/140 395/404/140 389/405/140 278/405/140
f 280/406/119 398/406/119 399/402/119 286/402/119
f 278/405/116 389/405/116 390/407/116 279/407/116
f 284/408/141 392/408/141 397/165/141 322/165/141
f 283/403/121 391/403/121 393/409/121 282/409/121
f 279/407/117 390/407/117 396/410/117 281/410/117
f 282/409/122 393/409/122 394/411/122 285/411/122
f 285/411/123 394/411/123 392/408/123 284/408/123
f 398/223/86 396/223/86 395/223/86
f 397/412/125 200/352/125 322/224/125
f 397/223/86 395/223/86 224/223/86 200/223/86
f 321/223/114 224/223/114 395/223/114
f 408/402/139 405/403/139 413/403/139 421/402/139
f 403/370/137 402/368/137 420/368/137 418/370/137
f 409/404/142 400/405/142 411/405/142 417/404/142
f 402/406/133 408/402/133 421/402/133 420/406/133
f 400/405/107 401/407/107 412/407/107 411/405/107
f 406/408/143 410/165/143 419/165/143 414/408/143
f 405/403/134 404/409/134 415/409/134 413/403/134
f 401/407/138 403/410/138 418/410/138 412/407/138
f 404/409/132 407/411/132 416/411/132 415/409/132
f 407/411/94 406/408/94 414/408/94 416/411/94
f 416/223/87 414/223/87 419/223/87
f 426/228/90 423/227/90 163/227/90 202/228/90
f 424/166/111 423/227/87 125/227/87 123/166/144
f 422/245/93 425/244/93 222/262/93 198/245/93
f 215/206/90 213/258/90 214/255/90 216/189/90
f 221/413/93 161/166/93 427/166/93 428/243/93
f 427/166/91 214/255/91 213/258/91 428/243/91
f 117/414/86 118/315/86 430/194/86 429/415/86
f 119/416/86 117/414/86 429/415/86 431/417/86
f 118/315/86 120/314/86 432/195/86 430/194/86
f 120/314/86 119/416/86 431/417/86 432/195/86
f 434/315/86 433/414/86 435/416/86 436/314/86
f 118/315/93 117/414/93 433/414/93 434/315/93
f 119/416/90 120/314/90 436/314/90 435/416/90
f 117/414/92 119/416/92 435/416/92 433/414/92
f 148/214/99 106/217/99 134/179/99
f 112/191/89 290/418/89 287/198/89 104/191/89
f 300/238/86 103/192/86 432/195/86 297/398/86
f 311/400/86 431/417/86 312/391/86
f 312/391/86 431/417/86 310/390/86
f 173/313/86 307/386/86 309/399/86
f 173/313/86 309/399/86 308/397/86
f 431/417/86 173/313/86 308/397/86 313/395/86
f 310/390/86 431/417/86 313/395/86
f 288/170/86 102/169/86 114/256/86 295/312/86
f 320/392/86 319/394/86 113/310/86
f 317/388/86 320/392/86 113/310/86
f 314/396/86 429/415/86 315/389/86
f 316/393/86 429/415/86 314/396/86
f 318/387/86 317/388/86 113/310/86
f 316/393/86 318/387/86 113/310/86 429/415/86
f 432/195/86 431/417/86 311/400/86 439/401/86
f 221/413/103 201/245/103 397/412/145 322/224/103
f 201/245/103 202/228/104 395/242/106 397/412/145
f 389/223/86 395/223/86 390/223/86
f 395/223/86 397/223/86 398/223/86
f 390/223/86 395/223/86 396/223/86
f 397/223/86 392/223/86 394/223/86
f 394/223/86 393/223/86 397/223/86
f 393/223/86 391/223/86 397/223/86
f 391/223/86 399/223/86 397/223/86
f 399/223/86 398/223/86 397/223/86
f 221/413/93 428/243/93 422/245/93 201/245/93
f 286/402/87 280/406/87 423/227/87
f 423/227/87 424/166/111 286/402/87
f 278/405/87 321/404/87 163/227/87 423/227/87
f 283/403/87 424/166/111 282/409/87
f 284/408/87 285/411/87 424/166/111
f 279/407/87 278/405/87 423/227/87
f 285/411/87 282/409/87 424/166/111
f 281/410/87 279/407/87 423/227/87
f 280/406/87 281/410/87 423/227/87
f 424/166/111 283/403/87 286/402/87
f 427/166/88 322/165/87 284/408/87 424/166/111
f 160/181/91 125/227/91 165/216/91
f 116/200/93 225/251/93 101/168/93
f 298/232/89 170/167/89 305/236/89
f 302/419/89 111/192/89 103/192/89 306/237/89
f 172/199/86 299/233/86 437/385/86
f 290/418/92 112/191/92 293/420/92
f 112/191/92 184/190/92 293/420/92
f 182/421/92 211/422/92 294/423/92
f 212/424/92 109/169/92 292/425/92
f 303/426/92 304/427/92 207/186/92 185/193/92
f 304/427/92 301/235/92 171/167/92
f 218/173/146 209/172/110 424/166/111 123/166/144
f 185/193/92 111/192/92 303/426/92
f 111/192/92 302/419/92 303/426/92
f 304/427/92 171/167/92 207/186/92
f 294/423/92 211/422/92 212/424/92 292/425/92
f 304/350/86 303/428/86 150/429/86
f 303/428/86 167/430/86 164/431/86
f 156/432/86 303/428/86 159/433/86
f 164/431/86 162/434/86 303/428/86
f 162/434/86 159/433/86 303/428/86
f 156/432/86 153/435/86 303/428/86
f 153/435/86 150/429/86 303/428/86
f 150/429/86 147/436/86 304/350/86
f 147/436/86 143/437/86 304/350/86
f 143/437/86 140/438/86 304/350/86
f 140/438/86 137/439/86 304/350/86
f 137/439/86 135/348/86 304/350/86
f 294/423/92 293/420/92 184/190/92 182/421/92
f 123/166/144 220/208/147 218/173/146
f 213/258/86 210/260/86 425/244/86 428/440/86
f 109/169/89 102/169/89 291/171/89 292/425/89
f 419/223/87 417/223/87 421/223/87
f 417/223/87 411/223/87 412/223/87
f 421/223/87 417/223/87 420/223/87
f 412/223/87 418/223/87 417/223/87
f 418/223/87 420/223/87 417/223/87
f 421/223/87 413/223/87 419/223/87
f 413/223/87 415/223/87 419/223/87
f 415/223/87 416/223/87 419/223/87
f 173/313/86 172/199/86 437/385/86 307/386/86
f 137/322/116 140/324/116 437/326/116 299/323/116
f 297/398/86 432/195/86 439/401/86
f 311/338/123 159/337/123 439/341/123
f 315/389/86 429/415/86 430/194/86 440/234/86
f 296/377/116 278/376/116 279/372/116 440/373/116
f 319/394/86 438/311/86 114/256/86 113/310/86
f 319/362/123 285/358/123 438/359/123
f 513/157/87 455/160/87 462/159/87 514/158/87
f 453/161/87 709/164/87 466/163/87 464/162/87
f 604/165/86 501/166/86 707/166/86
f 510/167/148 511/167/148 450/168/148 441/168/148
f 442/169/148 573/171/148 570/170/148
f 517/172/90 453/161/90 464/162/90 526/173/90
f 472/174/86 509/174/86 508/175/86 469/175/86
f 709/164/87 711/177/87 467/176/87 466/163/87
f 505/178/91 500/181/91 468/180/91 474/179/91
f 491/182/92 497/182/92 482/183/92 448/183/92
f 445/184/93 478/184/93 481/185/93 447/185/93
f 207/186/92 183/187/92 450/168/92 511/167/92
f 520/188/90 449/169/90 442/169/90 524/189/90
f 184/190/92 185/193/92 451/192/92 452/191/92
f 444/191/148 452/191/148 451/192/148 443/192/148
f 444/191/87 443/192/87 712/195/87 710/194/87
f 710/194/87 578/197/87 571/196/87 444/191/87
f 569/198/148 444/191/148 571/196/148
f 510/167/87 441/168/87 456/200/87 512/199/87
f 190/201/94 191/204/94 525/203/94 527/202/94
f 176/205/90 182/205/90 519/207/90 523/206/90
f 526/173/94 464/162/94 498/209/94 528/208/94
f 515/210/149 514/158/149 462/159/150 461/211/150
f 498/212/151 464/162/151 466/163/151 500/181/151
f 500/181/151 466/163/151 467/176/152 468/180/152
f 486/213/153 505/178/153 474/179/153 488/214/153
f 489/215/153 506/216/153 447/185/153
f 447/185/153 506/216/153 505/216/153 445/184/153
f 446/217/153 474/179/153 476/179/153 448/183/153
f 195/218/100 181/218/100 476/179/100 473/219/100
f 473/219/100 476/179/100 474/179/100 470/220/100
f 486/213/91 492/213/91 478/184/91 445/184/91
f 448/183/101 482/183/101 479/217/101 446/217/101
f 194/218/91 196/218/91 484/220/91 470/220/91
f 470/220/154 484/220/154 485/219/154 473/219/154
f 446/217/91 479/217/91 494/214/91 488/214/91
f 488/214/92 486/213/92 492/213/92 494/214/92
f 448/183/153 476/179/153 491/182/153
f 445/184/153 505/216/153 486/213/153
f 447/185/92 481/185/92 495/215/92 489/215/92
f 489/215/92 495/215/92 497/182/92 491/182/92
f 181/218/91 180/222/91 506/221/91 476/179/91
f 488/214/153 491/182/153 489/215/153 486/213/153
f 491/223/93 488/223/93 494/223/93 497/223/93
f 489/223/90 495/223/90 492/223/90 486/223/90
f 604/224/103 529/226/103 501/225/103
f 463/166/91 498/212/91 500/181/91 465/227/91
f 199/228/90 426/228/90 704/227/90 465/227/90
f 203/229/90 178/230/90 505/216/90 469/175/90
f 469/175/90 505/216/90 506/216/90 472/174/90
f 204/231/92 206/231/92 509/174/92 472/174/92
f 491/182/153 476/179/153 506/221/153 489/215/153
f 468/180/152 467/176/152 514/158/149 515/210/149
f 512/199/87 581/233/87 580/232/87 510/167/87
f 720/234/87 578/197/87 710/194/87
f 510/167/148 587/236/148 583/235/148 511/167/148
f 588/237/148 582/238/148 443/192/148
f 711/177/87 513/157/87 514/158/87 467/176/87
f 468/180/91 515/210/91 474/179/91
f 474/179/91 515/240/91 208/239/91 179/218/91
f 469/175/91 508/175/91 205/229/91 203/229/91
f 472/174/90 506/216/90 180/230/90 204/231/90
f 202/228/104 677/242/155 603/241/105 503/227/105
f 708/243/93 422/245/93 706/244/93
f 473/219/92 485/219/92 197/218/92 195/218/92
f 470/220/100 474/179/100 179/218/100 194/218/100
f 461/246/107 462/159/107 193/248/107 192/247/107
f 534/249/108 536/249/108 229/250/108 187/250/108
f 533/251/93 441/168/93 177/253/93 186/252/93
f 441/168/93 450/168/93 183/253/93 177/253/93
f 465/227/91 505/216/91 178/230/91 199/228/91
f 462/159/93 534/249/93 187/250/93 193/248/93
f 515/240/91 461/211/91 192/254/91 208/239/91
f 524/189/90 442/169/90 454/256/90 522/255/90
f 176/205/90 523/206/90 521/258/90 188/257/90
f 188/257/90 521/258/90 518/260/90 189/259/90
f 189/259/90 518/260/90 525/203/90 191/204/90
f 528/261/91 498/212/91 463/166/91
f 198/245/91 190/264/91 527/263/91 530/262/91
f 519/207/90 520/188/90 524/189/90 523/206/90
f 525/203/87 530/262/87 527/263/87
f 518/260/87 530/262/87 525/203/87
f 518/260/87 706/244/87 530/262/87
f 455/160/93 534/249/93 462/159/93
f 539/265/87 549/265/87 538/266/87 531/266/87
f 186/252/109 227/252/109 537/251/109 533/251/109
f 232/267/93 229/250/93 536/249/93 531/266/93
f 535/268/93 537/251/93 227/252/93 233/269/93
f 535/268/93 536/270/93 537/251/93
f 549/265/93 246/271/93 234/267/93 538/266/93
f 531/266/91 538/266/91 234/267/91 232/267/91
f 559/272/93 256/275/93 255/274/93 558/273/93
f 557/276/93 254/279/93 253/278/93 556/277/93
f 555/280/93 252/283/93 251/282/93 554/281/93
f 553/284/93 250/287/93 249/286/93 552/285/93
f 551/288/93 248/291/93 247/290/93 550/289/93
f 531/266/93 536/249/93 539/265/93
f 539/265/93 536/293/93 540/292/93
f 540/292/93 536/294/93 541/288/93
f 541/288/93 536/296/93 542/295/93
f 542/295/93 536/297/93 543/284/93
f 543/284/93 536/298/93 544/281/93
f 544/281/93 536/300/93 545/299/93
f 545/299/93 536/301/93 546/277/93
f 546/277/93 536/303/93 547/302/93
f 547/302/93 536/305/93 548/304/93
f 548/304/93 536/307/93 535/306/93
f 533/251/86 537/251/86 536/270/86 534/308/86
f 535/306/87 559/272/87 558/273/87 548/304/87
f 547/302/87 557/276/87 556/277/87 546/277/87
f 545/299/87 555/280/87 554/281/87 544/281/87
f 543/284/87 553/284/87 552/285/87 542/295/87
f 541/288/87 551/288/87 550/289/87 540/292/87
f 456/200/93 533/251/93 534/308/93 455/309/93
f 522/255/90 454/256/90 453/310/90 517/172/90
f 718/311/87 454/256/87 577/312/87
f 512/199/87 456/200/87 455/309/87 513/313/87
f 522/255/156 517/172/156 705/166/157 707/166/157
f 460/314/91 716/314/91 714/315/91 458/315/91
f 549/265/92 539/265/92 268/271/92 246/271/92
f 559/272/112 535/306/112 233/275/112 256/275/112
f 249/286/91 271/286/91 542/295/91 552/285/91
f 555/280/92 545/299/92 274/283/92 252/283/92
f 255/274/91 277/274/91 548/304/91 558/273/91
f 551/288/92 541/288/92 270/291/92 248/291/92
f 251/282/91 273/282/91 544/281/91 554/281/91
f 557/276/92 547/302/92 276/279/92 254/279/92
f 247/290/91 269/290/91 540/292/91 550/289/91
f 553/284/92 543/284/92 272/287/92 250/287/92
f 253/278/91 275/278/91 546/277/91 556/277/91
f 539/265/93 540/292/93 269/290/93 268/271/93
f 541/288/93 542/295/93 271/286/93 270/291/93
f 543/284/93 544/281/93 273/282/93 272/287/93
f 545/299/93 546/277/93 275/278/93 274/283/93
f 547/302/93 548/304/93 277/274/93 276/279/93
f 583/316/113 587/319/113 471/318/113 586/317/113
f 471/318/114 587/319/114 580/321/114 475/320/114
f 475/320/158 580/321/158 581/323/158 477/322/158
f 480/324/116 717/326/116 589/325/116
f 480/324/117 589/325/117 591/328/117 483/327/117
f 483/327/118 591/328/118 590/330/118 487/329/118
f 487/329/119 590/330/119 595/332/119 490/331/119
f 490/331/120 595/332/120 592/334/120 493/333/120
f 493/333/121 592/334/121 594/336/121 496/335/121
f 496/335/122 594/336/122 593/338/122 499/337/122
f 499/337/123 719/341/123 579/340/123 502/339/123
f 502/339/159 579/340/159 582/343/159 504/342/159
f 582/343/125 588/345/125 507/344/125 504/342/125
f 507/344/126 588/345/126 584/347/126 585/346/126
f 475/348/87 586/350/87 471/349/87
f 574/316/126 576/353/126 516/352/126 573/351/126
f 570/354/125 573/351/125 516/352/125 604/355/125
f 577/356/160 570/354/160 604/355/160 566/357/160
f 567/358/123 718/359/123 577/356/123 566/357/123
f 602/360/122 601/362/122 567/358/122 564/361/122
f 599/363/121 602/360/121 564/361/121 565/364/121
f 600/365/120 599/363/120 565/364/120 568/366/120
f 598/367/119 600/365/119 568/366/119 562/368/119
f 596/369/118 598/367/118 562/368/118 563/370/118
f 597/371/117 596/369/117 563/370/117 561/372/117
f 720/373/116 597/371/116 561/372/116
f 571/374/161 578/377/161 560/376/161 603/375/161
f 569/345/114 571/374/114 603/375/114 532/378/114
f 575/379/113 572/380/113 569/345/113 532/378/113
f 576/381/87 575/384/87 532/383/87 516/382/87
f 717/385/116 613/386/116 589/386/116
f 600/387/120 624/387/120 623/388/120 599/388/120
f 580/232/129 610/232/129 611/233/129 581/233/129
f 720/234/116 621/389/116 597/389/116
f 571/196/129 606/196/129 608/197/129 578/197/129
f 608/197/87 630/197/87 643/389/87 621/389/87
f 611/233/87 633/233/87 635/386/87 613/386/87
f 592/390/121 616/390/121 618/391/121 594/391/121
f 599/388/121 623/388/121 626/392/121 602/392/121
f 598/393/119 622/393/119 624/387/119 600/387/119
f 602/392/122 626/392/122 625/394/122 601/394/122
f 595/395/120 619/395/120 616/390/120 592/390/120
f 597/389/117 621/389/117 620/396/117 596/396/117
f 590/397/119 614/397/119 619/395/119 595/395/119
f 579/398/130 609/398/130 612/238/130 582/238/130
f 596/396/118 620/396/118 622/393/118 598/393/118
f 589/386/117 613/386/117 615/399/117 591/399/117
f 577/312/131 607/312/131 605/170/131 570/170/131
f 591/399/118 615/399/118 614/397/118 590/397/118
f 594/391/122 618/391/122 617/400/122 593/400/122
f 609/398/87 631/398/87 634/238/87 612/238/87
f 617/400/87 639/400/87 631/398/87 609/398/87
f 625/394/87 647/394/87 629/312/87 607/312/87
f 630/197/107 652/197/107 665/389/107 643/389/107
f 607/312/87 629/312/87 627/170/87 605/170/87
f 633/233/107 655/233/107 657/386/107 635/386/107
f 606/196/87 628/196/87 630/197/87 608/197/87
f 615/399/87 637/399/87 636/397/87 614/397/87
f 613/386/87 635/386/87 637/399/87 615/399/87
f 622/393/87 644/393/87 646/387/87 624/387/87
f 616/390/87 638/390/87 640/391/87 618/391/87
f 619/395/87 641/395/87 638/390/87 616/390/87
f 610/232/87 632/232/87 633/233/87 611/233/87
f 618/391/87 640/391/87 639/400/87 617/400/87
f 621/389/87 643/389/87 642/396/87 620/396/87
f 624/387/87 646/387/87 645/388/87 623/388/87
f 620/396/87 642/396/87 644/393/87 622/393/87
f 626/392/87 648/392/87 647/394/87 625/394/87
f 614/397/87 636/397/87 641/395/87 619/395/87
f 623/388/87 645/388/87 648/392/87 626/392/87
f 648/392/132 670/392/132 669/394/132 647/394/132
f 636/397/133 658/397/133 663/395/133 641/395/133
f 645/388/134 667/388/134 670/392/134 648/392/134
f 631/398/135 653/398/135 656/238/135 634/238/135
f 639/400/94 661/400/94 653/398/94 631/398/94
f 647/394/94 669/394/94 651/312/94 629/312/94
f 617/400/123 609/398/123 579/398/123 719/401/123
f 629/312/135 651/312/135 649/170/135 627/170/135
f 628/196/136 650/196/136 652/197/136 630/197/136
f 637/399/137 659/399/137 658/397/137 636/397/137
f 635/386/138 657/386/138 659/399/138 637/399/138
f 644/393/133 666/393/133 668/387/133 646/387/133
f 638/390/134 660/390/134 662/391/134 640/391/134
f 641/395/139 663/395/139 660/390/139 638/390/139
f 632/232/136 654/232/136 655/233/136 633/233/136
f 640/391/132 662/391/132 661/400/132 639/400/132
f 643/389/138 665/389/138 664/396/138 642/396/138
f 646/387/139 668/387/139 667/388/139 645/388/139
f 642/396/137 664/396/137 666/393/137 644/393/137
f 582/238/92 612/238/92 634/238/92 656/238/92
f 610/232/92 580/232/92 654/232/92 632/232/92
f 606/196/92 571/196/92 650/196/92 628/196/92
f 570/170/92 605/170/92 627/170/92 649/170/92
f 625/394/123 607/312/123 577/312/123 718/311/123
f 568/402/120 565/403/120 673/403/120 681/402/120
f 563/370/118 562/368/118 680/368/118 678/370/118
f 603/404/140 560/405/140 671/405/140 677/404/140
f 562/406/119 568/402/119 681/402/119 680/406/119
f 560/405/116 561/407/116 672/407/116 671/405/116
f 566/408/141 604/165/141 679/165/141 674/408/141
f 565/403/121 564/409/121 675/409/121 673/403/121
f 561/407/117 563/410/117 678/410/117 672/407/117
f 564/409/122 567/411/122 676/411/122 675/409/122
f 567/411/123 566/408/123 674/408/123 676/411/123
f 680/223/87 677/223/87 678/223/87
f 679/412/125 604/224/125 516/352/125
f 679/223/87 516/223/87 532/223/87 677/223/87
f 603/223/114 677/223/114 532/223/114
f 690/402/139 703/402/139 695/403/139 687/403/139
f 685/370/137 700/370/137 702/368/137 684/368/137
f 691/404/142 699/404/142 693/405/142 682/405/142
f 684/406/133 702/406/133 703/402/133 690/402/133
f 682/405/107 693/405/107 694/407/107 683/407/107
f 688/408/143 696/408/143 701/165/143 692/165/143
f 687/403/134 695/403/134 697/409/134 686/409/134
f 683/407/138 694/407/138 700/410/138 685/410/138
f 686/409/132 697/409/132 698/411/132 689/411/132
f 689/411/94 698/411/94 696/408/94 688/408/94
f 698/223/86 701/223/86 696/223/86
f 426/228/90 202/228/90 503/227/90 704/227/90
f 705/166/157 463/166/162 465/227/86 704/227/86
f 422/245/93 198/245/93 530/262/93 706/244/93
f 523/206/90 524/189/90 522/255/90 521/258/90
f 529/413/93 708/243/93 707/166/93 501/166/93
f 707/166/91 708/243/91 521/258/91 522/255/91
f 457/414/87 709/415/87 710/194/87 458/315/87
f 459/416/87 711/417/87 709/415/87 457/414/87
f 458/315/87 710/194/87 712/195/87 460/314/87
f 460/314/87 712/195/87 711/417/87 459/416/87
f 714/315/87 716/314/87 715/416/87 713/414/87
f 458/315/93 714/315/93 713/414/93 457/414/93
f 459/416/90 715/416/90 716/314/90 460/314/90
f 457/414/92 713/414/92 715/416/92 459/416/92
f 488/214/153 474/179/153 446/217/153
f 452/191/148 444/191/148 569/198/148 572/418/148
f 582/238/87 579/398/87 712/195/87 443/192/87
f 593/400/87 594/391/87 711/417/87
f 594/391/87 592/390/87 711/417/87
f 513/313/87 591/399/87 589/386/87
f 513/313/87 590/397/87 591/399/87
f 711/417/87 595/395/87 590/397/87 513/313/87
f 592/390/87 595/395/87 711/417/87
f 570/170/87 577/312/87 454/256/87 442/169/87
f 602/392/87 453/310/87 601/394/87
f 599/388/87 453/310/87 602/392/87
f 596/396/87 597/389/87 709/415/87
f 598/393/87 596/396/87 709/415/87
f 600/387/87 453/310/87 599/388/87
f 598/393/87 709/415/87 453/310/87 600/387/87
f 712/195/87 719/401/87 593/400/87 711/417/87
f 529/413/103 604/224/103 679/412/163 201/245/103
f 201/245/103 679/412/163 677/242/155 202/228/104
f 671/223/87 672/223/87 677/223/87
f 677/223/87 680/223/87 679/223/87
f 672/223/87 678/223/87 677/223/87
f 679/223/87 676/223/87 674/223/87
f 676/223/87 679/223/87 675/223/87
f 675/223/87 679/223/87 673/223/87
f 673/223/87 679/223/87 681/223/87
f 681/223/87 679/223/87 680/223/87
f 529/413/93 201/245/93 422/245/93 708/243/93
f 568/402/86 704/227/86 562/406/86
f 704/227/86 568/402/86 705/166/157
f 560/405/86 704/227/86 503/227/86 603/404/86
f 565/403/86 564/409/86 705/166/157
f 566/408/86 705/166/157 567/411/86
f 561/407/86 704/227/86 560/405/86
f 567/411/86 705/166/157 564/409/86
f 563/410/86 704/227/86 561/407/86
f 562/406/86 704/227/86 563/410/86
f 705/166/157 568/402/86 565/403/86
f 707/166/157 705/166/157 566/408/86 604/165/86
f 500/181/91 505/216/91 465/227/91
f 456/200/93 441/168/93 533/251/93
f 580/232/148 587/236/148 510/167/148
f 584/419/148 588/237/148 443/192/148 451/192/148
f 512/199/87 717/385/87 581/233/87
f 572/418/92 575/420/92 452/191/92
f 452/191/92 575/420/92 184/190/92
f 182/421/92 576/423/92 519/422/92
f 520/424/92 574/425/92 449/169/92
f 585/426/92 185/193/92 207/186/92 586/427/92
f 586/427/92 511/167/92 583/235/92
f 526/173/164 463/166/162 705/166/157 517/172/156
f 185/193/92 585/426/92 451/192/92
f 451/192/92 585/426/92 584/419/92
f 586/427/92 207/186/92 511/167/92
f 576/423/92 574/425/92 520/424/92 519/422/92
f 586/350/87 490/429/87 585/428/87
f 585/428/87 504/431/87 507/430/87
f 496/432/87 499/433/87 585/428/87
f 504/431/87 585/428/87 502/434/87
f 502/434/87 585/428/87 499/433/87
f 496/432/87 585/428/87 493/435/87
f 493/435/87 585/428/87 490/429/87
f 490/429/87 586/350/87 487/436/87
f 487/436/87 586/350/87 483/437/87
f 483/437/87 586/350/87 480/438/87
f 480/438/87 586/350/87 477/439/87
f 477/439/87 586/350/87 475/348/87
f 576/423/92 182/421/92 184/190/92 575/420/92
f 463/166/162 526/173/164 528/208/165
f 521/258/87 708/440/87 706/244/87 518/260/87
f 449/169/148 574/425/148 573/171/148 442/169/148
f 701/223/86 703/223/86 699/223/86
f 699/223/86 694/223/86 693/223/86
f 703/223/86 702/223/86 699/223/86
f 694/223/86 699/223/86 700/223/86
f 700/223/86 699/223/86 702/223/86
f 703/223/86 701/223/86 695/223/86
f 695/223/86 701/223/86 697/223/86
f 697/223/86 701/223/86 698/223/86
f 513/313/87 589/386/87 717/385/87 512/199/87
f 477/322/116 581/323/116 717/326/116 480/324/116
f 579/398/87 719/401/87 712/195/87
f 593/338/123 719/341/123 499/337/123
f 597/389/87 720/234/87 710/194/87 709/415/87
f 578/377/116 720/373/116 561/372/116 560/376/116
f 601/394/87 453/310/87 454/256/87 718/311/87
f 601/362/123 718/359/123 567/358/123
f 311/400/123 439/401/123 335/400/123
f 299/233/116 437/385/116 331/386/116 329/233/116
f 319/394/123 438/311/123 343/394/123
f 296/197/116 440/234/116 339/389/116 326/197/116
f 601/394/123 625/394/123 718/311/123
f 578/197/116 608/197/116 621/389/116 720/234/116
f 581/233/116 611/233/116 613/386/116 717/385/116
f 593/400/123 617/400/123 719/401/123
f 723/441/86 724/442/86 722/200/86 721/168/86
f 721/168/90 722/200/90 726/252/90 725/253/90
f 730/443/166 728/444/167 737/444/166 738/443/166
f 729/445/168 730/443/166 738/443/166 735/445/166
f 728/444/167 727/446/169 736/446/170 737/444/166
f 727/447/169 729/445/168 735/445/166 736/447/170
f 733/448/92 734/449/92 742/449/92 741/448/92
f 734/449/171 732/450/171 740/450/171 742/449/171
f 732/450/91 731/451/91 739/451/91 740/450/91
f 751/452/93 752/453/93 746/444/93 745/454/93
f 745/454/91 746/444/91 750/443/91 749/169/91
f 753/191/90 754/455/90 748/445/90 747/168/90
f 747/168/92 748/445/92 744/447/92 743/456/92
f 754/455/86 752/457/86 744/458/86 748/445/86
f 750/443/172 746/459/172 752/457/172 754/455/172
f 749/169/90 750/443/90 754/455/90 753/191/90
f 743/460/93 744/446/93 752/453/93 751/452/93
f 763/452/93 757/454/93 758/444/93 764/453/93
f 757/454/91 761/169/91 762/443/91 758/444/91
f 765/191/90 759/168/90 760/445/90 766/455/90
f 759/168/92 755/456/92 756/447/92 760/445/92
f 766/455/87 760/445/87 756/458/87 764/457/87
f 762/443/173 766/455/173 764/457/173 758/459/173
f 761/169/90 765/191/90 766/455/90 762/443/90
f 755/460/93 763/452/93 764/453/93 756/446/93
o bone2
v 0.796001 0.284042 -0.742174
v 0.758082 0.284042 -0.614030
v 0.758082 0.228443 -0.626720
v 0.758082 0.183855 -0.662278
v 0.758082 0.159111 -0.713659
v 0.758082 0.159111 -0.770689
v 0.758082 0.183855 -0.822071
v 0.758082 0.228443 -0.857628
v 0.758082 0.284042 -0.870319
v 0.758082 0.339642 -0.857628
v 0.758082 0.384230 -0.822071
v 0.758082 0.408974 -0.770689
v 0.758082 0.408974 -0.713659
v 0.758082 0.384230 -0.662278
v 0.758082 0.339642 -0.626720
v 0.774952 0.284042 -0.634881
v 0.774952 0.237490 -0.645507
v 0.774952 0.200157 -0.675278
v 0.774952 0.179439 -0.718299
v 0.774952 0.179439 -0.766049
v 0.774952 0.200157 -0.809070
v 0.774952 0.237490 -0.838842
v 0.774952 0.284042 -0.849467
v 0.774952 0.330595 -0.838842
v 0.774952 0.367927 -0.809070
v 0.774952 0.388645 -0.766049
v 0.774952 0.388645 -0.718299
v 0.774952 0.367927 -0.675278
v 0.774952 0.330595 -0.645507
vn 0.7695 -0.1421 0.6226
vn 0.7695 -0.3982 0.4993
vn 0.7695 -0.5754 0.2771
vn 0.7695 -0.6386 -0.0000
vn 0.7695 -0.5754 -0.2771
vn 0.7695 -0.3982 -0.4993
vn 0.7695 -0.1421 -0.6226
vn 0.7695 0.1421 -0.6226
vn 0.7695 0.3982 -0.4993
vn 0.7695 0.5754 -0.2771
vn 0.7695 0.6386 -0.0000
vn 0.7695 0.5754 0.2771
vn 0.7695 0.3982 0.4993
vn 0.7695 0.1421 0.6226
vn 0.9803 -0.0439 0.1923
vn 0.9803 -0.1230 0.1542
vn 0.9803 -0.1777 0.0856
vn 0.9803 -0.1973 -0.0000
vn 0.9803 -0.1777 -0.0856
vn 0.9803 -0.1230 -0.1542
vn 0.9803 -0.0439 -0.1923
vn 0.9803 0.0439 -0.1923
vn 0.9803 0.1230 -0.1542
vn 0.9803 0.1777 -0.0856
vn 0.9803 0.1973 -0.0000
vn 0.9803 0.1777 0.0856
vn 0.9803 0.1230 0.1542
vn 0.9803 0.0439 0.1923
vt 0.250000 0.358373
vt 0.297021 0.347641
vt 0.293685 0.340713
vt 0.250000 0.350683
vt 0.334729 0.317569
vt 0.328717 0.312775
vt 0.355656 0.274115
vt 0.348159 0.272404
vt 0.355656 0.225885
vt 0.348159 0.227596
vt 0.334729 0.182431
vt 0.328717 0.187225
vt 0.297021 0.152359
vt 0.293685 0.159287
vt 0.250000 0.141627
vt 0.250000 0.149317
vt 0.202979 0.152359
vt 0.206315 0.159287
vt 0.165271 0.182431
vt 0.171283 0.187225
vt 0.144344 0.225885
vt 0.151841 0.227596
vt 0.144344 0.274115
vt 0.151841 0.272404
vt 0.165271 0.317569
vt 0.171283 0.312775
vt 0.202979 0.347641
vt 0.206315 0.340713
vt 0.250000 0.292251
vt 0.268332 0.288067
vt 0.283033 0.276343
vt 0.291192 0.259402
vt 0.291192 0.240598
vt 0.283033 0.223657
vt 0.268332 0.211933
vt 0.250000 0.207749
vt 0.231668 0.211933
vt 0.216967 0.223657
vt 0.208808 0.240598
vt 0.208808 0.259402
vt 0.216967 0.276343
vt 0.231668 0.288067
s 1
usemtl 材质.002
f 768/461/174 769/462/174 783/463/174 782/464/174
f 769/462/175 770/465/175 784/466/175 783/463/175
f 770/465/176 771/467/176 785/468/176 784/466/176
f 771/467/177 772/469/177 786/470/177 785/468/177
f 772/469/178 773/471/178 787/472/178 786/470/178
f 773/471/179 774/473/179 788/474/179 787/472/179
f 774/473/180 775/475/180 789/476/180 788/474/180
f 775/475/181 776/477/181 790/478/181 789/476/181
f 776/477/182 777/479/182 791/480/182 790/478/182
f 777/479/183 778/481/183 792/482/183 791/480/183
f 778/481/184 779/483/184 793/484/184 792/482/184
f 779/483/185 780/485/185 794/486/185 793/484/185
f 780/485/186 781/487/186 795/488/186 794/486/186
f 781/487/187 768/461/187 782/464/187 795/488/187
f 782/464/188 783/463/188 767/489/188
f 783/463/189 784/466/189 767/490/189
f 784/466/190 785/468/190 767/491/190
f 785/468/191 786/470/191 767/492/191
f 786/470/192 787/472/192 767/493/192
f 787/472/193 788/474/193 767/494/193
f 788/474/194 789/476/194 767/495/194
f 789/476/195 790/478/195 767/496/195
f 790/478/196 791/480/196 767/497/196
f 791/480/197 792/482/197 767/498/197
f 792/482/198 793/484/198 767/499/198
f 793/484/199 794/486/199 767/500/199
f 794/486/200 795/488/200 767/501/200
f 795/488/201 782/464/201 767/502/201
o trye2
v 0.619031 0.284042 -0.742175
v 0.801553 0.284042 -0.458389
v 0.801553 0.160913 -0.486492
v 0.801553 0.062170 -0.565237
v 0.801553 0.007372 -0.679026
v 0.801553 0.007372 -0.805322
v 0.801553 0.062170 -0.919111
v 0.801553 0.160913 -0.997856
v 0.801553 0.284042 -1.025959
v 0.801553 0.407172 -0.997856
v 0.801553 0.505915 -0.919111
v 0.801553 0.560713 -0.805322
v 0.801553 0.560713 -0.679026
v 0.801553 0.505915 -0.565237
v 0.801553 0.407172 -0.486493
v 0.819926 0.284042 -0.512834
v 0.819926 0.184535 -0.535545
v 0.819926 0.104737 -0.599183
v 0.819926 0.060452 -0.691141
v 0.819926 0.060452 -0.793207
v 0.819926 0.104737 -0.885166
v 0.819926 0.184535 -0.948803
v 0.819926 0.284042 -0.971515
v 0.819925 0.383550 -0.948803
v 0.819925 0.463348 -0.885166
v 0.819925 0.507633 -0.793207
v 0.819925 0.507633 -0.691141
v 0.819925 0.463348 -0.599183
v 0.819925 0.383550 -0.535545
v 0.803599 0.284042 -0.559891
v 0.803599 0.204953 -0.577942
v 0.803599 0.141527 -0.628522
v 0.803599 0.106329 -0.701612
v 0.803599 0.106329 -0.782736
v 0.803599 0.141527 -0.855826
v 0.803599 0.204952 -0.906406
v 0.803599 0.284042 -0.924458
v 0.803599 0.363132 -0.906406
v 0.803599 0.426557 -0.855826
v 0.803599 0.461756 -0.782736
v 0.803599 0.461756 -0.701612
v 0.803599 0.426557 -0.628522
v 0.803599 0.363132 -0.577942
v 0.758082 0.284042 -0.614030
v 0.758082 0.228443 -0.626720
v 0.758082 0.183855 -0.662278
v 0.758082 0.159111 -0.713659
v 0.758082 0.159111 -0.770689
v 0.758082 0.183855 -0.822071
v 0.758082 0.228443 -0.857628
v 0.758082 0.284042 -0.870319
v 0.758082 0.339642 -0.857628
v 0.758082 0.384230 -0.822071
v 0.758082 0.408974 -0.770689
v 0.758082 0.408974 -0.713659
v 0.758082 0.384230 -0.662278
v 0.758082 0.339642 -0.626720
v 0.619031 0.284042 -0.458389
v 0.619031 0.160913 -0.486492
v 0.619031 0.062170 -0.565237
v 0.619031 0.007372 -0.679026
v 0.619031 0.007372 -0.805322
v 0.619031 0.062170 -0.919111
v 0.619031 0.160913 -0.997856
v 0.619031 0.284042 -1.025959
v 0.619031 0.407172 -0.997856
v 0.619031 0.505915 -0.919111
v 0.619031 0.560713 -0.805322
v 0.619031 0.560713 -0.679026
v 0.619031 0.505915 -0.565237
v 0.619031 0.407172 -0.486493
vn -0.0000 -0.2225 0.9749
vn -0.0000 -0.6235 0.7818
vn -0.0000 -0.9010 0.4339
vn -0.0000 -1.0000 -0.0000
vn -0.0000 -0.9010 -0.4339
vn -0.0000 -0.6235 -0.7818
vn -0.0000 -0.2225 -0.9749
vn -0.0000 0.2225 -0.9749
vn -0.0000 0.6235 -0.7818
vn -0.0000 0.9010 -0.4339
vn -0.0000 1.0000 -0.0000
vn -0.0000 0.9010 0.4339
vn -0.0000 0.6235 0.7818
vn -0.0000 0.2225 0.9749
vn 0.9450 -0.0728 0.3189
vn 0.9450 -0.2039 0.2557
vn 0.9450 -0.2947 0.1419
vn 0.9450 -0.3271 -0.0000
vn 0.9450 -0.2947 -0.1419
vn 0.9450 -0.2039 -0.2557
vn 0.9450 -0.0728 -0.3189
vn 0.9450 0.0728 -0.3189
vn 0.9450 0.2039 -0.2557
vn 0.9450 0.2947 -0.1419
vn 0.9450 0.3271 -0.0000
vn 0.9450 0.2947 0.1419
vn 0.9450 0.2039 0.2557
vn 0.9450 0.0728 0.3189
vn 0.9421 0.0746 -0.3269
vn 0.9421 0.2090 -0.2621
vn 0.9421 0.3021 -0.1455
vn 0.9421 0.3353 -0.0000
vn 0.9421 0.3021 0.1455
vn 0.9421 0.2090 0.2621
vn 0.9421 0.0746 0.3269
vn 0.9421 -0.0746 0.3269
vn 0.9421 -0.2090 0.2621
vn 0.9421 -0.3021 0.1455
vn 0.9421 -0.3353 -0.0000
vn 0.9421 -0.3021 -0.1455
vn 0.9421 -0.2090 -0.2621
vn 0.9421 -0.0746 -0.3269
vn 0.7573 0.1453 -0.6367
vn 0.7573 0.4072 -0.5106
vn 0.7573 0.5884 -0.2834
vn 0.7573 0.6531 -0.0000
vn 0.7573 0.5884 0.2834
vn 0.7573 0.4072 0.5106
vn 0.7573 0.1453 0.6367
vn 0.7573 -0.1453 0.6367
vn 0.7573 -0.4072 0.5106
vn 0.7573 -0.5884 0.2834
vn 0.7573 -0.6531 -0.0000
vn 0.7573 -0.5884 -0.2834
vn 0.7573 -0.4072 -0.5106
vn 0.7573 -0.1453 -0.6367
vn -1.0000 -0.0000 -0.0000
vt 1.000000 0.500000
vt 0.928571 0.500000
vt 0.928571 1.000000
vt 1.000000 1.000000
vt 0.857143 0.500000
vt 0.857143 1.000000
vt 0.785714 0.500000
vt 0.785714 1.000000
vt 0.714286 0.500000
vt 0.714286 1.000000
vt 0.642857 0.500000
vt 0.642857 1.000000
vt 0.571429 0.500000
vt 0.571429 1.000000
vt 0.500000 0.500000
vt 0.500000 1.000000
vt 0.428572 0.500000
vt 0.428572 1.000000
vt 0.357143 0.500000
vt 0.357143 1.000000
vt 0.285714 0.500000
vt 0.285714 1.000000
vt 0.214286 0.500000
vt 0.214286 1.000000
vt 0.142857 0.500000
vt 0.142857 1.000000
vt 0.071429 0.500000
vt 0.071429 1.000000
vt 0.000000 0.500000
vt 0.000000 1.000000
vt 0.250000 0.490000
vt 0.354132 0.466233
vt 0.334154 0.424748
vt 0.250000 0.443956
vt 0.437640 0.399638
vt 0.401641 0.370929
vt 0.483983 0.303405
vt 0.439093 0.293159
vt 0.483983 0.196595
vt 0.439093 0.206841
vt 0.437640 0.100362
vt 0.401641 0.129071
vt 0.354132 0.033767
vt 0.334154 0.075252
vt 0.250000 0.010000
vt 0.250000 0.056044
vt 0.145868 0.033767
vt 0.165846 0.075252
vt 0.062360 0.100362
vt 0.098359 0.129071
vt 0.016017 0.196595
vt 0.060907 0.206841
vt 0.016017 0.303405
vt 0.060907 0.293159
vt 0.062360 0.399638
vt 0.098359 0.370929
vt 0.145868 0.466233
vt 0.165846 0.424748
vt 0.316887 0.388892
vt 0.250000 0.404159
vt 0.370526 0.346117
vt 0.400294 0.284304
vt 0.400294 0.215696
vt 0.370526 0.153883
vt 0.316887 0.111108
vt 0.250000 0.095841
vt 0.183113 0.111108
vt 0.129474 0.153883
vt 0.099706 0.215696
vt 0.099706 0.284304
vt 0.129474 0.346117
vt 0.183113 0.388892
vt 0.297021 0.347641
vt 0.250000 0.358373
vt 0.334729 0.317569
vt 0.355656 0.274115
vt 0.355656 0.225885
vt 0.334729 0.182431
vt 0.297021 0.152359
vt 0.250000 0.141627
vt 0.202979 0.152359
vt 0.165271 0.182431
vt 0.144344 0.225885
vt 0.144344 0.274115
vt 0.165271 0.317569
vt 0.202979 0.347641
vt 0.750000 0.402940
vt 0.750000 0.490000
vt 0.645868 0.466233
vt 0.869573 0.345356
vt 0.937640 0.399638
vt 0.854132 0.466233
vt 0.899105 0.284032
vt 0.983983 0.303405
vt 0.899105 0.215968
vt 0.983983 0.196595
vt 0.869573 0.154644
vt 0.937640 0.100362
vt 0.816358 0.112206
vt 0.854132 0.033767
vt 0.750000 0.097060
vt 0.750000 0.010000
vt 0.683642 0.112206
vt 0.645868 0.033767
vt 0.630427 0.154644
vt 0.562360 0.100362
vt 0.600895 0.215968
vt 0.516017 0.196595
vt 0.600895 0.284032
vt 0.516017 0.303405
vt 0.630427 0.345356
vt 0.562360 0.399638
vt 0.683642 0.387794
vt 0.816358 0.387794
s 1
usemtl 材质.005
f 853/503/202 854/504/202 798/505/202 797/506/202
f 854/504/203 855/507/203 799/508/203 798/505/203
f 855/507/204 856/509/204 800/510/204 799/508/204
f 856/509/205 857/511/205 801/512/205 800/510/205
f 857/511/206 858/513/206 802/514/206 801/512/206
f 858/513/207 859/515/207 803/516/207 802/514/207
f 859/515/208 860/517/208 804/518/208 803/516/208
f 860/517/209 861/519/209 805/520/209 804/518/209
f 861/519/210 862/521/210 806/522/210 805/520/210
f 862/521/211 863/523/211 807/524/211 806/522/211
f 863/523/212 864/525/212 808/526/212 807/524/212
f 864/525/213 865/527/213 809/528/213 808/526/213
f 865/527/214 866/529/214 810/530/214 809/528/214
f 866/529/215 853/531/215 797/532/215 810/530/215
f 797/533/216 798/534/216 812/535/216 811/536/216
f 798/534/217 799/537/217 813/538/217 812/535/217
f 799/537/218 800/539/218 814/540/218 813/538/218
f 800/539/219 801/541/219 815/542/219 814/540/219
f 801/541/220 802/543/220 816/544/220 815/542/220
f 802/543/221 803/545/221 817/546/221 816/544/221
f 803/545/222 804/547/222 818/548/222 817/546/222
f 804/547/223 805/549/223 819/550/223 818/548/223
f 805/549/224 806/551/224 820/552/224 819/550/224
f 806/551/225 807/553/225 821/554/225 820/552/225
f 807/553/226 808/555/226 822/556/226 821/554/226
f 808/555/227 809/557/227 823/558/227 822/556/227
f 809/557/228 810/559/228 824/560/228 823/558/228
f 810/559/229 797/533/229 811/536/229 824/560/229
f 811/536/230 812/535/230 826/561/230 825/562/230
f 812/535/231 813/538/231 827/563/231 826/561/231
f 813/538/232 814/540/232 828/564/232 827/563/232
f 814/540/233 815/542/233 829/565/233 828/564/233
f 815/542/234 816/544/234 830/566/234 829/565/234
f 816/544/235 817/546/235 831/567/235 830/566/235
f 817/546/236 818/548/236 832/568/236 831/567/236
f 818/548/237 819/550/237 833/569/237 832/568/237
f 819/550/238 820/552/238 834/570/238 833/569/238
f 820/552/239 821/554/239 835/571/239 834/570/239
f 821/554/240 822/556/240 836/572/240 835/571/240
f 822/556/241 823/558/241 837/573/241 836/572/241
f 823/558/242 824/560/242 838/574/242 837/573/242
f 824/560/243 811/536/243 825/562/243 838/574/243
f 825/562/244 826/561/244 840/575/244 839/576/244
f 826/561/245 827/563/245 841/577/245 840/575/245
f 827/563/246 828/564/246 842/578/246 841/577/246
f 828/564/247 829/565/247 843/579/247 842/578/247
f 829/565/248 830/566/248 844/580/248 843/579/248
f 830/566/249 831/567/249 845/581/249 844/580/249
f 831/567/250 832/568/250 846/582/250 845/581/250
f 832/568/251 833/569/251 847/583/251 846/582/251
f 833/569/252 834/570/252 848/584/252 847/583/252
f 834/570/253 835/571/253 849/585/253 848/584/253
f 835/571/254 836/572/254 850/586/254 849/585/254
f 836/572/255 837/573/255 851/587/255 850/586/255
f 837/573/256 838/574/256 852/588/256 851/587/256
f 838/574/257 825/562/257 839/576/257 852/588/257
f 796/589/258 853/590/258 866/591/258
f 796/592/258 855/593/258 854/594/258
f 796/595/258 856/596/258 855/593/258
f 796/597/258 857/598/258 856/596/258
f 796/599/258 858/600/258 857/598/258
f 796/601/258 859/602/258 858/600/258
f 796/603/258 860/604/258 859/602/258
f 796/605/258 861/606/258 860/604/258
f 796/607/258 862/608/258 861/606/258
f 796/609/258 863/610/258 862/608/258
f 796/611/258 864/612/258 863/610/258
f 796/613/258 865/614/258 864/612/258
f 796/615/258 866/591/258 865/614/258
f 796/616/258 854/594/258 853/590/258
o bone3
v -0.796001 0.284042 -0.742174
v -0.758082 0.255528 -0.617243
v -0.758082 0.204146 -0.641987
v -0.758082 0.168588 -0.686574
v -0.758082 0.155898 -0.742174
v -0.758082 0.168588 -0.797774
v -0.758082 0.204146 -0.842362
v -0.758082 0.255528 -0.867106
v -0.758082 0.312557 -0.867106
v -0.758082 0.363939 -0.842362
v -0.758082 0.399496 -0.797774
v -0.758082 0.412187 -0.742174
v -0.758082 0.399496 -0.686574
v -0.758082 0.363939 -0.641987
v -0.758082 0.312557 -0.617243
v -0.774952 0.260167 -0.637571
v -0.774952 0.217146 -0.658289
v -0.774952 0.187375 -0.695622
v -0.774952 0.176749 -0.742174
v -0.774952 0.187375 -0.788727
v -0.774952 0.217146 -0.826059
v -0.774952 0.260167 -0.846777
v -0.774952 0.307917 -0.846777
v -0.774952 0.350938 -0.826059
v -0.774952 0.380710 -0.788727
v -0.774952 0.391335 -0.742174
v -0.774952 0.380710 -0.695622
v -0.774952 0.350939 -0.658289
v -0.774952 0.307917 -0.637571
vn -0.7695 -0.0000 0.6386
vn -0.7695 -0.2771 0.5754
vn -0.7695 -0.4993 0.3982
vn -0.7695 -0.6226 0.1421
vn -0.7695 -0.6226 -0.1421
vn -0.7695 -0.4993 -0.3982
vn -0.7695 -0.2771 -0.5754
vn -0.7695 -0.0000 -0.6386
vn -0.7695 0.2771 -0.5754
vn -0.7695 0.4993 -0.3982
vn -0.7695 0.6226 -0.1421
vn -0.7695 0.6226 0.1421
vn -0.7695 0.4993 0.3982
vn -0.7695 0.2771 0.5754
vn -0.9803 0.1542 0.1230
vn -0.9803 -0.0856 0.1777
vn -0.9803 -0.1542 0.1230
vn -0.9803 -0.1923 0.0439
vn -0.9803 -0.1923 -0.0439
vn -0.9803 -0.1542 -0.1230
vn -0.9803 -0.0856 -0.1777
vn -0.9803 -0.0000 -0.1973
vn -0.9803 0.0856 -0.1777
vn -0.9803 0.1542 -0.1230
vn -0.9803 0.1923 -0.0439
vn -0.9803 0.1923 0.0439
vn -0.9803 0.0856 0.1777
vn -0.9803 -0.0000 0.1973
vt 0.227596 0.348159
vt 0.272404 0.348159
vt 0.274115 0.355656
vt 0.225885 0.355656
vt 0.312775 0.328717
vt 0.317569 0.334729
vt 0.340713 0.293685
vt 0.347641 0.297021
vt 0.350683 0.250000
vt 0.358373 0.250000
vt 0.340713 0.206315
vt 0.347641 0.202979
vt 0.312775 0.171282
vt 0.317569 0.165271
vt 0.272404 0.151841
vt 0.274115 0.144344
vt 0.227596 0.151841
vt 0.225885 0.144344
vt 0.187225 0.171283
vt 0.182431 0.165271
vt 0.159287 0.206315
vt 0.152359 0.202979
vt 0.149317 0.250000
vt 0.141627 0.250000
vt 0.159287 0.293685
vt 0.152359 0.297021
vt 0.187225 0.328718
vt 0.182431 0.334729
vt 0.216967 0.276343
vt 0.268332 0.288067
vt 0.283033 0.276343
vt 0.291192 0.259402
vt 0.291192 0.240598
vt 0.283033 0.223657
vt 0.268332 0.211933
vt 0.250000 0.207749
vt 0.231668 0.211933
vt 0.216967 0.223657
vt 0.208808 0.240598
vt 0.208808 0.259402
vt 0.231668 0.288067
vt 0.250000 0.292251
s 1
usemtl 材质.002
f 895/617/259 882/618/259 868/619/259 881/620/259
f 882/618/260 883/621/260 869/622/260 868/619/260
f 883/621/261 884/623/261 870/624/261 869/622/261
f 884/623/262 885/625/262 871/626/262 870/624/262
f 885/625/263 886/627/263 872/628/263 871/626/263
f 886/627/264 887/629/264 873/630/264 872/628/264
f 887/629/265 888/631/265 874/632/265 873/630/265
f 888/631/266 889/633/266 875/634/266 874/632/266
f 889/633/267 890/635/267 876/636/267 875/634/267
f 890/635/268 891/637/268 877/638/268 876/636/268
f 891/637/269 892/639/269 878/640/269 877/638/269
f 892/639/270 893/641/270 879/642/270 878/640/270
f 893/641/271 894/643/271 880/644/271 879/642/271
f 894/643/272 895/617/272 881/620/272 880/644/272
f 867/645/273 894/643/273 893/641/273
f 867/646/274 883/621/274 882/618/274
f 867/647/275 884/623/275 883/621/275
f 867/648/276 885/625/276 884/623/276
f 867/649/277 886/627/277 885/625/277
f 867/650/278 887/629/278 886/627/278
f 867/651/279 888/631/279 887/629/279
f 867/652/280 889/633/280 888/631/280
f 867/653/281 890/635/281 889/633/281
f 867/654/282 891/637/282 890/635/282
f 867/655/283 892/639/283 891/637/283
f 867/656/284 893/641/284 892/639/284
f 867/657/285 895/617/285 894/643/285
f 882/618/286 895/617/286 867/658/286
o trye3
v -0.619031 0.284042 -0.742175
v -0.801553 0.220894 -0.465504
v -0.801553 0.107105 -0.520302
v -0.801553 0.028361 -0.619044
v -0.801553 0.000257 -0.742174
v -0.801553 0.028361 -0.865304
v -0.801553 0.107105 -0.964046
v -0.801553 0.220894 -1.018844
v -0.801553 0.347190 -1.018844
v -0.801553 0.460980 -0.964046
v -0.801553 0.539724 -0.865304
v -0.801553 0.567828 -0.742174
v -0.801553 0.539724 -0.619044
v -0.801553 0.460980 -0.520302
v -0.801553 0.347191 -0.465504
v -0.819926 0.233009 -0.518584
v -0.819926 0.141051 -0.562869
v -0.819926 0.077414 -0.642667
v -0.819926 0.054702 -0.742174
v -0.819926 0.077414 -0.841681
v -0.819926 0.141051 -0.921480
v -0.819926 0.233009 -0.965765
v -0.819925 0.335075 -0.965765
v -0.819925 0.427034 -0.921480
v -0.819925 0.490671 -0.841681
v -0.819925 0.513383 -0.742174
v -0.819925 0.490671 -0.642667
v -0.819925 0.427034 -0.562869
v -0.819925 0.335075 -0.518584
v -0.803599 0.243481 -0.564461
v -0.803599 0.170390 -0.599659
v -0.803599 0.119811 -0.663084
v -0.803599 0.101759 -0.742174
v -0.803599 0.119811 -0.821264
v -0.803599 0.170390 -0.884689
v -0.803599 0.243480 -0.919888
v -0.803599 0.324604 -0.919888
v -0.803599 0.397694 -0.884689
v -0.803599 0.448274 -0.821264
v -0.803599 0.466326 -0.742174
v -0.803599 0.448274 -0.663084
v -0.803599 0.397694 -0.599659
v -0.803599 0.324604 -0.564461
v -0.758082 0.255528 -0.617243
v -0.758082 0.204146 -0.641987
v -0.758082 0.168588 -0.686574
v -0.758082 0.155898 -0.742174
v -0.758082 0.168588 -0.797774
v -0.758082 0.204146 -0.842362
v -0.758082 0.255528 -0.867106
v -0.758082 0.312557 -0.867106
v -0.758082 0.363939 -0.842362
v -0.758082 0.399496 -0.797774
v -0.758082 0.412187 -0.742174
v -0.758082 0.399496 -0.686574
v -0.758082 0.363939 -0.641987
v -0.758082 0.312557 -0.617243
v -0.619031 0.220894 -0.465504
v -0.619031 0.107105 -0.520302
v -0.619031 0.028361 -0.619044
v -0.619031 0.000257 -0.742174
v -0.619031 0.028361 -0.865304
v -0.619031 0.107105 -0.964046
v -0.619031 0.220894 -1.018844
v -0.619031 0.347190 -1.018844
v -0.619031 0.460980 -0.964046
v -0.619031 0.539724 -0.865304
v -0.619031 0.567828 -0.742174
v -0.619031 0.539724 -0.619044
v -0.619031 0.460980 -0.520302
v -0.619031 0.347191 -0.465504
vn -0.0000 -0.4339 0.9010
vn -0.0000 -0.7818 0.6235
vn -0.0000 -0.9749 0.2225
vn -0.0000 -0.9749 -0.2225
vn -0.0000 -0.7818 -0.6235
vn -0.0000 -0.4339 -0.9010
vn -0.0000 -0.0000 -1.0000
vn -0.0000 0.4339 -0.9010
vn -0.0000 0.7818 -0.6235
vn -0.0000 0.9749 -0.2225
vn -0.0000 0.9749 0.2225
vn -0.0000 0.7818 0.6235
vn -0.0000 0.4339 0.9010
vn -0.9450 -0.0000 0.3271
vn -0.9450 -0.1419 0.2947
vn -0.9450 -0.2557 0.2039
vn -0.9450 -0.3189 0.0728
vn -0.9450 -0.3189 -0.0728
vn -0.9450 -0.2557 -0.2039
vn -0.9450 -0.1419 -0.2947
vn -0.9450 -0.0000 -0.3271
vn -0.9450 0.1419 -0.2947
vn -0.9450 0.2557 -0.2039
vn -0.9450 0.3189 -0.0728
vn -0.9450 0.3189 0.0728
vn -0.9450 0.2557 0.2039
vn -0.9450 0.1419 0.2947
vn -0.9421 -0.0000 -0.3353
vn -0.9421 0.1455 -0.3021
vn -0.9421 0.2621 -0.2090
vn -0.9421 0.3269 -0.0746
vn -0.9421 0.3269 0.0746
vn -0.9421 0.2621 0.2090
vn -0.9421 0.1455 0.3021
vn -0.9421 -0.0000 0.3353
vn -0.9421 -0.1455 0.3021
vn -0.9421 -0.2621 0.2090
vn -0.9421 -0.3269 0.0746
vn -0.9421 -0.3269 -0.0746
vn -0.9421 -0.2621 -0.2090
vn -0.9421 -0.1455 -0.3021
vn -0.7573 -0.0000 -0.6531
vn -0.7573 0.2834 -0.5884
vn -0.7573 0.5106 -0.4072
vn -0.7573 0.6367 -0.1453
vn -0.7573 0.6367 0.1453
vn -0.7573 0.5106 0.4072
vn -0.7573 0.2834 0.5884
vn -0.7573 -0.0000 0.6531
vn -0.7573 -0.2834 0.5884
vn -0.7573 -0.5106 0.4072
vn -0.7573 -0.6367 0.1453
vn -0.7573 -0.6367 -0.1453
vn -0.7573 -0.5106 -0.4072
vn -0.7573 -0.2834 -0.5884
vn 1.0000 -0.0000 -0.0000
vn -0.0000 -0.0000 1.0000
vt 0.964286 1.000000
vt 0.892857 1.000000
vt 0.892857 0.500000
vt 0.964286 0.500000
vt 0.821429 1.000000
vt 0.821429 0.500000
vt 0.750000 1.000000
vt 0.750000 0.500000
vt 0.678572 1.000000
vt 0.678572 0.500000
vt 0.607143 1.000000
vt 0.607143 0.500000
vt 0.535715 1.000000
vt 0.535715 0.500000
vt 0.464286 1.000000
vt 0.464286 0.500000
vt 0.392857 1.000000
vt 0.392857 0.500000
vt 0.321429 1.000000
vt 0.321429 0.500000
vt 0.250000 1.000000
vt 0.250000 0.500000
vt 0.178572 1.000000
vt 0.178572 0.500000
vt 0.107143 1.000000
vt 0.107143 0.500000
vt 0.035714 1.000000
vt 0.035714 0.500000
vt 0.206841 0.439093
vt 0.293159 0.439093
vt 0.303405 0.483983
vt 0.196595 0.483983
vt 0.370929 0.401641
vt 0.399638 0.437640
vt 0.424748 0.334154
vt 0.466233 0.354132
vt 0.443956 0.250000
vt 0.490000 0.250000
vt 0.424748 0.165846
vt 0.466233 0.145868
vt 0.370929 0.098359
vt 0.399638 0.062360
vt 0.293159 0.060907
vt 0.303405 0.016017
vt 0.206841 0.060907
vt 0.196595 0.016017
vt 0.129071 0.098359
vt 0.100362 0.062360
vt 0.075252 0.165846
vt 0.033767 0.145868
vt 0.056044 0.250000
vt 0.010000 0.250000
vt 0.075252 0.334154
vt 0.033767 0.354132
vt 0.129071 0.401641
vt 0.100362 0.437640
vt 0.215696 0.400294
vt 0.284304 0.400294
vt 0.346117 0.370526
vt 0.388892 0.316887
vt 0.404159 0.250000
vt 0.388893 0.183113
vt 0.346117 0.129474
vt 0.284304 0.099706
vt 0.215696 0.099706
vt 0.153883 0.129474
vt 0.111108 0.183113
vt 0.095841 0.250000
vt 0.111107 0.316887
vt 0.153883 0.370526
vt 0.225885 0.355656
vt 0.274115 0.355656
vt 0.317569 0.334729
vt 0.347641 0.297021
vt 0.358373 0.250000
vt 0.347641 0.202979
vt 0.317569 0.165271
vt 0.274115 0.144344
vt 0.225885 0.144344
vt 0.182431 0.165271
vt 0.152359 0.202979
vt 0.141627 0.250000
vt 0.152359 0.297021
vt 0.182431 0.334729
vt 0.750000 0.402940
vt 0.696595 0.483983
vt 0.803405 0.483983
vt 0.899638 0.437640
vt 0.816358 0.387794
vt 0.966233 0.354132
vt 0.869573 0.345356
vt 0.990000 0.250000
vt 0.899105 0.284032
vt 0.966233 0.145868
vt 0.899105 0.215968
vt 0.899638 0.062360
vt 0.869573 0.154644
vt 0.803405 0.016017
vt 0.816358 0.112206
vt 0.696595 0.016017
vt 0.750000 0.097060
vt 0.600362 0.062360
vt 0.683642 0.112206
vt 0.533767 0.145868
vt 0.630427 0.154644
vt 0.510000 0.250000
vt 0.600895 0.215968
vt 0.533767 0.354132
vt 0.600895 0.284032
vt 0.600362 0.437640
vt 0.630427 0.345356
vt 0.683642 0.387794
s 1
usemtl 材质.005
f 897/659/287 898/660/287 954/661/287 953/662/287
f 898/660/288 899/663/288 955/664/288 954/661/288
f 899/663/289 900/665/289 956/666/289 955/664/289
f 900/665/290 901/667/290 957/668/290 956/666/290
f 901/667/291 902/669/291 958/670/291 957/668/291
f 902/669/292 903/671/292 959/672/292 958/670/292
f 903/671/293 904/673/293 960/674/293 959/672/293
f 904/673/294 905/675/294 961/676/294 960/674/294
f 905/675/295 906/677/295 962/678/295 961/676/295
f 906/677/296 907/679/296 963/680/296 962/678/296
f 907/679/297 908/681/297 964/682/297 963/680/297
f 908/681/298 909/683/298 965/684/298 964/682/298
f 909/683/299 910/685/299 966/686/299 965/684/299
f 924/687/300 911/688/300 897/689/300 910/690/300
f 911/688/301 912/691/301 898/692/301 897/689/301
f 912/691/302 913/693/302 899/694/302 898/692/302
f 913/693/303 914/695/303 900/696/303 899/694/303
f 914/695/304 915/697/304 901/698/304 900/696/304
f 915/697/305 916/699/305 902/700/305 901/698/305
f 916/699/306 917/701/306 903/702/306 902/700/306
f 917/701/307 918/703/307 904/704/307 903/702/307
f 918/703/308 919/705/308 905/706/308 904/704/308
f 919/705/309 920/707/309 906/708/309 905/706/309
f 920/707/310 921/709/310 907/710/310 906/708/310
f 921/709/311 922/711/311 908/712/311 907/710/311
f 922/711/312 923/713/312 909/714/312 908/712/312
f 923/713/313 924/687/313 910/690/313 909/714/313
f 938/715/314 925/716/314 911/688/314 924/687/314
f 925/716/315 926/717/315 912/691/315 911/688/315
f 926/717/316 927/718/316 913/693/316 912/691/316
f 927/718/317 928/719/317 914/695/317 913/693/317
f 928/719/318 929/720/318 915/697/318 914/695/318
f 929/720/319 930/721/319 916/699/319 915/697/319
f 930/721/320 931/722/320 917/701/320 916/699/320
f 931/722/321 932/723/321 918/703/321 917/701/321
f 932/723/322 933/724/322 919/705/322 918/703/322
f 933/724/323 934/725/323 920/707/323 919/705/323
f 934/725/324 935/726/324 921/709/324 920/707/324
f 935/726/325 936/727/325 922/711/325 921/709/325
f 936/727/326 937/728/326 923/713/326 922/711/326
f 937/728/327 938/715/327 924/687/327 923/713/327
f 952/729/328 939/730/328 925/716/328 938/715/328
f 939/730/329 940/731/329 926/717/329 925/716/329
f 940/731/330 941/732/330 927/718/330 926/717/330
f 941/732/331 942/733/331 928/719/331 927/718/331
f 942/733/332 943/734/332 929/720/332 928/719/332
f 943/734/333 944/735/333 930/721/333 929/720/333
f 944/735/334 945/736/334 931/722/334 930/721/334
f 945/736/335 946/737/335 932/723/335 931/722/335
f 946/737/336 947/738/336 933/724/336 932/723/336
f 947/738/337 948/739/337 934/725/337 933/724/337
f 948/739/338 949/740/338 935/726/338 934/725/338
f 949/740/339 950/741/339 936/727/339 935/726/339
f 950/741/340 951/742/340 937/728/340 936/727/340
f 951/742/341 952/729/341 938/715/341 937/728/341
f 896/743/342 966/744/342 953/745/342
f 953/745/342 954/746/342 896/747/342
f 954/746/342 955/748/342 896/749/342
f 955/748/342 956/750/342 896/751/342
f 956/750/342 957/752/342 896/753/342
f 957/752/342 958/754/342 896/755/342
f 958/754/342 959/756/342 896/757/342
f 959/756/342 960/758/342 896/759/342
f 960/758/342 961/760/342 896/761/342
f 961/760/342 962/762/342 896/763/342
f 962/762/342 963/764/342 896/765/342
f 963/764/342 964/766/342 896/767/342
f 964/766/342 965/768/342 896/769/342
f 965/768/342 966/744/342 896/770/342
f 966/686/343 910/685/343 897/659/343 953/662/343
o bone4
v -0.796001 0.284043 1.295751
v -0.758082 0.284043 1.167607
v -0.758082 0.228443 1.180297
v -0.758082 0.183855 1.215855
v -0.758082 0.159111 1.267236
v -0.758082 0.159111 1.324266
v -0.758082 0.183855 1.375648
v -0.758082 0.228443 1.411205
v -0.758082 0.284043 1.423896
v -0.758082 0.339642 1.411205
v -0.758082 0.384230 1.375648
v -0.758082 0.408974 1.324266
v -0.758082 0.408974 1.267236
v -0.758082 0.384230 1.215855
v -0.758082 0.339642 1.180297
v -0.774952 0.284043 1.188458
v -0.774952 0.237490 1.199084
v -0.774952 0.200158 1.228855
v -0.774952 0.179440 1.271876
v -0.774952 0.179440 1.319626
v -0.774952 0.200158 1.362647
v -0.774952 0.237490 1.392419
v -0.774952 0.284043 1.403044
v -0.774952 0.330595 1.392419
v -0.774952 0.367928 1.362647
v -0.774952 0.388646 1.319626
v -0.774952 0.388646 1.271876
v -0.774952 0.367928 1.228855
v -0.774952 0.330595 1.199084
vn -0.7695 -0.1421 -0.6226
vn -0.7695 -0.3982 -0.4993
vn -0.7695 -0.5754 -0.2771
vn -0.7695 -0.6386 -0.0000
vn -0.7695 -0.5754 0.2771
vn -0.7695 -0.3982 0.4993
vn -0.7695 -0.1421 0.6226
vn -0.7695 0.1421 0.6226
vn -0.7695 0.3982 0.4993
vn -0.7695 0.5754 0.2771
vn -0.7695 0.6386 -0.0000
vn -0.7695 0.5754 -0.2771
vn -0.7695 0.3982 -0.4993
vn -0.7695 0.1421 -0.6226
vn -0.9803 0.1973 -0.0000
vn -0.9803 -0.1230 -0.1542
vn -0.9803 -0.1777 -0.0856
vn -0.9803 -0.1973 -0.0000
vn -0.9803 -0.1777 0.0856
vn -0.9803 -0.1230 0.1542
vn -0.9803 -0.0439 0.1923
vn -0.9803 0.0439 0.1923
vn -0.9803 0.1230 0.1542
vn -0.9803 0.1777 0.0856
vn -0.9803 0.1777 -0.0856
vn -0.9803 -0.0439 -0.1923
vn -0.9803 0.1230 -0.1542
vn -0.9803 0.0439 -0.1923
vt 0.250000 0.358373
vt 0.297021 0.347641
vt 0.293685 0.340713
vt 0.250000 0.350683
vt 0.334729 0.317569
vt 0.328717 0.312775
vt 0.355656 0.274115
vt 0.348159 0.272404
vt 0.355656 0.225885
vt 0.348159 0.227596
vt 0.334729 0.182431
vt 0.328717 0.187225
vt 0.297021 0.152359
vt 0.293685 0.159287
vt 0.250000 0.141627
vt 0.250000 0.149317
vt 0.202979 0.152359
vt 0.206315 0.159287
vt 0.165271 0.182431
vt 0.171283 0.187225
vt 0.144344 0.225885
vt 0.151841 0.227596
vt 0.144344 0.274115
vt 0.151841 0.272404
vt 0.165271 0.317569
vt 0.171283 0.312775
vt 0.202979 0.347641
vt 0.206315 0.340713
vt 0.196756 0.250000
vt 0.283197 0.291628
vt 0.297971 0.273102
vt 0.303244 0.250000
vt 0.297971 0.226898
vt 0.283197 0.208372
vt 0.261848 0.198091
vt 0.238152 0.198091
vt 0.216803 0.208372
vt 0.202029 0.226898
vt 0.202029 0.273102
vt 0.261848 0.301909
vt 0.216803 0.291628
vt 0.238152 0.301909
s 1
usemtl 材质.002
f 968/771/344 969/772/344 983/773/344 982/774/344
f 969/772/345 970/775/345 984/776/345 983/773/345
f 970/775/346 971/777/346 985/778/346 984/776/346
f 971/777/347 972/779/347 986/780/347 985/778/347
f 972/779/348 973/781/348 987/782/348 986/780/348
f 973/781/349 974/783/349 988/784/349 987/782/349
f 974/783/350 975/785/350 989/786/350 988/784/350
f 975/785/351 976/787/351 990/788/351 989/786/351
f 976/787/352 977/789/352 991/790/352 990/788/352
f 977/789/353 978/791/353 992/792/353 991/790/353
f 978/791/354 979/793/354 993/794/354 992/792/354
f 979/793/355 980/795/355 994/796/355 993/794/355
f 980/795/356 981/797/356 995/798/356 994/796/356
f 981/797/357 968/771/357 982/774/357 995/798/357
f 992/792/358 993/794/358 967/799/358
f 983/773/359 984/776/359 967/800/359
f 984/776/360 985/778/360 967/801/360
f 985/778/361 986/780/361 967/802/361
f 986/780/362 987/782/362 967/803/362
f 987/782/363 988/784/363 967/804/363
f 988/784/364 989/786/364 967/805/364
f 989/786/365 990/788/365 967/806/365
f 990/788/366 991/790/366 967/807/366
f 991/790/367 992/792/367 967/808/367
f 993/794/368 994/796/368 967/809/368
f 982/774/369 983/773/369 967/810/369
f 994/796/370 995/798/370 967/811/370
f 995/798/371 982/774/371 967/812/371
o trye4
v -0.619031 0.284043 1.295751
v -0.801553 0.284043 1.011966
v -0.801553 0.160913 1.040070
v -0.801553 0.062170 1.118814
v -0.801553 0.007373 1.232603
v -0.801553 0.007373 1.358899
v -0.801553 0.062171 1.472688
v -0.801553 0.160913 1.551433
v -0.801553 0.284043 1.579536
v -0.801553 0.407173 1.551433
v -0.801553 0.505915 1.472688
v -0.801553 0.560713 1.358899
v -0.801553 0.560713 1.232603
v -0.801553 0.505915 1.118814
v -0.801553 0.407173 1.040069
v -0.819926 0.284043 1.066411
v -0.819926 0.184536 1.089123
v -0.819926 0.104737 1.152760
v -0.819926 0.060452 1.244718
v -0.819926 0.060452 1.346784
v -0.819926 0.104737 1.438743
v -0.819926 0.184536 1.502380
v -0.819926 0.284043 1.525092
v -0.819925 0.383550 1.502380
v -0.819925 0.463348 1.438743
v -0.819925 0.507633 1.346784
v -0.819925 0.507633 1.244718
v -0.819925 0.463348 1.152760
v -0.819925 0.383550 1.089122
v -0.803599 0.284043 1.113468
v -0.803599 0.204953 1.131520
v -0.803599 0.141528 1.182099
v -0.803599 0.106329 1.255189
v -0.803599 0.106329 1.336313
v -0.803599 0.141528 1.409403
v -0.803599 0.204953 1.459983
v -0.803599 0.284043 1.478035
v -0.803599 0.363133 1.459983
v -0.803599 0.426558 1.409403
v -0.803599 0.461756 1.336313
v -0.803599 0.461756 1.255189
v -0.803599 0.426558 1.182099
v -0.803599 0.363133 1.131520
v -0.758082 0.284043 1.167607
v -0.758082 0.228443 1.180297
v -0.758082 0.183855 1.215855
v -0.758082 0.159111 1.267236
v -0.758082 0.159111 1.324266
v -0.758082 0.183855 1.375648
v -0.758082 0.228443 1.411205
v -0.758082 0.284043 1.423896
v -0.758082 0.339642 1.411205
v -0.758082 0.384230 1.375648
v -0.758082 0.408974 1.324266
v -0.758082 0.408974 1.267236
v -0.758082 0.384230 1.215855
v -0.758082 0.339642 1.180297
v -0.619031 0.284043 1.011966
v -0.619031 0.160913 1.040070
v -0.619031 0.062170 1.118814
v -0.619031 0.007373 1.232603
v -0.619031 0.007373 1.358899
v -0.619031 0.062171 1.472688
v -0.619031 0.160913 1.551433
v -0.619031 0.284043 1.579536
v -0.619031 0.407173 1.551433
v -0.619031 0.505915 1.472688
v -0.619031 0.560713 1.358899
v -0.619031 0.560713 1.232603
v -0.619031 0.505915 1.118814
v -0.619031 0.407173 1.040069
vn -0.0000 -0.2225 -0.9749
vn -0.0000 -0.6235 -0.7818
vn -0.0000 -0.9010 -0.4339
vn -0.0000 -1.0000 -0.0000
vn -0.0000 -0.9010 0.4339
vn -0.0000 -0.6235 0.7818
vn -0.0000 -0.2225 0.9749
vn -0.0000 0.2225 0.9749
vn -0.0000 0.6235 0.7818
vn -0.0000 0.9010 0.4339
vn -0.0000 1.0000 -0.0000
vn -0.0000 0.9010 -0.4339
vn -0.0000 0.6235 -0.7818
vn -0.0000 0.2225 -0.9749
vn -0.9450 -0.0728 -0.3189
vn -0.9450 -0.2039 -0.2557
vn -0.9450 -0.2947 -0.1419
vn -0.9450 -0.3271 -0.0000
vn -0.9450 -0.2947 0.1419
vn -0.9450 -0.2039 0.2557
vn -0.9450 -0.0728 0.3189
vn -0.9450 0.0728 0.3189
vn -0.9450 0.2039 0.2557
vn -0.9450 0.2947 0.1419
vn -0.9450 0.3271 -0.0000
vn -0.9450 0.2947 -0.1419
vn -0.9450 0.2039 -0.2557
vn -0.9450 0.0728 -0.3189
vn -0.9421 0.0746 0.3269
vn -0.9421 0.2090 0.2621
vn -0.9421 0.3021 0.1455
vn -0.9421 0.3353 -0.0000
vn -0.9421 0.3021 -0.1455
vn -0.9421 0.2090 -0.2621
vn -0.9421 0.0746 -0.3269
vn -0.9421 -0.0746 -0.3269
vn -0.9421 -0.2090 -0.2621
vn -0.9421 -0.3021 -0.1455
vn -0.9421 -0.3353 -0.0000
vn -0.9421 -0.3021 0.1455
vn -0.9421 -0.2090 0.2621
vn -0.9421 -0.0746 0.3269
vn -0.7573 0.1453 0.6367
vn -0.7573 0.4072 0.5106
vn -0.7573 0.5884 0.2834
vn -0.7573 0.6531 -0.0000
vn -0.7573 0.5884 -0.2834
vn -0.7573 0.4072 -0.5106
vn -0.7573 0.1453 -0.6367
vn -0.7573 -0.1453 -0.6367
vn -0.7573 -0.4072 -0.5106
vn -0.7573 -0.5884 -0.2834
vn -0.7573 -0.6531 -0.0000
vn -0.7573 -0.5884 0.2834
vn -0.7573 -0.4072 0.5106
vn -0.7573 -0.1453 0.6367
vn 1.0000 -0.0000 -0.0000
vt 1.000000 0.500000
vt 0.928571 0.500000
vt 0.928571 1.000000
vt 1.000000 1.000000
vt 0.857143 0.500000
vt 0.857143 1.000000
vt 0.785714 0.500000
vt 0.785714 1.000000
vt 0.714286 0.500000
vt 0.714286 1.000000
vt 0.642857 0.500000
vt 0.642857 1.000000
vt 0.571429 0.500000
vt 0.571429 1.000000
vt 0.500000 0.500000
vt 0.500000 1.000000
vt 0.428572 0.500000
vt 0.428572 1.000000
vt 0.357143 0.500000
vt 0.357143 1.000000
vt 0.285714 0.500000
vt 0.285714 1.000000
vt 0.214286 0.500000
vt 0.214286 1.000000
vt 0.142857 0.500000
vt 0.142857 1.000000
vt 0.071429 0.500000
vt 0.071429 1.000000
vt 0.000000 0.500000
vt 0.000000 1.000000
vt 0.250000 0.490000
vt 0.354132 0.466233
vt 0.334154 0.424748
vt 0.250000 0.443956
vt 0.437640 0.399638
vt 0.401641 0.370929
vt 0.483983 0.303405
vt 0.439093 0.293159
vt 0.483983 0.196595
vt 0.439093 0.206841
vt 0.437640 0.100362
vt 0.401641 0.129071
vt 0.354132 0.033767
vt 0.334154 0.075252
vt 0.250000 0.010000
vt 0.250000 0.056044
vt 0.145868 0.033767
vt 0.165846 0.075252
vt 0.062360 0.100362
vt 0.098359 0.129071
vt 0.016017 0.196595
vt 0.060907 0.206841
vt 0.016017 0.303405
vt 0.060907 0.293159
vt 0.062360 0.399638
vt 0.098359 0.370929
vt 0.145868 0.466233
vt 0.165846 0.424748
vt 0.316887 0.388892
vt 0.250000 0.404159
vt 0.370526 0.346117
vt 0.400294 0.284304
vt 0.400294 0.215696
vt 0.370526 0.153883
vt 0.316887 0.111108
vt 0.250000 0.095841
vt 0.183113 0.111108
vt 0.129474 0.153883
vt 0.099706 0.215696
vt 0.099706 0.284304
vt 0.129474 0.346117
vt 0.183113 0.388892
vt 0.297021 0.347641
vt 0.250000 0.358373
vt 0.334729 0.317569
vt 0.355656 0.274115
vt 0.355656 0.225885
vt 0.334729 0.182431
vt 0.297021 0.152359
vt 0.250000 0.141627
vt 0.202979 0.152359
vt 0.165271 0.182431
vt 0.144344 0.225885
vt 0.144344 0.274115
vt 0.165271 0.317569
vt 0.202979 0.347641
vt 0.915080 0.329498
vt 0.983983 0.303405
vt 0.937640 0.399638
vt 0.864239 0.393251
vt 0.854132 0.466233
vt 0.933225 0.250000
vt 0.983983 0.196595
vt 0.790772 0.428631
vt 0.750000 0.490000
vt 0.915079 0.170502
vt 0.937640 0.100362
vt 0.864239 0.106749
vt 0.854132 0.033767
vt 0.790771 0.071369
vt 0.750000 0.010000
vt 0.709229 0.071369
vt 0.645868 0.033767
vt 0.635761 0.106749
vt 0.562360 0.100362
vt 0.584920 0.170502
vt 0.516017 0.196595
vt 0.566776 0.250000
vt 0.516017 0.303405
vt 0.584920 0.329498
vt 0.562360 0.399638
vt 0.635761 0.393251
vt 0.645868 0.466233
vt 0.709229 0.428631
s 1
usemtl 材质.005
f 1053/813/372 1054/814/372 998/815/372 997/816/372
f 1054/814/373 1055/817/373 999/818/373 998/815/373
f 1055/817/374 1056/819/374 1000/820/374 999/818/374
f 1056/819/375 1057/821/375 1001/822/375 1000/820/375
f 1057/821/376 1058/823/376 1002/824/376 1001/822/376
f 1058/823/377 1059/825/377 1003/826/377 1002/824/377
f 1059/825/378 1060/827/378 1004/828/378 1003/826/378
f 1060/827/379 1061/829/379 1005/830/379 1004/828/379
f 1061/829/380 1062/831/380 1006/832/380 1005/830/380
f 1062/831/381 1063/833/381 1007/834/381 1006/832/381
f 1063/833/382 1064/835/382 1008/836/382 1007/834/382
f 1064/835/383 1065/837/383 1009/838/383 1008/836/383
f 1065/837/384 1066/839/384 1010/840/384 1009/838/384
f 1066/839/385 1053/841/385 997/842/385 1010/840/385
f 997/843/386 998/844/386 1012/845/386 1011/846/386
f 998/844/387 999/847/387 1013/848/387 1012/845/387
f 999/847/388 1000/849/388 1014/850/388 1013/848/388
f 1000/849/389 1001/851/389 1015/852/389 1014/850/389
f 1001/851/390 1002/853/390 1016/854/390 1015/852/390
f 1002/853/391 1003/855/391 1017/856/391 1016/854/391
f 1003/855/392 1004/857/392 1018/858/392 1017/856/392
f 1004/857/393 1005/859/393 1019/860/393 1018/858/393
f 1005/859/394 1006/861/394 1020/862/394 1019/860/394
f 1006/861/395 1007/863/395 1021/864/395 1020/862/395
f 1007/863/396 1008/865/396 1022/866/396 1021/864/396
f 1008/865/397 1009/867/397 1023/868/397 1022/866/397
f 1009/867/398 1010/869/398 1024/870/398 1023/868/398
f 1010/869/399 997/843/399 1011/846/399 1024/870/399
f 1011/846/400 1012/845/400 1026/871/400 1025/872/400
f 1012/845/401 1013/848/401 1027/873/401 1026/871/401
f 1013/848/402 1014/850/402 1028/874/402 1027/873/402
f 1014/850/403 1015/852/403 1029/875/403 1028/874/403
f 1015/852/404 1016/854/404 1030/876/404 1029/875/404
f 1016/854/405 1017/856/405 1031/877/405 1030/876/405
f 1017/856/406 1018/858/406 1032/878/406 1031/877/406
f 1018/858/407 1019/860/407 1033/879/407 1032/878/407
f 1019/860/408 1020/862/408 1034/880/408 1033/879/408
f 1020/862/409 1021/864/409 1035/881/409 1034/880/409
f 1021/864/410 1022/866/410 1036/882/410 1035/881/410
f 1022/866/411 1023/868/411 1037/883/411 1036/882/411
f 1023/868/412 1024/870/412 1038/884/412 1037/883/412
f 1024/870/413 1011/846/413 1025/872/413 1038/884/413
f 1025/872/414 1026/871/414 1040/885/414 1039/886/414
f 1026/871/415 1027/873/415 1041/887/415 1040/885/415
f 1027/873/416 1028/874/416 1042/888/416 1041/887/416
f 1028/874/417 1029/875/417 1043/889/417 1042/888/417
f 1029/875/418 1030/876/418 1044/890/418 1043/889/418
f 1030/876/419 1031/877/419 1045/891/419 1044/890/419
f 1031/877/420 1032/878/420 1046/892/420 1045/891/420
f 1032/878/421 1033/879/421 1047/893/421 1046/892/421
f 1033/879/422 1034/880/422 1048/894/422 1047/893/422
f 1034/880/423 1035/881/423 1049/895/423 1048/894/423
f 1035/881/424 1036/882/424 1050/896/424 1049/895/424
f 1036/882/425 1037/883/425 1051/897/425 1050/896/425
f 1037/883/426 1038/884/426 1052/898/426 1051/897/426
f 1038/884/427 1025/872/427 1039/886/427 1052/898/427
f 996/899/428 1056/900/428 1055/901/428
f 996/902/428 1055/901/428 1054/903/428
f 996/904/428 1057/905/428 1056/900/428
f 996/906/428 1054/903/428 1053/907/428
f 996/908/428 1058/909/428 1057/905/428
f 996/910/428 1059/911/428 1058/909/428
f 996/912/428 1060/913/428 1059/911/428
f 996/914/428 1061/915/428 1060/913/428
f 996/916/428 1062/917/428 1061/915/428
f 996/918/428 1063/919/428 1062/917/428
f 996/920/428 1064/921/428 1063/919/428
f 996/922/428 1065/923/428 1064/921/428
f 996/924/428 1066/925/428 1065/923/428
f 996/926/428 1053/907/428 1066/925/428
o galss1
v 0.829241 0.978118 0.783712
v 0.938772 0.978118 0.783712
v 0.829062 1.163056 0.783712
v 0.938594 1.163056 0.783712
vn -0.0000 -0.0000 -1.0000
vt 0.625000 0.478339
vt 0.625000 0.271661
vt 0.625000 0.271661
vt 0.625000 0.478339
s 1
usemtl 材质.004
f 1068/927/429 1067/928/429 1069/929/429 1070/930/429
o mirror1
v 0.744022 0.883833 0.800298
v 0.828549 0.976725 0.800298
v 0.744022 0.883833 0.779391
v 0.820188 0.967537 0.779391
v 0.761940 0.865916 0.800298
v 0.864510 0.976725 0.800298
v 0.761940 0.865916 0.779391
v 0.856148 0.967537 0.779391
v 0.829241 0.978118 0.777347
v 0.938772 0.978118 0.777347
v 0.883917 1.070587 0.813269
v 0.829062 1.163056 0.777347
v 0.938594 1.163056 0.777347
v 0.943594 0.977087 0.801124
v 0.824421 0.977087 0.801124
v 0.943414 1.164087 0.801124
v 0.824240 1.164087 0.801124
v 0.817772 0.966639 0.777347
v 0.950263 0.966639 0.777347
v 0.817571 1.174536 0.777347
v 0.950062 1.174536 0.777347
v 0.829241 0.978118 0.783712
v 0.829062 1.163056 0.783712
vn -0.7396 0.6730 -0.0000
vn -0.0000 -0.0000 -1.0000
vn 0.7336 -0.6796 0.0026
vn -0.0000 -0.0000 1.0000
vn 0.9629 0.0009 0.2697
vn -0.0000 0.9155 0.4023
vn -0.9630 -0.0009 0.2697
vn 1.0000 0.0010 -0.0000
vn -0.0000 -0.1288 0.9917
vn -0.0000 0.1288 0.9917
vn 0.1997 0.0002 0.9799
vn -0.1997 -0.0002 0.9799
vt 0.375000 0.000000
vt 0.625000 0.000000
vt 0.625000 0.250000
vt 0.375000 0.250000
vt 0.625000 0.500000
vt 0.375000 0.500000
vt 0.625000 0.750000
vt 0.375000 0.750000
vt 0.625000 1.000000
vt 0.375000 1.000000
vt 0.875000 0.500000
vt 0.875000 0.750000
vt 0.625000 0.271661
vt 0.625000 0.271661
vt 0.625000 0.904022
vt 0.625000 0.845978
vt 0.625000 0.478339
vt 0.625000 0.478339
s 1
usemtl 材质.003
f 1071/931/430 1072/932/430 1074/933/430 1073/934/430
f 1073/934/431 1074/933/431 1078/935/431 1077/936/431
f 1077/936/432 1078/935/432 1076/937/432 1075/938/432
f 1075/938/433 1076/937/433 1072/939/433 1071/940/433
f 1084/937/434 1089/935/434 1091/935/434 1086/937/434
f 1091/935/435 1090/941/435 1087/942/435 1086/937/435
f 1088/933/436 1085/932/436 1087/932/436 1090/933/436
f 1079/943/437 1082/944/437 1093/944/437 1092/943/437
f 1081/945/438 1085/939/438 1084/937/438
f 1081/946/439 1086/937/439 1087/939/439
f 1081/946/440 1084/937/440 1086/937/440
f 1081/945/441 1087/939/441 1085/939/441
f 1079/943/431 1080/947/431 1089/935/431 1088/933/431
f 1083/948/431 1082/944/431 1090/933/431 1091/935/431
f 1080/947/431 1083/948/431 1091/935/431 1089/935/431
f 1082/944/431 1079/943/431 1088/933/431 1090/933/431
o glass2
v -0.829241 0.978118 0.783712
v -0.938773 0.978118 0.783712
v -0.829063 1.163056 0.783712
v -0.938594 1.163056 0.783712
vn -0.0000 -0.0000 -1.0000
vt 0.625000 0.478339
vt 0.625000 0.478339
vt 0.625000 0.271661
vt 0.625000 0.271661
s 1
usemtl 材质.004
f 1095/949/442 1097/950/442 1096/951/442 1094/952/442
o mirror2
v -0.744023 0.883833 0.800298
v -0.828550 0.976725 0.800298
v -0.744023 0.883833 0.779391
v -0.820188 0.967537 0.779391
v -0.761940 0.865916 0.800298
v -0.864510 0.976725 0.800298
v -0.761940 0.865916 0.779391
v -0.856149 0.967537 0.779391
v -0.829241 0.978118 0.777347
v -0.938773 0.978118 0.777347
v -0.883918 1.070587 0.813269
v -0.829063 1.163056 0.777347
v -0.938594 1.163056 0.777347
v -0.943595 0.977087 0.801124
v -0.824421 0.977087 0.801124
v -0.943414 1.164087 0.801124
v -0.824241 1.164087 0.801124
v -0.817773 0.966639 0.777347
v -0.950264 0.966639 0.777347
v -0.817572 1.174536 0.777347
v -0.950063 1.174536 0.777347
v -0.829241 0.978118 0.783712
v -0.938773 0.978118 0.783712
v -0.829063 1.163056 0.783712
v -0.938594 1.163056 0.783712
vn 0.7396 0.6730 -0.0000
vn -0.0000 -0.0000 -1.0000
vn -0.7336 -0.6796 0.0026
vn -0.0000 -0.0000 1.0000
vn -0.0000 -0.9155 0.4023
vn -0.9630 0.0009 0.2697
vn -0.0000 -0.9156 0.4020
vn -0.0001 -0.9155 0.4022
vn -0.0000 -0.9157 0.4020
vn -0.0000 0.9155 0.4023
vn 0.9630 -0.0009 0.2697
vn -1.0000 0.0010 -0.0000
vn -0.0000 -0.1288 0.9917
vn -0.0000 0.1288 0.9917
vn -0.1997 0.0002 0.9799
vn 0.1997 -0.0002 0.9799
vn -0.0000 -1.0000 -0.0000
vn 1.0000 -0.0010 -0.0000
vn -0.0000 1.0000 -0.0000
vt 0.375000 0.000000
vt 0.375000 0.250000
vt 0.625000 0.250000
vt 0.625000 0.000000
vt 0.375000 0.500000
vt 0.625000 0.500000
vt 0.375000 0.750000
vt 0.625000 0.750000
vt 0.375000 1.000000
vt 0.625000 1.000000
vt 0.875000 0.750000
vt 0.875000 0.500000
vt 0.625000 0.271661
vt 0.625000 0.271661
vt 0.625000 0.904022
vt 0.625000 0.845978
vt 0.625000 0.478339
vt 0.625000 0.478339
s 1
usemtl 材质.003
f 1098/953/443 1100/954/443 1101/955/443 1099/956/443
f 1100/954/444 1104/957/444 1105/958/444 1101/955/444
f 1104/957/445 1102/959/445 1103/960/445 1105/958/445
f 1102/959/446 1098/961/446 1099/962/446 1103/960/446
f 1105/958/447 1116/958/447 1115/955/447 1101/955/447
f 1111/960/448 1113/960/448 1118/958/448 1116/958/448
f 1103/960/449 1111/960/447 1116/958/447 1105/958/447
f 1101/955/447 1115/955/447 1112/956/450 1099/956/451
f 1099/962/451 1112/962/450 1111/960/447 1103/960/449
f 1118/958/452 1113/960/452 1114/963/452 1117/964/452
f 1115/955/453 1117/955/453 1114/956/453 1112/956/453
f 1106/965/454 1119/965/454 1121/966/454 1109/966/454
f 1108/967/455 1111/960/455 1112/962/455
f 1108/968/456 1114/962/456 1113/960/456
f 1108/968/457 1113/960/457 1111/960/457
f 1108/967/458 1112/962/458 1114/962/458
f 1106/965/444 1115/955/444 1116/958/444 1107/969/444
f 1110/970/444 1118/958/444 1117/955/444 1109/966/444
f 1107/969/444 1116/958/444 1118/958/444 1110/970/444
f 1109/966/444 1117/955/444 1115/955/444 1106/965/444
f 1109/966/459 1121/966/459 1122/970/459 1110/970/459
f 1110/970/460 1122/970/460 1120/969/460 1107/969/460
f 1107/969/461 1120/969/461 1119/965/461 1106/965/461
o lamp1
v 0.449014 0.673913 1.855726
v 0.413009 0.637908 1.849097
v 0.435835 0.624729 1.849097
v 0.399830 0.660735 1.849097
v 0.399830 0.687092 1.849097
v 0.413009 0.709919 1.849097
v 0.435835 0.723098 1.849097
v 0.462193 0.723098 1.849097
v 0.485019 0.709919 1.849097
v 0.498198 0.687092 1.849097
v 0.498198 0.660735 1.849097
v 0.485019 0.637908 1.849097
v 0.462193 0.624729 1.849097
vn -0.0668 -0.1157 0.9910
vn -0.1157 -0.0668 0.9910
vn -0.1336 -0.0000 0.9910
vn -0.1157 0.0668 0.9910
vn -0.0668 0.1157 0.9910
vn -0.0000 0.1336 0.9910
vn 0.0668 0.1157 0.9910
vn 0.1157 0.0668 0.9910
vn 0.1336 -0.0000 0.9910
vn 0.1157 -0.0668 0.9910
vn 0.0668 -0.1157 0.9910
vn -0.0000 -0.1336 0.9910
vt 0.000000 0.000000
s 1
usemtl 材质.001
f 1123/971/462 1124/971/462 1125/971/462
f 1123/971/463 1126/971/463 1124/971/463
f 1123/971/464 1127/971/464 1126/971/464
f 1123/971/465 1128/971/465 1127/971/465
f 1123/971/466 1129/971/466 1128/971/466
f 1123/971/467 1130/971/467 1129/971/467
f 1123/971/468 1131/971/468 1130/971/468
f 1123/971/469 1132/971/469 1131/971/469
f 1123/971/470 1133/971/470 1132/971/470
f 1123/971/471 1134/971/471 1133/971/471
f 1123/971/472 1135/971/472 1134/971/472
f 1123/971/473 1125/971/473 1135/971/473
o headlamp1
v 0.435835 0.624729 1.860038
v 0.413009 0.637908 1.860038
v 0.399830 0.660735 1.860038
v 0.399830 0.687092 1.860038
v 0.413009 0.709919 1.860038
v 0.435835 0.723098 1.860038
v 0.462193 0.723098 1.860038
v 0.485019 0.709919 1.860038
v 0.498198 0.687092 1.860038
v 0.498198 0.660735 1.860038
v 0.485019 0.637908 1.860038
v 0.462193 0.624729 1.860038
v 0.449014 0.673913 1.815159
v 0.395780 0.620680 1.860038
v 0.429529 0.601195 1.860038
v 0.376295 0.654429 1.860038
v 0.376295 0.693398 1.860038
v 0.395780 0.727147 1.860038
v 0.429529 0.746632 1.860038
v 0.468499 0.746632 1.860038
v 0.502248 0.727147 1.860038
v 0.521733 0.693398 1.860038
v 0.521733 0.654429 1.860038
v 0.502248 0.620680 1.860038
v 0.468499 0.601195 1.860038
v 0.413009 0.637908 1.849097
v 0.435835 0.624729 1.849097
v 0.399830 0.660735 1.849097
v 0.399830 0.687092 1.849097
v 0.413009 0.709919 1.849097
v 0.435835 0.723098 1.849097
v 0.462193 0.723098 1.849097
v 0.485019 0.709919 1.849097
v 0.498198 0.687092 1.849097
v 0.498198 0.660735 1.849097
v 0.485019 0.637908 1.849097
v 0.462193 0.624729 1.849097
v 0.395780 0.620680 1.815159
v 0.429529 0.601195 1.815159
v 0.376295 0.654429 1.815159
v 0.376295 0.693398 1.815159
v 0.395780 0.727147 1.815159
v 0.429529 0.746632 1.815159
v 0.468499 0.746632 1.815159
v 0.502248 0.727147 1.815159
v 0.521733 0.693398 1.815159
v 0.521733 0.654429 1.815159
v 0.502248 0.620680 1.815159
v 0.468499 0.601195 1.815159
vn -0.8660 0.5000 -0.0000
vn 0.5000 -0.8660 -0.0000
vn -0.5000 -0.8660 -0.0000
vn 0.8660 0.5000 -0.0000
vn -0.5000 0.8660 -0.0000
vn -0.0000 -1.0000 -0.0000
vn -0.8660 -0.5000 -0.0000
vn 1.0000 -0.0000 -0.0000
vn -0.0000 1.0000 -0.0000
vn -1.0000 -0.0000 -0.0000
vn 0.8660 -0.5000 -0.0000
vn 0.5000 0.8660 -0.0000
vn -0.0000 -0.0000 1.0000
vn -0.0000 -0.0000 -1.0000
vt 0.000000 0.000000
s 1
usemtl Material
f 1153/972/474 1177/972/474 1176/972/474 1152/972/474
f 1160/972/475 1184/972/475 1183/972/475 1159/972/475
f 1149/972/476 1173/972/476 1174/972/476 1150/972/476
f 1157/972/477 1181/972/477 1180/972/477 1156/972/477
f 1154/972/478 1178/972/478 1177/972/478 1153/972/478
f 1150/972/479 1174/972/479 1184/972/479 1160/972/479
f 1151/972/480 1175/972/480 1173/972/480 1149/972/480
f 1158/972/481 1182/972/481 1181/972/481 1157/972/481
f 1155/972/482 1179/972/482 1178/972/482 1154/972/482
f 1152/972/483 1176/972/483 1175/972/483 1151/972/483
f 1159/972/484 1183/972/484 1182/972/484 1158/972/484
f 1156/972/485 1180/972/485 1179/972/485 1155/972/485
f 1144/972/483 1169/972/483 1170/972/483 1145/972/483
f 1137/972/486 1149/972/486 1150/972/486 1136/972/486
f 1138/972/486 1151/972/486 1149/972/486 1137/972/486
f 1139/972/486 1152/972/486 1151/972/486 1138/972/486
f 1140/972/486 1153/972/486 1152/972/486 1139/972/486
f 1141/972/486 1154/972/486 1153/972/486 1140/972/486
f 1142/972/486 1155/972/486 1154/972/486 1141/972/486
f 1143/972/486 1156/972/486 1155/972/486 1142/972/486
f 1144/972/486 1157/972/486 1156/972/486 1143/972/486
f 1145/972/486 1158/972/486 1157/972/486 1144/972/486
f 1146/972/486 1159/972/486 1158/972/486 1145/972/486
f 1147/972/486 1160/972/486 1159/972/486 1146/972/486
f 1136/972/486 1150/972/486 1160/972/486 1147/972/486
f 1141/972/479 1166/972/479 1167/972/479 1142/972/479
f 1138/972/481 1163/972/481 1164/972/481 1139/972/481
f 1145/972/474 1170/972/474 1171/972/474 1146/972/474
f 1142/972/476 1167/972/476 1168/972/476 1143/972/476
f 1139/972/484 1164/972/484 1165/972/484 1140/972/484
f 1146/972/478 1171/972/478 1172/972/478 1147/972/478
f 1136/972/485 1162/972/485 1161/972/485 1137/972/485
f 1143/972/480 1168/972/480 1169/972/480 1144/972/480
f 1140/972/475 1165/972/475 1166/972/475 1141/972/475
f 1147/972/482 1172/972/482 1162/972/482 1136/972/482
f 1137/972/477 1161/972/477 1163/972/477 1138/972/477
f 1148/972/487 1174/972/487 1173/972/487
f 1148/972/487 1173/972/487 1175/972/487
f 1148/972/487 1175/972/487 1176/972/487
f 1148/972/487 1176/972/487 1177/972/487
f 1148/972/487 1177/972/487 1178/972/487
f 1148/972/487 1178/972/487 1179/972/487
f 1148/972/487 1179/972/487 1180/972/487
f 1148/972/487 1180/972/487 1181/972/487
f 1148/972/487 1181/972/487 1182/972/487
f 1148/972/487 1182/972/487 1183/972/487
f 1148/972/487 1183/972/487 1184/972/487
f 1148/972/487 1184/972/487 1174/972/487
o lamp2
v -0.449014 0.673913 1.855726
v -0.413009 0.637908 1.849097
v -0.435836 0.624729 1.849097
v -0.399830 0.660735 1.849097
v -0.399830 0.687092 1.849097
v -0.413009 0.709919 1.849097
v -0.435835 0.723098 1.849097
v -0.462193 0.723098 1.849097
v -0.485020 0.709919 1.849097
v -0.498198 0.687092 1.849097
v -0.498198 0.660735 1.849097
v -0.485020 0.637908 1.849097
v -0.462193 0.624729 1.849097
vn 0.0668 -0.1157 0.9910
vn 0.1157 -0.0668 0.9910
vn 0.1336 -0.0000 0.9910
vn 0.1157 0.0668 0.9910
vn 0.0668 0.1157 0.9910
vn -0.0000 0.1336 0.9910
vn -0.0668 0.1157 0.9910
vn -0.1157 0.0668 0.9910
vn -0.1336 -0.0000 0.9910
vn -0.1157 -0.0668 0.9910
vn -0.0668 -0.1157 0.9910
vn -0.0000 -0.1336 0.9910
vt 0.000000 0.000000
s 1
usemtl 材质.001
f 1185/973/488 1187/973/488 1186/973/488
f 1185/973/489 1186/973/489 1188/973/489
f 1185/973/490 1188/973/490 1189/973/490
f 1185/973/491 1189/973/491 1190/973/491
f 1185/973/492 1190/973/492 1191/973/492
f 1185/973/493 1191/973/493 1192/973/493
f 1185/973/494 1192/973/494 1193/973/494
f 1185/973/495 1193/973/495 1194/973/495
f 1185/973/496 1194/973/496 1195/973/496
f 1185/973/497 1195/973/497 1196/973/497
f 1185/973/498 1196/973/498 1197/973/498
f 1185/973/499 1197/973/499 1187/973/499
o headlamp2
v -0.435836 0.624729 1.860038
v -0.413009 0.637908 1.860038
v -0.399830 0.660735 1.860038
v -0.399830 0.687092 1.860038
v -0.413009 0.709919 1.860038
v -0.435835 0.723098 1.860038
v -0.462193 0.723098 1.860038
v -0.485020 0.709919 1.860038
v -0.498198 0.687092 1.860038
v -0.498198 0.660735 1.860038
v -0.485020 0.637908 1.860038
v -0.462193 0.624729 1.860038
v -0.449014 0.673913 1.815159
v -0.395781 0.620680 1.860038
v -0.429529 0.601195 1.860038
v -0.376296 0.654429 1.860038
v -0.376296 0.693398 1.860038
v -0.395781 0.727147 1.860038
v -0.429529 0.746632 1.860038
v -0.468499 0.746632 1.860038
v -0.502248 0.727147 1.860038
v -0.521733 0.693398 1.860038
v -0.521733 0.654429 1.860038
v -0.502248 0.620680 1.860038
v -0.468499 0.601195 1.860038
v -0.413009 0.637908 1.849097
v -0.435836 0.624729 1.849097
v -0.399830 0.660735 1.849097
v -0.399830 0.687092 1.849097
v -0.413009 0.709919 1.849097
v -0.435835 0.723098 1.849097
v -0.462193 0.723098 1.849097
v -0.485020 0.709919 1.849097
v -0.498198 0.687092 1.849097
v -0.498198 0.660735 1.849097
v -0.485020 0.637908 1.849097
v -0.462193 0.624729 1.849097
v -0.395781 0.620680 1.815159
v -0.429529 0.601195 1.815159
v -0.376296 0.654429 1.815159
v -0.376296 0.693398 1.815159
v -0.395781 0.727147 1.815159
v -0.429529 0.746632 1.815159
v -0.468499 0.746632 1.815159
v -0.502248 0.727147 1.815159
v -0.521733 0.693398 1.815159
v -0.521733 0.654429 1.815159
v -0.502248 0.620680 1.815159
v -0.468499 0.601195 1.815159
vn 0.8660 0.5000 -0.0000
vn -0.5000 -0.8660 -0.0000
vn 0.5000 -0.8660 -0.0000
vn -0.8660 0.5000 -0.0000
vn 0.5000 0.8660 -0.0000
vn -0.0000 -1.0000 -0.0000
vn 0.8660 -0.5000 -0.0000
vn -1.0000 -0.0000 -0.0000
vn -0.0000 1.0000 -0.0000
vn 1.0000 -0.0000 -0.0000
vn -0.8660 -0.5000 -0.0000
vn -0.5000 0.8660 -0.0000
vn -0.0000 -0.0000 1.0000
vn -0.0000 -0.0000 -1.0000
vt 0.000000 0.000000
s 1
usemtl Material
f 1215/974/500 1214/974/500 1238/974/500 1239/974/500
f 1222/974/501 1221/974/501 1245/974/501 1246/974/501
f 1211/974/502 1212/974/502 1236/974/502 1235/974/502
f 1219/974/503 1218/974/503 1242/974/503 1243/974/503
f 1216/974/504 1215/974/504 1239/974/504 1240/974/504
f 1212/974/505 1222/974/505 1246/974/505 1236/974/505
f 1213/974/506 1211/974/506 1235/974/506 1237/974/506
f 1220/974/507 1219/974/507 1243/974/507 1244/974/507
f 1217/974/508 1216/974/508 1240/974/508 1241/974/508
f 1214/974/509 1213/974/509 1237/974/509 1238/974/509
f 1221/974/510 1220/974/510 1244/974/510 1245/974/510
f 1218/974/511 1217/974/511 1241/974/511 1242/974/511
f 1206/974/509 1207/974/509 1232/974/509 1231/974/509
f 1199/974/512 1198/974/512 1212/974/512 1211/974/512
f 1200/974/512 1199/974/512 1211/974/512 1213/974/512
f 1201/974/512 1200/974/512 1213/974/512 1214/974/512
f 1202/974/512 1201/974/512 1214/974/512 1215/974/512
f 1203/974/512 1202/974/512 1215/974/512 1216/974/512
f 1204/974/512 1203/974/512 1216/974/512 1217/974/512
f 1205/974/512 1204/974/512 1217/974/512 1218/974/512
f 1206/974/512 1205/974/512 1218/974/512 1219/974/512
f 1207/974/512 1206/974/512 1219/974/512 1220/974/512
f 1208/974/512 1207/974/512 1220/974/512 1221/974/512
f 1209/974/512 1208/974/512 1221/974/512 1222/974/512
f 1198/974/512 1209/974/512 1222/974/512 1212/974/512
f 1203/974/505 1204/974/505 1229/974/505 1228/974/505
f 1200/974/507 1201/974/507 1226/974/507 1225/974/507
f 1207/974/500 1208/974/500 1233/974/500 1232/974/500
f 1204/974/502 1205/974/502 1230/974/502 1229/974/502
f 1201/974/510 1202/974/510 1227/974/510 1226/974/510
f 1208/974/504 1209/974/504 1234/974/504 1233/974/504
f 1198/974/511 1199/974/511 1223/974/511 1224/974/511
f 1205/974/506 1206/974/506 1231/974/506 1230/974/506
f 1202/974/501 1203/974/501 1228/974/501 1227/974/501
f 1209/974/508 1198/974/508 1224/974/508 1234/974/508
f 1199/974/503 1200/974/503 1225/974/503 1223/974/503
f 1210/974/513 1235/974/513 1236/974/513
f 1210/974/513 1237/974/513 1235/974/513
f 1210/974/513 1238/974/513 1237/974/513
f 1210/974/513 1239/974/513 1238/974/513
f 1210/974/513 1240/974/513 1239/974/513
f 1210/974/513 1241/974/513 1240/974/513
f 1210/974/513 1242/974/513 1241/974/513
f 1210/974/513 1243/974/513 1242/974/513
f 1210/974/513 1244/974/513 1243/974/513
f 1210/974/513 1245/974/513 1244/974/513
f 1210/974/513 1246/974/513 1245/974/513
f 1210/974/513 1236/974/513 1246/974/513
o sight
v 0.683081 0.954161 0.068999
v 0.683081 0.954161 0.735764
v 0.580342 1.621073 0.068999
v 0.580342 1.621073 0.593308
v 0.660484 0.954616 0.754002
v 0.553442 1.620617 0.611740
v 0.683081 0.954161 0.140740
v 0.683081 0.954161 0.166254
v 0.580342 1.621073 0.140740
v 0.580342 1.621073 0.166254
v -0.000000 0.954616 0.754002
v -0.000000 1.620617 0.611740
v -0.683082 0.954161 0.068999
v -0.683082 0.954161 0.735764
v -0.580342 1.621073 0.068999
v -0.580342 1.621073 0.593308
v -0.660485 0.954616 0.754002
v -0.553443 1.620617 0.611740
v -0.683082 0.954161 0.140740
v -0.683082 0.954161 0.166254
v -0.580342 1.621073 0.140740
v -0.580342 1.621073 0.166254
v 0.289243 1.208234 0.043995
v 0.289243 1.483475 0.043995
v -0.000000 1.208234 0.043995
v -0.000000 1.483475 0.043995
v -0.289244 1.208234 0.043995
v -0.289244 1.483475 0.043995
vn 0.9883 0.1523 -0.0000
vn -0.0000 0.2089 0.9779
vn -0.9883 0.1523 -0.0000
vn -0.0000 -0.0000 -1.0000
vt 0.634080 0.648356
vt 0.634080 0.632607
vt 0.634080 0.633199
vt 0.634080 0.648553
vt 0.750000 0.683602
vt 0.642776 0.683602
vt 0.643681 0.683602
vt 0.634080 0.679855
vt 0.634080 0.664106
vt 0.634080 0.663907
vt 0.634080 0.679261
vt 0.681701 0.628898
vt 0.750000 0.628898
vt 0.750000 0.628898
vt 0.683732 0.628898
s 1
usemtl 材质.006
f 1253/975/514 1247/976/514 1249/977/514 1255/978/514
f 1257/979/515 1251/980/515 1252/981/515 1258/979/515
f 1248/982/514 1254/983/514 1256/984/514 1250/985/514
f 1265/975/516 1267/978/516 1261/977/516 1259/976/516
f 1257/979/515 1258/979/515 1264/981/515 1263/980/515
f 1260/982/516 1262/985/516 1268/984/516 1266/983/516
f 1269/986/517 1271/987/517 1272/988/517 1270/989/517
f 1273/986/517 1274/989/517 1272/988/517 1271/987/517
o metal2
v -0.766651 0.380984 -1.522538
v -0.766651 0.545552 -1.522538
v -0.766651 0.380984 -1.412609
v -0.766651 0.545552 -1.412609
v -0.786160 0.545552 -1.546087
v -0.786160 0.380984 -1.546087
v -0.786160 0.545552 -1.412609
v -0.786160 0.380984 -1.412609
v 0.766649 0.380984 -1.522538
v 0.766649 0.545552 -1.522538
v 0.766649 0.380984 -1.412610
v 0.766649 0.545552 -1.412610
v 0.786158 0.545552 -1.546088
v 0.786158 0.380984 -1.546088
v 0.786158 0.545552 -1.412610
v 0.786158 0.380984 -1.412610
vn 1.0000 -0.0000 -0.0000
vn -0.0000 -0.0000 -1.0000
vn -1.0000 -0.0000 -0.0000
vn -0.0000 -1.0000 -0.0000
vn -0.0000 1.0000 -0.0000
vn -0.0000 -0.0000 1.0000
vt 0.375000 0.741642
vt 0.375000 0.750000
vt 0.458333 0.750000
vt 0.458333 0.741642
s 1
usemtl 材质.002
f 1277/990/518 1275/991/518 1276/992/518 1278/993/518
f 1288/991/519 1280/991/519 1279/992/519 1287/992/519
f 1282/990/520 1281/993/520 1279/992/520 1280/991/520
f 1280/991/521 1288/991/521 1283/991/521 1275/991/521
f 1275/991/521 1277/990/521 1282/990/521 1280/991/521
f 1276/992/522 1284/992/522 1287/992/522 1279/992/522
f 1277/990/523 1278/993/523 1281/993/523 1282/990/523
f 1278/993/522 1276/992/522 1279/992/522 1281/993/522
f 1285/990/520 1286/993/520 1284/992/520 1283/991/520
f 1290/990/518 1288/991/518 1287/992/518 1289/993/518
f 1283/991/521 1288/991/521 1290/990/521 1285/990/521
f 1285/990/523 1290/990/523 1289/993/523 1286/993/523
f 1286/993/522 1289/993/522 1287/992/522 1284/992/522
f 1283/991/523 1284/992/523 1276/992/523 1275/991/523
o metal1
v 0.766650 0.380985 1.793502
v 0.766650 0.545552 1.793502
v 0.766650 0.380985 1.683573
v 0.766650 0.545552 1.683573
v 0.786159 0.545552 1.817052
v 0.786159 0.380985 1.817052
v 0.786159 0.545552 1.683573
v 0.786159 0.380985 1.683573
v -0.766650 0.380985 1.793502
v -0.766650 0.545552 1.793502
v -0.766650 0.380985 1.683573
v -0.766650 0.545552 1.683573
v -0.786159 0.545552 1.817052
v -0.786159 0.380985 1.817052
v -0.786159 0.545552 1.683573
v -0.786159 0.380985 1.683573
v 0.258458 0.341980 1.857528
v 0.258458 0.811290 1.857528
v 0.258458 0.341980 1.818028
v 0.258458 0.811290 1.818028
v 0.345351 0.341980 1.857528
v 0.345351 0.811290 1.857528
v 0.345351 0.341980 1.818028
v 0.345351 0.811290 1.818028
v 0.258458 0.379552 1.857528
v 0.258458 0.379552 1.818028
v 0.345351 0.379552 1.818028
v 0.345351 0.379552 1.857528
v 0.258458 0.379552 1.783832
v 0.258458 0.358998 1.783832
v 0.345351 0.358998 1.783832
v 0.345351 0.379552 1.783832
v 0.345351 0.341980 1.800930
v 0.345351 0.379552 1.800930
v 0.258458 0.341980 1.800930
v 0.258458 0.379552 1.800930
v -0.258459 0.341980 1.857528
v -0.258459 0.811290 1.857528
v -0.258459 0.341980 1.818028
v -0.258459 0.811290 1.818028
v -0.345351 0.341980 1.857528
v -0.345351 0.811290 1.857528
v -0.345351 0.341980 1.818028
v -0.345351 0.811290 1.818028
v -0.258459 0.379552 1.857528
v -0.258459 0.379552 1.818028
v -0.345351 0.379552 1.818028
v -0.345351 0.379552 1.857528
v -0.258459 0.379552 1.783832
v -0.258459 0.358998 1.783832
v -0.345351 0.358998 1.783832
v -0.345351 0.379552 1.783832
v -0.345351 0.341980 1.800930
v -0.345351 0.379552 1.800930
v -0.258459 0.341980 1.800930
v -0.258459 0.379552 1.800930
v 0.543678 0.777396 1.826939
v 0.532491 0.749236 1.826939
v 0.535948 0.757938 1.853524
v 0.544999 0.780719 1.837094
v 0.535948 0.757938 1.820664
v 0.532491 0.749236 1.847248
v 0.543678 0.777396 1.847248
v 0.540221 0.768694 1.820664
v 0.531171 0.745913 1.837094
v 0.540221 0.768694 1.853524
v 0.569836 0.747093 1.847248
v 0.560947 0.743929 1.820664
v 0.537677 0.735646 1.837094
v 0.560947 0.743929 1.853524
v 0.569836 0.747093 1.826939
v 0.541072 0.736854 1.826939
v 0.549960 0.740018 1.853524
v 0.573231 0.748301 1.837094
v 0.549960 0.740018 1.820664
v 0.541072 0.736854 1.847248
v 0.569504 0.764368 1.837094
v 0.560052 0.775473 1.837094
v 0.557563 0.772421 1.847248
v 0.566309 0.762063 1.847248
v 0.551047 0.764427 1.853524
v 0.557938 0.756024 1.853524
v 0.543001 0.754529 1.853524
v 0.547568 0.748553 1.853524
v 0.536498 0.746489 1.847248
v 0.539137 0.742504 1.847248
v 0.534021 0.743399 1.837094
v 0.535895 0.740200 1.837094
v 0.536498 0.746489 1.826939
v 0.539137 0.742504 1.826939
v 0.543001 0.754529 1.820664
v 0.547568 0.748553 1.820664
v 0.551047 0.764427 1.820664
v 0.557938 0.756024 1.820664
v 0.557563 0.772421 1.826939
v 0.566309 0.762063 1.826939
v -0.543679 0.777396 1.826939
v -0.532492 0.749236 1.826939
v -0.535949 0.757938 1.853524
v -0.544999 0.780719 1.837093
v -0.535949 0.757938 1.820664
v -0.532492 0.749236 1.847248
v -0.543679 0.777396 1.847248
v -0.540222 0.768694 1.820664
v -0.531171 0.745913 1.837093
v -0.540222 0.768694 1.853524
v -0.569836 0.747093 1.847248
v -0.560948 0.743929 1.820664
v -0.537677 0.735646 1.837094
v -0.560948 0.743929 1.853524
v -0.569836 0.747093 1.826939
v -0.541072 0.736854 1.826939
v -0.549961 0.740018 1.853524
v -0.573231 0.748301 1.837094
v -0.549961 0.740018 1.820664
v -0.541072 0.736854 1.847248
v -0.569505 0.764368 1.837094
v -0.560053 0.775473 1.837094
v -0.557563 0.772421 1.847248
v -0.566310 0.762063 1.847248
v -0.551048 0.764427 1.853524
v -0.557938 0.756024 1.853524
v -0.543001 0.754529 1.853524
v -0.547569 0.748553 1.853524
v -0.536498 0.746489 1.847248
v -0.539138 0.742504 1.847248
v -0.534021 0.743398 1.837094
v -0.535895 0.740200 1.837094
v -0.536498 0.746489 1.826939
v -0.539138 0.742504 1.826939
v -0.543001 0.754529 1.820664
v -0.547569 0.748553 1.820664
v -0.551048 0.764427 1.820664
v -0.557938 0.756024 1.820664
v -0.557563 0.772421 1.826939
v -0.566310 0.762063 1.826939
v 0.543678 0.570815 1.826939
v 0.532491 0.598975 1.826939
v 0.535948 0.590273 1.853523
v 0.544999 0.567492 1.837093
v 0.535948 0.590273 1.820664
v 0.532491 0.598975 1.847248
v 0.543678 0.570815 1.847248
v 0.540221 0.579517 1.820664
v 0.531171 0.602298 1.837093
v 0.540221 0.579517 1.853523
v 0.569836 0.601118 1.847248
v 0.560947 0.604282 1.820664
v 0.537677 0.612565 1.837094
v 0.560947 0.604282 1.853524
v 0.569836 0.601118 1.826939
v 0.541072 0.611357 1.826939
v 0.549960 0.608193 1.853524
v 0.573231 0.599910 1.837094
v 0.549960 0.608193 1.820664
v 0.541072 0.611357 1.847248
v 0.569504 0.583843 1.837094
v 0.560052 0.572738 1.837094
v 0.557563 0.575790 1.847248
v 0.566309 0.586148 1.847248
v 0.551047 0.583784 1.853524
v 0.557938 0.592187 1.853524
v 0.543001 0.593682 1.853524
v 0.547568 0.599658 1.853524
v 0.536498 0.601722 1.847248
v 0.539137 0.605707 1.847248
v 0.534021 0.604813 1.837094
v 0.535895 0.608011 1.837094
v 0.536498 0.601722 1.826939
v 0.539137 0.605707 1.826939
v 0.543001 0.593682 1.820664
v 0.547568 0.599658 1.820664
v 0.551047 0.583784 1.820664
v 0.557938 0.592187 1.820664
v 0.557563 0.575790 1.826939
v 0.566309 0.586148 1.826939
v -0.543679 0.570815 1.826939
v -0.532492 0.598975 1.826939
v -0.535949 0.590273 1.853523
v -0.544999 0.567492 1.837093
v -0.535949 0.590273 1.820664
v -0.532492 0.598975 1.847248
v -0.543679 0.570815 1.847248
v -0.540222 0.579517 1.820664
v -0.531171 0.602298 1.837093
v -0.540222 0.579517 1.853523
v -0.569836 0.601118 1.847248
v -0.560948 0.604282 1.820664
v -0.537677 0.612565 1.837093
v -0.560948 0.604282 1.853523
v -0.569836 0.601118 1.826939
v -0.541072 0.611357 1.826939
v -0.549961 0.608193 1.853523
v -0.573231 0.599910 1.837093
v -0.549961 0.608193 1.820664
v -0.541072 0.611357 1.847248
v -0.569505 0.583843 1.837093
v -0.560053 0.572738 1.837093
v -0.557563 0.575790 1.847248
v -0.566309 0.586148 1.847248
v -0.551047 0.583784 1.853523
v -0.557938 0.592187 1.853523
v -0.543001 0.593682 1.853523
v -0.547569 0.599658 1.853523
v -0.536498 0.601722 1.847248
v -0.539138 0.605707 1.847248
v -0.534021 0.604813 1.837093
v -0.535895 0.608011 1.837093
v -0.536498 0.601722 1.826939
v -0.539138 0.605707 1.826939
v -0.543001 0.593682 1.820664
v -0.547569 0.599658 1.820664
v -0.551047 0.583784 1.820664
v -0.557938 0.592187 1.820664
v -0.557563 0.575790 1.826939
v -0.566309 0.586148 1.826939
vn -1.0000 -0.0000 -0.0000
vn -0.0000 -0.0000 1.0000
vn 1.0000 -0.0000 -0.0000
vn -0.0000 -1.0000 -0.0000
vn -0.0000 1.0000 -0.0000
vn -0.0000 -0.0000 -1.0000
vn -0.0000 -0.7088 -0.7054
vn 0.3135 0.8876 0.3375
vn -0.8823 -0.3213 0.3440
vn 0.9175 0.2144 -0.3349
vn 0.5370 0.1297 -0.8335
vn -0.8823 -0.3213 -0.3440
vn -0.5223 -0.1593 -0.8377
vn -0.5223 -0.1593 0.8377
vn 0.5768 -0.0000 0.8169
vn 0.5768 -0.0000 -0.8169
vn -0.9484 -0.0000 -0.3171
vn 0.9484 -0.0000 -0.3171
vn -0.5768 -0.0000 -0.8169
vn -0.5768 -0.0000 0.8169
vn -0.9484 -0.0000 0.3171
vn -0.0000 -0.5849 -0.8111
vn -0.0000 0.9504 -0.3111
vn -0.0000 -0.9504 -0.3111
vn -0.0000 0.5850 -0.8111
vn -0.0000 0.5850 0.8111
vn -0.0000 -0.9504 0.3111
vn 0.9484 -0.0000 0.3171
vn 0.3135 0.8876 -0.3375
vn -0.5720 -0.7454 0.3424
vn 0.1921 0.5138 0.8361
vn 0.1921 0.5138 -0.8361
vn -0.5720 -0.7454 -0.3424
vn 0.5370 0.1297 0.8335
vn -0.2635 -0.4734 -0.8405
vn -0.2635 -0.4734 0.8405
vn 0.7120 0.6037 0.3585
vn 0.4023 0.3353 0.8519
vn -0.4252 -0.3076 0.8512
vn -0.7916 -0.4973 0.3551
vn -0.7916 -0.4973 -0.3551
vn -0.4252 -0.3076 -0.8512
vn 0.4023 0.3353 -0.8519
vn 0.7120 0.6037 -0.3585
vn 0.9175 0.2144 0.3349
vn -0.0000 -0.5849 0.8111
vn -0.3135 0.8876 0.3375
vn 0.8823 -0.3214 0.3440
vn -0.9175 0.2144 -0.3348
vn -0.5370 0.1297 -0.8335
vn 0.8823 -0.3213 -0.3440
vn 0.5224 -0.1593 -0.8377
vn 0.5223 -0.1593 0.8377
vn -0.3135 0.8876 -0.3375
vn 0.5720 -0.7454 0.3424
vn -0.1921 0.5138 0.8361
vn -0.1922 0.5138 -0.8361
vn 0.5719 -0.7454 -0.3424
vn -0.5370 0.1297 0.8335
vn 0.2635 -0.4734 -0.8405
vn 0.2635 -0.4734 0.8405
vn -0.7120 0.6037 0.3585
vn -0.4023 0.3353 0.8519
vn 0.4252 -0.3076 0.8512
vn 0.7916 -0.4973 0.3551
vn 0.7916 -0.4973 -0.3551
vn 0.4252 -0.3076 -0.8512
vn -0.4023 0.3353 -0.8519
vn -0.7120 0.6037 -0.3585
vn -0.9175 0.2144 0.3348
vn 0.3135 -0.8876 0.3375
vn -0.8823 0.3214 0.3440
vn 0.9175 -0.2144 -0.3348
vn 0.5370 -0.1297 -0.8335
vn -0.8823 0.3213 -0.3440
vn -0.5224 0.1593 -0.8377
vn -0.5223 0.1593 0.8377
vn -0.0000 0.5849 -0.8111
vn -0.0000 -0.5850 0.8111
vn -0.0000 0.9504 0.3111
vn 0.3135 -0.8876 -0.3375
vn -0.5720 0.7454 0.3424
vn 0.1921 -0.5138 0.8361
vn 0.1922 -0.5138 -0.8361
vn -0.5720 0.7454 -0.3424
vn 0.5370 -0.1297 0.8335
vn -0.2635 0.4734 -0.8405
vn -0.2635 0.4734 0.8405
vn 0.7120 -0.6037 0.3585
vn 0.4023 -0.3353 0.8519
vn -0.4252 0.3076 0.8512
vn -0.7916 0.4973 0.3551
vn -0.7916 0.4973 -0.3551
vn -0.4252 0.3076 -0.8512
vn 0.4023 -0.3353 -0.8519
vn 0.7120 -0.6037 -0.3585
vn 0.9175 -0.2144 0.3348
vn -0.0000 0.5849 0.8111
vn -0.3135 -0.8876 0.3375
vn 0.8823 0.3213 0.3440
vn -0.9175 -0.2144 -0.3348
vn -0.5370 -0.1297 -0.8335
vn 0.8823 0.3213 -0.3440
vn 0.5223 0.1593 -0.8377
vn 0.5223 0.1593 0.8377
vn -0.3135 -0.8876 -0.3375
vn 0.5720 0.7454 0.3424
vn -0.1921 -0.5138 0.8361
vn -0.1921 -0.5138 -0.8361
vn 0.5720 0.7454 -0.3424
vn -0.5370 -0.1297 0.8335
vn 0.2635 0.4734 -0.8405
vn 0.2635 0.4734 0.8405
vn -0.7120 -0.6037 0.3585
vn -0.4023 -0.3353 0.8519
vn 0.4252 0.3076 0.8512
vn 0.7916 0.4973 0.3551
vn 0.7916 0.4973 -0.3551
vn 0.4252 0.3076 -0.8512
vn -0.4023 -0.3353 -0.8519
vn -0.7120 -0.6037 -0.3585
vn -0.9175 -0.2144 0.3348
vt 0.375000 0.741642
vt 0.375000 0.750000
vt 0.458333 0.750000
vt 0.458333 0.741642
vt 0.397275 0.000000
vt 0.625000 0.000000
vt 0.625000 0.250000
vt 0.397275 0.250000
vt 0.625000 0.500000
vt 0.397275 0.500000
vt 0.625000 0.750000
vt 0.397275 0.750000
vt 0.625000 1.000000
vt 0.397275 1.000000
vt 0.125000 0.500000
vt 0.375000 0.500000
vt 0.125000 0.750000
vt 0.875000 0.500000
vt 0.875000 0.750000
vt 0.375000 1.000000
vt 0.375000 0.000000
vt 0.375000 0.250000
vt 0.000000 0.000000
s 1
usemtl 材质.002
f 1293/994/524 1291/995/524 1292/996/524 1294/997/524
f 1304/995/525 1296/995/525 1295/996/525 1303/996/525
f 1298/994/526 1297/997/526 1295/996/526 1296/995/526
f 1296/995/527 1304/995/527 1299/995/527 1291/995/527
f 1291/995/527 1293/994/527 1298/994/527 1296/995/527
f 1292/996/528 1300/996/528 1303/996/528 1295/996/528
f 1293/994/529 1294/997/529 1297/997/529 1298/994/529
f 1294/997/528 1292/996/528 1295/996/528 1297/997/528
f 1301/994/526 1302/997/526 1300/996/526 1299/995/526
f 1306/994/524 1304/995/524 1303/996/524 1305/997/524
f 1299/995/527 1304/995/527 1306/994/527 1301/994/527
f 1301/994/529 1306/994/529 1305/997/529 1302/997/529
f 1302/997/528 1305/997/528 1303/996/528 1300/996/528
f 1299/995/529 1300/996/529 1292/996/529 1291/995/529
f 1315/998/524 1308/999/524 1310/1000/524 1316/1001/524
f 1316/1001/529 1310/1000/529 1314/1002/529 1317/1003/529
f 1317/1003/526 1314/1002/526 1312/1004/526 1318/1005/526
f 1318/1005/525 1312/1004/525 1308/1006/525 1315/1007/525
f 1309/1008/527 1313/1009/527 1311/995/527 1307/1010/527
f 1314/1002/528 1310/1011/528 1308/1012/528 1312/1004/528
f 1311/995/525 1318/1005/525 1315/1007/525 1307/1013/525
f 1313/1009/526 1317/1003/526 1318/1005/526 1311/995/526
f 1324/1003/526 1323/1009/526 1321/1009/526 1322/1003/526
f 1307/1014/524 1315/998/524 1316/1001/524 1309/1015/524
f 1323/1009/530 1325/1008/530 1320/1008/530 1321/1009/530
f 1326/1001/528 1324/1003/528 1322/1003/528 1319/1001/528
f 1325/1015/524 1326/1001/524 1319/1001/524 1320/1015/524
f 1309/1015/524 1316/1001/524 1326/1001/524 1325/1015/524
f 1316/1001/528 1317/1003/528 1324/1003/528 1326/1001/528
f 1313/1009/527 1309/1008/527 1325/1008/527 1323/1009/527
f 1317/1003/526 1313/1009/526 1323/1009/526 1324/1003/526
f 1335/998/526 1336/1001/526 1330/1000/526 1328/999/526
f 1336/1001/529 1337/1003/529 1334/1002/529 1330/1000/529
f 1337/1003/524 1338/1005/524 1332/1004/524 1334/1002/524
f 1338/1005/525 1335/1007/525 1328/1006/525 1332/1004/525
f 1329/1008/527 1327/1010/527 1331/995/527 1333/1009/527
f 1334/1002/528 1332/1004/528 1328/1012/528 1330/1011/528
f 1331/995/525 1327/1013/525 1335/1007/525 1338/1005/525
f 1333/1009/524 1331/995/524 1338/1005/524 1337/1003/524
f 1344/1003/524 1342/1003/524 1341/1009/524 1343/1009/524
f 1327/1014/526 1329/1015/526 1336/1001/526 1335/998/526
f 1343/1009/530 1341/1009/530 1340/1008/530 1345/1008/530
f 1346/1001/528 1339/1001/528 1342/1003/528 1344/1003/528
f 1345/1015/526 1340/1015/526 1339/1001/526 1346/1001/526
f 1329/1015/526 1345/1015/526 1346/1001/526 1336/1001/526
f 1336/1001/528 1346/1001/528 1344/1003/528 1337/1003/528
f 1333/1009/527 1343/1009/527 1345/1008/527 1329/1008/527
f 1337/1003/524 1344/1003/524 1343/1009/524 1333/1009/524
f 1353/1016/531 1369/1016/531 1368/1016/531 1350/1016/531
f 1384/1016/529 1358/1016/529 1365/1016/529 1382/1016/529
f 1378/1016/532 1359/1016/532 1366/1016/532 1376/1016/532
f 1367/1016/533 1364/1016/533 1361/1016/533 1386/1016/533
f 1386/1016/534 1361/1016/534 1358/1016/534 1384/1016/534
f 1380/1016/535 1362/1016/535 1359/1016/535 1378/1016/535
f 1374/1016/525 1363/1016/525 1360/1016/525 1372/1016/525
f 1382/1016/536 1365/1016/536 1362/1016/536 1380/1016/536
f 1376/1016/537 1366/1016/537 1363/1016/537 1374/1016/537
f 1440/1016/538 1437/1016/538 1357/1016/538 1360/1016/538
f 1441/1016/539 1438/1016/539 1358/1016/539 1361/1016/539
f 1442/1016/540 1439/1016/540 1359/1016/540 1362/1016/540
f 1443/1016/525 1440/1016/525 1360/1016/525 1363/1016/525
f 1444/1016/541 1441/1016/541 1361/1016/541 1364/1016/541
f 1445/1016/542 1442/1016/542 1362/1016/542 1365/1016/542
f 1446/1016/543 1443/1016/543 1363/1016/543 1366/1016/543
f 1477/1016/544 1397/1016/544 1404/1016/544 1484/1016/544
f 1438/1016/529 1445/1016/529 1365/1016/529 1358/1016/529
f 1348/1016/545 1388/1016/545 1391/1016/545 1351/1016/545
f 1347/1016/546 1387/1016/546 1390/1016/546 1350/1016/546
f 1356/1016/525 1396/1016/525 1389/1016/525 1349/1016/525
f 1355/1016/547 1395/1016/547 1388/1016/547 1348/1016/547
f 1354/1016/548 1394/1016/548 1387/1016/548 1347/1016/548
f 1353/1016/549 1393/1016/549 1396/1016/549 1356/1016/549
f 1352/1016/550 1392/1016/550 1395/1016/550 1355/1016/550
f 1351/1016/529 1391/1016/529 1394/1016/529 1354/1016/529
f 1437/1016/551 1444/1016/551 1364/1016/551 1357/1016/551
f 1439/1016/544 1446/1016/544 1366/1016/544 1359/1016/544
f 1350/1016/552 1368/1016/552 1385/1016/552 1347/1016/552
f 1354/1016/529 1383/1016/529 1381/1016/529 1351/1016/529
f 1355/1016/553 1377/1016/553 1375/1016/553 1352/1016/553
f 1356/1016/554 1371/1016/554 1369/1016/554 1353/1016/554
f 1347/1016/555 1385/1016/555 1383/1016/555 1354/1016/555
f 1348/1016/556 1379/1016/556 1377/1016/556 1355/1016/556
f 1349/1016/525 1373/1016/525 1371/1016/525 1356/1016/525
f 1372/1016/557 1360/1016/557 1357/1016/557 1370/1016/557
f 1351/1016/558 1381/1016/558 1379/1016/558 1348/1016/558
f 1352/1016/559 1375/1016/559 1373/1016/559 1349/1016/559
f 1370/1016/560 1367/1016/560 1368/1016/560 1369/1016/560
f 1372/1016/561 1370/1016/561 1369/1016/561 1371/1016/561
f 1374/1016/525 1372/1016/525 1371/1016/525 1373/1016/525
f 1376/1016/562 1374/1016/562 1373/1016/562 1375/1016/562
f 1378/1016/563 1376/1016/563 1375/1016/563 1377/1016/563
f 1380/1016/564 1378/1016/564 1377/1016/564 1379/1016/564
f 1382/1016/565 1380/1016/565 1379/1016/565 1381/1016/565
f 1384/1016/529 1382/1016/529 1381/1016/529 1383/1016/529
f 1386/1016/566 1384/1016/566 1383/1016/566 1385/1016/566
f 1367/1016/567 1386/1016/567 1385/1016/567 1368/1016/567
f 1370/1016/568 1357/1016/568 1364/1016/568 1367/1016/568
f 1349/1016/569 1389/1016/569 1392/1016/569 1352/1016/569
f 1393/1016/570 1390/1016/570 1408/1016/570 1409/1016/570
f 1424/1016/529 1422/1016/529 1405/1016/529 1398/1016/529
f 1418/1016/571 1416/1016/571 1406/1016/571 1399/1016/571
f 1407/1016/572 1426/1016/572 1401/1016/572 1404/1016/572
f 1426/1016/573 1424/1016/573 1398/1016/573 1401/1016/573
f 1420/1016/574 1418/1016/574 1399/1016/574 1402/1016/574
f 1414/1016/525 1412/1016/525 1400/1016/525 1403/1016/525
f 1422/1016/575 1420/1016/575 1402/1016/575 1405/1016/575
f 1416/1016/576 1414/1016/576 1403/1016/576 1406/1016/576
f 1480/1016/543 1400/1016/543 1397/1016/543 1477/1016/543
f 1481/1016/542 1401/1016/542 1398/1016/542 1478/1016/542
f 1482/1016/541 1402/1016/541 1399/1016/541 1479/1016/541
f 1483/1016/525 1403/1016/525 1400/1016/525 1480/1016/525
f 1484/1016/540 1404/1016/540 1401/1016/540 1481/1016/540
f 1485/1016/539 1405/1016/539 1402/1016/539 1482/1016/539
f 1486/1016/538 1406/1016/538 1403/1016/538 1483/1016/538
f 1433/1016/550 1473/1016/550 1470/1016/550 1430/1016/550
f 1478/1016/529 1398/1016/529 1405/1016/529 1485/1016/529
f 1479/1016/551 1399/1016/551 1406/1016/551 1486/1016/551
f 1390/1016/577 1387/1016/577 1425/1016/577 1408/1016/577
f 1394/1016/529 1391/1016/529 1421/1016/529 1423/1016/529
f 1395/1016/578 1392/1016/578 1415/1016/578 1417/1016/578
f 1396/1016/579 1393/1016/579 1409/1016/579 1411/1016/579
f 1387/1016/580 1394/1016/580 1423/1016/580 1425/1016/580
f 1388/1016/581 1395/1016/581 1417/1016/581 1419/1016/581
f 1389/1016/525 1396/1016/525 1411/1016/525 1413/1016/525
f 1412/1016/582 1410/1016/582 1397/1016/582 1400/1016/582
f 1391/1016/583 1388/1016/583 1419/1016/583 1421/1016/583
f 1392/1016/584 1389/1016/584 1413/1016/584 1415/1016/584
f 1410/1016/585 1409/1016/585 1408/1016/585 1407/1016/585
f 1412/1016/586 1411/1016/586 1409/1016/586 1410/1016/586
f 1414/1016/525 1413/1016/525 1411/1016/525 1412/1016/525
f 1416/1016/587 1415/1016/587 1413/1016/587 1414/1016/587
f 1418/1016/588 1417/1016/588 1415/1016/588 1416/1016/588
f 1420/1016/589 1419/1016/589 1417/1016/589 1418/1016/589
f 1422/1016/590 1421/1016/590 1419/1016/590 1420/1016/590
f 1424/1016/529 1423/1016/529 1421/1016/529 1422/1016/529
f 1426/1016/591 1425/1016/591 1423/1016/591 1424/1016/591
f 1407/1016/592 1408/1016/592 1425/1016/592 1426/1016/592
f 1410/1016/593 1407/1016/593 1404/1016/593 1397/1016/593
f 1433/1016/594 1430/1016/594 1448/1016/594 1449/1016/594
f 1464/1016/529 1462/1016/529 1445/1016/529 1438/1016/529
f 1458/1016/595 1456/1016/595 1446/1016/595 1439/1016/595
f 1447/1016/596 1466/1016/596 1441/1016/596 1444/1016/596
f 1466/1016/597 1464/1016/597 1438/1016/597 1441/1016/597
f 1460/1016/598 1458/1016/598 1439/1016/598 1442/1016/598
f 1454/1016/525 1452/1016/525 1440/1016/525 1443/1016/525
f 1462/1016/599 1460/1016/599 1442/1016/599 1445/1016/599
f 1456/1016/600 1454/1016/600 1443/1016/600 1446/1016/600
f 1431/1016/601 1471/1016/601 1468/1016/601 1428/1016/601
f 1430/1016/547 1470/1016/547 1467/1016/547 1427/1016/547
f 1429/1016/525 1469/1016/525 1476/1016/525 1436/1016/525
f 1428/1016/546 1468/1016/546 1475/1016/546 1435/1016/546
f 1427/1016/545 1467/1016/545 1474/1016/545 1434/1016/545
f 1436/1016/602 1476/1016/602 1473/1016/602 1433/1016/602
f 1435/1016/603 1475/1016/603 1472/1016/603 1432/1016/603
f 1434/1016/529 1474/1016/529 1471/1016/529 1431/1016/529
f 1430/1016/604 1427/1016/604 1465/1016/604 1448/1016/604
f 1434/1016/529 1431/1016/529 1461/1016/529 1463/1016/529
f 1435/1016/605 1432/1016/605 1455/1016/605 1457/1016/605
f 1436/1016/606 1433/1016/606 1449/1016/606 1451/1016/606
f 1427/1016/607 1434/1016/607 1463/1016/607 1465/1016/607
f 1428/1016/608 1435/1016/608 1457/1016/608 1459/1016/608
f 1429/1016/525 1436/1016/525 1451/1016/525 1453/1016/525
f 1452/1016/609 1450/1016/609 1437/1016/609 1440/1016/609
f 1431/1016/610 1428/1016/610 1459/1016/610 1461/1016/610
f 1432/1016/611 1429/1016/611 1453/1016/611 1455/1016/611
f 1450/1016/612 1449/1016/612 1448/1016/612 1447/1016/612
f 1452/1016/613 1451/1016/613 1449/1016/613 1450/1016/613
f 1454/1016/525 1453/1016/525 1451/1016/525 1452/1016/525
f 1456/1016/614 1455/1016/614 1453/1016/614 1454/1016/614
f 1458/1016/615 1457/1016/615 1455/1016/615 1456/1016/615
f 1460/1016/616 1459/1016/616 1457/1016/616 1458/1016/616
f 1462/1016/617 1461/1016/617 1459/1016/617 1460/1016/617
f 1464/1016/529 1463/1016/529 1461/1016/529 1462/1016/529
f 1466/1016/618 1465/1016/618 1463/1016/618 1464/1016/618
f 1447/1016/619 1448/1016/619 1465/1016/619 1466/1016/619
f 1450/1016/620 1447/1016/620 1444/1016/620 1437/1016/620
f 1432/1016/621 1472/1016/621 1469/1016/621 1429/1016/621
f 1473/1016/622 1489/1016/622 1488/1016/622 1470/1016/622
f 1504/1016/529 1478/1016/529 1485/1016/529 1502/1016/529
f 1498/1016/623 1479/1016/623 1486/1016/623 1496/1016/623
f 1487/1016/624 1484/1016/624 1481/1016/624 1506/1016/624
f 1506/1016/625 1481/1016/625 1478/1016/625 1504/1016/625
f 1500/1016/626 1482/1016/626 1479/1016/626 1498/1016/626
f 1494/1016/525 1483/1016/525 1480/1016/525 1492/1016/525
f 1502/1016/627 1485/1016/627 1482/1016/627 1500/1016/627
f 1496/1016/628 1486/1016/628 1483/1016/628 1494/1016/628
f 1470/1016/629 1488/1016/629 1505/1016/629 1467/1016/629
f 1474/1016/529 1503/1016/529 1501/1016/529 1471/1016/529
f 1475/1016/630 1497/1016/630 1495/1016/630 1472/1016/630
f 1476/1016/631 1491/1016/631 1489/1016/631 1473/1016/631
f 1467/1016/632 1505/1016/632 1503/1016/632 1474/1016/632
f 1468/1016/633 1499/1016/633 1497/1016/633 1475/1016/633
f 1469/1016/525 1493/1016/525 1491/1016/525 1476/1016/525
f 1492/1016/634 1480/1016/634 1477/1016/634 1490/1016/634
f 1471/1016/635 1501/1016/635 1499/1016/635 1468/1016/635
f 1472/1016/636 1495/1016/636 1493/1016/636 1469/1016/636
f 1490/1016/637 1487/1016/637 1488/1016/637 1489/1016/637
f 1492/1016/638 1490/1016/638 1489/1016/638 1491/1016/638
f 1494/1016/525 1492/1016/525 1491/1016/525 1493/1016/525
f 1496/1016/639 1494/1016/639 1493/1016/639 1495/1016/639
f 1498/1016/640 1496/1016/640 1495/1016/640 1497/1016/640
f 1500/1016/641 1498/1016/641 1497/1016/641 1499/1016/641
f 1502/1016/642 1500/1016/642 1499/1016/642 1501/1016/642
f 1504/1016/529 1502/1016/529 1501/1016/529 1503/1016/529
f 1506/1016/643 1504/1016/643 1503/1016/643 1505/1016/643
f 1487/1016/644 1506/1016/644 1505/1016/644 1488/1016/644
f 1490/1016/645 1477/1016/645 1484/1016/645 1487/1016/645
f 1350/1016/603 1390/1016/603 1393/1016/603 1353/1016/603
o light2
v 0.765599 0.840357 -1.521299
v 0.765599 0.567969 -1.521299
v 0.765599 0.840357 -1.473745
v 0.765599 0.567969 -1.473745
v 0.696104 0.840357 -1.521299
v 0.696104 0.567969 -1.521299
v 0.772352 0.840357 -1.529022
v 0.772352 0.567969 -1.529022
v 0.772352 0.840357 -1.473745
v 0.772352 0.567969 -1.473745
v 0.696104 0.840357 -1.529022
v 0.696104 0.567969 -1.529022
v -0.765599 0.840357 -1.521299
v -0.765599 0.567969 -1.521299
v -0.765599 0.840357 -1.473745
v -0.765599 0.567969 -1.473745
v -0.696104 0.840357 -1.521299
v -0.696104 0.567969 -1.521299
v -0.772353 0.840357 -1.529022
v -0.772353 0.567969 -1.529022
v -0.772353 0.840357 -1.473745
v -0.772353 0.567969 -1.473745
v -0.696104 0.840357 -1.529022
v -0.696104 0.567969 -1.529022
vn -0.0000 -0.0000 1.0000
vn -1.0000 -0.0000 -0.0000
vn -0.0000 -0.0000 -1.0000
vn 1.0000 -0.0000 -0.0000
vn -0.0000 -1.0000 -0.0000
vn -0.0000 1.0000 -0.0000
vt 0.458333 0.470640
vt 0.458333 0.500000
vt 0.471154 0.499991
vt 0.541667 0.470269
vt 0.458333 0.545747
vt 0.471154 0.625000
s 1
usemtl 材质.003
f 1512/1017/646 1508/1018/646 1507/1019/646 1511/1020/646
f 1510/1021/647 1509/1022/647 1507/1019/647 1508/1018/647
f 1518/1017/648 1517/1020/648 1513/1019/648 1514/1018/648
f 1516/1021/649 1514/1018/649 1513/1019/649 1515/1022/649
f 1508/1018/650 1512/1017/650 1518/1017/650 1514/1018/650
f 1509/1022/646 1510/1021/646 1516/1021/646 1515/1022/646
f 1512/1017/647 1511/1020/647 1517/1020/647 1518/1017/647
f 1511/1020/651 1507/1019/651 1513/1019/651 1517/1020/651
f 1507/1019/651 1509/1022/651 1515/1022/651 1513/1019/651
f 1510/1021/650 1508/1018/650 1514/1018/650 1516/1021/650
f 1524/1017/646 1523/1020/646 1519/1019/646 1520/1018/646
f 1522/1021/649 1520/1018/649 1519/1019/649 1521/1022/649
f 1530/1017/648 1526/1018/648 1525/1019/648 1529/1020/648
f 1528/1021/647 1527/1022/647 1525/1019/647 1526/1018/647
f 1520/1018/650 1526/1018/650 1530/1017/650 1524/1017/650
f 1521/1022/646 1527/1022/646 1528/1021/646 1522/1021/646
f 1524/1017/649 1530/1017/649 1529/1020/649 1523/1020/649
f 1523/1020/651 1529/1020/651 1525/1019/651 1519/1019/651
f 1519/1019/651 1525/1019/651 1527/1022/651 1521/1022/651
f 1522/1021/650 1528/1021/650 1526/1018/650 1520/1018/650
o headlight
v 0.766650 0.576550 1.793502
v 0.766650 0.685508 1.793502
v 0.766650 0.576550 1.704812
v 0.766650 0.685508 1.704812
v 0.595437 0.576550 1.793502
v 0.595437 0.685508 1.793502
v 0.774090 0.685508 1.801116
v 0.774090 0.576550 1.801116
v 0.606419 0.588976 1.801116
v 0.774090 0.673081 1.715794
v 0.774090 0.588977 1.715794
v 0.606419 0.673081 1.801116
v 0.595437 0.576550 1.801116
v 0.774090 0.588976 1.801116
v 0.774090 0.685508 1.704812
v 0.774090 0.673081 1.801116
v 0.774090 0.576550 1.704812
v 0.595437 0.685508 1.801116
v -0.766650 0.576550 1.793502
v -0.766650 0.685508 1.793502
v -0.766650 0.576550 1.704812
v -0.766650 0.685508 1.704812
v -0.595438 0.576550 1.793502
v -0.595438 0.685508 1.793502
v -0.774091 0.685508 1.801116
v -0.774091 0.576550 1.801116
v -0.606419 0.588976 1.801116
v -0.774091 0.673081 1.715794
v -0.774091 0.588977 1.715794
v -0.606419 0.673081 1.801116
v -0.595438 0.576550 1.801116
v -0.774091 0.588976 1.801116
v -0.774091 0.685508 1.704812
v -0.774091 0.673081 1.801116
v -0.774091 0.576550 1.704812
v -0.595438 0.685508 1.801116
v 0.766650 0.692311 1.793502
v 0.766650 0.801270 1.793502
v 0.766650 0.692311 1.704812
v 0.766650 0.801270 1.704812
v 0.595437 0.692311 1.793502
v 0.595437 0.801270 1.793502
v 0.774090 0.801270 1.801116
v 0.774090 0.692311 1.801116
v 0.606419 0.704738 1.801116
v 0.774090 0.788843 1.715794
v 0.774090 0.704738 1.715794
v 0.606419 0.788843 1.801116
v 0.595437 0.692311 1.801116
v 0.774090 0.704738 1.801116
v 0.774090 0.801270 1.704812
v 0.774090 0.788843 1.801116
v 0.774090 0.692311 1.704812
v 0.595437 0.801270 1.801116
v -0.766650 0.692311 1.793502
v -0.766650 0.801270 1.793502
v -0.766650 0.692311 1.704812
v -0.766650 0.801270 1.704812
v -0.595438 0.692311 1.793502
v -0.595438 0.801270 1.793502
v -0.774091 0.801270 1.801116
v -0.774091 0.692311 1.801116
v -0.606419 0.704738 1.801116
v -0.774091 0.788843 1.715794
v -0.774091 0.704738 1.715794
v -0.606419 0.788843 1.801116
v -0.595438 0.692311 1.801116
v -0.774091 0.704738 1.801116
v -0.774091 0.801270 1.704812
v -0.774091 0.788843 1.801116
v -0.774091 0.692311 1.704812
v -0.595438 0.801270 1.801116
vn -1.0000 -0.0000 -0.0000
vn -0.0000 -0.0000 -1.0000
vn -0.0000 1.0000 -0.0000
vn -0.0000 -1.0000 -0.0000
vn -0.0000 -0.0000 1.0000
vn 1.0000 -0.0000 -0.0000
vt 0.375000 0.743257
vt 0.375000 0.750000
vt 0.458333 0.750000
vt 0.458333 0.743257
vt 0.375000 0.875000
vt 0.458333 0.875000
vt 0.384504 0.867316
vt 0.384504 0.750000
vt 0.448829 0.744026
vt 0.448829 0.750000
vt 0.384504 0.744026
vt 0.448829 0.867316
s 1
f 1533/1023/652 1531/1024/652 1532/1025/652 1534/1026/652
f 1531/1024/653 1535/1027/653 1536/1028/653 1532/1025/653
f 1536/1028/654 1548/1028/654 1537/1025/654 1532/1025/654
f 1534/1026/653 1545/1026/653 1547/1023/653 1533/1023/653
f 1532/1025/654 1537/1025/654 1545/1026/654 1534/1026/654
f 1535/1027/652 1543/1027/652 1548/1028/652 1536/1028/652
f 1533/1023/655 1547/1023/655 1538/1024/655 1531/1024/655
f 1531/1024/655 1538/1024/655 1543/1027/655 1535/1027/655
f 1539/1029/656 1543/1027/656 1538/1024/656 1544/1030/656
f 1540/1031/657 1545/1026/657 1537/1025/657 1546/1032/657
f 1544/1030/657 1538/1024/657 1547/1023/657 1541/1033/657
f 1541/1033/657 1547/1023/657 1545/1026/657 1540/1031/657
f 1542/1034/656 1548/1028/656 1543/1027/656 1539/1029/656
f 1546/1032/656 1537/1025/656 1548/1028/656 1542/1034/656
f 1551/1023/657 1552/1026/657 1550/1025/657 1549/1024/657
f 1549/1024/653 1550/1025/653 1554/1028/653 1553/1027/653
f 1554/1028/654 1550/1025/654 1555/1025/654 1566/1028/654
f 1552/1026/653 1551/1023/653 1565/1023/653 1563/1026/653
f 1550/1025/654 1552/1026/654 1563/1026/654 1555/1025/654
f 1553/1027/657 1554/1028/657 1566/1028/657 1561/1027/657
f 1551/1023/655 1549/1024/655 1556/1024/655 1565/1023/655
f 1549/1024/655 1553/1027/655 1561/1027/655 1556/1024/655
f 1557/1029/656 1562/1030/656 1556/1024/656 1561/1027/656
f 1558/1031/652 1564/1032/652 1555/1025/652 1563/1026/652
f 1562/1030/652 1559/1033/652 1565/1023/652 1556/1024/652
f 1559/1033/652 1558/1031/652 1563/1026/652 1565/1023/652
f 1560/1034/656 1557/1029/656 1561/1027/656 1566/1028/656
f 1564/1032/656 1560/1034/656 1566/1028/656 1555/1025/656
f 1569/1023/652 1567/1024/652 1568/1025/652 1570/1026/652
f 1567/1024/653 1571/1027/653 1572/1028/653 1568/1025/653
f 1572/1028/654 1584/1028/654 1573/1025/654 1568/1025/654
f 1570/1026/653 1581/1026/653 1583/1023/653 1569/1023/653
f 1568/1025/654 1573/1025/654 1581/1026/654 1570/1026/654
f 1571/1027/652 1579/1027/652 1584/1028/652 1572/1028/652
f 1569/1023/655 1583/1023/655 1574/1024/655 1567/1024/655
f 1567/1024/655 1574/1024/655 1579/1027/655 1571/1027/655
f 1575/1029/656 1579/1027/656 1574/1024/656 1580/1030/656
f 1576/1031/657 1581/1026/657 1573/1025/657 1582/1032/657
f 1580/1030/657 1574/1024/657 1583/1023/657 1577/1033/657
f 1577/1033/657 1583/1023/657 1581/1026/657 1576/1031/657
f 1578/1034/656 1584/1028/656 1579/1027/656 1575/1029/656
f 1582/1032/656 1573/1025/656 1584/1028/656 1578/1034/656
f 1590/1028/654 1586/1025/654 1591/1025/654 1602/1028/654
f 1588/1026/653 1587/1023/653 1601/1023/653 1599/1026/653
f 1586/1025/654 1588/1026/654 1599/1026/654 1591/1025/654
f 1589/1027/657 1590/1028/657 1602/1028/657 1597/1027/657
f 1587/1023/655 1585/1024/655 1592/1024/655 1601/1023/655
f 1585/1024/655 1589/1027/655 1597/1027/655 1592/1024/655
f 1593/1029/656 1598/1030/656 1592/1024/656 1597/1027/656
f 1594/1031/652 1600/1032/652 1591/1025/652 1599/1026/652
f 1598/1030/652 1595/1033/652 1601/1023/652 1592/1024/652
f 1595/1033/652 1594/1031/652 1599/1026/652 1601/1023/652
f 1596/1034/656 1593/1029/656 1597/1027/656 1602/1028/656
f 1600/1032/656 1596/1034/656 1602/1028/656 1591/1025/656
o light1
v 0.606419 0.588976 1.801116
v 0.774090 0.673081 1.715794
v 0.774090 0.588977 1.715794
v 0.606419 0.673081 1.801116
v 0.774090 0.588976 1.801116
v 0.774090 0.673081 1.801116
v 0.780506 0.673081 1.808238
v 0.780506 0.588976 1.808238
v 0.606419 0.588976 1.808238
v 0.780506 0.673081 1.715794
v 0.780506 0.588977 1.715794
v 0.606419 0.673081 1.808238
v -0.606419 0.588976 1.801116
v -0.774091 0.673081 1.715794
v -0.774091 0.588977 1.715794
v -0.606419 0.673081 1.801116
v -0.774091 0.588976 1.801116
v -0.774091 0.673081 1.801116
v -0.780506 0.673081 1.808238
v -0.780506 0.588976 1.808238
v -0.606419 0.588976 1.808238
v -0.780506 0.673081 1.715794
v -0.780506 0.588977 1.715794
v -0.606419 0.673081 1.808238
v 0.606419 0.704738 1.801116
v 0.774090 0.788843 1.715794
v 0.774090 0.704738 1.715794
v 0.606419 0.788843 1.801116
v 0.774090 0.704738 1.801116
v 0.774090 0.788843 1.801116
v 0.780506 0.788843 1.808238
v 0.780506 0.704738 1.808238
v 0.606419 0.704738 1.808238
v 0.780506 0.788843 1.715794
v 0.780506 0.704738 1.715794
v 0.606419 0.788843 1.808238
v -0.606419 0.704738 1.801116
v -0.774091 0.788843 1.715794
v -0.774091 0.704738 1.715794
v -0.606419 0.788843 1.801116
v -0.774091 0.704738 1.801116
v -0.774091 0.788843 1.801116
v -0.780506 0.788843 1.808238
v -0.780506 0.704738 1.808238
v -0.606419 0.704738 1.808238
v -0.780506 0.788843 1.715794
v -0.780506 0.704738 1.715794
v -0.606419 0.788843 1.808238
vn -0.0000 1.0000 -0.0000
vn -0.0000 -0.0000 -1.0000
vn 1.0000 -0.0000 -0.0000
vn -0.0000 -0.0000 1.0000
vn -1.0000 -0.0000 -0.0000
vn -0.0000 -1.0000 -0.0000
vt 0.448829 0.750000
vt 0.448829 0.744026
vt 0.384504 0.744026
vt 0.384504 0.750000
vt 0.448829 0.867316
vt 0.384504 0.867316
s 1
usemtl 材质.003
f 1608/1035/658 1609/1035/658 1612/1036/658 1604/1036/658
f 1604/1036/659 1612/1036/659 1613/1037/659 1605/1037/659
f 1613/1037/660 1612/1036/660 1609/1035/660 1610/1038/660
f 1610/1038/661 1609/1035/661 1614/1039/661 1611/1040/661
f 1603/1040/662 1611/1040/662 1614/1039/662 1606/1039/662
f 1605/1037/663 1613/1037/663 1610/1038/663 1607/1038/663
f 1607/1038/663 1610/1038/663 1611/1040/663 1603/1040/663
f 1606/1039/658 1614/1039/658 1609/1035/658 1608/1035/658
f 1620/1035/658 1616/1036/658 1624/1036/658 1621/1035/658
f 1616/1036/659 1617/1037/659 1625/1037/659 1624/1036/659
f 1625/1037/662 1622/1038/662 1621/1035/662 1624/1036/662
f 1622/1038/661 1623/1040/661 1626/1039/661 1621/1035/661
f 1615/1040/660 1618/1039/660 1626/1039/660 1623/1040/660
f 1617/1037/663 1619/1038/663 1622/1038/663 1625/1037/663
f 1619/1038/663 1615/1040/663 1623/1040/663 1622/1038/663
f 1618/1039/658 1620/1035/658 1621/1035/658 1626/1039/658
f 1632/1035/658 1633/1035/658 1636/1036/658 1628/1036/658
f 1628/1036/659 1636/1036/659 1637/1037/659 1629/1037/659
f 1637/1037/660 1636/1036/660 1633/1035/660 1634/1038/660
f 1634/1038/661 1633/1035/661 1638/1039/661 1635/1040/661
f 1627/1040/662 1635/1040/662 1638/1039/662 1630/1039/662
f 1629/1037/663 1637/1037/663 1634/1038/663 1631/1038/663
f 1631/1038/663 1634/1038/663 1635/1040/663 1627/1040/663
f 1630/1039/658 1638/1039/658 1633/1035/658 1632/1035/658
f 1644/1035/658 1640/1036/658 1648/1036/658 1645/1035/658
f 1640/1036/659 1641/1037/659 1649/1037/659 1648/1036/659
f 1649/1037/662 1646/1038/662 1645/1035/662 1648/1036/662
f 1646/1038/661 1647/1040/661 1650/1039/661 1645/1035/661
f 1639/1040/660 1642/1039/660 1650/1039/660 1647/1040/660
f 1641/1037/663 1643/1038/663 1646/1038/663 1649/1037/663
f 1643/1038/663 1639/1040/663 1647/1040/663 1646/1038/663
f 1642/1039/658 1644/1035/658 1645/1035/658 1650/1039/658
o metal3
v 0.645776 0.429151 -0.108799
v 0.612904 0.429151 -0.095183
v 0.599288 0.429151 -0.062311
v 0.612904 0.429151 -0.029440
v 0.645776 0.429151 -0.015824
v 0.678648 0.429151 -0.029440
v 0.692263 0.429151 -0.062311
v 0.678648 0.429151 -0.095183
v 0.645776 1.613523 -0.108799
v 0.612904 1.613523 -0.095184
v 0.599288 1.613523 -0.062312
v 0.612904 1.613523 -0.029440
v 0.645776 1.613523 -0.015824
v 0.678648 1.613523 -0.029440
v 0.692263 1.613523 -0.062312
v 0.678648 1.613523 -0.095184
v 0.620867 1.673713 -0.108799
v 0.597623 1.650469 -0.095184
v 0.587995 1.640841 -0.062312
v 0.597623 1.650469 -0.029440
v 0.620867 1.673713 -0.015824
v 0.644111 1.696957 -0.029440
v 0.653739 1.706585 -0.062312
v 0.644111 1.696957 -0.095184
v 0.562032 1.698357 -0.108799
v 0.562032 1.665485 -0.095184
v 0.562032 1.651869 -0.062312
v 0.562032 1.665485 -0.029440
v 0.562032 1.698357 -0.015824
v 0.562032 1.731229 -0.029440
v 0.562032 1.744845 -0.062312
v 0.562032 1.731229 -0.095184
v 0.640352 1.644760 -0.015824
v 0.640352 1.644760 -0.108799
v 0.609052 1.633138 -0.095184
v 0.671653 1.656382 -0.029440
v 0.596087 1.628324 -0.062312
v 0.684618 1.661196 -0.062312
v 0.609052 1.633138 -0.029440
v 0.671653 1.656382 -0.095184
v 0.608358 1.733469 -0.062312
v 0.580300 1.661366 -0.029440
v 0.603544 1.721098 -0.095184
v 0.591922 1.691232 -0.015824
v 0.591922 1.691232 -0.108799
v 0.580300 1.661366 -0.095184
v 0.603544 1.721098 -0.029440
v 0.575486 1.648995 -0.062312
v -0.645776 0.429151 -0.108799
v -0.612904 0.429151 -0.095183
v -0.599289 0.429151 -0.062311
v -0.612904 0.429151 -0.029440
v -0.645776 0.429151 -0.015824
v -0.678648 0.429151 -0.029440
v -0.692264 0.429151 -0.062311
v -0.678648 0.429151 -0.095183
v -0.645776 1.613523 -0.108800
v -0.612904 1.613523 -0.095184
v -0.599289 1.613523 -0.062312
v -0.612904 1.613523 -0.029440
v -0.645776 1.613523 -0.015824
v -0.678648 1.613523 -0.029440
v -0.692264 1.613523 -0.062312
v -0.678648 1.613523 -0.095184
v -0.620867 1.673713 -0.108800
v -0.597623 1.650469 -0.095184
v -0.587996 1.640841 -0.062312
v -0.597623 1.650469 -0.029440
v -0.620867 1.673713 -0.015824
v -0.644111 1.696957 -0.029440
v -0.653739 1.706585 -0.062312
v -0.644111 1.696957 -0.095184
v -0.562033 1.698357 -0.108800
v -0.562033 1.665485 -0.095184
v -0.562033 1.651869 -0.062312
v -0.562033 1.665485 -0.029440
v -0.562033 1.698357 -0.015824
v -0.562033 1.731229 -0.029440
v -0.562033 1.744845 -0.062312
v -0.562033 1.731229 -0.095184
v -0.640353 1.644760 -0.015824
v -0.640353 1.644760 -0.108800
v -0.609053 1.633138 -0.095184
v -0.671653 1.656382 -0.029440
v -0.596088 1.628324 -0.062312
v -0.684618 1.661196 -0.062312
v -0.609053 1.633138 -0.029440
v -0.671653 1.656382 -0.095184
v -0.608358 1.733469 -0.062312
v -0.580301 1.661366 -0.029440
v -0.603544 1.721098 -0.095184
v -0.591922 1.691232 -0.015824
v -0.591922 1.691232 -0.108800
v -0.580301 1.661366 -0.095184
v -0.603544 1.721098 -0.029440
v -0.575486 1.648995 -0.062312
vn 0.9239 -0.0000 0.3827
vn -0.9239 -0.0000 0.3827
vn 0.9239 -0.0000 -0.3827
vn -0.3827 -0.0000 0.9239
vn 0.3827 -0.0000 -0.9239
vn -0.3827 -0.0000 -0.9239
vn 0.3827 -0.0000 0.9239
vn -0.3791 -0.0691 -0.9228
vn 0.3213 0.2173 -0.9217
vn 0.3213 0.2173 0.9217
vn -0.3225 -0.2154 -0.9217
vn -0.7749 -0.5068 -0.3776
vn 0.7659 0.5205 0.3775
vn -0.7749 -0.5068 0.3776
vn 0.7659 0.5205 -0.3775
vn -0.4997 -0.7825 0.3716
vn -0.2062 -0.3358 0.9191
vn 0.0923 0.3820 -0.9195
vn -0.0893 -0.3826 -0.9196
vn 0.0923 0.3820 0.9195
vn -0.1998 -0.9061 -0.3728
vn 0.2207 0.9014 0.3725
vn -0.3225 -0.2154 0.9217
vn -0.0000 0.9239 0.3827
vn -0.0000 -0.9239 0.3827
vn -0.0000 0.9239 -0.3827
vn -0.0000 -0.3827 0.9239
vn -0.0000 0.3827 -0.9239
vn -0.0000 -0.3827 -0.9239
vn 0.3791 -0.0691 0.9228
vn -0.0000 0.3827 0.9239
vn 0.2207 0.9014 -0.3725
vn 0.3801 0.0637 -0.9228
vn 0.4740 0.7984 -0.3713
vn 0.9131 0.1477 -0.3800
vn -0.9062 -0.1857 0.3800
vn 0.9131 0.1477 0.3800
vn -0.9062 -0.1857 -0.3800
vn 0.3801 0.0637 0.9228
vn -0.0893 -0.3826 0.9196
vn -0.3791 -0.0691 0.9228
vn 0.4740 0.7984 0.3713
vn -0.4997 -0.7825 -0.3716
vn 0.2027 0.3382 0.9190
vn -0.2063 -0.3358 -0.9191
vn 0.2027 0.3382 -0.9190
vn -0.1998 -0.9061 0.3728
vn -0.9239 -0.0000 -0.3827
vn 0.3791 -0.0691 -0.9228
vn -0.3213 0.2173 -0.9217
vn -0.3213 0.2173 0.9217
vn 0.3225 -0.2154 -0.9217
vn 0.7749 -0.5068 -0.3776
vn -0.7659 0.5205 0.3775
vn 0.7749 -0.5068 0.3776
vn -0.7659 0.5205 -0.3775
vn 0.4997 -0.7825 0.3716
vn 0.2063 -0.3358 0.9191
vn -0.0923 0.3820 -0.9195
vn 0.0893 -0.3826 -0.9196
vn -0.0923 0.3820 0.9195
vn 0.1998 -0.9061 -0.3728
vn -0.2207 0.9014 0.3725
vn 0.3225 -0.2154 0.9217
vn -0.2207 0.9014 -0.3725
vn -0.3800 0.0637 -0.9228
vn -0.4740 0.7984 -0.3713
vn -0.9131 0.1477 -0.3800
vn 0.9062 -0.1857 0.3800
vn -0.9131 0.1477 0.3800
vn 0.9062 -0.1857 -0.3800
vn -0.3801 0.0637 0.9228
vn 0.0893 -0.3826 0.9196
vn -0.0000 -0.9239 -0.3827
vn -0.4740 0.7984 0.3713
vn 0.4997 -0.7825 -0.3716
vn -0.2027 0.3382 0.9190
vn 0.2063 -0.3358 -0.9191
vn -0.2027 0.3382 -0.9190
vn 0.1998 -0.9061 0.3728
vt 0.000000 0.000000
s 1
usemtl 材质.002
f 1664/1041/664 1656/1041/664 1657/1041/664 1665/1041/664
f 1654/1041/665 1662/1041/665 1661/1041/665 1653/1041/665
f 1658/1041/666 1666/1041/666 1665/1041/666 1657/1041/666
f 1655/1041/667 1663/1041/667 1662/1041/667 1654/1041/667
f 1651/1041/668 1659/1041/668 1666/1041/668 1658/1041/668
f 1652/1041/669 1660/1041/669 1659/1041/669 1651/1041/669
f 1656/1041/670 1664/1041/670 1663/1041/670 1655/1041/670
f 1685/1041/671 1684/1041/671 1659/1041/671 1660/1041/671
f 1674/1041/672 1690/1041/672 1684/1041/672 1667/1041/672
f 1686/1041/673 1672/1041/673 1671/1041/673 1683/1041/673
f 1685/1041/674 1668/1041/674 1667/1041/674 1684/1041/674
f 1687/1041/675 1669/1041/675 1668/1041/675 1685/1041/675
f 1688/1041/676 1673/1041/676 1672/1041/676 1686/1041/676
f 1689/1041/677 1670/1041/677 1669/1041/677 1687/1041/677
f 1690/1041/678 1674/1041/678 1673/1041/678 1688/1041/678
f 1700/1041/666 1708/1041/666 1709/1041/666 1701/1041/666
f 1670/1041/679 1692/1041/679 1698/1041/679 1669/1041/679
f 1694/1041/680 1692/1041/680 1670/1041/680 1671/1041/680
f 1695/1041/681 1675/1041/681 1682/1041/681 1693/1041/681
f 1696/1041/682 1676/1041/682 1675/1041/682 1695/1041/682
f 1697/1041/683 1680/1041/683 1679/1041/683 1694/1041/683
f 1698/1041/684 1677/1041/684 1676/1041/684 1696/1041/684
f 1691/1041/685 1681/1041/685 1680/1041/685 1697/1041/685
f 1670/1041/686 1689/1041/686 1683/1041/686 1671/1041/686
f 1728/1041/687 1680/1041/687 1681/1041/687 1729/1041/687
f 1726/1041/688 1725/1041/688 1677/1041/688 1678/1041/688
f 1730/1041/689 1729/1041/689 1681/1041/689 1682/1041/689
f 1727/1041/690 1726/1041/690 1678/1041/690 1679/1041/690
f 1723/1041/691 1730/1041/691 1682/1041/691 1675/1041/691
f 1723/1041/692 1675/1041/692 1676/1041/692 1724/1041/692
f 1711/1041/693 1710/1041/693 1737/1041/693 1731/1041/693
f 1728/1041/694 1727/1041/694 1679/1041/694 1680/1041/694
f 1693/1041/695 1682/1041/695 1681/1041/695 1691/1041/695
f 1659/1041/696 1684/1041/696 1690/1041/696 1666/1041/696
f 1693/1041/697 1691/1041/697 1673/1041/697 1674/1041/697
f 1690/1041/698 1688/1041/698 1665/1041/698 1666/1041/698
f 1689/1041/699 1687/1041/699 1661/1041/699 1662/1041/699
f 1688/1041/700 1686/1041/700 1664/1041/700 1665/1041/700
f 1687/1041/701 1685/1041/701 1660/1041/701 1661/1041/701
f 1686/1041/702 1683/1041/702 1663/1041/702 1664/1041/702
f 1694/1041/703 1679/1041/703 1678/1041/703 1692/1041/703
f 1663/1041/704 1683/1041/704 1689/1041/704 1662/1041/704
f 1691/1041/705 1697/1041/705 1672/1041/705 1673/1041/705
f 1698/1041/706 1696/1041/706 1668/1041/706 1669/1041/706
f 1697/1041/707 1694/1041/707 1671/1041/707 1672/1041/707
f 1696/1041/708 1695/1041/708 1667/1041/708 1668/1041/708
f 1695/1041/709 1693/1041/709 1674/1041/709 1667/1041/709
f 1677/1041/710 1698/1041/710 1692/1041/710 1678/1041/710
f 1704/1041/665 1712/1041/665 1713/1041/665 1705/1041/665
f 1702/1041/664 1701/1041/664 1709/1041/664 1710/1041/664
f 1706/1041/711 1705/1041/711 1713/1041/711 1714/1041/711
f 1703/1041/670 1702/1041/670 1710/1041/670 1711/1041/670
f 1699/1041/669 1706/1041/669 1714/1041/669 1707/1041/669
f 1700/1041/668 1699/1041/668 1707/1041/668 1708/1041/668
f 1704/1041/667 1703/1041/667 1711/1041/667 1712/1041/667
f 1707/1041/712 1732/1041/712 1733/1041/712 1708/1041/712
f 1738/1041/713 1722/1041/713 1715/1041/713 1732/1041/713
f 1734/1041/714 1731/1041/714 1719/1041/714 1720/1041/714
f 1733/1041/715 1732/1041/715 1715/1041/715 1716/1041/715
f 1735/1041/716 1733/1041/716 1716/1041/716 1717/1041/716
f 1736/1041/717 1734/1041/717 1720/1041/717 1721/1041/717
f 1737/1041/718 1735/1041/718 1717/1041/718 1718/1041/718
f 1738/1041/719 1736/1041/719 1721/1041/719 1722/1041/719
f 1718/1041/720 1717/1041/720 1746/1041/720 1740/1041/720
f 1718/1041/721 1740/1041/721 1742/1041/721 1719/1041/721
f 1743/1041/722 1741/1041/722 1730/1041/722 1723/1041/722
f 1744/1041/723 1743/1041/723 1723/1041/723 1724/1041/723
f 1745/1041/724 1742/1041/724 1727/1041/724 1728/1041/724
f 1746/1041/725 1744/1041/725 1724/1041/725 1725/1041/725
f 1739/1041/726 1745/1041/726 1728/1041/726 1729/1041/726
f 1737/1041/727 1718/1041/727 1719/1041/727 1731/1041/727
f 1741/1041/728 1739/1041/728 1729/1041/728 1730/1041/728
f 1707/1041/729 1714/1041/729 1738/1041/729 1732/1041/729
f 1721/1041/730 1739/1041/730 1741/1041/730 1722/1041/730
f 1713/1041/731 1736/1041/731 1738/1041/731 1714/1041/731
f 1709/1041/732 1735/1041/732 1737/1041/732 1710/1041/732
f 1712/1041/733 1734/1041/733 1736/1041/733 1713/1041/733
f 1708/1041/734 1733/1041/734 1735/1041/734 1709/1041/734
f 1711/1041/735 1731/1041/735 1734/1041/735 1712/1041/735
f 1742/1041/736 1740/1041/736 1726/1041/736 1727/1041/736
f 1724/1041/737 1676/1041/737 1677/1041/737 1725/1041/737
f 1720/1041/738 1745/1041/738 1739/1041/738 1721/1041/738
f 1716/1041/739 1744/1041/739 1746/1041/739 1717/1041/739
f 1719/1041/740 1742/1041/740 1745/1041/740 1720/1041/740
f 1715/1041/741 1743/1041/741 1744/1041/741 1716/1041/741
f 1722/1041/742 1741/1041/742 1743/1041/742 1715/1041/742
f 1746/1041/743 1725/1041/743 1726/1041/743 1740/1041/743
f 1660/1041/711 1652/1041/711 1653/1041/711 1661/1041/711
