# Blender 4.3.2
# www.blender.org
mtllib 三星堆面具破碎版2.mtl
o Fb3
v -0.347688 -0.164231 2.125032
v -0.327248 -0.167972 2.152629
v -0.378697 -0.180858 2.112896
v -0.360158 -0.204471 2.158801
v -0.373961 -0.163375 2.082701
v -0.507278 -0.488011 2.020714
v -0.540022 -0.454731 2.039754
v -0.536201 -0.464458 1.981259
v -0.507017 -0.492845 1.996337
v -0.460938 -0.511043 2.008218
v -0.482792 -0.489066 2.051421
v -0.505461 -0.460892 2.078798
v -0.537805 -0.214828 1.875069
v -0.501994 -0.144309 1.935202
v -0.506693 -0.107816 1.935918
v -0.548389 -0.153101 1.900495
v -0.572704 -0.217348 1.854156
v -0.586752 -0.291576 1.810591
v -0.567936 -0.318787 1.819106
v -0.584263 -0.178337 1.869328
v -0.516306 -0.242312 1.881711
v -0.488473 -0.172613 1.930813
v -0.550747 -0.454069 1.854043
v -0.534142 -0.353380 1.862430
v -0.550414 -0.341954 1.836231
v -0.580552 -0.427613 1.816490
v -0.537790 -0.439556 1.884588
v -0.526757 -0.358782 1.888573
v -0.600164 -0.485796 1.794512
v -0.567831 -0.519717 1.818799
v -0.522026 -0.524500 1.867528
v -0.517334 -0.499408 1.897947
v -0.530244 -0.560840 1.843840
v -0.631503 -0.273017 1.793332
v -0.615301 -0.228992 1.827930
v -0.678975 -0.256292 1.780760
v -0.665029 -0.292934 1.764274
v -0.650608 -0.350366 1.754115
v -0.608357 -0.402917 1.787641
v -0.670882 -0.438342 1.735110
v -0.633047 -0.458714 1.766883
v -0.719814 -0.362657 1.701851
v -0.721195 -0.424825 1.693820
v -1.543809 -1.498664 0.411643
v -1.542535 -1.492151 0.424537
v -1.536455 -1.467723 0.424353
v -1.536549 -1.468748 0.411668
v -1.524512 -1.471585 0.411941
v -1.530955 -1.495617 0.411971
v -1.533205 -1.506027 0.421300
v -1.478201 -1.493280 0.412009
v -1.472428 -1.502329 0.416169
v -1.488409 -1.508881 0.414909
v -1.489272 -1.495794 0.412042
v -1.485153 -1.480238 0.412080
v -1.471782 -1.483200 0.412071
v -1.461040 -1.488984 0.414470
v -1.331210 -0.888332 0.479118
v -1.333292 -0.888233 0.464711
v -1.337548 -0.949435 0.465368
v -1.339303 -0.949808 0.451331
v -1.341133 -0.950218 0.437190
v -1.343463 -0.950656 0.423448
v -1.347777 -0.950680 0.411649
v -1.361104 -0.949343 0.411779
v -1.374488 -0.948047 0.411895
v -1.387775 -0.946724 0.411929
v -1.401129 -0.945350 0.412037
v -1.414479 -0.944026 0.411676
v -1.314036 -0.888783 0.564683
v -1.322406 -0.888423 0.524782
v -1.328295 -0.888363 0.495979
v -1.327084 -0.949030 0.524873
v -1.332674 -0.949012 0.496252
v -1.335379 -0.949218 0.479637
v -1.339736 -1.009791 0.496026
v -1.342319 -1.010157 0.480172
v -1.344521 -1.010613 0.465511
v -1.350696 -1.071047 0.479392
v -1.353331 -1.071432 0.465083
v -1.356302 -1.071809 0.450493
v -1.346631 -1.011108 0.451075
v -1.359737 -1.072096 0.436260
v -1.349059 -1.011690 0.436840
v -1.363808 -1.072310 0.422936
v -1.352175 -1.012188 0.423210
v -1.369814 -1.071864 0.411656
v -1.357400 -1.012082 0.411659
v -1.383178 -1.070061 0.411885
v -1.370774 -1.010431 0.411887
v -1.396542 -1.068257 0.412114
v -1.384179 -1.008711 0.412120
v -1.409959 -1.066441 0.412321
v -1.397597 -1.006961 0.412391
v -1.423425 -1.064616 0.412514
v -1.411053 -1.005392 0.412680
v -1.435784 -1.063034 0.413952
v -1.424508 -1.003823 0.412968
v -1.436694 -1.063959 0.427877
v -1.426972 -1.004409 0.425991
v -1.419342 -0.944153 0.424035
v -1.427006 -1.005577 0.440658
v -1.421185 -0.944895 0.438190
v -1.419561 -0.946135 0.456048
v -1.417207 -0.884812 0.455112
v -1.415711 -0.947572 0.477170
v -1.413464 -0.885853 0.477246
v -1.408682 -0.887511 0.501418
v -1.403428 -0.889418 0.527798
v -1.397429 -0.891643 0.558082
v -1.390398 -0.894501 0.593320
v -1.382480 -0.898108 0.633748
v -1.381338 -0.835638 0.636031
v -1.373651 -0.840927 0.683117
v -1.078673 -0.406357 1.348659
v -1.084533 -0.353557 1.362025
v -1.100025 -0.314743 1.382193
v -1.111469 -0.295352 1.398669
v -1.120040 -0.281351 1.410417
v -1.126889 -0.265657 1.420718
v -1.127643 -0.247254 1.426244
v -1.120826 -0.228008 1.425481
v -1.263667 -0.835347 0.781940
v -1.277534 -0.832768 0.724723
v -1.290596 -0.830323 0.668301
v -1.278791 -0.894057 0.722801
v -1.291779 -0.891696 0.666539
v -1.303684 -0.889826 0.612937
v -1.295286 -0.952696 0.664954
v -1.307665 -0.950925 0.612034
v -1.318913 -0.949651 0.562999
v -1.315058 -1.011465 0.610254
v -1.326031 -1.010244 0.563382
v -1.333997 -1.009720 0.526163
v -1.333582 -1.070999 0.563313
v -1.341447 -1.070549 0.526979
v -1.347285 -1.070681 0.497386
v -1.349741 -1.131488 0.527696
v -1.357440 -1.131301 0.494328
v -1.361280 -1.131276 0.478324
v -1.369963 -1.191304 0.494133
v -1.374271 -1.190631 0.475694
v -1.377158 -1.190285 0.461289
v -1.364811 -1.131325 0.463392
v -1.379558 -1.189826 0.447230
v -1.368047 -1.131415 0.449100
v -1.382184 -1.189513 0.433219
v -1.371552 -1.131511 0.434994
v -1.385530 -1.189093 0.419570
v -1.375572 -1.131292 0.421787
v -1.393789 -1.188024 0.411714
v -1.382246 -1.130632 0.411680
v -1.407429 -1.185861 0.411926
v -1.395618 -1.128722 0.411905
v -1.421045 -1.183634 0.412138
v -1.408988 -1.126805 0.412129
v -1.434704 -1.181589 0.412359
v -1.422476 -1.124896 0.412362
v -1.448493 -1.179442 0.412615
v -1.436020 -1.122999 0.412601
v -1.460316 -1.177767 0.414971
v -1.447648 -1.121477 0.415021
v -1.460134 -1.179092 0.429376
v -1.447869 -1.122632 0.429154
v -1.458127 -1.181258 0.444695
v -1.446315 -1.124287 0.444248
v -1.435645 -1.065380 0.442902
v -1.443341 -1.126253 0.460809
v -1.432930 -1.067186 0.459758
v -1.424651 -1.007177 0.458028
v -1.429156 -1.069026 0.478038
v -1.420738 -1.008753 0.477854
v -1.425586 -1.070786 0.496370
v -1.416666 -1.010372 0.498559
v -1.411433 -0.949103 0.498852
v -1.412301 -1.012295 0.523054
v -1.406228 -0.951195 0.526408
v -1.406245 -1.015098 0.556508
v -1.400375 -0.953618 0.557195
v -1.399496 -1.018227 0.592574
v -1.393601 -0.956557 0.592579
v -1.391836 -1.021734 0.631671
v -1.385686 -0.960136 0.632433
v -1.382687 -1.025848 0.676073
v -1.376832 -0.964335 0.676773
v -1.374197 -0.902696 0.679313
v -1.366633 -0.969707 0.728629
v -1.365567 -0.908727 0.732604
v -1.367064 -0.848018 0.737716
v -1.357076 -0.916288 0.791657
v -1.362078 -0.856384 0.797125
v -1.361596 -0.796179 0.801756
v -1.354874 -0.865408 0.857849
v -1.353513 -0.806057 0.862236
v -1.338472 -0.816538 0.923013
v -1.330367 -0.758830 0.926147
v -1.270406 -0.644251 1.141035
v -1.160842 -0.593023 1.274535
v -1.140199 -0.544911 1.275113
v -1.101656 -0.561467 1.332224
v -1.087562 -0.511026 1.335245
v -1.080381 -0.459299 1.340902
v -1.045211 -0.525846 1.389734
v -1.036259 -0.474084 1.394888
v -1.033203 -0.420664 1.402075
v -0.989789 -0.487382 1.446620
v -0.985455 -0.433413 1.452729
v -0.988793 -0.378038 1.464340
v -1.037906 -0.366990 1.415333
v -1.004034 -0.330682 1.488795
v -1.053291 -0.325313 1.437354
v -1.019376 -0.309956 1.503625
v -1.066268 -0.305238 1.451311
v -1.031421 -0.296421 1.514129
v -1.075879 -0.291399 1.461157
v -1.041494 -0.281863 1.523898
v -1.083839 -0.276099 1.470373
v -1.044463 -0.263768 1.529025
v -1.085582 -0.257873 1.475466
v -1.036785 -0.244691 1.526471
v -1.078954 -0.239106 1.474460
v -1.024363 -0.224997 1.521334
v -1.067398 -0.218169 1.470518
v -1.010778 -0.198256 1.514313
v -1.054399 -0.191852 1.465663
v -0.960020 -0.156500 1.555258
v -1.211390 -0.721282 0.955726
v -1.211642 -0.782366 0.954379
v -1.229866 -0.779552 0.897729
v -1.212327 -0.843521 0.952874
v -1.231265 -0.840763 0.896337
v -1.249336 -0.838008 0.839529
v -1.233197 -0.901868 0.894843
v -1.250718 -0.899264 0.837822
v -1.264964 -0.896678 0.780199
v -1.252843 -0.960293 0.836039
v -1.267971 -0.957690 0.778538
v -1.282031 -0.955064 0.721051
v -1.272978 -1.018316 0.777057
v -1.287692 -1.015728 0.719778
v -1.301776 -1.013370 0.663743
v -1.294938 -1.076097 0.718424
v -1.309360 -1.073872 0.661981
v -1.322505 -1.072153 0.609654
v -1.318438 -1.134101 0.659996
v -1.330731 -1.132740 0.609827
v -1.341407 -1.131861 0.564680
v -1.341230 -1.192817 0.609497
v -1.351450 -1.192495 0.564655
v -1.360997 -1.192140 0.527697
v -1.366429 -1.251337 0.563054
v -1.376884 -1.250665 0.525792
v -1.383766 -1.248936 0.495298
v -1.390938 -1.303210 0.526610
v -1.396144 -1.301024 0.496841
v -1.398791 -1.300128 0.479887
v -1.386732 -1.247786 0.478145
v -1.401127 -1.299225 0.464427
v -1.389226 -1.246716 0.462361
v -1.403304 -1.297995 0.449214
v -1.391447 -1.246012 0.447800
v -1.405596 -1.297244 0.434394
v -1.393736 -1.245195 0.433304
v -1.408163 -1.296413 0.419984
v -1.396969 -1.244584 0.419364
v -1.415976 -1.294894 0.411800
v -1.405389 -1.243132 0.411701
v -1.429986 -1.292107 0.412084
v -1.419070 -1.240644 0.411864
v -1.443975 -1.289188 0.412234
v -1.432749 -1.238159 0.412027
v -1.457962 -1.286247 0.412384
v -1.446622 -1.235630 0.412079
v -1.471982 -1.283218 0.412510
v -1.460489 -1.233261 0.412195
v -1.485027 -1.280467 0.413665
v -1.472445 -1.231368 0.414516
v -1.484209 -1.281461 0.428348
v -1.472338 -1.232584 0.428988
v -1.481550 -1.283010 0.443925
v -1.470203 -1.234914 0.444397
v -1.477705 -1.285155 0.460686
v -1.466657 -1.237401 0.461414
v -1.454865 -1.183891 0.461435
v -1.463055 -1.240082 0.478818
v -1.451290 -1.186411 0.478904
v -1.439731 -1.128392 0.478301
v -1.447980 -1.188563 0.496977
v -1.436249 -1.130568 0.496754
v -1.443546 -1.191692 0.524237
v -1.431564 -1.133327 0.524319
v -1.420739 -1.073228 0.524133
v -1.426155 -1.136412 0.556150
v -1.415298 -1.076053 0.556000
v -1.419894 -1.139484 0.590582
v -1.408672 -1.079256 0.592007
v -1.412126 -1.142884 0.630154
v -1.401100 -1.082750 0.631061
v -1.402151 -1.146859 0.677475
v -1.391542 -1.086860 0.676591
v -1.389422 -1.151492 0.732571
v -1.379613 -1.091719 0.729421
v -1.371649 -1.030822 0.727062
v -1.365568 -1.097154 0.787351
v -1.358361 -1.036872 0.785697
v -1.355130 -0.976473 0.787073
v -1.343756 -1.043202 0.846283
v -1.342481 -0.983658 0.847574
v -1.347555 -0.924572 0.852182
v -1.327392 -0.990845 0.908962
v -1.334484 -0.933037 0.913573
v -1.342884 -0.875054 0.919197
v -1.316827 -0.940991 0.975394
v -1.326618 -0.884441 0.980871
v -1.322276 -0.827107 0.984505
v -1.307175 -0.893335 1.043147
v -1.302774 -0.837743 1.046585
v -1.288086 -0.782798 1.047790
v -1.310157 -0.770699 0.986732
v -1.285570 -0.726348 1.055033
v -1.266086 -0.794891 1.110585
v -1.261812 -0.739693 1.117486
v -1.271098 -0.690833 1.131357
v -1.235114 -0.753557 1.180615
v -1.242402 -0.705763 1.195103
v -1.240126 -0.660725 1.205411
v -1.212706 -0.721206 1.259756
v -1.207603 -0.677742 1.270521
v -1.186435 -0.636313 1.273786
v -1.170755 -0.694703 1.333905
v -1.149727 -0.653207 1.335451
v -1.123500 -0.609134 1.333224
v -1.109667 -0.665957 1.393062
v -1.083750 -0.622430 1.389274
v -1.060947 -0.575782 1.387383
v -1.041667 -0.634597 1.443955
v -1.017864 -0.588964 1.441011
v -1.000351 -0.539476 1.442128
v -0.973789 -0.601988 1.493835
v -0.954309 -0.552462 1.493078
v -0.941951 -0.499802 1.496205
v -0.908567 -0.565293 1.543053
v -0.893420 -0.511585 1.544356
v -0.885538 -0.456090 1.548668
v -0.936180 -0.445166 1.501344
v -0.886945 -0.398710 1.554657
v -0.938595 -0.388498 1.510369
v -0.902907 -0.342064 1.574240
v -0.954296 -0.336192 1.534534
v -0.918943 -0.311207 1.599906
v -0.970869 -0.311352 1.554933
v -0.928555 -0.296353 1.616502
v -0.983349 -0.297837 1.567876
v -0.936458 -0.281215 1.631173
v -0.993875 -0.284056 1.579451
v -0.940502 -0.262260 1.637751
v -0.997849 -0.265776 1.584964
v -0.936119 -0.242430 1.632193
v -0.991073 -0.246412 1.580591
v -0.929128 -0.222901 1.620009
v -0.980191 -0.227194 1.572547
v -0.919792 -0.195845 1.605189
v -0.966698 -0.199381 1.561630
v -0.911491 -0.156466 1.598951
v -0.864718 -0.184957 1.645949
v -0.858476 -0.150387 1.641768
v -1.172212 -0.666437 1.069370
v -1.168769 -0.727070 1.066703
v -1.191217 -0.724245 1.011708
v -1.169454 -0.788017 1.065618
v -1.192745 -0.785228 1.010829
v -1.169969 -0.849053 1.064251
v -1.193119 -0.846303 1.009294
v -1.169214 -0.910078 1.062080
v -1.191891 -0.907317 1.006890
v -1.213041 -0.904575 0.951066
v -1.193522 -0.968182 1.005154
v -1.215365 -0.965379 0.949432
v -1.235494 -0.962781 0.893145
v -1.220038 -1.025823 0.948294
v -1.239810 -1.023330 0.891755
v -1.257275 -1.020883 0.834527
v -1.246678 -1.083294 0.890971
v -1.264170 -1.080971 0.833516
v -1.280142 -1.078531 0.775884
v -1.272199 -1.140612 0.832878
v -1.288638 -1.138332 0.775052
v -1.303886 -1.136094 0.717234
v -1.297735 -1.197599 0.774679
v -1.314546 -1.195409 0.717195
v -1.330449 -1.193472 0.660520
v -1.324607 -1.254194 0.717466
v -1.340645 -1.252524 0.661491
v -1.353734 -1.251805 0.609349
v -1.353662 -1.309348 0.663483
v -1.368941 -1.307492 0.610579
v -1.382365 -1.305400 0.563647
v -1.383623 -1.354262 0.613469
v -1.394580 -1.350427 0.566484
v -1.401978 -1.348848 0.529589
v -1.404095 -1.389119 0.569641
v -1.411711 -1.388659 0.532588
v -1.417276 -1.388002 0.501965
v -1.406849 -1.347268 0.501159
v -1.420059 -1.387149 0.484247
v -1.409907 -1.345939 0.481660
v -1.422648 -1.386151 0.467017
v -1.412254 -1.345283 0.466174
v -1.424900 -1.385379 0.450920
v -1.414569 -1.344856 0.450483
v -1.427032 -1.385071 0.435483
v -1.416820 -1.344579 0.435472
v -1.429120 -1.385039 0.420355
v -1.419047 -1.344034 0.420574
v -1.437167 -1.382994 0.412631
v -1.426921 -1.341965 0.412761
v -1.451385 -1.378924 0.412607
v -1.441046 -1.338523 0.412690
v -1.465417 -1.374775 0.412584
v -1.455088 -1.335065 0.412624
v -1.479234 -1.370535 0.412563
v -1.469031 -1.331574 0.412657
v -1.493051 -1.366295 0.412542
v -1.482975 -1.327495 0.412755
v -1.506780 -1.361697 0.412483
v -1.496919 -1.323432 0.412887
v -1.505284 -1.361031 0.426535
v -1.495271 -1.323908 0.427624
v -1.501595 -1.359901 0.441851
v -1.492119 -1.324707 0.442996
v -1.496997 -1.359280 0.457922
v -1.487904 -1.325501 0.459270
v -1.492876 -1.359089 0.476317
v -1.483871 -1.325872 0.477578
v -1.474076 -1.287062 0.478536
v -1.480150 -1.326013 0.499034
v -1.470799 -1.289758 0.499731
v -1.459536 -1.242697 0.499722
v -1.466788 -1.290218 0.523041
v -1.455817 -1.245506 0.523548
v -1.462177 -1.294894 0.552860
v -1.450570 -1.247606 0.553575
v -1.438314 -1.194589 0.555047
v -1.444416 -1.249973 0.586399
v -1.432324 -1.197168 0.587761
v -1.435634 -1.253196 0.629852
v -1.424206 -1.200095 0.628459
v -1.423705 -1.255517 0.682631
v -1.413140 -1.203957 0.679835
v -1.409564 -1.257795 0.739454
v -1.399799 -1.208189 0.736039
v -1.393341 -1.258769 0.797782
v -1.384478 -1.211950 0.794338
v -1.374760 -1.156467 0.790670
v -1.367192 -1.214774 0.853690
v -1.358234 -1.161178 0.850317
v -1.349880 -1.102811 0.847447
v -1.339752 -1.165582 0.910612
v -1.332229 -1.108318 0.908165
v -1.327097 -1.049467 0.907283
v -1.312146 -1.113428 0.969147
v -1.307612 -1.055341 0.968488
v -1.308558 -0.997507 0.970533
v -1.284730 -1.060702 1.029400
v -1.286207 -1.003515 1.032067
v -1.295615 -0.948076 1.037583
v -1.260863 -1.009122 1.093371
v -1.272258 -0.954878 1.100245
v -1.286441 -0.901670 1.106505
v -1.246161 -0.961585 1.163027
v -1.261418 -0.910869 1.170897
v -1.256257 -0.859463 1.173820
v -1.281922 -0.848421 1.110018
v -1.240323 -0.807378 1.173652
v -1.225314 -0.869300 1.237014
v -1.212318 -0.819169 1.237501
v -1.208025 -0.768051 1.245099
v -1.179893 -0.830736 1.302276
v -1.176239 -0.782676 1.310456
v -1.177742 -0.737729 1.324233
v -1.136809 -0.795549 1.374408
v -1.137374 -0.751472 1.386537
v -1.130100 -0.708047 1.393996
v -1.093553 -0.760631 1.445135
v -1.086710 -0.718374 1.450244
v -1.067318 -0.677122 1.448419
v -1.042907 -0.727430 1.505772
v -1.024656 -0.688185 1.503573
v -0.998936 -0.646723 1.498499
v -0.982820 -0.699520 1.558596
v -0.957019 -0.659252 1.552670
v -0.930512 -0.614792 1.546213
v -0.916078 -0.671920 1.605680
v -0.888472 -0.628066 1.597631
v -0.863798 -0.578084 1.591321
v -0.846780 -0.641617 1.646382
v -0.819640 -0.591136 1.636694
v -0.798286 -0.534977 1.633505
v -0.845438 -0.523244 1.590422
v -0.783874 -0.475973 1.639368
v -0.834351 -0.466183 1.595121
v -0.777146 -0.416936 1.647154
v -0.832852 -0.408291 1.600232
v -0.785281 -0.356272 1.654494
v -0.846484 -0.349328 1.612311
v -0.802472 -0.307973 1.675351
v -0.862635 -0.310447 1.638137
v -0.806174 -0.286018 1.693368
v -0.867887 -0.292780 1.656234
v -0.810206 -0.266906 1.705843
v -0.873027 -0.275371 1.671155
v -0.813756 -0.246283 1.711860
v -0.876355 -0.255669 1.677788
v -0.814082 -0.222850 1.708481
v -0.874929 -0.234125 1.672715
v -0.811163 -0.197246 1.697009
v -0.870918 -0.212975 1.660117
v -0.803283 -0.166613 1.687452
v -0.750159 -0.174521 1.737267
v -0.745761 -0.145880 1.726925
v -0.801794 -0.137624 1.682922
v -1.119159 -0.549940 1.176526
v -1.119462 -0.610448 1.176172
v -1.149336 -0.608412 1.125109
v -1.119237 -0.671186 1.175380
v -1.146116 -0.668899 1.122625
v -1.119414 -0.732092 1.174659
v -1.144778 -0.729699 1.121005
v -1.119880 -0.793134 1.173835
v -1.144624 -0.790667 1.119708
v -1.120130 -0.854264 1.172581
v -1.144849 -0.851726 1.118321
v -1.120653 -0.915474 1.171094
v -1.145589 -0.912830 1.116881
v -1.122352 -0.976664 1.169846
v -1.147607 -0.973900 1.115630
v -1.170925 -0.971064 1.060575
v -1.149819 -1.034761 1.114157
v -1.173597 -1.031711 1.059062
v -1.197114 -1.028641 1.003748
v -1.176592 -1.091843 1.057332
v -1.202049 -1.088580 1.002652
v -1.226869 -1.085671 0.947762
v -1.207276 -1.148083 1.001606
v -1.232900 -1.145180 0.946904
v -1.253905 -1.142838 0.890310
v -1.238290 -1.204338 0.945866
v -1.260930 -1.201999 0.889733
v -1.280489 -1.199787 0.832468
v -1.269380 -1.260428 0.889850
v -1.289752 -1.258211 0.832579
v -1.307702 -1.256137 0.774856
v -1.301987 -1.314075 0.834805
v -1.320780 -1.312696 0.777016
v -1.337675 -1.310915 0.719492
v -1.335152 -1.358014 0.781592
v -1.352648 -1.358132 0.723992
v -1.368904 -1.357036 0.667462
v -1.363148 -1.392113 0.727742
v -1.379315 -1.391787 0.670936
v -1.393325 -1.390579 0.616504
v -1.386615 -1.420332 0.673774
v -1.400738 -1.420561 0.619568
v -1.411789 -1.420997 0.573177
v -1.406938 -1.445792 0.622408
v -1.418136 -1.447032 0.576433
v -1.426224 -1.447624 0.539136
v -1.419972 -1.421806 0.535543
v -1.432283 -1.448810 0.509888
v -1.425669 -1.422658 0.506900
v -1.436574 -1.449910 0.486861
v -1.429420 -1.423049 0.485780
v -1.439724 -1.449852 0.466708
v -1.432092 -1.421407 0.466774
v -1.442509 -1.449480 0.447825
v -1.434439 -1.420866 0.450159
v -1.444267 -1.448129 0.432413
v -1.436440 -1.420244 0.434587
v -1.445912 -1.446764 0.417047
v -1.438230 -1.419482 0.419369
v -1.455055 -1.443015 0.411844
v -1.446993 -1.416774 0.412696
v -1.469036 -1.438518 0.412113
v -1.460901 -1.412325 0.412424
v -1.482853 -1.433437 0.412208
v -1.474615 -1.407827 0.412349
v -1.496332 -1.428986 0.412240
v -1.488301 -1.403322 0.412304
v -1.509639 -1.424698 0.412276
v -1.502024 -1.398858 0.412264
v -1.522261 -1.420250 0.412700
v -1.515597 -1.393513 0.411732
v -1.521958 -1.419132 0.424809
v -1.513990 -1.391556 0.425569
v -1.518700 -1.418784 0.439042
v -1.510415 -1.391176 0.440510
v -1.513734 -1.418080 0.454511
v -1.505741 -1.391037 0.456557
v -1.509611 -1.417922 0.472082
v -1.501550 -1.390248 0.474542
v -1.505291 -1.416287 0.495188
v -1.497618 -1.389484 0.496292
v -1.489109 -1.359131 0.497609
v -1.492398 -1.387498 0.522708
v -1.484452 -1.358419 0.522609
v -1.476016 -1.326760 0.523196
v -1.478526 -1.357722 0.552604
v -1.470463 -1.327404 0.552708
v -1.470946 -1.356987 0.587518
v -1.463749 -1.328391 0.586424
v -1.455594 -1.295367 0.585448
v -1.452832 -1.327330 0.633663
v -1.445720 -1.296799 0.631297
v -1.439298 -1.326728 0.688127
v -1.432437 -1.296105 0.685562
v -1.423563 -1.324747 0.745155
v -1.417179 -1.294613 0.742412
v -1.406440 -1.324070 0.803432
v -1.400442 -1.294824 0.800753
v -1.387055 -1.322391 0.862459
v -1.381508 -1.293121 0.859785
v -1.375109 -1.258702 0.856885
v -1.360679 -1.291750 0.919311
v -1.354986 -1.259446 0.916674
v -1.347783 -1.216871 0.913663
v -1.332228 -1.257629 0.976592
v -1.326029 -1.218793 0.973913
v -1.318786 -1.169444 0.971151
v -1.301500 -1.219797 1.033900
v -1.295085 -1.172625 1.031589
v -1.288828 -1.118219 1.029738
v -1.268267 -1.175880 1.091327
v -1.262249 -1.122574 1.089660
v -1.258317 -1.065635 1.089580
v -1.232416 -1.126769 1.148559
v -1.228533 -1.070304 1.148873
v -1.232617 -1.014633 1.154031
v -1.195794 -1.074623 1.207407
v -1.201002 -1.020116 1.214003
v -1.215461 -0.968919 1.225048
v -1.166607 -1.025372 1.273427
v -1.180551 -0.975940 1.285803
v -1.192239 -0.927485 1.297098
v -1.229357 -0.919497 1.234918
v -1.189303 -0.878610 1.300572
v -1.150148 -0.935101 1.357173
v -1.146923 -0.887550 1.362197
v -1.139623 -0.841095 1.365780
v -1.100114 -0.895180 1.420525
v -1.093714 -0.849390 1.425578
v -1.092258 -0.804373 1.434682
v -1.046365 -0.855670 1.482142
v -1.046461 -0.810579 1.491668
v -1.048837 -0.767651 1.501522
v -1.002299 -0.816530 1.547513
v -1.005926 -0.775253 1.557238
v -1.000333 -0.736773 1.561339
v -0.963192 -0.783955 1.612263
v -0.958522 -0.747707 1.616008
v -0.941579 -0.711226 1.612575
v -0.915824 -0.759677 1.668202
v -0.900728 -0.723643 1.664405
v -0.875150 -0.684608 1.656490
v -0.858569 -0.735950 1.714199
v -0.833683 -0.697585 1.704289
v -0.804486 -0.654378 1.691320
v -0.791231 -0.710662 1.749117
v -0.761898 -0.666851 1.732883
v -0.733008 -0.616234 1.716055
v -0.775597 -0.603710 1.678208
v -0.710270 -0.560078 1.708201
v -0.752920 -0.546952 1.672755
v -0.690476 -0.498545 1.717068
v -0.734879 -0.486043 1.680948
v -0.670439 -0.575310 1.740579
v -0.652020 -0.515467 1.747573
v -0.632530 -0.593834 1.772295
v -0.616778 -0.538041 1.775005
v -0.593453 -0.614998 1.806584
v -0.580446 -0.566591 1.803076
v -0.551432 -0.635297 1.842834
v -0.539628 -0.597487 1.835606
v -0.505742 -0.654927 1.880692
v -0.494206 -0.623890 1.870445
v -0.486910 -0.593358 1.873831
v -0.444980 -0.642531 1.903127
v -0.439022 -0.614211 1.902944
v -0.438932 -0.586865 1.916072
v -0.483516 -0.563253 1.889345
v -0.443071 -0.560117 1.940846
v -0.484659 -0.535500 1.917823
v -0.449961 -0.534715 1.972193
v -0.491453 -0.512217 1.952681
v -0.519916 -0.479378 1.935660
v -0.548069 -0.421296 1.970474
v -0.534879 -0.431676 1.921161
v -0.539635 -0.365428 1.963778
v -0.527684 -0.362487 1.919459
v -0.521994 -0.304369 1.973724
v -0.508006 -0.290072 1.940413
v -0.502990 -0.277457 1.914825
v -0.480046 -0.235027 1.972282
v -0.472812 -0.218490 1.950454
v -0.476252 -0.196421 1.935864
v -0.505887 -0.261671 1.895278
v -0.435847 -0.172162 1.980123
v -0.444125 -0.148045 1.973312
v -0.455714 -0.121783 1.975317
v -0.548802 -0.118656 1.896209
v -0.589309 -0.121702 1.856167
v -0.592076 -0.148844 1.867048
v -0.639662 -0.148847 1.826477
v -0.638592 -0.174418 1.836181
v -0.629330 -0.200566 1.837203
v -0.695747 -0.203073 1.796261
v -0.688571 -0.229072 1.793005
v -0.753856 -0.229966 1.750857
v -0.748749 -0.253453 1.745445
v -0.743262 -0.274117 1.734981
v -0.736347 -0.304666 1.716850
v -0.695938 -0.176224 1.789798
v -0.754391 -0.202256 1.747360
v -0.692662 -0.149052 1.777130
v -0.638152 -0.124357 1.812576
v -1.050824 -0.194967 1.275606
v -1.048423 -0.254071 1.273017
v -1.047676 -0.313449 1.271747
v -1.048105 -0.373063 1.271428
v -1.049981 -0.432899 1.272264
v -1.052387 -0.492955 1.273516
v -1.055823 -0.553270 1.275510
v -1.088101 -0.551702 1.226518
v -1.058948 -0.613913 1.277232
v -1.090005 -0.612312 1.227253
v -1.061665 -0.674881 1.278546
v -1.091370 -0.673170 1.227529
v -1.065424 -0.736002 1.280358
v -1.092923 -0.734199 1.227784
v -1.069085 -0.797325 1.281701
v -1.094297 -0.795363 1.227626
v -1.069405 -0.858851 1.280772
v -1.094571 -0.856611 1.226488
v -1.066462 -0.920213 1.277619
v -1.094108 -0.917901 1.224606
v -1.064036 -0.981582 1.274278
v -1.094336 -0.979222 1.222703
v -1.062757 -1.042980 1.271474
v -1.094696 -1.040545 1.220691
v -1.124002 -1.037756 1.168332
v -1.095093 -1.101811 1.218519
v -1.124219 -1.098651 1.165829
v -1.151334 -1.095266 1.112067
v -1.126347 -1.158908 1.164191
v -1.154318 -1.155018 1.110409
v -1.180910 -1.151369 1.055997
v -1.159978 -1.213261 1.110578
v -1.186957 -1.209897 1.055886
v -1.213103 -1.206977 1.001003
v -1.194935 -1.266991 1.057165
v -1.221258 -1.264807 1.001858
v -1.246257 -1.262628 0.946189
v -1.232785 -1.320844 1.004804
v -1.257710 -1.318105 0.948752
v -1.281060 -1.315878 0.892142
v -1.270051 -1.358859 0.953267
v -1.294059 -1.358945 0.896714
v -1.315818 -1.358684 0.839354
v -1.303576 -1.391514 0.900536
v -1.325539 -1.391634 0.843157
v -1.345255 -1.391677 0.785500
v -1.331489 -1.417703 0.846285
v -1.351754 -1.418913 0.788712
v -1.370220 -1.420316 0.730958
v -1.356868 -1.441801 0.791557
v -1.375597 -1.443537 0.733711
v -1.392419 -1.444790 0.676445
v -1.381728 -1.465811 0.736635
v -1.399090 -1.468030 0.679264
v -1.413538 -1.469610 0.625357
v -1.408106 -1.487190 0.683178
v -1.422825 -1.488907 0.628902
v -1.432691 -1.490163 0.583735
v -1.424389 -1.470523 0.579708
v -1.440866 -1.490542 0.545156
v -1.432616 -1.471031 0.541891
v -1.447090 -1.490568 0.513126
v -1.438723 -1.471585 0.511857
v -1.450735 -1.490737 0.489681
v -1.443016 -1.472394 0.487833
v -1.453683 -1.491010 0.468159
v -1.446139 -1.472489 0.467716
v -1.456547 -1.490727 0.448398
v -1.449263 -1.472584 0.447598
v -1.459325 -1.489786 0.430656
v -1.451659 -1.471653 0.429985
v -1.452810 -1.470197 0.414991
v -1.463761 -1.465209 0.411935
v -1.477338 -1.460454 0.412011
v -1.498542 -1.475999 0.412106
v -1.490888 -1.455946 0.412034
v -1.511483 -1.474625 0.412091
v -1.504242 -1.451645 0.412033
v -1.517095 -1.448026 0.411949
v -1.529888 -1.444174 0.411675
v -1.529105 -1.443905 0.424215
v -1.533645 -1.467498 0.437805
v -1.526041 -1.443955 0.437800
v -1.528469 -1.466664 0.453215
v -1.521547 -1.444214 0.452840
v -1.523352 -1.464684 0.471630
v -1.516812 -1.442553 0.471225
v -1.518016 -1.461075 0.497114
v -1.512104 -1.439989 0.495439
v -1.511980 -1.457400 0.525419
v -1.505921 -1.436506 0.524443
v -1.499565 -1.413630 0.523333
v -1.498809 -1.433590 0.556410
v -1.492512 -1.410011 0.554627
v -1.485990 -1.385591 0.553078
v -1.483729 -1.407712 0.592482
v -1.477612 -1.383109 0.589276
v -1.471524 -1.404884 0.640935
v -1.465577 -1.380810 0.638587
v -1.459419 -1.355287 0.636121
v -1.451222 -1.378594 0.692930
v -1.445373 -1.353306 0.690488
v -1.434968 -1.376615 0.750229
v -1.429342 -1.351332 0.747651
v -1.416879 -1.374810 0.808892
v -1.411713 -1.350059 0.806055
v -1.397001 -1.374418 0.868449
v -1.392125 -1.348702 0.865374
v -1.375417 -1.374787 0.928257
v -1.370749 -1.348600 0.925155
v -1.365898 -1.321122 0.922150
v -1.347779 -1.351231 0.984810
v -1.342918 -1.322162 0.981981
v -1.337729 -1.291056 0.979232
v -1.317687 -1.323963 1.041381
v -1.312617 -1.292256 1.038824
v -1.307278 -1.258234 1.036317
v -1.284835 -1.293999 1.097997
v -1.279754 -1.259805 1.095614
v -1.274226 -1.220986 1.093404
v -1.249341 -1.261473 1.154179
v -1.244067 -1.223217 1.152045
v -1.238444 -1.179422 1.150151
v -1.210909 -1.225355 1.209630
v -1.205422 -1.182540 1.207891
v -1.199377 -1.130440 1.206445
v -1.169478 -1.186401 1.264289
v -1.163263 -1.133128 1.263241
v -1.160473 -1.078304 1.265318
v -1.124427 -1.134841 1.318920
v -1.122765 -1.081184 1.322711
v -1.129440 -1.030207 1.332395
v -1.082201 -1.083104 1.379044
v -1.089198 -1.034040 1.390262
v -1.099702 -0.987821 1.404056
v -1.141870 -0.982398 1.345599
v -1.104772 -0.941583 1.415204
v -1.056111 -0.992019 1.461307
v -1.058220 -0.947003 1.471485
v -1.052142 -0.901319 1.476428
v -1.012193 -0.952086 1.526820
v -1.005279 -0.906919 1.531595
v -1.000160 -0.861027 1.537744
v -0.959728 -0.913298 1.586265
v -0.955173 -0.866690 1.593003
v -0.958738 -0.823232 1.602714
v -0.908856 -0.874240 1.646342
v -0.913414 -0.829323 1.656424
v -0.918616 -0.793769 1.664464
v -0.865335 -0.835456 1.706399
v -0.872138 -0.802619 1.714272
v -0.871707 -0.771122 1.718008
v -0.823708 -0.808889 1.760248
v -0.825980 -0.781409 1.765065
v -0.815111 -0.748488 1.761216
v -0.778299 -0.790842 1.809929
v -0.770048 -0.760733 1.806297
v -0.748194 -0.724329 1.791869
v -0.723063 -0.772900 1.849753
v -0.703410 -0.737134 1.832806
v -0.678524 -0.693738 1.811613
v -0.720260 -0.680025 1.772438
v -0.652216 -0.643753 1.787474
v -0.692376 -0.629627 1.751902
v -0.635599 -0.706200 1.850453
v -0.611382 -0.658050 1.823984
v -0.590986 -0.718088 1.890385
v -0.568163 -0.673172 1.862548
v -0.542593 -0.728145 1.930760
v -0.521968 -0.687904 1.903035
v -0.490268 -0.737618 1.969984
v -0.470968 -0.701202 1.942565
v -0.455561 -0.670177 1.916511
v -0.415824 -0.713274 1.976527
v -0.401981 -0.682496 1.947812
v -0.392422 -0.654924 1.931281
v -0.345974 -0.693064 1.973499
v -0.337558 -0.663691 1.953914
v -0.333387 -0.635660 1.947058
v -0.387837 -0.627119 1.927930
v -0.334082 -0.608696 1.955683
v -0.388563 -0.600012 1.938350
v -0.336883 -0.583988 1.975815
v -0.391856 -0.574027 1.960355
v -0.341111 -0.563390 2.004998
v -0.397031 -0.549432 1.990787
v -0.343727 -0.547546 2.044630
v -0.404595 -0.528415 2.027519
v -0.362839 -0.528690 2.087447
v -0.423813 -0.504669 2.067047
v -0.394440 -0.501841 2.127465
v -0.450482 -0.476958 2.101705
v -0.412543 -0.471277 2.155935
v -0.465553 -0.445753 2.124183
v -0.520369 -0.427017 2.088010
v -0.471975 -0.410562 2.134389
v -0.526880 -0.389118 2.088495
v -0.553340 -0.369955 2.023222
v -0.556469 -0.416150 2.029938
v -0.519302 -0.346658 2.085989
v -0.536441 -0.321599 2.026311
v -0.498361 -0.299258 2.087573
v -0.507021 -0.271912 2.038328
v -0.494327 -0.250827 1.999942
v -0.464877 -0.224470 2.052583
v -0.453709 -0.206878 2.022177
v -0.440200 -0.192390 1.998061
v -0.406596 -0.174341 2.043247
v -0.974076 -0.197420 1.363342
v -1.013117 -0.196224 1.320119
v -0.971523 -0.256736 1.360442
v -1.010599 -0.255428 1.317350
v -0.970985 -0.316316 1.359323
v -1.010068 -0.314922 1.316243
v -0.971321 -0.376096 1.358938
v -1.010629 -0.374599 1.316030
v -0.973238 -0.436004 1.359872
v -1.012837 -0.434443 1.317180
v -0.976946 -0.496016 1.362301
v -1.016465 -0.494436 1.319504
v -0.982995 -0.556069 1.366882
v -1.021185 -0.554652 1.322693
v -0.988003 -0.616693 1.370369
v -1.025438 -0.615336 1.325394
v -0.993335 -0.677678 1.374239
v -1.029802 -0.676318 1.328113
v -0.999112 -0.738911 1.378560
v -1.035014 -0.737497 1.331323
v -1.002355 -0.800613 1.380632
v -1.038232 -0.799065 1.332852
v -1.003155 -0.862479 1.380631
v -1.038896 -0.860823 1.332403
v -0.999879 -0.924077 1.377123
v -1.035925 -0.922357 1.329128
v -0.994077 -0.985173 1.371378
v -1.031021 -0.983577 1.324221
v -0.991089 -1.046442 1.367897
v -1.028519 -1.044939 1.320815
v -0.989467 -1.107564 1.365431
v -1.027694 -1.106308 1.318494
v -1.062972 -1.104471 1.269458
v -1.028885 -1.167040 1.317529
v -1.064517 -1.165795 1.268252
v -1.096704 -1.162986 1.216960
v -1.069494 -1.223733 1.269450
v -1.102346 -1.221355 1.218057
v -1.131783 -1.217299 1.164712
v -1.110482 -1.271670 1.220965
v -1.140000 -1.271323 1.167122
v -1.167494 -1.269488 1.112158
v -1.149533 -1.317189 1.170636
v -1.177459 -1.318837 1.115435
v -1.205859 -1.321404 1.060302
v -1.188027 -1.357680 1.119652
v -1.216254 -1.357362 1.064437
v -1.243780 -1.357472 1.009008
v -1.224780 -1.387223 1.068009
v -1.252923 -1.388277 1.012799
v -1.279434 -1.390523 0.957163
v -1.258926 -1.414084 1.015618
v -1.285156 -1.415611 0.960079
v -1.309327 -1.416887 0.903545
v -1.289824 -1.438222 0.962650
v -1.314035 -1.439551 0.906312
v -1.336426 -1.440594 0.849128
v -1.319564 -1.460999 0.909519
v -1.342279 -1.462252 0.852429
v -1.362879 -1.463466 0.794474
v -1.350194 -1.479910 0.856366
v -1.371479 -1.481857 0.798495
v -1.390569 -1.484920 0.740446
v -1.383985 -1.495417 0.803731
v -1.403782 -1.498722 0.745550
v -1.421190 -1.500380 0.687966
v -1.419849 -1.504743 0.751184
v -1.436724 -1.506199 0.693126
v -1.450689 -1.507145 0.638053
v -1.435323 -1.501570 0.633572
v -1.461762 -1.508262 0.589770
v -1.445556 -1.503279 0.586691
v -1.469029 -1.508342 0.552157
v -1.453472 -1.503718 0.547959
v -1.474990 -1.508408 0.518182
v -1.459502 -1.503639 0.515418
v -1.478715 -1.508547 0.490752
v -1.463084 -1.503608 0.490227
v -1.481291 -1.508762 0.469932
v -1.465706 -1.503998 0.468736
v -1.483862 -1.508891 0.449313
v -1.468223 -1.504233 0.448721
v -1.486277 -1.508680 0.431603
v -1.470586 -1.503700 0.430970
v -1.499654 -1.508821 0.450648
v -1.501970 -1.508901 0.433257
v -1.503533 -1.509166 0.416445
v -1.517411 -1.508737 0.435477
v -1.518742 -1.509000 0.418515
v -1.517468 -1.496047 0.412311
v -1.503626 -1.496564 0.412351
v -1.532364 -1.504914 0.438206
v -1.515249 -1.508644 0.452673
v -1.530406 -1.503478 0.455292
v -1.533767 -1.486828 0.455267
v -1.539280 -1.489113 0.439248
v -1.525801 -1.500216 0.473963
v -1.527761 -1.483413 0.473527
v -1.520685 -1.496767 0.497580
v -1.522196 -1.480035 0.497874
v -1.516249 -1.494185 0.527156
v -1.516537 -1.476749 0.526388
v -1.510044 -1.491904 0.560834
v -1.509172 -1.474248 0.560445
v -1.504526 -1.454326 0.558313
v -1.499778 -1.471729 0.600624
v -1.495085 -1.451488 0.597896
v -1.489518 -1.430551 0.595478
v -1.482880 -1.448876 0.645429
v -1.477340 -1.427848 0.643457
v -1.467513 -1.446221 0.700264
v -1.462405 -1.425350 0.697844
v -1.456984 -1.402672 0.695375
v -1.445333 -1.423002 0.755612
v -1.440324 -1.400759 0.752924
v -1.426322 -1.420721 0.815000
v -1.421831 -1.399154 0.811947
v -1.405798 -1.420716 0.874937
v -1.401502 -1.397992 0.871682
v -1.383748 -1.422199 0.934480
v -1.379727 -1.399219 0.931361
v -1.359775 -1.424534 0.993429
v -1.356266 -1.402515 0.990770
v -1.352223 -1.377957 0.987853
v -1.330327 -1.405477 1.049533
v -1.326722 -1.381749 1.046955
v -1.322320 -1.353508 1.044178
v -1.298311 -1.384572 1.105577
v -1.294188 -1.356416 1.102990
v -1.289689 -1.326339 1.100464
v -1.263106 -1.359215 1.161067
v -1.258825 -1.328623 1.158720
v -1.254259 -1.296477 1.156411
v -1.225239 -1.331479 1.215686
v -1.220832 -1.298833 1.213585
v -1.216053 -1.264019 1.211507
v -1.184654 -1.301323 1.269201
v -1.179984 -1.266001 1.267485
v -1.174939 -1.227844 1.265843
v -1.141035 -1.269434 1.321732
v -1.136079 -1.231377 1.320412
v -1.130412 -1.187800 1.319164
v -1.094561 -1.235299 1.373280
v -1.088623 -1.189067 1.372330
v -1.082874 -1.135459 1.373185
v -1.044205 -1.187746 1.423917
v -1.038975 -1.134810 1.426303
v -1.039326 -1.083768 1.434376
v -0.993520 -1.132822 1.478434
v -0.995459 -1.083000 1.489215
v -1.003950 -1.038280 1.503823
v -1.046900 -1.036781 1.447217
v -1.012313 -0.995356 1.517964
v -0.960445 -1.037943 1.559608
v -0.968053 -0.997750 1.573177
v -0.967244 -0.958139 1.581234
v -0.922779 -1.000370 1.625351
v -0.921805 -0.965564 1.633065
v -0.913383 -0.921066 1.639200
v -0.875821 -0.972967 1.683500
v -0.864742 -0.929700 1.689205
v -0.859300 -0.882259 1.695509
v -0.814664 -0.939341 1.735588
v -0.807606 -0.890008 1.737821
v -0.813592 -0.841124 1.751299
v -0.755648 -0.896948 1.774211
v -0.761072 -0.847240 1.790772
v -0.773119 -0.817335 1.802221
v -0.710191 -0.856293 1.827276
v -0.722111 -0.827595 1.841690
v -0.730119 -0.802438 1.853294
v -0.670482 -0.835164 1.879383
v -0.679338 -0.810902 1.894019
v -0.672168 -0.782393 1.888473
v -0.624712 -0.818440 1.929875
v -0.619665 -0.788309 1.924980
v -0.607625 -0.756871 1.910106
v -0.656754 -0.749085 1.872196
v -0.565599 -0.796281 1.958952
v -0.556362 -0.765081 1.947351
v -0.512321 -0.804197 1.995412
v -0.503591 -0.772726 1.985258
v -0.456175 -0.813154 2.029553
v -0.447927 -0.783008 2.020891
v -0.434358 -0.748558 2.005171
v -0.388675 -0.793497 2.050008
v -0.376130 -0.761052 2.032979
v -0.358791 -0.725383 2.003972
v -0.317690 -0.771066 2.058278
v -0.302716 -0.736519 2.029851
v -0.290585 -0.702590 1.998054
v -0.246911 -0.744150 2.054199
v -0.235351 -0.710668 2.020520
v -0.226470 -0.680714 1.994473
v -0.282072 -0.671993 1.974720
v -0.220148 -0.652018 1.980307
v -0.276594 -0.643537 1.963343
v -0.217708 -0.623469 1.984091
v -0.275879 -0.615492 1.968814
v -0.219535 -0.601947 2.005361
v -0.278094 -0.592645 1.989515
v -0.222965 -0.586864 2.036789
v -0.281721 -0.576080 2.019679
v -0.227524 -0.576063 2.079069
v -0.284986 -0.563688 2.060653
v -0.243937 -0.566145 2.129848
v -0.303185 -0.549478 2.108283
v -0.273035 -0.551348 2.179811
v -0.336048 -0.527963 2.153165
v -0.294490 -0.529364 2.216807
v -0.357405 -0.501344 2.186594
v -0.303395 -0.500406 2.241904
v -0.364672 -0.469044 2.208488
v -0.418850 -0.436728 2.173840
v -0.362352 -0.432961 2.220575
v -0.416768 -0.397617 2.181812
v -0.471915 -0.370775 2.135843
v -0.409456 -0.357441 2.183018
v -0.463456 -0.327065 2.135818
v -0.394938 -0.318709 2.185639
v -0.440513 -0.283919 2.140336
v -0.462571 -0.250795 2.095360
v -0.403422 -0.243131 2.150060
v -0.418445 -0.210404 2.105208
v -0.417310 -0.190001 2.069093
v -0.176794 -0.138442 2.220921
v -0.272042 -0.147063 2.179070
v -0.234721 -0.167472 2.210260
v -0.261090 -0.214174 2.222775
v -0.216461 -0.233728 2.247472
v -0.193778 -0.184568 2.235004
v -0.296809 -0.189188 2.192557
v -0.333141 -0.235077 2.195735
v -0.290435 -0.262497 2.227093
v -0.316866 -0.308919 2.226930
v -0.260690 -0.334166 2.256748
v -0.239062 -0.284366 2.254033
v -0.369311 -0.278780 2.190817
v -0.337002 -0.352702 2.225517
v -0.351535 -0.393078 2.224037
v -0.294922 -0.425992 2.260409
v -0.279776 -0.382422 2.259013
v -0.232689 -0.449649 2.298464
v -0.221254 -0.404687 2.294042
v -0.204781 -0.354562 2.286894
v -0.157026 -0.415763 2.330596
v -0.144671 -0.364501 2.321264
v -0.131022 -0.311882 2.310287
v -0.186424 -0.302854 2.280545
v -0.118203 -0.258528 2.296766
v -0.168488 -0.250000 2.271356
v -0.106167 -0.205511 2.280138
v -0.151023 -0.196925 2.257506
v -0.136127 -0.145676 2.240458
v -0.055850 -0.210562 2.299105
v -0.891886 -0.199554 1.445510
v -0.933528 -0.198535 1.405025
v -0.889411 -0.259085 1.442492
v -0.930911 -0.257955 1.401972
v -0.888403 -0.318886 1.440920
v -0.930342 -0.317651 1.400825
v -0.889110 -0.378850 1.441051
v -0.930688 -0.377518 1.400500
v -0.890963 -0.438972 1.442192
v -0.932277 -0.437548 1.401238
v -0.892853 -0.499274 1.443127
v -0.935210 -0.497678 1.403010
v -0.896003 -0.559630 1.444957
v -0.939471 -0.557932 1.405846
v -0.900065 -0.620206 1.447590
v -0.944765 -0.618451 1.409727
v -0.905054 -0.680957 1.451632
v -0.950515 -0.679304 1.414369
v -0.910773 -0.741824 1.457170
v -0.956810 -0.740345 1.420020
v -0.913648 -0.803130 1.460083
v -0.959749 -0.801960 1.422417
v -0.914000 -0.864601 1.460527
v -0.960216 -0.863687 1.422544
v -0.912467 -0.925982 1.459193
v -0.957568 -0.925158 1.419713
v -0.909696 -0.987201 1.456631
v -0.953145 -0.986352 1.415215
v -0.907774 -1.048370 1.455032
v -0.950501 -1.047555 1.412463
v -0.906623 -1.109286 1.454154
v -0.948708 -1.108529 1.410400
v -0.906286 -1.169840 1.453913
v -0.948291 -1.168671 1.409450
v -0.989700 -1.167749 1.364353
v -0.949883 -1.226276 1.410193
v -0.991733 -1.225141 1.364766
v -1.032349 -1.224470 1.318304
v -0.995166 -1.277094 1.366391
v -1.036435 -1.274133 1.319861
v -1.075221 -1.272192 1.271591
v -1.040584 -1.317954 1.321665
v -1.080341 -1.315521 1.273539
v -1.117251 -1.315426 1.223527
v -1.084820 -1.354130 1.275373
v -1.122611 -1.354448 1.225515
v -1.157384 -1.355644 1.173712
v -1.126774 -1.385677 1.227037
v -1.162666 -1.387381 1.175737
v -1.195021 -1.387539 1.122573
v -1.166564 -1.413508 1.177177
v -1.199739 -1.412914 1.124434
v -1.230374 -1.412944 1.070469
v -1.203925 -1.436641 1.126203
v -1.234903 -1.436233 1.072512
v -1.263443 -1.436832 1.017944
v -1.240092 -1.458037 1.075368
v -1.268865 -1.458468 1.021018
v -1.295297 -1.459622 0.965785
v -1.276645 -1.475781 1.025226
v -1.303061 -1.477071 0.969817
v -1.327317 -1.478640 0.913495
v -1.313499 -1.489771 0.975010
v -1.338187 -1.491478 0.918618
v -1.361653 -1.493132 0.861494
v -1.351700 -1.498000 0.924641
v -1.376174 -1.500155 0.867567
v -1.399301 -1.502357 0.809682
v -1.390914 -1.499983 0.873385
v -1.414647 -1.502413 0.815272
v -1.435284 -1.504644 0.756381
v -1.427824 -1.494731 0.819760
v -1.448699 -1.496961 0.760511
v -1.466927 -1.500048 0.701992
v -1.452609 -1.506756 0.697930
v -1.480996 -1.501856 0.646692
v -1.466616 -1.507829 0.642525
v -1.492058 -1.503232 0.599181
v -1.477230 -1.508166 0.595147
v -1.500511 -1.505101 0.558775
v -1.485000 -1.508666 0.555494
v -1.505627 -1.506088 0.525389
v -1.490303 -1.508856 0.521825
v -1.509352 -1.506962 0.495545
v -1.494286 -1.508925 0.492817
v -1.512608 -1.508068 0.472255
v -1.496998 -1.508872 0.471516
v -1.500482 -1.489485 0.601119
v -1.488565 -1.487472 0.648667
v -1.487509 -1.469182 0.647646
v -1.473900 -1.485048 0.703537
v -1.472046 -1.466455 0.702469
v -1.454786 -1.482027 0.761954
v -1.453916 -1.463996 0.760815
v -1.449914 -1.443986 0.758448
v -1.433794 -1.462544 0.820353
v -1.430677 -1.442482 0.818102
v -1.411967 -1.462646 0.879837
v -1.409735 -1.442828 0.877879
v -1.388518 -1.463832 0.938719
v -1.387222 -1.444238 0.937194
v -1.363482 -1.465124 0.996952
v -1.362656 -1.445783 0.995725
v -1.336283 -1.465582 1.054479
v -1.335998 -1.447645 1.053837
v -1.333543 -1.427188 1.051927
v -1.306482 -1.448818 1.111346
v -1.304430 -1.428667 1.109833
v -1.301630 -1.408022 1.107840
v -1.272375 -1.429706 1.167210
v -1.269750 -1.408844 1.165415
v -1.266884 -1.386837 1.163458
v -1.235361 -1.409406 1.221884
v -1.232610 -1.387429 1.219947
v -1.229322 -1.362091 1.217914
v -1.195570 -1.389074 1.274890
v -1.192528 -1.363533 1.272976
v -1.188733 -1.333311 1.270999
v -1.152988 -1.365472 1.326535
v -1.149374 -1.335381 1.324922
v -1.145423 -1.303458 1.323324
v -1.107379 -1.336609 1.377106
v -1.103669 -1.306412 1.375671
v -1.099440 -1.272808 1.374404
v -1.059972 -1.309869 1.426627
v -1.055737 -1.276819 1.425448
v -1.050690 -1.238043 1.424424
v -1.010651 -1.281544 1.475052
v -1.004853 -1.237381 1.474022
v -0.998203 -1.185613 1.474225
v -0.957862 -1.235212 1.522175
v -0.951170 -1.182392 1.523445
v -0.947386 -1.129280 1.530055
v -0.903452 -1.177986 1.571603
v -0.900824 -1.124157 1.581279
v -0.906145 -1.075982 1.597701
v -0.951149 -1.080307 1.543748
v -0.916169 -1.034709 1.614280
v -0.861194 -1.071262 1.650828
v -0.871884 -1.033327 1.666486
v -0.877946 -1.004285 1.676043
v -0.827792 -1.037567 1.716365
v -0.834380 -1.008260 1.727295
v -0.830067 -0.976144 1.733461
v -0.788332 -1.012208 1.777503
v -0.780825 -0.981125 1.779803
v -0.763256 -0.946650 1.775779
v -0.729638 -0.986632 1.821371
v -0.712134 -0.954000 1.814186
v -0.704123 -0.905170 1.810145
v -0.662443 -0.960814 1.853030
v -0.653049 -0.914339 1.845896
v -0.659502 -0.865523 1.861250
v -0.601247 -0.923882 1.881752
v -0.607092 -0.876588 1.893854
v -0.617108 -0.844684 1.912881
v -0.553887 -0.886952 1.928548
v -0.561607 -0.853757 1.944726
v -0.568377 -0.827034 1.960644
v -0.506277 -0.861809 1.978714
v -0.513576 -0.834630 1.993973
v -0.449880 -0.869110 2.009381
v -0.455811 -0.841718 2.025256
v -0.391468 -0.876162 2.037833
v -0.396057 -0.849562 2.052967
v -0.396671 -0.822994 2.059238
v -0.335645 -0.855354 2.080923
v -0.337059 -0.828909 2.088090
v -0.329123 -0.800822 2.076721
v -0.274791 -0.832338 2.115352
v -0.268170 -0.805459 2.102141
v -0.258385 -0.776634 2.082046
v -0.202384 -0.808860 2.119355
v -0.196184 -0.781714 2.099096
v -0.188438 -0.751999 2.072897
v -0.131523 -0.787649 2.109688
v -0.126780 -0.758925 2.085572
v -0.120240 -0.724854 2.051420
v -0.179168 -0.718871 2.039096
v -0.114289 -0.694431 2.023615
v -0.170779 -0.688686 2.011760
v -0.109821 -0.666323 2.008072
v -0.164543 -0.660538 1.996008
v -0.107475 -0.637463 2.010301
v -0.161587 -0.631576 1.999466
v -0.108117 -0.617406 2.033091
v -0.163007 -0.610658 2.021243
v -0.110168 -0.603879 2.066628
v -0.166066 -0.596442 2.053699
v -0.113413 -0.594501 2.111337
v -0.170575 -0.586584 2.097640
v -0.121963 -0.587935 2.168679
v -0.183896 -0.578547 2.151332
v -0.137671 -0.580488 2.227865
v -0.206439 -0.568415 2.206272
v -0.151773 -0.565834 2.274617
v -0.225162 -0.551289 2.247736
v -0.158824 -0.539687 2.308225
v -0.234839 -0.524817 2.276946
v -0.162502 -0.503943 2.329113
v -0.237342 -0.489969 2.294170
v -0.303665 -0.465687 2.256751
v -0.162216 -0.461409 2.334911
v -0.082949 -0.510212 2.353076
v -0.084106 -0.466415 2.362390
v -0.082267 -0.418130 2.360251
v 0.000000 -0.467105 2.374001
v 0.000000 -0.417896 2.372885
v 0.000000 -0.367555 2.362670
v -0.076802 -0.367485 2.350429
v 0.000000 -0.316375 2.346720
v -0.069369 -0.315571 2.335807
v 0.000000 -0.264587 2.327548
v -0.062476 -0.263235 2.318662
v 0.000000 -0.212629 2.306621
v 0.000000 -0.512037 2.363491
v -0.080495 -0.547867 2.329710
v 0.000000 -0.550210 2.339728
v -0.076516 -0.574270 2.292417
v 0.000000 -0.576738 2.302313
v -0.068474 -0.588269 2.243030
v 0.000000 -0.591166 2.250088
v -0.060633 -0.593798 2.180297
v 0.000000 -0.595907 2.184544
v -0.056133 -0.599313 2.119471
v 0.000000 -0.600813 2.122609
v -0.054617 -0.608639 2.072429
v 0.000000 -0.610487 2.073585
v -0.053828 -0.621777 2.038455
v 0.000000 -0.623086 2.038955
v -0.054091 -0.641264 2.015356
v 0.000000 -0.642164 2.014890
v -0.055220 -0.669607 2.012585
v 0.000000 -0.670604 2.012405
v -0.057128 -0.696909 2.029178
v 0.000000 -0.697727 2.029497
v -0.059981 -0.728152 2.058221
v 0.000000 -0.729186 2.060286
v -0.063797 -0.763864 2.094184
v 0.000000 -0.764944 2.099159
v -0.066770 -0.791529 2.117918
v 0.000000 -0.792907 2.124758
v -0.069595 -0.815925 2.135980
v 0.000000 -0.814930 2.141780
v -0.071414 -0.839727 2.150436
v 0.000000 -0.836836 2.154600
v -0.071158 -0.863054 2.145001
v 0.000000 -0.860521 2.149605
v -0.071031 -0.885247 2.132447
v 0.000000 -0.883551 2.136601
v -0.070393 -0.917727 2.118585
v 0.000000 -0.916985 2.122318
v -0.070081 -0.954427 2.114694
v 0.000000 -0.953592 2.118826
v -0.072137 -0.987892 2.127276
v 0.000000 -0.988553 2.131402
v -0.072155 -1.012786 2.139990
v 0.000000 -1.012947 2.142213
v -0.071941 -1.035588 2.151109
v 0.000000 -1.035570 2.152317
v -0.071943 -1.058661 2.151880
v 0.000000 -1.058520 2.153042
v -0.070959 -1.078552 2.133740
v 0.000000 -1.077390 2.136068
v -0.068808 -1.098261 2.111027
v 0.000000 -1.095705 2.115746
v -0.066365 -1.119674 2.085761
v 0.000000 -1.118770 2.088869
v -0.064878 -1.151359 2.052617
v 0.000000 -1.150517 2.054478
v -0.063652 -1.205560 2.020782
v 0.000000 -1.203509 2.022486
v -0.062936 -1.269401 2.013659
v 0.000000 -1.267501 2.015715
v -0.063970 -1.326789 2.018239
v 0.000000 -1.325408 2.020673
v -0.065000 -1.368269 2.023572
v 0.000000 -1.367159 2.026168
v -0.065795 -1.404839 2.028616
v 0.000000 -1.402993 2.031117
v -0.066344 -1.436463 2.032960
v 0.000000 -1.435347 2.035572
v -0.066508 -1.460654 2.036385
v 0.000000 -1.459947 2.038789
v -0.066795 -1.482404 2.038885
v 0.000000 -1.482219 2.040977
v -0.066972 -1.501436 2.039742
v 0.000000 -1.500958 2.041075
v -0.066625 -1.517416 2.037377
v 0.000000 -1.516253 2.037927
v -0.066136 -1.529540 2.029364
v 0.000000 -1.527842 2.029610
v -0.065793 -1.535297 2.016097
v 0.000000 -1.534126 2.017096
v -0.065066 -1.536791 2.000909
v 0.000000 -1.536459 2.002468
v -0.063759 -1.535398 1.983226
v 0.000000 -1.535619 1.985052
v -0.062733 -1.529474 1.963017
v 0.000000 -1.530340 1.965183
v -0.061365 -1.515530 1.943734
v 0.000000 -1.516782 1.945720
v -0.060158 -1.490652 1.930658
v 0.000000 -1.491470 1.932794
v -0.059588 -1.456739 1.923437
v 0.000000 -1.457836 1.925809
v -0.059107 -1.418949 1.916724
v 0.000000 -1.418486 1.918710
v -0.058727 -1.369213 1.907133
v 0.000000 -1.369072 1.909079
v -0.058473 -1.315315 1.896585
v 0.000000 -1.315218 1.898265
v -0.058283 -1.258883 1.884713
v 0.000000 -1.258480 1.886252
v -0.058173 -1.200670 1.870743
v 0.000000 -1.200480 1.871863
v -0.058102 -1.142309 1.856445
v 0.000000 -1.142257 1.857240
v -0.058119 -1.084055 1.843233
v 0.000000 -1.083901 1.844487
v -0.058290 -1.025537 1.834005
v 0.000000 -1.025331 1.835144
v -0.058548 -0.966771 1.829285
v 0.000000 -0.966515 1.830653
v -0.058831 -0.907990 1.827401
v 0.000000 -0.907727 1.828891
v -0.059062 -0.849249 1.826110
v 0.000000 -0.849009 1.827667
v -0.059208 -0.790523 1.825005
v 0.000000 -0.790339 1.826588
v -0.059276 -0.731789 1.824124
v 0.000000 -0.731632 1.825468
v -0.059301 -0.672995 1.823220
v 0.000000 -0.672854 1.824605
v -0.059311 -0.614145 1.822419
v 0.000000 -0.614019 1.823545
v -0.059305 -0.555230 1.821727
v 0.000000 -0.555123 1.822713
v -0.059287 -0.496267 1.821137
v 0.000000 -0.496170 1.822394
v -0.059257 -0.437249 1.820590
v 0.000000 -0.437161 1.822135
v -0.059218 -0.378187 1.820174
v 0.000000 -0.378109 1.821805
v -0.059170 -0.319074 1.819788
v 0.000000 -0.319006 1.821464
v -0.059127 -0.259915 1.819528
v -0.804650 -0.201270 1.521832
v -0.849097 -0.200472 1.484670
v -0.802681 -0.260990 1.519082
v -0.847039 -0.260127 1.481963
v -0.801949 -0.320943 1.517769
v -0.846159 -0.320003 1.480518
v -0.802652 -0.381080 1.518083
v -0.846864 -0.380064 1.480742
v -0.804478 -0.441390 1.519627
v -0.848734 -0.440265 1.482102
v -0.805885 -0.501855 1.520400
v -0.850101 -0.500666 1.482679
v -0.807805 -0.562458 1.521510
v -0.852401 -0.561230 1.483903
v -0.810744 -0.623042 1.523645
v -0.855852 -0.621775 1.486135
v -0.814265 -0.683550 1.526779
v -0.859736 -0.682401 1.489207
v -0.818055 -0.744097 1.530811
v -0.864353 -0.743115 1.493870
v -0.819986 -0.804939 1.533298
v -0.866933 -0.804144 1.496872
v -0.820261 -0.865938 1.534310
v -0.867321 -0.865375 1.497732
v -0.819902 -0.927013 1.534895
v -0.866552 -0.926607 1.497570
v -0.818915 -0.988108 1.534998
v -0.864961 -0.987800 1.496632
v -0.817729 -1.049070 1.535115
v -0.863685 -1.048885 1.496161
v -0.818301 -1.109837 1.537588
v -0.863504 -1.109769 1.496950
v -0.816197 -1.170053 1.536543
v -0.862586 -1.170283 1.496585
v -0.815224 -1.228987 1.536820
v -0.863416 -1.229022 1.498148
v -0.908198 -1.227439 1.455738
v -0.865909 -1.281101 1.501388
v -0.910957 -1.279134 1.458377
v -0.953034 -1.278526 1.412342
v -0.913705 -1.326265 1.460778
v -0.956309 -1.325283 1.414627
v -0.998872 -1.322587 1.368397
v -0.959298 -1.363041 1.416652
v -1.002243 -1.358610 1.370305
v -1.044734 -1.357534 1.323569
v -1.005354 -1.389838 1.372158
v -1.047873 -1.387399 1.325214
v -1.088753 -1.388513 1.277022
v -1.050795 -1.414953 1.326815
v -1.091681 -1.413640 1.278412
v -1.130362 -1.413178 1.228401
v -1.094664 -1.437903 1.279963
v -1.133683 -1.437396 1.229903
v -1.170254 -1.437441 1.178720
v -1.137784 -1.459872 1.232354
v -1.174889 -1.459519 1.181355
v -1.209140 -1.458576 1.129040
v -1.181680 -1.476772 1.185734
v -1.216423 -1.475670 1.133472
v -1.247553 -1.475192 1.079601
v -1.226336 -1.487207 1.139574
v -1.257635 -1.487466 1.085297
v -1.287015 -1.488320 1.030650
v -1.269951 -1.493876 1.092169
v -1.300041 -1.495090 1.037261
v -1.326891 -1.496399 0.981212
v -1.313134 -1.495932 1.043759
v -1.340370 -1.497062 0.987470
v -1.365801 -1.498391 0.930667
v -1.352381 -1.491502 0.992816
v -1.378203 -1.492040 0.935686
v -1.403472 -1.492757 0.878036
v -1.385953 -1.479808 0.938415
v -1.410622 -1.479493 0.880239
v -1.433779 -1.479963 0.821213
v -1.360409 -1.480219 0.996085
v -1.325108 -1.491247 1.049623
v -1.332983 -1.480136 1.053274
v -1.293967 -1.489729 1.105314
v -1.302411 -1.479789 1.109793
v -1.306077 -1.465870 1.111449
v -1.269932 -1.480130 1.166173
v -1.273955 -1.466698 1.168532
v -1.274412 -1.449601 1.168625
v -1.239649 -1.468442 1.225098
v -1.239830 -1.451264 1.225096
v -1.238063 -1.431381 1.223803
v -1.202027 -1.452667 1.279354
v -1.200372 -1.432305 1.278240
v -1.198090 -1.411027 1.276653
v -1.160496 -1.432456 1.331322
v -1.158149 -1.410766 1.329773
v -1.155675 -1.388538 1.328187
v -1.116086 -1.411735 1.381685
v -1.113598 -1.389533 1.380167
v -1.110640 -1.364054 1.378616
v -1.069648 -1.389624 1.430798
v -1.066777 -1.365310 1.429360
v -1.063591 -1.338848 1.427914
v -1.021499 -1.367262 1.478876
v -1.018334 -1.341511 1.477504
v -1.014788 -1.313651 1.476244
v -0.972134 -1.345156 1.525626
v -0.968608 -1.317600 1.524355
v -0.964227 -1.283786 1.523120
v -0.921376 -1.320142 1.571081
v -0.916602 -1.283114 1.569863
v -0.909912 -1.232051 1.569300
v -0.867836 -1.281746 1.615402
v -0.860970 -1.228068 1.615307
v -0.854954 -1.172506 1.619021
v -0.810797 -1.223224 1.659894
v -0.805425 -1.165461 1.665831
v -0.806964 -1.109287 1.684775
v -0.853728 -1.117528 1.632453
v -0.816879 -1.068825 1.702754
v -0.760466 -1.101537 1.735652
v -0.771623 -1.066754 1.753060
v -0.781962 -1.040033 1.766342
v -0.723603 -1.067415 1.799631
v -0.733725 -1.042155 1.812753
v -0.738960 -1.016237 1.823109
v -0.685292 -1.045551 1.859022
v -0.689228 -1.020304 1.868141
v -0.678681 -0.992398 1.862796
v -0.636223 -1.023065 1.909544
v -0.625509 -0.996144 1.900691
v -0.611432 -0.966829 1.890128
v -0.571979 -0.999304 1.939205
v -0.559367 -0.972242 1.929891
v -0.550288 -0.932812 1.920052
v -0.505824 -0.979239 1.968495
v -0.495980 -0.940443 1.953229
v -0.497957 -0.896692 1.961554
v -0.440545 -0.948330 1.983959
v -0.441802 -0.904605 1.991157
v -0.385681 -0.953892 2.014611
v -0.385513 -0.911057 2.020926
v -0.326356 -0.956032 2.041381
v -0.325839 -0.915398 2.047905
v -0.331038 -0.880256 2.065973
v -0.265119 -0.916706 2.072618
v -0.269199 -0.882058 2.091342
v -0.273082 -0.857229 2.106909
v -0.206253 -0.883085 2.108328
v -0.206479 -0.859408 2.123727
v -0.206718 -0.834960 2.133084
v -0.139583 -0.861903 2.135681
v -0.138641 -0.838665 2.142592
v -0.135552 -0.813701 2.128557
v -0.141039 -0.884892 2.121889
v -0.139726 -0.917301 2.106842
v -0.204152 -0.915890 2.090238
v -0.201078 -0.957512 2.083087
v -0.137596 -0.955937 2.102582
v -0.264462 -0.957415 2.065069
v -0.269851 -0.990990 2.079031
v -0.205573 -0.991558 2.098317
v -0.334532 -0.989905 2.055694
v -0.338891 -1.014011 2.072176
v -0.273483 -1.015428 2.093110
v -0.396719 -0.990011 2.030355
v -0.403340 -1.013170 2.047094
v -0.409487 -1.034661 2.060660
v -0.343669 -1.035879 2.086002
v -0.452842 -0.986393 2.001870
v -0.465278 -1.008561 2.016507
v -0.474940 -1.029836 2.029064
v -0.475638 -1.054862 2.026344
v -0.410073 -1.057742 2.059124
v -0.520036 -1.003370 1.980277
v -0.531871 -1.026315 1.989122
v -0.531825 -1.051330 1.985698
v -0.520821 -1.074726 1.969643
v -0.466583 -1.075908 2.009729
v -0.582635 -1.024469 1.947292
v -0.581646 -1.049595 1.942425
v -0.571365 -1.073502 1.928100
v -0.559049 -1.098620 1.912293
v -0.507782 -1.098162 1.953158
v -0.633495 -1.049040 1.901937
v -0.624048 -1.072864 1.887737
v -0.612564 -1.096246 1.873673
v -0.600993 -1.135541 1.847490
v -0.546463 -1.131873 1.889868
v -0.675261 -1.070623 1.844911
v -0.663518 -1.097190 1.829642
v -0.653478 -1.140417 1.803944
v -0.652351 -1.201738 1.783836
v -0.597236 -1.193814 1.821969
v -0.712059 -1.097504 1.783627
v -0.704757 -1.148188 1.758151
v -0.706437 -1.209421 1.744283
v -0.713652 -1.269040 1.743042
v -0.659158 -1.262632 1.781490
v -0.755322 -1.156797 1.712159
v -0.759308 -1.216841 1.702898
v -0.766448 -1.274379 1.702311
v -0.772807 -1.324325 1.703133
v -0.720352 -1.321897 1.743968
v -0.817748 -1.278435 1.659705
v -0.823578 -1.324154 1.660591
v -0.827605 -1.355679 1.661792
v -0.777053 -1.357853 1.704239
v -0.873279 -1.324138 1.616463
v -0.876895 -1.352340 1.617730
v -0.880190 -1.378389 1.619178
v -0.831099 -1.382792 1.663178
v -0.925039 -1.348827 1.572370
v -0.928330 -1.374938 1.573805
v -0.931368 -1.399445 1.575320
v -0.883195 -1.402515 1.620710
v -0.975494 -1.371909 1.527046
v -0.978442 -1.395685 1.528475
v -0.980974 -1.416603 1.529790
v -0.933835 -1.419906 1.576722
v -1.024554 -1.392351 1.480274
v -1.027066 -1.413134 1.481611
v -1.029561 -1.434110 1.482930
v -0.983347 -1.436417 1.531070
v -1.072140 -1.411764 1.432220
v -1.074472 -1.432831 1.433615
v -1.076441 -1.452851 1.434661
v -1.031697 -1.453825 1.483951
v -1.118285 -1.432790 1.383078
v -1.120093 -1.452862 1.384147
v -1.119752 -1.470390 1.383450
v -1.076470 -1.470687 1.434102
v -1.162172 -1.452873 1.332370
v -1.161442 -1.469728 1.331574
v -1.157180 -1.482959 1.328043
v -1.115915 -1.484105 1.379928
v -1.201280 -1.469154 1.278678
v -1.196999 -1.482100 1.275693
v -1.188841 -1.491070 1.269838
v -1.148660 -1.491666 1.321241
v -1.235788 -1.482062 1.222627
v -1.227302 -1.491247 1.216943
v -1.216053 -1.494760 1.209306
v -1.178131 -1.494434 1.261848
v -1.261786 -1.490135 1.161283
v -1.250470 -1.494265 1.154293
v -1.238193 -1.493500 1.146798
v -1.203967 -1.494048 1.200944
v -1.282552 -1.494670 1.099118
v -1.191697 -1.488708 1.192593
v -1.154179 -1.489214 1.244064
v -1.166572 -1.494270 1.253303
v -1.113976 -1.489716 1.294098
v -1.126319 -1.494810 1.303718
v -1.138010 -1.494976 1.312859
v -1.084882 -1.495261 1.353793
v -1.096617 -1.495627 1.363635
v -1.107417 -1.492653 1.372667
v -1.054097 -1.496554 1.413298
v -1.064717 -1.493600 1.422946
v -1.073125 -1.484815 1.430721
v -1.020873 -1.494696 1.471926
v -1.028574 -1.485717 1.479596
v -1.031723 -1.471607 1.483215
v -0.983936 -1.487674 1.528782
v -0.986411 -1.473231 1.532003
v -0.985518 -1.455767 1.532117
v -0.938935 -1.474655 1.579065
v -0.938170 -1.457868 1.579171
v -0.936135 -1.439358 1.578090
v -0.890113 -1.460433 1.624576
v -0.887921 -1.442367 1.623431
v -0.885677 -1.423274 1.622181
v -0.839310 -1.445695 1.667153
v -0.836910 -1.427219 1.665950
v -0.834460 -1.408409 1.664721
v -0.786793 -1.430763 1.708429
v -0.783976 -1.410301 1.707027
v -0.780811 -1.386842 1.705585
v -0.732062 -1.412096 1.748069
v -0.728822 -1.388490 1.746505
v -0.724833 -1.357703 1.745132
v -0.675023 -1.389574 1.785961
v -0.671026 -1.357121 1.784365
v -0.666032 -1.316905 1.782830
v -0.615905 -1.356946 1.821397
v -0.610458 -1.312379 1.819481
v -0.603051 -1.256208 1.817127
v -0.553266 -1.307403 1.853014
v -0.545659 -1.249629 1.849897
v -0.541542 -1.186133 1.859176
v -0.487475 -1.242968 1.881005
v -0.486001 -1.179250 1.896145
v -0.493366 -1.128878 1.930208
v -0.430352 -1.172570 1.930641
v -0.440810 -1.126654 1.965301
v -0.454720 -1.097787 1.990971
v -0.384423 -1.123907 1.994576
v -0.395016 -1.097110 2.021576
v -0.403395 -1.077204 2.041820
v -0.331721 -1.098070 2.044736
v -0.338181 -1.077741 2.065689
v -0.343825 -1.058380 2.084116
v -0.274114 -1.079790 2.087449
v -0.278882 -1.060144 2.105522
v -0.277947 -1.037459 2.106029
v -0.213487 -1.061741 2.127007
v -0.212703 -1.038348 2.126168
v -0.209205 -1.015470 2.112833
v -0.143662 -1.036747 2.141559
v -0.142898 -1.014180 2.129600
v -0.141302 -0.989495 2.116012
v -0.143953 -1.060039 2.143541
v -0.140834 -1.079791 2.125107
v -0.209081 -1.081358 2.108631
v -0.203928 -1.100873 2.087894
v -0.136874 -1.099253 2.102735
v -0.268205 -1.100714 2.066654
v -0.261869 -1.123742 2.044001
v -0.198226 -1.122872 2.064813
v -0.324195 -1.121934 2.020607
v -0.314118 -1.161583 1.987850
v -0.254028 -1.159778 2.013777
v -0.373078 -1.165989 1.960309
v -0.368811 -1.227318 1.937006
v -0.308875 -1.220731 1.962304
v -0.428478 -1.235555 1.910153
v -0.434716 -1.293824 1.912217
v -0.374001 -1.287425 1.937231
v -0.494599 -1.300428 1.884078
v -0.500500 -1.348802 1.887699
v -0.440677 -1.343697 1.916882
v -0.558676 -1.350858 1.855741
v -0.562947 -1.386473 1.858054
v -0.504475 -1.384215 1.890605
v -0.619888 -1.389190 1.823104
v -0.623721 -1.417655 1.825085
v -0.566612 -1.415887 1.860271
v -0.678604 -1.416502 1.787717
v -0.681601 -1.437731 1.789277
v -0.626847 -1.439995 1.826816
v -0.735043 -1.434024 1.749545
v -0.737655 -1.453072 1.750919
v -0.684346 -1.456352 1.790796
v -0.789417 -1.449521 1.709795
v -0.791898 -1.467829 1.711011
v -0.740103 -1.471433 1.752172
v -0.841534 -1.463629 1.668233
v -0.842988 -1.480433 1.668351
v -0.793550 -1.485004 1.711416
v -0.891064 -1.476606 1.624353
v -0.889172 -1.490759 1.621283
v -0.841405 -1.495050 1.665316
v -0.936752 -1.488827 1.575961
v -0.929765 -1.498136 1.568091
v -0.882524 -1.499831 1.613451
v -0.976238 -1.496685 1.520750
v -0.965977 -1.499214 1.510427
v -0.920030 -1.500925 1.557586
v -1.010454 -1.497696 1.461977
v -0.999263 -1.497806 1.451198
v -0.955004 -1.499254 1.499303
v -1.042841 -1.495857 1.403170
v -1.030932 -1.490639 1.392562
v -0.987170 -1.494490 1.439739
v -1.072489 -1.490701 1.343500
v -1.062500 -1.478637 1.335223
v -1.021033 -1.479078 1.383868
v -1.103891 -1.477966 1.286371
v -1.098227 -1.460301 1.282244
v -1.056721 -1.460969 1.330664
v -1.144014 -1.477325 1.236579
v -1.053391 -1.438772 1.328401
v -1.010901 -1.440426 1.375681
v -1.014791 -1.462039 1.378635
v -0.967158 -1.444607 1.421872
v -0.970741 -1.466141 1.424680
v -0.976584 -1.483618 1.429886
v -0.926279 -1.470543 1.470730
v -0.932950 -1.486745 1.477106
v -0.943315 -1.496419 1.487495
v -0.887595 -1.490037 1.523101
v -0.898259 -1.498780 1.534325
v -0.909510 -1.501078 1.546315
v -0.851278 -1.500968 1.578129
v -0.862603 -1.503331 1.590936
v -0.873186 -1.503240 1.602892
v -0.813888 -1.505974 1.632372
v -0.824629 -1.505827 1.645144
v -0.834213 -1.503895 1.656593
v -0.774080 -1.508520 1.685140
v -0.783946 -1.507333 1.697806
v -0.791912 -1.500076 1.708149
v -0.732140 -1.510545 1.737582
v -0.740076 -1.503940 1.748860
v -0.741859 -1.488777 1.752626
v -0.687065 -1.507176 1.788182
v -0.688763 -1.492236 1.792483
v -0.687009 -1.474795 1.792228
v -0.634657 -1.495417 1.831210
v -0.632264 -1.477379 1.830027
v -0.629581 -1.458910 1.828423
v -0.574893 -1.479253 1.866447
v -0.572268 -1.459665 1.864475
v -0.569645 -1.439667 1.862400
v -0.513126 -1.459956 1.898176
v -0.510666 -1.438716 1.895812
v -0.507952 -1.415361 1.893422
v -0.450794 -1.438483 1.926283
v -0.447977 -1.411659 1.923410
v -0.444698 -1.380297 1.920262
v -0.387138 -1.411441 1.950645
v -0.383898 -1.377941 1.946896
v -0.379846 -1.338734 1.942738
v -0.321817 -1.375983 1.970054
v -0.318085 -1.334530 1.964988
v -0.313148 -1.283287 1.959534
v -0.255521 -1.334724 1.984278
v -0.251561 -1.280179 1.979224
v -0.249020 -1.216392 1.985554
v -0.188981 -1.277093 1.995349
v -0.188486 -1.212980 2.003646
v -0.192299 -1.157351 2.033487
v -0.126655 -1.209192 2.014960
v -0.129077 -1.154189 2.045665
v -0.132421 -1.120615 2.078443
v -0.126045 -1.273128 2.006919
v -0.127891 -1.329913 2.011084
v -0.191769 -1.332235 1.999604
v -0.193952 -1.371845 2.004804
v -0.129490 -1.370324 2.016330
v -0.258218 -1.372783 1.989217
v -0.260595 -1.406255 1.993658
v -0.195817 -1.405946 2.009623
v -0.324661 -1.409438 1.974129
v -0.326640 -1.434857 1.977388
v -0.262403 -1.433558 1.997339
v -0.389410 -1.435997 1.953553
v -0.391521 -1.458732 1.956303
v -0.328461 -1.457874 1.980330
v -0.453007 -1.459890 1.928881
v -0.455095 -1.481100 1.931410
v -0.393509 -1.480773 1.958939
v -0.515472 -1.480676 1.900669
v -0.517441 -1.500193 1.902573
v -0.456493 -1.500497 1.932775
v -0.576907 -1.497757 1.867619
v -0.575951 -1.513222 1.864229
v -0.517152 -1.516270 1.900562
v -0.634106 -1.511886 1.828094
v -0.626170 -1.518596 1.815355
v -0.569413 -1.521712 1.852164
v -0.679257 -1.513964 1.776559
v -0.670048 -1.514983 1.763092
v -0.616559 -1.518933 1.800673
v -0.722614 -1.511465 1.724553
v -0.712815 -1.511513 1.711042
v -0.660507 -1.515013 1.749135
v -0.763721 -1.508608 1.672014
v -0.753218 -1.508000 1.658565
v -0.702939 -1.510643 1.697314
v -0.802693 -1.504050 1.619122
v -0.793060 -1.496736 1.607728
v -0.743158 -1.503398 1.645433
v -0.840815 -1.493020 1.566543
v -0.833730 -1.478959 1.558812
v -0.785865 -1.483917 1.599586
v -0.880527 -1.474806 1.515841
v -0.876875 -1.454312 1.512223
v -0.829493 -1.460109 1.554367
v -0.922596 -1.449743 1.467537
v -0.920154 -1.425801 1.465702
v -0.874563 -1.430139 1.510143
v -0.964534 -1.420961 1.420086
v -0.961969 -1.395015 1.418471
v -0.918229 -1.400088 1.464366
v -1.008061 -1.416265 1.373812
v -0.916128 -1.367082 1.462770
v -0.870858 -1.370286 1.506760
v -0.872887 -1.403555 1.508612
v -0.822241 -1.374221 1.547238
v -0.824547 -1.408461 1.549728
v -0.826674 -1.435345 1.551754
v -0.775369 -1.414536 1.589308
v -0.778055 -1.441585 1.592059
v -0.781255 -1.466243 1.595118
v -0.729182 -1.446940 1.630894
v -0.732096 -1.470980 1.633244
v -0.736149 -1.490098 1.637022
v -0.682277 -1.474811 1.670503
v -0.686535 -1.493264 1.675063
v -0.693588 -1.505746 1.684291
v -0.634299 -1.497763 1.710366
v -0.641481 -1.510745 1.720222
v -0.650811 -1.514681 1.734589
v -0.587806 -1.515448 1.755518
v -0.597492 -1.518760 1.770646
v -0.607033 -1.518915 1.785808
v -0.542428 -1.522494 1.805972
v -0.551554 -1.522880 1.821693
v -0.560696 -1.522895 1.837180
v -0.494602 -1.525869 1.855978
v -0.503283 -1.525916 1.872838
v -0.511405 -1.524744 1.888800
v -0.444968 -1.528281 1.904792
v -0.451291 -1.525255 1.919159
v -0.455669 -1.515913 1.929586
v -0.390746 -1.527673 1.947071
v -0.394561 -1.516492 1.957928
v -0.394848 -1.500228 1.960281
v -0.330531 -1.516310 1.980519
v -0.331098 -1.499953 1.983749
v -0.330111 -1.480084 1.982892
v -0.266236 -1.499848 2.004372
v -0.265392 -1.479770 2.003286
v -0.264007 -1.457573 2.000542
v -0.199740 -1.480508 2.019798
v -0.198710 -1.458930 2.017190
v -0.197387 -1.434601 2.013753
v -0.132818 -1.459833 2.029000
v -0.132000 -1.436082 2.025685
v -0.130898 -1.406224 2.021398
v -0.133504 -1.481609 2.031830
v -0.133958 -1.500869 2.033153
v -0.200434 -1.499932 2.020935
v -0.200373 -1.516329 2.018225
v -0.134027 -1.517141 2.031183
v -0.265882 -1.516441 2.001622
v -0.263470 -1.528359 1.991856
v -0.198905 -1.528400 2.009629
v -0.327467 -1.527822 1.970306
v -0.322533 -1.532238 1.955251
v -0.259701 -1.533401 1.977386
v -0.384692 -1.530707 1.931403
v -0.377887 -1.531122 1.914371
v -0.317004 -1.533126 1.938713
v -0.436992 -1.528677 1.887289
v -0.428396 -1.527724 1.868542
v -0.370385 -1.529636 1.895842
v -0.485606 -1.525399 1.838804
v -0.476532 -1.521131 1.821809
v -0.420112 -1.522327 1.851101
v -0.533029 -1.518805 1.790160
v -0.525711 -1.505542 1.778572
v -0.469724 -1.507874 1.809372
v -0.580580 -1.502325 1.744806
v -0.576806 -1.481860 1.740258
v -0.521744 -1.485321 1.772799
v -0.630267 -1.478132 1.706070
v -0.627342 -1.453019 1.703628
v -0.574127 -1.455572 1.737512
v -0.679119 -1.450598 1.668009
v -0.675802 -1.425443 1.665295
v -0.624299 -1.426552 1.700864
v -0.726239 -1.420987 1.628235
v -0.721556 -1.384103 1.623100
v -0.670857 -1.388128 1.659727
v -0.771885 -1.379054 1.585449
v -0.769161 -1.336084 1.581773
v -0.718283 -1.337833 1.618453
v -0.819588 -1.332390 1.544073
v -0.817060 -1.283160 1.540378
v -0.766846 -1.283491 1.577517
v -0.868513 -1.329276 1.504469
v -0.765502 -1.227988 1.573758
v -0.715161 -1.226733 1.609574
v -0.716261 -1.283681 1.614025
v -0.664896 -1.225504 1.645095
v -0.665936 -1.283245 1.650006
v -0.667531 -1.338977 1.654527
v -0.616149 -1.283046 1.685978
v -0.617240 -1.339605 1.690578
v -0.620284 -1.391379 1.696145
v -0.566375 -1.339534 1.725239
v -0.568241 -1.392715 1.730125
v -0.571440 -1.427699 1.734674
v -0.513294 -1.390209 1.759040
v -0.516703 -1.429380 1.765560
v -0.519158 -1.458582 1.769441
v -0.460683 -1.427831 1.793391
v -0.463339 -1.459479 1.798595
v -0.465902 -1.487526 1.802737
v -0.407098 -1.458266 1.825313
v -0.409966 -1.488404 1.830784
v -0.413673 -1.508808 1.838310
v -0.353325 -1.489149 1.855931
v -0.357068 -1.509781 1.864396
v -0.362993 -1.523537 1.878142
v -0.298969 -1.511653 1.886777
v -0.304408 -1.525630 1.901989
v -0.310920 -1.531631 1.920692
v -0.244903 -1.526685 1.923971
v -0.250344 -1.533010 1.943472
v -0.255203 -1.534490 1.961255
v -0.189227 -1.534084 1.962225
v -0.192859 -1.535548 1.980493
v -0.196179 -1.534196 1.996158
v -0.129439 -1.536628 1.993824
v -0.131548 -1.535463 2.009613
v -0.133198 -1.529470 2.023156
v -0.127187 -1.534788 1.975636
v -0.124405 -1.528396 1.955741
v -0.184897 -1.527851 1.942104
v -0.180927 -1.513518 1.923985
v -0.121586 -1.513975 1.936962
v -0.240188 -1.512441 1.907307
v -0.237369 -1.490783 1.897158
v -0.178618 -1.490052 1.912205
v -0.295848 -1.490245 1.878268
v -0.293753 -1.459478 1.872431
v -0.235854 -1.458436 1.890905
v -0.350672 -1.459164 1.850091
v -0.348357 -1.424659 1.844411
v -0.291733 -1.423661 1.866371
v -0.404411 -1.425360 1.819872
v -0.401829 -1.382638 1.812899
v -0.345870 -1.379077 1.836760
v -0.457296 -1.386351 1.785929
v -0.455289 -1.335475 1.779221
v -0.399489 -1.330969 1.804095
v -0.511643 -1.337992 1.753548
v -0.511513 -1.281631 1.748466
v -0.454856 -1.278926 1.771051
v -0.565967 -1.283041 1.721063
v -0.565408 -1.223983 1.715025
v -0.512051 -1.222787 1.742738
v -0.615178 -1.224586 1.680536
v -0.615565 -1.165109 1.676049
v -0.565880 -1.164055 1.710231
v -0.665251 -1.166502 1.641101
v -0.667414 -1.106670 1.639401
v -0.617726 -1.105166 1.673943
v -0.715941 -1.167948 1.606858
v -0.717625 -1.108156 1.605518
v -0.719637 -1.047717 1.604974
v -0.670168 -1.046520 1.639368
v -0.766963 -1.169195 1.573026
v -0.769054 -1.109189 1.573249
v -0.769179 -1.048651 1.570730
v -0.771256 -0.987883 1.571350
v -0.721901 -0.987199 1.605512
v -0.722735 -0.926596 1.604428
v -0.672733 -0.925852 1.637141
v -0.671939 -0.986217 1.638725
v -0.771988 -0.927027 1.570580
v -0.772208 -0.866163 1.569528
v -0.723117 -0.865961 1.603266
v -0.723182 -0.805382 1.602204
v -0.673468 -0.805001 1.634578
v -0.673158 -0.865427 1.635638
v -0.771987 -0.805385 1.568342
v -0.770840 -0.744705 1.566510
v -0.722654 -0.744881 1.600860
v -0.720520 -0.684450 1.598073
v -0.672208 -0.684332 1.631626
v -0.673353 -0.744646 1.633553
v -0.767817 -0.684191 1.563048
v -0.764650 -0.623727 1.559895
v -0.717799 -0.624046 1.595066
v -0.715770 -0.563551 1.593170
v -0.667953 -0.563576 1.626552
v -0.669881 -0.623979 1.628701
v -0.762361 -0.563198 1.558100
v -0.760852 -0.502641 1.557144
v -0.714004 -0.503060 1.591538
v -0.712009 -0.442663 1.589474
v -0.664376 -0.442858 1.622598
v -0.666255 -0.503177 1.624712
v -0.758778 -0.442182 1.555253
v -0.757123 -0.381864 1.553738
v -0.710458 -0.382375 1.587929
v -0.709511 -0.322190 1.587117
v -0.661864 -0.322498 1.619968
v -0.662821 -0.382623 1.620893
v -0.756281 -0.321668 1.553165
v -0.756613 -0.261655 1.553995
v -0.709579 -0.262149 1.587626
v -0.710943 -0.202312 1.589824
v -0.662661 -0.202611 1.621833
v -0.661842 -0.262485 1.620342
v -0.758344 -0.201866 1.556590
v -0.565092 -0.143144 1.684933
v -0.614965 -0.143073 1.655090
v -0.564368 -0.202857 1.683527
v -0.613848 -0.202800 1.653137
v -0.564129 -0.262674 1.682834
v -0.613397 -0.262660 1.652150
v -0.564390 -0.322586 1.682870
v -0.613624 -0.322629 1.652096
v -0.565085 -0.382562 1.683548
v -0.614542 -0.382688 1.653044
v -0.566362 -0.442594 1.685169
v -0.615948 -0.442835 1.654692
v -0.568185 -0.502667 1.687729
v -0.617566 -0.503033 1.656658
v -0.569471 -0.562824 1.689371
v -0.619037 -0.563291 1.658382
v -0.570275 -0.622954 1.690316
v -0.620788 -0.623600 1.660555
v -0.570304 -0.683043 1.690297
v -0.621958 -0.683841 1.662197
v -0.569872 -0.743081 1.690198
v -0.622325 -0.744049 1.663263
v -0.569426 -0.803174 1.690774
v -0.622097 -0.804256 1.664012
v -0.569097 -0.863291 1.692269
v -0.621758 -0.864515 1.665335
v -0.569282 -0.923414 1.695928
v -0.621807 -0.924768 1.668231
v -0.569498 -0.983559 1.700332
v -0.621437 -0.984996 1.671049
v -0.568888 -1.043728 1.704062
v -0.619945 -1.045179 1.672624
v -0.567699 -1.103844 1.707387
v -0.515407 -1.042198 1.729771
v -0.515376 -1.102412 1.736021
v -0.513670 -1.162764 1.739143
v -0.459155 -1.100503 1.754812
v -0.457554 -1.160743 1.758979
v -0.455735 -1.220500 1.763741
v -0.400579 -1.158113 1.776343
v -0.398790 -1.217194 1.783754
v -0.398238 -1.274974 1.793626
v -0.342417 -1.213085 1.804712
v -0.342740 -1.270901 1.816746
v -0.343943 -1.326540 1.827569
v -0.287244 -1.267220 1.837919
v -0.288090 -1.323064 1.848691
v -0.289635 -1.375518 1.858004
v -0.231587 -1.320091 1.865823
v -0.232814 -1.373218 1.875949
v -0.234503 -1.421270 1.884754
v -0.175496 -1.371045 1.890401
v -0.176550 -1.421353 1.899672
v -0.177411 -1.456958 1.905520
v -0.118030 -1.418823 1.909805
v -0.118671 -1.456545 1.916401
v -0.119613 -1.489860 1.923720
v -0.117367 -1.369942 1.900881
v -0.116818 -1.316127 1.890830
v -0.174570 -1.317595 1.880130
v -0.173950 -1.261750 1.869181
v -0.116478 -1.259785 1.879946
v -0.230813 -1.264218 1.854855
v -0.230299 -1.205935 1.841530
v -0.173596 -1.203227 1.855986
v -0.286635 -1.209209 1.824635
v -0.286795 -1.150815 1.811738
v -0.230032 -1.147586 1.827476
v -0.343548 -1.154484 1.794266
v -0.345504 -1.095063 1.787771
v -0.288484 -1.091779 1.803560
v -0.402274 -1.098186 1.771202
v -0.403457 -1.038048 1.766785
v -0.346999 -1.035253 1.783628
v -0.459659 -1.040364 1.749070
v -0.460040 -0.980178 1.744349
v -0.404442 -0.977996 1.763575
v -0.515355 -0.982037 1.724180
v -0.515279 -0.921883 1.719701
v -0.460550 -0.920089 1.741314
v -0.461119 -0.860104 1.739460
v -0.405947 -0.858236 1.759753
v -0.405267 -0.918082 1.761435
v -0.515509 -0.861817 1.716946
v -0.515958 -0.801806 1.715531
v -0.461591 -0.800200 1.738037
v -0.462005 -0.740390 1.737174
v -0.406740 -0.738822 1.757342
v -0.406435 -0.798482 1.758453
v -0.516353 -0.741845 1.714692
v -0.517147 -0.681948 1.715537
v -0.462566 -0.680630 1.737463
v -0.462942 -0.620918 1.737921
v -0.406960 -0.619665 1.756144
v -0.406929 -0.679238 1.756666
v -0.517874 -0.622081 1.716844
v -0.517738 -0.562125 1.716851
v -0.463010 -0.561181 1.738128
v -0.462953 -0.501419 1.738458
v -0.406791 -0.500497 1.755691
v -0.406925 -0.560092 1.755890
v -0.517070 -0.502154 1.715996
v -0.515794 -0.442187 1.714160
v -0.462560 -0.441620 1.738204
v -0.462214 -0.381811 1.738177
v -0.406537 -0.381207 1.756177
v -0.406648 -0.440865 1.755804
v -0.514600 -0.382258 1.712561
v -0.513934 -0.322372 1.711858
v -0.462073 -0.322020 1.738556
v -0.461533 -0.262254 1.737826
v -0.406408 -0.261891 1.757370
v -0.406534 -0.321548 1.756960
v -0.513656 -0.262537 1.711758
v -0.513721 -0.202774 1.712126
v -0.460831 -0.202557 1.736472
v -0.460172 -0.142920 1.735076
v -0.404792 -0.142736 1.753633
v -0.405618 -0.202285 1.755617
v -0.514019 -0.143083 1.712817
v -0.292468 -0.261081 1.785909
v -0.349635 -0.261502 1.772177
v -0.292674 -0.320492 1.786095
v -0.349759 -0.321017 1.771848
v -0.292888 -0.379891 1.786377
v -0.349898 -0.380539 1.771693
v -0.293075 -0.439266 1.786708
v -0.350047 -0.440059 1.771680
v -0.293219 -0.498610 1.787034
v -0.350224 -0.499537 1.771927
v -0.293397 -0.557897 1.787777
v -0.350377 -0.558975 1.772389
v -0.293488 -0.617157 1.788436
v -0.350505 -0.618387 1.773065
v -0.293505 -0.676391 1.789166
v -0.350524 -0.677786 1.773770
v -0.293417 -0.735605 1.790063
v -0.350416 -0.737194 1.774649
v -0.293136 -0.794836 1.791009
v -0.350146 -0.796642 1.775708
v -0.292715 -0.854083 1.792267
v -0.349672 -0.856169 1.776938
v -0.292056 -0.913400 1.793905
v -0.348985 -0.915757 1.778621
v -0.291201 -0.972794 1.795930
v -0.348122 -0.975444 1.780808
v -0.290092 -1.032331 1.798852
v -0.233651 -0.970486 1.808589
v -0.232637 -1.029666 1.811732
v -0.231210 -1.088812 1.817364
v -0.174789 -1.027551 1.822493
v -0.173785 -1.086321 1.829486
v -0.173290 -1.144799 1.841545
v -0.116159 -1.084667 1.838807
v -0.116046 -1.142955 1.851878
v -0.116255 -1.201333 1.866635
v -0.116604 -1.026148 1.830202
v -0.117080 -0.967492 1.825048
v -0.175550 -0.968708 1.818348
v -0.176186 -0.909773 1.816445
v -0.117584 -0.908678 1.823070
v -0.234419 -0.911353 1.806682
v -0.235024 -0.852272 1.805202
v -0.176717 -0.850847 1.815069
v -0.177062 -0.791959 1.813872
v -0.118244 -0.791071 1.820665
v -0.117987 -0.849863 1.821744
v -0.235434 -0.793230 1.803932
v -0.235665 -0.734202 1.802914
v -0.177250 -0.733063 1.812847
v -0.177329 -0.674138 1.811920
v -0.118475 -0.673423 1.819178
v -0.118404 -0.732262 1.819943
v -0.235754 -0.675150 1.802022
v -0.235748 -0.616076 1.801269
v -0.177345 -0.615179 1.811173
v -0.177309 -0.556160 1.810496
v -0.118452 -0.555590 1.817509
v -0.118475 -0.614535 1.818276
v -0.235693 -0.556943 1.800631
v -0.235592 -0.497764 1.800053
v -0.177226 -0.497087 1.809819
v -0.177140 -0.437969 1.809378
v -0.118358 -0.437526 1.816411
v -0.118417 -0.496585 1.816947
v -0.235452 -0.438546 1.799538
v -0.235282 -0.379287 1.799094
v -0.177027 -0.378794 1.808981
v -0.176886 -0.319582 1.808561
v -0.118194 -0.319266 1.815609
v -0.118280 -0.378415 1.815953
v -0.235105 -0.319999 1.798756
v -0.234920 -0.260685 1.798451
v -0.176754 -0.260335 1.808318
v -0.118098 -0.260078 1.815271
v 1.027694 -1.106308 1.318494
v 0.989467 -1.107564 1.365431
v 1.028885 -1.167040 1.317529
v 1.141035 -1.269434 1.321732
v 1.094561 -1.235299 1.373280
v 1.038975 -1.134810 1.426303
v 1.044205 -1.187746 1.423917
v 0.993520 -1.132822 1.478434
v 0.755648 -0.896948 1.774211
v 0.710191 -0.856293 1.827276
v 0.670482 -0.835164 1.879383
v 0.624712 -0.818440 1.929875
v 0.565599 -0.796281 1.958952
v 0.512321 -0.804197 1.995412
v 0.447927 -0.783008 2.020891
v 0.456175 -0.813154 2.029553
v 0.376130 -0.761052 2.032979
v 0.388675 -0.793497 2.050008
v 0.302716 -0.736519 2.029851
v 0.317690 -0.771066 2.058278
v 0.235351 -0.710668 2.020520
v 0.246911 -0.744150 2.054199
v 0.226470 -0.680714 1.994473
v 0.220148 -0.652018 1.980307
v 0.217708 -0.623469 1.984091
v 0.219535 -0.601947 2.005361
v -0.363193 -0.172544 2.118964
v 0.144671 -0.364501 2.321264
v 0.157026 -0.415763 2.330596
v 0.186424 -0.302854 2.280545
v 0.131022 -0.311882 2.310287
v 0.168488 -0.250000 2.271356
v 0.118203 -0.258528 2.296766
v 0.106167 -0.205511 2.280138
v 0.055850 -0.210562 2.299105
v 0.948708 -1.108529 1.410400
v 0.906623 -1.109286 1.454154
v 0.948291 -1.168671 1.409450
v 0.906286 -1.169840 1.453913
v 0.989700 -1.167749 1.364353
v 0.991733 -1.225141 1.364766
v 0.949883 -1.226276 1.410193
v 1.032349 -1.224470 1.318304
v 1.036435 -1.274133 1.319861
v 0.995166 -1.277094 1.366391
v 1.080341 -1.315521 1.273539
v 1.040584 -1.317954 1.321665
v 1.117251 -1.315426 1.223527
v 1.122611 -1.354448 1.225515
v 1.084820 -1.354130 1.275373
v 1.126774 -1.385677 1.227037
v 1.103669 -1.306412 1.375671
v 1.107379 -1.336609 1.377106
v 1.099440 -1.272808 1.374404
v 1.055737 -1.276819 1.425448
v 1.059972 -1.309869 1.426627
v 1.050690 -1.238043 1.424424
v 1.004853 -1.237381 1.474022
v 1.010651 -1.281544 1.475052
v 0.998203 -1.185613 1.474225
v 0.951170 -1.182392 1.523445
v 0.957862 -1.235212 1.522175
v 0.947386 -1.129280 1.530055
v 0.900824 -1.124157 1.581279
v 0.903452 -1.177986 1.571603
v 0.951149 -1.080307 1.543748
v 0.906145 -1.075982 1.597701
v 0.871884 -1.033327 1.666486
v 0.861194 -1.071262 1.650828
v 0.834380 -1.008260 1.727295
v 0.827792 -1.037567 1.716365
v 0.780825 -0.981125 1.779803
v 0.788332 -1.012208 1.777503
v 0.763256 -0.946650 1.775779
v 0.712134 -0.954000 1.814186
v 0.729638 -0.986632 1.821371
v 0.704123 -0.905170 1.810145
v 0.653049 -0.914339 1.845896
v 0.662443 -0.960814 1.853030
v 0.659502 -0.865523 1.861250
v 0.607092 -0.876588 1.893854
v 0.601247 -0.923882 1.881752
v 0.617108 -0.844684 1.912881
v 0.561607 -0.853757 1.944726
v 0.553887 -0.886952 1.928548
v 0.568377 -0.827034 1.960644
v 0.513576 -0.834630 1.993973
v 0.506277 -0.861809 1.978714
v 0.455811 -0.841718 2.025256
v 0.449880 -0.869110 2.009381
v 0.396057 -0.849562 2.052967
v 0.391468 -0.876162 2.037833
v 0.396671 -0.822994 2.059238
v 0.337059 -0.828909 2.088090
v 0.335645 -0.855354 2.080923
v 0.329123 -0.800822 2.076721
v 0.268170 -0.805459 2.102141
v 0.274791 -0.832338 2.115352
v 0.258385 -0.776634 2.082046
v 0.196184 -0.781714 2.099096
v 0.202384 -0.808860 2.119355
v 0.188438 -0.751999 2.072897
v 0.126780 -0.758925 2.085572
v 0.131523 -0.787649 2.109688
v 0.179168 -0.718871 2.039096
v 0.120240 -0.724854 2.051420
v 0.170779 -0.688686 2.011760
v 0.114289 -0.694431 2.023615
v 0.164543 -0.660538 1.996008
v 0.109821 -0.666323 2.008072
v 0.161587 -0.631576 1.999466
v 0.107475 -0.637463 2.010301
v 0.163007 -0.610658 2.021243
v 0.108117 -0.617406 2.033091
v 0.166066 -0.596442 2.053699
v 0.110168 -0.603879 2.066628
v 0.170575 -0.586584 2.097640
v 0.113413 -0.594501 2.111337
v 0.183896 -0.578547 2.151332
v 0.121963 -0.587935 2.168679
v -0.376329 -0.172116 2.097798
v 0.137671 -0.580488 2.227865
v 0.151773 -0.565834 2.274617
v 0.158824 -0.539687 2.308225
v 0.162502 -0.503943 2.329113
v 0.162216 -0.461409 2.334911
v 0.084106 -0.466415 2.362390
v 0.082949 -0.510212 2.353076
v 0.082267 -0.418130 2.360251
v 0.076802 -0.367485 2.350429
v 0.069369 -0.315571 2.335807
v 0.062476 -0.263235 2.318662
v 0.080495 -0.547867 2.329710
v 0.076516 -0.574270 2.292417
v 0.068474 -0.588269 2.243030
v 0.060633 -0.593798 2.180297
v 0.056133 -0.599313 2.119471
v 0.054617 -0.608639 2.072429
v 0.053828 -0.621777 2.038455
v 0.054091 -0.641264 2.015356
v 0.055220 -0.669607 2.012585
v 0.057128 -0.696909 2.029178
v 0.059981 -0.728152 2.058221
v 0.063797 -0.763864 2.094184
v 0.066770 -0.791529 2.117918
v 0.069595 -0.815925 2.135980
v 0.071414 -0.839727 2.150436
v 0.071158 -0.863054 2.145001
v 0.071031 -0.885247 2.132447
v 0.070393 -0.917727 2.118585
v 0.070081 -0.954427 2.114694
v 0.072137 -0.987892 2.127276
v 0.072155 -1.012786 2.139990
v 0.071941 -1.035588 2.151109
v 0.071943 -1.058661 2.151880
v 0.070959 -1.078552 2.133740
v 0.068808 -1.098261 2.111027
v 0.066365 -1.119674 2.085761
v 0.064878 -1.151359 2.052617
v 0.063652 -1.205560 2.020782
v 0.062936 -1.269401 2.013659
v 0.063970 -1.326789 2.018239
v 0.065000 -1.368269 2.023572
v 0.065795 -1.404839 2.028616
v 0.066344 -1.436463 2.032960
v 0.066508 -1.460654 2.036385
v 0.066795 -1.482404 2.038885
v 0.066972 -1.501436 2.039742
v 0.066625 -1.517416 2.037377
v 0.066136 -1.529540 2.029364
v 0.065793 -1.535297 2.016097
v 0.065066 -1.536791 2.000909
v 0.063759 -1.535398 1.983226
v 0.062733 -1.529474 1.963017
v 0.061365 -1.515530 1.943734
v 0.060158 -1.490652 1.930658
v 0.059588 -1.456739 1.923437
v 0.059107 -1.418949 1.916724
v 0.058727 -1.369213 1.907133
v 0.058473 -1.315315 1.896585
v 0.058283 -1.258883 1.884713
v 0.058173 -1.200670 1.870743
v 0.058102 -1.142309 1.856445
v 0.058119 -1.084055 1.843233
v 0.058290 -1.025537 1.834005
v 0.058548 -0.966771 1.829285
v 0.058831 -0.907990 1.827401
v 0.059062 -0.849249 1.826110
v 0.059208 -0.790523 1.825005
v 0.059276 -0.731789 1.824124
v 0.059301 -0.672995 1.823220
v 0.059311 -0.614145 1.822419
v 0.059305 -0.555230 1.821727
v 0.059287 -0.496267 1.821137
v 0.059257 -0.437249 1.820590
v 0.059218 -0.378187 1.820174
v 0.059170 -0.319074 1.819788
v 0.864961 -0.987800 1.496632
v 0.818915 -0.988108 1.534998
v 0.863685 -1.048885 1.496161
v 0.817729 -1.049070 1.535115
v 0.863504 -1.109769 1.496950
v 0.818301 -1.109837 1.537588
v 0.862586 -1.170283 1.496585
v 0.816197 -1.170053 1.536543
v 0.863416 -1.229022 1.498148
v 0.815224 -1.228987 1.536820
v 0.908198 -1.227439 1.455738
v 0.910957 -1.279134 1.458377
v 0.865909 -1.281101 1.501388
v 0.953034 -1.278526 1.412342
v 0.956309 -1.325283 1.414627
v 0.913705 -1.326265 1.460778
v 0.998872 -1.322587 1.368397
v 1.002243 -1.358610 1.370305
v 0.959298 -1.363041 1.416652
v 1.044734 -1.357534 1.323569
v 1.047873 -1.387399 1.325214
v 1.005354 -1.389838 1.372158
v 1.088753 -1.388513 1.277022
v 1.091681 -1.413640 1.278412
v 1.050795 -1.414953 1.326815
v 1.130362 -1.413178 1.228401
v 1.133683 -1.437396 1.229903
v 1.094664 -1.437903 1.279963
v 1.113598 -1.389533 1.380167
v 1.116086 -1.411735 1.381685
v 1.110640 -1.364054 1.378616
v 1.066777 -1.365310 1.429360
v 1.069648 -1.389624 1.430798
v 1.063591 -1.338848 1.427914
v 1.018334 -1.341511 1.477504
v 1.021499 -1.367262 1.478876
v 1.014788 -1.313651 1.476244
v 0.968608 -1.317600 1.524355
v 0.972134 -1.345156 1.525626
v 0.964227 -1.283786 1.523120
v 0.916602 -1.283114 1.569863
v 0.921376 -1.320142 1.571081
v 0.909912 -1.232051 1.569300
v 0.860970 -1.228068 1.615307
v 0.867836 -1.281746 1.615402
v 0.854954 -1.172506 1.619021
v 0.805425 -1.165461 1.665831
v 0.810797 -1.223224 1.659894
v 0.853728 -1.117528 1.632453
v 0.806964 -1.109287 1.684775
v 0.816879 -1.068825 1.702754
v 0.771623 -1.066754 1.753060
v 0.760466 -1.101537 1.735652
v 0.781962 -1.040033 1.766342
v 0.733725 -1.042155 1.812753
v 0.723603 -1.067415 1.799631
v 0.738960 -1.016237 1.823109
v 0.689228 -1.020304 1.868141
v 0.685292 -1.045551 1.859022
v 0.678681 -0.992398 1.862796
v 0.625509 -0.996144 1.900691
v 0.636223 -1.023065 1.909544
v 0.611432 -0.966829 1.890128
v 0.559367 -0.972242 1.929891
v 0.571979 -0.999304 1.939205
v 0.550288 -0.932812 1.920052
v 0.495980 -0.940443 1.953229
v 0.505824 -0.979239 1.968495
v 0.497957 -0.896692 1.961554
v 0.441802 -0.904605 1.991157
v 0.440545 -0.948330 1.983959
v 0.385513 -0.911057 2.020926
v 0.385681 -0.953892 2.014611
v 0.325839 -0.915398 2.047905
v 0.326356 -0.956032 2.041381
v 0.331038 -0.880256 2.065973
v 0.269199 -0.882058 2.091342
v 0.265119 -0.916706 2.072618
v 0.273082 -0.857229 2.106909
v 0.206479 -0.859408 2.123727
v 0.206253 -0.883085 2.108328
v 0.206718 -0.834960 2.133084
v 0.138641 -0.838665 2.142592
v 0.139583 -0.861903 2.135681
v 0.135552 -0.813701 2.128557
v 0.141039 -0.884892 2.121889
v 0.139726 -0.917301 2.106842
v 0.204152 -0.915890 2.090238
v 0.137596 -0.955937 2.102582
v 0.201078 -0.957512 2.083087
v 0.264462 -0.957415 2.065069
v 0.205573 -0.991558 2.098317
v 0.269851 -0.990990 2.079031
v 0.334532 -0.989905 2.055694
v 0.273483 -1.015428 2.093110
v 0.338891 -1.014011 2.072176
v 0.396719 -0.990011 2.030355
v 0.403340 -1.013170 2.047094
v 0.343669 -1.035879 2.086002
v 0.409487 -1.034661 2.060660
v 0.465278 -1.008561 2.016507
v 0.452842 -0.986393 2.001870
v 0.474940 -1.029836 2.029064
v 0.410073 -1.057742 2.059124
v 0.475638 -1.054862 2.026344
v 0.531871 -1.026315 1.989122
v 0.520036 -1.003370 1.980277
v 0.531825 -1.051330 1.985698
v 0.466583 -1.075908 2.009729
v 0.520821 -1.074726 1.969643
v 0.581646 -1.049595 1.942425
v 0.582635 -1.024469 1.947292
v 0.571365 -1.073502 1.928100
v 0.507782 -1.098162 1.953158
v 0.559049 -1.098620 1.912293
v 0.624048 -1.072864 1.887737
v 0.633495 -1.049040 1.901937
v 0.612564 -1.096246 1.873673
v 0.546463 -1.131873 1.889868
v 0.600993 -1.135541 1.847490
v 0.663518 -1.097190 1.829642
v 0.675261 -1.070623 1.844911
v 0.653478 -1.140417 1.803944
v 0.597236 -1.193814 1.821969
v 0.652351 -1.201738 1.783836
v 0.704757 -1.148188 1.758151
v 0.712059 -1.097504 1.783627
v 0.706437 -1.209421 1.744283
v 0.659158 -1.262632 1.781490
v 0.713652 -1.269040 1.743042
v 0.759308 -1.216841 1.702898
v 0.755322 -1.156797 1.712159
v 0.766448 -1.274379 1.702311
v 0.720352 -1.321897 1.743968
v 0.772807 -1.324325 1.703133
v 0.817748 -1.278435 1.659705
v 0.823578 -1.324154 1.660591
v 0.777053 -1.357853 1.704239
v 0.827605 -1.355679 1.661792
v 0.873279 -1.324138 1.616463
v 0.876895 -1.352340 1.617730
v 0.831099 -1.382792 1.663178
v 0.880190 -1.378389 1.619178
v 0.925039 -1.348827 1.572370
v 0.928330 -1.374938 1.573805
v 0.883195 -1.402515 1.620710
v 0.931368 -1.399445 1.575320
v 0.975494 -1.371909 1.527046
v 0.978442 -1.395685 1.528475
v 0.933835 -1.419906 1.576722
v 0.980974 -1.416603 1.529790
v 1.024554 -1.392351 1.480274
v 1.027066 -1.413134 1.481611
v 0.983347 -1.436417 1.531070
v 1.029561 -1.434110 1.482930
v 1.072140 -1.411764 1.432220
v 1.074472 -1.432831 1.433615
v 1.031697 -1.453825 1.483951
v 1.076441 -1.452851 1.434661
v 1.118285 -1.432790 1.383078
v 1.120093 -1.452862 1.384147
v 1.076470 -1.470687 1.434102
v 1.119752 -1.470390 1.383450
v 1.115915 -1.484105 1.379928
v 1.126319 -1.494810 1.303718
v 1.113976 -1.489716 1.294098
v 1.096617 -1.495627 1.363635
v 1.084882 -1.495261 1.353793
v 1.107417 -1.492653 1.372667
v 1.064717 -1.493600 1.422946
v 1.054097 -1.496554 1.413298
v 1.073125 -1.484815 1.430721
v 1.028574 -1.485717 1.479596
v 1.020873 -1.494696 1.471926
v 1.031723 -1.471607 1.483215
v 0.986411 -1.473231 1.532003
v 0.983936 -1.487674 1.528782
v 0.985518 -1.455767 1.532117
v 0.938170 -1.457868 1.579171
v 0.938935 -1.474655 1.579065
v 0.936135 -1.439358 1.578090
v 0.887921 -1.442367 1.623431
v 0.890113 -1.460433 1.624576
v 0.885677 -1.423274 1.622181
v 0.836910 -1.427219 1.665950
v 0.839310 -1.445695 1.667153
v 0.834460 -1.408409 1.664721
v 0.783976 -1.410301 1.707027
v 0.786793 -1.430763 1.708429
v 0.780811 -1.386842 1.705585
v 0.728822 -1.388490 1.746505
v 0.732062 -1.412096 1.748069
v 0.724833 -1.357703 1.745132
v 0.671026 -1.357121 1.784365
v 0.675023 -1.389574 1.785961
v 0.666032 -1.316905 1.782830
v 0.610458 -1.312379 1.819481
v 0.615905 -1.356946 1.821397
v 0.603051 -1.256208 1.817127
v 0.545659 -1.249629 1.849897
v 0.553266 -1.307403 1.853014
v 0.541542 -1.186133 1.859176
v 0.486001 -1.179250 1.896145
v 0.487475 -1.242968 1.881005
v 0.493366 -1.128878 1.930208
v 0.440810 -1.126654 1.965301
v 0.430352 -1.172570 1.930641
v 0.454720 -1.097787 1.990971
v 0.395016 -1.097110 2.021576
v 0.384423 -1.123907 1.994576
v 0.403395 -1.077204 2.041820
v 0.338181 -1.077741 2.065689
v 0.331721 -1.098070 2.044736
v 0.343825 -1.058380 2.084116
v 0.278882 -1.060144 2.105522
v 0.274114 -1.079790 2.087449
v 0.277947 -1.037459 2.106029
v 0.212703 -1.038348 2.126168
v 0.213487 -1.061741 2.127007
v 0.209205 -1.015470 2.112833
v 0.142898 -1.014180 2.129600
v 0.143662 -1.036747 2.141559
v 0.141302 -0.989495 2.116012
v 0.143953 -1.060039 2.143541
v 0.140834 -1.079791 2.125107
v 0.209081 -1.081358 2.108631
v 0.136874 -1.099253 2.102735
v 0.203928 -1.100873 2.087894
v 0.268205 -1.100714 2.066654
v 0.198226 -1.122872 2.064813
v 0.261869 -1.123742 2.044001
v 0.324195 -1.121934 2.020607
v 0.254028 -1.159778 2.013777
v 0.314118 -1.161583 1.987850
v 0.373078 -1.165989 1.960309
v 0.308875 -1.220731 1.962304
v 0.368811 -1.227318 1.937006
v 0.428478 -1.235555 1.910153
v 0.374001 -1.287425 1.937231
v 0.434716 -1.293824 1.912217
v 0.494599 -1.300428 1.884078
v 0.440677 -1.343697 1.916882
v 0.500500 -1.348802 1.887699
v 0.558676 -1.350858 1.855741
v 0.504475 -1.384215 1.890605
v 0.562947 -1.386473 1.858054
v 0.619888 -1.389190 1.823104
v 0.566612 -1.415887 1.860271
v 0.623721 -1.417655 1.825085
v 0.678604 -1.416502 1.787717
v 0.626847 -1.439995 1.826816
v 0.681601 -1.437731 1.789277
v 0.735043 -1.434024 1.749545
v 0.684346 -1.456352 1.790796
v 0.737655 -1.453072 1.750919
v 0.789417 -1.449521 1.709795
v 0.740103 -1.471433 1.752172
v 0.791898 -1.467829 1.711011
v 0.841534 -1.463629 1.668233
v 0.793550 -1.485004 1.711416
v 0.842988 -1.480433 1.668351
v 0.891064 -1.476606 1.624353
v 0.841405 -1.495050 1.665316
v 0.889172 -1.490759 1.621283
v 0.936752 -1.488827 1.575961
v 0.882524 -1.499831 1.613451
v 0.929765 -1.498136 1.568091
v 0.976238 -1.496685 1.520750
v 0.920030 -1.500925 1.557586
v 0.965977 -1.499214 1.510427
v 1.010454 -1.497696 1.461977
v 0.955004 -1.499254 1.499303
v 0.999263 -1.497806 1.451198
v 1.042841 -1.495857 1.403170
v 0.987170 -1.494490 1.439739
v 1.030932 -1.490639 1.392562
v 1.072489 -1.490701 1.343500
v 1.021033 -1.479078 1.383868
v 1.062500 -1.478637 1.335223
v 1.103891 -1.477966 1.286371
v 1.056721 -1.460969 1.330664
v 1.098227 -1.460301 1.282244
v 1.014791 -1.462039 1.378635
v 1.010901 -1.440426 1.375681
v 1.053391 -1.438772 1.328401
v 0.970741 -1.466141 1.424680
v 0.967158 -1.444607 1.421872
v 0.976584 -1.483618 1.429886
v 0.932950 -1.486745 1.477106
v 0.926279 -1.470543 1.470730
v 0.943315 -1.496419 1.487495
v 0.898259 -1.498780 1.534325
v 0.887595 -1.490037 1.523101
v 0.909510 -1.501078 1.546315
v 0.862603 -1.503331 1.590936
v 0.851278 -1.500968 1.578129
v 0.873186 -1.503240 1.602892
v 0.824629 -1.505827 1.645144
v 0.813888 -1.505974 1.632372
v 0.834213 -1.503895 1.656593
v 0.783946 -1.507333 1.697806
v 0.774080 -1.508520 1.685140
v 0.791912 -1.500076 1.708149
v 0.740076 -1.503940 1.748860
v 0.732140 -1.510545 1.737582
v 0.741859 -1.488777 1.752626
v 0.688763 -1.492236 1.792483
v 0.687065 -1.507176 1.788182
v 0.687009 -1.474795 1.792228
v 0.632264 -1.477379 1.830027
v 0.634657 -1.495417 1.831210
v 0.629581 -1.458910 1.828423
v 0.572268 -1.459665 1.864475
v 0.574893 -1.479253 1.866447
v 0.569645 -1.439667 1.862400
v 0.510666 -1.438716 1.895812
v 0.513126 -1.459956 1.898176
v 0.507952 -1.415361 1.893422
v 0.447977 -1.411659 1.923410
v 0.450794 -1.438483 1.926283
v 0.444698 -1.380297 1.920262
v 0.383898 -1.377941 1.946896
v 0.387138 -1.411441 1.950645
v 0.379846 -1.338734 1.942738
v 0.318085 -1.334530 1.964988
v 0.321817 -1.375983 1.970054
v 0.313148 -1.283287 1.959534
v 0.251561 -1.280179 1.979224
v 0.255521 -1.334724 1.984278
v 0.249020 -1.216392 1.985554
v 0.188486 -1.212980 2.003646
v 0.188981 -1.277093 1.995349
v 0.192299 -1.157351 2.033487
v 0.129077 -1.154189 2.045665
v 0.126655 -1.209192 2.014960
v 0.132421 -1.120615 2.078443
v 0.126045 -1.273128 2.006919
v 0.127891 -1.329913 2.011084
v 0.191769 -1.332235 1.999604
v 0.129490 -1.370324 2.016330
v 0.193952 -1.371845 2.004804
v 0.258218 -1.372783 1.989217
v 0.195817 -1.405946 2.009623
v 0.260595 -1.406255 1.993658
v 0.324661 -1.409438 1.974129
v 0.262403 -1.433558 1.997339
v 0.326640 -1.434857 1.977388
v 0.389410 -1.435997 1.953553
v 0.328461 -1.457874 1.980330
v 0.391521 -1.458732 1.956303
v 0.453007 -1.459890 1.928881
v 0.393509 -1.480773 1.958939
v 0.455095 -1.481100 1.931410
v 0.515472 -1.480676 1.900669
v 0.456493 -1.500497 1.932775
v 0.517441 -1.500193 1.902573
v 0.576907 -1.497757 1.867619
v 0.517152 -1.516270 1.900562
v 0.575951 -1.513222 1.864229
v 0.634106 -1.511886 1.828094
v 0.569413 -1.521712 1.852164
v 0.626170 -1.518596 1.815355
v 0.679257 -1.513964 1.776559
v 0.616559 -1.518933 1.800673
v 0.670048 -1.514983 1.763092
v 0.722614 -1.511465 1.724553
v 0.660507 -1.515013 1.749135
v 0.712815 -1.511513 1.711042
v 0.763721 -1.508608 1.672014
v 0.702939 -1.510643 1.697314
v 0.753218 -1.508000 1.658565
v 0.802693 -1.504050 1.619122
v 0.743158 -1.503398 1.645433
v 0.793060 -1.496736 1.607728
v 0.840815 -1.493020 1.566543
v 0.785865 -1.483917 1.599586
v 0.833730 -1.478959 1.558812
v 0.880527 -1.474806 1.515841
v 0.829493 -1.460109 1.554367
v 0.876875 -1.454312 1.512223
v 0.922596 -1.449743 1.467537
v 0.874563 -1.430139 1.510143
v 0.920154 -1.425801 1.465702
v 0.964534 -1.420961 1.420086
v 0.918229 -1.400088 1.464366
v 0.961969 -1.395015 1.418471
v 1.008061 -1.416265 1.373812
v 0.872887 -1.403555 1.508612
v 0.870858 -1.370286 1.506760
v 0.916128 -1.367082 1.462770
v 0.824547 -1.408461 1.549728
v 0.822241 -1.374221 1.547238
v 0.826674 -1.435345 1.551754
v 0.778055 -1.441585 1.592059
v 0.775369 -1.414536 1.589308
v 0.781255 -1.466243 1.595118
v 0.732096 -1.470980 1.633244
v 0.729182 -1.446940 1.630894
v 0.736149 -1.490098 1.637022
v 0.686535 -1.493264 1.675063
v 0.682277 -1.474811 1.670503
v 0.693588 -1.505746 1.684291
v 0.641481 -1.510745 1.720222
v 0.634299 -1.497763 1.710366
v 0.650811 -1.514681 1.734589
v 0.597492 -1.518760 1.770646
v 0.587806 -1.515448 1.755518
v 0.607033 -1.518915 1.785808
v 0.551554 -1.522880 1.821693
v 0.542428 -1.522494 1.805972
v 0.560696 -1.522895 1.837180
v 0.503283 -1.525916 1.872838
v 0.494602 -1.525869 1.855978
v 0.511405 -1.524744 1.888800
v 0.451291 -1.525255 1.919159
v 0.444968 -1.528281 1.904792
v 0.455669 -1.515913 1.929586
v 0.394561 -1.516492 1.957928
v 0.390746 -1.527673 1.947071
v 0.394848 -1.500228 1.960281
v 0.331098 -1.499953 1.983749
v 0.330531 -1.516310 1.980519
v 0.330111 -1.480084 1.982892
v 0.265392 -1.479770 2.003286
v 0.266236 -1.499848 2.004372
v 0.264007 -1.457573 2.000542
v 0.198710 -1.458930 2.017190
v 0.199740 -1.480508 2.019798
v 0.197387 -1.434601 2.013753
v 0.132000 -1.436082 2.025685
v 0.132818 -1.459833 2.029000
v 0.130898 -1.406224 2.021398
v 0.133504 -1.481609 2.031830
v 0.133958 -1.500869 2.033153
v 0.200434 -1.499932 2.020935
v 0.134027 -1.517141 2.031183
v 0.200373 -1.516329 2.018225
v 0.265882 -1.516441 2.001622
v 0.198905 -1.528400 2.009629
v 0.263470 -1.528359 1.991856
v 0.327467 -1.527822 1.970306
v 0.259701 -1.533401 1.977386
v 0.322533 -1.532238 1.955251
v 0.384692 -1.530707 1.931403
v 0.317004 -1.533126 1.938713
v 0.377887 -1.531122 1.914371
v 0.436992 -1.528677 1.887289
v 0.370385 -1.529636 1.895842
v 0.428396 -1.527724 1.868542
v 0.485606 -1.525399 1.838804
v 0.420112 -1.522327 1.851101
v 0.476532 -1.521131 1.821809
v 0.533029 -1.518805 1.790160
v 0.469724 -1.507874 1.809372
v 0.525711 -1.505542 1.778572
v 0.580580 -1.502325 1.744806
v 0.521744 -1.485321 1.772799
v 0.576806 -1.481860 1.740258
v 0.630267 -1.478132 1.706070
v 0.574127 -1.455572 1.737512
v 0.627342 -1.453019 1.703628
v 0.679119 -1.450598 1.668009
v 0.624299 -1.426552 1.700864
v 0.675802 -1.425443 1.665295
v 0.726239 -1.420987 1.628235
v 0.670857 -1.388128 1.659727
v 0.721556 -1.384103 1.623100
v 0.771885 -1.379054 1.585449
v 0.718283 -1.337833 1.618453
v 0.769161 -1.336084 1.581773
v 0.819588 -1.332390 1.544073
v 0.766846 -1.283491 1.577517
v 0.817060 -1.283160 1.540378
v 0.868513 -1.329276 1.504469
v 0.716261 -1.283681 1.614025
v 0.715161 -1.226733 1.609574
v 0.765502 -1.227988 1.573758
v 0.665936 -1.283245 1.650006
v 0.664896 -1.225504 1.645095
v 0.667531 -1.338977 1.654527
v 0.617240 -1.339605 1.690578
v 0.616149 -1.283046 1.685978
v 0.620284 -1.391379 1.696145
v 0.568241 -1.392715 1.730125
v 0.566375 -1.339534 1.725239
v 0.571440 -1.427699 1.734674
v 0.516703 -1.429380 1.765560
v 0.513294 -1.390209 1.759040
v 0.519158 -1.458582 1.769441
v 0.463339 -1.459479 1.798595
v 0.460683 -1.427831 1.793391
v 0.465902 -1.487526 1.802737
v 0.409966 -1.488404 1.830784
v 0.407098 -1.458266 1.825313
v 0.413673 -1.508808 1.838310
v 0.357068 -1.509781 1.864396
v 0.353325 -1.489149 1.855931
v 0.362993 -1.523537 1.878142
v 0.304408 -1.525630 1.901989
v 0.298969 -1.511653 1.886777
v 0.310920 -1.531631 1.920692
v 0.250344 -1.533010 1.943472
v 0.244903 -1.526685 1.923971
v 0.255203 -1.534490 1.961255
v 0.192859 -1.535548 1.980493
v 0.189227 -1.534084 1.962225
v 0.196179 -1.534196 1.996158
v 0.131548 -1.535463 2.009613
v 0.129439 -1.536628 1.993824
v 0.133198 -1.529470 2.023156
v 0.127187 -1.534788 1.975636
v 0.124405 -1.528396 1.955741
v 0.184897 -1.527851 1.942104
v 0.121586 -1.513975 1.936962
v 0.180927 -1.513518 1.923985
v 0.240188 -1.512441 1.907307
v 0.178618 -1.490052 1.912205
v 0.237369 -1.490783 1.897158
v 0.295848 -1.490245 1.878268
v 0.235854 -1.458436 1.890905
v 0.293753 -1.459478 1.872431
v 0.350672 -1.459164 1.850091
v 0.291733 -1.423661 1.866371
v 0.348357 -1.424659 1.844411
v 0.404411 -1.425360 1.819872
v 0.345870 -1.379077 1.836760
v 0.401829 -1.382638 1.812899
v 0.457296 -1.386351 1.785929
v 0.399489 -1.330969 1.804095
v 0.455289 -1.335475 1.779221
v 0.511643 -1.337992 1.753548
v 0.454856 -1.278926 1.771051
v 0.511513 -1.281631 1.748466
v 0.565967 -1.283041 1.721063
v 0.512051 -1.222787 1.742738
v 0.565408 -1.223983 1.715025
v 0.615178 -1.224586 1.680536
v 0.565880 -1.164055 1.710231
v 0.615565 -1.165109 1.676049
v 0.665251 -1.166502 1.641101
v 0.617726 -1.105166 1.673943
v 0.667414 -1.106670 1.639401
v 0.715941 -1.167948 1.606858
v 0.717625 -1.108156 1.605518
v 0.670168 -1.046520 1.639368
v 0.719637 -1.047717 1.604974
v 0.769054 -1.109189 1.573249
v 0.766963 -1.169195 1.573026
v 0.769179 -1.048651 1.570730
v 0.721901 -0.987199 1.605512
v 0.771256 -0.987883 1.571350
v 0.671939 -0.986217 1.638725
v 0.672733 -0.925852 1.637141
v 0.722735 -0.926596 1.604428
v 0.673158 -0.865427 1.635638
v 0.621758 -0.864515 1.665335
v 0.569097 -0.863291 1.692269
v 0.621807 -0.924768 1.668231
v 0.569282 -0.923414 1.695928
v 0.621437 -0.984996 1.671049
v 0.569498 -0.983559 1.700332
v 0.619945 -1.045179 1.672624
v 0.568888 -1.043728 1.704062
v 0.567699 -1.103844 1.707387
v 0.515376 -1.102412 1.736021
v 0.515407 -1.042198 1.729771
v 0.513670 -1.162764 1.739143
v 0.457554 -1.160743 1.758979
v 0.459155 -1.100503 1.754812
v 0.455735 -1.220500 1.763741
v 0.398790 -1.217194 1.783754
v 0.400579 -1.158113 1.776343
v 0.398238 -1.274974 1.793626
v 0.342740 -1.270901 1.816746
v 0.342417 -1.213085 1.804712
v 0.343943 -1.326540 1.827569
v 0.288090 -1.323064 1.848691
v 0.287244 -1.267220 1.837919
v 0.289635 -1.375518 1.858004
v 0.232814 -1.373218 1.875949
v 0.231587 -1.320091 1.865823
v 0.234503 -1.421270 1.884754
v 0.176550 -1.421353 1.899672
v 0.175496 -1.371045 1.890401
v 0.177411 -1.456958 1.905520
v 0.118671 -1.456545 1.916401
v 0.118030 -1.418823 1.909805
v 0.119613 -1.489860 1.923720
v 0.117367 -1.369942 1.900881
v 0.116818 -1.316127 1.890830
v 0.174570 -1.317595 1.880130
v 0.116478 -1.259785 1.879946
v 0.173950 -1.261750 1.869181
v 0.230813 -1.264218 1.854855
v 0.173596 -1.203227 1.855986
v 0.230299 -1.205935 1.841530
v 0.286635 -1.209209 1.824635
v 0.230032 -1.147586 1.827476
v 0.286795 -1.150815 1.811738
v 0.343548 -1.154484 1.794266
v 0.288484 -1.091779 1.803560
v 0.345504 -1.095063 1.787771
v 0.402274 -1.098186 1.771202
v 0.346999 -1.035253 1.783628
v 0.403457 -1.038048 1.766785
v 0.459659 -1.040364 1.749070
v 0.404442 -0.977996 1.763575
v 0.460040 -0.980178 1.744349
v 0.515355 -0.982037 1.724180
v 0.460550 -0.920089 1.741314
v 0.515279 -0.921883 1.719701
v 0.405267 -0.918082 1.761435
v 0.405947 -0.858236 1.759753
v 0.461119 -0.860104 1.739460
v 0.515509 -0.861817 1.716946
v 0.406435 -0.798482 1.758453
v 0.293417 -0.735605 1.790063
v -0.337468 -0.166101 2.138830
v 0.293136 -0.794836 1.791009
v 0.349672 -0.856169 1.776938
v 0.292715 -0.854083 1.792267
v 0.348985 -0.915757 1.778621
v 0.292056 -0.913400 1.793905
v 0.348122 -0.975444 1.780808
v 0.291201 -0.972794 1.795930
v 0.290092 -1.032331 1.798852
v 0.232637 -1.029666 1.811732
v 0.233651 -0.970486 1.808589
v 0.231210 -1.088812 1.817364
v 0.173785 -1.086321 1.829486
v 0.174789 -1.027551 1.822493
v 0.173290 -1.144799 1.841545
v 0.116046 -1.142955 1.851878
v 0.116159 -1.084667 1.838807
v 0.116255 -1.201333 1.866635
v 0.116604 -1.026148 1.830202
v 0.117080 -0.967492 1.825048
v 0.175550 -0.968708 1.818348
v 0.117584 -0.908678 1.823070
v 0.176186 -0.909773 1.816445
v 0.234419 -0.911353 1.806682
v 0.176717 -0.850847 1.815069
v 0.235024 -0.852272 1.805202
v 0.117987 -0.849863 1.821744
v 0.118244 -0.791071 1.820665
v 0.177062 -0.791959 1.813872
v 0.235434 -0.793230 1.803932
v 0.177250 -0.733063 1.812847
v 0.235665 -0.734202 1.802914
v 0.118404 -0.732262 1.819943
v 0.118475 -0.673423 1.819178
v 0.177329 -0.674138 1.811920
v 0.235754 -0.675150 1.802022
v 0.177345 -0.615179 1.811173
v 0.235748 -0.616076 1.801269
v 0.118475 -0.614535 1.818276
v 0.118452 -0.555590 1.817509
v 0.177309 -0.556160 1.810496
v 0.235693 -0.556943 1.800631
v 0.177226 -0.497087 1.809819
v 0.235592 -0.497764 1.800053
v 0.118417 -0.496585 1.816947
v 0.118358 -0.437526 1.816411
v 0.177140 -0.437969 1.809378
v 0.235452 -0.438546 1.799538
v 0.177027 -0.378794 1.808981
v 0.235282 -0.379287 1.799094
v 0.118280 -0.378415 1.815953
v 0.118194 -0.319266 1.815609
v 0.176886 -0.319582 1.808561
v -0.504343 -0.126063 1.935560
v -0.495233 -0.158461 1.933008
v -1.332251 -0.888282 0.471914
v -1.336297 -0.919020 0.458021
v -1.340218 -0.950013 0.444260
v -1.342298 -0.950437 0.430319
v -1.345620 -0.950668 0.417548
v -1.354440 -0.950011 0.411714
v -1.367796 -0.948695 0.411837
v -1.381132 -0.947385 0.411912
v -1.394452 -0.946037 0.411983
v -1.407804 -0.944688 0.411857
v -1.318221 -0.888603 0.544732
v -1.325350 -0.888393 0.510380
v -1.329752 -0.888347 0.487548
v -1.416910 -0.944089 0.417856
v -1.420264 -0.944524 0.431113
v -1.419196 -0.914854 0.446651
v -1.415336 -0.885332 0.466179
v -1.411073 -0.886682 0.489332
v -1.406055 -0.888465 0.514608
v -1.400429 -0.890531 0.542940
v -1.393914 -0.893072 0.575701
v -1.385868 -0.865070 0.614675
v -1.377494 -0.838283 0.659574
v -1.081603 -0.379957 1.355342
v -1.092279 -0.334150 1.372109
v -1.105747 -0.305048 1.390431
v -1.115755 -0.288351 1.404543
v -1.123464 -0.273504 1.415567
v -1.127266 -0.256455 1.423481
v -1.124235 -0.237631 1.425862
v -1.270600 -0.834058 0.753332
v -1.284065 -0.831546 0.696512
v -1.291188 -0.861009 0.667420
v -1.297731 -0.890761 0.639738
v -1.308860 -0.889305 0.588810
v -1.370357 -0.844472 0.710417
v -1.364571 -0.852201 0.767421
v -1.361837 -0.826281 0.799440
v -1.357555 -0.801118 0.831996
v -1.357796 -0.831221 0.829681
v -1.341940 -0.782444 0.894192
v -1.150521 -0.568967 1.274824
v -1.113881 -0.527968 1.305179
v -1.083972 -0.485162 1.338073
v -1.079527 -0.432828 1.344780
v -1.094112 -0.223089 1.447999
v -1.060899 -0.205010 1.468090
v -1.032589 -0.195054 1.489988
v -1.211516 -0.751824 0.955052
v -1.220754 -0.780959 0.926054
v -1.230566 -0.810157 0.897033
v -1.240301 -0.839386 0.867933
v -1.256501 -0.836677 0.810735
v -1.299121 -0.776749 1.017261
v -1.320262 -0.764765 0.956439
v -1.286828 -0.754573 1.051411
v -1.273691 -0.733021 1.086259
v -1.274949 -0.761245 1.082638
v -1.266455 -0.715263 1.124421
v -1.270752 -0.667542 1.136196
v -1.255266 -0.652488 1.173223
v -1.223865 -0.669234 1.237966
v -1.197019 -0.657028 1.272154
v -1.173639 -0.614668 1.274161
v -0.935755 -0.156483 1.577105
v -0.985399 -0.177378 1.534786
v -0.884984 -0.153426 1.620359
v -1.181715 -0.695341 1.040539
v -1.201304 -0.722763 0.983717
v -0.747960 -0.160200 1.732096
v -0.773777 -0.141752 1.704923
v -0.830135 -0.144005 1.662345
v -1.119311 -0.580194 1.176349
v -1.134399 -0.609430 1.150640
v -1.147726 -0.638656 1.123867
v -1.132789 -0.639674 1.149398
v -1.159164 -0.667668 1.095997
v -0.439986 -0.160104 1.976717
v -0.449919 -0.134914 1.974315
v -0.472093 -0.147198 1.953065
v -0.527747 -0.113236 1.916063
v -0.570439 -0.133750 1.881628
v -0.590692 -0.135273 1.861608
v -0.721411 -0.161786 1.757199
v -0.665407 -0.136704 1.794853
v -1.049623 -0.224519 1.274311
v -1.048049 -0.283760 1.272382
v -1.047890 -0.343256 1.271587
v -1.049043 -0.402981 1.271846
v -1.051184 -0.462927 1.272890
v -1.054105 -0.523113 1.274513
v -1.071962 -0.552486 1.251014
v -1.103630 -0.550821 1.201522
v -0.446954 -0.199634 2.010119
v -0.430152 -0.190610 2.032712
v -0.438024 -0.182276 1.989092
v -0.613730 -0.123029 1.834371
v -0.993597 -0.196822 1.341730
v -1.031971 -0.195595 1.297862
v -0.390279 -0.168858 2.062974
v -0.253381 -0.157267 2.194665
v -0.214249 -0.176020 2.222632
v -0.185286 -0.161505 2.227962
v -0.299645 -0.157517 2.165849
v -0.128595 -0.201218 2.268822
v -0.143575 -0.171301 2.248982
v -0.164953 -0.165122 2.237731
v -0.156461 -0.142059 2.230689
v -0.081008 -0.208037 2.289622
v -0.912707 -0.199044 1.425268
v -0.953802 -0.197978 1.384184
v -0.027925 -0.211595 2.302863
v -0.029585 -0.319040 1.820626
v -0.059149 -0.289495 1.819657
v -0.826873 -0.200871 1.503251
v -0.870491 -0.200013 1.465090
v -0.686802 -0.202461 1.605828
v -0.734643 -0.202089 1.573207
v -0.781497 -0.201568 1.539211
v -0.590029 -0.143109 1.670011
v -0.614407 -0.172937 1.654113
v -0.638255 -0.202706 1.637485
v -0.432482 -0.142828 1.744355
v -0.405205 -0.172510 1.754625
v -0.406013 -0.232088 1.756494
v -0.487096 -0.143001 1.723946
v -0.539556 -0.143114 1.698875
v -0.321051 -0.261292 1.779043
v -0.378021 -0.261697 1.764773
v -0.205837 -0.260510 1.803385
v -0.263694 -0.260883 1.792180
v -0.147426 -0.260207 1.811795
v -0.088613 -0.259997 1.817399
v 1.008580 -1.106936 1.341963
v 1.028289 -1.136674 1.318012
v 1.041590 -1.161278 1.425110
v 1.016248 -1.133816 1.452369
v 0.452051 -0.798081 2.025222
v 0.484248 -0.808675 2.012482
v 0.412029 -0.772030 2.026935
v 0.310203 -0.753793 2.044065
v 0.346910 -0.766059 2.045629
v 0.241131 -0.727409 2.037360
v 0.274814 -0.740335 2.042025
v 0.230910 -0.695691 2.007497
v 0.223309 -0.666366 1.987390
v 0.150848 -0.390132 2.325930
v 0.165547 -0.333678 2.300905
v 0.177456 -0.276427 2.275951
v 0.143345 -0.254264 2.284061
v 0.112185 -0.232020 2.288452
v 0.081008 -0.208037 2.289622
v 0.927665 -1.108907 1.432277
v 0.969087 -1.108046 1.387915
v 1.030617 -1.195755 1.317916
v 1.034392 -1.249301 1.319082
v 1.058388 -1.294827 1.296700
v 1.098796 -1.315473 1.248533
v 1.119931 -1.334937 1.224521
v 1.124693 -1.370063 1.226276
v 1.105524 -1.321511 1.376389
v 1.122352 -1.287923 1.348702
v 1.120237 -1.271121 1.348068
v 1.097000 -1.254054 1.373842
v 1.072626 -1.236671 1.398852
v 1.047447 -1.212895 1.424170
v 0.928647 -1.078144 1.570724
v 0.972335 -1.106564 1.511091
v 0.889015 -1.054655 1.632093
v 0.831086 -1.022914 1.721830
v 0.849838 -1.035447 1.691426
v 0.784578 -0.996666 1.778653
v 0.811356 -1.010234 1.752399
v 0.772040 -0.963887 1.777791
v 0.759452 -0.921799 1.774995
v 0.729885 -0.901059 1.792178
v 0.707157 -0.880732 1.818710
v 0.681620 -0.885316 1.836586
v 0.656275 -0.889931 1.853573
v 0.664992 -0.850344 1.870316
v 0.643795 -0.839925 1.896132
v 0.589357 -0.849221 1.928803
v 0.593159 -0.836098 1.937300
v 0.596544 -0.822737 1.945260
v 0.566988 -0.811658 1.959798
v 0.539588 -0.815456 1.976463
v 0.512949 -0.819414 1.994692
v 0.190868 -0.641797 1.989887
v 0.189647 -0.627522 1.991778
v 0.190357 -0.617064 2.002667
v 0.191271 -0.606303 2.013302
v 0.192801 -0.599195 2.029530
v -1.409168 -0.915081 0.433575
v 0.168320 -0.591513 2.075669
v 0.177236 -0.582566 2.124486
v 0.152930 -0.583241 2.160006
v -0.320758 -0.217513 1.920849
v 0.129817 -0.584212 2.198272
v 0.144722 -0.573161 2.251241
v 0.155298 -0.552761 2.291421
v 0.160663 -0.521815 2.318669
v 0.162359 -0.482676 2.332012
v 0.159621 -0.438586 2.332753
v 0.027925 -0.211595 2.302863
v 0.029585 -0.319040 1.820626
v 0.841938 -0.987954 1.515815
v 0.864323 -1.018343 1.496396
v 0.863594 -1.079327 1.496555
v 0.885063 -1.109527 1.475552
v 1.128568 -1.399427 1.227719
v 1.132023 -1.425287 1.229152
v 1.114174 -1.437649 1.254933
v 1.114842 -1.400634 1.380926
v 1.112119 -1.376794 1.379392
v 1.109009 -1.350332 1.377861
v 1.117185 -1.422262 1.382381
v 1.119189 -1.442826 1.383612
v 1.119923 -1.461626 1.383798
v 1.117834 -1.477247 1.381689
v 1.120147 -1.492263 1.298908
v 1.111468 -1.495218 1.333676
v 1.102017 -1.494140 1.368151
v 1.111666 -1.488379 1.376298
v 1.108933 -1.483841 1.290234
v 1.101059 -1.469133 1.284307
v 1.096446 -1.449102 1.281103
v 0.746579 -0.987541 1.588430
v 0.795086 -0.987995 1.553174
v 0.722318 -0.956898 1.604970
v 0.697734 -0.926224 1.620784
v 0.672946 -0.895640 1.636389
v 0.595427 -0.863903 1.678802
v 0.621782 -0.894642 1.666783
v 0.647482 -0.895098 1.651934
v 0.433533 -0.859170 1.749606
v 0.488314 -0.860961 1.728203
v 0.542303 -0.862554 1.704608
v 0.406191 -0.828359 1.759102
v 0.293276 -0.765220 1.790536
v 0.181725 -0.340824 2.044763
v 0.321404 -0.825502 1.783974
v 0.378054 -0.827325 1.767695
v 0.264541 -0.734903 1.796489
v 0.235709 -0.704676 1.802468
v 0.235751 -0.645613 1.801646
v 0.235721 -0.586509 1.800950
v 0.235643 -0.527354 1.800342
v 0.235522 -0.468155 1.799796
v 0.235367 -0.408917 1.799316
v 0.206211 -0.408628 1.804236
v 0.177084 -0.408381 1.809179
v 0.176957 -0.349188 1.808771
v 0.147540 -0.319424 1.812085
v 0.088682 -0.319170 1.817698
v 1.109988 -1.444850 1.334028
v 0.774846 -1.012383 1.660938
v -1.124472 -0.572363 1.250527
v -1.359917 -0.890033 0.541432
v -1.335967 -0.832980 0.652166
v -1.369946 -0.887921 0.490268
v 0.487347 -0.847367 1.866717
v 0.226700 -0.590206 1.892361
v -0.704211 -0.174245 1.674379
v 0.663104 -0.889883 1.740767
v 0.646120 -0.849840 1.772359
v -1.322299 -0.840393 0.731220
v -1.362917 -0.888921 0.526290
v -1.347198 -0.918788 0.438245
v 0.907417 -1.064596 1.519954
v -1.097521 -0.232712 1.448381
v -1.347041 -0.892164 0.603128
v -1.337212 -0.919225 0.450950
v -1.338377 -0.919444 0.444079
v -1.097144 -0.241913 1.445618
v -1.352217 -0.891642 0.579001
v -1.365861 -0.888890 0.511889
v -1.328830 -0.839170 0.703009
v 0.619789 -0.849228 1.785826
v -0.195070 -0.203570 1.997170
v -1.093719 -0.249760 1.440467
v 0.592995 -0.848491 1.798165
v -1.033758 -0.194038 1.392891
v -1.062293 -0.245788 1.359394
v -1.030770 -0.225148 1.296568
v -1.352283 -0.949999 0.417613
v 1.116626 -1.359251 1.302065
v -1.312873 -0.845865 0.789533
v -1.355732 -0.890213 0.561383
v -1.297140 -0.860075 0.640619
v -1.255612 -0.675779 1.168384
v 0.298066 -0.736062 1.909957
v -0.360825 -0.163803 2.103866
v -1.239652 -0.753521 1.029749
v -1.074224 -0.284407 1.327605
v -1.073850 -0.314096 1.326970
v -1.066104 -0.333503 1.316886
v -0.601622 -0.133750 1.748754
v 1.069383 -1.211523 1.398598
v -1.301425 -0.822033 0.850883
v -1.291690 -0.792805 0.879982
v -1.226515 -0.731969 1.064597
v -0.275357 -0.211855 1.945509
v -1.280116 -0.769191 0.911938
v -1.066319 -0.363310 1.316726
v -0.364157 -0.216621 1.883016
v -1.063389 -0.389710 1.310043
v -0.925953 -0.178027 1.500384
v -0.880294 -0.178469 1.541810
v -1.217012 -0.703065 1.093428
v -1.066384 -0.476127 1.307209
v -1.239601 -0.808780 0.868629
v -1.375250 -0.886522 0.459911
v -1.064327 -0.419628 1.310462
v -1.065181 -0.446099 1.306583
v 0.971114 -1.120675 1.444417
v -1.103782 -0.581075 1.201345
v -1.315365 -0.841682 0.759829
v -1.213281 -0.648519 1.239599
v -1.221655 -0.678635 1.100363
v 1.033334 -1.120559 1.372399
v 0.798818 -0.977455 1.751537
v -1.140152 -0.601736 1.225354
v 0.149943 -0.520948 2.281388
v 0.000000 -0.210562 2.299105
v -1.179794 -0.635587 1.190792
v -1.069975 -0.501990 1.304380
v 0.480124 -0.793603 2.008151
v -1.098011 -0.549091 1.275311
v -1.014238 -0.194636 1.414503
v 0.334633 -0.777944 1.911994
v 0.137327 -0.227755 2.275747
v -0.504487 -0.130788 1.815642
v -0.972153 -0.198396 1.459669
v -0.224398 -0.203699 1.993694
v -0.756368 -0.169968 1.636373
v -0.719212 -0.147466 1.752028
v -0.638813 -0.172842 1.638461
v -0.680363 -0.144477 1.691007
v 0.714403 -0.881188 1.704924
v -0.421222 -0.173252 2.011685
v 0.807602 -0.994692 1.753549
v 0.514748 -0.843569 1.850052
v 0.227948 -0.634047 1.890788
v -0.569055 -0.120179 1.876188
v -0.576086 -0.133720 1.762696
v 0.082669 -0.262293 2.049963
v -0.525398 -0.131482 1.915706
v -0.653814 -0.146063 1.716110
v 0.227494 -0.520247 1.902449
v -0.474323 -0.157766 1.832944
v -0.446633 -0.157674 1.842223
v -0.430253 -0.132260 1.864475
v -0.424459 -0.145391 1.863473
v -0.424871 -0.175165 1.864465
v -0.420732 -0.187223 1.867870
v -0.728352 -0.174096 1.658374
v -0.392741 -0.216832 1.876150
v -0.423398 -0.183366 2.020654
v -1.208607 -0.679866 1.126991
v 0.143341 -0.284633 2.043483
v -1.402491 -0.915768 0.433520
v -1.260899 -0.776533 0.970555
v 0.717995 -0.936251 1.706460
v -0.309865 -0.155647 2.152051
v -0.304440 -0.212030 1.940575
v 1.108745 -1.433749 1.333269
v -0.097627 -0.202796 2.029993
v -0.262221 -0.212283 1.966675
v 0.053084 -0.262259 2.050801
v 0.799524 -1.012725 1.643857
v 0.259943 -0.708159 1.892268
v -0.127113 -0.202877 2.027864
v 1.111992 -1.465414 1.335259
v -0.105075 -0.228420 2.038517
v -0.082647 -0.232713 2.049833
v 0.113829 -0.284537 2.045572
v -0.029564 -0.289461 1.820496
v -0.027925 -0.264784 2.060284
v 0.691674 -0.860860 1.731457
v -1.342511 -0.862732 0.624484
v -0.053084 -0.262259 2.050801
v -1.410236 -0.944751 0.418036
v -1.066579 -0.238787 1.365268
v -0.377626 -0.231894 1.763897
v -0.780069 -0.169745 1.619756
v 0.172687 -0.284791 2.039958
v 1.123206 -1.473836 1.343932
v 0.160520 -0.500548 2.321568
v 0.181782 -0.370412 2.044961
v 0.210853 -0.341070 2.039820
v 1.067937 -1.273471 1.347132
v 0.178499 -0.444719 2.189092
v -0.518637 -0.145634 1.913511
v 0.646144 -0.879966 1.773807
v -0.335383 -0.216423 1.889287
v 0.163800 -0.501174 2.214118
v -0.551664 -0.132392 1.784492
v 0.146269 -0.587260 2.133159
v 0.154123 -0.583536 2.162752
v -1.040258 -0.207197 1.395318
v 0.147348 -0.498126 2.279231
v 0.218621 -0.612708 1.994726
v 0.227614 -0.579445 1.902996
v 0.460006 -0.816556 1.876213
v -1.332123 -0.835625 0.675709
v 0.156994 -0.513621 2.304764
v 0.227564 -0.549856 1.902707
v 0.218928 -0.637744 1.982199
v 0.226728 -0.619772 1.892680
v 0.200674 -0.487865 1.926397
v 0.227951 -0.663584 1.891165
v 0.227907 -0.693110 1.891611
v 0.231067 -0.707458 1.898694
v 0.264593 -0.708616 2.012162
v -1.250687 -0.747472 0.999220
v 0.349785 -0.796659 1.774731
v 0.269033 -0.723594 2.025186
v 0.297926 -0.765678 1.910430
v 0.027925 -0.264784 2.060284
v 0.459762 -0.846433 1.876863
v -1.368489 -0.887937 0.498699
v 0.391283 -0.779767 1.895716
v 0.427181 -0.790745 1.889672
v -0.524741 -0.132311 1.795621
v -1.353890 -0.918140 0.438303
v 1.063455 -1.229885 1.345792
v -0.808410 -0.176126 1.599179
v 0.513359 -0.828193 1.849206
v 0.539113 -0.852394 1.826170
v -1.260773 -0.745990 0.971229
v 0.171725 -0.359309 2.305571
v 0.566308 -0.853251 1.814913
v -1.071692 -0.532148 1.305377
v 0.592742 -0.835859 1.936763
v 0.620910 -0.831562 1.921378
v -1.395848 -0.916429 0.433503
v -1.372337 -0.887092 0.478182
v 0.671820 -0.850296 1.757510
v 0.202929 -0.482935 1.948367
v 0.666330 -0.865475 1.748444
v 0.200759 -0.517494 1.926619
v 0.688641 -0.885299 1.722891
v -1.152949 -0.623381 1.224979
v 0.697317 -0.956526 1.621326
v 0.714190 -0.911400 1.705676
v 0.993841 -1.121669 1.418351
v -0.993963 -0.195193 1.435344
v 0.778140 -0.997730 1.666403
v -0.904558 -0.178486 1.519964
v 1.036545 -1.177393 1.370723
v -0.185424 -0.156574 2.225359
v 0.339423 -0.748786 2.031415
v 0.885553 -1.031891 1.547166
v 0.821570 -1.010605 1.618918
v 0.845400 -1.010717 1.600742
v 1.088735 -1.271784 1.320796
v 0.862530 -1.032045 1.566350
v -0.831563 -0.175828 1.581800
v 0.459378 -0.801339 1.876932
v 0.950072 -1.121054 1.466294
v 1.110688 -1.292478 1.297636
v -1.193121 -0.664812 1.164018
v 1.065498 -1.254716 1.346570
v 0.742579 -0.966924 1.690645
v 0.907327 -1.095038 1.520349
v 1.014221 -1.121187 1.395867
v 1.033930 -1.150925 1.371916
v -0.176410 -0.213775 2.012766
v 1.038277 -1.206108 1.371110
v -0.858070 -0.178868 1.560392
v -0.951332 -0.198905 1.479911
v 0.928886 -1.094796 1.498951
v -1.270012 -0.775125 0.942230
v 1.131823 -1.311941 1.273624
v 0.884915 -1.062434 1.546931
v 1.129143 -1.292430 1.272630
v 1.124207 -1.303022 1.349419
v -1.418275 -0.914482 0.439574
v 1.114995 -1.345529 1.301310
v 0.181655 -0.311218 2.044553
v 1.118707 -1.374866 1.302827
v 1.120186 -1.387605 1.303602
v 1.121980 -1.401355 1.304284
v 1.115955 -1.448848 1.256073
v -1.305707 -0.847196 0.818327
v -1.373378 -0.887043 0.470979
v 1.118787 -1.457681 1.258137
v 1.117127 -1.445572 1.257386
v 1.111088 -1.455378 1.334724
v -1.056571 -0.255484 1.351156
v 1.117035 -1.471289 1.339122
v 1.116868 -1.493731 1.338192
v -0.628877 -0.146098 1.731032
v 1.123035 -1.482600 1.343584
v 1.121117 -1.489457 1.341823
v -1.114150 -0.548307 1.250815
vn -0.5550 0.6590 0.5076
vn -0.5553 0.6632 0.5018
vn -0.5543 0.6634 0.5027
vn -0.5832 0.6376 0.5035
vn -0.5459 0.5312 0.6479
vn -0.5274 0.5469 0.6502
vn -0.5770 -0.7929 0.1956
vn -0.5351 -0.7935 0.2898
vn -0.8127 -0.5267 0.2491
vn -0.8660 -0.4997 -0.0208
vn -0.4151 -0.8450 0.3372
vn -0.3829 -0.8598 0.3379
vn -0.5908 -0.5914 0.5488
vn -0.5840 -0.1431 0.7991
vn -0.5242 -0.3321 0.7841
vn -0.6123 -0.2435 0.7522
vn -0.6375 -0.0940 0.7647
vn -0.6977 -0.0809 0.7118
vn -0.6066 -0.1432 0.7820
vn -0.4728 -0.3871 0.7916
vn -0.5105 -0.2662 0.8177
vn -0.4742 -0.3055 0.8257
vn -0.6803 -0.1790 0.7107
vn -0.5779 -0.3072 0.7561
vn -0.5210 -0.3758 0.7664
vn -0.7144 0.0292 0.6991
vn -0.8159 -0.0569 0.5753
vn -0.8853 0.1183 0.4497
vn -0.7706 0.0434 0.6358
vn -0.9794 -0.0717 0.1887
vn -0.9731 0.1859 0.1358
vn -0.6548 -0.1123 0.7474
vn -0.6744 -0.0558 0.7363
vn -0.7773 -0.3044 0.5506
vn -0.8763 -0.3777 0.2992
vn -0.6488 -0.1567 0.7447
vn -0.4726 -0.3660 0.8017
vn -0.4556 -0.4246 0.7824
vn -0.3820 -0.4551 0.8043
vn -0.3937 -0.4953 0.7744
vn -0.5947 -0.1123 0.7960
vn -0.6504 -0.0002 0.7596
vn -0.6452 -0.0378 0.7631
vn -0.6529 -0.0240 0.7571
vn -0.6018 -0.2404 0.7616
vn -0.6432 -0.0545 0.7638
vn -0.6760 0.1879 -0.7125
vn -0.7475 -0.1628 -0.6439
vn -0.9976 -0.0685 0.0087
vn -0.9582 0.2704 0.0933
vn -0.2156 -0.2181 -0.9518
vn 0.0159 -0.0049 -0.9999
vn -0.5961 -0.7659 -0.2408
vn 0.0388 -0.0995 -0.9943
vn 0.1542 -0.2120 -0.9650
vn 0.4705 -0.6684 -0.5761
vn 0.1977 -0.8120 -0.5492
vn 0.0667 -0.0693 -0.9954
vn -0.0013 -0.0000 -1.0000
vn 0.6697 -0.4427 -0.5963
vn 0.9874 -0.0736 -0.1398
vn 0.9868 -0.0926 -0.1327
vn 0.9866 -0.1059 -0.1239
vn 0.9901 -0.0702 -0.1219
vn 0.9794 -0.0930 -0.1791
vn 0.9793 -0.0744 -0.1880
vn 0.9764 -0.0743 -0.2029
vn 0.9767 -0.0749 -0.2011
vn 0.9753 -0.0944 -0.1996
vn 0.9854 -0.0719 -0.1544
vn 0.9830 -0.0731 -0.1682
vn 0.9839 -0.0910 -0.1536
vn 0.9797 -0.1226 -0.1583
vn 0.9765 -0.1204 -0.1790
vn 0.9818 -0.1267 -0.1414
vn 0.9867 -0.0725 -0.1458
vn 0.9694 -0.1626 -0.1836
vn 0.9709 -0.1524 -0.1849
vn 0.9779 -0.1353 -0.1594
vn 0.9624 -0.1726 -0.2097
vn 0.9697 -0.1465 -0.1957
vn 0.9502 -0.1789 -0.2553
vn 0.9806 -0.1308 -0.1458
vn 0.9843 -0.1262 -0.1237
vn 0.9370 -0.1551 -0.3131
vn 0.9093 -0.1823 -0.3741
vn 0.9575 -0.1449 -0.2492
vn 0.9773 -0.1414 -0.1577
vn 0.5121 -0.0929 -0.8539
vn 0.4846 -0.1017 -0.8688
vn 0.5633 -0.1122 -0.8186
vn 0.9204 -0.1629 -0.3554
vn -0.0153 0.0020 -0.9999
vn -0.0167 0.0034 -0.9999
vn -0.0099 -0.0010 -1.0000
vn -0.0098 -0.0002 -1.0000
vn -0.0166 0.0013 -0.9999
vn -0.0160 0.0035 -0.9999
vn -0.0074 -0.0042 -1.0000
vn -0.0089 -0.0023 -1.0000
vn -0.0153 -0.0003 -0.9999
vn -0.0148 0.0036 -0.9999
vn -0.0070 -0.0078 -0.9999
vn -0.0033 -0.0071 -1.0000
vn -0.0163 -0.0009 -0.9999
vn -0.0624 0.0045 -0.9980
vn 0.0063 -0.0190 -0.9998
vn -0.0066 -0.0124 -0.9999
vn -0.6558 0.1035 -0.7478
vn -0.7489 0.1221 -0.6513
vn -0.5092 0.0247 -0.8603
vn 0.0463 -0.0469 -0.9978
vn -0.9866 0.1322 -0.0957
vn -0.9851 0.1718 -0.0006
vn -0.9618 0.1076 -0.2518
vn -0.9264 0.0998 -0.3632
vn -0.9974 0.0691 0.0222
vn -0.9860 0.1039 -0.1303
vn -0.9899 0.1234 0.0701
vn -0.9876 0.0637 0.1432
vn -0.9870 0.0272 0.1584
vn -0.9947 0.0279 0.0990
vn -0.9832 0.0357 0.1788
vn -0.9857 0.0386 0.1639
vn -0.9800 0.0590 0.1901
vn -0.9796 0.0382 0.1974
vn -0.9828 0.0257 0.1826
vn -0.9852 0.0096 0.1710
vn -0.9811 0.0088 0.1935
vn 0.9758 -0.0148 -0.2180
vn 0.9757 -0.0126 -0.2186
vn 0.9740 -0.0123 -0.2260
vn 0.9728 -0.0172 -0.2308
vn 0.9723 -0.0295 -0.2319
vn 0.9731 -0.0402 -0.2268
vn 0.9698 -0.0856 -0.2283
vn 0.9749 -0.0604 -0.2145
vn 0.9740 -0.0602 -0.2184
vn 0.9694 -0.0772 -0.2332
vn 0.9741 -0.0701 -0.2150
vn 0.9750 -0.0607 -0.2136
vn 0.9714 -0.0936 -0.2182
vn 0.9683 -0.1166 -0.2207
vn 0.9655 -0.1144 -0.2338
vn 0.9729 -0.1184 -0.1987
vn 0.9758 -0.0762 -0.2051
vn 0.9692 -0.1285 -0.2101
vn 0.9669 -0.1253 -0.2223
vn 0.9724 -0.1391 -0.1876
vn 0.9590 -0.1718 -0.2252
vn 0.9607 -0.1607 -0.2264
vn 0.9566 -0.1816 -0.2277
vn 0.9548 -0.2047 -0.2156
vn 0.9509 -0.2115 -0.2260
vn 0.9618 -0.1864 -0.2007
vn 0.9624 -0.1989 -0.1851
vn 0.9606 -0.1836 -0.2088
vn 0.9655 -0.1904 -0.1779
vn 0.9528 -0.1758 -0.2474
vn 0.9604 -0.1806 -0.2122
vn 0.9022 -0.1562 -0.4020
vn 0.8634 -0.1655 -0.4766
vn 0.4051 -0.0845 -0.9103
vn 0.3210 -0.0659 -0.9448
vn -0.0163 0.0030 -0.9999
vn -0.0148 0.0037 -0.9999
vn -0.0165 0.0032 -0.9999
vn -0.0147 0.0048 -0.9999
vn -0.0162 0.0032 -0.9999
vn -0.0165 0.0068 -0.9998
vn -0.1012 0.0212 -0.9946
vn -0.0974 0.0260 -0.9949
vn -0.7800 0.1615 -0.6045
vn -0.8057 0.1823 -0.5635
vn -0.9781 0.1998 0.0585
vn -0.9722 0.2131 0.0967
vn -0.9689 0.1889 0.1598
vn -0.9611 0.2069 0.1829
vn -0.9778 0.1630 0.1317
vn -0.9688 0.1553 0.1930
vn -0.9605 0.1847 0.2080
vn -0.9781 0.1134 0.1744
vn -0.9740 0.1085 0.1991
vn -0.9656 0.1545 0.2089
vn -0.9753 0.1102 0.1915
vn -0.9689 0.1560 0.1921
vn -0.9793 0.0591 0.1935
vn -0.9797 0.0624 0.1906
vn -0.9761 0.1145 0.1846
vn -0.9799 0.0370 0.1960
vn -0.9796 0.0410 0.1969
vn -0.9793 0.0396 0.1985
vn -0.9799 0.0352 0.1966
vn -0.9791 0.0676 0.1920
vn -0.9748 0.1176 0.1896
vn -0.9793 0.0446 0.1974
vn -0.9793 0.0430 0.1979
vn -0.9777 0.0705 0.1977
vn -0.9731 0.1191 0.1970
vn -0.9788 0.0477 0.1993
vn -0.9773 0.0704 0.2000
vn -0.9714 0.1188 0.2058
vn -0.9790 0.0545 0.1966
vn -0.9707 0.1142 0.2113
vn -0.9852 0.0166 0.1704
vn -0.9890 -0.0297 0.1449
vn -0.9823 0.0372 0.1834
vn -0.9891 -0.0129 0.1466
vn -0.9947 -0.0328 0.0979
vn -0.9927 -0.0342 0.1153
vn -0.9878 0.0050 0.1559
vn -0.9923 -0.0659 0.1044
vn -0.9965 -0.0376 0.0744
vn -0.9892 -0.0686 0.1298
vn -0.9917 -0.0039 0.1285
vn -0.9909 -0.0057 0.1341
vn -0.9914 0.0056 0.1309
vn -0.9856 -0.0579 0.1586
vn -0.9755 0.0352 0.2170
vn -0.9922 0.0130 0.1237
vn -0.9587 0.0737 0.2748
vn -0.9457 0.1142 0.3042
vn -0.9594 0.1187 0.2560
vn -0.7488 0.2752 0.6030
vn -0.7500 0.2598 0.6083
vn -0.7647 0.1350 0.6301
vn -0.7825 0.1832 0.5951
vn -0.7574 0.0178 0.6527
vn -0.7764 -0.0163 0.6301
vn -0.7688 0.0369 0.6384
vn -0.7460 0.1351 0.6520
vn -0.7692 -0.1438 0.6226
vn -0.7776 -0.0626 0.6257
vn -0.7552 -0.1341 0.6416
vn -0.7153 -0.1046 0.6909
vn -0.7227 0.0354 0.6903
vn -0.7220 -0.3632 0.5890
vn -0.6763 -0.3500 0.6481
vn -0.7330 -0.3855 0.5605
vn -0.7544 -0.2302 0.6147
vn -0.6463 -0.5775 0.4987
vn -0.6023 -0.5853 0.5429
vn -0.6507 -0.5991 0.4666
vn -0.6880 -0.5165 0.5099
vn -0.5803 -0.7022 0.4126
vn -0.5246 -0.7360 0.4278
vn -0.6056 -0.6924 0.3921
vn -0.6070 -0.6903 0.3938
vn -0.6061 -0.6748 0.4211
vn -0.5465 -0.7280 0.4139
vn -0.6350 -0.6467 0.4225
vn -0.6043 -0.6948 0.3900
vn -0.6056 -0.6925 0.3921
vn -0.7180 -0.4580 0.5242
vn -0.6850 -0.5113 0.5190
vn -0.7298 -0.4172 0.5416
vn -0.6674 -0.5891 0.4556
vn -0.7745 0.0251 0.6321
vn -0.7729 0.0507 0.6326
vn -0.7490 0.0337 0.6617
vn -0.7597 -0.2072 0.6164
vn -0.6708 0.4016 0.6235
vn -0.6612 0.4589 0.5934
vn -0.6842 0.3070 0.6615
vn -0.6959 0.2766 0.6628
vn -0.6449 0.4550 0.6141
vn -0.6235 0.5063 0.5957
vn -0.6244 0.4530 0.6363
vn -0.6631 0.4126 0.6245
vn -0.6705 0.4012 0.6241
vn -0.6713 0.4070 0.6194
vn -0.6524 0.4498 0.6099
vn 0.9526 -0.0149 -0.3038
vn 0.9529 -0.0160 -0.3029
vn 0.9526 -0.0186 -0.3036
vn 0.9488 -0.0001 -0.3159
vn 0.9446 -0.0070 -0.3283
vn 0.9503 -0.0164 -0.3108
vn 0.9622 -0.0221 -0.2713
vn 0.9620 -0.0141 -0.2728
vn 0.9499 -0.0239 -0.3115
vn 0.9727 -0.0171 -0.2316
vn 0.9717 -0.0185 -0.2353
vn 0.9708 -0.0276 -0.2382
vn 0.9665 -0.0544 -0.2507
vn 0.9601 -0.0458 -0.2759
vn 0.9696 -0.0651 -0.2360
vn 0.9716 -0.0173 -0.2360
vn 0.9633 -0.0978 -0.2500
vn 0.9619 -0.0912 -0.2576
vn 0.9637 -0.1059 -0.2449
vn 0.9612 -0.1241 -0.2465
vn 0.9600 -0.1229 -0.2517
vn 0.9630 -0.1236 -0.2396
vn 0.9609 -0.1497 -0.2328
vn 0.9550 -0.1586 -0.2506
vn 0.9636 -0.1442 -0.2250
vn 0.9503 -0.2024 -0.2364
vn 0.9541 -0.1917 -0.2303
vn 0.9444 -0.2116 -0.2517
vn 0.9400 -0.2422 -0.2404
vn 0.9343 -0.2489 -0.2554
vn 0.9498 -0.2318 -0.2103
vn 0.9540 -0.2422 -0.1765
vn 0.9449 -0.2483 -0.2133
vn 0.9577 -0.2215 -0.1839
vn 0.9594 -0.2319 -0.1605
vn 0.9618 -0.2165 -0.1677
vn 0.9604 -0.2303 -0.1570
vn 0.9629 -0.2146 -0.1637
vn 0.9608 -0.2277 -0.1582
vn 0.9568 -0.2103 -0.2007
vn 0.9600 -0.2212 -0.1716
vn 0.8628 -0.1837 -0.4709
vn 0.8829 -0.1994 -0.4252
vn 0.3285 -0.0689 -0.9420
vn 0.3271 -0.0799 -0.9416
vn -0.0145 0.0016 -0.9999
vn -0.0160 -0.0039 -0.9999
vn -0.0078 0.0004 -1.0000
vn -0.0108 -0.0037 -0.9999
vn -0.0106 0.0021 -0.9999
vn -0.0105 -0.0035 -0.9999
vn -0.0932 0.0220 -0.9954
vn -0.0434 0.0167 -0.9989
vn -0.7764 0.1941 -0.5996
vn -0.7606 0.2029 -0.6167
vn -0.9677 0.2265 0.1110
vn -0.9629 0.2364 0.1299
vn -0.9548 0.2183 0.2017
vn -0.9498 0.2259 0.2166
vn -0.9497 0.2124 0.2300
vn -0.9462 0.2230 0.2344
vn -0.9542 0.2017 0.2210
vn -0.9562 0.2018 0.2122
vn -0.9534 0.2157 0.2111
vn -0.9601 0.1827 0.2116
vn -0.9643 0.1843 0.1904
vn -0.9606 0.2048 0.1879
vn -0.9656 0.1856 0.1822
vn -0.9613 0.2071 0.1815
vn -0.9709 0.1565 0.1814
vn -0.9692 0.1583 0.1886
vn -0.9645 0.1862 0.1871
vn -0.9674 0.1591 0.1971
vn -0.9624 0.1855 0.1986
vn -0.9647 0.1590 0.2101
vn -0.9599 0.1843 0.2114
vn -0.9618 0.1577 0.2236
vn -0.9569 0.1808 0.2273
vn -0.9598 0.1492 0.2378
vn -0.9535 0.1775 0.2436
vn -0.9687 0.1045 0.2250
vn -0.9698 0.0769 0.2313
vn -0.9580 0.1404 0.2499
vn -0.9800 0.0006 0.1989
vn -0.9762 -0.0498 0.2109
vn -0.9668 0.0603 0.2483
vn -0.9793 -0.1169 0.1650
vn -0.9625 -0.1550 0.2228
vn -0.9650 -0.0711 0.2525
vn -0.9751 -0.0509 0.2159
vn -0.9597 -0.0679 0.2728
vn -0.9474 -0.1761 0.2672
vn -0.9479 0.1217 0.2943
vn -0.9286 0.1458 0.3411
vn -0.9519 -0.0901 0.2929
vn -0.9342 0.1720 0.3126
vn -0.9091 0.1956 0.3677
vn -0.8982 0.2281 0.3758
vn -0.9409 0.1052 0.3219
vn -0.9402 -0.0099 0.3404
vn -0.9310 -0.0165 0.3648
vn -0.9372 -0.0038 0.3489
vn -0.9154 0.1391 0.3777
vn -0.9235 -0.0795 0.3753
vn -0.9359 0.0285 0.3512
vn -0.9139 -0.1384 0.3817
vn -0.9116 -0.1713 0.3738
vn -0.8987 -0.2715 0.3444
vn -0.9217 -0.1085 0.3724
vn -0.9106 -0.0654 0.4080
vn -0.9136 -0.0649 0.4013
vn -0.9035 -0.0528 0.4254
vn -0.9083 -0.0503 0.4153
vn -0.8529 0.1050 0.5115
vn -0.8944 -0.0665 0.4423
vn -0.8964 -0.1120 0.4289
vn -0.7174 0.4053 0.5666
vn -0.7435 0.3820 0.5489
vn -0.7604 0.3467 0.5492
vn -0.8093 0.1878 0.5565
vn -0.7201 0.3825 0.5790
vn -0.7158 0.4208 0.5573
vn -0.7128 0.3943 0.5801
vn -0.6815 0.4160 0.6021
vn -0.6943 0.4050 0.5950
vn -0.7230 0.2856 0.6291
vn -0.7336 0.3212 0.5988
vn -0.6895 0.3255 0.6470
vn -0.6613 0.4243 0.6186
vn -0.7198 0.1621 0.6750
vn -0.6954 0.2155 0.6856
vn -0.6669 0.3527 0.6564
vn -0.7027 0.0640 0.7086
vn -0.6789 0.1057 0.7266
vn -0.6673 0.2548 0.6998
vn -0.6990 -0.0679 0.7119
vn -0.6652 -0.0289 0.7461
vn -0.6646 -0.3158 0.6772
vn -0.6185 -0.2559 0.7429
vn -0.5663 -0.5673 0.5979
vn -0.5184 -0.5370 0.6655
vn -0.4641 -0.7432 0.4819
vn -0.4028 -0.7343 0.5464
vn -0.4539 -0.7640 0.4586
vn -0.3620 -0.7652 0.5324
vn -0.5934 -0.5518 0.5861
vn -0.4659 -0.5791 0.6690
vn -0.7215 0.0343 0.6916
vn -0.6155 -0.0215 0.7879
vn -0.6427 0.4722 0.6033
vn -0.5859 0.4641 0.6643
vn -0.6116 0.5400 0.5782
vn -0.5706 0.5528 0.6073
vn -0.6697 0.3391 0.6608
vn -0.6164 0.3749 0.6925
vn -0.6765 0.2136 0.7048
vn -0.6308 0.2414 0.7375
vn -0.6432 0.2417 0.7266
vn -0.7044 0.2101 0.6780
vn -0.6059 0.2039 0.7690
vn -0.6231 0.2430 0.7435
vn -0.6008 0.3290 0.7286
vn 0.9149 0.0513 -0.4003
vn 0.9176 0.0330 -0.3961
vn 0.9317 -0.0012 -0.3633
vn 0.9248 0.0676 -0.3743
vn 0.9350 0.0015 -0.3545
vn 0.9145 -0.0006 -0.4045
vn 0.9456 -0.0121 -0.3251
vn 0.9401 -0.0243 -0.3400
vn 0.9485 0.0052 -0.3169
vn 0.9349 0.0162 -0.3547
vn 0.9182 0.0133 -0.3958
vn 0.9291 -0.0010 -0.3699
vn 0.9223 0.0049 -0.3864
vn 0.9380 -0.0136 -0.3465
vn 0.9356 -0.0436 -0.3504
vn 0.9257 -0.0346 -0.3767
vn 0.9480 -0.0436 -0.3153
vn 0.9460 -0.0842 -0.3130
vn 0.9286 -0.0834 -0.3617
vn 0.9563 -0.0840 -0.2802
vn 0.9523 -0.1162 -0.2822
vn 0.9418 -0.1104 -0.3174
vn 0.9577 -0.1206 -0.2611
vn 0.9521 -0.1377 -0.2730
vn 0.9472 -0.1307 -0.2927
vn 0.9551 -0.1544 -0.2530
vn 0.9461 -0.1659 -0.2783
vn 0.9463 -0.1529 -0.2849
vn 0.9534 -0.1818 -0.2406
vn 0.9420 -0.2025 -0.2677
vn 0.9405 -0.1941 -0.2789
vn 0.9405 -0.2302 -0.2498
vn 0.9237 -0.2734 -0.2684
vn 0.9250 -0.2634 -0.2740
vn 0.9274 -0.2723 -0.2566
vn 0.9382 -0.2653 -0.2223
vn 0.9251 -0.2847 -0.2512
vn 0.9508 -0.2445 -0.1902
vn 0.9495 -0.2508 -0.1886
vn 0.9434 -0.2512 -0.2165
vn 0.9542 -0.2423 -0.1754
vn 0.9526 -0.2508 -0.1721
vn 0.9572 -0.2419 -0.1589
vn 0.9548 -0.2505 -0.1597
vn 0.9581 -0.2419 -0.1534
vn 0.9562 -0.2503 -0.1520
vn 0.9591 -0.2401 -0.1498
vn 0.9582 -0.2485 -0.1418
vn 0.9599 -0.2365 -0.1507
vn 0.9601 -0.2449 -0.1354
vn 0.8814 -0.2104 -0.4229
vn 0.8828 -0.2270 -0.4113
vn 0.3234 -0.0865 -0.9423
vn 0.3103 -0.0808 -0.9472
vn -0.0037 -0.0051 -1.0000
vn 0.0030 0.0031 -1.0000
vn -0.0042 -0.0030 -1.0000
vn 0.0026 0.0038 -1.0000
vn -0.0061 -0.0006 -1.0000
vn 0.0027 0.0051 -1.0000
vn -0.0070 0.0012 -1.0000
vn 0.0061 0.0100 -0.9999
vn -0.7552 0.2114 -0.6205
vn -0.6856 0.2004 -0.6999
vn -0.9571 0.2501 0.1463
vn -0.9541 0.2579 0.1522
vn -0.9440 0.2399 0.2267
vn -0.9398 0.2486 0.2343
vn -0.9435 0.2370 0.2316
vn -0.9406 0.2469 0.2329
vn -0.9511 0.2442 0.1892
vn -0.9492 0.2528 0.1874
vn -0.9536 0.2286 0.1958
vn -0.9559 0.2363 0.1742
vn -0.9542 0.2469 0.1690
vn -0.9580 0.2215 0.1822
vn -0.9581 0.2236 0.1793
vn -0.9552 0.2369 0.1773
vn -0.9562 0.2236 0.1889
vn -0.9529 0.2362 0.1902
vn -0.9602 0.2070 0.1873
vn -0.9581 0.2051 0.2000
vn -0.9541 0.2205 0.2025
vn -0.9554 0.2033 0.2143
vn -0.9520 0.2156 0.2171
vn -0.9520 0.2010 0.2308
vn -0.9490 0.2108 0.2342
vn -0.9479 0.1965 0.2508
vn -0.9450 0.2053 0.2548
vn -0.9438 0.1883 0.2715
vn -0.9402 0.2004 0.2756
vn -0.9486 0.1728 0.2653
vn -0.9449 0.1589 0.2863
vn -0.9386 0.1819 0.2933
vn -0.9532 0.1266 0.2745
vn -0.9469 0.1096 0.3022
vn -0.9378 0.1505 0.3129
vn -0.9573 0.0375 0.2866
vn -0.9441 0.0223 0.3288
vn -0.9349 0.1021 0.3398
vn -0.9470 -0.0950 0.3068
vn -0.9297 -0.1263 0.3460
vn -0.9277 0.0146 0.3729
vn -0.9284 -0.2077 0.3082
vn -0.9068 -0.2664 0.3268
vn -0.9140 -0.1543 0.3752
vn -0.9401 -0.1148 0.3210
vn -0.9086 -0.1315 0.3964
vn -0.8806 -0.3004 0.3666
vn -0.9173 0.1641 0.3627
vn -0.8909 0.1575 0.4260
vn -0.8990 0.1533 0.4102
vn -0.8891 0.1142 0.4433
vn -0.8737 0.1313 0.4684
vn -0.9145 -0.0931 0.3938
vn -0.8745 -0.0848 0.4776
vn -0.8646 0.0704 0.4975
vn -0.8651 -0.0780 0.4954
vn -0.8248 -0.0581 0.5625
vn -0.8320 -0.1062 0.5445
vn -0.7732 0.2047 0.6002
vn -0.7553 0.2098 0.6208
vn -0.7953 -0.0635 0.6029
vn -0.6806 0.4113 0.6063
vn -0.6716 0.4268 0.6056
vn -0.7528 0.2120 0.6231
vn -0.6508 0.4529 0.6094
vn -0.6285 0.4881 0.6056
vn -0.6661 0.4373 0.6043
vn -0.6546 0.4033 0.6394
vn -0.6124 0.4586 0.6440
vn -0.6105 0.4998 0.6143
vn -0.6442 0.3125 0.6981
vn -0.5939 0.3578 0.7205
vn -0.5714 0.4807 0.6651
vn -0.6567 0.1466 0.7397
vn -0.6247 0.1738 0.7613
vn -0.6649 0.0065 0.7469
vn -0.6443 0.0247 0.7644
vn -0.6512 -0.1801 0.7373
vn -0.6278 -0.0793 0.7743
vn -0.5419 -0.4414 0.7152
vn -0.5496 -0.3250 0.7696
vn -0.4079 -0.6300 0.6608
vn -0.4583 -0.5351 0.7097
vn -0.3418 -0.6896 0.6385
vn -0.3624 -0.5984 0.7146
vn -0.3907 -0.5185 0.7606
vn -0.3949 -0.4493 0.8013
vn -0.4985 -0.0546 0.8652
vn -0.5049 -0.0965 0.8578
vn -0.5317 0.3788 0.7575
vn -0.5708 0.2663 0.7767
vn -0.5493 0.4746 0.6878
vn -0.5901 0.3745 0.7152
vn -0.6010 0.2720 0.7516
vn -0.6092 0.3066 0.7313
vn -0.6148 0.3681 0.6975
vn -0.6013 0.3640 0.7113
vn -0.5924 0.1386 0.7936
vn -0.5940 0.1484 0.7907
vn -0.6017 0.1811 0.7780
vn 0.8630 0.0779 -0.4991
vn 0.8665 0.0738 -0.4936
vn 0.8582 0.0760 -0.5077
vn 0.8792 -0.0076 -0.4764
vn 0.8932 0.0059 -0.4495
vn 0.8990 0.0229 -0.4374
vn 0.8964 0.0078 -0.4432
vn 0.9096 0.0235 -0.4147
vn 0.9029 0.0006 -0.4298
vn 0.8997 0.0250 -0.4359
vn 0.9092 0.0020 -0.4164
vn 0.9067 0.0019 -0.4219
vn 0.9087 0.0018 -0.4175
vn 0.9046 0.0039 -0.4262
vn 0.9134 -0.0041 -0.4072
vn 0.8987 -0.0065 -0.4386
vn 0.9125 -0.0198 -0.4085
vn 0.8923 -0.0164 -0.4512
vn 0.9227 -0.0237 -0.3847
vn 0.9146 -0.0341 -0.4028
vn 0.9085 -0.0218 -0.4173
vn 0.9196 -0.0571 -0.3886
vn 0.9039 -0.0690 -0.4222
vn 0.9054 -0.0485 -0.4219
vn 0.9229 -0.0951 -0.3732
vn 0.9150 -0.0834 -0.3947
vn 0.9009 -0.0757 -0.4274
vn 0.9384 -0.1092 -0.3278
vn 0.9279 -0.1189 -0.3533
vn 0.9119 -0.1029 -0.3973
vn 0.9415 -0.1398 -0.3065
vn 0.9302 -0.1812 -0.3192
vn 0.9181 -0.1717 -0.3572
vn 0.9370 -0.1939 -0.2904
vn 0.9195 -0.2638 -0.2914
vn 0.9109 -0.2598 -0.3205
vn 0.9237 -0.2665 -0.2754
vn 0.9104 -0.3129 -0.2705
vn 0.9047 -0.3126 -0.2896
vn 0.9132 -0.3080 -0.2667
vn 0.9263 -0.2783 -0.2540
vn 0.9175 -0.2898 -0.2725
vn 0.9355 -0.2632 -0.2359
vn 0.9380 -0.2565 -0.2332
vn 0.9318 -0.2586 -0.2548
vn 0.9437 -0.2537 -0.2124
vn 0.9401 -0.2678 -0.2111
vn 0.9345 -0.2703 -0.2317
vn 0.9480 -0.2545 -0.1913
vn 0.9437 -0.2688 -0.1926
vn 0.9507 -0.2568 -0.1736
vn 0.9468 -0.2698 -0.1755
vn 0.9529 -0.2576 -0.1602
vn 0.9508 -0.2670 -0.1572
vn 0.9550 -0.2562 -0.1494
vn 0.9525 -0.2663 -0.1475
vn 0.9565 -0.2561 -0.1398
vn 0.9530 -0.2687 -0.1402
vn 0.9579 -0.2561 -0.1298
vn 0.9549 -0.2674 -0.1290
vn 0.8660 -0.2114 -0.4532
vn 0.8379 -0.2393 -0.4906
vn 0.2733 -0.0679 -0.9595
vn 0.1908 -0.0548 -0.9801
vn 0.0014 0.0079 -1.0000
vn -0.0088 0.0107 -0.9999
vn 0.0028 0.0057 -1.0000
vn -0.0016 0.0069 -1.0000
vn 0.0035 0.0045 -1.0000
vn -0.0005 0.0062 -1.0000
vn 0.0198 -0.0013 -0.9998
vn -0.0152 0.0081 -0.9999
vn -0.7120 0.1864 -0.6770
vn -0.6676 0.1934 -0.7190
vn -0.9528 0.2691 0.1408
vn -0.9550 0.2737 0.1143
vn -0.9353 0.2601 0.2398
vn -0.9326 0.2611 0.2491
vn -0.9378 0.2531 0.2378
vn -0.9331 0.2581 0.2504
vn -0.9484 0.2565 0.1862
vn -0.9461 0.2658 0.1851
vn -0.9509 0.2615 0.1658
vn -0.9491 0.2694 0.1632
vn -0.9520 0.2549 0.1695
vn -0.9506 0.2556 0.1760
vn -0.9490 0.2620 0.1755
vn -0.9528 0.2460 0.1777
vn -0.9504 0.2463 0.1901
vn -0.9482 0.2539 0.1909
vn -0.9479 0.2425 0.2066
vn -0.9459 0.2489 0.2082
vn -0.9503 0.2343 0.2051
vn -0.9475 0.2316 0.2205
vn -0.9453 0.2378 0.2232
vn -0.9448 0.2253 0.2377
vn -0.9427 0.2294 0.2422
vn -0.9408 0.2189 0.2589
vn -0.9392 0.2214 0.2624
vn -0.9360 0.2121 0.2810
vn -0.9342 0.2127 0.2866
vn -0.9307 0.1989 0.3068
vn -0.9281 0.2048 0.3108
vn -0.9332 0.1945 0.3020
vn -0.9267 0.1820 0.3289
vn -0.9229 0.1919 0.3339
vn -0.9302 0.1723 0.3241
vn -0.9205 0.1591 0.3570
vn -0.9156 0.1752 0.3620
vn -0.9265 0.1380 0.3501
vn -0.9112 0.1290 0.3912
vn -0.9061 0.1512 0.3950
vn -0.9175 0.0926 0.3869
vn -0.8976 0.0875 0.4320
vn -0.8924 0.1254 0.4334
vn -0.9049 -0.0028 0.4256
vn -0.8872 -0.0320 0.4603
vn -0.8756 0.0850 0.4755
vn -0.8850 -0.1991 0.4209
vn -0.8595 -0.2391 0.4517
vn -0.8670 -0.0502 0.4957
vn -0.8492 -0.3256 0.4157
vn -0.8152 -0.3284 0.4771
vn -0.8355 -0.2606 0.4837
vn -0.8764 -0.1376 0.4616
vn -0.8409 -0.1580 0.5176
vn -0.8399 0.0784 0.5370
vn -0.8043 0.0276 0.5935
vn -0.8018 -0.1429 0.5802
vn -0.8189 0.0139 0.5738
vn -0.7816 -0.0375 0.6227
vn -0.7702 0.0226 0.6374
vn -0.7936 -0.1295 0.5945
vn -0.7781 -0.1620 0.6069
vn -0.7735 -0.0565 0.6313
vn -0.7903 -0.0694 0.6087
vn -0.7915 -0.0900 0.6045
vn -0.7834 -0.1841 0.5936
vn -0.7549 0.2192 0.6182
vn -0.7428 0.2101 0.6357
vn -0.7835 -0.1010 0.6131
vn -0.6535 0.4490 0.6094
vn -0.6316 0.4477 0.6330
vn -0.7303 0.1846 0.6577
vn -0.5836 0.5205 0.6233
vn -0.5348 0.5466 0.6444
vn -0.6102 0.4405 0.6585
vn -0.5316 0.5155 0.6720
vn -0.4814 0.5403 0.6902
vn -0.4993 0.5564 0.6641
vn -0.5576 0.3906 0.7324
vn -0.5060 0.4207 0.7530
vn -0.6035 0.1884 0.7748
vn -0.5766 0.2041 0.7911
vn -0.6347 0.0316 0.7721
vn -0.6217 0.0262 0.7828
vn -0.6204 0.0223 0.7840
vn -0.5529 0.2387 0.7983
vn -0.6204 0.0263 0.7839
vn -0.5202 0.3108 0.7955
vn -0.6068 0.0645 0.7922
vn -0.4793 0.3964 0.7830
vn -0.5546 0.1468 0.8191
vn -0.4190 0.4954 0.7609
vn -0.4838 0.2664 0.8336
vn -0.3541 0.5630 0.7468
vn -0.5953 -0.1416 0.7909
vn -0.5178 -0.1321 0.8452
vn -0.4074 0.3210 0.8550
vn -0.6772 -0.4308 0.5965
vn -0.5358 -0.5088 0.6738
vn -0.7080 -0.5851 0.3955
vn -0.5043 -0.6797 0.5327
vn -0.6586 -0.7172 0.2278
vn -0.4445 -0.7763 0.4469
vn -0.8802 -0.4747 -0.0002
vn -0.9928 -0.0790 -0.0901
vn -0.9825 -0.0703 -0.1727
vn -0.9664 0.2187 -0.1354
vn -0.9535 0.2110 -0.2151
vn -0.9139 0.3913 -0.1079
vn -0.9069 0.3964 -0.1428
vn -0.9433 0.2992 0.1440
vn -0.8798 0.3113 0.3591
vn -0.8357 0.5492 -0.0034
vn -0.8692 0.0882 0.4866
vn -0.7938 -0.0160 0.6080
vn -0.6369 -0.1698 0.7520
vn -0.7835 0.2356 0.5750
vn -0.6909 0.0224 0.7226
vn -0.5682 -0.3172 0.7593
vn -0.5645 -0.3094 0.7653
vn -0.5632 -0.3095 0.7662
vn -0.6153 0.0571 0.7862
vn -0.7491 0.0060 0.6624
vn -0.5484 0.0789 0.8325
vn -0.5921 0.0779 0.8021
vn -0.5740 0.0340 0.8181
vn -0.6566 0.3179 0.6839
vn -0.6489 0.3416 0.6798
vn -0.6224 0.3375 0.7062
vn -0.4535 -0.3193 0.8321
vn -0.4485 -0.3806 0.8087
vn -0.5812 -0.0179 0.8136
vn -0.4399 -0.4125 0.7977
vn -0.5578 -0.0918 0.8249
vn -0.3984 -0.5188 0.7564
vn -0.4597 -0.4213 0.7818
vn -0.6161 0.2574 0.7445
vn -0.6282 0.2953 0.7198
vn -0.6265 0.3901 0.6748
vn -0.6350 0.3880 0.6680
vn -0.6268 0.4075 0.6641
vn -0.6236 0.3874 0.6791
vn 0.8573 -0.0258 -0.5142
vn 0.8428 -0.0353 -0.5370
vn 0.8355 -0.0353 -0.5483
vn 0.8209 -0.0653 -0.5673
vn 0.8423 -0.0539 -0.5362
vn 0.8600 -0.0226 -0.5097
vn 0.8484 -0.0404 -0.5278
vn 0.8721 -0.0031 -0.4894
vn 0.8727 -0.0221 -0.4878
vn 0.8607 -0.0586 -0.5057
vn 0.8899 -0.0258 -0.4554
vn 0.8749 -0.0654 -0.4798
vn 0.9044 -0.0142 -0.4264
vn 0.8829 -0.0303 -0.4686
vn 0.9054 0.0117 -0.4244
vn 0.8796 0.0346 -0.4744
vn 0.8915 0.0227 -0.4525
vn 0.8608 0.0643 -0.5048
vn 0.8733 0.0171 -0.4869
vn 0.8413 0.0523 -0.5380
vn 0.8608 0.0138 -0.5088
vn 0.8321 0.0286 -0.5539
vn 0.8882 0.0016 -0.4595
vn 0.8825 -0.0078 -0.4702
vn 0.8611 -0.0001 -0.5085
vn 0.8999 -0.0202 -0.4357
vn 0.8891 -0.0619 -0.4534
vn 0.8785 -0.0518 -0.4749
vn 0.8949 -0.0733 -0.4402
vn 0.8918 -0.1106 -0.4386
vn 0.8860 -0.1097 -0.4506
vn 0.8988 -0.1082 -0.4249
vn 0.8925 -0.1671 -0.4190
vn 0.8840 -0.1681 -0.4362
vn 0.9039 -0.1651 -0.3947
vn 0.8864 -0.2489 -0.3904
vn 0.8759 -0.2466 -0.4147
vn 0.8994 -0.2503 -0.3583
vn 0.8838 -0.3045 -0.3553
vn 0.8709 -0.3054 -0.3851
vn 0.8959 -0.3060 -0.3221
vn 0.9028 -0.2789 -0.3274
vn 0.8914 -0.2773 -0.3585
vn 0.9122 -0.2831 -0.2961
vn 0.9196 -0.2500 -0.3029
vn 0.9108 -0.2444 -0.3328
vn 0.9259 -0.2562 -0.2776
vn 0.9224 -0.2677 -0.2783
vn 0.9147 -0.2675 -0.3029
vn 0.9276 -0.2725 -0.2553
vn 0.8976 -0.3671 -0.2442
vn 0.8913 -0.3678 -0.2652
vn 0.9040 -0.3663 -0.2205
vn 0.7990 -0.5737 -0.1801
vn 0.7825 -0.5876 -0.2059
vn 0.9178 -0.3430 -0.1998
vn 0.8145 -0.5563 -0.1646
vn 0.9210 -0.3413 -0.1879
vn 0.8183 -0.5510 -0.1638
vn 0.9243 -0.3426 -0.1682
vn 0.8245 -0.5470 -0.1450
vn 0.9311 -0.3334 -0.1478
vn 0.8363 -0.5356 -0.1173
vn 0.9359 -0.3234 -0.1398
vn 0.8456 -0.5203 -0.1191
vn 0.9361 -0.3212 -0.1433
vn 0.8483 -0.5095 -0.1443
vn 0.9337 -0.3349 -0.1270
vn 0.8471 -0.5130 -0.1385
vn 0.7685 -0.2402 -0.5931
vn 0.1378 -0.0617 -0.9885
vn -0.0052 0.0028 -1.0000
vn -0.0008 0.0022 -1.0000
vn -0.0007 -0.0035 -1.0000
vn 0.0038 0.0017 -1.0000
vn 0.0059 -0.0049 -1.0000
vn 0.0137 0.0030 -0.9999
vn -0.6847 0.2176 -0.6956
vn -0.9529 0.2833 0.1086
vn -0.9294 0.2785 0.2423
vn -0.9300 0.2749 0.2440
vn -0.9285 0.2753 0.2493
vn -0.9266 0.2712 0.2604
vn -0.9434 0.2756 0.1845
vn -0.9470 0.2564 0.1934
vn -0.9470 0.2762 0.1638
vn -0.9524 0.2550 0.1669
vn -0.9452 0.2750 0.1763
vn -0.9486 0.2607 0.1794
vn -0.9474 0.2677 0.1753
vn -0.9445 0.2649 0.1943
vn -0.9424 0.2720 0.1946
vn -0.9460 0.2605 0.1929
vn -0.9428 0.2584 0.2107
vn -0.9415 0.2607 0.2133
vn -0.9410 0.2495 0.2288
vn -0.9389 0.2553 0.2308
vn -0.9429 0.2455 0.2253
vn -0.9396 0.2389 0.2451
vn -0.9381 0.2415 0.2481
vn -0.9357 0.2324 0.2656
vn -0.9350 0.2308 0.2693
vn -0.9311 0.2227 0.2890
vn -0.9298 0.2208 0.2945
vn -0.9244 0.2134 0.3162
vn -0.9236 0.2099 0.3209
vn -0.9176 0.1986 0.3444
vn -0.9156 0.2018 0.3479
vn -0.9197 0.1978 0.3391
vn -0.9098 0.1841 0.3721
vn -0.9069 0.1899 0.3762
vn -0.9121 0.1818 0.3674
vn -0.8985 0.1711 0.4043
vn -0.8957 0.1771 0.4079
vn -0.9013 0.1658 0.4002
vn -0.8851 0.1551 0.4388
vn -0.8817 0.1640 0.4425
vn -0.8884 0.1443 0.4359
vn -0.8677 0.1385 0.4775
vn -0.8645 0.1497 0.4798
vn -0.8707 0.1226 0.4764
vn -0.8464 0.1194 0.5190
vn -0.8442 0.1340 0.5190
vn -0.8518 0.0783 0.5180
vn -0.8321 0.0554 0.5518
vn -0.8224 0.1152 0.5571
vn -0.8443 -0.0765 0.5304
vn -0.8198 -0.1187 0.5602
vn -0.8106 0.0373 0.5844
vn -0.8105 -0.2765 0.5164
vn -0.7798 -0.2896 0.5550
vn -0.7977 -0.1494 0.5843
vn -0.8002 -0.3066 0.5154
vn -0.7792 -0.2701 0.5657
vn -0.7800 -0.1131 0.6155
vn -0.7739 -0.0667 0.6298
vn -0.7704 -0.2566 0.5836
vn -0.7591 0.0226 0.6505
vn -0.7674 0.0202 0.6408
vn -0.7705 -0.0458 0.6358
vn -0.7736 -0.0852 0.6279
vn -0.7682 -0.1111 0.6305
vn -0.7601 0.0148 0.6497
vn -0.7688 -0.2155 0.6021
vn -0.7346 -0.2423 0.6337
vn -0.7368 -0.1167 0.6659
vn -0.7513 -0.1352 0.6459
vn -0.7103 -0.2186 0.6690
vn -0.6857 -0.2709 0.6757
vn -0.7090 0.1450 0.6901
vn -0.6862 0.0703 0.7241
vn -0.6697 -0.2991 0.6797
vn -0.5849 0.4408 0.6808
vn -0.5493 0.4444 0.7077
vn -0.6829 -0.0222 0.7302
vn -0.4691 0.5718 0.6731
vn -0.4492 0.5798 0.6798
vn -0.5155 0.4555 0.7258
vn -0.4667 0.5593 0.6852
vn -0.4383 0.5824 0.6846
vn -0.4955 0.4588 0.7375
vn -0.4568 0.5011 0.7350
vn -0.4364 0.5467 0.7146
vn -0.4428 0.5904 0.6748
vn -0.4091 0.5940 0.6927
vn -0.4439 0.5893 0.6751
vn -0.3608 0.6435 0.6751
vn -0.4263 0.5924 0.6836
vn -0.2902 0.6885 0.6646
vn -0.3695 0.5981 0.7112
vn -0.3031 0.6204 0.7233
vn -0.2344 0.6579 0.7157
vn -0.2265 0.6927 0.6847
vn -0.3288 0.3924 0.8590
vn -0.2433 0.4518 0.8583
vn -0.2006 0.6568 0.7269
vn -0.4002 -0.0802 0.9129
vn -0.2832 -0.0128 0.9590
vn -0.3967 -0.5010 0.7692
vn -0.2929 -0.4807 0.8266
vn -0.3616 -0.7041 0.6111
vn -0.3046 -0.7232 0.6198
vn -0.3549 -0.8121 0.4632
vn -0.3355 -0.8463 0.4138
vn -0.3772 -0.8561 0.3533
vn -0.3798 -0.8864 0.2648
vn -0.3802 -0.8715 0.3098
vn -0.4398 -0.8739 0.2069
vn -0.4782 -0.7625 0.4358
vn -0.5296 -0.7978 0.2880
vn -0.6276 -0.4705 0.6202
vn -0.6222 -0.5753 0.5309
vn -0.7318 -0.3010 0.6114
vn -0.8130 0.0454 0.5805
vn -0.6446 -0.1102 0.7565
vn -0.9772 -0.0880 0.1933
vn -0.9665 0.2250 0.1237
vn -0.9187 0.3722 0.1321
vn -0.7809 0.2541 0.5706
vn -0.8273 0.5106 0.2341
vn -0.7447 0.4045 0.5309
vn -0.8164 0.5773 -0.0110
vn -0.7244 0.6853 0.0743
vn -0.7004 0.6468 0.3018
vn -0.7361 0.6759 -0.0363
vn -0.7861 0.5738 0.2299
vn -0.7861 0.5737 0.2300
vn -0.7891 0.4856 0.3762
vn -0.6401 0.4124 0.6482
vn 0.7513 0.0407 -0.6587
vn 0.7526 0.0620 -0.6555
vn 0.7420 0.0620 -0.6675
vn 0.7283 0.0649 -0.6822
vn 0.7279 0.0421 -0.6844
vn 0.7614 0.0609 -0.6455
vn 0.7624 0.0626 -0.6441
vn 0.7631 0.0398 -0.6451
vn 0.7619 0.0586 -0.6450
vn 0.7520 0.0077 -0.6591
vn 0.7274 0.0092 -0.6861
vn 0.7664 0.0090 -0.6423
vn 0.7660 0.0223 -0.6424
vn 0.7511 -0.0207 -0.6598
vn 0.7238 -0.0168 -0.6898
vn 0.7689 -0.0202 -0.6391
vn 0.7681 -0.0029 -0.6404
vn 0.7503 -0.0523 -0.6591
vn 0.7174 -0.0531 -0.6947
vn 0.7772 -0.0447 -0.6277
vn 0.7735 -0.0324 -0.6330
vn 0.7586 -0.0761 -0.6472
vn 0.7096 -0.0984 -0.6977
vn 0.7936 -0.0609 -0.6053
vn 0.7902 -0.0432 -0.6113
vn 0.7776 -0.0888 -0.6225
vn 0.7113 -0.1116 -0.6940
vn 0.8074 -0.0654 -0.5864
vn 0.7917 -0.0814 -0.6054
vn 0.7238 -0.1028 -0.6823
vn 0.8094 -0.0889 -0.5806
vn 0.7367 -0.1117 -0.6670
vn 0.8254 -0.0749 -0.5596
vn 0.7462 -0.0883 -0.6598
vn 0.8280 -0.0334 -0.5597
vn 0.7514 -0.0345 -0.6589
vn 0.8333 0.0329 -0.5519
vn 0.7549 0.0336 -0.6550
vn 0.8298 0.0906 -0.5506
vn 0.7554 0.1047 -0.6468
vn 0.8101 0.0814 -0.5806
vn 0.7581 0.1029 -0.6440
vn 0.8026 0.0459 -0.5947
vn 0.7593 0.0601 -0.6479
vn 0.7938 0.0127 -0.6080
vn 0.7574 0.0245 -0.6525
vn 0.8292 0.0027 -0.5589
vn 0.8265 -0.0443 -0.5612
vn 0.7870 -0.0362 -0.6158
vn 0.8571 -0.0503 -0.5126
vn 0.8513 -0.1226 -0.5102
vn 0.8132 -0.1102 -0.5715
vn 0.8713 -0.1186 -0.4762
vn 0.8711 -0.1792 -0.4573
vn 0.8378 -0.1759 -0.5168
vn 0.8795 -0.1661 -0.4460
vn 0.8673 -0.2397 -0.4363
vn 0.8536 -0.2291 -0.4679
vn 0.8700 -0.2399 -0.4307
vn 0.8530 -0.2935 -0.4316
vn 0.8500 -0.2756 -0.4490
vn 0.8588 -0.3053 -0.4114
vn 0.8656 -0.2766 -0.4174
vn 0.8541 -0.2697 -0.4448
vn 0.8780 -0.2802 -0.3881
vn 0.8878 -0.2384 -0.3937
vn 0.8730 -0.2370 -0.4262
vn 0.9008 -0.2392 -0.3623
vn 0.8953 -0.2579 -0.3631
vn 0.8833 -0.2544 -0.3938
vn 0.9049 -0.2657 -0.3325
vn 0.8743 -0.3628 -0.3225
vn 0.8651 -0.3598 -0.3495
vn 0.8821 -0.3719 -0.2891
vn 0.7773 -0.5789 -0.2464
vn 0.7690 -0.5751 -0.2791
vn 0.7814 -0.5835 -0.2212
vn 0.5192 -0.8446 -0.1307
vn 0.5317 -0.8331 -0.1525
vn 0.5186 -0.8459 -0.1246
vn 0.1898 -0.9813 -0.0309
vn 0.1852 -0.9824 -0.0226
vn 0.5207 -0.8476 -0.1019
vn 0.1699 -0.9852 -0.0217
vn 0.5082 -0.8563 -0.0924
vn 0.1491 -0.9887 -0.0180
vn 0.5156 -0.8510 -0.1000
vn 0.1547 -0.9876 -0.0265
vn 0.5218 -0.8486 -0.0877
vn 0.1637 -0.9862 -0.0225
vn 0.5250 -0.8489 -0.0619
vn 0.1606 -0.9869 -0.0138
vn 0.5391 -0.8401 -0.0603
vn 0.1487 -0.9888 -0.0108
vn 0.5469 -0.8326 -0.0874
vn 0.1485 -0.9888 -0.0177
vn 0.5667 -0.8142 -0.1261
vn 0.1844 -0.9825 -0.0245
vn -0.0006 -1.0000 0.0099
vn -0.0062 -0.9999 0.0123
vn -0.0565 -0.8618 -0.5041
vn -0.1382 -0.9044 -0.4037
vn -0.1446 -0.9888 0.0358
vn -0.0104 -0.1390 -0.9902
vn 0.0066 -0.1876 -0.9822
vn -0.6532 -0.7491 0.1100
vn -0.7333 -0.6282 0.2601
vn -0.1562 -0.9842 0.0835
vn -0.9594 -0.0133 0.2816
vn -0.9479 0.0651 0.3118
vn -0.9704 0.0814 0.2275
vn -0.8166 -0.5109 0.2685
vn -0.9785 0.0784 0.1907
vn -0.8991 -0.3868 0.2050
vn -0.9755 0.1208 0.1838
vn -0.9335 -0.3091 0.1815
vn -0.9666 0.1572 0.2024
vn -0.9424 -0.2552 0.2163
vn -0.9449 0.2603 0.1985
vn -0.9412 0.2598 0.2162
vn -0.9599 0.1631 0.2280
vn -0.9388 0.2700 0.2138
vn -0.9352 0.2653 0.2344
vn -0.9374 0.2532 0.2392
vn -0.9336 0.2518 0.2551
vn -0.9343 0.2436 0.2602
vn -0.9351 0.2501 0.2510
vn -0.9315 0.2403 0.2731
vn -0.9303 0.2402 0.2771
vn -0.9266 0.2306 0.2970
vn -0.9268 0.2220 0.3029
vn -0.9197 0.2203 0.3251
vn -0.9211 0.2055 0.3307
vn -0.9121 0.2069 0.3540
vn -0.9137 0.1877 0.3605
vn -0.9024 0.1888 0.3874
vn -0.9034 0.1737 0.3921
vn -0.9036 0.1939 0.3820
vn -0.8912 0.1773 0.4176
vn -0.8888 0.1791 0.4218
vn -0.8930 0.1794 0.4127
vn -0.8763 0.1665 0.4520
vn -0.8743 0.1692 0.4549
vn -0.8786 0.1675 0.4472
vn -0.8591 0.1549 0.4877
vn -0.8571 0.1591 0.4900
vn -0.8616 0.1545 0.4834
vn -0.8390 0.1442 0.5246
vn -0.8369 0.1477 0.5271
vn -0.8418 0.1420 0.5208
vn -0.8161 0.1321 0.5627
vn -0.8140 0.1361 0.5647
vn -0.8183 0.1305 0.5597
vn -0.7908 0.1202 0.6001
vn -0.7886 0.1258 0.6019
vn -0.7949 0.1056 0.5975
vn -0.7711 0.0842 0.6311
vn -0.7644 0.1143 0.6346
vn -0.7826 0.0076 0.6225
vn -0.7632 -0.0441 0.6447
vn -0.7510 0.0718 0.6564
vn -0.7710 -0.1921 0.6072
vn -0.7532 -0.2479 0.6093
vn -0.7530 -0.0786 0.6533
vn -0.7663 -0.3080 0.5638
vn -0.7493 -0.3321 0.5729
vn -0.7700 -0.2322 0.5942
vn -0.7507 -0.2358 0.6172
vn -0.7261 -0.3539 0.5896
vn -0.7630 -0.0249 0.6459
vn -0.7461 -0.0132 0.6657
vn -0.7368 -0.2375 0.6330
vn -0.7345 0.0054 0.6786
vn -0.6944 0.0538 0.7176
vn -0.7203 0.0142 0.6935
vn -0.6757 -0.1364 0.7244
vn -0.6271 -0.1258 0.7687
vn -0.6238 0.1239 0.7717
vn -0.6174 -0.3211 0.7181
vn -0.5840 -0.3960 0.7086
vn -0.5837 -0.1150 0.8038
vn -0.6143 -0.4155 0.6708
vn -0.5694 -0.5372 0.6223
vn -0.5711 -0.4097 0.7113
vn -0.6569 -0.1211 0.7442
vn -0.5791 -0.1692 0.7975
vn -0.5241 -0.5601 0.6416
vn -0.4833 0.4431 0.7550
vn -0.4824 0.3569 0.7999
vn -0.5387 -0.1817 0.8227
vn -0.4470 0.5597 0.6978
vn -0.4539 0.5359 0.7119
vn -0.4682 0.4682 0.7494
vn -0.5008 0.2668 0.8234
vn -0.4478 0.4448 0.7757
vn -0.5170 0.1671 0.8395
vn -0.3716 0.4457 0.8144
vn -0.4644 0.1130 0.8784
vn -0.2861 0.6046 0.7433
vn -0.2346 0.6108 0.7562
vn -0.3096 0.4670 0.8283
vn -0.1862 0.6926 0.6969
vn -0.1950 0.6956 0.6915
vn -0.2272 0.6270 0.7452
vn -0.1963 0.6725 0.7136
vn -0.1481 0.7031 0.6955
vn -0.1671 0.7025 0.6918
vn -0.2165 0.5336 0.8175
vn -0.1601 0.5861 0.7943
vn -0.2645 0.1135 0.9577
vn -0.2341 0.2060 0.9501
vn -0.2651 -0.4576 0.8487
vn -0.2977 -0.4258 0.8545
vn -0.2629 -0.7753 0.5743
vn -0.2840 -0.8009 0.5271
vn -0.2719 -0.8953 0.3528
vn -0.2643 -0.9184 0.2943
vn -0.2920 -0.9313 0.2179
vn -0.2648 -0.9528 0.1487
vn -0.3489 -0.9221 0.1675
vn -0.3022 -0.9487 0.0928
vn -0.4483 -0.8654 0.2239
vn -0.3833 -0.9089 0.1646
vn -0.5697 -0.6879 0.4497
vn -0.5032 -0.7710 0.3903
vn -0.6273 -0.3846 0.6772
vn -0.5683 -0.4739 0.6726
vn -0.6451 -0.2859 0.7086
vn -0.6228 -0.0127 0.7823
vn -0.5722 -0.0710 0.8170
vn -0.6669 0.0553 0.7431
vn -0.6445 0.2254 0.7306
vn -0.5777 0.1211 0.8073
vn -0.6303 0.3460 0.6950
vn -0.5377 0.2105 0.8164
vn -0.6796 0.5058 0.5313
vn -0.6221 0.6050 0.4969
vn -0.5939 0.4404 0.6733
vn -0.5990 0.7365 0.3141
vn -0.6036 0.7395 0.2981
vn -0.6268 0.7029 0.3362
vn -0.6158 0.7534 0.2305
vn -0.5840 0.7812 0.2207
vn -0.6399 0.7364 0.2196
vn -0.3408 0.3785 0.8606
vn -0.3423 0.4114 0.8447
vn -0.3814 0.4327 0.8169
vn -0.3677 0.3575 0.8585
vn -0.3471 0.3235 0.8803
vn -0.4193 0.4470 0.7902
vn -0.4802 0.4669 0.7426
vn -0.4686 0.4673 0.7497
vn -0.4554 0.3730 0.8084
vn -0.3991 0.2733 0.8752
vn -0.5554 0.5009 0.6638
vn -0.3710 0.2432 0.8962
vn -0.4229 0.2184 0.8795
vn -0.3839 0.2194 0.8969
vn -0.5104 0.2789 0.8134
vn -0.4652 0.1614 0.8704
vn -0.4333 0.1960 0.8797
vn -0.5066 0.1172 0.8542
vn -0.4877 0.1112 0.8659
vn -0.4357 0.2310 0.8699
vn -0.4818 0.0690 0.8736
vn -0.4166 0.2581 0.8717
vn -0.3970 0.2698 0.8773
vn -0.4107 0.1943 0.8908
vn -0.3917 0.2679 0.8802
vn -0.3704 0.2955 0.8806
vn -0.3602 0.3185 0.8768
vn -0.3446 0.3286 0.8794
vn -0.3527 0.3581 0.8645
vn -0.3338 0.3469 0.8765
vn -0.3662 0.3497 0.8623
vn -0.3401 0.3823 0.8592
vn -0.3467 0.3836 0.8560
vn -0.3420 0.3826 0.8583
vn -0.3446 0.3871 0.8552
vn -0.3437 0.3855 0.8563
vn -0.3431 0.3941 0.8526
vn 0.7068 0.0432 -0.7061
vn 0.7065 0.0664 -0.7046
vn 0.6965 0.0665 -0.7145
vn 0.6880 0.0620 -0.7231
vn 0.6887 0.0478 -0.7234
vn 0.7161 0.0672 -0.6948
vn 0.7030 0.0125 -0.7111
vn 0.6895 0.0106 -0.7242
vn 0.7063 -0.0160 -0.7078
vn 0.6927 -0.0223 -0.7209
vn 0.7058 -0.0445 -0.7070
vn 0.6884 -0.0339 -0.7245
vn 0.6900 -0.0675 -0.7206
vn 0.6739 -0.0450 -0.7375
vn 0.6625 -0.0979 -0.7426
vn 0.6568 -0.0669 -0.7511
vn 0.6540 -0.1029 -0.7494
vn 0.6395 -0.0898 -0.7636
vn 0.6519 -0.1203 -0.7487
vn 0.6237 -0.1158 -0.7730
vn 0.6604 -0.0914 -0.7454
vn 0.6203 -0.0973 -0.7783
vn 0.6662 -0.0350 -0.7449
vn 0.6264 -0.0377 -0.7786
vn 0.6674 0.0276 -0.7442
vn 0.6397 0.0118 -0.7685
vn 0.6833 0.0790 -0.7259
vn 0.6640 0.0471 -0.7462
vn 0.7094 0.0797 -0.7002
vn 0.6857 0.0510 -0.7261
vn 0.7224 0.0510 -0.6896
vn 0.7033 0.0321 -0.7102
vn 0.7309 0.0256 -0.6820
vn 0.7128 0.0155 -0.7012
vn 0.7313 -0.0098 -0.6820
vn 0.7100 -0.0149 -0.7041
vn 0.7518 -0.0112 -0.6593
vn 0.7411 -0.0550 -0.6692
vn 0.7325 -0.0490 -0.6790
vn 0.7726 -0.0685 -0.6312
vn 0.7557 -0.0957 -0.6479
vn 0.7372 -0.0803 -0.6709
vn 0.7933 -0.1203 -0.5968
vn 0.7789 -0.1240 -0.6148
vn 0.7509 -0.1053 -0.6520
vn 0.8216 -0.1501 -0.5499
vn 0.8033 -0.1519 -0.5759
vn 0.7757 -0.1223 -0.6192
vn 0.8372 -0.1939 -0.5114
vn 0.8236 -0.1727 -0.5403
vn 0.8001 -0.1384 -0.5837
vn 0.8447 -0.2214 -0.4873
vn 0.8413 -0.1892 -0.5064
vn 0.8209 -0.1627 -0.5475
vn 0.8581 -0.2193 -0.4643
vn 0.8519 -0.2316 -0.4696
vn 0.8316 -0.2225 -0.5088
vn 0.8686 -0.2469 -0.4297
vn 0.8360 -0.3586 -0.4154
vn 0.8193 -0.3512 -0.4533
vn 0.8522 -0.3604 -0.3794
vn 0.7595 -0.5602 -0.3308
vn 0.7402 -0.5657 -0.3634
vn 0.7692 -0.5612 -0.3055
vn 0.5489 -0.8095 -0.2085
vn 0.5435 -0.8081 -0.2270
vn 0.5505 -0.8125 -0.1917
vn 0.2012 -0.9785 -0.0452
vn 0.2065 -0.9767 -0.0581
vn 0.2081 -0.9773 -0.0395
vn -0.2238 -0.9668 0.1234
vn -0.2202 -0.9673 0.1259
vn -0.2260 -0.9680 0.1089
vn -0.6790 -0.6877 0.2570
vn -0.6925 -0.6638 0.2826
vn -0.1775 -0.9809 0.0789
vn -0.6507 -0.7278 0.2164
vn -0.1569 -0.9861 0.0540
vn -0.6298 -0.7562 0.1775
vn -0.1474 -0.9877 0.0515
vn -0.5890 -0.7905 0.1680
vn -0.0977 -0.9946 0.0340
vn -0.5233 -0.8404 0.1406
vn -0.0703 -0.9973 0.0195
vn -0.4658 -0.8786 0.1056
vn -0.0509 -0.9986 0.0153
vn -0.3855 -0.9157 0.1134
vn -0.0220 -0.9996 0.0171
vn -0.2712 -0.9596 0.0749
vn -0.9398 -0.2414 0.2420
vn -0.9512 -0.1836 0.2480
vn -0.9543 0.1616 0.2515
vn -0.9464 0.1784 0.2693
vn -0.9443 -0.1631 0.2859
vn -0.9431 0.1368 0.3031
vn -0.9350 -0.1510 0.3210
vn -0.9308 0.2306 0.2835
vn -0.9275 0.2056 0.3122
vn -0.9402 0.0865 0.3295
vn -0.9235 0.1760 0.3409
vn -0.9341 0.0127 0.3569
vn -0.9173 0.1429 0.3718
vn -0.9237 -0.0378 0.3813
vn -0.9079 0.1178 0.4022
vn -0.9097 -0.0738 0.4086
vn -0.8949 0.0865 0.4378
vn -0.8915 -0.0995 0.4420
vn -0.8888 0.1632 0.4283
vn -0.8731 0.1407 0.4668
vn -0.8788 0.0681 0.4723
vn -0.8721 0.1653 0.4605
vn -0.8539 0.1521 0.4978
vn -0.8551 0.1341 0.5009
vn -0.8544 0.1584 0.4950
vn -0.8320 0.1480 0.5347
vn -0.8309 0.1458 0.5370
vn -0.8336 0.1503 0.5315
vn -0.8088 0.1362 0.5721
vn -0.8064 0.1399 0.5745
vn -0.8114 0.1372 0.5682
vn -0.7852 0.1270 0.6061
vn -0.7831 0.1301 0.6081
vn -0.7864 0.1286 0.6042
vn -0.7613 0.1226 0.6367
vn -0.7604 0.1246 0.6374
vn -0.7627 0.1191 0.6357
vn -0.7398 0.1156 0.6628
vn -0.7396 0.1204 0.6622
vn -0.7414 0.1076 0.6624
vn -0.7244 0.0957 0.6827
vn -0.7212 0.1141 0.6832
vn -0.7310 0.0506 0.6805
vn -0.7207 0.0055 0.6932
vn -0.7104 0.0882 0.6982
vn -0.7306 -0.1330 0.6697
vn -0.7215 -0.1903 0.6657
vn -0.7126 -0.0199 0.7013
vn -0.7261 -0.3020 0.6177
vn -0.7043 -0.3540 0.6153
vn -0.7058 -0.3750 0.6010
vn -0.6942 -0.4056 0.5946
vn -0.6910 -0.3953 0.6052
vn -0.7446 -0.2257 0.6282
vn -0.7361 -0.1705 0.6550
vn -0.6864 -0.4317 0.5853
vn -0.7021 0.1163 0.7025
vn -0.6104 0.2722 0.7439
vn -0.6964 -0.1388 0.7041
vn -0.5726 0.2236 0.7887
vn -0.5513 0.3069 0.7758
vn -0.5632 0.3443 0.7512
vn -0.5810 -0.0967 0.8081
vn -0.5838 -0.0342 0.8112
vn -0.5317 0.3347 0.7780
vn -0.5486 -0.4253 0.7199
vn -0.5578 -0.3778 0.7390
vn -0.5730 -0.0111 0.8195
vn -0.4944 -0.5617 0.6633
vn -0.5078 -0.4967 0.7038
vn -0.5415 -0.3380 0.7698
vn -0.5110 -0.2398 0.8254
vn -0.5177 -0.2883 0.8055
vn -0.4842 -0.4973 0.7199
vn -0.4680 -0.3448 0.8137
vn -0.4474 -0.4873 0.7499
vn -0.4335 -0.3807 0.8168
vn -0.4157 -0.4784 0.7735
vn -0.4276 0.1037 0.8980
vn -0.3938 0.1278 0.9103
vn -0.3945 -0.4001 0.8272
vn -0.2971 0.5141 0.8046
vn -0.2357 0.5504 0.8010
vn -0.3195 0.1190 0.9401
vn -0.1920 0.6450 0.7397
vn -0.1128 0.6382 0.7616
vn -0.1331 0.5537 0.8220
vn -0.0983 0.7010 0.7064
vn -0.0578 0.6833 0.7278
vn -0.0642 0.6272 0.7762
vn -0.1022 0.7029 0.7039
vn -0.0596 0.6978 0.7138
vn -0.1301 0.6055 0.7852
vn -0.0751 0.6038 0.7936
vn -0.2115 0.2202 0.9522
vn -0.1242 0.2423 0.9622
vn -0.2603 -0.4275 0.8657
vn -0.1782 -0.4463 0.8769
vn -0.2418 -0.8250 0.5109
vn -0.1710 -0.8508 0.4969
vn -0.2144 -0.9370 0.2758
vn -0.1525 -0.9515 0.2671
vn -0.1978 -0.9694 0.1456
vn -0.1442 -0.9804 0.1341
vn -0.2048 -0.9740 0.0971
vn -0.1541 -0.9844 0.0855
vn -0.2628 -0.9509 0.1636
vn -0.1889 -0.9701 0.1527
vn -0.3708 -0.8455 0.3843
vn -0.2615 -0.8848 0.3857
vn -0.4623 -0.5816 0.6694
vn -0.3399 -0.6534 0.6764
vn -0.4966 -0.2312 0.8366
vn -0.3802 -0.3335 0.8627
vn -0.5495 -0.1422 0.8233
vn -0.3943 0.0091 0.9189
vn -0.2333 -0.0812 0.9690
vn -0.2101 -0.3648 0.9071
vn -0.2560 0.1346 0.9573
vn -0.0000 0.1091 0.9940
vn -0.0000 -0.0993 0.9951
vn -0.2609 0.2617 0.9292
vn -0.0000 0.2471 0.9690
vn -0.2460 0.3096 0.9185
vn -0.0000 0.3215 0.9469
vn -0.2213 0.3454 0.9120
vn -0.0000 0.3596 0.9331
vn -0.2137 0.3601 0.9081
vn -0.0000 0.3736 0.9276
vn -0.1101 0.3711 0.9220
vn -0.2989 0.3448 0.8898
vn -0.0000 -0.3760 0.9266
vn -0.0000 -0.6898 0.7240
vn -0.1874 -0.6769 0.7119
vn -0.0000 -0.9112 0.4120
vn -0.1414 -0.9016 0.4087
vn -0.0000 -0.9876 0.1570
vn -0.1015 -0.9810 0.1653
vn -0.0000 -0.9967 0.0809
vn -0.0743 -0.9936 0.0849
vn -0.0000 -0.9908 0.1357
vn -0.0682 -0.9888 0.1329
vn -0.0000 -0.9660 0.2586
vn -0.0718 -0.9612 0.2663
vn -0.0000 -0.8745 0.4851
vn -0.0685 -0.8643 0.4983
vn -0.0000 -0.4709 0.8822
vn -0.0593 -0.4648 0.8834
vn -0.0000 0.2498 0.9683
vn -0.0321 0.2367 0.9711
vn -0.0000 0.6276 0.7785
vn -0.0281 0.6153 0.7878
vn -0.0000 0.7122 0.7020
vn -0.0360 0.6981 0.7151
vn -0.0000 0.6965 0.7175
vn -0.0489 0.6855 0.7264
vn -0.0000 0.6366 0.7712
vn -0.0650 0.6288 0.7748
vn -0.0000 0.5581 0.8298
vn -0.0754 0.5621 0.8237
vn -0.0000 0.1978 0.9802
vn -0.0939 0.1885 0.9776
vn -0.0000 -0.3698 0.9291
vn -0.0908 -0.3672 0.9257
vn -0.0000 -0.4346 0.9006
vn -0.0944 -0.4345 0.8957
vn -0.0000 -0.2441 0.9698
vn -0.1076 -0.2487 0.9626
vn -0.0000 0.1201 0.9928
vn -0.1144 0.1253 0.9855
vn -0.0000 0.3756 0.9268
vn -0.0979 0.3996 0.9115
vn -0.0000 0.4329 0.9015
vn -0.0776 0.4453 0.8920
vn -0.0000 0.2505 0.9681
vn -0.0701 0.2497 0.9658
vn -0.0000 -0.3604 0.9328
vn -0.0597 -0.3713 0.9266
vn -0.0000 -0.7096 0.7046
vn -0.0440 -0.7188 0.6939
vn -0.0000 -0.7576 0.6527
vn -0.0425 -0.7601 0.6484
vn -0.0000 -0.7470 0.6648
vn -0.0342 -0.7413 0.6703
vn -0.0000 -0.6099 0.7925
vn -0.0279 -0.6047 0.7959
vn -0.0000 -0.3107 0.9505
vn -0.0475 -0.3142 0.9481
vn -0.0000 -0.0180 0.9998
vn -0.0708 -0.0200 0.9973
vn -0.0000 0.1015 0.9948
vn -0.0781 0.1013 0.9918
vn -0.0000 0.1328 0.9911
vn -0.0786 0.1337 0.9879
vn -0.0000 0.1367 0.9906
vn -0.0766 0.1380 0.9875
vn -0.0000 0.1335 0.9911
vn -0.0741 0.1381 0.9876
vn -0.0703 0.1277 0.9893
vn -0.0000 0.0642 0.9979
vn -0.0635 0.0824 0.9946
vn -0.0000 -0.0665 0.9978
vn -0.0561 -0.0431 0.9975
vn -0.0000 -0.3613 0.9324
vn -0.0447 -0.3471 0.9367
vn -0.0000 -0.7443 0.6678
vn -0.0249 -0.7644 0.6443
vn -0.0000 -0.9604 0.2787
vn -0.0093 -0.9688 0.2477
vn -0.0000 -0.9998 0.0202
vn -0.0028 -1.0000 0.0036
vn -0.0000 -0.9846 -0.1749
vn 0.0031 -0.9821 -0.1883
vn -0.0000 -0.8976 -0.4407
vn 0.0184 -0.8940 -0.4476
vn -0.0000 -0.6346 -0.7729
vn 0.0445 -0.6434 -0.7643
vn -0.0000 -0.3249 -0.9458
vn 0.0671 -0.3283 -0.9422
vn -0.0000 -0.1916 -0.9815
vn 0.0750 -0.1918 -0.9786
vn -0.0000 -0.1840 -0.9829
vn 0.0719 -0.1832 -0.9804
vn -0.0000 -0.1937 -0.9811
vn 0.0675 -0.1905 -0.9794
vn -0.0000 -0.1998 -0.9798
vn 0.0636 -0.1990 -0.9779
vn -0.0000 -0.2237 -0.9747
vn 0.0572 -0.2197 -0.9739
vn -0.0000 -0.2386 -0.9711
vn 0.0485 -0.2355 -0.9707
vn -0.0000 -0.2259 -0.9741
vn 0.0475 -0.2290 -0.9723
vn -0.0000 -0.1894 -0.9819
vn 0.0462 -0.1883 -0.9810
vn -0.0000 -0.1164 -0.9932
vn 0.0453 -0.1178 -0.9920
vn -0.0000 -0.0548 -0.9985
vn 0.0484 -0.0555 -0.9973
vn -0.0000 -0.0259 -0.9997
vn 0.0496 -0.0268 -0.9984
vn -0.0000 -0.0199 -0.9998
vn 0.0502 -0.0201 -0.9985
vn -0.0000 -0.0188 -0.9998
vn 0.0496 -0.0173 -0.9986
vn -0.0000 -0.0150 -0.9999
vn 0.0468 -0.0144 -0.9988
vn -0.0000 -0.0165 -0.9999
vn 0.0447 -0.0144 -0.9989
vn 0.0441 -0.0133 -0.9989
vn -0.0000 -0.0085 -1.0000
vn 0.0445 -0.0103 -0.9990
vn -0.0000 -0.0071 -1.0000
vn 0.0474 -0.0098 -0.9988
vn -0.0000 -0.0072 -1.0000
vn 0.0485 -0.0080 -0.9988
vn -0.0000 -0.0060 -1.0000
vn 0.0494 -0.0067 -0.9988
vn -0.0000 -0.0062 -1.0000
vn 0.0565 -0.0059 -0.9984
vn 0.0283 -0.0066 -0.9996
vn 0.6618 0.0443 -0.7484
vn 0.6591 0.0559 -0.7499
vn 0.6421 0.0559 -0.7646
vn 0.6219 0.0547 -0.7812
vn 0.6233 0.0410 -0.7809
vn 0.6750 0.0552 -0.7357
vn 0.6645 0.0085 -0.7472
vn 0.6278 0.0063 -0.7783
vn 0.6645 -0.0241 -0.7469
vn 0.6307 -0.0250 -0.7756
vn 0.6658 -0.0297 -0.7455
vn 0.6355 -0.0318 -0.7714
vn 0.6633 -0.0343 -0.7475
vn 0.6392 -0.0299 -0.7685
vn 0.6535 -0.0554 -0.7549
vn 0.6327 -0.0458 -0.7731
vn 0.6452 -0.0735 -0.7604
vn 0.6262 -0.0676 -0.7767
vn 0.6329 -0.0985 -0.7680
vn 0.6174 -0.0836 -0.7822
vn 0.6183 -0.0872 -0.7811
vn 0.6086 -0.0713 -0.7902
vn 0.6151 -0.0371 -0.7876
vn 0.6046 -0.0337 -0.7958
vn 0.6183 -0.0015 -0.7859
vn 0.6052 -0.0100 -0.7960
vn 0.6331 0.0214 -0.7738
vn 0.6158 0.0024 -0.7879
vn 0.6534 0.0274 -0.7565
vn 0.6250 0.0099 -0.7806
vn 0.6646 0.0091 -0.7471
vn 0.6276 -0.0135 -0.7784
vn 0.6868 0.0041 -0.7269
vn 0.6264 -0.0011 -0.7795
vn 0.6760 -0.0036 -0.7369
vn 0.6176 0.0210 -0.7862
vn 0.6565 -0.0472 -0.7529
vn 0.6109 -0.0327 -0.7910
vn 0.7109 -0.0591 -0.7008
vn 0.7105 -0.0764 -0.6995
vn 0.6549 -0.0794 -0.7515
vn 0.7345 -0.0782 -0.6741
vn 0.7298 -0.0881 -0.6780
vn 0.7101 -0.0803 -0.6995
vn 0.7336 -0.0969 -0.6727
vn 0.7296 -0.1069 -0.6755
vn 0.7257 -0.0994 -0.6808
vn 0.7472 -0.1123 -0.6551
vn 0.7460 -0.1163 -0.6557
vn 0.7273 -0.1146 -0.6767
vn 0.7727 -0.1208 -0.6231
vn 0.7696 -0.1296 -0.6252
vn 0.7453 -0.1227 -0.6553
vn 0.7961 -0.1394 -0.5889
vn 0.7870 -0.1766 -0.5912
vn 0.7641 -0.1639 -0.6240
vn 0.8111 -0.1969 -0.5508
vn 0.7761 -0.3218 -0.5423
vn 0.7596 -0.3004 -0.5769
vn 0.7966 -0.3472 -0.4949
vn 0.6949 -0.5709 -0.4373
vn 0.6718 -0.5674 -0.4762
vn 0.7212 -0.5651 -0.4006
vn 0.5119 -0.8135 -0.2761
vn 0.4828 -0.8204 -0.3064
vn 0.5346 -0.8061 -0.2538
vn 0.2267 -0.9693 -0.0951
vn 0.2188 -0.9696 -0.1095
vn 0.2268 -0.9707 -0.0789
vn -0.1504 -0.9847 0.0885
vn -0.1270 -0.9880 0.0879
vn -0.1770 -0.9788 0.1035
vn -0.5857 -0.7666 0.2633
vn -0.5492 -0.7925 0.2653
vn -0.6395 -0.7119 0.2903
vn -0.8960 -0.2621 0.3586
vn -0.8614 -0.3542 0.3642
vn -0.9208 -0.1772 0.3476
vn -0.8294 -0.4082 0.3814
vn -0.8051 -0.4279 0.4107
vn -0.4926 -0.8279 0.2683
vn -0.7514 -0.5066 0.4227
vn -0.4707 -0.8380 0.2758
vn -0.8697 -0.1381 0.4739
vn -0.8527 -0.1599 0.4973
vn -0.7410 -0.5180 0.4273
vn -0.8610 0.0549 0.5057
vn -0.8363 0.0517 0.5458
vn -0.8283 -0.1536 0.5388
vn -0.8305 0.1302 0.5416
vn -0.8056 0.1140 0.5814
vn -0.8093 0.0381 0.5862
vn -0.8051 0.1341 0.5778
vn -0.7815 0.1298 0.6103
vn -0.7824 0.1126 0.6125
vn -0.7818 0.1326 0.6092
vn -0.7596 0.1283 0.6376
vn -0.7593 0.1266 0.6383
vn -0.7603 0.1262 0.6372
vn -0.7393 0.1258 0.6615
vn -0.7393 0.1262 0.6614
vn -0.7395 0.1235 0.6618
vn -0.7204 0.1236 0.6825
vn -0.7205 0.1254 0.6820
vn -0.7204 0.1204 0.6830
vn -0.7033 0.1186 0.7009
vn -0.7029 0.1237 0.7005
vn -0.7047 0.1106 0.7009
vn -0.6896 0.1016 0.7170
vn -0.6865 0.1155 0.7179
vn -0.6940 0.0757 0.7160
vn -0.6786 0.0458 0.7331
vn -0.6720 0.0960 0.7343
vn -0.6873 -0.0667 0.7234
vn -0.6906 -0.1316 0.7112
vn -0.6641 0.0329 0.7469
vn -0.6951 -0.2634 0.6689
vn -0.6793 -0.3412 0.6497
vn -0.6597 -0.4550 0.5981
vn -0.6074 -0.5177 0.6025
vn -0.6396 -0.4063 0.6525
vn -0.6434 -0.4683 0.6056
vn -0.6240 -0.4632 0.6294
vn -0.5928 -0.5422 0.5954
vn -0.6763 -0.0641 0.7338
vn -0.6328 0.0497 0.7727
vn -0.6013 -0.4640 0.6505
vn -0.5241 0.4236 0.7388
vn -0.5020 0.4666 0.7282
vn -0.5884 0.1220 0.7993
vn -0.5266 0.3766 0.7622
vn -0.5011 0.4188 0.7573
vn -0.4936 0.4802 0.7251
vn -0.5558 0.0488 0.8299
vn -0.5006 0.1280 0.8562
vn -0.4333 0.4806 0.7624
vn -0.4997 -0.3256 0.8027
vn -0.4800 -0.3194 0.8170
vn -0.4667 0.1516 0.8713
vn -0.4417 -0.2882 0.8496
vn -0.4342 0.1693 0.8848
vn -0.3881 -0.3089 0.8683
vn -0.3773 0.1569 0.9127
vn -0.3686 -0.4934 0.7878
vn -0.2873 -0.5048 0.8140
vn -0.3103 -0.3222 0.8943
vn -0.2946 -0.4422 0.8471
vn -0.2131 -0.4308 0.8769
vn -0.2216 -0.5047 0.8343
vn -0.1907 0.0999 0.9765
vn -0.1250 0.1596 0.9792
vn -0.1535 -0.3861 0.9096
vn -0.0752 0.5479 0.8332
vn -0.1635 -0.4612 0.8721
vn -0.2138 -0.2757 0.9372
vn -0.2503 -0.3265 0.9114
vn -0.2849 0.1333 0.9492
vn -0.2357 0.1324 0.9628
vn -0.3131 0.1015 0.9443
vn -0.2656 0.4640 0.8451
vn -0.2574 0.4544 0.8528
vn -0.3074 0.4973 0.8113
vn -0.2665 0.5605 0.7841
vn -0.2472 0.5231 0.8156
vn -0.3419 0.5355 0.7722
vn -0.3031 0.5927 0.7462
vn -0.3712 0.2959 0.8801
vn -0.3093 0.2965 0.9036
vn -0.3539 0.5973 0.7197
vn -0.3683 0.5545 0.7462
vn -0.4696 0.2827 0.8364
vn -0.4831 -0.4169 0.7700
vn -0.3754 -0.4240 0.8242
vn -0.5725 0.2083 0.7930
vn -0.4553 0.5563 0.6951
vn -0.5774 -0.4148 0.7033
vn -0.4714 -0.6492 0.5969
vn -0.3945 -0.6870 0.6102
vn -0.5678 -0.4056 0.7163
vn -0.5949 0.1647 0.7868
vn -0.4999 -0.6087 0.6162
vn -0.4737 -0.6224 0.6231
vn -0.4531 -0.6627 0.5963
vn -0.5166 -0.5898 0.6207
vn -0.5727 -0.4423 0.6902
vn -0.5059 -0.5901 0.6292
vn -0.5129 -0.4555 0.7276
vn -0.5088 -0.5158 0.6893
vn -0.5673 -0.5157 0.6420
vn -0.5599 -0.5749 0.5967
vn -0.5769 -0.3787 0.7237
vn -0.5600 -0.1230 0.8193
vn -0.5499 -0.2040 0.8099
vn -0.6273 -0.2682 0.7311
vn -0.6029 -0.4712 0.6437
vn -0.5974 -0.0560 0.8000
vn -0.5971 0.0690 0.7992
vn -0.5689 0.0634 0.8200
vn -0.6413 -0.0027 0.7673
vn -0.6424 -0.2038 0.7387
vn -0.6274 0.0808 0.7745
vn -0.6259 0.0985 0.7737
vn -0.5982 0.0955 0.7956
vn -0.6519 0.0882 0.7531
vn -0.6496 0.1034 0.7532
vn -0.6462 0.1163 0.7542
vn -0.6245 0.1108 0.7731
vn -0.6686 0.1108 0.7354
vn -0.6665 0.1218 0.7355
vn -0.6658 0.1271 0.7352
vn -0.6453 0.1257 0.7535
vn -0.6852 0.1228 0.7179
vn -0.6849 0.1275 0.7174
vn -0.6849 0.1303 0.7169
vn -0.6657 0.1308 0.7346
vn -0.7030 0.1264 0.6999
vn -0.7032 0.1291 0.6991
vn -0.7035 0.1302 0.6987
vn -0.6855 0.1299 0.7164
vn -0.7209 0.1266 0.6814
vn -0.7213 0.1298 0.6804
vn -0.7229 0.1208 0.6803
vn -0.7048 0.1232 0.6986
vn -0.7399 0.1247 0.6611
vn -0.7416 0.1167 0.6606
vn -0.7484 0.0482 0.6615
vn -0.7285 0.0631 0.6821
vn -0.7605 0.1110 0.6397
vn -0.7659 0.0362 0.6419
vn -0.7582 -0.1866 0.6247
vn -0.7407 -0.1657 0.6511
vn -0.7879 0.0251 0.6152
vn -0.7721 -0.2141 0.5983
vn -0.6412 -0.5896 0.4913
vn -0.6291 -0.5888 0.5075
vn -0.7915 -0.1941 0.5795
vn -0.6602 -0.5713 0.4875
vn -0.3675 -0.8888 0.2737
vn -0.3483 -0.9005 0.2605
vn -0.7132 -0.5280 0.4611
vn -0.3941 -0.8823 0.2572
vn -0.0991 -0.9930 0.0646
vn -0.0922 -0.9935 0.0669
vn -0.4705 -0.8409 0.2674
vn -0.1037 -0.9927 0.0618
vn 0.2018 -0.9708 -0.1300
vn 0.1632 -0.9797 -0.1168
vn -0.1269 -0.9885 0.0828
vn 0.1336 -0.9851 -0.1082
vn 0.4447 -0.8357 -0.3223
vn 0.4085 -0.8544 -0.3213
vn 0.1282 -0.9852 -0.1141
vn 0.3914 -0.8587 -0.3309
vn -0.0915 -0.9939 0.0617
vn -0.0760 -0.9960 0.0467
vn 0.1213 -0.9865 -0.1102
vn -0.3286 -0.9097 0.2540
vn -0.3270 -0.9065 0.2672
vn -0.0742 -0.9964 0.0401
vn -0.6188 -0.5771 0.5329
vn -0.6285 -0.5469 0.5530
vn -0.3316 -0.9029 0.2734
vn -0.7283 -0.1622 0.6658
vn -0.7150 -0.1099 0.6904
vn -0.6198 -0.5383 0.5711
vn -0.7097 0.0766 0.7003
vn -0.6917 0.0771 0.7181
vn -0.6939 -0.1098 0.7116
vn -0.6860 0.1244 0.7169
vn -0.6676 0.1287 0.7333
vn -0.6744 0.0801 0.7340
vn -0.6663 0.1290 0.7344
vn -0.6455 0.1345 0.7518
vn -0.6482 0.1304 0.7502
vn -0.6448 0.1316 0.7530
vn -0.6225 0.1359 0.7707
vn -0.6228 0.1383 0.7700
vn -0.6227 0.1233 0.7727
vn -0.5987 0.1225 0.7915
vn -0.5980 0.1347 0.7901
vn -0.6000 0.1065 0.7929
vn -0.5699 0.1063 0.8148
vn -0.5702 0.1195 0.8127
vn -0.5694 0.0971 0.8163
vn -0.5287 0.1060 0.8421
vn -0.5354 0.1046 0.8381
vn -0.5191 0.0399 0.8538
vn -0.4993 -0.0218 0.8661
vn -0.4949 0.1095 0.8620
vn -0.5069 -0.2802 0.8152
vn -0.4623 -0.3835 0.7995
vn -0.4699 -0.0521 0.8812
vn -0.4489 -0.5915 0.6697
vn -0.3508 -0.6602 0.6641
vn -0.4015 -0.4270 0.8102
vn -0.3599 -0.7110 0.6042
vn -0.2713 -0.7352 0.6212
vn -0.2918 -0.6766 0.6761
vn -0.2873 -0.7163 0.6359
vn -0.2480 -0.7154 0.6532
vn -0.2468 -0.7314 0.6357
vn -0.3054 -0.4478 0.8404
vn -0.2942 -0.3911 0.8721
vn -0.2383 -0.7078 0.6650
vn -0.2758 0.2879 0.9171
vn -0.2550 0.2849 0.9240
vn -0.2518 -0.3801 0.8900
vn -0.2341 0.5231 0.8195
vn -0.1812 0.4657 0.8662
vn -0.1727 0.2801 0.9443
vn -0.2030 0.4272 0.8811
vn -0.1520 -0.3829 0.9112
vn -0.1053 -0.7241 0.6816
vn -0.1898 -0.7166 0.6711
vn -0.1685 -0.7369 0.6547
vn -0.0969 -0.7543 0.6493
vn -0.2376 -0.7156 0.6568
vn -0.2458 -0.6867 0.6842
vn -0.1713 -0.7014 0.6918
vn -0.2725 -0.6827 0.6779
vn -0.3159 -0.5163 0.7961
vn -0.2853 -0.5334 0.7963
vn -0.3453 -0.4957 0.7969
vn -0.3696 -0.1665 0.9141
vn -0.3616 -0.2191 0.9062
vn -0.4103 -0.1225 0.9037
vn -0.4124 0.0988 0.9056
vn -0.3798 0.0807 0.9215
vn -0.4542 0.1116 0.8839
vn -0.4630 0.1252 0.8775
vn -0.4180 0.1324 0.8987
vn -0.5010 0.1160 0.8577
vn -0.5045 0.1223 0.8547
vn -0.4657 0.1273 0.8757
vn -0.5394 0.1203 0.8334
vn -0.5392 0.1334 0.8316
vn -0.5054 0.1341 0.8524
vn -0.5695 0.1344 0.8109
vn -0.5706 0.1432 0.8087
vn -0.5390 0.1454 0.8297
vn -0.5980 0.1367 0.7897
vn -0.5988 0.1402 0.7885
vn -0.5712 0.1462 0.8077
vn -0.6237 0.1394 0.7691
vn -0.6294 0.1061 0.7698
vn -0.6036 0.1055 0.7903
vn -0.6536 0.0951 0.7508
vn -0.6684 -0.0755 0.7400
vn -0.6415 -0.0721 0.7637
vn -0.6810 -0.0999 0.7254
vn -0.6073 -0.5053 0.6131
vn -0.5870 -0.5470 0.5968
vn -0.6058 -0.5186 0.6034
vn -0.3177 -0.9031 0.2888
vn -0.3166 -0.9071 0.2774
vn -0.3145 -0.9114 0.2653
vn -0.0881 -0.9949 0.0500
vn -0.0874 -0.9950 0.0479
vn -0.0905 -0.9944 0.0549
vn 0.0599 -0.9931 -0.1007
vn 0.0449 -0.9961 -0.0758
vn 0.1275 -0.9822 -0.1377
vn 0.3282 -0.8857 -0.3285
vn 0.2778 -0.9096 -0.3089
vn 0.3754 -0.8681 -0.3247
vn 0.6162 -0.5806 -0.5321
vn 0.5847 -0.5919 -0.5548
vn 0.6370 -0.5562 -0.5338
vn 0.7392 -0.2794 -0.6128
vn 0.7247 -0.2738 -0.6323
vn 0.6507 -0.5661 -0.5060
vn 0.6902 -0.3189 -0.6495
vn 0.7405 -0.1620 -0.6522
vn 0.7189 -0.1700 -0.6739
vn 0.6673 -0.3218 -0.6716
vn 0.7035 -0.1694 -0.6902
vn 0.5459 -0.6173 -0.5665
vn 0.4959 -0.6916 -0.5252
vn 0.6517 -0.3491 -0.6734
vn 0.2488 -0.9284 -0.2760
vn 0.2009 -0.9457 -0.2555
vn 0.4594 -0.7169 -0.5243
vn 0.0245 -0.9973 -0.0691
vn 0.0157 -0.9971 -0.0748
vn 0.1781 -0.9496 -0.2581
vn -0.1063 -0.9925 0.0602
vn -0.0702 -0.9975 0.0109
vn 0.0017 -0.9972 -0.0753
vn -0.2877 -0.9234 0.2541
vn -0.2085 -0.9622 0.1753
vn -0.0588 -0.9983 0.0036
vn -0.5417 -0.5950 0.5938
vn -0.4931 -0.6372 0.5922
vn -0.1891 -0.9672 0.1696
vn -0.6134 -0.0806 0.7857
vn -0.5918 -0.0807 0.8020
vn -0.4805 -0.6442 0.5951
vn -0.5779 0.1088 0.8088
vn -0.5451 0.1405 0.8265
vn -0.5571 -0.0412 0.8294
vn -0.5402 0.1494 0.8282
vn -0.5067 0.1532 0.8484
vn -0.5109 0.1355 0.8489
vn -0.5063 0.1476 0.8496
vn -0.4690 0.1471 0.8708
vn -0.4685 0.1531 0.8701
vn -0.4692 0.1367 0.8725
vn -0.4265 0.1387 0.8938
vn -0.4274 0.1456 0.8923
vn -0.4250 0.1319 0.8956
vn -0.3750 0.1401 0.9164
vn -0.3790 0.1400 0.9148
vn -0.3707 0.1383 0.9184
vn -0.3204 0.1306 0.9382
vn -0.3216 0.1414 0.9363
vn -0.3266 0.0487 0.9439
vn -0.2886 -0.0038 0.9574
vn -0.2691 0.1227 0.9553
vn -0.2973 -0.2690 0.9161
vn -0.2029 -0.3043 0.9307
vn -0.2125 -0.0224 0.9769
vn -0.1801 -0.5657 0.8047
vn -0.0938 -0.5906 0.8015
vn -0.1108 -0.3151 0.9426
vn -0.0911 -0.7236 0.6841
vn -0.1421 -0.0267 0.9895
vn -0.1468 0.1035 0.9837
vn -0.2082 0.1080 0.9721
vn -0.2075 0.1428 0.9678
vn -0.1455 0.1383 0.9796
vn -0.2638 0.1439 0.9538
vn -0.2657 0.1454 0.9530
vn -0.2068 0.1472 0.9672
vn -0.3239 0.1433 0.9352
vn -0.3246 0.1450 0.9347
vn -0.2674 0.1462 0.9524
vn -0.3803 0.1446 0.9135
vn -0.3793 0.1458 0.9137
vn -0.3254 0.1420 0.9348
vn -0.4276 0.1504 0.8914
vn -0.4252 0.1236 0.8966
vn -0.3798 0.1117 0.9183
vn -0.4698 0.1450 0.8708
vn -0.4806 0.0002 0.8770
vn -0.4260 -0.0075 0.9047
vn -0.5208 -0.0395 0.8528
vn -0.4643 -0.5425 0.7001
vn -0.4272 -0.4996 0.7536
vn -0.4703 -0.6090 0.6387
vn -0.1843 -0.9672 0.1747
vn -0.1889 -0.9576 0.2176
vn -0.1963 -0.9661 0.1675
vn -0.0586 -0.9981 -0.0165
vn -0.0529 -0.9983 -0.0224
vn -0.0577 -0.9983 -0.0058
vn -0.0256 -0.9985 -0.0474
vn -0.0392 -0.9983 -0.0434
vn -0.0247 -0.9989 -0.0386
vn 0.0579 -0.9826 -0.1764
vn 0.0492 -0.9876 -0.1490
vn 0.1337 -0.9598 -0.2469
vn 0.3084 -0.8131 -0.4937
vn 0.2722 -0.8476 -0.4555
vn 0.3997 -0.7637 -0.5069
vn 0.5623 -0.4507 -0.6933
vn 0.5211 -0.4624 -0.7174
vn 0.6150 -0.3927 -0.6837
vn 0.6580 -0.1916 -0.7282
vn 0.6242 -0.2222 -0.7490
vn 0.6873 -0.1734 -0.7054
vn 0.6995 -0.1074 -0.7065
vn 0.6685 -0.1109 -0.7354
vn 0.7108 -0.1223 -0.6927
vn 0.7195 -0.1010 -0.6871
vn 0.7047 -0.0842 -0.7045
vn 0.7241 -0.1264 -0.6780
vn 0.6667 -0.0833 -0.7407
vn 0.7077 -0.0826 -0.7016
vn 0.6628 -0.0835 -0.7442
vn 0.6260 -0.1097 -0.7721
vn 0.6180 -0.0932 -0.7806
vn 0.6326 -0.1299 -0.7635
vn 0.6110 -0.1510 -0.7771
vn 0.6037 -0.1297 -0.7866
vn 0.5933 -0.2458 -0.7665
vn 0.5786 -0.2152 -0.7867
vn 0.5935 -0.1465 -0.7914
vn 0.5131 -0.4499 -0.7310
vn 0.4802 -0.5014 -0.7197
vn 0.5551 -0.2264 -0.8003
vn 0.2754 -0.8455 -0.4574
vn 0.2202 -0.8719 -0.4374
vn 0.4507 -0.4925 -0.7445
vn 0.0175 -0.9907 -0.1348
vn 0.0015 -0.9934 -0.1151
vn 0.2068 -0.8801 -0.4275
vn -0.0480 -0.9982 -0.0362
vn -0.0390 -0.9986 -0.0351
vn 0.0131 -0.9932 -0.1157
vn -0.0626 -0.9980 0.0017
vn -0.0645 -0.9974 0.0319
vn -0.0300 -0.9991 -0.0302
vn -0.1690 -0.9541 0.2474
vn -0.2120 -0.8962 0.3897
vn -0.0740 -0.9950 0.0671
vn -0.3663 -0.5063 0.7807
vn -0.3363 -0.4591 0.8223
vn -0.1928 -0.8892 0.4150
vn -0.3765 -0.0151 0.9263
vn -0.3230 -0.0556 0.9448
vn -0.2859 -0.4588 0.8413
vn -0.3262 0.0968 0.9403
vn -0.2713 0.0983 0.9575
vn -0.2734 -0.0472 0.9607
vn -0.2695 0.1399 0.9528
vn -0.2075 0.1371 0.9686
vn -0.2098 0.0962 0.9730
vn -0.2071 0.1493 0.9669
vn -0.1411 0.1418 0.9798
vn -0.1406 0.1367 0.9806
vn -0.1441 0.1449 0.9789
vn -0.1400 0.0975 0.9853
vn -0.1427 -0.0310 0.9893
vn -0.2127 -0.0391 0.9763
vn -0.2101 -0.3606 0.9087
vn -0.1359 -0.3419 0.9299
vn -0.2539 -0.4093 0.8763
vn -0.1720 -0.8247 0.5387
vn -0.1451 -0.7936 0.5909
vn -0.1752 -0.8570 0.4847
vn -0.0713 -0.9888 0.1308
vn -0.0688 -0.9813 0.1795
vn -0.0649 -0.9947 0.0794
vn -0.0207 -0.9993 -0.0320
vn -0.0178 -0.9996 -0.0229
vn -0.0305 -0.9991 -0.0290
vn 0.0455 -0.9867 -0.1564
vn 0.0444 -0.9837 -0.1745
vn 0.0231 -0.9919 -0.1250
vn 0.2021 -0.8804 -0.4290
vn 0.1986 -0.8736 -0.4443
vn 0.2057 -0.8834 -0.4210
vn 0.4049 -0.5232 -0.7499
vn 0.3817 -0.5457 -0.7460
vn 0.4393 -0.4869 -0.7549
vn 0.5015 -0.2139 -0.8383
vn 0.4701 -0.2313 -0.8517
vn 0.5301 -0.2063 -0.8224
vn 0.5415 -0.1484 -0.8275
vn 0.5095 -0.1462 -0.8479
vn 0.5675 -0.1596 -0.8078
vn 0.5634 -0.1756 -0.8073
vn 0.5429 -0.1646 -0.8235
vn 0.5861 -0.1693 -0.7923
vn 0.5753 -0.1433 -0.8053
vn 0.5686 -0.1534 -0.8082
vn 0.5894 -0.1233 -0.7984
vn 0.5854 -0.0990 -0.8047
vn 0.5775 -0.1021 -0.8100
vn 0.6073 -0.0943 -0.7889
vn 0.6072 -0.0804 -0.7905
vn 0.5878 -0.0799 -0.8051
vn 0.6586 -0.0818 -0.7480
vn 0.5801 -0.0811 -0.8105
vn 0.5881 -0.0420 -0.8077
vn 0.5789 -0.0529 -0.8136
vn 0.5802 -0.0795 -0.8106
vn 0.5785 -0.0600 -0.8135
vn 0.5767 -0.1024 -0.8105
vn 0.5705 -0.0922 -0.8161
vn 0.5749 -0.0798 -0.8143
vn 0.5556 -0.1420 -0.8192
vn 0.5069 -0.1277 -0.8525
vn 0.5108 -0.0848 -0.8555
vn 0.5068 -0.1472 -0.8494
vn 0.4582 -0.1777 -0.8709
vn 0.4470 -0.1380 -0.8838
vn 0.4732 -0.1549 -0.8672
vn 0.4374 -0.1837 -0.8803
vn 0.4372 -0.1858 -0.8800
vn 0.4404 -0.2501 -0.8623
vn 0.4046 -0.2841 -0.8692
vn 0.4097 -0.1910 -0.8920
vn 0.3571 -0.5562 -0.7504
vn 0.3015 -0.5848 -0.7531
vn 0.3633 -0.2934 -0.8843
vn 0.1815 -0.8644 -0.4689
vn 0.1536 -0.8746 -0.4599
vn 0.2640 -0.5874 -0.7650
vn 0.0457 -0.9817 -0.1847
vn 0.0460 -0.9806 -0.1907
vn 0.1365 -0.8762 -0.4623
vn -0.0143 -0.9998 -0.0155
vn -0.0125 -0.9999 -0.0072
vn 0.0370 -0.9810 -0.1905
vn -0.0719 -0.9720 0.2236
vn -0.0423 -0.9720 0.2310
vn -0.0070 -0.9998 -0.0160
vn -0.1013 -0.7639 0.6373
vn 0.0230 -0.9798 -0.1988
vn 0.0645 -0.8908 -0.4497
vn 0.1068 -0.8852 -0.4529
vn 0.1799 -0.6239 -0.7605
vn 0.1149 -0.6333 -0.7653
vn 0.2287 -0.6129 -0.7564
vn 0.2661 -0.2958 -0.9174
vn 0.2139 -0.3185 -0.9235
vn 0.3180 -0.2808 -0.9056
vn 0.3292 -0.1876 -0.9254
vn 0.2743 -0.1818 -0.9443
vn 0.3750 -0.1910 -0.9071
vn 0.3770 -0.1745 -0.9096
vn 0.3317 -0.1762 -0.9268
vn 0.4113 -0.1754 -0.8945
vn 0.4100 -0.1767 -0.8948
vn 0.3767 -0.1732 -0.9100
vn 0.4382 -0.1613 -0.8843
vn 0.4032 -0.1369 -0.9048
vn 0.4041 -0.1646 -0.8998
vn 0.4378 -0.0948 -0.8940
vn 0.4142 -0.0933 -0.9054
vn 0.3832 -0.1269 -0.9149
vn 0.5116 -0.0795 -0.8556
vn 0.5152 -0.0742 -0.8539
vn 0.4118 -0.0748 -0.9082
vn 0.5743 -0.0716 -0.8155
vn 0.5703 -0.0324 -0.8208
vn 0.5209 -0.0420 -0.8526
vn 0.5679 -0.0275 -0.8226
vn 0.5676 0.0098 -0.8233
vn 0.5661 -0.0065 -0.8243
vn 0.5673 -0.0100 -0.8234
vn 0.5454 0.0036 -0.8382
vn 0.5697 0.0073 -0.8218
vn 0.5658 0.0166 -0.8244
vn 0.5737 -0.0065 -0.8191
vn 0.5738 0.0162 -0.8189
vn 0.5801 -0.0024 -0.8145
vn 0.5872 0.0109 -0.8093
vn 0.5613 0.0107 -0.8276
vn 0.5524 -0.0035 -0.8336
vn 0.5571 -0.0118 -0.8304
vn 0.5390 -0.0161 -0.8422
vn 0.5820 -0.0076 -0.8132
vn 0.5797 -0.0128 -0.8147
vn 0.5552 -0.0132 -0.8316
vn 0.5289 -0.0148 -0.8486
vn 0.5604 -0.0173 -0.8280
vn 0.5224 -0.0140 -0.8526
vn 0.5796 -0.0268 -0.8144
vn 0.5940 -0.0602 -0.8022
vn 0.5662 -0.0405 -0.8232
vn 0.5293 -0.0265 -0.8480
vn 0.5830 -0.0603 -0.8102
vn 0.5408 -0.0493 -0.8397
vn 0.6032 -0.0743 -0.7941
vn 0.6080 -0.0615 -0.7916
vn 0.5865 -0.0558 -0.8080
vn 0.5513 -0.0544 -0.8325
vn 0.5839 -0.0435 -0.8107
vn 0.5584 -0.0440 -0.8284
vn 0.6136 -0.0372 -0.7887
vn 0.6112 -0.0358 -0.7907
vn 0.5805 -0.0429 -0.8131
vn 0.5590 -0.0430 -0.8280
vn 0.5800 -0.0415 -0.8135
vn 0.5607 -0.0416 -0.8270
vn 0.6019 -0.0411 -0.7975
vn 0.6026 -0.0254 -0.7976
vn 0.5797 -0.0280 -0.8144
vn 0.5612 -0.0290 -0.8272
vn 0.5762 -0.0062 -0.8173
vn 0.5609 -0.0084 -0.8278
vn 0.6001 -0.0008 -0.7999
vn 0.5909 0.0352 -0.8060
vn 0.5735 0.0253 -0.8188
vn 0.5560 0.0169 -0.8310
vn 0.5704 0.0391 -0.8205
vn 0.5547 0.0258 -0.8316
vn 0.5478 0.0240 -0.8363
vn 0.5869 0.0520 -0.8080
vn 0.5736 0.0521 -0.8175
vn 0.6000 0.0512 -0.7983
vn 0.5148 0.0398 -0.8564
vn 0.5166 0.0360 -0.8555
vn 0.5159 0.0346 -0.8560
vn 0.5053 0.0227 -0.8626
vn 0.5087 0.0194 -0.8607
vn 0.5294 0.0239 -0.8480
vn 0.5386 0.0094 -0.8425
vn 0.5124 0.0043 -0.8587
vn 0.5392 0.0163 -0.8420
vn 0.5420 -0.0104 -0.8403
vn 0.5131 -0.0095 -0.8583
vn 0.5398 -0.0275 -0.8413
vn 0.5113 -0.0249 -0.8590
vn 0.5381 -0.0389 -0.8420
vn 0.5125 -0.0430 -0.8576
vn 0.5402 -0.0430 -0.8404
vn 0.5073 -0.0432 -0.8607
vn 0.5382 -0.0417 -0.8418
vn 0.4943 -0.0273 -0.8689
vn 0.5261 -0.0336 -0.8498
vn 0.4712 -0.0101 -0.8820
vn 0.4990 -0.0246 -0.8662
vn 0.4482 0.0024 -0.8939
vn 0.4803 -0.0127 -0.8770
vn 0.4396 -0.0003 -0.8982
vn 0.4756 -0.0135 -0.8796
vn 0.4372 -0.0123 -0.8993
vn 0.4779 -0.0294 -0.8779
vn 0.4370 -0.0379 -0.8987
vn 0.4943 -0.0370 -0.8685
vn 0.4419 -0.0614 -0.8949
vn 0.5157 -0.0249 -0.8564
vn 0.4643 -0.0581 -0.8837
vn 0.5385 -0.0093 -0.8426
vn 0.4884 -0.0567 -0.8708
vn 0.5192 -0.0308 -0.8541
vn 0.3903 -0.0699 -0.9180
vn 0.3831 -0.0824 -0.9200
vn 0.4110 -0.0395 -0.9108
vn 0.3145 -0.0722 -0.9465
vn 0.3082 -0.0752 -0.9483
vn 0.3430 -0.0881 -0.9352
vn 0.3448 -0.1404 -0.9281
vn 0.3064 -0.0871 -0.9479
vn 0.3825 -0.1651 -0.9091
vn 0.3677 -0.1876 -0.9108
vn 0.3424 -0.1630 -0.9253
vn 0.3763 -0.1789 -0.9090
vn 0.3275 -0.1808 -0.9274
vn 0.3273 -0.1943 -0.9247
vn 0.3303 -0.1750 -0.9275
vn 0.2736 -0.1839 -0.9441
vn 0.2702 -0.1872 -0.9444
vn 0.2767 -0.1756 -0.9448
vn 0.2109 -0.1756 -0.9616
vn 0.2138 -0.1845 -0.9593
vn 0.2119 -0.1816 -0.9603
vn 0.1476 -0.1920 -0.9702
vn 0.1449 -0.1773 -0.9734
vn 0.1431 -0.3400 -0.9295
vn 0.1424 -0.1841 -0.9725
vn 0.1421 -0.1935 -0.9708
vn 0.2152 -0.1890 -0.9581
vn 0.2179 -0.2028 -0.9547
vn 0.1351 -0.2072 -0.9689
vn 0.2694 -0.2030 -0.9414
vn 0.2667 -0.2210 -0.9381
vn 0.2183 -0.2254 -0.9495
vn 0.3169 -0.2093 -0.9251
vn 0.2791 -0.1595 -0.9469
vn 0.2602 -0.1934 -0.9460
vn 0.3021 -0.1278 -0.9447
vn 0.2783 -0.0793 -0.9572
vn 0.2628 -0.0987 -0.9598
vn 0.2809 -0.0695 -0.9572
vn 0.3017 -0.0597 -0.9515
vn 0.2760 -0.0521 -0.9598
vn 0.3156 -0.0799 -0.9455
vn 0.3421 -0.0514 -0.9383
vn 0.3094 -0.0376 -0.9502
vn 0.3740 -0.0778 -0.9241
vn 0.3897 -0.0524 -0.9195
vn 0.3556 -0.0348 -0.9340
vn 0.3152 -0.0265 -0.9487
vn 0.3646 -0.0250 -0.9308
vn 0.3194 -0.0205 -0.9474
vn 0.4010 -0.0295 -0.9156
vn 0.4015 -0.0139 -0.9158
vn 0.3652 -0.0151 -0.9308
vn 0.3198 -0.0165 -0.9473
vn 0.3604 -0.0069 -0.9328
vn 0.3186 -0.0128 -0.9478
vn 0.3992 0.0040 -0.9169
vn 0.3974 0.0095 -0.9176
vn 0.3495 0.0086 -0.9369
vn 0.3093 -0.0089 -0.9509
vn 0.3349 0.0040 -0.9422
vn 0.2989 -0.0066 -0.9543
vn 0.4053 0.0120 -0.9141
vn 0.4218 -0.0171 -0.9065
vn 0.3323 0.0043 -0.9432
vn 0.2925 -0.0039 -0.9563
vn 0.3460 -0.0067 -0.9382
vn 0.2852 -0.0019 -0.9585
vn 0.4345 -0.0272 -0.9003
vn 0.4618 -0.0314 -0.8864
vn 0.3566 -0.0044 -0.9342
vn 0.2867 0.0032 -0.9580
vn 0.3791 -0.0026 -0.9253
vn 0.2870 0.0087 -0.9579
vn 0.4690 -0.0242 -0.8829
vn 0.4755 -0.0044 -0.8797
vn 0.3873 -0.0049 -0.9219
vn 0.2899 0.0092 -0.9570
vn 0.3840 -0.0139 -0.9232
vn 0.3072 -0.0070 -0.9516
vn 0.4724 0.0011 -0.8814
vn 0.4465 0.0064 -0.8948
vn 0.3733 -0.0256 -0.9274
vn 0.3240 -0.0240 -0.9458
vn 0.3642 -0.0286 -0.9309
vn 0.3204 -0.0460 -0.9462
vn 0.3171 -0.0385 -0.9476
vn 0.3167 -0.0383 -0.9478
vn 0.3314 -0.0264 -0.9431
vn 0.4311 0.0127 -0.9022
vn 0.3820 0.0126 -0.9241
vn 0.4828 0.0095 -0.8757
vn 0.4311 0.0126 -0.9022
vn 0.2476 0.0017 -0.9689
vn 0.2410 0.0010 -0.9705
vn 0.2316 0.0010 -0.9728
vn 0.2249 -0.0027 -0.9744
vn 0.2293 -0.0041 -0.9733
vn 0.2523 0.0048 -0.9676
vn 0.2568 0.0016 -0.9665
vn 0.2339 -0.0058 -0.9722
vn 0.2623 -0.0026 -0.9650
vn 0.2366 -0.0065 -0.9716
vn 0.2658 -0.0055 -0.9640
vn 0.2396 -0.0094 -0.9708
vn 0.2701 -0.0099 -0.9628
vn 0.2396 -0.0116 -0.9708
vn 0.2737 -0.0099 -0.9618
vn 0.2390 -0.0115 -0.9710
vn 0.2753 -0.0122 -0.9613
vn 0.2393 -0.0132 -0.9708
vn 0.2773 -0.0144 -0.9607
vn 0.2393 -0.0146 -0.9708
vn 0.2770 -0.0166 -0.9607
vn 0.2394 -0.0168 -0.9708
vn 0.2767 -0.0210 -0.9607
vn 0.2400 -0.0216 -0.9705
vn 0.2767 -0.0275 -0.9606
vn 0.2386 -0.0267 -0.9707
vn 0.2763 -0.0353 -0.9604
vn 0.2380 -0.0367 -0.9706
vn 0.2410 -0.0566 -0.9689
vn 0.2062 -0.0741 -0.9757
vn 0.1957 -0.0393 -0.9799
vn 0.2244 -0.1240 -0.9666
vn 0.1819 -0.1597 -0.9703
vn 0.1548 -0.0865 -0.9842
vn 0.2126 -0.2156 -0.9530
vn 0.1266 -0.2281 -0.9654
vn 0.1199 -0.1807 -0.9762
vn 0.1283 -0.2321 -0.9642
vn 0.0996 -0.1108 -0.9888
vn 0.0935 -0.0531 -0.9942
vn 0.1409 -0.0491 -0.9888
vn 0.1400 -0.0264 -0.9898
vn 0.0934 -0.0272 -0.9953
vn 0.1917 -0.0259 -0.9811
vn 0.1935 -0.0212 -0.9809
vn 0.1404 -0.0206 -0.9899
vn 0.0938 -0.0201 -0.9954
vn 0.1415 -0.0164 -0.9898
vn 0.0939 -0.0153 -0.9955
vn 0.1937 -0.0180 -0.9809
vn 0.1929 -0.0153 -0.9811
vn 0.1440 -0.0161 -0.9895
vn 0.0949 -0.0129 -0.9954
vn 0.1444 -0.0139 -0.9894
vn 0.0960 -0.0141 -0.9953
vn 0.1925 -0.0135 -0.9812
vn 0.1917 -0.0113 -0.9814
vn 0.1437 -0.0120 -0.9896
vn 0.0951 -0.0136 -0.9954
vn 0.1429 -0.0111 -0.9897
vn 0.0946 -0.0112 -0.9955
vn 0.1922 -0.0103 -0.9813
vn 0.1933 -0.0099 -0.9811
vn 0.1428 -0.0096 -0.9897
vn 0.0952 -0.0094 -0.9954
vn 0.1427 -0.0079 -0.9897
vn 0.0949 -0.0084 -0.9955
vn 0.1920 -0.0084 -0.9814
vn 0.1914 -0.0067 -0.9815
vn 0.1427 -0.0071 -0.9897
vn 0.0949 -0.0069 -0.9955
vn 0.1427 -0.0059 -0.9898
vn 0.0952 -0.0058 -0.9954
vn 0.1905 -0.0059 -0.9817
vn 0.1902 -0.0049 -0.9817
vn 0.1673 -0.0044 -0.9859
vn 0.1424 -0.0044 -0.9898
vn 0.2125 -0.0050 -0.9772
vn 0.1177 -0.0043 -0.9930
vn 0.0952 -0.0055 -0.9954
vn 0.0720 -0.0058 -0.9974
vn 0.0713 -0.0051 -0.9974
vn 0.0706 -0.0044 -0.9975
vn 0.2700 0.5182 0.8115
vn 0.3096 0.4670 0.8283
vn 0.3328 0.3926 0.8574
vn 0.2850 0.5232 0.8031
vn 0.4109 0.2865 0.8655
vn 0.3704 0.2954 0.8806
vn 0.3719 0.2728 0.8873
vn 0.4115 0.2901 0.8640
vn 0.4108 0.2864 0.8655
vn 0.4148 0.2845 0.8643
vn 0.4012 0.2949 0.8672
vn 0.3907 0.3088 0.8672
vn 0.3436 0.3219 0.8822
vn -0.7129 0.0088 -0.7012
vn -0.7208 0.0137 -0.6930
vn -0.7329 0.0134 -0.6802
vn -0.7313 -0.0097 -0.6820
vn -0.7100 -0.0149 -0.7040
vn -0.7428 0.0133 -0.6693
vn -0.7555 0.0046 -0.6551
vn -0.7518 -0.0112 -0.6593
vn -0.7411 -0.0550 -0.6691
vn -0.7326 -0.0491 -0.6789
vn -0.7698 -0.0201 -0.6380
vn -0.7562 -0.0532 -0.6522
vn -0.7509 -0.0689 -0.6568
vn -0.7755 -0.0077 -0.6313
vn -0.7766 -0.0084 -0.6299
vn -0.7775 -0.0066 -0.6288
vn -0.7501 -0.0829 -0.6561
vn -0.7519 -0.0952 -0.6524
vn -0.7372 -0.0803 -0.6709
vn -0.7753 -0.1260 -0.6189
vn -0.7509 -0.1055 -0.6519
vn -0.7655 -0.1054 -0.6347
vn -0.7948 -0.1463 -0.5890
vn -0.7968 -0.1396 -0.5879
vn -0.7969 -0.1391 -0.5878
vn -0.7996 -0.1339 -0.5854
vn -0.7757 -0.1221 -0.6192
vn 0.7761 0.1208 0.6190
vn 0.7584 0.1190 0.6409
vn 0.7561 0.1203 0.6433
vn 0.7733 0.1239 0.6218
vn 0.7401 0.1162 0.6624
vn 0.7396 0.1204 0.6622
vn 0.7498 0.1170 0.6512
vn 0.7489 0.1077 0.6539
vn 0.7519 0.1036 0.6511
vn 0.7376 0.1098 0.6663
vn 0.7244 0.0957 0.6828
vn 0.7212 0.1141 0.6832
vn 0.7313 0.1011 0.6745
vn 0.7394 0.0710 0.6696
vn 0.7309 0.0502 0.6806
vn 0.7207 0.0055 0.6932
vn 0.7105 0.0882 0.6982
vn 0.7271 -0.0249 0.6861
vn 0.7306 -0.1330 0.6697
vn 0.7528 0.0493 0.6564
vn 0.7514 0.0273 0.6593
vn 0.7635 0.0338 0.6450
vn 0.7216 -0.1903 0.6657
vn 0.7126 -0.0199 0.7013
vn 0.7067 -0.2689 0.6544
vn 0.7173 -0.3089 0.6245
vn 0.7148 -0.3153 0.6242
vn 0.7062 -0.2329 0.6686
vn 0.6842 -0.4490 0.5747
vn 0.6910 -0.3953 0.6052
vn 0.6678 -0.4395 0.6007
vn 0.5449 0.2431 0.8025
vn 0.4836 0.3720 0.7923
vn 0.5650 0.2292 0.7926
vn 0.5513 0.3069 0.7758
vn 0.5632 0.3443 0.7512
vn 0.5645 0.2291 0.7930
vn 0.5876 0.0969 0.8033
vn 0.5652 0.1214 0.8160
vn 0.5529 0.1452 0.8205
vn 0.5743 -0.0044 0.8186
vn 0.5624 -0.0039 0.8268
vn 0.5317 0.3347 0.7780
vn 0.5733 -0.3672 0.7325
vn 0.5807 -0.3274 0.7454
vn 0.5585 -0.3624 0.7462
vn 0.5396 -0.3055 0.7845
vn 0.5162 -0.4601 0.7224
vn 0.5578 -0.3778 0.7390
vn 0.5730 -0.0111 0.8195
vn 0.4954 -0.5716 0.6541
vn 0.5084 -0.5669 0.6482
vn 0.5055 -0.5587 0.6575
vn 0.4968 -0.5542 0.6678
vn 0.4803 -0.5560 0.6784
vn 0.4967 -0.4955 0.7126
vn 0.5415 -0.3380 0.7698
vn 0.4582 -0.5446 0.7025
vn 0.5158 -0.3380 0.7872
vn 0.4722 -0.5221 0.7102
vn 0.5110 -0.3313 0.7932
vn 0.4842 -0.4973 0.7199
vn 0.4970 0.0834 0.8637
vn 0.5080 0.0906 0.8566
vn 0.4966 0.0841 0.8639
vn 0.4680 -0.3448 0.8137
vn 0.4474 -0.4873 0.7499
vn 0.4737 -0.0346 0.8800
vn 0.4902 -0.0647 0.8692
vn 0.5406 -0.1380 0.8299
vn 0.4571 0.0296 0.8889
vn 0.4335 -0.3807 0.8168
vn 0.4156 -0.4786 0.7735
vn 0.4276 0.1037 0.8980
vn 0.3938 0.1278 0.9103
vn 0.3944 -0.4001 0.8273
vn 0.2971 0.5141 0.8046
vn 0.3605 0.3523 0.8637
vn 0.2357 0.5504 0.8010
vn 0.3195 0.1190 0.9401
vn 0.2442 0.6048 0.7580
vn 0.1920 0.6450 0.7397
vn 0.2574 0.5150 0.8176
vn 0.1127 0.6382 0.7616
vn 0.1331 0.5537 0.8220
vn 0.1589 0.6938 0.7024
vn 0.0983 0.7010 0.7064
vn 0.2055 0.6749 0.7087
vn 0.2121 0.6728 0.7087
vn 0.2133 0.6719 0.7093
vn 0.0579 0.6835 0.7276
vn 0.0642 0.6272 0.7762
vn 0.1020 0.7031 0.7038
vn 0.0595 0.6979 0.7137
vn 0.1175 0.7253 0.6783
vn 0.1160 0.7019 0.7028
vn 0.1300 0.6055 0.7851
vn 0.0751 0.6038 0.7936
vn 0.1197 0.6744 0.7286
vn 0.1424 0.5728 0.8072
vn 0.2115 0.2202 0.9522
vn 0.1242 0.2423 0.9622
vn 0.1424 0.5728 0.8073
vn 0.1589 0.4625 0.8723
vn 0.1916 0.3324 0.9235
vn 0.2678 -0.4446 0.8548
vn 0.1782 -0.4463 0.8769
vn 0.2774 -0.1072 0.9547
vn 0.2383 -0.8191 0.5218
vn 0.1710 -0.8508 0.4969
vn 0.2697 -0.6999 0.6614
vn 0.2875 -0.6993 0.6544
vn 0.2703 -0.6989 0.6621
vn 0.1925 -0.9293 0.3151
vn 0.1525 -0.9516 0.2669
vn 0.2284 -0.8965 0.3795
vn 0.2551 -0.8908 0.3760
vn 0.2295 -0.8957 0.3809
vn 0.1681 -0.9639 0.2063
vn 0.1654 -0.9739 0.1552
vn 0.1654 -0.9740 0.1552
vn 0.1441 -0.9804 0.1342
vn 0.1577 -0.9813 0.1103
vn 0.1616 -0.9823 0.0947
vn 0.1697 -0.9821 0.0815
vn 0.1294 -0.9872 0.0936
vn 0.3076 -0.3459 0.8864
vn 0.3342 -0.1386 0.9323
vn 0.3242 -0.0015 0.9460
vn 0.2333 -0.0812 0.9690
vn 0.2101 -0.3648 0.9071
vn 0.3149 0.1238 0.9410
vn 0.3467 0.1798 0.9206
vn 0.2560 0.1345 0.9573
vn 0.2609 0.2617 0.9292
vn 0.3676 0.2650 0.8914
vn 0.2460 0.3096 0.9185
vn 0.2213 0.3454 0.9120
vn 0.2156 0.3594 0.9079
vn 0.1106 0.3688 0.9229
vn 0.2988 0.3434 0.8904
vn 0.2988 0.3436 0.8903
vn 0.3022 0.3436 0.8892
vn 0.1875 -0.6768 0.7119
vn 0.1414 -0.9016 0.4087
vn 0.1015 -0.9810 0.1654
vn 0.0743 -0.9936 0.0849
vn 0.0682 -0.9888 0.1328
vn 0.0718 -0.9612 0.2663
vn 0.0685 -0.8643 0.4984
vn 0.0593 -0.4647 0.8835
vn 0.0321 0.2367 0.9711
vn 0.0281 0.6153 0.7878
vn 0.0360 0.6981 0.7151
vn 0.0489 0.6856 0.7264
vn 0.0650 0.6287 0.7749
vn 0.0754 0.5620 0.8237
vn 0.0939 0.1886 0.9776
vn 0.0908 -0.3672 0.9257
vn 0.0944 -0.4345 0.8957
vn 0.1076 -0.2487 0.9626
vn 0.1143 0.1252 0.9855
vn 0.0979 0.3996 0.9115
vn 0.0770 0.4454 0.8920
vn 0.0702 0.2497 0.9658
vn 0.0597 -0.3713 0.9266
vn 0.0440 -0.7187 0.6939
vn 0.0428 -0.7604 0.6481
vn 0.0340 -0.7412 0.6704
vn 0.0279 -0.6047 0.7959
vn 0.0475 -0.3142 0.9481
vn 0.0708 -0.0200 0.9973
vn 0.0781 0.1014 0.9918
vn 0.0786 0.1337 0.9879
vn 0.0766 0.1384 0.9874
vn 0.0741 0.1381 0.9876
vn 0.0704 0.1274 0.9894
vn 0.0635 0.0824 0.9946
vn 0.0561 -0.0431 0.9975
vn 0.0447 -0.3471 0.9367
vn 0.0249 -0.7643 0.6444
vn 0.0093 -0.9688 0.2477
vn 0.0028 -1.0000 0.0036
vn -0.0031 -0.9821 -0.1883
vn -0.0184 -0.8940 -0.4476
vn -0.0445 -0.6434 -0.7643
vn -0.0671 -0.3283 -0.9422
vn -0.0751 -0.1922 -0.9785
vn -0.0719 -0.1833 -0.9804
vn -0.0673 -0.1905 -0.9794
vn -0.0636 -0.1990 -0.9779
vn -0.0571 -0.2195 -0.9739
vn -0.0485 -0.2355 -0.9707
vn -0.0475 -0.2290 -0.9723
vn -0.0460 -0.1884 -0.9810
vn -0.0453 -0.1178 -0.9920
vn -0.0484 -0.0555 -0.9973
vn -0.0496 -0.0268 -0.9984
vn -0.0502 -0.0201 -0.9985
vn -0.0493 -0.0170 -0.9986
vn -0.0468 -0.0144 -0.9988
vn -0.0448 -0.0146 -0.9989
vn -0.0441 -0.0133 -0.9989
vn -0.0445 -0.0103 -0.9990
vn -0.0471 -0.0095 -0.9988
vn -0.0485 -0.0080 -0.9988
vn -0.0494 -0.0067 -0.9988
vn -0.0283 -0.0066 -0.9996
vn -0.0495 -0.0066 -0.9988
vn -0.6405 0.0180 -0.7677
vn -0.6453 0.0184 -0.7637
vn -0.6413 0.0259 -0.7668
vn -0.6455 0.0076 -0.7637
vn -0.6276 -0.0135 -0.7784
vn -0.6256 0.0116 -0.7800
vn -0.6471 -0.0041 -0.7624
vn -0.6801 0.0088 -0.7330
vn -0.6264 -0.0013 -0.7795
vn -0.6759 -0.0036 -0.7370
vn -0.6176 0.0209 -0.7862
vn -0.7095 0.0121 -0.7046
vn -0.6565 -0.0472 -0.7529
vn -0.6110 -0.0324 -0.7910
vn -0.7109 -0.0590 -0.7008
vn -0.7105 -0.0764 -0.6995
vn -0.6549 -0.0794 -0.7515
vn -0.7345 -0.0777 -0.6741
vn -0.7297 -0.0881 -0.6780
vn -0.7101 -0.0803 -0.6995
vn -0.7336 -0.0969 -0.6727
vn -0.7296 -0.1070 -0.6755
vn -0.7257 -0.0994 -0.6808
vn -0.7472 -0.1123 -0.6551
vn -0.7460 -0.1163 -0.6557
vn -0.7272 -0.1143 -0.6768
vn -0.7727 -0.1210 -0.6231
vn -0.7696 -0.1296 -0.6252
vn -0.7454 -0.1228 -0.6552
vn -0.7897 -0.1293 -0.5997
vn -0.7866 -0.1316 -0.6033
vn -0.7827 -0.1387 -0.6067
vn -0.7973 -0.1348 -0.5883
vn -0.7820 -0.1448 -0.6062
vn -0.7834 -0.1410 -0.6053
vn -0.7819 -0.1324 -0.6092
vn -0.7628 -0.1468 -0.6297
vn 0.7488 0.1269 0.6505
vn 0.7489 0.1261 0.6506
vn 0.7490 0.1257 0.6505
vn 0.7393 0.1258 0.6615
vn 0.7393 0.1262 0.6614
vn 0.7491 0.1248 0.6506
vn 0.7491 0.1239 0.6508
vn 0.7395 0.1235 0.6618
vn 0.7204 0.1236 0.6825
vn 0.7205 0.1254 0.6820
vn 0.7204 0.1204 0.6830
vn 0.7492 0.1230 0.6508
vn 0.7035 0.1192 0.7006
vn 0.7029 0.1237 0.7005
vn 0.7047 0.1106 0.7008
vn 0.6896 0.1015 0.7170
vn 0.6865 0.1155 0.7179
vn 0.6940 0.0757 0.7160
vn 0.6786 0.0458 0.7331
vn 0.6720 0.0960 0.7343
vn 0.6869 -0.0674 0.7236
vn 0.6906 -0.1316 0.7112
vn 0.6641 0.0329 0.7469
vn 0.6951 -0.2634 0.6689
vn 0.6793 -0.3412 0.6497
vn 0.6597 -0.4550 0.5981
vn 0.6074 -0.5177 0.6025
vn 0.6396 -0.4063 0.6525
vn 0.6699 -0.4417 0.5968
vn 0.6433 -0.4685 0.6055
vn 0.6842 -0.4489 0.5747
vn 0.6996 -0.4421 0.5614
vn 0.6239 -0.4633 0.6294
vn 0.5928 -0.5422 0.5954
vn 0.6733 -0.2449 0.6976
vn 0.6763 -0.0641 0.7338
vn 0.6974 -0.3733 0.6118
vn 0.6715 -0.3981 0.6250
vn 0.6747 -0.4078 0.6153
vn 0.6328 0.0497 0.7727
vn 0.6013 -0.4640 0.6505
vn 0.5241 0.4236 0.7388
vn 0.6176 0.0914 0.7811
vn 0.5020 0.4666 0.7282
vn 0.5884 0.1220 0.7993
vn 0.5266 0.3766 0.7622
vn 0.5011 0.4188 0.7573
vn 0.4936 0.4802 0.7251
vn 0.5558 0.0488 0.8299
vn 0.5006 0.1280 0.8562
vn 0.4333 0.4806 0.7624
vn 0.4997 -0.3256 0.8027
vn 0.4800 -0.3193 0.8171
vn 0.4667 0.1516 0.8713
vn 0.4417 -0.2882 0.8496
vn 0.4342 0.1693 0.8848
vn 0.3881 -0.3090 0.8683
vn 0.3773 0.1569 0.9127
vn 0.3686 -0.4934 0.7878
vn 0.2873 -0.5048 0.8140
vn 0.3104 -0.3222 0.8943
vn 0.2946 -0.4422 0.8471
vn 0.2131 -0.4308 0.8769
vn 0.2215 -0.5047 0.8344
vn 0.1907 0.0999 0.9765
vn 0.1250 0.1596 0.9792
vn 0.1535 -0.3861 0.9096
vn 0.0752 0.5479 0.8332
vn 0.1635 -0.4612 0.8721
vn 0.2139 -0.2757 0.9372
vn 0.2503 -0.3265 0.9114
vn 0.2849 0.1333 0.9492
vn 0.2357 0.1324 0.9628
vn 0.3132 0.1015 0.9443
vn 0.2656 0.4640 0.8451
vn 0.2574 0.4544 0.8528
vn 0.3074 0.4973 0.8113
vn 0.2665 0.5605 0.7841
vn 0.2470 0.5230 0.8157
vn 0.3419 0.5355 0.7722
vn 0.3031 0.5928 0.7462
vn 0.3712 0.2959 0.8801
vn 0.3093 0.2965 0.9036
vn 0.3539 0.5973 0.7197
vn 0.3683 0.5545 0.7462
vn 0.4696 0.2827 0.8364
vn 0.4831 -0.4169 0.7700
vn 0.3754 -0.4240 0.8242
vn 0.5725 0.2083 0.7930
vn 0.4553 0.5564 0.6951
vn 0.5774 -0.4148 0.7033
vn 0.4714 -0.6492 0.5969
vn 0.3946 -0.6870 0.6102
vn 0.5678 -0.4056 0.7163
vn 0.5949 0.1647 0.7868
vn 0.4997 -0.6089 0.6160
vn 0.4737 -0.6224 0.6231
vn 0.4531 -0.6627 0.5963
vn 0.5166 -0.5898 0.6207
vn 0.5727 -0.4423 0.6902
vn 0.5059 -0.5901 0.6292
vn 0.5130 -0.4555 0.7276
vn 0.5088 -0.5158 0.6893
vn 0.5673 -0.5157 0.6420
vn 0.5596 -0.5753 0.5966
vn 0.5769 -0.3787 0.7237
vn 0.5600 -0.1230 0.8193
vn 0.5499 -0.2040 0.8099
vn 0.6273 -0.2682 0.7311
vn 0.6030 -0.4712 0.6437
vn 0.5974 -0.0560 0.8000
vn 0.5971 0.0690 0.7992
vn 0.5689 0.0634 0.8200
vn 0.6413 -0.0027 0.7673
vn 0.6424 -0.2038 0.7387
vn 0.6274 0.0805 0.7746
vn 0.6260 0.0987 0.7736
vn 0.5982 0.0955 0.7957
vn 0.6522 0.0884 0.7528
vn 0.6496 0.1034 0.7532
vn 0.6463 0.1163 0.7541
vn 0.6245 0.1108 0.7731
vn 0.6686 0.1108 0.7354
vn 0.6665 0.1218 0.7355
vn 0.6658 0.1271 0.7352
vn 0.6453 0.1257 0.7535
vn 0.6852 0.1228 0.7179
vn 0.6849 0.1275 0.7174
vn 0.6849 0.1303 0.7169
vn 0.6657 0.1308 0.7346
vn 0.7030 0.1264 0.6999
vn 0.7032 0.1291 0.6991
vn 0.7035 0.1298 0.6987
vn 0.6855 0.1299 0.7164
vn 0.7209 0.1266 0.6814
vn 0.7213 0.1298 0.6804
vn 0.7229 0.1208 0.6803
vn 0.7048 0.1232 0.6986
vn 0.7399 0.1249 0.6610
vn 0.7416 0.1167 0.6606
vn 0.7484 0.0482 0.6615
vn 0.7285 0.0631 0.6821
vn 0.7499 0.1139 0.6517
vn 0.7481 0.1224 0.6522
vn 0.7483 0.1255 0.6514
vn 0.7564 0.0251 0.6536
vn 0.7531 0.0976 0.6507
vn 0.7409 -0.2145 0.6365
vn 0.7549 -0.0550 0.6536
vn 0.7407 -0.1657 0.6510
vn 0.0488 -0.9985 0.0230
vn -0.1213 -0.9865 -0.1102
vn -0.2155 -0.9594 -0.1821
vn -0.0160 -0.9994 -0.0295
vn 0.1607 -0.9793 0.1230
vn 0.3303 -0.9064 0.2634
vn 0.3271 -0.9064 0.2672
vn 0.0742 -0.9964 0.0401
vn 0.4728 -0.7919 0.3866
vn 0.6152 -0.5911 0.5216
vn 0.6153 -0.5911 0.5216
vn 0.6189 -0.5770 0.5330
vn 0.6285 -0.5469 0.5530
vn 0.3315 -0.9030 0.2734
vn 0.7283 -0.1622 0.6658
vn 0.7100 -0.3502 0.6109
vn 0.7150 -0.1099 0.6904
vn 0.6198 -0.5382 0.5711
vn 0.7097 0.0767 0.7003
vn 0.6917 0.0773 0.7180
vn 0.6939 -0.1095 0.7117
vn 0.6860 0.1244 0.7169
vn 0.6676 0.1288 0.7333
vn 0.6744 0.0801 0.7340
vn 0.6663 0.1290 0.7344
vn 0.6455 0.1349 0.7517
vn 0.6483 0.1295 0.7503
vn 0.6448 0.1316 0.7530
vn 0.6225 0.1357 0.7707
vn 0.6228 0.1378 0.7702
vn 0.6227 0.1236 0.7727
vn 0.5987 0.1224 0.7916
vn 0.5980 0.1347 0.7901
vn 0.6000 0.1070 0.7928
vn 0.5703 0.1060 0.8146
vn 0.5702 0.1195 0.8127
vn 0.5694 0.0971 0.8163
vn 0.5287 0.1060 0.8421
vn 0.5354 0.1046 0.8381
vn 0.5192 0.0400 0.8537
vn 0.4993 -0.0218 0.8661
vn 0.4949 0.1094 0.8620
vn 0.5069 -0.2802 0.8152
vn 0.4623 -0.3835 0.7995
vn 0.4699 -0.0521 0.8812
vn 0.4489 -0.5915 0.6697
vn 0.3508 -0.6602 0.6641
vn 0.4015 -0.4270 0.8102
vn 0.3597 -0.7114 0.6037
vn 0.2713 -0.7353 0.6211
vn 0.2918 -0.6766 0.6761
vn 0.2874 -0.7163 0.6359
vn 0.2480 -0.7154 0.6532
vn 0.2468 -0.7314 0.6357
vn 0.3059 -0.4478 0.8402
vn 0.2942 -0.3911 0.8721
vn 0.2383 -0.7078 0.6650
vn 0.2758 0.2879 0.9171
vn 0.2550 0.2849 0.9240
vn 0.2518 -0.3801 0.8900
vn 0.2341 0.5231 0.8195
vn 0.1812 0.4657 0.8662
vn 0.1728 0.2801 0.9443
vn 0.2030 0.4272 0.8811
vn 0.1520 -0.3829 0.9112
vn 0.1053 -0.7241 0.6816
vn 0.1898 -0.7166 0.6711
vn 0.1685 -0.7369 0.6547
vn 0.0968 -0.7543 0.6493
vn 0.2376 -0.7156 0.6568
vn 0.2458 -0.6867 0.6842
vn 0.1713 -0.7014 0.6918
vn 0.2725 -0.6827 0.6779
vn 0.3159 -0.5163 0.7961
vn 0.2853 -0.5334 0.7963
vn 0.3453 -0.4957 0.7969
vn 0.3696 -0.1665 0.9141
vn 0.3616 -0.2191 0.9062
vn 0.4103 -0.1226 0.9037
vn 0.4125 0.0989 0.9056
vn 0.3798 0.0807 0.9215
vn 0.4543 0.1126 0.8837
vn 0.4628 0.1250 0.8776
vn 0.4180 0.1324 0.8988
vn 0.5010 0.1160 0.8577
vn 0.5042 0.1221 0.8549
vn 0.4658 0.1273 0.8757
vn 0.5394 0.1200 0.8334
vn 0.5392 0.1339 0.8315
vn 0.5050 0.1337 0.8527
vn 0.5695 0.1344 0.8109
vn 0.5706 0.1432 0.8087
vn 0.5390 0.1454 0.8297
vn 0.5980 0.1367 0.7897
vn 0.5988 0.1403 0.7885
vn 0.5712 0.1462 0.8077
vn 0.6237 0.1394 0.7691
vn 0.6299 0.1055 0.7695
vn 0.6036 0.1054 0.7903
vn 0.6536 0.0950 0.7508
vn 0.6684 -0.0755 0.7400
vn 0.6415 -0.0721 0.7637
vn 0.6810 -0.0999 0.7254
vn 0.6073 -0.5053 0.6131
vn 0.5870 -0.5470 0.5968
vn 0.6058 -0.5186 0.6034
vn 0.3177 -0.9031 0.2888
vn 0.3166 -0.9071 0.2774
vn 0.3145 -0.9114 0.2653
vn 0.0881 -0.9949 0.0500
vn 0.0873 -0.9950 0.0478
vn 0.0905 -0.9944 0.0548
vn -0.0599 -0.9931 -0.1008
vn -0.0449 -0.9961 -0.0758
vn -0.1275 -0.9822 -0.1377
vn -0.3282 -0.8857 -0.3284
vn -0.2778 -0.9096 -0.3089
vn -0.3754 -0.8681 -0.3247
vn -0.6162 -0.5806 -0.5321
vn -0.5847 -0.5919 -0.5548
vn -0.3867 -0.8625 -0.3265
vn -0.2430 -0.9490 -0.2009
vn -0.6320 -0.5677 -0.5276
vn -0.5205 -0.7337 -0.4368
vn -0.7292 -0.2790 -0.6248
vn -0.7070 -0.3678 -0.6041
vn -0.7247 -0.2738 -0.6323
vn -0.7405 -0.1620 -0.6522
vn -0.6902 -0.3189 -0.6495
vn -0.7189 -0.1700 -0.6739
vn -0.7493 -0.1831 -0.6364
vn -0.6673 -0.3218 -0.6716
vn -0.7036 -0.1687 -0.6902
vn -0.5459 -0.6173 -0.5665
vn -0.4959 -0.6916 -0.5252
vn -0.6517 -0.3491 -0.6734
vn -0.2488 -0.9284 -0.2760
vn -0.2009 -0.9457 -0.2555
vn -0.4595 -0.7169 -0.5243
vn -0.0245 -0.9973 -0.0691
vn -0.0157 -0.9971 -0.0747
vn -0.1781 -0.9496 -0.2581
vn 0.1063 -0.9925 0.0602
vn 0.0702 -0.9975 0.0109
vn -0.0017 -0.9972 -0.0753
vn 0.2876 -0.9234 0.2541
vn 0.2085 -0.9622 0.1753
vn 0.0588 -0.9983 0.0036
vn 0.5417 -0.5950 0.5938
vn 0.4931 -0.6373 0.5922
vn 0.1891 -0.9672 0.1698
vn 0.6134 -0.0806 0.7857
vn 0.5918 -0.0807 0.8020
vn 0.4805 -0.6442 0.5951
vn 0.5779 0.1087 0.8088
vn 0.5451 0.1406 0.8265
vn 0.5571 -0.0412 0.8294
vn 0.5402 0.1494 0.8282
vn 0.5067 0.1532 0.8484
vn 0.5109 0.1355 0.8489
vn 0.5063 0.1476 0.8496
vn 0.4690 0.1471 0.8708
vn 0.4687 0.1534 0.8700
vn 0.4692 0.1368 0.8724
vn 0.4265 0.1389 0.8938
vn 0.4273 0.1452 0.8924
vn 0.4250 0.1319 0.8956
vn 0.3750 0.1400 0.9164
vn 0.3790 0.1403 0.9147
vn 0.3707 0.1383 0.9184
vn 0.3204 0.1306 0.9382
vn 0.3219 0.1423 0.9360
vn 0.3266 0.0487 0.9439
vn 0.2886 -0.0038 0.9574
vn 0.2692 0.1226 0.9552
vn 0.2972 -0.2692 0.9161
vn 0.2029 -0.3043 0.9307
vn 0.2125 -0.0224 0.9769
vn 0.1801 -0.5657 0.8047
vn 0.0938 -0.5906 0.8015
vn 0.1109 -0.3151 0.9426
vn 0.0911 -0.7236 0.6841
vn 0.1421 -0.0267 0.9895
vn 0.1468 0.1036 0.9837
vn 0.2082 0.1079 0.9721
vn 0.2075 0.1428 0.9678
vn 0.1455 0.1383 0.9796
vn 0.2638 0.1439 0.9538
vn 0.2657 0.1454 0.9530
vn 0.2069 0.1476 0.9672
vn 0.3239 0.1433 0.9352
vn 0.3246 0.1450 0.9347
vn 0.2675 0.1462 0.9524
vn 0.3802 0.1446 0.9135
vn 0.3791 0.1461 0.9138
vn 0.3254 0.1420 0.9348
vn 0.4276 0.1504 0.8914
vn 0.4253 0.1236 0.8966
vn 0.3799 0.1115 0.9183
vn 0.4699 0.1457 0.8706
vn 0.4803 0.0009 0.8771
vn 0.4260 -0.0075 0.9047
vn 0.5208 -0.0395 0.8528
vn 0.4643 -0.5425 0.7001
vn 0.4272 -0.4996 0.7536
vn 0.4702 -0.6091 0.6387
vn 0.1843 -0.9672 0.1747
vn 0.1889 -0.9576 0.2176
vn 0.1963 -0.9661 0.1675
vn 0.0586 -0.9981 -0.0165
vn 0.0531 -0.9983 -0.0223
vn 0.0581 -0.9983 -0.0052
vn 0.0256 -0.9985 -0.0474
vn 0.0392 -0.9983 -0.0434
vn 0.0247 -0.9989 -0.0386
vn -0.0579 -0.9826 -0.1764
vn -0.0492 -0.9876 -0.1490
vn -0.1337 -0.9598 -0.2469
vn -0.3084 -0.8131 -0.4937
vn -0.2722 -0.8476 -0.4555
vn -0.3994 -0.7640 -0.5067
vn -0.5623 -0.4507 -0.6933
vn -0.5211 -0.4624 -0.7174
vn -0.6150 -0.3928 -0.6837
vn -0.6580 -0.1916 -0.7282
vn -0.6242 -0.2222 -0.7490
vn -0.6873 -0.1733 -0.7054
vn -0.6995 -0.1074 -0.7065
vn -0.6685 -0.1109 -0.7354
vn -0.7108 -0.1223 -0.6927
vn -0.7195 -0.1011 -0.6871
vn -0.7049 -0.0832 -0.7044
vn -0.7241 -0.1264 -0.6780
vn -0.7077 -0.0825 -0.7016
vn -0.6667 -0.0833 -0.7407
vn -0.6629 -0.0833 -0.7441
vn -0.6260 -0.1097 -0.7721
vn -0.6180 -0.0932 -0.7806
vn -0.6326 -0.1299 -0.7635
vn -0.6110 -0.1510 -0.7771
vn -0.6037 -0.1297 -0.7866
vn -0.5933 -0.2458 -0.7665
vn -0.5786 -0.2152 -0.7867
vn -0.5935 -0.1466 -0.7914
vn -0.5131 -0.4499 -0.7310
vn -0.4802 -0.5014 -0.7197
vn -0.5551 -0.2264 -0.8004
vn -0.2754 -0.8455 -0.4574
vn -0.2202 -0.8719 -0.4374
vn -0.4507 -0.4924 -0.7445
vn -0.0175 -0.9907 -0.1349
vn -0.0010 -0.9934 -0.1146
vn -0.2068 -0.8800 -0.4275
vn 0.0480 -0.9982 -0.0362
vn 0.0390 -0.9986 -0.0351
vn -0.0130 -0.9932 -0.1155
vn 0.0626 -0.9980 0.0017
vn 0.0645 -0.9974 0.0319
vn 0.0300 -0.9991 -0.0302
vn 0.1690 -0.9541 0.2474
vn 0.2120 -0.8962 0.3897
vn 0.0740 -0.9950 0.0671
vn 0.3663 -0.5063 0.7807
vn 0.3363 -0.4591 0.8223
vn 0.1928 -0.8892 0.4150
vn 0.3765 -0.0151 0.9263
vn 0.3230 -0.0556 0.9448
vn 0.2860 -0.4588 0.8413
vn 0.3262 0.0969 0.9403
vn 0.2713 0.0983 0.9575
vn 0.2734 -0.0473 0.9607
vn 0.2695 0.1399 0.9528
vn 0.2076 0.1376 0.9685
vn 0.2098 0.0962 0.9730
vn 0.2071 0.1493 0.9669
vn 0.1411 0.1418 0.9798
vn 0.1406 0.1367 0.9806
vn 0.1441 0.1449 0.9789
vn 0.1400 0.0976 0.9853
vn 0.1426 -0.0310 0.9893
vn 0.2127 -0.0391 0.9763
vn 0.2101 -0.3606 0.9087
vn 0.1361 -0.3419 0.9298
vn 0.2539 -0.4094 0.8763
vn 0.1720 -0.8247 0.5387
vn 0.1451 -0.7936 0.5909
vn 0.1752 -0.8570 0.4847
vn 0.0713 -0.9888 0.1308
vn 0.0688 -0.9814 0.1795
vn 0.0649 -0.9947 0.0794
vn 0.0207 -0.9993 -0.0320
vn 0.0178 -0.9996 -0.0228
vn 0.0304 -0.9991 -0.0291
vn -0.0455 -0.9867 -0.1564
vn -0.0443 -0.9837 -0.1744
vn -0.0231 -0.9919 -0.1250
vn -0.2021 -0.8804 -0.4290
vn -0.1986 -0.8736 -0.4443
vn -0.2057 -0.8834 -0.4210
vn -0.4049 -0.5232 -0.7499
vn -0.3817 -0.5457 -0.7460
vn -0.4393 -0.4869 -0.7549
vn -0.5015 -0.2138 -0.8383
vn -0.4701 -0.2313 -0.8517
vn -0.5301 -0.2063 -0.8224
vn -0.5416 -0.1486 -0.8274
vn -0.5095 -0.1462 -0.8479
vn -0.5675 -0.1596 -0.8078
vn -0.5633 -0.1756 -0.8074
vn -0.5429 -0.1646 -0.8235
vn -0.5861 -0.1694 -0.7923
vn -0.5753 -0.1433 -0.8053
vn -0.5686 -0.1533 -0.8082
vn -0.5894 -0.1233 -0.7984
vn -0.5854 -0.0990 -0.8047
vn -0.5775 -0.1020 -0.8100
vn -0.6073 -0.0943 -0.7889
vn -0.6072 -0.0804 -0.7905
vn -0.5878 -0.0799 -0.8051
vn -0.6586 -0.0819 -0.7480
vn -0.5881 -0.0420 -0.8077
vn -0.5802 -0.0811 -0.8104
vn -0.5789 -0.0529 -0.8136
vn -0.5804 -0.0799 -0.8104
vn -0.5785 -0.0600 -0.8135
vn -0.5767 -0.1022 -0.8105
vn -0.5705 -0.0922 -0.8161
vn -0.5746 -0.0799 -0.8145
vn -0.5556 -0.1420 -0.8192
vn -0.5069 -0.1278 -0.8524
vn -0.5107 -0.0848 -0.8556
vn -0.5068 -0.1472 -0.8494
vn -0.4582 -0.1777 -0.8709
vn -0.4470 -0.1380 -0.8838
vn -0.4726 -0.1549 -0.8675
vn -0.4374 -0.1838 -0.8803
vn -0.4372 -0.1858 -0.8800
vn -0.4404 -0.2501 -0.8623
vn -0.4045 -0.2840 -0.8693
vn -0.4097 -0.1910 -0.8920
vn -0.3571 -0.5562 -0.7504
vn -0.3016 -0.5848 -0.7530
vn -0.3633 -0.2934 -0.8843
vn -0.1816 -0.8644 -0.4689
vn -0.1537 -0.8746 -0.4599
vn -0.2640 -0.5874 -0.7650
vn -0.0457 -0.9817 -0.1847
vn -0.0460 -0.9806 -0.1907
vn -0.1365 -0.8762 -0.4623
vn 0.0143 -0.9998 -0.0155
vn 0.0125 -0.9999 -0.0072
vn -0.0370 -0.9810 -0.1905
vn 0.0719 -0.9720 0.2236
vn 0.0423 -0.9720 0.2310
vn 0.0070 -0.9998 -0.0160
vn 0.1013 -0.7639 0.6373
vn -0.0231 -0.9798 -0.1988
vn -0.0646 -0.8908 -0.4498
vn -0.1068 -0.8851 -0.4529
vn -0.1799 -0.6239 -0.7605
vn -0.1149 -0.6333 -0.7653
vn -0.2287 -0.6129 -0.7564
vn -0.2661 -0.2958 -0.9174
vn -0.2139 -0.3185 -0.9235
vn -0.3180 -0.2808 -0.9056
vn -0.3287 -0.1873 -0.9257
vn -0.2736 -0.1816 -0.9445
vn -0.3751 -0.1909 -0.9071
vn -0.3770 -0.1745 -0.9096
vn -0.3317 -0.1766 -0.9267
vn -0.4112 -0.1755 -0.8945
vn -0.4100 -0.1767 -0.8948
vn -0.3767 -0.1732 -0.9100
vn -0.4382 -0.1613 -0.8843
vn -0.4032 -0.1369 -0.9048
vn -0.4041 -0.1646 -0.8998
vn -0.4379 -0.0945 -0.8941
vn -0.4142 -0.0933 -0.9054
vn -0.3832 -0.1269 -0.9149
vn -0.5118 -0.0798 -0.8554
vn -0.5151 -0.0742 -0.8539
vn -0.4118 -0.0749 -0.9082
vn -0.5743 -0.0716 -0.8155
vn -0.5705 -0.0323 -0.8206
vn -0.5209 -0.0421 -0.8526
vn -0.5679 -0.0275 -0.8226
vn -0.5677 0.0099 -0.8232
vn -0.5661 -0.0065 -0.8243
vn -0.5673 -0.0100 -0.8234
vn -0.5454 0.0036 -0.8382
vn -0.5697 0.0073 -0.8218
vn -0.5657 0.0166 -0.8244
vn -0.5737 -0.0065 -0.8191
vn -0.5740 0.0166 -0.8187
vn -0.5801 -0.0024 -0.8145
vn -0.5819 0.0215 -0.8130
vn -0.5586 0.0165 -0.8293
vn -0.5686 0.0286 -0.8221
vn -0.6044 0.0081 -0.7966
vn -0.5517 -0.0112 -0.8340
vn -0.5540 -0.0061 -0.8325
vn -0.5524 -0.0036 -0.8335
vn -0.5362 -0.0200 -0.8439
vn -0.5488 -0.0182 -0.8358
vn -0.4556 -0.0470 -0.8889
vn -0.4557 -0.0431 -0.8891
vn -0.4907 -0.0336 -0.8707
vn -0.4420 -0.0615 -0.8949
vn -0.4364 -0.0526 -0.8982
vn -0.5243 -0.0144 -0.8514
vn -0.5234 -0.0217 -0.8518
vn -0.5157 -0.0249 -0.8564
vn -0.4643 -0.0581 -0.8837
vn -0.5385 -0.0093 -0.8426
vn -0.4884 -0.0567 -0.8708
vn -0.5188 -0.0308 -0.8543
vn -0.3903 -0.0699 -0.9180
vn -0.3831 -0.0824 -0.9200
vn -0.4110 -0.0395 -0.9108
vn -0.3145 -0.0722 -0.9465
vn -0.3082 -0.0751 -0.9484
vn -0.3430 -0.0876 -0.9352
vn -0.3448 -0.1404 -0.9281
vn -0.3064 -0.0871 -0.9479
vn -0.3825 -0.1651 -0.9091
vn -0.3677 -0.1876 -0.9108
vn -0.3424 -0.1630 -0.9253
vn -0.3767 -0.1791 -0.9088
vn -0.3275 -0.1808 -0.9274
vn -0.3273 -0.1943 -0.9247
vn -0.3303 -0.1750 -0.9275
vn -0.2737 -0.1837 -0.9441
vn -0.2702 -0.1872 -0.9444
vn -0.2767 -0.1756 -0.9448
vn -0.2109 -0.1756 -0.9616
vn -0.2138 -0.1845 -0.9593
vn -0.2119 -0.1815 -0.9603
vn -0.1476 -0.1920 -0.9702
vn -0.1451 -0.1764 -0.9736
vn -0.1431 -0.3400 -0.9295
vn -0.1425 -0.1840 -0.9725
vn -0.1421 -0.1935 -0.9707
vn -0.2152 -0.1890 -0.9581
vn -0.2179 -0.2028 -0.9547
vn -0.1352 -0.2073 -0.9689
vn -0.2694 -0.2030 -0.9414
vn -0.2667 -0.2211 -0.9381
vn -0.2180 -0.2254 -0.9496
vn -0.3169 -0.2093 -0.9251
vn -0.2791 -0.1595 -0.9469
vn -0.2602 -0.1934 -0.9460
vn -0.3021 -0.1278 -0.9447
vn -0.2783 -0.0793 -0.9572
vn -0.2627 -0.0988 -0.9598
vn -0.2809 -0.0695 -0.9572
vn -0.3017 -0.0597 -0.9515
vn -0.2760 -0.0521 -0.9598
vn -0.3156 -0.0799 -0.9455
vn -0.3421 -0.0514 -0.9383
vn -0.3095 -0.0375 -0.9501
vn -0.3740 -0.0778 -0.9241
vn -0.3896 -0.0524 -0.9195
vn -0.3556 -0.0348 -0.9340
vn -0.3579 -0.0299 -0.9333
vn -0.3152 -0.0265 -0.9487
vn -0.3105 -0.0215 -0.9503
vn -0.3458 -0.0224 -0.9380
vn -0.3811 -0.0422 -0.9236
vn -0.4011 -0.0404 -0.9152
vn -0.4188 -0.0400 -0.9072
vn -0.2767 -0.0221 -0.9607
vn -0.2400 -0.0216 -0.9705
vn -0.2270 -0.0176 -0.9737
vn -0.2605 -0.0186 -0.9653
vn -0.2926 -0.0184 -0.9560
vn -0.2767 -0.0275 -0.9606
vn -0.2386 -0.0267 -0.9707
vn -0.2763 -0.0353 -0.9604
vn -0.2380 -0.0367 -0.9706
vn -0.2410 -0.0566 -0.9689
vn -0.2062 -0.0741 -0.9757
vn -0.1957 -0.0393 -0.9799
vn -0.2244 -0.1240 -0.9666
vn -0.1819 -0.1597 -0.9703
vn -0.1548 -0.0864 -0.9842
vn -0.2126 -0.2156 -0.9530
vn -0.1266 -0.2281 -0.9654
vn -0.1199 -0.1807 -0.9762
vn -0.1283 -0.2321 -0.9642
vn -0.0997 -0.1108 -0.9888
vn -0.0934 -0.0530 -0.9942
vn -0.1409 -0.0491 -0.9888
vn -0.1400 -0.0264 -0.9898
vn -0.0934 -0.0272 -0.9953
vn -0.1917 -0.0259 -0.9811
vn -0.1936 -0.0213 -0.9808
vn -0.1404 -0.0206 -0.9899
vn -0.1419 -0.0173 -0.9897
vn -0.0940 -0.0197 -0.9954
vn -0.0942 -0.0157 -0.9954
vn -0.1937 -0.0180 -0.9809
vn -0.1846 -0.0156 -0.9827
vn -0.1440 -0.0161 -0.9895
vn -0.2175 -0.0146 -0.9759
vn -0.1444 -0.0139 -0.9894
vn -0.0949 -0.0129 -0.9954
vn -0.0959 -0.0141 -0.9953
vn -0.1672 -0.0136 -0.9858
vn -0.1673 -0.0146 -0.9858
vn -0.1672 -0.0118 -0.9859
vn -0.1672 -0.0126 -0.9858
vn -0.1437 -0.0120 -0.9896
vn -0.1422 -0.0112 -0.9898
vn -0.0951 -0.0136 -0.9954
vn -0.0946 -0.0112 -0.9955
vn -0.1667 -0.0103 -0.9859
vn -0.1667 -0.0108 -0.9859
vn -0.1659 -0.0095 -0.9861
vn -0.1669 -0.0102 -0.9859
vn -0.1667 -0.0102 -0.9859
vn -0.1428 -0.0096 -0.9897
vn -0.1392 -0.0080 -0.9902
vn -0.0945 -0.0093 -0.9955
vn -0.0949 -0.0084 -0.9955
vn -0.1665 -0.0084 -0.9860
vn -0.1665 -0.0090 -0.9860
vn -0.1665 -0.0079 -0.9860
vn -0.1186 -0.0066 -0.9929
vn -0.1179 -0.0073 -0.9930
vn -0.1179 -0.0071 -0.9930
vn -0.0949 -0.0069 -0.9955
vn -0.0951 -0.0061 -0.9955
vn -0.1193 -0.0059 -0.9928
vn -0.1179 -0.0069 -0.9930
vn -0.0706 -0.0066 -0.9975
vn 0.7482 0.1294 0.6507
vn 0.1278 -0.9871 0.0960
vn 0.1499 -0.9715 0.1837
vn 0.1669 -0.9513 0.2591
vn 0.2053 -0.8784 0.4315
vn 0.2385 -0.7814 0.5766
vn 0.2639 -0.6532 0.7097
vn 0.2837 -0.4985 0.8191
vn -0.0000 0.9752 -0.2214
vn -0.9443 0.3283 0.0233
vn -0.1718 0.9648 -0.1990
vn -0.9873 0.1001 -0.1233
vn -0.9873 0.1001 -0.1234
vn 0.0801 0.9274 -0.3655
vn 0.0775 0.9269 -0.3672
vn 0.0741 0.9263 -0.3694
vn 0.0520 0.9913 -0.1206
vn 0.0532 0.9914 -0.1199
vn 0.0505 0.9913 -0.1214
vn 0.9515 0.1162 -0.2849
vn 0.0296 0.9580 -0.2851
vn 0.0360 0.9985 0.0409
vn -0.0412 0.9952 0.0889
vn -0.1032 0.9864 0.1277
vn 0.9952 0.0020 0.0983
vn -0.9808 0.0563 0.1868
vn 0.0993 0.9943 -0.0383
vn 0.2250 0.6367 -0.7375
vn -0.0416 0.9911 -0.1264
vn 0.5246 0.4083 -0.7471
vn 0.6500 -0.2586 -0.7146
vn 0.5395 0.0376 -0.8411
vn 0.5396 0.0376 -0.8411
vn 0.9896 -0.0692 -0.1261
vn 0.9849 -0.0512 -0.1654
vn 0.4743 -0.0128 -0.8803
vn 0.4821 0.2700 -0.8334
vn 0.2310 0.9665 0.1123
vn -0.0094 0.9971 0.0751
vn -0.0094 0.9971 0.0752
vn -0.0121 0.9999 0.0046
vn -0.1733 0.9849 0.0038
vn 0.1048 0.7801 -0.6168
vn 0.1820 0.5938 -0.7837
vn 0.1820 0.5939 -0.7837
vn -0.0415 0.9911 -0.1265
vn -0.0331 0.9908 -0.1310
vn -0.0374 0.9910 -0.1287
vn 0.8835 -0.3880 0.2623
vn 0.9875 0.1323 0.0855
vn 0.9870 0.1357 0.0857
vn 0.9880 0.1290 0.0853
vn 0.7625 0.0592 -0.6443
vn 0.7049 -0.1501 0.6932
vn -0.0356 0.9992 0.0165
vn -0.0616 0.9975 0.0348
vn 0.9095 0.0716 -0.4095
vn 0.0160 0.9657 -0.2592
vn -0.1563 0.9846 0.0788
vn 0.9760 -0.0126 -0.2172
vn 0.0106 0.9999 -0.0000
vn -0.0486 -0.9987 0.0162
vn -0.9992 0.0054 0.0388
vn -0.9036 -0.0022 -0.4283
vn -0.8946 -0.1359 -0.4256
vn 0.0160 0.9998 0.0087
vn -0.0020 0.8046 -0.5938
vn 0.6509 0.6876 -0.3218
vn 0.0568 0.6948 -0.7169
vn -0.6992 0.6069 -0.3780
vn -0.0202 0.9991 0.0361
vn -0.9271 0.0087 -0.3747
vn -0.5693 0.7777 -0.2664
vn -0.9284 -0.0090 -0.3714
vn -0.8767 0.1709 -0.4496
vn -0.2776 0.8232 -0.4953
vn -0.3914 0.9007 0.1887
vn 0.1210 0.9926 0.0104
vn 0.2658 0.9530 -0.1457
vn 0.2295 0.9461 -0.2286
vn -0.9331 0.0242 -0.3589
vn -0.9227 0.0849 -0.3760
vn 0.0852 0.8343 -0.5447
vn -0.6348 0.2810 -0.7198
vn -0.3893 0.9208 -0.0231
vn -0.1630 0.9787 0.1251
vn 0.0553 0.6392 -0.7670
vn 0.2006 0.9570 0.2096
vn -0.6349 0.6695 -0.3857
vn -0.7813 0.4690 -0.4118
vn -0.9709 -0.0385 0.2363
vn -0.9712 -0.0381 0.2352
vn -0.9718 -0.0373 0.2329
vn -0.5766 0.8162 0.0372
vn -0.9180 0.0285 -0.3956
vn -0.4307 0.7085 -0.5590
vn -0.9949 -0.0211 0.0985
vn -0.8725 0.0336 -0.4874
vn 0.0987 0.9946 -0.0332
vn 0.8572 -0.0188 -0.5146
vn 0.4435 0.8300 -0.3384
vn 0.4435 0.8299 -0.3384
vn 0.1038 0.9005 -0.4222
vn -0.2525 0.0318 0.9671
vn -0.2524 0.0318 0.9671
vn 0.3507 0.8940 -0.2789
vn -0.0833 -0.9949 -0.0563
vn -0.6333 0.3470 0.6917
vn 0.2634 0.8935 -0.3637
vn 0.0084 0.9985 0.0542
vn -0.3718 0.6616 -0.6512
vn -0.7259 -0.6878 -0.0055
vn -0.2435 -0.9436 -0.2243
vn -0.2339 -0.9441 -0.2323
vn -0.2390 -0.9439 -0.2281
vn -0.0598 -0.9919 0.1118
vn -0.0027 0.9951 -0.0990
vn -0.7262 -0.1254 -0.6759
vn -0.5003 0.7276 0.4692
vn -0.6882 0.7110 -0.1446
vn 0.6755 -0.3327 -0.6580
vn 0.8950 0.0565 -0.4425
vn -0.6688 -0.1006 0.7366
vn -0.9968 -0.0030 -0.0795
vn 0.5852 0.7849 0.2037
vn 0.0511 -0.9885 -0.1426
vn -0.7161 0.6601 -0.2269
vn -0.9061 -0.3867 -0.1716
vn -0.9843 0.0078 -0.1761
vn 0.9357 0.3437 0.0799
vn -0.7778 0.5024 0.3778
vn 0.0544 0.5885 -0.8067
vn 0.0553 0.5887 -0.8064
vn 0.0565 0.5891 -0.8061
vn 0.6031 -0.7862 -0.1345
vn 0.5382 0.8039 -0.2533
vn 0.1852 -0.9349 0.3026
vn 0.0459 0.9518 -0.3034
vn 0.0462 0.9518 -0.3033
vn 0.0466 0.9518 -0.3031
vn -0.5458 0.7594 0.3541
vn -0.3096 0.0222 -0.9506
vn -0.7105 0.1624 -0.6847
vn -0.0100 0.9888 -0.1492
vn -0.0126 0.9888 -0.1489
vn -0.0070 0.9558 -0.2938
vn -0.9682 0.1714 -0.1820
vn 0.5112 0.8580 -0.0502
vn 0.9962 0.0005 0.0871
vn 0.9962 0.0012 0.0870
vn -0.0368 0.9620 -0.2704
vn 0.0301 0.9995 0.0025
vn -0.1308 0.9559 -0.2628
vn 0.9526 -0.2008 0.2287
vn 0.8111 0.5199 -0.2679
vn 0.8111 0.5200 -0.2679
vn 0.2312 0.9687 -0.0908
vn 0.7070 0.7071 -0.0113
vn 0.1718 0.9648 -0.1990
vn 0.0283 -0.0044 -0.9996
vn -0.0000 0.9642 0.2651
vn -0.6929 0.7141 0.0999
vn -0.1031 0.9864 0.1278
vn -0.1008 0.9850 0.1401
vn -0.1020 0.9857 0.1339
vn -0.0056 0.9710 -0.2390
vn -0.0973 -0.9941 -0.0485
vn -0.0099 0.9888 -0.1492
vn -0.0074 0.9887 -0.1495
vn 0.3734 0.3537 0.8576
vn 0.0478 0.9913 -0.1228
vn 0.9481 0.3165 -0.0304
vn 0.5742 0.7433 -0.3432
vn 0.0286 0.9976 0.0628
vn -0.7144 0.6763 -0.1799
vn -0.9837 0.1329 -0.1209
vn 0.6525 0.0622 -0.7552
vn -0.9639 -0.0048 -0.2661
vn 0.1919 0.9490 0.2503
vn 0.9753 -0.0098 -0.2207
vn 0.0808 0.9275 -0.3650
vn -0.9321 0.2641 -0.2479
vn -0.1771 0.9788 -0.1026
vn 0.1503 -0.9851 0.0841
vn -0.4458 -0.2632 -0.8556
vn -0.9461 -0.0857 0.3122
vn -0.2930 0.6846 -0.6675
vn -0.2930 0.6845 -0.6675
vn -0.9968 -0.0028 -0.0794
vn -0.9969 -0.0025 -0.0792
vn -0.5556 -0.6297 -0.5429
vn 0.1530 0.5648 -0.8109
vn -0.9706 -0.0389 0.2375
vn -0.2766 0.1030 -0.9554
vn -0.9484 -0.0803 0.3068
vn -0.9475 -0.0823 0.3089
vn -0.9489 -0.0790 0.3055
vn -0.9900 0.1325 -0.0490
vn 0.9923 0.0715 0.1008
vn -0.1841 0.9711 0.1522
vn 0.9962 -0.0002 0.0872
vn 0.9777 0.2097 -0.0116
vn -0.4020 0.8595 0.3156
vn -0.1588 -0.6742 -0.7212
vn 0.1881 0.7280 0.6592
vn -0.0072 0.9907 -0.1359
vn 0.5966 0.8023 -0.0201
vn 0.5965 0.8023 -0.0201
vn 0.3170 0.9184 -0.2369
vn 0.1942 0.6721 0.7145
vn 0.1941 0.6721 0.7145
vn 0.2199 0.9205 -0.3230
vn -0.2770 -0.0351 -0.9602
vn -0.2771 -0.0351 -0.9602
vn 0.2754 0.9561 -0.0999
vn 0.2753 0.9561 -0.0999
vn 0.2756 0.9561 -0.0999
vn 0.2751 0.9562 -0.0999
vn 0.0470 0.9913 -0.1230
vn 0.0473 0.9912 -0.1233
vn 0.0475 0.9913 -0.1230
vn 0.4430 0.3574 0.8222
vn 0.4429 0.3574 0.8222
vn 0.0458 0.9518 -0.3034
vn 0.2302 0.9287 -0.2907
vn 0.0540 0.5884 -0.8068
vn 0.0152 0.9975 0.0691
vn -0.8494 0.0012 0.5277
vn 0.1413 0.9668 -0.2131
vn -0.4585 0.5728 -0.6795
vn -0.7331 -0.4346 -0.5231
vn -0.4768 0.5709 -0.6684
vn 0.9547 -0.2595 0.1459
vn 0.1145 0.6121 -0.7825
vn -0.7763 0.6245 -0.0861
vn -0.7054 -0.4250 0.5672
vn 0.9277 -0.3690 0.0560
vn 0.9870 -0.1492 0.0597
vn 0.3135 0.9429 -0.1127
vn -0.0006 0.9750 0.2222
vn 0.7910 -0.3655 -0.4906
vn 0.9092 -0.0165 -0.4161
vn 0.5475 0.0074 0.8368
vn 0.5475 0.0074 0.8367
vn 0.8397 0.1118 -0.5315
vn -0.0473 -0.9987 0.0172
vn -0.0461 -0.9988 0.0182
vn 0.4910 0.8130 -0.3129
vn 0.7392 0.0831 -0.6683
vn 0.9897 0.0579 -0.1312
vn 0.9209 -0.0162 -0.3894
vn 0.9998 0.0020 -0.0202
vn 0.9998 0.0018 -0.0202
vn -0.1876 -0.9493 -0.2521
vn -0.7293 -0.6816 0.0594
vn -0.4105 -0.7634 -0.4988
vn -0.1939 -0.9491 -0.2483
vn -0.0454 0.9986 0.0281
vn 0.2194 0.9446 -0.2440
vn 0.2198 0.9446 -0.2438
vn 0.2204 0.9446 -0.2434
vn 0.9120 0.0568 -0.4062
vn 0.3473 0.8279 -0.4404
vn -0.4122 0.8594 -0.3026
vn 0.2460 0.9528 0.1782
vn -0.1560 0.9845 0.0806
vn -0.1560 0.9845 0.0805
vn -0.1557 0.9844 0.0821
vn 0.2191 0.9447 -0.2441
vn -0.2126 0.9557 -0.2035
vn -0.2440 -0.9436 -0.2239
vn 0.9872 0.1030 -0.1221
vn -0.0039 0.9964 -0.0851
vn 0.7522 0.1035 0.6508
vn 0.1560 0.9325 -0.3256
vn 0.6649 0.0313 -0.7463
vn -0.5494 0.1299 -0.8254
vn -0.3479 0.3965 0.8496
vn -0.0209 0.7356 -0.6771
vn 0.2643 0.9536 0.1440
vn -0.4797 0.4205 -0.7701
vn 0.7732 0.1227 0.6222
vn 0.7736 0.1246 0.6213
vn 0.9259 -0.3530 0.1346
vn 0.9889 0.1222 0.0850
vn 0.9998 0.0022 -0.0203
vn 0.9876 0.1298 0.0882
vn 0.9880 0.1267 0.0882
vn 0.9888 0.1202 0.0881
vn 0.9871 0.1332 0.0883
vn -0.7742 -0.1848 -0.6053
vn 0.9779 0.0907 -0.1882
vn 0.9774 0.0930 -0.1897
vn 0.9767 0.0963 -0.1919
vn -0.1943 0.9765 0.0935
vn -0.6877 -0.3669 -0.6264
vn 0.9799 0.0797 -0.1831
vn 0.9791 0.0842 -0.1851
vn 0.9781 0.0898 -0.1875
vn 0.8273 0.1470 0.5421
vn 0.8273 0.1471 0.5421
vn 0.9800 0.0786 -0.1826
vn -0.8226 0.5636 -0.0756
vn 0.1979 -0.9765 0.0848
vn -0.2422 0.9303 -0.2756
vn 0.9958 -0.0229 0.0890
vn 0.9366 -0.3059 0.1708
vn -0.6100 0.7690 -0.1913
vn -0.6100 0.7689 -0.1913
vn 0.9958 -0.0230 0.0890
vn 0.1980 -0.9765 0.0848
vn 0.9782 0.0895 -0.1874
vn 0.9872 0.1332 0.0883
vn 0.9884 0.1236 0.0882
vn 0.9884 0.1256 0.0852
vn 0.7522 0.1036 0.6508
vn -0.2345 -0.9441 -0.2319
vn 0.2202 0.9446 -0.2435
vn -0.1560 0.9845 0.0804
vn -0.4122 0.8593 -0.3026
vn 0.7392 0.0831 -0.6684
vn -0.0462 -0.9988 0.0181
vn 0.0552 0.5887 -0.8065
vn 0.0461 0.9518 -0.3033
vn 0.0477 0.9913 -0.1229
vn 0.2755 0.9561 -0.0999
vn -0.1589 -0.6742 -0.7212
vn -0.9469 -0.0839 0.3105
vn -0.9968 -0.0027 -0.0793
vn -0.7778 0.5024 0.3777
vn -0.9061 -0.3868 -0.1716
vn 0.7625 0.0592 -0.6442
vn 0.9870 0.1358 0.0857
vn 0.8835 -0.3881 0.2623
vn -0.1733 0.9849 0.0037
vn 0.0994 0.9943 -0.0383
vn -0.1664 -0.0079 -0.9860
vn -0.1846 -0.0154 -0.9827
vn -0.2927 -0.0189 -0.9560
vn -0.5234 -0.0215 -0.8518
vn 0.4563 -0.5394 0.7077
vn -0.3423 0.3874 0.8560
vn -0.3372 0.3929 0.8555
vn 0.8656 0.0615 -0.4969
vn 0.8569 0.0626 -0.5117
vn 0.8662 0.0637 -0.4956
vn -0.9345 -0.0016 0.3560
vn -0.9343 0.0022 0.3565
vn -0.9340 -0.0048 0.3571
vn -0.9912 -0.0022 0.1321
vn -0.9906 0.0042 0.1368
vt 0.389173 0.431946
vt 0.387052 0.432570
vt 0.384381 0.431202
vt 0.381709 0.429833
vt 0.386590 0.425505
vt 0.391294 0.431321
vt 0.330291 0.383904
vt 0.333367 0.381763
vt 0.340802 0.387782
vt 0.333995 0.392620
vt 0.333951 0.374035
vt 0.326449 0.373456
vt 0.342368 0.380560
vt 0.357840 0.456658
vt 0.350041 0.446637
vt 0.364034 0.452441
vt 0.365832 0.455387
vt 0.367631 0.458334
vt 0.333697 0.437530
vt 0.345738 0.450572
vt 0.334665 0.444049
vt 0.350568 0.457309
vt 0.349061 0.439975
vt 0.361569 0.446734
vt 0.362801 0.449587
vt 0.320829 0.422738
vt 0.321883 0.411962
vt 0.335369 0.425352
vt 0.333632 0.431019
vt 0.326903 0.409431
vt 0.337374 0.421006
vt 0.309998 0.408824
vt 0.311199 0.418966
vt 0.314137 0.397640
vt 0.320199 0.396775
vt 0.307170 0.397110
vt 0.325889 0.454088
vt 0.332032 0.451732
vt 0.339735 0.454516
vt 0.329893 0.459405
vt 0.320755 0.444991
vt 0.320006 0.431453
vt 0.308494 0.436998
vt 0.310737 0.428110
vt 0.310190 0.452850
vt 0.303216 0.446165
vt 0.087804 0.535642
vt 0.085493 0.534144
vt 0.086825 0.533382
vt 0.088864 0.534369
vt 0.071990 0.533212
vt 0.070980 0.533632
vt 0.071106 0.531458
vt 0.072146 0.531347
vt 0.084909 0.533816
vt 0.085160 0.533052
vt 0.075551 0.532264
vt 0.076617 0.531765
vt 0.077064 0.532768
vt 0.075602 0.533603
vt 0.076950 0.530114
vt 0.075685 0.530608
vt 0.078548 0.529965
vt 0.043594 0.490963
vt 0.047838 0.493543
vt 0.046985 0.494770
vt 0.045289 0.492866
vt 0.049670 0.490759
vt 0.045433 0.488194
vt 0.046201 0.487000
vt 0.046970 0.485805
vt 0.051165 0.488473
vt 0.044458 0.489695
vt 0.044945 0.488945
vt 0.048703 0.492257
vt 0.052893 0.494971
vt 0.053851 0.493494
vt 0.051995 0.496307
vt 0.044026 0.490329
vt 0.056042 0.499254
vt 0.056951 0.497948
vt 0.051105 0.497570
vt 0.055109 0.500528
vt 0.050231 0.498783
vt 0.054194 0.501735
vt 0.046123 0.495967
vt 0.046554 0.495368
vt 0.049387 0.499932
vt 0.053327 0.502868
vt 0.045298 0.497109
vt 0.045711 0.496538
vt 0.048594 0.500969
vt 0.052500 0.503909
vt 0.044536 0.498130
vt 0.044917 0.497619
vt 0.047741 0.502044
vt 0.051637 0.504992
vt 0.043710 0.499176
vt 0.044123 0.498653
vt 0.046866 0.503125
vt 0.050764 0.506077
vt 0.042864 0.500243
vt 0.043287 0.499709
vt 0.045975 0.504212
vt 0.049888 0.507167
vt 0.041996 0.501323
vt 0.042430 0.500783
vt 0.045098 0.505312
vt 0.049017 0.508260
vt 0.041097 0.502423
vt 0.041546 0.501873
vt 0.044233 0.506411
vt 0.048216 0.509286
vt 0.040207 0.503527
vt 0.040652 0.502975
vt 0.121504 0.556085
vt 0.120161 0.557218
vt 0.116564 0.553743
vt 0.117954 0.552519
vt 0.123633 0.560888
vt 0.125018 0.559798
vt 0.124325 0.560343
vt 0.126476 0.558598
vt 0.125747 0.559198
vt 0.122970 0.554805
vt 0.128282 0.557072
vt 0.131854 0.560987
vt 0.129165 0.559793
vt 0.134125 0.559148
vt 0.132989 0.560067
vt 0.130414 0.555232
vt 0.145445 0.548499
vt 0.149081 0.544493
vt 0.153318 0.548519
vt 0.149381 0.548509
vt 0.051202 0.474014
vt 0.048858 0.472909
vt 0.050085 0.470830
vt 0.051312 0.468752
vt 0.056050 0.470999
vt 0.053546 0.475118
vt 0.055681 0.481719
vt 0.051200 0.479082
vt 0.052373 0.477100
vt 0.058161 0.477543
vt 0.048943 0.482717
vt 0.050072 0.480900
vt 0.053223 0.485567
vt 0.057587 0.488153
vt 0.060013 0.484605
vt 0.055534 0.490975
vt 0.047957 0.484261
vt 0.059732 0.493884
vt 0.061720 0.491068
vt 0.058047 0.496313
vt 0.061968 0.499574
vt 0.063935 0.496878
vt 0.060918 0.501062
vt 0.064653 0.504459
vt 0.065945 0.502886
vt 0.059916 0.502403
vt 0.063641 0.505685
vt 0.058960 0.503628
vt 0.062664 0.506810
vt 0.058035 0.504785
vt 0.061749 0.507821
vt 0.057146 0.505871
vt 0.060860 0.508870
vt 0.056352 0.506857
vt 0.060105 0.509787
vt 0.055479 0.507934
vt 0.059215 0.510856
vt 0.054605 0.509012
vt 0.058314 0.511925
vt 0.053730 0.510099
vt 0.057428 0.513005
vt 0.052863 0.511188
vt 0.056535 0.514084
vt 0.052097 0.512168
vt 0.055758 0.515050
vt 0.114371 0.549132
vt 0.112981 0.550404
vt 0.109448 0.547345
vt 0.110838 0.546013
vt 0.115834 0.547738
vt 0.112270 0.544539
vt 0.119434 0.551172
vt 0.121089 0.549617
vt 0.117432 0.546166
vt 0.124700 0.553256
vt 0.126676 0.551469
vt 0.122882 0.547903
vt 0.128707 0.549581
vt 0.124647 0.546174
vt 0.132571 0.553313
vt 0.135219 0.550832
vt 0.131063 0.547301
vt 0.136551 0.557065
vt 0.139167 0.554702
vt 0.137859 0.555883
vt 0.135338 0.558106
vt 0.138135 0.547957
vt 0.134140 0.544170
vt 0.142121 0.551887
vt 0.140644 0.553295
vt 0.141392 0.544545
vt 0.137361 0.540695
vt 0.143783 0.550193
vt 0.144895 0.540587
vt 0.140719 0.536810
vt 0.148598 0.536092
vt 0.144340 0.532344
vt 0.152936 0.539873
vt 0.157102 0.534471
vt 0.152617 0.530859
vt 0.157349 0.543722
vt 0.161644 0.538130
vt 0.159496 0.540926
vt 0.155333 0.546120
vt 0.165980 0.532027
vt 0.163812 0.535078
vt 0.161351 0.528479
vt 0.174884 0.529209
vt 0.172763 0.532438
vt 0.170432 0.530618
vt 0.170158 0.525710
vt 0.178979 0.522566
vt 0.183837 0.525928
vt 0.179361 0.527569
vt 0.237079 0.500657
vt 0.241681 0.492149
vt 0.247482 0.495134
vt 0.242281 0.497895
vt 0.258057 0.490352
vt 0.252859 0.499323
vt 0.250171 0.497228
vt 0.252680 0.486249
vt 0.257903 0.503862
vt 0.255381 0.501593
vt 0.263331 0.495004
vt 0.268710 0.486056
vt 0.263192 0.481207
vt 0.268202 0.500026
vt 0.274036 0.491442
vt 0.262871 0.508523
vt 0.260387 0.506193
vt 0.273381 0.503840
vt 0.279571 0.495484
vt 0.267289 0.512502
vt 0.265080 0.510513
vt 0.276421 0.506272
vt 0.282109 0.498548
vt 0.270769 0.514031
vt 0.269029 0.513267
vt 0.278554 0.507912
vt 0.284350 0.500496
vt 0.273342 0.515124
vt 0.272055 0.514578
vt 0.280900 0.509292
vt 0.286651 0.502252
vt 0.275663 0.516442
vt 0.274503 0.515783
vt 0.283147 0.510777
vt 0.288859 0.503869
vt 0.277963 0.517821
vt 0.276813 0.517132
vt 0.285504 0.512348
vt 0.291303 0.505549
vt 0.280351 0.519429
vt 0.279157 0.518625
vt 0.288431 0.514074
vt 0.294181 0.507299
vt 0.284391 0.516751
vt 0.291950 0.516065
vt 0.290190 0.515069
vt 0.297706 0.509526
vt 0.294828 0.512796
vt 0.056224 0.454812
vt 0.053749 0.453773
vt 0.054902 0.451605
vt 0.056056 0.449436
vt 0.061041 0.451462
vt 0.058699 0.455850
vt 0.061204 0.462368
vt 0.056271 0.460209
vt 0.057485 0.458030
vt 0.063666 0.457940
vt 0.053794 0.464513
vt 0.055032 0.462361
vt 0.058641 0.466721
vt 0.063543 0.469015
vt 0.066175 0.464506
vt 0.060757 0.473300
vt 0.052553 0.466632
vt 0.065392 0.475917
vt 0.068248 0.471551
vt 0.062701 0.480409
vt 0.067085 0.483441
vt 0.069957 0.478959
vt 0.064323 0.487620
vt 0.068635 0.490408
vt 0.071341 0.486563
vt 0.066058 0.493818
vt 0.070173 0.497099
vt 0.072710 0.493573
vt 0.068016 0.500144
vt 0.071851 0.503661
vt 0.074058 0.500569
vt 0.069925 0.505941
vt 0.073592 0.508556
vt 0.075478 0.506531
vt 0.068735 0.507191
vt 0.072400 0.509877
vt 0.067594 0.508434
vt 0.071292 0.511064
vt 0.066538 0.509604
vt 0.070161 0.512247
vt 0.065464 0.510719
vt 0.069063 0.513438
vt 0.064490 0.511769
vt 0.067942 0.514540
vt 0.063719 0.512666
vt 0.067104 0.515415
vt 0.062792 0.513721
vt 0.066136 0.516492
vt 0.061862 0.514782
vt 0.065110 0.517563
vt 0.060912 0.515851
vt 0.064078 0.518640
vt 0.059993 0.516898
vt 0.063124 0.519571
vt 0.059198 0.517834
vt 0.062248 0.520517
vt 0.107461 0.543180
vt 0.106109 0.544575
vt 0.102998 0.542268
vt 0.104293 0.540755
vt 0.108843 0.541632
vt 0.105730 0.539098
vt 0.110382 0.539908
vt 0.107310 0.537282
vt 0.113814 0.542882
vt 0.115420 0.541137
vt 0.111951 0.538127
vt 0.119097 0.544473
vt 0.120820 0.542676
vt 0.117092 0.539328
vt 0.123341 0.540014
vt 0.119505 0.536647
vt 0.127230 0.543564
vt 0.130126 0.540509
vt 0.126181 0.536902
vt 0.133283 0.537009
vt 0.129222 0.533428
vt 0.136561 0.533141
vt 0.132569 0.529543
vt 0.140138 0.528680
vt 0.135872 0.525241
vt 0.143928 0.523598
vt 0.139643 0.520104
vt 0.148212 0.527256
vt 0.152270 0.521502
vt 0.147814 0.518010
vt 0.156768 0.524998
vt 0.160803 0.518878
vt 0.156224 0.515496
vt 0.165444 0.522259
vt 0.169406 0.515868
vt 0.164718 0.512586
vt 0.174156 0.519217
vt 0.178045 0.512619
vt 0.173292 0.509346
vt 0.182902 0.515821
vt 0.186730 0.508986
vt 0.181897 0.505929
vt 0.187864 0.518989
vt 0.191731 0.511998
vt 0.189797 0.515494
vt 0.185850 0.522458
vt 0.200670 0.507677
vt 0.198786 0.511293
vt 0.196200 0.509838
vt 0.195494 0.504977
vt 0.209497 0.502340
vt 0.205896 0.510013
vt 0.203283 0.508845
vt 0.203997 0.500701
vt 0.210600 0.512605
vt 0.208248 0.511309
vt 0.214905 0.504281
vt 0.212753 0.508443
vt 0.219433 0.495818
vt 0.217169 0.500050
vt 0.213974 0.494481
vt 0.229624 0.488692
vt 0.225191 0.496985
vt 0.222312 0.496402
vt 0.223868 0.487377
vt 0.231247 0.498150
vt 0.228219 0.497568
vt 0.235701 0.490272
vt 0.240357 0.482392
vt 0.234311 0.480705
vt 0.246450 0.484243
vt 0.234163 0.499403
vt 0.251192 0.476145
vt 0.245056 0.474421
vt 0.257350 0.477915
vt 0.262179 0.469922
vt 0.255891 0.468002
vt 0.268608 0.472262
vt 0.273480 0.463930
vt 0.266954 0.461700
vt 0.274133 0.477052
vt 0.279557 0.467925
vt 0.279576 0.482533
vt 0.285134 0.473786
vt 0.284742 0.487997
vt 0.290550 0.480311
vt 0.288429 0.491165
vt 0.294851 0.484304
vt 0.290881 0.493254
vt 0.297755 0.486179
vt 0.293184 0.495153
vt 0.300409 0.488069
vt 0.295348 0.496933
vt 0.302674 0.490018
vt 0.297693 0.498803
vt 0.304910 0.492123
vt 0.300308 0.500836
vt 0.307200 0.494722
vt 0.303684 0.503392
vt 0.310086 0.498054
vt 0.306941 0.507975
vt 0.313906 0.501806
vt 0.310423 0.504890
vt 0.302324 0.508751
vt 0.321280 0.496127
vt 0.317593 0.498966
vt 0.317654 0.492613
vt 0.050436 0.436880
vt 0.055452 0.438774
vt 0.053300 0.443116
vt 0.051868 0.439998
vt 0.058300 0.445076
vt 0.060483 0.440693
vt 0.051085 0.447438
vt 0.052193 0.445277
vt 0.053571 0.448437
vt 0.063301 0.447057
vt 0.065513 0.442636
vt 0.068277 0.449056
vt 0.070527 0.444610
vt 0.066011 0.453499
vt 0.070894 0.455539
vt 0.073202 0.451106
vt 0.068631 0.460014
vt 0.073403 0.462444
vt 0.075725 0.457732
vt 0.070888 0.467075
vt 0.075565 0.469738
vt 0.078179 0.465003
vt 0.072788 0.474376
vt 0.077336 0.477367
vt 0.080190 0.472564
vt 0.074380 0.482059
vt 0.078693 0.485217
vt 0.081783 0.480488
vt 0.075539 0.489652
vt 0.079665 0.492777
vt 0.082802 0.488405
vt 0.076713 0.496885
vt 0.080522 0.500170
vt 0.083636 0.495988
vt 0.077709 0.503794
vt 0.081153 0.505888
vt 0.084169 0.502356
vt 0.078831 0.508687
vt 0.081772 0.510609
vt 0.084112 0.507706
vt 0.076962 0.510822
vt 0.079783 0.513022
vt 0.075596 0.512287
vt 0.078490 0.514511
vt 0.074492 0.513515
vt 0.077252 0.515783
vt 0.073422 0.514675
vt 0.076075 0.517151
vt 0.072371 0.515926
vt 0.074924 0.518524
vt 0.071187 0.517189
vt 0.073819 0.519796
vt 0.070197 0.518053
vt 0.072879 0.520597
vt 0.069007 0.519181
vt 0.071607 0.521530
vt 0.067891 0.520217
vt 0.070403 0.522465
vt 0.066851 0.521194
vt 0.069247 0.523355
vt 0.065827 0.522028
vt 0.068135 0.524219
vt 0.064811 0.522955
vt 0.067040 0.525077
vt 0.101245 0.538988
vt 0.100030 0.540598
vt 0.096966 0.539542
vt 0.098081 0.537969
vt 0.102579 0.537376
vt 0.099535 0.536322
vt 0.104111 0.535696
vt 0.101116 0.534639
vt 0.105888 0.533803
vt 0.102847 0.532786
vt 0.108969 0.535450
vt 0.110779 0.533266
vt 0.107896 0.531667
vt 0.113838 0.535995
vt 0.115935 0.533556
vt 0.112963 0.531018
vt 0.118603 0.530557
vt 0.115101 0.528106
vt 0.122138 0.533683
vt 0.124733 0.530674
vt 0.121358 0.527453
vt 0.128008 0.526933
vt 0.124450 0.523687
vt 0.131760 0.522036
vt 0.128100 0.519000
vt 0.135518 0.516858
vt 0.131871 0.514004
vt 0.139210 0.511484
vt 0.135558 0.508871
vt 0.143405 0.514608
vt 0.147112 0.508934
vt 0.142873 0.506031
vt 0.151635 0.512159
vt 0.155334 0.506154
vt 0.150701 0.503114
vt 0.160041 0.509341
vt 0.163766 0.503062
vt 0.158942 0.500033
vt 0.168554 0.506171
vt 0.172325 0.499652
vt 0.167403 0.496676
vt 0.177148 0.502729
vt 0.180954 0.496019
vt 0.176022 0.493043
vt 0.185753 0.499167
vt 0.189522 0.492183
vt 0.184703 0.489213
vt 0.190542 0.502044
vt 0.194347 0.494887
vt 0.199317 0.497763
vt 0.203235 0.490216
vt 0.198095 0.487626
vt 0.208117 0.493210
vt 0.212460 0.484628
vt 0.206889 0.482322
vt 0.218305 0.486053
vt 0.223021 0.477641
vt 0.217344 0.476056
vt 0.228579 0.479173
vt 0.233438 0.471220
vt 0.228064 0.469536
vt 0.239063 0.472814
vt 0.243733 0.464840
vt 0.238324 0.463314
vt 0.249698 0.466352
vt 0.254112 0.458195
vt 0.248183 0.456810
vt 0.260436 0.459759
vt 0.264783 0.451516
vt 0.258256 0.449998
vt 0.271615 0.453559
vt 0.276086 0.445332
vt 0.268852 0.443243
vt 0.278426 0.456086
vt 0.283258 0.448113
vt 0.285318 0.459039
vt 0.290302 0.450733
vt 0.291076 0.464822
vt 0.296976 0.455390
vt 0.296485 0.471803
vt 0.303027 0.462734
vt 0.301206 0.477078
vt 0.308210 0.469538
vt 0.304659 0.479007
vt 0.312146 0.471997
vt 0.307646 0.481091
vt 0.315125 0.474427
vt 0.310098 0.483302
vt 0.317674 0.477049
vt 0.312429 0.485859
vt 0.320182 0.480103
vt 0.314732 0.488924
vt 0.322858 0.483808
vt 0.326311 0.487553
vt 0.334941 0.483497
vt 0.331973 0.479429
vt 0.333457 0.481463
vt 0.329218 0.491115
vt 0.332079 0.487306
vt 0.325249 0.493621
vt 0.052488 0.432556
vt 0.049972 0.431641
vt 0.050943 0.429490
vt 0.049399 0.426424
vt 0.054481 0.428213
vt 0.057545 0.434411
vt 0.059584 0.430028
vt 0.051462 0.434718
vt 0.062615 0.436292
vt 0.064702 0.431869
vt 0.067690 0.438200
vt 0.069831 0.433738
vt 0.072763 0.440140
vt 0.074972 0.435637
vt 0.077834 0.442128
vt 0.080124 0.437567
vt 0.075520 0.446632
vt 0.080477 0.448724
vt 0.082909 0.444160
vt 0.078057 0.453197
vt 0.082848 0.455440
vt 0.085448 0.450873
vt 0.080591 0.460204
vt 0.085482 0.462709
vt 0.087767 0.457737
vt 0.082929 0.467680
vt 0.087607 0.470505
vt 0.090343 0.465396
vt 0.084757 0.475531
vt 0.089200 0.478643
vt 0.092238 0.473418
vt 0.086103 0.483834
vt 0.090296 0.486718
vt 0.093425 0.481744
vt 0.086926 0.491335
vt 0.090824 0.493436
vt 0.094135 0.488512
vt 0.087486 0.498082
vt 0.090403 0.499639
vt 0.093801 0.494872
vt 0.087065 0.504031
vt 0.089526 0.505437
vt 0.092870 0.500915
vt 0.086607 0.509244
vt 0.088714 0.510561
vt 0.091675 0.506646
vt 0.084222 0.512295
vt 0.086219 0.513668
vt 0.082406 0.514563
vt 0.084244 0.516082
vt 0.080970 0.516562
vt 0.082778 0.518253
vt 0.079444 0.518117
vt 0.081243 0.520143
vt 0.078205 0.519689
vt 0.079735 0.522044
vt 0.076978 0.521130
vt 0.078401 0.523563
vt 0.075740 0.522433
vt 0.077108 0.524983
vt 0.074731 0.523188
vt 0.075981 0.525290
vt 0.073512 0.523868
vt 0.074765 0.526027
vt 0.072304 0.524620
vt 0.073536 0.526627
vt 0.071107 0.525375
vt 0.072361 0.527210
vt 0.069928 0.526133
vt 0.071180 0.527799
vt 0.068716 0.526894
vt 0.070001 0.528370
vt 0.095441 0.537067
vt 0.094247 0.538506
vt 0.092044 0.537463
vt 0.093044 0.536158
vt 0.096771 0.535423
vt 0.094294 0.534602
vt 0.098267 0.533690
vt 0.095760 0.532939
vt 0.099960 0.531863
vt 0.097320 0.531109
vt 0.101937 0.529741
vt 0.099384 0.528898
vt 0.104793 0.530677
vt 0.107098 0.528287
vt 0.104365 0.527295
vt 0.110089 0.529301
vt 0.112642 0.526467
vt 0.109743 0.525501
vt 0.115454 0.523405
vt 0.112712 0.522349
vt 0.117933 0.525230
vt 0.121305 0.521230
vt 0.119142 0.519424
vt 0.125152 0.516504
vt 0.122290 0.515047
vt 0.129187 0.511812
vt 0.126298 0.510497
vt 0.132454 0.506890
vt 0.129273 0.505641
vt 0.136370 0.501884
vt 0.133153 0.500619
vt 0.139256 0.503681
vt 0.142715 0.498135
vt 0.139216 0.496743
vt 0.146437 0.500423
vt 0.149986 0.494734
vt 0.146673 0.492751
vt 0.154228 0.497198
vt 0.157646 0.491176
vt 0.153380 0.488964
vt 0.162431 0.493798
vt 0.165802 0.487490
vt 0.160882 0.485099
vt 0.170945 0.490203
vt 0.174360 0.483621
vt 0.168963 0.481126
vt 0.179619 0.486340
vt 0.183123 0.479479
vt 0.177592 0.476839
vt 0.188351 0.482230
vt 0.191910 0.475078
vt 0.186610 0.472361
vt 0.193247 0.485026
vt 0.197029 0.477689
vt 0.201568 0.480376
vt 0.206025 0.472475
vt 0.200633 0.470117
vt 0.211726 0.474283
vt 0.216766 0.466072
vt 0.211032 0.464406
vt 0.222478 0.467766
vt 0.227674 0.459709
vt 0.221862 0.457990
vt 0.233181 0.461587
vt 0.238102 0.453697
vt 0.232748 0.451706
vt 0.243022 0.455401
vt 0.247279 0.447675
vt 0.242868 0.445748
vt 0.252340 0.448831
vt 0.255994 0.440962
vt 0.250999 0.439383
vt 0.262109 0.441806
vt 0.265480 0.433451
vt 0.259070 0.432572
vt 0.272606 0.434864
vt 0.275902 0.426356
vt 0.268477 0.424782
vt 0.280426 0.436969
vt 0.283673 0.428429
vt 0.287537 0.440568
vt 0.290772 0.432359
vt 0.295229 0.442858
vt 0.299370 0.434415
vt 0.301881 0.425883
vt 0.293277 0.423344
vt 0.302641 0.416879
vt 0.294609 0.413993
vt 0.302263 0.406929
vt 0.295119 0.404161
vt 0.301167 0.395810
vt 0.295180 0.393823
vt 0.299951 0.384245
vt 0.294660 0.383028
vt 0.304903 0.385086
vt 0.303413 0.373429
vt 0.298918 0.372930
vt 0.310288 0.385595
vt 0.308150 0.373819
vt 0.316437 0.385350
vt 0.313766 0.373805
vt 0.322985 0.384895
vt 0.319891 0.373567
vt 0.326625 0.394961
vt 0.331790 0.405759
vt 0.338411 0.400788
vt 0.339860 0.416361
vt 0.343502 0.409769
vt 0.349529 0.425122
vt 0.350648 0.418359
vt 0.348910 0.430358
vt 0.359450 0.436562
vt 0.359069 0.431308
vt 0.348775 0.435091
vt 0.360299 0.441604
vt 0.370115 0.446016
vt 0.368837 0.441365
vt 0.369476 0.443691
vt 0.371135 0.448482
vt 0.372155 0.450947
vt 0.366862 0.448841
vt 0.361396 0.462296
vt 0.364513 0.460315
vt 0.357322 0.462486
vt 0.353248 0.462676
vt 0.345184 0.464402
vt 0.354672 0.465121
vt 0.356096 0.467567
vt 0.347599 0.468930
vt 0.342853 0.459719
vt 0.333174 0.463579
vt 0.335798 0.467576
vt 0.323483 0.468334
vt 0.326145 0.471652
vt 0.320701 0.465325
vt 0.316345 0.461108
vt 0.329013 0.475436
vt 0.338454 0.471637
vt 0.341175 0.476088
vt 0.336574 0.477759
vt 0.349945 0.473581
vt 0.345560 0.474835
vt 0.051279 0.422102
vt 0.046168 0.420389
vt 0.047048 0.418240
vt 0.047929 0.416092
vt 0.053094 0.417759
vt 0.044339 0.424667
vt 0.045253 0.422528
vt 0.046869 0.425545
vt 0.056414 0.423848
vt 0.058288 0.419461
vt 0.061570 0.425619
vt 0.063502 0.421190
vt 0.066741 0.427420
vt 0.068731 0.422943
vt 0.071927 0.429246
vt 0.073971 0.424713
vt 0.077131 0.431086
vt 0.079227 0.426490
vt 0.082354 0.432946
vt 0.084508 0.428274
vt 0.087610 0.434819
vt 0.089832 0.430056
vt 0.085296 0.439521
vt 0.090493 0.441487
vt 0.092908 0.436701
vt 0.088006 0.446214
vt 0.093090 0.448257
vt 0.095680 0.443441
vt 0.090468 0.453044
vt 0.095443 0.455077
vt 0.098119 0.450242
vt 0.092878 0.460105
vt 0.097902 0.463004
vt 0.100373 0.457320
vt 0.094998 0.468253
vt 0.099845 0.470717
vt 0.102887 0.465194
vt 0.096623 0.476434
vt 0.100808 0.477928
vt 0.103785 0.472467
vt 0.097471 0.483356
vt 0.100533 0.484695
vt 0.103751 0.479635
vt 0.097191 0.489843
vt 0.099761 0.490920
vt 0.103050 0.485751
vt 0.096366 0.496030
vt 0.098585 0.496977
vt 0.102036 0.491804
vt 0.095069 0.501997
vt 0.097225 0.503032
vt 0.100787 0.497878
vt 0.093759 0.507798
vt 0.095660 0.508773
vt 0.099241 0.503881
vt 0.090677 0.511779
vt 0.092501 0.512810
vt 0.088035 0.515026
vt 0.089704 0.516213
vt 0.085869 0.517554
vt 0.087285 0.518946
vt 0.084199 0.519901
vt 0.085557 0.521186
vt 0.082620 0.521902
vt 0.083851 0.523280
vt 0.080920 0.524100
vt 0.082210 0.525280
vt 0.079296 0.526202
vt 0.080495 0.527373
vt 0.077915 0.527573
vt 0.076628 0.527630
vt 0.075428 0.528310
vt 0.074214 0.528771
vt 0.074412 0.530827
vt 0.073018 0.529165
vt 0.073289 0.531176
vt 0.071895 0.529541
vt 0.070785 0.529832
vt 0.090903 0.535286
vt 0.089917 0.536628
vt 0.092052 0.533797
vt 0.089974 0.532952
vt 0.093357 0.532151
vt 0.091341 0.531337
vt 0.095023 0.530320
vt 0.092956 0.529521
vt 0.097148 0.528053
vt 0.095191 0.527187
vt 0.099723 0.525472
vt 0.097715 0.524655
vt 0.101895 0.526354
vt 0.104717 0.523611
vt 0.102468 0.522669
vt 0.107058 0.524546
vt 0.110153 0.521380
vt 0.107821 0.520318
vt 0.113890 0.517249
vt 0.111507 0.516241
vt 0.116516 0.518241
vt 0.119965 0.513911
vt 0.117745 0.512817
vt 0.123519 0.509324
vt 0.121205 0.508032
vt 0.127027 0.504272
vt 0.124739 0.502966
vt 0.130654 0.499128
vt 0.128223 0.497718
vt 0.134029 0.493708
vt 0.131531 0.492284
vt 0.136615 0.495203
vt 0.140010 0.489659
vt 0.137184 0.488120
vt 0.143043 0.491347
vt 0.146276 0.485565
vt 0.143151 0.483960
vt 0.149652 0.487206
vt 0.152771 0.481353
vt 0.149374 0.479719
vt 0.156577 0.483105
vt 0.159603 0.477093
vt 0.155808 0.475397
vt 0.163869 0.478975
vt 0.166770 0.472776
vt 0.162496 0.471012
vt 0.171560 0.474931
vt 0.174995 0.468560
vt 0.169440 0.466492
vt 0.181052 0.470240
vt 0.184954 0.463811
vt 0.179177 0.462085
vt 0.190438 0.465517
vt 0.194557 0.458909
vt 0.189057 0.457199
vt 0.195350 0.467868
vt 0.199962 0.460770
vt 0.205435 0.462628
vt 0.210237 0.454942
vt 0.204615 0.453434
vt 0.216005 0.456446
vt 0.220836 0.448489
vt 0.214918 0.447186
vt 0.226882 0.449933
vt 0.231698 0.441728
vt 0.225348 0.440425
vt 0.237640 0.443543
vt 0.242081 0.435103
vt 0.235980 0.433208
vt 0.246527 0.437372
vt 0.249974 0.428765
vt 0.245489 0.426792
vt 0.254172 0.430574
vt 0.257063 0.421809
vt 0.253228 0.420263
vt 0.261930 0.423498
vt 0.263960 0.414310
vt 0.259590 0.412969
vt 0.270111 0.415811
vt 0.271779 0.406803
vt 0.265806 0.405331
vt 0.277657 0.417546
vt 0.279064 0.408542
vt 0.285654 0.419956
vt 0.287173 0.410957
vt 0.288205 0.401626
vt 0.280181 0.399460
vt 0.288611 0.391833
vt 0.280779 0.390230
vt 0.288373 0.381738
vt 0.281009 0.380804
vt 0.287705 0.371554
vt 0.280822 0.371317
vt 0.293971 0.372248
vt 0.293004 0.361816
vt 0.286782 0.361635
vt 0.297946 0.362064
vt 0.296892 0.351790
vt 0.291831 0.351829
vt 0.302210 0.362300
vt 0.301032 0.351789
vt 0.306569 0.362509
vt 0.305054 0.351621
vt 0.311548 0.362280
vt 0.309447 0.351349
vt 0.317049 0.361408
vt 0.314088 0.350395
vt 0.322809 0.360559
vt 0.319241 0.347192
vt 0.329643 0.361950
vt 0.325863 0.348046
vt 0.337007 0.366708
vt 0.333185 0.352467
vt 0.374202 0.389570
vt 0.376070 0.385148
vt 0.383900 0.383179
vt 0.382346 0.388204
vt 0.368832 0.386145
vt 0.365039 0.389910
vt 0.358962 0.394633
vt 0.372316 0.393915
vt 0.344550 0.394525
vt 0.350804 0.388553
vt 0.348878 0.402000
vt 0.354257 0.410010
vt 0.361006 0.402540
vt 0.360522 0.417892
vt 0.364771 0.410888
vt 0.359133 0.425132
vt 0.367208 0.431167
vt 0.367558 0.425266
vt 0.367524 0.433861
vt 0.367841 0.436555
vt 0.368339 0.438960
vt 0.353020 0.470574
vt 0.475379 0.880721
vt 0.473136 0.875179
vt 0.475512 0.874337
vt 0.477888 0.873495
vt 0.480049 0.879104
vt 0.468438 0.876952
vt 0.470787 0.876065
vt 0.470760 0.882423
vt 0.469599 0.879687
vt 0.477506 0.886311
vt 0.482089 0.884750
vt 0.472968 0.887948
vt 0.471864 0.885186
vt 0.479518 0.891944
vt 0.484012 0.890430
vt 0.475066 0.893527
vt 0.474017 0.890738
vt 0.481414 0.897618
vt 0.485814 0.896139
vt 0.477055 0.899157
vt 0.476061 0.896342
vt 0.044440 0.410189
vt 0.039297 0.408636
vt 0.040817 0.404393
vt 0.046014 0.405900
vt 0.037705 0.412857
vt 0.042798 0.414458
vt 0.040251 0.413658
vt 0.049623 0.411775
vt 0.051260 0.407441
vt 0.045363 0.415275
vt 0.054851 0.413399
vt 0.056550 0.409020
vt 0.060106 0.415053
vt 0.061873 0.410628
vt 0.065379 0.416733
vt 0.067202 0.412255
vt 0.070660 0.418432
vt 0.072524 0.413893
vt 0.075946 0.420139
vt 0.077838 0.415531
vt 0.081239 0.421849
vt 0.083149 0.417163
vt 0.086552 0.423548
vt 0.088466 0.418786
vt 0.091888 0.425236
vt 0.093759 0.420397
vt 0.097191 0.426872
vt 0.098940 0.422015
vt 0.095272 0.431832
vt 0.100530 0.433762
vt 0.102290 0.428769
vt 0.098222 0.438601
vt 0.103361 0.440373
vt 0.105389 0.435452
vt 0.100775 0.445294
vt 0.105563 0.446956
vt 0.107666 0.441969
vt 0.103116 0.452038
vt 0.107388 0.454228
vt 0.109549 0.448815
vt 0.105219 0.459774
vt 0.108699 0.461459
vt 0.111080 0.455990
vt 0.106212 0.466987
vt 0.109206 0.468518
vt 0.111656 0.462924
vt 0.106718 0.474214
vt 0.109313 0.475273
vt 0.111765 0.469779
vt 0.106257 0.480532
vt 0.108567 0.481375
vt 0.111491 0.476207
vt 0.105381 0.486599
vt 0.107719 0.487354
vt 0.110877 0.482093
vt 0.104293 0.492627
vt 0.106482 0.493320
vt 0.109901 0.487970
vt 0.102905 0.498666
vt 0.104937 0.499384
vt 0.108592 0.493962
vt 0.101106 0.504621
vt 0.102815 0.505319
vt 0.106776 0.500139
vt 0.097382 0.509523
vt 0.098983 0.510237
vt 0.094053 0.513766
vt 0.095529 0.514621
vt 0.091150 0.517281
vt 0.092596 0.518079
vt 0.088617 0.520117
vt 0.089861 0.521186
vt 0.086693 0.522444
vt 0.087633 0.523691
vt 0.084930 0.524513
vt 0.085980 0.525606
vt 0.083248 0.526489
vt 0.084262 0.527583
vt 0.081758 0.528330
vt 0.082774 0.529358
vt 0.080286 0.530077
vt 0.081522 0.530998
vt 0.083808 0.530353
vt 0.085271 0.528616
vt 0.082660 0.531783
vt 0.083880 0.532498
vt 0.085142 0.530930
vt 0.074293 0.532748
vt 0.074302 0.533922
vt 0.073026 0.534215
vt 0.073107 0.533021
vt 0.071795 0.534236
vt 0.086552 0.531473
vt 0.088025 0.529915
vt 0.086509 0.529395
vt 0.088125 0.532083
vt 0.089562 0.530521
vt 0.091233 0.528751
vt 0.089624 0.528132
vt 0.093359 0.526480
vt 0.091697 0.525901
vt 0.095872 0.523894
vt 0.094252 0.523192
vt 0.098733 0.520812
vt 0.097059 0.520133
vt 0.100512 0.521750
vt 0.103595 0.518448
vt 0.102000 0.517174
vt 0.105655 0.519302
vt 0.109262 0.515225
vt 0.107140 0.514314
vt 0.113233 0.510674
vt 0.111223 0.509634
vt 0.115430 0.511734
vt 0.118932 0.506835
vt 0.116834 0.505706
vt 0.122472 0.501683
vt 0.120454 0.500501
vt 0.125980 0.496407
vt 0.123827 0.495143
vt 0.129180 0.490946
vt 0.126952 0.489680
vt 0.132150 0.485349
vt 0.129939 0.484145
vt 0.134574 0.486681
vt 0.137444 0.480959
vt 0.135024 0.479678
vt 0.140239 0.482426
vt 0.143157 0.476604
vt 0.140300 0.475158
vt 0.146167 0.478126
vt 0.149128 0.472200
vt 0.146026 0.470674
vt 0.152340 0.473771
vt 0.155271 0.467750
vt 0.151991 0.466156
vt 0.158685 0.469374
vt 0.161627 0.463303
vt 0.158190 0.461613
vt 0.165105 0.465038
vt 0.168446 0.458830
vt 0.164477 0.457279
vt 0.173448 0.460301
vt 0.177432 0.453932
vt 0.172228 0.452475
vt 0.183293 0.455591
vt 0.187466 0.448997
vt 0.181504 0.447508
vt 0.193324 0.450407
vt 0.197741 0.443439
vt 0.191717 0.442269
vt 0.198993 0.451885
vt 0.203549 0.444660
vt 0.209266 0.445945
vt 0.213832 0.438381
vt 0.208183 0.437328
vt 0.219257 0.439366
vt 0.223055 0.431502
vt 0.218023 0.430816
vt 0.229370 0.432155
vt 0.232821 0.423767
vt 0.226444 0.423584
vt 0.239561 0.424394
vt 0.242627 0.416040
vt 0.235759 0.415522
vt 0.248750 0.418179
vt 0.251387 0.409757
vt 0.245382 0.408219
vt 0.255758 0.411589
vt 0.257683 0.403016
vt 0.253231 0.401668
vt 0.261595 0.404183
vt 0.263480 0.395590
vt 0.259417 0.394674
vt 0.267626 0.396567
vt 0.269200 0.387928
vt 0.264884 0.387037
vt 0.273120 0.397861
vt 0.274340 0.388994
vt 0.274960 0.380054
vt 0.270013 0.379292
vt 0.275103 0.371094
vt 0.270263 0.370706
vt 0.274541 0.362166
vt 0.269957 0.362152
vt 0.280111 0.361969
vt 0.279065 0.352934
vt 0.273708 0.353364
vt 0.285604 0.352136
vt 0.284141 0.342981
vt 0.277892 0.343925
vt 0.290337 0.342268
vt 0.288850 0.332968
vt 0.282867 0.333959
vt 0.295528 0.341937
vt 0.294012 0.332297
vt 0.299665 0.341862
vt 0.298259 0.331838
vt 0.303327 0.341682
vt 0.301998 0.331626
vt 0.307267 0.340501
vt 0.305711 0.329877
vt 0.311669 0.338618
vt 0.309860 0.327329
vt 0.316648 0.334495
vt 0.314687 0.323781
vt 0.323157 0.334700
vt 0.321010 0.322045
vt 0.330430 0.338669
vt 0.328332 0.325178
vt 0.390161 0.386238
vt 0.391458 0.381159
vt 0.398952 0.379511
vt 0.397967 0.384355
vt 0.389385 0.390889
vt 0.397346 0.388780
vt 0.381290 0.392919
vt 0.380725 0.398038
vt 0.389161 0.395613
vt 0.371165 0.399406
vt 0.371714 0.406276
vt 0.380760 0.403709
vt 0.374655 0.413124
vt 0.382247 0.409567
vt 0.370032 0.418762
vt 0.375963 0.425241
vt 0.379862 0.419598
vt 0.374704 0.430703
vt 0.381510 0.434692
vt 0.381610 0.432262
vt 0.375183 0.435755
vt 0.378347 0.435223
vt 0.371196 0.433461
vt 0.410165 0.428226
vt 0.407463 0.429433
vt 0.404760 0.430639
vt 0.401112 0.424283
vt 0.407350 0.422199
vt 0.402180 0.432225
vt 0.399601 0.433811
vt 0.396067 0.427693
vt 0.391505 0.421234
vt 0.397293 0.418004
vt 0.395447 0.432566
vt 0.403984 0.416233
vt 0.393642 0.412596
vt 0.400647 0.409983
vt 0.386255 0.415336
vt 0.390889 0.406630
vt 0.398449 0.403739
vt 0.389572 0.400948
vt 0.397364 0.398147
vt 0.405473 0.401217
vt 0.405068 0.396105
vt 0.407250 0.407047
vt 0.414862 0.406086
vt 0.413176 0.400024
vt 0.409948 0.413256
vt 0.417175 0.412309
vt 0.413015 0.419679
vt 0.419354 0.418368
vt 0.415621 0.426177
vt 0.421138 0.424347
vt 0.418379 0.425262
vt 0.414379 0.430370
vt 0.417107 0.429346
vt 0.418593 0.432514
vt 0.415955 0.433280
vt 0.484768 0.877573
vt 0.482694 0.871905
vt 0.485123 0.871158
vt 0.487551 0.870411
vt 0.489535 0.876132
vt 0.480291 0.872700
vt 0.486718 0.883268
vt 0.491394 0.881868
vt 0.488547 0.888985
vt 0.493125 0.887610
vt 0.490256 0.894720
vt 0.494733 0.893355
vt 0.047535 0.401587
vt 0.042268 0.400130
vt 0.043648 0.395856
vt 0.049012 0.397259
vt 0.052852 0.403083
vt 0.054438 0.398710
vt 0.058216 0.404623
vt 0.059892 0.400208
vt 0.063597 0.406187
vt 0.065309 0.401727
vt 0.068965 0.407759
vt 0.070671 0.403248
vt 0.074307 0.409328
vt 0.076000 0.404748
vt 0.079633 0.410893
vt 0.081324 0.406233
vt 0.084948 0.412449
vt 0.086645 0.407712
vt 0.090256 0.414001
vt 0.091961 0.409193
vt 0.095530 0.415558
vt 0.097274 0.410688
vt 0.100759 0.417156
vt 0.102587 0.412195
vt 0.105967 0.418757
vt 0.107928 0.413697
vt 0.103987 0.423745
vt 0.108952 0.425429
vt 0.111071 0.420281
vt 0.107096 0.430487
vt 0.111368 0.431924
vt 0.113681 0.426835
vt 0.109414 0.436949
vt 0.113154 0.438226
vt 0.115433 0.433180
vt 0.111419 0.443448
vt 0.115029 0.444933
vt 0.116823 0.439486
vt 0.113128 0.450444
vt 0.116282 0.451838
vt 0.118165 0.446225
vt 0.114093 0.457395
vt 0.116740 0.458645
vt 0.119047 0.453042
vt 0.114242 0.464197
vt 0.116500 0.465372
vt 0.119277 0.459888
vt 0.114135 0.470828
vt 0.116566 0.471571
vt 0.118956 0.466158
vt 0.113841 0.476835
vt 0.116042 0.477449
vt 0.118897 0.472153
vt 0.113031 0.482705
vt 0.115011 0.483254
vt 0.118060 0.478080
vt 0.112014 0.488514
vt 0.113638 0.489423
vt 0.116631 0.484006
vt 0.110404 0.494737
vt 0.111837 0.495706
vt 0.115188 0.490274
vt 0.108315 0.501044
vt 0.109858 0.501871
vt 0.113329 0.496574
vt 0.104389 0.506090
vt 0.105939 0.506874
vt 0.100550 0.510944
vt 0.102101 0.511624
vt 0.097120 0.515204
vt 0.098667 0.515844
vt 0.094028 0.518822
vt 0.095506 0.519502
vt 0.091278 0.521906
vt 0.092735 0.522569
vt 0.088877 0.524537
vt 0.090146 0.525370
vt 0.087090 0.526568
vt 0.088096 0.527599
vt 0.100241 0.516495
vt 0.103698 0.512307
vt 0.105508 0.513024
vt 0.109426 0.508456
vt 0.107555 0.507635
vt 0.113280 0.503395
vt 0.111457 0.502648
vt 0.114930 0.504567
vt 0.118466 0.499307
vt 0.116561 0.498276
vt 0.121718 0.493949
vt 0.119794 0.492904
vt 0.124797 0.488491
vt 0.122861 0.487437
vt 0.127803 0.483004
vt 0.125858 0.481966
vt 0.130643 0.477416
vt 0.128758 0.476464
vt 0.132776 0.478503
vt 0.135584 0.472811
vt 0.133391 0.471769
vt 0.137825 0.473913
vt 0.140712 0.468117
vt 0.138381 0.467060
vt 0.143138 0.469268
vt 0.145999 0.463336
vt 0.143481 0.462244
vt 0.148805 0.464625
vt 0.151545 0.458449
vt 0.148473 0.457272
vt 0.154870 0.460017
vt 0.157647 0.453826
vt 0.154607 0.452432
vt 0.161251 0.455239
vt 0.164702 0.448974
vt 0.161227 0.447896
vt 0.167913 0.451232
vt 0.171193 0.444962
vt 0.168021 0.442927
vt 0.175803 0.446029
vt 0.179576 0.439612
vt 0.174200 0.438315
vt 0.185582 0.440996
vt 0.189702 0.434386
vt 0.183498 0.433189
vt 0.196053 0.435418
vt 0.200442 0.428445
vt 0.193813 0.427683
vt 0.202294 0.436344
vt 0.206905 0.429118
vt 0.212935 0.429943
vt 0.217203 0.422543
vt 0.211414 0.421804
vt 0.221693 0.423233
vt 0.225085 0.415618
vt 0.220476 0.415103
vt 0.229948 0.415775
vt 0.232891 0.407892
vt 0.228128 0.407898
vt 0.238647 0.407607
vt 0.240697 0.399655
vt 0.235256 0.400157
vt 0.246803 0.400771
vt 0.248263 0.392919
vt 0.242469 0.392029
vt 0.254542 0.393785
vt 0.255393 0.385789
vt 0.249434 0.385066
vt 0.260453 0.386421
vt 0.261107 0.378151
vt 0.256060 0.377723
vt 0.265594 0.378607
vt 0.265960 0.370305
vt 0.261513 0.369929
vt 0.265862 0.362023
vt 0.261410 0.362002
vt 0.265111 0.353890
vt 0.260663 0.354487
vt 0.269138 0.353680
vt 0.268404 0.345509
vt 0.264756 0.345918
vt 0.272737 0.344875
vt 0.272871 0.336189
vt 0.268808 0.337170
vt 0.277553 0.334650
vt 0.277115 0.326031
vt 0.272735 0.327396
vt 0.281716 0.325103
vt 0.280439 0.316684
vt 0.275744 0.317948
vt 0.287369 0.323982
vt 0.286145 0.315202
vt 0.292538 0.322992
vt 0.291111 0.314269
vt 0.296641 0.322467
vt 0.295426 0.312872
vt 0.300426 0.321257
vt 0.299151 0.311278
vt 0.304186 0.319536
vt 0.302938 0.309595
vt 0.308439 0.317090
vt 0.307232 0.307195
vt 0.313542 0.313707
vt 0.312372 0.304167
vt 0.319748 0.311009
vt 0.318557 0.301580
vt 0.326750 0.312674
vt 0.325276 0.301894
vt 0.405704 0.382929
vt 0.406224 0.378346
vt 0.413030 0.377283
vt 0.412823 0.381829
vt 0.405331 0.387178
vt 0.413318 0.385917
vt 0.405071 0.391490
vt 0.413201 0.390285
vt 0.397109 0.393240
vt 0.412842 0.394863
vt 0.421144 0.393766
vt 0.421304 0.388661
vt 0.421472 0.399417
vt 0.429255 0.399221
vt 0.429213 0.392850
vt 0.422452 0.405329
vt 0.429731 0.404972
vt 0.424032 0.410960
vt 0.430305 0.410013
vt 0.425107 0.416603
vt 0.431048 0.415162
vt 0.426742 0.422578
vt 0.432305 0.420962
vt 0.429524 0.421770
vt 0.423940 0.423463
vt 0.430154 0.385517
vt 0.427894 0.382226
vt 0.420740 0.384576
vt 0.426281 0.378805
vt 0.419658 0.380647
vt 0.424781 0.374660
vt 0.419206 0.376217
vt 0.316519 0.285716
vt 0.322423 0.283939
vt 0.323791 0.292180
vt 0.317220 0.293472
vt 0.310326 0.287458
vt 0.311184 0.295682
vt 0.304518 0.289426
vt 0.306084 0.298330
vt 0.300109 0.291190
vt 0.301822 0.300060
vt 0.296632 0.292718
vt 0.298031 0.301391
vt 0.293373 0.294098
vt 0.294396 0.303239
vt 0.289497 0.295518
vt 0.290277 0.305021
vt 0.283960 0.297610
vt 0.284743 0.306876
vt 0.277214 0.300579
vt 0.279103 0.308367
vt 0.272815 0.302277
vt 0.274919 0.309668
vt 0.269888 0.303310
vt 0.271250 0.311084
vt 0.267155 0.304234
vt 0.267619 0.312444
vt 0.264124 0.305137
vt 0.264410 0.313404
vt 0.260770 0.306055
vt 0.260969 0.314477
vt 0.256254 0.307280
vt 0.256310 0.315853
vt 0.251566 0.308529
vt 0.251662 0.316811
vt 0.246594 0.309866
vt 0.247344 0.317969
vt 0.242864 0.310684
vt 0.243958 0.318175
vt 0.240251 0.311256
vt 0.241062 0.318447
vt 0.237907 0.311751
vt 0.238216 0.319001
vt 0.234852 0.312323
vt 0.234858 0.319602
vt 0.231440 0.312901
vt 0.230993 0.320164
vt 0.227267 0.313544
vt 0.227125 0.320517
vt 0.222289 0.314319
vt 0.222250 0.321337
vt 0.216036 0.315296
vt 0.215744 0.322340
vt 0.209438 0.316366
vt 0.208993 0.323271
vt 0.203203 0.317401
vt 0.202663 0.324165
vt 0.198119 0.318217
vt 0.197543 0.324916
vt 0.193466 0.318892
vt 0.192794 0.325528
vt 0.189080 0.319449
vt 0.188448 0.325997
vt 0.185609 0.319797
vt 0.185023 0.326195
vt 0.182471 0.320086
vt 0.182116 0.326349
vt 0.179781 0.320317
vt 0.179525 0.326527
vt 0.177504 0.320465
vt 0.177322 0.326577
vt 0.175371 0.320599
vt 0.175365 0.326687
vt 0.173253 0.320702
vt 0.173426 0.326831
vt 0.171074 0.320785
vt 0.171364 0.326866
vt 0.168788 0.320893
vt 0.168860 0.326895
vt 0.166244 0.321007
vt 0.165913 0.327040
vt 0.163141 0.321100
vt 0.162658 0.327135
vt 0.159459 0.321198
vt 0.158925 0.327195
vt 0.155063 0.321285
vt 0.154518 0.327239
vt 0.149842 0.321350
vt 0.149940 0.327325
vt 0.144147 0.321461
vt 0.144241 0.327134
vt 0.138410 0.321549
vt 0.138507 0.327112
vt 0.132512 0.321593
vt 0.133161 0.326754
vt 0.127094 0.321596
vt 0.127398 0.326718
vt 0.121604 0.321593
vt 0.121365 0.326931
vt 0.115543 0.321616
vt 0.115248 0.327026
vt 0.108947 0.321596
vt 0.109264 0.327170
vt 0.102326 0.321492
vt 0.103195 0.326954
vt 0.096142 0.321412
vt 0.096958 0.326629
vt 0.090253 0.321318
vt 0.090969 0.326409
vt 0.084554 0.321210
vt 0.085166 0.326207
vt 0.078989 0.321096
vt 0.079507 0.326007
vt 0.073533 0.320978
vt 0.073961 0.325810
vt 0.068172 0.320857
vt 0.068511 0.325611
vt 0.062895 0.320730
vt 0.063146 0.325408
vt 0.057692 0.320587
vt 0.057865 0.325198
vt 0.052543 0.320409
vt 0.052666 0.324981
vt 0.576722 0.868633
vt 0.576895 0.876513
vt 0.571983 0.877392
vt 0.571487 0.870162
vt 0.576430 0.861284
vt 0.571027 0.862934
vt 0.573729 0.862109
vt 0.494353 0.874790
vt 0.492460 0.869020
vt 0.494942 0.868382
vt 0.497424 0.867744
vt 0.499230 0.873556
vt 0.490006 0.869715
vt 0.496117 0.880557
vt 0.500899 0.879346
vt 0.497743 0.886311
vt 0.502407 0.885091
vt 0.499238 0.892040
vt 0.503762 0.890769
vt 0.050456 0.392932
vt 0.044950 0.391578
vt 0.046172 0.387308
vt 0.051918 0.388625
vt 0.056064 0.394335
vt 0.057822 0.389968
vt 0.061627 0.395785
vt 0.063402 0.391351
vt 0.067009 0.397259
vt 0.068603 0.392796
vt 0.072303 0.398723
vt 0.073815 0.394162
vt 0.077598 0.400142
vt 0.079091 0.395505
vt 0.082916 0.401546
vt 0.084413 0.396820
vt 0.088251 0.402945
vt 0.089779 0.398142
vt 0.093602 0.404351
vt 0.095172 0.399465
vt 0.098968 0.405760
vt 0.100587 0.400778
vt 0.104355 0.407166
vt 0.106028 0.402078
vt 0.109762 0.408572
vt 0.111471 0.403367
vt 0.115084 0.409928
vt 0.116865 0.404616
vt 0.113099 0.415123
vt 0.117860 0.416402
vt 0.119945 0.411123
vt 0.115817 0.421652
vt 0.120149 0.422902
vt 0.122302 0.417586
vt 0.117859 0.428095
vt 0.121299 0.429143
vt 0.123842 0.423929
vt 0.119056 0.434316
vt 0.121873 0.435317
vt 0.124464 0.430090
vt 0.120237 0.440788
vt 0.123001 0.441778
vt 0.124787 0.436245
vt 0.121074 0.447391
vt 0.123765 0.448435
vt 0.125763 0.442724
vt 0.121682 0.454169
vt 0.124261 0.455206
vt 0.126363 0.449389
vt 0.121705 0.460801
vt 0.123924 0.461375
vt 0.126621 0.455925
vt 0.121252 0.466736
vt 0.123123 0.467330
vt 0.125885 0.461976
vt 0.120893 0.472752
vt 0.122531 0.473489
vt 0.124982 0.467965
vt 0.119811 0.478852
vt 0.121428 0.479476
vt 0.124124 0.474163
vt 0.118261 0.484772
vt 0.119752 0.485668
vt 0.122815 0.480298
vt 0.116654 0.491142
vt 0.118143 0.491990
vt 0.121237 0.486526
vt 0.114868 0.497408
vt 0.124272 0.481108
vt 0.127161 0.475641
vt 0.125656 0.474874
vt 0.129857 0.470081
vt 0.128258 0.469316
vt 0.131499 0.470872
vt 0.134230 0.465232
vt 0.132605 0.464508
vt 0.136157 0.466081
vt 0.138753 0.460290
vt 0.136830 0.459512
vt 0.140995 0.461207
vt 0.143373 0.455298
vt 0.141021 0.454432
vt 0.145865 0.456253
vt 0.149195 0.450580
vt 0.146554 0.449640
vt 0.151886 0.451543
vt 0.155191 0.445757
vt 0.152464 0.444817
vt 0.158128 0.446790
vt 0.161523 0.440948
vt 0.158643 0.439983
vt 0.164623 0.441934
vt 0.167960 0.436075
vt 0.164883 0.435127
vt 0.170864 0.437052
vt 0.173425 0.430941
vt 0.169950 0.429945
vt 0.177748 0.431932
vt 0.181305 0.425536
vt 0.176624 0.424612
vt 0.187365 0.426666
vt 0.191173 0.420041
vt 0.184754 0.419043
vt 0.197896 0.420854
vt 0.201976 0.413884
vt 0.194922 0.413315
vt 0.204861 0.421319
vt 0.209318 0.414038
vt 0.215456 0.414450
vt 0.219094 0.407079
vt 0.213475 0.406734
vt 0.223644 0.407556
vt 0.226439 0.400059
vt 0.222058 0.399680
vt 0.230655 0.400246
vt 0.232827 0.392664
vt 0.228869 0.392561
vt 0.237226 0.392509
vt 0.239135 0.385032
vt 0.234761 0.385162
vt 0.244020 0.384545
vt 0.245310 0.376944
vt 0.240776 0.377603
vt 0.250336 0.377257
vt 0.250973 0.369614
vt 0.246144 0.369376
vt 0.256342 0.369711
vt 0.256246 0.362145
vt 0.251072 0.362271
vt 0.255887 0.354774
vt 0.250543 0.355439
vt 0.256009 0.347227
vt 0.251236 0.348113
vt 0.260763 0.346643
vt 0.261368 0.338617
vt 0.256629 0.339577
vt 0.265255 0.337860
vt 0.265235 0.329634
vt 0.261557 0.330832
vt 0.268738 0.328624
vt 0.268079 0.320446
vt 0.264844 0.321542
vt 0.271689 0.319227
vt 0.261300 0.322915
vt 0.256767 0.324350
vt 0.257152 0.332030
vt 0.252327 0.332603
vt 0.252240 0.324661
vt 0.251715 0.340501
vt 0.247152 0.341243
vt 0.247554 0.333558
vt 0.246706 0.348883
vt 0.243347 0.348517
vt 0.243836 0.340985
vt 0.246428 0.355887
vt 0.243010 0.355915
vt 0.239601 0.355697
vt 0.240108 0.348229
vt 0.242763 0.363134
vt 0.246427 0.362423
vt 0.239253 0.363367
vt 0.235788 0.363469
vt 0.236394 0.355813
vt 0.238122 0.370755
vt 0.241968 0.370245
vt 0.234546 0.370773
vt 0.230340 0.370627
vt 0.232058 0.363501
vt 0.232709 0.377914
vt 0.236560 0.377914
vt 0.228340 0.377694
vt 0.224003 0.377154
vt 0.226082 0.370191
vt 0.226738 0.385032
vt 0.230839 0.385137
vt 0.222700 0.384445
vt 0.216229 0.384711
vt 0.218618 0.377220
vt 0.219916 0.391936
vt 0.224518 0.392330
vt 0.213280 0.392176
vt 0.205575 0.392469
vt 0.208627 0.385294
vt 0.209790 0.399555
vt 0.216993 0.399319
vt 0.202236 0.399539
vt 0.195069 0.399151
vt 0.198298 0.392334
vt 0.198642 0.406491
vt 0.206000 0.406790
vt 0.191697 0.405866
vt 0.185522 0.405183
vt 0.188606 0.398628
vt 0.188253 0.412492
vt 0.182505 0.411700
vt 0.178179 0.411048
vt 0.180968 0.404627
vt 0.179425 0.418161
vt 0.175598 0.417486
vt 0.172049 0.416876
vt 0.174360 0.410376
vt 0.172880 0.423820
vt 0.169450 0.423149
vt 0.166692 0.422015
vt 0.169120 0.415818
vt 0.166762 0.429135
vt 0.164235 0.428140
vt 0.161697 0.427212
vt 0.164192 0.421113
vt 0.161925 0.434179
vt 0.159308 0.433290
vt 0.156510 0.432345
vt 0.159269 0.426257
vt 0.155895 0.439061
vt 0.153168 0.438165
vt 0.150508 0.437355
vt 0.153727 0.431574
vt 0.149806 0.443917
vt 0.147224 0.443081
vt 0.144906 0.442352
vt 0.148103 0.436643
vt 0.144031 0.448780
vt 0.141848 0.448064
vt 0.140014 0.447426
vt 0.142915 0.441727
vt 0.139109 0.453816
vt 0.137634 0.453154
vt 0.136063 0.452588
vt 0.138260 0.446915
vt 0.135256 0.458853
vt 0.133871 0.458220
vt 0.132239 0.457725
vt 0.134419 0.452051
vt 0.131087 0.463763
vt 0.129333 0.463204
vt 0.127696 0.462534
vt 0.130523 0.457150
vt 0.126566 0.468699
vt 0.132696 0.451469
vt 0.128674 0.456551
vt 0.130731 0.450842
vt 0.134824 0.445702
vt 0.132784 0.445048
vt 0.136657 0.446320
vt 0.139018 0.440515
vt 0.136981 0.439898
vt 0.140966 0.441140
vt 0.144045 0.435452
vt 0.142015 0.434871
vt 0.146048 0.436033
vt 0.149125 0.430314
vt 0.147123 0.429770
vt 0.151239 0.430893
vt 0.154162 0.425055
vt 0.152052 0.424513
vt 0.156588 0.425642
vt 0.159283 0.419693
vt 0.156938 0.419164
vt 0.161858 0.420254
vt 0.164282 0.414356
vt 0.161850 0.413845
vt 0.166509 0.415011
vt 0.168290 0.408954
vt 0.165884 0.408501
vt 0.170868 0.409537
vt 0.173663 0.403457
vt 0.170736 0.402942
vt 0.176965 0.404037
vt 0.179595 0.397706
vt 0.176258 0.397249
vt 0.183804 0.398184
vt 0.186489 0.391654
vt 0.182127 0.391271
vt 0.191707 0.392000
vt 0.194520 0.385269
vt 0.188902 0.385051
vt 0.201246 0.385421
vt 0.203902 0.378449
vt 0.197065 0.378490
vt 0.211315 0.378073
vt 0.213686 0.370868
vt 0.206267 0.371421
vt 0.220774 0.370046
vt 0.222670 0.363100
vt 0.215836 0.363751
vt 0.228034 0.363132
vt 0.229045 0.355733
vt 0.224062 0.356116
vt 0.232720 0.356030
vt 0.233156 0.348528
vt 0.229301 0.348666
vt 0.236958 0.348336
vt 0.237539 0.341064
vt 0.233889 0.341319
vt 0.240676 0.340843
vt 0.241065 0.333485
vt 0.237961 0.333818
vt 0.244214 0.333507
vt 0.244297 0.325934
vt 0.241303 0.325979
vt 0.247682 0.325841
vt 0.238272 0.326412
vt 0.234843 0.326849
vt 0.234441 0.334132
vt 0.230717 0.334434
vt 0.231255 0.327264
vt 0.229949 0.341592
vt 0.225739 0.341972
vt 0.226609 0.334800
vt 0.225036 0.349063
vt 0.219037 0.349599
vt 0.220178 0.342523
vt 0.217633 0.356679
vt 0.210375 0.357312
vt 0.211985 0.350254
vt 0.208419 0.364366
vt 0.201677 0.364749
vt 0.203578 0.357839
vt 0.199520 0.371646
vt 0.193622 0.371718
vt 0.195681 0.364961
vt 0.191580 0.378432
vt 0.186903 0.378290
vt 0.189003 0.371677
vt 0.184566 0.384810
vt 0.180678 0.384528
vt 0.182945 0.378096
vt 0.178411 0.390881
vt 0.175400 0.390522
vt 0.177535 0.384247
vt 0.173156 0.396786
vt 0.170418 0.396356
vt 0.172718 0.390175
vt 0.168012 0.402469
vt 0.165423 0.401955
vt 0.167774 0.395909
vt 0.163894 0.407942
vt 0.161554 0.407489
vt 0.163085 0.401495
vt 0.159552 0.413379
vt 0.157560 0.412898
vt 0.159471 0.406987
vt 0.154862 0.418667
vt 0.152860 0.418164
vt 0.155589 0.412407
vt 0.150034 0.423992
vt 0.147957 0.423467
vt 0.150777 0.417676
vt 0.145054 0.429212
vt 0.142891 0.428653
vt 0.145770 0.422926
vt 0.139919 0.434294
vt 0.137625 0.433681
vt 0.140578 0.428067
vt 0.134807 0.439264
vt 0.132583 0.438675
vt 0.135204 0.433058
vt 0.130653 0.444367
vt 0.128386 0.443620
vt 0.130343 0.437853
vt 0.128620 0.450172
vt 0.132875 0.432308
vt 0.127551 0.437061
vt 0.130245 0.431655
vt 0.135660 0.426875
vt 0.132989 0.426221
vt 0.138151 0.427476
vt 0.141015 0.421835
vt 0.138507 0.421294
vt 0.143433 0.422371
vt 0.146253 0.416616
vt 0.143766 0.416093
vt 0.148595 0.417163
vt 0.151324 0.411410
vt 0.148860 0.410833
vt 0.153498 0.411943
vt 0.155448 0.406042
vt 0.153118 0.405492
vt 0.157575 0.406488
vt 0.159051 0.400482
vt 0.156798 0.400011
vt 0.161112 0.400970
vt 0.163044 0.394966
vt 0.161040 0.394525
vt 0.165262 0.395453
vt 0.167583 0.389418
vt 0.165356 0.389033
vt 0.170072 0.389804
vt 0.172237 0.383670
vt 0.169726 0.383350
vt 0.174843 0.383969
vt 0.176834 0.377626
vt 0.174100 0.377367
vt 0.179647 0.377870
vt 0.181613 0.371400
vt 0.178663 0.371205
vt 0.184851 0.371556
vt 0.186816 0.365024
vt 0.183190 0.364933
vt 0.190949 0.365047
vt 0.192558 0.358382
vt 0.188211 0.358455
vt 0.197507 0.358182
vt 0.199073 0.351390
vt 0.193940 0.351685
vt 0.205070 0.350939
vt 0.206294 0.344014
vt 0.200056 0.344569
vt 0.213277 0.343252
vt 0.214318 0.336311
vt 0.207329 0.337073
vt 0.221143 0.335476
vt 0.221867 0.328382
vt 0.215152 0.329355
vt 0.227362 0.327469
vt 0.208253 0.330164
vt 0.201905 0.330939
vt 0.201080 0.337740
vt 0.196147 0.338240
vt 0.196894 0.331564
vt 0.195250 0.344954
vt 0.190908 0.345232
vt 0.191783 0.338601
vt 0.189597 0.351865
vt 0.186119 0.351923
vt 0.187242 0.345387
vt 0.184842 0.358442
vt 0.181703 0.358380
vt 0.182951 0.351926
vt 0.180222 0.364796
vt 0.177298 0.364622
vt 0.178688 0.358277
vt 0.175822 0.370971
vt 0.173173 0.370724
vt 0.174618 0.364429
vt 0.171535 0.377087
vt 0.169322 0.376816
vt 0.170974 0.370498
vt 0.167425 0.383030
vt 0.165187 0.382690
vt 0.167074 0.376534
vt 0.163169 0.388648
vt 0.160912 0.388293
vt 0.162824 0.382347
vt 0.158860 0.394160
vt 0.156602 0.393768
vt 0.158609 0.387927
vt 0.154556 0.399555
vt 0.152499 0.399138
vt 0.154348 0.393407
vt 0.150830 0.404934
vt 0.148466 0.404564
vt 0.150322 0.398840
vt 0.146308 0.410330
vt 0.143805 0.409899
vt 0.146083 0.404190
vt 0.141244 0.415605
vt 0.138466 0.415096
vt 0.141108 0.409460
vt 0.135778 0.420713
vt 0.132857 0.420086
vt 0.135448 0.414531
vt 0.130162 0.425541
vt 0.127187 0.424806
vt 0.129836 0.419431
vt 0.127402 0.430903
vt 0.132287 0.413934
vt 0.126323 0.418609
vt 0.128675 0.413180
vt 0.134742 0.408367
vt 0.130984 0.407666
vt 0.137985 0.408927
vt 0.140440 0.403291
vt 0.137166 0.402768
vt 0.143529 0.403782
vt 0.145518 0.398113
vt 0.142638 0.397636
vt 0.148054 0.398505
vt 0.149861 0.392788
vt 0.147363 0.392441
vt 0.152127 0.393098
vt 0.153920 0.387294
vt 0.151575 0.386999
vt 0.156259 0.387583
vt 0.158060 0.381702
vt 0.155648 0.381394
vt 0.160452 0.382021
vt 0.162241 0.375958
vt 0.159792 0.375689
vt 0.164685 0.376246
vt 0.166438 0.370047
vt 0.163896 0.369818
vt 0.168857 0.370276
vt 0.170328 0.364078
vt 0.168094 0.363908
vt 0.172401 0.364254
vt 0.173759 0.358030
vt 0.171559 0.357899
vt 0.176022 0.358155
vt 0.177160 0.351810
vt 0.174830 0.351721
vt 0.179900 0.351882
vt 0.180927 0.345466
vt 0.178158 0.345445
vt 0.183969 0.345450
vt 0.184721 0.338984
vt 0.181722 0.339048
vt 0.188017 0.338847
vt 0.188571 0.332407
vt 0.185468 0.332536
vt 0.192348 0.332044
vt 0.182385 0.332669
vt 0.179655 0.332796
vt 0.179003 0.339103
vt 0.176642 0.339119
vt 0.177335 0.332859
vt 0.175803 0.345396
vt 0.173609 0.345340
vt 0.174503 0.339115
vt 0.172631 0.351625
vt 0.170337 0.351522
vt 0.171382 0.345292
vt 0.169235 0.357759
vt 0.166744 0.357617
vt 0.167912 0.351431
vt 0.165472 0.363718
vt 0.162703 0.363539
vt 0.164034 0.357483
vt 0.161315 0.369588
vt 0.158713 0.369375
vt 0.160009 0.363375
vt 0.157304 0.375419
vt 0.154818 0.375162
vt 0.156163 0.369191
vt 0.153239 0.381123
vt 0.150570 0.380826
vt 0.152158 0.374919
vt 0.148973 0.386662
vt 0.145952 0.386294
vt 0.147371 0.380454
vt 0.144551 0.392016
vt 0.141763 0.391329
vt 0.143228 0.385385
vt 0.139528 0.397128
vt 0.135457 0.396442
vt 0.137531 0.390704
vt 0.133255 0.402083
vt 0.128838 0.401270
vt 0.130722 0.395634
vt 0.126719 0.406789
vt 0.121954 0.405750
vt 0.123748 0.400260
vt 0.124553 0.412234
vt 0.125449 0.394698
vt 0.118497 0.399204
vt 0.120024 0.393736
vt 0.127019 0.389081
vt 0.121465 0.388224
vt 0.132496 0.389925
vt 0.134201 0.384122
vt 0.128542 0.383414
vt 0.139452 0.384880
vt 0.141280 0.379074
vt 0.135965 0.378150
vt 0.144611 0.379797
vt 0.146016 0.374121
vt 0.141981 0.373270
vt 0.149129 0.374634
vt 0.150270 0.368717
vt 0.146764 0.368136
vt 0.153479 0.369039
vt 0.154372 0.363126
vt 0.150809 0.362870
vt 0.157347 0.363227
vt 0.158594 0.357240
vt 0.155651 0.357149
vt 0.161315 0.357357
vt 0.162478 0.351292
vt 0.159638 0.351235
vt 0.165284 0.351357
vt 0.166414 0.345199
vt 0.163481 0.345185
vt 0.169012 0.345233
vt 0.170059 0.339088
vt 0.167418 0.339102
vt 0.172358 0.339105
vt 0.173079 0.332953
vt 0.170816 0.332981
vt 0.175212 0.332905
vt 0.168222 0.333031
vt 0.165273 0.333082
vt 0.164419 0.339112
vt 0.161173 0.339137
vt 0.161978 0.333130
vt 0.160415 0.345192
vt 0.157193 0.345252
vt 0.157561 0.339181
vt 0.156703 0.351216
vt 0.153012 0.350979
vt 0.153257 0.344898
vt 0.151981 0.357042
vt 0.148254 0.356297
vt 0.148799 0.350378
vt 0.147455 0.362194
vt 0.143087 0.361465
vt 0.143472 0.355595
vt 0.142568 0.367359
vt 0.137542 0.366553
vt 0.137888 0.360703
vt 0.137052 0.372279
vt 0.131380 0.371715
vt 0.131945 0.365800
vt 0.130048 0.377652
vt 0.124123 0.377125
vt 0.125200 0.371492
vt 0.122833 0.382689
vt 0.117167 0.381946
vt 0.118336 0.376531
vt 0.115895 0.387354
vt 0.110327 0.386450
vt 0.111557 0.381151
vt 0.114527 0.392747
vt 0.109009 0.391712
vt 0.103489 0.390638
vt 0.104786 0.385488
vt 0.107572 0.396922
vt 0.113055 0.398086
vt 0.102094 0.395736
vt 0.096642 0.394522
vt 0.098012 0.389521
vt 0.099282 0.384473
vt 0.092570 0.388379
vt 0.093821 0.383429
vt 0.091223 0.393288
vt 0.085826 0.392045
vt 0.087159 0.387222
vt 0.088387 0.382349
vt 0.081759 0.386050
vt 0.083004 0.381279
vt 0.080458 0.390812
vt 0.075195 0.389584
vt 0.076338 0.384932
vt 0.077551 0.380112
vt 0.070967 0.383543
vt 0.071879 0.378825
vt 0.069938 0.388242
vt 0.064470 0.386827
vt 0.065439 0.382237
vt 0.066211 0.377624
vt 0.059816 0.381026
vt 0.060478 0.376504
vt 0.059103 0.385526
vt 0.053521 0.384374
vt 0.053997 0.379904
vt 0.054714 0.375454
vt 0.048173 0.378771
vt 0.048998 0.374416
vt 0.047299 0.383068
vt 0.512860 0.888508
vt 0.508297 0.889555
vt 0.507133 0.883986
vt 0.511885 0.883141
vt 0.516590 0.881946
vt 0.510792 0.877381
vt 0.515666 0.876444
vt 0.517488 0.887473
vt 0.505766 0.878266
vt 0.504180 0.872454
vt 0.509228 0.871514
vt 0.514392 0.870758
vt 0.507549 0.865596
vt 0.510136 0.865185
vt 0.512723 0.864774
vt 0.502450 0.866596
vt 0.505000 0.866096
vt 0.499937 0.867170
vt 0.517126 0.861102
vt 0.516358 0.858033
vt 0.518887 0.857423
vt 0.521415 0.856812
vt 0.522740 0.862567
vt 0.517894 0.864171
vt 0.519301 0.869800
vt 0.524035 0.868428
vt 0.515308 0.864472
vt 0.520369 0.875310
vt 0.525168 0.874176
vt 0.521355 0.880909
vt 0.526144 0.879850
vt 0.522209 0.886473
vt 0.526997 0.885479
vt 0.055418 0.370983
vt 0.049752 0.370028
vt 0.050422 0.365614
vt 0.056056 0.366489
vt 0.061129 0.371958
vt 0.061731 0.367384
vt 0.066862 0.372985
vt 0.067432 0.368316
vt 0.072576 0.374065
vt 0.073145 0.369286
vt 0.078285 0.375203
vt 0.078868 0.370299
vt 0.084031 0.376403
vt 0.084623 0.371366
vt 0.089523 0.377475
vt 0.090428 0.372490
vt 0.094955 0.378433
vt 0.095995 0.373446
vt 0.100459 0.379384
vt 0.101528 0.374260
vt 0.105995 0.380291
vt 0.107118 0.375082
vt 0.112679 0.375861
vt 0.113601 0.370593
vt 0.108064 0.369955
vt 0.119305 0.371113
vt 0.119939 0.365661
vt 0.114266 0.365352
vt 0.125918 0.365810
vt 0.126314 0.360103
vt 0.120336 0.360159
vt 0.132295 0.359987
vt 0.132556 0.354261
vt 0.126538 0.354415
vt 0.138131 0.354915
vt 0.138329 0.349227
vt 0.132773 0.348609
vt 0.143661 0.349807
vt 0.143705 0.344253
vt 0.138511 0.343605
vt 0.148861 0.344456
vt 0.149568 0.338620
vt 0.144144 0.338550
vt 0.153334 0.339125
vt 0.153800 0.333213
vt 0.149115 0.333054
vt 0.158246 0.333175
vt 0.143964 0.332979
vt 0.138647 0.332471
vt 0.138600 0.338024
vt 0.133066 0.337476
vt 0.133122 0.332030
vt 0.132942 0.343014
vt 0.126889 0.343218
vt 0.127056 0.337677
vt 0.126720 0.348799
vt 0.120627 0.348994
vt 0.120760 0.343422
vt 0.120530 0.354579
vt 0.114593 0.354664
vt 0.114634 0.349188
vt 0.114450 0.360079
vt 0.108742 0.359392
vt 0.108825 0.354022
vt 0.108630 0.364772
vt 0.102803 0.363914
vt 0.102958 0.358640
vt 0.102593 0.369112
vt 0.096750 0.368353
vt 0.096979 0.363086
vt 0.097175 0.357877
vt 0.091181 0.362204
vt 0.091415 0.357101
vt 0.090870 0.367332
vt 0.085077 0.366345
vt 0.085420 0.361335
vt 0.085679 0.356331
vt 0.079691 0.360494
vt 0.079967 0.355585
vt 0.079329 0.365398
vt 0.073612 0.364489
vt 0.073989 0.359681
vt 0.074282 0.354863
vt 0.068315 0.358902
vt 0.068626 0.354170
vt 0.067919 0.363621
vt 0.062248 0.362783
vt 0.062673 0.358155
vt 0.063007 0.353506
vt 0.057067 0.357432
vt 0.057431 0.352867
vt 0.056611 0.361974
vt 0.051008 0.361178
vt 0.051498 0.356722
vt 0.541658 0.882569
vt 0.536721 0.883520
vt 0.535874 0.877686
vt 0.540824 0.876599
vt 0.051897 0.352239
vt 0.531837 0.884494
vt 0.530985 0.878775
vt 0.530005 0.872961
vt 0.534912 0.871724
vt 0.539887 0.870482
vt 0.533831 0.865643
vt 0.538843 0.864235
vt 0.528897 0.867038
vt 0.527658 0.861047
vt 0.532619 0.859460
vt 0.537697 0.857886
vt 0.531293 0.853180
vt 0.533879 0.852321
vt 0.536465 0.851463
vt 0.537081 0.854674
vt 0.538270 0.861060
vt 0.526260 0.854982
vt 0.528777 0.854081
vt 0.523838 0.855897
vt 0.544932 0.869249
vt 0.543943 0.862843
vt 0.546534 0.862161
vt 0.549124 0.861478
vt 0.550042 0.868034
vt 0.541393 0.863539
vt 0.545835 0.875529
vt 0.550896 0.874481
vt 0.546646 0.881651
vt 0.551678 0.880767
vt 0.057709 0.348285
vt 0.052215 0.347737
vt 0.052452 0.343217
vt 0.057900 0.343686
vt 0.063252 0.348844
vt 0.063405 0.344167
vt 0.068845 0.349425
vt 0.068971 0.344667
vt 0.074483 0.350032
vt 0.074591 0.345190
vt 0.080156 0.350665
vt 0.080255 0.345734
vt 0.085853 0.351323
vt 0.085948 0.346302
vt 0.091567 0.352003
vt 0.091653 0.346896
vt 0.097292 0.352688
vt 0.097359 0.347504
vt 0.103041 0.353360
vt 0.103050 0.348112
vt 0.108813 0.348659
vt 0.108636 0.343431
vt 0.103089 0.342868
vt 0.114557 0.343628
vt 0.114856 0.338042
vt 0.108877 0.338149
vt 0.120956 0.337871
vt 0.121148 0.332375
vt 0.115048 0.332530
vt 0.127218 0.332187
vt 0.108887 0.332640
vt 0.102960 0.332388
vt 0.103119 0.337593
vt 0.097359 0.337109
vt 0.097305 0.331872
vt 0.097391 0.342309
vt 0.091674 0.341778
vt 0.091619 0.336650
vt 0.091422 0.331523
vt 0.085859 0.336240
vt 0.085607 0.331216
vt 0.085958 0.341273
vt 0.080258 0.340796
vt 0.080143 0.335857
vt 0.079896 0.330927
vt 0.074498 0.335491
vt 0.074285 0.330647
vt 0.074599 0.340341
vt 0.069000 0.339903
vt 0.068930 0.335136
vt 0.068766 0.330370
vt 0.063441 0.334789
vt 0.063332 0.330096
vt 0.063467 0.339481
vt 0.058006 0.339075
vt 0.058032 0.334452
vt 0.057982 0.329824
vt 0.052698 0.334126
vt 0.052714 0.329559
vt 0.052612 0.338680
vt 0.561845 0.879081
vt 0.556748 0.879914
vt 0.556002 0.873448
vt 0.561141 0.872416
vt 0.566302 0.871345
vt 0.560429 0.865610
vt 0.565699 0.864336
vt 0.566941 0.878249
vt 0.555210 0.866828
vt 0.554376 0.860129
vt 0.557033 0.859448
vt 0.559690 0.858768
vt 0.551750 0.860803
vt 0.562378 0.858065
vt 0.565066 0.857361
vt 0.567783 0.856607
vt 0.570500 0.855852
vt 0.570763 0.859393
vt 0.266032 0.255569
vt 0.261025 0.257811
vt 0.260269 0.250048
vt 0.263150 0.252808
vt 0.449244 0.409873
vt 0.443007 0.409892
vt 0.443378 0.404045
vt 0.446311 0.406959
vt 0.449119 0.412835
vt 0.448994 0.415797
vt 0.446097 0.415731
vt 0.443200 0.415665
vt 0.098201 0.233316
vt 0.097337 0.230882
vt 0.096473 0.228448
vt 0.101725 0.227470
vt 0.103547 0.232384
vt 0.095620 0.226036
vt 0.094767 0.223623
vt 0.099881 0.222575
vt 0.104921 0.221534
vt 0.106816 0.226485
vt 0.098415 0.217669
vt 0.100869 0.217138
vt 0.103322 0.216608
vt 0.093983 0.221220
vt 0.093199 0.218817
vt 0.095807 0.218243
vt 0.105457 0.216142
vt 0.107591 0.215677
vt 0.109576 0.220584
vt 0.109609 0.209936
vt 0.111524 0.214804
vt 0.108600 0.212807
vt 0.108915 0.207443
vt 0.108220 0.204949
vt 0.110054 0.204470
vt 0.111887 0.203991
vt 0.113172 0.209062
vt 0.158332 0.196196
vt 0.159868 0.198820
vt 0.156899 0.200517
vt 0.156848 0.197045
vt 0.162882 0.204211
vt 0.159900 0.205799
vt 0.161696 0.198045
vt 0.163524 0.197270
vt 0.165131 0.199969
vt 0.166738 0.202668
vt 0.170167 0.207994
vt 0.165630 0.209788
vt 0.169137 0.201640
vt 0.171536 0.200612
vt 0.175269 0.205908
vt 0.179088 0.211225
vt 0.173736 0.213278
vt 0.180516 0.203820
vt 0.184579 0.209220
vt 0.174054 0.199530
vt 0.176572 0.198448
vt 0.178544 0.201134
vt 0.188727 0.214650
vt 0.182958 0.216566
vt 0.189960 0.207260
vt 0.192131 0.210005
vt 0.194302 0.212750
vt 0.185238 0.205540
vt 0.203515 0.216284
vt 0.198573 0.218247
vt 0.198908 0.214517
vt 0.218253 0.225329
vt 0.220832 0.224720
vt 0.223411 0.224111
vt 0.225572 0.230388
vt 0.220868 0.231447
vt 0.226291 0.222826
vt 0.229171 0.221541
vt 0.230091 0.224606
vt 0.231012 0.227671
vt 0.232842 0.233947
vt 0.227657 0.236522
vt 0.234751 0.229367
vt 0.233836 0.226229
vt 0.236661 0.224788
vt 0.235622 0.232479
vt 0.238402 0.231012
vt 0.239873 0.237491
vt 0.234579 0.240351
vt 0.240554 0.229806
vt 0.242706 0.228600
vt 0.243537 0.231859
vt 0.244368 0.235118
vt 0.245095 0.238484
vt 0.245822 0.241849
vt 0.241321 0.244179
vt 0.249062 0.236469
vt 0.249823 0.239842
vt 0.247061 0.237472
vt 0.251189 0.246711
vt 0.247225 0.248745
vt 0.252459 0.242189
vt 0.251776 0.238755
vt 0.253729 0.237668
vt 0.252373 0.253853
vt 0.248352 0.255705
vt 0.253111 0.245713
vt 0.255034 0.244716
vt 0.255557 0.248381
vt 0.256080 0.252046
vt 0.253096 0.261261
vt 0.249195 0.262793
vt 0.256802 0.259641
vt 0.257658 0.267064
vt 0.254359 0.268440
vt 0.261645 0.265548
vt 0.258175 0.251047
vt 0.263720 0.272789
vt 0.259940 0.274040
vt 0.266522 0.263700
vt 0.268155 0.271419
vt 0.266277 0.259635
vt 0.269959 0.278765
vt 0.265760 0.280405
vt 0.273391 0.268763
vt 0.274512 0.276506
vt 0.269553 0.262236
vt 0.272584 0.260772
vt 0.272988 0.264767
vt 0.275583 0.284364
vt 0.270842 0.286698
vt 0.280083 0.273290
vt 0.281260 0.281161
vt 0.276288 0.267016
vt 0.279185 0.265268
vt 0.285083 0.270173
vt 0.286133 0.278251
vt 0.281636 0.263631
vt 0.284087 0.261993
vt 0.289018 0.267649
vt 0.290333 0.276132
vt 0.286087 0.260579
vt 0.288087 0.259165
vt 0.292686 0.265802
vt 0.293990 0.274967
vt 0.290386 0.262483
vt 0.296332 0.264615
vt 0.297716 0.273640
vt 0.293982 0.260632
vt 0.292159 0.261225
vt 0.291632 0.256648
vt 0.300470 0.263427
vt 0.301940 0.272329
vt 0.297811 0.259342
vt 0.295742 0.259937
vt 0.295152 0.255258
vt 0.302954 0.262899
vt 0.305439 0.262371
vt 0.306891 0.271365
vt 0.308274 0.261805
vt 0.311109 0.261239
vt 0.311938 0.265732
vt 0.312767 0.270226
vt 0.444229 0.389845
vt 0.444143 0.391886
vt 0.444057 0.393927
vt 0.436618 0.392485
vt 0.437263 0.387321
vt 0.443942 0.396207
vt 0.443828 0.398488
vt 0.436587 0.398281
vt 0.436627 0.404095
vt 0.443603 0.401267
vt 0.436526 0.409677
vt 0.437263 0.415273
vt 0.438349 0.421129
vt 0.435327 0.421045
vt 0.443713 0.418551
vt 0.444226 0.421438
vt 0.441287 0.421283
vt 0.433063 0.380044
vt 0.438910 0.383518
vt 0.435995 0.376303
vt 0.441178 0.380032
vt 0.439405 0.372961
vt 0.443618 0.376348
vt 0.320427 0.276120
vt 0.314375 0.278126
vt 0.308477 0.279580
vt 0.303469 0.280551
vt 0.299262 0.282283
vt 0.295404 0.284153
vt 0.291791 0.285210
vt 0.287746 0.286475
vt 0.282352 0.289208
vt 0.276603 0.292291
vt 0.272294 0.294261
vt 0.268614 0.295580
vt 0.265129 0.296584
vt 0.262054 0.297474
vt 0.258714 0.298279
vt 0.254167 0.299424
vt 0.249549 0.300973
vt 0.245478 0.301955
vt 0.242034 0.303211
vt 0.239032 0.304222
vt 0.236404 0.304805
vt 0.233193 0.305432
vt 0.229479 0.306160
vt 0.225556 0.307050
vt 0.220817 0.307823
vt 0.214406 0.308894
vt 0.207770 0.310119
vt 0.201525 0.311206
vt 0.196474 0.311990
vt 0.191789 0.312666
vt 0.187492 0.313213
vt 0.184116 0.313657
vt 0.181200 0.314024
vt 0.178657 0.314235
vt 0.176481 0.314463
vt 0.174563 0.314583
vt 0.172656 0.314624
vt 0.170614 0.314770
vt 0.168166 0.314947
vt 0.165220 0.315036
vt 0.161984 0.315152
vt 0.158273 0.315286
vt 0.153864 0.315393
vt 0.149351 0.315464
vt 0.143650 0.315842
vt 0.137867 0.316092
vt 0.132485 0.316391
vt 0.126802 0.316469
vt 0.120816 0.316361
vt 0.114678 0.316278
vt 0.108728 0.316014
vt 0.102607 0.316040
vt 0.096436 0.316169
vt 0.090507 0.316190
vt 0.084750 0.316169
vt 0.079125 0.316134
vt 0.073607 0.316090
vt 0.068184 0.316041
vt 0.062844 0.315987
vt 0.057582 0.315925
vt 0.052386 0.315844
vt 0.581821 0.876599
vt 0.582009 0.869352
vt 0.579181 0.861694
vt 0.581931 0.862104
vt 0.089920 0.242294
vt 0.089133 0.239881
vt 0.091820 0.239470
vt 0.094506 0.239060
vt 0.096113 0.243941
vt 0.090706 0.244708
vt 0.097202 0.238640
vt 0.099898 0.238221
vt 0.101541 0.243162
vt 0.105287 0.237337
vt 0.106950 0.242349
vt 0.099049 0.235768
vt 0.110559 0.236441
vt 0.112285 0.241515
vt 0.108683 0.231451
vt 0.113380 0.230572
vt 0.115351 0.235603
vt 0.111496 0.225554
vt 0.115747 0.224658
vt 0.117739 0.229701
vt 0.113657 0.219695
vt 0.117044 0.218939
vt 0.119373 0.223892
vt 0.115003 0.213980
vt 0.117841 0.213294
vt 0.120177 0.218239
vt 0.116617 0.208188
vt 0.119351 0.207493
vt 0.120733 0.212628
vt 0.115040 0.203135
vt 0.116478 0.202732
vt 0.117915 0.202329
vt 0.113464 0.203563
vt 0.119220 0.201957
vt 0.120525 0.201585
vt 0.121278 0.204195
vt 0.122031 0.206805
vt 0.148548 0.204136
vt 0.149846 0.203577
vt 0.151145 0.203017
vt 0.154301 0.208130
vt 0.151723 0.209200
vt 0.152521 0.202409
vt 0.153897 0.201800
vt 0.157019 0.206995
vt 0.160055 0.212216
vt 0.157401 0.213274
vt 0.162607 0.211124
vt 0.155398 0.201159
vt 0.165056 0.216598
vt 0.162016 0.217813
vt 0.168785 0.215210
vt 0.172074 0.220569
vt 0.167987 0.222042
vt 0.177352 0.218596
vt 0.180985 0.223968
vt 0.175366 0.225970
vt 0.186858 0.221972
vt 0.190807 0.227452
vt 0.184621 0.229405
vt 0.192941 0.220136
vt 0.197243 0.225676
vt 0.202516 0.223815
vt 0.206195 0.229480
vt 0.201353 0.231233
vt 0.206848 0.222041
vt 0.210143 0.227927
vt 0.205181 0.219162
vt 0.213177 0.233852
vt 0.209384 0.235333
vt 0.214046 0.226512
vt 0.216841 0.232581
vt 0.208855 0.221280
vt 0.210862 0.220519
vt 0.212454 0.223516
vt 0.219401 0.238737
vt 0.215980 0.239874
vt 0.223208 0.237666
vt 0.216150 0.225921
vt 0.225588 0.243796
vt 0.221858 0.244943
vt 0.229697 0.242658
vt 0.231656 0.249038
vt 0.227848 0.250004
vt 0.236209 0.246876
vt 0.237765 0.253414
vt 0.233414 0.255545
vt 0.242617 0.251082
vt 0.243763 0.257877
vt 0.239097 0.259981
vt 0.244799 0.264754
vt 0.240171 0.266523
vt 0.246470 0.271434
vt 0.242325 0.272815
vt 0.250836 0.269698
vt 0.253197 0.276429
vt 0.248860 0.277904
vt 0.256707 0.275181
vt 0.258713 0.282412
vt 0.255239 0.283163
vt 0.261993 0.281524
vt 0.263474 0.289177
vt 0.260378 0.289868
vt 0.266861 0.288193
vt 0.256939 0.290418
vt 0.252702 0.291451
vt 0.251203 0.284294
vt 0.246674 0.286164
vt 0.248234 0.293435
vt 0.244406 0.279417
vt 0.240428 0.280833
vt 0.242308 0.287597
vt 0.238498 0.274051
vt 0.235337 0.275695
vt 0.237191 0.282354
vt 0.236484 0.267737
vt 0.233591 0.269040
vt 0.230431 0.270371
vt 0.232229 0.277036
vt 0.231871 0.262462
vt 0.234872 0.261752
vt 0.228752 0.263465
vt 0.225676 0.264388
vt 0.227575 0.271246
vt 0.226513 0.257055
vt 0.229892 0.256300
vt 0.223426 0.258058
vt 0.219832 0.259451
vt 0.222498 0.265458
vt 0.220915 0.252093
vt 0.224229 0.250994
vt 0.217123 0.253537
vt 0.213302 0.255252
vt 0.216135 0.261037
vt 0.215016 0.247253
vt 0.218474 0.246047
vt 0.211455 0.248868
vt 0.205712 0.250491
vt 0.208688 0.256743
vt 0.208239 0.242863
vt 0.212237 0.241290
vt 0.202360 0.244483
vt 0.195456 0.246194
vt 0.198838 0.252036
vt 0.198641 0.238659
vt 0.205006 0.236992
vt 0.191933 0.240486
vt 0.185566 0.242390
vt 0.188942 0.248017
vt 0.188291 0.234897
vt 0.194775 0.232995
vt 0.182157 0.236856
vt 0.176669 0.238589
vt 0.179792 0.244123
vt 0.178758 0.231389
vt 0.173678 0.233072
vt 0.169833 0.234282
vt 0.172602 0.239803
vt 0.170690 0.227591
vt 0.167309 0.228704
vt 0.164239 0.229669
vt 0.166379 0.235339
vt 0.164729 0.223182
vt 0.161841 0.224176
vt 0.159206 0.225224
vt 0.161463 0.230708
vt 0.159337 0.218809
vt 0.156934 0.219774
vt 0.154554 0.220673
vt 0.156845 0.226098
vt 0.154781 0.214327
vt 0.152401 0.215250
vt 0.149823 0.216184
vt 0.152262 0.221531
vt 0.149252 0.210181
vt 0.146810 0.211093
vt 0.144451 0.211921
vt 0.147321 0.217020
vt 0.143825 0.206005
vt 0.144992 0.205554
vt 0.146160 0.205102
vt 0.141553 0.206839
vt 0.142689 0.206422
vt 0.139503 0.207546
vt 0.140528 0.207193
vt 0.142309 0.212634
vt 0.134145 0.209223
vt 0.132277 0.209760
vt 0.130515 0.204470
vt 0.132330 0.206846
vt 0.135046 0.208952
vt 0.135946 0.208681
vt 0.138655 0.213757
vt 0.136797 0.214286
vt 0.136831 0.208405
vt 0.137715 0.208128
vt 0.140464 0.213215
vt 0.143194 0.218320
vt 0.141382 0.218847
vt 0.145095 0.217740
vt 0.138609 0.207837
vt 0.147769 0.222925
vt 0.145869 0.223493
vt 0.149932 0.222255
vt 0.152435 0.227571
vt 0.150379 0.228193
vt 0.154615 0.226905
vt 0.156915 0.232262
vt 0.154850 0.232888
vt 0.159017 0.231555
vt 0.160806 0.237084
vt 0.158743 0.237683
vt 0.163148 0.236362
vt 0.165962 0.241715
vt 0.163286 0.242464
vt 0.168990 0.240858
vt 0.171673 0.246395
vt 0.168618 0.247203
vt 0.175482 0.245347
vt 0.178313 0.250993
vt 0.174357 0.252034
vt 0.183021 0.249707
vt 0.186089 0.255410
vt 0.180998 0.256736
vt 0.192179 0.253761
vt 0.195261 0.259606
vt 0.189032 0.261204
vt 0.202014 0.258013
vt 0.205005 0.264068
vt 0.198189 0.265569
vt 0.211493 0.262784
vt 0.214128 0.268614
vt 0.207861 0.270090
vt 0.218914 0.266976
vt 0.220835 0.273500
vt 0.216399 0.274686
vt 0.224311 0.272178
vt 0.225904 0.278942
vt 0.222251 0.280027
vt 0.229390 0.277940
vt 0.231215 0.284429
vt 0.227878 0.285375
vt 0.234063 0.283582
vt 0.235809 0.290200
vt 0.232976 0.290995
vt 0.238969 0.288998
vt 0.240606 0.295899
vt 0.237574 0.297085
vt 0.244019 0.294537
vt 0.234803 0.297806
vt 0.231620 0.298579
vt 0.229752 0.291885
vt 0.226282 0.292817
vt 0.228306 0.299342
vt 0.224213 0.286367
vt 0.220285 0.287387
vt 0.222399 0.293796
vt 0.218410 0.280999
vt 0.212883 0.282380
vt 0.215091 0.288670
vt 0.210496 0.276162
vt 0.203759 0.277706
vt 0.206282 0.283884
vt 0.201017 0.271610
vt 0.194779 0.273035
vt 0.197410 0.279076
vt 0.191993 0.267065
vt 0.186555 0.268353
vt 0.189205 0.274292
vt 0.184003 0.262449
vt 0.179722 0.263461
vt 0.182279 0.269324
vt 0.177034 0.257709
vt 0.173467 0.258545
vt 0.176062 0.264281
vt 0.170962 0.252887
vt 0.168186 0.253550
vt 0.170569 0.259190
vt 0.165778 0.247942
vt 0.163272 0.248590
vt 0.165714 0.254131
vt 0.160819 0.243143
vt 0.158475 0.243792
vt 0.160843 0.249215
vt 0.156849 0.238283
vt 0.154836 0.238797
vt 0.156432 0.244310
vt 0.152911 0.233415
vt 0.151106 0.233943
vt 0.152934 0.239325
vt 0.148505 0.228738
vt 0.146686 0.229244
vt 0.149293 0.234444
vt 0.144042 0.224020
vt 0.142148 0.224544
vt 0.144787 0.229752
vt 0.139498 0.219375
vt 0.137518 0.219896
vt 0.140138 0.225064
vt 0.134870 0.214815
vt 0.132751 0.215371
vt 0.135388 0.220440
vt 0.130290 0.210305
vt 0.128283 0.210802
vt 0.130491 0.215919
vt 0.128653 0.205011
vt 0.129584 0.204741
vt 0.126694 0.205556
vt 0.127674 0.205284
vt 0.124553 0.206140
vt 0.125623 0.205848
vt 0.126079 0.211382
vt 0.123420 0.212013
vt 0.128211 0.216465
vt 0.125784 0.217020
vt 0.123292 0.206472
vt 0.130784 0.221499
vt 0.128228 0.222065
vt 0.133141 0.220977
vt 0.135736 0.226102
vt 0.133382 0.226605
vt 0.137980 0.225592
vt 0.140588 0.230794
vt 0.138280 0.231312
vt 0.142767 0.230269
vt 0.145384 0.235453
vt 0.143072 0.236003
vt 0.147406 0.234926
vt 0.149227 0.240288
vt 0.147044 0.240826
vt 0.151167 0.239825
vt 0.152669 0.245320
vt 0.150569 0.245804
vt 0.154587 0.244828
vt 0.156474 0.250312
vt 0.154612 0.250781
vt 0.158524 0.249797
vt 0.160982 0.255240
vt 0.158926 0.255716
vt 0.163275 0.254703
vt 0.165658 0.260258
vt 0.163332 0.260763
vt 0.168078 0.259732
vt 0.170415 0.265491
vt 0.167871 0.266018
vt 0.173020 0.264938
vt 0.175419 0.270791
vt 0.172679 0.271352
vt 0.178436 0.270167
vt 0.180916 0.276037
vt 0.177542 0.276704
vt 0.184794 0.275235
vt 0.187069 0.281232
vt 0.182965 0.282038
vt 0.191720 0.280286
vt 0.194057 0.286341
vt 0.189203 0.287295
vt 0.199741 0.285192
vt 0.201892 0.291383
vt 0.195933 0.292555
vt 0.208562 0.290089
vt 0.210641 0.296293
vt 0.203928 0.297637
vt 0.217186 0.294965
vt 0.219127 0.301343
vt 0.212591 0.302547
vt 0.224466 0.300382
vt 0.205905 0.303878
vt 0.199720 0.305006
vt 0.197896 0.298773
vt 0.193138 0.299588
vt 0.194837 0.305792
vt 0.191336 0.293398
vt 0.187175 0.294133
vt 0.188935 0.300279
vt 0.185069 0.288062
vt 0.181762 0.288641
vt 0.183652 0.294718
vt 0.179782 0.282626
vt 0.176827 0.283153
vt 0.178741 0.289145
vt 0.174762 0.277240
vt 0.172012 0.277764
vt 0.173971 0.283650
vt 0.170027 0.271895
vt 0.167547 0.272394
vt 0.169490 0.278234
vt 0.165480 0.266516
vt 0.163423 0.266938
vt 0.165491 0.272790
vt 0.161212 0.261215
vt 0.159150 0.261666
vt 0.161341 0.267353
vt 0.156914 0.256189
vt 0.154852 0.256641
vt 0.156974 0.262132
vt 0.152691 0.251201
vt 0.150621 0.251640
vt 0.152755 0.257071
vt 0.148478 0.246289
vt 0.146527 0.246746
vt 0.148542 0.252066
vt 0.144860 0.241366
vt 0.142766 0.241773
vt 0.144640 0.247085
vt 0.140680 0.236527
vt 0.138342 0.236986
vt 0.140573 0.242195
vt 0.135920 0.231794
vt 0.133298 0.232294
vt 0.135804 0.237452
vt 0.130792 0.227141
vt 0.127995 0.227699
vt 0.130418 0.232831
vt 0.125529 0.222630
vt 0.122646 0.223214
vt 0.125078 0.228246
vt 0.123056 0.217622
vt 0.121667 0.228912
vt 0.127371 0.233362
vt 0.123874 0.234004
vt 0.129718 0.238528
vt 0.126088 0.239160
vt 0.132836 0.237997
vt 0.135240 0.243192
vt 0.132087 0.243714
vt 0.138179 0.242654
vt 0.140241 0.247884
vt 0.137489 0.248411
vt 0.142580 0.247451
vt 0.144458 0.252790
vt 0.142174 0.253185
vt 0.146515 0.252442
vt 0.148461 0.257844
vt 0.146321 0.258204
vt 0.150604 0.257481
vt 0.152599 0.262971
vt 0.150396 0.263359
vt 0.154794 0.262567
vt 0.156860 0.268204
vt 0.154590 0.268593
vt 0.159125 0.267780
vt 0.161250 0.273539
vt 0.158874 0.273925
vt 0.163509 0.273153
vt 0.165446 0.278926
vt 0.163326 0.279255
vt 0.167404 0.278597
vt 0.169298 0.284405
vt 0.167214 0.284717
vt 0.171441 0.284070
vt 0.173215 0.290019
vt 0.170995 0.290341
vt 0.175830 0.289617
vt 0.177577 0.295645
vt 0.174912 0.296024
vt 0.180507 0.295204
vt 0.182068 0.301321
vt 0.179162 0.301712
vt 0.185280 0.300856
vt 0.186801 0.306930
vt 0.183703 0.307414
vt 0.190403 0.306456
vt 0.180668 0.307796
vt 0.178003 0.308074
vt 0.176516 0.302051
vt 0.174222 0.302299
vt 0.175707 0.308305
vt 0.172653 0.296324
vt 0.170547 0.296590
vt 0.172154 0.302521
vt 0.168896 0.290632
vt 0.166698 0.290920
vt 0.168400 0.296829
vt 0.165000 0.285033
vt 0.162620 0.285356
vt 0.164365 0.291195
vt 0.160857 0.279624
vt 0.158258 0.279978
vt 0.160043 0.285676
vt 0.156462 0.274303
vt 0.154034 0.274655
vt 0.155736 0.280296
vt 0.152296 0.268968
vt 0.150029 0.269310
vt 0.151667 0.274959
vt 0.148199 0.263707
vt 0.145776 0.264092
vt 0.147601 0.269657
vt 0.143947 0.258609
vt 0.141194 0.259078
vt 0.142824 0.264555
vt 0.139622 0.253671
vt 0.136766 0.254250
vt 0.138401 0.259725
vt 0.134451 0.248928
vt 0.130522 0.249612
vt 0.132663 0.254928
vt 0.128315 0.244367
vt 0.124030 0.245084
vt 0.125932 0.250356
vt 0.121947 0.239897
vt 0.117292 0.240706
vt 0.119068 0.245894
vt 0.119861 0.234766
vt 0.113911 0.246665
vt 0.120796 0.251136
vt 0.115479 0.251854
vt 0.122432 0.256410
vt 0.117003 0.257073
vt 0.127765 0.255678
vt 0.129570 0.261063
vt 0.124050 0.261712
vt 0.134742 0.260318
vt 0.136800 0.265768
vt 0.131465 0.266559
vt 0.140071 0.265122
vt 0.141772 0.270579
vt 0.137698 0.271309
vt 0.144860 0.270070
vt 0.146272 0.275666
vt 0.142785 0.276232
vt 0.149287 0.275218
vt 0.150500 0.280861
vt 0.147167 0.281281
vt 0.153256 0.280593
vt 0.154923 0.286225
vt 0.152161 0.286497
vt 0.157472 0.285965
vt 0.159141 0.291713
vt 0.156432 0.291930
vt 0.161836 0.291460
vt 0.163594 0.297303
vt 0.160750 0.297530
vt 0.166111 0.297074
vt 0.167838 0.302936
vt 0.165264 0.303128
vt 0.170073 0.302729
vt 0.171532 0.308652
vt 0.169316 0.308823
vt 0.173622 0.308485
vt 0.166772 0.308979
vt 0.163871 0.309148
vt 0.162337 0.303338
vt 0.159161 0.303522
vt 0.160627 0.309313
vt 0.157777 0.297720
vt 0.154699 0.297826
vt 0.155596 0.303641
vt 0.153716 0.292105
vt 0.150125 0.292511
vt 0.150858 0.298273
vt 0.148692 0.286817
vt 0.144951 0.287456
vt 0.145940 0.293096
vt 0.143780 0.281871
vt 0.139391 0.282546
vt 0.140187 0.288156
vt 0.138548 0.276923
vt 0.133508 0.277647
vt 0.134194 0.283270
vt 0.132725 0.272073
vt 0.127125 0.272618
vt 0.127900 0.278312
vt 0.125662 0.267087
vt 0.119920 0.267554
vt 0.121163 0.272870
vt 0.118489 0.262303
vt 0.112941 0.262827
vt 0.114288 0.267989
vt 0.111528 0.257670
vt 0.106025 0.258234
vt 0.107410 0.263324
vt 0.110061 0.252521
vt 0.104599 0.253174
vt 0.099119 0.253817
vt 0.100533 0.258811
vt 0.103101 0.248150
vt 0.108538 0.247415
vt 0.097650 0.248860
vt 0.092219 0.249570
vt 0.093676 0.254474
vt 0.092948 0.252022
vt 0.091463 0.247139
vt 0.088264 0.255136
vt 0.090970 0.254805
vt 0.095076 0.259409
vt 0.089662 0.260017
vt 0.088963 0.257576
vt 0.086177 0.267933
vt 0.085623 0.265483
vt 0.088297 0.265203
vt 0.090971 0.264924
vt 0.092263 0.269833
vt 0.086731 0.270384
vt 0.086962 0.260327
vt 0.087616 0.262781
vt 0.096423 0.264374
vt 0.097681 0.269352
vt 0.101900 0.263838
vt 0.103232 0.268871
vt 0.108739 0.268410
vt 0.109895 0.273473
vt 0.104470 0.273855
vt 0.115470 0.273156
vt 0.116376 0.278392
vt 0.110867 0.278520
vt 0.122118 0.278298
vt 0.122848 0.283838
vt 0.117115 0.283743
vt 0.128577 0.283937
vt 0.129249 0.289495
vt 0.123468 0.289393
vt 0.134854 0.288851
vt 0.135523 0.294377
vt 0.129924 0.294987
vt 0.140847 0.293740
vt 0.141419 0.299210
vt 0.136204 0.299840
vt 0.146485 0.298794
vt 0.147687 0.304379
vt 0.142417 0.304673
vt 0.151483 0.303881
vt 0.152493 0.309560
vt 0.147829 0.309909
vt 0.156941 0.309452
vt 0.142769 0.310224
vt 0.137445 0.310742
vt 0.136851 0.305289
vt 0.131252 0.305833
vt 0.131861 0.311174
vt 0.130592 0.300430
vt 0.124724 0.300345
vt 0.125389 0.305765
vt 0.124083 0.294887
vt 0.118199 0.294705
vt 0.118776 0.300188
vt 0.117693 0.289207
vt 0.111992 0.288975
vt 0.112414 0.294368
vt 0.111466 0.283673
vt 0.105830 0.284153
vt 0.106308 0.289430
vt 0.105309 0.278889
vt 0.099595 0.279456
vt 0.100149 0.284642
vt 0.099005 0.274348
vt 0.093265 0.274808
vt 0.093896 0.279972
vt 0.088186 0.280497
vt 0.094462 0.285104
vt 0.088767 0.285543
vt 0.088476 0.283020
vt 0.087853 0.277971
vt 0.087521 0.275445
vt 0.087126 0.272914
vt 0.089266 0.290600
vt 0.089694 0.295678
vt 0.084038 0.295968
vt 0.086652 0.293284
vt 0.085926 0.285753
vt 0.086175 0.288281
vt 0.094941 0.290232
vt 0.095359 0.295370
vt 0.100625 0.289849
vt 0.101016 0.295045
vt 0.106707 0.294736
vt 0.106967 0.299954
vt 0.101403 0.300242
vt 0.112749 0.299910
vt 0.113419 0.305426
vt 0.107528 0.305162
vt 0.119421 0.305635
vt 0.120088 0.311028
vt 0.114054 0.310856
vt 0.126072 0.311135
vt 0.107902 0.310629
vt 0.101996 0.310694
vt 0.101782 0.305480
vt 0.096052 0.305710
vt 0.096330 0.310927
vt 0.095737 0.300531
vt 0.090058 0.300781
vt 0.090348 0.305905
vt 0.084652 0.306056
vt 0.090522 0.311046
vt 0.084781 0.311116
vt 0.084394 0.301003
vt 0.078758 0.301204
vt 0.079006 0.306181
vt 0.078581 0.298721
vt 0.078404 0.296239
vt 0.081221 0.296103
vt 0.073425 0.306291
vt 0.079132 0.311161
vt 0.073574 0.311193
vt 0.073167 0.301390
vt 0.075962 0.301297
vt 0.067630 0.301570
vt 0.070398 0.301480
vt 0.067916 0.306393
vt 0.062476 0.306492
vt 0.068101 0.311218
vt 0.062707 0.311240
vt 0.062151 0.301748
vt 0.064890 0.301659
vt 0.056728 0.301933
vt 0.059439 0.301841
vt 0.057100 0.306594
vt 0.051783 0.306701
vt 0.057385 0.311258
vt 0.052124 0.311271
vt 0.051359 0.302134
vt 0.054044 0.302033
vt 0.597550 0.873751
vt 0.597267 0.877067
vt 0.592045 0.876891
vt 0.594940 0.873663
vt 0.592802 0.863211
vt 0.592675 0.866656
vt 0.592549 0.870100
vt 0.587276 0.869761
vt 0.587384 0.862711
vt 0.590093 0.862961
vt 0.592297 0.873496
vt 0.586884 0.876737
vt 0.584658 0.862407
vt 0.147354 0.204619
vt 0.315701 0.268754
vt 0.318636 0.267282
vt 0.448514 0.378684
vt 0.447654 0.380650
vt 0.446793 0.382616
vt 0.445955 0.384363
vt 0.445117 0.386111
vt 0.444673 0.387978
vt 0.000000 0.000000
vt 0.597834 0.870435
vt 0.083085 0.285963
vt 0.084262 0.260638
vt 0.248301 0.233096
vt 0.156797 0.193572
vt 0.411741 0.431136
vt 0.413317 0.434046
vt 0.048427 0.428575
vt 0.047456 0.430727
vt 0.194316 0.513453
vt 0.196902 0.514908
vt 0.168311 0.533847
vt 0.170642 0.535667
s 1
usemtl 材质
f 3222/1/1 1/2/2 2434/3/3
f 3/4/4 4/5/5 2/6/6
f 9/7/7 6/8/8 7/9/9
f 7/9/9 8/10/10 9/7/7
f 11/11/11 6/8/8 9/7/7
f 9/7/7 10/12/12 11/11/11
f 7/9/9 6/8/8 11/11/11
f 11/11/11 12/13/13 7/9/9
f 16/14/14 13/15/15 14/16/16
f 14/16/16 3275/17/17 15/18/18 16/14/14
f 19/19/19 13/15/15 17/20/20
f 17/20/20 18/21/21 19/19/19
f 17/20/20 13/15/15 16/14/14
f 16/14/14 20/22/22 17/20/20
f 14/16/16 13/15/15 21/23/23
f 21/23/23 22/24/24 3276/25/25 14/16/16
f 26/26/26 23/27/27 24/28/28
f 24/28/28 25/29/29 26/26/26
f 24/28/28 23/27/27 27/30/30
f 27/30/30 28/31/31 24/28/28
f 30/32/32 23/27/27 26/26/26
f 26/26/26 29/33/33 30/32/32
f 27/30/30 23/27/27 31/34/34
f 31/34/34 32/35/35 27/30/30
f 31/34/34 23/27/27 30/32/32
f 30/32/32 33/36/36 31/34/34
f 37/37/37 34/38/38 35/39/39
f 35/39/39 36/40/40 37/37/37
f 35/39/39 34/38/38 18/21/21
f 18/21/21 17/20/20 35/39/39
f 18/21/21 34/38/38 37/37/37
f 37/37/37 38/41/41 18/21/21
f 18/21/21 38/41/41 39/42/42
f 39/42/42 19/19/19 18/21/21
f 39/42/42 38/41/41 40/43/43
f 40/43/43 41/44/44 39/42/42
f 40/43/43 38/41/41 42/45/45
f 42/45/45 43/46/46 40/43/43
f 47/47/47 44/48/48 45/49/49
f 45/49/49 46/50/50 47/47/47
f 49/51/51 44/52/48 47/53/47
f 47/53/47 48/54/52 49/51/51
f 45/49/49 44/48/48 49/55/51
f 49/55/51 50/56/53 45/49/49
f 54/57/54 51/58/55 52/59/56
f 52/59/56 53/60/57 54/57/54
f 56/61/58 51/58/55 54/57/54
f 54/57/54 55/62/59 56/61/58
f 52/59/56 51/58/55 56/61/58
f 56/61/58 57/63/60 52/59/56
f 59/64/61 60/65/62 61/66/63 3278/67/64
f 74/68/65 72/69/66 3288/70/67 71/71/68
f 71/71/68 73/72/69 74/68/65
f 58/73/70 3289/74/71 72/69/66 74/68/65
f 74/68/65 75/75/72 58/73/70
f 77/76/73 75/75/72 74/68/65
f 74/68/65 76/77/74 77/76/73
f 60/65/62 75/75/72 77/76/73
f 77/76/73 78/78/75 60/65/62
f 58/73/70 75/75/72 60/65/62
f 60/65/62 59/64/61 3277/79/76 58/73/70
f 80/80/77 78/78/75 77/76/73
f 77/76/73 79/81/78 80/80/77
f 82/82/79 78/78/75 80/80/77
f 80/80/77 81/83/80 82/82/79
f 60/65/62 78/78/75 82/82/79
f 82/82/79 61/66/63 60/65/62
f 84/84/81 82/82/79 81/83/80
f 81/83/80 83/85/82 84/84/81
f 61/66/63 82/82/79 84/84/81
f 84/84/81 62/86/83 3279/87/84 61/66/63
f 86/88/85 84/84/81 83/85/82
f 83/85/82 85/89/86 86/88/85
f 62/86/83 84/84/81 86/88/85
f 86/88/85 63/90/87 3280/91/88 62/86/83
f 88/92/89 86/88/85 85/89/86
f 85/89/86 87/93/90 88/92/89
f 63/90/87 86/88/85 88/92/89
f 88/92/89 64/94/91 3281/95/92 63/90/87
f 90/96/93 88/92/89 87/93/90
f 87/93/90 89/97/94 90/96/93
f 64/94/91 88/92/89 90/96/93
f 90/96/93 65/98/95 3282/99/96 64/94/91
f 92/100/97 90/96/93 89/97/94
f 89/97/94 91/101/98 92/100/97
f 65/98/95 90/96/93 92/100/97
f 92/100/97 66/102/99 3283/103/100 65/98/95
f 94/104/101 92/100/97 91/101/98
f 91/101/98 93/105/102 94/104/101
f 66/102/99 92/100/97 94/104/101
f 94/104/101 67/106/103 3284/107/104 66/102/99
f 96/108/105 94/104/101 93/105/102
f 93/105/102 95/109/106 96/108/105
f 67/106/103 94/104/101 96/108/105
f 96/108/105 68/110/107 3285/111/108 67/106/103
f 98/112/109 96/108/105 95/109/106
f 95/109/106 97/113/110 98/112/109
f 68/110/107 96/108/105 98/112/109
f 98/112/109 69/114/111 3286/115/112 68/110/107
f 100/116/113 98/117/109 97/118/110
f 97/118/110 99/119/114 100/116/113
f 69/120/111 98/117/109 100/116/113
f 100/116/113 101/121/115 3290/122/116 69/120/111
f 103/123/117 3291/124/118 101/121/115 100/116/113
f 100/116/113 102/125/119 103/123/117
f 103/123/117 104/126/120 105/127/121 3292/128/122
f 107/129/123 3293/130/124 105/127/121 104/126/120
f 104/126/120 106/131/125 107/129/123
f 111/132/126 112/133/127 113/134/128 3298/135/129
f 3309/136/130 125/137/131 3308/138/132
f 124/139/133 126/140/134 127/141/135
f 130/142/136 128/143/137 3310/144/138 127/141/135
f 127/141/135 129/145/139 130/142/136
f 70/146/140 3311/147/141 128/143/137 130/142/136
f 130/142/136 131/148/142 70/146/140
f 133/149/143 131/148/142 130/142/136
f 130/142/136 132/150/144 133/149/143
f 73/72/69 131/148/142 133/149/143
f 133/149/143 134/151/145 73/72/69
f 70/146/140 131/148/142 73/72/69
f 73/72/69 71/71/68 3287/152/146 70/146/140
f 136/153/147 134/151/145 133/149/143
f 133/149/143 135/154/148 136/153/147
f 76/77/74 134/151/145 136/153/147
f 136/153/147 137/155/149 76/77/74
f 73/72/69 134/151/145 76/77/74
f 76/77/74 74/68/65 73/72/69
f 139/156/150 137/155/149 136/153/147
f 136/153/147 138/157/151 139/156/150
f 79/81/78 137/155/149 139/156/150
f 139/156/150 140/158/152 79/81/78
f 76/77/74 137/155/149 79/81/78
f 79/81/78 77/76/73 76/77/74
f 142/159/153 140/158/152 139/156/150
f 139/156/150 141/160/154 142/159/153
f 144/161/155 140/158/152 142/159/153
f 142/159/153 143/162/156 144/161/155
f 79/81/78 140/158/152 144/161/155
f 144/161/155 80/80/77 79/81/78
f 146/163/157 144/161/155 143/162/156
f 143/162/156 145/164/158 146/163/157
f 80/80/77 144/161/155 146/163/157
f 146/163/157 81/83/80 80/80/77
f 148/165/159 146/163/157 145/164/158
f 145/164/158 147/166/160 148/165/159
f 81/83/80 146/163/157 148/165/159
f 148/165/159 83/85/82 81/83/80
f 150/167/161 148/165/159 147/166/160
f 147/166/160 149/168/162 150/167/161
f 83/85/82 148/165/159 150/167/161
f 150/167/161 85/89/86 83/85/82
f 152/169/163 150/167/161 149/168/162
f 149/168/162 151/170/164 152/169/163
f 85/89/86 150/167/161 152/169/163
f 152/169/163 87/93/90 85/89/86
f 154/171/165 152/169/163 151/170/164
f 151/170/164 153/172/166 154/171/165
f 87/93/90 152/169/163 154/171/165
f 154/171/165 89/97/94 87/93/90
f 156/173/167 154/171/165 153/172/166
f 153/172/166 155/174/168 156/173/167
f 89/97/94 154/171/165 156/173/167
f 156/173/167 91/101/98 89/97/94
f 158/175/169 156/173/167 155/174/168
f 155/174/168 157/176/170 158/175/169
f 91/101/98 156/173/167 158/175/169
f 158/175/169 93/105/102 91/101/98
f 160/177/171 158/175/169 157/176/170
f 157/176/170 159/178/172 160/177/171
f 93/105/102 158/175/169 160/177/171
f 160/177/171 95/109/106 93/105/102
f 162/179/173 160/177/171 159/178/172
f 159/178/172 161/180/174 162/179/173
f 95/109/106 160/177/171 162/179/173
f 162/179/173 97/113/110 95/109/106
f 164/181/175 162/182/173 161/183/174
f 161/183/174 163/184/176 164/181/175
f 97/118/110 162/182/173 164/181/175
f 164/181/175 99/119/114 97/118/110
f 166/185/177 164/181/175 163/184/176
f 163/184/176 165/186/178 166/185/177
f 99/119/114 164/181/175 166/185/177
f 166/185/177 167/187/179 99/119/114
f 169/188/180 167/187/179 166/185/177
f 166/185/177 168/189/181 169/188/180
f 102/125/119 167/187/179 169/188/180
f 169/188/180 170/190/182 102/125/119
f 99/119/114 167/187/179 102/125/119
f 102/125/119 100/116/113 99/119/114
f 172/191/183 170/190/182 169/188/180
f 169/188/180 171/192/184 172/191/183
f 104/126/120 170/190/182 172/191/183
f 172/191/183 106/131/125 104/126/120
f 102/125/119 170/190/182 104/126/120
f 104/126/120 103/123/117 102/125/119
f 174/193/185 172/191/183 171/192/184
f 171/192/184 173/194/186 174/193/185
f 106/131/125 172/191/183 174/193/185
f 174/193/185 175/195/187 106/131/125
f 177/196/188 175/195/187 174/193/185
f 174/193/185 176/197/189 177/196/188
f 108/198/190 175/195/187 177/196/188
f 177/196/188 109/199/191 3295/200/192 108/198/190
f 106/131/125 175/195/187 108/198/190
f 108/198/190 3294/201/193 107/129/123 106/131/125
f 179/202/194 177/196/188 176/197/189
f 176/197/189 178/203/195 179/202/194
f 109/199/191 177/196/188 179/202/194
f 179/202/194 110/204/196 3296/205/197 109/199/191
f 181/206/198 179/202/194 178/203/195
f 178/203/195 180/207/199 181/206/198
f 110/204/196 179/202/194 181/206/198
f 181/206/198 111/132/126 3297/208/200 110/204/196
f 183/209/201 181/206/198 180/207/199
f 180/207/199 182/210/202 183/209/201
f 111/132/126 181/206/198 183/209/201
f 183/209/201 112/133/127 111/132/126
f 185/211/203 183/209/201 182/210/202
f 182/210/202 184/212/204 185/211/203
f 112/133/127 183/209/201 185/211/203
f 185/211/203 186/213/205 112/133/127
f 188/214/206 186/213/205 185/211/203
f 185/211/203 187/215/207 188/214/206
f 114/216/208 186/213/205 188/214/206
f 188/214/206 189/217/209 3312/218/210 114/216/208
f 112/133/127 186/213/205 114/216/208
f 114/216/208 3299/219/211 113/134/128 112/133/127
f 191/220/212 3313/221/213 189/217/209 188/214/206
f 188/214/206 190/222/214 191/220/212
f 194/223/215 3315/224/216 3316/225/217
f 191/220/212 193/226/218 194/223/219 3316/225/220
f 194/223/219 195/227/221 196/228/222 3317/229/223
f 199/230/224 200/231/225 201/232/226 3319/233/227
f 204/234/228 202/235/229 3320/236/230 201/232/226
f 201/232/226 203/237/231 204/234/228
f 115/238/232 3321/239/233 202/235/229 204/234/228
f 204/234/228 205/240/234 115/238/232
f 207/241/235 205/240/234 204/234/228
f 204/234/228 206/242/236 207/241/235
f 209/243/237 205/240/234 207/241/235
f 207/241/235 208/244/238 209/243/237
f 115/238/232 205/240/234 209/243/237
f 209/243/237 116/245/239 3300/246/240 115/238/232
f 211/247/241 209/243/237 208/244/238
f 208/244/238 210/248/242 211/247/241
f 116/245/239 209/243/237 211/247/241
f 211/247/241 117/249/243 3301/250/244 116/245/239
f 213/251/245 211/247/241 210/248/242
f 210/248/242 212/252/246 213/251/245
f 117/249/243 211/247/241 213/251/245
f 213/251/245 118/253/247 3302/254/248 117/249/243
f 215/255/249 213/251/245 212/252/246
f 212/252/246 214/256/250 215/255/249
f 118/253/247 213/251/245 215/255/249
f 215/255/249 119/257/251 3303/258/252 118/253/253
f 217/259/254 215/255/249 214/256/250
f 214/256/250 216/260/255 217/259/254
f 119/257/251 215/255/249 217/259/254
f 217/259/254 120/261/256 3304/262/257 119/257/251
f 219/263/258 217/259/254 216/260/255
f 216/260/255 218/264/259 219/263/258
f 120/261/256 217/259/254 219/263/258
f 219/263/258 121/265/260 3305/266/261 120/261/256
f 221/267/262 219/263/258 218/264/259
f 218/264/259 220/268/263 221/267/262
f 121/265/260 219/263/258 221/267/262
f 221/267/262 122/269/264 3306/270/265 121/265/260
f 223/271/266 221/267/262 220/268/263
f 220/268/263 222/272/267 223/271/266
f 122/269/264 221/267/262 223/271/266 3322/273/268
f 225/274/269 3323/275/270 223/271/266 222/272/267
f 222/272/267 224/276/271 3324/277/272 225/274/269
f 3327/278/273 229/279/274 3326/280/275
f 228/281/276 230/282/277 231/283/278
f 234/284/279 232/285/280 3328/286/273 231/283/278
f 231/283/278 233/287/281 234/284/279
f 123/288/282 3329/289/283 232/285/280 234/284/279
f 234/284/279 235/290/284 123/288/282
f 237/291/285 235/290/284 234/284/279
f 234/284/279 236/292/286 237/291/285
f 126/140/134 235/290/284 237/291/285
f 237/291/285 238/293/287 126/140/134
f 123/288/282 235/290/284 126/140/134
f 126/140/134 124/139/133 3307/294/288 123/288/282
f 240/295/289 238/293/287 237/291/285
f 237/291/285 239/296/290 240/295/289
f 129/145/139 238/293/287 240/295/289
f 240/295/289 241/297/291 129/145/139
f 126/140/134 238/293/287 129/145/139
f 129/145/139 127/141/135 126/140/134
f 243/298/292 241/297/291 240/295/289
f 240/295/289 242/299/293 243/298/292
f 132/150/144 241/297/291 243/298/292
f 243/298/292 244/300/294 132/150/144
f 129/145/139 241/297/291 132/150/144
f 132/150/144 130/142/136 129/145/139
f 246/301/295 244/300/294 243/298/292
f 243/298/292 245/302/296 246/301/295
f 135/154/148 244/300/294 246/301/295
f 246/301/295 247/303/297 135/154/148
f 132/150/144 244/300/294 135/154/148
f 135/154/148 133/149/143 132/150/144
f 249/304/298 247/303/297 246/301/295
f 246/301/295 248/305/299 249/304/298
f 138/157/151 247/303/297 249/304/298
f 249/304/298 250/306/300 138/157/151
f 135/154/148 247/303/297 138/157/151
f 138/157/151 136/153/147 135/154/148
f 252/307/301 250/306/300 249/304/298
f 249/304/298 251/308/302 252/307/301
f 141/160/154 250/306/300 252/307/301
f 252/307/301 253/309/303 141/160/154
f 138/157/151 250/306/300 141/160/154
f 141/160/154 139/156/150 138/157/151
f 255/310/304 253/309/303 252/307/301
f 252/307/301 254/311/305 255/310/304
f 257/312/306 253/309/303 255/310/304
f 255/310/304 256/313/307 257/312/306
f 141/160/154 253/309/303 257/312/306
f 257/312/306 142/159/153 141/160/154
f 259/314/308 257/312/306 256/313/307
f 256/313/307 258/315/309 259/314/308
f 142/159/153 257/312/306 259/314/308
f 259/314/308 143/162/156 142/159/153
f 261/316/310 259/314/308 258/315/309
f 258/315/309 260/317/311 261/316/310
f 143/162/156 259/314/308 261/316/310
f 261/316/310 145/164/158 143/162/156
f 263/318/312 261/316/310 260/317/311
f 260/317/311 262/319/313 263/318/312
f 145/164/158 261/316/310 263/318/312
f 263/318/312 147/166/160 145/164/158
f 265/320/314 263/318/312 262/319/313
f 262/319/313 264/321/315 265/320/314
f 147/166/160 263/318/312 265/320/314
f 265/320/314 149/168/162 147/166/160
f 267/322/316 265/320/314 264/321/315
f 264/321/315 266/323/317 267/322/316
f 149/168/162 265/320/314 267/322/316
f 267/322/316 151/170/164 149/168/162
f 269/324/318 267/322/316 266/323/317
f 266/323/317 268/325/319 269/324/318
f 151/170/164 267/322/316 269/324/318
f 269/324/318 153/172/166 151/170/164
f 271/326/320 269/324/318 268/325/319
f 268/325/319 270/327/321 271/326/320
f 153/172/166 269/324/318 271/326/320
f 271/326/320 155/174/168 153/172/166
f 273/328/322 271/326/320 270/327/321
f 270/327/321 272/329/323 273/328/322
f 155/174/168 271/326/320 273/328/322
f 273/328/322 157/176/170 155/174/168
f 275/330/324 273/328/322 272/329/323
f 272/329/323 274/331/325 275/330/324
f 157/176/170 273/328/322 275/330/324
f 275/330/324 159/178/172 157/176/170
f 277/332/326 275/330/324 274/331/325
f 274/331/325 276/333/327 277/332/326
f 159/178/172 275/330/324 277/332/326
f 277/332/326 161/180/174 159/178/172
f 279/334/328 277/335/326 276/336/327
f 276/336/327 278/337/329 279/334/328
f 161/183/174 277/335/326 279/334/328
f 279/334/328 163/184/176 161/183/174
f 281/338/330 279/334/328 278/337/329
f 278/337/329 280/339/331 281/338/330
f 163/184/176 279/334/328 281/338/330
f 281/338/330 165/186/178 163/184/176
f 283/340/332 281/338/330 280/339/331
f 280/339/331 282/341/333 283/340/332
f 165/186/178 281/338/330 283/340/332
f 283/340/332 284/342/334 165/186/178
f 286/343/335 284/342/334 283/340/332
f 283/340/332 285/344/336 286/343/335
f 168/189/181 284/342/334 286/343/335
f 286/343/335 287/345/337 168/189/181
f 165/186/178 284/342/334 168/189/181
f 168/189/181 166/185/177 165/186/178
f 289/346/338 287/345/337 286/343/335
f 286/343/335 288/347/339 289/346/338
f 171/192/184 287/345/337 289/346/338
f 289/346/338 173/194/186 171/192/184
f 168/189/181 287/345/337 171/192/184
f 171/192/184 169/188/180 168/189/181
f 291/348/340 289/346/338 288/347/339
f 288/347/339 290/349/341 291/348/340
f 173/194/186 289/346/338 291/348/340
f 291/348/340 292/350/342 173/194/186
f 294/351/343 292/350/342 291/348/340
f 291/348/340 293/352/344 294/351/343
f 176/197/189 292/350/342 294/351/343
f 294/351/343 178/203/195 176/197/189
f 173/194/186 292/350/342 176/197/189
f 176/197/189 174/193/185 173/194/186
f 296/353/345 294/351/343 293/352/344
f 293/352/344 295/354/346 296/353/345
f 178/203/195 294/351/343 296/353/345
f 296/353/345 180/207/199 178/203/195
f 298/355/347 296/353/345 295/354/346
f 295/354/346 297/356/348 298/355/347
f 180/207/199 296/353/345 298/355/347
f 298/355/347 182/210/202 180/207/199
f 300/357/349 298/355/347 297/356/348
f 297/356/348 299/358/350 300/357/349
f 182/210/202 298/355/347 300/357/349
f 300/357/349 184/212/204 182/210/202
f 302/359/351 300/357/349 299/358/350
f 299/358/350 301/360/352 302/359/351
f 184/212/204 300/357/349 302/359/351
f 302/359/351 303/361/353 184/212/204
f 305/362/354 303/361/353 302/359/351
f 302/359/351 304/363/355 305/362/354
f 187/215/207 303/361/353 305/362/354
f 305/362/354 306/364/356 187/215/207
f 184/212/204 303/361/353 187/215/207
f 187/215/207 185/211/203 184/212/204
f 308/365/357 306/364/356 305/362/354
f 305/362/354 307/366/358 308/365/357
f 190/222/214 306/364/356 308/365/357
f 308/365/357 309/367/359 190/222/214
f 187/215/207 306/364/356 190/222/214
f 190/222/214 188/214/206 187/215/207
f 311/368/360 309/367/359 308/365/357
f 308/365/357 310/369/361 311/368/360
f 193/226/218 309/367/359 311/368/360
f 311/368/360 312/370/362 193/226/218
f 190/222/214 309/367/359 193/226/218
f 193/226/218 191/220/212 190/222/214
f 314/371/363 312/370/362 311/368/360
f 311/368/360 313/372/364 314/371/363
f 195/227/221 312/370/362 314/371/363
f 314/371/363 315/373/365 195/227/221
f 193/226/218 312/370/362 195/227/221
f 195/227/221 194/223/219 193/226/218
f 317/374/366 315/373/365 314/371/363
f 314/371/363 316/375/367 317/374/366
f 319/376/368 315/373/365 317/374/366
f 317/374/366 318/377/369 3330/378/370 319/376/368
f 195/227/221 315/373/365 319/376/368
f 319/376/368 3331/379/371 196/228/222 195/227/221
f 322/380/372 3333/381/373 3334/382/374
f 318/377/369 321/383/375 322/380/376 3334/382/377
f 325/384/378 323/385/379 3335/386/380 322/380/376
f 322/380/376 324/387/381 325/384/378
f 197/388/382 3336/389/383 323/385/379 325/384/378
f 325/384/378 326/390/384 3337/391/385 197/388/382
f 328/392/386 3338/393/387 326/390/384 325/384/378
f 325/384/378 327/394/388 328/392/386
f 331/395/389 329/396/390 3339/397/391 328/392/386
f 328/392/386 330/398/392 331/395/389
f 198/399/393 3340/400/394 329/396/390 331/395/389
f 331/395/389 332/401/395 198/399/393
f 334/402/396 332/401/395 331/395/389
f 331/395/389 333/403/397 334/402/396
f 200/231/225 332/401/395 334/402/396
f 334/402/396 335/404/398 200/231/225
f 198/399/393 332/401/395 200/231/225
f 200/231/225 199/230/224 3318/405/399 198/399/393
f 337/406/400 335/404/398 334/402/396
f 334/402/396 336/407/401 337/406/400
f 203/237/231 335/404/398 337/406/400
f 337/406/400 338/408/402 203/237/231
f 200/231/225 335/404/398 203/237/231
f 203/237/231 201/232/226 200/231/225
f 340/409/403 338/408/402 337/406/400
f 337/406/400 339/410/404 340/409/403
f 206/242/236 338/408/402 340/409/403
f 340/409/403 341/411/405 206/242/236
f 203/237/231 338/408/402 206/242/236
f 206/242/236 204/234/228 203/237/231
f 343/412/406 341/411/405 340/409/403
f 340/409/403 342/413/407 343/412/406
f 345/414/408 341/411/405 343/412/406
f 343/412/406 344/415/409 345/414/408
f 206/242/236 341/411/405 345/414/408
f 345/414/408 207/241/235 206/242/236
f 347/416/410 345/414/408 344/415/409
f 344/415/409 346/417/411 347/416/410
f 207/241/235 345/414/408 347/416/410
f 347/416/410 208/244/238 207/241/235
f 349/418/412 347/416/410 346/417/411
f 346/417/411 348/419/413 349/418/412
f 208/244/238 347/416/410 349/418/412
f 349/418/412 210/248/242 208/244/238
f 351/420/414 349/418/412 348/419/413
f 348/419/413 350/421/415 351/420/414
f 210/248/242 349/418/412 351/420/414
f 351/420/414 212/252/246 210/248/242
f 353/422/416 351/420/414 350/421/415
f 350/421/415 352/423/417 353/422/416
f 212/252/246 351/420/414 353/422/416
f 353/422/416 214/256/250 212/252/246
f 355/424/418 353/422/416 352/423/417
f 352/423/417 354/425/419 355/424/418
f 214/256/250 353/422/416 355/424/418
f 355/424/418 216/260/255 214/256/250
f 357/426/420 355/424/418 354/425/419
f 354/425/419 356/427/421 357/426/420
f 216/260/255 355/424/418 357/426/420
f 357/426/420 218/264/259 216/260/255
f 359/428/422 357/426/420 356/427/421
f 356/427/421 358/429/423 359/428/422
f 218/264/259 357/426/420 359/428/422
f 359/428/422 220/268/263 218/264/259
f 361/430/424 359/428/422 358/429/423
f 358/429/423 360/431/425 361/430/424
f 220/268/263 359/428/422 361/430/424
f 361/430/424 222/272/267 220/268/263
f 363/432/426 361/430/424 360/431/425
f 360/431/425 362/433/427 363/432/426
f 222/272/267 361/430/424 363/432/426
f 363/432/426 224/276/271 222/272/267
f 226/434/428 363/432/426 362/433/427
f 362/433/427 364/435/429 3341/436/430 226/434/428
f 224/276/271 363/432/426 226/434/428 3342/437/431
f 366/438/432 3343/439/433 364/435/429 362/433/427
f 362/433/427 365/440/434 366/438/432
f 367/441/435 368/442/436 369/443/437 3344/444/438
f 371/445/439 369/443/437 368/442/436
f 368/442/436 370/446/440 371/445/439
f 227/447/441 3345/448/442 369/443/437 371/445/439
f 371/445/439 228/281/276 3325/449/443 227/447/441
f 373/450/444 371/445/439 370/446/440
f 370/446/440 372/451/445 373/450/444
f 228/281/276 371/445/439 373/450/444
f 373/450/444 230/282/277 228/281/276
f 375/452/446 373/450/444 372/451/445
f 372/451/445 374/453/447 375/452/446
f 230/282/277 373/450/444 375/452/446
f 375/452/446 376/454/448 230/282/277
f 378/455/449 376/454/448 375/452/446
f 375/452/446 377/456/450 378/455/449
f 233/287/281 376/454/448 378/455/449
f 378/455/449 379/457/451 233/287/281
f 230/282/277 376/454/448 233/287/281
f 233/287/281 231/283/278 230/282/277
f 381/458/452 379/457/451 378/455/449
f 378/455/449 380/459/453 381/458/452
f 236/292/286 379/457/451 381/458/452
f 381/458/452 382/460/454 236/292/286
f 233/287/281 379/457/451 236/292/286
f 236/292/286 234/284/279 233/287/281
f 384/461/455 382/460/454 381/458/452
f 381/458/452 383/462/456 384/461/455
f 239/296/290 382/460/454 384/461/455
f 384/461/455 385/463/457 239/296/290
f 236/292/286 382/460/454 239/296/290
f 239/296/290 237/291/285 236/292/286
f 387/464/458 385/463/457 384/461/455
f 384/461/455 386/465/459 387/464/458
f 242/299/293 385/463/457 387/464/458
f 387/464/458 388/466/460 242/299/293
f 239/296/290 385/463/457 242/299/293
f 242/299/293 240/295/289 239/296/290
f 390/467/461 388/466/460 387/464/458
f 387/464/458 389/468/462 390/467/461
f 245/302/296 388/466/460 390/467/461
f 390/467/461 391/469/463 245/302/296
f 242/299/293 388/466/460 245/302/296
f 245/302/296 243/298/292 242/299/293
f 393/470/464 391/469/463 390/467/461
f 390/467/461 392/471/465 393/470/464
f 248/305/299 391/469/463 393/470/464
f 393/470/464 394/472/466 248/305/299
f 245/302/296 391/469/463 248/305/299
f 248/305/299 246/301/295 245/302/296
f 396/473/467 394/472/466 393/470/464
f 393/470/464 395/474/468 396/473/467
f 251/308/302 394/472/466 396/473/467
f 396/473/467 397/475/469 251/308/302
f 248/305/299 394/472/466 251/308/302
f 251/308/302 249/304/298 248/305/299
f 399/476/470 397/475/469 396/473/467
f 396/473/467 398/477/471 399/476/470
f 254/311/305 397/475/469 399/476/470
f 399/476/470 400/478/472 254/311/305
f 251/308/302 397/475/469 254/311/305
f 254/311/305 252/307/301 251/308/302
f 402/479/473 400/478/472 399/476/470
f 399/476/470 401/480/474 402/479/473
f 404/481/475 400/478/472 402/479/473
f 402/479/473 403/482/476 404/481/475
f 254/311/305 400/478/472 404/481/475
f 404/481/475 255/310/304 254/311/305
f 406/483/477 404/481/475 403/482/476
f 403/482/476 405/484/478 406/483/477
f 255/310/304 404/481/475 406/483/477
f 406/483/477 256/313/307 255/310/304
f 408/485/479 406/483/477 405/484/478
f 405/484/478 407/486/480 408/485/479
f 256/313/307 406/483/477 408/485/479
f 408/485/479 258/315/309 256/313/307
f 410/487/481 408/485/479 407/486/480
f 407/486/480 409/488/482 410/487/481
f 258/315/309 408/485/479 410/487/481
f 410/487/481 260/317/311 258/315/309
f 412/489/483 410/487/481 409/488/482
f 409/488/482 411/490/484 412/489/483
f 260/317/311 410/487/481 412/489/483
f 412/489/483 262/319/313 260/317/311
f 414/491/485 412/489/483 411/490/484
f 411/490/484 413/492/486 414/491/485
f 262/319/313 412/489/483 414/491/485
f 414/491/485 264/321/315 262/319/313
f 416/493/487 414/491/485 413/492/486
f 413/492/486 415/494/488 416/493/487
f 264/321/315 414/491/485 416/493/487
f 416/493/487 266/323/317 264/321/315
f 418/495/489 416/493/487 415/494/488
f 415/494/488 417/496/490 418/495/489
f 266/323/317 416/493/487 418/495/489
f 418/495/489 268/325/319 266/323/317
f 420/497/491 418/495/489 417/496/490
f 417/496/490 419/498/492 420/497/491
f 268/325/319 418/495/489 420/497/491
f 420/497/491 270/327/321 268/325/319
f 422/499/493 420/497/491 419/498/492
f 419/498/492 421/500/494 422/499/493
f 270/327/321 420/497/491 422/499/493
f 422/499/493 272/329/323 270/327/321
f 424/501/495 422/499/493 421/500/494
f 421/500/494 423/502/496 424/501/495
f 272/329/323 422/499/493 424/501/495
f 424/501/495 274/331/325 272/329/323
f 426/503/497 424/501/495 423/502/496
f 423/502/496 425/504/498 426/503/497
f 274/331/325 424/501/495 426/503/497
f 426/503/497 276/333/327 274/331/325
f 428/505/499 426/506/497 425/507/498
f 425/507/498 427/508/500 428/505/499
f 276/336/327 426/506/497 428/505/499
f 428/505/499 278/337/329 276/336/327
f 430/509/501 428/505/499 427/508/500
f 427/508/500 429/510/502 430/509/501
f 278/337/329 428/505/499 430/509/501
f 430/509/501 280/339/331 278/337/329
f 432/511/503 430/509/501 429/510/502
f 429/510/502 431/512/504 432/511/503
f 280/339/331 430/509/501 432/511/503
f 432/511/503 282/341/333 280/339/331
f 434/513/505 432/511/503 431/512/504
f 431/512/504 433/514/506 434/513/505
f 282/341/333 432/511/503 434/513/505
f 434/513/505 435/515/507 282/341/333
f 437/516/508 435/515/507 434/513/505
f 434/513/505 436/517/509 437/516/508
f 285/344/336 435/515/507 437/516/508
f 437/516/508 438/518/510 285/344/336
f 282/341/333 435/515/507 285/344/336
f 285/344/336 283/340/332 282/341/333
f 440/519/511 438/518/510 437/516/508
f 437/516/508 439/520/512 440/519/511
f 288/347/339 438/518/510 440/519/511
f 440/519/511 290/349/341 288/347/339
f 285/344/336 438/518/510 288/347/339
f 288/347/339 286/343/335 285/344/336
f 442/521/513 440/519/511 439/520/512
f 439/520/512 441/522/514 442/521/513
f 290/349/341 440/519/511 442/521/513
f 442/521/513 443/523/515 290/349/341
f 445/524/516 443/523/515 442/521/513
f 442/521/513 444/525/517 445/524/516
f 293/352/344 443/523/515 445/524/516
f 445/524/516 295/354/346 293/352/344
f 290/349/341 443/523/515 293/352/344
f 293/352/344 291/348/340 290/349/341
f 447/526/518 445/524/516 444/525/517
f 444/525/517 446/527/519 447/526/518
f 295/354/346 445/524/516 447/526/518
f 447/526/518 297/356/348 295/354/346
f 449/528/520 447/526/518 446/527/519
f 446/527/519 448/529/521 449/528/520
f 297/356/348 447/526/518 449/528/520
f 449/528/520 299/358/350 297/356/348
f 451/530/522 449/528/520 448/529/521
f 448/529/521 450/531/523 451/530/522
f 299/358/350 449/528/520 451/530/522
f 451/530/522 301/360/352 299/358/350
f 453/532/524 451/530/522 450/531/523
f 450/531/523 452/533/525 453/532/524
f 301/360/352 451/530/522 453/532/524
f 453/532/524 454/534/526 301/360/352
f 456/535/527 454/534/526 453/532/524
f 453/532/524 455/536/528 456/535/527
f 304/363/355 454/534/526 456/535/527
f 456/535/527 457/537/529 304/363/355
f 301/360/352 454/534/526 304/363/355
f 304/363/355 302/359/351 301/360/352
f 459/538/530 457/537/529 456/535/527
f 456/535/527 458/539/531 459/538/530
f 307/366/358 457/537/529 459/538/530
f 459/538/530 460/540/532 307/366/358
f 304/363/355 457/537/529 307/366/358
f 307/366/358 305/362/354 304/363/355
f 462/541/533 460/540/532 459/538/530
f 459/538/530 461/542/534 462/541/533
f 310/369/361 460/540/532 462/541/533
f 462/541/533 463/543/535 310/369/361
f 307/366/358 460/540/532 310/369/361
f 310/369/361 308/365/357 307/366/358
f 465/544/536 463/543/535 462/541/533
f 462/541/533 464/545/537 465/544/536
f 313/372/364 463/543/535 465/544/536
f 465/544/536 466/546/538 313/372/364
f 310/369/361 463/543/535 313/372/364
f 313/372/364 311/368/360 310/369/361
f 468/547/539 466/546/538 465/544/536
f 465/544/536 467/548/540 468/547/539
f 316/375/367 466/546/538 468/547/539
f 468/547/539 469/549/541 316/375/367
f 313/372/364 466/546/538 316/375/367
f 316/375/367 314/371/363 313/372/364
f 471/550/542 469/549/541 468/547/539
f 468/547/539 470/551/543 471/550/542
f 473/552/544 469/549/541 471/550/542
f 471/550/542 472/553/545 473/552/544
f 316/375/367 469/549/541 473/552/544
f 473/552/544 317/374/366 316/375/367
f 321/383/375 473/552/544 472/553/545
f 472/553/545 474/554/546 321/383/375
f 317/374/366 473/552/544 321/383/375
f 321/383/375 318/377/369 317/374/366
f 476/555/547 474/554/546 472/553/545
f 472/553/545 475/556/548 476/555/547
f 324/387/381 474/554/546 476/555/547
f 476/555/547 477/557/549 324/387/381
f 321/383/375 474/554/546 324/387/381
f 324/387/381 322/380/376 321/383/375
f 479/558/550 477/557/549 476/555/547
f 476/555/547 478/559/551 479/558/550
f 327/394/388 477/557/549 479/558/550
f 479/558/550 480/560/552 327/394/388
f 324/387/381 477/557/549 327/394/388
f 327/394/388 325/384/378 324/387/381
f 482/561/553 480/560/552 479/558/550
f 479/558/550 481/562/554 482/561/553
f 330/398/392 480/560/552 482/561/553
f 482/561/553 483/563/555 330/398/392
f 327/394/388 480/560/552 330/398/392
f 330/398/392 328/392/386 327/394/388
f 485/564/556 483/563/555 482/561/553
f 482/561/553 484/565/557 485/564/556
f 333/403/397 483/563/555 485/564/556
f 485/564/556 486/566/558 333/403/397
f 330/398/392 483/563/555 333/403/397
f 333/403/397 331/395/389 330/398/392
f 488/567/559 486/566/558 485/564/556
f 485/564/556 487/568/560 488/567/559
f 336/407/401 486/566/558 488/567/559
f 488/567/559 489/569/561 336/407/401
f 333/403/397 486/566/558 336/407/401
f 336/407/401 334/402/396 333/403/397
f 491/570/562 489/569/561 488/567/559
f 488/567/559 490/571/563 491/570/562
f 339/410/404 489/569/561 491/570/562
f 491/570/562 492/572/564 339/410/404
f 336/407/401 489/569/561 339/410/404
f 339/410/404 337/406/400 336/407/401
f 494/573/565 492/572/564 491/570/562
f 491/570/562 493/574/566 494/573/565
f 342/413/407 492/572/564 494/573/565
f 494/573/565 495/575/567 342/413/407
f 339/410/404 492/572/564 342/413/407
f 342/413/407 340/409/403 339/410/404
f 497/576/568 495/575/567 494/573/565
f 494/573/565 496/577/569 497/576/568
f 499/578/570 495/575/567 497/576/568
f 497/576/568 498/579/571 499/578/570
f 342/413/407 495/575/567 499/578/570
f 499/578/570 343/412/406 342/413/407
f 501/580/572 499/578/570 498/579/571
f 498/579/571 500/581/573 501/580/572
f 343/412/406 499/578/570 501/580/572
f 501/580/572 344/415/409 343/412/406
f 503/582/574 501/580/572 500/581/573
f 500/581/573 502/583/575 503/582/574
f 344/415/409 501/580/572 503/582/574
f 503/582/574 346/417/411 344/415/409
f 505/584/576 503/582/574 502/583/575
f 502/583/575 504/585/577 505/584/576
f 346/417/411 503/582/574 505/584/576
f 505/584/576 348/419/413 346/417/411
f 507/586/578 505/584/576 504/585/577
f 504/585/577 506/587/579 507/586/578
f 348/419/413 505/584/576 507/586/578
f 507/586/578 350/421/415 348/419/413
f 509/588/580 507/586/578 506/587/579
f 506/587/579 508/589/581 509/588/580
f 350/421/415 507/586/578 509/588/580
f 509/588/580 352/423/417 350/421/415
f 511/590/582 509/588/580 508/589/581
f 508/589/581 510/591/583 511/590/582
f 352/423/417 509/588/580 511/590/582
f 511/590/582 354/425/419 352/423/417
f 513/592/584 511/590/582 510/591/583
f 510/591/583 512/593/585 513/592/584
f 354/425/419 511/590/582 513/592/584
f 513/592/584 356/427/421 354/425/419
f 515/594/586 513/592/584 512/593/585
f 512/593/585 514/595/587 515/594/586
f 356/427/421 513/592/584 515/594/586
f 515/594/586 358/429/423 356/427/421
f 517/596/588 515/594/586 514/595/587
f 514/595/587 516/597/589 517/596/588
f 358/429/423 515/594/586 517/596/588
f 517/596/588 360/431/425 358/429/423
f 365/440/434 517/596/588 516/597/589
f 516/597/589 518/598/590 365/440/434
f 360/431/425 517/596/588 365/440/434
f 365/440/434 362/433/427 360/431/425
f 520/599/591 518/598/590 516/597/589
f 516/597/589 519/600/592 3346/601/593 520/599/591
f 521/602/594 518/598/590 520/599/591 3347/603/595
f 365/440/434 518/598/590 521/602/594
f 521/602/594 3348/604/596 366/438/432 365/440/434
f 526/605/597 3351/606/598 3352/607/599
f 523/608/600 525/609/601 526/605/602 3352/607/603
f 528/610/604 526/605/602 525/609/601
f 525/609/601 527/611/605 528/610/604
f 367/441/435 3353/612/606 526/605/602 528/610/604
f 528/610/604 368/442/436 367/441/435
f 530/613/607 528/610/604 527/611/605
f 527/611/605 529/614/608 530/613/607
f 368/442/436 528/610/604 530/613/607
f 530/613/607 370/446/440 368/442/436
f 532/615/609 530/613/607 529/614/608
f 529/614/608 531/616/610 532/615/609
f 370/446/440 530/613/607 532/615/609
f 532/615/609 372/451/445 370/446/440
f 534/617/611 532/615/609 531/616/610
f 531/616/610 533/618/612 534/617/611
f 372/451/445 532/615/609 534/617/611
f 534/617/611 374/453/447 372/451/445
f 536/619/613 534/617/611 533/618/612
f 533/618/612 535/620/614 536/619/613
f 374/453/447 534/617/611 536/619/613
f 536/619/613 537/621/615 374/453/447
f 539/622/616 537/621/615 536/619/613
f 536/619/613 538/623/617 539/622/616
f 377/456/450 537/621/615 539/622/616
f 539/622/616 540/624/618 377/456/450
f 374/453/447 537/621/615 377/456/450
f 377/456/450 375/452/446 374/453/447
f 542/625/619 540/624/618 539/622/616
f 539/622/616 541/626/620 542/625/619
f 380/459/453 540/624/618 542/625/619
f 542/625/619 543/627/621 380/459/453
f 377/456/450 540/624/618 380/459/453
f 380/459/453 378/455/449 377/456/450
f 545/628/622 543/627/621 542/625/619
f 542/625/619 544/629/623 545/628/622
f 383/462/456 543/627/621 545/628/622
f 545/628/622 546/630/624 383/462/456
f 380/459/453 543/627/621 383/462/456
f 383/462/456 381/458/452 380/459/453
f 548/631/625 546/630/624 545/628/622
f 545/628/622 547/632/626 548/631/625
f 386/465/459 546/630/624 548/631/625
f 548/631/625 549/633/627 386/465/459
f 383/462/456 546/630/624 386/465/459
f 386/465/459 384/461/455 383/462/456
f 551/634/628 549/633/627 548/631/625
f 548/631/625 550/635/629 551/634/628
f 389/468/462 549/633/627 551/634/628
f 551/634/628 552/636/630 389/468/462
f 386/465/459 549/633/627 389/468/462
f 389/468/462 387/464/458 386/465/459
f 554/637/631 552/636/630 551/634/628
f 551/634/628 553/638/632 554/637/631
f 392/471/465 552/636/630 554/637/631
f 554/637/631 555/639/633 392/471/465
f 389/468/462 552/636/630 392/471/465
f 392/471/465 390/467/461 389/468/462
f 557/640/634 555/639/633 554/637/631
f 554/637/631 556/641/635 557/640/634
f 395/474/468 555/639/633 557/640/634
f 557/640/634 558/642/636 395/474/468
f 392/471/465 555/639/633 395/474/468
f 395/474/468 393/470/464 392/471/465
f 560/643/637 558/642/636 557/640/634
f 557/640/634 559/644/638 560/643/637
f 398/477/471 558/642/636 560/643/637
f 560/643/637 561/645/639 398/477/471
f 395/474/468 558/642/636 398/477/471
f 398/477/471 396/473/467 395/474/468
f 563/646/640 561/645/639 560/643/637
f 560/643/637 562/647/641 563/646/640
f 401/480/474 561/645/639 563/646/640
f 563/646/640 564/648/642 401/480/474
f 398/477/471 561/645/639 401/480/474
f 401/480/474 399/476/470 398/477/471
f 566/649/643 564/648/642 563/646/640
f 563/646/640 565/650/644 566/649/643
f 568/651/645 564/648/642 566/649/643
f 566/649/643 567/652/646 568/651/645
f 401/480/474 564/648/642 568/651/645
f 568/651/645 402/479/473 401/480/474
f 570/653/647 568/651/645 567/652/646
f 567/652/646 569/654/648 570/653/647
f 402/479/473 568/651/645 570/653/647
f 570/653/647 403/482/476 402/479/473
f 572/655/649 570/653/647 569/654/648
f 569/654/648 571/656/650 572/655/649
f 403/482/476 570/653/647 572/655/649
f 572/655/649 405/484/478 403/482/476
f 574/657/651 572/655/649 571/656/650
f 571/656/650 573/658/652 574/657/651
f 405/484/478 572/655/649 574/657/651
f 574/657/651 407/486/480 405/484/478
f 576/659/653 574/657/651 573/658/652
f 573/658/652 575/660/654 576/659/653
f 407/486/480 574/657/651 576/659/653
f 576/659/653 409/488/482 407/486/480
f 578/661/655 576/659/653 575/660/654
f 575/660/654 577/662/656 578/661/655
f 409/488/482 576/659/653 578/661/655
f 578/661/655 411/490/484 409/488/482
f 580/663/657 578/661/655 577/662/656
f 577/662/656 579/664/658 580/663/657
f 411/490/484 578/661/655 580/663/657
f 580/663/657 413/492/486 411/490/484
f 582/665/659 580/663/657 579/664/658
f 579/664/658 581/666/660 582/665/659
f 413/492/486 580/663/657 582/665/659
f 582/665/659 415/494/488 413/492/486
f 584/667/661 582/665/659 581/666/660
f 581/666/660 583/668/662 584/667/661
f 415/494/488 582/665/659 584/667/661
f 584/667/661 417/496/490 415/494/488
f 586/669/663 584/667/661 583/668/662
f 583/668/662 585/670/664 586/669/663
f 417/496/490 584/667/661 586/669/663
f 586/669/663 419/498/492 417/496/490
f 588/671/665 586/669/663 585/670/664
f 585/670/664 587/672/666 588/671/665
f 419/498/492 586/669/663 588/671/665
f 588/671/665 421/500/494 419/498/492
f 590/673/667 588/671/665 587/672/666
f 587/672/666 589/674/668 590/673/667
f 421/500/494 588/671/665 590/673/667
f 590/673/667 423/502/496 421/500/494
f 592/675/669 590/673/667 589/674/668
f 589/674/668 591/676/670 592/675/669
f 423/502/496 590/673/667 592/675/669
f 592/675/669 425/504/498 423/502/496
f 594/677/671 592/678/669 591/679/670
f 591/679/670 593/680/672 594/677/671
f 425/507/498 592/678/669 594/677/671
f 594/677/671 427/508/500 425/507/498
f 596/681/673 594/677/671 593/680/672
f 593/680/672 595/682/674 596/681/673
f 427/508/500 594/677/671 596/681/673
f 596/681/673 429/510/502 427/508/500
f 598/683/675 596/681/673 595/682/674
f 595/682/674 597/684/676 598/683/675
f 429/510/502 596/681/673 598/683/675
f 598/683/675 431/512/504 429/510/502
f 600/685/677 598/683/675 597/684/676
f 597/684/676 599/686/678 600/685/677
f 431/512/504 598/683/675 600/685/677
f 600/685/677 433/514/506 431/512/504
f 602/687/679 600/685/677 599/686/678
f 599/686/678 601/688/680 602/687/679
f 433/514/506 600/685/677 602/687/679
f 602/687/679 603/689/681 433/514/506
f 605/690/682 603/689/681 602/687/679
f 602/687/679 604/691/683 605/690/682
f 436/517/509 603/689/681 605/690/682
f 605/690/682 606/692/684 436/517/509
f 433/514/506 603/689/681 436/517/509
f 436/517/509 434/513/505 433/514/506
f 608/693/685 606/692/684 605/690/682
f 605/690/682 607/694/686 608/693/685
f 439/520/512 606/692/684 608/693/685
f 608/693/685 441/522/514 439/520/512
f 436/517/509 606/692/684 439/520/512
f 439/520/512 437/516/508 436/517/509
f 610/695/687 608/693/685 607/694/686
f 607/694/686 609/696/688 610/695/687
f 441/522/514 608/693/685 610/695/687
f 610/695/687 611/697/689 441/522/514
f 613/698/690 611/697/689 610/695/687
f 610/695/687 612/699/691 613/698/690
f 444/525/517 611/697/689 613/698/690
f 613/698/690 446/527/519 444/525/517
f 441/522/514 611/697/689 444/525/517
f 444/525/517 442/521/513 441/522/514
f 615/700/692 613/698/690 612/699/691
f 612/699/691 614/701/693 615/700/692
f 446/527/519 613/698/690 615/700/692
f 615/700/692 448/529/521 446/527/519
f 617/702/694 615/700/692 614/701/693
f 614/701/693 616/703/695 617/702/694
f 448/529/521 615/700/692 617/702/694
f 617/702/694 450/531/523 448/529/521
f 619/704/696 617/702/694 616/703/695
f 616/703/695 618/705/697 619/704/696
f 450/531/523 617/702/694 619/704/696
f 619/704/696 452/533/525 450/531/523
f 621/706/698 619/704/696 618/705/697
f 618/705/697 620/707/699 621/706/698
f 452/533/525 619/704/696 621/706/698
f 621/706/698 622/708/700 452/533/525
f 624/709/701 622/708/700 621/706/698
f 621/706/698 623/710/702 624/709/701
f 455/536/528 622/708/700 624/709/701
f 624/709/701 625/711/703 455/536/528
f 452/533/525 622/708/700 455/536/528
f 455/536/528 453/532/524 452/533/525
f 627/712/704 625/711/703 624/709/701
f 624/709/701 626/713/705 627/712/704
f 458/539/531 625/711/703 627/712/704
f 627/712/704 628/714/706 458/539/531
f 455/536/528 625/711/703 458/539/531
f 458/539/531 456/535/527 455/536/528
f 630/715/707 628/714/706 627/712/704
f 627/712/704 629/716/708 630/715/707
f 461/542/534 628/714/706 630/715/707
f 630/715/707 631/717/709 461/542/534
f 458/539/531 628/714/706 461/542/534
f 461/542/534 459/538/530 458/539/531
f 633/718/710 631/717/709 630/715/707
f 630/715/707 632/719/711 633/718/710
f 464/545/537 631/717/709 633/718/710
f 633/718/710 634/720/712 464/545/537
f 461/542/534 631/717/709 464/545/537
f 464/545/537 462/541/533 461/542/534
f 636/721/713 634/720/712 633/718/710
f 633/718/710 635/722/714 636/721/713
f 467/548/540 634/720/712 636/721/713
f 636/721/713 637/723/715 467/548/540
f 464/545/537 634/720/712 467/548/540
f 467/548/540 465/544/536 464/545/537
f 639/724/716 637/723/715 636/721/713
f 636/721/713 638/725/717 639/724/716
f 470/551/543 637/723/715 639/724/716
f 639/724/716 640/726/718 470/551/543
f 467/548/540 637/723/715 470/551/543
f 470/551/543 468/547/539 467/548/540
f 642/727/719 640/726/718 639/724/716
f 639/724/716 641/728/720 642/727/719
f 644/729/721 640/726/718 642/727/719
f 642/727/719 643/730/722 644/729/721
f 470/551/543 640/726/718 644/729/721
f 644/729/721 471/550/542 470/551/543
f 475/556/548 644/729/721 643/730/722
f 643/730/722 645/731/723 475/556/548
f 471/550/542 644/729/721 475/556/548
f 475/556/548 472/553/545 471/550/542
f 647/732/724 645/731/723 643/730/722
f 643/730/722 646/733/725 647/732/724
f 478/559/551 645/731/723 647/732/724
f 647/732/724 648/734/726 478/559/551
f 475/556/548 645/731/723 478/559/551
f 478/559/551 476/555/547 475/556/548
f 650/735/727 648/734/726 647/732/724
f 647/732/724 649/736/728 650/735/727
f 481/562/554 648/734/726 650/735/727
f 650/735/727 651/737/729 481/562/554
f 478/559/551 648/734/726 481/562/554
f 481/562/554 479/558/550 478/559/551
f 653/738/730 651/737/729 650/735/727
f 650/735/727 652/739/731 653/738/730
f 484/565/557 651/737/729 653/738/730
f 653/738/730 654/740/732 484/565/557
f 481/562/554 651/737/729 484/565/557
f 484/565/557 482/561/553 481/562/554
f 656/741/733 654/740/732 653/738/730
f 653/738/730 655/742/734 656/741/733
f 487/568/560 654/740/732 656/741/733
f 656/741/733 657/743/735 487/568/560
f 484/565/557 654/740/732 487/568/560
f 487/568/560 485/564/556 484/565/557
f 659/744/736 657/743/735 656/741/733
f 656/741/733 658/745/737 659/744/736
f 490/571/563 657/743/735 659/744/736
f 659/744/736 660/746/738 490/571/563
f 487/568/560 657/743/735 490/571/563
f 490/571/563 488/567/559 487/568/560
f 662/747/739 660/746/738 659/744/736
f 659/744/736 661/748/740 662/747/739
f 493/574/566 660/746/738 662/747/739
f 662/747/739 663/749/741 493/574/566
f 490/571/563 660/746/738 493/574/566
f 493/574/566 491/570/562 490/571/563
f 665/750/742 663/749/741 662/747/739
f 662/747/739 664/751/743 665/750/742
f 496/577/569 663/749/741 665/750/742
f 665/750/742 666/752/744 496/577/569
f 493/574/566 663/749/741 496/577/569
f 496/577/569 494/573/565 493/574/566
f 668/753/745 666/752/744 665/750/742
f 665/750/742 667/754/746 668/753/745
f 670/755/747 666/752/744 668/753/745
f 668/753/745 669/756/748 670/755/747
f 496/577/569 666/752/744 670/755/747
f 670/755/747 497/576/568 496/577/569
f 672/757/749 670/755/747 669/756/748
f 669/756/748 671/758/750 672/757/749
f 497/576/568 670/755/747 672/757/749
f 672/757/749 498/579/571 497/576/568
f 674/759/751 672/757/749 671/758/750
f 671/758/750 673/760/752 674/759/751
f 498/579/571 672/757/749 674/759/751
f 674/759/751 500/581/573 498/579/571
f 43/46/46 674/759/751 673/760/752
f 673/760/752 40/43/43 43/46/46
f 500/581/573 674/759/751 43/46/46
f 43/46/46 502/583/575 500/581/573
f 676/761/753 673/760/752 671/758/750
f 671/758/750 675/762/754 676/761/753
f 40/43/43 673/760/752 676/761/753
f 676/761/753 41/44/44 40/43/43
f 678/763/755 676/761/753 675/762/754
f 675/762/754 677/764/756 678/763/755
f 41/44/44 676/761/753 678/763/755
f 678/763/755 29/33/33 41/44/44
f 680/765/757 678/763/755 677/764/756
f 677/764/756 679/766/758 680/765/757
f 29/33/33 678/763/755 680/765/757
f 680/765/757 30/32/32 29/33/33
f 682/767/759 680/765/757 679/766/758
f 679/766/758 681/768/760 682/767/759
f 30/32/32 680/765/757 682/767/759
f 682/767/759 33/36/36 30/32/32
f 684/769/761 682/767/759 681/768/760
f 681/768/760 683/770/762 684/769/761
f 33/36/36 682/767/759 684/769/761
f 684/769/761 685/771/763 33/36/36
f 687/772/764 685/771/763 684/769/761
f 684/769/761 686/773/765 687/772/764
f 689/774/766 685/771/763 687/772/764
f 687/772/764 688/775/767 689/774/766
f 33/36/36 685/771/763 689/774/766
f 689/774/766 31/34/34 33/36/36
f 691/776/768 689/774/766 688/775/767
f 688/775/767 690/777/769 691/776/768
f 31/34/34 689/774/766 691/776/768
f 691/776/768 32/35/35 31/34/34
f 693/778/770 691/776/768 690/777/769
f 690/777/769 692/779/771 693/778/770
f 32/35/35 691/776/768 693/778/770
f 693/778/770 694/780/772 32/35/35
f 8/10/10 694/780/772 693/778/770
f 693/778/770 9/7/7 8/10/10
f 696/781/773 694/780/772 8/10/10
f 8/10/10 695/782/774 696/781/773
f 32/35/35 694/780/772 696/781/773
f 696/781/773 27/30/30 32/35/35
f 698/783/775 696/781/773 695/782/774
f 695/782/774 697/784/776 698/783/775
f 27/30/30 696/781/773 698/783/775
f 698/783/775 28/31/31 27/30/30
f 700/785/777 698/783/775 697/784/776
f 697/784/776 699/786/778 700/785/777
f 28/31/31 698/783/775 700/785/777
f 700/785/777 701/787/779 28/31/31
f 703/788/780 701/787/779 700/785/777
f 700/785/777 702/789/781 703/788/780
f 705/790/782 701/787/779 703/788/780
f 703/788/780 704/791/783 705/790/782
f 28/31/31 701/787/779 705/790/782
f 705/790/782 24/28/28 28/31/31
f 21/23/23 705/790/782 704/791/783
f 704/791/783 22/24/24 21/23/23
f 24/28/28 705/790/782 21/23/23
f 21/23/23 25/29/29 24/28/28
f 707/792/784 704/791/783 703/788/780
f 703/788/780 706/793/785 3354/794/786 707/792/784
f 22/24/24 704/791/783 707/792/784
f 3355/795/787 708/796/788 3356/797/789
f 709/798/790 16/14/14 15/18/18 3357/799/791
f 16/14/14 709/798/790 3358/800/792 711/801/793
f 711/801/793 20/22/22 16/14/14
f 713/802/794 711/801/793 3359/803/795 710/804/796
f 710/804/796 712/805/797 713/802/794
f 20/22/22 711/801/793 713/802/794
f 713/802/794 714/806/798 20/22/22
f 20/22/22 714/806/798 35/39/39
f 35/39/39 17/20/20 20/22/22
f 716/807/799 714/806/798 713/802/794
f 713/802/794 715/808/800 716/807/799
f 35/39/39 714/806/798 716/807/799
f 716/807/799 36/40/40 35/39/39
f 718/809/801 716/807/799 715/808/800
f 715/808/800 717/810/802 718/809/801
f 36/40/40 716/807/799 718/809/801
f 718/809/801 719/811/803 36/40/40
f 36/40/40 719/811/803 720/812/804
f 720/812/804 37/37/37 36/40/40
f 508/589/581 719/811/803 718/809/801
f 718/809/801 510/591/583 508/589/581
f 720/812/804 719/811/803 508/589/581
f 508/589/581 506/587/579 720/812/804
f 37/37/37 720/812/804 42/45/45
f 42/45/45 38/41/41 37/37/37
f 42/45/45 720/812/804 506/587/579
f 506/587/579 504/585/577 42/45/45
f 510/591/583 718/809/801 717/810/802
f 717/810/802 512/593/585 510/591/583
f 722/813/805 717/810/802 715/808/800
f 715/808/800 721/814/806 722/813/805
f 512/593/585 717/810/802 722/813/805
f 722/813/805 514/595/587 512/593/585
f 519/600/592 722/813/805 721/814/806
f 721/814/806 723/815/807 3360/816/808 519/600/592
f 514/595/587 722/813/805 519/600/592
f 519/600/592 516/597/589 514/595/587
f 724/817/809 3361/818/810 723/815/807 721/814/806
f 721/814/806 712/805/797 724/817/809
f 734/819/811 732/820/812 3368/821/813 731/822/814
f 731/822/814 733/823/815 734/819/811
f 522/824/816 3369/825/817 732/820/812 734/819/811
f 734/819/811 523/608/600 3349/826/818 522/824/816
f 736/827/819 734/819/811 733/823/815
f 733/823/815 735/828/820 736/827/819
f 523/608/600 734/819/811 736/827/819
f 736/827/819 525/609/601 523/608/600
f 738/829/821 736/827/819 735/828/820
f 735/828/820 737/830/822 738/829/821
f 525/609/601 736/827/819 738/829/821
f 738/829/821 527/611/605 525/609/601
f 740/831/823 738/829/821 737/830/822
f 737/830/822 739/832/824 740/831/823
f 527/611/605 738/829/821 740/831/823
f 740/831/823 529/614/608 527/611/605
f 742/833/825 740/831/823 739/832/824
f 739/832/824 741/834/826 742/833/825
f 529/614/608 740/831/823 742/833/825
f 742/833/825 531/616/610 529/614/608
f 744/835/827 742/833/825 741/834/826
f 741/834/826 743/836/828 744/835/827
f 531/616/610 742/833/825 744/835/827
f 744/835/827 533/618/612 531/616/610
f 746/837/829 744/835/827 743/836/828
f 743/836/828 745/838/830 746/837/829
f 533/618/612 744/835/827 746/837/829
f 746/837/829 535/620/614 533/618/612
f 748/839/831 746/837/829 745/838/830
f 745/838/830 747/840/832 748/839/831
f 535/620/614 746/837/829 748/839/831
f 748/839/831 749/841/833 535/620/614
f 751/842/834 749/841/833 748/839/831
f 748/839/831 750/843/835 751/842/834
f 538/623/617 749/841/833 751/842/834
f 751/842/834 752/844/836 538/623/617
f 535/620/614 749/841/833 538/623/617
f 538/623/617 536/619/613 535/620/614
f 754/845/837 752/844/836 751/842/834
f 751/842/834 753/846/838 754/845/837
f 541/626/620 752/844/836 754/845/837
f 754/845/837 755/847/839 541/626/620
f 538/623/617 752/844/836 541/626/620
f 541/626/620 539/622/616 538/623/617
f 757/848/840 755/847/839 754/845/837
f 754/845/837 756/849/841 757/848/840
f 544/629/623 755/847/839 757/848/840
f 757/848/840 758/850/842 544/629/623
f 541/626/620 755/847/839 544/629/623
f 544/629/623 542/625/619 541/626/620
f 760/851/843 758/850/842 757/848/840
f 757/848/840 759/852/844 760/851/843
f 547/632/626 758/850/842 760/851/843
f 760/851/843 761/853/845 547/632/626
f 544/629/623 758/850/842 547/632/626
f 547/632/626 545/628/622 544/629/623
f 763/854/846 761/853/845 760/851/843
f 760/851/843 762/855/847 763/854/846
f 550/635/629 761/853/845 763/854/846
f 763/854/846 764/856/848 550/635/629
f 547/632/626 761/853/845 550/635/629
f 550/635/629 548/631/625 547/632/626
f 766/857/849 764/856/848 763/854/846
f 763/854/846 765/858/850 766/857/849
f 553/638/632 764/856/848 766/857/849
f 766/857/849 767/859/851 553/638/632
f 550/635/629 764/856/848 553/638/632
f 553/638/632 551/634/628 550/635/629
f 769/860/852 767/859/851 766/857/849
f 766/857/849 768/861/853 769/860/852
f 556/641/635 767/859/851 769/860/852
f 769/860/852 770/862/854 556/641/635
f 553/638/632 767/859/851 556/641/635
f 556/641/635 554/637/631 553/638/632
f 772/863/855 770/862/854 769/860/852
f 769/860/852 771/864/856 772/863/855
f 559/644/638 770/862/854 772/863/855
f 772/863/855 773/865/857 559/644/638
f 556/641/635 770/862/854 559/644/638
f 559/644/638 557/640/634 556/641/635
f 775/866/858 773/865/857 772/863/855
f 772/863/855 774/867/859 775/866/858
f 562/647/641 773/865/857 775/866/858
f 775/866/858 776/868/860 562/647/641
f 559/644/638 773/865/857 562/647/641
f 562/647/641 560/643/637 559/644/638
f 778/869/861 776/868/860 775/866/858
f 775/866/858 777/870/862 778/869/861
f 565/650/644 776/868/860 778/869/861
f 778/869/861 779/871/863 565/650/644
f 562/647/641 776/868/860 565/650/644
f 565/650/644 563/646/640 562/647/641
f 781/872/864 779/871/863 778/869/861
f 778/869/861 780/873/865 781/872/864
f 783/874/866 779/871/863 781/872/864
f 781/872/864 782/875/867 783/874/866
f 565/650/644 779/871/863 783/874/866
f 783/874/866 566/649/643 565/650/644
f 785/876/868 783/874/866 782/875/867
f 782/875/867 784/877/869 785/876/868
f 566/649/643 783/874/866 785/876/868
f 785/876/868 567/652/646 566/649/643
f 787/878/870 785/876/868 784/877/869
f 784/877/869 786/879/871 787/878/870
f 567/652/646 785/876/868 787/878/870
f 787/878/870 569/654/648 567/652/646
f 789/880/872 787/878/870 786/879/871
f 786/879/871 788/881/873 789/880/872
f 569/654/648 787/878/870 789/880/872
f 789/880/872 571/656/650 569/654/648
f 791/882/874 789/880/872 788/881/873
f 788/881/873 790/883/875 791/882/874
f 571/656/650 789/880/872 791/882/874
f 791/882/874 573/658/652 571/656/650
f 793/884/876 791/882/874 790/883/875
f 790/883/875 792/885/877 793/884/876
f 573/658/652 791/882/874 793/884/876
f 793/884/876 575/660/654 573/658/652
f 795/886/878 793/884/876 792/885/877
f 792/885/877 794/887/879 795/886/878
f 575/660/654 793/884/876 795/886/878
f 795/886/878 577/662/656 575/660/654
f 796/888/880 795/886/878 794/887/879
f 794/887/879 57/63/60 796/888/880
f 577/662/656 795/886/878 796/888/880
f 796/888/880 579/664/658 577/662/656
f 797/889/881 796/888/880 57/63/60
f 57/63/60 56/61/58 797/889/881
f 579/664/658 796/888/880 797/889/881
f 797/889/881 581/666/660 579/664/658
f 798/890/882 797/889/881 56/61/58
f 56/61/58 55/62/59 798/890/882
f 581/666/660 797/889/881 798/890/882
f 798/890/882 583/668/662 581/666/660
f 800/891/883 798/890/882 55/62/59
f 55/62/59 799/892/884 800/891/883
f 583/668/662 798/890/882 800/891/883
f 800/891/883 585/670/664 583/668/662
f 802/893/885 800/891/883 799/892/884
f 799/892/884 801/894/886 802/893/885
f 585/670/664 800/891/883 802/893/885
f 802/893/885 587/672/666 585/670/664
f 803/895/887 802/893/885 801/894/886
f 801/894/886 48/54/52 803/895/887
f 587/672/666 802/893/885 803/895/887
f 803/895/887 589/674/668 587/672/666
f 804/896/888 803/895/887 48/54/52
f 48/54/52 47/53/47 804/896/888
f 589/674/668 803/895/887 804/896/888
f 804/896/888 591/676/670 589/674/668
f 805/897/889 804/898/888 47/47/47
f 47/47/47 46/50/50 805/897/889
f 591/679/670 804/898/888 805/897/889
f 805/897/889 593/680/672 591/679/670
f 807/899/890 805/897/889 46/50/50
f 46/50/50 806/900/891 807/899/890
f 593/680/672 805/897/889 807/899/890
f 807/899/890 595/682/674 593/680/672
f 809/901/892 807/899/890 806/900/891
f 806/900/891 808/902/893 809/901/892
f 595/682/674 807/899/890 809/901/892
f 809/901/892 597/684/676 595/682/674
f 811/903/894 809/901/892 808/902/893
f 808/902/893 810/904/895 811/903/894
f 597/684/676 809/901/892 811/903/894
f 811/903/894 599/686/678 597/684/676
f 813/905/896 811/903/894 810/904/895
f 810/904/895 812/906/897 813/905/896
f 599/686/678 811/903/894 813/905/896
f 813/905/896 601/688/680 599/686/678
f 815/907/898 813/905/896 812/906/897
f 812/906/897 814/908/899 815/907/898
f 601/688/680 813/905/896 815/907/898
f 815/907/898 816/909/900 601/688/680
f 818/910/901 816/909/900 815/907/898
f 815/907/898 817/911/902 818/910/901
f 604/691/683 816/909/900 818/910/901
f 818/910/901 819/912/903 604/691/683
f 601/688/680 816/909/900 604/691/683
f 604/691/683 602/687/679 601/688/680
f 821/913/904 819/912/903 818/910/901
f 818/910/901 820/914/905 821/913/904
f 607/694/686 819/912/903 821/913/904
f 821/913/904 609/696/688 607/694/686
f 604/691/683 819/912/903 607/694/686
f 607/694/686 605/690/682 604/691/683
f 823/915/906 821/913/904 820/914/905
f 820/914/905 822/916/907 823/915/906
f 609/696/688 821/913/904 823/915/906
f 823/915/906 824/917/908 609/696/688
f 826/918/909 824/917/908 823/915/906
f 823/915/906 825/919/910 826/918/909
f 612/699/691 824/917/908 826/918/909
f 826/918/909 614/701/693 612/699/691
f 609/696/688 824/917/908 612/699/691
f 612/699/691 610/695/687 609/696/688
f 828/920/911 826/918/909 825/919/910
f 825/919/910 827/921/912 828/920/911
f 614/701/693 826/918/909 828/920/911
f 828/920/911 616/703/695 614/701/693
f 830/922/913 828/920/911 827/921/912
f 827/921/912 829/923/914 830/922/913
f 616/703/695 828/920/911 830/922/913
f 830/922/913 618/705/697 616/703/695
f 832/924/915 830/922/913 829/923/914
f 829/923/914 831/925/916 832/924/915
f 618/705/697 830/922/913 832/924/915
f 832/924/915 620/707/699 618/705/697
f 834/926/917 832/924/915 831/925/916
f 831/925/916 833/927/918 834/926/917
f 620/707/699 832/924/915 834/926/917
f 834/926/917 835/928/919 620/707/699
f 837/929/920 835/928/919 834/926/917
f 834/926/917 836/930/921 837/929/920
f 623/710/702 835/928/919 837/929/920
f 837/929/920 838/931/922 623/710/702
f 620/707/699 835/928/919 623/710/702
f 623/710/702 621/706/698 620/707/699
f 840/932/923 838/931/922 837/929/920
f 837/929/920 839/933/924 840/932/923
f 626/713/705 838/931/922 840/932/923
f 840/932/923 841/934/925 626/713/705
f 623/710/702 838/931/922 626/713/705
f 626/713/705 624/709/701 623/710/702
f 843/935/926 841/934/925 840/932/923
f 840/932/923 842/936/927 843/935/926
f 629/716/708 841/934/925 843/935/926
f 843/935/926 844/937/928 629/716/708
f 626/713/705 841/934/925 629/716/708
f 629/716/708 627/712/704 626/713/705
f 846/938/929 844/937/928 843/935/926
f 843/935/926 845/939/930 846/938/929
f 632/719/711 844/937/928 846/938/929
f 846/938/929 847/940/931 632/719/711
f 629/716/708 844/937/928 632/719/711
f 632/719/711 630/715/707 629/716/708
f 849/941/932 847/940/931 846/938/929
f 846/938/929 848/942/933 849/941/932
f 635/722/714 847/940/931 849/941/932
f 849/941/932 850/943/934 635/722/714
f 632/719/711 847/940/931 635/722/714
f 635/722/714 633/718/710 632/719/711
f 852/944/935 850/943/934 849/941/932
f 849/941/932 851/945/936 852/944/935
f 638/725/717 850/943/934 852/944/935
f 852/944/935 853/946/937 638/725/717
f 635/722/714 850/943/934 638/725/717
f 638/725/717 636/721/713 635/722/714
f 855/947/938 853/946/937 852/944/935
f 852/944/935 854/948/939 855/947/938
f 641/728/720 853/946/937 855/947/938
f 855/947/938 856/949/940 641/728/720
f 638/725/717 853/946/937 641/728/720
f 641/728/720 639/724/716 638/725/717
f 858/950/941 856/949/940 855/947/938
f 855/947/938 857/951/942 858/950/941
f 860/952/943 856/949/940 858/950/941
f 858/950/941 859/953/944 860/952/943
f 641/728/720 856/949/940 860/952/943
f 860/952/943 642/727/719 641/728/720
f 646/733/725 860/952/943 859/953/944
f 859/953/944 861/954/945 646/733/725
f 642/727/719 860/952/943 646/733/725
f 646/733/725 643/730/722 642/727/719
f 863/955/946 861/954/945 859/953/944
f 859/953/944 862/956/947 863/955/946
f 649/736/728 861/954/945 863/955/946
f 863/955/946 864/957/948 649/736/728
f 646/733/725 861/954/945 649/736/728
f 649/736/728 647/732/724 646/733/725
f 866/958/949 864/957/948 863/955/946
f 863/955/946 865/959/950 866/958/949
f 652/739/731 864/957/948 866/958/949
f 866/958/949 867/960/951 652/739/731
f 649/736/728 864/957/948 652/739/731
f 652/739/731 650/735/727 649/736/728
f 869/961/952 867/960/951 866/958/949
f 866/958/949 868/962/953 869/961/952
f 655/742/734 867/960/951 869/961/952
f 869/961/952 870/963/954 655/742/734
f 652/739/731 867/960/951 655/742/734
f 655/742/734 653/738/730 652/739/731
f 872/964/955 870/963/954 869/961/952
f 869/961/952 871/965/956 872/964/955
f 658/745/737 870/963/954 872/964/955
f 872/964/955 873/966/957 658/745/737
f 655/742/734 870/963/954 658/745/737
f 658/745/737 656/741/733 655/742/734
f 875/967/958 873/966/957 872/964/955
f 872/964/955 874/968/959 875/967/958
f 661/748/740 873/966/957 875/967/958
f 875/967/958 876/969/960 661/748/740
f 658/745/737 873/966/957 661/748/740
f 661/748/740 659/744/736 658/745/737
f 878/970/961 876/969/960 875/967/958
f 875/967/958 877/971/962 878/970/961
f 664/751/743 876/969/960 878/970/961
f 878/970/961 879/972/963 664/751/743
f 661/748/740 876/969/960 664/751/743
f 664/751/743 662/747/739 661/748/740
f 881/973/964 879/972/963 878/970/961
f 878/970/961 880/974/965 881/973/964
f 667/754/746 879/972/963 881/973/964
f 881/973/964 882/975/966 667/754/746
f 664/751/743 879/972/963 667/754/746
f 667/754/746 665/750/742 664/751/743
f 884/976/967 882/975/966 881/973/964
f 881/973/964 883/977/968 884/976/967
f 886/978/969 882/975/966 884/976/967
f 884/976/967 885/979/970 886/978/969
f 667/754/746 882/975/966 886/978/969
f 886/978/969 668/753/745 667/754/746
f 888/980/971 886/978/969 885/979/970
f 885/979/970 887/981/972 888/980/971
f 668/753/745 886/978/969 888/980/971
f 888/980/971 669/756/748 668/753/745
f 675/762/754 888/980/971 887/981/972
f 887/981/972 677/764/756 675/762/754
f 669/756/748 888/980/971 675/762/754
f 675/762/754 671/758/750 669/756/748
f 890/982/973 887/981/972 885/979/970
f 885/979/970 889/983/974 890/982/973
f 677/764/756 887/981/972 890/982/973
f 890/982/973 679/766/758 677/764/756
f 892/984/975 890/982/973 889/983/974
f 889/983/974 891/985/976 892/984/975
f 679/766/758 890/982/973 892/984/975
f 892/984/975 681/768/760 679/766/758
f 894/986/977 892/984/975 891/985/976
f 891/985/976 893/987/978 894/986/977
f 681/768/760 892/984/975 894/986/977
f 894/986/977 683/770/762 681/768/760
f 896/988/979 894/986/977 893/987/978
f 893/987/978 895/989/980 896/988/979
f 683/770/762 894/986/977 896/988/979
f 896/988/979 897/990/981 683/770/762
f 899/991/982 897/990/981 896/988/979
f 896/988/979 898/992/983 899/991/982
f 686/773/765 897/990/981 899/991/982
f 899/991/982 900/993/984 686/773/765
f 683/770/762 897/990/981 686/773/765
f 686/773/765 684/769/761 683/770/762
f 902/994/985 900/993/984 899/991/982
f 899/991/982 901/995/986 902/994/985
f 904/996/987 900/993/984 902/994/985
f 902/994/985 903/997/988 904/996/987
f 686/773/765 900/993/984 904/996/987
f 904/996/987 687/772/764 686/773/765
f 906/998/989 904/996/987 903/997/988
f 903/997/988 905/999/990 906/998/989
f 687/772/764 904/996/987 906/998/989
f 906/998/989 688/775/767 687/772/764
f 908/1000/991 906/998/989 905/999/990
f 905/999/990 907/1001/992 908/1000/991
f 688/775/767 906/998/989 908/1000/991
f 908/1000/991 690/777/769 688/775/767
f 910/1002/993 908/1000/991 907/1001/992
f 907/1001/992 909/1003/994 910/1002/993
f 690/777/769 908/1000/991 910/1002/993
f 910/1002/993 692/779/771 690/777/769
f 912/1004/995 910/1002/993 909/1003/994
f 909/1003/994 911/1005/996 912/1004/995
f 692/779/771 910/1002/993 912/1004/995
f 912/1004/995 10/12/12 692/779/771
f 914/1006/997 912/1004/995 911/1005/996
f 911/1005/996 913/1007/998 914/1006/997
f 10/12/12 912/1004/995 914/1006/997
f 914/1006/997 11/11/11 10/12/12
f 916/1008/999 914/1006/997 913/1007/998
f 913/1007/998 915/1009/1000 916/1008/999
f 11/11/11 914/1006/997 916/1008/999
f 916/1008/999 12/13/13 11/11/11
f 918/1010/1001 916/1011/999 915/1012/1000
f 915/1012/1000 917/1013/1002 918/1010/1001
f 12/1014/13 916/1011/999 918/1010/1001
f 918/1010/1001 919/1015/1003 12/1014/13
f 921/1016/1004 919/1015/1003 918/1010/1001
f 918/1010/1001 920/1017/1005 921/1016/1004
f 923/1018/1006 919/1019/1003 921/1016/1004
f 921/1016/1004 922/1020/1007 923/1018/1006
f 12/13/13 919/1019/1003 923/1018/1006
f 923/1018/1006 7/9/9 12/13/13
f 695/782/774 923/1018/1006 922/1020/1007
f 922/1020/1007 697/784/776 695/782/774
f 7/9/9 923/1018/1006 695/782/774
f 695/782/774 8/10/10 7/9/9
f 925/1021/1008 922/1020/1007 921/1016/1004
f 921/1016/1004 924/1022/1009 925/1021/1008
f 697/784/776 922/1020/1007 925/1021/1008
f 925/1021/1008 699/786/778 697/784/776
f 927/1023/1010 925/1021/1008 924/1022/1009
f 924/1022/1009 926/1024/1011 927/1023/1010
f 699/786/778 925/1021/1008 927/1023/1010
f 927/1023/1010 928/1025/1012 699/786/778
f 930/1026/1013 928/1025/1012 927/1023/1010
f 927/1023/1010 929/1027/1014 930/1026/1013
f 702/789/781 928/1025/1012 930/1026/1013
f 930/1026/1013 3370/1028/1015 931/1029/1016 702/789/781
f 699/786/778 928/1025/1012 702/789/781
f 702/789/781 700/785/777 699/786/778
f 702/789/781 931/1029/1017 3372/1030/1018 706/793/785
f 706/793/785 703/788/780 702/789/781
f 724/817/809 712/805/797 710/804/796 3373/1031/1019
f 936/1032/1020 934/1033/1021 3374/1034/1022 933/1035/1023
f 933/1035/1023 935/1036/1024 936/1032/1020
f 725/1037/1025 3375/1038/1026 934/1033/1021 936/1032/1020
f 936/1032/1020 726/1039/1027 3362/1040/1028 725/1037/1025
f 938/1041/1029 936/1032/1020 935/1036/1024
f 935/1036/1024 937/1042/1030 938/1041/1029
f 726/1039/1027 936/1032/1020 938/1041/1029
f 938/1041/1029 727/1043/1031 3363/1044/1032 726/1039/1027
f 940/1045/1033 938/1041/1029 937/1042/1030
f 937/1042/1030 939/1046/1034 940/1045/1033
f 727/1043/1031 938/1041/1029 940/1045/1033
f 940/1045/1033 728/1047/1035 3364/1048/1036 727/1043/1031
f 942/1049/1037 940/1045/1033 939/1046/1034
f 939/1046/1034 941/1050/1038 942/1049/1037
f 728/1047/1035 940/1045/1033 942/1049/1037
f 942/1049/1037 729/1051/1039 3365/1052/1040 728/1047/1035
f 944/1053/1041 942/1054/1037 941/1055/1038
f 941/1055/1038 943/1056/1042 944/1053/1041
f 729/1057/1039 942/1054/1037 944/1053/1041
f 944/1053/1041 730/1058/1043 3366/1059/1044 729/1057/1039
f 946/1060/1045 944/1053/1041 943/1056/1042
f 943/1056/1042 945/1061/1046 946/1060/1045
f 730/1058/1043 944/1053/1041 946/1060/1045
f 946/1060/1045 731/822/814 3367/1062/1047 730/1058/1043
f 948/1063/1048 946/1060/1045 945/1061/1046
f 945/1061/1046 947/1064/1049 948/1063/1048
f 731/822/814 946/1060/1045 948/1063/1048
f 948/1063/1048 733/823/815 731/822/814
f 950/1065/1050 948/1063/1048 947/1064/1049
f 947/1064/1049 949/1066/1051 950/1065/1050
f 733/823/815 948/1063/1048 950/1065/1050
f 950/1065/1050 735/828/820 733/823/815
f 952/1067/1052 950/1065/1050 949/1066/1051
f 949/1066/1051 951/1068/1053 952/1067/1052
f 735/828/820 950/1065/1050 952/1067/1052
f 952/1067/1052 737/830/822 735/828/820
f 954/1069/1054 952/1067/1052 951/1068/1053
f 951/1068/1053 953/1070/1055 954/1069/1054
f 737/830/822 952/1067/1052 954/1069/1054
f 954/1069/1054 739/832/824 737/830/822
f 956/1071/1056 954/1069/1054 953/1070/1055
f 953/1070/1055 955/1072/1057 956/1071/1056
f 739/832/824 954/1069/1054 956/1071/1056
f 956/1071/1056 741/834/826 739/832/824
f 958/1073/1058 956/1071/1056 955/1072/1057
f 955/1072/1057 957/1074/1059 958/1073/1058
f 741/834/826 956/1071/1056 958/1073/1058
f 958/1073/1058 743/836/828 741/834/826
f 960/1075/1060 958/1073/1058 957/1074/1059
f 957/1074/1059 959/1076/1061 960/1075/1060
f 743/836/828 958/1073/1058 960/1075/1060
f 960/1075/1060 745/838/830 743/836/828
f 962/1077/1062 960/1075/1060 959/1076/1061
f 959/1076/1061 961/1078/1063 962/1077/1062
f 745/838/830 960/1075/1060 962/1077/1062
f 962/1077/1062 747/840/832 745/838/830
f 964/1079/1064 962/1077/1062 961/1078/1063
f 961/1078/1063 963/1080/1065 964/1079/1064
f 747/840/832 962/1077/1062 964/1079/1064
f 964/1079/1064 965/1081/1066 747/840/832
f 967/1082/1067 965/1081/1066 964/1079/1064
f 964/1079/1064 966/1083/1068 967/1082/1067
f 750/843/835 965/1081/1066 967/1082/1067
f 967/1082/1067 968/1084/1069 750/843/835
f 747/840/832 965/1081/1066 750/843/835
f 750/843/835 748/839/831 747/840/832
f 970/1085/1070 968/1084/1069 967/1082/1067
f 967/1082/1067 969/1086/1071 970/1085/1070
f 753/846/838 968/1084/1069 970/1085/1070
f 970/1085/1070 971/1087/1072 753/846/838
f 750/843/835 968/1084/1069 753/846/838
f 753/846/838 751/842/834 750/843/835
f 973/1088/1073 971/1087/1072 970/1085/1070
f 970/1085/1070 972/1089/1074 973/1088/1073
f 756/849/841 971/1087/1072 973/1088/1073
f 973/1088/1073 974/1090/1075 756/849/841
f 753/846/838 971/1087/1072 756/849/841
f 756/849/841 754/845/837 753/846/838
f 976/1091/1076 974/1090/1075 973/1088/1073
f 973/1088/1073 975/1092/1077 976/1091/1076
f 759/852/844 974/1090/1075 976/1091/1076
f 976/1091/1076 977/1093/1078 759/852/844
f 756/849/841 974/1090/1075 759/852/844
f 759/852/844 757/848/840 756/849/841
f 979/1094/1079 977/1093/1078 976/1091/1076
f 976/1091/1076 978/1095/1080 979/1094/1079
f 762/855/847 977/1093/1078 979/1094/1079
f 979/1094/1079 980/1096/1081 762/855/847
f 759/852/844 977/1093/1078 762/855/847
f 762/855/847 760/851/843 759/852/844
f 982/1097/1082 980/1096/1081 979/1094/1079
f 979/1094/1079 981/1098/1083 982/1097/1082
f 765/858/850 980/1096/1081 982/1097/1082
f 982/1097/1082 983/1099/1084 765/858/850
f 762/855/847 980/1096/1081 765/858/850
f 765/858/850 763/854/846 762/855/847
f 985/1100/1085 983/1099/1084 982/1097/1082
f 982/1097/1082 984/1101/1086 985/1100/1085
f 768/861/853 983/1099/1084 985/1100/1085
f 985/1100/1085 986/1102/1087 768/861/853
f 765/858/850 983/1099/1084 768/861/853
f 768/861/853 766/857/849 765/858/850
f 988/1103/1088 986/1102/1087 985/1100/1085
f 985/1100/1085 987/1104/1089 988/1103/1088
f 771/864/856 986/1102/1087 988/1103/1088
f 988/1103/1088 989/1105/1090 771/864/856
f 768/861/853 986/1102/1087 771/864/856
f 771/864/856 769/860/852 768/861/853
f 991/1106/1091 989/1105/1090 988/1103/1088
f 988/1103/1088 990/1107/1092 991/1106/1091
f 774/867/859 989/1105/1090 991/1106/1091
f 991/1106/1091 992/1108/1093 774/867/859
f 771/864/856 989/1105/1090 774/867/859
f 774/867/859 772/863/855 771/864/856
f 994/1109/1094 992/1108/1093 991/1106/1091
f 991/1106/1091 993/1110/1095 994/1109/1094
f 777/870/862 992/1108/1093 994/1109/1094
f 994/1109/1094 995/1111/1096 777/870/862
f 774/867/859 992/1108/1093 777/870/862
f 777/870/862 775/866/858 774/867/859
f 997/1112/1097 995/1111/1096 994/1109/1094
f 994/1109/1094 996/1113/1098 997/1112/1097
f 780/873/865 995/1111/1096 997/1112/1097
f 997/1112/1097 998/1114/1099 780/873/865
f 777/870/862 995/1111/1096 780/873/865
f 780/873/865 778/869/861 777/870/862
f 1000/1115/1100 998/1114/1099 997/1112/1097
f 997/1112/1097 999/1116/1101 1000/1115/1100
f 1002/1117/1102 998/1114/1099 1000/1115/1100
f 1000/1115/1100 1001/1118/1103 1002/1117/1102
f 780/873/865 998/1114/1099 1002/1117/1102
f 1002/1117/1102 781/872/864 780/873/865
f 1004/1119/1104 1002/1117/1102 1001/1118/1103
f 1001/1118/1103 1003/1120/1105 1004/1119/1104
f 781/872/864 1002/1117/1102 1004/1119/1104
f 1004/1119/1104 782/875/867 781/872/864
f 1006/1121/1106 1004/1119/1104 1003/1120/1105
f 1003/1120/1105 1005/1122/1107 1006/1121/1106
f 782/875/867 1004/1119/1104 1006/1121/1106
f 1006/1121/1106 784/877/869 782/875/867
f 1008/1123/1108 1006/1121/1106 1005/1122/1107
f 1005/1122/1107 1007/1124/1109 1008/1123/1108
f 784/877/869 1006/1121/1106 1008/1123/1108
f 1008/1123/1108 786/879/871 784/877/869
f 1010/1125/1110 1008/1123/1108 1007/1124/1109
f 1007/1124/1109 1009/1126/1111 1010/1125/1110
f 786/879/871 1008/1123/1108 1010/1125/1110
f 1010/1125/1110 788/881/873 786/879/871
f 1012/1127/1112 1010/1125/1110 1009/1126/1111
f 1009/1126/1111 1011/1128/1113 1012/1127/1112
f 788/881/873 1010/1125/1110 1012/1127/1112
f 1012/1127/1112 790/883/875 788/881/873
f 1014/1129/1114 1012/1127/1112 1011/1128/1113
f 1011/1128/1113 1013/1130/1115 1014/1129/1114
f 790/883/875 1012/1127/1112 1014/1129/1114
f 1014/1129/1114 792/885/877 790/883/875
f 1016/1131/1116 1014/1129/1114 1013/1130/1115
f 1013/1130/1115 1015/1132/1117 1016/1131/1116
f 792/885/877 1014/1129/1114 1016/1131/1116
f 1016/1131/1116 794/887/879 792/885/877
f 52/1133/56 1016/1131/1116 1015/1132/1117
f 1015/1132/1117 53/1134/57 52/1133/56
f 794/887/879 1016/1131/1116 52/1133/56
f 52/1133/56 57/63/60 794/887/879
f 1018/1135/1118 1015/1132/1117 1013/1130/1115
f 1013/1130/1115 1017/1136/1119 1018/1135/1118
f 53/1134/57 1015/1132/1117 1018/1135/1118
f 1018/1135/1118 1019/1137/1120 53/1134/57
f 1021/1138/1121 1019/1137/1120 1018/1135/1118
f 1018/1135/1118 1020/1139/1122 1021/1138/1121
f 1023/1140/1123 1019/1141/1120 1021/1142/1121
f 1021/1142/1121 1022/1143/1124 1023/1140/1123
f 53/60/57 1019/1141/1120 1023/1140/1123
f 1023/1140/1123 54/57/54 53/60/57
f 799/892/884 1023/1140/1123 1022/1143/1124
f 1022/1143/1124 801/894/886 799/892/884
f 54/57/54 1023/1140/1123 799/892/884
f 799/892/884 55/62/59 54/57/54
f 49/51/51 1022/1143/1124 1021/1142/1121
f 1021/1142/1121 50/1144/53 49/51/51
f 801/894/886 1022/1143/1124 49/51/51
f 49/51/51 48/54/52 801/894/886
f 50/56/53 1021/1138/1121 1020/1139/1122
f 1020/1139/1122 1024/1145/1125 50/56/53
f 1026/1146/1126 1024/1145/1125 1020/1139/1122
f 1020/1139/1122 1025/1147/1127 1026/1146/1126
f 1028/1148/1128 1024/1145/1125 1026/1146/1126
f 1026/1146/1126 1027/1149/1129 1028/1148/1128
f 50/56/53 1024/1145/1125 1028/1148/1128
f 1028/1148/1128 45/49/49 50/56/53
f 806/900/891 1028/1148/1128 1027/1149/1129
f 1027/1149/1129 808/902/893 806/900/891
f 45/49/49 1028/1148/1128 806/900/891
f 806/900/891 46/50/50 45/49/49
f 1030/1150/1130 1027/1149/1129 1026/1146/1126
f 1026/1146/1126 1029/1151/1131 1030/1150/1130
f 808/902/893 1027/1149/1129 1030/1150/1130
f 1030/1150/1130 810/904/895 808/902/893
f 1032/1152/1132 1030/1150/1130 1029/1151/1131
f 1029/1151/1131 1031/1153/1133 1032/1152/1132
f 810/904/895 1030/1150/1130 1032/1152/1132
f 1032/1152/1132 812/906/897 810/904/895
f 1034/1154/1134 1032/1152/1132 1031/1153/1133
f 1031/1153/1133 1033/1155/1135 1034/1154/1134
f 812/906/897 1032/1152/1132 1034/1154/1134
f 1034/1154/1134 814/908/899 812/906/897
f 1036/1156/1136 1034/1154/1134 1033/1155/1135
f 1033/1155/1135 1035/1157/1137 1036/1156/1136
f 814/908/899 1034/1154/1134 1036/1156/1136
f 1036/1156/1136 1037/1158/1138 814/908/899
f 1039/1159/1139 1037/1158/1138 1036/1156/1136
f 1036/1156/1136 1038/1160/1140 1039/1159/1139
f 817/911/902 1037/1158/1138 1039/1159/1139
f 1039/1159/1139 1040/1161/1141 817/911/902
f 814/908/899 1037/1158/1138 817/911/902
f 817/911/902 815/907/898 814/908/899
f 1042/1162/1142 1040/1161/1141 1039/1159/1139
f 1039/1159/1139 1041/1163/1143 1042/1162/1142
f 820/914/905 1040/1161/1141 1042/1162/1142
f 1042/1162/1142 822/916/907 820/914/905
f 817/911/902 1040/1161/1141 820/914/905
f 820/914/905 818/910/901 817/911/902
f 1044/1164/1144 1042/1162/1142 1041/1163/1143
f 1041/1163/1143 1043/1165/1145 1044/1164/1144
f 822/916/907 1042/1162/1142 1044/1164/1144
f 1044/1164/1144 1045/1166/1146 822/916/907
f 1047/1167/1147 1045/1166/1146 1044/1164/1144
f 1044/1164/1144 1046/1168/1148 1047/1167/1147
f 825/919/910 1045/1166/1146 1047/1167/1147
f 1047/1167/1147 827/921/912 825/919/910
f 822/916/907 1045/1166/1146 825/919/910
f 825/919/910 823/915/906 822/916/907
f 1049/1169/1149 1047/1167/1147 1046/1168/1148
f 1046/1168/1148 1048/1170/1150 1049/1169/1149
f 827/921/912 1047/1167/1147 1049/1169/1149
f 1049/1169/1149 829/923/914 827/921/912
f 1051/1171/1151 1049/1169/1149 1048/1170/1150
f 1048/1170/1150 1050/1172/1152 1051/1171/1151
f 829/923/914 1049/1169/1149 1051/1171/1151
f 1051/1171/1151 831/925/916 829/923/914
f 1053/1173/1153 1051/1171/1151 1050/1172/1152
f 1050/1172/1152 1052/1174/1154 1053/1173/1153
f 831/925/916 1051/1171/1151 1053/1173/1153
f 1053/1173/1153 833/927/918 831/925/916
f 1055/1175/1155 1053/1173/1153 1052/1174/1154
f 1052/1174/1154 1054/1176/1156 1055/1175/1155
f 833/927/918 1053/1173/1153 1055/1175/1155
f 1055/1175/1155 1056/1177/1157 833/927/918
f 1058/1178/1158 1056/1177/1157 1055/1175/1155
f 1055/1175/1155 1057/1179/1159 1058/1178/1158
f 836/930/921 1056/1177/1157 1058/1178/1158
f 1058/1178/1158 1059/1180/1160 836/930/921
f 833/927/918 1056/1177/1157 836/930/921
f 836/930/921 834/926/917 833/927/918
f 1061/1181/1161 1059/1180/1160 1058/1178/1158
f 1058/1178/1158 1060/1182/1162 1061/1181/1161
f 839/933/924 1059/1180/1160 1061/1181/1161
f 1061/1181/1161 1062/1183/1163 839/933/924
f 836/930/921 1059/1180/1160 839/933/924
f 839/933/924 837/929/920 836/930/921
f 1064/1184/1164 1062/1183/1163 1061/1181/1161
f 1061/1181/1161 1063/1185/1165 1064/1184/1164
f 842/936/927 1062/1183/1163 1064/1184/1164
f 1064/1184/1164 1065/1186/1166 842/936/927
f 839/933/924 1062/1183/1163 842/936/927
f 842/936/927 840/932/923 839/933/924
f 1067/1187/1167 1065/1186/1166 1064/1184/1164
f 1064/1184/1164 1066/1188/1168 1067/1187/1167
f 845/939/930 1065/1186/1166 1067/1187/1167
f 1067/1187/1167 1068/1189/1169 845/939/930
f 842/936/927 1065/1186/1166 845/939/930
f 845/939/930 843/935/926 842/936/927
f 1070/1190/1170 1068/1189/1169 1067/1187/1167
f 1067/1187/1167 1069/1191/1171 1070/1190/1170
f 848/942/933 1068/1189/1169 1070/1190/1170
f 1070/1190/1170 1071/1192/1172 848/942/933
f 845/939/930 1068/1189/1169 848/942/933
f 848/942/933 846/938/929 845/939/930
f 1073/1193/1173 1071/1192/1172 1070/1190/1170
f 1070/1190/1170 1072/1194/1174 1073/1193/1173
f 851/945/936 1071/1192/1172 1073/1193/1173
f 1073/1193/1173 1074/1195/1175 851/945/936
f 848/942/933 1071/1192/1172 851/945/936
f 851/945/936 849/941/932 848/942/933
f 1076/1196/1176 1074/1195/1175 1073/1193/1173
f 1073/1193/1173 1075/1197/1177 1076/1196/1176
f 854/948/939 1074/1195/1175 1076/1196/1176
f 1076/1196/1176 1077/1198/1178 854/948/939
f 851/945/936 1074/1195/1175 854/948/939
f 854/948/939 852/944/935 851/945/936
f 1079/1199/1179 1077/1198/1178 1076/1196/1176
f 1076/1196/1176 1078/1200/1180 1079/1199/1179
f 857/951/942 1077/1198/1178 1079/1199/1179
f 1079/1199/1179 1080/1201/1181 857/951/942
f 854/948/939 1077/1198/1178 857/951/942
f 857/951/942 855/947/938 854/948/939
f 1082/1202/1182 1080/1201/1181 1079/1199/1179
f 1079/1199/1179 1081/1203/1183 1082/1202/1182
f 1084/1204/1184 1080/1201/1181 1082/1202/1182
f 1082/1202/1182 1083/1205/1185 1084/1204/1184
f 857/951/942 1080/1201/1181 1084/1204/1184
f 1084/1204/1184 858/950/941 857/951/942
f 862/956/947 1084/1204/1184 1083/1205/1185
f 1083/1205/1185 1085/1206/1186 862/956/947
f 858/950/941 1084/1204/1184 862/956/947
f 862/956/947 859/953/944 858/950/941
f 1087/1207/1187 1085/1206/1186 1083/1205/1185
f 1083/1205/1185 1086/1208/1188 1087/1207/1187
f 865/959/950 1085/1206/1186 1087/1207/1187
f 1087/1207/1187 1088/1209/1189 865/959/950
f 862/956/947 1085/1206/1186 865/959/950
f 865/959/950 863/955/946 862/956/947
f 1090/1210/1190 1088/1209/1189 1087/1207/1187
f 1087/1207/1187 1089/1211/1191 1090/1210/1190
f 868/962/953 1088/1209/1189 1090/1210/1190
f 1090/1210/1190 1091/1212/1192 868/962/953
f 865/959/950 1088/1209/1189 868/962/953
f 868/962/953 866/958/949 865/959/950
f 1093/1213/1193 1091/1212/1192 1090/1210/1190
f 1090/1210/1190 1092/1214/1194 1093/1213/1193
f 871/965/956 1091/1212/1192 1093/1213/1193
f 1093/1213/1193 1094/1215/1195 871/965/956
f 868/962/953 1091/1212/1192 871/965/956
f 871/965/956 869/961/952 868/962/953
f 1096/1216/1196 1094/1215/1195 1093/1213/1193
f 1093/1213/1193 1095/1217/1197 1096/1216/1196
f 874/968/959 1094/1215/1195 1096/1216/1196
f 1096/1216/1196 1097/1218/1198 874/968/959
f 871/965/956 1094/1215/1195 874/968/959
f 874/968/959 872/964/955 871/965/956
f 1099/1219/1199 1097/1218/1198 1096/1216/1196
f 1096/1216/1196 1098/1220/1200 1099/1219/1199
f 877/971/962 1097/1218/1198 1099/1219/1199
f 1099/1219/1199 1100/1221/1201 877/971/962
f 874/968/959 1097/1218/1198 877/971/962
f 877/971/962 875/967/958 874/968/959
f 1102/1222/1202 1100/1221/1201 1099/1219/1199
f 1099/1219/1199 1101/1223/1203 1102/1222/1202
f 880/974/965 1100/1221/1201 1102/1222/1202
f 1102/1222/1202 1103/1224/1204 880/974/965
f 877/971/962 1100/1221/1201 880/974/965
f 880/974/965 878/970/961 877/971/962
f 1105/1225/1205 1103/1224/1204 1102/1222/1202
f 1102/1222/1202 1104/1226/1206 1105/1225/1205
f 883/977/968 1103/1224/1204 1105/1225/1205
f 1105/1225/1205 1106/1227/1207 883/977/968
f 880/974/965 1103/1224/1204 883/977/968
f 883/977/968 881/973/964 880/974/965
f 1108/1228/1208 1106/1227/1207 1105/1225/1205
f 1105/1225/1205 1107/1229/1209 1108/1228/1208
f 1110/1230/1210 1106/1227/1207 1108/1228/1208
f 1108/1228/1208 1109/1231/1211 1110/1230/1210
f 883/977/968 1106/1227/1207 1110/1230/1210
f 1110/1230/1210 884/976/967 883/977/968
f 889/983/974 1110/1230/1210 1109/1231/1211
f 1109/1231/1211 891/985/976 889/983/974
f 884/976/967 1110/1230/1210 889/983/974
f 889/983/974 885/979/970 884/976/967
f 1112/1232/1212 1109/1231/1211 1108/1228/1208
f 1108/1228/1208 1111/1233/1213 1112/1232/1212
f 891/985/976 1109/1231/1211 1112/1232/1212
f 1112/1232/1212 893/987/978 891/985/976
f 1114/1234/1214 1112/1232/1212 1111/1233/1213
f 1111/1233/1213 1113/1235/1215 1114/1234/1214
f 893/987/978 1112/1232/1212 1114/1234/1214
f 1114/1234/1214 895/989/980 893/987/978
f 1116/1236/1216 1114/1234/1214 1113/1235/1215
f 1113/1235/1215 1115/1237/1217 1116/1236/1216
f 895/989/980 1114/1234/1214 1116/1236/1216
f 1116/1236/1216 1117/1238/1218 895/989/980
f 1119/1239/1219 1117/1238/1218 1116/1236/1216
f 1116/1236/1216 1118/1240/1220 1119/1239/1219
f 898/992/983 1117/1238/1218 1119/1239/1219
f 1119/1239/1219 1120/1241/1221 898/992/983
f 895/989/980 1117/1238/1218 898/992/983
f 898/992/983 896/988/979 895/989/980
f 1122/1242/1222 1120/1241/1221 1119/1239/1219
f 1119/1239/1219 1121/1243/1223 1122/1242/1222
f 901/995/986 1120/1241/1221 1122/1242/1222
f 1122/1242/1222 1123/1244/1224 901/995/986
f 898/992/983 1120/1241/1221 901/995/986
f 901/995/986 899/991/982 898/992/983
f 1125/1245/1225 1123/1244/1224 1122/1242/1222
f 1122/1242/1222 1124/1246/1226 1125/1245/1225
f 1127/1247/1227 1123/1244/1224 1125/1245/1225
f 1125/1245/1225 1126/1248/1228 1127/1247/1227
f 901/995/986 1123/1244/1224 1127/1247/1227
f 1127/1247/1227 902/994/985 901/995/986
f 1129/1249/1229 1127/1247/1227 1126/1248/1228
f 1126/1248/1228 1128/1250/1230 1129/1249/1229
f 902/994/985 1127/1247/1227 1129/1249/1229
f 1129/1249/1229 903/997/988 902/994/985
f 1131/1251/1231 1129/1249/1229 1128/1250/1230
f 1128/1250/1230 1130/1252/1232 1131/1251/1231
f 903/997/988 1129/1249/1229 1131/1251/1231
f 1131/1251/1231 905/999/990 903/997/988
f 1133/1253/1233 1131/1251/1231 1130/1252/1232
f 1130/1252/1232 1132/1254/1234 1133/1253/1233
f 905/999/990 1131/1251/1231 1133/1253/1233
f 1133/1253/1233 907/1001/992 905/999/990
f 1135/1255/1235 1133/1253/1233 1132/1254/1234
f 1132/1254/1234 1134/1256/1236 1135/1255/1235
f 907/1001/992 1133/1253/1233 1135/1255/1235
f 1135/1255/1235 909/1003/994 907/1001/992
f 1137/1257/1237 1135/1255/1235 1134/1256/1236
f 1134/1256/1236 1136/1258/1238 1137/1257/1237
f 909/1003/994 1135/1255/1235 1137/1257/1237
f 1137/1257/1237 911/1005/996 909/1003/994
f 1139/1259/1239 1137/1257/1237 1136/1258/1238
f 1136/1258/1238 1138/1260/1240 1139/1259/1239
f 911/1005/996 1137/1257/1237 1139/1259/1239
f 1139/1259/1239 913/1007/998 911/1005/996
f 1141/1261/1241 1139/1259/1239 1138/1260/1240
f 1138/1260/1240 1140/1262/1242 1141/1261/1241
f 913/1007/998 1139/1259/1239 1141/1261/1241
f 1141/1261/1241 915/1009/1000 913/1007/998
f 1143/1263/1243 1141/1264/1241 1140/1265/1242
f 1140/1265/1242 1142/1266/1244 1143/1263/1243
f 915/1012/1000 1141/1264/1241 1143/1263/1243
f 1143/1263/1243 917/1013/1002 915/1012/1000
f 1145/1267/1245 1143/1263/1243 1142/1266/1244
f 1142/1266/1244 1144/1268/1246 1145/1267/1245
f 917/1013/1002 1143/1263/1243 1145/1267/1245
f 1145/1267/1245 1146/1269/1247 917/1013/1002
f 1148/1270/1248 1146/1269/1247 1145/1267/1245
f 1145/1267/1245 1147/1271/1249 1148/1270/1248
f 920/1017/1005 1146/1269/1247 1148/1270/1248
f 1148/1270/1248 1149/1272/1250 920/1017/1005
f 917/1013/1002 1146/1269/1247 920/1017/1005
f 920/1017/1005 918/1010/1001 917/1013/1002
f 1151/1273/1251 1149/1272/1250 1148/1270/1248
f 1148/1270/1248 1150/1274/1252 1151/1273/1251
f 924/1022/1009 1149/1272/1250 1151/1273/1251
f 1151/1273/1251 926/1024/1011 924/1022/1009
f 920/1017/1005 1149/1272/1250 924/1022/1009
f 924/1022/1009 921/1016/1004 920/1017/1005
f 1153/1275/1253 1151/1273/1251 1150/1274/1252
f 1150/1274/1252 1152/1276/1254 1153/1275/1253
f 926/1024/1011 1151/1273/1251 1153/1275/1253
f 1153/1275/1253 1154/1277/1255 926/1024/1011
f 1156/1278/1256 1154/1277/1255 1153/1275/1253
f 1153/1275/1253 1155/1279/1257 1156/1278/1256
f 929/1027/1014 1154/1277/1255 1156/1278/1256
f 1156/1278/1256 1157/1280/1258 929/1027/1014
f 926/1024/1011 1154/1277/1255 929/1027/1014
f 929/1027/1014 927/1023/1010 926/1024/1011
f 5/1281/1259 1157/1280/1258 1156/1278/1256
f 1156/1278/1256 3/4/4 2528/1282/1260 5/1281/1259
f 932/1283/1261 1157/1280/1258 5/1281/1259 3376/1284/1262
f 929/1027/1014 1157/1280/1258 932/1283/1261
f 932/1283/1261 3371/1285/1263 930/1026/1013 929/1027/1014
f 1163/1286/1264 3378/1287/1265 1160/1288/1266 1161/1289/1267
f 1161/1289/1267 1162/1290/1268 1163/1286/1264
f 1161/1289/1267 1160/1288/1266 3377/1291/1269 1159/1292/1270
f 1159/1292/1270 1164/1293/1271 1161/1289/1267
f 1161/1289/1267 1164/1293/1271 1165/1294/1272
f 1165/1294/1272 1166/1295/1273 1161/1289/1267
f 2/6/6 1164/1293/1271 1159/1292/1270 3380/1296/1274
f 1165/1294/1272 1164/1293/1271 2/6/6
f 2/6/6 4/5/5 1165/1294/1272
f 1169/1297/1275 1166/1295/1273 1167/1298/1276
f 1167/1298/1276 1168/1299/1277 1169/1297/1275
f 1161/1289/1267 1166/1295/1273 1169/1297/1275
f 1169/1297/1275 1162/1290/1268 1161/1289/1267
f 1167/1298/1276 1166/1295/1273 1165/1294/1272
f 1165/1294/1272 1170/1300/1278 1167/1298/1276
f 1167/1298/1276 1170/1300/1278 1152/1276/1254
f 1152/1276/1254 1171/1301/1279 1167/1298/1276
f 1155/1279/1257 1170/1300/1278 1165/1294/1272
f 1165/1294/1272 4/5/5 1155/1279/1257
f 1152/1276/1254 1170/1300/1278 1155/1279/1257
f 1155/1279/1257 1153/1275/1253 1152/1276/1254
f 1174/1302/1280 1171/1301/1279 1172/1303/1281
f 1172/1303/1281 1173/1304/1282 1174/1302/1280
f 1167/1298/1276 1171/1301/1279 1174/1302/1280
f 1174/1302/1280 1168/1299/1277 1167/1298/1276
f 1172/1303/1281 1171/1301/1279 1152/1276/1254
f 1152/1276/1254 1150/1274/1252 1172/1303/1281
f 1176/1305/1283 1174/1302/1280 1173/1304/1282
f 1173/1304/1282 1175/1306/1284 1176/1305/1283
f 1168/1299/1277 1174/1302/1280 1176/1305/1283
f 1176/1305/1283 1177/1307/1285 1168/1299/1277
f 1179/1308/1286 1177/1307/1285 1176/1305/1283
f 1176/1305/1283 1178/1309/1287 1179/1308/1286
f 1181/1310/1288 1177/1307/1285 1179/1308/1286
f 1179/1308/1286 1180/1311/1289 1181/1310/1288
f 1168/1299/1277 1177/1307/1285 1181/1310/1288
f 1181/1310/1288 1169/1297/1275 1168/1299/1277
f 1183/1312/1290 1181/1310/1288 1180/1311/1289
f 1180/1311/1289 1182/1313/1291 1183/1312/1290
f 1169/1297/1275 1181/1310/1288 1183/1312/1290
f 1183/1312/1290 1162/1290/1268 1169/1297/1275
f 1185/1314/1292 1183/1312/1290 1182/1313/1291
f 1182/1313/1291 1184/1315/1293 3381/1316/1294 1185/1314/1292
f 1162/1290/1268 1183/1312/1290 1185/1314/1292
f 1185/1314/1292 1163/1286/1264 1162/1290/1268
f 3383/1317/1295 3382/1318/1296 1186/1319/1297
f 1186/1319/1298 3384/1320/1299 3383/1317/1300
f 1191/1321/1301 1189/1322/1302 3386/1323/1303 1188/1324/1304
f 1188/1324/1304 1190/1325/1305 1191/1321/1301
f 933/1035/1023 3387/1326/1306 1189/1322/1302 1191/1321/1301
f 1191/1321/1301 935/1036/1024 933/1035/1023
f 1193/1327/1307 1191/1321/1301 1190/1325/1305
f 1190/1325/1305 1192/1328/1308 1193/1327/1307
f 935/1036/1024 1191/1321/1301 1193/1327/1307
f 1193/1327/1307 937/1042/1030 935/1036/1024
f 1195/1329/1309 1193/1327/1307 1192/1328/1308
f 1192/1328/1308 1194/1330/1310 1195/1329/1309
f 937/1042/1030 1193/1327/1307 1195/1329/1309
f 1195/1329/1309 939/1046/1034 937/1042/1030
f 1197/1331/1311 1195/1329/1309 1194/1330/1310
f 1194/1330/1310 1196/1332/1312 1197/1331/1311
f 939/1046/1034 1195/1329/1309 1197/1331/1311
f 1197/1331/1311 941/1050/1038 939/1046/1034
f 1199/1333/1313 1197/1334/1311 1196/1335/1312
f 1196/1335/1312 1198/1336/1314 1199/1333/1313
f 941/1055/1038 1197/1334/1311 1199/1333/1313
f 1199/1333/1313 943/1056/1042 941/1055/1038
f 1201/1337/1315 1199/1333/1313 1198/1336/1314
f 1198/1336/1314 1200/1338/1316 1201/1337/1315
f 943/1056/1042 1199/1333/1313 1201/1337/1315
f 1201/1337/1315 945/1061/1046 943/1056/1042
f 1203/1339/1317 1201/1337/1315 1200/1338/1316
f 1200/1338/1316 1202/1340/1318 1203/1339/1317
f 945/1061/1046 1201/1337/1315 1203/1339/1317
f 1203/1339/1317 947/1064/1049 945/1061/1046
f 1205/1341/1319 1203/1339/1317 1202/1340/1318
f 1202/1340/1318 1204/1342/1320 1205/1341/1319
f 947/1064/1049 1203/1339/1317 1205/1341/1319
f 1205/1341/1319 949/1066/1051 947/1064/1049
f 1207/1343/1321 1205/1341/1319 1204/1342/1320
f 1204/1342/1320 1206/1344/1322 1207/1343/1321
f 949/1066/1051 1205/1341/1319 1207/1343/1321
f 1207/1343/1321 951/1068/1053 949/1066/1051
f 1209/1345/1323 1207/1343/1321 1206/1344/1322
f 1206/1344/1322 1208/1346/1324 1209/1345/1323
f 951/1068/1053 1207/1343/1321 1209/1345/1323
f 1209/1345/1323 953/1070/1055 951/1068/1053
f 1211/1347/1325 1209/1345/1323 1208/1346/1324
f 1208/1346/1324 1210/1348/1326 1211/1347/1325
f 953/1070/1055 1209/1345/1323 1211/1347/1325
f 1211/1347/1325 955/1072/1057 953/1070/1055
f 1213/1349/1327 1211/1347/1325 1210/1348/1326
f 1210/1348/1326 1212/1350/1328 1213/1349/1327
f 955/1072/1057 1211/1347/1325 1213/1349/1327
f 1213/1349/1327 957/1074/1059 955/1072/1057
f 1215/1351/1329 1213/1349/1327 1212/1350/1328
f 1212/1350/1328 1214/1352/1330 1215/1351/1329
f 957/1074/1059 1213/1349/1327 1215/1351/1329
f 1215/1351/1329 959/1076/1061 957/1074/1059
f 1217/1353/1331 1215/1351/1329 1214/1352/1330
f 1214/1352/1330 1216/1354/1332 1217/1353/1331
f 959/1076/1061 1215/1351/1329 1217/1353/1331
f 1217/1353/1331 961/1078/1063 959/1076/1061
f 1219/1355/1333 1217/1353/1331 1216/1354/1332
f 1216/1354/1332 1218/1356/1334 1219/1355/1333
f 961/1078/1063 1217/1353/1331 1219/1355/1333
f 1219/1355/1333 963/1080/1065 961/1078/1063
f 1221/1357/1335 1219/1355/1333 1218/1356/1334
f 1218/1356/1334 1220/1358/1336 1221/1357/1335
f 963/1080/1065 1219/1355/1333 1221/1357/1335
f 1221/1357/1335 1222/1359/1337 963/1080/1065
f 1224/1360/1338 1222/1359/1337 1221/1357/1335
f 1221/1357/1335 1223/1361/1339 1224/1360/1338
f 966/1083/1068 1222/1359/1337 1224/1360/1338
f 1224/1360/1338 1225/1362/1340 966/1083/1068
f 963/1080/1065 1222/1359/1337 966/1083/1068
f 966/1083/1068 964/1079/1064 963/1080/1065
f 1227/1363/1341 1225/1362/1340 1224/1360/1338
f 1224/1360/1338 1226/1364/1342 1227/1363/1341
f 969/1086/1071 1225/1362/1340 1227/1363/1341
f 1227/1363/1341 1228/1365/1343 969/1086/1071
f 966/1083/1068 1225/1362/1340 969/1086/1071
f 969/1086/1071 967/1082/1067 966/1083/1068
f 1230/1366/1344 1228/1365/1343 1227/1363/1341
f 1227/1363/1341 1229/1367/1345 1230/1366/1344
f 972/1089/1074 1228/1365/1343 1230/1366/1344
f 1230/1366/1344 1231/1368/1346 972/1089/1074
f 969/1086/1071 1228/1365/1343 972/1089/1074
f 972/1089/1074 970/1085/1070 969/1086/1071
f 1233/1369/1347 1231/1368/1346 1230/1366/1344
f 1230/1366/1344 1232/1370/1348 1233/1369/1347
f 975/1092/1077 1231/1368/1346 1233/1369/1347
f 1233/1369/1347 1234/1371/1349 975/1092/1077
f 972/1089/1074 1231/1368/1346 975/1092/1077
f 975/1092/1077 973/1088/1073 972/1089/1074
f 1236/1372/1350 1234/1371/1349 1233/1369/1347
f 1233/1369/1347 1235/1373/1351 1236/1372/1350
f 978/1095/1080 1234/1371/1349 1236/1372/1350
f 1236/1372/1350 1237/1374/1352 978/1095/1080
f 975/1092/1077 1234/1371/1349 978/1095/1080
f 978/1095/1080 976/1091/1076 975/1092/1077
f 1239/1375/1353 1237/1374/1352 1236/1372/1350
f 1236/1372/1350 1238/1376/1354 1239/1375/1353
f 981/1098/1083 1237/1374/1352 1239/1375/1353
f 1239/1375/1353 1240/1377/1355 981/1098/1083
f 978/1095/1080 1237/1374/1352 981/1098/1083
f 981/1098/1083 979/1094/1079 978/1095/1080
f 1242/1378/1356 1240/1377/1355 1239/1375/1353
f 1239/1375/1353 1241/1379/1357 1242/1378/1356
f 984/1101/1086 1240/1377/1355 1242/1378/1356
f 1242/1378/1356 1243/1380/1358 984/1101/1086
f 981/1098/1083 1240/1377/1355 984/1101/1086
f 984/1101/1086 982/1097/1082 981/1098/1083
f 1245/1381/1359 1243/1380/1358 1242/1378/1356
f 1242/1378/1356 1244/1382/1360 1245/1381/1359
f 987/1104/1089 1243/1380/1358 1245/1381/1359
f 1245/1381/1359 1246/1383/1361 987/1104/1089
f 984/1101/1086 1243/1380/1358 987/1104/1089
f 987/1104/1089 985/1100/1085 984/1101/1086
f 1248/1384/1362 1246/1383/1361 1245/1381/1359
f 1245/1381/1359 1247/1385/1363 1248/1384/1362
f 990/1107/1092 1246/1383/1361 1248/1384/1362
f 1248/1384/1362 1249/1386/1364 990/1107/1092
f 987/1104/1089 1246/1383/1361 990/1107/1092
f 990/1107/1092 988/1103/1088 987/1104/1089
f 1251/1387/1365 1249/1386/1364 1248/1384/1362
f 1248/1384/1362 1250/1388/1366 1251/1387/1365
f 993/1110/1095 1249/1386/1364 1251/1387/1365
f 1251/1387/1365 1252/1389/1367 993/1110/1095
f 990/1107/1092 1249/1386/1364 993/1110/1095
f 993/1110/1095 991/1106/1091 990/1107/1092
f 1254/1390/1368 1252/1389/1367 1251/1387/1365
f 1251/1387/1365 1253/1391/1369 1254/1390/1368
f 996/1113/1098 1252/1389/1367 1254/1390/1368
f 1254/1390/1368 1255/1392/1370 996/1113/1098
f 993/1110/1095 1252/1389/1367 996/1113/1098
f 996/1113/1098 994/1109/1094 993/1110/1095
f 1257/1393/1371 1255/1392/1370 1254/1390/1368
f 1254/1390/1368 1256/1394/1372 1257/1393/1371
f 999/1116/1101 1255/1392/1370 1257/1393/1371
f 1257/1393/1371 1258/1395/1373 999/1116/1101
f 996/1113/1098 1255/1392/1370 999/1116/1101
f 999/1116/1101 997/1112/1097 996/1113/1098
f 1260/1396/1374 1258/1395/1373 1257/1393/1371
f 1257/1393/1371 1259/1397/1375 1260/1396/1374
f 1262/1398/1376 1258/1395/1373 1260/1396/1374
f 1260/1396/1374 1261/1399/1377 1262/1398/1376
f 999/1116/1101 1258/1395/1373 1262/1398/1376
f 1262/1398/1376 1000/1115/1100 999/1116/1101
f 1264/1400/1378 1262/1398/1376 1261/1399/1377
f 1261/1399/1377 1263/1401/1379 1264/1400/1378
f 1000/1115/1100 1262/1398/1376 1264/1400/1378
f 1264/1400/1378 1001/1118/1103 1000/1115/1100
f 1266/1402/1380 1264/1400/1378 1263/1401/1379
f 1263/1401/1379 1265/1403/1381 1266/1402/1380
f 1001/1118/1103 1264/1400/1378 1266/1402/1380
f 1266/1402/1380 1003/1120/1105 1001/1118/1103
f 1268/1404/1382 1266/1402/1380 1265/1403/1381
f 1265/1403/1381 1267/1405/1383 1268/1404/1382
f 1003/1120/1105 1266/1402/1380 1268/1404/1382
f 1268/1404/1382 1005/1122/1107 1003/1120/1105
f 1270/1406/1384 1268/1404/1382 1267/1405/1383
f 1267/1405/1383 1269/1407/1385 1270/1406/1384
f 1005/1122/1107 1268/1404/1382 1270/1406/1384
f 1270/1406/1384 1007/1124/1109 1005/1122/1107
f 1272/1408/1386 1270/1406/1384 1269/1407/1385
f 1269/1407/1385 1271/1409/1387 1272/1408/1386
f 1007/1124/1109 1270/1406/1384 1272/1408/1386
f 1272/1408/1386 1009/1126/1111 1007/1124/1109
f 1274/1410/1388 1272/1408/1386 1271/1409/1387
f 1271/1409/1387 1273/1411/1389 1274/1410/1388
f 1009/1126/1111 1272/1408/1386 1274/1410/1388
f 1274/1410/1388 1011/1128/1113 1009/1126/1111
f 1017/1136/1119 1274/1410/1388 1273/1411/1389
f 1273/1411/1389 1025/1147/1127 1017/1136/1119
f 1011/1128/1113 1274/1410/1388 1017/1136/1119
f 1017/1136/1119 1013/1130/1115 1011/1128/1113
f 1029/1151/1131 1273/1411/1389 1271/1409/1387
f 1271/1409/1387 1031/1153/1133 1029/1151/1131
f 1025/1147/1127 1273/1411/1389 1029/1151/1131
f 1029/1151/1131 1026/1146/1126 1025/1147/1127
f 1031/1153/1133 1271/1409/1387 1269/1407/1385
f 1269/1407/1385 1033/1155/1135 1031/1153/1133
f 1033/1155/1135 1269/1407/1385 1267/1405/1383
f 1267/1405/1383 1035/1157/1137 1033/1155/1135
f 1035/1157/1137 1267/1405/1383 1265/1403/1381
f 1265/1403/1381 1275/1412/1390 1035/1157/1137
f 1276/1413/1391 1275/1412/1390 1265/1403/1381
f 1265/1403/1381 1263/1401/1379 1276/1413/1391
f 1038/1160/1140 1275/1412/1390 1276/1413/1391
f 1276/1413/1391 1277/1414/1392 1038/1160/1140
f 1035/1157/1137 1275/1412/1390 1038/1160/1140
f 1038/1160/1140 1036/1156/1136 1035/1157/1137
f 1279/1415/1393 1277/1414/1392 1276/1413/1391
f 1276/1413/1391 1278/1416/1394 1279/1415/1393
f 1041/1163/1143 1277/1414/1392 1279/1415/1393
f 1279/1415/1393 1043/1165/1145 1041/1163/1143
f 1038/1160/1140 1277/1414/1392 1041/1163/1143
f 1041/1163/1143 1039/1159/1139 1038/1160/1140
f 1281/1417/1395 1279/1415/1393 1278/1416/1394
f 1278/1416/1394 1280/1418/1396 1281/1417/1395
f 1043/1165/1145 1279/1415/1393 1281/1417/1395
f 1281/1417/1395 1282/1419/1397 1043/1165/1145
f 1284/1420/1398 1282/1419/1397 1281/1417/1395
f 1281/1417/1395 1283/1421/1399 1284/1420/1398
f 1046/1168/1148 1282/1419/1397 1284/1420/1398
f 1284/1420/1398 1048/1170/1150 1046/1168/1148
f 1043/1165/1145 1282/1419/1397 1046/1168/1148
f 1046/1168/1148 1044/1164/1144 1043/1165/1145
f 1286/1422/1400 1284/1420/1398 1283/1421/1399
f 1283/1421/1399 1285/1423/1401 1286/1422/1400
f 1048/1170/1150 1284/1420/1398 1286/1422/1400
f 1286/1422/1400 1050/1172/1152 1048/1170/1150
f 1288/1424/1402 1286/1422/1400 1285/1423/1401
f 1285/1423/1401 1287/1425/1403 1288/1424/1402
f 1050/1172/1152 1286/1422/1400 1288/1424/1402
f 1288/1424/1402 1052/1174/1154 1050/1172/1152
f 1290/1426/1404 1288/1424/1402 1287/1425/1403
f 1287/1425/1403 1289/1427/1405 1290/1426/1404
f 1052/1174/1154 1288/1424/1402 1290/1426/1404
f 1290/1426/1404 1054/1176/1156 1052/1174/1154
f 1292/1428/1406 1290/1426/1404 1289/1427/1405
f 1289/1427/1405 1291/1429/1407 1292/1428/1406
f 1054/1176/1156 1290/1426/1404 1292/1428/1406
f 1292/1428/1406 1293/1430/1408 1054/1176/1156
f 1295/1431/1409 1293/1430/1408 1292/1428/1406
f 1292/1428/1406 1294/1432/1410 1295/1431/1409
f 1057/1179/1159 1293/1430/1408 1295/1431/1409
f 1295/1431/1409 1296/1433/1411 1057/1179/1159
f 1054/1176/1156 1293/1430/1408 1057/1179/1159
f 1057/1179/1159 1055/1175/1155 1054/1176/1156
f 1298/1434/1412 1296/1433/1411 1295/1431/1409
f 1295/1431/1409 1297/1435/1413 1298/1434/1412
f 1060/1182/1162 1296/1433/1411 1298/1434/1412
f 1298/1434/1412 1299/1436/1414 1060/1182/1162
f 1057/1179/1159 1296/1433/1411 1060/1182/1162
f 1060/1182/1162 1058/1178/1158 1057/1179/1159
f 1301/1437/1415 1299/1436/1414 1298/1434/1412
f 1298/1434/1412 1300/1438/1416 1301/1437/1415
f 1063/1185/1165 1299/1436/1414 1301/1437/1415
f 1301/1437/1415 1302/1439/1417 1063/1185/1165
f 1060/1182/1162 1299/1436/1414 1063/1185/1165
f 1063/1185/1165 1061/1181/1161 1060/1182/1162
f 1304/1440/1418 1302/1439/1417 1301/1437/1415
f 1301/1437/1415 1303/1441/1419 1304/1440/1418
f 1066/1188/1168 1302/1439/1417 1304/1440/1418
f 1304/1440/1418 1305/1442/1420 1066/1188/1168
f 1063/1185/1165 1302/1439/1417 1066/1188/1168
f 1066/1188/1168 1064/1184/1164 1063/1185/1165
f 1307/1443/1421 1305/1442/1420 1304/1440/1418
f 1304/1440/1418 1306/1444/1422 1307/1443/1421
f 1069/1191/1171 1305/1442/1420 1307/1443/1421
f 1307/1443/1421 1308/1445/1423 1069/1191/1171
f 1066/1188/1168 1305/1442/1420 1069/1191/1171
f 1069/1191/1171 1067/1187/1167 1066/1188/1168
f 1310/1446/1424 1308/1445/1423 1307/1443/1421
f 1307/1443/1421 1309/1447/1425 1310/1446/1424
f 1072/1194/1174 1308/1445/1423 1310/1446/1424
f 1310/1446/1424 1311/1448/1426 1072/1194/1174
f 1069/1191/1171 1308/1445/1423 1072/1194/1174
f 1072/1194/1174 1070/1190/1170 1069/1191/1171
f 1313/1449/1427 1311/1448/1426 1310/1446/1424
f 1310/1446/1424 1312/1450/1428 1313/1449/1427
f 1075/1197/1177 1311/1448/1426 1313/1449/1427
f 1313/1449/1427 1314/1451/1429 1075/1197/1177
f 1072/1194/1174 1311/1448/1426 1075/1197/1177
f 1075/1197/1177 1073/1193/1173 1072/1194/1174
f 1316/1452/1430 1314/1451/1429 1313/1449/1427
f 1313/1449/1427 1315/1453/1431 1316/1452/1430
f 1078/1200/1180 1314/1451/1429 1316/1452/1430
f 1316/1452/1430 1317/1454/1432 1078/1200/1180
f 1075/1197/1177 1314/1451/1429 1078/1200/1180
f 1078/1200/1180 1076/1196/1176 1075/1197/1177
f 1319/1455/1433 1317/1454/1432 1316/1452/1430
f 1316/1452/1430 1318/1456/1434 1319/1455/1433
f 1081/1203/1183 1317/1454/1432 1319/1455/1433
f 1319/1455/1433 1320/1457/1435 1081/1203/1183
f 1078/1200/1180 1317/1454/1432 1081/1203/1183
f 1081/1203/1183 1079/1199/1179 1078/1200/1180
f 1322/1458/1436 1320/1457/1435 1319/1455/1433
f 1319/1455/1433 1321/1459/1437 1322/1458/1436
f 1324/1460/1438 1320/1457/1435 1322/1458/1436
f 1322/1458/1436 1323/1461/1439 1324/1460/1438
f 1081/1203/1183 1320/1457/1435 1324/1460/1438
f 1324/1460/1438 1082/1202/1182 1081/1203/1183
f 1086/1208/1188 1324/1460/1438 1323/1461/1439
f 1323/1461/1439 1325/1462/1440 1086/1208/1188
f 1082/1202/1182 1324/1460/1438 1086/1208/1188
f 1086/1208/1188 1083/1205/1185 1082/1202/1182
f 1327/1463/1441 1325/1462/1440 1323/1461/1439
f 1323/1461/1439 1326/1464/1442 1327/1463/1441
f 1089/1211/1191 1325/1462/1440 1327/1463/1441
f 1327/1463/1441 1328/1465/1443 1089/1211/1191
f 1086/1208/1188 1325/1462/1440 1089/1211/1191
f 1089/1211/1191 1087/1207/1187 1086/1208/1188
f 1330/1466/1444 1328/1465/1443 1327/1463/1441
f 1327/1463/1441 1329/1467/1445 1330/1466/1444
f 1092/1214/1194 1328/1465/1443 1330/1466/1444
f 1330/1466/1444 1331/1468/1446 1092/1214/1194
f 1089/1211/1191 1328/1465/1443 1092/1214/1194
f 1092/1214/1194 1090/1210/1190 1089/1211/1191
f 1333/1469/1447 1331/1468/1446 1330/1466/1444
f 1330/1466/1444 1332/1470/1448 1333/1469/1447
f 1095/1217/1197 1331/1468/1446 1333/1469/1447
f 1333/1469/1447 1334/1471/1449 1095/1217/1197
f 1092/1214/1194 1331/1468/1446 1095/1217/1197
f 1095/1217/1197 1093/1213/1193 1092/1214/1194
f 1336/1472/1450 1334/1471/1449 1333/1469/1447
f 1333/1469/1447 1335/1473/1451 1336/1472/1450
f 1098/1220/1200 1334/1471/1449 1336/1472/1450
f 1336/1472/1450 1337/1474/1452 1098/1220/1200
f 1095/1217/1197 1334/1471/1449 1098/1220/1200
f 1098/1220/1200 1096/1216/1196 1095/1217/1197
f 1339/1475/1453 1337/1474/1452 1336/1472/1450
f 1336/1472/1450 1338/1476/1454 1339/1475/1453
f 1101/1223/1203 1337/1474/1452 1339/1475/1453
f 1339/1475/1453 1340/1477/1455 1101/1223/1203
f 1098/1220/1200 1337/1474/1452 1101/1223/1203
f 1101/1223/1203 1099/1219/1199 1098/1220/1200
f 1342/1478/1456 1340/1477/1455 1339/1475/1453
f 1339/1475/1453 1341/1479/1457 1342/1478/1456
f 1104/1226/1206 1340/1477/1455 1342/1478/1456
f 1342/1478/1456 1343/1480/1458 1104/1226/1206
f 1101/1223/1203 1340/1477/1455 1104/1226/1206
f 1104/1226/1206 1102/1222/1202 1101/1223/1203
f 1345/1481/1459 1343/1480/1458 1342/1478/1456
f 1342/1478/1456 1344/1482/1460 1345/1481/1459
f 1107/1229/1209 1343/1480/1458 1345/1481/1459
f 1345/1481/1459 1346/1483/1461 1107/1229/1209
f 1104/1226/1206 1343/1480/1458 1107/1229/1209
f 1107/1229/1209 1105/1225/1205 1104/1226/1206
f 1348/1484/1462 1346/1483/1461 1345/1481/1459
f 1345/1481/1459 1347/1485/1463 1348/1484/1462
f 1111/1233/1213 1346/1483/1461 1348/1484/1462
f 1348/1484/1462 1113/1235/1215 1111/1233/1213
f 1107/1229/1209 1346/1483/1461 1111/1233/1213
f 1111/1233/1213 1108/1228/1208 1107/1229/1209
f 1350/1486/1464 1348/1484/1462 1347/1485/1463
f 1347/1485/1463 1349/1487/1465 1350/1486/1464
f 1113/1235/1215 1348/1484/1462 1350/1486/1464
f 1350/1486/1464 1115/1237/1217 1113/1235/1215
f 1352/1488/1466 1350/1486/1464 1349/1487/1465
f 1349/1487/1465 1351/1489/1467 1352/1488/1466
f 1115/1237/1217 1350/1486/1464 1352/1488/1466
f 1352/1488/1466 1353/1490/1468 1115/1237/1217
f 1355/1491/1469 1353/1490/1468 1352/1488/1466
f 1352/1488/1466 1354/1492/1470 1355/1491/1469
f 1118/1240/1220 1353/1490/1468 1355/1491/1469
f 1355/1491/1469 1356/1493/1471 1118/1240/1220
f 1115/1237/1217 1353/1490/1468 1118/1240/1220
f 1118/1240/1220 1116/1236/1216 1115/1237/1217
f 1358/1494/1472 1356/1493/1471 1355/1491/1469
f 1355/1491/1469 1357/1495/1473 1358/1494/1472
f 1121/1243/1223 1356/1493/1471 1358/1494/1472
f 1358/1494/1472 1359/1496/1474 1121/1243/1223
f 1118/1240/1220 1356/1493/1471 1121/1243/1223
f 1121/1243/1223 1119/1239/1219 1118/1240/1220
f 1361/1497/1475 1359/1496/1474 1358/1494/1472
f 1358/1494/1472 1360/1498/1476 1361/1497/1475
f 1124/1246/1226 1359/1496/1474 1361/1497/1475
f 1361/1497/1475 1362/1499/1477 1124/1246/1226
f 1121/1243/1223 1359/1496/1474 1124/1246/1226
f 1124/1246/1226 1122/1242/1222 1121/1243/1223
f 1364/1500/1478 1362/1499/1477 1361/1497/1475
f 1361/1497/1475 1363/1501/1479 1364/1500/1478
f 1366/1502/1480 1362/1499/1477 1364/1500/1478
f 1364/1500/1478 1365/1503/1481 1366/1502/1480
f 1124/1246/1226 1362/1499/1477 1366/1502/1480
f 1366/1502/1480 1125/1245/1225 1124/1246/1226
f 1368/1504/1482 1366/1502/1480 1365/1503/1481
f 1365/1503/1481 1367/1505/1483 1368/1504/1482
f 1125/1245/1225 1366/1502/1480 1368/1504/1482
f 1368/1504/1482 1126/1248/1228 1125/1245/1225
f 1370/1506/1484 1368/1504/1482 1367/1505/1483
f 1367/1505/1483 1369/1507/1485 1370/1506/1484
f 1126/1248/1228 1368/1504/1482 1370/1506/1484
f 1370/1506/1484 1128/1250/1230 1126/1248/1228
f 1372/1508/1486 1370/1506/1484 1369/1507/1485
f 1369/1507/1485 1371/1509/1487 1372/1508/1486
f 1128/1250/1230 1370/1506/1484 1372/1508/1486
f 1372/1508/1486 1130/1252/1232 1128/1250/1230
f 1374/1510/1488 1372/1508/1486 1371/1509/1487
f 1371/1509/1487 1373/1511/1489 1374/1510/1488
f 1130/1252/1232 1372/1508/1486 1374/1510/1488
f 1374/1510/1488 1132/1254/1234 1130/1252/1232
f 1376/1512/1490 1374/1510/1488 1373/1511/1489
f 1373/1511/1489 1375/1513/1491 1376/1512/1490
f 1132/1254/1234 1374/1510/1488 1376/1512/1490
f 1376/1512/1490 1134/1256/1236 1132/1254/1234
f 1378/1514/1492 1376/1512/1490 1375/1513/1491
f 1375/1513/1491 1377/1515/1493 1378/1514/1492
f 1134/1256/1236 1376/1512/1490 1378/1514/1492
f 1378/1514/1492 1136/1258/1238 1134/1256/1236
f 1380/1516/1494 1378/1514/1492 1377/1515/1493
f 1377/1515/1493 1379/1517/1495 1380/1516/1494
f 1136/1258/1238 1378/1514/1492 1380/1516/1494
f 1380/1516/1494 1138/1260/1240 1136/1258/1238
f 1382/1518/1496 1380/1516/1494 1379/1517/1495
f 1379/1517/1495 1381/1519/1497 1382/1518/1496
f 1138/1260/1240 1380/1516/1494 1382/1518/1496
f 1382/1518/1496 1140/1262/1242 1138/1260/1240
f 1384/1520/1498 1382/1521/1496 1381/1522/1497
f 1381/1522/1497 1383/1523/1499 1384/1520/1498
f 1140/1265/1242 1382/1521/1496 1384/1520/1498
f 1384/1520/1498 1142/1266/1244 1140/1265/1242
f 1386/1524/1500 1384/1520/1498 1383/1523/1499
f 1383/1523/1499 1385/1525/1501 1386/1524/1500
f 1142/1266/1244 1384/1520/1498 1386/1524/1500
f 1386/1524/1500 1144/1268/1246 1142/1266/1244
f 1388/1526/1502 1386/1524/1500 1385/1525/1501
f 1385/1525/1501 1387/1527/1503 1388/1526/1502
f 1144/1268/1246 1386/1524/1500 1388/1526/1502
f 1388/1526/1502 1389/1528/1504 1144/1268/1246
f 1173/1304/1282 1389/1528/1504 1388/1526/1502
f 1388/1526/1502 1175/1306/1284 1173/1304/1282
f 1147/1271/1249 1389/1528/1504 1173/1304/1282
f 1173/1304/1282 1172/1303/1281 1147/1271/1249
f 1144/1268/1246 1389/1528/1504 1147/1271/1249
f 1147/1271/1249 1145/1267/1245 1144/1268/1246
f 1175/1306/1284 1388/1526/1502 1387/1527/1503
f 1387/1527/1503 1390/1529/1505 1175/1306/1284
f 1392/1530/1506 1390/1529/1505 1387/1527/1503
f 1387/1527/1503 1391/1531/1507 1392/1530/1506
f 1178/1309/1287 1390/1529/1505 1392/1530/1506
f 1392/1530/1506 1393/1532/1508 1178/1309/1287
f 1175/1306/1284 1390/1529/1505 1178/1309/1287
f 1178/1309/1287 1176/1305/1283 1175/1306/1284
f 1395/1533/1509 1393/1532/1508 1392/1530/1506
f 1392/1530/1506 1394/1534/1510 1395/1533/1509
f 1397/1535/1511 1393/1532/1508 1395/1533/1509
f 1395/1533/1509 1396/1536/1512 1397/1535/1511
f 1178/1309/1287 1393/1532/1508 1397/1535/1511
f 1397/1535/1511 1179/1308/1286 1178/1309/1287
f 1399/1537/1513 1397/1535/1511 1396/1536/1512
f 1396/1536/1512 1398/1538/1514 1399/1537/1513
f 1179/1308/1286 1397/1535/1511 1399/1537/1513
f 1399/1537/1513 1180/1311/1289 1179/1308/1286
f 1401/1539/1515 1399/1537/1513 1398/1538/1514
f 1398/1538/1514 1400/1540/1516 1401/1539/1515
f 1180/1311/1289 1399/1537/1513 1401/1539/1515
f 1401/1539/1515 1182/1313/1291 1180/1311/1289
f 1187/1541/1517 1401/1539/1515 1400/1540/1516
f 1400/1540/1516 1402/1542/1518 3388/1543/1519 1187/1541/1517
f 1182/1313/1291 1401/1539/1515 1187/1541/1517
f 1187/1541/1517 3385/1544/1520 1184/1315/1293 1182/1313/1291
f 1403/1545/1521 1394/1534/1510 1392/1530/1506
f 1392/1530/1506 1391/1531/1507 1403/1545/1521
f 1405/1546/1522 1403/1545/1521 1391/1531/1507
f 1391/1531/1507 1404/1547/1523 1405/1546/1522
f 1407/1548/1524 1405/1546/1522 1404/1547/1523
f 1404/1547/1523 1406/1549/1525 1407/1548/1524
f 1409/1550/1526 1407/1548/1524 1406/1549/1525
f 1406/1549/1525 1408/1551/1527 1409/1550/1526
f 1411/1552/1528 1409/1553/1526 1408/1554/1527
f 1408/1554/1527 1410/1555/1529 1411/1552/1528
f 1413/1556/1530 1411/1552/1528 1410/1555/1529
f 1410/1555/1529 1412/1557/1531 1413/1556/1530
f 1415/1558/1532 1413/1556/1530 1412/1557/1531
f 1412/1557/1531 1414/1559/1533 1415/1558/1532
f 1417/1560/1534 1415/1558/1532 1414/1559/1533
f 1414/1559/1533 1416/1561/1535 1417/1560/1534
f 1419/1562/1536 1417/1560/1534 1416/1561/1535
f 1416/1561/1535 1418/1563/1537 1419/1562/1536
f 1421/1564/1538 1419/1562/1536 1418/1563/1537
f 1418/1563/1537 1420/1565/1539 1421/1564/1538
f 1423/1566/1540 1421/1564/1538 1420/1565/1539
f 1420/1565/1539 1422/1567/1541 1423/1566/1540
f 1425/1568/1542 1423/1566/1540 1422/1567/1541
f 1422/1567/1541 1424/1569/1543 1425/1568/1542
f 1427/1570/1544 1425/1568/1542 1424/1569/1543
f 1424/1569/1543 1426/1571/1545 1427/1570/1544
f 1429/1572/1546 1427/1570/1544 1426/1571/1545
f 1426/1571/1545 1428/1573/1547 1429/1572/1546
f 1431/1574/1548 1429/1572/1546 1428/1573/1547
f 1428/1573/1547 1430/1575/1549 1431/1574/1548
f 1433/1576/1550 1431/1574/1548 1430/1575/1549
f 1430/1575/1549 1432/1577/1551 1433/1576/1550
f 1435/1578/1552 1433/1576/1550 1432/1577/1551
f 1432/1577/1551 1434/1579/1553 1435/1578/1552
f 1437/1580/1554 1435/1578/1552 1434/1579/1553
f 1434/1579/1553 1436/1581/1555 1437/1580/1554
f 1439/1582/1556 1437/1580/1554 1436/1581/1555
f 1436/1581/1555 1438/1583/1557 1439/1582/1556
f 1441/1584/1558 1439/1582/1556 1438/1583/1557
f 1438/1583/1557 1440/1585/1559 1441/1584/1558
f 1443/1586/1560 1441/1584/1558 1440/1585/1559
f 1440/1585/1559 1442/1587/1561 1443/1586/1560
f 1445/1588/1562 1443/1586/1560 1442/1587/1561
f 1442/1587/1561 1444/1589/1563 1445/1588/1562
f 1447/1590/1564 1445/1588/1562 1444/1589/1563
f 1444/1589/1563 1446/1591/1565 1447/1590/1564
f 1449/1592/1566 1447/1590/1564 1446/1591/1565
f 1446/1591/1565 1448/1593/1567 1449/1592/1566
f 1451/1594/1568 1449/1592/1566 1448/1593/1567
f 1448/1593/1567 1450/1595/1569 1451/1594/1568
f 1453/1596/1570 1451/1594/1568 1450/1595/1569
f 1450/1595/1569 1452/1597/1571 1453/1596/1570
f 1455/1598/1572 1453/1596/1570 1452/1597/1571
f 1452/1597/1571 1454/1599/1573 1455/1598/1572
f 1457/1600/1574 1455/1598/1572 1454/1599/1573
f 1454/1599/1573 1456/1601/1575 1457/1600/1574
f 1459/1602/1576 1457/1600/1574 1456/1601/1575
f 1456/1601/1575 1458/1603/1577 1459/1602/1576
f 1461/1604/1578 1459/1602/1576 1458/1603/1577
f 1458/1603/1577 1460/1605/1579 1461/1604/1578
f 1463/1606/1580 1461/1604/1578 1460/1605/1579
f 1460/1605/1579 1462/1607/1581 1463/1606/1580
f 1465/1608/1582 1463/1606/1580 1462/1607/1581
f 1462/1607/1581 1464/1609/1583 1465/1608/1582
f 1467/1610/1584 1465/1608/1582 1464/1609/1583
f 1464/1609/1583 1466/1611/1585 1467/1610/1584
f 1469/1612/1586 1467/1610/1584 1466/1611/1585
f 1466/1611/1585 1468/1613/1587 1469/1612/1586
f 1471/1614/1558 1469/1612/1586 1468/1613/1587
f 1468/1613/1587 1470/1615/1588 1471/1614/1558
f 1473/1616/1589 1471/1614/1558 1470/1615/1588
f 1470/1615/1588 1472/1617/1590 1473/1616/1589
f 1475/1618/1591 1473/1616/1589 1472/1617/1590
f 1472/1617/1590 1474/1619/1592 1475/1618/1591
f 1477/1620/1593 1475/1618/1591 1474/1619/1592
f 1474/1619/1592 1476/1621/1594 1477/1620/1593
f 1479/1622/1595 1477/1620/1593 1476/1621/1594
f 1476/1621/1594 1478/1623/1596 1479/1622/1595
f 1481/1624/1597 1479/1622/1595 1478/1623/1596
f 1478/1623/1596 1480/1625/1598 1481/1624/1597
f 1483/1626/1599 1481/1624/1597 1480/1625/1598
f 1480/1625/1598 1482/1627/1600 1483/1626/1599
f 1485/1628/1601 1483/1626/1599 1482/1627/1600
f 1482/1627/1600 1484/1629/1602 1485/1628/1601
f 1487/1630/1603 1485/1628/1601 1484/1629/1602
f 1484/1629/1602 1486/1631/1604 1487/1630/1603
f 1489/1632/1605 1487/1630/1603 1486/1631/1604
f 1486/1631/1604 1488/1633/1606 1489/1632/1605
f 1491/1634/1607 1489/1632/1605 1488/1633/1606
f 1488/1633/1606 1490/1635/1608 1491/1634/1607
f 1493/1636/1609 1491/1634/1607 1490/1635/1608
f 1490/1635/1608 1492/1637/1610 1493/1636/1609
f 1495/1638/1611 1493/1636/1609 1492/1637/1610
f 1492/1637/1610 1494/1639/1612 1495/1638/1611
f 1497/1640/1613 1495/1638/1611 1494/1639/1612
f 1494/1639/1612 1496/1641/1614 1497/1640/1613
f 1499/1642/1615 1497/1640/1613 1496/1641/1614
f 1496/1641/1614 1498/1643/1616 1499/1642/1615
f 1501/1644/1617 1499/1642/1615 1498/1643/1616
f 1498/1643/1616 1500/1645/1618 1501/1644/1617
f 1503/1646/1619 1501/1644/1617 1500/1645/1618
f 1500/1645/1618 1502/1647/1620 1503/1646/1619
f 1505/1648/1621 1503/1646/1619 1502/1647/1620
f 1502/1647/1620 1504/1649/1622 1505/1648/1621
f 1507/1650/1623 1505/1648/1621 1504/1649/1622
f 1504/1649/1622 1506/1651/1624 1507/1650/1623
f 1509/1652/1625 1507/1650/1623 1506/1651/1624
f 1506/1651/1624 1508/1653/1626 1509/1652/1625
f 1511/1654/1627 1509/1652/1625 1508/1653/1626
f 1508/1653/1626 1510/1655/1628 1511/1654/1627
f 1513/1656/1629 1511/1654/1627 1510/1655/1628
f 1510/1655/1628 1512/1657/1630 1513/1656/1629
f 1515/1658/1631 1513/1656/1629 1512/1657/1630
f 1512/1657/1630 1514/1659/1632 1515/1658/1631
f 1517/1660/1633 1515/1658/1631 1514/1659/1632
f 1514/1659/1632 1516/1661/1634 1517/1660/1633
f 1519/1662/1635 1517/1660/1633 1516/1661/1634
f 1516/1661/1634 1518/1663/1636 1519/1662/1635
f 1521/1664/1637 1519/1662/1635 1518/1663/1636
f 1518/1663/1636 1520/1665/1638 1521/1664/1637
f 1523/1666/1635 1521/1664/1637 1520/1665/1638
f 1520/1665/1638 1522/1667/1639 1523/1666/1635
f 1525/1668/1640 1523/1666/1635 1522/1667/1639
f 1522/1667/1639 1524/1669/1641 1525/1668/1640
f 1527/1670/1642 1525/1668/1640 1524/1669/1641
f 1524/1669/1641 1526/1671/1643 1527/1670/1642
f 1529/1672/1644 1527/1670/1642 1526/1671/1643
f 1526/1671/1643 1528/1673/1645 1529/1672/1644
f 1531/1674/1646 1529/1675/1644 1528/1676/1645
f 1528/1676/1645 1530/1677/1647 1531/1674/1646
f 1533/1678/1648 1531/1674/1646 1530/1677/1647
f 1530/1677/1647 1532/1679/1649 3389/1680/1650 1533/1678/1648
f 1538/1681/1651 1536/1682/1652 3391/1683/1653 1535/1684/1654
f 1535/1684/1654 1537/1685/1655 1538/1681/1651
f 1188/1324/1304 3392/1686/1656 1536/1682/1652 1538/1681/1651
f 1538/1681/1651 1190/1325/1305 1188/1324/1304
f 1540/1687/1657 1538/1681/1651 1537/1685/1655
f 1537/1685/1655 1539/1688/1658 1540/1687/1657
f 1190/1325/1305 1538/1681/1651 1540/1687/1657
f 1540/1687/1657 1192/1328/1308 1190/1325/1305
f 1542/1689/1659 1540/1687/1657 1539/1688/1658
f 1539/1688/1658 1541/1690/1660 1542/1689/1659
f 1192/1328/1308 1540/1687/1657 1542/1689/1659
f 1542/1689/1659 1194/1330/1310 1192/1328/1308
f 1544/1691/1661 1542/1689/1659 1541/1690/1660
f 1541/1690/1660 1543/1692/1662 1544/1691/1661
f 1194/1330/1310 1542/1689/1659 1544/1691/1661
f 1544/1691/1661 1196/1332/1312 1194/1330/1310
f 1546/1693/1663 1544/1694/1661 1543/1695/1662
f 1543/1695/1662 1545/1696/1664 1546/1693/1663
f 1196/1335/1312 1544/1694/1661 1546/1693/1663
f 1546/1693/1663 1198/1336/1314 1196/1335/1312
f 1548/1697/1665 1546/1693/1663 1545/1696/1664
f 1545/1696/1664 1547/1698/1666 1548/1697/1665
f 1198/1336/1314 1546/1693/1663 1548/1697/1665
f 1548/1697/1665 1200/1338/1316 1198/1336/1314
f 1550/1699/1667 1548/1697/1665 1547/1698/1666
f 1547/1698/1666 1549/1700/1668 1550/1699/1667
f 1200/1338/1316 1548/1697/1665 1550/1699/1667
f 1550/1699/1667 1202/1340/1318 1200/1338/1316
f 1552/1701/1669 1550/1699/1667 1549/1700/1668
f 1549/1700/1668 1551/1702/1670 1552/1701/1669
f 1202/1340/1318 1550/1699/1667 1552/1701/1669
f 1552/1701/1669 1204/1342/1320 1202/1340/1318
f 1554/1703/1671 1552/1701/1669 1551/1702/1670
f 1551/1702/1670 1553/1704/1672 1554/1703/1671
f 1204/1342/1320 1552/1701/1669 1554/1703/1671
f 1554/1703/1671 1206/1344/1322 1204/1342/1320
f 1556/1705/1673 1554/1703/1671 1553/1704/1672
f 1553/1704/1672 1555/1706/1674 1556/1705/1673
f 1206/1344/1322 1554/1703/1671 1556/1705/1673
f 1556/1705/1673 1208/1346/1324 1206/1344/1322
f 1558/1707/1675 1556/1705/1673 1555/1706/1674
f 1555/1706/1674 1557/1708/1676 1558/1707/1675
f 1208/1346/1324 1556/1705/1673 1558/1707/1675
f 1558/1707/1675 1210/1348/1326 1208/1346/1324
f 1560/1709/1677 1558/1707/1675 1557/1708/1676
f 1557/1708/1676 1559/1710/1678 1560/1709/1677
f 1210/1348/1326 1558/1707/1675 1560/1709/1677
f 1560/1709/1677 1212/1350/1328 1210/1348/1326
f 1562/1711/1679 1560/1709/1677 1559/1710/1678
f 1559/1710/1678 1561/1712/1680 1562/1711/1679
f 1212/1350/1328 1560/1709/1677 1562/1711/1679
f 1562/1711/1679 1214/1352/1330 1212/1350/1328
f 1564/1713/1681 1562/1711/1679 1561/1712/1680
f 1561/1712/1680 1563/1714/1682 1564/1713/1681
f 1214/1352/1330 1562/1711/1679 1564/1713/1681
f 1564/1713/1681 1216/1354/1332 1214/1352/1330
f 1566/1715/1683 1564/1713/1681 1563/1714/1682
f 1563/1714/1682 1565/1716/1684 1566/1715/1683
f 1216/1354/1332 1564/1713/1681 1566/1715/1683
f 1566/1715/1683 1218/1356/1334 1216/1354/1332
f 1568/1717/1685 1566/1715/1683 1565/1716/1684
f 1565/1716/1684 1567/1718/1686 1568/1717/1685
f 1218/1356/1334 1566/1715/1683 1568/1717/1685
f 1568/1717/1685 1220/1358/1336 1218/1356/1334
f 1570/1719/1687 1568/1717/1685 1567/1718/1686
f 1567/1718/1686 1569/1720/1688 1570/1719/1687
f 1220/1358/1336 1568/1717/1685 1570/1719/1687
f 1570/1719/1687 1571/1721/1689 1220/1358/1336
f 1573/1722/1690 1571/1721/1689 1570/1719/1687
f 1570/1719/1687 1572/1723/1691 1573/1722/1690
f 1223/1361/1339 1571/1721/1689 1573/1722/1690
f 1573/1722/1690 1574/1724/1692 1223/1361/1339
f 1220/1358/1336 1571/1721/1689 1223/1361/1339
f 1223/1361/1339 1221/1357/1335 1220/1358/1336
f 1576/1725/1693 1574/1724/1692 1573/1722/1690
f 1573/1722/1690 1575/1726/1694 1576/1725/1693
f 1226/1364/1342 1574/1724/1692 1576/1725/1693
f 1576/1725/1693 1577/1727/1695 1226/1364/1342
f 1223/1361/1339 1574/1724/1692 1226/1364/1342
f 1226/1364/1342 1224/1360/1338 1223/1361/1339
f 1579/1728/1696 1577/1727/1695 1576/1725/1693
f 1576/1725/1693 1578/1729/1697 1579/1728/1696
f 1229/1367/1345 1577/1727/1695 1579/1728/1696
f 1579/1728/1696 1580/1730/1698 1229/1367/1345
f 1226/1364/1342 1577/1727/1695 1229/1367/1345
f 1229/1367/1345 1227/1363/1341 1226/1364/1342
f 1582/1731/1699 1580/1730/1698 1579/1728/1696
f 1579/1728/1696 1581/1732/1700 1582/1731/1699
f 1232/1370/1348 1580/1730/1698 1582/1731/1699
f 1582/1731/1699 1583/1733/1701 1232/1370/1348
f 1229/1367/1345 1580/1730/1698 1232/1370/1348
f 1232/1370/1348 1230/1366/1344 1229/1367/1345
f 1585/1734/1702 1583/1733/1701 1582/1731/1699
f 1582/1731/1699 1584/1735/1703 1585/1734/1702
f 1235/1373/1351 1583/1733/1701 1585/1734/1702
f 1585/1734/1702 1586/1736/1704 1235/1373/1351
f 1232/1370/1348 1583/1733/1701 1235/1373/1351
f 1235/1373/1351 1233/1369/1347 1232/1370/1348
f 1588/1737/1705 1586/1736/1704 1585/1734/1702
f 1585/1734/1702 1587/1738/1706 1588/1737/1705
f 1238/1376/1354 1586/1736/1704 1588/1737/1705
f 1588/1737/1705 1589/1739/1707 1238/1376/1354
f 1235/1373/1351 1586/1736/1704 1238/1376/1354
f 1238/1376/1354 1236/1372/1350 1235/1373/1351
f 1591/1740/1708 1589/1739/1707 1588/1737/1705
f 1588/1737/1705 1590/1741/1709 1591/1740/1708
f 1241/1379/1357 1589/1739/1707 1591/1740/1708
f 1591/1740/1708 1592/1742/1710 1241/1379/1357
f 1238/1376/1354 1589/1739/1707 1241/1379/1357
f 1241/1379/1357 1239/1375/1353 1238/1376/1354
f 1594/1743/1711 1592/1742/1710 1591/1740/1708
f 1591/1740/1708 1593/1744/1712 1594/1743/1711
f 1244/1382/1360 1592/1742/1710 1594/1743/1711
f 1594/1743/1711 1595/1745/1713 1244/1382/1360
f 1241/1379/1357 1592/1742/1710 1244/1382/1360
f 1244/1382/1360 1242/1378/1356 1241/1379/1357
f 1597/1746/1714 1595/1745/1713 1594/1743/1711
f 1594/1743/1711 1596/1747/1715 1597/1746/1714
f 1247/1385/1363 1595/1745/1713 1597/1746/1714
f 1597/1746/1714 1598/1748/1716 1247/1385/1363
f 1244/1382/1360 1595/1745/1713 1247/1385/1363
f 1247/1385/1363 1245/1381/1359 1244/1382/1360
f 1600/1749/1717 1598/1748/1716 1597/1746/1714
f 1597/1746/1714 1599/1750/1718 1600/1749/1717
f 1250/1388/1366 1598/1748/1716 1600/1749/1717
f 1600/1749/1717 1601/1751/1719 1250/1388/1366
f 1247/1385/1363 1598/1748/1716 1250/1388/1366
f 1250/1388/1366 1248/1384/1362 1247/1385/1363
f 1603/1752/1720 1601/1751/1719 1600/1749/1717
f 1600/1749/1717 1602/1753/1721 1603/1752/1720
f 1253/1391/1369 1601/1751/1719 1603/1752/1720
f 1603/1752/1720 1604/1754/1722 1253/1391/1369
f 1250/1388/1366 1601/1751/1719 1253/1391/1369
f 1253/1391/1369 1251/1387/1365 1250/1388/1366
f 1606/1755/1723 1604/1754/1722 1603/1752/1720
f 1603/1752/1720 1605/1756/1724 1606/1755/1723
f 1256/1394/1372 1604/1754/1722 1606/1755/1723
f 1606/1755/1723 1607/1757/1725 1256/1394/1372
f 1253/1391/1369 1604/1754/1722 1256/1394/1372
f 1256/1394/1372 1254/1390/1368 1253/1391/1369
f 1609/1758/1726 1607/1757/1725 1606/1755/1723
f 1606/1755/1723 1608/1759/1727 1609/1758/1726
f 1259/1397/1375 1607/1757/1725 1609/1758/1726
f 1609/1758/1726 1610/1760/1728 1259/1397/1375
f 1256/1394/1372 1607/1757/1725 1259/1397/1375
f 1259/1397/1375 1257/1393/1371 1256/1394/1372
f 1283/1421/1399 1610/1760/1728 1609/1758/1726
f 1609/1758/1726 1285/1423/1401 1283/1421/1399
f 1280/1418/1396 1610/1760/1728 1283/1421/1399
f 1283/1421/1399 1281/1417/1395 1280/1418/1396
f 1259/1397/1375 1610/1760/1728 1280/1418/1396
f 1280/1418/1396 1260/1396/1374 1259/1397/1375
f 1285/1423/1401 1609/1758/1726 1608/1759/1727
f 1608/1759/1727 1287/1425/1403 1285/1423/1401
f 1611/1761/1729 1608/1759/1727 1606/1755/1723
f 1606/1755/1723 1605/1756/1724 1611/1761/1729
f 1287/1425/1403 1608/1759/1727 1611/1761/1729
f 1611/1761/1729 1289/1427/1405 1287/1425/1403
f 1613/1762/1730 1611/1761/1729 1605/1756/1724
f 1605/1756/1724 1612/1763/1731 1613/1762/1730
f 1289/1427/1405 1611/1761/1729 1613/1762/1730
f 1613/1762/1730 1291/1429/1407 1289/1427/1405
f 1615/1764/1732 1613/1762/1730 1612/1763/1731
f 1612/1763/1731 1614/1765/1733 1615/1764/1732
f 1291/1429/1407 1613/1762/1730 1615/1764/1732
f 1615/1764/1732 1616/1766/1734 1291/1429/1407
f 1618/1767/1735 1616/1766/1734 1615/1764/1732
f 1615/1764/1732 1617/1768/1736 1618/1767/1735
f 1294/1432/1410 1616/1766/1734 1618/1767/1735
f 1618/1767/1735 1619/1769/1737 1294/1432/1410
f 1291/1429/1407 1616/1766/1734 1294/1432/1410
f 1294/1432/1410 1292/1428/1406 1291/1429/1407
f 1621/1770/1738 1619/1769/1737 1618/1767/1735
f 1618/1767/1735 1620/1771/1739 1621/1770/1738
f 1297/1435/1413 1619/1769/1737 1621/1770/1738
f 1621/1770/1738 1622/1772/1740 1297/1435/1413
f 1294/1432/1410 1619/1769/1737 1297/1435/1413
f 1297/1435/1413 1295/1431/1409 1294/1432/1410
f 1624/1773/1741 1622/1772/1740 1621/1770/1738
f 1621/1770/1738 1623/1774/1742 1624/1773/1741
f 1300/1438/1416 1622/1772/1740 1624/1773/1741
f 1624/1773/1741 1625/1775/1743 1300/1438/1416
f 1297/1435/1413 1622/1772/1740 1300/1438/1416
f 1300/1438/1416 1298/1434/1412 1297/1435/1413
f 1627/1776/1744 1625/1775/1743 1624/1773/1741
f 1624/1773/1741 1626/1777/1745 1627/1776/1744
f 1303/1441/1419 1625/1775/1743 1627/1776/1744
f 1627/1776/1744 1628/1778/1746 1303/1441/1419
f 1300/1438/1416 1625/1775/1743 1303/1441/1419
f 1303/1441/1419 1301/1437/1415 1300/1438/1416
f 1630/1779/1747 1628/1778/1746 1627/1776/1744
f 1627/1776/1744 1629/1780/1748 1630/1779/1747
f 1306/1444/1422 1628/1778/1746 1630/1779/1747
f 1630/1779/1747 1631/1781/1749 1306/1444/1422
f 1303/1441/1419 1628/1778/1746 1306/1444/1422
f 1306/1444/1422 1304/1440/1418 1303/1441/1419
f 1633/1782/1750 1631/1781/1749 1630/1779/1747
f 1630/1779/1747 1632/1783/1751 1633/1782/1750
f 1309/1447/1425 1631/1781/1749 1633/1782/1750
f 1633/1782/1750 1634/1784/1752 1309/1447/1425
f 1306/1444/1422 1631/1781/1749 1309/1447/1425
f 1309/1447/1425 1307/1443/1421 1306/1444/1422
f 1636/1785/1753 1634/1784/1752 1633/1782/1750
f 1633/1782/1750 1635/1786/1754 1636/1785/1753
f 1312/1450/1428 1634/1784/1752 1636/1785/1753
f 1636/1785/1753 1637/1787/1755 1312/1450/1428
f 1309/1447/1425 1634/1784/1752 1312/1450/1428
f 1312/1450/1428 1310/1446/1424 1309/1447/1425
f 1639/1788/1756 1637/1787/1755 1636/1785/1753
f 1636/1785/1753 1638/1789/1757 1639/1788/1756
f 1315/1453/1431 1637/1787/1755 1639/1788/1756
f 1639/1788/1756 1640/1790/1758 1315/1453/1431
f 1312/1450/1428 1637/1787/1755 1315/1453/1431
f 1315/1453/1431 1313/1449/1427 1312/1450/1428
f 1642/1791/1759 1640/1790/1758 1639/1788/1756
f 1639/1788/1756 1641/1792/1760 1642/1791/1759
f 1318/1456/1434 1640/1790/1758 1642/1791/1759
f 1642/1791/1759 1643/1793/1761 1318/1456/1434
f 1315/1453/1431 1640/1790/1758 1318/1456/1434
f 1318/1456/1434 1316/1452/1430 1315/1453/1431
f 1645/1794/1762 1643/1793/1761 1642/1791/1759
f 1642/1791/1759 1644/1795/1763 1645/1794/1762
f 1321/1459/1437 1643/1793/1761 1645/1794/1762
f 1645/1794/1762 1646/1796/1764 1321/1459/1437
f 1318/1456/1434 1643/1793/1761 1321/1459/1437
f 1321/1459/1437 1319/1455/1433 1318/1456/1434
f 1648/1797/1765 1646/1796/1764 1645/1794/1762
f 1645/1794/1762 1647/1798/1766 1648/1797/1765
f 1650/1799/1767 1646/1796/1764 1648/1797/1765
f 1648/1797/1765 1649/1800/1768 1650/1799/1767
f 1321/1459/1437 1646/1796/1764 1650/1799/1767
f 1650/1799/1767 1322/1458/1436 1321/1459/1437
f 1326/1464/1442 1650/1799/1767 1649/1800/1768
f 1649/1800/1768 1651/1801/1769 1326/1464/1442
f 1322/1458/1436 1650/1799/1767 1326/1464/1442
f 1326/1464/1442 1323/1461/1439 1322/1458/1436
f 1653/1802/1770 1651/1801/1769 1649/1800/1768
f 1649/1800/1768 1652/1803/1771 1653/1802/1770
f 1329/1467/1445 1651/1801/1769 1653/1802/1770
f 1653/1802/1770 1654/1804/1772 1329/1467/1445
f 1326/1464/1442 1651/1801/1769 1329/1467/1445
f 1329/1467/1445 1327/1463/1441 1326/1464/1442
f 1656/1805/1773 1654/1804/1772 1653/1802/1770
f 1653/1802/1770 1655/1806/1774 1656/1805/1773
f 1332/1470/1448 1654/1804/1772 1656/1805/1773
f 1656/1805/1773 1657/1807/1775 1332/1470/1448
f 1329/1467/1445 1654/1804/1772 1332/1470/1448
f 1332/1470/1448 1330/1466/1444 1329/1467/1445
f 1659/1808/1776 1657/1807/1775 1656/1805/1773
f 1656/1805/1773 1658/1809/1777 1659/1808/1776
f 1335/1473/1451 1657/1807/1775 1659/1808/1776
f 1659/1808/1776 1660/1810/1778 1335/1473/1451
f 1332/1470/1448 1657/1807/1775 1335/1473/1451
f 1335/1473/1451 1333/1469/1447 1332/1470/1448
f 1662/1811/1779 1660/1810/1778 1659/1808/1776
f 1659/1808/1776 1661/1812/1780 1662/1811/1779
f 1338/1476/1454 1660/1810/1778 1662/1811/1779
f 1662/1811/1779 1663/1813/1781 1338/1476/1454
f 1335/1473/1451 1660/1810/1778 1338/1476/1454
f 1338/1476/1454 1336/1472/1450 1335/1473/1451
f 1665/1814/1782 1663/1813/1781 1662/1811/1779
f 1662/1811/1779 1664/1815/1783 1665/1814/1782
f 1341/1479/1457 1663/1813/1781 1665/1814/1782
f 1665/1814/1782 1666/1816/1784 1341/1479/1457
f 1338/1476/1454 1663/1813/1781 1341/1479/1457
f 1341/1479/1457 1339/1475/1453 1338/1476/1454
f 1668/1817/1785 1666/1816/1784 1665/1814/1782
f 1665/1814/1782 1667/1818/1786 1668/1817/1785
f 1344/1482/1460 1666/1816/1784 1668/1817/1785
f 1668/1817/1785 1669/1819/1787 1344/1482/1460
f 1341/1479/1457 1666/1816/1784 1344/1482/1460
f 1344/1482/1460 1342/1478/1456 1341/1479/1457
f 1671/1820/1788 1669/1819/1787 1668/1817/1785
f 1668/1817/1785 1670/1821/1789 1671/1820/1788
f 1347/1485/1463 1669/1819/1787 1671/1820/1788
f 1671/1820/1788 1349/1487/1465 1347/1485/1463
f 1344/1482/1460 1669/1819/1787 1347/1485/1463
f 1347/1485/1463 1345/1481/1459 1344/1482/1460
f 1673/1822/1790 1671/1820/1788 1670/1821/1789
f 1670/1821/1789 1672/1823/1791 1673/1822/1790
f 1349/1487/1465 1671/1820/1788 1673/1822/1790
f 1673/1822/1790 1351/1489/1467 1349/1487/1465
f 1675/1824/1792 1673/1822/1790 1672/1823/1791
f 1672/1823/1791 1674/1825/1793 1675/1824/1792
f 1351/1489/1467 1673/1822/1790 1675/1824/1792
f 1675/1824/1792 1676/1826/1794 1351/1489/1467
f 1678/1827/1795 1676/1826/1794 1675/1824/1792
f 1675/1824/1792 1677/1828/1796 1678/1827/1795
f 1354/1492/1470 1676/1826/1794 1678/1827/1795
f 1678/1827/1795 1679/1829/1797 1354/1492/1470
f 1351/1489/1467 1676/1826/1794 1354/1492/1470
f 1354/1492/1470 1352/1488/1466 1351/1489/1467
f 1681/1830/1798 1679/1829/1797 1678/1827/1795
f 1678/1827/1795 1680/1831/1799 1681/1830/1798
f 1357/1495/1473 1679/1829/1797 1681/1830/1798
f 1681/1830/1798 1682/1832/1800 1357/1495/1473
f 1354/1492/1470 1679/1829/1797 1357/1495/1473
f 1357/1495/1473 1355/1491/1469 1354/1492/1470
f 1684/1833/1801 1682/1832/1800 1681/1830/1798
f 1681/1830/1798 1683/1834/1802 1684/1833/1801
f 1360/1498/1476 1682/1832/1800 1684/1833/1801
f 1684/1833/1801 1685/1835/1803 1360/1498/1476
f 1357/1495/1473 1682/1832/1800 1360/1498/1476
f 1360/1498/1476 1358/1494/1472 1357/1495/1473
f 1430/1575/1549 1685/1835/1803 1684/1833/1801
f 1684/1833/1801 1432/1577/1551 1430/1575/1549
f 1363/1501/1479 1685/1835/1803 1430/1575/1549
f 1430/1575/1549 1428/1573/1547 1363/1501/1479
f 1360/1498/1476 1685/1835/1803 1363/1501/1479
f 1363/1501/1479 1361/1497/1475 1360/1498/1476
f 1432/1577/1551 1684/1833/1801 1683/1834/1802
f 1683/1834/1802 1434/1579/1553 1432/1577/1551
f 1434/1579/1553 1683/1834/1802 1686/1836/1804
f 1686/1836/1804 1436/1581/1555 1434/1579/1553
f 1686/1836/1804 1683/1834/1802 1681/1830/1798
f 1681/1830/1798 1680/1831/1799 1686/1836/1804
f 1436/1581/1555 1686/1836/1804 1687/1837/1805
f 1687/1837/1805 1438/1583/1557 1436/1581/1555
f 1687/1837/1805 1686/1836/1804 1680/1831/1799
f 1680/1831/1799 1688/1838/1806 1687/1837/1805
f 1687/1837/1805 1688/1838/1806 1689/1839/1807
f 1689/1839/1807 1690/1840/1808 1687/1837/1805
f 1677/1828/1796 1688/1838/1806 1680/1831/1799
f 1680/1831/1799 1678/1827/1795 1677/1828/1796
f 1689/1839/1807 1688/1838/1806 1677/1828/1796
f 1677/1828/1796 1691/1841/1809 1689/1839/1807
f 1689/1839/1807 1691/1841/1809 1692/1842/1810
f 1692/1842/1810 1693/1843/1811 1689/1839/1807
f 1674/1825/1793 1691/1841/1809 1677/1828/1796
f 1677/1828/1796 1675/1824/1792 1674/1825/1793
f 1692/1842/1810 1691/1841/1809 1674/1825/1793
f 1674/1825/1793 1694/1844/1812 1692/1842/1810
f 1692/1842/1810 1694/1844/1812 1695/1845/1813
f 1695/1845/1813 1696/1846/1814 1692/1842/1810
f 1697/1847/1815 1694/1844/1812 1674/1825/1793
f 1674/1825/1793 1672/1823/1791 1697/1847/1815
f 1695/1845/1813 1694/1844/1812 1697/1847/1815
f 1697/1847/1815 1698/1848/1816 1695/1845/1813
f 1695/1845/1813 1698/1848/1816 1699/1849/1817
f 1699/1849/1817 1700/1850/1818 1695/1845/1813
f 1702/1851/1819 1698/1848/1816 1697/1847/1815
f 1697/1847/1815 1701/1852/1820 1702/1851/1819
f 1699/1849/1817 1698/1848/1816 1702/1851/1819
f 1702/1851/1819 1703/1853/1821 1699/1849/1817
f 1699/1849/1817 1703/1853/1821 1704/1854/1822
f 1704/1854/1822 1705/1855/1823 1699/1849/1817
f 1707/1856/1824 1703/1853/1821 1702/1851/1819
f 1702/1851/1819 1706/1857/1825 1707/1856/1824
f 1704/1854/1822 1703/1853/1821 1707/1856/1824
f 1707/1856/1824 1708/1858/1826 1704/1854/1822
f 1704/1854/1822 1708/1858/1826 1709/1859/1827
f 1709/1859/1827 1710/1860/1828 1704/1854/1822
f 1712/1861/1829 1708/1858/1826 1707/1856/1824
f 1707/1856/1824 1711/1862/1830 1712/1861/1829
f 1709/1859/1827 1708/1858/1826 1712/1861/1829
f 1712/1861/1829 1713/1863/1831 1709/1859/1827
f 1709/1859/1827 1713/1863/1831 1714/1864/1832
f 1714/1864/1832 1715/1865/1833 1709/1859/1827
f 1717/1866/1834 1713/1863/1831 1712/1861/1829
f 1712/1861/1829 1716/1867/1835 1717/1866/1834
f 1714/1864/1832 1713/1863/1831 1717/1866/1834
f 1717/1866/1834 1718/1868/1836 1714/1864/1832
f 1714/1864/1832 1718/1868/1836 1719/1869/1837
f 1719/1869/1837 1720/1870/1838 1714/1864/1832
f 1722/1871/1839 1718/1868/1836 1717/1866/1834
f 1717/1866/1834 1721/1872/1840 1722/1871/1839
f 1719/1869/1837 1718/1868/1836 1722/1871/1839
f 1722/1871/1839 1723/1873/1841 1719/1869/1837
f 1719/1869/1837 1723/1873/1841 1724/1874/1842
f 1724/1874/1842 1725/1875/1843 1719/1869/1837
f 1727/1876/1844 1723/1873/1841 1722/1871/1839
f 1722/1871/1839 1726/1877/1845 1727/1876/1844
f 1724/1874/1842 1723/1873/1841 1727/1876/1844
f 1727/1876/1844 1728/1878/1846 1724/1874/1842
f 1724/1874/1842 1728/1878/1846 1729/1879/1847
f 1729/1879/1847 1730/1880/1848 1724/1874/1842
f 1732/1881/1849 1728/1878/1846 1727/1876/1844
f 1727/1876/1844 1731/1882/1850 1732/1881/1849
f 1729/1879/1847 1728/1878/1846 1732/1881/1849
f 1732/1881/1849 1733/1883/1851 1729/1879/1847
f 1729/1879/1847 1733/1883/1851 1734/1884/1852
f 1734/1884/1852 1735/1885/1853 1729/1879/1847
f 1736/1886/1854 1733/1883/1851 1732/1881/1849
f 1732/1881/1849 1647/1798/1766 1736/1886/1854
f 1734/1884/1852 1733/1883/1851 1736/1886/1854
f 1736/1886/1854 1737/1887/1855 1734/1884/1852
f 1734/1884/1852 1737/1887/1855 1738/1888/1856
f 1738/1888/1856 1739/1889/1857 1734/1884/1852
f 1740/1890/1858 1737/1887/1855 1736/1886/1854
f 1736/1886/1854 1644/1795/1763 1740/1890/1858
f 1738/1888/1856 1737/1887/1855 1740/1890/1858
f 1740/1890/1858 1741/1891/1859 1738/1888/1856
f 1738/1888/1856 1741/1891/1859 1742/1892/1860
f 1742/1892/1860 1743/1893/1861 1738/1888/1856
f 1744/1894/1862 1741/1891/1859 1740/1890/1858
f 1740/1890/1858 1641/1792/1760 1744/1894/1862
f 1742/1892/1860 1741/1891/1859 1744/1894/1862
f 1744/1894/1862 1745/1895/1863 1742/1892/1860
f 1742/1892/1860 1745/1895/1863 1746/1896/1864
f 1746/1896/1864 1747/1897/1865 1742/1892/1860
f 1748/1898/1866 1745/1895/1863 1744/1894/1862
f 1744/1894/1862 1638/1789/1757 1748/1898/1866
f 1746/1896/1864 1745/1895/1863 1748/1898/1866
f 1748/1898/1866 1749/1899/1867 1746/1896/1864
f 1746/1896/1864 1749/1899/1867 1750/1900/1868
f 1750/1900/1868 1751/1901/1869 1746/1896/1864
f 1752/1902/1870 1749/1899/1867 1748/1898/1866
f 1748/1898/1866 1635/1786/1754 1752/1902/1870
f 1750/1900/1868 1749/1899/1867 1752/1902/1870
f 1752/1902/1870 1753/1903/1871 1750/1900/1868
f 1750/1900/1868 1753/1903/1871 1754/1904/1872
f 1754/1904/1872 1755/1905/1873 1750/1900/1868
f 1756/1906/1874 1753/1903/1871 1752/1902/1870
f 1752/1902/1870 1632/1783/1751 1756/1906/1874
f 1754/1904/1872 1753/1903/1871 1756/1906/1874
f 1756/1906/1874 1757/1907/1875 1754/1904/1872
f 1754/1904/1872 1757/1907/1875 1758/1908/1876
f 1758/1908/1876 1759/1909/1877 1754/1904/1872
f 1760/1910/1878 1757/1907/1875 1756/1906/1874
f 1756/1906/1874 1629/1780/1748 1760/1910/1878
f 1758/1908/1876 1757/1907/1875 1760/1910/1878
f 1760/1910/1878 1761/1911/1879 1758/1908/1876
f 1758/1908/1876 1761/1911/1879 1762/1912/1880
f 1762/1912/1880 1763/1913/1881 1758/1908/1876
f 1764/1914/1882 1761/1911/1879 1760/1910/1878
f 1760/1910/1878 1626/1777/1745 1764/1914/1882
f 1762/1912/1880 1761/1911/1879 1764/1914/1882
f 1764/1914/1882 1765/1915/1883 1762/1912/1880
f 1762/1912/1880 1765/1915/1883 1766/1916/1884
f 1766/1916/1884 1767/1917/1885 1762/1912/1880
f 1768/1918/1886 1765/1915/1883 1764/1914/1882
f 1764/1914/1882 1623/1774/1742 1768/1918/1886
f 1766/1916/1884 1765/1915/1883 1768/1918/1886
f 1768/1918/1886 1769/1919/1887 1766/1916/1884
f 1766/1916/1884 1769/1919/1887 1770/1920/1888
f 1770/1920/1888 1771/1921/1889 1766/1916/1884
f 1772/1922/1890 1769/1919/1887 1768/1918/1886
f 1768/1918/1886 1620/1771/1739 1772/1922/1890
f 1770/1920/1888 1769/1919/1887 1772/1922/1890
f 1772/1922/1890 1773/1923/1891 1770/1920/1888
f 1770/1920/1888 1773/1923/1891 1774/1924/1892
f 1774/1924/1892 1775/1925/1893 1770/1920/1888
f 1776/1926/1894 1773/1923/1891 1772/1922/1890
f 1772/1922/1890 1617/1768/1736 1776/1926/1894
f 1774/1924/1892 1773/1923/1891 1776/1926/1894
f 1776/1926/1894 1777/1927/1895 1774/1924/1892
f 1774/1924/1892 1777/1927/1895 1778/1928/1896
f 1778/1928/1896 1779/1929/1897 1774/1924/1892
f 1780/1930/1898 1777/1927/1895 1776/1926/1894
f 1776/1926/1894 1614/1765/1733 1780/1930/1898
f 1778/1928/1896 1777/1927/1895 1780/1930/1898
f 1780/1930/1898 1599/1750/1718 1778/1928/1896
f 1602/1753/1721 1780/1930/1898 1614/1765/1733
f 1614/1765/1733 1612/1763/1731 1602/1753/1721
f 1599/1750/1718 1780/1930/1898 1602/1753/1721
f 1602/1753/1721 1600/1749/1717 1599/1750/1718
f 1783/1931/1899 1779/1929/1897 1781/1932/1900
f 1781/1932/1900 1782/1933/1901 1783/1931/1899
f 1774/1924/1892 1779/1929/1897 1783/1931/1899
f 1783/1931/1899 1775/1925/1893 1774/1924/1892
f 1781/1932/1900 1779/1929/1897 1778/1928/1896
f 1778/1928/1896 1596/1747/1715 1781/1932/1900
f 1785/1934/1902 1783/1931/1899 1782/1933/1901
f 1782/1933/1901 1784/1935/1903 1785/1934/1902
f 1775/1925/1893 1783/1931/1899 1785/1934/1902
f 1785/1934/1902 1786/1936/1904 1775/1925/1893
f 1788/1937/1905 1786/1936/1904 1785/1934/1902
f 1785/1934/1902 1787/1938/1906 1788/1937/1905
f 1771/1921/1889 1786/1936/1904 1788/1937/1905
f 1788/1937/1905 1789/1939/1907 1771/1921/1889
f 1775/1925/1893 1786/1936/1904 1771/1921/1889
f 1771/1921/1889 1770/1920/1888 1775/1925/1893
f 1791/1940/1908 1789/1939/1907 1788/1937/1905
f 1788/1937/1905 1790/1941/1909 1791/1940/1908
f 1767/1917/1885 1789/1939/1907 1791/1940/1908
f 1791/1940/1908 1792/1942/1910 1767/1917/1885
f 1771/1921/1889 1789/1939/1907 1767/1917/1885
f 1767/1917/1885 1766/1916/1884 1771/1921/1889
f 1794/1943/1911 1792/1942/1910 1791/1940/1908
f 1791/1940/1908 1793/1944/1912 1794/1943/1911
f 1763/1913/1881 1792/1942/1910 1794/1943/1911
f 1794/1943/1911 1795/1945/1913 1763/1913/1881
f 1767/1917/1885 1792/1942/1910 1763/1913/1881
f 1763/1913/1881 1762/1912/1880 1767/1917/1885
f 1797/1946/1914 1795/1945/1913 1794/1943/1911
f 1794/1943/1911 1796/1947/1915 1797/1946/1914
f 1759/1909/1877 1795/1945/1913 1797/1946/1914
f 1797/1946/1914 1798/1948/1916 1759/1909/1877
f 1763/1913/1881 1795/1945/1913 1759/1909/1877
f 1759/1909/1877 1758/1908/1876 1763/1913/1881
f 1800/1949/1917 1798/1948/1916 1797/1946/1914
f 1797/1946/1914 1799/1950/1918 1800/1949/1917
f 1755/1905/1873 1798/1948/1916 1800/1949/1917
f 1800/1949/1917 1801/1951/1919 1755/1905/1873
f 1759/1909/1877 1798/1948/1916 1755/1905/1873
f 1755/1905/1873 1754/1904/1872 1759/1909/1877
f 1803/1952/1920 1801/1951/1919 1800/1949/1917
f 1800/1949/1917 1802/1953/1921 1803/1952/1920
f 1751/1901/1869 1801/1951/1919 1803/1952/1920
f 1803/1952/1920 1804/1954/1922 1751/1901/1869
f 1755/1905/1873 1801/1951/1919 1751/1901/1869
f 1751/1901/1869 1750/1900/1868 1755/1905/1873
f 1806/1955/1923 1804/1954/1922 1803/1952/1920
f 1803/1952/1920 1805/1956/1924 1806/1955/1923
f 1747/1897/1865 1804/1954/1922 1806/1955/1923
f 1806/1955/1923 1807/1957/1925 1747/1897/1865
f 1751/1901/1869 1804/1954/1922 1747/1897/1865
f 1747/1897/1865 1746/1896/1864 1751/1901/1869
f 1809/1958/1926 1807/1957/1925 1806/1955/1923
f 1806/1955/1923 1808/1959/1927 1809/1958/1926
f 1743/1893/1861 1807/1957/1925 1809/1958/1926
f 1809/1958/1926 1810/1960/1928 1743/1893/1861
f 1747/1897/1865 1807/1957/1925 1743/1893/1861
f 1743/1893/1861 1742/1892/1860 1747/1897/1865
f 1812/1961/1929 1810/1960/1928 1809/1958/1926
f 1809/1958/1926 1811/1962/1930 1812/1961/1929
f 1739/1889/1857 1810/1960/1928 1812/1961/1929
f 1812/1961/1929 1813/1963/1931 1739/1889/1857
f 1743/1893/1861 1810/1960/1928 1739/1889/1857
f 1739/1889/1857 1738/1888/1856 1743/1893/1861
f 1815/1964/1932 1813/1963/1931 1812/1961/1929
f 1812/1961/1929 1814/1965/1933 1815/1964/1932
f 1735/1885/1853 1813/1963/1931 1815/1964/1932
f 1815/1964/1932 1816/1966/1934 1735/1885/1853
f 1739/1889/1857 1813/1963/1931 1735/1885/1853
f 1735/1885/1853 1734/1884/1852 1739/1889/1857
f 1818/1967/1935 1816/1966/1934 1815/1964/1932
f 1815/1964/1932 1817/1968/1936 1818/1967/1935
f 1730/1880/1848 1816/1966/1934 1818/1967/1935
f 1818/1967/1935 1819/1969/1937 1730/1880/1848
f 1735/1885/1853 1816/1966/1934 1730/1880/1848
f 1730/1880/1848 1729/1879/1847 1735/1885/1853
f 1821/1970/1938 1819/1969/1937 1818/1967/1935
f 1818/1967/1935 1820/1971/1939 1821/1970/1938
f 1725/1875/1843 1819/1969/1937 1821/1970/1938
f 1821/1970/1938 1822/1972/1940 1725/1875/1843
f 1730/1880/1848 1819/1969/1937 1725/1875/1843
f 1725/1875/1843 1724/1874/1842 1730/1880/1848
f 1824/1973/1941 1822/1972/1940 1821/1970/1938
f 1821/1970/1938 1823/1974/1942 1824/1973/1941
f 1720/1870/1838 1822/1972/1940 1824/1973/1941
f 1824/1973/1941 1825/1975/1943 1720/1870/1838
f 1725/1875/1843 1822/1972/1940 1720/1870/1838
f 1720/1870/1838 1719/1869/1837 1725/1875/1843
f 1827/1976/1944 1825/1975/1943 1824/1973/1941
f 1824/1973/1941 1826/1977/1945 1827/1976/1944
f 1715/1865/1833 1825/1975/1943 1827/1976/1944
f 1827/1976/1944 1828/1978/1946 1715/1865/1833
f 1720/1870/1838 1825/1975/1943 1715/1865/1833
f 1715/1865/1833 1714/1864/1832 1720/1870/1838
f 1830/1979/1947 1828/1978/1946 1827/1976/1944
f 1827/1976/1944 1829/1980/1948 1830/1979/1947
f 1710/1860/1828 1828/1978/1946 1830/1979/1947
f 1830/1979/1947 1831/1981/1949 1710/1860/1828
f 1715/1865/1833 1828/1978/1946 1710/1860/1828
f 1710/1860/1828 1709/1859/1827 1715/1865/1833
f 1833/1982/1950 1831/1981/1949 1830/1979/1947
f 1830/1979/1947 1832/1983/1951 1833/1982/1950
f 1705/1855/1823 1831/1981/1949 1833/1982/1950
f 1833/1982/1950 1834/1984/1952 1705/1855/1823
f 1710/1860/1828 1831/1981/1949 1705/1855/1823
f 1705/1855/1823 1704/1854/1822 1710/1860/1828
f 1836/1985/1953 1834/1984/1952 1833/1982/1950
f 1833/1982/1950 1835/1986/1954 1836/1985/1953
f 1700/1850/1818 1834/1984/1952 1836/1985/1953
f 1836/1985/1953 1837/1987/1955 1700/1850/1818
f 1705/1855/1823 1834/1984/1952 1700/1850/1818
f 1700/1850/1818 1699/1849/1817 1705/1855/1823
f 1839/1988/1956 1837/1987/1955 1836/1985/1953
f 1836/1985/1953 1838/1989/1957 1839/1988/1956
f 1696/1846/1814 1837/1987/1955 1839/1988/1956
f 1839/1988/1956 1840/1990/1958 1696/1846/1814
f 1700/1850/1818 1837/1987/1955 1696/1846/1814
f 1696/1846/1814 1695/1845/1813 1700/1850/1818
f 1842/1991/1959 1840/1990/1958 1839/1988/1956
f 1839/1988/1956 1841/1992/1960 1842/1991/1959
f 1693/1843/1811 1840/1990/1958 1842/1991/1959
f 1842/1991/1959 1843/1993/1961 1693/1843/1811
f 1696/1846/1814 1840/1990/1958 1693/1843/1811
f 1693/1843/1811 1692/1842/1810 1696/1846/1814
f 1442/1587/1561 1843/1993/1961 1842/1991/1959
f 1842/1991/1959 1444/1589/1563 1442/1587/1561
f 1690/1840/1808 1843/1993/1961 1442/1587/1561
f 1442/1587/1561 1440/1585/1559 1690/1840/1808
f 1693/1843/1811 1843/1993/1961 1690/1840/1808
f 1690/1840/1808 1689/1839/1807 1693/1843/1811
f 1444/1589/1563 1842/1991/1959 1841/1992/1960
f 1841/1992/1960 1446/1591/1565 1444/1589/1563
f 1446/1591/1565 1841/1992/1960 1844/1994/1962
f 1844/1994/1962 1448/1593/1567 1446/1591/1565
f 1844/1994/1962 1841/1992/1960 1839/1988/1956
f 1839/1988/1956 1838/1989/1957 1844/1994/1962
f 1448/1593/1567 1844/1994/1962 1845/1995/1963
f 1845/1995/1963 1450/1595/1569 1448/1593/1567
f 1845/1995/1963 1844/1994/1962 1838/1989/1957
f 1838/1989/1957 1846/1996/1964 1845/1995/1963
f 1845/1995/1963 1846/1996/1964 1847/1997/1965
f 1847/1997/1965 1848/1998/1966 1845/1995/1963
f 1835/1986/1954 1846/1996/1964 1838/1989/1957
f 1838/1989/1957 1836/1985/1953 1835/1986/1954
f 1847/1997/1965 1846/1996/1964 1835/1986/1954
f 1835/1986/1954 1849/1999/1967 1847/1997/1965
f 1847/1997/1965 1849/1999/1967 1850/2000/1968
f 1850/2000/1968 1851/2001/1969 1847/1997/1965
f 1832/1983/1951 1849/1999/1967 1835/1986/1954
f 1835/1986/1954 1833/1982/1950 1832/1983/1951
f 1850/2000/1968 1849/1999/1967 1832/1983/1951
f 1832/1983/1951 1852/2002/1970 1850/2000/1968
f 1850/2000/1968 1852/2002/1970 1853/2003/1971
f 1853/2003/1971 1854/2004/1972 1850/2000/1968
f 1829/1980/1948 1852/2002/1970 1832/1983/1951
f 1832/1983/1951 1830/1979/1947 1829/1980/1948
f 1853/2003/1971 1852/2002/1970 1829/1980/1948
f 1829/1980/1948 1855/2005/1973 1853/2003/1971
f 1853/2003/1971 1855/2005/1973 1856/2006/1974
f 1856/2006/1974 1857/2007/1975 1853/2003/1971
f 1826/1977/1945 1855/2005/1973 1829/1980/1948
f 1829/1980/1948 1827/1976/1944 1826/1977/1945
f 1856/2006/1974 1855/2005/1973 1826/1977/1945
f 1826/1977/1945 1858/2008/1976 1856/2006/1974
f 1856/2006/1974 1858/2008/1976 1859/2009/1977
f 1859/2009/1977 1860/2010/1978 1856/2006/1974
f 1823/1974/1942 1858/2008/1976 1826/1977/1945
f 1826/1977/1945 1824/1973/1941 1823/1974/1942
f 1859/2009/1977 1858/2008/1976 1823/1974/1942
f 1823/1974/1942 1861/2011/1979 1859/2009/1977
f 1859/2009/1977 1861/2011/1979 1862/2012/1980
f 1862/2012/1980 1863/2013/1981 1859/2009/1977
f 1820/1971/1939 1861/2011/1979 1823/1974/1942
f 1823/1974/1942 1821/1970/1938 1820/1971/1939
f 1862/2012/1980 1861/2011/1979 1820/1971/1939
f 1820/1971/1939 1864/2014/1982 1862/2012/1980
f 1862/2012/1980 1864/2014/1982 1865/2015/1983
f 1865/2015/1983 1866/2016/1984 1862/2012/1980
f 1817/1968/1936 1864/2014/1982 1820/1971/1939
f 1820/1971/1939 1818/1967/1935 1817/1968/1936
f 1865/2015/1983 1864/2014/1982 1817/1968/1936
f 1817/1968/1936 1867/2017/1985 1865/2015/1983
f 1865/2015/1983 1867/2017/1985 1868/2018/1986
f 1868/2018/1986 1869/2019/1987 1865/2015/1983
f 1814/1965/1933 1867/2017/1985 1817/1968/1936
f 1817/1968/1936 1815/1964/1932 1814/1965/1933
f 1868/2018/1986 1867/2017/1985 1814/1965/1933
f 1814/1965/1933 1870/2020/1988 1868/2018/1986
f 1868/2018/1986 1870/2020/1988 1871/2021/1989
f 1871/2021/1989 1872/2022/1990 1868/2018/1986
f 1811/1962/1930 1870/2020/1988 1814/1965/1933
f 1814/1965/1933 1812/1961/1929 1811/1962/1930
f 1871/2021/1989 1870/2020/1988 1811/1962/1930
f 1811/1962/1930 1873/2023/1991 1871/2021/1989
f 1871/2021/1989 1873/2023/1991 1874/2024/1992
f 1874/2024/1992 1875/2025/1993 1871/2021/1989
f 1808/1959/1927 1873/2023/1991 1811/1962/1930
f 1811/1962/1930 1809/1958/1926 1808/1959/1927
f 1874/2024/1992 1873/2023/1991 1808/1959/1927
f 1808/1959/1927 1876/2026/1994 1874/2024/1992
f 1874/2024/1992 1876/2026/1994 1877/2027/1995
f 1877/2027/1995 1878/2028/1996 1874/2024/1992
f 1805/1956/1924 1876/2026/1994 1808/1959/1927
f 1808/1959/1927 1806/1955/1923 1805/1956/1924
f 1877/2027/1995 1876/2026/1994 1805/1956/1924
f 1805/1956/1924 1879/2029/1997 1877/2027/1995
f 1877/2027/1995 1879/2029/1997 1880/2030/1998
f 1880/2030/1998 1881/2031/1999 1877/2027/1995
f 1802/1953/1921 1879/2029/1997 1805/1956/1924
f 1805/1956/1924 1803/1952/1920 1802/1953/1921
f 1880/2030/1998 1879/2029/1997 1802/1953/1921
f 1802/1953/1921 1882/2032/2000 1880/2030/1998
f 1880/2030/1998 1882/2032/2000 1883/2033/2001
f 1883/2033/2001 1884/2034/2002 1880/2030/1998
f 1799/1950/1918 1882/2032/2000 1802/1953/1921
f 1802/1953/1921 1800/1949/1917 1799/1950/1918
f 1883/2033/2001 1882/2032/2000 1799/1950/1918
f 1799/1950/1918 1885/2035/2003 1883/2033/2001
f 1883/2033/2001 1885/2035/2003 1886/2036/2004
f 1886/2036/2004 1887/2037/2005 1883/2033/2001
f 1796/1947/1915 1885/2035/2003 1799/1950/1918
f 1799/1950/1918 1797/1946/1914 1796/1947/1915
f 1886/2036/2004 1885/2035/2003 1796/1947/1915
f 1796/1947/1915 1888/2038/2006 1886/2036/2004
f 1886/2036/2004 1888/2038/2006 1889/2039/2007
f 1889/2039/2007 1890/2040/2008 1886/2036/2004
f 1793/1944/1912 1888/2038/2006 1796/1947/1915
f 1796/1947/1915 1794/1943/1911 1793/1944/1912
f 1889/2039/2007 1888/2038/2006 1793/1944/1912
f 1793/1944/1912 1891/2041/2009 1889/2039/2007
f 1889/2039/2007 1891/2041/2009 1892/2042/2010
f 1892/2042/2010 1893/2043/2011 1889/2039/2007
f 1790/1941/1909 1891/2041/2009 1793/1944/1912
f 1793/1944/1912 1791/1940/1908 1790/1941/1909
f 1892/2042/2010 1891/2041/2009 1790/1941/1909
f 1790/1941/1909 1894/2044/2012 1892/2042/2010
f 1892/2042/2010 1894/2044/2012 1895/2045/2013
f 1895/2045/2013 1896/2046/2014 1892/2042/2010
f 1787/1938/1906 1894/2044/2012 1790/1941/1909
f 1790/1941/1909 1788/1937/1905 1787/1938/1906
f 1895/2045/2013 1894/2044/2012 1787/1938/1906
f 1787/1938/1906 1897/2047/2015 1895/2045/2013
f 1895/2045/2013 1897/2047/2015 1898/2048/2016
f 1898/2048/2016 1899/2049/2017 1895/2045/2013
f 1784/1935/1903 1897/2047/2015 1787/1938/1906
f 1787/1938/1906 1785/1934/1902 1784/1935/1903
f 1898/2048/2016 1897/2047/2015 1784/1935/1903
f 1784/1935/1903 1900/2050/2018 1898/2048/2016
f 1898/2048/2016 1900/2050/2018 1901/2051/2019
f 1901/2051/2019 1902/2052/2020 1898/2048/2016
f 1903/2053/2021 1900/2050/2018 1784/1935/1903
f 1784/1935/1903 1782/1933/1901 1903/2053/2021
f 1901/2051/2019 1900/2050/2018 1903/2053/2021
f 1903/2053/2021 1590/1741/1709 1901/2051/2019
f 1593/1744/1712 1903/2053/2021 1782/1933/1901
f 1782/1933/1901 1781/1932/1900 1593/1744/1712
f 1590/1741/1709 1903/2053/2021 1593/1744/1712
f 1593/1744/1712 1591/1740/1708 1590/1741/1709
f 1906/2054/2022 1902/2052/2020 1904/2055/2023
f 1904/2055/2023 1905/2056/2024 1906/2054/2022
f 1898/2048/2016 1902/2052/2020 1906/2054/2022
f 1906/2054/2022 1899/2049/2017 1898/2048/2016
f 1904/2055/2023 1902/2052/2020 1901/2051/2019
f 1901/2051/2019 1587/1738/1706 1904/2055/2023
f 1908/2057/2025 1906/2054/2022 1905/2056/2024
f 1905/2056/2024 1907/2058/2026 1908/2057/2025
f 1899/2049/2017 1906/2054/2022 1908/2057/2025
f 1908/2057/2025 1909/2059/2027 1899/2049/2017
f 1911/2060/2028 1909/2059/2027 1908/2057/2025
f 1908/2057/2025 1910/2061/2029 1911/2060/2028
f 1896/2046/2014 1909/2059/2027 1911/2060/2028
f 1911/2060/2028 1912/2062/2030 1896/2046/2014
f 1899/2049/2017 1909/2059/2027 1896/2046/2014
f 1896/2046/2014 1895/2045/2013 1899/2049/2017
f 1914/2063/2031 1912/2062/2030 1911/2060/2028
f 1911/2060/2028 1913/2064/2032 1914/2063/2031
f 1893/2043/2011 1912/2062/2030 1914/2063/2031
f 1914/2063/2031 1915/2065/2033 1893/2043/2011
f 1896/2046/2014 1912/2062/2030 1893/2043/2011
f 1893/2043/2011 1892/2042/2010 1896/2046/2014
f 1917/2066/2034 1915/2065/2033 1914/2063/2031
f 1914/2063/2031 1916/2067/2035 1917/2066/2034
f 1890/2040/2008 1915/2065/2033 1917/2066/2034
f 1917/2066/2034 1918/2068/2036 1890/2040/2008
f 1893/2043/2011 1915/2065/2033 1890/2040/2008
f 1890/2040/2008 1889/2039/2007 1893/2043/2011
f 1920/2069/2037 1918/2068/2036 1917/2066/2034
f 1917/2066/2034 1919/2070/2038 1920/2069/2037
f 1887/2037/2005 1918/2068/2036 1920/2069/2037
f 1920/2069/2037 1921/2071/2039 1887/2037/2005
f 1890/2040/2008 1918/2068/2036 1887/2037/2005
f 1887/2037/2005 1886/2036/2004 1890/2040/2008
f 1923/2072/2040 1921/2071/2039 1920/2069/2037
f 1920/2069/2037 1922/2073/2041 1923/2072/2040
f 1884/2034/2002 1921/2071/2039 1923/2072/2040
f 1923/2072/2040 1924/2074/2042 1884/2034/2002
f 1887/2037/2005 1921/2071/2039 1884/2034/2002
f 1884/2034/2002 1883/2033/2001 1887/2037/2005
f 1926/2075/2043 1924/2074/2042 1923/2072/2040
f 1923/2072/2040 1925/2076/2044 1926/2075/2043
f 1881/2031/1999 1924/2074/2042 1926/2075/2043
f 1926/2075/2043 1927/2077/2045 1881/2031/1999
f 1884/2034/2002 1924/2074/2042 1881/2031/1999
f 1881/2031/1999 1880/2030/1998 1884/2034/2002
f 1929/2078/2046 1927/2077/2045 1926/2075/2043
f 1926/2075/2043 1928/2079/2047 1929/2078/2046
f 1878/2028/1996 1927/2077/2045 1929/2078/2046
f 1929/2078/2046 1930/2080/2048 1878/2028/1996
f 1881/2031/1999 1927/2077/2045 1878/2028/1996
f 1878/2028/1996 1877/2027/1995 1881/2031/1999
f 1932/2081/2049 1930/2080/2048 1929/2078/2046
f 1929/2078/2046 1931/2082/2050 1932/2081/2049
f 1875/2025/1993 1930/2080/2048 1932/2081/2049
f 1932/2081/2049 1933/2083/2051 1875/2025/1993
f 1878/2028/1996 1930/2080/2048 1875/2025/1993
f 1875/2025/1993 1874/2024/1992 1878/2028/1996
f 1935/2084/2052 1933/2083/2051 1932/2081/2049
f 1932/2081/2049 1934/2085/2053 1935/2084/2052
f 1872/2022/1990 1933/2083/2051 1935/2084/2052
f 1935/2084/2052 1936/2086/2054 1872/2022/1990
f 1875/2025/1993 1933/2083/2051 1872/2022/1990
f 1872/2022/1990 1871/2021/1989 1875/2025/1993
f 1938/2087/2055 1936/2086/2054 1935/2084/2052
f 1935/2084/2052 1937/2088/2056 1938/2087/2055
f 1869/2019/1987 1936/2086/2054 1938/2087/2055
f 1938/2087/2055 1939/2089/2057 1869/2019/1987
f 1872/2022/1990 1936/2086/2054 1869/2019/1987
f 1869/2019/1987 1868/2018/1986 1872/2022/1990
f 1941/2090/2058 1939/2089/2057 1938/2087/2055
f 1938/2087/2055 1940/2091/2059 1941/2090/2058
f 1866/2016/1984 1939/2089/2057 1941/2090/2058
f 1941/2090/2058 1942/2092/2060 1866/2016/1984
f 1869/2019/1987 1939/2089/2057 1866/2016/1984
f 1866/2016/1984 1865/2015/1983 1869/2019/1987
f 1944/2093/2061 1942/2092/2060 1941/2090/2058
f 1941/2090/2058 1943/2094/2062 1944/2093/2061
f 1863/2013/1981 1942/2092/2060 1944/2093/2061
f 1944/2093/2061 1945/2095/2063 1863/2013/1981
f 1866/2016/1984 1942/2092/2060 1863/2013/1981
f 1863/2013/1981 1862/2012/1980 1866/2016/1984
f 1947/2096/2064 1945/2095/2063 1944/2093/2061
f 1944/2093/2061 1946/2097/2065 1947/2096/2064
f 1860/2010/1978 1945/2095/2063 1947/2096/2064
f 1947/2096/2064 1948/2098/2066 1860/2010/1978
f 1863/2013/1981 1945/2095/2063 1860/2010/1978
f 1860/2010/1978 1859/2009/1977 1863/2013/1981
f 1950/2099/2067 1948/2098/2066 1947/2096/2064
f 1947/2096/2064 1949/2100/2068 1950/2099/2067
f 1857/2007/1975 1948/2098/2066 1950/2099/2067
f 1950/2099/2067 1951/2101/2069 1857/2007/1975
f 1860/2010/1978 1948/2098/2066 1857/2007/1975
f 1857/2007/1975 1856/2006/1974 1860/2010/1978
f 1953/2102/2070 1951/2101/2069 1950/2099/2067
f 1950/2099/2067 1952/2103/2071 1953/2102/2070
f 1854/2004/1972 1951/2101/2069 1953/2102/2070
f 1953/2102/2070 1954/2104/2072 1854/2004/1972
f 1857/2007/1975 1951/2101/2069 1854/2004/1972
f 1854/2004/1972 1853/2003/1971 1857/2007/1975
f 1956/2105/2073 1954/2104/2072 1953/2102/2070
f 1953/2102/2070 1955/2106/2074 1956/2105/2073
f 1851/2001/1969 1954/2104/2072 1956/2105/2073
f 1956/2105/2073 1957/2107/2075 1851/2001/1969
f 1854/2004/1972 1954/2104/2072 1851/2001/1969
f 1851/2001/1969 1850/2000/1968 1854/2004/1972
f 1454/1599/1573 1957/2107/2075 1956/2105/2073
f 1956/2105/2073 1456/1601/1575 1454/1599/1573
f 1848/1998/1966 1957/2107/2075 1454/1599/1573
f 1454/1599/1573 1452/1597/1571 1848/1998/1966
f 1851/2001/1969 1957/2107/2075 1848/1998/1966
f 1848/1998/1966 1847/1997/1965 1851/2001/1969
f 1456/1601/1575 1956/2105/2073 1955/2106/2074
f 1955/2106/2074 1458/1603/1577 1456/1601/1575
f 1458/1603/1577 1955/2106/2074 1958/2108/2076
f 1958/2108/2076 1460/1605/1579 1458/1603/1577
f 1958/2108/2076 1955/2106/2074 1953/2102/2070
f 1953/2102/2070 1952/2103/2071 1958/2108/2076
f 1460/1605/1579 1958/2108/2076 1959/2109/2077
f 1959/2109/2077 1462/1607/1581 1460/1605/1579
f 1959/2109/2077 1958/2108/2076 1952/2103/2071
f 1952/2103/2071 1960/2110/2078 1959/2109/2077
f 1959/2109/2077 1960/2110/2078 1961/2111/2079
f 1961/2111/2079 1962/2112/2080 1959/2109/2077
f 1949/2100/2068 1960/2110/2078 1952/2103/2071
f 1952/2103/2071 1950/2099/2067 1949/2100/2068
f 1961/2111/2079 1960/2110/2078 1949/2100/2068
f 1949/2100/2068 1963/2113/2081 1961/2111/2079
f 1961/2111/2079 1963/2113/2081 1964/2114/2082
f 1964/2114/2082 1965/2115/2083 1961/2111/2079
f 1946/2097/2065 1963/2113/2081 1949/2100/2068
f 1949/2100/2068 1947/2096/2064 1946/2097/2065
f 1964/2114/2082 1963/2113/2081 1946/2097/2065
f 1946/2097/2065 1966/2116/2084 1964/2114/2082
f 1964/2114/2082 1966/2116/2084 1967/2117/2085
f 1967/2117/2085 1968/2118/2086 1964/2114/2082
f 1943/2094/2062 1966/2116/2084 1946/2097/2065
f 1946/2097/2065 1944/2093/2061 1943/2094/2062
f 1967/2117/2085 1966/2116/2084 1943/2094/2062
f 1943/2094/2062 1969/2119/2087 1967/2117/2085
f 1967/2117/2085 1969/2119/2087 1970/2120/2088
f 1970/2120/2088 1971/2121/2089 1967/2117/2085
f 1940/2091/2059 1969/2119/2087 1943/2094/2062
f 1943/2094/2062 1941/2090/2058 1940/2091/2059
f 1970/2120/2088 1969/2119/2087 1940/2091/2059
f 1940/2091/2059 1972/2122/2090 1970/2120/2088
f 1970/2120/2088 1972/2122/2090 1973/2123/2091
f 1973/2123/2091 1974/2124/2092 1970/2120/2088
f 1937/2088/2056 1972/2122/2090 1940/2091/2059
f 1940/2091/2059 1938/2087/2055 1937/2088/2056
f 1973/2123/2091 1972/2122/2090 1937/2088/2056
f 1937/2088/2056 1975/2125/2093 1973/2123/2091
f 1973/2123/2091 1975/2125/2093 1976/2126/2094
f 1976/2126/2094 1977/2127/2095 1973/2123/2091
f 1934/2085/2053 1975/2125/2093 1937/2088/2056
f 1937/2088/2056 1935/2084/2052 1934/2085/2053
f 1976/2126/2094 1975/2125/2093 1934/2085/2053
f 1934/2085/2053 1978/2128/2096 1976/2126/2094
f 1976/2126/2094 1978/2128/2096 1979/2129/2097
f 1979/2129/2097 1980/2130/2098 1976/2126/2094
f 1931/2082/2050 1978/2128/2096 1934/2085/2053
f 1934/2085/2053 1932/2081/2049 1931/2082/2050
f 1979/2129/2097 1978/2128/2096 1931/2082/2050
f 1931/2082/2050 1981/2131/2099 1979/2129/2097
f 1979/2129/2097 1981/2131/2099 1982/2132/2100
f 1982/2132/2100 1983/2133/2101 1979/2129/2097
f 1928/2079/2047 1981/2131/2099 1931/2082/2050
f 1931/2082/2050 1929/2078/2046 1928/2079/2047
f 1982/2132/2100 1981/2131/2099 1928/2079/2047
f 1928/2079/2047 1984/2134/2102 1982/2132/2100
f 1982/2132/2100 1984/2134/2102 1985/2135/2103
f 1985/2135/2103 1986/2136/2104 1982/2132/2100
f 1925/2076/2044 1984/2134/2102 1928/2079/2047
f 1928/2079/2047 1926/2075/2043 1925/2076/2044
f 1985/2135/2103 1984/2134/2102 1925/2076/2044
f 1925/2076/2044 1987/2137/2105 1985/2135/2103
f 1985/2135/2103 1987/2137/2105 1988/2138/2106
f 1988/2138/2106 1989/2139/2107 1985/2135/2103
f 1922/2073/2041 1987/2137/2105 1925/2076/2044
f 1925/2076/2044 1923/2072/2040 1922/2073/2041
f 1988/2138/2106 1987/2137/2105 1922/2073/2041
f 1922/2073/2041 1990/2140/2108 1988/2138/2106
f 1988/2138/2106 1990/2140/2108 1991/2141/2109
f 1991/2141/2109 1992/2142/2110 1988/2138/2106
f 1919/2070/2038 1990/2140/2108 1922/2073/2041
f 1922/2073/2041 1920/2069/2037 1919/2070/2038
f 1991/2141/2109 1990/2140/2108 1919/2070/2038
f 1919/2070/2038 1993/2143/2111 1991/2141/2109
f 1991/2141/2109 1993/2143/2111 1994/2144/2112
f 1994/2144/2112 1995/2145/2113 1991/2141/2109
f 1916/2067/2035 1993/2143/2111 1919/2070/2038
f 1919/2070/2038 1917/2066/2034 1916/2067/2035
f 1994/2144/2112 1993/2143/2111 1916/2067/2035
f 1916/2067/2035 1996/2146/2114 1994/2144/2112
f 1994/2144/2112 1996/2146/2114 1997/2147/2115
f 1997/2147/2115 1998/2148/2116 1994/2144/2112
f 1913/2064/2032 1996/2146/2114 1916/2067/2035
f 1916/2067/2035 1914/2063/2031 1913/2064/2032
f 1997/2147/2115 1996/2146/2114 1913/2064/2032
f 1913/2064/2032 1999/2149/2117 1997/2147/2115
f 1997/2147/2115 1999/2149/2117 2000/2150/2118
f 2000/2150/2118 2001/2151/2119 1997/2147/2115
f 1910/2061/2029 1999/2149/2117 1913/2064/2032
f 1913/2064/2032 1911/2060/2028 1910/2061/2029
f 2000/2150/2118 1999/2149/2117 1910/2061/2029
f 1910/2061/2029 2002/2152/2120 2000/2150/2118
f 2000/2150/2118 2002/2152/2120 2003/2153/2121
f 2003/2153/2121 2004/2154/2122 2000/2150/2118
f 1907/2058/2026 2002/2152/2120 1910/2061/2029
f 1910/2061/2029 1908/2057/2025 1907/2058/2026
f 2003/2153/2121 2002/2152/2120 1907/2058/2026
f 1907/2058/2026 2005/2155/2123 2003/2153/2121
f 2003/2153/2121 2005/2155/2123 2006/2156/2124
f 2006/2156/2124 2007/2157/2125 2003/2153/2121
f 2008/2158/2126 2005/2155/2123 1907/2058/2026
f 1907/2058/2026 1905/2056/2024 2008/2158/2126
f 2006/2156/2124 2005/2155/2123 2008/2158/2126
f 2008/2158/2126 1581/1732/1700 2006/2156/2124
f 1584/1735/1703 2008/2158/2126 1905/2056/2024
f 1905/2056/2024 1904/2055/2023 1584/1735/1703
f 1581/1732/1700 2008/2158/2126 1584/1735/1703
f 1584/1735/1703 1582/1731/1699 1581/1732/1700
f 2011/2159/2127 2007/2157/2125 2009/2160/2128
f 2009/2160/2128 2010/2161/2129 2011/2159/2127
f 2003/2153/2121 2007/2157/2125 2011/2159/2127
f 2011/2159/2127 2004/2154/2122 2003/2153/2121
f 2009/2160/2128 2007/2157/2125 2006/2156/2124
f 2006/2156/2124 1578/1729/1697 2009/2160/2128
f 2013/2162/2130 2011/2159/2127 2010/2161/2129
f 2010/2161/2129 2012/2163/2131 2013/2162/2130
f 2004/2154/2122 2011/2159/2127 2013/2162/2130
f 2013/2162/2130 2014/2164/2132 2004/2154/2122
f 2016/2165/2133 2014/2164/2132 2013/2162/2130
f 2013/2162/2130 2015/2166/2134 2016/2165/2133
f 2001/2151/2119 2014/2164/2132 2016/2165/2133
f 2016/2165/2133 2017/2167/2135 2001/2151/2119
f 2004/2154/2122 2014/2164/2132 2001/2151/2119
f 2001/2151/2119 2000/2150/2118 2004/2154/2122
f 2019/2168/2136 2017/2167/2135 2016/2165/2133
f 2016/2165/2133 2018/2169/2137 2019/2168/2136
f 1998/2148/2116 2017/2167/2135 2019/2168/2136
f 2019/2168/2136 2020/2170/2138 1998/2148/2116
f 2001/2151/2119 2017/2167/2135 1998/2148/2116
f 1998/2148/2116 1997/2147/2115 2001/2151/2119
f 2022/2171/2139 2020/2170/2138 2019/2168/2136
f 2019/2168/2136 2021/2172/2140 2022/2171/2139
f 1995/2145/2113 2020/2170/2138 2022/2171/2139
f 2022/2171/2139 2023/2173/2141 1995/2145/2113
f 1998/2148/2116 2020/2170/2138 1995/2145/2113
f 1995/2145/2113 1994/2144/2112 1998/2148/2116
f 2025/2174/2142 2023/2173/2141 2022/2171/2139
f 2022/2171/2139 2024/2175/2143 2025/2174/2142
f 1992/2142/2110 2023/2173/2141 2025/2174/2142
f 2025/2174/2142 2026/2176/2144 1992/2142/2110
f 1995/2145/2113 2023/2173/2141 1992/2142/2110
f 1992/2142/2110 1991/2141/2109 1995/2145/2113
f 2028/2177/2145 2026/2176/2144 2025/2174/2142
f 2025/2174/2142 2027/2178/2146 2028/2177/2145
f 1989/2139/2107 2026/2176/2144 2028/2177/2145
f 2028/2177/2145 2029/2179/2147 1989/2139/2107
f 1992/2142/2110 2026/2176/2144 1989/2139/2107
f 1989/2139/2107 1988/2138/2106 1992/2142/2110
f 2031/2180/2148 2029/2179/2147 2028/2177/2145
f 2028/2177/2145 2030/2181/2149 2031/2180/2148
f 1986/2136/2104 2029/2179/2147 2031/2180/2148
f 2031/2180/2148 2032/2182/2150 1986/2136/2104
f 1989/2139/2107 2029/2179/2147 1986/2136/2104
f 1986/2136/2104 1985/2135/2103 1989/2139/2107
f 2034/2183/2151 2032/2182/2150 2031/2180/2148
f 2031/2180/2148 2033/2184/2152 2034/2183/2151
f 1983/2133/2101 2032/2182/2150 2034/2183/2151
f 2034/2183/2151 2035/2185/2153 1983/2133/2101
f 1986/2136/2104 2032/2182/2150 1983/2133/2101
f 1983/2133/2101 1982/2132/2100 1986/2136/2104
f 2037/2186/2154 2035/2185/2153 2034/2183/2151
f 2034/2183/2151 2036/2187/2155 2037/2186/2154
f 1980/2130/2098 2035/2185/2153 2037/2186/2154
f 2037/2186/2154 2038/2188/2156 1980/2130/2098
f 1983/2133/2101 2035/2185/2153 1980/2130/2098
f 1980/2130/2098 1979/2129/2097 1983/2133/2101
f 2040/2189/2157 2038/2188/2156 2037/2186/2154
f 2037/2186/2154 2039/2190/2158 2040/2189/2157
f 1977/2127/2095 2038/2188/2156 2040/2189/2157
f 2040/2189/2157 2041/2191/2159 1977/2127/2095
f 1980/2130/2098 2038/2188/2156 1977/2127/2095
f 1977/2127/2095 1976/2126/2094 1980/2130/2098
f 2043/2192/2160 2041/2191/2159 2040/2189/2157
f 2040/2189/2157 2042/2193/2161 2043/2192/2160
f 1974/2124/2092 2041/2191/2159 2043/2192/2160
f 2043/2192/2160 2044/2194/2162 1974/2124/2092
f 1977/2127/2095 2041/2191/2159 1974/2124/2092
f 1974/2124/2092 1973/2123/2091 1977/2127/2095
f 2046/2195/2163 2044/2194/2162 2043/2192/2160
f 2043/2192/2160 2045/2196/2164 2046/2195/2163
f 1971/2121/2089 2044/2194/2162 2046/2195/2163
f 2046/2195/2163 2047/2197/2165 1971/2121/2089
f 1974/2124/2092 2044/2194/2162 1971/2121/2089
f 1971/2121/2089 1970/2120/2088 1974/2124/2092
f 2049/2198/2166 2047/2197/2165 2046/2195/2163
f 2046/2195/2163 2048/2199/2167 2049/2198/2166
f 1968/2118/2086 2047/2197/2165 2049/2198/2166
f 2049/2198/2166 2050/2200/2168 1968/2118/2086
f 1971/2121/2089 2047/2197/2165 1968/2118/2086
f 1968/2118/2086 1967/2117/2085 1971/2121/2089
f 2052/2201/2169 2050/2200/2168 2049/2198/2166
f 2049/2198/2166 2051/2202/2170 2052/2201/2169
f 1965/2115/2083 2050/2200/2168 2052/2201/2169
f 2052/2201/2169 2053/2203/2171 1965/2115/2083
f 1968/2118/2086 2050/2200/2168 1965/2115/2083
f 1965/2115/2083 1964/2114/2082 1968/2118/2086
f 1466/1611/1585 2053/2203/2171 2052/2201/2169
f 2052/2201/2169 1468/1613/1587 1466/1611/1585
f 1962/2112/2080 2053/2203/2171 1466/1611/1585
f 1466/1611/1585 1464/1609/1583 1962/2112/2080
f 1965/2115/2083 2053/2203/2171 1962/2112/2080
f 1962/2112/2080 1961/2111/2079 1965/2115/2083
f 1468/1613/1587 2052/2201/2169 2051/2202/2170
f 2051/2202/2170 1470/1615/1588 1468/1613/1587
f 1470/1615/1588 2051/2202/2170 2054/2204/2172
f 2054/2204/2172 1472/1617/1590 1470/1615/1588
f 2054/2204/2172 2051/2202/2170 2049/2198/2166
f 2049/2198/2166 2048/2199/2167 2054/2204/2172
f 1472/1617/1590 2054/2204/2172 2055/2205/2173
f 2055/2205/2173 1474/1619/1592 1472/1617/1590
f 2055/2205/2173 2054/2204/2172 2048/2199/2167
f 2048/2199/2167 2056/2206/2174 2055/2205/2173
f 2055/2205/2173 2056/2206/2174 2057/2207/2175
f 2057/2207/2175 2058/2208/2176 2055/2205/2173
f 2045/2196/2164 2056/2206/2174 2048/2199/2167
f 2048/2199/2167 2046/2195/2163 2045/2196/2164
f 2057/2207/2175 2056/2206/2174 2045/2196/2164
f 2045/2196/2164 2059/2209/2177 2057/2207/2175
f 2057/2207/2175 2059/2209/2177 2060/2210/2178
f 2060/2210/2178 2061/2211/2179 2057/2207/2175
f 2042/2193/2161 2059/2209/2177 2045/2196/2164
f 2045/2196/2164 2043/2192/2160 2042/2193/2161
f 2060/2210/2178 2059/2209/2177 2042/2193/2161
f 2042/2193/2161 2062/2212/2180 2060/2210/2178
f 2060/2210/2178 2062/2212/2180 2063/2213/2181
f 2063/2213/2181 2064/2214/2182 2060/2210/2178
f 2039/2190/2158 2062/2212/2180 2042/2193/2161
f 2042/2193/2161 2040/2189/2157 2039/2190/2158
f 2063/2213/2181 2062/2212/2180 2039/2190/2158
f 2039/2190/2158 2065/2215/2183 2063/2213/2181
f 2063/2213/2181 2065/2215/2183 2066/2216/2184
f 2066/2216/2184 2067/2217/2185 2063/2213/2181
f 2036/2187/2155 2065/2215/2183 2039/2190/2158
f 2039/2190/2158 2037/2186/2154 2036/2187/2155
f 2066/2216/2184 2065/2215/2183 2036/2187/2155
f 2036/2187/2155 2068/2218/2186 2066/2216/2184
f 2066/2216/2184 2068/2218/2186 2069/2219/2187
f 2069/2219/2187 2070/2220/2188 2066/2216/2184
f 2033/2184/2152 2068/2218/2186 2036/2187/2155
f 2036/2187/2155 2034/2183/2151 2033/2184/2152
f 2069/2219/2187 2068/2218/2186 2033/2184/2152
f 2033/2184/2152 2071/2221/2189 2069/2219/2187
f 2069/2219/2187 2071/2221/2189 2072/2222/2190
f 2072/2222/2190 2073/2223/2191 2069/2219/2187
f 2030/2181/2149 2071/2221/2189 2033/2184/2152
f 2033/2184/2152 2031/2180/2148 2030/2181/2149
f 2072/2222/2190 2071/2221/2189 2030/2181/2149
f 2030/2181/2149 2074/2224/2192 2072/2222/2190
f 2072/2222/2190 2074/2224/2192 2075/2225/2193
f 2075/2225/2193 2076/2226/2194 2072/2222/2190
f 2027/2178/2146 2074/2224/2192 2030/2181/2149
f 2030/2181/2149 2028/2177/2145 2027/2178/2146
f 2075/2225/2193 2074/2224/2192 2027/2178/2146
f 2027/2178/2146 2077/2227/2195 2075/2225/2193
f 2075/2225/2193 2077/2227/2195 2078/2228/2196
f 2078/2228/2196 2079/2229/2197 2075/2225/2193
f 2024/2175/2143 2077/2227/2195 2027/2178/2146
f 2027/2178/2146 2025/2174/2142 2024/2175/2143
f 2078/2228/2196 2077/2227/2195 2024/2175/2143
f 2024/2175/2143 2080/2230/2198 2078/2228/2196
f 2078/2228/2196 2080/2230/2198 2081/2231/2199
f 2081/2231/2199 2082/2232/2200 2078/2228/2196
f 2021/2172/2140 2080/2230/2198 2024/2175/2143
f 2024/2175/2143 2022/2171/2139 2021/2172/2140
f 2081/2231/2199 2080/2230/2198 2021/2172/2140
f 2021/2172/2140 2083/2233/2201 2081/2231/2199
f 2081/2231/2199 2083/2233/2201 2084/2234/2202
f 2084/2234/2202 2085/2235/2203 2081/2231/2199
f 2018/2169/2137 2083/2233/2201 2021/2172/2140
f 2021/2172/2140 2019/2168/2136 2018/2169/2137
f 2084/2234/2202 2083/2233/2201 2018/2169/2137
f 2018/2169/2137 2086/2236/2204 2084/2234/2202
f 2084/2234/2202 2086/2236/2204 2087/2237/2205
f 2087/2237/2205 2088/2238/2206 2084/2234/2202
f 2015/2166/2134 2086/2236/2204 2018/2169/2137
f 2018/2169/2137 2016/2165/2133 2015/2166/2134
f 2087/2237/2205 2086/2236/2204 2015/2166/2134
f 2015/2166/2134 2089/2239/2207 2087/2237/2205
f 2087/2237/2205 2089/2239/2207 2090/2240/2208
f 2090/2240/2208 2091/2241/2209 2087/2237/2205
f 2012/2163/2131 2089/2239/2207 2015/2166/2134
f 2015/2166/2134 2013/2162/2130 2012/2163/2131
f 2090/2240/2208 2089/2239/2207 2012/2163/2131
f 2012/2163/2131 2092/2242/2210 2090/2240/2208
f 2090/2240/2208 2092/2242/2210 2093/2243/2211
f 2093/2243/2211 2094/2244/2212 2090/2240/2208
f 2095/2245/2213 2092/2242/2210 2012/2163/2131
f 2012/2163/2131 2010/2161/2129 2095/2245/2213
f 2093/2243/2211 2092/2242/2210 2095/2245/2213
f 2095/2245/2213 1572/1723/1691 2093/2243/2211
f 1575/1726/1694 2095/2245/2213 2010/2161/2129
f 2010/2161/2129 2009/2160/2128 1575/1726/1694
f 1572/1723/1691 2095/2245/2213 1575/1726/1694
f 1575/1726/1694 1573/1722/1690 1572/1723/1691
f 2098/2246/2214 2094/2244/2212 2096/2247/2215
f 2096/2247/2215 2097/2248/2216 2098/2246/2214
f 2090/2240/2208 2094/2244/2212 2098/2246/2214
f 2098/2246/2214 2091/2241/2209 2090/2240/2208
f 2096/2247/2215 2094/2244/2212 2093/2243/2211
f 2093/2243/2211 1569/1720/1688 2096/2247/2215
f 2100/2249/2217 2098/2246/2214 2097/2248/2216
f 2097/2248/2216 2099/2250/2218 2100/2249/2217
f 2091/2241/2209 2098/2246/2214 2100/2249/2217
f 2100/2249/2217 2101/2251/2219 2091/2241/2209
f 2103/2252/2220 2101/2251/2219 2100/2249/2217
f 2100/2249/2217 2102/2253/2221 2103/2252/2220
f 2088/2238/2206 2101/2251/2219 2103/2252/2220
f 2103/2252/2220 2104/2254/2222 2088/2238/2206
f 2091/2241/2209 2101/2251/2219 2088/2238/2206
f 2088/2238/2206 2087/2237/2205 2091/2241/2209
f 2106/2255/2223 2104/2254/2222 2103/2252/2220
f 2103/2252/2220 2105/2256/2224 2106/2255/2223
f 2085/2235/2203 2104/2254/2222 2106/2255/2223
f 2106/2255/2223 2107/2257/2225 2085/2235/2203
f 2088/2238/2206 2104/2254/2222 2085/2235/2203
f 2085/2235/2203 2084/2234/2202 2088/2238/2206
f 2109/2258/2226 2107/2257/2225 2106/2255/2223
f 2106/2255/2223 2108/2259/2227 2109/2258/2226
f 2082/2232/2200 2107/2257/2225 2109/2258/2226
f 2109/2258/2226 2110/2260/2228 2082/2232/2200
f 2085/2235/2203 2107/2257/2225 2082/2232/2200
f 2082/2232/2200 2081/2231/2199 2085/2235/2203
f 2112/2261/2229 2110/2260/2228 2109/2258/2226
f 2109/2258/2226 2111/2262/2230 2112/2261/2229
f 2079/2229/2197 2110/2260/2228 2112/2261/2229
f 2112/2261/2229 2113/2263/2231 2079/2229/2197
f 2082/2232/2200 2110/2260/2228 2079/2229/2197
f 2079/2229/2197 2078/2228/2196 2082/2232/2200
f 2115/2264/2232 2113/2263/2231 2112/2261/2229
f 2112/2261/2229 2114/2265/2233 2115/2264/2232
f 2076/2226/2194 2113/2263/2231 2115/2264/2232
f 2115/2264/2232 2116/2266/2234 2076/2226/2194
f 2079/2229/2197 2113/2263/2231 2076/2226/2194
f 2076/2226/2194 2075/2225/2193 2079/2229/2197
f 2118/2267/2235 2116/2266/2234 2115/2264/2232
f 2115/2264/2232 2117/2268/2236 2118/2267/2235
f 2073/2223/2191 2116/2266/2234 2118/2267/2235
f 2118/2267/2235 2119/2269/2237 2073/2223/2191
f 2076/2226/2194 2116/2266/2234 2073/2223/2191
f 2073/2223/2191 2072/2222/2190 2076/2226/2194
f 2121/2270/2238 2119/2269/2237 2118/2267/2235
f 2118/2267/2235 2120/2271/2239 2121/2270/2238
f 2070/2220/2188 2119/2269/2237 2121/2270/2238
f 2121/2270/2238 2122/2272/2240 2070/2220/2188
f 2073/2223/2191 2119/2269/2237 2070/2220/2188
f 2070/2220/2188 2069/2219/2187 2073/2223/2191
f 2124/2273/2241 2122/2272/2240 2121/2270/2238
f 2121/2270/2238 2123/2274/2242 2124/2273/2241
f 2067/2217/2185 2122/2272/2240 2124/2273/2241
f 2124/2273/2241 2125/2275/2243 2067/2217/2185
f 2070/2220/2188 2122/2272/2240 2067/2217/2185
f 2067/2217/2185 2066/2216/2184 2070/2220/2188
f 2127/2276/2244 2125/2275/2243 2124/2273/2241
f 2124/2273/2241 2126/2277/2245 2127/2276/2244
f 2064/2214/2182 2125/2275/2243 2127/2276/2244
f 2127/2276/2244 2128/2278/2246 2064/2214/2182
f 2067/2217/2185 2125/2275/2243 2064/2214/2182
f 2064/2214/2182 2063/2213/2181 2067/2217/2185
f 2130/2279/2247 2128/2278/2246 2127/2276/2244
f 2127/2276/2244 2129/2280/2248 2130/2279/2247
f 2061/2211/2179 2128/2278/2246 2130/2279/2247
f 2130/2279/2247 2131/2281/2249 2061/2211/2179
f 2064/2214/2182 2128/2278/2246 2061/2211/2179
f 2061/2211/2179 2060/2210/2178 2064/2214/2182
f 1478/1623/1596 2131/2281/2249 2130/2279/2247
f 2130/2279/2247 1480/1625/1598 1478/1623/1596
f 2058/2208/2176 2131/2281/2249 1478/1623/1596
f 1478/1623/1596 1476/1621/1594 2058/2208/2176
f 2061/2211/2179 2131/2281/2249 2058/2208/2176
f 2058/2208/2176 2057/2207/2175 2061/2211/2179
f 1480/1625/1598 2130/2279/2247 2129/2280/2248
f 2129/2280/2248 1482/1627/1600 1480/1625/1598
f 1482/1627/1600 2129/2280/2248 2132/2282/2250
f 2132/2282/2250 1484/1629/1602 1482/1627/1600
f 2132/2282/2250 2129/2280/2248 2127/2276/2244
f 2127/2276/2244 2126/2277/2245 2132/2282/2250
f 1484/1629/1602 2132/2282/2250 2133/2283/2251
f 2133/2283/2251 1486/1631/1604 1484/1629/1602
f 2133/2283/2251 2132/2282/2250 2126/2277/2245
f 2126/2277/2245 2134/2284/2252 2133/2283/2251
f 2133/2283/2251 2134/2284/2252 2135/2285/2253
f 2135/2285/2253 2136/2286/2254 2133/2283/2251
f 2123/2274/2242 2134/2284/2252 2126/2277/2245
f 2126/2277/2245 2124/2273/2241 2123/2274/2242
f 2135/2285/2253 2134/2284/2252 2123/2274/2242
f 2123/2274/2242 2137/2287/2255 2135/2285/2253
f 2135/2285/2253 2137/2287/2255 2138/2288/2256
f 2138/2288/2256 2139/2289/2257 2135/2285/2253
f 2120/2271/2239 2137/2287/2255 2123/2274/2242
f 2123/2274/2242 2121/2270/2238 2120/2271/2239
f 2138/2288/2256 2137/2287/2255 2120/2271/2239
f 2120/2271/2239 2140/2290/2258 2138/2288/2256
f 2138/2288/2256 2140/2290/2258 2141/2291/2259
f 2141/2291/2259 2142/2292/2260 2138/2288/2256
f 2117/2268/2236 2140/2290/2258 2120/2271/2239
f 2120/2271/2239 2118/2267/2235 2117/2268/2236
f 2141/2291/2259 2140/2290/2258 2117/2268/2236
f 2117/2268/2236 2143/2293/2261 2141/2291/2259
f 2141/2291/2259 2143/2293/2261 2144/2294/2262
f 2144/2294/2262 2145/2295/2263 2141/2291/2259
f 2114/2265/2233 2143/2293/2261 2117/2268/2236
f 2117/2268/2236 2115/2264/2232 2114/2265/2233
f 2144/2294/2262 2143/2293/2261 2114/2265/2233
f 2114/2265/2233 2146/2296/2264 2144/2294/2262
f 2144/2294/2262 2146/2296/2264 2147/2297/2265
f 2147/2297/2265 2148/2298/2266 2144/2294/2262
f 2111/2262/2230 2146/2296/2264 2114/2265/2233
f 2114/2265/2233 2112/2261/2229 2111/2262/2230
f 2147/2297/2265 2146/2296/2264 2111/2262/2230
f 2111/2262/2230 2149/2299/2267 2147/2297/2265
f 2147/2297/2265 2149/2299/2267 2150/2300/2268
f 2150/2300/2268 2151/2301/2269 2147/2297/2265
f 2108/2259/2227 2149/2299/2267 2111/2262/2230
f 2111/2262/2230 2109/2258/2226 2108/2259/2227
f 2150/2300/2268 2149/2299/2267 2108/2259/2227
f 2108/2259/2227 2152/2302/2270 2150/2300/2268
f 2150/2300/2268 2152/2302/2270 2153/2303/2271
f 2153/2303/2271 2154/2304/2272 2150/2300/2268
f 2105/2256/2224 2152/2302/2270 2108/2259/2227
f 2108/2259/2227 2106/2255/2223 2105/2256/2224
f 2153/2303/2271 2152/2302/2270 2105/2256/2224
f 2105/2256/2224 2155/2305/2273 2153/2303/2271
f 2153/2303/2271 2155/2305/2273 2156/2306/2274
f 2156/2306/2274 2157/2307/2275 2153/2303/2271
f 2102/2253/2221 2155/2305/2273 2105/2256/2224
f 2105/2256/2224 2103/2252/2220 2102/2253/2221
f 2156/2306/2274 2155/2305/2273 2102/2253/2221
f 2102/2253/2221 2158/2308/2276 2156/2306/2274
f 2156/2306/2274 2158/2308/2276 2159/2309/2277
f 2159/2309/2277 2160/2310/2278 2156/2306/2274
f 2099/2250/2218 2158/2308/2276 2102/2253/2221
f 2102/2253/2221 2100/2249/2217 2099/2250/2218
f 2159/2309/2277 2158/2308/2276 2099/2250/2218
f 2099/2250/2218 2161/2311/2279 2159/2309/2277
f 2159/2309/2277 2161/2311/2279 2162/2312/2280
f 2162/2312/2280 2163/2313/2281 2159/2309/2277
f 2164/2314/2282 2161/2311/2279 2099/2250/2218
f 2099/2250/2218 2097/2248/2216 2164/2314/2282
f 2162/2312/2280 2161/2311/2279 2164/2314/2282
f 2164/2314/2282 2165/2315/2283 2162/2312/2280
f 2162/2312/2280 2165/2315/2283 2166/2316/2284
f 2166/2316/2284 2167/2317/2285 2162/2312/2280
f 2169/2318/2286 2165/2315/2283 2164/2314/2282
f 2164/2314/2282 2168/2319/2287 2169/2318/2286
f 2166/2316/2284 2165/2315/2283 2169/2318/2286
f 2169/2318/2286 2170/2320/2288 2166/2316/2284
f 2166/2316/2284 2170/2320/2288 2171/2321/2289
f 2171/2321/2289 2172/2322/2290 2166/2316/2284
f 1563/1714/1682 2170/2320/2288 2169/2318/2286
f 2169/2318/2286 1565/1716/1684 1563/1714/1682
f 2171/2321/2289 2170/2320/2288 1563/1714/1682
f 1563/1714/1682 1561/1712/1680 2171/2321/2289
f 2175/2323/2291 2172/2322/2290 2173/2324/2292
f 2173/2324/2292 2174/2325/2293 2175/2323/2291
f 2166/2316/2284 2172/2322/2290 2175/2323/2291
f 2175/2323/2291 2167/2317/2285 2166/2316/2284
f 2173/2324/2292 2172/2322/2290 2171/2321/2289
f 2171/2321/2289 2176/2326/2294 2173/2324/2292
f 2173/2324/2292 2176/2326/2294 2177/2327/2295
f 2177/2327/2295 2178/2328/2296 2173/2324/2292
f 1559/1710/1678 2176/2326/2294 2171/2321/2289
f 2171/2321/2289 1561/1712/1680 1559/1710/1678
f 2177/2327/2295 2176/2326/2294 1559/1710/1678
f 1559/1710/1678 1557/1708/1676 2177/2327/2295
f 2181/2329/2297 2178/2328/2296 2179/2330/2298
f 2179/2330/2298 2180/2331/2299 2181/2329/2297
f 2173/2324/2292 2178/2328/2296 2181/2329/2297
f 2181/2329/2297 2174/2325/2293 2173/2324/2292
f 2179/2330/2298 2178/2328/2296 2177/2327/2295
f 2177/2327/2295 2182/2332/2300 2179/2330/2298
f 2179/2330/2298 2182/2332/2300 2183/2333/2301
f 2183/2333/2301 2184/2334/2302 2179/2330/2298
f 1555/1706/1674 2182/2332/2300 2177/2327/2295
f 2177/2327/2295 1557/1708/1676 1555/1706/1674
f 2183/2333/2301 2182/2332/2300 1555/1706/1674
f 1555/1706/1674 1553/1704/1672 2183/2333/2301
f 2187/2335/2303 2184/2334/2302 2185/2336/2304
f 2185/2336/2304 2186/2337/2305 2187/2335/2303
f 2179/2330/2298 2184/2334/2302 2187/2335/2303
f 2187/2335/2303 2180/2331/2299 2179/2330/2298
f 2185/2336/2304 2184/2334/2302 2183/2333/2301
f 2183/2333/2301 2188/2338/2306 2185/2336/2304
f 2185/2336/2304 2188/2338/2306 2189/2339/2307
f 2189/2339/2307 2190/2340/2308 2185/2336/2304
f 1551/1702/1670 2188/2338/2306 2183/2333/2301
f 2183/2333/2301 1553/1704/1672 1551/1702/1670
f 2189/2339/2307 2188/2338/2306 1551/1702/1670
f 1551/1702/1670 1549/1700/1668 2189/2339/2307
f 2193/2341/2309 2190/2340/2308 2191/2342/2310
f 2191/2342/2310 2192/2343/2311 2193/2341/2309
f 2185/2336/2304 2190/2340/2308 2193/2341/2309
f 2193/2341/2309 2186/2337/2305 2185/2336/2304
f 2191/2342/2310 2190/2340/2308 2189/2339/2307
f 2189/2339/2307 2194/2344/2312 2191/2342/2310
f 2191/2342/2310 2194/2344/2312 2195/2345/2313
f 2195/2345/2313 2196/2346/2314 2191/2342/2310
f 1547/1698/1666 2194/2344/2312 2189/2339/2307
f 2189/2339/2307 1549/1700/1668 1547/1698/1666
f 2195/2345/2313 2194/2344/2312 1547/1698/1666
f 1547/1698/1666 1545/1696/1664 2195/2345/2313
f 2199/2347/2315 2196/2346/2314 2197/2348/2316
f 2197/2348/2316 2198/2349/2317 2199/2347/2315
f 2191/2342/2310 2196/2346/2314 2199/2347/2315
f 2199/2347/2315 2192/2343/2311 2191/2342/2310
f 2197/2348/2316 2196/2346/2314 2195/2345/2313
f 2195/2345/2313 2200/2350/2318 2197/2348/2316
f 2197/2351/2316 2200/2352/2318 2201/2353/2319
f 2201/2353/2319 2202/2354/2320 2197/2351/2316
f 1543/1695/1662 2200/2350/2318 2195/2345/2313
f 2195/2345/2313 1545/1696/1664 1543/1695/1662
f 2201/2353/2319 2200/2352/2318 1543/1692/1662
f 1543/1692/1662 1541/1690/1660 2201/2353/2319
f 2205/2355/2321 2202/2354/2320 2203/2356/2322
f 2203/2356/2322 2204/2357/2323 2205/2355/2321
f 2197/2351/2316 2202/2354/2320 2205/2355/2321
f 2205/2355/2321 2198/2358/2317 2197/2351/2316
f 2203/2356/2322 2202/2354/2320 2201/2353/2319
f 2201/2353/2319 2206/2359/2324 2203/2356/2322
f 2203/2356/2322 2206/2359/2324 2207/2360/2325
f 2207/2360/2325 2208/2361/2326 2203/2356/2322
f 1539/1688/1658 2206/2359/2324 2201/2353/2319
f 2201/2353/2319 1541/1690/1660 1539/1688/1658
f 2207/2360/2325 2206/2359/2324 1539/1688/1658
f 1539/1688/1658 1537/1685/1655 2207/2360/2325
f 2211/2362/2327 2208/2361/2326 2209/2363/2328
f 2209/2363/2328 3393/2364/2329 2210/2365/2330 2211/2362/2327
f 2203/2356/2322 2208/2361/2326 2211/2362/2327
f 2211/2362/2327 2204/2357/2323 2203/2356/2322
f 2209/2363/2328 2208/2361/2326 2207/2360/2325
f 2207/2360/2325 2212/2366/2331 3394/2367/2332 2209/2363/2328
f 1535/1684/1654 3395/2368/2333 2212/2366/2331 2207/2360/2325
f 2207/2360/2325 1537/1685/1655 1535/1684/1654
f 3397/2369/2334 2214/2370/2335 3396/2371/2336
f 2213/2372/2337 2215/2373/2338 2216/2374/2339
f 2218/2375/2340 2216/2374/2339 2215/2373/2338
f 2215/2373/2338 2217/2376/2341 2218/2375/2340
f 2210/2365/2330 3398/2377/2342 2216/2374/2339 2218/2375/2340
f 2218/2375/2340 2211/2362/2327 2210/2365/2330
f 2220/2378/2343 2218/2375/2340 2217/2376/2341
f 2217/2376/2341 2219/2379/2344 2220/2378/2343
f 2211/2362/2327 2218/2375/2340 2220/2378/2343
f 2220/2378/2343 2204/2357/2323 2211/2362/2327
f 2222/2380/2345 2220/2378/2343 2219/2379/2344
f 2219/2379/2344 2221/2381/2346 2222/2380/2345
f 2204/2357/2323 2220/2378/2343 2222/2380/2345
f 2222/2380/2345 2205/2355/2321 2204/2357/2323
f 2224/2382/2347 2222/2380/2345 2221/2381/2346
f 2221/2381/2346 2223/2383/2348 2224/2382/2347
f 2205/2355/2321 2222/2380/2345 2224/2382/2347
f 2224/2382/2347 2198/2358/2317 2205/2355/2321
f 2226/2384/2349 2224/2385/2347 2223/2386/2348
f 2223/2386/2348 2225/2387/2350 2226/2384/2349
f 2198/2349/2317 2224/2385/2347 2226/2384/2349
f 2226/2384/2349 2199/2347/2315 2198/2349/2317
f 2228/2388/2351 2226/2384/2349 2225/2387/2350
f 2225/2387/2350 2227/2389/2352 2228/2388/2351
f 2199/2347/2315 2226/2384/2349 2228/2388/2351
f 2228/2388/2351 2192/2343/2311 2199/2347/2315
f 2230/2390/2353 2228/2388/2351 2227/2389/2352
f 2227/2389/2352 2229/2391/2354 2230/2390/2353
f 2192/2343/2311 2228/2388/2351 2230/2390/2353
f 2230/2390/2353 2193/2341/2309 2192/2343/2311
f 2232/2392/2355 2230/2390/2353 2229/2391/2354
f 2229/2391/2354 2231/2393/2356 2232/2392/2355
f 2193/2341/2309 2230/2390/2353 2232/2392/2355
f 2232/2392/2355 2186/2337/2305 2193/2341/2309
f 2234/2394/2357 2232/2392/2355 2231/2393/2356
f 2231/2393/2356 2233/2395/2358 2234/2394/2357
f 2186/2337/2305 2232/2392/2355 2234/2394/2357
f 2234/2394/2357 2187/2335/2303 2186/2337/2305
f 2236/2396/2359 2234/2394/2357 2233/2395/2358
f 2233/2395/2358 2235/2397/2360 2236/2396/2359
f 2187/2335/2303 2234/2394/2357 2236/2396/2359
f 2236/2396/2359 2180/2331/2299 2187/2335/2303
f 2238/2398/2361 2236/2396/2359 2235/2397/2360
f 2235/2397/2360 2237/2399/2362 2238/2398/2361
f 2180/2331/2299 2236/2396/2359 2238/2398/2361
f 2238/2398/2361 2181/2329/2297 2180/2331/2299
f 2240/2400/2363 2238/2398/2361 2237/2399/2362
f 2237/2399/2362 2239/2401/2364 2240/2400/2363
f 2181/2329/2297 2238/2398/2361 2240/2400/2363
f 2240/2400/2363 2174/2325/2293 2181/2329/2297
f 2242/2402/2365 2240/2400/2363 2239/2401/2364
f 2239/2401/2364 2241/2403/2366 2242/2402/2365
f 2174/2325/2293 2240/2400/2363 2242/2402/2365
f 2242/2402/2365 2175/2323/2291 2174/2325/2293
f 2244/2404/2367 2242/2402/2365 2241/2403/2366
f 2241/2403/2366 2243/2405/2368 2244/2404/2367
f 2175/2323/2291 2242/2402/2365 2244/2404/2367
f 2244/2404/2367 2167/2317/2285 2175/2323/2291
f 2163/2313/2281 2244/2404/2367 2243/2405/2368
f 2243/2405/2368 2245/2406/2369 2163/2313/2281
f 2167/2317/2285 2244/2404/2367 2163/2313/2281
f 2163/2313/2281 2162/2312/2280 2167/2317/2285
f 2247/2407/2370 2245/2406/2369 2243/2405/2368
f 2243/2405/2368 2246/2408/2371 2247/2407/2370
f 2160/2310/2278 2245/2406/2369 2247/2407/2370
f 2247/2407/2370 2248/2409/2372 2160/2310/2278
f 2163/2313/2281 2245/2406/2369 2160/2310/2278
f 2160/2310/2278 2159/2309/2277 2163/2313/2281
f 2250/2410/2373 2248/2409/2372 2247/2407/2370
f 2247/2407/2370 2249/2411/2374 2250/2410/2373
f 2157/2307/2275 2248/2409/2372 2250/2410/2373
f 2250/2410/2373 2251/2412/2375 2157/2307/2275
f 2160/2310/2278 2248/2409/2372 2157/2307/2275
f 2157/2307/2275 2156/2306/2274 2160/2310/2278
f 2253/2413/2376 2251/2412/2375 2250/2410/2373
f 2250/2410/2373 2252/2414/2377 2253/2413/2376
f 2154/2304/2272 2251/2412/2375 2253/2413/2376
f 2253/2413/2376 2254/2415/2378 2154/2304/2272
f 2157/2307/2275 2251/2412/2375 2154/2304/2272
f 2154/2304/2272 2153/2303/2271 2157/2307/2275
f 2256/2416/2379 2254/2415/2378 2253/2413/2376
f 2253/2413/2376 2255/2417/2380 2256/2416/2379
f 2151/2301/2269 2254/2415/2378 2256/2416/2379
f 2256/2416/2379 2257/2418/2381 2151/2301/2269
f 2154/2304/2272 2254/2415/2378 2151/2301/2269
f 2151/2301/2269 2150/2300/2268 2154/2304/2272
f 2259/2419/2382 2257/2418/2381 2256/2416/2379
f 2256/2416/2379 2258/2420/2383 2259/2419/2382
f 2148/2298/2266 2257/2418/2381 2259/2419/2382
f 2259/2419/2382 2260/2421/2384 2148/2298/2266
f 2151/2301/2269 2257/2418/2381 2148/2298/2266
f 2148/2298/2266 2147/2297/2265 2151/2301/2269
f 2262/2422/2385 2260/2421/2384 2259/2419/2382
f 2259/2419/2382 2261/2423/2386 2262/2422/2385
f 2145/2295/2263 2260/2421/2384 2262/2422/2385
f 2262/2422/2385 2263/2424/2387 2145/2295/2263
f 2148/2298/2266 2260/2421/2384 2145/2295/2263
f 2145/2295/2263 2144/2294/2262 2148/2298/2266
f 2265/2425/2388 2263/2424/2387 2262/2422/2385
f 2262/2422/2385 2264/2426/2389 2265/2425/2388
f 2142/2292/2260 2263/2424/2387 2265/2425/2388
f 2265/2425/2388 2266/2427/2390 2142/2292/2260
f 2145/2295/2263 2263/2424/2387 2142/2292/2260
f 2142/2292/2260 2141/2291/2259 2145/2295/2263
f 2268/2428/2391 2266/2427/2390 2265/2425/2388
f 2265/2425/2388 2267/2429/2392 2268/2428/2391
f 2139/2289/2257 2266/2427/2390 2268/2428/2391
f 2268/2428/2391 2269/2430/2393 2139/2289/2257
f 2142/2292/2260 2266/2427/2390 2139/2289/2257
f 2139/2289/2257 2138/2288/2256 2142/2292/2260
f 1490/1635/1608 2269/2430/2393 2268/2428/2391
f 2268/2428/2391 1492/1637/1610 1490/1635/1608
f 2136/2286/2254 2269/2430/2393 1490/1635/1608
f 1490/1635/1608 1488/1633/1606 2136/2286/2254
f 2139/2289/2257 2269/2430/2393 2136/2286/2254
f 2136/2286/2254 2135/2285/2253 2139/2289/2257
f 1492/1637/1610 2268/2428/2391 2267/2429/2392
f 2267/2429/2392 1494/1639/1612 1492/1637/1610
f 1494/1639/1612 2267/2429/2392 2270/2431/2394
f 2270/2431/2394 1496/1641/1614 1494/1639/1612
f 2270/2431/2394 2267/2429/2392 2265/2425/2388
f 2265/2425/2388 2264/2426/2389 2270/2431/2394
f 1496/1641/1614 2270/2431/2394 2271/2432/2395
f 2271/2432/2395 1498/1643/1616 1496/1641/1614
f 2271/2432/2395 2270/2431/2394 2264/2426/2389
f 2264/2426/2389 2272/2433/2396 2271/2432/2395
f 2271/2432/2395 2272/2433/2396 2273/2434/2397
f 2273/2434/2397 2274/2435/2398 2271/2432/2395
f 2261/2423/2386 2272/2433/2396 2264/2426/2389
f 2264/2426/2389 2262/2422/2385 2261/2423/2386
f 2273/2434/2397 2272/2433/2396 2261/2423/2386
f 2261/2423/2386 2275/2436/2399 2273/2434/2397
f 2273/2434/2397 2275/2436/2399 2276/2437/2400
f 2276/2437/2400 2277/2438/2401 2273/2434/2397
f 2258/2420/2383 2275/2436/2399 2261/2423/2386
f 2261/2423/2386 2259/2419/2382 2258/2420/2383
f 2276/2437/2400 2275/2436/2399 2258/2420/2383
f 2258/2420/2383 2278/2439/2402 2276/2437/2400
f 2276/2437/2400 2278/2439/2402 2279/2440/2403
f 2279/2440/2403 2280/2441/2404 2276/2437/2400
f 2255/2417/2380 2278/2439/2402 2258/2420/2383
f 2258/2420/2383 2256/2416/2379 2255/2417/2380
f 2279/2440/2403 2278/2439/2402 2255/2417/2380
f 2255/2417/2380 2281/2442/2405 2279/2440/2403
f 2279/2440/2403 2281/2442/2405 2282/2443/2406
f 2282/2443/2406 2283/2444/2407 2279/2440/2403
f 2252/2414/2377 2281/2442/2405 2255/2417/2380
f 2255/2417/2380 2253/2413/2376 2252/2414/2377
f 2282/2443/2406 2281/2442/2405 2252/2414/2377
f 2252/2414/2377 2284/2445/2408 2282/2443/2406
f 2282/2443/2406 2284/2445/2408 2285/2446/2409
f 2285/2446/2409 2286/2447/2410 2282/2443/2406
f 2249/2411/2374 2284/2445/2408 2252/2414/2377
f 2252/2414/2377 2250/2410/2373 2249/2411/2374
f 2285/2446/2409 2284/2445/2408 2249/2411/2374
f 2249/2411/2374 2287/2448/2411 2285/2446/2409
f 2285/2446/2409 2287/2448/2411 2288/2449/2412
f 2288/2449/2412 2289/2450/2413 2285/2446/2409
f 2246/2408/2371 2287/2448/2411 2249/2411/2374
f 2249/2411/2374 2247/2407/2370 2246/2408/2371
f 2288/2449/2412 2287/2448/2411 2246/2408/2371
f 2246/2408/2371 2290/2451/2414 2288/2449/2412
f 2288/2449/2412 2290/2451/2414 2291/2452/2415
f 2291/2452/2415 2292/2453/2416 2288/2449/2412
f 2241/2403/2366 2290/2451/2414 2246/2408/2371
f 2246/2408/2371 2243/2405/2368 2241/2403/2366
f 2291/2452/2415 2290/2451/2414 2241/2403/2366
f 2241/2403/2366 2239/2401/2364 2291/2452/2415
f 2295/2454/2417 2292/2453/2416 2293/2455/2418
f 2293/2455/2418 2294/2456/2419 2295/2454/2417
f 2288/2449/2412 2292/2453/2416 2295/2454/2417
f 2295/2454/2417 2289/2450/2413 2288/2449/2412
f 2293/2455/2418 2292/2453/2416 2291/2452/2415
f 2291/2452/2415 2296/2457/2420 2293/2455/2418
f 2293/2455/2418 2296/2457/2420 2297/2458/2421
f 2297/2458/2421 2298/2459/2422 2293/2455/2418
f 2237/2399/2362 2296/2457/2420 2291/2452/2415
f 2291/2452/2415 2239/2401/2364 2237/2399/2362
f 2297/2458/2421 2296/2457/2420 2237/2399/2362
f 2237/2399/2362 2235/2397/2360 2297/2458/2421
f 2301/2460/2423 2298/2459/2422 2299/2461/2424
f 2299/2461/2424 2300/2462/2425 2301/2460/2423
f 2293/2455/2418 2298/2459/2422 2301/2460/2423
f 2301/2460/2423 2294/2456/2419 2293/2455/2418
f 2299/2461/2424 2298/2459/2422 2297/2458/2421
f 2297/2458/2421 2302/2463/2426 2299/2461/2424
f 2299/2461/2424 2302/2463/2426 2303/2464/2427
f 2303/2464/2427 2304/2465/2428 2299/2461/2424
f 2233/2395/2358 2302/2463/2426 2297/2458/2421
f 2297/2458/2421 2235/2397/2360 2233/2395/2358
f 2303/2464/2427 2302/2463/2426 2233/2395/2358
f 2233/2395/2358 2231/2393/2356 2303/2464/2427
f 2307/2466/2429 2304/2465/2428 2305/2467/2430
f 2305/2467/2430 2306/2468/2431 2307/2466/2429
f 2299/2461/2424 2304/2465/2428 2307/2466/2429
f 2307/2466/2429 2300/2462/2425 2299/2461/2424
f 2305/2467/2430 2304/2465/2428 2303/2464/2427
f 2303/2464/2427 2308/2469/2432 2305/2467/2430
f 2305/2467/2430 2308/2469/2432 2309/2470/2433
f 2309/2470/2433 2310/2471/2434 2305/2467/2430
f 2229/2391/2354 2308/2469/2432 2303/2464/2427
f 2303/2464/2427 2231/2393/2356 2229/2391/2354
f 2309/2470/2433 2308/2469/2432 2229/2391/2354
f 2229/2391/2354 2227/2389/2352 2309/2470/2433
f 2313/2472/2435 2310/2471/2434 2311/2473/2436
f 2311/2473/2436 2312/2474/2437 2313/2472/2435
f 2305/2467/2430 2310/2471/2434 2313/2472/2435
f 2313/2472/2435 2306/2468/2431 2305/2467/2430
f 2311/2473/2436 2310/2471/2434 2309/2470/2433
f 2309/2470/2433 2314/2475/2438 2311/2473/2436
f 2311/2473/2436 2314/2475/2438 2315/2476/2439
f 2315/2476/2439 2316/2477/2440 2311/2473/2436
f 2225/2387/2350 2314/2475/2438 2309/2470/2433
f 2309/2470/2433 2227/2389/2352 2225/2387/2350
f 2315/2476/2439 2314/2475/2438 2225/2387/2350
f 2225/2387/2350 2223/2386/2348 2315/2476/2439
f 2319/2478/2441 2316/2479/2440 2317/2480/2442
f 2317/2480/2442 2318/2481/2443 2319/2478/2441
f 2311/2473/2436 2316/2477/2440 2319/2482/2441
f 2319/2482/2441 2312/2474/2437 2311/2473/2436
f 2317/2480/2442 2316/2479/2440 2315/2483/2439
f 2315/2483/2439 2320/2484/2444 2317/2480/2442
f 2317/2480/2442 2320/2484/2444 2321/2485/2445
f 2321/2485/2445 2322/2486/2446 2317/2480/2442
f 2221/2381/2346 2320/2484/2444 2315/2483/2439
f 2315/2483/2439 2223/2383/2348 2221/2381/2346
f 2321/2485/2445 2320/2484/2444 2221/2381/2346
f 2221/2381/2346 2219/2379/2344 2321/2485/2445
f 2325/2487/2447 2322/2486/2446 2323/2488/2448
f 2323/2488/2448 2324/2489/2449 2325/2487/2447
f 2317/2480/2442 2322/2486/2446 2325/2487/2447
f 2325/2487/2447 2318/2481/2443 2317/2480/2442
f 2323/2488/2448 2322/2486/2446 2321/2485/2445
f 2321/2485/2445 2326/2490/2450 2323/2488/2448
f 2323/2488/2448 2326/2490/2450 2327/2491/2451
f 2327/2491/2451 2328/2492/2452 2323/2488/2448
f 2217/2376/2341 2326/2490/2450 2321/2485/2445
f 2321/2485/2445 2219/2379/2344 2217/2376/2341
f 2327/2491/2451 2326/2490/2450 2217/2376/2341
f 2217/2376/2341 2215/2373/2338 2327/2491/2451
f 2331/2493/2453 2328/2492/2452 2329/2494/2454
f 3399/2495/2455 2330/2496/2456 3400/2497/2457
f 2323/2488/2448 2328/2492/2452 2331/2493/2453
f 2331/2493/2453 3401/2498/2458 2324/2489/2449 2323/2488/2448
f 2329/2494/2454 2328/2492/2452 2327/2491/2451
f 2327/2491/2451 2332/2499/2459 3402/2500/2460 2329/2494/2454
f 2213/2372/2337 3403/2501/2461 2332/2499/2462 2327/2491/2451
f 2327/2491/2451 2215/2373/2338 2213/2372/2337
f 2336/2502/2463 2334/2503/2464 3404/2504/2465 2333/2505/2466
f 2333/2505/2466 2335/2506/2467 2336/2502/2463
f 2324/2489/2449 3405/2507/2468 2334/2503/2464 2336/2502/2463
f 2336/2502/2463 2325/2487/2447 2324/2489/2449
f 2338/2508/2469 2336/2502/2463 2335/2506/2467
f 2335/2506/2467 2337/2509/2470 2338/2508/2469
f 2325/2487/2447 2336/2502/2463 2338/2508/2469
f 2338/2508/2469 2318/2481/2443 2325/2487/2447
f 2340/2510/2471 2338/2508/2469 2337/2509/2470
f 2337/2509/2470 2339/2511/2472 2340/2510/2471
f 2318/2481/2443 2338/2508/2469 2340/2510/2471
f 2340/2510/2471 2319/2478/2441 2318/2481/2443
f 2342/2512/2473 2340/2513/2471 2339/2514/2472
f 2339/2514/2472 2341/2515/2474 2342/2512/2473
f 2319/2482/2441 2340/2513/2471 2342/2512/2473
f 2342/2512/2473 2312/2474/2437 2319/2482/2441
f 2344/2516/2475 2342/2512/2473 2341/2515/2474
f 2341/2515/2474 2343/2517/2476 2344/2516/2475
f 2312/2474/2437 2342/2512/2473 2344/2516/2475
f 2344/2516/2475 2313/2472/2435 2312/2474/2437
f 2346/2518/2477 2344/2516/2475 2343/2517/2476
f 2343/2517/2476 2345/2519/2478 2346/2518/2477
f 2313/2472/2435 2344/2516/2475 2346/2518/2477
f 2346/2518/2477 2306/2468/2431 2313/2472/2435
f 2348/2520/2479 2346/2518/2477 2345/2519/2478
f 2345/2519/2478 2347/2521/2480 2348/2520/2479
f 2306/2468/2431 2346/2518/2477 2348/2520/2479
f 2348/2520/2479 2307/2466/2429 2306/2468/2431
f 2350/2522/2481 2348/2520/2479 2347/2521/2480
f 2347/2521/2480 2349/2523/2482 2350/2522/2481
f 2307/2466/2429 2348/2520/2479 2350/2522/2481
f 2350/2522/2481 2300/2462/2425 2307/2466/2429
f 2352/2524/2483 2350/2522/2481 2349/2523/2482
f 2349/2523/2482 2351/2525/2484 2352/2524/2483
f 2300/2462/2425 2350/2522/2481 2352/2524/2483
f 2352/2524/2483 2301/2460/2423 2300/2462/2425
f 2354/2526/2485 2352/2524/2483 2351/2525/2484
f 2351/2525/2484 2353/2527/2486 2354/2526/2485
f 2301/2460/2423 2352/2524/2483 2354/2526/2485
f 2354/2526/2485 2294/2456/2419 2301/2460/2423
f 2356/2528/2487 2354/2526/2485 2353/2527/2486
f 2353/2527/2486 2355/2529/2488 2356/2528/2487
f 2294/2456/2419 2354/2526/2485 2356/2528/2487
f 2356/2528/2487 2295/2454/2417 2294/2456/2419
f 2358/2530/2489 2356/2528/2487 2355/2529/2488
f 2355/2529/2488 2357/2531/2490 2358/2530/2489
f 2295/2454/2417 2356/2528/2487 2358/2530/2489
f 2358/2530/2489 2289/2450/2413 2295/2454/2417
f 2286/2447/2410 2358/2530/2489 2357/2531/2490
f 2357/2531/2490 2359/2532/2491 2286/2447/2410
f 2289/2450/2413 2358/2530/2489 2286/2447/2410
f 2286/2447/2410 2285/2446/2409 2289/2450/2413
f 2361/2533/2492 2359/2532/2491 2357/2531/2490
f 2357/2531/2490 2360/2534/2493 2361/2533/2492
f 2283/2444/2407 2359/2532/2491 2361/2533/2492
f 2361/2533/2492 2362/2535/2494 2283/2444/2407
f 2286/2447/2410 2359/2532/2491 2283/2444/2407
f 2283/2444/2407 2282/2443/2406 2286/2447/2410
f 2364/2536/2495 2362/2535/2494 2361/2533/2492
f 2361/2533/2492 2363/2537/2496 2364/2536/2495
f 2280/2441/2404 2362/2535/2494 2364/2536/2495
f 2364/2536/2495 2365/2538/2497 2280/2441/2404
f 2283/2444/2407 2362/2535/2494 2280/2441/2404
f 2280/2441/2404 2279/2440/2403 2283/2444/2407
f 2367/2539/2498 2365/2538/2497 2364/2536/2495
f 2364/2536/2495 2366/2540/2499 2367/2539/2498
f 2277/2438/2401 2365/2538/2497 2367/2539/2498
f 2367/2539/2498 2368/2541/2500 2277/2438/2401
f 2280/2441/2404 2365/2538/2497 2277/2438/2401
f 2277/2438/2401 2276/2437/2400 2280/2441/2404
f 1502/1647/1620 2368/2541/2500 2367/2539/2498
f 2367/2539/2498 1504/1649/1622 1502/1647/1620
f 2274/2435/2398 2368/2541/2500 1502/1647/1620
f 1502/1647/1620 1500/1645/1618 2274/2435/2398
f 2277/2438/2401 2368/2541/2500 2274/2435/2398
f 2274/2435/2398 2273/2434/2397 2277/2438/2401
f 1504/1649/1622 2367/2539/2498 2366/2540/2499
f 2366/2540/2499 1506/1651/1624 1504/1649/1622
f 1506/1651/1624 2366/2540/2499 2369/2542/2501
f 2369/2542/2501 1508/1653/1626 1506/1651/1624
f 2369/2542/2501 2366/2540/2499 2364/2536/2495
f 2364/2536/2495 2363/2537/2496 2369/2542/2501
f 1508/1653/1626 2369/2542/2501 2370/2543/2502
f 2370/2543/2502 1510/1655/1628 1508/1653/1626
f 2370/2543/2502 2369/2542/2501 2363/2537/2496
f 2363/2537/2496 2371/2544/2503 2370/2543/2502
f 2370/2543/2502 2371/2544/2503 2372/2545/2504
f 2372/2545/2504 2373/2546/2505 2370/2543/2502
f 2360/2534/2493 2371/2544/2503 2363/2537/2496
f 2363/2537/2496 2361/2533/2492 2360/2534/2493
f 2372/2545/2504 2371/2544/2503 2360/2534/2493
f 2360/2534/2493 2374/2547/2506 2372/2545/2504
f 2372/2545/2504 2374/2547/2506 2375/2548/2507
f 2375/2548/2507 2376/2549/2508 2372/2545/2504
f 2355/2529/2488 2374/2547/2506 2360/2534/2493
f 2360/2534/2493 2357/2531/2490 2355/2529/2488
f 2375/2548/2507 2374/2547/2506 2355/2529/2488
f 2355/2529/2488 2353/2527/2486 2375/2548/2507
f 2379/2550/2509 2376/2549/2508 2377/2551/2510
f 2377/2551/2510 2378/2552/2511 2379/2550/2509
f 2372/2545/2504 2376/2549/2508 2379/2550/2509
f 2379/2550/2509 2373/2546/2505 2372/2545/2504
f 2377/2551/2510 2376/2549/2508 2375/2548/2507
f 2375/2548/2507 2380/2553/2512 2377/2551/2510
f 2377/2551/2510 2380/2553/2512 2381/2554/2513
f 2381/2554/2513 2382/2555/2514 2377/2551/2510
f 2351/2525/2484 2380/2553/2512 2375/2548/2507
f 2375/2548/2507 2353/2527/2486 2351/2525/2484
f 2381/2554/2513 2380/2553/2512 2351/2525/2484
f 2351/2525/2484 2349/2523/2482 2381/2554/2513
f 2385/2556/2515 2382/2555/2514 2383/2557/2516
f 2383/2557/2516 2384/2558/2517 2385/2556/2515
f 2377/2551/2510 2382/2555/2514 2385/2556/2515
f 2385/2556/2515 2378/2552/2511 2377/2551/2510
f 2383/2557/2516 2382/2555/2514 2381/2554/2513
f 2381/2554/2513 2386/2559/2518 2383/2557/2516
f 2383/2557/2516 2386/2559/2518 2387/2560/2519
f 2387/2560/2519 2388/2561/2520 2383/2557/2516
f 2347/2521/2480 2386/2559/2518 2381/2554/2513
f 2381/2554/2513 2349/2523/2482 2347/2521/2480
f 2387/2560/2519 2386/2559/2518 2347/2521/2480
f 2347/2521/2480 2345/2519/2478 2387/2560/2519
f 2391/2562/2521 2388/2561/2520 2389/2563/2522
f 2389/2563/2522 2390/2564/2523 2391/2562/2521
f 2383/2557/2516 2388/2561/2520 2391/2562/2521
f 2391/2562/2521 2384/2558/2517 2383/2557/2516
f 2389/2563/2522 2388/2561/2520 2387/2560/2519
f 2387/2560/2519 2392/2565/2524 2389/2563/2522
f 2389/2563/2522 2392/2565/2524 2393/2566/2525
f 2393/2566/2525 2394/2567/2526 2389/2563/2522
f 2343/2517/2476 2392/2565/2524 2387/2560/2519
f 2387/2560/2519 2345/2519/2478 2343/2517/2476
f 2393/2566/2525 2392/2565/2524 2343/2517/2476
f 2343/2517/2476 2341/2515/2474 2393/2566/2525
f 2397/2568/2527 2394/2567/2526 2395/2569/2528
f 2395/2569/2528 2396/2570/2529 2397/2568/2527
f 2389/2563/2522 2394/2567/2526 2397/2568/2527
f 2397/2568/2527 2390/2564/2523 2389/2563/2522
f 2395/2569/2528 2394/2567/2526 2393/2566/2525
f 2393/2566/2525 2398/2571/2530 2395/2569/2528
f 2395/2572/2528 2398/2573/2530 2399/2574/2531
f 2399/2574/2531 2400/2575/2532 2395/2572/2528
f 2339/2514/2472 2398/2571/2530 2393/2566/2525
f 2393/2566/2525 2341/2515/2474 2339/2514/2472
f 2399/2574/2531 2398/2573/2530 2339/2511/2472
f 2339/2511/2472 2337/2509/2470 2399/2574/2531
f 2403/2576/2533 2400/2575/2532 2401/2577/2534
f 2401/2577/2534 2402/2578/2535 2403/2576/2533
f 2395/2572/2528 2400/2575/2532 2403/2576/2533
f 2403/2576/2533 2396/2579/2529 2395/2572/2528
f 2401/2577/2534 2400/2575/2532 2399/2574/2531
f 2399/2574/2531 2404/2580/2536 2401/2577/2534
f 2401/2577/2534 2404/2580/2536 2405/2581/2537
f 2405/2581/2537 3406/2582/2538 2406/2583/2539 2401/2577/2534
f 2335/2506/2467 2404/2580/2536 2399/2574/2531
f 2399/2574/2531 2337/2509/2470 2335/2506/2467
f 2405/2581/2537 2404/2580/2536 2335/2506/2467
f 2335/2506/2467 2333/2505/2466 3407/2584/2540 2405/2581/2537
f 2401/2577/2534 2406/2583/2539 3408/2585/2541 2407/2586/2542
f 2407/2586/2542 2402/2578/2535 2401/2577/2534
f 2402/2578/2535 2407/2586/2542 3409/2587/2543 1534/2588/2544
f 1534/2588/2544 3390/2589/2545 1532/1679/1649 2402/2578/2535
f 1530/1677/1647 2403/2576/2533 2402/2578/2535
f 2402/2578/2535 1532/1679/1649 1530/1677/1647
f 2396/2579/2529 2403/2576/2533 1530/1677/1647
f 1530/1677/1647 1528/1676/1645 2396/2579/2529
f 1526/1671/1643 2397/2568/2527 2396/2570/2529
f 2396/2570/2529 1528/1673/1645 1526/1671/1643
f 2390/2564/2523 2397/2568/2527 1526/1671/1643
f 1526/1671/1643 1524/1669/1641 2390/2564/2523
f 1522/1667/1639 2391/2562/2521 2390/2564/2523
f 2390/2564/2523 1524/1669/1641 1522/1667/1639
f 2384/2558/2517 2391/2562/2521 1522/1667/1639
f 1522/1667/1639 1520/1665/1638 2384/2558/2517
f 1518/1663/1636 2385/2556/2515 2384/2558/2517
f 2384/2558/2517 1520/1665/1638 1518/1663/1636
f 2378/2552/2511 2385/2556/2515 1518/1663/1636
f 1518/1663/1636 1516/1661/1634 2378/2552/2511
f 1514/1659/1632 2379/2550/2509 2378/2552/2511
f 2378/2552/2511 1516/1661/1634 1514/1659/1632
f 2373/2546/2505 2379/2550/2509 1514/1659/1632
f 1514/1659/1632 1512/1657/1630 2373/2546/2505
f 2370/2543/2502 2373/2546/2505 1512/1657/1630
f 1512/1657/1630 1510/1655/1628 2370/2543/2502
f 2271/2432/2395 2274/2435/2398 1500/1645/1618
f 1500/1645/1618 1498/1643/1616 2271/2432/2395
f 1565/1716/1684 2169/2318/2286 2168/2319/2287
f 2168/2319/2287 1567/1718/1686 1565/1716/1684
f 2096/2247/2215 2168/2319/2287 2164/2314/2282
f 2164/2314/2282 2097/2248/2216 2096/2247/2215
f 1567/1718/1686 2168/2319/2287 2096/2247/2215
f 2096/2247/2215 1569/1720/1688 1567/1718/1686
f 2133/2283/2251 2136/2286/2254 1488/1633/1606
f 1488/1633/1606 1486/1631/1604 2133/2283/2251
f 1569/1720/1688 2093/2243/2211 1572/1723/1691
f 1572/1723/1691 1570/1719/1687 1569/1720/1688
f 2055/2205/2173 2058/2208/2176 1476/1621/1594
f 1476/1621/1594 1474/1619/1592 2055/2205/2173
f 1575/1726/1694 2009/2160/2128 1578/1729/1697
f 1578/1729/1697 1576/1725/1693 1575/1726/1694
f 1578/1729/1697 2006/2156/2124 1581/1732/1700
f 1581/1732/1700 1579/1728/1696 1578/1729/1697
f 1959/2109/2077 1962/2112/2080 1464/1609/1583
f 1464/1609/1583 1462/1607/1581 1959/2109/2077
f 1584/1735/1703 1904/2055/2023 1587/1738/1706
f 1587/1738/1706 1585/1734/1702 1584/1735/1703
f 1587/1738/1706 1901/2051/2019 1590/1741/1709
f 1590/1741/1709 1588/1737/1705 1587/1738/1706
f 1845/1995/1963 1848/1998/1966 1452/1597/1571
f 1452/1597/1571 1450/1595/1569 1845/1995/1963
f 1593/1744/1712 1781/1932/1900 1596/1747/1715
f 1596/1747/1715 1594/1743/1711 1593/1744/1712
f 1596/1747/1715 1778/1928/1896 1599/1750/1718
f 1599/1750/1718 1597/1746/1714 1596/1747/1715
f 1614/1765/1733 1776/1926/1894 1617/1768/1736
f 1617/1768/1736 1615/1764/1732 1614/1765/1733
f 1617/1768/1736 1772/1922/1890 1620/1771/1739
f 1620/1771/1739 1618/1767/1735 1617/1768/1736
f 1620/1771/1739 1768/1918/1886 1623/1774/1742
f 1623/1774/1742 1621/1770/1738 1620/1771/1739
f 1623/1774/1742 1764/1914/1882 1626/1777/1745
f 1626/1777/1745 1624/1773/1741 1623/1774/1742
f 1626/1777/1745 1760/1910/1878 1629/1780/1748
f 1629/1780/1748 1627/1776/1744 1626/1777/1745
f 1629/1780/1748 1756/1906/1874 1632/1783/1751
f 1632/1783/1751 1630/1779/1747 1629/1780/1748
f 1632/1783/1751 1752/1902/1870 1635/1786/1754
f 1635/1786/1754 1633/1782/1750 1632/1783/1751
f 1635/1786/1754 1748/1898/1866 1638/1789/1757
f 1638/1789/1757 1636/1785/1753 1635/1786/1754
f 1638/1789/1757 1744/1894/1862 1641/1792/1760
f 1641/1792/1760 1639/1788/1756 1638/1789/1757
f 1641/1792/1760 1740/1890/1858 1644/1795/1763
f 1644/1795/1763 1642/1791/1759 1641/1792/1760
f 1644/1795/1763 1736/1886/1854 1647/1798/1766
f 1647/1798/1766 1645/1794/1762 1644/1795/1763
f 1647/1798/1766 1732/1881/1849 1731/1882/1850
f 1731/1882/1850 1648/1797/1765 1647/1798/1766
f 1652/1803/1771 1731/1882/1850 1727/1876/1844
f 1727/1876/1844 1726/1877/1845 1652/1803/1771
f 1648/1797/1765 1731/1882/1850 1652/1803/1771
f 1652/1803/1771 1649/1800/1768 1648/1797/1765
f 1655/1806/1774 1726/1877/1845 1722/1871/1839
f 1722/1871/1839 1721/1872/1840 1655/1806/1774
f 1652/1803/1771 1726/1877/1845 1655/1806/1774
f 1655/1806/1774 1653/1802/1770 1652/1803/1771
f 1658/1809/1777 1721/1872/1840 1717/1866/1834
f 1717/1866/1834 1716/1867/1835 1658/1809/1777
f 1655/1806/1774 1721/1872/1840 1658/1809/1777
f 1658/1809/1777 1656/1805/1773 1655/1806/1774
f 1661/1812/1780 1716/1867/1835 1712/1861/1829
f 1712/1861/1829 1711/1862/1830 1661/1812/1780
f 1658/1809/1777 1716/1867/1835 1661/1812/1780
f 1661/1812/1780 1659/1808/1776 1658/1809/1777
f 1664/1815/1783 1711/1862/1830 1707/1856/1824
f 1707/1856/1824 1706/1857/1825 1664/1815/1783
f 1661/1812/1780 1711/1862/1830 1664/1815/1783
f 1664/1815/1783 1662/1811/1779 1661/1812/1780
f 1667/1818/1786 1706/1857/1825 1702/1851/1819
f 1702/1851/1819 1701/1852/1820 1667/1818/1786
f 1664/1815/1783 1706/1857/1825 1667/1818/1786
f 1667/1818/1786 1665/1814/1782 1664/1815/1783
f 1670/1821/1789 1701/1852/1820 1697/1847/1815
f 1697/1847/1815 1672/1823/1791 1670/1821/1789
f 1667/1818/1786 1701/1852/1820 1670/1821/1789
f 1670/1821/1789 1668/1817/1785 1667/1818/1786
f 1687/1837/1805 1690/1840/1808 1440/1585/1559
f 1440/1585/1559 1438/1583/1557 1687/1837/1805
f 1602/1753/1721 1612/1763/1731 1605/1756/1724
f 1605/1756/1724 1603/1752/1720 1602/1753/1721
f 1363/1501/1479 1428/1573/1547 1426/1571/1545
f 1426/1571/1545 1364/1500/1478 1363/1501/1479
f 1364/1500/1478 1426/1571/1545 1424/1569/1543
f 1424/1569/1543 1365/1503/1481 1364/1500/1478
f 1365/1503/1481 1424/1569/1543 1422/1567/1541
f 1422/1567/1541 1367/1505/1483 1365/1503/1481
f 1367/1505/1483 1422/1567/1541 1420/1565/1539
f 1420/1565/1539 1369/1507/1485 1367/1505/1483
f 1369/1507/1485 1420/1565/1539 1418/1563/1537
f 1418/1563/1537 1371/1509/1487 1369/1507/1485
f 1371/1509/1487 1418/1563/1537 1416/1561/1535
f 1416/1561/1535 1373/1511/1489 1371/1509/1487
f 1373/1511/1489 1416/1561/1535 1414/1559/1533
f 1414/1559/1533 1375/1513/1491 1373/1511/1489
f 1375/1513/1491 1414/1559/1533 1412/1557/1531
f 1412/1557/1531 1377/1515/1493 1375/1513/1491
f 1377/1515/1493 1412/1557/1531 1410/1555/1529
f 1410/1555/1529 1379/1517/1495 1377/1515/1493
f 1379/1517/1495 1410/1555/1529 1408/1554/1527
f 1408/1554/1527 1381/1519/1497 1379/1517/1495
f 1381/1522/1497 1408/1551/1527 1406/1549/1525
f 1406/1549/1525 1383/1523/1499 1381/1522/1497
f 1383/1523/1499 1406/1549/1525 1404/1547/1523
f 1404/1547/1523 1385/1525/1501 1383/1523/1499
f 1385/1525/1501 1404/1547/1523 1391/1531/1507
f 1391/1531/1507 1387/1527/1503 1385/1525/1501
f 1260/1396/1374 1280/1418/1396 1278/1416/1394
f 1278/1416/1394 1261/1399/1377 1260/1396/1374
f 1261/1399/1377 1278/1416/1394 1276/1413/1391
f 1276/1413/1391 1263/1401/1379 1261/1399/1377
f 1147/1271/1249 1172/1303/1281 1150/1274/1252
f 1150/1274/1252 1148/1270/1248 1147/1271/1249
f 3/4/4 1156/1278/1256 1155/1279/1257
f 1155/1279/1257 4/5/5 3/4/4
f 1017/1136/1119 1025/1147/1127 1020/1139/1122
f 1020/1139/1122 1018/1135/1118 1017/1136/1119
f 712/805/797 721/814/806 715/808/800
f 715/808/800 713/802/794 712/805/797
f 9/7/7 693/778/770 692/779/771
f 692/779/771 10/12/12 9/7/7
f 42/45/45 504/585/577 502/583/575
f 502/583/575 43/46/46 42/45/45
f 39/42/42 41/44/44 29/33/33
f 29/33/33 26/26/26 39/42/42
f 19/19/19 39/42/42 26/26/26
f 26/26/26 25/29/29 19/19/19
f 19/19/19 25/29/29 21/23/23
f 21/23/23 13/15/15 19/19/19
f 2424/2590/2546 2425/2591/2547 2422/2592/2548 3416/2593/2549
f 2437/2594/2550 2438/2595/2551 2435/2596/2552 3424/2597/2553
f 2438/2595/2551 2437/2594/2554 3425/2598/2555 2439/2599/2556
f 2439/2599/2556 3426/2600/2557 2440/2601/2558 2438/2595/2551
f 2444/2602/2559 3429/2603/2560 2443/2604/2561 2445/2605/2562
f 2445/2605/2562 2446/2606/2563 2444/2602/2559
f 2445/2605/2562 2443/2604/2561 3430/2607/2564 2409/2608/2565
f 2409/2608/2565 2447/2609/2566 2445/2605/2562
f 2445/2605/2562 2447/2609/2566 2448/2610/2567
f 2448/2610/2567 2449/2611/2568 2445/2605/2562
f 2448/2610/2567 2447/2609/2566 2410/2612/2569
f 2410/2612/2569 3431/2613/2570 2450/2614/2571 2448/2610/2567
f 2410/2612/2569 2447/2609/2566 2409/2608/2565
f 3410/2615/2572 2408/2616/2573 3411/2617/2574
f 2448/2610/2567 2450/2614/2571 3432/2618/2575 2451/2619/2576
f 2451/2619/2576 2452/2620/2577 2448/2610/2567
f 2453/2621/2578 2454/2622/2579 2451/2619/2576 3433/2623/2580
f 3434/2624/2581 2455/2625/2582 3435/2626/2583
f 2456/2627/2584 2457/2628/2585 2453/2621/2578
f 3439/2629/2586 2461/2630/2587 2459/2631/2588 3438/2632/2589
f 2459/2631/2588 2461/2630/2587 2462/2633/2590
f 2462/2633/2590 2463/2634/2591 2459/2631/2588
f 2462/2633/2590 2461/2630/2587 3440/2635/2592 2412/2636/2593
f 2412/2636/2593 3441/2637/2594 2464/2638/2595 2462/2633/2590
f 2462/2633/2590 2464/2638/2595 2465/2639/2596
f 2465/2639/2596 2466/2640/2597 2462/2633/2590
f 2465/2639/2596 2464/2638/2595 3442/2641/2598 2414/2642/2599
f 2414/2642/2599 2467/2643/2600 2465/2639/2596
f 2465/2639/2596 2467/2643/2600 2468/2644/2601
f 2468/2644/2601 2469/2645/2602 2465/2639/2596
f 2468/2644/2601 2467/2643/2600 2415/2646/2603
f 2415/2646/2603 2470/2647/2604 2468/2644/2601
f 2415/2646/2603 2467/2643/2600 2414/2642/2599
f 3412/2648/2605 2413/2649/2606 3413/2650/2607
f 2468/2644/2601 2470/2647/2604 2471/2651/2608
f 2471/2651/2608 2472/2652/2609 2468/2644/2601
f 2471/2651/2608 2470/2647/2604 2473/2653/2610
f 2473/2653/2610 3443/2654/2611 2474/2655/2612 2471/2651/2608
f 2473/2653/2610 2470/2647/2604 2415/2646/2603 3444/2656/2613
f 2475/2657/2614 2476/2658/2615 2474/2655/2612 3445/2659/2616
f 2479/2660/2617 3450/2661/2618 2481/2662/2619 2482/2663/2620
f 2482/2663/2620 2483/2664/2621 2479/2660/2617
f 2482/2663/2620 2481/2662/2622 3451/2665/2623 2416/2666/2624
f 2416/2666/2624 3452/2667/2625 2484/2668/2626 2482/2663/2620
f 2482/2663/2620 2484/2668/2626 2485/2669/2627
f 2485/2669/2627 2486/2670/2628 2482/2663/2620
f 3454/2671/2629 3453/2672/2630 2417/2673/2631
f 2485/2669/2627 3455/2674/2632 2487/2675/2633 2488/2676/2634
f 2488/2676/2634 2489/2677/2635 2485/2669/2627
f 2488/2676/2634 2487/2675/2633 3456/2678/2636 2418/2679/2637
f 2418/2679/2637 3457/2680/2638 2490/2681/2639 2488/2676/2634
f 2488/2676/2634 2490/2681/2639 3458/2682/2640 2491/2683/2641
f 2491/2683/2641 2492/2684/2642 2488/2676/2634
f 3460/2685/2643 2493/2686/2644 2491/2683/2641 3459/2687/2645
f 2491/2683/2641 2493/2686/2644 2494/2688/2646
f 2494/2688/2646 2495/2689/2647 2491/2683/2641
f 3462/2690/2648 3461/2691/2649 2420/2692/2650
f 2495/2689/2647 2494/2688/2646 2496/2693/2651
f 2496/2693/2651 2497/2694/2652 2495/2689/2647
f 2496/2693/2651 2494/2688/2646 3463/2695/2653 2421/2696/2654
f 2421/2696/2654 3415/2697/2655 2423/2698/2656 2496/2693/2651
f 2497/2694/2652 2496/2693/2651 2498/2699/2657
f 2498/2699/2657 2499/2700/2658 2497/2694/2652
f 2498/2699/2657 2496/2693/2651 2423/2698/2656
f 2423/2698/2656 2500/2701/2659 2498/2699/2657
f 2498/2699/2657 2500/2701/2659 2501/2702/2660
f 2501/2702/2660 2502/2703/2661 2498/2699/2657
f 2501/2702/2660 2500/2701/2659 2425/2591/2547
f 2425/2591/2547 2503/2704/2662 2501/2702/2660
f 2425/2591/2547 2500/2701/2659 2423/2698/2656
f 2423/2698/2656 3414/2705/2663 2422/2592/2548 2425/2591/2547
f 2501/2702/2660 2503/2704/2662 2504/2706/2664
f 2504/2706/2664 2505/2707/2665 2501/2702/2660
f 2504/2706/2664 2503/2704/2662 2427/2708/2666
f 2427/2708/2666 2506/2709/2667 2504/2706/2664
f 2427/2708/2666 2503/2704/2662 2425/2591/2547
f 2425/2591/2547 2424/2590/2546 3418/2710/2668 2427/2708/2666
f 2504/2706/2664 2506/2709/2667 2507/2711/2669
f 2507/2711/2669 2508/2712/2670 2504/2706/2664
f 2507/2711/2669 2506/2709/2667 2429/2713/2671
f 2429/2713/2671 2509/2714/2672 2507/2711/2669
f 2429/2713/2671 2506/2709/2667 2427/2708/2666
f 3417/2715/2673 2426/2716/2674 3420/2717/2675
f 2507/2711/2669 2509/2714/2672 2510/2718/2676
f 2510/2718/2676 2511/2719/2677 2507/2711/2669
f 2510/2718/2676 2509/2714/2672 2512/2720/2678
f 2512/2720/2678 2513/2721/2679 2510/2718/2676
f 2512/2720/2678 2509/2714/2672 2429/2713/2671
f 2429/2713/2671 3419/2722/2680 2428/2723/2681 2512/2720/2678
f 2513/2721/2679 2512/2720/2678 2514/2724/2682
f 2514/2724/2682 2515/2725/2683 2513/2721/2679
f 2514/2724/2682 2512/2720/2678 2428/2723/2681
f 2428/2723/2681 3421/2726/2684 2430/2727/2685 2514/2724/2682
f 2515/2725/2683 2514/2724/2682 2516/2728/2686
f 2516/2728/2686 2517/2729/2687 2515/2725/2683
f 2516/2728/2686 2514/2724/2682 2430/2727/2688
f 2430/2727/2688 3422/2730/2689 2431/2731/2690 2516/2728/2686
f 2517/2729/2687 2516/2728/2686 2518/2732/2691
f 2518/2732/2691 2519/2733/2692 2517/2729/2687
f 2518/2732/2691 2516/2728/2686 2431/2731/2690 3464/2734/2693
f 2519/2733/2692 2518/2732/2691 2520/2735/2694
f 2520/2735/2694 2521/2736/2695 2519/2733/2692
f 3466/2737/2696 3465/2738/2697 2432/2739/2698
f 2521/2736/2695 2520/2735/2694 2522/2740/2699
f 2522/2740/2699 2523/2741/2700 2521/2736/2695
f 3468/2742/2701 3467/2743/2702 2433/2744/2703
f 2523/2741/2700 2522/2740/2699 3470/2745/2704 2524/2746/2705
f 2524/2746/2706 2525/2747/2707 2523/2741/2700
f 2525/2747/2707 2524/2746/2706 3471/2748/2708 2526/2749/2709
f 2526/2749/2709 3472/2750/2710 2527/2751/2711 2525/2747/2707
f 2532/2752/2712 3478/2753/2713 2533/2754/2714 2534/2755/2715
f 2534/2755/2715 2535/2756/2716 2532/2752/2712
f 2534/2755/2715 2533/2754/2714 3479/2757/2717 2436/2758/2718
f 2436/2758/2718 2536/2759/2719 2534/2755/2715
f 2534/2755/2715 2536/2759/2719 1395/1533/1509
f 1395/1533/1509 1394/1534/1510 2534/2755/2715
f 1395/1533/1509 2536/2759/2719 2537/2760/2720
f 2537/2760/2720 1396/1536/1512 1395/1533/1509
f 2537/2760/2720 2536/2759/2719 2436/2758/2718
f 2436/2758/2718 3423/2761/2721 2435/2596/2552 2537/2760/2720
f 1396/1536/1512 2537/2760/2720 2538/2762/2722
f 2538/2762/2722 1398/1538/1514 1396/1536/1512
f 2538/2762/2722 2537/2760/2720 2435/2596/2552
f 2435/2596/2552 2438/2595/2551 2538/2762/2722
f 1398/1538/1514 2538/2762/2722 2539/2763/2723
f 2539/2763/2723 1400/1540/1516 1398/1538/1514
f 2539/2763/2723 2538/2762/2722 2438/2595/2551
f 2438/2595/2551 2440/2601/2558 2539/2763/2723
f 1400/1540/1516 2539/2763/2723 2442/2764/2724
f 2442/2764/2724 3480/2765/2725 1402/1542/1518 1400/1540/1516
f 2442/2764/2724 2539/2763/2723 2440/2601/2558
f 3427/2766/2726 2441/2767/2727 3428/2768/2728
f 2534/2755/2715 1394/1534/1510 1403/1545/1521
f 1403/1545/1521 2535/2756/2716 2534/2755/2715
f 2535/2756/2716 1403/1545/1521 1405/2769/1522
f 1405/2769/1522 2540/2770/2729 2535/2756/2716
f 2540/2770/2729 1405/2769/1522 1407/2771/1524
f 1407/2771/1524 2541/2772/2730 2540/2770/2729
f 2541/2772/2730 1407/2771/1524 1409/2773/1526
f 1409/2773/1526 2542/2774/2731 2541/2772/2730
f 2542/2775/2731 1409/1553/1526 1411/1552/1528
f 1411/1552/1528 2543/2776/2732 2542/2775/2731
f 2543/2776/2732 1411/1552/1528 1413/1556/1530
f 1413/1556/1530 2544/2777/2733 2543/2776/2732
f 2544/2777/2733 1413/1556/1530 1415/1558/1532
f 1415/1558/1532 2545/2778/2734 2544/2777/2733
f 2545/2778/2734 1415/1558/1532 1417/1560/1534
f 1417/1560/1534 2546/2779/2735 2545/2778/2734
f 2546/2779/2735 1417/1560/1534 1419/1562/1536
f 1419/1562/1536 2547/2780/2736 2546/2779/2735
f 2547/2780/2736 1419/1562/1536 1421/1564/1538
f 1421/1564/1538 2548/2781/2737 2547/2780/2736
f 2548/2781/2737 1421/1564/1538 1423/1566/1540
f 1423/1566/1540 2549/2782/2738 2548/2781/2737
f 2549/2782/2738 1423/1566/1540 1425/1568/1542
f 1425/1568/1542 2550/2783/2739 2549/2782/2738
f 2550/2783/2739 1425/1568/1542 1427/1570/1544
f 1427/1570/1544 2551/2784/2740 2550/2783/2739
f 2551/2784/2740 1427/1570/1544 1429/1572/1546
f 1429/1572/1546 2552/2785/2741 2551/2784/2740
f 2552/2785/2741 1429/1572/1546 1431/1574/1548
f 1431/1574/1548 2553/2786/2742 2552/2785/2741
f 2553/2786/2742 1431/1574/1548 1433/1576/1550
f 1433/1576/1550 2554/2787/2743 2553/2786/2742
f 2554/2787/2743 1433/1576/1550 1435/1578/1552
f 1435/1578/1552 2555/2788/2744 2554/2787/2743
f 2555/2788/2744 1435/1578/1552 1437/1580/1554
f 1437/1580/1554 2556/2789/2745 2555/2788/2744
f 2556/2789/2745 1437/1580/1554 1439/1582/1556
f 1439/1582/1556 2557/2790/2746 2556/2789/2745
f 2557/2790/2746 1439/1582/1556 1441/1584/1558
f 1441/1584/1558 2558/2791/2747 2557/2790/2746
f 2558/2791/2747 1441/1584/1558 1443/1586/1560
f 1443/1586/1560 2559/2792/2748 2558/2791/2747
f 2559/2792/2748 1443/1586/1560 1445/1588/1562
f 1445/1588/1562 2560/2793/2749 2559/2792/2748
f 2560/2793/2749 1445/1588/1562 1447/1590/1564
f 1447/1590/1564 2561/2794/2750 2560/2793/2749
f 2561/2794/2750 1447/1590/1564 1449/1592/1566
f 1449/1592/1566 2562/2795/2751 2561/2794/2750
f 2562/2795/2751 1449/1592/1566 1451/1594/1568
f 1451/1594/1568 2563/2796/2752 2562/2795/2751
f 2563/2796/2752 1451/1594/1568 1453/1596/1570
f 1453/1596/1570 2564/2797/2753 2563/2796/2752
f 2564/2797/2753 1453/1596/1570 1455/1598/1572
f 1455/1598/1572 2565/2798/2754 2564/2797/2753
f 2565/2798/2754 1455/1598/1572 1457/1600/1574
f 1457/1600/1574 2566/2799/2755 2565/2798/2754
f 2566/2799/2755 1457/1600/1574 1459/1602/1576
f 1459/1602/1576 2567/2800/2756 2566/2799/2755
f 2567/2800/2756 1459/1602/1576 1461/1604/1578
f 1461/1604/1578 2568/2801/2757 2567/2800/2756
f 2568/2801/2757 1461/1604/1578 1463/1606/1580
f 1463/1606/1580 2569/2802/2758 2568/2801/2757
f 2569/2802/2758 1463/1606/1580 1465/1608/1582
f 1465/1608/1582 2570/2803/2759 2569/2802/2758
f 2570/2803/2759 1465/1608/1582 1467/1610/1584
f 1467/1610/1584 2571/2804/2760 2570/2803/2759
f 2571/2804/2760 1467/1610/1584 1469/1612/1586
f 1469/1612/1586 2572/2805/2761 2571/2804/2760
f 2572/2805/2761 1469/1612/1586 1471/1614/1558
f 1471/1614/1558 2573/2806/2762 2572/2805/2761
f 2573/2806/2762 1471/1614/1558 1473/1616/1589
f 1473/1616/1589 2574/2807/2763 2573/2806/2762
f 2574/2807/2763 1473/1616/1589 1475/1618/1591
f 1475/1618/1591 2575/2808/2764 2574/2807/2763
f 2575/2808/2764 1475/1618/1591 1477/1620/1593
f 1477/1620/1593 2576/2809/2765 2575/2808/2764
f 2576/2809/2765 1477/1620/1593 1479/1622/1595
f 1479/1622/1595 2577/2810/2766 2576/2809/2765
f 2577/2810/2766 1479/1622/1595 1481/1624/1597
f 1481/1624/1597 2578/2811/2767 2577/2810/2766
f 2578/2811/2767 1481/1624/1597 1483/1626/1599
f 1483/1626/1599 2579/2812/2768 2578/2811/2767
f 2579/2812/2768 1483/1626/1599 1485/1628/1601
f 1485/1628/1601 2580/2813/2769 2579/2812/2768
f 2580/2813/2769 1485/1628/1601 1487/1630/1603
f 1487/1630/1603 2581/2814/2770 2580/2813/2769
f 2581/2814/2770 1487/1630/1603 1489/1632/1605
f 1489/1632/1605 2582/2815/2771 2581/2814/2770
f 2582/2815/2771 1489/1632/1605 1491/1634/1607
f 1491/1634/1607 2583/2816/2772 2582/2815/2771
f 2583/2816/2772 1491/1634/1607 1493/1636/1609
f 1493/1636/1609 2584/2817/2773 2583/2816/2772
f 2584/2817/2773 1493/1636/1609 1495/1638/1611
f 1495/1638/1611 2585/2818/2774 2584/2817/2773
f 2585/2818/2774 1495/1638/1611 1497/1640/1613
f 1497/1640/1613 2586/2819/2775 2585/2818/2774
f 2586/2819/2775 1497/1640/1613 1499/1642/1615
f 1499/1642/1615 2587/2820/2776 2586/2819/2775
f 2587/2820/2776 1499/1642/1615 1501/1644/1617
f 1501/1644/1617 2588/2821/2777 2587/2820/2776
f 2588/2821/2777 1501/1644/1617 1503/1646/1619
f 1503/1646/1619 2589/2822/2778 2588/2821/2777
f 2589/2822/2778 1503/1646/1619 1505/1648/1621
f 1505/1648/1621 2590/2823/2779 2589/2822/2778
f 2590/2823/2779 1505/1648/1621 1507/1650/1623
f 1507/1650/1623 2591/2824/2780 2590/2823/2779
f 2591/2824/2780 1507/1650/1623 1509/1652/1625
f 1509/1652/1625 2592/2825/2781 2591/2824/2780
f 2592/2825/2781 1509/1652/1625 1511/1654/1627
f 1511/1654/1627 2593/2826/2782 2592/2825/2781
f 2593/2826/2782 1511/1654/1627 1513/1656/1629
f 1513/1656/1629 2594/2827/2783 2593/2826/2782
f 2594/2827/2783 1513/1656/1629 1515/1658/1631
f 1515/1658/1631 2595/2828/2784 2594/2827/2783
f 2595/2828/2784 1515/1658/1631 1517/1660/1633
f 1517/1660/1633 2596/2829/2785 2595/2828/2784
f 2596/2829/2785 1517/1660/1633 1519/1662/1635
f 1519/1662/1635 2597/2830/2786 2596/2829/2785
f 2597/2830/2786 1519/1662/1635 1521/1664/1637
f 1521/1664/1637 2598/2831/2787 2597/2830/2786
f 2598/2831/2787 1521/1664/1637 1523/1666/1635
f 1523/1666/1635 2599/2832/2788 2598/2831/2787
f 2599/2832/2788 1523/1666/1635 1525/1668/1640
f 1525/1668/1640 2600/2833/2789 2599/2832/2788
f 2600/2833/2789 1525/1668/1640 1527/1670/1642
f 1527/1670/1642 2601/2834/2790 2600/2833/2789
f 2601/2834/2790 1527/1670/1642 1529/1672/1644
f 1529/1672/1644 2602/2835/2791 2601/2834/2790
f 2602/2836/2791 1529/1675/1644 1531/1674/1646
f 1531/1674/1646 2603/2837/2792 2602/2836/2791
f 2603/2837/2792 1531/1674/1646 1533/1678/1648
f 1533/1678/1648 3481/2838/2793 2604/2839/2794 2603/2837/2792
f 3482/2840/2795 2605/2841/2796 3483/2842/2797
f 2607/2843/2798 2608/2844/2799 2606/2845/2800
f 2608/2844/2799 2607/2843/2798 3484/2846/2801 2609/2847/2802
f 2609/2847/2802 2610/2848/2803 2608/2844/2799
f 2610/2848/2803 2609/2847/2802 2611/2849/2804
f 2611/2849/2804 2612/2850/2805 2610/2848/2803
f 2611/2849/2804 2609/2847/2802 3485/2851/2806 2444/2602/2559
f 2444/2602/2559 2446/2606/2563 2611/2849/2804
f 2612/2850/2805 2611/2849/2804 2613/2852/2807
f 2613/2852/2807 2614/2853/2808 2612/2850/2805
f 2613/2852/2807 2611/2849/2804 2446/2606/2563
f 2446/2606/2563 2615/2854/2809 2613/2852/2807
f 2613/2852/2807 2615/2854/2809 2616/2855/2810
f 2616/2855/2810 2617/2856/2811 2613/2852/2807
f 2616/2855/2810 2615/2854/2809 2449/2611/2568
f 2449/2611/2568 2618/2857/2812 2616/2855/2810
f 2449/2611/2568 2615/2854/2809 2446/2606/2563
f 2446/2606/2563 2445/2605/2562 2449/2611/2568
f 2616/2855/2810 2618/2857/2812 2619/2858/2813
f 2619/2858/2813 2620/2859/2814 2616/2855/2810
f 2619/2858/2813 2618/2857/2812 2452/2620/2577
f 2452/2620/2577 2621/2860/2815 2619/2858/2813
f 2452/2620/2577 2618/2857/2812 2449/2611/2568
f 2449/2611/2568 2448/2610/2567 2452/2620/2577
f 2619/2858/2813 2621/2860/2815 2622/2861/2816
f 2622/2861/2816 2623/2862/2817 2619/2858/2813
f 2622/2861/2816 2621/2860/2815 2454/2622/2579
f 2454/2622/2579 2624/2863/2818 2622/2861/2816
f 2454/2622/2579 2621/2860/2815 2452/2620/2577
f 2452/2620/2577 2451/2619/2576 2454/2622/2579
f 2622/2861/2816 2624/2863/2818 2625/2864/2819
f 2625/2864/2819 2626/2865/2820 2622/2861/2816
f 2625/2864/2819 2624/2863/2818 2457/2628/2585
f 2457/2628/2585 2627/2866/2821 2625/2864/2819
f 2457/2628/2585 2624/2863/2818 2454/2622/2579
f 2454/2622/2579 2453/2621/2578 2457/2628/2585
f 2625/2864/2819 2627/2866/2821 2628/2867/2822
f 2628/2867/2822 2629/2868/2823 2625/2864/2819
f 2628/2867/2822 2627/2866/2821 2458/2869/2824
f 2458/2869/2824 3486/2870/2825 2630/2871/2826 2628/2867/2822
f 2458/2869/2824 2627/2866/2821 2457/2628/2585
f 2457/2628/2585 2456/2627/2584 3436/2872/2827 2458/2869/2824
f 2628/2867/2822 2630/2871/2826 3487/2873/2828 2631/2874/2829
f 2631/2874/2829 3488/2875/2830 2632/2876/2831 2628/2867/2822
f 2633/2877/2832 3490/2878/2833 2635/2879/2834 2636/2880/2835
f 2636/2880/2835 2637/2881/2836 2633/2877/2832
f 2636/2880/2835 2635/2879/2834 3491/2882/2837 2460/2883/2838
f 2460/2883/2838 2638/2884/2839 2636/2880/2835
f 2636/2880/2835 2638/2884/2839 2639/2885/2840
f 2639/2885/2840 2640/2886/2841 2636/2880/2835
f 2639/2885/2840 2638/2884/2839 2463/2634/2591
f 2463/2634/2591 2641/2887/2842 2639/2885/2840
f 2463/2634/2591 2638/2884/2839 2460/2883/2838
f 2460/2883/2838 3437/2888/2843 2459/2631/2588 2463/2634/2591
f 2639/2885/2840 2641/2887/2842 2642/2889/2844
f 2642/2889/2844 2643/2890/2845 2639/2885/2840
f 2642/2889/2844 2641/2887/2842 2466/2640/2597
f 2466/2640/2597 2644/2891/2846 2642/2889/2844
f 2466/2640/2597 2641/2887/2842 2463/2634/2591
f 2463/2634/2591 2462/2633/2590 2466/2640/2597
f 2642/2889/2844 2644/2891/2846 2645/2892/2847
f 2645/2892/2847 2646/2893/2848 2642/2889/2844
f 2645/2892/2847 2644/2891/2846 2469/2645/2602
f 2469/2645/2602 2647/2894/2849 2645/2892/2847
f 2469/2645/2602 2644/2891/2846 2466/2640/2597
f 2466/2640/2597 2465/2639/2596 2469/2645/2602
f 2645/2892/2847 2647/2894/2849 2648/2895/2850
f 2648/2895/2850 2649/2896/2851 2645/2892/2847
f 2648/2895/2850 2647/2894/2849 2472/2652/2609
f 2472/2652/2609 2650/2897/2852 2648/2895/2850
f 2472/2652/2609 2647/2894/2849 2469/2645/2602
f 2469/2645/2602 2468/2644/2601 2472/2652/2609
f 2648/2895/2850 2650/2897/2852 2651/2898/2853
f 2651/2898/2853 2652/2899/2854 2648/2895/2850
f 2651/2898/2853 2650/2897/2852 2653/2900/2855
f 2653/2900/2855 2654/2901/2856 2651/2898/2853
f 2653/2900/2855 2650/2897/2852 2472/2652/2609
f 2472/2652/2609 2471/2651/2608 2653/2900/2855
f 2654/2901/2856 2653/2900/2855 2476/2658/2615
f 2476/2658/2615 2655/2902/2857 2654/2901/2856
f 2476/2658/2615 2653/2900/2855 2471/2651/2608
f 2471/2651/2608 2474/2655/2612 2476/2658/2615
f 2654/2901/2856 2655/2902/2857 2656/2903/2858
f 2656/2903/2858 2657/2904/2859 2654/2901/2856
f 2656/2903/2858 2655/2902/2857 2478/2905/2860
f 2478/2905/2860 2658/2906/2861 2656/2903/2858
f 2478/2905/2860 2655/2902/2857 2476/2658/2615
f 2476/2658/2615 2475/2657/2862 3447/2907/2863 2478/2905/2860
f 2656/2903/2858 2658/2906/2861 2659/2908/2864
f 2659/2908/2864 2660/2909/2865 2656/2903/2858
f 2659/2908/2864 2658/2906/2861 2480/2910/2866
f 2480/2910/2866 2661/2911/2867 2659/2908/2864
f 2480/2910/2866 2658/2906/2861 2478/2905/2860
f 3446/2912/2868 2477/2913/2869 3449/2914/2870
f 2659/2908/2864 2661/2911/2867 2662/2915/2871
f 2662/2915/2871 2663/2916/2872 2659/2908/2864
f 2662/2915/2871 2661/2911/2867 2483/2664/2621
f 2483/2664/2621 2664/2917/2873 2662/2915/2871
f 2483/2664/2621 2661/2911/2867 2480/2910/2866
f 2480/2910/2866 3448/2918/2874 2479/2660/2617 2483/2664/2621
f 2662/2915/2871 2664/2917/2873 2665/2919/2875
f 2665/2919/2875 2666/2920/2876 2662/2915/2871
f 2665/2919/2875 2664/2917/2873 2486/2670/2628
f 2486/2670/2628 2667/2921/2877 2665/2919/2875
f 2486/2670/2628 2664/2917/2873 2483/2664/2621
f 2483/2664/2621 2482/2663/2620 2486/2670/2628
f 2665/2919/2875 2667/2921/2877 2668/2922/2878
f 2668/2922/2878 2669/2923/2879 2665/2919/2875
f 2668/2922/2878 2667/2921/2877 2489/2677/2635
f 2489/2677/2635 2670/2924/2880 2668/2922/2878
f 2489/2677/2635 2667/2921/2877 2486/2670/2628
f 2486/2670/2628 2485/2669/2627 2489/2677/2635
f 2668/2922/2878 2670/2924/2880 2671/2925/2881
f 2671/2925/2881 2672/2926/2882 2668/2922/2878
f 2671/2925/2881 2670/2924/2880 2492/2684/2642
f 2492/2684/2642 2673/2927/2883 2671/2925/2881
f 2492/2684/2642 2670/2924/2880 2489/2677/2635
f 2489/2677/2635 2488/2676/2634 2492/2684/2642
f 2671/2925/2881 2673/2927/2883 2674/2928/2884
f 2674/2928/2884 2675/2929/2885 2671/2925/2881
f 2674/2928/2884 2673/2927/2883 2495/2689/2647
f 2495/2689/2647 2497/2694/2652 2674/2928/2884
f 2495/2689/2647 2673/2927/2883 2492/2684/2642
f 2492/2684/2642 2491/2683/2641 2495/2689/2647
f 2675/2929/2885 2674/2928/2884 2676/2930/2886
f 2676/2930/2886 2677/2931/2887 2675/2929/2885
f 2676/2930/2886 2674/2928/2884 2497/2694/2652
f 2497/2694/2652 2499/2700/2658 2676/2930/2886
f 2677/2931/2887 2676/2930/2886 2678/2932/2888
f 2678/2932/2888 2679/2933/2889 2677/2931/2887
f 2678/2932/2888 2676/2930/2886 2499/2700/2658
f 2499/2700/2658 2680/2934/2890 2678/2932/2888
f 2678/2932/2888 2680/2934/2890 2681/2935/2891
f 2681/2935/2891 2682/2936/2892 2678/2932/2888
f 2681/2935/2891 2680/2934/2890 2502/2703/2661
f 2502/2703/2661 2683/2937/2893 2681/2935/2891
f 2502/2703/2661 2680/2934/2890 2499/2700/2658
f 2499/2700/2658 2498/2699/2657 2502/2703/2661
f 2681/2935/2891 2683/2937/2893 2684/2938/2894
f 2684/2938/2894 2685/2939/2895 2681/2935/2891
f 2684/2938/2894 2683/2937/2893 2505/2707/2665
f 2505/2707/2665 2686/2940/2896 2684/2938/2894
f 2505/2707/2665 2683/2937/2893 2502/2703/2661
f 2502/2703/2661 2501/2702/2660 2505/2707/2665
f 2684/2938/2894 2686/2940/2896 2687/2941/2897
f 2687/2941/2897 2688/2942/2898 2684/2938/2894
f 2687/2941/2897 2686/2940/2896 2508/2712/2670
f 2508/2712/2670 2689/2943/2899 2687/2941/2897
f 2508/2712/2670 2686/2940/2896 2505/2707/2665
f 2505/2707/2665 2504/2706/2664 2508/2712/2670
f 2687/2941/2897 2689/2943/2899 2553/2786/2742
f 2553/2786/2742 2554/2787/2743 2687/2941/2897
f 2553/2786/2742 2689/2943/2899 2511/2719/2677
f 2511/2719/2677 2552/2785/2741 2553/2786/2742
f 2511/2719/2677 2689/2943/2899 2508/2712/2670
f 2508/2712/2670 2507/2711/2669 2511/2719/2677
f 2688/2942/2898 2687/2941/2897 2554/2787/2743
f 2554/2787/2743 2555/2788/2744 2688/2942/2898
f 2690/2944/2900 2688/2942/2898 2555/2788/2744
f 2555/2788/2744 2556/2789/2745 2690/2944/2900
f 2684/2938/2894 2688/2942/2898 2690/2944/2900
f 2690/2944/2900 2685/2939/2895 2684/2938/2894
f 2691/2945/2901 2690/2944/2900 2556/2789/2745
f 2556/2789/2745 2557/2790/2746 2691/2945/2901
f 2685/2939/2895 2690/2944/2900 2691/2945/2901
f 2691/2945/2901 2692/2946/2902 2685/2939/2895
f 2694/2947/2903 2692/2946/2902 2691/2945/2901
f 2691/2945/2901 2693/2948/2904 2694/2947/2903
f 2685/2939/2895 2692/2946/2902 2682/2936/2892
f 2682/2936/2892 2681/2935/2891 2685/2939/2895
f 2682/2936/2892 2692/2946/2902 2694/2947/2903
f 2694/2947/2903 2695/2949/2905 2682/2936/2892
f 2697/2950/2906 2695/2949/2905 2694/2947/2903
f 2694/2947/2903 2696/2951/2907 2697/2950/2906
f 2682/2936/2892 2695/2949/2905 2679/2933/2889
f 2679/2933/2889 2678/2932/2888 2682/2936/2892
f 2679/2933/2889 2695/2949/2905 2697/2950/2906
f 2697/2950/2906 2698/2952/2908 2679/2933/2889
f 2700/2953/2909 2698/2952/2908 2697/2950/2906
f 2697/2950/2906 2699/2954/2910 2700/2953/2909
f 2679/2933/2889 2698/2952/2908 2701/2955/2911
f 2701/2955/2911 2677/2931/2887 2679/2933/2889
f 2701/2955/2911 2698/2952/2908 2700/2953/2909
f 2700/2953/2909 2702/2956/2912 2701/2955/2911
f 2704/2957/2913 2702/2956/2912 2700/2953/2909
f 2700/2953/2909 2703/2958/2914 2704/2957/2913
f 2701/2955/2911 2702/2956/2912 2705/2959/2915
f 2705/2959/2915 2706/2960/2916 2701/2955/2911
f 2705/2959/2915 2702/2956/2912 2704/2957/2913
f 2704/2957/2913 2707/2961/2917 2705/2959/2915
f 2709/2962/2918 2707/2961/2917 2704/2957/2913
f 2704/2957/2913 2708/2963/2919 2709/2962/2918
f 2705/2959/2915 2707/2961/2917 2710/2964/2920
f 2710/2964/2920 2711/2965/2921 2705/2959/2915
f 2710/2964/2920 2707/2961/2917 2709/2962/2918
f 2709/2962/2918 2712/2966/2922 2710/2964/2920
f 2714/2967/2923 2712/2966/2922 2709/2962/2918
f 2709/2962/2918 2713/2968/2924 2714/2967/2923
f 2710/2964/2920 2712/2966/2922 2715/2969/2925
f 2715/2969/2925 2716/2970/2926 2710/2964/2920
f 2715/2969/2925 2712/2966/2922 2714/2967/2923
f 2714/2967/2923 2717/2971/2927 2715/2969/2925
f 2719/2972/2928 2717/2971/2927 2714/2967/2923
f 2714/2967/2923 2718/2973/2929 2719/2972/2928
f 2715/2969/2925 2717/2971/2927 2720/2974/2930
f 2720/2974/2930 2721/2975/2931 2715/2969/2925
f 2720/2974/2930 2717/2971/2927 2719/2972/2928
f 2719/2972/2928 2722/2976/2932 2720/2974/2930
f 2724/2977/2933 2722/2976/2932 2719/2972/2928
f 2719/2972/2928 2723/2978/2934 2724/2977/2933
f 2720/2974/2930 2722/2976/2932 2725/2979/2935
f 2725/2979/2935 2726/2980/2936 2720/2974/2930
f 2725/2979/2935 2722/2976/2932 2724/2977/2933
f 2724/2977/2933 2727/2981/2937 2725/2979/2935
f 2729/2982/2938 2727/2981/2937 2724/2977/2933
f 2724/2977/2933 2728/2983/2939 2729/2982/2938
f 2725/2979/2935 2727/2981/2937 2730/2984/2940
f 2730/2984/2940 2731/2985/2941 2725/2979/2935
f 2730/2984/2940 2727/2981/2937 2729/2982/2938
f 2729/2982/2938 2732/2986/2942 2730/2984/2940
f 2734/2987/2943 2732/2986/2942 2729/2982/2938
f 2729/2982/2938 2733/2988/2944 2734/2987/2943
f 2730/2984/2940 2732/2986/2942 2735/2989/2945
f 2735/2989/2945 2736/2990/2946 2730/2984/2940
f 2735/2989/2945 2732/2986/2942 2734/2987/2943
f 2734/2987/2943 2737/2991/2947 2735/2989/2945
f 2739/2992/2948 2737/2991/2947 2734/2987/2943
f 2734/2987/2943 2738/2993/2949 2739/2992/2948
f 2735/2989/2945 2737/2991/2947 2740/2994/2950
f 2740/2994/2950 2652/2899/2854 2735/2989/2945
f 2740/2994/2950 2737/2991/2947 2739/2992/2948
f 2739/2992/2948 2741/2995/2951 2740/2994/2950
f 2743/2996/2952 2741/2995/2951 2739/2992/2948
f 2739/2992/2948 2742/2997/2953 2743/2996/2952
f 2740/2994/2950 2741/2995/2951 2744/2998/2954
f 2744/2998/2954 2649/2896/2851 2740/2994/2950
f 2744/2998/2954 2741/2995/2951 2743/2996/2952
f 2743/2996/2952 2745/2999/2955 2744/2998/2954
f 2747/3000/2956 2745/2999/2955 2743/2996/2952
f 2743/2996/2952 2746/3001/2957 2747/3000/2956
f 2744/2998/2954 2745/2999/2955 2748/3002/2958
f 2748/3002/2958 2646/2893/2848 2744/2998/2954
f 2748/3002/2958 2745/2999/2955 2747/3000/2956
f 2747/3000/2956 2749/3003/2959 2748/3002/2958
f 2751/3004/2960 2749/3003/2959 2747/3000/2956
f 2747/3000/2956 2750/3005/2961 2751/3004/2960
f 2748/3002/2958 2749/3003/2959 2752/3006/2962
f 2752/3006/2962 2643/2890/2845 2748/3002/2958
f 2752/3006/2962 2749/3003/2959 2751/3004/2960
f 2751/3004/2960 2753/3007/2963 2752/3006/2962
f 2755/3008/2964 2753/3007/2963 2751/3004/2960
f 2751/3004/2960 2754/3009/2965 2755/3008/2964
f 2752/3006/2962 2753/3007/2963 2756/3010/2966
f 2756/3010/2966 2640/2886/2841 2752/3006/2962
f 2756/3010/2966 2753/3007/2963 2755/3008/2964
f 2755/3008/2964 2757/3011/2967 2756/3010/2966
f 2759/3012/2968 2757/3011/2967 2755/3008/2964
f 2755/3008/2964 2758/3013/2969 2759/3012/2968
f 2756/3010/2966 2757/3011/2967 2760/3014/2970
f 2760/3014/2970 2637/2881/2836 2756/3010/2966
f 2760/3014/2970 2757/3011/2967 2759/3012/2968
f 2759/3012/2968 2761/3015/2971 2760/3014/2970
f 2763/3016/2972 2761/3015/2971 2759/3012/2968
f 2759/3012/2968 2762/3017/2973 2763/3016/2972
f 2760/3014/2970 2761/3015/2971 2764/3018/2974
f 2764/3018/2974 3492/3019/2975 2634/3020/2976 2760/3014/2970
f 2764/3018/2974 2761/3015/2971 2763/3016/2972
f 2763/3016/2972 2765/3021/2977 3493/3022/2978 2764/3018/2974
f 2767/3023/2979 3494/3024/2980 2765/3021/2977 2763/3016/2972
f 2763/3016/2972 2766/3025/2981 2767/3023/2979
f 2771/3026/2982 2772/3027/2983 2769/3028/2984 3497/3029/2985
f 2771/3026/2982 3498/3030/2986 2773/3031/2987 2774/3032/2988
f 2774/3032/2988 2775/3033/2989 2771/3026/2982
f 2774/3032/2988 2773/3031/2987 3499/3034/2990 2768/3035/2991
f 2768/3035/2992 2776/3036/2993 2774/3032/2988
f 2774/3032/2988 2776/3036/2993 2777/3037/2994
f 2777/3037/2994 2778/3038/2995 2774/3032/2988
f 2777/3037/2994 2776/3036/2993 2766/3025/2981
f 2766/3025/2981 2779/3039/2996 2777/3037/2994
f 2766/3025/2981 2776/3036/2993 2768/3035/2992
f 2768/3035/2992 3495/3040/2997 2767/3023/2979 2766/3025/2981
f 2777/3037/2994 2779/3039/2996 2780/3041/2998
f 2780/3041/2998 2781/3042/2999 2777/3037/2994
f 2780/3041/2998 2779/3039/2996 2762/3017/2973
f 2762/3017/2973 2782/3043/3000 2780/3041/2998
f 2762/3017/2973 2779/3039/2996 2766/3025/2981
f 2766/3025/2981 2763/3016/2972 2762/3017/2973
f 2780/3041/2998 2782/3043/3000 2783/3044/3001
f 2783/3044/3001 2784/3045/3002 2780/3041/2998
f 2783/3044/3001 2782/3043/3000 2758/3013/2969
f 2758/3013/2969 2785/3046/3003 2783/3044/3001
f 2758/3013/2969 2782/3043/3000 2762/3017/2973
f 2762/3017/2973 2759/3012/2968 2758/3013/2969
f 2783/3044/3001 2785/3046/3003 2786/3047/3004
f 2786/3047/3004 2787/3048/3005 2783/3044/3001
f 2786/3047/3004 2785/3046/3003 2754/3009/2965
f 2754/3009/2965 2788/3049/3006 2786/3047/3004
f 2754/3009/2965 2785/3046/3003 2758/3013/2969
f 2758/3013/2969 2755/3008/2964 2754/3009/2965
f 2786/3047/3004 2788/3049/3006 2789/3050/3007
f 2789/3050/3007 2790/3051/3008 2786/3047/3004
f 2789/3050/3007 2788/3049/3006 2750/3005/2961
f 2750/3005/2961 2791/3052/3009 2789/3050/3007
f 2750/3005/2961 2788/3049/3006 2754/3009/2965
f 2754/3009/2965 2751/3004/2960 2750/3005/2961
f 2789/3050/3007 2791/3052/3009 2792/3053/3010
f 2792/3053/3010 2793/3054/3011 2789/3050/3007
f 2792/3053/3010 2791/3052/3009 2746/3001/2957
f 2746/3001/2957 2794/3055/3012 2792/3053/3010
f 2746/3001/2957 2791/3052/3009 2750/3005/2961
f 2750/3005/2961 2747/3000/2956 2746/3001/2957
f 2792/3053/3010 2794/3055/3012 2795/3056/3013
f 2795/3056/3013 2796/3057/3014 2792/3053/3010
f 2795/3056/3013 2794/3055/3012 2742/2997/2953
f 2742/2997/2953 2797/3058/3015 2795/3056/3013
f 2742/2997/2953 2794/3055/3012 2746/3001/2957
f 2746/3001/2957 2743/2996/2952 2742/2997/2953
f 2795/3056/3013 2797/3058/3015 2798/3059/3016
f 2798/3059/3016 2799/3060/3017 2795/3056/3013
f 2798/3059/3016 2797/3058/3015 2738/2993/2949
f 2738/2993/2949 2800/3061/3018 2798/3059/3016
f 2738/2993/2949 2797/3058/3015 2742/2997/2953
f 2742/2997/2953 2739/2992/2948 2738/2993/2949
f 2798/3059/3016 2800/3061/3018 2801/3062/3019
f 2801/3062/3019 2802/3063/3020 2798/3059/3016
f 2801/3062/3019 2800/3061/3018 2733/2988/2944
f 2733/2988/2944 2803/3064/3021 2801/3062/3019
f 2733/2988/2944 2800/3061/3018 2738/2993/2949
f 2738/2993/2949 2734/2987/2943 2733/2988/2944
f 2801/3062/3019 2803/3064/3021 2804/3065/3022
f 2804/3065/3022 2805/3066/3023 2801/3062/3019
f 2804/3065/3022 2803/3064/3021 2728/2983/2939
f 2728/2983/2939 2806/3067/3024 2804/3065/3022
f 2728/2983/2939 2803/3064/3021 2733/2988/2944
f 2733/2988/2944 2729/2982/2938 2728/2983/2939
f 2804/3065/3022 2806/3067/3024 2807/3068/3025
f 2807/3068/3025 2808/3069/3026 2804/3065/3022
f 2807/3068/3025 2806/3067/3024 2723/2978/2934
f 2723/2978/2934 2809/3070/3027 2807/3068/3025
f 2723/2978/2934 2806/3067/3024 2728/2983/2939
f 2728/2983/2939 2724/2977/2933 2723/2978/2934
f 2807/3068/3025 2809/3070/3027 2810/3071/3028
f 2810/3071/3028 2811/3072/3029 2807/3068/3025
f 2810/3071/3028 2809/3070/3027 2718/2973/2929
f 2718/2973/2929 2812/3073/3030 2810/3071/3028
f 2718/2973/2929 2809/3070/3027 2723/2978/2934
f 2723/2978/2934 2719/2972/2928 2718/2973/2929
f 2810/3071/3028 2812/3073/3030 2813/3074/3031
f 2813/3074/3031 2814/3075/3032 2810/3071/3028
f 2813/3074/3031 2812/3073/3030 2713/2968/2924
f 2713/2968/2924 2815/3076/3033 2813/3074/3031
f 2713/2968/2924 2812/3073/3030 2718/2973/2929
f 2718/2973/2929 2714/2967/2923 2713/2968/2924
f 2813/3074/3031 2815/3076/3033 2816/3077/3034
f 2816/3077/3034 2817/3078/3035 2813/3074/3031
f 2816/3077/3034 2815/3076/3033 2708/2963/2919
f 2708/2963/2919 2818/3079/3036 2816/3077/3034
f 2708/2963/2919 2815/3076/3033 2713/2968/2924
f 2713/2968/2924 2709/2962/2918 2708/2963/2919
f 2816/3077/3034 2818/3079/3036 2819/3080/3037
f 2819/3080/3037 2820/3081/3038 2816/3077/3034
f 2819/3080/3037 2818/3079/3036 2703/2958/2914
f 2703/2958/2914 2821/3082/3039 2819/3080/3037
f 2703/2958/2914 2818/3079/3036 2708/2963/2919
f 2708/2963/2919 2704/2957/2913 2703/2958/2914
f 2819/3080/3037 2821/3082/3039 2822/3083/3040
f 2822/3083/3040 2823/3084/3041 2819/3080/3037
f 2822/3083/3040 2821/3082/3039 2699/2954/2910
f 2699/2954/2910 2824/3085/3042 2822/3083/3040
f 2699/2954/2910 2821/3082/3039 2703/2958/2914
f 2703/2958/2914 2700/2953/2909 2699/2954/2910
f 2822/3083/3040 2824/3085/3042 2825/3086/3043
f 2825/3086/3043 2826/3087/3044 2822/3083/3040
f 2825/3086/3043 2824/3085/3042 2696/2951/2907
f 2696/2951/2907 2827/3088/3045 2825/3086/3043
f 2696/2951/2907 2824/3085/3042 2699/2954/2910
f 2699/2954/2910 2697/2950/2906 2696/2951/2907
f 2825/3086/3043 2827/3088/3045 2559/2792/2748
f 2559/2792/2748 2560/2793/2749 2825/3086/3043
f 2559/2792/2748 2827/3088/3045 2693/2948/2904
f 2693/2948/2904 2558/2791/2747 2559/2792/2748
f 2693/2948/2904 2827/3088/3045 2696/2951/2907
f 2696/2951/2907 2694/2947/2903 2693/2948/2904
f 2826/3087/3044 2825/3086/3043 2560/2793/2749
f 2560/2793/2749 2561/2794/2750 2826/3087/3044
f 2828/3089/3046 2826/3087/3044 2561/2794/2750
f 2561/2794/2750 2562/2795/2751 2828/3089/3046
f 2822/3083/3040 2826/3087/3044 2828/3089/3046
f 2828/3089/3046 2823/3084/3041 2822/3083/3040
f 2829/3090/3047 2828/3089/3046 2562/2795/2751
f 2562/2795/2751 2563/2796/2752 2829/3090/3047
f 2823/3084/3041 2828/3089/3046 2829/3090/3047
f 2829/3090/3047 2830/3091/3048 2823/3084/3041
f 2832/3092/3049 2830/3091/3048 2829/3090/3047
f 2829/3090/3047 2831/3093/3050 2832/3092/3049
f 2823/3084/3041 2830/3091/3048 2820/3081/3038
f 2820/3081/3038 2819/3080/3037 2823/3084/3041
f 2820/3081/3038 2830/3091/3048 2832/3092/3049
f 2832/3092/3049 2833/3094/3051 2820/3081/3038
f 2835/3095/3052 2833/3094/3051 2832/3092/3049
f 2832/3092/3049 2834/3096/3053 2835/3095/3052
f 2820/3081/3038 2833/3094/3051 2817/3078/3035
f 2817/3078/3035 2816/3077/3034 2820/3081/3038
f 2817/3078/3035 2833/3094/3051 2835/3095/3052
f 2835/3095/3052 2836/3097/3054 2817/3078/3035
f 2838/3098/3055 2836/3097/3054 2835/3095/3052
f 2835/3095/3052 2837/3099/3056 2838/3098/3055
f 2817/3078/3035 2836/3097/3054 2814/3075/3032
f 2814/3075/3032 2813/3074/3031 2817/3078/3035
f 2814/3075/3032 2836/3097/3054 2838/3098/3055
f 2838/3098/3055 2839/3100/3057 2814/3075/3032
f 2841/3101/3058 2839/3100/3057 2838/3098/3055
f 2838/3098/3055 2840/3102/3059 2841/3101/3058
f 2814/3075/3032 2839/3100/3057 2811/3072/3029
f 2811/3072/3029 2810/3071/3028 2814/3075/3032
f 2811/3072/3029 2839/3100/3057 2841/3101/3058
f 2841/3101/3058 2842/3103/3060 2811/3072/3029
f 2844/3104/3061 2842/3103/3060 2841/3101/3058
f 2841/3101/3058 2843/3105/3062 2844/3104/3061
f 2811/3072/3029 2842/3103/3060 2808/3069/3026
f 2808/3069/3026 2807/3068/3025 2811/3072/3029
f 2808/3069/3026 2842/3103/3060 2844/3104/3061
f 2844/3104/3061 2845/3106/3063 2808/3069/3026
f 2847/3107/3064 2845/3106/3063 2844/3104/3061
f 2844/3104/3061 2846/3108/3065 2847/3107/3064
f 2808/3069/3026 2845/3106/3063 2805/3066/3023
f 2805/3066/3023 2804/3065/3022 2808/3069/3026
f 2805/3066/3023 2845/3106/3063 2847/3107/3064
f 2847/3107/3064 2848/3109/3066 2805/3066/3023
f 2850/3110/3067 2848/3109/3066 2847/3107/3064
f 2847/3107/3064 2849/3111/3068 2850/3110/3067
f 2805/3066/3023 2848/3109/3066 2802/3063/3020
f 2802/3063/3020 2801/3062/3019 2805/3066/3023
f 2802/3063/3020 2848/3109/3066 2850/3110/3067
f 2850/3110/3067 2851/3112/3069 2802/3063/3020
f 2853/3113/3070 2851/3112/3069 2850/3110/3067
f 2850/3110/3067 2852/3114/3071 2853/3113/3070
f 2802/3063/3020 2851/3112/3069 2799/3060/3017
f 2799/3060/3017 2798/3059/3016 2802/3063/3020
f 2799/3060/3017 2851/3112/3069 2853/3113/3070
f 2853/3113/3070 2854/3115/3072 2799/3060/3017
f 2856/3116/3073 2854/3115/3072 2853/3113/3070
f 2853/3113/3070 2855/3117/3074 2856/3116/3073
f 2799/3060/3017 2854/3115/3072 2796/3057/3014
f 2796/3057/3014 2795/3056/3013 2799/3060/3017
f 2796/3057/3014 2854/3115/3072 2856/3116/3073
f 2856/3116/3073 2857/3118/3075 2796/3057/3014
f 2859/3119/3076 2857/3118/3075 2856/3116/3073
f 2856/3116/3073 2858/3120/3077 2859/3119/3076
f 2796/3057/3014 2857/3118/3075 2793/3054/3011
f 2793/3054/3011 2792/3053/3010 2796/3057/3014
f 2793/3054/3011 2857/3118/3075 2859/3119/3076
f 2859/3119/3076 2860/3121/3078 2793/3054/3011
f 2862/3122/3079 2860/3121/3078 2859/3119/3076
f 2859/3119/3076 2861/3123/3080 2862/3122/3079
f 2793/3054/3011 2860/3121/3078 2790/3051/3008
f 2790/3051/3008 2789/3050/3007 2793/3054/3011
f 2790/3051/3008 2860/3121/3078 2862/3122/3079
f 2862/3122/3079 2863/3124/3081 2790/3051/3008
f 2865/3125/3082 2863/3124/3081 2862/3122/3079
f 2862/3122/3079 2864/3126/3083 2865/3125/3082
f 2790/3051/3008 2863/3124/3081 2787/3048/3005
f 2787/3048/3005 2786/3047/3004 2790/3051/3008
f 2787/3048/3005 2863/3124/3081 2865/3125/3082
f 2865/3125/3082 2866/3127/3084 2787/3048/3005
f 2868/3128/3085 2866/3127/3084 2865/3125/3082
f 2865/3125/3082 2867/3129/3086 2868/3128/3085
f 2787/3048/3005 2866/3127/3084 2784/3045/3002
f 2784/3045/3002 2783/3044/3001 2787/3048/3005
f 2784/3045/3002 2866/3127/3084 2868/3128/3085
f 2868/3128/3085 2869/3130/3087 2784/3045/3002
f 2871/3131/3088 2869/3130/3087 2868/3128/3085
f 2868/3128/3085 2870/3132/3089 2871/3131/3088
f 2784/3045/3002 2869/3130/3087 2781/3042/2999
f 2781/3042/2999 2780/3041/2998 2784/3045/3002
f 2781/3042/2999 2869/3130/3087 2871/3131/3088
f 2871/3131/3088 2872/3133/3090 2781/3042/2999
f 2874/3134/3091 2872/3133/3090 2871/3131/3088
f 2871/3131/3088 2873/3135/3092 2874/3134/3091
f 2781/3042/2999 2872/3133/3090 2778/3038/2995
f 2778/3038/2995 2777/3037/2994 2781/3042/2999
f 2778/3038/2995 2872/3133/3090 2874/3134/3091
f 2874/3134/3091 2875/3136/3093 2778/3038/2995
f 2877/3137/3094 2875/3136/3093 2874/3134/3091
f 2874/3134/3091 2876/3138/3095 2877/3137/3094
f 2778/3038/2995 2875/3136/3093 2775/3033/2989
f 2775/3033/2989 2774/3032/2988 2778/3038/2995
f 2775/3033/2989 2875/3136/3093 2877/3137/3094
f 2877/3137/3094 2878/3139/3096 2775/3033/2989
f 2880/3140/3097 2878/3139/3096 2877/3137/3094
f 2877/3137/3094 2879/3141/3098 2880/3140/3097
f 2775/3033/2989 2878/3139/3096 2772/3027/2983
f 2772/3027/2983 2771/3026/2982 2775/3033/2989
f 2772/3027/2983 2878/3139/3096 2880/3140/3097
f 2880/3140/3097 2881/3142/3099 2772/3027/2983
f 2883/3143/3100 2881/3142/3099 2880/3140/3097
f 2880/3140/3097 2882/3144/3101 2883/3143/3100
f 2772/3027/2983 2881/3142/3099 2770/3145/3102
f 2770/3145/3102 3496/3146/3103 2769/3028/2984 2772/3027/2983
f 2770/3145/3102 2881/3142/3099 2883/3143/3100
f 2883/3143/3100 2884/3147/3104 3500/3148/3105 2770/3145/3102
f 2886/3149/3106 3501/3150/3107 2884/3147/3104 2883/3143/3100
f 2883/3143/3100 2885/3151/3108 2886/3149/3106
f 2889/3152/3109 2885/3151/3108 2887/3153/3110
f 2887/3153/3110 2888/3154/3111 2889/3152/3109
f 2887/3153/3110 2885/3151/3108 2883/3143/3100
f 2883/3143/3100 2882/3144/3101 2887/3153/3110
f 2886/3149/3106 2885/3151/3108 2889/3152/3109
f 2889/3152/3109 2632/2876/2831 3502/3155/3112 2886/3149/3106
f 2888/3154/3111 2887/3153/3110 2890/3156/3113
f 2890/3156/3113 2891/3157/3114 2888/3154/3111
f 2890/3156/3113 2887/3153/3110 2882/3144/3101
f 2882/3144/3101 2892/3158/3115 2890/3156/3113
f 2890/3156/3113 2892/3158/3115 2893/3159/3116
f 2893/3159/3116 2894/3160/3117 2890/3156/3113
f 2893/3159/3116 2892/3158/3115 2879/3141/3098
f 2879/3141/3098 2895/3161/3118 2893/3159/3116
f 2879/3141/3098 2892/3158/3115 2882/3144/3101
f 2882/3144/3101 2880/3140/3097 2879/3141/3098
f 2893/3159/3116 2895/3161/3118 2896/3162/3119
f 2896/3162/3119 2897/3163/3120 2893/3159/3116
f 2896/3162/3119 2895/3161/3118 2876/3138/3095
f 2876/3138/3095 2898/3164/3121 2896/3162/3119
f 2876/3138/3095 2895/3161/3118 2879/3141/3098
f 2879/3141/3098 2877/3137/3094 2876/3138/3095
f 2896/3162/3119 2898/3164/3121 2899/3165/3122
f 2899/3165/3122 2900/3166/3123 2896/3162/3119
f 2899/3165/3122 2898/3164/3121 2873/3135/3092
f 2873/3135/3092 2901/3167/3124 2899/3165/3122
f 2873/3135/3092 2898/3164/3121 2876/3138/3095
f 2876/3138/3095 2874/3134/3091 2873/3135/3092
f 2899/3165/3122 2901/3167/3124 2902/3168/3125
f 2902/3168/3125 2903/3169/3126 2899/3165/3122
f 2902/3168/3125 2901/3167/3124 2870/3132/3089
f 2870/3132/3089 2904/3170/3127 2902/3168/3125
f 2870/3132/3089 2901/3167/3124 2873/3135/3092
f 2873/3135/3092 2871/3131/3088 2870/3132/3089
f 2902/3168/3125 2904/3170/3127 2905/3171/3128
f 2905/3171/3128 2906/3172/3129 2902/3168/3125
f 2905/3171/3128 2904/3170/3127 2867/3129/3086
f 2867/3129/3086 2907/3173/3130 2905/3171/3128
f 2867/3129/3086 2904/3170/3127 2870/3132/3089
f 2870/3132/3089 2868/3128/3085 2867/3129/3086
f 2905/3171/3128 2907/3173/3130 2908/3174/3131
f 2908/3174/3131 2909/3175/3132 2905/3171/3128
f 2908/3174/3131 2907/3173/3130 2864/3126/3083
f 2864/3126/3083 2910/3176/3133 2908/3174/3131
f 2864/3126/3083 2907/3173/3130 2867/3129/3086
f 2867/3129/3086 2865/3125/3082 2864/3126/3083
f 2908/3174/3131 2910/3176/3133 2911/3177/3134
f 2911/3177/3134 2912/3178/3135 2908/3174/3131
f 2911/3177/3134 2910/3176/3133 2861/3123/3080
f 2861/3123/3080 2913/3179/3136 2911/3177/3134
f 2861/3123/3080 2910/3176/3133 2864/3126/3083
f 2864/3126/3083 2862/3122/3079 2861/3123/3080
f 2911/3177/3134 2913/3179/3136 2914/3180/3137
f 2914/3180/3137 2915/3181/3138 2911/3177/3134
f 2914/3180/3137 2913/3179/3136 2858/3120/3077
f 2858/3120/3077 2916/3182/3139 2914/3180/3137
f 2858/3120/3077 2913/3179/3136 2861/3123/3080
f 2861/3123/3080 2859/3119/3076 2858/3120/3077
f 2914/3180/3137 2916/3182/3139 2917/3183/3140
f 2917/3183/3140 2918/3184/3141 2914/3180/3137
f 2917/3183/3140 2916/3182/3139 2855/3117/3074
f 2855/3117/3074 2919/3185/3142 2917/3183/3140
f 2855/3117/3074 2916/3182/3139 2858/3120/3077
f 2858/3120/3077 2856/3116/3073 2855/3117/3074
f 2917/3183/3140 2919/3185/3142 2920/3186/3143
f 2920/3186/3143 2921/3187/3144 2917/3183/3140
f 2920/3186/3143 2919/3185/3142 2852/3114/3071
f 2852/3114/3071 2922/3188/3145 2920/3186/3143
f 2852/3114/3071 2919/3185/3142 2855/3117/3074
f 2855/3117/3074 2853/3113/3070 2852/3114/3071
f 2920/3186/3143 2922/3188/3145 2923/3189/3146
f 2923/3189/3146 2924/3190/3147 2920/3186/3143
f 2923/3189/3146 2922/3188/3145 2849/3111/3068
f 2849/3111/3068 2925/3191/3148 2923/3189/3146
f 2849/3111/3068 2922/3188/3145 2852/3114/3071
f 2852/3114/3071 2850/3110/3067 2849/3111/3068
f 2923/3189/3146 2925/3191/3148 2926/3192/3149
f 2926/3192/3149 2927/3193/3150 2923/3189/3146
f 2926/3192/3149 2925/3191/3148 2846/3108/3065
f 2846/3108/3065 2928/3194/3151 2926/3192/3149
f 2846/3108/3065 2925/3191/3148 2849/3111/3068
f 2849/3111/3068 2847/3107/3064 2846/3108/3065
f 2926/3192/3149 2928/3194/3151 2929/3195/3152
f 2929/3195/3152 2930/3196/3153 2926/3192/3149
f 2929/3195/3152 2928/3194/3151 2843/3105/3062
f 2843/3105/3062 2931/3197/3154 2929/3195/3152
f 2843/3105/3062 2928/3194/3151 2846/3108/3065
f 2846/3108/3065 2844/3104/3061 2843/3105/3062
f 2929/3195/3152 2931/3197/3154 2932/3198/3155
f 2932/3198/3155 2933/3199/3156 2929/3195/3152
f 2932/3198/3155 2931/3197/3154 2840/3102/3059
f 2840/3102/3059 2934/3200/3157 2932/3198/3155
f 2840/3102/3059 2931/3197/3154 2843/3105/3062
f 2843/3105/3062 2841/3101/3058 2840/3102/3059
f 2932/3198/3155 2934/3200/3157 2935/3201/3158
f 2935/3201/3158 2936/3202/3159 2932/3198/3155
f 2935/3201/3158 2934/3200/3157 2837/3099/3056
f 2837/3099/3056 2937/3203/3160 2935/3201/3158
f 2837/3099/3056 2934/3200/3157 2840/3102/3059
f 2840/3102/3059 2838/3098/3055 2837/3099/3056
f 2935/3201/3158 2937/3203/3160 2938/3204/3161
f 2938/3204/3161 2939/3205/3162 2935/3201/3158
f 2938/3204/3161 2937/3203/3160 2834/3096/3053
f 2834/3096/3053 2940/3206/3163 2938/3204/3161
f 2834/3096/3053 2937/3203/3160 2837/3099/3056
f 2837/3099/3056 2835/3095/3052 2834/3096/3053
f 2938/3204/3161 2940/3206/3163 2565/2798/2754
f 2565/2798/2754 2566/2799/2755 2938/3204/3161
f 2565/2798/2754 2940/3206/3163 2831/3093/3050
f 2831/3093/3050 2564/2797/2753 2565/2798/2754
f 2831/3093/3050 2940/3206/3163 2834/3096/3053
f 2834/3096/3053 2832/3092/3049 2831/3093/3050
f 2939/3205/3162 2938/3204/3161 2566/2799/2755
f 2566/2799/2755 2567/2800/2756 2939/3205/3162
f 2941/3207/3164 2939/3205/3162 2567/2800/2756
f 2567/2800/2756 2568/2801/2757 2941/3207/3164
f 2935/3201/3158 2939/3205/3162 2941/3207/3164
f 2941/3207/3164 2936/3202/3159 2935/3201/3158
f 2942/3208/3165 2941/3207/3164 2568/2801/2757
f 2568/2801/2757 2569/2802/2758 2942/3208/3165
f 2936/3202/3159 2941/3207/3164 2942/3208/3165
f 2942/3208/3165 2943/3209/3166 2936/3202/3159
f 2945/3210/3167 2943/3209/3166 2942/3208/3165
f 2942/3208/3165 2944/3211/3168 2945/3210/3167
f 2936/3202/3159 2943/3209/3166 2933/3199/3156
f 2933/3199/3156 2932/3198/3155 2936/3202/3159
f 2933/3199/3156 2943/3209/3166 2945/3210/3167
f 2945/3210/3167 2946/3212/3169 2933/3199/3156
f 2948/3213/3170 2946/3212/3169 2945/3210/3167
f 2945/3210/3167 2947/3214/3171 2948/3213/3170
f 2933/3199/3156 2946/3212/3169 2930/3196/3153
f 2930/3196/3153 2929/3195/3152 2933/3199/3156
f 2930/3196/3153 2946/3212/3169 2948/3213/3170
f 2948/3213/3170 2949/3215/3172 2930/3196/3153
f 2951/3216/3173 2949/3215/3172 2948/3213/3170
f 2948/3213/3170 2950/3217/3174 2951/3216/3173
f 2930/3196/3153 2949/3215/3172 2927/3193/3150
f 2927/3193/3150 2926/3192/3149 2930/3196/3153
f 2927/3193/3150 2949/3215/3172 2951/3216/3173
f 2951/3216/3173 2952/3218/3175 2927/3193/3150
f 2954/3219/3176 2952/3218/3175 2951/3216/3173
f 2951/3216/3173 2953/3220/3177 2954/3219/3176
f 2927/3193/3150 2952/3218/3175 2924/3190/3147
f 2924/3190/3147 2923/3189/3146 2927/3193/3150
f 2924/3190/3147 2952/3218/3175 2954/3219/3176
f 2954/3219/3176 2955/3221/3178 2924/3190/3147
f 2957/3222/3179 2955/3221/3178 2954/3219/3176
f 2954/3219/3176 2956/3223/3180 2957/3222/3179
f 2924/3190/3147 2955/3221/3178 2921/3187/3144
f 2921/3187/3144 2920/3186/3143 2924/3190/3147
f 2921/3187/3144 2955/3221/3178 2957/3222/3179
f 2957/3222/3179 2958/3224/3181 2921/3187/3144
f 2960/3225/3182 2958/3224/3181 2957/3222/3179
f 2957/3222/3179 2959/3226/3183 2960/3225/3182
f 2921/3187/3144 2958/3224/3181 2918/3184/3141
f 2918/3184/3141 2917/3183/3140 2921/3187/3144
f 2918/3184/3141 2958/3224/3181 2960/3225/3182
f 2960/3225/3182 2961/3227/3184 2918/3184/3141
f 2963/3228/3185 2961/3227/3184 2960/3225/3182
f 2960/3225/3182 2962/3229/3186 2963/3228/3185
f 2918/3184/3141 2961/3227/3184 2915/3181/3138
f 2915/3181/3138 2914/3180/3137 2918/3184/3141
f 2915/3181/3138 2961/3227/3184 2963/3228/3185
f 2963/3228/3185 2964/3230/3187 2915/3181/3138
f 2966/3231/3188 2964/3230/3187 2963/3228/3185
f 2963/3228/3185 2965/3232/3189 2966/3231/3188
f 2915/3181/3138 2964/3230/3187 2912/3178/3135
f 2912/3178/3135 2911/3177/3134 2915/3181/3138
f 2912/3178/3135 2964/3230/3187 2966/3231/3188
f 2966/3231/3188 2967/3233/3190 2912/3178/3135
f 2969/3234/3191 2967/3233/3190 2966/3231/3188
f 2966/3231/3188 2968/3235/3192 2969/3234/3191
f 2912/3178/3135 2967/3233/3190 2909/3175/3132
f 2909/3175/3132 2908/3174/3131 2912/3178/3135
f 2909/3175/3132 2967/3233/3190 2969/3234/3191
f 2969/3234/3191 2970/3236/3193 2909/3175/3132
f 2972/3237/3194 2970/3236/3193 2969/3234/3191
f 2969/3234/3191 2971/3238/3195 2972/3237/3194
f 2909/3175/3132 2970/3236/3193 2906/3172/3129
f 2906/3172/3129 2905/3171/3128 2909/3175/3132
f 2906/3172/3129 2970/3236/3193 2972/3237/3194
f 2972/3237/3194 2973/3239/3196 2906/3172/3129
f 2975/3240/3197 2973/3239/3196 2972/3237/3194
f 2972/3237/3194 2974/3241/3198 2975/3240/3197
f 2906/3172/3129 2973/3239/3196 2903/3169/3126
f 2903/3169/3126 2902/3168/3125 2906/3172/3129
f 2903/3169/3126 2973/3239/3196 2975/3240/3197
f 2975/3240/3197 2976/3242/3199 2903/3169/3126
f 2978/3243/3200 2976/3242/3199 2975/3240/3197
f 2975/3240/3197 2977/3244/3201 2978/3243/3200
f 2903/3169/3126 2976/3242/3199 2900/3166/3123
f 2900/3166/3123 2899/3165/3122 2903/3169/3126
f 2900/3166/3123 2976/3242/3199 2978/3243/3200
f 2978/3243/3200 2979/3245/3202 2900/3166/3123
f 2981/3246/3203 2979/3245/3202 2978/3243/3200
f 2978/3243/3200 2980/3247/3204 2981/3246/3203
f 2900/3166/3123 2979/3245/3202 2897/3163/3120
f 2897/3163/3120 2896/3162/3119 2900/3166/3123
f 2897/3163/3120 2979/3245/3202 2981/3246/3203
f 2981/3246/3203 2982/3248/3205 2897/3163/3120
f 2984/3249/3206 2982/3248/3205 2981/3246/3203
f 2981/3246/3203 2983/3250/3207 2984/3249/3206
f 2897/3163/3120 2982/3248/3205 2894/3160/3117
f 2894/3160/3117 2893/3159/3116 2897/3163/3120
f 2894/3160/3117 2982/3248/3205 2984/3249/3206
f 2984/3249/3206 2985/3251/3208 2894/3160/3117
f 2987/3252/3209 2985/3251/3208 2984/3249/3206
f 2984/3249/3206 2986/3253/3210 2987/3252/3209
f 2894/3160/3117 2985/3251/3208 2891/3157/3114
f 2891/3157/3114 2890/3156/3113 2894/3160/3117
f 2891/3157/3114 2985/3251/3208 2987/3252/3209
f 2987/3252/3209 2988/3254/3211 2891/3157/3114
f 2990/3255/3212 2988/3254/3211 2987/3252/3209
f 2987/3252/3209 2989/3256/3213 2990/3255/3212
f 2891/3157/3114 2988/3254/3211 2991/3257/3214
f 2991/3257/3214 2888/3154/3111 2891/3157/3114
f 2991/3257/3214 2988/3254/3211 2990/3255/3212
f 2990/3255/3212 2626/2865/2820 2991/3257/3214
f 2888/3154/3111 2991/3257/3214 2629/2868/2823
f 2629/2868/2823 2889/3152/3109 2888/3154/3111
f 2629/2868/2823 2991/3257/3214 2626/2865/2820
f 2626/2865/2820 2625/2864/2819 2629/2868/2823
f 2994/3258/3215 2989/3256/3213 2992/3259/3216
f 2992/3259/3216 2993/3260/3217 2994/3258/3215
f 2992/3259/3216 2989/3256/3213 2987/3252/3209
f 2987/3252/3209 2986/3253/3210 2992/3259/3216
f 2990/3255/3212 2989/3256/3213 2994/3258/3215
f 2994/3258/3215 2623/2862/2817 2990/3255/3212
f 2993/3260/3217 2992/3259/3216 2995/3261/3218
f 2995/3261/3218 2996/3262/3219 2993/3260/3217
f 2995/3261/3218 2992/3259/3216 2986/3253/3210
f 2986/3253/3210 2997/3263/3220 2995/3261/3218
f 2995/3261/3218 2997/3263/3220 2998/3264/3221
f 2998/3264/3221 2999/3265/3222 2995/3261/3218
f 2998/3264/3221 2997/3263/3220 2983/3250/3207
f 2983/3250/3207 3000/3266/3223 2998/3264/3221
f 2983/3250/3207 2997/3263/3220 2986/3253/3210
f 2986/3253/3210 2984/3249/3206 2983/3250/3207
f 2998/3264/3221 3000/3266/3223 3001/3267/3224
f 3001/3267/3224 3002/3268/3225 2998/3264/3221
f 3001/3267/3224 3000/3266/3223 2980/3247/3204
f 2980/3247/3204 3003/3269/3226 3001/3267/3224
f 2980/3247/3204 3000/3266/3223 2983/3250/3207
f 2983/3250/3207 2981/3246/3203 2980/3247/3204
f 3001/3267/3224 3003/3269/3226 3004/3270/3227
f 3004/3270/3227 3005/3271/3228 3001/3267/3224
f 3004/3270/3227 3003/3269/3226 2977/3244/3201
f 2977/3244/3201 3006/3272/3229 3004/3270/3227
f 2977/3244/3201 3003/3269/3226 2980/3247/3204
f 2980/3247/3204 2978/3243/3200 2977/3244/3201
f 3004/3270/3227 3006/3272/3229 3007/3273/3230
f 3007/3273/3230 3008/3274/3231 3004/3270/3227
f 3007/3273/3230 3006/3272/3229 2974/3241/3198
f 2974/3241/3198 3009/3275/3232 3007/3273/3230
f 2974/3241/3198 3006/3272/3229 2977/3244/3201
f 2977/3244/3201 2975/3240/3197 2974/3241/3198
f 3007/3273/3230 3009/3275/3232 3010/3276/3233
f 3010/3276/3233 3011/3277/3234 3007/3273/3230
f 3010/3276/3233 3009/3275/3232 2971/3238/3195
f 2971/3238/3195 3012/3278/3235 3010/3276/3233
f 2971/3238/3195 3009/3275/3232 2974/3241/3198
f 2974/3241/3198 2972/3237/3194 2971/3238/3195
f 3010/3276/3233 3012/3278/3235 3013/3279/3236
f 3013/3279/3236 3014/3280/3237 3010/3276/3233
f 3013/3279/3236 3012/3278/3235 2968/3235/3192
f 2968/3235/3192 3015/3281/3238 3013/3279/3236
f 2968/3235/3192 3012/3278/3235 2971/3238/3195
f 2971/3238/3195 2969/3234/3191 2968/3235/3192
f 3013/3279/3236 3015/3281/3238 3016/3282/3239
f 3016/3282/3239 3017/3283/3240 3013/3279/3236
f 3016/3282/3239 3015/3281/3238 2965/3232/3189
f 2965/3232/3189 3018/3284/3241 3016/3282/3239
f 2965/3232/3189 3015/3281/3238 2968/3235/3192
f 2968/3235/3192 2966/3231/3188 2965/3232/3189
f 3016/3282/3239 3018/3284/3241 3019/3285/3242
f 3019/3285/3242 3020/3286/3243 3016/3282/3239
f 3019/3285/3242 3018/3284/3241 2962/3229/3186
f 2962/3229/3186 3021/3287/3244 3019/3285/3242
f 2962/3229/3186 3018/3284/3241 2965/3232/3189
f 2965/3232/3189 2963/3228/3185 2962/3229/3186
f 3019/3285/3242 3021/3287/3244 3022/3288/3245
f 3022/3288/3245 3023/3289/3246 3019/3285/3242
f 3022/3288/3245 3021/3287/3244 2959/3226/3183
f 2959/3226/3183 3024/3290/3247 3022/3288/3245
f 2959/3226/3183 3021/3287/3244 2962/3229/3186
f 2962/3229/3186 2960/3225/3182 2959/3226/3183
f 3022/3288/3245 3024/3290/3247 3025/3291/3248
f 3025/3291/3248 3026/3292/3249 3022/3288/3245
f 3025/3291/3248 3024/3290/3247 2956/3223/3180
f 2956/3223/3180 3027/3293/3250 3025/3291/3248
f 2956/3223/3180 3024/3290/3247 2959/3226/3183
f 2959/3226/3183 2957/3222/3179 2956/3223/3180
f 3025/3291/3248 3027/3293/3250 3028/3294/3251
f 3028/3294/3251 3029/3295/3252 3025/3291/3248
f 3028/3294/3251 3027/3293/3250 2953/3220/3177
f 2953/3220/3177 3030/3296/3253 3028/3294/3251
f 2953/3220/3177 3027/3293/3250 2956/3223/3180
f 2956/3223/3180 2954/3219/3176 2953/3220/3177
f 3028/3294/3251 3030/3296/3253 3031/3297/3254
f 3031/3297/3254 3032/3298/3255 3028/3294/3251
f 3031/3297/3254 3030/3296/3253 2950/3217/3174
f 2950/3217/3174 3033/3299/3256 3031/3297/3254
f 2950/3217/3174 3030/3296/3253 2953/3220/3177
f 2953/3220/3177 2951/3216/3173 2950/3217/3174
f 3031/3297/3254 3033/3299/3256 3034/3300/3257
f 3034/3300/3257 3035/3301/3258 3031/3297/3254
f 3034/3300/3257 3033/3299/3256 2947/3214/3171
f 2947/3214/3171 3036/3302/3259 3034/3300/3257
f 2947/3214/3171 3033/3299/3256 2950/3217/3174
f 2950/3217/3174 2948/3213/3170 2947/3214/3171
f 3034/3300/3257 3036/3302/3259 2571/2804/2760
f 2571/2804/2760 2572/2805/2761 3034/3300/3257
f 2571/2804/2760 3036/3302/3259 2944/3211/3168
f 2944/3211/3168 2570/2803/2759 2571/2804/2760
f 2944/3211/3168 3036/3302/3259 2947/3214/3171
f 2947/3214/3171 2945/3210/3167 2944/3211/3168
f 3035/3301/3258 3034/3300/3257 2572/2805/2761
f 2572/2805/2761 2573/2806/2762 3035/3301/3258
f 3037/3303/3260 3035/3301/3258 2573/2806/2762
f 2573/2806/2762 2574/2807/2763 3037/3303/3260
f 3031/3297/3254 3035/3301/3258 3037/3303/3260
f 3037/3303/3260 3032/3298/3255 3031/3297/3254
f 3038/3304/3261 3037/3303/3260 2574/2807/2763
f 2574/2807/2763 2575/2808/2764 3038/3304/3261
f 3032/3298/3255 3037/3303/3260 3038/3304/3261
f 3038/3304/3261 3039/3305/3262 3032/3298/3255
f 3041/3306/3263 3039/3305/3262 3038/3304/3261
f 3038/3304/3261 3040/3307/3264 3041/3306/3263
f 3032/3298/3255 3039/3305/3262 3029/3295/3252
f 3029/3295/3252 3028/3294/3251 3032/3298/3255
f 3029/3295/3252 3039/3305/3262 3041/3306/3263
f 3041/3306/3263 3042/3308/3265 3029/3295/3252
f 3044/3309/3266 3042/3308/3265 3041/3306/3263
f 3041/3306/3263 3043/3310/3267 3044/3309/3266
f 3029/3295/3252 3042/3308/3265 3026/3292/3249
f 3026/3292/3249 3025/3291/3248 3029/3295/3252
f 3026/3292/3249 3042/3308/3265 3044/3309/3266
f 3044/3309/3266 3045/3311/3268 3026/3292/3249
f 3047/3312/3269 3045/3311/3268 3044/3309/3266
f 3044/3309/3266 3046/3313/3270 3047/3312/3269
f 3026/3292/3249 3045/3311/3268 3023/3289/3246
f 3023/3289/3246 3022/3288/3245 3026/3292/3249
f 3023/3289/3246 3045/3311/3268 3047/3312/3269
f 3047/3312/3269 3048/3314/3271 3023/3289/3246
f 3050/3315/3272 3048/3314/3271 3047/3312/3269
f 3047/3312/3269 3049/3316/3273 3050/3315/3272
f 3023/3289/3246 3048/3314/3271 3020/3286/3243
f 3020/3286/3243 3019/3285/3242 3023/3289/3246
f 3020/3286/3243 3048/3314/3271 3050/3315/3272
f 3050/3315/3272 3051/3317/3274 3020/3286/3243
f 3053/3318/3275 3051/3317/3274 3050/3315/3272
f 3050/3315/3272 3052/3319/3276 3053/3318/3275
f 3020/3286/3243 3051/3317/3274 3017/3283/3240
f 3017/3283/3240 3016/3282/3239 3020/3286/3243
f 3017/3283/3240 3051/3317/3274 3053/3318/3275
f 3053/3318/3275 3054/3320/3277 3017/3283/3240
f 3056/3321/3278 3054/3320/3277 3053/3318/3275
f 3053/3318/3275 3055/3322/3279 3056/3321/3278
f 3017/3283/3240 3054/3320/3277 3014/3280/3237
f 3014/3280/3237 3013/3279/3236 3017/3283/3240
f 3014/3280/3237 3054/3320/3277 3056/3321/3278
f 3056/3321/3278 3057/3323/3280 3014/3280/3237
f 3059/3324/3281 3057/3323/3280 3056/3321/3278
f 3056/3321/3278 3058/3325/3282 3059/3324/3281
f 3014/3280/3237 3057/3323/3280 3011/3277/3234
f 3011/3277/3234 3010/3276/3233 3014/3280/3237
f 3011/3277/3234 3057/3323/3280 3059/3324/3281
f 3059/3324/3281 3060/3326/3283 3011/3277/3234
f 3062/3327/3284 3060/3326/3283 3059/3324/3281
f 3059/3324/3281 3061/3328/3285 3062/3327/3284
f 3011/3277/3234 3060/3326/3283 3008/3274/3231
f 3008/3274/3231 3007/3273/3230 3011/3277/3234
f 3008/3274/3231 3060/3326/3283 3062/3327/3284
f 3062/3327/3284 3063/3329/3286 3008/3274/3231
f 3065/3330/3287 3063/3329/3286 3062/3327/3284
f 3062/3327/3284 3064/3331/3288 3065/3330/3287
f 3008/3274/3231 3063/3329/3286 3005/3271/3228
f 3005/3271/3228 3004/3270/3227 3008/3274/3231
f 3005/3271/3228 3063/3329/3286 3065/3330/3287
f 3065/3330/3287 3066/3332/3289 3005/3271/3228
f 3068/3333/3290 3066/3332/3289 3065/3330/3287
f 3065/3330/3287 3067/3334/3291 3068/3333/3290
f 3005/3271/3228 3066/3332/3289 3002/3268/3225
f 3002/3268/3225 3001/3267/3224 3005/3271/3228
f 3002/3268/3225 3066/3332/3289 3068/3333/3290
f 3068/3333/3290 3069/3335/3292 3002/3268/3225
f 3071/3336/3293 3069/3335/3292 3068/3333/3290
f 3068/3333/3290 3070/3337/3294 3071/3336/3293
f 3002/3268/3225 3069/3335/3292 2999/3265/3222
f 2999/3265/3222 2998/3264/3221 3002/3268/3225
f 2999/3265/3222 3069/3335/3292 3071/3336/3293
f 3071/3336/3293 3072/3338/3295 2999/3265/3222
f 3074/3339/3296 3072/3338/3295 3071/3336/3293
f 3071/3336/3293 3073/3340/3297 3074/3339/3296
f 2999/3265/3222 3072/3338/3295 2996/3262/3219
f 2996/3262/3219 2995/3261/3218 2999/3265/3222
f 2996/3262/3219 3072/3338/3295 3074/3339/3296
f 3074/3339/3296 3075/3341/3298 2996/3262/3219
f 3077/3342/3299 3075/3341/3298 3074/3339/3296
f 3074/3339/3296 3076/3343/3300 3077/3342/3299
f 2996/3262/3219 3075/3341/3298 3078/3344/3301
f 3078/3344/3301 2993/3260/3217 2996/3262/3219
f 3078/3344/3301 3075/3341/3298 3077/3342/3299
f 3077/3342/3299 2617/2856/2811 3078/3344/3301
f 2993/3260/3217 3078/3344/3301 2620/2859/2814
f 2620/2859/2814 2994/3258/3215 2993/3260/3217
f 2620/2859/2814 3078/3344/3301 2617/2856/2811
f 2617/2856/2811 2616/2855/2810 2620/2859/2814
f 3081/3345/3302 3076/3343/3300 3079/3346/3303
f 3079/3346/3303 3080/3347/3304 3081/3345/3302
f 3079/3346/3303 3076/3343/3300 3074/3339/3296
f 3074/3339/3296 3073/3340/3297 3079/3346/3303
f 3077/3342/3299 3076/3343/3300 3081/3345/3302
f 3081/3345/3302 2614/2853/2808 3077/3342/3299
f 3080/3347/3304 3079/3346/3303 3082/3348/3305
f 3082/3348/3305 3083/3349/3306 3080/3347/3304
f 3082/3348/3305 3079/3346/3303 3073/3340/3297
f 3073/3340/3297 3084/3350/3307 3082/3348/3305
f 3082/3348/3305 3084/3350/3307 3085/3351/3308
f 3085/3351/3308 3086/3352/3309 3082/3348/3305
f 3085/3351/3308 3084/3350/3307 3070/3337/3294
f 3070/3337/3294 3087/3353/3310 3085/3351/3308
f 3070/3337/3294 3084/3350/3307 3073/3340/3297
f 3073/3340/3297 3071/3336/3293 3070/3337/3294
f 3085/3351/3308 3087/3353/3310 3088/3354/3311
f 3088/3354/3311 3089/3355/3312 3085/3351/3308
f 3088/3354/3311 3087/3353/3310 3067/3334/3291
f 3067/3334/3291 3090/3356/3313 3088/3354/3311
f 3067/3334/3291 3087/3353/3310 3070/3337/3294
f 3070/3337/3294 3068/3333/3290 3067/3334/3291
f 3088/3354/3311 3090/3356/3313 3091/3357/3314
f 3091/3357/3314 3092/3358/3315 3088/3354/3311
f 3091/3357/3314 3090/3356/3313 3064/3331/3288
f 3064/3331/3288 3093/3359/3316 3091/3357/3314
f 3064/3331/3288 3090/3356/3313 3067/3334/3291
f 3067/3334/3291 3065/3330/3287 3064/3331/3288
f 3091/3357/3314 3093/3359/3316 3094/3360/3317
f 3094/3360/3317 3095/3361/3318 3091/3357/3314
f 3094/3360/3317 3093/3359/3316 3061/3328/3285
f 3061/3328/3285 3096/3362/3319 3094/3360/3317
f 3061/3328/3285 3093/3359/3316 3064/3331/3288
f 3064/3331/3288 3062/3327/3284 3061/3328/3285
f 3094/3360/3317 3096/3362/3319 3097/3363/3320
f 3097/3363/3320 3098/3364/3321 3094/3360/3317
f 3097/3363/3320 3096/3362/3319 3058/3325/3282
f 3058/3325/3282 3099/3365/3322 3097/3363/3320
f 3058/3325/3282 3096/3362/3319 3061/3328/3285
f 3061/3328/3285 3059/3324/3281 3058/3325/3282
f 3097/3363/3320 3099/3365/3322 3100/3366/3323
f 3100/3366/3323 3101/3367/3324 3097/3363/3320
f 3100/3366/3323 3099/3365/3322 3055/3322/3279
f 3055/3322/3279 3102/3368/3325 3100/3366/3323
f 3055/3322/3279 3099/3365/3322 3058/3325/3282
f 3058/3325/3282 3056/3321/3278 3055/3322/3279
f 3100/3366/3323 3102/3368/3325 3103/3369/3326
f 3103/3369/3326 3104/3370/3327 3100/3366/3323
f 3103/3369/3326 3102/3368/3325 3052/3319/3276
f 3052/3319/3276 3105/3371/3328 3103/3369/3326
f 3052/3319/3276 3102/3368/3325 3055/3322/3279
f 3055/3322/3279 3053/3318/3275 3052/3319/3276
f 3103/3369/3326 3105/3371/3328 3106/3372/3329
f 3106/3372/3329 3107/3373/3330 3103/3369/3326
f 3106/3372/3329 3105/3371/3328 3049/3316/3273
f 3049/3316/3273 3108/3374/3331 3106/3372/3329
f 3049/3316/3273 3105/3371/3328 3052/3319/3276
f 3052/3319/3276 3050/3315/3272 3049/3316/3273
f 3106/3372/3329 3108/3374/3331 3109/3375/3332
f 3109/3375/3332 3110/3376/3333 3106/3372/3329
f 3109/3375/3332 3108/3374/3331 3046/3313/3270
f 3046/3313/3270 3111/3377/3334 3109/3375/3332
f 3046/3313/3270 3108/3374/3331 3049/3316/3273
f 3049/3316/3273 3047/3312/3269 3046/3313/3270
f 3109/3375/3332 3111/3377/3334 3112/3378/3335
f 3112/3378/3335 3113/3379/3336 3109/3375/3332
f 3112/3378/3335 3111/3377/3334 3043/3310/3267
f 3043/3310/3267 3114/3380/3337 3112/3378/3335
f 3043/3310/3267 3111/3377/3334 3046/3313/3270
f 3046/3313/3270 3044/3309/3266 3043/3310/3267
f 3112/3378/3335 3114/3380/3337 2577/2810/2766
f 2577/2810/2766 2578/2811/2767 3112/3378/3335
f 2577/2810/2766 3114/3380/3337 3040/3307/3264
f 3040/3307/3264 2576/2809/2765 2577/2810/2766
f 3040/3307/3264 3114/3380/3337 3043/3310/3267
f 3043/3310/3267 3041/3306/3263 3040/3307/3264
f 3113/3379/3336 3112/3378/3335 2578/2811/2767
f 2578/2811/2767 2579/2812/2768 3113/3379/3336
f 3115/3381/3338 3113/3379/3336 2579/2812/2768
f 2579/2812/2768 2580/2813/2769 3115/3381/3338
f 3109/3375/3332 3113/3379/3336 3115/3381/3338
f 3115/3381/3338 3110/3376/3333 3109/3375/3332
f 3116/3382/3339 3115/3381/3338 2580/2813/2769
f 2580/2813/2769 2581/2814/2770 3116/3382/3339
f 3110/3376/3333 3115/3381/3338 3116/3382/3339
f 3116/3382/3339 3117/3383/3340 3110/3376/3333
f 3119/3384/3341 3117/3383/3340 3116/3382/3339
f 3116/3382/3339 3118/3385/3342 3119/3384/3341
f 3110/3376/3333 3117/3383/3340 3107/3373/3330
f 3107/3373/3330 3106/3372/3329 3110/3376/3333
f 3107/3373/3330 3117/3383/3340 3119/3384/3341
f 3119/3384/3341 3120/3386/3343 3107/3373/3330
f 3122/3387/3344 3120/3386/3343 3119/3384/3341
f 3119/3384/3341 3121/3388/3345 3122/3387/3344
f 3107/3373/3330 3120/3386/3343 3104/3370/3327
f 3104/3370/3327 3103/3369/3326 3107/3373/3330
f 3104/3370/3327 3120/3386/3343 3122/3387/3344
f 3122/3387/3344 3123/3389/3346 3104/3370/3327
f 3125/3390/3347 3123/3389/3346 3122/3387/3344
f 3122/3387/3344 3124/3391/3348 3125/3390/3347
f 3104/3370/3327 3123/3389/3346 3101/3367/3324
f 3101/3367/3324 3100/3366/3323 3104/3370/3327
f 3101/3367/3324 3123/3389/3346 3125/3390/3347
f 3125/3390/3347 3126/3392/3349 3101/3367/3324
f 3128/3393/3350 3126/3392/3349 3125/3390/3347
f 3125/3390/3347 3127/3394/3351 3128/3393/3350
f 3101/3367/3324 3126/3392/3349 3098/3364/3321
f 3098/3364/3321 3097/3363/3320 3101/3367/3324
f 3098/3364/3321 3126/3392/3349 3128/3393/3350
f 3128/3393/3350 3129/3395/3352 3098/3364/3321
f 3131/3396/3353 3129/3395/3352 3128/3393/3350
f 3128/3393/3350 3130/3397/3354 3131/3396/3353
f 3098/3364/3321 3129/3395/3352 3095/3361/3318
f 3095/3361/3318 3094/3360/3317 3098/3364/3321
f 3095/3361/3318 3129/3395/3352 3131/3396/3353
f 3131/3396/3353 3132/3398/3355 3095/3361/3318
f 3134/3399/3356 3132/3398/3355 3131/3396/3353
f 3131/3396/3353 3133/3400/3357 3134/3399/3356
f 3095/3361/3318 3132/3398/3355 3092/3358/3315
f 3092/3358/3315 3091/3357/3314 3095/3361/3318
f 3092/3358/3315 3132/3398/3355 3134/3399/3356
f 3134/3399/3356 3135/3401/3358 3092/3358/3315
f 3137/3402/3359 3135/3401/3358 3134/3399/3356
f 3134/3399/3356 3136/3403/3360 3137/3402/3359
f 3092/3358/3315 3135/3401/3358 3089/3355/3312
f 3089/3355/3312 3088/3354/3311 3092/3358/3315
f 3089/3355/3312 3135/3401/3358 3137/3402/3359
f 3137/3402/3359 3138/3404/3361 3089/3355/3312
f 3140/3405/3362 3138/3404/3361 3137/3402/3359
f 3137/3402/3359 3139/3406/3363 3140/3405/3362
f 3089/3355/3312 3138/3404/3361 3086/3352/3309
f 3086/3352/3309 3085/3351/3308 3089/3355/3312
f 3086/3352/3309 3138/3404/3361 3140/3405/3362
f 3140/3405/3362 3141/3407/3364 3086/3352/3309
f 3143/3408/3365 3141/3407/3364 3140/3405/3362
f 3140/3405/3362 3142/3409/3366 3143/3408/3365
f 3086/3352/3309 3141/3407/3364 3083/3349/3306
f 3083/3349/3306 3082/3348/3305 3086/3352/3309
f 3083/3349/3306 3141/3407/3364 3143/3408/3365
f 3143/3408/3365 3144/3410/3367 3083/3349/3306
f 3146/3411/3368 3144/3410/3367 3143/3408/3365
f 3143/3408/3365 3145/3412/3369 3146/3411/3368
f 3083/3349/3306 3144/3410/3367 3147/3413/3370
f 3147/3413/3370 3080/3347/3304 3083/3349/3306
f 3147/3413/3370 3144/3410/3367 3146/3411/3368
f 3146/3411/3368 3148/3414/3371 3147/3413/3370
f 3150/3415/3372 3148/3414/3371 3146/3411/3368
f 3146/3411/3368 3149/3416/3373 3150/3415/3372
f 3147/3413/3370 3148/3414/3371 3151/3417/3374
f 3151/3417/3374 3152/3418/3375 3147/3413/3370
f 3151/3417/3374 3148/3414/3371 3150/3415/3372
f 3150/3415/3372 3153/3419/3376 3151/3417/3374
f 3155/3420/3377 3153/3419/3376 3150/3415/3372
f 3150/3415/3372 3154/3421/3378 3503/3422/3379 3155/3420/3377
f 3151/3417/3374 3153/3419/3376 2608/2844/2799
f 2608/2844/2799 2610/2848/2803 3151/3417/3374
f 2608/2844/2799 3153/3419/3376 3155/3420/3377
f 3155/3420/3377 3504/3423/3380 2606/2845/2800 2608/2844/2799
f 3158/3424/3381 3505/3425/3382 3154/3421/3378 3156/3426/3383
f 3156/3426/3383 3157/3427/3384 3506/3428/3385 3158/3424/3381
f 3156/3426/3383 3154/3421/3378 3150/3415/3372
f 3150/3415/3372 3149/3416/3373 3156/3426/3383
f 3508/3429/3386 3160/3430/3387 3509/3431/3387
f 3162/3432/3388 3163/3433/3389 3161/3434/3390
f 3507/3435/3391 3157/3427/3384 3162/3432/3388 3510/3436/3392
f 3163/3433/3389 3162/3432/3388 3164/3437/3393
f 3164/3437/3393 3165/3438/3394 3163/3433/3389
f 3164/3437/3393 3162/3432/3388 3157/3427/3384
f 3157/3427/3384 3156/3426/3383 3164/3437/3393
f 3165/3438/3394 3164/3437/3393 3166/3439/3395
f 3166/3439/3395 3167/3440/3396 3165/3438/3394
f 3166/3439/3395 3164/3437/3393 3156/3426/3383
f 3156/3426/3383 3149/3416/3373 3166/3439/3395
f 3167/3440/3396 3166/3439/3395 3145/3412/3369
f 3145/3412/3369 3168/3441/3397 3167/3440/3396
f 3145/3412/3369 3166/3439/3395 3149/3416/3373
f 3149/3416/3373 3146/3411/3368 3145/3412/3369
f 3167/3440/3396 3168/3441/3397 3169/3442/3398
f 3169/3442/3398 3170/3443/3399 3167/3440/3396
f 3169/3442/3398 3168/3441/3397 3142/3409/3366
f 3142/3409/3366 3171/3444/3400 3169/3442/3398
f 3142/3409/3366 3168/3441/3397 3145/3412/3369
f 3145/3412/3369 3143/3408/3365 3142/3409/3366
f 3169/3442/3398 3171/3444/3400 3172/3445/3401
f 3172/3445/3401 3173/3446/3402 3169/3442/3398
f 3172/3445/3401 3171/3444/3400 3139/3406/3363
f 3139/3406/3363 3174/3447/3403 3172/3445/3401
f 3139/3406/3363 3171/3444/3400 3142/3409/3366
f 3142/3409/3366 3140/3405/3362 3139/3406/3363
f 3172/3445/3401 3174/3447/3403 3175/3448/3404
f 3175/3448/3404 3176/3449/3405 3172/3445/3401
f 3175/3448/3404 3174/3447/3403 3136/3403/3360
f 3136/3403/3360 3177/3450/3406 3175/3448/3404
f 3136/3403/3360 3174/3447/3403 3139/3406/3363
f 3139/3406/3363 3137/3402/3359 3136/3403/3360
f 3175/3448/3404 3177/3450/3406 3178/3451/3407
f 3178/3451/3407 3179/3452/3408 3175/3448/3404
f 3178/3451/3407 3177/3450/3406 3133/3400/3357
f 3133/3400/3357 3180/3453/3409 3178/3451/3407
f 3133/3400/3357 3177/3450/3406 3136/3403/3360
f 3136/3403/3360 3134/3399/3356 3133/3400/3357
f 3178/3451/3407 3180/3453/3409 3181/3454/3410
f 3181/3454/3410 3182/3455/3411 3178/3451/3407
f 3181/3454/3410 3180/3453/3409 3130/3397/3354
f 3130/3397/3354 3183/3456/3412 3181/3454/3410
f 3130/3397/3354 3180/3453/3409 3133/3400/3357
f 3133/3400/3357 3131/3396/3353 3130/3397/3354
f 3181/3454/3410 3183/3456/3412 3184/3457/3413
f 3184/3457/3413 3185/3458/3414 3181/3454/3410
f 3184/3457/3413 3183/3456/3412 3127/3394/3351
f 3127/3394/3351 3186/3459/3415 3184/3457/3413
f 3127/3394/3351 3183/3456/3412 3130/3397/3354
f 3130/3397/3354 3128/3393/3350 3127/3394/3351
f 3184/3457/3413 3186/3459/3415 3187/3460/3416
f 3187/3460/3416 3188/3461/3417 3184/3457/3413
f 3187/3460/3416 3186/3459/3415 3124/3391/3348
f 3124/3391/3348 3189/3462/3418 3187/3460/3416
f 3124/3391/3348 3186/3459/3415 3127/3394/3351
f 3127/3394/3351 3125/3390/3347 3124/3391/3348
f 3187/3460/3416 3189/3462/3418 3190/3463/3419
f 3190/3463/3419 3191/3464/3420 3187/3460/3416
f 3190/3463/3419 3189/3462/3418 3121/3388/3345
f 3121/3388/3345 3192/3465/3421 3190/3463/3419
f 3121/3388/3345 3189/3462/3418 3124/3391/3348
f 3124/3391/3348 3122/3387/3344 3121/3388/3345
f 3190/3463/3419 3192/3465/3421 2583/2816/2772
f 2583/2816/2772 2584/2817/2773 3190/3463/3419
f 2583/2816/2772 3192/3465/3421 3118/3385/3342
f 3118/3385/3342 2582/2815/2771 2583/2816/2772
f 3118/3385/3342 3192/3465/3421 3121/3388/3345
f 3121/3388/3345 3119/3384/3341 3118/3385/3342
f 3191/3464/3420 3190/3463/3419 2584/2817/2773
f 2584/2817/2773 2585/2818/2774 3191/3464/3420
f 3193/3466/3422 3191/3464/3420 2585/2818/2774
f 2585/2818/2774 2586/2819/2775 3193/3466/3422
f 3187/3460/3416 3191/3464/3420 3193/3466/3422
f 3193/3466/3422 3188/3461/3417 3187/3460/3416
f 3194/3467/3423 3193/3466/3422 2586/2819/2775
f 2586/2819/2775 2587/2820/2776 3194/3467/3423
f 3188/3461/3417 3193/3466/3422 3194/3467/3423
f 3194/3467/3423 3195/3468/3424 3188/3461/3417
f 3197/3469/3425 3195/3468/3424 3194/3467/3423
f 3194/3467/3423 3196/3470/3426 3197/3469/3425
f 3188/3461/3417 3195/3468/3424 3185/3458/3414
f 3185/3458/3414 3184/3457/3413 3188/3461/3417
f 3185/3458/3414 3195/3468/3424 3197/3469/3425
f 3197/3469/3425 3198/3471/3427 3185/3458/3414
f 3200/3472/3428 3198/3471/3427 3197/3469/3425
f 3197/3469/3425 3199/3473/3429 3200/3472/3428
f 3185/3458/3414 3198/3471/3427 3182/3455/3411
f 3182/3455/3411 3181/3454/3410 3185/3458/3414
f 3182/3455/3411 3198/3471/3427 3200/3472/3428
f 3200/3472/3428 3201/3474/3430 3182/3455/3411
f 3203/3475/3431 3201/3474/3430 3200/3472/3428
f 3200/3472/3428 3202/3476/3432 3203/3475/3431
f 3182/3455/3411 3201/3474/3430 3179/3452/3408
f 3179/3452/3408 3178/3451/3407 3182/3455/3411
f 3179/3452/3408 3201/3474/3430 3203/3475/3431
f 3203/3475/3431 3204/3477/3433 3179/3452/3408
f 3206/3478/3434 3204/3477/3433 3203/3475/3431
f 3203/3475/3431 3205/3479/3435 3206/3478/3434
f 3179/3452/3408 3204/3477/3433 3176/3449/3405
f 3176/3449/3405 3175/3448/3404 3179/3452/3408
f 3176/3449/3405 3204/3477/3433 3206/3478/3434
f 3206/3478/3434 3207/3480/3436 3176/3449/3405
f 3209/3481/3437 3207/3480/3436 3206/3478/3434
f 3206/3478/3434 3208/3482/3438 3209/3481/3437
f 3176/3449/3405 3207/3480/3436 3173/3446/3402
f 3173/3446/3402 3172/3445/3401 3176/3449/3405
f 3173/3446/3402 3207/3480/3436 3209/3481/3437
f 3209/3481/3437 3210/3483/3439 3173/3446/3402
f 3212/3484/3440 3210/3483/3439 3209/3481/3437
f 3209/3481/3437 3211/3485/3441 3212/3484/3440
f 3173/3446/3402 3210/3483/3439 3170/3443/3399
f 3170/3443/3399 3169/3442/3398 3173/3446/3402
f 3170/3443/3399 3210/3483/3439 3212/3484/3440
f 3212/3484/3440 3213/3486/3442 3170/3443/3399
f 3215/3487/3443 3213/3486/3442 3212/3484/3440
f 3212/3484/3440 3214/3488/3444 3215/3487/3443
f 3170/3443/3399 3213/3486/3442 3165/3438/3394
f 3165/3438/3394 3167/3440/3396 3170/3443/3399
f 3165/3438/3394 3213/3486/3442 3215/3487/3443
f 3215/3487/3443 3163/3433/3389 3165/3438/3394
f 3218/3489/3445 3214/3488/3444 3216/3490/3446
f 3216/3490/3446 3217/3491/3447 3511/3492/3448 3218/3489/3445
f 3216/3490/3446 3214/3488/3444 3212/3484/3440
f 3212/3484/3440 3211/3485/3441 3216/3490/3446
f 3215/3487/3443 3214/3488/3444 3218/3489/3445
f 3218/3489/3445 3512/3493/3449 3219/3494/3450 3215/3487/3443
f 3215/3487/3443 3219/3494/3450 3513/3495/3451 3161/3434/3390
f 3161/3434/3390 3163/3433/3389 3215/3487/3443
f 3224/3496/3452 3225/3497/3453 3223/3498/3454 3517/3499/3455
f 3514/3500/3456 3217/3491/3447 3224/3496/3452 3518/3501/3456
f 3225/3497/3453 3224/3496/3452 3226/3502/3457
f 3226/3502/3457 3227/3503/3458 3225/3497/3453
f 3226/3502/3457 3224/3496/3452 3217/3491/3447
f 3217/3491/3447 3216/3490/3446 3226/3502/3457
f 3227/3503/3458 3226/3502/3457 3228/3504/3459
f 3228/3504/3459 3229/3505/3460 3227/3503/3458
f 3228/3504/3459 3226/3502/3457 3216/3490/3446
f 3216/3490/3446 3211/3485/3441 3228/3504/3459
f 3229/3505/3460 3228/3504/3459 3208/3482/3438
f 3208/3482/3438 3230/3506/3461 3229/3505/3460
f 3208/3482/3438 3228/3504/3459 3211/3485/3441
f 3211/3485/3441 3209/3481/3437 3208/3482/3438
f 3229/3505/3460 3230/3506/3461 3231/3507/3462
f 3231/3507/3462 3232/3508/3463 3229/3505/3460
f 3231/3507/3462 3230/3506/3461 3205/3479/3435
f 3205/3479/3435 3233/3509/3464 3231/3507/3462
f 3205/3479/3435 3230/3506/3461 3208/3482/3438
f 3208/3482/3438 3206/3478/3434 3205/3479/3435
f 3231/3507/3462 3233/3509/3464 3234/3510/3465
f 3234/3510/3465 3235/3511/3466 3231/3507/3462
f 3234/3510/3465 3233/3509/3464 3202/3476/3432
f 3202/3476/3432 3236/3512/3467 3234/3510/3465
f 3202/3476/3432 3233/3509/3464 3205/3479/3435
f 3205/3479/3435 3203/3475/3431 3202/3476/3432
f 3234/3510/3465 3236/3512/3467 3237/3513/3468
f 3237/3513/3468 3238/3514/3469 3234/3510/3465
f 3237/3513/3468 3236/3512/3467 3199/3473/3429
f 3199/3473/3429 3239/3515/3470 3237/3513/3468
f 3199/3473/3429 3236/3512/3467 3202/3476/3432
f 3202/3476/3432 3200/3472/3428 3199/3473/3429
f 3237/3513/3468 3239/3515/3470 2589/2822/2778
f 2589/2822/2778 2590/2823/2779 3237/3513/3468
f 2589/2822/2778 3239/3515/3470 3196/3470/3426
f 3196/3470/3426 2588/2821/2777 2589/2822/2778
f 3196/3470/3426 3239/3515/3470 3199/3473/3429
f 3199/3473/3429 3197/3469/3425 3196/3470/3426
f 3238/3514/3469 3237/3513/3468 2590/2823/2779
f 2590/2823/2779 2591/2824/2780 3238/3514/3469
f 3240/3516/3471 3238/3514/3469 2591/2824/2780
f 2591/2824/2780 2592/2825/2781 3240/3516/3471
f 3234/3510/3465 3238/3514/3469 3240/3516/3471
f 3240/3516/3471 3235/3511/3466 3234/3510/3465
f 3241/3517/3472 3240/3516/3471 2592/2825/2781
f 2592/2825/2781 2593/2826/2782 3241/3517/3472
f 3235/3511/3466 3240/3516/3471 3241/3517/3472
f 3241/3517/3472 3242/3518/3473 3235/3511/3466
f 3244/3519/3474 3242/3518/3473 3241/3517/3472
f 3241/3517/3472 3243/3520/3475 3244/3519/3474
f 3235/3511/3466 3242/3518/3473 3232/3508/3463
f 3232/3508/3463 3231/3507/3462 3235/3511/3466
f 3232/3508/3463 3242/3518/3473 3244/3519/3474
f 3244/3519/3474 3245/3521/3476 3232/3508/3463
f 3247/3522/3477 3245/3521/3476 3244/3519/3474
f 3244/3519/3474 3246/3523/3478 3247/3522/3477
f 3232/3508/3463 3245/3521/3476 3227/3503/3458
f 3227/3503/3458 3229/3505/3460 3232/3508/3463
f 3227/3503/3458 3245/3521/3476 3247/3522/3477
f 3247/3522/3477 3225/3497/3453 3227/3503/3458
f 3250/3524/3479 3246/3523/3478 3248/3525/3480
f 3248/3525/3480 3249/3526/3481 3250/3524/3479
f 3248/3525/3480 3246/3523/3478 3244/3519/3474
f 3244/3519/3474 3243/3520/3475 3248/3525/3480
f 3247/3522/3477 3246/3523/3478 3250/3524/3479
f 3250/3524/3479 3251/3527/3482 3247/3522/3477
f 3253/3528/3483 3251/3527/3482 3250/3524/3479
f 3250/3524/3479 3252/3529/3484 3253/3528/3483
f 3247/3522/3477 3251/3527/3482 3223/3498/3454
f 3223/3498/3454 3225/3497/3453 3247/3522/3477
f 3223/3498/3454 3251/3527/3482 3253/3528/3483
f 3519/3530/3485 3221/3531/3485 3515/3532/3485
f 3256/3533/3486 3252/3529/3484 3254/3534/3487
f 3254/3534/3487 3255/3535/3488 3256/3533/3486
f 3254/3534/3487 3252/3529/3484 3250/3524/3479
f 3250/3524/3479 3249/3526/3481 3254/3534/3487
f 3253/3528/3483 3252/3529/3484 3256/3533/3486
f 3256/3533/3486 3257/3536/3489 3520/3537/3490 3253/3528/3483
f 3259/3538/3491 3521/3539/3492 3257/3536/3489 3256/3533/3486
f 3256/3533/3486 3258/3540/3493 3259/3538/3491
f 3262/3541/3494 3258/3540/3493 3260/3542/3495
f 3260/3542/3495 3261/3543/3496 3262/3541/3494
f 3260/3542/3495 3258/3540/3493 3256/3533/3486
f 3256/3533/3486 3255/3535/3488 3260/3542/3495
f 3259/3538/3491 3258/3540/3493 3262/3541/3494
f 3262/3541/3494 3263/3544/3497 3522/3545/3498 3259/3538/3491
f 3265/3546/3499 3523/3547/3500 3263/3544/3501 3262/3541/3494
f 3262/3541/3494 3264/3548/3502 3265/3546/3499
f 3268/3549/3503 3264/3548/3502 3266/3550/3504
f 3266/3550/3504 3267/3551/3505 3268/3549/3503
f 3266/3550/3504 3264/3548/3502 3262/3541/3494
f 3262/3541/3494 3261/3543/3496 3266/3550/3504
f 3265/3546/3499 3264/3548/3502 3268/3549/3503
f 3268/3549/3503 3269/3552/3506 3524/3553/3507 3265/3546/3499
f 3525/3554/3508 3269/3555/3506 3268/3556/3503 3526/3557/3508
f 3274/3558/3509 3528/3559/3510 3270/3560/3511 3272/3561/3512
f 3272/3561/3512 3273/3562/3513 3529/3563/3514 3274/3558/3509
f 3272/3561/3512 3270/3560/3511 3527/3564/3515 3268/3556/3503
f 3268/3556/3503 3267/3565/3505 3272/3561/3512
f 3273/3562/3513 3272/3561/3512 2603/2837/2792
f 2603/2837/2792 2604/2839/2794 3530/3566/3516 3273/3562/3513
f 2603/2837/2792 3272/3561/3512 3267/3565/3505
f 3267/3565/3505 2602/2836/2791 2603/2837/2792
f 3267/3551/3505 3266/3550/3504 2601/2834/2790
f 2601/2834/2790 2602/2835/2791 3267/3551/3505
f 2601/2834/2790 3266/3550/3504 3261/3543/3496
f 3261/3543/3496 2600/2833/2789 2601/2834/2790
f 3261/3543/3496 3260/3542/3495 2599/2832/2788
f 2599/2832/2788 2600/2833/2789 3261/3543/3496
f 2599/2832/2788 3260/3542/3495 3255/3535/3488
f 3255/3535/3488 2598/2831/2787 2599/2832/2788
f 3255/3535/3488 3254/3534/3487 2597/2830/2786
f 2597/2830/2786 2598/2831/2787 3255/3535/3488
f 2597/2830/2786 3254/3534/3487 3249/3526/3481
f 3249/3526/3481 2596/2829/2785 2597/2830/2786
f 3249/3526/3481 3248/3525/3480 2595/2828/2784
f 2595/2828/2784 2596/2829/2785 3249/3526/3481
f 2595/2828/2784 3248/3525/3480 3243/3520/3475
f 3243/3520/3475 2594/2827/2783 2595/2828/2784
f 2594/2827/2783 3243/3520/3475 3241/3517/3472
f 3241/3517/3472 2593/2826/2782 2594/2827/2783
f 2588/2821/2777 3196/3470/3426 3194/3467/3423
f 3194/3467/3423 2587/2820/2776 2588/2821/2777
f 3152/3418/3375 3151/3417/3374 2610/2848/2803
f 2610/2848/2803 2612/2850/2805 3152/3418/3375
f 3147/3413/3370 3152/3418/3375 3081/3345/3302
f 3081/3345/3302 3080/3347/3304 3147/3413/3370
f 3081/3345/3302 3152/3418/3375 2612/2850/2805
f 2612/2850/2805 2614/2853/2808 3081/3345/3302
f 2582/2815/2771 3118/3385/3342 3116/3382/3339
f 3116/3382/3339 2581/2814/2770 2582/2815/2771
f 2617/2856/2811 3077/3342/3299 2614/2853/2808
f 2614/2853/2808 2613/2852/2807 2617/2856/2811
f 2576/2809/2765 3040/3307/3264 3038/3304/3261
f 3038/3304/3261 2575/2808/2764 2576/2809/2765
f 2623/2862/2817 2994/3258/3215 2620/2859/2814
f 2620/2859/2814 2619/2858/2813 2623/2862/2817
f 2626/2865/2820 2990/3255/3212 2623/2862/2817
f 2623/2862/2817 2622/2861/2816 2626/2865/2820
f 2570/2803/2759 2944/3211/3168 2942/3208/3165
f 2942/3208/3165 2569/2802/2758 2570/2803/2759
f 2632/2876/2831 2889/3152/3109 2629/2868/2823
f 2629/2868/2823 2628/2867/2822 2632/2876/2831
f 2564/2797/2753 2831/3093/3050 2829/3090/3047
f 2829/3090/3047 2563/2796/2752 2564/2797/2753
f 2637/2881/2836 2760/3014/2970 2634/3020/2976
f 2634/3020/2976 3489/3567/3517 2633/2877/2832 2637/2881/2836
f 2640/2886/2841 2756/3010/2966 2637/2881/2836
f 2637/2881/2836 2636/2880/2835 2640/2886/2841
f 2643/2890/2845 2752/3006/2962 2640/2886/2841
f 2640/2886/2841 2639/2885/2840 2643/2890/2845
f 2646/2893/2848 2748/3002/2958 2643/2890/2845
f 2643/2890/2845 2642/2889/2844 2646/2893/2848
f 2649/2896/2851 2744/2998/2954 2646/2893/2848
f 2646/2893/2848 2645/2892/2847 2649/2896/2851
f 2652/2899/2854 2740/2994/2950 2649/2896/2851
f 2649/2896/2851 2648/2895/2850 2652/2899/2854
f 2736/2990/2946 2735/2989/2945 2652/2899/2854
f 2652/2899/2854 2651/2898/2853 2736/2990/2946
f 2730/2984/2940 2736/2990/2946 2657/2904/2859
f 2657/2904/2859 2731/2985/2941 2730/2984/2940
f 2657/2904/2859 2736/2990/2946 2651/2898/2853
f 2651/2898/2853 2654/2901/2856 2657/2904/2859
f 2725/2979/2935 2731/2985/2941 2660/2909/2865
f 2660/2909/2865 2726/2980/2936 2725/2979/2935
f 2660/2909/2865 2731/2985/2941 2657/2904/2859
f 2657/2904/2859 2656/2903/2858 2660/2909/2865
f 2720/2974/2930 2726/2980/2936 2663/2916/2872
f 2663/2916/2872 2721/2975/2931 2720/2974/2930
f 2663/2916/2872 2726/2980/2936 2660/2909/2865
f 2660/2909/2865 2659/2908/2864 2663/2916/2872
f 2715/2969/2925 2721/2975/2931 2666/2920/2876
f 2666/2920/2876 2716/2970/2926 2715/2969/2925
f 2666/2920/2876 2721/2975/2931 2663/2916/2872
f 2663/2916/2872 2662/2915/2871 2666/2920/2876
f 2710/2964/2920 2716/2970/2926 2669/2923/2879
f 2669/2923/2879 2711/2965/2921 2710/2964/2920
f 2669/2923/2879 2716/2970/2926 2666/2920/2876
f 2666/2920/2876 2665/2919/2875 2669/2923/2879
f 2705/2959/2915 2711/2965/2921 2672/2926/2882
f 2672/2926/2882 2706/2960/2916 2705/2959/2915
f 2672/2926/2882 2711/2965/2921 2669/2923/2879
f 2669/2923/2879 2668/2922/2878 2672/2926/2882
f 2701/2955/2911 2706/2960/2916 2675/2929/2885
f 2675/2929/2885 2677/2931/2887 2701/2955/2911
f 2675/2929/2885 2706/2960/2916 2672/2926/2882
f 2672/2926/2882 2671/2925/2881 2675/2929/2885
f 2558/2791/2747 2693/2948/2904 2691/2945/2901
f 2691/2945/2901 2557/2790/2746 2558/2791/2747
f 2551/2784/2740 2552/2785/2741 2511/2719/2677
f 2511/2719/2677 2510/2718/2676 2551/2784/2740
f 2550/2783/2739 2551/2784/2740 2510/2718/2676
f 2510/2718/2676 2513/2721/2679 2550/2783/2739
f 2549/2782/2738 2550/2783/2739 2513/2721/2679
f 2513/2721/2679 2515/2725/2683 2549/2782/2738
f 2548/2781/2737 2549/2782/2738 2515/2725/2683
f 2515/2725/2683 2517/2729/2687 2548/2781/2737
f 2547/2780/2736 2548/2781/2737 2517/2729/2687
f 2517/2729/2687 2519/2733/2692 2547/2780/2736
f 2546/2779/2735 2547/2780/2736 2519/2733/2692
f 2519/2733/2692 2521/2736/2695 2546/2779/2735
f 2545/2778/2734 2546/2779/2735 2521/2736/2695
f 2521/2736/2695 2523/2741/2700 2545/2778/2734
f 2544/2777/2733 2545/2778/2734 2523/2741/2700
f 2523/2741/2700 2525/2747/2707 2544/2777/2733
f 2543/2776/2732 2544/2777/2733 2525/2747/2707
f 2525/2747/2707 2527/2751/2711 2543/2776/2732
f 2542/2775/2731 2543/2776/2732 2527/2751/2711
f 2527/2751/2711 3474/3568/3518 2529/3569/3519 2542/2775/2731
f 2541/2772/2730 2542/2774/2731 2529/3570/3519
f 2529/3570/3519 3475/3571/3520 2530/3572/3521 2541/2772/2730
f 2540/2770/2729 2541/2772/2730 2530/3572/3521
f 2530/3572/3521 3476/3573/3522 2531/3574/3523 2540/2770/2729
f 2535/2756/2716 2540/2770/2729 2531/3574/3523
f 2531/3574/3523 3477/3575/3524 2532/2752/2712 2535/2756/2716
f 2442/3576/3525 3695/3576/3525 3600/3576/3525
f 2522/3576/3526 3470/3576/3526 3686/3576/3526
f 1533/3576/3527 3695/3576/3527 3645/3576/3527
f 103/3576/3528 3292/3576/3529 3291/3576/3529
f 2333/3576/3530 3581/3576/3531 3407/3576/3532
f 2332/3576/3533 3621/3576/3534 3673/3576/3535
f 2456/3576/3536 3435/3576/3536 3750/3576/3536
f 2407/3576/3537 3408/3576/3537 3555/3576/3537
f 105/3576/3538 3293/3576/3538 3588/3576/3538
f 111/3576/3539 3551/3576/3539 3297/3576/3539
f 113/3576/3540 3299/3576/3540 3535/3576/3540
f 3263/3576/3541 3538/3576/3541 3522/3576/3541
f 3159/3576/3542 3718/3576/3542 3655/3576/3542
f 63/3576/3543 3281/3576/3543 3561/3576/3543
f 128/3576/3544 3656/3576/3544 3565/3576/3544
f 3160/3576/3545 3508/3576/3545 3541/3576/3545
f 59/3576/3546 3549/3576/3546 3544/3576/3546
f 223/3576/3547 3546/3576/3547 3322/3576/3547
f 2214/3576/3548 3397/3576/3549 3613/3576/3549
f 61/3576/3550 3279/3576/3550 3278/3576/3550
f 62/3576/3551 3280/3576/3551 3548/3576/3551
f 2473/3576/3552 3741/3576/3552 3545/3576/3552
f 223/3576/3553 3550/3576/3553 3546/3576/3553
f 319/3576/3554 3749/3576/3554 3331/3576/3554
f 109/3576/3555 3296/3576/3555 3543/3576/3556
f 72/3576/3557 3552/3576/3557 3288/3576/3557
f 3219/3576/3558 3708/3576/3558 3557/3576/3558
f 194/3576/3559 3575/3576/3559 3316/3576/3559
f 223/3576/3560 3556/3576/3561 3550/3576/3561
f 3161/3576/3562 3513/3576/3563 3554/3576/3564
f 225/3576/3565 3323/3576/3565 3558/3576/3565
f 2635/3576/3566 3757/3576/3567 3562/3576/3568
f 725/3576/3569 3375/3576/3569 3362/3576/3569
f 118/3576/3570 3559/3576/3570 3303/3576/3570
f 70/3576/3571 3287/3576/3571 3564/3576/3571
f 70/3576/3572 3551/3576/3572 3311/3576/3572
f 326/3576/3573 3566/3576/3573 3337/3576/3573
f 1534/3576/3574 3409/3576/3574 3643/3576/3574
f 125/3576/3575 3553/3576/3575 3308/3576/3575
f 127/3576/3576 3310/3576/3576 3309/3576/130
f 72/3576/3577 3289/3576/3577 3697/3576/3577
f 934/3576/3578 3374/3576/3578 3558/3576/3578
f 2426/3576/3579 3567/3576/3579 3694/3576/3579
f 727/3576/3580 3571/3576/3580 3363/3576/3580
f 727/3576/3581 3572/3576/3581 3571/3576/3581
f 1188/3576/3582 3386/3576/3582 3747/3576/3582
f 229/3576/3583 3576/3576/3583 3579/3576/3583
f 2481/3576/3584 3740/3576/3584 3639/3576/3584
f 229/3576/3585 3587/3576/3585 3576/3576/3585
f 367/3576/3586 3344/3576/3586 3585/3576/3586
f 2214/3576/3587 3624/3576/3587 3396/3576/3587
f 728/3576/3588 3580/3576/3588 3364/3576/3588
f 318/3576/3589 3334/3576/3589 3569/3576/3589
f 728/3576/3590 3582/3576/3590 3580/3576/3590
f 730/3576/3591 3602/3576/3591 3586/3576/3591
f 226/3576/3592 3583/3576/3592 3342/3576/3592
f 227/3576/3593 3706/3576/3593 3345/3576/3593
f 229/3576/3594 3749/3576/3594 3326/3576/3594
f 1/3576/3595 3644/3576/3595 3568/3576/3595
f 1188/3576/3596 3583/3576/3596 3392/3576/3596
f 231/3576/278 3328/3576/273 3327/3576/273
f 729/3576/3597 3589/3576/3597 3365/3576/3597
f 729/3576/3598 3590/3576/3598 3589/3576/3598
f 201/3576/3599 3709/3576/3599 3319/3576/3599
f 199/3576/3600 3772/3576/3600 3318/3576/3600
f 326/3576/3601 3594/3576/3601 3601/3576/3601
f 367/3576/3602 3595/3576/3602 3353/3576/3602
f 59/3576/3603 3544/3576/3603 3701/3576/3603
f 2443/3576/3604 3429/3576/3604 3591/3576/3604
f 198/3576/3605 3533/3576/3605 3598/3576/3605
f 198/3576/3606 3598/3576/3606 3340/3576/3606
f 2531/3576/3607 3664/3576/3608 3476/3576/3609
f 3218/3576/3610 3537/3576/3610 3704/3576/3610
f 729/3576/3611 3366/3576/3611 3590/3576/3611
f 326/3576/3612 3601/3576/3612 3738/3576/3612
f 2413/3576/3613 3596/3576/3613 3743/3576/3613
f 730/3576/3614 3367/3576/3614 3602/3576/3614
f 731/3576/3615 3368/3576/3615 3604/3576/3615
f 3157/3576/3616 3507/3576/3616 3721/3576/3616
f 2412/3576/3617 3702/3576/3617 3574/3576/3618
f 521/3576/3619 3661/3576/3619 3348/3576/3619
f 2334/3576/3620 3660/3576/3621 3405/3576/3621
f 520/3576/3622 3632/3576/3622 3347/3576/3622
f 224/3576/3623 3324/3576/3623 3609/3576/3623
f 520/3576/3624 3346/3576/3624 3612/3576/3624
f 2209/3576/3625 3394/3576/3625 3611/3576/3625
f 520/3576/3626 3612/3576/3626 3614/3576/3626
f 520/3576/3627 3614/3576/3627 3539/3576/3627
f 2334/3576/3628 3633/3576/3628 3660/3576/3628
f 2413/3576/3629 3722/3576/3630 3742/3576/3631
f 2213/3576/3632 3403/3576/3632 3573/3576/3632
f 2494/3576/3633 3537/3576/3633 3696/3576/3633
f 2477/3576/3634 3449/3576/3634 3617/3576/3634
f 1/3576/3635 3222/3576/3635 3640/3576/3635
f 934/3576/3636 3659/3576/3636 3676/3576/3636
f 711/3576/3637 3359/3576/3637 3358/3576/3637
f 3218/3576/3638 3704/3576/3638 3618/3576/3638
f 709/3576/3639 3623/3576/3639 3357/3576/3639
f 3269/3576/3640 3524/3576/3640 3625/3576/3640
f 2329/3576/3641 3608/3576/3641 3626/3576/3641
f 2330/3576/3642 3627/3576/3642 3399/3576/3642
f 708/3576/3643 3628/3576/3643 3356/3576/3643
f 2330/3576/3644 3629/3576/3644 3628/3576/3644
f 2331/3576/3645 3630/3576/3645 3400/3576/3645
f 706/3576/3646 3631/3576/3646 3354/3576/3646
f 706/3576/3647 3372/3576/3647 3616/3576/3647
f 67/3576/3648 3637/3576/3649 3284/3576/3650
f 931/3576/3651 3634/3576/3651 3370/3576/3651
f 2604/3576/3652 3622/3576/3652 3652/3576/3652
f 323/3576/3653 3635/3576/3653 3566/3576/3653
f 5/3576/3654 3641/3576/3655 3376/3576/3656
f 3/3576/3657 2434/3576/3657 2528/3576/3657
f 319/3576/3658 3706/3576/3658 3638/3576/3658
f 118/3576/3659 3559/3576/3659 3302/3576/3659
f 2439/3576/3660 3662/3576/3661 3636/3576/3660
f 1159/3576/3662 3610/3576/3662 3640/3576/3662
f 2437/3576/3663 3668/3576/3663 3707/3576/3663
f 1160/3576/3664 3744/3576/3664 3377/3576/3664
f 2431/3576/3665 3687/3576/3665 3619/3576/3666
f 3221/3576/3667 3519/3576/3667 3647/3576/3667
f 59/3576/3668 3762/3576/3668 3277/3576/3668
f 2407/3576/3669 3744/3576/3669 3648/3576/3669
f 1185/3576/3670 3650/3576/3670 3382/3576/3670
f 2765/3576/3671 3767/3576/3671 3649/3576/3672
f 1184/3576/3673 3651/3576/3673 3381/3576/3673
f 1184/3576/3674 3657/3576/3674 3651/3576/3674
f 1187/3576/3675 3654/3576/3675 3385/3576/3675
f 1533/3576/3676 3389/3576/3676 3653/3576/3676
f 1402/3576/3677 3480/3576/3677 3388/3576/3677
f 3159/3576/3678 3540/3576/3678 3655/3576/3678
f 114/3576/3679 3312/3576/3680 3681/3576/3681
f 2604/3576/3682 3481/3576/3682 3622/3576/3682
f 68/3576/3683 3658/3576/3683 3286/3576/3683
f 3273/3576/3684 3530/3576/3685 3636/3576/3660
f 2440/3576/3686 3426/3576/3686 3427/3576/3686
f 2332/3576/3533 3673/3576/3535 3402/3576/3687
f 2439/3576/3688 3425/3576/3688 3662/3576/3688
f 2769/3576/3689 3496/3576/3689 3663/3576/3689
f 107/3576/3690 3294/3576/3690 3713/3576/3690
f 2437/3576/3691 3666/3576/3691 3665/3576/3691
f 3271/3576/3692 3715/3576/3692 3666/3576/3692
f 2451/3576/3693 3739/3576/3693 3667/3576/3693
f 3269/3576/3694 3717/3576/3694 3525/3576/3694
f 2475/3576/3695 3730/3576/3695 3447/3576/3695
f 3162/3576/3696 3509/3576/3696 3670/3576/3696
f 2334/3576/3697 3633/3576/3697 3404/3576/3697
f 2524/3576/3698 3675/3576/3698 3672/3576/3698
f 2526/3576/3699 3471/3576/3699 3472/3576/3699
f 2524/3576/3700 3675/3576/3700 3674/3576/3700
f 2435/3576/3701 3424/3576/3701 3423/3576/3701
f 2530/3576/3702 3682/3576/3702 3475/3576/3702
f 2433/3576/3703 3678/3576/3704 3467/3576/3704
f 3265/3576/3705 3523/3576/3706 3683/3576/3705
f 2522/3576/3707 3717/3576/3707 3468/3576/3707
f 128/3576/3708 3547/3576/3708 3656/3576/3708
f 2532/3576/3709 3478/3576/3709 3477/3576/3709
f 2432/3576/3710 3684/3576/3710 3465/3576/3710
f 2529/3576/3711 3599/3576/3712 3677/3576/3713
f 2433/3576/3714 3679/3576/3714 3678/3576/3714
f 2432/3576/3715 3684/3576/3715 3685/3576/3715
f 189/3576/3716 3313/3576/3716 3593/3576/3716
f 2431/3576/3665 3688/3576/3717 3687/3576/3665
f 2430/3576/3718 3689/3576/3718 3422/3576/3718
f 319/3576/3719 3330/3576/3719 3691/3576/3719
f 2430/3576/3720 3690/3576/3720 3421/3576/3720
f 2429/3576/3721 3420/3576/3721 3419/3576/3721
f 3223/3576/3722 3606/3576/3722 3692/3576/3722
f 3221/3576/3723 3647/3576/3724 3567/3576/3724
f 2426/3576/3725 3728/3576/3725 3694/3576/3725
f 2427/3576/3726 3418/3576/3727 3417/3576/3726
f 2209/3576/3728 3632/3576/3728 3393/3576/3728
f 3224/3576/3729 3517/3576/3730 3518/3576/3729
f 2422/3576/3731 3699/3576/3732 3416/3576/3733
f 2422/3576/3731 3603/3576/3734 3699/3576/3732
f 710/3576/3735 3620/3576/3736 3700/3576/3737
f 2423/3576/3738 3415/3576/3739 3414/3576/3738
f 2406/3576/3740 3406/3576/3740 3578/3576/3740
f 2212/3576/3741 3395/3576/3741 3703/3576/3741
f 67/3576/3648 3285/3576/3742 3637/3576/3649
f 109/3576/3743 3552/3576/3743 3295/3576/3743
f 3592/3576/3744 3349/3576/3744 523/3576/3744
f 2490/3576/3745 3705/3576/3745 3710/3576/3745
f 2419/3576/3746 3711/3576/3746 3460/3576/3746
f 2477/3576/3747 3617/3576/3747 3597/3576/3747
f 2419/3576/3748 3711/3576/3748 3459/3576/3748
f 2884/3576/3749 3764/3576/3749 3642/3576/3749
f 105/3576/3750 3588/3576/3750 3712/3576/3750
f 3159/3576/3751 3510/3576/3751 3714/3576/3751
f 709/3576/3752 3669/3576/3752 3623/3576/3752
f 2418/3576/3753 3456/3576/3753 3714/3576/3753
f 2487/3576/3754 3455/3576/3754 3716/3576/3754
f 706/3576/3755 3616/3576/3755 3671/3576/3755
f 3159/3576/3756 3718/3576/3756 3615/3576/3756
f 328/3576/3757 3338/3576/3757 3339/3576/3757
f 2494/3576/3758 3696/3576/3758 3680/3576/3758
f 3158/3576/3759 3506/3576/3759 3505/3576/3760
f 2416/3576/3761 3451/3576/3761 3721/3576/3761
f 225/3576/3762 3605/3576/3762 3723/3576/3763
f 3154/3576/3764 3740/3576/3764 3724/3576/3764
f 2478/3576/3765 3532/3576/3765 3446/3576/3765
f 2414/3576/3766 3745/3576/3766 3726/3576/3766
f 2605/3576/3767 3729/3576/3767 3483/3576/3767
f 2437/3576/3768 3665/3576/3769 3516/3576/3768
f 3155/3576/3770 3646/3576/3770 3503/3576/3770
f 2474/3576/3771 3445/3576/3771 3733/3576/3771
f 2605/3576/3772 3729/3576/3772 3482/3576/3772
f 2475/3576/3773 3730/3576/3773 3731/3576/3773
f 2451/3576/3774 3667/3576/3774 3732/3576/3774
f 1536/3576/3775 3584/3576/3776 3391/3576/3777
f 2421/3576/3778 3463/3576/3778 3735/3576/3778
f 2444/3576/3779 3748/3576/3779 3736/3576/3779
f 2411/3576/3780 3752/3576/3780 3737/3576/3780
f 2415/3576/3781 3413/3576/3781 3591/3576/3781
f 124/3576/3782 3542/3576/3783 3307/3576/3784
f 226/3576/3785 3341/3576/3785 3725/3576/3785
f 2473/3576/3786 3748/3576/3786 3741/3576/3786
f 2413/3576/3629 3742/3576/3631 3596/3576/3787
f 2413/3576/3788 3412/3576/3788 3743/3576/3788
f 3219/3576/3789 3512/3576/3789 3708/3576/3789
f 2464/3576/3790 3441/3576/2594 3442/3576/3790
f 364/3576/3791 3343/3576/3791 3746/3576/3791
f 2451/3576/3792 3432/3576/3792 3739/3576/3792
f 367/3576/3793 3585/3576/3793 3595/3576/3793
f 1160/3576/3794 3378/3576/3794 3727/3576/3794
f 2453/3576/3795 3433/3576/3795 3737/3576/3795
f 2474/3576/3796 3443/3576/3796 3751/3576/3796
f 105/3576/3797 3469/3576/3797 3754/3576/3797
f 2411/3576/3798 3438/3576/2589 3753/3576/3799
f 2456/3576/3800 3750/3576/3800 3755/3576/3800
f 2460/3576/3801 3491/3576/3801 3755/3576/3801
f 2437/3576/3768 3516/3576/3768 3756/3576/3802
f 2633/3576/3803 3758/3576/3804 3490/3576/3805
f 2633/3576/3803 3759/3576/3806 3758/3576/3804
f 2631/3576/3807 3760/3576/3807 3488/3576/3807
f 2634/3576/3808 3531/3576/3809 3489/3576/3810
f 232/3576/3811 3329/3576/3811 3761/3576/3811
f 2631/3576/3812 3763/3576/3812 3760/3576/3812
f 2764/3576/3813 3765/3576/3814 3492/3576/3815
f 2884/3576/3816 3763/3576/3816 3764/3576/3817
f 2764/3576/3813 3493/3576/3818 3765/3576/3814
f 934/3576/3819 3560/3576/3819 3766/3576/3819
f 2769/3576/3820 3768/3576/3820 3497/3576/3820
f 723/3576/3821 3361/3576/3821 3769/3576/3821
f 2769/3576/3822 3663/3576/3822 3770/3576/3822
f 2768/3576/3823 3771/3576/3823 3495/3576/3823
f 2768/3576/3824 3771/3576/3824 3499/3576/3824
f 732/3576/3744 3369/3576/3744 3592/3576/3744
f 3592/3576/3744 3369/3576/3744 3349/3576/3744
f 3369/3576/3744 522/3576/3744 3349/3576/3744
f 3499/3576/3824 3768/3576/3824 2773/3576/3825
f 3499/3576/3824 3771/3576/3824 3768/3576/3824
f 3771/3576/3824 2769/3576/3824 3768/3576/3824
f 3495/3576/3823 3770/3576/3823 2767/3576/3823
f 3495/3576/3823 3771/3576/3823 3770/3576/3823
f 3771/3576/3823 2769/3576/3823 3770/3576/3823
f 3770/3576/3822 3494/3576/3826 2767/3576/3826
f 3770/3576/3822 3663/3576/3822 3494/3576/3826
f 3663/3576/3822 2765/3576/3826 3494/3576/3826
f 3769/3576/3821 3573/3576/3821 2213/3576/3821
f 3769/3576/3821 3361/3576/3821 3573/3576/3821
f 3361/3576/3821 724/3576/3821 3573/3576/3821
f 3497/3576/3820 3498/3576/3820 2771/3576/3827
f 3497/3576/3820 3768/3576/3820 3498/3576/3820
f 3768/3576/3820 2773/3576/3820 3498/3576/3820
f 3766/3576/3819 3570/3576/3819 117/3576/3819
f 3766/3576/3819 3560/3576/3819 3570/3576/3819
f 3560/3576/3819 726/3576/3819 3570/3576/3819
f 3765/3576/3814 3649/3576/3818 2884/3576/3828
f 3765/3576/3814 3493/3576/3818 3649/3576/3818
f 3493/3576/3818 2765/3576/3818 3649/3576/3818
f 3764/3576/3817 3487/3576/3817 2630/3576/3817
f 3764/3576/3817 3763/3576/3816 3487/3576/3817
f 3763/3576/3816 2631/3576/3816 3487/3576/3817
f 3492/3576/3815 3531/3576/3809 2634/3576/3808
f 3492/3576/3815 3765/3576/3814 3531/3576/3809
f 3765/3576/3814 2884/3576/3828 3531/3576/3809
f 3760/3576/3812 3501/3576/3812 2886/3576/3812
f 3760/3576/3812 3763/3576/3812 3501/3576/3812
f 3763/3576/3812 2884/3576/3812 3501/3576/3812
f 3761/3576/3811 3563/3576/3811 191/3576/3811
f 3761/3576/3811 3329/3576/3811 3563/3576/3811
f 3329/3576/3811 123/3576/3811 3563/3576/3811
f 3489/3576/3810 3642/3576/3810 2633/3576/3810
f 3489/3576/3810 3531/3576/3809 3642/3576/3810
f 3531/3576/3809 2884/3576/3810 3642/3576/3810
f 3488/3576/3807 3502/3576/3807 2632/3576/3807
f 3488/3576/3807 3760/3576/3807 3502/3576/3807
f 3760/3576/3807 2886/3576/3807 3502/3576/3807
f 3758/3576/3804 3486/3576/3829 2458/3576/3830
f 3758/3576/3804 3759/3576/3806 3486/3576/3829
f 3759/3576/3806 2630/3576/3829 3486/3576/3829
f 3490/3576/3805 3757/3576/3805 2635/3576/3805
f 3490/3576/3805 3758/3576/3804 3757/3576/3805
f 3758/3576/3804 2458/3576/3830 3757/3576/3805
f 3756/3576/3802 3528/3576/3802 3274/3576/3802
f 3756/3576/3802 3516/3576/3768 3528/3576/3802
f 3516/3576/3768 3270/3576/3768 3528/3576/3802
f 3755/3576/3801 3562/3576/3568 2456/3576/3831
f 3755/3576/3801 3491/3576/3801 3562/3576/3568
f 3491/3576/3801 2635/3576/3566 3562/3576/3568
f 3755/3576/3800 3753/3576/3800 2460/3576/3800
f 3755/3576/3800 3750/3576/3800 3753/3576/3800
f 3750/3576/3800 2411/3576/3800 3753/3576/3800
f 3753/3576/3799 3437/3576/3799 2460/3576/3799
f 3753/3576/3799 3438/3576/2589 3437/3576/3799
f 3438/3576/2589 2459/3576/3799 3437/3576/3799
f 3754/3576/3797 3658/3576/3797 101/3576/3797
f 3754/3576/3797 3469/3576/3797 3658/3576/3797
f 3469/3576/3797 68/3576/3797 3658/3576/3797
f 3751/3576/3796 3545/3576/3796 2607/3576/3796
f 3751/3576/3796 3443/3576/3796 3545/3576/3796
f 3443/3576/3796 2473/3576/3796 3545/3576/3796
f 3737/3576/3795 3732/3576/3795 2411/3576/3795
f 3737/3576/3795 3433/3576/3795 3732/3576/3795
f 3433/3576/3795 2451/3576/3795 3732/3576/3795
f 3727/3576/3794 3383/3576/3794 1186/3576/3794
f 3727/3576/3794 3378/3576/3794 3383/3576/3794
f 3378/3576/3794 1163/3576/3794 3383/3576/3794
f 3595/3576/3793 3335/3576/3793 323/3576/3793
f 3595/3576/3793 3585/3576/3793 3335/3576/3793
f 3585/3576/3793 322/3576/3793 3335/3576/3793
f 3739/3576/3792 3702/3576/3792 2412/3576/3792
f 3739/3576/3792 3432/3576/3792 3702/3576/3792
f 3432/3576/3792 2450/3576/3792 3702/3576/3792
f 3746/3576/3791 3734/3576/3791 1535/3576/3791
f 3746/3576/3791 3343/3576/3791 3734/3576/3791
f 3343/3576/3791 366/3576/3791 3734/3576/3791
f 3442/3576/3790 3574/3576/3790 2414/3576/3832
f 3442/3576/3790 3441/3576/2594 3574/3576/3790
f 3441/3576/2594 2412/3576/2593 3574/3576/3790
f 3708/3576/3789 3705/3576/3789 2490/3576/3789
f 3708/3576/3789 3512/3576/3789 3705/3576/3789
f 3512/3576/3789 3218/3576/3789 3705/3576/3789
f 3743/3576/3788 3726/3576/3788 2410/3576/3788
f 3743/3576/3788 3412/3576/3788 3726/3576/3788
f 3412/3576/3788 2414/3576/3788 3726/3576/3788
f 3596/3576/3787 3410/3576/3787 2408/3576/3787
f 3596/3576/3787 3742/3576/3631 3410/3576/3787
f 3742/3576/3631 2409/3576/3833 3410/3576/3787
f 3741/3576/3786 3485/3576/3786 2609/3576/3786
f 3741/3576/3786 3748/3576/3786 3485/3576/3786
f 3748/3576/3786 2444/3576/3786 3485/3576/3786
f 3725/3576/3785 3584/3576/3776 1536/3576/3775
f 3725/3576/3785 3341/3576/3785 3584/3576/3776
f 3341/3576/3785 364/3576/3834 3584/3576/3776
f 3307/3576/3784 3593/3576/3784 123/3576/3784
f 3307/3576/3784 3542/3576/3783 3593/3576/3784
f 3542/3576/3783 189/3576/3835 3593/3576/3784
f 3591/3576/3781 3722/3576/3781 2443/3576/3781
f 3591/3576/3781 3413/3576/3781 3722/3576/3781
f 3413/3576/3781 2413/3576/3781 3722/3576/3781
f 3737/3576/3780 3434/3576/3836 2453/3576/3836
f 3737/3576/3780 3752/3576/3780 3434/3576/3836
f 3752/3576/3780 2455/3576/3836 3434/3576/3836
f 3736/3576/3779 3444/3576/3779 2415/3576/3779
f 3736/3576/3779 3748/3576/3779 3444/3576/3779
f 3748/3576/3779 2473/3576/3779 3444/3576/3779
f 3735/3576/3778 3680/3576/3778 3220/3576/3778
f 3735/3576/3778 3463/3576/3778 3680/3576/3778
f 3463/3576/3778 2494/3576/3778 3680/3576/3778
f 3391/3576/3777 3746/3576/3777 1535/3576/3777
f 3391/3576/3777 3584/3576/3776 3746/3576/3777
f 3584/3576/3776 364/3576/3834 3746/3576/3777
f 3732/3576/3774 3439/3576/3774 2411/3576/3774
f 3732/3576/3774 3667/3576/3774 3439/3576/3774
f 3667/3576/3774 2461/3576/3774 3439/3576/3774
f 3731/3576/3773 3504/3576/3773 2606/3576/3773
f 3731/3576/3773 3730/3576/3773 3504/3576/3773
f 3730/3576/3773 3155/3576/3773 3504/3576/3773
f 3482/3576/3772 3733/3576/3772 2606/3576/3772
f 3482/3576/3772 3729/3576/3772 3733/3576/3772
f 3729/3576/3772 2474/3576/3772 3733/3576/3772
f 3733/3576/3771 3731/3576/3771 2606/3576/3771
f 3733/3576/3771 3445/3576/3771 3731/3576/3771
f 3445/3576/3771 2475/3576/3771 3731/3576/3771
f 3503/3576/3770 3532/3576/3770 3154/3576/3770
f 3503/3576/3770 3646/3576/3770 3532/3576/3770
f 3646/3576/3770 2478/3576/3770 3532/3576/3770
f 3516/3576/3768 3527/3576/3769 3270/3576/3768
f 3516/3576/3768 3665/3576/3769 3527/3576/3769
f 3665/3576/3769 3268/3576/3769 3527/3576/3769
f 3483/3576/3767 3751/3576/3767 2607/3576/3767
f 3483/3576/3767 3729/3576/3767 3751/3576/3767
f 3729/3576/3767 2474/3576/3767 3751/3576/3767
f 3726/3576/3766 3431/3576/3766 2410/3576/3766
f 3726/3576/3766 3745/3576/3766 3431/3576/3766
f 3745/3576/3766 2450/3576/3766 3431/3576/3766
f 3446/3576/3765 3724/3576/3765 2477/3576/3837
f 3446/3576/3765 3532/3576/3765 3724/3576/3765
f 3532/3576/3765 3154/3576/3765 3724/3576/3765
f 3724/3576/3764 3597/3576/3764 2477/3576/3764
f 3724/3576/3764 3740/3576/3764 3597/3576/3764
f 3740/3576/3764 2481/3576/3764 3597/3576/3764
f 3723/3576/3763 3387/3576/3763 1189/3576/3763
f 3723/3576/3763 3605/3576/3762 3387/3576/3763
f 3605/3576/3762 933/3576/3838 3387/3576/3763
f 3721/3576/3761 3639/3576/3761 3157/3576/3761
f 3721/3576/3761 3451/3576/3761 3639/3576/3761
f 3451/3576/3761 2481/3576/3761 3639/3576/3761
f 3505/3576/3760 3720/3576/3760 3154/3576/3760
f 3505/3576/3760 3506/3576/3759 3720/3576/3760
f 3506/3576/3759 3157/3576/3759 3720/3576/3760
f 3680/3576/3758 3514/3576/3758 3220/3576/3758
f 3680/3576/3758 3696/3576/3758 3514/3576/3758
f 3696/3576/3758 3217/3576/3758 3514/3576/3758
f 3339/3576/3757 3594/3576/3757 329/3576/3757
f 3339/3576/3757 3338/3576/3757 3594/3576/3757
f 3338/3576/3757 326/3576/3757 3594/3576/3757
f 3615/3576/3756 3452/3576/3756 2416/3576/3756
f 3615/3576/3756 3718/3576/3756 3452/3576/3756
f 3718/3576/3756 2484/3576/3756 3452/3576/3756
f 3671/3576/3755 3473/3576/3755 2405/3576/3755
f 3671/3576/3755 3616/3576/3755 3473/3576/3755
f 3616/3576/3755 932/3576/3755 3473/3576/3755
f 3716/3576/3754 3540/3576/3754 3159/3576/3754
f 3716/3576/3754 3455/3576/3754 3540/3576/3754
f 3455/3576/3754 2485/3576/3754 3540/3576/3754
f 3714/3576/3753 3716/3576/3753 3159/3576/3753
f 3714/3576/3753 3456/3576/3753 3716/3576/3753
f 3456/3576/3753 2487/3576/3753 3716/3576/3753
f 3623/3576/3752 3276/3576/3752 14/3576/3752
f 3623/3576/3752 3669/3576/3752 3276/3576/3752
f 3669/3576/3752 22/3576/3752 3276/3576/3752
f 3714/3576/3751 3670/3576/3751 2418/3576/3751
f 3714/3576/3751 3510/3576/3751 3670/3576/3751
f 3510/3576/3751 3162/3576/3751 3670/3576/3751
f 3712/3576/3750 3701/3576/3750 66/3576/3750
f 3712/3576/3750 3588/3576/3750 3701/3576/3750
f 3588/3576/3750 59/3576/3750 3701/3576/3750
f 3642/3576/3749 3759/3576/3749 2633/3576/3749
f 3642/3576/3749 3764/3576/3749 3759/3576/3749
f 3764/3576/3749 2630/3576/3749 3759/3576/3749
f 3459/3576/3748 3458/3576/3748 2491/3576/3748
f 3459/3576/3748 3711/3576/3748 3458/3576/3748
f 3711/3576/3748 2490/3576/3748 3458/3576/3748
f 3597/3576/3747 3450/3576/3747 2481/3576/3747
f 3597/3576/3747 3617/3576/3747 3450/3576/3747
f 3617/3576/3747 2479/3576/3747 3450/3576/3747
f 3460/3576/3746 3710/3576/3746 2493/3576/3746
f 3460/3576/3746 3711/3576/3746 3710/3576/3746
f 3711/3576/3746 2490/3576/3746 3710/3576/3746
f 3710/3576/3745 3618/3576/3745 2493/3576/3745
f 3710/3576/3745 3705/3576/3745 3618/3576/3745
f 3705/3576/3745 3218/3576/3745 3618/3576/3745
f 3295/3576/3743 3697/3576/3743 108/3576/3743
f 3295/3576/3743 3552/3576/3743 3697/3576/3743
f 3552/3576/3743 72/3576/3743 3697/3576/3743
f 3637/3576/3649 3469/3576/3742 105/3576/3839
f 3637/3576/3649 3285/3576/3742 3469/3576/3742
f 3285/3576/3742 68/3576/3742 3469/3576/3742
f 3703/3576/3741 3734/3576/3741 366/3576/3741
f 3703/3576/3741 3395/3576/3741 3734/3576/3741
f 3395/3576/3741 1535/3576/3741 3734/3576/3741
f 3578/3576/3740 3641/3576/3655 5/3576/3654
f 3578/3576/3740 3406/3576/3740 3641/3576/3655
f 3406/3576/3740 2405/3576/3840 3641/3576/3655
f 3414/3576/3738 3603/3576/3739 2422/3576/3738
f 3414/3576/3738 3415/3576/3739 3603/3576/3739
f 3415/3576/3739 2421/3576/3739 3603/3576/3739
f 3700/3576/3737 3608/3576/3736 2329/3576/3841
f 3700/3576/3737 3620/3576/3736 3608/3576/3736
f 3620/3576/3736 709/3576/3736 3608/3576/3736
f 3699/3576/3732 3735/3576/3734 3220/3576/3732
f 3699/3576/3732 3603/3576/3734 3735/3576/3734
f 3603/3576/3734 2421/3576/3734 3735/3576/3734
f 3416/3576/3733 3698/3576/3733 2424/3576/3842
f 3416/3576/3733 3699/3576/3732 3698/3576/3733
f 3699/3576/3732 3220/3576/3732 3698/3576/3733
f 3518/3576/3729 3692/3576/3729 3220/3576/3729
f 3518/3576/3729 3517/3576/3730 3692/3576/3729
f 3517/3576/3730 3223/3576/3730 3692/3576/3729
f 3393/3576/3728 3539/3576/3728 2210/3576/3728
f 3393/3576/3728 3632/3576/3728 3539/3576/3728
f 3632/3576/3728 520/3576/3728 3539/3576/3728
f 3417/3576/3726 3728/3576/3726 2426/3576/3727
f 3417/3576/3726 3418/3576/3727 3728/3576/3726
f 3418/3576/3727 2424/3576/3727 3728/3576/3726
f 3694/3576/3725 3606/3576/3725 3223/3576/3725
f 3694/3576/3725 3728/3576/3725 3606/3576/3725
f 3728/3576/3725 2424/3576/3725 3606/3576/3725
f 3567/3576/3724 3690/3576/3724 2426/3576/3724
f 3567/3576/3724 3647/3576/3724 3690/3576/3724
f 3647/3576/3724 2430/3576/3724 3690/3576/3724
f 3692/3576/3722 3698/3576/3722 3220/3576/3722
f 3692/3576/3722 3606/3576/3722 3698/3576/3722
f 3606/3576/3722 2424/3576/3722 3698/3576/3722
f 3419/3576/3721 3693/3576/3721 2428/3576/3721
f 3419/3576/3721 3420/3576/3721 3693/3576/3721
f 3420/3576/3721 2426/3576/3721 3693/3576/3721
f 3421/3576/3720 3693/3576/3720 2428/3576/3720
f 3421/3576/3720 3690/3576/3720 3693/3576/3720
f 3690/3576/3720 2426/3576/3843 3693/3576/3720
f 3691/3576/3719 3569/3576/3719 369/3576/3719
f 3691/3576/3719 3330/3576/3719 3569/3576/3719
f 3330/3576/3719 318/3576/3719 3569/3576/3719
f 3422/3576/3718 3688/3576/3718 2431/3576/3718
f 3422/3576/3718 3689/3576/3718 3688/3576/3718
f 3689/3576/3718 3253/3576/3718 3688/3576/3718
f 3687/3576/3665 3520/3576/3717 3257/3576/3665
f 3687/3576/3665 3688/3576/3717 3520/3576/3717
f 3688/3576/3717 3253/3576/3717 3520/3576/3717
f 3593/3576/3716 3563/3576/3716 123/3576/3716
f 3593/3576/3716 3313/3576/3716 3563/3576/3716
f 3313/3576/3716 191/3576/3716 3563/3576/3716
f 3685/3576/3715 3619/3576/3715 3259/3576/3715
f 3685/3576/3715 3684/3576/3715 3619/3576/3715
f 3684/3576/3715 2431/3576/3715 3619/3576/3715
f 3678/3576/3714 3538/3576/3714 2432/3576/3714
f 3678/3576/3714 3679/3576/3714 3538/3576/3714
f 3679/3576/3714 3263/3576/3714 3538/3576/3714
f 3677/3576/3713 3479/3576/3713 2436/3576/3713
f 3677/3576/3713 3599/3576/3712 3479/3576/3713
f 3599/3576/3712 2533/3576/3844 3479/3576/3713
f 3465/3576/3710 3464/3576/3710 2518/3576/3710
f 3465/3576/3710 3684/3576/3710 3464/3576/3710
f 3684/3576/3710 2431/3576/3710 3464/3576/3710
f 3477/3576/3709 3664/3576/3608 2531/3576/3607
f 3477/3576/3709 3478/3576/3709 3664/3576/3608
f 3478/3576/3709 2533/3576/3709 3664/3576/3608
f 3656/3576/3708 3298/3576/3708 113/3576/3708
f 3656/3576/3708 3547/3576/3708 3298/3576/3708
f 3547/3576/3708 111/3576/3708 3298/3576/3708
f 3468/3576/3707 3625/3576/3707 2433/3576/3707
f 3468/3576/3707 3717/3576/3707 3625/3576/3707
f 3717/3576/3707 3269/3576/3707 3625/3576/3707
f 3683/3576/3705 3679/3576/3706 2433/3576/3845
f 3683/3576/3705 3523/3576/3706 3679/3576/3706
f 3523/3576/3706 3263/3576/3706 3679/3576/3706
f 3467/3576/3704 3466/3576/3704 2520/3576/3704
f 3467/3576/3704 3678/3576/3704 3466/3576/3704
f 3678/3576/3704 2432/3576/3704 3466/3576/3704
f 3475/3576/3702 3599/3576/3712 2529/3576/3711
f 3475/3576/3702 3682/3576/3702 3599/3576/3712
f 3682/3576/3702 2533/3576/3844 3599/3576/3712
f 3423/3576/3701 3707/3576/3701 2436/3576/3701
f 3423/3576/3701 3424/3576/3701 3707/3576/3701
f 3424/3576/3701 2437/3576/3701 3707/3576/3701
f 3674/3576/3700 3474/3576/3700 2527/3576/3700
f 3674/3576/3700 3675/3576/3700 3474/3576/3700
f 3675/3576/3700 2529/3576/3700 3474/3576/3700
f 3472/3576/3699 3674/3576/3699 2527/3576/3699
f 3472/3576/3699 3471/3576/3699 3674/3576/3699
f 3471/3576/3699 2524/3576/3699 3674/3576/3699
f 3672/3576/3698 3677/3576/3698 2436/3576/3698
f 3672/3576/3698 3675/3576/3698 3677/3576/3698
f 3675/3576/3698 2529/3576/3698 3677/3576/3698
f 3404/3576/3697 3581/3576/3531 2333/3576/3530
f 3404/3576/3697 3633/3576/3697 3581/3576/3531
f 3633/3576/3697 706/3576/3697 3581/3576/3531
f 3670/3576/3696 3541/3576/3696 2418/3576/3696
f 3670/3576/3696 3509/3576/3696 3541/3576/3696
f 3509/3576/3696 3160/3576/3696 3541/3576/3696
f 3447/3576/3695 3646/3576/3695 2478/3576/3695
f 3447/3576/3695 3730/3576/3695 3646/3576/3695
f 3730/3576/3695 3155/3576/3695 3646/3576/3695
f 3525/3576/3694 3686/3576/3694 3271/3576/3694
f 3525/3576/3694 3717/3576/3694 3686/3576/3694
f 3717/3576/3694 2522/3576/3694 3686/3576/3694
f 3667/3576/3693 3440/3576/3693 2461/3576/3693
f 3667/3576/3693 3739/3576/3693 3440/3576/3693
f 3739/3576/3693 2412/3576/3693 3440/3576/3693
f 3666/3576/3692 3668/3576/3692 2437/3576/3692
f 3666/3576/3692 3715/3576/3692 3668/3576/3692
f 3715/3576/3692 2524/3576/3692 3668/3576/3692
f 3665/3576/3691 3526/3576/3691 3268/3576/3691
f 3665/3576/3691 3666/3576/3691 3526/3576/3691
f 3666/3576/3691 3271/3576/3691 3526/3576/3691
f 3713/3576/3690 3536/3576/3690 58/3576/3690
f 3713/3576/3690 3294/3576/3690 3536/3576/3690
f 3294/3576/3690 108/3576/3690 3536/3576/3690
f 3663/3576/3689 3767/3576/3689 2765/3576/3689
f 3663/3576/3689 3496/3576/3689 3767/3576/3689
f 3496/3576/3689 2770/3576/3689 3767/3576/3689
f 3662/3576/3688 3756/3576/3688 3274/3576/3688
f 3662/3576/3688 3425/3576/3688 3756/3576/3688
f 3425/3576/3688 2437/3576/3688 3756/3576/3688
f 3402/3576/3687 3700/3576/3737 2329/3576/3841
f 3402/3576/3687 3673/3576/3535 3700/3576/3737
f 3673/3576/3535 710/3576/3735 3700/3576/3737
f 3427/3576/3686 3607/3576/3686 2441/3576/3686
f 3427/3576/3686 3426/3576/3686 3607/3576/3686
f 3426/3576/3686 2439/3576/3686 3607/3576/3686
f 3636/3576/3660 3652/3576/3685 2439/3576/3660
f 3636/3576/3660 3530/3576/3685 3652/3576/3685
f 3530/3576/3685 2604/3576/3685 3652/3576/3685
f 3286/3576/3683 3290/3576/3683 69/3576/3683
f 3286/3576/3683 3658/3576/3683 3290/3576/3683
f 3658/3576/3683 101/3576/3683 3290/3576/3683
f 3622/3576/3682 3645/3576/3682 2441/3576/3682
f 3622/3576/3682 3481/3576/3682 3645/3576/3682
f 3481/3576/3682 1533/3576/3682 3645/3576/3682
f 3681/3576/3681 3553/3576/3680 125/3576/3679
f 3681/3576/3681 3312/3576/3680 3553/3576/3680
f 3312/3576/3680 189/3576/3680 3553/3576/3680
f 3655/3576/3678 3454/3576/3678 2417/3576/3678
f 3655/3576/3678 3540/3576/3678 3454/3576/3678
f 3540/3576/3678 2485/3576/3678 3454/3576/3678
f 3388/3576/3677 3600/3576/3677 1187/3576/3677
f 3388/3576/3677 3480/3576/3677 3600/3576/3677
f 3480/3576/3677 2442/3576/3677 3600/3576/3677
f 3653/3576/3676 3390/3576/3676 1534/3576/3676
f 3653/3576/3676 3389/3576/3676 3390/3576/3676
f 3389/3576/3676 1532/3576/3676 3390/3576/3676
f 3385/3576/3675 3657/3576/3675 1184/3576/3675
f 3385/3576/3675 3654/3576/3675 3657/3576/3675
f 3654/3576/3675 1533/3576/3675 3657/3576/3675
f 3651/3576/3674 3653/3576/3674 1534/3576/3674
f 3651/3576/3674 3657/3576/3674 3653/3576/3674
f 3657/3576/3674 1533/3576/3674 3653/3576/3674
f 3381/3576/3673 3650/3576/3673 1185/3576/3673
f 3381/3576/3673 3651/3576/3673 3650/3576/3673
f 3651/3576/3673 1534/3576/3673 3650/3576/3673
f 3649/3576/3672 3500/3576/3671 2884/3576/3671
f 3649/3576/3672 3767/3576/3671 3500/3576/3671
f 3767/3576/3671 2770/3576/3671 3500/3576/3671
f 3382/3576/3670 3643/3576/3670 1186/3576/3670
f 3382/3576/3670 3650/3576/3670 3643/3576/3670
f 3650/3576/3670 1534/3576/3670 3643/3576/3670
f 3648/3576/3669 3727/3576/3669 1186/3576/3669
f 3648/3576/3669 3744/3576/3669 3727/3576/3669
f 3744/3576/3669 1160/3576/3669 3727/3576/3669
f 3277/3576/3668 3713/3576/3668 58/3576/3668
f 3277/3576/3668 3762/3576/3668 3713/3576/3668
f 3762/3576/3668 107/3576/3668 3713/3576/3668
f 3647/3576/3667 3689/3576/3667 2430/3576/3667
f 3647/3576/3667 3519/3576/3667 3689/3576/3667
f 3519/3576/3667 3253/3576/3667 3689/3576/3667
f 3619/3576/3666 3521/3576/3666 3259/3576/3666
f 3619/3576/3666 3687/3576/3665 3521/3576/3666
f 3687/3576/3665 3257/3576/3665 3521/3576/3666
f 3377/3576/3664 3555/3576/3664 1159/3576/3664
f 3377/3576/3664 3744/3576/3664 3555/3576/3664
f 3744/3576/3664 2407/3576/3664 3555/3576/3664
f 3707/3576/3663 3672/3576/3663 2436/3576/3663
f 3707/3576/3663 3668/3576/3663 3672/3576/3663
f 3668/3576/3663 2524/3576/3663 3672/3576/3663
f 3640/3576/3662 3644/3576/3662 1/3576/3662
f 3640/3576/3662 3610/3576/3662 3644/3576/3662
f 3610/3576/3662 2406/3576/3662 3644/3576/3662
f 3636/3576/3660 3529/3576/3661 3273/3576/3684
f 3636/3576/3660 3662/3576/3661 3529/3576/3661
f 3662/3576/3661 3274/3576/3661 3529/3576/3661
f 3302/3576/3659 3766/3576/3659 117/3576/3659
f 3302/3576/3659 3559/3576/3659 3766/3576/3659
f 3559/3576/3659 934/3576/3659 3766/3576/3659
f 3638/3576/3658 3325/3576/3658 228/3576/3658
f 3638/3576/3658 3706/3576/3658 3325/3576/3658
f 3706/3576/3658 227/3576/3658 3325/3576/3658
f 2528/3576/3657 3568/3576/3657 5/3576/3657
f 2528/3576/3657 2434/3576/3657 3568/3576/3657
f 2434/3576/3657 1/3576/3657 3568/3576/3657
f 3376/3576/3656 3473/3576/3656 932/3576/3656
f 3376/3576/3656 3641/3576/3655 3473/3576/3656
f 3641/3576/3655 2405/3576/3840 3473/3576/3656
f 3566/3576/3653 3738/3576/3653 326/3576/3653
f 3566/3576/3653 3635/3576/3653 3738/3576/3653
f 3635/3576/3653 526/3576/3653 3738/3576/3653
f 3652/3576/3652 3607/3576/3652 2439/3576/3652
f 3652/3576/3652 3622/3576/3652 3607/3576/3652
f 3622/3576/3652 2441/3576/3652 3607/3576/3652
f 3370/3576/3651 3371/3576/3651 930/3576/3651
f 3370/3576/3651 3634/3576/3651 3371/3576/3651
f 3634/3576/3651 932/3576/3651 3371/3576/3651
f 3284/3576/3650 3712/3576/3650 66/3576/3650
f 3284/3576/3650 3637/3576/3649 3712/3576/3650
f 3637/3576/3649 105/3576/3839 3712/3576/3650
f 3616/3576/3647 3634/3576/3647 932/3576/3846
f 3616/3576/3647 3372/3576/3647 3634/3576/3647
f 3372/3576/3647 931/3576/3647 3634/3576/3647
f 3354/3576/3646 3630/3576/3646 707/3576/3646
f 3354/3576/3646 3631/3576/3646 3630/3576/3646
f 3631/3576/3646 2331/3576/3646 3630/3576/3646
f 3400/3576/3645 3629/3576/3645 2330/3576/3645
f 3400/3576/3645 3630/3576/3645 3629/3576/3645
f 3630/3576/3645 707/3576/3645 3629/3576/3645
f 3628/3576/3644 3355/3576/3644 708/3576/3644
f 3628/3576/3644 3629/3576/3644 3355/3576/3644
f 3629/3576/3644 707/3576/3847 3355/3576/3644
f 3356/3576/3643 3627/3576/3643 22/3576/3643
f 3356/3576/3643 3628/3576/3643 3627/3576/3643
f 3628/3576/3643 2330/3576/3643 3627/3576/3643
f 3399/3576/3642 3626/3576/3642 2329/3576/3642
f 3399/3576/3642 3627/3576/3642 3626/3576/3642
f 3627/3576/3642 22/3576/3642 3626/3576/3642
f 3626/3576/3641 3669/3576/3641 22/3576/3641
f 3626/3576/3641 3608/3576/3641 3669/3576/3641
f 3608/3576/3641 709/3576/3641 3669/3576/3641
f 3625/3576/3640 3683/3576/3705 2433/3576/3845
f 3625/3576/3640 3524/3576/3640 3683/3576/3705
f 3524/3576/3640 3265/3576/3705 3683/3576/3705
f 3357/3576/3639 3275/3576/3639 15/3576/3639
f 3357/3576/3639 3623/3576/3639 3275/3576/3639
f 3623/3576/3639 14/3576/3639 3275/3576/3639
f 3618/3576/3638 3461/3576/3638 2493/3576/3638
f 3618/3576/3638 3704/3576/3638 3461/3576/3638
f 3704/3576/3638 2420/3576/3638 3461/3576/3638
f 3358/3576/3637 3620/3576/3637 709/3576/3637
f 3358/3576/3637 3359/3576/3637 3620/3576/3637
f 3359/3576/3637 710/3576/3637 3620/3576/3637
f 3676/3576/3636 3556/3576/3636 223/3576/3636
f 3676/3576/3636 3659/3576/3636 3556/3576/3636
f 3659/3576/3636 119/3576/3636 3556/3576/3636
f 3640/3576/3635 3380/3576/3635 1159/3576/3635
f 3640/3576/3635 3222/3576/3635 3380/3576/3635
f 3222/3576/3635 2/3576/3635 3380/3576/3635
f 3617/3576/3634 3448/3576/3634 2479/3576/3634
f 3617/3576/3634 3449/3576/3634 3448/3576/3634
f 3449/3576/3634 2480/3576/3634 3448/3576/3634
f 3696/3576/3633 3511/3576/3633 3217/3576/3633
f 3696/3576/3633 3537/3576/3633 3511/3576/3633
f 3537/3576/3633 3218/3576/3633 3511/3576/3633
f 3573/3576/3632 3621/3576/3632 724/3576/3632
f 3573/3576/3632 3403/3576/3632 3621/3576/3632
f 3403/3576/3632 2332/3576/3632 3621/3576/3632
f 3742/3576/3631 3430/3576/3630 2409/3576/3833
f 3742/3576/3631 3722/3576/3630 3430/3576/3630
f 3722/3576/3630 2443/3576/3630 3430/3576/3630
f 3660/3576/3628 3631/3576/3628 2331/3576/3628
f 3660/3576/3628 3633/3576/3628 3631/3576/3628
f 3633/3576/3628 706/3576/3628 3631/3576/3628
f 3539/3576/3627 3613/3576/3627 2210/3576/3627
f 3539/3576/3627 3614/3576/3627 3613/3576/3627
f 3614/3576/3627 2214/3576/3627 3613/3576/3627
f 3614/3576/3626 3624/3576/3626 2214/3576/3626
f 3614/3576/3626 3612/3576/3626 3624/3576/3626
f 3612/3576/3626 723/3576/3626 3624/3576/3626
f 3611/3576/3625 3661/3576/3625 521/3576/3625
f 3611/3576/3625 3394/3576/3625 3661/3576/3625
f 3394/3576/3625 2212/3576/3625 3661/3576/3625
f 3612/3576/3624 3360/3576/3624 723/3576/3624
f 3612/3576/3624 3346/3576/3624 3360/3576/3624
f 3346/3576/3624 519/3576/3624 3360/3576/3624
f 3609/3576/3623 3723/3576/3623 1189/3576/3623
f 3609/3576/3623 3324/3576/3623 3723/3576/3623
f 3324/3576/3623 225/3576/3623 3723/3576/3623
f 3347/3576/3622 3611/3576/3622 521/3576/3622
f 3347/3576/3622 3632/3576/3622 3611/3576/3622
f 3632/3576/3622 2209/3576/3622 3611/3576/3622
f 3405/3576/3621 3401/3576/3621 2324/3576/3620
f 3405/3576/3621 3660/3576/3621 3401/3576/3621
f 3660/3576/3621 2331/3576/3621 3401/3576/3621
f 3348/3576/3619 3703/3576/3619 366/3576/3619
f 3348/3576/3619 3661/3576/3619 3703/3576/3619
f 3661/3576/3619 2212/3576/3619 3703/3576/3619
f 3574/3576/3618 3745/3576/3618 2414/3576/3618
f 3574/3576/3618 3702/3576/3617 3745/3576/3618
f 3702/3576/3617 2450/3576/3617 3745/3576/3618
f 3721/3576/3616 3615/3576/3616 2416/3576/3616
f 3721/3576/3616 3507/3576/3616 3615/3576/3616
f 3507/3576/3616 3159/3576/3616 3615/3576/3616
f 3604/3576/3615 3772/3576/3615 199/3576/3615
f 3604/3576/3615 3368/3576/3615 3772/3576/3615
f 3368/3576/3615 732/3576/3615 3772/3576/3615
f 3602/3576/3614 3709/3576/3614 201/3576/3614
f 3602/3576/3614 3367/3576/3614 3709/3576/3614
f 3367/3576/3614 731/3576/3614 3709/3576/3614
f 3743/3576/3613 3411/3576/3613 2410/3576/3613
f 3743/3576/3613 3596/3576/3613 3411/3576/3613
f 3596/3576/3613 2408/3576/3613 3411/3576/3613
f 3738/3576/3612 3352/3576/3612 526/3576/3612
f 3738/3576/3612 3601/3576/3612 3352/3576/3612
f 3601/3576/3612 523/3576/3612 3352/3576/3612
f 3590/3576/3611 3586/3576/3611 202/3576/3611
f 3590/3576/3611 3366/3576/3611 3586/3576/3611
f 3366/3576/3611 730/3576/3611 3586/3576/3611
f 3704/3576/3610 3462/3576/3610 2420/3576/3610
f 3704/3576/3610 3537/3576/3610 3462/3576/3610
f 3537/3576/3610 2494/3576/3610 3462/3576/3610
f 3476/3576/3609 3682/3576/3609 2530/3576/3609
f 3476/3576/3609 3664/3576/3608 3682/3576/3609
f 3664/3576/3608 2533/3576/3609 3682/3576/3609
f 3340/3576/3606 3719/3576/3606 329/3576/3606
f 3340/3576/3606 3598/3576/3606 3719/3576/3606
f 3598/3576/3606 523/3576/3606 3719/3576/3606
f 3598/3576/3605 3592/3576/3605 523/3576/3605
f 3598/3576/3605 3533/3576/3605 3592/3576/3605
f 3533/3576/3605 732/3576/3605 3592/3576/3605
f 3591/3576/3604 3736/3576/3604 2415/3576/3604
f 3591/3576/3604 3429/3576/3604 3736/3576/3604
f 3429/3576/3604 2444/3576/3604 3736/3576/3604
f 3701/3576/3603 3283/3576/3603 66/3576/3603
f 3701/3576/3603 3544/3576/3603 3283/3576/3603
f 3544/3576/3603 65/3576/3603 3283/3576/3603
f 3353/3576/3602 3635/3576/3602 526/3576/3602
f 3353/3576/3602 3595/3576/3602 3635/3576/3602
f 3595/3576/3602 323/3576/3602 3635/3576/3602
f 3601/3576/3601 3719/3576/3601 523/3576/3601
f 3601/3576/3601 3594/3576/3601 3719/3576/3601
f 3594/3576/3601 329/3576/3601 3719/3576/3601
f 3318/3576/3600 3533/3576/3600 198/3576/3600
f 3318/3576/3600 3772/3576/3600 3533/3576/3600
f 3772/3576/3600 732/3576/3600 3533/3576/3600
f 3319/3576/3599 3604/3576/3599 199/3576/3599
f 3319/3576/3599 3709/3576/3599 3604/3576/3599
f 3709/3576/3599 731/3576/3599 3604/3576/3599
f 3589/3576/3598 3321/3576/3598 115/3576/3598
f 3589/3576/3598 3590/3576/3598 3321/3576/3598
f 3590/3576/3598 202/3576/3598 3321/3576/3598
f 3365/3576/3597 3582/3576/3597 728/3576/3597
f 3365/3576/3597 3589/3576/3597 3582/3576/3597
f 3589/3576/3597 115/3576/3597 3582/3576/3597
f 3327/3576/273 3587/3576/273 229/3576/274
f 3327/3576/273 3328/3576/273 3587/3576/273
f 3328/3576/273 232/3576/273 3587/3576/273
f 3392/3576/3596 3725/3576/3596 1536/3576/3596
f 3392/3576/3596 3583/3576/3596 3725/3576/3596
f 3583/3576/3596 226/3576/3596 3725/3576/3596
f 3568/3576/3595 3578/3576/3595 5/3576/3595
f 3568/3576/3595 3644/3576/3595 3578/3576/3595
f 3644/3576/3595 2406/3576/3595 3578/3576/3595
f 3326/3576/3594 3638/3576/3594 228/3576/3594
f 3326/3576/3594 3749/3576/3594 3638/3576/3594
f 3749/3576/3594 319/3576/3594 3638/3576/3594
f 3345/3576/3593 3691/3576/3593 369/3576/3593
f 3345/3576/3593 3706/3576/3593 3691/3576/3593
f 3706/3576/3593 319/3576/3593 3691/3576/3593
f 3342/3576/3592 3747/3576/3592 224/3576/3592
f 3342/3576/3592 3583/3576/3592 3747/3576/3592
f 3583/3576/3592 1188/3576/3592 3747/3576/3592
f 3586/3576/3591 3320/3576/3591 202/3576/3591
f 3586/3576/3591 3602/3576/3591 3320/3576/3591
f 3602/3576/3591 201/3576/3591 3320/3576/3591
f 3580/3576/3590 3300/3576/3590 116/3576/3590
f 3580/3576/3590 3582/3576/3590 3300/3576/3590
f 3582/3576/3590 115/3576/3590 3300/3576/3590
f 3569/3576/3589 3577/3576/3589 369/3576/3589
f 3569/3576/3589 3334/3576/3589 3577/3576/3589
f 3334/3576/3589 322/3576/3589 3577/3576/3589
f 3364/3576/3588 3572/3576/3588 727/3576/3588
f 3364/3576/3588 3580/3576/3588 3572/3576/3588
f 3580/3576/3588 116/3576/3588 3572/3576/3588
f 3396/3576/3587 3769/3576/3587 2213/3576/3587
f 3396/3576/3587 3624/3576/3587 3769/3576/3587
f 3624/3576/3587 723/3576/3587 3769/3576/3587
f 3585/3576/3586 3577/3576/3586 322/3576/3586
f 3585/3576/3586 3344/3576/3586 3577/3576/3586
f 3344/3576/3586 369/3576/3586 3577/3576/3586
f 3576/3576/3585 3575/3576/3585 194/3576/3585
f 3576/3576/3585 3587/3576/3585 3575/3576/3585
f 3587/3576/3585 232/3576/3585 3575/3576/3585
f 3639/3576/3584 3720/3576/3584 3157/3576/3584
f 3639/3576/3584 3740/3576/3584 3720/3576/3584
f 3740/3576/3584 3154/3576/3584 3720/3576/3584
f 3579/3576/3583 3317/3576/3583 196/3576/3583
f 3579/3576/3583 3576/3576/3583 3317/3576/3583
f 3576/3576/3583 194/3576/3583 3317/3576/3583
f 3747/3576/3582 3609/3576/3582 224/3576/3582
f 3747/3576/3582 3386/3576/3582 3609/3576/3582
f 3386/3576/3582 1189/3576/3582 3609/3576/3582
f 3571/3576/3581 3301/3576/3581 117/3576/3581
f 3571/3576/3581 3572/3576/3581 3301/3576/3581
f 3572/3576/3581 116/3576/3581 3301/3576/3581
f 3363/3576/3580 3570/3576/3580 726/3576/3580
f 3363/3576/3580 3571/3576/3580 3570/3576/3580
f 3571/3576/3580 117/3576/3580 3570/3576/3580
f 3694/3576/3579 3515/3576/3579 3223/3576/3579
f 3694/3576/3579 3567/3576/3579 3515/3576/3579
f 3567/3576/3579 3221/3576/3579 3515/3576/3579
f 3558/3576/3578 3605/3576/3762 225/3576/3762
f 3558/3576/3578 3374/3576/3578 3605/3576/3762
f 3374/3576/3578 933/3576/3838 3605/3576/3762
f 3697/3576/3577 3536/3576/3577 108/3576/3577
f 3697/3576/3577 3289/3576/3577 3536/3576/3577
f 3289/3576/3577 58/3576/3577 3536/3576/3577
f 3309/3576/130 3565/3576/3576 125/3576/131
f 3309/3576/130 3310/3576/3576 3565/3576/3576
f 3310/3576/3576 128/3576/3576 3565/3576/3576
f 3308/3576/3575 3542/3576/3783 124/3576/3782
f 3308/3576/3575 3553/3576/3575 3542/3576/3783
f 3553/3576/3575 189/3576/3835 3542/3576/3783
f 3643/3576/3574 3648/3576/3574 1186/3576/3574
f 3643/3576/3574 3409/3576/3574 3648/3576/3574
f 3409/3576/3574 2407/3576/3574 3648/3576/3574
f 3337/3576/3573 3336/3576/3573 197/3576/3573
f 3337/3576/3573 3566/3576/3573 3336/3576/3573
f 3566/3576/3573 323/3576/3573 3336/3576/3573
f 3311/3576/3572 3547/3576/3572 128/3576/3572
f 3311/3576/3572 3551/3576/3572 3547/3576/3572
f 3551/3576/3572 111/3576/3572 3547/3576/3572
f 3564/3576/3571 3534/3576/3571 110/3576/3571
f 3564/3576/3571 3287/3576/3571 3534/3576/3571
f 3287/3576/3571 71/3576/3571 3534/3576/3571
f 3303/3576/3570 3659/3576/3570 119/3576/3570
f 3303/3576/3570 3559/3576/3570 3659/3576/3570
f 3559/3576/3570 934/3576/3570 3659/3576/3570
f 3362/3576/3569 3560/3576/3569 726/3576/3569
f 3362/3576/3569 3375/3576/3569 3560/3576/3569
f 3375/3576/3569 934/3576/3848 3560/3576/3569
f 3562/3576/3568 3436/3576/3849 2456/3576/3831
f 3562/3576/3568 3757/3576/3567 3436/3576/3849
f 3757/3576/3567 2458/3576/3567 3436/3576/3849
f 3558/3576/3565 3676/3576/3565 934/3576/3850
f 3558/3576/3565 3323/3576/3565 3676/3576/3565
f 3323/3576/3565 223/3576/3565 3676/3576/3565
f 3554/3576/3564 3557/3576/3563 2418/3576/3564
f 3554/3576/3564 3513/3576/3563 3557/3576/3563
f 3513/3576/3563 3219/3576/3563 3557/3576/3563
f 3550/3576/3561 3304/3576/3561 120/3576/3560
f 3550/3576/3561 3556/3576/3561 3304/3576/3561
f 3556/3576/3561 119/3576/3561 3304/3576/3561
f 3316/3576/3559 3761/3576/3559 191/3576/3559
f 3316/3576/3559 3575/3576/3559 3761/3576/3559
f 3575/3576/3559 232/3576/3559 3761/3576/3559
f 3557/3576/3558 3457/3576/3851 2418/3576/3851
f 3557/3576/3558 3708/3576/3558 3457/3576/3851
f 3708/3576/3558 2490/3576/3851 3457/3576/3851
f 3288/3576/3557 3543/3576/3557 71/3576/3557
f 3288/3576/3557 3552/3576/3557 3543/3576/3557
f 3552/3576/3557 109/3576/3557 3543/3576/3557
f 3543/3576/3556 3534/3576/3556 71/3576/3556
f 3543/3576/3556 3296/3576/3555 3534/3576/3556
f 3296/3576/3555 110/3576/3556 3534/3576/3556
f 3331/3576/3554 3579/3576/3554 196/3576/3554
f 3331/3576/3554 3749/3576/3554 3579/3576/3554
f 3749/3576/3554 229/3576/3554 3579/3576/3554
f 3546/3576/3553 3305/3576/3553 121/3576/3553
f 3546/3576/3553 3550/3576/3553 3305/3576/3553
f 3550/3576/3553 120/3576/3553 3305/3576/3553
f 3545/3576/3552 3484/3576/3552 2607/3576/3552
f 3545/3576/3552 3741/3576/3552 3484/3576/3552
f 3741/3576/3552 2609/3576/3552 3484/3576/3552
f 3548/3576/3551 3549/3576/3551 59/3576/3551
f 3548/3576/3551 3280/3576/3551 3549/3576/3551
f 3280/3576/3551 63/3576/3551 3549/3576/3551
f 3278/3576/3550 3548/3576/3550 59/3576/3550
f 3278/3576/3550 3279/3576/3550 3548/3576/3550
f 3279/3576/3550 62/3576/3550 3548/3576/3550
f 3613/3576/3549 3398/3576/3549 2210/3576/3549
f 3613/3576/3549 3397/3576/3549 3398/3576/3549
f 3397/3576/3549 2216/3576/3549 3398/3576/3549
f 3322/3576/3547 3306/3576/3547 122/3576/3547
f 3322/3576/3547 3546/3576/3547 3306/3576/3547
f 3546/3576/3547 121/3576/3547 3306/3576/3547
f 3544/3576/3546 3561/3576/3546 65/3576/3546
f 3544/3576/3546 3549/3576/3546 3561/3576/3546
f 3549/3576/3546 63/3576/3546 3561/3576/3546
f 3541/3576/3545 3554/3576/3564 2418/3576/3564
f 3541/3576/3545 3508/3576/3545 3554/3576/3564
f 3508/3576/3545 3161/3576/3562 3554/3576/3564
f 3565/3576/3544 3535/3576/3544 125/3576/3544
f 3565/3576/3544 3656/3576/3544 3535/3576/3544
f 3656/3576/3544 113/3576/3544 3535/3576/3544
f 3561/3576/3543 3282/3576/3543 65/3576/3543
f 3561/3576/3543 3281/3576/3543 3282/3576/3543
f 3281/3576/3543 64/3576/3852 3282/3576/3543
f 3655/3576/3542 3453/3576/3542 2417/3576/3542
f 3655/3576/3542 3718/3576/3542 3453/3576/3542
f 3718/3576/3542 2484/3576/3542 3453/3576/3542
f 3522/3576/3541 3685/3576/3541 3259/3576/3541
f 3522/3576/3541 3538/3576/3541 3685/3576/3541
f 3538/3576/3541 2432/3576/3541 3685/3576/3541
f 3535/3576/3540 3681/3576/3681 125/3576/3679
f 3535/3576/3540 3299/3576/3540 3681/3576/3681
f 3299/3576/3540 114/3576/3679 3681/3576/3681
f 3297/3576/3539 3564/3576/3539 110/3576/3539
f 3297/3576/3539 3551/3576/3539 3564/3576/3539
f 3551/3576/3539 70/3576/3539 3564/3576/3539
f 3588/3576/3538 3762/3576/3538 59/3576/3538
f 3588/3576/3538 3293/3576/3538 3762/3576/3538
f 3293/3576/3538 107/3576/3538 3762/3576/3538
f 3555/3576/3537 3610/3576/3537 1159/3576/3537
f 3555/3576/3537 3408/3576/3537 3610/3576/3537
f 3408/3576/3537 2406/3576/3537 3610/3576/3537
f 3750/3576/3536 3752/3576/3536 2411/3576/3536
f 3750/3576/3536 3435/3576/3536 3752/3576/3536
f 3435/3576/3536 2455/3576/3536 3752/3576/3536
f 3673/3576/3535 3373/3576/3534 710/3576/3735
f 3673/3576/3535 3621/3576/3534 3373/3576/3534
f 3621/3576/3534 724/3576/3534 3373/3576/3534
f 3407/3576/3532 3671/3576/3532 2405/3576/3532
f 3407/3576/3532 3581/3576/3531 3671/3576/3532
f 3581/3576/3531 706/3576/3532 3671/3576/3532
f 3291/3576/3529 3754/3576/3529 101/3576/3529
f 3291/3576/3529 3292/3576/3529 3754/3576/3529
f 3292/3576/3529 105/3576/3529 3754/3576/3529
f 3645/3576/3527 3428/3576/3527 2441/3576/3527
f 3645/3576/3527 3695/3576/3527 3428/3576/3527
f 3695/3576/3527 2442/3576/3527 3428/3576/3527
f 3686/3576/3526 3715/3576/3526 3271/3576/3526
f 3686/3576/3526 3470/3576/3526 3715/3576/3526
f 3470/3576/3526 2524/3576/3526 3715/3576/3526
f 3600/3576/3525 3654/3576/3525 1187/3576/3525
f 3600/3576/3525 3695/3576/3525 3654/3576/3525
f 3695/3576/3525 1533/3576/3525 3654/3576/3525
f 3271/3577/3853 3525/3554/3508 3526/3557/3508
f 3253/3528/3854 3519/3530/3485 3515/3532/3485 3223/3498/3454
f 3220/3578/3855 3514/3500/3456 3518/3501/3456
f 3159/3579/3856 3507/3435/3391 3510/3436/3392
f 3161/3434/3390 3508/3429/3386 3509/3431/3387 3162/3432/3388
f 2478/2905/2860 3446/2912/2868 3449/2914/2870 2480/2910/2866
f 2606/2845/2800 3482/2840/2795 3483/2842/2797 2607/2843/2798
f 2440/2601/2558 3427/2766/2726 3428/2768/2728 2442/2764/2724
f 2522/2740/2699 2520/2735/2694 3467/2743/2702 3468/2742/2701
f 2520/2735/2694 2518/2732/2691 3465/2738/2697 3466/2737/2696
f 2427/2708/2666 3417/2715/2673 3420/2717/2675 2429/2713/2671
f 2494/2688/2646 2493/2686/2644 3461/2691/2649 3462/2690/2648
f 2419/3580/3857 3460/2685/2643 3459/2687/2645
f 2485/2669/2627 2484/2668/2626 3453/2672/2630 3454/2671/2629
f 2414/2642/2599 3412/2648/2605 3413/2650/2607 2415/2646/2603
f 2411/3581/3798 3439/2629/2586 3438/2632/2589
f 2453/2621/2578 3434/2624/2581 3435/2626/2583 2456/2627/2584
f 2409/2608/2565 3410/2615/2572 3411/2617/2574 2410/2612/2569
f 2329/2494/2454 3399/2495/2455 3400/2497/2457 2331/2493/2453
f 2216/2374/2339 3397/2369/2334 3396/2371/2336 2213/2372/2337
f 3383/1317/1300 3379/3582/3858 1163/1286/3859
f 3383/1317/1300 3384/1320/1299 3379/3582/3858
f 3384/1320/1299 1158/3583/3858 3379/3582/3858
f 1163/1286/1264 1185/1314/1292 3382/1318/1296 3383/1317/1295
f 707/792/784 3355/795/787 3356/797/789 22/24/24
f 3352/607/599 3350/3584/3860 523/608/3861
f 3352/607/599 3351/606/598 3350/3584/3860
f 3351/606/598 524/3585/3862 3350/3584/3860
f 3334/382/374 3332/3586/3863 318/377/3864
f 3334/382/374 3333/381/373 3332/3586/3863
f 3333/381/373 320/3587/3865 3332/3586/3863
f 231/283/278 3327/278/273 3326/280/275 228/281/276
f 3316/225/217 3314/3588/3866 191/220/3867
f 3316/225/217 3315/224/216 3314/3588/3866
f 3315/224/216 192/3589/3866 3314/3588/3866
f 127/141/135 3309/136/130 3308/138/132 124/139/133
f 2/6/6 3222/1/1 2434/3/3 3/4/4
